ISO3,Location,DataId,Indicator,Value,Precision,DHS_CountryCode,CountryName,SurveyYear,SurveyId,IndicatorId,IndicatorOrder,IndicatorType,CharacteristicId,CharacteristicOrder,CharacteristicCategory,CharacteristicLabel,ByVariableId,ByVariableLabel,IsTotal,IsPreferred,SDRID,RegionId,SurveyYearLabel,SurveyType,DenominatorWeighted,DenominatorUnweighted,CILow,CIHigh,LevelRank
BGD,Barishal,4952731,Children ever breastfed,96.4,1,BD,Bangladesh,1994,BD1994DHS,CN_BRFI_C_EVR,104266010,I,360001,1360010,Region,Barishal,0,,0,1,CNBRFICEVR,BDDHS1994360001,1993-94,DHS,166.0,270.0,,,1.0
BGD,Chattogram/Sylhet,6739482,Children ever breastfed,96.2,1,BD,Bangladesh,1994,BD1994DHS,CN_BRFI_C_EVR,104266010,I,360002,1360020,Region,Chattogram/Sylhet,0,,0,1,CNBRFICEVR,BDDHS1994360002,1993-94,DHS,784.0,621.0,,,1.0
BGD,Chattogram,6433405,Children ever breastfed,96.2,1,BD,Bangladesh,1994,BD1994DHS,CN_BRFI_C_EVR,104266010,I,360003,1360030,Region,..Chattogram,0,,0,1,CNBRFICEVR,BDDHS1994360003,1993-94,DHS,784.0,621.0,,,
BGD,Dhaka before 2015,3858399,Children ever breastfed,95.5,1,BD,Bangladesh,1994,BD1994DHS,CN_BRFI_C_EVR,104266010,I,360005,1360050,Region,Dhaka before 2015,0,,0,1,CNBRFICEVR,BDDHS1994360005,1993-94,DHS,774.0,724.0,,,1.0
BGD,Khulna,5265322,Children ever breastfed,98.1,1,BD,Bangladesh,1994,BD1994DHS,CN_BRFI_C_EVR,104266010,I,360006,1360060,Region,Khulna,0,,0,1,CNBRFICEVR,BDDHS1994360006,1993-94,DHS,260.0,265.0,,,1.0
BGD,Rajshahi/Rangpur,1389546,Children ever breastfed,96.0,1,BD,Bangladesh,1994,BD1994DHS,CN_BRFI_C_EVR,104266010,I,360007,1360070,Region,Rajshahi/Rangpur,0,,0,1,CNBRFICEVR,BDDHS1994360007,1993-94,DHS,514.0,577.0,,,1.0
BGD,Barishal,4952730,Children who started breastfeeding within 1 hour of birth,8.7,1,BD,Bangladesh,1994,BD1994DHS,CN_BRFI_C_1HR,104266020,I,360001,1360010,Region,Barishal,0,,0,1,CNBRFIC1HR,BDDHS1994360001,1993-94,DHS,166.0,270.0,,,1.0
BGD,Chattogram/Sylhet,6739480,Children who started breastfeeding within 1 hour of birth,8.4,1,BD,Bangladesh,1994,BD1994DHS,CN_BRFI_C_1HR,104266020,I,360002,1360020,Region,Chattogram/Sylhet,0,,0,1,CNBRFIC1HR,BDDHS1994360002,1993-94,DHS,784.0,621.0,,,1.0
BGD,Chattogram,6433403,Children who started breastfeeding within 1 hour of birth,8.4,1,BD,Bangladesh,1994,BD1994DHS,CN_BRFI_C_1HR,104266020,I,360003,1360030,Region,..Chattogram,0,,0,1,CNBRFIC1HR,BDDHS1994360003,1993-94,DHS,784.0,621.0,,,
BGD,Dhaka before 2015,3858398,Children who started breastfeeding within 1 hour of birth,9.0,1,BD,Bangladesh,1994,BD1994DHS,CN_BRFI_C_1HR,104266020,I,360005,1360050,Region,Dhaka before 2015,0,,0,1,CNBRFIC1HR,BDDHS1994360005,1993-94,DHS,774.0,724.0,,,1.0
BGD,Khulna,5265310,Children who started breastfeeding within 1 hour of birth,9.3,1,BD,Bangladesh,1994,BD1994DHS,CN_BRFI_C_1HR,104266020,I,360006,1360060,Region,Khulna,0,,0,1,CNBRFIC1HR,BDDHS1994360006,1993-94,DHS,260.0,265.0,,,1.0
BGD,Rajshahi/Rangpur,1389545,Children who started breastfeeding within 1 hour of birth,7.3,1,BD,Bangladesh,1994,BD1994DHS,CN_BRFI_C_1HR,104266020,I,360007,1360070,Region,Rajshahi/Rangpur,0,,0,1,CNBRFIC1HR,BDDHS1994360007,1993-94,DHS,514.0,577.0,,,1.0
BGD,Chattogram/Sylhet,1379822,Median duration of any breastfeeding,26.4,1,BD,Bangladesh,1994,BD1994DHS,CN_BFDR_C_MDA,104336010,I,360002,1360020,Region,Chattogram/Sylhet,0,,0,1,CNBFDRCMDA,BDDHS1994360002,1993-94,DHS,,,,,1.0
BGD,Chattogram,1397116,Median duration of any breastfeeding,26.4,1,BD,Bangladesh,1994,BD1994DHS,CN_BFDR_C_MDA,104336010,I,360003,1360030,Region,..Chattogram,0,,0,1,CNBFDRCMDA,BDDHS1994360003,1993-94,DHS,,,,,
BGD,Dhaka before 2015,1397112,Median duration of any breastfeeding,33.4,1,BD,Bangladesh,1994,BD1994DHS,CN_BFDR_C_MDA,104336010,I,360005,1360050,Region,Dhaka before 2015,0,,0,1,CNBFDRCMDA,BDDHS1994360005,1993-94,DHS,,,,,1.0
BGD,Barishal,1389600,Children ever breastfed,97.5,1,BD,Bangladesh,1997,BD1997DHS,CN_BRFI_C_EVR,104266010,I,360001,1360010,Region,Barishal,0,,0,1,CNBRFICEVR,BDDHS1997360001,1996-97,DHS,156.0,243.0,,,1.0
BGD,Chattogram/Sylhet,5205527,Children ever breastfed,98.8,1,BD,Bangladesh,1997,BD1997DHS,CN_BRFI_C_EVR,104266010,I,360002,1360020,Region,Chattogram/Sylhet,0,,0,1,CNBRFICEVR,BDDHS1997360002,1996-97,DHS,770.0,732.0,,,
BGD,Chattogram,3798001,Children ever breastfed,99.1,1,BD,Bangladesh,1997,BD1997DHS,CN_BRFI_C_EVR,104266010,I,360003,1360030,Region,..Chattogram,0,,0,1,CNBRFICEVR,BDDHS1997360003,1996-97,DHS,605.0,440.0,,,1.0
BGD,Sylhet,1404959,Children ever breastfed,97.8,1,BD,Bangladesh,1997,BD1997DHS,CN_BRFI_C_EVR,104266010,I,360004,1360040,Region,..Sylhet,0,,0,1,CNBRFICEVR,BDDHS1997360004,1996-97,DHS,165.0,292.0,,,1.0
BGD,Dhaka before 2015,6507495,Children ever breastfed,98.2,1,BD,Bangladesh,1997,BD1997DHS,CN_BRFI_C_EVR,104266010,I,360005,1360050,Region,Dhaka before 2015,0,,0,1,CNBRFICEVR,BDDHS1997360005,1996-97,DHS,685.0,599.0,,,1.0
BGD,Khulna,4803715,Children ever breastfed,96.1,1,BD,Bangladesh,1997,BD1997DHS,CN_BRFI_C_EVR,104266010,I,360006,1360060,Region,Khulna,0,,0,1,CNBRFICEVR,BDDHS1997360006,1996-97,DHS,227.0,218.0,,,1.0
BGD,Rajshahi/Rangpur,4523840,Children ever breastfed,96.5,1,BD,Bangladesh,1997,BD1997DHS,CN_BRFI_C_EVR,104266010,I,360007,1360070,Region,Rajshahi/Rangpur,0,,0,1,CNBRFICEVR,BDDHS1997360007,1996-97,DHS,501.0,528.0,,,1.0
BGD,Barishal,1389601,Children who started breastfeeding within 1 hour of birth,13.6,1,BD,Bangladesh,1997,BD1997DHS,CN_BRFI_C_1HR,104266020,I,360001,1360010,Region,Barishal,0,,0,1,CNBRFIC1HR,BDDHS1997360001,1996-97,DHS,156.0,243.0,,,1.0
BGD,Chattogram/Sylhet,5205525,Children who started breastfeeding within 1 hour of birth,18.8,1,BD,Bangladesh,1997,BD1997DHS,CN_BRFI_C_1HR,104266020,I,360002,1360020,Region,Chattogram/Sylhet,0,,0,1,CNBRFIC1HR,BDDHS1997360002,1996-97,DHS,770.0,732.0,,,
BGD,Chattogram,3797998,Children who started breastfeeding within 1 hour of birth,15.7,1,BD,Bangladesh,1997,BD1997DHS,CN_BRFI_C_1HR,104266020,I,360003,1360030,Region,..Chattogram,0,,0,1,CNBRFIC1HR,BDDHS1997360003,1996-97,DHS,605.0,440.0,,,1.0
BGD,Sylhet,1404962,Children who started breastfeeding within 1 hour of birth,30.3,1,BD,Bangladesh,1997,BD1997DHS,CN_BRFI_C_1HR,104266020,I,360004,1360040,Region,..Sylhet,0,,0,1,CNBRFIC1HR,BDDHS1997360004,1996-97,DHS,165.0,292.0,,,1.0
BGD,Dhaka before 2015,6507496,Children who started breastfeeding within 1 hour of birth,21.7,1,BD,Bangladesh,1997,BD1997DHS,CN_BRFI_C_1HR,104266020,I,360005,1360050,Region,Dhaka before 2015,0,,0,1,CNBRFIC1HR,BDDHS1997360005,1996-97,DHS,685.0,599.0,,,1.0
BGD,Khulna,4803828,Children who started breastfeeding within 1 hour of birth,15.2,1,BD,Bangladesh,1997,BD1997DHS,CN_BRFI_C_1HR,104266020,I,360006,1360060,Region,Khulna,0,,0,1,CNBRFIC1HR,BDDHS1997360006,1996-97,DHS,227.0,218.0,,,1.0
BGD,Rajshahi/Rangpur,4523863,Children who started breastfeeding within 1 hour of birth,19.4,1,BD,Bangladesh,1997,BD1997DHS,CN_BRFI_C_1HR,104266020,I,360007,1360070,Region,Rajshahi/Rangpur,0,,0,1,CNBRFIC1HR,BDDHS1997360007,1996-97,DHS,501.0,528.0,,,1.0
BGD,Barishal,1389623,Median duration of any breastfeeding,29.6,1,BD,Bangladesh,1997,BD1997DHS,CN_BFDR_C_MDA,104336010,I,360001,1360010,Region,Barishal,0,,0,1,CNBFDRCMDA,BDDHS1997360001,1996-97,DHS,,,,,1.0
BGD,Chattogram/Sylhet,2694298,Median duration of any breastfeeding,25.1,1,BD,Bangladesh,1997,BD1997DHS,CN_BFDR_C_MDA,104336010,I,360002,1360020,Region,Chattogram/Sylhet,0,,0,1,CNBFDRCMDA,BDDHS1997360002,1996-97,DHS,,,,,
BGD,Chattogram,1404977,Median duration of any breastfeeding,24.6,1,BD,Bangladesh,1997,BD1997DHS,CN_BFDR_C_MDA,104336010,I,360003,1360030,Region,..Chattogram,0,,0,1,CNBFDRCMDA,BDDHS1997360003,1996-97,DHS,,,,,1.0
BGD,Sylhet,1404981,Median duration of any breastfeeding,29.0,1,BD,Bangladesh,1997,BD1997DHS,CN_BFDR_C_MDA,104336010,I,360004,1360040,Region,..Sylhet,0,,0,1,CNBFDRCMDA,BDDHS1997360004,1996-97,DHS,,,,,1.0
BGD,Barishal,3379329,Children ever breastfed,98.0,1,BD,Bangladesh,2000,BD2000DHS,CN_BRFI_C_EVR,104266010,I,360001,1360010,Region,Barishal,0,,0,1,CNBRFICEVR,BDDHS2000360001,1999-00,DHS,154.0,222.0,,,1.0
BGD,Chattogram/Sylhet,7450363,Children ever breastfed,98.0,1,BD,Bangladesh,2000,BD2000DHS,CN_BRFI_C_EVR,104266010,I,360002,1360020,Region,Chattogram/Sylhet,0,,0,1,CNBRFICEVR,BDDHS2000360002,1999-00,DHS,804.0,927.0,,,
BGD,Chattogram,7917325,Children ever breastfed,98.1,1,BD,Bangladesh,2000,BD2000DHS,CN_BRFI_C_EVR,104266010,I,360003,1360030,Region,..Chattogram,0,,0,1,CNBRFICEVR,BDDHS2000360003,1999-00,DHS,595.0,567.0,,,1.0
BGD,Sylhet,4495037,Children ever breastfed,97.8,1,BD,Bangladesh,2000,BD2000DHS,CN_BRFI_C_EVR,104266010,I,360004,1360040,Region,..Sylhet,0,,0,1,CNBRFICEVR,BDDHS2000360004,1999-00,DHS,210.0,360.0,,,1.0
BGD,Dhaka before 2015,36668,Children ever breastfed,98.0,1,BD,Bangladesh,2000,BD2000DHS,CN_BRFI_C_EVR,104266010,I,360005,1360050,Region,Dhaka before 2015,0,,0,1,CNBRFICEVR,BDDHS2000360005,1999-00,DHS,823.0,625.0,,,1.0
BGD,Khulna,7630765,Children ever breastfed,97.3,1,BD,Bangladesh,2000,BD2000DHS,CN_BRFI_C_EVR,104266010,I,360006,1360060,Region,Khulna,0,,0,1,CNBRFICEVR,BDDHS2000360006,1999-00,DHS,284.0,397.0,,,1.0
BGD,Rajshahi/Rangpur,7046937,Children ever breastfed,98.0,1,BD,Bangladesh,2000,BD2000DHS,CN_BRFI_C_EVR,104266010,I,360007,1360070,Region,Rajshahi/Rangpur,0,,0,1,CNBRFICEVR,BDDHS2000360007,1999-00,DHS,631.0,482.0,,,1.0
BGD,Barishal,3379353,Children who started breastfeeding within 1 hour of birth,20.6,1,BD,Bangladesh,2000,BD2000DHS,CN_BRFI_C_1HR,104266020,I,360001,1360010,Region,Barishal,0,,0,1,CNBRFIC1HR,BDDHS2000360001,1999-00,DHS,154.0,222.0,,,1.0
BGD,Chattogram/Sylhet,7450365,Children who started breastfeeding within 1 hour of birth,18.0,1,BD,Bangladesh,2000,BD2000DHS,CN_BRFI_C_1HR,104266020,I,360002,1360020,Region,Chattogram/Sylhet,0,,0,1,CNBRFIC1HR,BDDHS2000360002,1999-00,DHS,804.0,927.0,,,
BGD,Chattogram,7917326,Children who started breastfeeding within 1 hour of birth,17.7,1,BD,Bangladesh,2000,BD2000DHS,CN_BRFI_C_1HR,104266020,I,360003,1360030,Region,..Chattogram,0,,0,1,CNBRFIC1HR,BDDHS2000360003,1999-00,DHS,595.0,567.0,,,1.0
BGD,Sylhet,4495038,Children who started breastfeeding within 1 hour of birth,18.8,1,BD,Bangladesh,2000,BD2000DHS,CN_BRFI_C_1HR,104266020,I,360004,1360040,Region,..Sylhet,0,,0,1,CNBRFIC1HR,BDDHS2000360004,1999-00,DHS,210.0,360.0,,,1.0
BGD,Dhaka before 2015,36681,Children who started breastfeeding within 1 hour of birth,16.1,1,BD,Bangladesh,2000,BD2000DHS,CN_BRFI_C_1HR,104266020,I,360005,1360050,Region,Dhaka before 2015,0,,0,1,CNBRFIC1HR,BDDHS2000360005,1999-00,DHS,823.0,625.0,,,1.0
BGD,Khulna,7630766,Children who started breastfeeding within 1 hour of birth,16.6,1,BD,Bangladesh,2000,BD2000DHS,CN_BRFI_C_1HR,104266020,I,360006,1360060,Region,Khulna,0,,0,1,CNBRFIC1HR,BDDHS2000360006,1999-00,DHS,284.0,397.0,,,1.0
BGD,Rajshahi/Rangpur,7046938,Children who started breastfeeding within 1 hour of birth,15.7,1,BD,Bangladesh,2000,BD2000DHS,CN_BRFI_C_1HR,104266020,I,360007,1360070,Region,Rajshahi/Rangpur,0,,0,1,CNBRFIC1HR,BDDHS2000360007,1999-00,DHS,631.0,482.0,,,1.0
BGD,Barishal,1379987,Median duration of any breastfeeding,29.8,1,BD,Bangladesh,2000,BD2000DHS,CN_BFDR_C_MDA,104336010,I,360001,1360010,Region,Barishal,0,,0,1,CNBFDRCMDA,BDDHS2000360001,1999-00,DHS,,,,,1.0
BGD,Chattogram/Sylhet,7450406,Median duration of any breastfeeding,26.1,1,BD,Bangladesh,2000,BD2000DHS,CN_BFDR_C_MDA,104336010,I,360002,1360020,Region,Chattogram/Sylhet,0,,0,1,CNBFDRCMDA,BDDHS2000360002,1999-00,DHS,,,,,
BGD,Chattogram,7934068,Median duration of any breastfeeding,26.3,1,BD,Bangladesh,2000,BD2000DHS,CN_BFDR_C_MDA,104336010,I,360003,1360030,Region,..Chattogram,0,,0,1,CNBFDRCMDA,BDDHS2000360003,1999-00,DHS,,,,,1.0
BGD,Sylhet,1397251,Median duration of any breastfeeding,24.9,1,BD,Bangladesh,2000,BD2000DHS,CN_BFDR_C_MDA,104336010,I,360004,1360040,Region,..Sylhet,0,,0,1,CNBFDRCMDA,BDDHS2000360004,1999-00,DHS,,,,,1.0
BGD,Dhaka before 2015,1397229,Median duration of any breastfeeding,32.5,1,BD,Bangladesh,2000,BD2000DHS,CN_BFDR_C_MDA,104336010,I,360005,1360050,Region,Dhaka before 2015,0,,0,1,CNBFDRCMDA,BDDHS2000360005,1999-00,DHS,,,,,1.0
BGD,Barishal,5282804,Children ever breastfed,99.1,1,BD,Bangladesh,2004,BD2004DHS,CN_BRFI_C_EVR,104266010,I,360001,1360010,Region,Barishal,0,,0,1,CNBRFICEVR,BDDHS2004360001,2004,DHS,157.0,280.0,,,1.0
BGD,Chattogram/Sylhet,4733181,Children ever breastfed,98.9,1,BD,Bangladesh,2004,BD2004DHS,CN_BRFI_C_EVR,104266010,I,360002,1360020,Region,Chattogram/Sylhet,0,,0,1,CNBRFICEVR,BDDHS2004360002,2004,DHS,788.0,915.0,,,
BGD,Chattogram,4908535,Children ever breastfed,99.2,1,BD,Bangladesh,2004,BD2004DHS,CN_BRFI_C_EVR,104266010,I,360003,1360030,Region,..Chattogram,0,,0,1,CNBRFICEVR,BDDHS2004360003,2004,DHS,565.0,559.0,,,1.0
BGD,Sylhet,828921,Children ever breastfed,98.0,1,BD,Bangladesh,2004,BD2004DHS,CN_BRFI_C_EVR,104266010,I,360004,1360040,Region,..Sylhet,0,,0,1,CNBRFICEVR,BDDHS2004360004,2004,DHS,223.0,356.0,,,1.0
BGD,Dhaka before 2015,1296918,Children ever breastfed,98.6,1,BD,Bangladesh,2004,BD2004DHS,CN_BRFI_C_EVR,104266010,I,360005,1360050,Region,Dhaka before 2015,0,,0,1,CNBRFICEVR,BDDHS2004360005,2004,DHS,793.0,558.0,,,1.0
BGD,Khulna,5971320,Children ever breastfed,97.9,1,BD,Bangladesh,2004,BD2004DHS,CN_BRFI_C_EVR,104266010,I,360006,1360060,Region,Khulna,0,,0,1,CNBRFICEVR,BDDHS2004360006,2004,DHS,279.0,332.0,,,1.0
BGD,Rajshahi/Rangpur,4099197,Children ever breastfed,98.2,1,BD,Bangladesh,2004,BD2004DHS,CN_BRFI_C_EVR,104266010,I,360007,1360070,Region,Rajshahi/Rangpur,0,,0,1,CNBRFICEVR,BDDHS2004360007,2004,DHS,592.0,493.0,,,1.0
BGD,Barishal,5282805,Children who started breastfeeding within 1 hour of birth,20.9,1,BD,Bangladesh,2004,BD2004DHS,CN_BRFI_C_1HR,104266020,I,360001,1360010,Region,Barishal,0,,0,1,CNBRFIC1HR,BDDHS2004360001,2004,DHS,157.0,280.0,,,1.0
BGD,Chattogram/Sylhet,4733182,Children who started breastfeeding within 1 hour of birth,22.7,1,BD,Bangladesh,2004,BD2004DHS,CN_BRFI_C_1HR,104266020,I,360002,1360020,Region,Chattogram/Sylhet,0,,0,1,CNBRFIC1HR,BDDHS2004360002,2004,DHS,788.0,915.0,,,
BGD,Chattogram,4908536,Children who started breastfeeding within 1 hour of birth,19.8,1,BD,Bangladesh,2004,BD2004DHS,CN_BRFI_C_1HR,104266020,I,360003,1360030,Region,..Chattogram,0,,0,1,CNBRFIC1HR,BDDHS2004360003,2004,DHS,565.0,559.0,,,1.0
BGD,Sylhet,828922,Children who started breastfeeding within 1 hour of birth,30.1,1,BD,Bangladesh,2004,BD2004DHS,CN_BRFI_C_1HR,104266020,I,360004,1360040,Region,..Sylhet,0,,0,1,CNBRFIC1HR,BDDHS2004360004,2004,DHS,223.0,356.0,,,1.0
BGD,Dhaka before 2015,1296930,Children who started breastfeeding within 1 hour of birth,23.6,1,BD,Bangladesh,2004,BD2004DHS,CN_BRFI_C_1HR,104266020,I,360005,1360050,Region,Dhaka before 2015,0,,0,1,CNBRFIC1HR,BDDHS2004360005,2004,DHS,793.0,558.0,,,1.0
BGD,Khulna,5971319,Children who started breastfeeding within 1 hour of birth,28.4,1,BD,Bangladesh,2004,BD2004DHS,CN_BRFI_C_1HR,104266020,I,360006,1360060,Region,Khulna,0,,0,1,CNBRFIC1HR,BDDHS2004360006,2004,DHS,279.0,332.0,,,1.0
BGD,Rajshahi/Rangpur,4099196,Children who started breastfeeding within 1 hour of birth,29.1,1,BD,Bangladesh,2004,BD2004DHS,CN_BRFI_C_1HR,104266020,I,360007,1360070,Region,Rajshahi/Rangpur,0,,0,1,CNBRFIC1HR,BDDHS2004360007,2004,DHS,592.0,493.0,,,1.0
BGD,Barishal,1304184,Median duration of any breastfeeding,31.7,1,BD,Bangladesh,2004,BD2004DHS,CN_BFDR_C_MDA,104336010,I,360001,1360010,Region,Barishal,0,,0,1,CNBFDRCMDA,BDDHS2004360001,2004,DHS,,,,,1.0
BGD,Chattogram/Sylhet,1304181,Median duration of any breastfeeding,26.3,1,BD,Bangladesh,2004,BD2004DHS,CN_BFDR_C_MDA,104336010,I,360002,1360020,Region,Chattogram/Sylhet,0,,0,1,CNBFDRCMDA,BDDHS2004360002,2004,DHS,,,,,
BGD,Chattogram,5379731,Median duration of any breastfeeding,25.9,1,BD,Bangladesh,2004,BD2004DHS,CN_BFDR_C_MDA,104336010,I,360003,1360030,Region,..Chattogram,0,,0,1,CNBFDRCMDA,BDDHS2004360003,2004,DHS,,,,,1.0
BGD,Sylhet,1282661,Median duration of any breastfeeding,27.4,1,BD,Bangladesh,2004,BD2004DHS,CN_BFDR_C_MDA,104336010,I,360004,1360040,Region,..Sylhet,0,,0,1,CNBFDRCMDA,BDDHS2004360004,2004,DHS,,,,,1.0
BGD,Barishal,5839305,Children ever breastfed,99.9,1,BD,Bangladesh,2007,BD2007DHS,CN_BRFI_C_EVR,104266010,I,360001,1360010,Region,Barishal,0,,0,1,CNBRFICEVR,BDDHS2007360001,2007,DHS,132.0,271.0,,,1.0
BGD,Chattogram/Sylhet,5752826,Children ever breastfed,98.6,1,BD,Bangladesh,2007,BD2007DHS,CN_BRFI_C_EVR,104266010,I,360002,1360020,Region,Chattogram/Sylhet,0,,0,1,CNBRFICEVR,BDDHS2007360002,2007,DHS,718.0,896.0,,,
BGD,Chattogram,3017386,Children ever breastfed,98.7,1,BD,Bangladesh,2007,BD2007DHS,CN_BRFI_C_EVR,104266010,I,360003,1360030,Region,..Chattogram,0,,0,1,CNBRFICEVR,BDDHS2007360003,2007,DHS,526.0,498.0,,,1.0
BGD,Sylhet,7872486,Children ever breastfed,98.3,1,BD,Bangladesh,2007,BD2007DHS,CN_BRFI_C_EVR,104266010,I,360004,1360040,Region,..Sylhet,0,,0,1,CNBRFICEVR,BDDHS2007360004,2007,DHS,193.0,398.0,,,1.0
BGD,Dhaka before 2015,1297110,Children ever breastfed,98.4,1,BD,Bangladesh,2007,BD2007DHS,CN_BRFI_C_EVR,104266010,I,360005,1360050,Region,Dhaka before 2015,0,,0,1,CNBRFICEVR,BDDHS2007360005,2007,DHS,729.0,498.0,,,1.0
BGD,Khulna,6886879,Children ever breastfed,99.2,1,BD,Bangladesh,2007,BD2007DHS,CN_BRFI_C_EVR,104266010,I,360006,1360060,Region,Khulna,0,,0,1,CNBRFICEVR,BDDHS2007360006,2007,DHS,193.0,256.0,,,1.0
BGD,Rajshahi/Rangpur,3756394,Children ever breastfed,98.9,1,BD,Bangladesh,2007,BD2007DHS,CN_BRFI_C_EVR,104266010,I,360007,1360070,Region,Rajshahi/Rangpur,0,,0,1,CNBRFICEVR,BDDHS2007360007,2007,DHS,522.0,387.0,,,1.0
BGD,Barishal,5839306,Children who started breastfeeding within 1 hour of birth,50.8,1,BD,Bangladesh,2007,BD2007DHS,CN_BRFI_C_1HR,104266020,I,360001,1360010,Region,Barishal,0,,0,1,CNBRFIC1HR,BDDHS2007360001,2007,DHS,132.0,271.0,,,1.0
BGD,Chattogram/Sylhet,5752827,Children who started breastfeeding within 1 hour of birth,38.4,1,BD,Bangladesh,2007,BD2007DHS,CN_BRFI_C_1HR,104266020,I,360002,1360020,Region,Chattogram/Sylhet,0,,0,1,CNBRFIC1HR,BDDHS2007360002,2007,DHS,718.0,896.0,,,
BGD,Chattogram,3017387,Children who started breastfeeding within 1 hour of birth,34.9,1,BD,Bangladesh,2007,BD2007DHS,CN_BRFI_C_1HR,104266020,I,360003,1360030,Region,..Chattogram,0,,0,1,CNBRFIC1HR,BDDHS2007360003,2007,DHS,526.0,498.0,,,1.0
BGD,Sylhet,7872487,Children who started breastfeeding within 1 hour of birth,48.0,1,BD,Bangladesh,2007,BD2007DHS,CN_BRFI_C_1HR,104266020,I,360004,1360040,Region,..Sylhet,0,,0,1,CNBRFIC1HR,BDDHS2007360004,2007,DHS,193.0,398.0,,,1.0
BGD,Dhaka before 2015,1297103,Children who started breastfeeding within 1 hour of birth,43.7,1,BD,Bangladesh,2007,BD2007DHS,CN_BRFI_C_1HR,104266020,I,360005,1360050,Region,Dhaka before 2015,0,,0,1,CNBRFIC1HR,BDDHS2007360005,2007,DHS,729.0,498.0,,,1.0
BGD,Khulna,6886880,Children who started breastfeeding within 1 hour of birth,51.9,1,BD,Bangladesh,2007,BD2007DHS,CN_BRFI_C_1HR,104266020,I,360006,1360060,Region,Khulna,0,,0,1,CNBRFIC1HR,BDDHS2007360006,2007,DHS,193.0,256.0,,,1.0
BGD,Rajshahi/Rangpur,3756344,Children who started breastfeeding within 1 hour of birth,43.4,1,BD,Bangladesh,2007,BD2007DHS,CN_BRFI_C_1HR,104266020,I,360007,1360070,Region,Rajshahi/Rangpur,0,,0,1,CNBRFIC1HR,BDDHS2007360007,2007,DHS,522.0,387.0,,,1.0
BGD,Barishal,1304205,Median duration of any breastfeeding,31.0,1,BD,Bangladesh,2007,BD2007DHS,CN_BFDR_C_MDA,104336010,I,360001,1360010,Region,Barishal,0,,0,1,CNBFDRCMDA,BDDHS2007360001,2007,DHS,,,,,1.0
BGD,Chattogram/Sylhet,1304202,Median duration of any breastfeeding,26.5,1,BD,Bangladesh,2007,BD2007DHS,CN_BFDR_C_MDA,104336010,I,360002,1360020,Region,Chattogram/Sylhet,0,,0,1,CNBFDRCMDA,BDDHS2007360002,2007,DHS,,,,,
BGD,Chattogram,1304198,Median duration of any breastfeeding,25.6,1,BD,Bangladesh,2007,BD2007DHS,CN_BFDR_C_MDA,104336010,I,360003,1360030,Region,..Chattogram,0,,0,1,CNBFDRCMDA,BDDHS2007360003,2007,DHS,,,,,1.0
BGD,Sylhet,7874314,Median duration of any breastfeeding,28.0,1,BD,Bangladesh,2007,BD2007DHS,CN_BFDR_C_MDA,104336010,I,360004,1360040,Region,..Sylhet,0,,0,1,CNBFDRCMDA,BDDHS2007360004,2007,DHS,,,,,1.0
BGD,Barishal,3429732,Children ever breastfed,97.2,1,BD,Bangladesh,2011,BD2011DHS,CN_BRFI_C_EVR,104266010,I,360001,1360010,Region,Barishal,0,,0,1,CNBRFICEVR,BDDHS2011360001,2011,DHS,177.0,356.0,,,1.0
BGD,Chattogram/Sylhet,4534959,Children ever breastfed,98.6,1,BD,Bangladesh,2011,BD2011DHS,CN_BRFI_C_EVR,104266010,I,360002,1360020,Region,Chattogram/Sylhet,0,,0,1,CNBRFICEVR,BDDHS2011360002,2011,DHS,1021.0,1162.0,,,
BGD,Chattogram,5221974,Children ever breastfed,98.8,1,BD,Bangladesh,2011,BD2011DHS,CN_BRFI_C_EVR,104266010,I,360003,1360030,Region,..Chattogram,0,,0,1,CNBRFICEVR,BDDHS2011360003,2011,DHS,783.0,674.0,,,1.0
BGD,Sylhet,1290213,Children ever breastfed,98.0,1,BD,Bangladesh,2011,BD2011DHS,CN_BRFI_C_EVR,104266010,I,360004,1360040,Region,..Sylhet,0,,0,1,CNBRFICEVR,BDDHS2011360004,2011,DHS,238.0,488.0,,,1.0
BGD,Dhaka before 2015,7007268,Children ever breastfed,98.5,1,BD,Bangladesh,2011,BD2011DHS,CN_BRFI_C_EVR,104266010,I,360005,1360050,Region,Dhaka before 2015,0,,0,1,CNBRFICEVR,BDDHS2011360005,2011,DHS,988.0,525.0,,,1.0
BGD,Khulna,6196098,Children ever breastfed,98.9,1,BD,Bangladesh,2011,BD2011DHS,CN_BRFI_C_EVR,104266010,I,360006,1360060,Region,Khulna,0,,0,1,CNBRFICEVR,BDDHS2011360006,2011,DHS,305.0,386.0,,,1.0
BGD,Rajshahi/Rangpur,3087382,Children ever breastfed,98.5,1,BD,Bangladesh,2011,BD2011DHS,CN_BRFI_C_EVR,104266010,I,360007,1360070,Region,Rajshahi/Rangpur,0,,0,1,CNBRFICEVR,BDDHS2011360007,2011,DHS,773.0,821.0,,,
BGD,Rangpur,7354442,Children ever breastfed,98.8,1,BD,Bangladesh,2011,BD2011DHS,CN_BRFI_C_EVR,104266010,I,360008,1360080,Region,..Rangpur,0,,0,1,CNBRFICEVR,BDDHS2011360008,2011,DHS,334.0,405.0,,,1.0
BGD,Rajshahi,4051922,Children ever breastfed,98.3,1,BD,Bangladesh,2011,BD2011DHS,CN_BRFI_C_EVR,104266010,I,360009,1360090,Region,..Rajshahi,0,,0,1,CNBRFICEVR,BDDHS2011360009,2011,DHS,439.0,416.0,,,1.0
BGD,Barishal,3429731,Children who started breastfeeding within 1 hour of birth,43.6,1,BD,Bangladesh,2011,BD2011DHS,CN_BRFI_C_1HR,104266020,I,360001,1360010,Region,Barishal,0,,0,1,CNBRFIC1HR,BDDHS2011360001,2011,DHS,177.0,356.0,,,1.0
BGD,Chattogram/Sylhet,4534962,Children who started breastfeeding within 1 hour of birth,47.9,1,BD,Bangladesh,2011,BD2011DHS,CN_BRFI_C_1HR,104266020,I,360002,1360020,Region,Chattogram/Sylhet,0,,0,1,CNBRFIC1HR,BDDHS2011360002,2011,DHS,1021.0,1162.0,,,
BGD,Chattogram,5221973,Children who started breastfeeding within 1 hour of birth,46.2,1,BD,Bangladesh,2011,BD2011DHS,CN_BRFI_C_1HR,104266020,I,360003,1360030,Region,..Chattogram,0,,0,1,CNBRFIC1HR,BDDHS2011360003,2011,DHS,783.0,674.0,,,1.0
BGD,Sylhet,1290211,Children who started breastfeeding within 1 hour of birth,53.8,1,BD,Bangladesh,2011,BD2011DHS,CN_BRFI_C_1HR,104266020,I,360004,1360040,Region,..Sylhet,0,,0,1,CNBRFIC1HR,BDDHS2011360004,2011,DHS,238.0,488.0,,,1.0
BGD,Dhaka before 2015,7007269,Children who started breastfeeding within 1 hour of birth,43.0,1,BD,Bangladesh,2011,BD2011DHS,CN_BRFI_C_1HR,104266020,I,360005,1360050,Region,Dhaka before 2015,0,,0,1,CNBRFIC1HR,BDDHS2011360005,2011,DHS,988.0,525.0,,,1.0
BGD,Khulna,6196096,Children who started breastfeeding within 1 hour of birth,45.7,1,BD,Bangladesh,2011,BD2011DHS,CN_BRFI_C_1HR,104266020,I,360006,1360060,Region,Khulna,0,,0,1,CNBRFIC1HR,BDDHS2011360006,2011,DHS,305.0,386.0,,,1.0
BGD,Rajshahi/Rangpur,3087383,Children who started breastfeeding within 1 hour of birth,52.3,1,BD,Bangladesh,2011,BD2011DHS,CN_BRFI_C_1HR,104266020,I,360007,1360070,Region,Rajshahi/Rangpur,0,,0,1,CNBRFIC1HR,BDDHS2011360007,2011,DHS,773.0,821.0,,,
BGD,Rangpur,7354440,Children who started breastfeeding within 1 hour of birth,50.8,1,BD,Bangladesh,2011,BD2011DHS,CN_BRFI_C_1HR,104266020,I,360008,1360080,Region,..Rangpur,0,,0,1,CNBRFIC1HR,BDDHS2011360008,2011,DHS,334.0,405.0,,,1.0
BGD,Rajshahi,4051919,Children who started breastfeeding within 1 hour of birth,53.5,1,BD,Bangladesh,2011,BD2011DHS,CN_BRFI_C_1HR,104266020,I,360009,1360090,Region,..Rajshahi,0,,0,1,CNBRFIC1HR,BDDHS2011360009,2011,DHS,439.0,416.0,,,1.0
BGD,Barishal,1297303,Median duration of any breastfeeding,31.5,1,BD,Bangladesh,2011,BD2011DHS,CN_BFDR_C_MDA,104336010,I,360001,1360010,Region,Barishal,0,,0,1,CNBFDRCMDA,BDDHS2011360001,2011,DHS,,,,,1.0
BGD,Chattogram/Sylhet,1290232,Median duration of any breastfeeding,26.4,1,BD,Bangladesh,2011,BD2011DHS,CN_BFDR_C_MDA,104336010,I,360002,1360020,Region,Chattogram/Sylhet,0,,0,1,CNBFDRCMDA,BDDHS2011360002,2011,DHS,,,,,
BGD,Chattogram,1290257,Median duration of any breastfeeding,25.5,1,BD,Bangladesh,2011,BD2011DHS,CN_BFDR_C_MDA,104336010,I,360003,1360030,Region,..Chattogram,0,,0,1,CNBFDRCMDA,BDDHS2011360003,2011,DHS,,,,,1.0
BGD,Sylhet,1290216,Median duration of any breastfeeding,29.9,1,BD,Bangladesh,2011,BD2011DHS,CN_BFDR_C_MDA,104336010,I,360004,1360040,Region,..Sylhet,0,,0,1,CNBFDRCMDA,BDDHS2011360004,2011,DHS,,,,,1.0
BGD,Dhaka before 2015,1304316,Median duration of any breastfeeding,32.1,1,BD,Bangladesh,2011,BD2011DHS,CN_BFDR_C_MDA,104336010,I,360005,1360050,Region,Dhaka before 2015,0,,0,1,CNBFDRCMDA,BDDHS2011360005,2011,DHS,,,,,1.0
BGD,Barishal,500631,Breastfed children 6-23 months fed both 4+ food groups and the minimum meal frequency,17.5,1,BD,Bangladesh,2011,BD2011DHS,CN_IYCF_C_BTB,104436030,I,360001,1360010,Region,Barishal,0,,0,1,CNIYCFCBTB,BDDHS2011360001,2011,DHS,125.0,249.0,,,1.0
BGD,Chattogram/Sylhet,2742700,Breastfed children 6-23 months fed both 4+ food groups and the minimum meal frequency,15.6,1,BD,Bangladesh,2011,BD2011DHS,CN_IYCF_C_BTB,104436030,I,360002,1360020,Region,Chattogram/Sylhet,0,,0,1,CNIYCFCBTB,BDDHS2011360002,2011,DHS,680.0,775.0,,,
BGD,Chattogram,1290261,Breastfed children 6-23 months fed both 4+ food groups and the minimum meal frequency,16.9,1,BD,Bangladesh,2011,BD2011DHS,CN_IYCF_C_BTB,104436030,I,360003,1360030,Region,..Chattogram,0,,0,1,CNIYCFCBTB,BDDHS2011360003,2011,DHS,516.0,440.0,,,1.0
BGD,Sylhet,6941056,Breastfed children 6-23 months fed both 4+ food groups and the minimum meal frequency,11.5,1,BD,Bangladesh,2011,BD2011DHS,CN_IYCF_C_BTB,104436030,I,360004,1360040,Region,..Sylhet,0,,0,1,CNIYCFCBTB,BDDHS2011360004,2011,DHS,164.0,335.0,,,1.0
BGD,Dhaka before 2015,5782386,Breastfed children 6-23 months fed both 4+ food groups and the minimum meal frequency,23.6,1,BD,Bangladesh,2011,BD2011DHS,CN_IYCF_C_BTB,104436030,I,360005,1360050,Region,Dhaka before 2015,0,,0,1,CNIYCFCBTB,BDDHS2011360005,2011,DHS,662.0,352.0,,,1.0
BGD,Khulna,4657386,Breastfed children 6-23 months fed both 4+ food groups and the minimum meal frequency,28.4,1,BD,Bangladesh,2011,BD2011DHS,CN_IYCF_C_BTB,104436030,I,360006,1360060,Region,Khulna,0,,0,1,CNIYCFCBTB,BDDHS2011360006,2011,DHS,206.0,258.0,,,1.0
BGD,Rajshahi/Rangpur,6381016,Breastfed children 6-23 months fed both 4+ food groups and the minimum meal frequency,23.4,1,BD,Bangladesh,2011,BD2011DHS,CN_IYCF_C_BTB,104436030,I,360007,1360070,Region,Rajshahi/Rangpur,0,,0,1,CNIYCFCBTB,BDDHS2011360007,2011,DHS,550.0,583.0,,,
BGD,Rangpur,423450,Breastfed children 6-23 months fed both 4+ food groups and the minimum meal frequency,21.7,1,BD,Bangladesh,2011,BD2011DHS,CN_IYCF_C_BTB,104436030,I,360008,1360080,Region,..Rangpur,0,,0,1,CNIYCFCBTB,BDDHS2011360008,2011,DHS,240.0,286.0,,,1.0
BGD,Rajshahi,5688669,Breastfed children 6-23 months fed both 4+ food groups and the minimum meal frequency,24.8,1,BD,Bangladesh,2011,BD2011DHS,CN_IYCF_C_BTB,104436030,I,360009,1360090,Region,..Rajshahi,0,,0,1,CNIYCFCBTB,BDDHS2011360009,2011,DHS,310.0,297.0,,,1.0
BGD,Chattogram/Sylhet,2854116,Non-breastfed children 6-23 months fed milk or milk products,46.1,1,BD,Bangladesh,2011,BD2011DHS,CN_IYCF_C_MKN,104436060,I,360002,1360020,Region,Chattogram/Sylhet,0,,0,1,CNIYCFCMKN,BDDHS2011360002,2011,DHS,61.0,71.0,,,
BGD,Chattogram,6966141,Non-breastfed children 6-23 months fed milk or milk products,50.2,1,BD,Bangladesh,2011,BD2011DHS,CN_IYCF_C_MKN,104436060,I,360003,1360030,Region,..Chattogram,0,,0,1,CNIYCFCMKN,BDDHS2011360003,2011,DHS,52.0,52.0,,,1.0
BGD,Chattogram/Sylhet,2854119,Non-breastfed children 6-23 months with 3 IYCF practices,12.9,1,BD,Bangladesh,2011,BD2011DHS,CN_IYCF_C_3PN,104436090,I,360002,1360020,Region,Chattogram/Sylhet,0,,0,1,CNIYCFC3PN,BDDHS2011360002,2011,DHS,61.0,71.0,,,
BGD,Chattogram,6966144,Non-breastfed children 6-23 months with 3 IYCF practices,15.1,1,BD,Bangladesh,2011,BD2011DHS,CN_IYCF_C_3PN,104436090,I,360003,1360030,Region,..Chattogram,0,,0,1,CNIYCFC3PN,BDDHS2011360003,2011,DHS,52.0,52.0,,,1.0
BGD,Barishal,5157167,Children 6-23 months fed 5+ food groups,21.9,1,BD,Bangladesh,2011,BD2011DHS,CN_IYCF_C_4FA,104436130,I,360001,1360010,Region,Barishal,0,,0,1,CNIYCFC4FA,BDDHS2011360001,2011,DHS,132.0,265.0,,,1.0
BGD,Chattogram/Sylhet,7223752,Children 6-23 months fed 5+ food groups,18.6,1,BD,Bangladesh,2011,BD2011DHS,CN_IYCF_C_4FA,104436130,I,360002,1360020,Region,Chattogram/Sylhet,0,,0,1,CNIYCFC4FA,BDDHS2011360002,2011,DHS,741.0,846.0,,,
BGD,Chattogram,3024093,Children 6-23 months fed 5+ food groups,20.1,1,BD,Bangladesh,2011,BD2011DHS,CN_IYCF_C_4FA,104436130,I,360003,1360030,Region,..Chattogram,0,,0,1,CNIYCFC4FA,BDDHS2011360003,2011,DHS,568.0,492.0,,,1.0
BGD,Sylhet,6469842,Children 6-23 months fed 5+ food groups,13.7,1,BD,Bangladesh,2011,BD2011DHS,CN_IYCF_C_4FA,104436130,I,360004,1360040,Region,..Sylhet,0,,0,1,CNIYCFC4FA,BDDHS2011360004,2011,DHS,173.0,354.0,,,1.0
BGD,Dhaka before 2015,4121926,Children 6-23 months fed 5+ food groups,24.9,1,BD,Bangladesh,2011,BD2011DHS,CN_IYCF_C_4FA,104436130,I,360005,1360050,Region,Dhaka before 2015,0,,0,1,CNIYCFC4FA,BDDHS2011360005,2011,DHS,705.0,375.0,,,1.0
BGD,Khulna,4511357,Children 6-23 months fed 5+ food groups,30.8,1,BD,Bangladesh,2011,BD2011DHS,CN_IYCF_C_4FA,104436130,I,360006,1360060,Region,Khulna,0,,0,1,CNIYCFC4FA,BDDHS2011360006,2011,DHS,213.0,268.0,,,1.0
BGD,Rajshahi/Rangpur,785317,Children 6-23 months fed 5+ food groups,27.2,1,BD,Bangladesh,2011,BD2011DHS,CN_IYCF_C_4FA,104436130,I,360007,1360070,Region,Rajshahi/Rangpur,0,,0,1,CNIYCFC4FA,BDDHS2011360007,2011,DHS,567.0,602.0,,,
BGD,Rangpur,6171632,Children 6-23 months fed 5+ food groups,24.4,1,BD,Bangladesh,2011,BD2011DHS,CN_IYCF_C_4FA,104436130,I,360008,1360080,Region,..Rangpur,0,,0,1,CNIYCFC4FA,BDDHS2011360008,2011,DHS,248.0,295.0,,,1.0
BGD,Rajshahi,5694021,Children 6-23 months fed 5+ food groups,29.4,1,BD,Bangladesh,2011,BD2011DHS,CN_IYCF_C_4FA,104436130,I,360009,1360090,Region,..Rajshahi,0,,0,1,CNIYCFC4FA,BDDHS2011360009,2011,DHS,319.0,307.0,,,1.0
BGD,Barishal,5157179,Children 6-23 months fed the minimum meal frequency,61.8,1,BD,Bangladesh,2011,BD2011DHS,CN_IYCF_C_MNA,104436140,I,360001,1360010,Region,Barishal,0,,0,1,CNIYCFCMNA,BDDHS2011360001,2011,DHS,132.0,265.0,,,1.0
BGD,Chattogram/Sylhet,7223770,Children 6-23 months fed the minimum meal frequency,55.8,1,BD,Bangladesh,2011,BD2011DHS,CN_IYCF_C_MNA,104436140,I,360002,1360020,Region,Chattogram/Sylhet,0,,0,1,CNIYCFCMNA,BDDHS2011360002,2011,DHS,741.0,846.0,,,
BGD,Chattogram,3024094,Children 6-23 months fed the minimum meal frequency,55.9,1,BD,Bangladesh,2011,BD2011DHS,CN_IYCF_C_MNA,104436140,I,360003,1360030,Region,..Chattogram,0,,0,1,CNIYCFCMNA,BDDHS2011360003,2011,DHS,568.0,492.0,,,1.0
BGD,Sylhet,6469843,Children 6-23 months fed the minimum meal frequency,55.8,1,BD,Bangladesh,2011,BD2011DHS,CN_IYCF_C_MNA,104436140,I,360004,1360040,Region,..Sylhet,0,,0,1,CNIYCFCMNA,BDDHS2011360004,2011,DHS,173.0,354.0,,,1.0
BGD,Dhaka before 2015,4121927,Children 6-23 months fed the minimum meal frequency,65.2,1,BD,Bangladesh,2011,BD2011DHS,CN_IYCF_C_MNA,104436140,I,360005,1360050,Region,Dhaka before 2015,0,,0,1,CNIYCFCMNA,BDDHS2011360005,2011,DHS,705.0,375.0,,,1.0
BGD,Khulna,4511358,Children 6-23 months fed the minimum meal frequency,82.7,1,BD,Bangladesh,2011,BD2011DHS,CN_IYCF_C_MNA,104436140,I,360006,1360060,Region,Khulna,0,,0,1,CNIYCFCMNA,BDDHS2011360006,2011,DHS,213.0,268.0,,,1.0
BGD,Rajshahi/Rangpur,785318,Children 6-23 months fed the minimum meal frequency,67.6,1,BD,Bangladesh,2011,BD2011DHS,CN_IYCF_C_MNA,104436140,I,360007,1360070,Region,Rajshahi/Rangpur,0,,0,1,CNIYCFCMNA,BDDHS2011360007,2011,DHS,567.0,602.0,,,
BGD,Rangpur,6171633,Children 6-23 months fed the minimum meal frequency,72.4,1,BD,Bangladesh,2011,BD2011DHS,CN_IYCF_C_MNA,104436140,I,360008,1360080,Region,..Rangpur,0,,0,1,CNIYCFCMNA,BDDHS2011360008,2011,DHS,248.0,295.0,,,1.0
BGD,Rajshahi,5694022,Children 6-23 months fed the minimum meal frequency,63.8,1,BD,Bangladesh,2011,BD2011DHS,CN_IYCF_C_MNA,104436140,I,360009,1360090,Region,..Rajshahi,0,,0,1,CNIYCFCMNA,BDDHS2011360009,2011,DHS,319.0,307.0,,,1.0
BGD,Barishal,5157180,Children 6-23 months with 3 IYCF practices,17.5,1,BD,Bangladesh,2011,BD2011DHS,CN_IYCF_C_3PA,104436150,I,360001,1360010,Region,Barishal,0,,0,1,CNIYCFC3PA,BDDHS2011360001,2011,DHS,132.0,265.0,,,1.0
BGD,Chattogram/Sylhet,7223771,Children 6-23 months with 3 IYCF practices,15.4,1,BD,Bangladesh,2011,BD2011DHS,CN_IYCF_C_3PA,104436150,I,360002,1360020,Region,Chattogram/Sylhet,0,,0,1,CNIYCFC3PA,BDDHS2011360002,2011,DHS,741.0,846.0,,,
BGD,Chattogram,3024106,Children 6-23 months with 3 IYCF practices,16.8,1,BD,Bangladesh,2011,BD2011DHS,CN_IYCF_C_3PA,104436150,I,360003,1360030,Region,..Chattogram,0,,0,1,CNIYCFC3PA,BDDHS2011360003,2011,DHS,568.0,492.0,,,1.0
BGD,Sylhet,6469844,Children 6-23 months with 3 IYCF practices,10.9,1,BD,Bangladesh,2011,BD2011DHS,CN_IYCF_C_3PA,104436150,I,360004,1360040,Region,..Sylhet,0,,0,1,CNIYCFC3PA,BDDHS2011360004,2011,DHS,173.0,354.0,,,1.0
BGD,Dhaka before 2015,4121928,Children 6-23 months with 3 IYCF practices,23.3,1,BD,Bangladesh,2011,BD2011DHS,CN_IYCF_C_3PA,104436150,I,360005,1360050,Region,Dhaka before 2015,0,,0,1,CNIYCFC3PA,BDDHS2011360005,2011,DHS,705.0,375.0,,,1.0
BGD,Khulna,4511382,Children 6-23 months with 3 IYCF practices,28.2,1,BD,Bangladesh,2011,BD2011DHS,CN_IYCF_C_3PA,104436150,I,360006,1360060,Region,Khulna,0,,0,1,CNIYCFC3PA,BDDHS2011360006,2011,DHS,213.0,268.0,,,1.0
BGD,Rajshahi/Rangpur,785319,Children 6-23 months with 3 IYCF practices,23.0,1,BD,Bangladesh,2011,BD2011DHS,CN_IYCF_C_3PA,104436150,I,360007,1360070,Region,Rajshahi/Rangpur,0,,0,1,CNIYCFC3PA,BDDHS2011360007,2011,DHS,567.0,602.0,,,
BGD,Rangpur,6171634,Children 6-23 months with 3 IYCF practices,20.9,1,BD,Bangladesh,2011,BD2011DHS,CN_IYCF_C_3PA,104436150,I,360008,1360080,Region,..Rangpur,0,,0,1,CNIYCFC3PA,BDDHS2011360008,2011,DHS,248.0,295.0,,,1.0
BGD,Rajshahi,5694023,Children 6-23 months with 3 IYCF practices,24.6,1,BD,Bangladesh,2011,BD2011DHS,CN_IYCF_C_3PA,104436150,I,360009,1360090,Region,..Rajshahi,0,,0,1,CNIYCFC3PA,BDDHS2011360009,2011,DHS,319.0,307.0,,,1.0
BGD,Barishal,1290556,Children ever breastfed,98.4,1,BD,Bangladesh,2014,BD2014DHS,CN_BRFI_C_EVR,104266010,I,360001,1360010,Region,Barishal,0,,0,1,CNBRFICEVR,BDDHS2014360001,2014,DHS,185.0,371.0,,,1.0
BGD,Chattogram/Sylhet,5657326,Children ever breastfed,98.1,1,BD,Bangladesh,2014,BD2014DHS,CN_BRFI_C_EVR,104266010,I,360002,1360020,Region,Chattogram/Sylhet,0,,0,1,CNBRFICEVR,BDDHS2014360002,2014,DHS,974.0,1037.0,,,
BGD,Chattogram,5732113,Children ever breastfed,98.8,1,BD,Bangladesh,2014,BD2014DHS,CN_BRFI_C_EVR,104266010,I,360003,1360030,Region,..Chattogram,0,,0,1,CNBRFICEVR,BDDHS2014360003,2014,DHS,682.0,579.0,,,1.0
BGD,Sylhet,3150183,Children ever breastfed,96.3,1,BD,Bangladesh,2014,BD2014DHS,CN_BRFI_C_EVR,104266010,I,360004,1360040,Region,..Sylhet,0,,0,1,CNBRFICEVR,BDDHS2014360004,2014,DHS,292.0,458.0,,,1.0
BGD,Dhaka before 2015,7362491,Children ever breastfed,98.5,1,BD,Bangladesh,2014,BD2014DHS,CN_BRFI_C_EVR,104266010,I,360005,1360050,Region,Dhaka before 2015,0,,0,1,CNBRFICEVR,BDDHS2014360005,2014,DHS,1182.0,568.0,,,1.0
BGD,Khulna,3719728,Children ever breastfed,96.0,1,BD,Bangladesh,2014,BD2014DHS,CN_BRFI_C_EVR,104266010,I,360006,1360060,Region,Khulna,0,,0,1,CNBRFICEVR,BDDHS2014360006,2014,DHS,250.0,360.0,,,1.0
BGD,Rajshahi/Rangpur,5521953,Children ever breastfed,98.3,1,BD,Bangladesh,2014,BD2014DHS,CN_BRFI_C_EVR,104266010,I,360007,1360070,Region,Rajshahi/Rangpur,0,,0,1,CNBRFICEVR,BDDHS2014360007,2014,DHS,615.0,742.0,,,
BGD,Rangpur,676191,Children ever breastfed,98.6,1,BD,Bangladesh,2014,BD2014DHS,CN_BRFI_C_EVR,104266010,I,360008,1360080,Region,..Rangpur,0,,0,1,CNBRFICEVR,BDDHS2014360008,2014,DHS,292.0,364.0,,,1.0
BGD,Rajshahi,4289977,Children ever breastfed,98.0,1,BD,Bangladesh,2014,BD2014DHS,CN_BRFI_C_EVR,104266010,I,360009,1360090,Region,..Rajshahi,0,,0,1,CNBRFICEVR,BDDHS2014360009,2014,DHS,323.0,378.0,,,1.0
BGD,Barishal,1290555,Children who started breastfeeding within 1 hour of birth,52.0,1,BD,Bangladesh,2014,BD2014DHS,CN_BRFI_C_1HR,104266020,I,360001,1360010,Region,Barishal,0,,0,1,CNBRFIC1HR,BDDHS2014360001,2014,DHS,185.0,371.0,,,1.0
BGD,Chattogram/Sylhet,5657325,Children who started breastfeeding within 1 hour of birth,49.0,1,BD,Bangladesh,2014,BD2014DHS,CN_BRFI_C_1HR,104266020,I,360002,1360020,Region,Chattogram/Sylhet,0,,0,1,CNBRFIC1HR,BDDHS2014360002,2014,DHS,974.0,1037.0,,,
BGD,Chattogram,5732115,Children who started breastfeeding within 1 hour of birth,45.8,1,BD,Bangladesh,2014,BD2014DHS,CN_BRFI_C_1HR,104266020,I,360003,1360030,Region,..Chattogram,0,,0,1,CNBRFIC1HR,BDDHS2014360003,2014,DHS,682.0,579.0,,,1.0
BGD,Sylhet,3150182,Children who started breastfeeding within 1 hour of birth,56.5,1,BD,Bangladesh,2014,BD2014DHS,CN_BRFI_C_1HR,104266020,I,360004,1360040,Region,..Sylhet,0,,0,1,CNBRFIC1HR,BDDHS2014360004,2014,DHS,292.0,458.0,,,1.0
BGD,Dhaka before 2015,7362490,Children who started breastfeeding within 1 hour of birth,51.8,1,BD,Bangladesh,2014,BD2014DHS,CN_BRFI_C_1HR,104266020,I,360005,1360050,Region,Dhaka before 2015,0,,0,1,CNBRFIC1HR,BDDHS2014360005,2014,DHS,1182.0,568.0,,,1.0
BGD,Khulna,3719726,Children who started breastfeeding within 1 hour of birth,39.1,1,BD,Bangladesh,2014,BD2014DHS,CN_BRFI_C_1HR,104266020,I,360006,1360060,Region,Khulna,0,,0,1,CNBRFIC1HR,BDDHS2014360006,2014,DHS,250.0,360.0,,,1.0
BGD,Rajshahi/Rangpur,5521952,Children who started breastfeeding within 1 hour of birth,55.9,1,BD,Bangladesh,2014,BD2014DHS,CN_BRFI_C_1HR,104266020,I,360007,1360070,Region,Rajshahi/Rangpur,0,,0,1,CNBRFIC1HR,BDDHS2014360007,2014,DHS,615.0,742.0,,,
BGD,Rangpur,676182,Children who started breastfeeding within 1 hour of birth,59.6,1,BD,Bangladesh,2014,BD2014DHS,CN_BRFI_C_1HR,104266020,I,360008,1360080,Region,..Rangpur,0,,0,1,CNBRFIC1HR,BDDHS2014360008,2014,DHS,292.0,364.0,,,1.0
BGD,Rajshahi,4289979,Children who started breastfeeding within 1 hour of birth,52.5,1,BD,Bangladesh,2014,BD2014DHS,CN_BRFI_C_1HR,104266020,I,360009,1360090,Region,..Rajshahi,0,,0,1,CNBRFIC1HR,BDDHS2014360009,2014,DHS,323.0,378.0,,,1.0
BGD,Barishal,1290559,Median duration of any breastfeeding,33.1,1,BD,Bangladesh,2014,BD2014DHS,CN_BFDR_C_MDA,104336010,I,360001,1360010,Region,Barishal,0,,0,1,CNBFDRCMDA,BDDHS2014360001,2014,DHS,,,,,1.0
BGD,Chattogram/Sylhet,1297472,Median duration of any breastfeeding,27.3,1,BD,Bangladesh,2014,BD2014DHS,CN_BFDR_C_MDA,104336010,I,360002,1360020,Region,Chattogram/Sylhet,0,,0,1,CNBFDRCMDA,BDDHS2014360002,2014,DHS,,,,,
BGD,Chattogram,1290568,Median duration of any breastfeeding,26.2,1,BD,Bangladesh,2014,BD2014DHS,CN_BFDR_C_MDA,104336010,I,360003,1360030,Region,..Chattogram,0,,0,1,CNBFDRCMDA,BDDHS2014360003,2014,DHS,,,,,1.0
BGD,Sylhet,1282921,Median duration of any breastfeeding,30.5,1,BD,Bangladesh,2014,BD2014DHS,CN_BFDR_C_MDA,104336010,I,360004,1360040,Region,..Sylhet,0,,0,1,CNBFDRCMDA,BDDHS2014360004,2014,DHS,,,,,1.0
BGD,Dhaka before 2015,1297450,Median duration of any breastfeeding,31.2,1,BD,Bangladesh,2014,BD2014DHS,CN_BFDR_C_MDA,104336010,I,360005,1360050,Region,Dhaka before 2015,0,,0,1,CNBFDRCMDA,BDDHS2014360005,2014,DHS,,,,,1.0
BGD,Rajshahi,1304563,Median duration of any breastfeeding,33.9,1,BD,Bangladesh,2014,BD2014DHS,CN_BFDR_C_MDA,104336010,I,360009,1360090,Region,..Rajshahi,0,,0,1,CNBFDRCMDA,BDDHS2014360009,2014,DHS,,,,,1.0
BGD,Barishal,4391595,Breastfed children 6-23 months fed both 4+ food groups and the minimum meal frequency,25.3,1,BD,Bangladesh,2014,BD2014DHS,CN_IYCF_C_BTB,104436030,I,360001,1360010,Region,Barishal,0,,0,1,CNIYCFCBTB,BDDHS2014360001,2014,DHS,131.0,262.0,,,1.0
BGD,Chattogram/Sylhet,6623400,Breastfed children 6-23 months fed both 4+ food groups and the minimum meal frequency,18.2,1,BD,Bangladesh,2014,BD2014DHS,CN_IYCF_C_BTB,104436030,I,360002,1360020,Region,Chattogram/Sylhet,0,,0,1,CNIYCFCBTB,BDDHS2014360002,2014,DHS,670.0,720.0,,,
BGD,Chattogram,4332191,Breastfed children 6-23 months fed both 4+ food groups and the minimum meal frequency,18.2,1,BD,Bangladesh,2014,BD2014DHS,CN_IYCF_C_BTB,104436030,I,360003,1360030,Region,..Chattogram,0,,0,1,CNIYCFCBTB,BDDHS2014360003,2014,DHS,471.0,397.0,,,1.0
BGD,Sylhet,5005425,Breastfed children 6-23 months fed both 4+ food groups and the minimum meal frequency,18.2,1,BD,Bangladesh,2014,BD2014DHS,CN_IYCF_C_BTB,104436030,I,360004,1360040,Region,..Sylhet,0,,0,1,CNIYCFCBTB,BDDHS2014360004,2014,DHS,199.0,323.0,,,1.0
BGD,Dhaka before 2015,1297491,Breastfed children 6-23 months fed both 4+ food groups and the minimum meal frequency,23.3,1,BD,Bangladesh,2014,BD2014DHS,CN_IYCF_C_BTB,104436030,I,360005,1360050,Region,Dhaka before 2015,0,,0,1,CNIYCFCBTB,BDDHS2014360005,2014,DHS,843.0,403.0,,,1.0
BGD,Khulna,490585,Breastfed children 6-23 months fed both 4+ food groups and the minimum meal frequency,31.2,1,BD,Bangladesh,2014,BD2014DHS,CN_IYCF_C_BTB,104436030,I,360006,1360060,Region,Khulna,0,,0,1,CNIYCFCBTB,BDDHS2014360006,2014,DHS,183.0,262.0,,,1.0
BGD,Rajshahi/Rangpur,6036589,Breastfed children 6-23 months fed both 4+ food groups and the minimum meal frequency,25.7,1,BD,Bangladesh,2014,BD2014DHS,CN_IYCF_C_BTB,104436030,I,360007,1360070,Region,Rajshahi/Rangpur,0,,0,1,CNIYCFCBTB,BDDHS2014360007,2014,DHS,456.0,558.0,,,
BGD,Rangpur,239743,Breastfed children 6-23 months fed both 4+ food groups and the minimum meal frequency,24.2,1,BD,Bangladesh,2014,BD2014DHS,CN_IYCF_C_BTB,104436030,I,360008,1360080,Region,..Rangpur,0,,0,1,CNIYCFCBTB,BDDHS2014360008,2014,DHS,212.0,274.0,,,1.0
BGD,Rajshahi,3578085,Breastfed children 6-23 months fed both 4+ food groups and the minimum meal frequency,27.1,1,BD,Bangladesh,2014,BD2014DHS,CN_IYCF_C_BTB,104436030,I,360009,1360090,Region,..Rajshahi,0,,0,1,CNIYCFCBTB,BDDHS2014360009,2014,DHS,244.0,284.0,,,1.0
BGD,Chattogram/Sylhet,4378842,Non-breastfed children 6-23 months fed milk or milk products,44.4,1,BD,Bangladesh,2014,BD2014DHS,CN_IYCF_C_MKN,104436060,I,360002,1360020,Region,Chattogram/Sylhet,0,,0,1,CNIYCFCMKN,BDDHS2014360002,2014,DHS,62.0,60.0,,,
BGD,Chattogram,4732794,Non-breastfed children 6-23 months fed milk or milk products,46.7,1,BD,Bangladesh,2014,BD2014DHS,CN_IYCF_C_MKN,104436060,I,360003,1360030,Region,..Chattogram,0,,0,1,CNIYCFCMKN,BDDHS2014360003,2014,DHS,51.0,42.0,,,1.0
BGD,Dhaka before 2015,5767064,Non-breastfed children 6-23 months fed milk or milk products,71.9,1,BD,Bangladesh,2014,BD2014DHS,CN_IYCF_C_MKN,104436060,I,360005,1360050,Region,Dhaka before 2015,0,,0,1,CNIYCFCMKN,BDDHS2014360005,2014,DHS,75.0,37.0,,,1.0
BGD,Chattogram/Sylhet,4378845,Non-breastfed children 6-23 months with 3 IYCF practices,13.6,1,BD,Bangladesh,2014,BD2014DHS,CN_IYCF_C_3PN,104436090,I,360002,1360020,Region,Chattogram/Sylhet,0,,0,1,CNIYCFC3PN,BDDHS2014360002,2014,DHS,62.0,60.0,,,
BGD,Chattogram,4732797,Non-breastfed children 6-23 months with 3 IYCF practices,16.5,1,BD,Bangladesh,2014,BD2014DHS,CN_IYCF_C_3PN,104436090,I,360003,1360030,Region,..Chattogram,0,,0,1,CNIYCFC3PN,BDDHS2014360003,2014,DHS,51.0,42.0,,,1.0
BGD,Dhaka before 2015,5767104,Non-breastfed children 6-23 months with 3 IYCF practices,25.3,1,BD,Bangladesh,2014,BD2014DHS,CN_IYCF_C_3PN,104436090,I,360005,1360050,Region,Dhaka before 2015,0,,0,1,CNIYCFC3PN,BDDHS2014360005,2014,DHS,75.0,37.0,,,1.0
BGD,Barishal,5221957,Children 6-23 months fed 5+ food groups,28.6,1,BD,Bangladesh,2014,BD2014DHS,CN_IYCF_C_4FA,104436130,I,360001,1360010,Region,Barishal,0,,0,1,CNIYCFC4FA,BDDHS2014360001,2014,DHS,136.0,273.0,,,1.0
BGD,Chattogram/Sylhet,1297512,Children 6-23 months fed 5+ food groups,22.9,1,BD,Bangladesh,2014,BD2014DHS,CN_IYCF_C_4FA,104436130,I,360002,1360020,Region,Chattogram/Sylhet,0,,0,1,CNIYCFC4FA,BDDHS2014360002,2014,DHS,732.0,780.0,,,
BGD,Chattogram,5418366,Children 6-23 months fed 5+ food groups,22.8,1,BD,Bangladesh,2014,BD2014DHS,CN_IYCF_C_4FA,104436130,I,360003,1360030,Region,..Chattogram,0,,0,1,CNIYCFC4FA,BDDHS2014360003,2014,DHS,522.0,439.0,,,1.0
BGD,Sylhet,6225404,Children 6-23 months fed 5+ food groups,23.1,1,BD,Bangladesh,2014,BD2014DHS,CN_IYCF_C_4FA,104436130,I,360004,1360040,Region,..Sylhet,0,,0,1,CNIYCFC4FA,BDDHS2014360004,2014,DHS,210.0,341.0,,,1.0
BGD,Dhaka before 2015,167711,Children 6-23 months fed 5+ food groups,26.6,1,BD,Bangladesh,2014,BD2014DHS,CN_IYCF_C_4FA,104436130,I,360005,1360050,Region,Dhaka before 2015,0,,0,1,CNIYCFC4FA,BDDHS2014360005,2014,DHS,919.0,440.0,,,1.0
BGD,Khulna,3573117,Children 6-23 months fed 5+ food groups,34.6,1,BD,Bangladesh,2014,BD2014DHS,CN_IYCF_C_4FA,104436130,I,360006,1360060,Region,Khulna,0,,0,1,CNIYCFC4FA,BDDHS2014360006,2014,DHS,191.0,274.0,,,1.0
BGD,Rajshahi/Rangpur,4634115,Children 6-23 months fed 5+ food groups,28.3,1,BD,Bangladesh,2014,BD2014DHS,CN_IYCF_C_4FA,104436130,I,360007,1360070,Region,Rajshahi/Rangpur,0,,0,1,CNIYCFC4FA,BDDHS2014360007,2014,DHS,464.0,569.0,,,
BGD,Rangpur,3233124,Children 6-23 months fed 5+ food groups,28.6,1,BD,Bangladesh,2014,BD2014DHS,CN_IYCF_C_4FA,104436130,I,360008,1360080,Region,..Rangpur,0,,0,1,CNIYCFC4FA,BDDHS2014360008,2014,DHS,214.0,277.0,,,1.0
BGD,Rajshahi,4988447,Children 6-23 months fed 5+ food groups,28.0,1,BD,Bangladesh,2014,BD2014DHS,CN_IYCF_C_4FA,104436130,I,360009,1360090,Region,..Rajshahi,0,,0,1,CNIYCFC4FA,BDDHS2014360009,2014,DHS,250.0,292.0,,,1.0
BGD,Barishal,5221958,Children 6-23 months fed the minimum meal frequency,61.5,1,BD,Bangladesh,2014,BD2014DHS,CN_IYCF_C_MNA,104436140,I,360001,1360010,Region,Barishal,0,,0,1,CNIYCFCMNA,BDDHS2014360001,2014,DHS,136.0,273.0,,,1.0
BGD,Chattogram/Sylhet,1297513,Children 6-23 months fed the minimum meal frequency,57.4,1,BD,Bangladesh,2014,BD2014DHS,CN_IYCF_C_MNA,104436140,I,360002,1360020,Region,Chattogram/Sylhet,0,,0,1,CNIYCFCMNA,BDDHS2014360002,2014,DHS,732.0,780.0,,,
BGD,Chattogram,5418380,Children 6-23 months fed the minimum meal frequency,56.9,1,BD,Bangladesh,2014,BD2014DHS,CN_IYCF_C_MNA,104436140,I,360003,1360030,Region,..Chattogram,0,,0,1,CNIYCFCMNA,BDDHS2014360003,2014,DHS,522.0,439.0,,,1.0
BGD,Sylhet,6225405,Children 6-23 months fed the minimum meal frequency,58.5,1,BD,Bangladesh,2014,BD2014DHS,CN_IYCF_C_MNA,104436140,I,360004,1360040,Region,..Sylhet,0,,0,1,CNIYCFCMNA,BDDHS2014360004,2014,DHS,210.0,341.0,,,1.0
BGD,Dhaka before 2015,167712,Children 6-23 months fed the minimum meal frequency,61.8,1,BD,Bangladesh,2014,BD2014DHS,CN_IYCF_C_MNA,104436140,I,360005,1360050,Region,Dhaka before 2015,0,,0,1,CNIYCFCMNA,BDDHS2014360005,2014,DHS,919.0,440.0,,,1.0
BGD,Khulna,3573118,Children 6-23 months fed the minimum meal frequency,80.1,1,BD,Bangladesh,2014,BD2014DHS,CN_IYCF_C_MNA,104436140,I,360006,1360060,Region,Khulna,0,,0,1,CNIYCFCMNA,BDDHS2014360006,2014,DHS,191.0,274.0,,,1.0
BGD,Rajshahi/Rangpur,4634116,Children 6-23 months fed the minimum meal frequency,70.8,1,BD,Bangladesh,2014,BD2014DHS,CN_IYCF_C_MNA,104436140,I,360007,1360070,Region,Rajshahi/Rangpur,0,,0,1,CNIYCFCMNA,BDDHS2014360007,2014,DHS,464.0,569.0,,,
BGD,Rangpur,3233160,Children 6-23 months fed the minimum meal frequency,67.2,1,BD,Bangladesh,2014,BD2014DHS,CN_IYCF_C_MNA,104436140,I,360008,1360080,Region,..Rangpur,0,,0,1,CNIYCFCMNA,BDDHS2014360008,2014,DHS,214.0,277.0,,,1.0
BGD,Rajshahi,4988448,Children 6-23 months fed the minimum meal frequency,73.9,1,BD,Bangladesh,2014,BD2014DHS,CN_IYCF_C_MNA,104436140,I,360009,1360090,Region,..Rajshahi,0,,0,1,CNIYCFCMNA,BDDHS2014360009,2014,DHS,250.0,292.0,,,1.0
BGD,Barishal,5221959,Children 6-23 months with 3 IYCF practices,24.3,1,BD,Bangladesh,2014,BD2014DHS,CN_IYCF_C_3PA,104436150,I,360001,1360010,Region,Barishal,0,,0,1,CNIYCFC3PA,BDDHS2014360001,2014,DHS,136.0,273.0,,,1.0
BGD,Chattogram/Sylhet,1297514,Children 6-23 months with 3 IYCF practices,17.8,1,BD,Bangladesh,2014,BD2014DHS,CN_IYCF_C_3PA,104436150,I,360002,1360020,Region,Chattogram/Sylhet,0,,0,1,CNIYCFC3PA,BDDHS2014360002,2014,DHS,732.0,780.0,,,
BGD,Chattogram,5418381,Children 6-23 months with 3 IYCF practices,18.0,1,BD,Bangladesh,2014,BD2014DHS,CN_IYCF_C_3PA,104436150,I,360003,1360030,Region,..Chattogram,0,,0,1,CNIYCFC3PA,BDDHS2014360003,2014,DHS,522.0,439.0,,,1.0
BGD,Sylhet,6225406,Children 6-23 months with 3 IYCF practices,17.2,1,BD,Bangladesh,2014,BD2014DHS,CN_IYCF_C_3PA,104436150,I,360004,1360040,Region,..Sylhet,0,,0,1,CNIYCFC3PA,BDDHS2014360004,2014,DHS,210.0,341.0,,,1.0
BGD,Dhaka before 2015,167713,Children 6-23 months with 3 IYCF practices,23.5,1,BD,Bangladesh,2014,BD2014DHS,CN_IYCF_C_3PA,104436150,I,360005,1360050,Region,Dhaka before 2015,0,,0,1,CNIYCFC3PA,BDDHS2014360005,2014,DHS,919.0,440.0,,,1.0
BGD,Khulna,3573119,Children 6-23 months with 3 IYCF practices,31.0,1,BD,Bangladesh,2014,BD2014DHS,CN_IYCF_C_3PA,104436150,I,360006,1360060,Region,Khulna,0,,0,1,CNIYCFC3PA,BDDHS2014360006,2014,DHS,191.0,274.0,,,1.0
BGD,Rajshahi/Rangpur,4634118,Children 6-23 months with 3 IYCF practices,25.6,1,BD,Bangladesh,2014,BD2014DHS,CN_IYCF_C_3PA,104436150,I,360007,1360070,Region,Rajshahi/Rangpur,0,,0,1,CNIYCFC3PA,BDDHS2014360007,2014,DHS,464.0,569.0,,,
BGD,Rangpur,3233161,Children 6-23 months with 3 IYCF practices,24.1,1,BD,Bangladesh,2014,BD2014DHS,CN_IYCF_C_3PA,104436150,I,360008,1360080,Region,..Rangpur,0,,0,1,CNIYCFC3PA,BDDHS2014360008,2014,DHS,214.0,277.0,,,1.0
BGD,Rajshahi,4988449,Children 6-23 months with 3 IYCF practices,27.0,1,BD,Bangladesh,2014,BD2014DHS,CN_IYCF_C_3PA,104436150,I,360009,1360090,Region,..Rajshahi,0,,0,1,CNIYCFC3PA,BDDHS2014360009,2014,DHS,250.0,292.0,,,1.0
BGD,Barishal,2684217,Children ever breastfed,98.8,1,BD,Bangladesh,2017,BD2017DHS,CN_BRFI_C_EVR,104266010,I,360001,1360010,Region,Barishal,0,,0,1,CNBRFICEVR,BDDHS2017360001,2017-18,DHS,208.0,387.0,,,1.0
BGD,Chattogram/Sylhet,541335,Children ever breastfed,98.7,1,BD,Bangladesh,2017,BD2017DHS,CN_BRFI_C_EVR,104266010,I,360002,1360020,Region,Chattogram/Sylhet,0,,0,1,CNBRFICEVR,BDDHS2017360002,2017-18,DHS,1016.0,1069.0,,,
BGD,Chattogram,3185815,Children ever breastfed,99.0,1,BD,Bangladesh,2017,BD2017DHS,CN_BRFI_C_EVR,104266010,I,360003,1360030,Region,..Chattogram,0,,0,1,CNBRFICEVR,BDDHS2017360003,2017-18,DHS,738.0,575.0,,,1.0
BGD,Sylhet,3583522,Children ever breastfed,98.1,1,BD,Bangladesh,2017,BD2017DHS,CN_BRFI_C_EVR,104266010,I,360004,1360040,Region,..Sylhet,0,,0,1,CNBRFICEVR,BDDHS2017360004,2017-18,DHS,278.0,494.0,,,1.0
BGD,Dhaka before 2015,4227125,Children ever breastfed,98.5,1,BD,Bangladesh,2017,BD2017DHS,CN_BRFI_C_EVR,104266010,I,360005,1360050,Region,Dhaka before 2015,0,,0,1,CNBRFICEVR,BDDHS2017360005,2017-18,DHS,1185.0,926.0,,,
BGD,Dhaka,4055008,Children ever breastfed,98.3,1,BD,Bangladesh,2017,BD2017DHS,CN_BRFI_C_EVR,104266010,I,360010,1360052,Region,..Dhaka,0,,0,1,CNBRFICEVR,BDDHS2017360010,2017-18,DHS,887.0,508.0,,,1.0
BGD,Mymensingh,6619883,Children ever breastfed,99.3,1,BD,Bangladesh,2017,BD2017DHS,CN_BRFI_C_EVR,104266010,I,360011,1360055,Region,..Mymensingh,0,,0,1,CNBRFICEVR,BDDHS2017360011,2017-18,DHS,298.0,418.0,,,1.0
BGD,Khulna,6300332,Children ever breastfed,99.1,1,BD,Bangladesh,2017,BD2017DHS,CN_BRFI_C_EVR,104266010,I,360006,1360060,Region,Khulna,0,,0,1,CNBRFICEVR,BDDHS2017360006,2017-18,DHS,322.0,362.0,,,1.0
BGD,Rajshahi/Rangpur,6939109,Children ever breastfed,98.8,1,BD,Bangladesh,2017,BD2017DHS,CN_BRFI_C_EVR,104266010,I,360007,1360070,Region,Rajshahi/Rangpur,0,,0,1,CNBRFICEVR,BDDHS2017360007,2017-18,DHS,766.0,746.0,,,
BGD,Rangpur,2862104,Children ever breastfed,99.1,1,BD,Bangladesh,2017,BD2017DHS,CN_BRFI_C_EVR,104266010,I,360008,1360080,Region,..Rangpur,0,,0,1,CNBRFICEVR,BDDHS2017360008,2017-18,DHS,379.0,394.0,,,1.0
BGD,Rajshahi,849187,Children ever breastfed,98.6,1,BD,Bangladesh,2017,BD2017DHS,CN_BRFI_C_EVR,104266010,I,360009,1360090,Region,..Rajshahi,0,,0,1,CNBRFICEVR,BDDHS2017360009,2017-18,DHS,387.0,352.0,,,1.0
BGD,Barishal,2684216,Children who started breastfeeding within 1 hour of birth,61.0,1,BD,Bangladesh,2017,BD2017DHS,CN_BRFI_C_1HR,104266020,I,360001,1360010,Region,Barishal,0,,0,1,CNBRFIC1HR,BDDHS2017360001,2017-18,DHS,208.0,387.0,,,1.0
BGD,Chattogram/Sylhet,541306,Children who started breastfeeding within 1 hour of birth,57.8,1,BD,Bangladesh,2017,BD2017DHS,CN_BRFI_C_1HR,104266020,I,360002,1360020,Region,Chattogram/Sylhet,0,,0,1,CNBRFIC1HR,BDDHS2017360002,2017-18,DHS,1016.0,1069.0,,,
BGD,Chattogram,3185757,Children who started breastfeeding within 1 hour of birth,54.5,1,BD,Bangladesh,2017,BD2017DHS,CN_BRFI_C_1HR,104266020,I,360003,1360030,Region,..Chattogram,0,,0,1,CNBRFIC1HR,BDDHS2017360003,2017-18,DHS,738.0,575.0,,,1.0
BGD,Sylhet,3583528,Children who started breastfeeding within 1 hour of birth,66.7,1,BD,Bangladesh,2017,BD2017DHS,CN_BRFI_C_1HR,104266020,I,360004,1360040,Region,..Sylhet,0,,0,1,CNBRFIC1HR,BDDHS2017360004,2017-18,DHS,278.0,494.0,,,1.0
BGD,Dhaka before 2015,4227126,Children who started breastfeeding within 1 hour of birth,62.2,1,BD,Bangladesh,2017,BD2017DHS,CN_BRFI_C_1HR,104266020,I,360005,1360050,Region,Dhaka before 2015,0,,0,1,CNBRFIC1HR,BDDHS2017360005,2017-18,DHS,1185.0,926.0,,,
BGD,Dhaka,4076672,Children who started breastfeeding within 1 hour of birth,61.4,1,BD,Bangladesh,2017,BD2017DHS,CN_BRFI_C_1HR,104266020,I,360010,1360052,Region,..Dhaka,0,,0,1,CNBRFIC1HR,BDDHS2017360010,2017-18,DHS,887.0,508.0,,,1.0
BGD,Mymensingh,6619894,Children who started breastfeeding within 1 hour of birth,64.4,1,BD,Bangladesh,2017,BD2017DHS,CN_BRFI_C_1HR,104266020,I,360011,1360055,Region,..Mymensingh,0,,0,1,CNBRFIC1HR,BDDHS2017360011,2017-18,DHS,298.0,418.0,,,1.0
BGD,Khulna,6300331,Children who started breastfeeding within 1 hour of birth,51.0,1,BD,Bangladesh,2017,BD2017DHS,CN_BRFI_C_1HR,104266020,I,360006,1360060,Region,Khulna,0,,0,1,CNBRFIC1HR,BDDHS2017360006,2017-18,DHS,322.0,362.0,,,1.0
BGD,Rajshahi/Rangpur,6939110,Children who started breastfeeding within 1 hour of birth,62.0,1,BD,Bangladesh,2017,BD2017DHS,CN_BRFI_C_1HR,104266020,I,360007,1360070,Region,Rajshahi/Rangpur,0,,0,1,CNBRFIC1HR,BDDHS2017360007,2017-18,DHS,766.0,746.0,,,
BGD,Rangpur,2862103,Children who started breastfeeding within 1 hour of birth,66.1,1,BD,Bangladesh,2017,BD2017DHS,CN_BRFI_C_1HR,104266020,I,360008,1360080,Region,..Rangpur,0,,0,1,CNBRFIC1HR,BDDHS2017360008,2017-18,DHS,379.0,394.0,,,1.0
BGD,Rajshahi,849184,Children who started breastfeeding within 1 hour of birth,58.0,1,BD,Bangladesh,2017,BD2017DHS,CN_BRFI_C_1HR,104266020,I,360009,1360090,Region,..Rajshahi,0,,0,1,CNBRFIC1HR,BDDHS2017360009,2017-18,DHS,387.0,352.0,,,1.0
BGD,Barishal,1367975,Median duration of any breastfeeding,30.0,1,BD,Bangladesh,2017,BD2017DHS,CN_BFDR_C_MDA,104336010,I,360001,1360010,Region,Barishal,0,,0,1,CNBFDRCMDA,BDDHS2017360001,2017-18,DHS,,,,,1.0
BGD,Chattogram/Sylhet,1361818,Median duration of any breastfeeding,25.3,1,BD,Bangladesh,2017,BD2017DHS,CN_BFDR_C_MDA,104336010,I,360002,1360020,Region,Chattogram/Sylhet,0,,0,1,CNBFDRCMDA,BDDHS2017360002,2017-18,DHS,,,,,
BGD,Chattogram,1367988,Median duration of any breastfeeding,24.7,1,BD,Bangladesh,2017,BD2017DHS,CN_BFDR_C_MDA,104336010,I,360003,1360030,Region,..Chattogram,0,,0,1,CNBFDRCMDA,BDDHS2017360003,2017-18,DHS,,,,,1.0
BGD,Sylhet,1367960,Median duration of any breastfeeding,31.1,1,BD,Bangladesh,2017,BD2017DHS,CN_BFDR_C_MDA,104336010,I,360004,1360040,Region,..Sylhet,0,,0,1,CNBFDRCMDA,BDDHS2017360004,2017-18,DHS,,,,,1.0
BGD,Dhaka before 2015,1361790,Median duration of any breastfeeding,28.7,1,BD,Bangladesh,2017,BD2017DHS,CN_BFDR_C_MDA,104336010,I,360005,1360050,Region,Dhaka before 2015,0,,0,1,CNBFDRCMDA,BDDHS2017360005,2017-18,DHS,,,,,
BGD,Dhaka,1361797,Median duration of any breastfeeding,27.8,1,BD,Bangladesh,2017,BD2017DHS,CN_BFDR_C_MDA,104336010,I,360010,1360052,Region,..Dhaka,0,,0,1,CNBFDRCMDA,BDDHS2017360010,2017-18,DHS,,,,,1.0
BGD,Mymensingh,1367974,Median duration of any breastfeeding,32.1,1,BD,Bangladesh,2017,BD2017DHS,CN_BFDR_C_MDA,104336010,I,360011,1360055,Region,..Mymensingh,0,,0,1,CNBFDRCMDA,BDDHS2017360011,2017-18,DHS,,,,,1.0
BGD,Rajshahi,1381726,Median duration of any breastfeeding,34.7,1,BD,Bangladesh,2017,BD2017DHS,CN_BFDR_C_MDA,104336010,I,360009,1360090,Region,..Rajshahi,0,,0,1,CNBFDRCMDA,BDDHS2017360009,2017-18,DHS,,,,,1.0
BGD,Barishal,4860228,Breastfed children 6-23 months fed both 4+ food groups and the minimum meal frequency,32.5,1,BD,Bangladesh,2017,BD2017DHS,CN_IYCF_C_BTB,104436030,I,360001,1360010,Region,Barishal,0,,0,1,CNIYCFCBTB,BDDHS2017360001,2017-18,DHS,134.0,249.0,,,1.0
BGD,Chattogram/Sylhet,4315055,Breastfed children 6-23 months fed both 4+ food groups and the minimum meal frequency,32.7,1,BD,Bangladesh,2017,BD2017DHS,CN_IYCF_C_BTB,104436030,I,360002,1360020,Region,Chattogram/Sylhet,0,,0,1,CNIYCFCBTB,BDDHS2017360002,2017-18,DHS,653.0,690.0,,,
BGD,Chattogram,6620116,Breastfed children 6-23 months fed both 4+ food groups and the minimum meal frequency,34.7,1,BD,Bangladesh,2017,BD2017DHS,CN_IYCF_C_BTB,104436030,I,360003,1360030,Region,..Chattogram,0,,0,1,CNIYCFCBTB,BDDHS2017360003,2017-18,DHS,469.0,365.0,,,1.0
BGD,Sylhet,1367977,Breastfed children 6-23 months fed both 4+ food groups and the minimum meal frequency,27.8,1,BD,Bangladesh,2017,BD2017DHS,CN_IYCF_C_BTB,104436030,I,360004,1360040,Region,..Sylhet,0,,0,1,CNIYCFCBTB,BDDHS2017360004,2017-18,DHS,184.0,325.0,,,1.0
BGD,Dhaka before 2015,21911,Breastfed children 6-23 months fed both 4+ food groups and the minimum meal frequency,37.7,1,BD,Bangladesh,2017,BD2017DHS,CN_IYCF_C_BTB,104436030,I,360005,1360050,Region,Dhaka before 2015,0,,0,1,CNIYCFCBTB,BDDHS2017360005,2017-18,DHS,757.0,592.0,,,
BGD,Dhaka,7126690,Breastfed children 6-23 months fed both 4+ food groups and the minimum meal frequency,38.9,1,BD,Bangladesh,2017,BD2017DHS,CN_IYCF_C_BTB,104436030,I,360010,1360052,Region,..Dhaka,0,,0,1,CNIYCFCBTB,BDDHS2017360010,2017-18,DHS,561.0,317.0,,,1.0
BGD,Mymensingh,1367994,Breastfed children 6-23 months fed both 4+ food groups and the minimum meal frequency,34.2,1,BD,Bangladesh,2017,BD2017DHS,CN_IYCF_C_BTB,104436030,I,360011,1360055,Region,..Mymensingh,0,,0,1,CNIYCFCBTB,BDDHS2017360011,2017-18,DHS,196.0,275.0,,,1.0
BGD,Khulna,5417496,Breastfed children 6-23 months fed both 4+ food groups and the minimum meal frequency,35.3,1,BD,Bangladesh,2017,BD2017DHS,CN_IYCF_C_BTB,104436030,I,360006,1360060,Region,Khulna,0,,0,1,CNIYCFCBTB,BDDHS2017360006,2017-18,DHS,213.0,234.0,,,1.0
BGD,Rajshahi/Rangpur,2594058,Breastfed children 6-23 months fed both 4+ food groups and the minimum meal frequency,39.1,1,BD,Bangladesh,2017,BD2017DHS,CN_IYCF_C_BTB,104436030,I,360007,1360070,Region,Rajshahi/Rangpur,0,,0,1,CNIYCFCBTB,BDDHS2017360007,2017-18,DHS,540.0,516.0,,,
BGD,Rangpur,6751799,Breastfed children 6-23 months fed both 4+ food groups and the minimum meal frequency,45.2,1,BD,Bangladesh,2017,BD2017DHS,CN_IYCF_C_BTB,104436030,I,360008,1360080,Region,..Rangpur,0,,0,1,CNIYCFCBTB,BDDHS2017360008,2017-18,DHS,273.0,277.0,,,1.0
BGD,Rajshahi,4724149,Breastfed children 6-23 months fed both 4+ food groups and the minimum meal frequency,32.9,1,BD,Bangladesh,2017,BD2017DHS,CN_IYCF_C_BTB,104436030,I,360009,1360090,Region,..Rajshahi,0,,0,1,CNIYCFCBTB,BDDHS2017360009,2017-18,DHS,266.0,239.0,,,1.0
BGD,Chattogram/Sylhet,6593740,Non-breastfed children 6-23 months fed milk or milk products,36.3,1,BD,Bangladesh,2017,BD2017DHS,CN_IYCF_C_MKN,104436060,I,360002,1360020,Region,Chattogram/Sylhet,0,,0,1,CNIYCFCMKN,BDDHS2017360002,2017-18,DHS,45.0,46.0,,,
BGD,Chattogram,415142,Non-breastfed children 6-23 months fed milk or milk products,33.6,1,BD,Bangladesh,2017,BD2017DHS,CN_IYCF_C_MKN,104436060,I,360003,1360030,Region,..Chattogram,0,,0,1,CNIYCFCMKN,BDDHS2017360003,2017-18,DHS,35.0,28.0,,,1.0
BGD,Dhaka before 2015,5543849,Non-breastfed children 6-23 months fed milk or milk products,41.2,1,BD,Bangladesh,2017,BD2017DHS,CN_IYCF_C_MKN,104436060,I,360005,1360050,Region,Dhaka before 2015,0,,0,1,CNIYCFCMKN,BDDHS2017360005,2017-18,DHS,76.0,56.0,,,
BGD,Dhaka,250660,Non-breastfed children 6-23 months fed milk or milk products,37.8,1,BD,Bangladesh,2017,BD2017DHS,CN_IYCF_C_MKN,104436060,I,360010,1360052,Region,..Dhaka,0,,0,1,CNIYCFCMKN,BDDHS2017360010,2017-18,DHS,62.0,38.0,,,1.0
BGD,Chattogram/Sylhet,6593739,Non-breastfed children 6-23 months with 3 IYCF practices,25.7,1,BD,Bangladesh,2017,BD2017DHS,CN_IYCF_C_3PN,104436090,I,360002,1360020,Region,Chattogram/Sylhet,0,,0,1,CNIYCFC3PN,BDDHS2017360002,2017-18,DHS,45.0,46.0,,,
BGD,Chattogram,415094,Non-breastfed children 6-23 months with 3 IYCF practices,26.5,1,BD,Bangladesh,2017,BD2017DHS,CN_IYCF_C_3PN,104436090,I,360003,1360030,Region,..Chattogram,0,,0,1,CNIYCFC3PN,BDDHS2017360003,2017-18,DHS,35.0,28.0,,,1.0
BGD,Dhaka before 2015,5543852,Non-breastfed children 6-23 months with 3 IYCF practices,23.6,1,BD,Bangladesh,2017,BD2017DHS,CN_IYCF_C_3PN,104436090,I,360005,1360050,Region,Dhaka before 2015,0,,0,1,CNIYCFC3PN,BDDHS2017360005,2017-18,DHS,76.0,56.0,,,
BGD,Dhaka,250724,Non-breastfed children 6-23 months with 3 IYCF practices,18.3,1,BD,Bangladesh,2017,BD2017DHS,CN_IYCF_C_3PN,104436090,I,360010,1360052,Region,..Dhaka,0,,0,1,CNIYCFC3PN,BDDHS2017360010,2017-18,DHS,62.0,38.0,,,1.0
BGD,Barishal,1367996,Children 6-23 months fed 5+ food groups,34.1,1,BD,Bangladesh,2017,BD2017DHS,CN_IYCF_C_4FA,104436130,I,360001,1360010,Region,Barishal,0,,0,1,CNIYCFC4FA,BDDHS2017360001,2017-18,DHS,141.0,262.0,,,1.0
BGD,Chattogram/Sylhet,1361822,Children 6-23 months fed 5+ food groups,36.2,1,BD,Bangladesh,2017,BD2017DHS,CN_IYCF_C_4FA,104436130,I,360002,1360020,Region,Chattogram/Sylhet,0,,0,1,CNIYCFC4FA,BDDHS2017360002,2017-18,DHS,698.0,736.0,,,
BGD,Chattogram,5740688,Children 6-23 months fed 5+ food groups,38.0,1,BD,Bangladesh,2017,BD2017DHS,CN_IYCF_C_4FA,104436130,I,360003,1360030,Region,..Chattogram,0,,0,1,CNIYCFC4FA,BDDHS2017360003,2017-18,DHS,504.0,393.0,,,1.0
BGD,Sylhet,3668763,Children 6-23 months fed 5+ food groups,31.5,1,BD,Bangladesh,2017,BD2017DHS,CN_IYCF_C_4FA,104436130,I,360004,1360040,Region,..Sylhet,0,,0,1,CNIYCFC4FA,BDDHS2017360004,2017-18,DHS,194.0,343.0,,,1.0
BGD,Dhaka before 2015,4768987,Children 6-23 months fed 5+ food groups,39.4,1,BD,Bangladesh,2017,BD2017DHS,CN_IYCF_C_4FA,104436130,I,360005,1360050,Region,Dhaka before 2015,0,,0,1,CNIYCFC4FA,BDDHS2017360005,2017-18,DHS,833.0,648.0,,,
BGD,Dhaka,627626,Children 6-23 months fed 5+ food groups,40.3,1,BD,Bangladesh,2017,BD2017DHS,CN_IYCF_C_4FA,104436130,I,360010,1360052,Region,..Dhaka,0,,0,1,CNIYCFC4FA,BDDHS2017360010,2017-18,DHS,623.0,355.0,,,1.0
BGD,Mymensingh,3001966,Children 6-23 months fed 5+ food groups,36.8,1,BD,Bangladesh,2017,BD2017DHS,CN_IYCF_C_4FA,104436130,I,360011,1360055,Region,..Mymensingh,0,,0,1,CNIYCFC4FA,BDDHS2017360011,2017-18,DHS,210.0,293.0,,,1.0
BGD,Khulna,4789570,Children 6-23 months fed 5+ food groups,36.8,1,BD,Bangladesh,2017,BD2017DHS,CN_IYCF_C_4FA,104436130,I,360006,1360060,Region,Khulna,0,,0,1,CNIYCFC4FA,BDDHS2017360006,2017-18,DHS,218.0,240.0,,,1.0
BGD,Rajshahi/Rangpur,5821205,Children 6-23 months fed 5+ food groups,41.4,1,BD,Bangladesh,2017,BD2017DHS,CN_IYCF_C_4FA,104436130,I,360007,1360070,Region,Rajshahi/Rangpur,0,,0,1,CNIYCFC4FA,BDDHS2017360007,2017-18,DHS,558.0,539.0,,,
BGD,Rangpur,5329867,Children 6-23 months fed 5+ food groups,47.3,1,BD,Bangladesh,2017,BD2017DHS,CN_IYCF_C_4FA,104436130,I,360008,1360080,Region,..Rangpur,0,,0,1,CNIYCFC4FA,BDDHS2017360008,2017-18,DHS,278.0,284.0,,,1.0
BGD,Rajshahi,3768984,Children 6-23 months fed 5+ food groups,35.5,1,BD,Bangladesh,2017,BD2017DHS,CN_IYCF_C_4FA,104436130,I,360009,1360090,Region,..Rajshahi,0,,0,1,CNIYCFC4FA,BDDHS2017360009,2017-18,DHS,281.0,255.0,,,1.0
BGD,Barishal,1367997,Children 6-23 months fed the minimum meal frequency,76.5,1,BD,Bangladesh,2017,BD2017DHS,CN_IYCF_C_MNA,104436140,I,360001,1360010,Region,Barishal,0,,0,1,CNIYCFCMNA,BDDHS2017360001,2017-18,DHS,141.0,262.0,,,1.0
BGD,Chattogram/Sylhet,1361827,Children 6-23 months fed the minimum meal frequency,77.0,1,BD,Bangladesh,2017,BD2017DHS,CN_IYCF_C_MNA,104436140,I,360002,1360020,Region,Chattogram/Sylhet,0,,0,1,CNIYCFCMNA,BDDHS2017360002,2017-18,DHS,698.0,736.0,,,
BGD,Chattogram,5740708,Children 6-23 months fed the minimum meal frequency,76.5,1,BD,Bangladesh,2017,BD2017DHS,CN_IYCF_C_MNA,104436140,I,360003,1360030,Region,..Chattogram,0,,0,1,CNIYCFCMNA,BDDHS2017360003,2017-18,DHS,504.0,393.0,,,1.0
BGD,Sylhet,3668765,Children 6-23 months fed the minimum meal frequency,78.2,1,BD,Bangladesh,2017,BD2017DHS,CN_IYCF_C_MNA,104436140,I,360004,1360040,Region,..Sylhet,0,,0,1,CNIYCFCMNA,BDDHS2017360004,2017-18,DHS,194.0,343.0,,,1.0
BGD,Dhaka before 2015,4768988,Children 6-23 months fed the minimum meal frequency,82.9,1,BD,Bangladesh,2017,BD2017DHS,CN_IYCF_C_MNA,104436140,I,360005,1360050,Region,Dhaka before 2015,0,,0,1,CNIYCFCMNA,BDDHS2017360005,2017-18,DHS,833.0,648.0,,,
BGD,Dhaka,627627,Children 6-23 months fed the minimum meal frequency,81.6,1,BD,Bangladesh,2017,BD2017DHS,CN_IYCF_C_MNA,104436140,I,360010,1360052,Region,..Dhaka,0,,0,1,CNIYCFCMNA,BDDHS2017360010,2017-18,DHS,623.0,355.0,,,1.0
BGD,Mymensingh,3001994,Children 6-23 months fed the minimum meal frequency,86.6,1,BD,Bangladesh,2017,BD2017DHS,CN_IYCF_C_MNA,104436140,I,360011,1360055,Region,..Mymensingh,0,,0,1,CNIYCFCMNA,BDDHS2017360011,2017-18,DHS,210.0,293.0,,,1.0
BGD,Khulna,4789571,Children 6-23 months fed the minimum meal frequency,87.3,1,BD,Bangladesh,2017,BD2017DHS,CN_IYCF_C_MNA,104436140,I,360006,1360060,Region,Khulna,0,,0,1,CNIYCFCMNA,BDDHS2017360006,2017-18,DHS,218.0,240.0,,,1.0
BGD,Rajshahi/Rangpur,5821206,Children 6-23 months fed the minimum meal frequency,82.0,1,BD,Bangladesh,2017,BD2017DHS,CN_IYCF_C_MNA,104436140,I,360007,1360070,Region,Rajshahi/Rangpur,0,,0,1,CNIYCFCMNA,BDDHS2017360007,2017-18,DHS,558.0,539.0,,,
BGD,Rangpur,5329868,Children 6-23 months fed the minimum meal frequency,86.2,1,BD,Bangladesh,2017,BD2017DHS,CN_IYCF_C_MNA,104436140,I,360008,1360080,Region,..Rangpur,0,,0,1,CNIYCFCMNA,BDDHS2017360008,2017-18,DHS,278.0,284.0,,,1.0
BGD,Rajshahi,3768985,Children 6-23 months fed the minimum meal frequency,77.9,1,BD,Bangladesh,2017,BD2017DHS,CN_IYCF_C_MNA,104436140,I,360009,1360090,Region,..Rajshahi,0,,0,1,CNIYCFCMNA,BDDHS2017360009,2017-18,DHS,281.0,255.0,,,1.0
BGD,Barishal,1368006,Children 6-23 months with 3 IYCF practices,31.4,1,BD,Bangladesh,2017,BD2017DHS,CN_IYCF_C_3PA,104436150,I,360001,1360010,Region,Barishal,0,,0,1,CNIYCFC3PA,BDDHS2017360001,2017-18,DHS,141.0,262.0,,,1.0
BGD,Chattogram/Sylhet,1361828,Children 6-23 months with 3 IYCF practices,32.3,1,BD,Bangladesh,2017,BD2017DHS,CN_IYCF_C_3PA,104436150,I,360002,1360020,Region,Chattogram/Sylhet,0,,0,1,CNIYCFC3PA,BDDHS2017360002,2017-18,DHS,698.0,736.0,,,
BGD,Chattogram,5740709,Children 6-23 months with 3 IYCF practices,34.1,1,BD,Bangladesh,2017,BD2017DHS,CN_IYCF_C_3PA,104436150,I,360003,1360030,Region,..Chattogram,0,,0,1,CNIYCFC3PA,BDDHS2017360003,2017-18,DHS,504.0,393.0,,,1.0
BGD,Sylhet,3668766,Children 6-23 months with 3 IYCF practices,27.6,1,BD,Bangladesh,2017,BD2017DHS,CN_IYCF_C_3PA,104436150,I,360004,1360040,Region,..Sylhet,0,,0,1,CNIYCFC3PA,BDDHS2017360004,2017-18,DHS,194.0,343.0,,,1.0
BGD,Dhaka before 2015,4769064,Children 6-23 months with 3 IYCF practices,36.4,1,BD,Bangladesh,2017,BD2017DHS,CN_IYCF_C_3PA,104436150,I,360005,1360050,Region,Dhaka before 2015,0,,0,1,CNIYCFC3PA,BDDHS2017360005,2017-18,DHS,833.0,648.0,,,
BGD,Dhaka,627628,Children 6-23 months with 3 IYCF practices,36.9,1,BD,Bangladesh,2017,BD2017DHS,CN_IYCF_C_3PA,104436150,I,360010,1360052,Region,..Dhaka,0,,0,1,CNIYCFC3PA,BDDHS2017360010,2017-18,DHS,623.0,355.0,,,1.0
BGD,Mymensingh,3001996,Children 6-23 months with 3 IYCF practices,35.1,1,BD,Bangladesh,2017,BD2017DHS,CN_IYCF_C_3PA,104436150,I,360011,1360055,Region,..Mymensingh,0,,0,1,CNIYCFC3PA,BDDHS2017360011,2017-18,DHS,210.0,293.0,,,1.0
BGD,Khulna,4789572,Children 6-23 months with 3 IYCF practices,34.5,1,BD,Bangladesh,2017,BD2017DHS,CN_IYCF_C_3PA,104436150,I,360006,1360060,Region,Khulna,0,,0,1,CNIYCFC3PA,BDDHS2017360006,2017-18,DHS,218.0,240.0,,,1.0
BGD,Rajshahi/Rangpur,5821207,Children 6-23 months with 3 IYCF practices,39.2,1,BD,Bangladesh,2017,BD2017DHS,CN_IYCF_C_3PA,104436150,I,360007,1360070,Region,Rajshahi/Rangpur,0,,0,1,CNIYCFC3PA,BDDHS2017360007,2017-18,DHS,558.0,539.0,,,
BGD,Rangpur,5329869,Children 6-23 months with 3 IYCF practices,44.7,1,BD,Bangladesh,2017,BD2017DHS,CN_IYCF_C_3PA,104436150,I,360008,1360080,Region,..Rangpur,0,,0,1,CNIYCFC3PA,BDDHS2017360008,2017-18,DHS,278.0,284.0,,,1.0
BGD,Rajshahi,3768986,Children 6-23 months with 3 IYCF practices,33.7,1,BD,Bangladesh,2017,BD2017DHS,CN_IYCF_C_3PA,104436150,I,360009,1360090,Region,..Rajshahi,0,,0,1,CNIYCFC3PA,BDDHS2017360009,2017-18,DHS,281.0,255.0,,,1.0
BGD,Barishal,835346,Children ever breastfed,96.7,1,BD,Bangladesh,2022,BD2022DHS,CN_BRFI_C_EVR,104266010,I,360001,1360010,Region,Barishal,0,,0,1,CNBRFICEVR,BDDHS2022360001,2022,DHS,219.0,383.0,,,1.0
BGD,Barishal,835347,Children ever breastfed,96.7,1,BD,Bangladesh,2022,BD2022DHS,CN_BRFI_C_EVR,104266010,I,360001,1360010,Region,Barishal,0,,0,1,CNBRFICEVR,BDDHS2022360001,2022,DHS,219.0,383.0,,,1.0
BGD,Chattogram/Sylhet,67781,Children ever breastfed,96.3,1,BD,Bangladesh,2022,BD2022DHS,CN_BRFI_C_EVR,104266010,I,360002,1360020,Region,Chattogram/Sylhet,0,,0,1,CNBRFICEVR,BDDHS2022360002,2022,DHS,1033.0,1036.0,,,
BGD,Chattogram,6766764,Children ever breastfed,96.6,1,BD,Bangladesh,2022,BD2022DHS,CN_BRFI_C_EVR,104266010,I,360003,1360030,Region,..Chattogram,0,,0,1,CNBRFICEVR,BDDHS2022360003,2022,DHS,793.0,613.0,,,1.0
BGD,Chattogram,6766765,Children ever breastfed,96.6,1,BD,Bangladesh,2022,BD2022DHS,CN_BRFI_C_EVR,104266010,I,360003,1360030,Region,..Chattogram,0,,0,1,CNBRFICEVR,BDDHS2022360003,2022,DHS,793.0,613.0,,,1.0
BGD,Sylhet,5816659,Children ever breastfed,95.5,1,BD,Bangladesh,2022,BD2022DHS,CN_BRFI_C_EVR,104266010,I,360004,1360040,Region,..Sylhet,0,,0,1,CNBRFICEVR,BDDHS2022360004,2022,DHS,240.0,423.0,,,1.0
BGD,Sylhet,5816660,Children ever breastfed,95.5,1,BD,Bangladesh,2022,BD2022DHS,CN_BRFI_C_EVR,104266010,I,360004,1360040,Region,..Sylhet,0,,0,1,CNBRFICEVR,BDDHS2022360004,2022,DHS,240.0,423.0,,,1.0
BGD,Dhaka before 2015,2377893,Children ever breastfed,97.5,1,BD,Bangladesh,2022,BD2022DHS,CN_BRFI_C_EVR,104266010,I,360005,1360050,Region,Dhaka before 2015,0,,0,1,CNBRFICEVR,BDDHS2022360005,2022,DHS,1259.0,1020.0,,,
BGD,Dhaka,5597030,Children ever breastfed,97.4,1,BD,Bangladesh,2022,BD2022DHS,CN_BRFI_C_EVR,104266010,I,360010,1360052,Region,..Dhaka,0,,0,1,CNBRFICEVR,BDDHS2022360010,2022,DHS,926.0,556.0,,,1.0
BGD,Dhaka,5597031,Children ever breastfed,97.4,1,BD,Bangladesh,2022,BD2022DHS,CN_BRFI_C_EVR,104266010,I,360010,1360052,Region,..Dhaka,0,,0,1,CNBRFICEVR,BDDHS2022360010,2022,DHS,926.0,556.0,,,1.0
BGD,Mymensingh,5310231,Children ever breastfed,97.6,1,BD,Bangladesh,2022,BD2022DHS,CN_BRFI_C_EVR,104266010,I,360011,1360055,Region,..Mymensingh,0,,0,1,CNBRFICEVR,BDDHS2022360011,2022,DHS,333.0,464.0,,,1.0
BGD,Mymensingh,5310232,Children ever breastfed,97.6,1,BD,Bangladesh,2022,BD2022DHS,CN_BRFI_C_EVR,104266010,I,360011,1360055,Region,..Mymensingh,0,,0,1,CNBRFICEVR,BDDHS2022360011,2022,DHS,333.0,464.0,,,1.0
BGD,Khulna,5601032,Children ever breastfed,97.1,1,BD,Bangladesh,2022,BD2022DHS,CN_BRFI_C_EVR,104266010,I,360006,1360060,Region,Khulna,0,,0,1,CNBRFICEVR,BDDHS2022360006,2022,DHS,380.0,410.0,,,1.0
BGD,Khulna,5601033,Children ever breastfed,97.1,1,BD,Bangladesh,2022,BD2022DHS,CN_BRFI_C_EVR,104266010,I,360006,1360060,Region,Khulna,0,,0,1,CNBRFICEVR,BDDHS2022360006,2022,DHS,380.0,410.0,,,1.0
BGD,Rajshahi/Rangpur,2980554,Children ever breastfed,97.5,1,BD,Bangladesh,2022,BD2022DHS,CN_BRFI_C_EVR,104266010,I,360007,1360070,Region,Rajshahi/Rangpur,0,,0,1,CNBRFICEVR,BDDHS2022360007,2022,DHS,800.0,786.0,,,
BGD,Rangpur,6518797,Children ever breastfed,97.2,1,BD,Bangladesh,2022,BD2022DHS,CN_BRFI_C_EVR,104266010,I,360008,1360080,Region,..Rangpur,0,,0,1,CNBRFICEVR,BDDHS2022360008,2022,DHS,419.0,425.0,,,1.0
BGD,Rangpur,6518798,Children ever breastfed,97.2,1,BD,Bangladesh,2022,BD2022DHS,CN_BRFI_C_EVR,104266010,I,360008,1360080,Region,..Rangpur,0,,0,1,CNBRFICEVR,BDDHS2022360008,2022,DHS,419.0,425.0,,,1.0
BGD,Rajshahi,4778803,Children ever breastfed,97.9,1,BD,Bangladesh,2022,BD2022DHS,CN_BRFI_C_EVR,104266010,I,360009,1360090,Region,..Rajshahi,0,,0,1,CNBRFICEVR,BDDHS2022360009,2022,DHS,381.0,361.0,,,1.0
BGD,Rajshahi,4778804,Children ever breastfed,97.9,1,BD,Bangladesh,2022,BD2022DHS,CN_BRFI_C_EVR,104266010,I,360009,1360090,Region,..Rajshahi,0,,0,1,CNBRFICEVR,BDDHS2022360009,2022,DHS,381.0,361.0,,,1.0
BGD,Barishal,835340,Children who started breastfeeding within 1 hour of birth,38.2,1,BD,Bangladesh,2022,BD2022DHS,CN_BRFI_C_1HR,104266020,I,360001,1360010,Region,Barishal,0,,0,1,CNBRFIC1HR,BDDHS2022360001,2022,DHS,219.0,383.0,,,1.0
BGD,Barishal,835341,Children who started breastfeeding within 1 hour of birth,38.2,1,BD,Bangladesh,2022,BD2022DHS,CN_BRFI_C_1HR,104266020,I,360001,1360010,Region,Barishal,0,,0,1,CNBRFIC1HR,BDDHS2022360001,2022,DHS,219.0,383.0,,,1.0
BGD,Chattogram/Sylhet,67823,Children who started breastfeeding within 1 hour of birth,41.1,1,BD,Bangladesh,2022,BD2022DHS,CN_BRFI_C_1HR,104266020,I,360002,1360020,Region,Chattogram/Sylhet,0,,0,1,CNBRFIC1HR,BDDHS2022360002,2022,DHS,1033.0,1036.0,,,
BGD,Chattogram,6766766,Children who started breastfeeding within 1 hour of birth,38.9,1,BD,Bangladesh,2022,BD2022DHS,CN_BRFI_C_1HR,104266020,I,360003,1360030,Region,..Chattogram,0,,0,1,CNBRFIC1HR,BDDHS2022360003,2022,DHS,793.0,613.0,,,1.0
BGD,Chattogram,6766767,Children who started breastfeeding within 1 hour of birth,38.9,1,BD,Bangladesh,2022,BD2022DHS,CN_BRFI_C_1HR,104266020,I,360003,1360030,Region,..Chattogram,0,,0,1,CNBRFIC1HR,BDDHS2022360003,2022,DHS,793.0,613.0,,,1.0
BGD,Sylhet,5816670,Children who started breastfeeding within 1 hour of birth,48.4,1,BD,Bangladesh,2022,BD2022DHS,CN_BRFI_C_1HR,104266020,I,360004,1360040,Region,..Sylhet,0,,0,1,CNBRFIC1HR,BDDHS2022360004,2022,DHS,240.0,423.0,,,1.0
BGD,Sylhet,5816671,Children who started breastfeeding within 1 hour of birth,48.4,1,BD,Bangladesh,2022,BD2022DHS,CN_BRFI_C_1HR,104266020,I,360004,1360040,Region,..Sylhet,0,,0,1,CNBRFIC1HR,BDDHS2022360004,2022,DHS,240.0,423.0,,,1.0
BGD,Dhaka before 2015,2377921,Children who started breastfeeding within 1 hour of birth,34.7,1,BD,Bangladesh,2022,BD2022DHS,CN_BRFI_C_1HR,104266020,I,360005,1360050,Region,Dhaka before 2015,0,,0,1,CNBRFIC1HR,BDDHS2022360005,2022,DHS,1259.0,1020.0,,,
BGD,Dhaka,5597028,Children who started breastfeeding within 1 hour of birth,32.7,1,BD,Bangladesh,2022,BD2022DHS,CN_BRFI_C_1HR,104266020,I,360010,1360052,Region,..Dhaka,0,,0,1,CNBRFIC1HR,BDDHS2022360010,2022,DHS,926.0,556.0,,,1.0
BGD,Dhaka,5597029,Children who started breastfeeding within 1 hour of birth,32.7,1,BD,Bangladesh,2022,BD2022DHS,CN_BRFI_C_1HR,104266020,I,360010,1360052,Region,..Dhaka,0,,0,1,CNBRFIC1HR,BDDHS2022360010,2022,DHS,926.0,556.0,,,1.0
BGD,Mymensingh,5310229,Children who started breastfeeding within 1 hour of birth,40.1,1,BD,Bangladesh,2022,BD2022DHS,CN_BRFI_C_1HR,104266020,I,360011,1360055,Region,..Mymensingh,0,,0,1,CNBRFIC1HR,BDDHS2022360011,2022,DHS,333.0,464.0,,,1.0
BGD,Mymensingh,5310230,Children who started breastfeeding within 1 hour of birth,40.1,1,BD,Bangladesh,2022,BD2022DHS,CN_BRFI_C_1HR,104266020,I,360011,1360055,Region,..Mymensingh,0,,0,1,CNBRFIC1HR,BDDHS2022360011,2022,DHS,333.0,464.0,,,1.0
BGD,Khulna,5601038,Children who started breastfeeding within 1 hour of birth,30.2,1,BD,Bangladesh,2022,BD2022DHS,CN_BRFI_C_1HR,104266020,I,360006,1360060,Region,Khulna,0,,0,1,CNBRFIC1HR,BDDHS2022360006,2022,DHS,380.0,410.0,,,1.0
BGD,Khulna,5601039,Children who started breastfeeding within 1 hour of birth,30.2,1,BD,Bangladesh,2022,BD2022DHS,CN_BRFI_C_1HR,104266020,I,360006,1360060,Region,Khulna,0,,0,1,CNBRFIC1HR,BDDHS2022360006,2022,DHS,380.0,410.0,,,1.0
BGD,Rajshahi/Rangpur,2980555,Children who started breastfeeding within 1 hour of birth,38.0,1,BD,Bangladesh,2022,BD2022DHS,CN_BRFI_C_1HR,104266020,I,360007,1360070,Region,Rajshahi/Rangpur,0,,0,1,CNBRFIC1HR,BDDHS2022360007,2022,DHS,800.0,786.0,,,
BGD,Rangpur,6518795,Children who started breastfeeding within 1 hour of birth,40.1,1,BD,Bangladesh,2022,BD2022DHS,CN_BRFI_C_1HR,104266020,I,360008,1360080,Region,..Rangpur,0,,0,1,CNBRFIC1HR,BDDHS2022360008,2022,DHS,419.0,425.0,,,1.0
BGD,Rangpur,6518796,Children who started breastfeeding within 1 hour of birth,40.1,1,BD,Bangladesh,2022,BD2022DHS,CN_BRFI_C_1HR,104266020,I,360008,1360080,Region,..Rangpur,0,,0,1,CNBRFIC1HR,BDDHS2022360008,2022,DHS,419.0,425.0,,,1.0
BGD,Rajshahi,4778801,Children who started breastfeeding within 1 hour of birth,35.7,1,BD,Bangladesh,2022,BD2022DHS,CN_BRFI_C_1HR,104266020,I,360009,1360090,Region,..Rajshahi,0,,0,1,CNBRFIC1HR,BDDHS2022360009,2022,DHS,381.0,361.0,,,1.0
BGD,Rajshahi,4778802,Children who started breastfeeding within 1 hour of birth,35.7,1,BD,Bangladesh,2022,BD2022DHS,CN_BRFI_C_1HR,104266020,I,360009,1360090,Region,..Rajshahi,0,,0,1,CNBRFIC1HR,BDDHS2022360009,2022,DHS,381.0,361.0,,,1.0
BGD,Barishal,2372668,Median duration of any breastfeeding,26.7,1,BD,Bangladesh,2022,BD2022DHS,CN_BFDR_C_MDA,104336010,I,360001,1360010,Region,Barishal,0,,0,1,CNBFDRCMDA,BDDHS2022360001,2022,DHS,,,,,1.0
BGD,Barishal,2372669,Median duration of any breastfeeding,26.7,1,BD,Bangladesh,2022,BD2022DHS,CN_BFDR_C_MDA,104336010,I,360001,1360010,Region,Barishal,0,,0,1,CNBFDRCMDA,BDDHS2022360001,2022,DHS,,,,,1.0
BGD,Chattogram/Sylhet,2372647,Median duration of any breastfeeding,24.5,1,BD,Bangladesh,2022,BD2022DHS,CN_BFDR_C_MDA,104336010,I,360002,1360020,Region,Chattogram/Sylhet,0,,0,1,CNBFDRCMDA,BDDHS2022360002,2022,DHS,,,,,
BGD,Chattogram,2372689,Median duration of any breastfeeding,23.9,1,BD,Bangladesh,2022,BD2022DHS,CN_BFDR_C_MDA,104336010,I,360003,1360030,Region,..Chattogram,0,,0,1,CNBFDRCMDA,BDDHS2022360003,2022,DHS,,,,,1.0
BGD,Chattogram,2372690,Median duration of any breastfeeding,23.9,1,BD,Bangladesh,2022,BD2022DHS,CN_BFDR_C_MDA,104336010,I,360003,1360030,Region,..Chattogram,0,,0,1,CNBFDRCMDA,BDDHS2022360003,2022,DHS,,,,,1.0
BGD,Sylhet,6208208,Median duration of any breastfeeding,30.4,1,BD,Bangladesh,2022,BD2022DHS,CN_BFDR_C_MDA,104336010,I,360004,1360040,Region,..Sylhet,0,,0,1,CNBFDRCMDA,BDDHS2022360004,2022,DHS,,,,,1.0
BGD,Sylhet,6208209,Median duration of any breastfeeding,30.4,1,BD,Bangladesh,2022,BD2022DHS,CN_BFDR_C_MDA,104336010,I,360004,1360040,Region,..Sylhet,0,,0,1,CNBFDRCMDA,BDDHS2022360004,2022,DHS,,,,,1.0
BGD,Dhaka before 2015,2377953,Median duration of any breastfeeding,28.4,1,BD,Bangladesh,2022,BD2022DHS,CN_BFDR_C_MDA,104336010,I,360005,1360050,Region,Dhaka before 2015,0,,0,1,CNBFDRCMDA,BDDHS2022360005,2022,DHS,,,,,
BGD,Dhaka,2377941,Median duration of any breastfeeding,27.5,1,BD,Bangladesh,2022,BD2022DHS,CN_BFDR_C_MDA,104336010,I,360010,1360052,Region,..Dhaka,0,,0,1,CNBFDRCMDA,BDDHS2022360010,2022,DHS,,,,,1.0
BGD,Dhaka,2377942,Median duration of any breastfeeding,27.5,1,BD,Bangladesh,2022,BD2022DHS,CN_BFDR_C_MDA,104336010,I,360010,1360052,Region,..Dhaka,0,,0,1,CNBFDRCMDA,BDDHS2022360010,2022,DHS,,,,,1.0
BGD,Mymensingh,2385019,Median duration of any breastfeeding,31.9,1,BD,Bangladesh,2022,BD2022DHS,CN_BFDR_C_MDA,104336010,I,360011,1360055,Region,..Mymensingh,0,,0,1,CNBFDRCMDA,BDDHS2022360011,2022,DHS,,,,,1.0
BGD,Mymensingh,2385020,Median duration of any breastfeeding,31.9,1,BD,Bangladesh,2022,BD2022DHS,CN_BFDR_C_MDA,104336010,I,360011,1360055,Region,..Mymensingh,0,,0,1,CNBFDRCMDA,BDDHS2022360011,2022,DHS,,,,,1.0
BGD,Khulna,2363513,Median duration of any breastfeeding,34.7,1,BD,Bangladesh,2022,BD2022DHS,CN_BFDR_C_MDA,104336010,I,360006,1360060,Region,Khulna,0,,0,1,CNBFDRCMDA,BDDHS2022360006,2022,DHS,,,,,1.0
BGD,Khulna,2363514,Median duration of any breastfeeding,34.7,1,BD,Bangladesh,2022,BD2022DHS,CN_BFDR_C_MDA,104336010,I,360006,1360060,Region,Khulna,0,,0,1,CNBFDRCMDA,BDDHS2022360006,2022,DHS,,,,,1.0
BGD,Rajshahi,6693865,Median duration of any breastfeeding,33.4,1,BD,Bangladesh,2022,BD2022DHS,CN_BFDR_C_MDA,104336010,I,360009,1360090,Region,..Rajshahi,0,,0,1,CNBFDRCMDA,BDDHS2022360009,2022,DHS,,,,,1.0
BGD,Rajshahi,6693866,Median duration of any breastfeeding,33.4,1,BD,Bangladesh,2022,BD2022DHS,CN_BFDR_C_MDA,104336010,I,360009,1360090,Region,..Rajshahi,0,,0,1,CNBFDRCMDA,BDDHS2022360009,2022,DHS,,,,,1.0
BGD,Barishal,719346,Breastfed children 6-23 months fed both 4+ food groups and the minimum meal frequency,23.4,1,BD,Bangladesh,2022,BD2022DHS,CN_IYCF_C_BTB,104436030,I,360001,1360010,Region,Barishal,0,,0,1,CNIYCFCBTB,BDDHS2022360001,2022,DHS,147.0,255.0,,,1.0
BGD,Barishal,719347,Breastfed children 6-23 months fed both 4+ food groups and the minimum meal frequency,23.4,1,BD,Bangladesh,2022,BD2022DHS,CN_IYCF_C_BTB,104436030,I,360001,1360010,Region,Barishal,0,,0,1,CNIYCFCBTB,BDDHS2022360001,2022,DHS,147.0,255.0,,,1.0
BGD,Chattogram/Sylhet,5933666,Breastfed children 6-23 months fed both 4+ food groups and the minimum meal frequency,21.7,1,BD,Bangladesh,2022,BD2022DHS,CN_IYCF_C_BTB,104436030,I,360002,1360020,Region,Chattogram/Sylhet,0,,0,1,CNIYCFCBTB,BDDHS2022360002,2022,DHS,667.0,674.0,,,
BGD,Chattogram,2372704,Breastfed children 6-23 months fed both 4+ food groups and the minimum meal frequency,22.0,1,BD,Bangladesh,2022,BD2022DHS,CN_IYCF_C_BTB,104436030,I,360003,1360030,Region,..Chattogram,0,,0,1,CNIYCFCBTB,BDDHS2022360003,2022,DHS,502.0,385.0,,,1.0
BGD,Chattogram,2372705,Breastfed children 6-23 months fed both 4+ food groups and the minimum meal frequency,22.0,1,BD,Bangladesh,2022,BD2022DHS,CN_IYCF_C_BTB,104436030,I,360003,1360030,Region,..Chattogram,0,,0,1,CNIYCFCBTB,BDDHS2022360003,2022,DHS,502.0,385.0,,,1.0
BGD,Sylhet,244638,Breastfed children 6-23 months fed both 4+ food groups and the minimum meal frequency,20.7,1,BD,Bangladesh,2022,BD2022DHS,CN_IYCF_C_BTB,104436030,I,360004,1360040,Region,..Sylhet,0,,0,1,CNIYCFCBTB,BDDHS2022360004,2022,DHS,165.0,289.0,,,1.0
BGD,Sylhet,244639,Breastfed children 6-23 months fed both 4+ food groups and the minimum meal frequency,20.7,1,BD,Bangladesh,2022,BD2022DHS,CN_IYCF_C_BTB,104436030,I,360004,1360040,Region,..Sylhet,0,,0,1,CNIYCFCBTB,BDDHS2022360004,2022,DHS,165.0,289.0,,,1.0
BGD,Dhaka before 2015,5089588,Breastfed children 6-23 months fed both 4+ food groups and the minimum meal frequency,36.1,1,BD,Bangladesh,2022,BD2022DHS,CN_IYCF_C_BTB,104436030,I,360005,1360050,Region,Dhaka before 2015,0,,0,1,CNIYCFCBTB,BDDHS2022360005,2022,DHS,788.0,655.0,,,
BGD,Dhaka,6948867,Breastfed children 6-23 months fed both 4+ food groups and the minimum meal frequency,37.0,1,BD,Bangladesh,2022,BD2022DHS,CN_IYCF_C_BTB,104436030,I,360010,1360052,Region,..Dhaka,0,,0,1,CNIYCFCBTB,BDDHS2022360010,2022,DHS,561.0,337.0,,,1.0
BGD,Dhaka,6948868,Breastfed children 6-23 months fed both 4+ food groups and the minimum meal frequency,37.0,1,BD,Bangladesh,2022,BD2022DHS,CN_IYCF_C_BTB,104436030,I,360010,1360052,Region,..Dhaka,0,,0,1,CNIYCFCBTB,BDDHS2022360010,2022,DHS,561.0,337.0,,,1.0
BGD,Mymensingh,3883438,Breastfed children 6-23 months fed both 4+ food groups and the minimum meal frequency,33.7,1,BD,Bangladesh,2022,BD2022DHS,CN_IYCF_C_BTB,104436030,I,360011,1360055,Region,..Mymensingh,0,,0,1,CNIYCFCBTB,BDDHS2022360011,2022,DHS,228.0,318.0,,,1.0
BGD,Mymensingh,3883439,Breastfed children 6-23 months fed both 4+ food groups and the minimum meal frequency,33.7,1,BD,Bangladesh,2022,BD2022DHS,CN_IYCF_C_BTB,104436030,I,360011,1360055,Region,..Mymensingh,0,,0,1,CNIYCFCBTB,BDDHS2022360011,2022,DHS,228.0,318.0,,,1.0
BGD,Khulna,3914476,Breastfed children 6-23 months fed both 4+ food groups and the minimum meal frequency,47.8,1,BD,Bangladesh,2022,BD2022DHS,CN_IYCF_C_BTB,104436030,I,360006,1360060,Region,Khulna,0,,0,1,CNIYCFCBTB,BDDHS2022360006,2022,DHS,247.0,267.0,,,1.0
BGD,Khulna,3914477,Breastfed children 6-23 months fed both 4+ food groups and the minimum meal frequency,47.8,1,BD,Bangladesh,2022,BD2022DHS,CN_IYCF_C_BTB,104436030,I,360006,1360060,Region,Khulna,0,,0,1,CNIYCFCBTB,BDDHS2022360006,2022,DHS,247.0,267.0,,,1.0
BGD,Rajshahi/Rangpur,7347495,Breastfed children 6-23 months fed both 4+ food groups and the minimum meal frequency,27.9,1,BD,Bangladesh,2022,BD2022DHS,CN_IYCF_C_BTB,104436030,I,360007,1360070,Region,Rajshahi/Rangpur,0,,0,1,CNIYCFCBTB,BDDHS2022360007,2022,DHS,536.0,528.0,,,
BGD,Rangpur,3974816,Breastfed children 6-23 months fed both 4+ food groups and the minimum meal frequency,26.6,1,BD,Bangladesh,2022,BD2022DHS,CN_IYCF_C_BTB,104436030,I,360008,1360080,Region,..Rangpur,0,,0,1,CNIYCFCBTB,BDDHS2022360008,2022,DHS,291.0,297.0,,,1.0
BGD,Rangpur,3974817,Breastfed children 6-23 months fed both 4+ food groups and the minimum meal frequency,26.6,1,BD,Bangladesh,2022,BD2022DHS,CN_IYCF_C_BTB,104436030,I,360008,1360080,Region,..Rangpur,0,,0,1,CNIYCFCBTB,BDDHS2022360008,2022,DHS,291.0,297.0,,,1.0
BGD,Rajshahi,6193229,Breastfed children 6-23 months fed both 4+ food groups and the minimum meal frequency,29.4,1,BD,Bangladesh,2022,BD2022DHS,CN_IYCF_C_BTB,104436030,I,360009,1360090,Region,..Rajshahi,0,,0,1,CNIYCFCBTB,BDDHS2022360009,2022,DHS,245.0,231.0,,,1.0
BGD,Rajshahi,6193230,Breastfed children 6-23 months fed both 4+ food groups and the minimum meal frequency,29.4,1,BD,Bangladesh,2022,BD2022DHS,CN_IYCF_C_BTB,104436030,I,360009,1360090,Region,..Rajshahi,0,,0,1,CNIYCFCBTB,BDDHS2022360009,2022,DHS,245.0,231.0,,,1.0
BGD,Chattogram/Sylhet,665215,Non-breastfed children 6-23 months fed milk or milk products,27.7,1,BD,Bangladesh,2022,BD2022DHS,CN_IYCF_C_MKN,104436060,I,360002,1360020,Region,Chattogram/Sylhet,0,,0,1,CNIYCFCMKN,BDDHS2022360002,2022,DHS,74.0,68.0,,,
BGD,Chattogram,4534645,Non-breastfed children 6-23 months fed milk or milk products,28.4,1,BD,Bangladesh,2022,BD2022DHS,CN_IYCF_C_MKN,104436060,I,360003,1360030,Region,..Chattogram,0,,0,1,CNIYCFCMKN,BDDHS2022360003,2022,DHS,60.0,44.0,,,1.0
BGD,Chattogram,4534646,Non-breastfed children 6-23 months fed milk or milk products,28.4,1,BD,Bangladesh,2022,BD2022DHS,CN_IYCF_C_MKN,104436060,I,360003,1360030,Region,..Chattogram,0,,0,1,CNIYCFCMKN,BDDHS2022360003,2022,DHS,60.0,44.0,,,1.0
BGD,Dhaka before 2015,3993671,Non-breastfed children 6-23 months fed milk or milk products,70.2,1,BD,Bangladesh,2022,BD2022DHS,CN_IYCF_C_MKN,104436060,I,360005,1360050,Region,Dhaka before 2015,0,,0,1,CNIYCFCMKN,BDDHS2022360005,2022,DHS,65.0,43.0,,,
BGD,Dhaka,3819574,Non-breastfed children 6-23 months fed milk or milk products,70.6,1,BD,Bangladesh,2022,BD2022DHS,CN_IYCF_C_MKN,104436060,I,360010,1360052,Region,..Dhaka,0,,0,1,CNIYCFCMKN,BDDHS2022360010,2022,DHS,55.0,32.0,,,1.0
BGD,Dhaka,3819575,Non-breastfed children 6-23 months fed milk or milk products,70.6,1,BD,Bangladesh,2022,BD2022DHS,CN_IYCF_C_MKN,104436060,I,360010,1360052,Region,..Dhaka,0,,0,1,CNIYCFCMKN,BDDHS2022360010,2022,DHS,55.0,32.0,,,1.0
BGD,Rajshahi/Rangpur,4399046,Non-breastfed children 6-23 months fed milk or milk products,64.3,1,BD,Bangladesh,2022,BD2022DHS,CN_IYCF_C_MKN,104436060,I,360007,1360070,Region,Rajshahi/Rangpur,0,,0,1,CNIYCFCMKN,BDDHS2022360007,2022,DHS,31.0,32.0,,,
BGD,Chattogram/Sylhet,665206,Non-breastfed children 6-23 months with 3 IYCF practices,6.9,1,BD,Bangladesh,2022,BD2022DHS,CN_IYCF_C_3PN,104436090,I,360002,1360020,Region,Chattogram/Sylhet,0,,0,1,CNIYCFC3PN,BDDHS2022360002,2022,DHS,74.0,68.0,,,
BGD,Chattogram,4534643,Non-breastfed children 6-23 months with 3 IYCF practices,5.7,1,BD,Bangladesh,2022,BD2022DHS,CN_IYCF_C_3PN,104436090,I,360003,1360030,Region,..Chattogram,0,,0,1,CNIYCFC3PN,BDDHS2022360003,2022,DHS,60.0,44.0,,,1.0
BGD,Chattogram,4534644,Non-breastfed children 6-23 months with 3 IYCF practices,5.7,1,BD,Bangladesh,2022,BD2022DHS,CN_IYCF_C_3PN,104436090,I,360003,1360030,Region,..Chattogram,0,,0,1,CNIYCFC3PN,BDDHS2022360003,2022,DHS,60.0,44.0,,,1.0
BGD,Dhaka before 2015,3993669,Non-breastfed children 6-23 months with 3 IYCF practices,18.3,1,BD,Bangladesh,2022,BD2022DHS,CN_IYCF_C_3PN,104436090,I,360005,1360050,Region,Dhaka before 2015,0,,0,1,CNIYCFC3PN,BDDHS2022360005,2022,DHS,65.0,43.0,,,
BGD,Dhaka,3819568,Non-breastfed children 6-23 months with 3 IYCF practices,16.5,1,BD,Bangladesh,2022,BD2022DHS,CN_IYCF_C_3PN,104436090,I,360010,1360052,Region,..Dhaka,0,,0,1,CNIYCFC3PN,BDDHS2022360010,2022,DHS,55.0,32.0,,,1.0
BGD,Dhaka,3819569,Non-breastfed children 6-23 months with 3 IYCF practices,16.5,1,BD,Bangladesh,2022,BD2022DHS,CN_IYCF_C_3PN,104436090,I,360010,1360052,Region,..Dhaka,0,,0,1,CNIYCFC3PN,BDDHS2022360010,2022,DHS,55.0,32.0,,,1.0
BGD,Rajshahi/Rangpur,4399044,Non-breastfed children 6-23 months with 3 IYCF practices,27.5,1,BD,Bangladesh,2022,BD2022DHS,CN_IYCF_C_3PN,104436090,I,360007,1360070,Region,Rajshahi/Rangpur,0,,0,1,CNIYCFC3PN,BDDHS2022360007,2022,DHS,31.0,32.0,,,
BGD,Barishal,2372672,Children 6-23 months fed 5+ food groups,29.7,1,BD,Bangladesh,2022,BD2022DHS,CN_IYCF_C_4FA,104436130,I,360001,1360010,Region,Barishal,0,,0,1,CNIYCFC4FA,BDDHS2022360001,2022,DHS,153.0,267.0,,,1.0
BGD,Barishal,2372673,Children 6-23 months fed 5+ food groups,29.7,1,BD,Bangladesh,2022,BD2022DHS,CN_IYCF_C_4FA,104436130,I,360001,1360010,Region,Barishal,0,,0,1,CNIYCFC4FA,BDDHS2022360001,2022,DHS,153.0,267.0,,,1.0
BGD,Chattogram/Sylhet,237471,Children 6-23 months fed 5+ food groups,28.1,1,BD,Bangladesh,2022,BD2022DHS,CN_IYCF_C_4FA,104436130,I,360002,1360020,Region,Chattogram/Sylhet,0,,0,1,CNIYCFC4FA,BDDHS2022360002,2022,DHS,740.0,742.0,,,
BGD,Chattogram,3103582,Children 6-23 months fed 5+ food groups,28.6,1,BD,Bangladesh,2022,BD2022DHS,CN_IYCF_C_4FA,104436130,I,360003,1360030,Region,..Chattogram,0,,0,1,CNIYCFC4FA,BDDHS2022360003,2022,DHS,562.0,429.0,,,1.0
BGD,Chattogram,3103583,Children 6-23 months fed 5+ food groups,28.6,1,BD,Bangladesh,2022,BD2022DHS,CN_IYCF_C_4FA,104436130,I,360003,1360030,Region,..Chattogram,0,,0,1,CNIYCFC4FA,BDDHS2022360003,2022,DHS,562.0,429.0,,,1.0
BGD,Sylhet,6265611,Children 6-23 months fed 5+ food groups,26.2,1,BD,Bangladesh,2022,BD2022DHS,CN_IYCF_C_4FA,104436130,I,360004,1360040,Region,..Sylhet,0,,0,1,CNIYCFC4FA,BDDHS2022360004,2022,DHS,178.0,313.0,,,1.0
BGD,Sylhet,6265612,Children 6-23 months fed 5+ food groups,26.2,1,BD,Bangladesh,2022,BD2022DHS,CN_IYCF_C_4FA,104436130,I,360004,1360040,Region,..Sylhet,0,,0,1,CNIYCFC4FA,BDDHS2022360004,2022,DHS,178.0,313.0,,,1.0
BGD,Dhaka before 2015,2377956,Children 6-23 months fed 5+ food groups,43.4,1,BD,Bangladesh,2022,BD2022DHS,CN_IYCF_C_4FA,104436130,I,360005,1360050,Region,Dhaka before 2015,0,,0,1,CNIYCFC4FA,BDDHS2022360005,2022,DHS,853.0,698.0,,,
BGD,Dhaka,4482948,Children 6-23 months fed 5+ food groups,43.1,1,BD,Bangladesh,2022,BD2022DHS,CN_IYCF_C_4FA,104436130,I,360010,1360052,Region,..Dhaka,0,,0,1,CNIYCFC4FA,BDDHS2022360010,2022,DHS,616.0,369.0,,,1.0
BGD,Dhaka,4482949,Children 6-23 months fed 5+ food groups,43.1,1,BD,Bangladesh,2022,BD2022DHS,CN_IYCF_C_4FA,104436130,I,360010,1360052,Region,..Dhaka,0,,0,1,CNIYCFC4FA,BDDHS2022360010,2022,DHS,616.0,369.0,,,1.0
BGD,Mymensingh,3616746,Children 6-23 months fed 5+ food groups,44.0,1,BD,Bangladesh,2022,BD2022DHS,CN_IYCF_C_4FA,104436130,I,360011,1360055,Region,..Mymensingh,0,,0,1,CNIYCFC4FA,BDDHS2022360011,2022,DHS,237.0,329.0,,,1.0
BGD,Mymensingh,3616747,Children 6-23 months fed 5+ food groups,44.0,1,BD,Bangladesh,2022,BD2022DHS,CN_IYCF_C_4FA,104436130,I,360011,1360055,Region,..Mymensingh,0,,0,1,CNIYCFC4FA,BDDHS2022360011,2022,DHS,237.0,329.0,,,1.0
BGD,Khulna,6488453,Children 6-23 months fed 5+ food groups,52.5,1,BD,Bangladesh,2022,BD2022DHS,CN_IYCF_C_4FA,104436130,I,360006,1360060,Region,Khulna,0,,0,1,CNIYCFC4FA,BDDHS2022360006,2022,DHS,265.0,285.0,,,1.0
BGD,Khulna,6488454,Children 6-23 months fed 5+ food groups,52.5,1,BD,Bangladesh,2022,BD2022DHS,CN_IYCF_C_4FA,104436130,I,360006,1360060,Region,Khulna,0,,0,1,CNIYCFC4FA,BDDHS2022360006,2022,DHS,265.0,285.0,,,1.0
BGD,Rajshahi/Rangpur,5203058,Children 6-23 months fed 5+ food groups,36.5,1,BD,Bangladesh,2022,BD2022DHS,CN_IYCF_C_4FA,104436130,I,360007,1360070,Region,Rajshahi/Rangpur,0,,0,1,CNIYCFC4FA,BDDHS2022360007,2022,DHS,567.0,560.0,,,
BGD,Rangpur,5104338,Children 6-23 months fed 5+ food groups,36.1,1,BD,Bangladesh,2022,BD2022DHS,CN_IYCF_C_4FA,104436130,I,360008,1360080,Region,..Rangpur,0,,0,1,CNIYCFC4FA,BDDHS2022360008,2022,DHS,304.0,310.0,,,1.0
BGD,Rangpur,5104339,Children 6-23 months fed 5+ food groups,36.1,1,BD,Bangladesh,2022,BD2022DHS,CN_IYCF_C_4FA,104436130,I,360008,1360080,Region,..Rangpur,0,,0,1,CNIYCFC4FA,BDDHS2022360008,2022,DHS,304.0,310.0,,,1.0
BGD,Rajshahi,4554725,Children 6-23 months fed 5+ food groups,36.9,1,BD,Bangladesh,2022,BD2022DHS,CN_IYCF_C_4FA,104436130,I,360009,1360090,Region,..Rajshahi,0,,0,1,CNIYCFC4FA,BDDHS2022360009,2022,DHS,263.0,250.0,,,1.0
BGD,Rajshahi,4554726,Children 6-23 months fed 5+ food groups,36.9,1,BD,Bangladesh,2022,BD2022DHS,CN_IYCF_C_4FA,104436130,I,360009,1360090,Region,..Rajshahi,0,,0,1,CNIYCFC4FA,BDDHS2022360009,2022,DHS,263.0,250.0,,,1.0
BGD,Barishal,2372674,Children 6-23 months fed the minimum meal frequency,55.0,1,BD,Bangladesh,2022,BD2022DHS,CN_IYCF_C_MNA,104436140,I,360001,1360010,Region,Barishal,0,,0,1,CNIYCFCMNA,BDDHS2022360001,2022,DHS,153.0,267.0,,,1.0
BGD,Barishal,2372675,Children 6-23 months fed the minimum meal frequency,55.0,1,BD,Bangladesh,2022,BD2022DHS,CN_IYCF_C_MNA,104436140,I,360001,1360010,Region,Barishal,0,,0,1,CNIYCFCMNA,BDDHS2022360001,2022,DHS,153.0,267.0,,,1.0
BGD,Chattogram/Sylhet,237479,Children 6-23 months fed the minimum meal frequency,52.3,1,BD,Bangladesh,2022,BD2022DHS,CN_IYCF_C_MNA,104436140,I,360002,1360020,Region,Chattogram/Sylhet,0,,0,1,CNIYCFCMNA,BDDHS2022360002,2022,DHS,740.0,742.0,,,
BGD,Chattogram,3103589,Children 6-23 months fed the minimum meal frequency,50.6,1,BD,Bangladesh,2022,BD2022DHS,CN_IYCF_C_MNA,104436140,I,360003,1360030,Region,..Chattogram,0,,0,1,CNIYCFCMNA,BDDHS2022360003,2022,DHS,562.0,429.0,,,1.0
BGD,Chattogram,3103590,Children 6-23 months fed the minimum meal frequency,50.6,1,BD,Bangladesh,2022,BD2022DHS,CN_IYCF_C_MNA,104436140,I,360003,1360030,Region,..Chattogram,0,,0,1,CNIYCFCMNA,BDDHS2022360003,2022,DHS,562.0,429.0,,,1.0
BGD,Sylhet,6265613,Children 6-23 months fed the minimum meal frequency,57.7,1,BD,Bangladesh,2022,BD2022DHS,CN_IYCF_C_MNA,104436140,I,360004,1360040,Region,..Sylhet,0,,0,1,CNIYCFCMNA,BDDHS2022360004,2022,DHS,178.0,313.0,,,1.0
BGD,Sylhet,6265614,Children 6-23 months fed the minimum meal frequency,57.7,1,BD,Bangladesh,2022,BD2022DHS,CN_IYCF_C_MNA,104436140,I,360004,1360040,Region,..Sylhet,0,,0,1,CNIYCFCMNA,BDDHS2022360004,2022,DHS,178.0,313.0,,,1.0
BGD,Dhaka before 2015,2377957,Children 6-23 months fed the minimum meal frequency,70.0,1,BD,Bangladesh,2022,BD2022DHS,CN_IYCF_C_MNA,104436140,I,360005,1360050,Region,Dhaka before 2015,0,,0,1,CNIYCFCMNA,BDDHS2022360005,2022,DHS,853.0,698.0,,,
BGD,Dhaka,4482950,Children 6-23 months fed the minimum meal frequency,71.4,1,BD,Bangladesh,2022,BD2022DHS,CN_IYCF_C_MNA,104436140,I,360010,1360052,Region,..Dhaka,0,,0,1,CNIYCFCMNA,BDDHS2022360010,2022,DHS,616.0,369.0,,,1.0
BGD,Dhaka,4482951,Children 6-23 months fed the minimum meal frequency,71.4,1,BD,Bangladesh,2022,BD2022DHS,CN_IYCF_C_MNA,104436140,I,360010,1360052,Region,..Dhaka,0,,0,1,CNIYCFCMNA,BDDHS2022360010,2022,DHS,616.0,369.0,,,1.0
BGD,Mymensingh,3616748,Children 6-23 months fed the minimum meal frequency,66.5,1,BD,Bangladesh,2022,BD2022DHS,CN_IYCF_C_MNA,104436140,I,360011,1360055,Region,..Mymensingh,0,,0,1,CNIYCFCMNA,BDDHS2022360011,2022,DHS,237.0,329.0,,,1.0
BGD,Mymensingh,3616749,Children 6-23 months fed the minimum meal frequency,66.5,1,BD,Bangladesh,2022,BD2022DHS,CN_IYCF_C_MNA,104436140,I,360011,1360055,Region,..Mymensingh,0,,0,1,CNIYCFCMNA,BDDHS2022360011,2022,DHS,237.0,329.0,,,1.0
BGD,Khulna,6488455,Children 6-23 months fed the minimum meal frequency,81.5,1,BD,Bangladesh,2022,BD2022DHS,CN_IYCF_C_MNA,104436140,I,360006,1360060,Region,Khulna,0,,0,1,CNIYCFCMNA,BDDHS2022360006,2022,DHS,265.0,285.0,,,1.0
BGD,Khulna,6488456,Children 6-23 months fed the minimum meal frequency,81.5,1,BD,Bangladesh,2022,BD2022DHS,CN_IYCF_C_MNA,104436140,I,360006,1360060,Region,Khulna,0,,0,1,CNIYCFCMNA,BDDHS2022360006,2022,DHS,265.0,285.0,,,1.0
BGD,Rajshahi/Rangpur,5203059,Children 6-23 months fed the minimum meal frequency,70.4,1,BD,Bangladesh,2022,BD2022DHS,CN_IYCF_C_MNA,104436140,I,360007,1360070,Region,Rajshahi/Rangpur,0,,0,1,CNIYCFCMNA,BDDHS2022360007,2022,DHS,567.0,560.0,,,
BGD,Rangpur,5104340,Children 6-23 months fed the minimum meal frequency,71.9,1,BD,Bangladesh,2022,BD2022DHS,CN_IYCF_C_MNA,104436140,I,360008,1360080,Region,..Rangpur,0,,0,1,CNIYCFCMNA,BDDHS2022360008,2022,DHS,304.0,310.0,,,1.0
BGD,Rangpur,5104341,Children 6-23 months fed the minimum meal frequency,71.9,1,BD,Bangladesh,2022,BD2022DHS,CN_IYCF_C_MNA,104436140,I,360008,1360080,Region,..Rangpur,0,,0,1,CNIYCFCMNA,BDDHS2022360008,2022,DHS,304.0,310.0,,,1.0
BGD,Rajshahi,4554727,Children 6-23 months fed the minimum meal frequency,68.7,1,BD,Bangladesh,2022,BD2022DHS,CN_IYCF_C_MNA,104436140,I,360009,1360090,Region,..Rajshahi,0,,0,1,CNIYCFCMNA,BDDHS2022360009,2022,DHS,263.0,250.0,,,1.0
BGD,Rajshahi,4554728,Children 6-23 months fed the minimum meal frequency,68.7,1,BD,Bangladesh,2022,BD2022DHS,CN_IYCF_C_MNA,104436140,I,360009,1360090,Region,..Rajshahi,0,,0,1,CNIYCFCMNA,BDDHS2022360009,2022,DHS,263.0,250.0,,,1.0
BGD,Barishal,2372676,Children 6-23 months with 3 IYCF practices,22.8,1,BD,Bangladesh,2022,BD2022DHS,CN_IYCF_C_3PA,104436150,I,360001,1360010,Region,Barishal,0,,0,1,CNIYCFC3PA,BDDHS2022360001,2022,DHS,153.0,267.0,,,1.0
BGD,Barishal,2372677,Children 6-23 months with 3 IYCF practices,22.8,1,BD,Bangladesh,2022,BD2022DHS,CN_IYCF_C_3PA,104436150,I,360001,1360010,Region,Barishal,0,,0,1,CNIYCFC3PA,BDDHS2022360001,2022,DHS,153.0,267.0,,,1.0
BGD,Chattogram/Sylhet,237480,Children 6-23 months with 3 IYCF practices,20.2,1,BD,Bangladesh,2022,BD2022DHS,CN_IYCF_C_3PA,104436150,I,360002,1360020,Region,Chattogram/Sylhet,0,,0,1,CNIYCFC3PA,BDDHS2022360002,2022,DHS,740.0,742.0,,,
BGD,Chattogram,3103606,Children 6-23 months with 3 IYCF practices,20.3,1,BD,Bangladesh,2022,BD2022DHS,CN_IYCF_C_3PA,104436150,I,360003,1360030,Region,..Chattogram,0,,0,1,CNIYCFC3PA,BDDHS2022360003,2022,DHS,562.0,429.0,,,1.0
BGD,Chattogram,3103607,Children 6-23 months with 3 IYCF practices,20.3,1,BD,Bangladesh,2022,BD2022DHS,CN_IYCF_C_3PA,104436150,I,360003,1360030,Region,..Chattogram,0,,0,1,CNIYCFC3PA,BDDHS2022360003,2022,DHS,562.0,429.0,,,1.0
BGD,Sylhet,6265615,Children 6-23 months with 3 IYCF practices,20.0,1,BD,Bangladesh,2022,BD2022DHS,CN_IYCF_C_3PA,104436150,I,360004,1360040,Region,..Sylhet,0,,0,1,CNIYCFC3PA,BDDHS2022360004,2022,DHS,178.0,313.0,,,1.0
BGD,Sylhet,6265616,Children 6-23 months with 3 IYCF practices,20.0,1,BD,Bangladesh,2022,BD2022DHS,CN_IYCF_C_3PA,104436150,I,360004,1360040,Region,..Sylhet,0,,0,1,CNIYCFC3PA,BDDHS2022360004,2022,DHS,178.0,313.0,,,1.0
BGD,Dhaka before 2015,2377958,Children 6-23 months with 3 IYCF practices,34.7,1,BD,Bangladesh,2022,BD2022DHS,CN_IYCF_C_3PA,104436150,I,360005,1360050,Region,Dhaka before 2015,0,,0,1,CNIYCFC3PA,BDDHS2022360005,2022,DHS,853.0,698.0,,,
BGD,Dhaka,4482952,Children 6-23 months with 3 IYCF practices,35.2,1,BD,Bangladesh,2022,BD2022DHS,CN_IYCF_C_3PA,104436150,I,360010,1360052,Region,..Dhaka,0,,0,1,CNIYCFC3PA,BDDHS2022360010,2022,DHS,616.0,369.0,,,1.0
BGD,Dhaka,4482953,Children 6-23 months with 3 IYCF practices,35.2,1,BD,Bangladesh,2022,BD2022DHS,CN_IYCF_C_3PA,104436150,I,360010,1360052,Region,..Dhaka,0,,0,1,CNIYCFC3PA,BDDHS2022360010,2022,DHS,616.0,369.0,,,1.0
BGD,Mymensingh,3616758,Children 6-23 months with 3 IYCF practices,33.6,1,BD,Bangladesh,2022,BD2022DHS,CN_IYCF_C_3PA,104436150,I,360011,1360055,Region,..Mymensingh,0,,0,1,CNIYCFC3PA,BDDHS2022360011,2022,DHS,237.0,329.0,,,1.0
BGD,Mymensingh,3616759,Children 6-23 months with 3 IYCF practices,33.6,1,BD,Bangladesh,2022,BD2022DHS,CN_IYCF_C_3PA,104436150,I,360011,1360055,Region,..Mymensingh,0,,0,1,CNIYCFC3PA,BDDHS2022360011,2022,DHS,237.0,329.0,,,1.0
BGD,Khulna,6488457,Children 6-23 months with 3 IYCF practices,47.2,1,BD,Bangladesh,2022,BD2022DHS,CN_IYCF_C_3PA,104436150,I,360006,1360060,Region,Khulna,0,,0,1,CNIYCFC3PA,BDDHS2022360006,2022,DHS,265.0,285.0,,,1.0
BGD,Khulna,6488458,Children 6-23 months with 3 IYCF practices,47.2,1,BD,Bangladesh,2022,BD2022DHS,CN_IYCF_C_3PA,104436150,I,360006,1360060,Region,Khulna,0,,0,1,CNIYCFC3PA,BDDHS2022360006,2022,DHS,265.0,285.0,,,1.0
BGD,Rajshahi/Rangpur,5203060,Children 6-23 months with 3 IYCF practices,27.9,1,BD,Bangladesh,2022,BD2022DHS,CN_IYCF_C_3PA,104436150,I,360007,1360070,Region,Rajshahi/Rangpur,0,,0,1,CNIYCFC3PA,BDDHS2022360007,2022,DHS,567.0,560.0,,,
BGD,Rangpur,5104342,Children 6-23 months with 3 IYCF practices,26.5,1,BD,Bangladesh,2022,BD2022DHS,CN_IYCF_C_3PA,104436150,I,360008,1360080,Region,..Rangpur,0,,0,1,CNIYCFC3PA,BDDHS2022360008,2022,DHS,304.0,310.0,,,1.0
BGD,Rangpur,5104343,Children 6-23 months with 3 IYCF practices,26.5,1,BD,Bangladesh,2022,BD2022DHS,CN_IYCF_C_3PA,104436150,I,360008,1360080,Region,..Rangpur,0,,0,1,CNIYCFC3PA,BDDHS2022360008,2022,DHS,304.0,310.0,,,1.0
BGD,Rajshahi,4554774,Children 6-23 months with 3 IYCF practices,29.5,1,BD,Bangladesh,2022,BD2022DHS,CN_IYCF_C_3PA,104436150,I,360009,1360090,Region,..Rajshahi,0,,0,1,CNIYCFC3PA,BDDHS2022360009,2022,DHS,263.0,250.0,,,1.0
BGD,Rajshahi,4554775,Children 6-23 months with 3 IYCF practices,29.5,1,BD,Bangladesh,2022,BD2022DHS,CN_IYCF_C_3PA,104436150,I,360009,1360090,Region,..Rajshahi,0,,0,1,CNIYCFC3PA,BDDHS2022360009,2022,DHS,263.0,250.0,,,1.0
