ISO3,Location,DataId,Indicator,Value,Precision,DHS_CountryCode,CountryName,SurveyYear,SurveyId,IndicatorId,IndicatorOrder,IndicatorType,CharacteristicId,CharacteristicOrder,CharacteristicCategory,CharacteristicLabel,ByVariableId,ByVariableLabel,IsTotal,IsPreferred,SDRID,RegionId,SurveyYearLabel,SurveyType,DenominatorWeighted,DenominatorUnweighted,CILow,CIHigh,LevelRank
BGD,Barishal,1816514,Age specific fertility rate: 15-19,153.0,0,BD,Bangladesh,1994,BD1994DHS,FE_FRTR_W_A15,11763010,I,360001,1360010,Region,Barishal,0,,0,1,FEFRTRWA15,BDDHS1994360001,1993-94,DHS,,,,,1.0
BGD,Chattogram/Sylhet,1803475,Age specific fertility rate: 15-19,106.0,0,BD,Bangladesh,1994,BD1994DHS,FE_FRTR_W_A15,11763010,I,360002,1360020,Region,Chattogram/Sylhet,0,,0,1,FEFRTRWA15,BDDHS1994360002,1993-94,DHS,,,,,1.0
BGD,Chattogram,1810076,Age specific fertility rate: 15-19,106.0,0,BD,Bangladesh,1994,BD1994DHS,FE_FRTR_W_A15,11763010,I,360003,1360030,Region,..Chattogram,0,,0,1,FEFRTRWA15,BDDHS1994360003,1993-94,DHS,,,,,
BGD,Dhaka before 2015,1810056,Age specific fertility rate: 15-19,145.0,0,BD,Bangladesh,1994,BD1994DHS,FE_FRTR_W_A15,11763010,I,360005,1360050,Region,Dhaka before 2015,0,,0,1,FEFRTRWA15,BDDHS1994360005,1993-94,DHS,,,,,1.0
BGD,Khulna,1810117,Age specific fertility rate: 15-19,156.0,0,BD,Bangladesh,1994,BD1994DHS,FE_FRTR_W_A15,11763010,I,360006,1360060,Region,Khulna,0,,0,1,FEFRTRWA15,BDDHS1994360006,1993-94,DHS,,,,,1.0
BGD,Rajshahi/Rangpur,6399869,Age specific fertility rate: 15-19,162.0,0,BD,Bangladesh,1994,BD1994DHS,FE_FRTR_W_A15,11763010,I,360007,1360070,Region,Rajshahi/Rangpur,0,,0,1,FEFRTRWA15,BDDHS1994360007,1993-94,DHS,,,,,1.0
BGD,Barishal,7234047,Married women currently using any method of contraception,48.0,1,BD,Bangladesh,1994,BD1994DHS,FP_CUSM_W_ANY,32633010,I,360001,1360010,Region,Barishal,0,,0,1,FPCUSMWANY,BDDHS1994360001,1993-94,DHS,561.0,931.0,,,1.0
BGD,Chattogram/Sylhet,803033,Married women currently using any method of contraception,29.5,1,BD,Bangladesh,1994,BD1994DHS,FP_CUSM_W_ANY,32633010,I,360002,1360020,Region,Chattogram/Sylhet,0,,0,1,FPCUSMWANY,BDDHS1994360002,1993-94,DHS,2313.0,1833.0,,,1.0
BGD,Chattogram,1558529,Married women currently using any method of contraception,29.5,1,BD,Bangladesh,1994,BD1994DHS,FP_CUSM_W_ANY,32633010,I,360003,1360030,Region,..Chattogram,0,,0,1,FPCUSMWANY,BDDHS1994360003,1993-94,DHS,2313.0,1833.0,,,
BGD,Dhaka before 2015,3644518,Married women currently using any method of contraception,44.7,1,BD,Bangladesh,1994,BD1994DHS,FP_CUSM_W_ANY,32633010,I,360005,1360050,Region,Dhaka before 2015,0,,0,1,FPCUSMWANY,BDDHS1994360005,1993-94,DHS,2701.0,2531.0,,,1.0
BGD,Khulna,6759241,Married women currently using any method of contraception,55.7,1,BD,Bangladesh,1994,BD1994DHS,FP_CUSM_W_ANY,32633010,I,360006,1360060,Region,Khulna,0,,0,1,FPCUSMWANY,BDDHS1994360006,1993-94,DHS,1132.0,1167.0,,,1.0
BGD,Rajshahi/Rangpur,2785935,Married women currently using any method of contraception,55.4,1,BD,Bangladesh,1994,BD1994DHS,FP_CUSM_W_ANY,32633010,I,360007,1360070,Region,Rajshahi/Rangpur,0,,0,1,FPCUSMWANY,BDDHS1994360007,1993-94,DHS,2133.0,2384.0,,,1.0
BGD,Barishal,820902,Unmet need for family planning,21.3,1,BD,Bangladesh,1994,BD1994DHS,FP_NADM_W_UNT,32933030,I,360001,1360010,Region,Barishal,0,,0,1,FPNADMWUNT,BDDHS1994360001,1993-94,DHS,561.0,931.0,,,1.0
BGD,Chattogram/Sylhet,978926,Unmet need for family planning,30.0,1,BD,Bangladesh,1994,BD1994DHS,FP_NADM_W_UNT,32933030,I,360002,1360020,Region,Chattogram/Sylhet,0,,0,1,FPNADMWUNT,BDDHS1994360002,1993-94,DHS,2313.0,1833.0,,,1.0
BGD,Chattogram,6381146,Unmet need for family planning,30.0,1,BD,Bangladesh,1994,BD1994DHS,FP_NADM_W_UNT,32933030,I,360003,1360030,Region,..Chattogram,0,,0,1,FPNADMWUNT,BDDHS1994360003,1993-94,DHS,2313.0,1833.0,,,
BGD,Dhaka before 2015,2737447,Unmet need for family planning,20.6,1,BD,Bangladesh,1994,BD1994DHS,FP_NADM_W_UNT,32933030,I,360005,1360050,Region,Dhaka before 2015,0,,0,1,FPNADMWUNT,BDDHS1994360005,1993-94,DHS,2701.0,2531.0,,,1.0
BGD,Khulna,111907,Unmet need for family planning,15.8,1,BD,Bangladesh,1994,BD1994DHS,FP_NADM_W_UNT,32933030,I,360006,1360060,Region,Khulna,0,,0,1,FPNADMWUNT,BDDHS1994360006,1993-94,DHS,1132.0,1167.0,,,1.0
BGD,Rajshahi/Rangpur,3148755,Unmet need for family planning,16.9,1,BD,Bangladesh,1994,BD1994DHS,FP_NADM_W_UNT,32933030,I,360007,1360070,Region,Rajshahi/Rangpur,0,,0,1,FPNADMWUNT,BDDHS1994360007,1993-94,DHS,2133.0,2384.0,,,1.0
BGD,Barishal,7515286,Neonatal mortality rate,63.0,0,BD,Bangladesh,1994,BD1994DHS,CM_ECMR_C_NNR,63206010,I,360001,1360010,Region,Barishal,14003,Ten years preceding the survey,0,1,CMECMRCNNR,BDDHS1994360001,1993-94,DHS,,,50.0,77.0,1.0
BGD,Chattogram/Sylhet,7610611,Neonatal mortality rate,65.0,0,BD,Bangladesh,1994,BD1994DHS,CM_ECMR_C_NNR,63206010,I,360002,1360020,Region,Chattogram/Sylhet,14003,Ten years preceding the survey,0,1,CMECMRCNNR,BDDHS1994360002,1993-94,DHS,,,56.0,75.0,1.0
BGD,Chattogram,872791,Neonatal mortality rate,65.0,0,BD,Bangladesh,1994,BD1994DHS,CM_ECMR_C_NNR,63206010,I,360003,1360030,Region,..Chattogram,14003,Ten years preceding the survey,0,1,CMECMRCNNR,BDDHS1994360003,1993-94,DHS,,,56.0,75.0,
BGD,Dhaka before 2015,7766996,Neonatal mortality rate,62.0,0,BD,Bangladesh,1994,BD1994DHS,CM_ECMR_C_NNR,63206010,I,360005,1360050,Region,Dhaka before 2015,14003,Ten years preceding the survey,0,1,CMECMRCNNR,BDDHS1994360005,1993-94,DHS,,,54.0,71.0,1.0
BGD,Khulna,7560853,Neonatal mortality rate,59.0,0,BD,Bangladesh,1994,BD1994DHS,CM_ECMR_C_NNR,63206010,I,360006,1360060,Region,Khulna,14003,Ten years preceding the survey,0,1,CMECMRCNNR,BDDHS1994360006,1993-94,DHS,,,47.0,71.0,1.0
BGD,Rajshahi/Rangpur,7650127,Neonatal mortality rate,65.0,0,BD,Bangladesh,1994,BD1994DHS,CM_ECMR_C_NNR,63206010,I,360007,1360070,Region,Rajshahi/Rangpur,14003,Ten years preceding the survey,0,1,CMECMRCNNR,BDDHS1994360007,1993-94,DHS,,,55.0,75.0,1.0
BGD,Barishal,7852394,Postneonatal mortality rate,39.0,0,BD,Bangladesh,1994,BD1994DHS,CM_ECMR_C_PNR,63206020,I,360001,1360010,Region,Barishal,14003,Ten years preceding the survey,0,1,CMECMRCPNR,BDDHS1994360001,1993-94,DHS,,,28.0,50.0,1.0
BGD,Chattogram/Sylhet,1722190,Postneonatal mortality rate,38.0,0,BD,Bangladesh,1994,BD1994DHS,CM_ECMR_C_PNR,63206020,I,360002,1360020,Region,Chattogram/Sylhet,14003,Ten years preceding the survey,0,1,CMECMRCPNR,BDDHS1994360002,1993-94,DHS,,,31.0,45.0,1.0
BGD,Chattogram,1734744,Postneonatal mortality rate,38.0,0,BD,Bangladesh,1994,BD1994DHS,CM_ECMR_C_PNR,63206020,I,360003,1360030,Region,..Chattogram,14003,Ten years preceding the survey,0,1,CMECMRCPNR,BDDHS1994360003,1993-94,DHS,,,31.0,45.0,
BGD,Dhaka before 2015,1734589,Postneonatal mortality rate,43.0,0,BD,Bangladesh,1994,BD1994DHS,CM_ECMR_C_PNR,63206020,I,360005,1360050,Region,Dhaka before 2015,14003,Ten years preceding the survey,0,1,CMECMRCPNR,BDDHS1994360005,1993-94,DHS,,,35.0,51.0,1.0
BGD,Khulna,7964780,Postneonatal mortality rate,31.0,0,BD,Bangladesh,1994,BD1994DHS,CM_ECMR_C_PNR,63206020,I,360006,1360060,Region,Khulna,14003,Ten years preceding the survey,0,1,CMECMRCPNR,BDDHS1994360006,1993-94,DHS,,,22.0,40.0,1.0
BGD,Rajshahi/Rangpur,1728466,Postneonatal mortality rate,30.0,0,BD,Bangladesh,1994,BD1994DHS,CM_ECMR_C_PNR,63206020,I,360007,1360070,Region,Rajshahi/Rangpur,14003,Ten years preceding the survey,0,1,CMECMRCPNR,BDDHS1994360007,1993-94,DHS,,,24.0,37.0,1.0
BGD,Barishal,7817013,Infant mortality rate,102.0,0,BD,Bangladesh,1994,BD1994DHS,CM_ECMR_C_IMR,63206030,I,360001,1360010,Region,Barishal,14003,Ten years preceding the survey,0,1,CMECMRCIMR,BDDHS1994360001,1993-94,DHS,,,84.0,120.0,1.0
BGD,Chattogram/Sylhet,7942693,Infant mortality rate,103.0,0,BD,Bangladesh,1994,BD1994DHS,CM_ECMR_C_IMR,63206030,I,360002,1360020,Region,Chattogram/Sylhet,14003,Ten years preceding the survey,0,1,CMECMRCIMR,BDDHS1994360002,1993-94,DHS,,,90.0,116.0,1.0
BGD,Chattogram,1734599,Infant mortality rate,103.0,0,BD,Bangladesh,1994,BD1994DHS,CM_ECMR_C_IMR,63206030,I,360003,1360030,Region,..Chattogram,14003,Ten years preceding the survey,0,1,CMECMRCIMR,BDDHS1994360003,1993-94,DHS,,,90.0,116.0,
BGD,Dhaka before 2015,1734557,Infant mortality rate,105.0,0,BD,Bangladesh,1994,BD1994DHS,CM_ECMR_C_IMR,63206030,I,360005,1360050,Region,Dhaka before 2015,14003,Ten years preceding the survey,0,1,CMECMRCIMR,BDDHS1994360005,1993-94,DHS,,,94.0,116.0,1.0
BGD,Khulna,7756784,Infant mortality rate,90.0,0,BD,Bangladesh,1994,BD1994DHS,CM_ECMR_C_IMR,63206030,I,360006,1360060,Region,Khulna,14003,Ten years preceding the survey,0,1,CMECMRCIMR,BDDHS1994360006,1993-94,DHS,,,76.0,105.0,1.0
BGD,Rajshahi/Rangpur,1728566,Infant mortality rate,95.0,0,BD,Bangladesh,1994,BD1994DHS,CM_ECMR_C_IMR,63206030,I,360007,1360070,Region,Rajshahi/Rangpur,14003,Ten years preceding the survey,0,1,CMECMRCIMR,BDDHS1994360007,1993-94,DHS,,,81.0,109.0,1.0
BGD,Barishal,7638632,Child mortality rate,50.0,0,BD,Bangladesh,1994,BD1994DHS,CM_ECMR_C_CMR,63206040,I,360001,1360010,Region,Barishal,14003,Ten years preceding the survey,0,1,CMECMRCCMR,BDDHS1994360001,1993-94,DHS,,,41.0,58.0,1.0
BGD,Chattogram/Sylhet,7724178,Child mortality rate,71.0,0,BD,Bangladesh,1994,BD1994DHS,CM_ECMR_C_CMR,63206040,I,360002,1360020,Region,Chattogram/Sylhet,14003,Ten years preceding the survey,0,1,CMECMRCCMR,BDDHS1994360002,1993-94,DHS,,,60.0,83.0,1.0
BGD,Chattogram,7591380,Child mortality rate,71.0,0,BD,Bangladesh,1994,BD1994DHS,CM_ECMR_C_CMR,63206040,I,360003,1360030,Region,..Chattogram,14003,Ten years preceding the survey,0,1,CMECMRCCMR,BDDHS1994360003,1993-94,DHS,,,60.0,83.0,
BGD,Dhaka before 2015,7531242,Child mortality rate,58.0,0,BD,Bangladesh,1994,BD1994DHS,CM_ECMR_C_CMR,63206040,I,360005,1360050,Region,Dhaka before 2015,14003,Ten years preceding the survey,0,1,CMECMRCCMR,BDDHS1994360005,1993-94,DHS,,,48.0,67.0,1.0
BGD,Khulna,7645067,Child mortality rate,25.0,0,BD,Bangladesh,1994,BD1994DHS,CM_ECMR_C_CMR,63206040,I,360006,1360060,Region,Khulna,14003,Ten years preceding the survey,0,1,CMECMRCCMR,BDDHS1994360006,1993-94,DHS,,,16.0,34.0,1.0
BGD,Rajshahi/Rangpur,7978408,Child mortality rate,44.0,0,BD,Bangladesh,1994,BD1994DHS,CM_ECMR_C_CMR,63206040,I,360007,1360070,Region,Rajshahi/Rangpur,14003,Ten years preceding the survey,0,1,CMECMRCCMR,BDDHS1994360007,1993-94,DHS,,,36.0,52.0,1.0
BGD,Barishal,7471097,Under-five mortality rate,147.0,0,BD,Bangladesh,1994,BD1994DHS,CM_ECMR_C_U5M,63206050,I,360001,1360010,Region,Barishal,14003,Ten years preceding the survey,0,1,CMECMRCU5M,BDDHS1994360001,1993-94,DHS,,,126.0,167.0,1.0
BGD,Chattogram/Sylhet,7807483,Under-five mortality rate,167.0,0,BD,Bangladesh,1994,BD1994DHS,CM_ECMR_C_U5M,63206050,I,360002,1360020,Region,Chattogram/Sylhet,14003,Ten years preceding the survey,0,1,CMECMRCU5M,BDDHS1994360002,1993-94,DHS,,,149.0,186.0,1.0
BGD,Chattogram,7926541,Under-five mortality rate,167.0,0,BD,Bangladesh,1994,BD1994DHS,CM_ECMR_C_U5M,63206050,I,360003,1360030,Region,..Chattogram,14003,Ten years preceding the survey,0,1,CMECMRCU5M,BDDHS1994360003,1993-94,DHS,,,149.0,186.0,
BGD,Dhaka before 2015,7924325,Under-five mortality rate,157.0,0,BD,Bangladesh,1994,BD1994DHS,CM_ECMR_C_U5M,63206050,I,360005,1360050,Region,Dhaka before 2015,14003,Ten years preceding the survey,0,1,CMECMRCU5M,BDDHS1994360005,1993-94,DHS,,,142.0,172.0,1.0
BGD,Khulna,1734649,Under-five mortality rate,113.0,0,BD,Bangladesh,1994,BD1994DHS,CM_ECMR_C_U5M,63206050,I,360006,1360060,Region,Khulna,14003,Ten years preceding the survey,0,1,CMECMRCU5M,BDDHS1994360006,1993-94,DHS,,,96.0,130.0,1.0
BGD,Rajshahi/Rangpur,7741958,Under-five mortality rate,135.0,0,BD,Bangladesh,1994,BD1994DHS,CM_ECMR_C_U5M,63206050,I,360007,1360070,Region,Rajshahi/Rangpur,14003,Ten years preceding the survey,0,1,CMECMRCU5M,BDDHS1994360007,1993-94,DHS,,,117.0,153.0,1.0
BGD,Barishal,2821971,Antenatal care from a skilled provider,18.8,1,BD,Bangladesh,1994,BD1994DHS,RH_ANCP_W_SKP,83363120,I,360001,1360010,Region,Barishal,14000,Three years preceding the survey,0,0,RHANCPWSKP,BDDHS1994360001,1993-94,DHS,228.0,371.0,,,1.0
BGD,Barishal,1317263,Antenatal care from a skilled provider,20.3,1,BD,Bangladesh,1994,BD1994DHS,RH_ANCP_W_SKP,83363120,I,360001,1360010,Region,Barishal,14002,Two years preceding the survey,0,1,RHANCPWSKP,BDDHS1994360001,1993-94,DHS,166.0,270.0,,,1.0
BGD,Chattogram/Sylhet,5937390,Antenatal care from a skilled provider,18.3,1,BD,Bangladesh,1994,BD1994DHS,RH_ANCP_W_SKP,83363120,I,360002,1360020,Region,Chattogram/Sylhet,14000,Three years preceding the survey,0,0,RHANCPWSKP,BDDHS1994360002,1993-94,DHS,1100.0,868.0,,,1.0
BGD,Chattogram/Sylhet,4843013,Antenatal care from a skilled provider,18.8,1,BD,Bangladesh,1994,BD1994DHS,RH_ANCP_W_SKP,83363120,I,360002,1360020,Region,Chattogram/Sylhet,14002,Two years preceding the survey,0,1,RHANCPWSKP,BDDHS1994360002,1993-94,DHS,784.0,621.0,,,1.0
BGD,Chattogram,7015015,Antenatal care from a skilled provider,18.3,1,BD,Bangladesh,1994,BD1994DHS,RH_ANCP_W_SKP,83363120,I,360003,1360030,Region,..Chattogram,14000,Three years preceding the survey,0,0,RHANCPWSKP,BDDHS1994360003,1993-94,DHS,1100.0,868.0,,,
BGD,Chattogram,1302957,Antenatal care from a skilled provider,18.8,1,BD,Bangladesh,1994,BD1994DHS,RH_ANCP_W_SKP,83363120,I,360003,1360030,Region,..Chattogram,14002,Two years preceding the survey,0,1,RHANCPWSKP,BDDHS1994360003,1993-94,DHS,784.0,621.0,,,
BGD,Dhaka before 2015,5106295,Antenatal care from a skilled provider,25.8,1,BD,Bangladesh,1994,BD1994DHS,RH_ANCP_W_SKP,83363120,I,360005,1360050,Region,Dhaka before 2015,14000,Three years preceding the survey,0,0,RHANCPWSKP,BDDHS1994360005,1993-94,DHS,1107.0,1034.0,,,1.0
BGD,Dhaka before 2015,2815568,Antenatal care from a skilled provider,26.3,1,BD,Bangladesh,1994,BD1994DHS,RH_ANCP_W_SKP,83363120,I,360005,1360050,Region,Dhaka before 2015,14002,Two years preceding the survey,0,1,RHANCPWSKP,BDDHS1994360005,1993-94,DHS,774.0,724.0,,,1.0
BGD,Khulna,7793689,Antenatal care from a skilled provider,20.1,1,BD,Bangladesh,1994,BD1994DHS,RH_ANCP_W_SKP,83363120,I,360006,1360060,Region,Khulna,14000,Three years preceding the survey,0,0,RHANCPWSKP,BDDHS1994360006,1993-94,DHS,397.0,404.0,,,1.0
BGD,Khulna,5929012,Antenatal care from a skilled provider,22.8,1,BD,Bangladesh,1994,BD1994DHS,RH_ANCP_W_SKP,83363120,I,360006,1360060,Region,Khulna,14002,Two years preceding the survey,0,1,RHANCPWSKP,BDDHS1994360006,1993-94,DHS,260.0,265.0,,,1.0
BGD,Rajshahi/Rangpur,6202347,Antenatal care from a skilled provider,14.3,1,BD,Bangladesh,1994,BD1994DHS,RH_ANCP_W_SKP,83363120,I,360007,1360070,Region,Rajshahi/Rangpur,14000,Three years preceding the survey,0,0,RHANCPWSKP,BDDHS1994360007,1993-94,DHS,794.0,892.0,,,1.0
BGD,Rajshahi/Rangpur,5346395,Antenatal care from a skilled provider,15.0,1,BD,Bangladesh,1994,BD1994DHS,RH_ANCP_W_SKP,83363120,I,360007,1360070,Region,Rajshahi/Rangpur,14002,Two years preceding the survey,0,1,RHANCPWSKP,BDDHS1994360007,1993-94,DHS,514.0,577.0,,,1.0
BGD,Barishal,4384166,Antenatal visits for pregnancy: 4+ visits,4.2,1,BD,Bangladesh,1994,BD1994DHS,RH_ANCN_W_N4P,83403040,I,360001,1360010,Region,Barishal,14000,Three years preceding the survey,0,0,RHANCNWN4P,BDDHS1994360001,1993-94,DHS,228.0,371.0,,,1.0
BGD,Barishal,5801055,Antenatal visits for pregnancy: 4+ visits,5.0,1,BD,Bangladesh,1994,BD1994DHS,RH_ANCN_W_N4P,83403040,I,360001,1360010,Region,Barishal,14002,Two years preceding the survey,0,1,RHANCNWN4P,BDDHS1994360001,1993-94,DHS,166.0,270.0,,,1.0
BGD,Chattogram/Sylhet,7251884,Antenatal visits for pregnancy: 4+ visits,4.1,1,BD,Bangladesh,1994,BD1994DHS,RH_ANCN_W_N4P,83403040,I,360002,1360020,Region,Chattogram/Sylhet,14000,Three years preceding the survey,0,0,RHANCNWN4P,BDDHS1994360002,1993-94,DHS,1100.0,868.0,,,1.0
BGD,Chattogram/Sylhet,5134356,Antenatal visits for pregnancy: 4+ visits,4.5,1,BD,Bangladesh,1994,BD1994DHS,RH_ANCN_W_N4P,83403040,I,360002,1360020,Region,Chattogram/Sylhet,14002,Two years preceding the survey,0,1,RHANCNWN4P,BDDHS1994360002,1993-94,DHS,784.0,621.0,,,1.0
BGD,Chattogram,4089366,Antenatal visits for pregnancy: 4+ visits,4.1,1,BD,Bangladesh,1994,BD1994DHS,RH_ANCN_W_N4P,83403040,I,360003,1360030,Region,..Chattogram,14000,Three years preceding the survey,0,0,RHANCNWN4P,BDDHS1994360003,1993-94,DHS,1100.0,868.0,,,
BGD,Chattogram,2685995,Antenatal visits for pregnancy: 4+ visits,4.5,1,BD,Bangladesh,1994,BD1994DHS,RH_ANCN_W_N4P,83403040,I,360003,1360030,Region,..Chattogram,14002,Two years preceding the survey,0,1,RHANCNWN4P,BDDHS1994360003,1993-94,DHS,784.0,621.0,,,
BGD,Dhaka before 2015,6931176,Antenatal visits for pregnancy: 4+ visits,9.4,1,BD,Bangladesh,1994,BD1994DHS,RH_ANCN_W_N4P,83403040,I,360005,1360050,Region,Dhaka before 2015,14000,Three years preceding the survey,0,0,RHANCNWN4P,BDDHS1994360005,1993-94,DHS,1107.0,1034.0,,,1.0
BGD,Dhaka before 2015,4550228,Antenatal visits for pregnancy: 4+ visits,9.2,1,BD,Bangladesh,1994,BD1994DHS,RH_ANCN_W_N4P,83403040,I,360005,1360050,Region,Dhaka before 2015,14002,Two years preceding the survey,0,1,RHANCNWN4P,BDDHS1994360005,1993-94,DHS,774.0,724.0,,,1.0
BGD,Khulna,7796405,Antenatal visits for pregnancy: 4+ visits,3.7,1,BD,Bangladesh,1994,BD1994DHS,RH_ANCN_W_N4P,83403040,I,360006,1360060,Region,Khulna,14000,Three years preceding the survey,0,0,RHANCNWN4P,BDDHS1994360006,1993-94,DHS,397.0,404.0,,,1.0
BGD,Khulna,7274880,Antenatal visits for pregnancy: 4+ visits,4.5,1,BD,Bangladesh,1994,BD1994DHS,RH_ANCN_W_N4P,83403040,I,360006,1360060,Region,Khulna,14002,Two years preceding the survey,0,1,RHANCNWN4P,BDDHS1994360006,1993-94,DHS,260.0,265.0,,,1.0
BGD,Rajshahi/Rangpur,3455845,Antenatal visits for pregnancy: 4+ visits,3.6,1,BD,Bangladesh,1994,BD1994DHS,RH_ANCN_W_N4P,83403040,I,360007,1360070,Region,Rajshahi/Rangpur,14000,Three years preceding the survey,0,0,RHANCNWN4P,BDDHS1994360007,1993-94,DHS,794.0,892.0,,,1.0
BGD,Rajshahi/Rangpur,3218641,Antenatal visits for pregnancy: 4+ visits,3.9,1,BD,Bangladesh,1994,BD1994DHS,RH_ANCN_W_N4P,83403040,I,360007,1360070,Region,Rajshahi/Rangpur,14002,Two years preceding the survey,0,1,RHANCNWN4P,BDDHS1994360007,1993-94,DHS,514.0,577.0,,,1.0
BGD,Barishal,1317329,Place of delivery: Health facility,1.5,1,BD,Bangladesh,1994,BD1994DHS,RH_DELP_C_DHF,83566070,I,360001,1360010,Region,Barishal,14000,Three years preceding the survey,0,0,RHDELPCDHF,BDDHS1994360001,1993-94,DHS,253.0,412.0,,,1.0
BGD,Barishal,2621578,Place of delivery: Health facility,1.1,1,BD,Bangladesh,1994,BD1994DHS,RH_DELP_C_DHF,83566070,I,360001,1360010,Region,Barishal,14002,Two years preceding the survey,0,1,RHDELPCDHF,BDDHS1994360001,1993-94,DHS,171.0,279.0,,,1.0
BGD,Chattogram/Sylhet,6990817,Place of delivery: Health facility,2.1,1,BD,Bangladesh,1994,BD1994DHS,RH_DELP_C_DHF,83566070,I,360002,1360020,Region,Chattogram/Sylhet,14000,Three years preceding the survey,0,0,RHDELPCDHF,BDDHS1994360002,1993-94,DHS,1190.0,942.0,,,1.0
BGD,Chattogram/Sylhet,4812708,Place of delivery: Health facility,2.3,1,BD,Bangladesh,1994,BD1994DHS,RH_DELP_C_DHF,83566070,I,360002,1360020,Region,Chattogram/Sylhet,14002,Two years preceding the survey,0,1,RHDELPCDHF,BDDHS1994360002,1993-94,DHS,803.0,637.0,,,1.0
BGD,Chattogram,3895458,Place of delivery: Health facility,2.1,1,BD,Bangladesh,1994,BD1994DHS,RH_DELP_C_DHF,83566070,I,360003,1360030,Region,..Chattogram,14000,Three years preceding the survey,0,0,RHDELPCDHF,BDDHS1994360003,1993-94,DHS,1190.0,942.0,,,
BGD,Chattogram,7308354,Place of delivery: Health facility,2.3,1,BD,Bangladesh,1994,BD1994DHS,RH_DELP_C_DHF,83566070,I,360003,1360030,Region,..Chattogram,14002,Two years preceding the survey,0,1,RHDELPCDHF,BDDHS1994360003,1993-94,DHS,803.0,637.0,,,
BGD,Dhaka before 2015,6544008,Place of delivery: Health facility,5.7,1,BD,Bangladesh,1994,BD1994DHS,RH_DELP_C_DHF,83566070,I,360005,1360050,Region,Dhaka before 2015,14000,Three years preceding the survey,0,0,RHDELPCDHF,BDDHS1994360005,1993-94,DHS,1196.0,1119.0,,,1.0
BGD,Dhaka before 2015,1303016,Place of delivery: Health facility,4.7,1,BD,Bangladesh,1994,BD1994DHS,RH_DELP_C_DHF,83566070,I,360005,1360050,Region,Dhaka before 2015,14002,Two years preceding the survey,0,1,RHDELPCDHF,BDDHS1994360005,1993-94,DHS,790.0,741.0,,,1.0
BGD,Khulna,7793805,Place of delivery: Health facility,4.6,1,BD,Bangladesh,1994,BD1994DHS,RH_DELP_C_DHF,83566070,I,360006,1360060,Region,Khulna,14000,Three years preceding the survey,0,0,RHDELPCDHF,BDDHS1994360006,1993-94,DHS,428.0,435.0,,,1.0
BGD,Khulna,4990771,Place of delivery: Health facility,5.1,1,BD,Bangladesh,1994,BD1994DHS,RH_DELP_C_DHF,83566070,I,360006,1360060,Region,Khulna,14002,Two years preceding the survey,0,1,RHDELPCDHF,BDDHS1994360006,1993-94,DHS,268.0,273.0,,,1.0
BGD,Rajshahi/Rangpur,455555,Place of delivery: Health facility,2.3,1,BD,Bangladesh,1994,BD1994DHS,RH_DELP_C_DHF,83566070,I,360007,1360070,Region,Rajshahi/Rangpur,14000,Three years preceding the survey,0,0,RHDELPCDHF,BDDHS1994360007,1993-94,DHS,849.0,957.0,,,1.0
BGD,Rajshahi/Rangpur,4116146,Place of delivery: Health facility,2.5,1,BD,Bangladesh,1994,BD1994DHS,RH_DELP_C_DHF,83566070,I,360007,1360070,Region,Rajshahi/Rangpur,14002,Two years preceding the survey,0,1,RHDELPCDHF,BDDHS1994360007,1993-94,DHS,523.0,588.0,,,1.0
BGD,Barishal,6175426,Assistance during delivery from a skilled provider,6.6,1,BD,Bangladesh,1994,BD1994DHS,RH_DELA_C_SKP,83606110,I,360001,1360010,Region,Barishal,14000,Three years preceding the survey,0,0,RHDELACSKP,BDDHS1994360001,1993-94,DHS,253.0,412.0,,,1.0
BGD,Barishal,2692641,Assistance during delivery from a skilled provider,7.3,1,BD,Bangladesh,1994,BD1994DHS,RH_DELA_C_SKP,83606110,I,360001,1360010,Region,Barishal,14002,Two years preceding the survey,0,1,RHDELACSKP,BDDHS1994360001,1993-94,DHS,171.0,279.0,,,1.0
BGD,Chattogram/Sylhet,5014285,Assistance during delivery from a skilled provider,8.2,1,BD,Bangladesh,1994,BD1994DHS,RH_DELA_C_SKP,83606110,I,360002,1360020,Region,Chattogram/Sylhet,14000,Three years preceding the survey,0,0,RHDELACSKP,BDDHS1994360002,1993-94,DHS,1190.0,942.0,,,1.0
BGD,Chattogram/Sylhet,3433130,Assistance during delivery from a skilled provider,8.2,1,BD,Bangladesh,1994,BD1994DHS,RH_DELA_C_SKP,83606110,I,360002,1360020,Region,Chattogram/Sylhet,14002,Two years preceding the survey,0,1,RHDELACSKP,BDDHS1994360002,1993-94,DHS,803.0,637.0,,,1.0
BGD,Chattogram,3949074,Assistance during delivery from a skilled provider,8.2,1,BD,Bangladesh,1994,BD1994DHS,RH_DELA_C_SKP,83606110,I,360003,1360030,Region,..Chattogram,14000,Three years preceding the survey,0,0,RHDELACSKP,BDDHS1994360003,1993-94,DHS,1190.0,942.0,,,
BGD,Chattogram,6405620,Assistance during delivery from a skilled provider,8.2,1,BD,Bangladesh,1994,BD1994DHS,RH_DELA_C_SKP,83606110,I,360003,1360030,Region,..Chattogram,14002,Two years preceding the survey,0,1,RHDELACSKP,BDDHS1994360003,1993-94,DHS,803.0,637.0,,,
BGD,Dhaka before 2015,2580148,Assistance during delivery from a skilled provider,12.6,1,BD,Bangladesh,1994,BD1994DHS,RH_DELA_C_SKP,83606110,I,360005,1360050,Region,Dhaka before 2015,14000,Three years preceding the survey,0,0,RHDELACSKP,BDDHS1994360005,1993-94,DHS,1196.0,1119.0,,,1.0
BGD,Dhaka before 2015,3233610,Assistance during delivery from a skilled provider,12.1,1,BD,Bangladesh,1994,BD1994DHS,RH_DELA_C_SKP,83606110,I,360005,1360050,Region,Dhaka before 2015,14002,Two years preceding the survey,0,1,RHDELACSKP,BDDHS1994360005,1993-94,DHS,790.0,741.0,,,1.0
BGD,Khulna,7792339,Assistance during delivery from a skilled provider,11.3,1,BD,Bangladesh,1994,BD1994DHS,RH_DELA_C_SKP,83606110,I,360006,1360060,Region,Khulna,14000,Three years preceding the survey,0,0,RHDELACSKP,BDDHS1994360006,1993-94,DHS,428.0,435.0,,,1.0
BGD,Khulna,5018698,Assistance during delivery from a skilled provider,11.4,1,BD,Bangladesh,1994,BD1994DHS,RH_DELA_C_SKP,83606110,I,360006,1360060,Region,Khulna,14002,Two years preceding the survey,0,1,RHDELACSKP,BDDHS1994360006,1993-94,DHS,268.0,273.0,,,1.0
BGD,Rajshahi/Rangpur,4081420,Assistance during delivery from a skilled provider,5.7,1,BD,Bangladesh,1994,BD1994DHS,RH_DELA_C_SKP,83606110,I,360007,1360070,Region,Rajshahi/Rangpur,14000,Three years preceding the survey,0,0,RHDELACSKP,BDDHS1994360007,1993-94,DHS,849.0,957.0,,,1.0
BGD,Rajshahi/Rangpur,285173,Assistance during delivery from a skilled provider,5.6,1,BD,Bangladesh,1994,BD1994DHS,RH_DELA_C_SKP,83606110,I,360007,1360070,Region,Rajshahi/Rangpur,14002,Two years preceding the survey,0,1,RHDELACSKP,BDDHS1994360007,1993-94,DHS,523.0,588.0,,,1.0
BGD,Barishal,5460570,Children with ARI for whom advice or treatment was sought,50.3,1,BD,Bangladesh,1994,BD1994DHS,CH_ARIS_C_ADV,93966040,I,360001,1360010,Region,Barishal,14000,Three years preceding the survey,0,0,CHARISCADV,BDDHS1994360001,1993-94,DHS,66.0,105.0,,,1.0
BGD,Chattogram/Sylhet,294795,Children with ARI for whom advice or treatment was sought,55.0,1,BD,Bangladesh,1994,BD1994DHS,CH_ARIS_C_ADV,93966040,I,360002,1360020,Region,Chattogram/Sylhet,14000,Three years preceding the survey,0,0,CHARISCADV,BDDHS1994360002,1993-94,DHS,264.0,211.0,,,1.0
BGD,Chattogram,2067415,Children with ARI for whom advice or treatment was sought,55.0,1,BD,Bangladesh,1994,BD1994DHS,CH_ARIS_C_ADV,93966040,I,360003,1360030,Region,..Chattogram,14000,Three years preceding the survey,0,0,CHARISCADV,BDDHS1994360003,1993-94,DHS,264.0,211.0,,,
BGD,Dhaka before 2015,6648706,Children with ARI for whom advice or treatment was sought,48.1,1,BD,Bangladesh,1994,BD1994DHS,CH_ARIS_C_ADV,93966040,I,360005,1360050,Region,Dhaka before 2015,14000,Three years preceding the survey,0,0,CHARISCADV,BDDHS1994360005,1993-94,DHS,252.0,236.0,,,1.0
BGD,Khulna,7794634,Children with ARI for whom advice or treatment was sought,36.1,1,BD,Bangladesh,1994,BD1994DHS,CH_ARIS_C_ADV,93966040,I,360006,1360060,Region,Khulna,14000,Three years preceding the survey,0,0,CHARISCADV,BDDHS1994360006,1993-94,DHS,92.0,92.0,,,1.0
BGD,Rajshahi/Rangpur,5888733,Children with ARI for whom advice or treatment was sought,50.8,1,BD,Bangladesh,1994,BD1994DHS,CH_ARIS_C_ADV,93966040,I,360007,1360070,Region,Rajshahi/Rangpur,14000,Three years preceding the survey,0,0,CHARISCADV,BDDHS1994360007,1993-94,DHS,171.0,199.0,,,1.0
BGD,Barishal,4151248,Treatment of diarrhea: Advice or treatment was sought,49.4,1,BD,Bangladesh,1994,BD1994DHS,CH_DIAT_C_ADV,94096010,I,360001,1360010,Region,Barishal,14000,Three years preceding the survey,0,0,CHDIATCADV,BDDHS1994360001,1993-94,DHS,36.0,61.0,,,1.0
BGD,Chattogram/Sylhet,4928366,Treatment of diarrhea: Advice or treatment was sought,40.8,1,BD,Bangladesh,1994,BD1994DHS,CH_DIAT_C_ADV,94096010,I,360002,1360020,Region,Chattogram/Sylhet,14000,Three years preceding the survey,0,0,CHDIATCADV,BDDHS1994360002,1993-94,DHS,151.0,118.0,,,1.0
BGD,Chattogram,5151300,Treatment of diarrhea: Advice or treatment was sought,40.8,1,BD,Bangladesh,1994,BD1994DHS,CH_DIAT_C_ADV,94096010,I,360003,1360030,Region,..Chattogram,14000,Three years preceding the survey,0,0,CHDIATCADV,BDDHS1994360003,1993-94,DHS,151.0,118.0,,,
BGD,Dhaka before 2015,6574158,Treatment of diarrhea: Advice or treatment was sought,28.9,1,BD,Bangladesh,1994,BD1994DHS,CH_DIAT_C_ADV,94096010,I,360005,1360050,Region,Dhaka before 2015,14000,Three years preceding the survey,0,0,CHDIATCADV,BDDHS1994360005,1993-94,DHS,102.0,96.0,,,1.0
BGD,Khulna,7797482,Treatment of diarrhea: Advice or treatment was sought,27.7,1,BD,Bangladesh,1994,BD1994DHS,CH_DIAT_C_ADV,94096010,I,360006,1360060,Region,Khulna,14000,Three years preceding the survey,0,0,CHDIATCADV,BDDHS1994360006,1993-94,DHS,57.0,57.0,,,1.0
BGD,Rajshahi/Rangpur,6397269,Treatment of diarrhea: Advice or treatment was sought,35.6,1,BD,Bangladesh,1994,BD1994DHS,CH_DIAT_C_ADV,94096010,I,360007,1360070,Region,Rajshahi/Rangpur,14000,Three years preceding the survey,0,0,CHDIATCADV,BDDHS1994360007,1993-94,DHS,97.0,110.0,,,1.0
BGD,Barishal,4151260,Treatment of diarrhea: ORT or increased fluids,78.9,1,BD,Bangladesh,1994,BD1994DHS,CH_DIAT_C_ORI,94096060,I,360001,1360010,Region,Barishal,14000,Three years preceding the survey,0,0,CHDIATCORI,BDDHS1994360001,1993-94,DHS,36.0,61.0,,,1.0
BGD,Chattogram/Sylhet,4928365,Treatment of diarrhea: ORT or increased fluids,69.4,1,BD,Bangladesh,1994,BD1994DHS,CH_DIAT_C_ORI,94096060,I,360002,1360020,Region,Chattogram/Sylhet,14000,Three years preceding the survey,0,0,CHDIATCORI,BDDHS1994360002,1993-94,DHS,151.0,118.0,,,1.0
BGD,Chattogram,5151327,Treatment of diarrhea: ORT or increased fluids,69.4,1,BD,Bangladesh,1994,BD1994DHS,CH_DIAT_C_ORI,94096060,I,360003,1360030,Region,..Chattogram,14000,Three years preceding the survey,0,0,CHDIATCORI,BDDHS1994360003,1993-94,DHS,151.0,118.0,,,
BGD,Dhaka before 2015,6574164,Treatment of diarrhea: ORT or increased fluids,73.2,1,BD,Bangladesh,1994,BD1994DHS,CH_DIAT_C_ORI,94096060,I,360005,1360050,Region,Dhaka before 2015,14000,Three years preceding the survey,0,0,CHDIATCORI,BDDHS1994360005,1993-94,DHS,102.0,96.0,,,1.0
BGD,Khulna,7797488,Treatment of diarrhea: ORT or increased fluids,59.6,1,BD,Bangladesh,1994,BD1994DHS,CH_DIAT_C_ORI,94096060,I,360006,1360060,Region,Khulna,14000,Three years preceding the survey,0,0,CHDIATCORI,BDDHS1994360006,1993-94,DHS,57.0,57.0,,,1.0
BGD,Rajshahi/Rangpur,6397268,Treatment of diarrhea: ORT or increased fluids,78.6,1,BD,Bangladesh,1994,BD1994DHS,CH_DIAT_C_ORI,94096060,I,360007,1360070,Region,Rajshahi/Rangpur,14000,Three years preceding the survey,0,0,CHDIATCORI,BDDHS1994360007,1993-94,DHS,97.0,110.0,,,1.0
BGD,Barishal,4952731,Children ever breastfed,96.4,1,BD,Bangladesh,1994,BD1994DHS,CN_BRFI_C_EVR,104266010,I,360001,1360010,Region,Barishal,0,,0,1,CNBRFICEVR,BDDHS1994360001,1993-94,DHS,166.0,270.0,,,1.0
BGD,Chattogram/Sylhet,6739482,Children ever breastfed,96.2,1,BD,Bangladesh,1994,BD1994DHS,CN_BRFI_C_EVR,104266010,I,360002,1360020,Region,Chattogram/Sylhet,0,,0,1,CNBRFICEVR,BDDHS1994360002,1993-94,DHS,784.0,621.0,,,1.0
BGD,Chattogram,6433405,Children ever breastfed,96.2,1,BD,Bangladesh,1994,BD1994DHS,CN_BRFI_C_EVR,104266010,I,360003,1360030,Region,..Chattogram,0,,0,1,CNBRFICEVR,BDDHS1994360003,1993-94,DHS,784.0,621.0,,,
BGD,Dhaka before 2015,3858399,Children ever breastfed,95.5,1,BD,Bangladesh,1994,BD1994DHS,CN_BRFI_C_EVR,104266010,I,360005,1360050,Region,Dhaka before 2015,0,,0,1,CNBRFICEVR,BDDHS1994360005,1993-94,DHS,774.0,724.0,,,1.0
BGD,Khulna,5265322,Children ever breastfed,98.1,1,BD,Bangladesh,1994,BD1994DHS,CN_BRFI_C_EVR,104266010,I,360006,1360060,Region,Khulna,0,,0,1,CNBRFICEVR,BDDHS1994360006,1993-94,DHS,260.0,265.0,,,1.0
BGD,Rajshahi/Rangpur,1389546,Children ever breastfed,96.0,1,BD,Bangladesh,1994,BD1994DHS,CN_BRFI_C_EVR,104266010,I,360007,1360070,Region,Rajshahi/Rangpur,0,,0,1,CNBRFICEVR,BDDHS1994360007,1993-94,DHS,514.0,577.0,,,1.0
BGD,Barishal,4952730,Children who started breastfeeding within 1 hour of birth,8.7,1,BD,Bangladesh,1994,BD1994DHS,CN_BRFI_C_1HR,104266020,I,360001,1360010,Region,Barishal,0,,0,1,CNBRFIC1HR,BDDHS1994360001,1993-94,DHS,166.0,270.0,,,1.0
BGD,Chattogram/Sylhet,6739480,Children who started breastfeeding within 1 hour of birth,8.4,1,BD,Bangladesh,1994,BD1994DHS,CN_BRFI_C_1HR,104266020,I,360002,1360020,Region,Chattogram/Sylhet,0,,0,1,CNBRFIC1HR,BDDHS1994360002,1993-94,DHS,784.0,621.0,,,1.0
BGD,Chattogram,6433403,Children who started breastfeeding within 1 hour of birth,8.4,1,BD,Bangladesh,1994,BD1994DHS,CN_BRFI_C_1HR,104266020,I,360003,1360030,Region,..Chattogram,0,,0,1,CNBRFIC1HR,BDDHS1994360003,1993-94,DHS,784.0,621.0,,,
BGD,Dhaka before 2015,3858398,Children who started breastfeeding within 1 hour of birth,9.0,1,BD,Bangladesh,1994,BD1994DHS,CN_BRFI_C_1HR,104266020,I,360005,1360050,Region,Dhaka before 2015,0,,0,1,CNBRFIC1HR,BDDHS1994360005,1993-94,DHS,774.0,724.0,,,1.0
BGD,Khulna,5265310,Children who started breastfeeding within 1 hour of birth,9.3,1,BD,Bangladesh,1994,BD1994DHS,CN_BRFI_C_1HR,104266020,I,360006,1360060,Region,Khulna,0,,0,1,CNBRFIC1HR,BDDHS1994360006,1993-94,DHS,260.0,265.0,,,1.0
BGD,Rajshahi/Rangpur,1389545,Children who started breastfeeding within 1 hour of birth,7.3,1,BD,Bangladesh,1994,BD1994DHS,CN_BRFI_C_1HR,104266020,I,360007,1360070,Region,Rajshahi/Rangpur,0,,0,1,CNBRFIC1HR,BDDHS1994360007,1993-94,DHS,514.0,577.0,,,1.0
BGD,Chattogram/Sylhet,1379822,Median duration of any breastfeeding,26.4,1,BD,Bangladesh,1994,BD1994DHS,CN_BFDR_C_MDA,104336010,I,360002,1360020,Region,Chattogram/Sylhet,0,,0,1,CNBFDRCMDA,BDDHS1994360002,1993-94,DHS,,,,,1.0
BGD,Chattogram,1397116,Median duration of any breastfeeding,26.4,1,BD,Bangladesh,1994,BD1994DHS,CN_BFDR_C_MDA,104336010,I,360003,1360030,Region,..Chattogram,0,,0,1,CNBFDRCMDA,BDDHS1994360003,1993-94,DHS,,,,,
BGD,Dhaka before 2015,1397112,Median duration of any breastfeeding,33.4,1,BD,Bangladesh,1994,BD1994DHS,CN_BFDR_C_MDA,104336010,I,360005,1360050,Region,Dhaka before 2015,0,,0,1,CNBFDRCMDA,BDDHS1994360005,1993-94,DHS,,,,,1.0
BGD,Barishal,6337986,Population using an improved water source,90.4,1,BD,Bangladesh,1994,BD1994DHS,WS_SRCE_P_IMP,250162010,I,360001,1360010,Region,Barishal,0,,0,1,WSSRCEPIMP,BDDHS1994360001,1993-94,DHS,3295.0,5403.0,,,1.0
BGD,Chattogram/Sylhet,6560354,Population using an improved water source,89.9,1,BD,Bangladesh,1994,BD1994DHS,WS_SRCE_P_IMP,250162010,I,360002,1360020,Region,Chattogram/Sylhet,0,,0,1,WSSRCEPIMP,BDDHS1994360002,1993-94,DHS,14317.0,11290.0,,,1.0
BGD,Chattogram,1096649,Population using an improved water source,89.9,1,BD,Bangladesh,1994,BD1994DHS,WS_SRCE_P_IMP,250162010,I,360003,1360030,Region,..Chattogram,0,,0,1,WSSRCEPIMP,BDDHS1994360003,1993-94,DHS,14317.0,11290.0,,,
BGD,Dhaka before 2015,3862256,Population using an improved water source,94.8,1,BD,Bangladesh,1994,BD1994DHS,WS_SRCE_P_IMP,250162010,I,360005,1360050,Region,Dhaka before 2015,0,,0,1,WSSRCEPIMP,BDDHS1994360005,1993-94,DHS,15000.0,14087.0,,,1.0
BGD,Khulna,3006718,Population using an improved water source,96.0,1,BD,Bangladesh,1994,BD1994DHS,WS_SRCE_P_IMP,250162010,I,360006,1360060,Region,Khulna,0,,0,1,WSSRCEPIMP,BDDHS1994360006,1993-94,DHS,5992.0,6138.0,,,1.0
BGD,Rajshahi/Rangpur,6484073,Population using an improved water source,91.0,1,BD,Bangladesh,1994,BD1994DHS,WS_SRCE_P_IMP,250162010,I,360007,1360070,Region,Rajshahi/Rangpur,0,,0,1,WSSRCEPIMP,BDDHS1994360007,1993-94,DHS,11290.0,12699.0,,,1.0
BGD,Barishal,7290426,Population with an improved sanitation facility,33.8,1,BD,Bangladesh,1994,BD1994DHS,WS_TLET_P_IMP,250262010,I,360001,1360010,Region,Barishal,0,,0,1,WSTLETPIMP,BDDHS1994360001,1993-94,DHS,3295.0,5403.0,,,1.0
BGD,Chattogram/Sylhet,4209366,Population with an improved sanitation facility,28.2,1,BD,Bangladesh,1994,BD1994DHS,WS_TLET_P_IMP,250262010,I,360002,1360020,Region,Chattogram/Sylhet,0,,0,1,WSTLETPIMP,BDDHS1994360002,1993-94,DHS,14317.0,11290.0,,,1.0
BGD,Chattogram,6789140,Population with an improved sanitation facility,28.2,1,BD,Bangladesh,1994,BD1994DHS,WS_TLET_P_IMP,250262010,I,360003,1360030,Region,..Chattogram,0,,0,1,WSTLETPIMP,BDDHS1994360003,1993-94,DHS,14317.0,11290.0,,,
BGD,Dhaka before 2015,5239259,Population with an improved sanitation facility,30.1,1,BD,Bangladesh,1994,BD1994DHS,WS_TLET_P_IMP,250262010,I,360005,1360050,Region,Dhaka before 2015,0,,0,1,WSTLETPIMP,BDDHS1994360005,1993-94,DHS,15000.0,14087.0,,,1.0
BGD,Khulna,3006734,Population with an improved sanitation facility,26.3,1,BD,Bangladesh,1994,BD1994DHS,WS_TLET_P_IMP,250262010,I,360006,1360060,Region,Khulna,0,,0,1,WSTLETPIMP,BDDHS1994360006,1993-94,DHS,5992.0,6138.0,,,1.0
BGD,Rajshahi/Rangpur,2619801,Population with an improved sanitation facility,20.7,1,BD,Bangladesh,1994,BD1994DHS,WS_TLET_P_IMP,250262010,I,360007,1360070,Region,Rajshahi/Rangpur,0,,0,1,WSTLETPIMP,BDDHS1994360007,1993-94,DHS,11290.0,12699.0,,,1.0
BGD,Barishal,1796404,Age specific fertility rate: 15-19,157.0,0,BD,Bangladesh,1997,BD1997DHS,FE_FRTR_W_A15,11763010,I,360001,1360010,Region,Barishal,0,,0,1,FEFRTRWA15,BDDHS1997360001,1996-97,DHS,,,,,1.0
BGD,Chattogram/Sylhet,2666355,Age specific fertility rate: 15-19,132.0,0,BD,Bangladesh,1997,BD1997DHS,FE_FRTR_W_A15,11763010,I,360002,1360020,Region,Chattogram/Sylhet,0,,0,1,FEFRTRWA15,BDDHS1997360002,1996-97,DHS,,,,,
BGD,Chattogram,1816641,Age specific fertility rate: 15-19,136.0,0,BD,Bangladesh,1997,BD1997DHS,FE_FRTR_W_A15,11763010,I,360003,1360030,Region,..Chattogram,0,,0,1,FEFRTRWA15,BDDHS1997360003,1996-97,DHS,,,,,1.0
BGD,Sylhet,1816636,Age specific fertility rate: 15-19,116.0,0,BD,Bangladesh,1997,BD1997DHS,FE_FRTR_W_A15,11763010,I,360004,1360040,Region,..Sylhet,0,,0,1,FEFRTRWA15,BDDHS1997360004,1996-97,DHS,,,,,1.0
BGD,Dhaka before 2015,1816651,Age specific fertility rate: 15-19,148.0,0,BD,Bangladesh,1997,BD1997DHS,FE_FRTR_W_A15,11763010,I,360005,1360050,Region,Dhaka before 2015,0,,0,1,FEFRTRWA15,BDDHS1997360005,1996-97,DHS,,,,,1.0
BGD,Khulna,1796414,Age specific fertility rate: 15-19,157.0,0,BD,Bangladesh,1997,BD1997DHS,FE_FRTR_W_A15,11763010,I,360006,1360060,Region,Khulna,0,,0,1,FEFRTRWA15,BDDHS1997360006,1996-97,DHS,,,,,1.0
BGD,Rajshahi/Rangpur,1810303,Age specific fertility rate: 15-19,157.0,0,BD,Bangladesh,1997,BD1997DHS,FE_FRTR_W_A15,11763010,I,360007,1360070,Region,Rajshahi/Rangpur,0,,0,1,FEFRTRWA15,BDDHS1997360007,1996-97,DHS,,,,,1.0
BGD,Barishal,5808198,Married women currently using any method of contraception,49.9,1,BD,Bangladesh,1997,BD1997DHS,FP_CUSM_W_ANY,32633010,I,360001,1360010,Region,Barishal,0,,0,1,FPCUSMWANY,BDDHS1997360001,1996-97,DHS,550.0,864.0,,,1.0
BGD,Chattogram/Sylhet,1565954,Married women currently using any method of contraception,33.9,1,BD,Bangladesh,1997,BD1997DHS,FP_CUSM_W_ANY,32633010,I,360002,1360020,Region,Chattogram/Sylhet,0,,0,1,FPCUSMWANY,BDDHS1997360002,1996-97,DHS,2139.0,2056.0,,,
BGD,Chattogram,7319874,Married women currently using any method of contraception,37.6,1,BD,Bangladesh,1997,BD1997DHS,FP_CUSM_W_ANY,32633010,I,360003,1360030,Region,..Chattogram,0,,0,1,FPCUSMWANY,BDDHS1997360003,1996-97,DHS,1686.0,1248.0,,,1.0
BGD,Sylhet,2858754,Married women currently using any method of contraception,20.2,1,BD,Bangladesh,1997,BD1997DHS,FP_CUSM_W_ANY,32633010,I,360004,1360040,Region,..Sylhet,0,,0,1,FPCUSMWANY,BDDHS1997360004,1996-97,DHS,453.0,808.0,,,1.0
BGD,Dhaka before 2015,390924,Married women currently using any method of contraception,50.5,1,BD,Bangladesh,1997,BD1997DHS,FP_CUSM_W_ANY,32633010,I,360005,1360050,Region,Dhaka before 2015,0,,0,1,FPCUSMWANY,BDDHS1997360005,1996-97,DHS,2606.0,2290.0,,,1.0
BGD,Khulna,3682062,Married women currently using any method of contraception,62.5,1,BD,Bangladesh,1997,BD1997DHS,FP_CUSM_W_ANY,32633010,I,360006,1360060,Region,Khulna,0,,0,1,FPCUSMWANY,BDDHS1997360006,1996-97,DHS,1005.0,985.0,,,1.0
BGD,Rajshahi/Rangpur,5465021,Married women currently using any method of contraception,59.5,1,BD,Bangladesh,1997,BD1997DHS,FP_CUSM_W_ANY,32633010,I,360007,1360070,Region,Rajshahi/Rangpur,0,,0,1,FPCUSMWANY,BDDHS1997360007,1996-97,DHS,2006.0,2111.0,,,1.0
BGD,Barishal,3966508,Unmet need for family planning,21.5,1,BD,Bangladesh,1997,BD1997DHS,FP_NADM_W_UNT,32933030,I,360001,1360010,Region,Barishal,0,,0,1,FPNADMWUNT,BDDHS1997360001,1996-97,DHS,550.0,864.0,,,1.0
BGD,Chattogram/Sylhet,466738,Unmet need for family planning,26.9,1,BD,Bangladesh,1997,BD1997DHS,FP_NADM_W_UNT,32933030,I,360002,1360020,Region,Chattogram/Sylhet,0,,0,1,FPNADMWUNT,BDDHS1997360002,1996-97,DHS,2139.0,2056.0,,,
BGD,Chattogram,3875782,Unmet need for family planning,26.9,1,BD,Bangladesh,1997,BD1997DHS,FP_NADM_W_UNT,32933030,I,360003,1360030,Region,..Chattogram,0,,0,1,FPNADMWUNT,BDDHS1997360003,1996-97,DHS,1686.0,1248.0,,,1.0
BGD,Sylhet,4319075,Unmet need for family planning,27.0,1,BD,Bangladesh,1997,BD1997DHS,FP_NADM_W_UNT,32933030,I,360004,1360040,Region,..Sylhet,0,,0,1,FPNADMWUNT,BDDHS1997360004,1996-97,DHS,453.0,808.0,,,1.0
BGD,Dhaka before 2015,6693019,Unmet need for family planning,19.7,1,BD,Bangladesh,1997,BD1997DHS,FP_NADM_W_UNT,32933030,I,360005,1360050,Region,Dhaka before 2015,0,,0,1,FPNADMWUNT,BDDHS1997360005,1996-97,DHS,2606.0,2290.0,,,1.0
BGD,Khulna,4452848,Unmet need for family planning,12.8,1,BD,Bangladesh,1997,BD1997DHS,FP_NADM_W_UNT,32933030,I,360006,1360060,Region,Khulna,0,,0,1,FPNADMWUNT,BDDHS1997360006,1996-97,DHS,1005.0,985.0,,,1.0
BGD,Rajshahi/Rangpur,413395,Unmet need for family planning,14.8,1,BD,Bangladesh,1997,BD1997DHS,FP_NADM_W_UNT,32933030,I,360007,1360070,Region,Rajshahi/Rangpur,0,,0,1,FPNADMWUNT,BDDHS1997360007,1996-97,DHS,2006.0,2111.0,,,1.0
BGD,Barishal,6200513,Neonatal mortality rate,53.0,0,BD,Bangladesh,1997,BD1997DHS,CM_ECMR_C_NNR,63206010,I,360001,1360010,Region,Barishal,14003,Ten years preceding the survey,0,1,CMECMRCNNR,BDDHS1997360001,1996-97,DHS,,,40.0,66.0,1.0
BGD,Chattogram/Sylhet,7638633,Neonatal mortality rate,51.0,0,BD,Bangladesh,1997,BD1997DHS,CM_ECMR_C_NNR,63206010,I,360002,1360020,Region,Chattogram/Sylhet,14003,Ten years preceding the survey,0,1,CMECMRCNNR,BDDHS1997360002,1996-97,DHS,,,42.0,61.0,
BGD,Chattogram,7698231,Neonatal mortality rate,42.0,0,BD,Bangladesh,1997,BD1997DHS,CM_ECMR_C_NNR,63206010,I,360003,1360030,Region,..Chattogram,14003,Ten years preceding the survey,0,1,CMECMRCNNR,BDDHS1997360003,1996-97,DHS,,,32.0,52.0,1.0
BGD,Sylhet,7470039,Neonatal mortality rate,85.0,0,BD,Bangladesh,1997,BD1997DHS,CM_ECMR_C_NNR,63206010,I,360004,1360040,Region,..Sylhet,14003,Ten years preceding the survey,0,1,CMECMRCNNR,BDDHS1997360004,1996-97,DHS,,,66.0,105.0,1.0
BGD,Dhaka before 2015,7452889,Neonatal mortality rate,52.0,0,BD,Bangladesh,1997,BD1997DHS,CM_ECMR_C_NNR,63206010,I,360005,1360050,Region,Dhaka before 2015,14003,Ten years preceding the survey,0,1,CMECMRCNNR,BDDHS1997360005,1996-97,DHS,,,43.0,61.0,1.0
BGD,Khulna,7784574,Neonatal mortality rate,52.0,0,BD,Bangladesh,1997,BD1997DHS,CM_ECMR_C_NNR,63206010,I,360006,1360060,Region,Khulna,14003,Ten years preceding the survey,0,1,CMECMRCNNR,BDDHS1997360006,1996-97,DHS,,,39.0,65.0,1.0
BGD,Rajshahi/Rangpur,7639731,Neonatal mortality rate,64.0,0,BD,Bangladesh,1997,BD1997DHS,CM_ECMR_C_NNR,63206010,I,360007,1360070,Region,Rajshahi/Rangpur,14003,Ten years preceding the survey,0,1,CMECMRCNNR,BDDHS1997360007,1996-97,DHS,,,55.0,73.0,1.0
BGD,Barishal,7976004,Postneonatal mortality rate,33.0,0,BD,Bangladesh,1997,BD1997DHS,CM_ECMR_C_PNR,63206020,I,360001,1360010,Region,Barishal,14003,Ten years preceding the survey,0,1,CMECMRCPNR,BDDHS1997360001,1996-97,DHS,,,21.0,45.0,1.0
BGD,Chattogram/Sylhet,7799188,Postneonatal mortality rate,39.0,0,BD,Bangladesh,1997,BD1997DHS,CM_ECMR_C_PNR,63206020,I,360002,1360020,Region,Chattogram/Sylhet,14003,Ten years preceding the survey,0,1,CMECMRCPNR,BDDHS1997360002,1996-97,DHS,,,31.0,47.0,
BGD,Chattogram,1739814,Postneonatal mortality rate,35.0,0,BD,Bangladesh,1997,BD1997DHS,CM_ECMR_C_PNR,63206020,I,360003,1360030,Region,..Chattogram,14003,Ten years preceding the survey,0,1,CMECMRCPNR,BDDHS1997360003,1996-97,DHS,,,25.0,44.0,1.0
BGD,Sylhet,7470888,Postneonatal mortality rate,53.0,0,BD,Bangladesh,1997,BD1997DHS,CM_ECMR_C_PNR,63206020,I,360004,1360040,Region,..Sylhet,14003,Ten years preceding the survey,0,1,CMECMRCPNR,BDDHS1997360004,1996-97,DHS,,,41.0,65.0,1.0
BGD,Dhaka before 2015,7513118,Postneonatal mortality rate,39.0,0,BD,Bangladesh,1997,BD1997DHS,CM_ECMR_C_PNR,63206020,I,360005,1360050,Region,Dhaka before 2015,14003,Ten years preceding the survey,0,1,CMECMRCPNR,BDDHS1997360005,1996-97,DHS,,,32.0,46.0,1.0
BGD,Khulna,7710847,Postneonatal mortality rate,23.0,0,BD,Bangladesh,1997,BD1997DHS,CM_ECMR_C_PNR,63206020,I,360006,1360060,Region,Khulna,14003,Ten years preceding the survey,0,1,CMECMRCPNR,BDDHS1997360006,1996-97,DHS,,,15.0,32.0,1.0
BGD,Rajshahi/Rangpur,7657500,Postneonatal mortality rate,30.0,0,BD,Bangladesh,1997,BD1997DHS,CM_ECMR_C_PNR,63206020,I,360007,1360070,Region,Rajshahi/Rangpur,14003,Ten years preceding the survey,0,1,CMECMRCPNR,BDDHS1997360007,1996-97,DHS,,,22.0,39.0,1.0
BGD,Barishal,7583550,Infant mortality rate,86.0,0,BD,Bangladesh,1997,BD1997DHS,CM_ECMR_C_IMR,63206030,I,360001,1360010,Region,Barishal,14003,Ten years preceding the survey,0,1,CMECMRCIMR,BDDHS1997360001,1996-97,DHS,,,72.0,101.0,1.0
BGD,Chattogram/Sylhet,7745485,Infant mortality rate,90.0,0,BD,Bangladesh,1997,BD1997DHS,CM_ECMR_C_IMR,63206030,I,360002,1360020,Region,Chattogram/Sylhet,14003,Ten years preceding the survey,0,1,CMECMRCIMR,BDDHS1997360002,1996-97,DHS,,,78.0,102.0,
BGD,Chattogram,7523807,Infant mortality rate,77.0,0,BD,Bangladesh,1997,BD1997DHS,CM_ECMR_C_IMR,63206030,I,360003,1360030,Region,..Chattogram,14003,Ten years preceding the survey,0,1,CMECMRCIMR,BDDHS1997360003,1996-97,DHS,,,65.0,89.0,1.0
BGD,Sylhet,878206,Infant mortality rate,138.0,0,BD,Bangladesh,1997,BD1997DHS,CM_ECMR_C_IMR,63206030,I,360004,1360040,Region,..Sylhet,14003,Ten years preceding the survey,0,1,CMECMRCIMR,BDDHS1997360004,1996-97,DHS,,,114.0,162.0,1.0
BGD,Dhaka before 2015,7611104,Infant mortality rate,91.0,0,BD,Bangladesh,1997,BD1997DHS,CM_ECMR_C_IMR,63206030,I,360005,1360050,Region,Dhaka before 2015,14003,Ten years preceding the survey,0,1,CMECMRCIMR,BDDHS1997360005,1996-97,DHS,,,80.0,102.0,1.0
BGD,Khulna,7850291,Infant mortality rate,75.0,0,BD,Bangladesh,1997,BD1997DHS,CM_ECMR_C_IMR,63206030,I,360006,1360060,Region,Khulna,14003,Ten years preceding the survey,0,1,CMECMRCIMR,BDDHS1997360006,1996-97,DHS,,,61.0,90.0,1.0
BGD,Rajshahi/Rangpur,7864688,Infant mortality rate,94.0,0,BD,Bangladesh,1997,BD1997DHS,CM_ECMR_C_IMR,63206030,I,360007,1360070,Region,Rajshahi/Rangpur,14003,Ten years preceding the survey,0,1,CMECMRCIMR,BDDHS1997360007,1996-97,DHS,,,82.0,107.0,1.0
BGD,Barishal,7650892,Child mortality rate,36.0,0,BD,Bangladesh,1997,BD1997DHS,CM_ECMR_C_CMR,63206040,I,360001,1360010,Region,Barishal,14003,Ten years preceding the survey,0,1,CMECMRCCMR,BDDHS1997360001,1996-97,DHS,,,28.0,45.0,1.0
BGD,Chattogram/Sylhet,7888020,Child mortality rate,57.0,0,BD,Bangladesh,1997,BD1997DHS,CM_ECMR_C_CMR,63206040,I,360002,1360020,Region,Chattogram/Sylhet,14003,Ten years preceding the survey,0,1,CMECMRCCMR,BDDHS1997360002,1996-97,DHS,,,47.0,67.0,
BGD,Chattogram,7886153,Child mortality rate,59.0,0,BD,Bangladesh,1997,BD1997DHS,CM_ECMR_C_CMR,63206040,I,360003,1360030,Region,..Chattogram,14003,Ten years preceding the survey,0,1,CMECMRCCMR,BDDHS1997360003,1996-97,DHS,,,47.0,71.0,1.0
BGD,Sylhet,7556507,Child mortality rate,48.0,0,BD,Bangladesh,1997,BD1997DHS,CM_ECMR_C_CMR,63206040,I,360004,1360040,Region,..Sylhet,14003,Ten years preceding the survey,0,1,CMECMRCCMR,BDDHS1997360004,1996-97,DHS,,,35.0,60.0,1.0
BGD,Dhaka before 2015,7743705,Child mortality rate,44.0,0,BD,Bangladesh,1997,BD1997DHS,CM_ECMR_C_CMR,63206040,I,360005,1360050,Region,Dhaka before 2015,14003,Ten years preceding the survey,0,1,CMECMRCCMR,BDDHS1997360005,1996-97,DHS,,,35.0,52.0,1.0
BGD,Khulna,7464817,Child mortality rate,13.0,0,BD,Bangladesh,1997,BD1997DHS,CM_ECMR_C_CMR,63206040,I,360006,1360060,Region,Khulna,14003,Ten years preceding the survey,0,1,CMECMRCCMR,BDDHS1997360006,1996-97,DHS,,,7.0,19.0,1.0
BGD,Rajshahi/Rangpur,7897921,Child mortality rate,35.0,0,BD,Bangladesh,1997,BD1997DHS,CM_ECMR_C_CMR,63206040,I,360007,1360070,Region,Rajshahi/Rangpur,14003,Ten years preceding the survey,0,1,CMECMRCCMR,BDDHS1997360007,1996-97,DHS,,,26.0,44.0,1.0
BGD,Barishal,7742229,Under-five mortality rate,120.0,0,BD,Bangladesh,1997,BD1997DHS,CM_ECMR_C_U5M,63206050,I,360001,1360010,Region,Barishal,14003,Ten years preceding the survey,0,1,CMECMRCU5M,BDDHS1997360001,1996-97,DHS,,,105.0,134.0,1.0
BGD,Chattogram/Sylhet,7975609,Under-five mortality rate,142.0,0,BD,Bangladesh,1997,BD1997DHS,CM_ECMR_C_U5M,63206050,I,360002,1360020,Region,Chattogram/Sylhet,14003,Ten years preceding the survey,0,1,CMECMRCU5M,BDDHS1997360002,1996-97,DHS,,,126.0,158.0,
BGD,Chattogram,7885657,Under-five mortality rate,131.0,0,BD,Bangladesh,1997,BD1997DHS,CM_ECMR_C_U5M,63206050,I,360003,1360030,Region,..Chattogram,14003,Ten years preceding the survey,0,1,CMECMRCU5M,BDDHS1997360003,1996-97,DHS,,,112.0,150.0,1.0
BGD,Sylhet,1739794,Under-five mortality rate,179.0,0,BD,Bangladesh,1997,BD1997DHS,CM_ECMR_C_U5M,63206050,I,360004,1360040,Region,..Sylhet,14003,Ten years preceding the survey,0,1,CMECMRCU5M,BDDHS1997360004,1996-97,DHS,,,152.0,206.0,1.0
BGD,Dhaka before 2015,7746144,Under-five mortality rate,131.0,0,BD,Bangladesh,1997,BD1997DHS,CM_ECMR_C_U5M,63206050,I,360005,1360050,Region,Dhaka before 2015,14003,Ten years preceding the survey,0,1,CMECMRCU5M,BDDHS1997360005,1996-97,DHS,,,117.0,144.0,1.0
BGD,Khulna,7585170,Under-five mortality rate,87.0,0,BD,Bangladesh,1997,BD1997DHS,CM_ECMR_C_U5M,63206050,I,360006,1360060,Region,Khulna,14003,Ten years preceding the survey,0,1,CMECMRCU5M,BDDHS1997360006,1996-97,DHS,,,73.0,101.0,1.0
BGD,Rajshahi/Rangpur,7447557,Under-five mortality rate,126.0,0,BD,Bangladesh,1997,BD1997DHS,CM_ECMR_C_U5M,63206050,I,360007,1360070,Region,Rajshahi/Rangpur,14003,Ten years preceding the survey,0,1,CMECMRCU5M,BDDHS1997360007,1996-97,DHS,,,111.0,141.0,1.0
BGD,Barishal,5481429,Antenatal care from a skilled provider,22.9,1,BD,Bangladesh,1997,BD1997DHS,RH_ANCP_W_SKP,83363120,I,360001,1360010,Region,Barishal,14000,Three years preceding the survey,0,0,RHANCPWSKP,BDDHS1997360001,1996-97,DHS,215.0,337.0,,,1.0
BGD,Barishal,1310798,Antenatal care from a skilled provider,21.9,1,BD,Bangladesh,1997,BD1997DHS,RH_ANCP_W_SKP,83363120,I,360001,1360010,Region,Barishal,14001,Five years preceding the survey,0,0,RHANCPWSKP,BDDHS1997360001,1996-97,DHS,307.0,483.0,,,1.0
BGD,Barishal,6172385,Antenatal care from a skilled provider,24.2,1,BD,Bangladesh,1997,BD1997DHS,RH_ANCP_W_SKP,83363120,I,360001,1360010,Region,Barishal,14002,Two years preceding the survey,0,1,RHANCPWSKP,BDDHS1997360001,1996-97,DHS,156.0,243.0,,,1.0
BGD,Chattogram/Sylhet,7129636,Antenatal care from a skilled provider,24.6,1,BD,Bangladesh,1997,BD1997DHS,RH_ANCP_W_SKP,83363120,I,360002,1360020,Region,Chattogram/Sylhet,14000,Three years preceding the survey,0,0,RHANCPWSKP,BDDHS1997360002,1996-97,DHS,1033.0,984.0,,,
BGD,Chattogram/Sylhet,7727083,Antenatal care from a skilled provider,24.2,1,BD,Bangladesh,1997,BD1997DHS,RH_ANCP_W_SKP,83363120,I,360002,1360020,Region,Chattogram/Sylhet,14001,Five years preceding the survey,0,0,RHANCPWSKP,BDDHS1997360002,1996-97,DHS,1363.0,1303.0,,,
BGD,Chattogram/Sylhet,7582341,Antenatal care from a skilled provider,26.0,1,BD,Bangladesh,1997,BD1997DHS,RH_ANCP_W_SKP,83363120,I,360002,1360020,Region,Chattogram/Sylhet,14002,Two years preceding the survey,0,1,RHANCPWSKP,BDDHS1997360002,1996-97,DHS,770.0,732.0,,,
BGD,Chattogram,4225558,Antenatal care from a skilled provider,26.7,1,BD,Bangladesh,1997,BD1997DHS,RH_ANCP_W_SKP,83363120,I,360003,1360030,Region,..Chattogram,14000,Three years preceding the survey,0,0,RHANCPWSKP,BDDHS1997360003,1996-97,DHS,814.0,594.0,,,1.0
BGD,Chattogram,3797807,Antenatal care from a skilled provider,26.0,1,BD,Bangladesh,1997,BD1997DHS,RH_ANCP_W_SKP,83363120,I,360003,1360030,Region,..Chattogram,14001,Five years preceding the survey,0,0,RHANCPWSKP,BDDHS1997360003,1996-97,DHS,1075.0,789.0,,,1.0
BGD,Chattogram,736921,Antenatal care from a skilled provider,28.2,1,BD,Bangladesh,1997,BD1997DHS,RH_ANCP_W_SKP,83363120,I,360003,1360030,Region,..Chattogram,14002,Two years preceding the survey,0,1,RHANCPWSKP,BDDHS1997360003,1996-97,DHS,605.0,440.0,,,1.0
BGD,Sylhet,3539527,Antenatal care from a skilled provider,16.5,1,BD,Bangladesh,1997,BD1997DHS,RH_ANCP_W_SKP,83363120,I,360004,1360040,Region,..Sylhet,14000,Three years preceding the survey,0,0,RHANCPWSKP,BDDHS1997360004,1996-97,DHS,219.0,390.0,,,1.0
BGD,Sylhet,5839754,Antenatal care from a skilled provider,17.4,1,BD,Bangladesh,1997,BD1997DHS,RH_ANCP_W_SKP,83363120,I,360004,1360040,Region,..Sylhet,14001,Five years preceding the survey,0,0,RHANCPWSKP,BDDHS1997360004,1996-97,DHS,288.0,514.0,,,1.0
BGD,Sylhet,3711790,Antenatal care from a skilled provider,17.7,1,BD,Bangladesh,1997,BD1997DHS,RH_ANCP_W_SKP,83363120,I,360004,1360040,Region,..Sylhet,14002,Two years preceding the survey,0,1,RHANCPWSKP,BDDHS1997360004,1996-97,DHS,165.0,292.0,,,1.0
BGD,Dhaka before 2015,2750884,Antenatal care from a skilled provider,24.5,1,BD,Bangladesh,1997,BD1997DHS,RH_ANCP_W_SKP,83363120,I,360005,1360050,Region,Dhaka before 2015,14000,Three years preceding the survey,0,0,RHANCPWSKP,BDDHS1997360005,1996-97,DHS,1035.0,903.0,,,1.0
BGD,Dhaka before 2015,6437429,Antenatal care from a skilled provider,24.4,1,BD,Bangladesh,1997,BD1997DHS,RH_ANCP_W_SKP,83363120,I,360005,1360050,Region,Dhaka before 2015,14001,Five years preceding the survey,0,0,RHANCPWSKP,BDDHS1997360005,1996-97,DHS,1431.0,1254.0,,,1.0
BGD,Dhaka before 2015,5608935,Antenatal care from a skilled provider,25.4,1,BD,Bangladesh,1997,BD1997DHS,RH_ANCP_W_SKP,83363120,I,360005,1360050,Region,Dhaka before 2015,14002,Two years preceding the survey,0,1,RHANCPWSKP,BDDHS1997360005,1996-97,DHS,685.0,599.0,,,1.0
BGD,Khulna,7712836,Antenatal care from a skilled provider,24.9,1,BD,Bangladesh,1997,BD1997DHS,RH_ANCP_W_SKP,83363120,I,360006,1360060,Region,Khulna,14000,Three years preceding the survey,0,0,RHANCPWSKP,BDDHS1997360006,1996-97,DHS,323.0,313.0,,,1.0
BGD,Khulna,2696581,Antenatal care from a skilled provider,23.6,1,BD,Bangladesh,1997,BD1997DHS,RH_ANCP_W_SKP,83363120,I,360006,1360060,Region,Khulna,14001,Five years preceding the survey,0,0,RHANCPWSKP,BDDHS1997360006,1996-97,DHS,493.0,476.0,,,1.0
BGD,Khulna,6252926,Antenatal care from a skilled provider,27.4,1,BD,Bangladesh,1997,BD1997DHS,RH_ANCP_W_SKP,83363120,I,360006,1360060,Region,Khulna,14002,Two years preceding the survey,0,1,RHANCPWSKP,BDDHS1997360006,1996-97,DHS,227.0,218.0,,,1.0
BGD,Rajshahi/Rangpur,670041,Antenatal care from a skilled provider,18.4,1,BD,Bangladesh,1997,BD1997DHS,RH_ANCP_W_SKP,83363120,I,360007,1360070,Region,Rajshahi/Rangpur,14000,Three years preceding the survey,0,0,RHANCPWSKP,BDDHS1997360007,1996-97,DHS,719.0,754.0,,,1.0
BGD,Rajshahi/Rangpur,557098,Antenatal care from a skilled provider,17.7,1,BD,Bangladesh,1997,BD1997DHS,RH_ANCP_W_SKP,83363120,I,360007,1360070,Region,Rajshahi/Rangpur,14001,Five years preceding the survey,0,0,RHANCPWSKP,BDDHS1997360007,1996-97,DHS,1023.0,1069.0,,,1.0
BGD,Rajshahi/Rangpur,4219066,Antenatal care from a skilled provider,18.7,1,BD,Bangladesh,1997,BD1997DHS,RH_ANCP_W_SKP,83363120,I,360007,1360070,Region,Rajshahi/Rangpur,14002,Two years preceding the survey,0,1,RHANCPWSKP,BDDHS1997360007,1996-97,DHS,501.0,528.0,,,1.0
BGD,Barishal,6976358,Antenatal visits for pregnancy: 4+ visits,5.5,1,BD,Bangladesh,1997,BD1997DHS,RH_ANCN_W_N4P,83403040,I,360001,1360010,Region,Barishal,14000,Three years preceding the survey,0,0,RHANCNWN4P,BDDHS1997360001,1996-97,DHS,215.0,337.0,,,1.0
BGD,Barishal,2872087,Antenatal visits for pregnancy: 4+ visits,4.6,1,BD,Bangladesh,1997,BD1997DHS,RH_ANCN_W_N4P,83403040,I,360001,1360010,Region,Barishal,14001,Five years preceding the survey,0,0,RHANCNWN4P,BDDHS1997360001,1996-97,DHS,307.0,483.0,,,1.0
BGD,Barishal,6027335,Antenatal visits for pregnancy: 4+ visits,5.1,1,BD,Bangladesh,1997,BD1997DHS,RH_ANCN_W_N4P,83403040,I,360001,1360010,Region,Barishal,14002,Two years preceding the survey,0,1,RHANCNWN4P,BDDHS1997360001,1996-97,DHS,156.0,243.0,,,1.0
BGD,Chattogram/Sylhet,3331366,Antenatal visits for pregnancy: 4+ visits,6.5,1,BD,Bangladesh,1997,BD1997DHS,RH_ANCN_W_N4P,83403040,I,360002,1360020,Region,Chattogram/Sylhet,14000,Three years preceding the survey,0,0,RHANCNWN4P,BDDHS1997360002,1996-97,DHS,1033.0,984.0,,,
BGD,Chattogram/Sylhet,7727142,Antenatal visits for pregnancy: 4+ visits,6.3,1,BD,Bangladesh,1997,BD1997DHS,RH_ANCN_W_N4P,83403040,I,360002,1360020,Region,Chattogram/Sylhet,14001,Five years preceding the survey,0,0,RHANCNWN4P,BDDHS1997360002,1996-97,DHS,1363.0,1303.0,,,
BGD,Chattogram/Sylhet,7582384,Antenatal visits for pregnancy: 4+ visits,6.4,1,BD,Bangladesh,1997,BD1997DHS,RH_ANCN_W_N4P,83403040,I,360002,1360020,Region,Chattogram/Sylhet,14002,Two years preceding the survey,0,1,RHANCNWN4P,BDDHS1997360002,1996-97,DHS,770.0,732.0,,,
BGD,Chattogram,3157110,Antenatal visits for pregnancy: 4+ visits,7.0,1,BD,Bangladesh,1997,BD1997DHS,RH_ANCN_W_N4P,83403040,I,360003,1360030,Region,..Chattogram,14000,Three years preceding the survey,0,0,RHANCNWN4P,BDDHS1997360003,1996-97,DHS,814.0,594.0,,,1.0
BGD,Chattogram,4725204,Antenatal visits for pregnancy: 4+ visits,6.6,1,BD,Bangladesh,1997,BD1997DHS,RH_ANCN_W_N4P,83403040,I,360003,1360030,Region,..Chattogram,14001,Five years preceding the survey,0,0,RHANCNWN4P,BDDHS1997360003,1996-97,DHS,1075.0,789.0,,,1.0
BGD,Chattogram,650922,Antenatal visits for pregnancy: 4+ visits,6.7,1,BD,Bangladesh,1997,BD1997DHS,RH_ANCN_W_N4P,83403040,I,360003,1360030,Region,..Chattogram,14002,Two years preceding the survey,0,1,RHANCNWN4P,BDDHS1997360003,1996-97,DHS,605.0,440.0,,,1.0
BGD,Sylhet,7385706,Antenatal visits for pregnancy: 4+ visits,4.5,1,BD,Bangladesh,1997,BD1997DHS,RH_ANCN_W_N4P,83403040,I,360004,1360040,Region,..Sylhet,14000,Three years preceding the survey,0,0,RHANCNWN4P,BDDHS1997360004,1996-97,DHS,219.0,390.0,,,1.0
BGD,Sylhet,5488877,Antenatal visits for pregnancy: 4+ visits,5.1,1,BD,Bangladesh,1997,BD1997DHS,RH_ANCN_W_N4P,83403040,I,360004,1360040,Region,..Sylhet,14001,Five years preceding the survey,0,0,RHANCNWN4P,BDDHS1997360004,1996-97,DHS,288.0,514.0,,,1.0
BGD,Sylhet,2860927,Antenatal visits for pregnancy: 4+ visits,5.3,1,BD,Bangladesh,1997,BD1997DHS,RH_ANCN_W_N4P,83403040,I,360004,1360040,Region,..Sylhet,14002,Two years preceding the survey,0,1,RHANCNWN4P,BDDHS1997360004,1996-97,DHS,165.0,292.0,,,1.0
BGD,Dhaka before 2015,4721170,Antenatal visits for pregnancy: 4+ visits,8.4,1,BD,Bangladesh,1997,BD1997DHS,RH_ANCN_W_N4P,83403040,I,360005,1360050,Region,Dhaka before 2015,14000,Three years preceding the survey,0,0,RHANCNWN4P,BDDHS1997360005,1996-97,DHS,1035.0,903.0,,,1.0
BGD,Dhaka before 2015,6366321,Antenatal visits for pregnancy: 4+ visits,8.9,1,BD,Bangladesh,1997,BD1997DHS,RH_ANCN_W_N4P,83403040,I,360005,1360050,Region,Dhaka before 2015,14001,Five years preceding the survey,0,0,RHANCNWN4P,BDDHS1997360005,1996-97,DHS,1431.0,1254.0,,,1.0
BGD,Dhaka before 2015,6942421,Antenatal visits for pregnancy: 4+ visits,8.3,1,BD,Bangladesh,1997,BD1997DHS,RH_ANCN_W_N4P,83403040,I,360005,1360050,Region,Dhaka before 2015,14002,Two years preceding the survey,0,1,RHANCNWN4P,BDDHS1997360005,1996-97,DHS,685.0,599.0,,,1.0
BGD,Khulna,7712823,Antenatal visits for pregnancy: 4+ visits,6.4,1,BD,Bangladesh,1997,BD1997DHS,RH_ANCN_W_N4P,83403040,I,360006,1360060,Region,Khulna,14000,Three years preceding the survey,0,0,RHANCNWN4P,BDDHS1997360006,1996-97,DHS,323.0,313.0,,,1.0
BGD,Khulna,6451361,Antenatal visits for pregnancy: 4+ visits,6.8,1,BD,Bangladesh,1997,BD1997DHS,RH_ANCN_W_N4P,83403040,I,360006,1360060,Region,Khulna,14001,Five years preceding the survey,0,0,RHANCNWN4P,BDDHS1997360006,1996-97,DHS,493.0,476.0,,,1.0
BGD,Khulna,3365158,Antenatal visits for pregnancy: 4+ visits,7.4,1,BD,Bangladesh,1997,BD1997DHS,RH_ANCN_W_N4P,83403040,I,360006,1360060,Region,Khulna,14002,Two years preceding the survey,0,1,RHANCNWN4P,BDDHS1997360006,1996-97,DHS,227.0,218.0,,,1.0
BGD,Rajshahi/Rangpur,1303322,Antenatal visits for pregnancy: 4+ visits,5.6,1,BD,Bangladesh,1997,BD1997DHS,RH_ANCN_W_N4P,83403040,I,360007,1360070,Region,Rajshahi/Rangpur,14000,Three years preceding the survey,0,0,RHANCNWN4P,BDDHS1997360007,1996-97,DHS,719.0,754.0,,,1.0
BGD,Rajshahi/Rangpur,6624403,Antenatal visits for pregnancy: 4+ visits,5.6,1,BD,Bangladesh,1997,BD1997DHS,RH_ANCN_W_N4P,83403040,I,360007,1360070,Region,Rajshahi/Rangpur,14001,Five years preceding the survey,0,0,RHANCNWN4P,BDDHS1997360007,1996-97,DHS,1023.0,1069.0,,,1.0
BGD,Rajshahi/Rangpur,4163038,Antenatal visits for pregnancy: 4+ visits,6.1,1,BD,Bangladesh,1997,BD1997DHS,RH_ANCN_W_N4P,83403040,I,360007,1360070,Region,Rajshahi/Rangpur,14002,Two years preceding the survey,0,1,RHANCNWN4P,BDDHS1997360007,1996-97,DHS,501.0,528.0,,,1.0
BGD,Barishal,7209529,Place of delivery: Health facility,4.0,1,BD,Bangladesh,1997,BD1997DHS,RH_DELP_C_DHF,83566070,I,360001,1360010,Region,Barishal,14000,Three years preceding the survey,0,0,RHDELPCDHF,BDDHS1997360001,1996-97,DHS,239.0,374.0,,,1.0
BGD,Barishal,5568655,Place of delivery: Health facility,3.6,1,BD,Bangladesh,1997,BD1997DHS,RH_DELP_C_DHF,83566070,I,360001,1360010,Region,Barishal,14001,Five years preceding the survey,0,0,RHDELPCDHF,BDDHS1997360001,1996-97,DHS,407.0,639.0,,,1.0
BGD,Barishal,1311177,Place of delivery: Health facility,4.1,1,BD,Bangladesh,1997,BD1997DHS,RH_DELP_C_DHF,83566070,I,360001,1360010,Region,Barishal,14002,Two years preceding the survey,0,1,RHDELPCDHF,BDDHS1997360001,1996-97,DHS,162.0,251.0,,,1.0
BGD,Chattogram/Sylhet,1317695,Place of delivery: Health facility,2.6,1,BD,Bangladesh,1997,BD1997DHS,RH_DELP_C_DHF,83566070,I,360002,1360020,Region,Chattogram/Sylhet,14000,Three years preceding the survey,0,0,RHDELPCDHF,BDDHS1997360002,1996-97,DHS,1169.0,1117.0,,,
BGD,Chattogram/Sylhet,7726740,Place of delivery: Health facility,2.4,1,BD,Bangladesh,1997,BD1997DHS,RH_DELP_C_DHF,83566070,I,360002,1360020,Region,Chattogram/Sylhet,14001,Five years preceding the survey,0,0,RHDELPCDHF,BDDHS1997360002,1996-97,DHS,1971.0,1887.0,,,
BGD,Chattogram/Sylhet,7597270,Place of delivery: Health facility,3.1,1,BD,Bangladesh,1997,BD1997DHS,RH_DELP_C_DHF,83566070,I,360002,1360020,Region,Chattogram/Sylhet,14002,Two years preceding the survey,0,1,RHDELPCDHF,BDDHS1997360002,1996-97,DHS,797.0,763.0,,,
BGD,Chattogram,5054521,Place of delivery: Health facility,2.6,1,BD,Bangladesh,1997,BD1997DHS,RH_DELP_C_DHF,83566070,I,360003,1360030,Region,..Chattogram,14000,Three years preceding the survey,0,0,RHDELPCDHF,BDDHS1997360003,1996-97,DHS,915.0,666.0,,,1.0
BGD,Chattogram,5406341,Place of delivery: Health facility,2.5,1,BD,Bangladesh,1997,BD1997DHS,RH_DELP_C_DHF,83566070,I,360003,1360030,Region,..Chattogram,14001,Five years preceding the survey,0,0,RHDELPCDHF,BDDHS1997360003,1996-97,DHS,1538.0,1120.0,,,1.0
BGD,Chattogram,3331358,Place of delivery: Health facility,3.1,1,BD,Bangladesh,1997,BD1997DHS,RH_DELP_C_DHF,83566070,I,360003,1360030,Region,..Chattogram,14002,Two years preceding the survey,0,1,RHDELPCDHF,BDDHS1997360003,1996-97,DHS,621.0,452.0,,,1.0
BGD,Sylhet,2749020,Place of delivery: Health facility,2.6,1,BD,Bangladesh,1997,BD1997DHS,RH_DELP_C_DHF,83566070,I,360004,1360040,Region,..Sylhet,14000,Three years preceding the survey,0,0,RHDELPCDHF,BDDHS1997360004,1996-97,DHS,254.0,451.0,,,1.0
BGD,Sylhet,3512862,Place of delivery: Health facility,2.0,1,BD,Bangladesh,1997,BD1997DHS,RH_DELP_C_DHF,83566070,I,360004,1360040,Region,..Sylhet,14001,Five years preceding the survey,0,0,RHDELPCDHF,BDDHS1997360004,1996-97,DHS,433.0,767.0,,,1.0
BGD,Sylhet,3017064,Place of delivery: Health facility,3.2,1,BD,Bangladesh,1997,BD1997DHS,RH_DELP_C_DHF,83566070,I,360004,1360040,Region,..Sylhet,14002,Two years preceding the survey,0,1,RHDELPCDHF,BDDHS1997360004,1996-97,DHS,176.0,311.0,,,1.0
BGD,Dhaka before 2015,5046049,Place of delivery: Health facility,7.3,1,BD,Bangladesh,1997,BD1997DHS,RH_DELP_C_DHF,83566070,I,360005,1360050,Region,Dhaka before 2015,14000,Three years preceding the survey,0,0,RHDELPCDHF,BDDHS1997360005,1996-97,DHS,1126.0,985.0,,,1.0
BGD,Dhaka before 2015,1317705,Place of delivery: Health facility,6.5,1,BD,Bangladesh,1997,BD1997DHS,RH_DELP_C_DHF,83566070,I,360005,1360050,Region,Dhaka before 2015,14001,Five years preceding the survey,0,0,RHDELPCDHF,BDDHS1997360005,1996-97,DHS,1893.0,1658.0,,,1.0
BGD,Dhaka before 2015,5968051,Place of delivery: Health facility,7.3,1,BD,Bangladesh,1997,BD1997DHS,RH_DELP_C_DHF,83566070,I,360005,1360050,Region,Dhaka before 2015,14002,Two years preceding the survey,0,1,RHDELPCDHF,BDDHS1997360005,1996-97,DHS,702.0,614.0,,,1.0
BGD,Khulna,7713091,Place of delivery: Health facility,6.6,1,BD,Bangladesh,1997,BD1997DHS,RH_DELP_C_DHF,83566070,I,360006,1360060,Region,Khulna,14000,Three years preceding the survey,0,0,RHDELPCDHF,BDDHS1997360006,1996-97,DHS,344.0,334.0,,,1.0
BGD,Khulna,4628886,Place of delivery: Health facility,6.2,1,BD,Bangladesh,1997,BD1997DHS,RH_DELP_C_DHF,83566070,I,360006,1360060,Region,Khulna,14001,Five years preceding the survey,0,0,RHDELPCDHF,BDDHS1997360006,1996-97,DHS,612.0,593.0,,,1.0
BGD,Khulna,4714307,Place of delivery: Health facility,7.0,1,BD,Bangladesh,1997,BD1997DHS,RH_DELP_C_DHF,83566070,I,360006,1360060,Region,Khulna,14002,Two years preceding the survey,0,1,RHDELPCDHF,BDDHS1997360006,1996-97,DHS,231.0,223.0,,,1.0
BGD,Rajshahi/Rangpur,3031375,Place of delivery: Health facility,3.3,1,BD,Bangladesh,1997,BD1997DHS,RH_DELP_C_DHF,83566070,I,360007,1360070,Region,Rajshahi/Rangpur,14000,Three years preceding the survey,0,0,RHDELPCDHF,BDDHS1997360007,1996-97,DHS,766.0,805.0,,,1.0
BGD,Rajshahi/Rangpur,1303469,Place of delivery: Health facility,2.4,1,BD,Bangladesh,1997,BD1997DHS,RH_DELP_C_DHF,83566070,I,360007,1360070,Region,Rajshahi/Rangpur,14001,Five years preceding the survey,0,0,RHDELPCDHF,BDDHS1997360007,1996-97,DHS,1326.0,1390.0,,,1.0
BGD,Rajshahi/Rangpur,5074358,Place of delivery: Health facility,3.8,1,BD,Bangladesh,1997,BD1997DHS,RH_DELP_C_DHF,83566070,I,360007,1360070,Region,Rajshahi/Rangpur,14002,Two years preceding the survey,0,1,RHDELPCDHF,BDDHS1997360007,1996-97,DHS,513.0,541.0,,,1.0
BGD,Barishal,5944412,Assistance during delivery from a skilled provider,9.0,1,BD,Bangladesh,1997,BD1997DHS,RH_DELA_C_SKP,83606110,I,360001,1360010,Region,Barishal,14000,Three years preceding the survey,0,0,RHDELACSKP,BDDHS1997360001,1996-97,DHS,239.0,374.0,,,1.0
BGD,Barishal,7099263,Assistance during delivery from a skilled provider,8.1,1,BD,Bangladesh,1997,BD1997DHS,RH_DELA_C_SKP,83606110,I,360001,1360010,Region,Barishal,14001,Five years preceding the survey,0,0,RHDELACSKP,BDDHS1997360001,1996-97,DHS,407.0,639.0,,,1.0
BGD,Barishal,342475,Assistance during delivery from a skilled provider,9.5,1,BD,Bangladesh,1997,BD1997DHS,RH_DELA_C_SKP,83606110,I,360001,1360010,Region,Barishal,14002,Two years preceding the survey,0,1,RHDELACSKP,BDDHS1997360001,1996-97,DHS,162.0,251.0,,,1.0
BGD,Chattogram/Sylhet,3225136,Assistance during delivery from a skilled provider,6.8,1,BD,Bangladesh,1997,BD1997DHS,RH_DELA_C_SKP,83606110,I,360002,1360020,Region,Chattogram/Sylhet,14000,Three years preceding the survey,0,0,RHDELACSKP,BDDHS1997360002,1996-97,DHS,1169.0,1117.0,,,
BGD,Chattogram/Sylhet,7727247,Assistance during delivery from a skilled provider,6.5,1,BD,Bangladesh,1997,BD1997DHS,RH_DELA_C_SKP,83606110,I,360002,1360020,Region,Chattogram/Sylhet,14001,Five years preceding the survey,0,0,RHDELACSKP,BDDHS1997360002,1996-97,DHS,1971.0,1887.0,,,
BGD,Chattogram/Sylhet,7582718,Assistance during delivery from a skilled provider,8.2,1,BD,Bangladesh,1997,BD1997DHS,RH_DELA_C_SKP,83606110,I,360002,1360020,Region,Chattogram/Sylhet,14002,Two years preceding the survey,0,1,RHDELACSKP,BDDHS1997360002,1996-97,DHS,797.0,763.0,,,
BGD,Chattogram,5168534,Assistance during delivery from a skilled provider,7.3,1,BD,Bangladesh,1997,BD1997DHS,RH_DELA_C_SKP,83606110,I,360003,1360030,Region,..Chattogram,14000,Three years preceding the survey,0,0,RHDELACSKP,BDDHS1997360003,1996-97,DHS,915.0,666.0,,,1.0
BGD,Chattogram,619350,Assistance during delivery from a skilled provider,7.0,1,BD,Bangladesh,1997,BD1997DHS,RH_DELA_C_SKP,83606110,I,360003,1360030,Region,..Chattogram,14001,Five years preceding the survey,0,0,RHDELACSKP,BDDHS1997360003,1996-97,DHS,1538.0,1120.0,,,1.0
BGD,Chattogram,581819,Assistance during delivery from a skilled provider,8.7,1,BD,Bangladesh,1997,BD1997DHS,RH_DELA_C_SKP,83606110,I,360003,1360030,Region,..Chattogram,14002,Two years preceding the survey,0,1,RHDELACSKP,BDDHS1997360003,1996-97,DHS,621.0,452.0,,,1.0
BGD,Sylhet,185441,Assistance during delivery from a skilled provider,5.3,1,BD,Bangladesh,1997,BD1997DHS,RH_DELA_C_SKP,83606110,I,360004,1360040,Region,..Sylhet,14000,Three years preceding the survey,0,0,RHDELACSKP,BDDHS1997360004,1996-97,DHS,254.0,451.0,,,1.0
BGD,Sylhet,7338941,Assistance during delivery from a skilled provider,4.8,1,BD,Bangladesh,1997,BD1997DHS,RH_DELA_C_SKP,83606110,I,360004,1360040,Region,..Sylhet,14001,Five years preceding the survey,0,0,RHDELACSKP,BDDHS1997360004,1996-97,DHS,433.0,767.0,,,1.0
BGD,Sylhet,3356313,Assistance during delivery from a skilled provider,6.5,1,BD,Bangladesh,1997,BD1997DHS,RH_DELA_C_SKP,83606110,I,360004,1360040,Region,..Sylhet,14002,Two years preceding the survey,0,1,RHDELACSKP,BDDHS1997360004,1996-97,DHS,176.0,311.0,,,1.0
BGD,Dhaka before 2015,6961385,Assistance during delivery from a skilled provider,9.4,1,BD,Bangladesh,1997,BD1997DHS,RH_DELA_C_SKP,83606110,I,360005,1360050,Region,Dhaka before 2015,14000,Three years preceding the survey,0,0,RHDELACSKP,BDDHS1997360005,1996-97,DHS,1126.0,985.0,,,1.0
BGD,Dhaka before 2015,467752,Assistance during delivery from a skilled provider,9.0,1,BD,Bangladesh,1997,BD1997DHS,RH_DELA_C_SKP,83606110,I,360005,1360050,Region,Dhaka before 2015,14001,Five years preceding the survey,0,0,RHDELACSKP,BDDHS1997360005,1996-97,DHS,1893.0,1658.0,,,1.0
BGD,Dhaka before 2015,5950505,Assistance during delivery from a skilled provider,8.8,1,BD,Bangladesh,1997,BD1997DHS,RH_DELA_C_SKP,83606110,I,360005,1360050,Region,Dhaka before 2015,14002,Two years preceding the survey,0,1,RHDELACSKP,BDDHS1997360005,1996-97,DHS,702.0,614.0,,,1.0
BGD,Khulna,7713244,Assistance during delivery from a skilled provider,14.1,1,BD,Bangladesh,1997,BD1997DHS,RH_DELA_C_SKP,83606110,I,360006,1360060,Region,Khulna,14000,Three years preceding the survey,0,0,RHDELACSKP,BDDHS1997360006,1996-97,DHS,344.0,334.0,,,1.0
BGD,Khulna,4916321,Assistance during delivery from a skilled provider,14.0,1,BD,Bangladesh,1997,BD1997DHS,RH_DELA_C_SKP,83606110,I,360006,1360060,Region,Khulna,14001,Five years preceding the survey,0,0,RHDELACSKP,BDDHS1997360006,1996-97,DHS,612.0,593.0,,,1.0
BGD,Khulna,6831438,Assistance during delivery from a skilled provider,15.5,1,BD,Bangladesh,1997,BD1997DHS,RH_DELA_C_SKP,83606110,I,360006,1360060,Region,Khulna,14002,Two years preceding the survey,0,1,RHDELACSKP,BDDHS1997360006,1996-97,DHS,231.0,223.0,,,1.0
BGD,Rajshahi/Rangpur,784950,Assistance during delivery from a skilled provider,5.1,1,BD,Bangladesh,1997,BD1997DHS,RH_DELA_C_SKP,83606110,I,360007,1360070,Region,Rajshahi/Rangpur,14000,Three years preceding the survey,0,0,RHDELACSKP,BDDHS1997360007,1996-97,DHS,766.0,805.0,,,1.0
BGD,Rajshahi/Rangpur,4410650,Assistance during delivery from a skilled provider,4.4,1,BD,Bangladesh,1997,BD1997DHS,RH_DELA_C_SKP,83606110,I,360007,1360070,Region,Rajshahi/Rangpur,14001,Five years preceding the survey,0,0,RHDELACSKP,BDDHS1997360007,1996-97,DHS,1326.0,1390.0,,,1.0
BGD,Rajshahi/Rangpur,1303599,Assistance during delivery from a skilled provider,5.8,1,BD,Bangladesh,1997,BD1997DHS,RH_DELA_C_SKP,83606110,I,360007,1360070,Region,Rajshahi/Rangpur,14002,Two years preceding the survey,0,1,RHDELACSKP,BDDHS1997360007,1996-97,DHS,513.0,541.0,,,1.0
BGD,Barishal,571147,Children with ARI for whom advice or treatment was sought,57.6,1,BD,Bangladesh,1997,BD1997DHS,CH_ARIS_C_ADV,93966040,I,360001,1360010,Region,Barishal,14000,Three years preceding the survey,0,0,CHARISCADV,BDDHS1997360001,1996-97,DHS,29.0,43.0,,,1.0
BGD,Barishal,4827819,Children with ARI for whom advice or treatment was sought,60.2,1,BD,Bangladesh,1997,BD1997DHS,CH_ARIS_C_ADV,93966040,I,360001,1360010,Region,Barishal,14001,Five years preceding the survey,0,1,CHARISCADV,BDDHS1997360001,1996-97,DHS,38.0,57.0,,,1.0
BGD,Chattogram/Sylhet,3720885,Children with ARI for whom advice or treatment was sought,63.6,1,BD,Bangladesh,1997,BD1997DHS,CH_ARIS_C_ADV,93966040,I,360002,1360020,Region,Chattogram/Sylhet,14000,Three years preceding the survey,0,0,CHARISCADV,BDDHS1997360002,1996-97,DHS,182.0,159.0,,,
BGD,Chattogram/Sylhet,7727637,Children with ARI for whom advice or treatment was sought,58.9,1,BD,Bangladesh,1997,BD1997DHS,CH_ARIS_C_ADV,93966040,I,360002,1360020,Region,Chattogram/Sylhet,14001,Five years preceding the survey,0,1,CHARISCADV,BDDHS1997360002,1996-97,DHS,249.0,217.0,,,
BGD,Chattogram,419732,Children with ARI for whom advice or treatment was sought,64.1,1,BD,Bangladesh,1997,BD1997DHS,CH_ARIS_C_ADV,93966040,I,360003,1360030,Region,..Chattogram,14000,Three years preceding the survey,0,0,CHARISCADV,BDDHS1997360003,1996-97,DHS,157.0,113.0,,,1.0
BGD,Chattogram,6421007,Children with ARI for whom advice or treatment was sought,58.7,1,BD,Bangladesh,1997,BD1997DHS,CH_ARIS_C_ADV,93966040,I,360003,1360030,Region,..Chattogram,14001,Five years preceding the survey,0,1,CHARISCADV,BDDHS1997360003,1996-97,DHS,213.0,153.0,,,1.0
BGD,Sylhet,4724618,Children with ARI for whom advice or treatment was sought,60.3,1,BD,Bangladesh,1997,BD1997DHS,CH_ARIS_C_ADV,93966040,I,360004,1360040,Region,..Sylhet,14000,Three years preceding the survey,0,0,CHARISCADV,BDDHS1997360004,1996-97,DHS,25.0,46.0,,,1.0
BGD,Sylhet,6790210,Children with ARI for whom advice or treatment was sought,60.5,1,BD,Bangladesh,1997,BD1997DHS,CH_ARIS_C_ADV,93966040,I,360004,1360040,Region,..Sylhet,14001,Five years preceding the survey,0,1,CHARISCADV,BDDHS1997360004,1996-97,DHS,36.0,64.0,,,1.0
BGD,Dhaka before 2015,4449652,Children with ARI for whom advice or treatment was sought,51.3,1,BD,Bangladesh,1997,BD1997DHS,CH_ARIS_C_ADV,93966040,I,360005,1360050,Region,Dhaka before 2015,14000,Three years preceding the survey,0,0,CHARISCADV,BDDHS1997360005,1996-97,DHS,165.0,144.0,,,1.0
BGD,Dhaka before 2015,2078941,Children with ARI for whom advice or treatment was sought,49.1,1,BD,Bangladesh,1997,BD1997DHS,CH_ARIS_C_ADV,93966040,I,360005,1360050,Region,Dhaka before 2015,14001,Five years preceding the survey,0,1,CHARISCADV,BDDHS1997360005,1996-97,DHS,221.0,193.0,,,1.0
BGD,Khulna,7712973,Children with ARI for whom advice or treatment was sought,43.2,1,BD,Bangladesh,1997,BD1997DHS,CH_ARIS_C_ADV,93966040,I,360006,1360060,Region,Khulna,14000,Three years preceding the survey,0,0,CHARISCADV,BDDHS1997360006,1996-97,DHS,43.0,40.0,,,1.0
BGD,Khulna,161521,Children with ARI for whom advice or treatment was sought,39.4,1,BD,Bangladesh,1997,BD1997DHS,CH_ARIS_C_ADV,93966040,I,360006,1360060,Region,Khulna,14001,Five years preceding the survey,0,1,CHARISCADV,BDDHS1997360006,1996-97,DHS,71.0,66.0,,,1.0
BGD,Rajshahi/Rangpur,6268295,Children with ARI for whom advice or treatment was sought,58.3,1,BD,Bangladesh,1997,BD1997DHS,CH_ARIS_C_ADV,93966040,I,360007,1360070,Region,Rajshahi/Rangpur,14000,Three years preceding the survey,0,0,CHARISCADV,BDDHS1997360007,1996-97,DHS,92.0,97.0,,,1.0
BGD,Rajshahi/Rangpur,7089681,Children with ARI for whom advice or treatment was sought,56.9,1,BD,Bangladesh,1997,BD1997DHS,CH_ARIS_C_ADV,93966040,I,360007,1360070,Region,Rajshahi/Rangpur,14001,Five years preceding the survey,0,1,CHARISCADV,BDDHS1997360007,1996-97,DHS,143.0,152.0,,,1.0
BGD,Chattogram/Sylhet,5968611,Treatment of diarrhea: Advice or treatment was sought,44.6,1,BD,Bangladesh,1997,BD1997DHS,CH_DIAT_C_ADV,94096010,I,360002,1360020,Region,Chattogram/Sylhet,14000,Three years preceding the survey,0,0,CHDIATCADV,BDDHS1997360002,1996-97,DHS,113.0,101.0,,,
BGD,Chattogram/Sylhet,7726769,Treatment of diarrhea: Advice or treatment was sought,43.5,1,BD,Bangladesh,1997,BD1997DHS,CH_DIAT_C_ADV,94096010,I,360002,1360020,Region,Chattogram/Sylhet,14001,Five years preceding the survey,0,1,CHDIATCADV,BDDHS1997360002,1996-97,DHS,149.0,138.0,,,
BGD,Chattogram,4790121,Treatment of diarrhea: Advice or treatment was sought,44.2,1,BD,Bangladesh,1997,BD1997DHS,CH_DIAT_C_ADV,94096010,I,360003,1360030,Region,..Chattogram,14000,Three years preceding the survey,0,0,CHDIATCADV,BDDHS1997360003,1996-97,DHS,93.0,66.0,,,1.0
BGD,Chattogram,5687246,Treatment of diarrhea: Advice or treatment was sought,44.0,1,BD,Bangladesh,1997,BD1997DHS,CH_DIAT_C_ADV,94096010,I,360003,1360030,Region,..Chattogram,14001,Five years preceding the survey,0,1,CHDIATCADV,BDDHS1997360003,1996-97,DHS,120.0,86.0,,,1.0
BGD,Sylhet,524597,Treatment of diarrhea: Advice or treatment was sought,46.5,1,BD,Bangladesh,1997,BD1997DHS,CH_DIAT_C_ADV,94096010,I,360004,1360040,Region,..Sylhet,14000,Three years preceding the survey,0,0,CHDIATCADV,BDDHS1997360004,1996-97,DHS,20.0,35.0,,,1.0
BGD,Sylhet,4235273,Treatment of diarrhea: Advice or treatment was sought,41.2,1,BD,Bangladesh,1997,BD1997DHS,CH_DIAT_C_ADV,94096010,I,360004,1360040,Region,..Sylhet,14001,Five years preceding the survey,0,1,CHDIATCADV,BDDHS1997360004,1996-97,DHS,29.0,52.0,,,1.0
BGD,Dhaka before 2015,2720756,Treatment of diarrhea: Advice or treatment was sought,40.8,1,BD,Bangladesh,1997,BD1997DHS,CH_DIAT_C_ADV,94096010,I,360005,1360050,Region,Dhaka before 2015,14000,Three years preceding the survey,0,0,CHDIATCADV,BDDHS1997360005,1996-97,DHS,90.0,81.0,,,1.0
BGD,Dhaka before 2015,3531358,Treatment of diarrhea: Advice or treatment was sought,36.3,1,BD,Bangladesh,1997,BD1997DHS,CH_DIAT_C_ADV,94096010,I,360005,1360050,Region,Dhaka before 2015,14001,Five years preceding the survey,0,1,CHDIATCADV,BDDHS1997360005,1996-97,DHS,133.0,117.0,,,1.0
BGD,Khulna,7714851,Treatment of diarrhea: Advice or treatment was sought,41.2,1,BD,Bangladesh,1997,BD1997DHS,CH_DIAT_C_ADV,94096010,I,360006,1360060,Region,Khulna,14000,Three years preceding the survey,0,0,CHDIATCADV,BDDHS1997360006,1996-97,DHS,37.0,34.0,,,1.0
BGD,Khulna,3677974,Treatment of diarrhea: Advice or treatment was sought,34.0,1,BD,Bangladesh,1997,BD1997DHS,CH_DIAT_C_ADV,94096010,I,360006,1360060,Region,Khulna,14001,Five years preceding the survey,0,1,CHDIATCADV,BDDHS1997360006,1996-97,DHS,49.0,46.0,,,1.0
BGD,Rajshahi/Rangpur,5816402,Treatment of diarrhea: Advice or treatment was sought,35.0,1,BD,Bangladesh,1997,BD1997DHS,CH_DIAT_C_ADV,94096010,I,360007,1360070,Region,Rajshahi/Rangpur,14000,Three years preceding the survey,0,0,CHDIATCADV,BDDHS1997360007,1996-97,DHS,65.0,67.0,,,1.0
BGD,Rajshahi/Rangpur,6873366,Treatment of diarrhea: Advice or treatment was sought,32.4,1,BD,Bangladesh,1997,BD1997DHS,CH_DIAT_C_ADV,94096010,I,360007,1360070,Region,Rajshahi/Rangpur,14001,Five years preceding the survey,0,1,CHDIATCADV,BDDHS1997360007,1996-97,DHS,84.0,87.0,,,1.0
BGD,Chattogram/Sylhet,5968617,Treatment of diarrhea: ORT or increased fluids,67.7,1,BD,Bangladesh,1997,BD1997DHS,CH_DIAT_C_ORI,94096060,I,360002,1360020,Region,Chattogram/Sylhet,14000,Three years preceding the survey,0,0,CHDIATCORI,BDDHS1997360002,1996-97,DHS,113.0,101.0,,,
BGD,Chattogram/Sylhet,7726777,Treatment of diarrhea: ORT or increased fluids,71.5,1,BD,Bangladesh,1997,BD1997DHS,CH_DIAT_C_ORI,94096060,I,360002,1360020,Region,Chattogram/Sylhet,14001,Five years preceding the survey,0,1,CHDIATCORI,BDDHS1997360002,1996-97,DHS,149.0,138.0,,,
BGD,Chattogram,4782965,Treatment of diarrhea: ORT or increased fluids,68.8,1,BD,Bangladesh,1997,BD1997DHS,CH_DIAT_C_ORI,94096060,I,360003,1360030,Region,..Chattogram,14000,Three years preceding the survey,0,0,CHDIATCORI,BDDHS1997360003,1996-97,DHS,93.0,66.0,,,1.0
BGD,Chattogram,5687222,Treatment of diarrhea: ORT or increased fluids,72.2,1,BD,Bangladesh,1997,BD1997DHS,CH_DIAT_C_ORI,94096060,I,360003,1360030,Region,..Chattogram,14001,Five years preceding the survey,0,1,CHDIATCORI,BDDHS1997360003,1996-97,DHS,120.0,86.0,,,1.0
BGD,Sylhet,524607,Treatment of diarrhea: ORT or increased fluids,62.6,1,BD,Bangladesh,1997,BD1997DHS,CH_DIAT_C_ORI,94096060,I,360004,1360040,Region,..Sylhet,14000,Three years preceding the survey,0,0,CHDIATCORI,BDDHS1997360004,1996-97,DHS,20.0,35.0,,,1.0
BGD,Sylhet,4235281,Treatment of diarrhea: ORT or increased fluids,68.9,1,BD,Bangladesh,1997,BD1997DHS,CH_DIAT_C_ORI,94096060,I,360004,1360040,Region,..Sylhet,14001,Five years preceding the survey,0,1,CHDIATCORI,BDDHS1997360004,1996-97,DHS,29.0,52.0,,,1.0
BGD,Dhaka before 2015,2720762,Treatment of diarrhea: ORT or increased fluids,76.5,1,BD,Bangladesh,1997,BD1997DHS,CH_DIAT_C_ORI,94096060,I,360005,1360050,Region,Dhaka before 2015,14000,Three years preceding the survey,0,0,CHDIATCORI,BDDHS1997360005,1996-97,DHS,90.0,81.0,,,1.0
BGD,Dhaka before 2015,3531365,Treatment of diarrhea: ORT or increased fluids,74.1,1,BD,Bangladesh,1997,BD1997DHS,CH_DIAT_C_ORI,94096060,I,360005,1360050,Region,Dhaka before 2015,14001,Five years preceding the survey,0,1,CHDIATCORI,BDDHS1997360005,1996-97,DHS,133.0,117.0,,,1.0
BGD,Khulna,7714908,Treatment of diarrhea: ORT or increased fluids,84.0,1,BD,Bangladesh,1997,BD1997DHS,CH_DIAT_C_ORI,94096060,I,360006,1360060,Region,Khulna,14000,Three years preceding the survey,0,0,CHDIATCORI,BDDHS1997360006,1996-97,DHS,37.0,34.0,,,1.0
BGD,Khulna,3677970,Treatment of diarrhea: ORT or increased fluids,74.4,1,BD,Bangladesh,1997,BD1997DHS,CH_DIAT_C_ORI,94096060,I,360006,1360060,Region,Khulna,14001,Five years preceding the survey,0,1,CHDIATCORI,BDDHS1997360006,1996-97,DHS,49.0,46.0,,,1.0
BGD,Rajshahi/Rangpur,5816419,Treatment of diarrhea: ORT or increased fluids,79.5,1,BD,Bangladesh,1997,BD1997DHS,CH_DIAT_C_ORI,94096060,I,360007,1360070,Region,Rajshahi/Rangpur,14000,Three years preceding the survey,0,0,CHDIATCORI,BDDHS1997360007,1996-97,DHS,65.0,67.0,,,1.0
BGD,Rajshahi/Rangpur,6873371,Treatment of diarrhea: ORT or increased fluids,80.6,1,BD,Bangladesh,1997,BD1997DHS,CH_DIAT_C_ORI,94096060,I,360007,1360070,Region,Rajshahi/Rangpur,14001,Five years preceding the survey,0,1,CHDIATCORI,BDDHS1997360007,1996-97,DHS,84.0,87.0,,,1.0
BGD,Barishal,5998970,Children stunted,67.0,1,BD,Bangladesh,1997,BD1997DHS,CN_NUTS_C_HA2,104236020,I,360001,1360010,Region,Barishal,0,,0,1,CNNUTSCHA2,BDDHS1997360001,1996-97,DHS,311.0,487.0,,,1.0
BGD,Chattogram/Sylhet,7114750,Children stunted,61.0,1,BD,Bangladesh,1997,BD1997DHS,CN_NUTS_C_HA2,104236020,I,360002,1360020,Region,Chattogram/Sylhet,0,,0,1,CNNUTSCHA2,BDDHS1997360002,1996-97,DHS,1470.0,1385.0,,,
BGD,Chattogram,1404956,Children stunted,59.9,1,BD,Bangladesh,1997,BD1997DHS,CN_NUTS_C_HA2,104236020,I,360003,1360030,Region,..Chattogram,0,,0,1,CNNUTSCHA2,BDDHS1997360003,1996-97,DHS,1170.0,852.0,,,1.0
BGD,Sylhet,5007404,Children stunted,65.3,1,BD,Bangladesh,1997,BD1997DHS,CN_NUTS_C_HA2,104236020,I,360004,1360040,Region,..Sylhet,0,,0,1,CNNUTSCHA2,BDDHS1997360004,1996-97,DHS,300.0,533.0,,,1.0
BGD,Dhaka before 2015,44994,Children stunted,60.8,1,BD,Bangladesh,1997,BD1997DHS,CN_NUTS_C_HA2,104236020,I,360005,1360050,Region,Dhaka before 2015,0,,0,1,CNNUTSCHA2,BDDHS1997360005,1996-97,DHS,1482.0,1297.0,,,1.0
BGD,Khulna,7351880,Children stunted,53.7,1,BD,Bangladesh,1997,BD1997DHS,CN_NUTS_C_HA2,104236020,I,360006,1360060,Region,Khulna,0,,0,1,CNNUTSCHA2,BDDHS1997360006,1996-97,DHS,477.0,464.0,,,1.0
BGD,Rajshahi/Rangpur,4159602,Children stunted,58.5,1,BD,Bangladesh,1997,BD1997DHS,CN_NUTS_C_HA2,104236020,I,360007,1360070,Region,Rajshahi/Rangpur,0,,0,1,CNNUTSCHA2,BDDHS1997360007,1996-97,DHS,1008.0,1059.0,,,1.0
BGD,Barishal,3093513,Children wasted,16.8,1,BD,Bangladesh,1997,BD1997DHS,CN_NUTS_C_WH2,104236050,I,360001,1360010,Region,Barishal,0,,0,1,CNNUTSCWH2,BDDHS1997360001,1996-97,DHS,311.0,487.0,,,1.0
BGD,Chattogram/Sylhet,7214452,Children wasted,24.2,1,BD,Bangladesh,1997,BD1997DHS,CN_NUTS_C_WH2,104236050,I,360002,1360020,Region,Chattogram/Sylhet,0,,0,1,CNNUTSCWH2,BDDHS1997360002,1996-97,DHS,1470.0,1385.0,,,
BGD,Chattogram,5460623,Children wasted,24.7,1,BD,Bangladesh,1997,BD1997DHS,CN_NUTS_C_WH2,104236050,I,360003,1360030,Region,..Chattogram,0,,0,1,CNNUTSCWH2,BDDHS1997360003,1996-97,DHS,1170.0,852.0,,,1.0
BGD,Sylhet,2694253,Children wasted,22.4,1,BD,Bangladesh,1997,BD1997DHS,CN_NUTS_C_WH2,104236050,I,360004,1360040,Region,..Sylhet,0,,0,1,CNNUTSCWH2,BDDHS1997360004,1996-97,DHS,300.0,533.0,,,1.0
BGD,Dhaka before 2015,2612874,Children wasted,18.3,1,BD,Bangladesh,1997,BD1997DHS,CN_NUTS_C_WH2,104236050,I,360005,1360050,Region,Dhaka before 2015,0,,0,1,CNNUTSCWH2,BDDHS1997360005,1996-97,DHS,1482.0,1297.0,,,1.0
BGD,Khulna,3015281,Children wasted,20.9,1,BD,Bangladesh,1997,BD1997DHS,CN_NUTS_C_WH2,104236050,I,360006,1360060,Region,Khulna,0,,0,1,CNNUTSCWH2,BDDHS1997360006,1996-97,DHS,477.0,464.0,,,1.0
BGD,Rajshahi/Rangpur,6682899,Children wasted,19.8,1,BD,Bangladesh,1997,BD1997DHS,CN_NUTS_C_WH2,104236050,I,360007,1360070,Region,Rajshahi/Rangpur,0,,0,1,CNNUTSCWH2,BDDHS1997360007,1996-97,DHS,1008.0,1059.0,,,1.0
BGD,Barishal,1389619,Children underweight,53.8,1,BD,Bangladesh,1997,BD1997DHS,CN_NUTS_C_WA2,104236090,I,360001,1360010,Region,Barishal,0,,0,1,CNNUTSCWA2,BDDHS1997360001,1996-97,DHS,311.0,487.0,,,1.0
BGD,Chattogram/Sylhet,7327355,Children underweight,55.7,1,BD,Bangladesh,1997,BD1997DHS,CN_NUTS_C_WA2,104236090,I,360002,1360020,Region,Chattogram/Sylhet,0,,0,1,CNNUTSCWA2,BDDHS1997360002,1996-97,DHS,1470.0,1385.0,,,
BGD,Chattogram,4206655,Children underweight,55.2,1,BD,Bangladesh,1997,BD1997DHS,CN_NUTS_C_WA2,104236090,I,360003,1360030,Region,..Chattogram,0,,0,1,CNNUTSCWA2,BDDHS1997360003,1996-97,DHS,1170.0,852.0,,,1.0
BGD,Sylhet,5895314,Children underweight,57.7,1,BD,Bangladesh,1997,BD1997DHS,CN_NUTS_C_WA2,104236090,I,360004,1360040,Region,..Sylhet,0,,0,1,CNNUTSCWA2,BDDHS1997360004,1996-97,DHS,300.0,533.0,,,1.0
BGD,Dhaka before 2015,6943805,Children underweight,50.6,1,BD,Bangladesh,1997,BD1997DHS,CN_NUTS_C_WA2,104236090,I,360005,1360050,Region,Dhaka before 2015,0,,0,1,CNNUTSCWA2,BDDHS1997360005,1996-97,DHS,1482.0,1297.0,,,1.0
BGD,Khulna,1389579,Children underweight,46.0,1,BD,Bangladesh,1997,BD1997DHS,CN_NUTS_C_WA2,104236090,I,360006,1360060,Region,Khulna,0,,0,1,CNNUTSCWA2,BDDHS1997360006,1996-97,DHS,477.0,464.0,,,1.0
BGD,Rajshahi/Rangpur,2602456,Children underweight,51.9,1,BD,Bangladesh,1997,BD1997DHS,CN_NUTS_C_WA2,104236090,I,360007,1360070,Region,Rajshahi/Rangpur,0,,0,1,CNNUTSCWA2,BDDHS1997360007,1996-97,DHS,1008.0,1059.0,,,1.0
BGD,Barishal,1389618,Children overweight for their age,0.0,1,BD,Bangladesh,1997,BD1997DHS,CN_NUTS_C_WAP,104236100,I,360001,1360010,Region,Barishal,0,,0,1,CNNUTSCWAP,BDDHS1997360001,1996-97,DHS,311.0,487.0,,,1.0
BGD,Chattogram/Sylhet,7327354,Children overweight for their age,0.4,1,BD,Bangladesh,1997,BD1997DHS,CN_NUTS_C_WAP,104236100,I,360002,1360020,Region,Chattogram/Sylhet,0,,0,1,CNNUTSCWAP,BDDHS1997360002,1996-97,DHS,1470.0,1385.0,,,
BGD,Chattogram,4206654,Children overweight for their age,0.4,1,BD,Bangladesh,1997,BD1997DHS,CN_NUTS_C_WAP,104236100,I,360003,1360030,Region,..Chattogram,0,,0,1,CNNUTSCWAP,BDDHS1997360003,1996-97,DHS,1170.0,852.0,,,1.0
BGD,Sylhet,5895317,Children overweight for their age,0.2,1,BD,Bangladesh,1997,BD1997DHS,CN_NUTS_C_WAP,104236100,I,360004,1360040,Region,..Sylhet,0,,0,1,CNNUTSCWAP,BDDHS1997360004,1996-97,DHS,300.0,533.0,,,1.0
BGD,Dhaka before 2015,6943807,Children overweight for their age,0.2,1,BD,Bangladesh,1997,BD1997DHS,CN_NUTS_C_WAP,104236100,I,360005,1360050,Region,Dhaka before 2015,0,,0,1,CNNUTSCWAP,BDDHS1997360005,1996-97,DHS,1482.0,1297.0,,,1.0
BGD,Khulna,1389606,Children overweight for their age,0.2,1,BD,Bangladesh,1997,BD1997DHS,CN_NUTS_C_WAP,104236100,I,360006,1360060,Region,Khulna,0,,0,1,CNNUTSCWAP,BDDHS1997360006,1996-97,DHS,477.0,464.0,,,1.0
BGD,Rajshahi/Rangpur,2602484,Children overweight for their age,0.3,1,BD,Bangladesh,1997,BD1997DHS,CN_NUTS_C_WAP,104236100,I,360007,1360070,Region,Rajshahi/Rangpur,0,,0,1,CNNUTSCWAP,BDDHS1997360007,1996-97,DHS,1008.0,1059.0,,,1.0
BGD,Barishal,1389600,Children ever breastfed,97.5,1,BD,Bangladesh,1997,BD1997DHS,CN_BRFI_C_EVR,104266010,I,360001,1360010,Region,Barishal,0,,0,1,CNBRFICEVR,BDDHS1997360001,1996-97,DHS,156.0,243.0,,,1.0
BGD,Chattogram/Sylhet,5205527,Children ever breastfed,98.8,1,BD,Bangladesh,1997,BD1997DHS,CN_BRFI_C_EVR,104266010,I,360002,1360020,Region,Chattogram/Sylhet,0,,0,1,CNBRFICEVR,BDDHS1997360002,1996-97,DHS,770.0,732.0,,,
BGD,Chattogram,3798001,Children ever breastfed,99.1,1,BD,Bangladesh,1997,BD1997DHS,CN_BRFI_C_EVR,104266010,I,360003,1360030,Region,..Chattogram,0,,0,1,CNBRFICEVR,BDDHS1997360003,1996-97,DHS,605.0,440.0,,,1.0
BGD,Sylhet,1404959,Children ever breastfed,97.8,1,BD,Bangladesh,1997,BD1997DHS,CN_BRFI_C_EVR,104266010,I,360004,1360040,Region,..Sylhet,0,,0,1,CNBRFICEVR,BDDHS1997360004,1996-97,DHS,165.0,292.0,,,1.0
BGD,Dhaka before 2015,6507495,Children ever breastfed,98.2,1,BD,Bangladesh,1997,BD1997DHS,CN_BRFI_C_EVR,104266010,I,360005,1360050,Region,Dhaka before 2015,0,,0,1,CNBRFICEVR,BDDHS1997360005,1996-97,DHS,685.0,599.0,,,1.0
BGD,Khulna,4803715,Children ever breastfed,96.1,1,BD,Bangladesh,1997,BD1997DHS,CN_BRFI_C_EVR,104266010,I,360006,1360060,Region,Khulna,0,,0,1,CNBRFICEVR,BDDHS1997360006,1996-97,DHS,227.0,218.0,,,1.0
BGD,Rajshahi/Rangpur,4523840,Children ever breastfed,96.5,1,BD,Bangladesh,1997,BD1997DHS,CN_BRFI_C_EVR,104266010,I,360007,1360070,Region,Rajshahi/Rangpur,0,,0,1,CNBRFICEVR,BDDHS1997360007,1996-97,DHS,501.0,528.0,,,1.0
BGD,Barishal,1389601,Children who started breastfeeding within 1 hour of birth,13.6,1,BD,Bangladesh,1997,BD1997DHS,CN_BRFI_C_1HR,104266020,I,360001,1360010,Region,Barishal,0,,0,1,CNBRFIC1HR,BDDHS1997360001,1996-97,DHS,156.0,243.0,,,1.0
BGD,Chattogram/Sylhet,5205525,Children who started breastfeeding within 1 hour of birth,18.8,1,BD,Bangladesh,1997,BD1997DHS,CN_BRFI_C_1HR,104266020,I,360002,1360020,Region,Chattogram/Sylhet,0,,0,1,CNBRFIC1HR,BDDHS1997360002,1996-97,DHS,770.0,732.0,,,
BGD,Chattogram,3797998,Children who started breastfeeding within 1 hour of birth,15.7,1,BD,Bangladesh,1997,BD1997DHS,CN_BRFI_C_1HR,104266020,I,360003,1360030,Region,..Chattogram,0,,0,1,CNBRFIC1HR,BDDHS1997360003,1996-97,DHS,605.0,440.0,,,1.0
BGD,Sylhet,1404962,Children who started breastfeeding within 1 hour of birth,30.3,1,BD,Bangladesh,1997,BD1997DHS,CN_BRFI_C_1HR,104266020,I,360004,1360040,Region,..Sylhet,0,,0,1,CNBRFIC1HR,BDDHS1997360004,1996-97,DHS,165.0,292.0,,,1.0
BGD,Dhaka before 2015,6507496,Children who started breastfeeding within 1 hour of birth,21.7,1,BD,Bangladesh,1997,BD1997DHS,CN_BRFI_C_1HR,104266020,I,360005,1360050,Region,Dhaka before 2015,0,,0,1,CNBRFIC1HR,BDDHS1997360005,1996-97,DHS,685.0,599.0,,,1.0
BGD,Khulna,4803828,Children who started breastfeeding within 1 hour of birth,15.2,1,BD,Bangladesh,1997,BD1997DHS,CN_BRFI_C_1HR,104266020,I,360006,1360060,Region,Khulna,0,,0,1,CNBRFIC1HR,BDDHS1997360006,1996-97,DHS,227.0,218.0,,,1.0
BGD,Rajshahi/Rangpur,4523863,Children who started breastfeeding within 1 hour of birth,19.4,1,BD,Bangladesh,1997,BD1997DHS,CN_BRFI_C_1HR,104266020,I,360007,1360070,Region,Rajshahi/Rangpur,0,,0,1,CNBRFIC1HR,BDDHS1997360007,1996-97,DHS,501.0,528.0,,,1.0
BGD,Barishal,1389623,Median duration of any breastfeeding,29.6,1,BD,Bangladesh,1997,BD1997DHS,CN_BFDR_C_MDA,104336010,I,360001,1360010,Region,Barishal,0,,0,1,CNBFDRCMDA,BDDHS1997360001,1996-97,DHS,,,,,1.0
BGD,Chattogram/Sylhet,2694298,Median duration of any breastfeeding,25.1,1,BD,Bangladesh,1997,BD1997DHS,CN_BFDR_C_MDA,104336010,I,360002,1360020,Region,Chattogram/Sylhet,0,,0,1,CNBFDRCMDA,BDDHS1997360002,1996-97,DHS,,,,,
BGD,Chattogram,1404977,Median duration of any breastfeeding,24.6,1,BD,Bangladesh,1997,BD1997DHS,CN_BFDR_C_MDA,104336010,I,360003,1360030,Region,..Chattogram,0,,0,1,CNBFDRCMDA,BDDHS1997360003,1996-97,DHS,,,,,1.0
BGD,Sylhet,1404981,Median duration of any breastfeeding,29.0,1,BD,Bangladesh,1997,BD1997DHS,CN_BFDR_C_MDA,104336010,I,360004,1360040,Region,..Sylhet,0,,0,1,CNBFDRCMDA,BDDHS1997360004,1996-97,DHS,,,,,1.0
BGD,Barishal,4823138,Population using an improved water source,91.1,1,BD,Bangladesh,1997,BD1997DHS,WS_SRCE_P_IMP,250162010,I,360001,1360010,Region,Barishal,0,,0,1,WSSRCEPIMP,BDDHS1997360001,1996-97,DHS,2998.0,4695.0,,,1.0
BGD,Chattogram/Sylhet,2943318,Population using an improved water source,94.8,1,BD,Bangladesh,1997,BD1997DHS,WS_SRCE_P_IMP,250162010,I,360002,1360020,Region,Chattogram/Sylhet,0,,0,1,WSSRCEPIMP,BDDHS1997360002,1996-97,DHS,12841.0,12473.0,,,
BGD,Chattogram,5366524,Population using an improved water source,98.0,1,BD,Bangladesh,1997,BD1997DHS,WS_SRCE_P_IMP,250162010,I,360003,1360030,Region,..Chattogram,0,,0,1,WSSRCEPIMP,BDDHS1997360003,1996-97,DHS,10036.0,7439.0,,,1.0
BGD,Sylhet,3729417,Population using an improved water source,83.5,1,BD,Bangladesh,1997,BD1997DHS,WS_SRCE_P_IMP,250162010,I,360004,1360040,Region,..Sylhet,0,,0,1,WSSRCEPIMP,BDDHS1997360004,1996-97,DHS,2805.0,5034.0,,,1.0
BGD,Dhaka before 2015,4007440,Population using an improved water source,97.1,1,BD,Bangladesh,1997,BD1997DHS,WS_SRCE_P_IMP,250162010,I,360005,1360050,Region,Dhaka before 2015,0,,0,1,WSSRCEPIMP,BDDHS1997360005,1996-97,DHS,14164.0,12354.0,,,1.0
BGD,Khulna,3452474,Population using an improved water source,96.8,1,BD,Bangladesh,1997,BD1997DHS,WS_SRCE_P_IMP,250162010,I,360006,1360060,Region,Khulna,0,,0,1,WSSRCEPIMP,BDDHS1997360006,1996-97,DHS,5433.0,5297.0,,,1.0
BGD,Rajshahi/Rangpur,1096955,Population using an improved water source,94.8,1,BD,Bangladesh,1997,BD1997DHS,WS_SRCE_P_IMP,250162010,I,360007,1360070,Region,Rajshahi/Rangpur,0,,0,1,WSSRCEPIMP,BDDHS1997360007,1996-97,DHS,10384.0,10957.0,,,1.0
BGD,Barishal,4345355,Population with an improved sanitation facility,36.8,1,BD,Bangladesh,1997,BD1997DHS,WS_TLET_P_IMP,250262010,I,360001,1360010,Region,Barishal,0,,0,1,WSTLETPIMP,BDDHS1997360001,1996-97,DHS,2998.0,4695.0,,,1.0
BGD,Chattogram/Sylhet,6676280,Population with an improved sanitation facility,34.7,1,BD,Bangladesh,1997,BD1997DHS,WS_TLET_P_IMP,250262010,I,360002,1360020,Region,Chattogram/Sylhet,0,,0,1,WSTLETPIMP,BDDHS1997360002,1996-97,DHS,12841.0,12473.0,,,
BGD,Chattogram,754307,Population with an improved sanitation facility,38.0,1,BD,Bangladesh,1997,BD1997DHS,WS_TLET_P_IMP,250262010,I,360003,1360030,Region,..Chattogram,0,,0,1,WSTLETPIMP,BDDHS1997360003,1996-97,DHS,10036.0,7439.0,,,1.0
BGD,Sylhet,5556319,Population with an improved sanitation facility,23.1,1,BD,Bangladesh,1997,BD1997DHS,WS_TLET_P_IMP,250262010,I,360004,1360040,Region,..Sylhet,0,,0,1,WSTLETPIMP,BDDHS1997360004,1996-97,DHS,2805.0,5034.0,,,1.0
BGD,Dhaka before 2015,3664258,Population with an improved sanitation facility,32.1,1,BD,Bangladesh,1997,BD1997DHS,WS_TLET_P_IMP,250262010,I,360005,1360050,Region,Dhaka before 2015,0,,0,1,WSTLETPIMP,BDDHS1997360005,1996-97,DHS,14164.0,12354.0,,,1.0
BGD,Khulna,3394104,Population with an improved sanitation facility,41.2,1,BD,Bangladesh,1997,BD1997DHS,WS_TLET_P_IMP,250262010,I,360006,1360060,Region,Khulna,0,,0,1,WSTLETPIMP,BDDHS1997360006,1996-97,DHS,5433.0,5297.0,,,1.0
BGD,Rajshahi/Rangpur,3858114,Population with an improved sanitation facility,24.7,1,BD,Bangladesh,1997,BD1997DHS,WS_TLET_P_IMP,250262010,I,360007,1360070,Region,Rajshahi/Rangpur,0,,0,1,WSTLETPIMP,BDDHS1997360007,1996-97,DHS,10384.0,10957.0,,,1.0
BGD,Barishal,1803799,Age specific fertility rate: 15-19,154.0,0,BD,Bangladesh,2000,BD2000DHS,FE_FRTR_W_A15,11763010,I,360001,1360010,Region,Barishal,0,,0,1,FEFRTRWA15,BDDHS2000360001,1999-00,DHS,,,,,1.0
BGD,Chattogram/Sylhet,7449974,Age specific fertility rate: 15-19,126.0,0,BD,Bangladesh,2000,BD2000DHS,FE_FRTR_W_A15,11763010,I,360002,1360020,Region,Chattogram/Sylhet,0,,0,1,FEFRTRWA15,BDDHS2000360002,1999-00,DHS,,,,,
BGD,Chattogram,7933938,Age specific fertility rate: 15-19,131.0,0,BD,Bangladesh,2000,BD2000DHS,FE_FRTR_W_A15,11763010,I,360003,1360030,Region,..Chattogram,0,,0,1,FEFRTRWA15,BDDHS2000360003,1999-00,DHS,,,,,1.0
BGD,Sylhet,1810459,Age specific fertility rate: 15-19,110.0,0,BD,Bangladesh,2000,BD2000DHS,FE_FRTR_W_A15,11763010,I,360004,1360040,Region,..Sylhet,0,,0,1,FEFRTRWA15,BDDHS2000360004,1999-00,DHS,,,,,1.0
BGD,Dhaka before 2015,1810426,Age specific fertility rate: 15-19,145.0,0,BD,Bangladesh,2000,BD2000DHS,FE_FRTR_W_A15,11763010,I,360005,1360050,Region,Dhaka before 2015,0,,0,1,FEFRTRWA15,BDDHS2000360005,1999-00,DHS,,,,,1.0
BGD,Khulna,7629769,Age specific fertility rate: 15-19,146.0,0,BD,Bangladesh,2000,BD2000DHS,FE_FRTR_W_A15,11763010,I,360006,1360060,Region,Khulna,0,,0,1,FEFRTRWA15,BDDHS2000360006,1999-00,DHS,,,,,1.0
BGD,Rajshahi/Rangpur,1803792,Age specific fertility rate: 15-19,162.0,0,BD,Bangladesh,2000,BD2000DHS,FE_FRTR_W_A15,11763010,I,360007,1360070,Region,Rajshahi/Rangpur,0,,0,1,FEFRTRWA15,BDDHS2000360007,1999-00,DHS,,,,,1.0
BGD,Barishal,6023128,Married women currently using any method of contraception,59.5,1,BD,Bangladesh,2000,BD2000DHS,FP_CUSM_W_ANY,32633010,I,360001,1360010,Region,Barishal,0,,0,1,FPCUSMWANY,BDDHS2000360001,1999-00,DHS,629.0,902.0,,,1.0
BGD,Chattogram/Sylhet,7473626,Married women currently using any method of contraception,42.1,1,BD,Bangladesh,2000,BD2000DHS,FP_CUSM_W_ANY,32633010,I,360002,1360020,Region,Chattogram/Sylhet,0,,0,1,FPCUSMWANY,BDDHS2000360002,1999-00,DHS,2311.0,2745.0,,,
BGD,Chattogram,7919988,Married women currently using any method of contraception,44.6,1,BD,Bangladesh,2000,BD2000DHS,FP_CUSM_W_ANY,32633010,I,360003,1360030,Region,..Chattogram,0,,0,1,FPCUSMWANY,BDDHS2000360003,1999-00,DHS,1763.0,1752.0,,,1.0
BGD,Sylhet,2763976,Married women currently using any method of contraception,34.3,1,BD,Bangladesh,2000,BD2000DHS,FP_CUSM_W_ANY,32633010,I,360004,1360040,Region,..Sylhet,0,,0,1,FPCUSMWANY,BDDHS2000360004,1999-00,DHS,548.0,993.0,,,1.0
BGD,Dhaka before 2015,4862304,Married women currently using any method of contraception,54.3,1,BD,Bangladesh,2000,BD2000DHS,FP_CUSM_W_ANY,32633010,I,360005,1360050,Region,Dhaka before 2015,0,,0,1,FPCUSMWANY,BDDHS2000360005,1999-00,DHS,2968.0,2310.0,,,1.0
BGD,Khulna,7631642,Married women currently using any method of contraception,64.5,1,BD,Bangladesh,2000,BD2000DHS,FP_CUSM_W_ANY,32633010,I,360006,1360060,Region,Khulna,0,,0,1,FPCUSMWANY,BDDHS2000360006,1999-00,DHS,1169.0,1663.0,,,1.0
BGD,Rajshahi/Rangpur,2992194,Married women currently using any method of contraception,59.5,1,BD,Bangladesh,2000,BD2000DHS,FP_CUSM_W_ANY,32633010,I,360007,1360070,Region,Rajshahi/Rangpur,0,,0,1,FPCUSMWANY,BDDHS2000360007,1999-00,DHS,2462.0,1910.0,,,1.0
BGD,Barishal,865174,Unmet need for family planning,18.0,1,BD,Bangladesh,2000,BD2000DHS,FP_NADM_W_UNT,32933030,I,360001,1360010,Region,Barishal,0,,0,1,FPNADMWUNT,BDDHS2000360001,1999-00,DHS,629.0,902.0,,,1.0
BGD,Chattogram/Sylhet,7449395,Unmet need for family planning,22.8,1,BD,Bangladesh,2000,BD2000DHS,FP_NADM_W_UNT,32933030,I,360002,1360020,Region,Chattogram/Sylhet,0,,0,1,FPNADMWUNT,BDDHS2000360002,1999-00,DHS,2311.0,2745.0,,,
BGD,Chattogram,7919469,Unmet need for family planning,22.4,1,BD,Bangladesh,2000,BD2000DHS,FP_NADM_W_UNT,32933030,I,360003,1360030,Region,..Chattogram,0,,0,1,FPNADMWUNT,BDDHS2000360003,1999-00,DHS,1763.0,1752.0,,,1.0
BGD,Sylhet,1559120,Unmet need for family planning,24.2,1,BD,Bangladesh,2000,BD2000DHS,FP_NADM_W_UNT,32933030,I,360004,1360040,Region,..Sylhet,0,,0,1,FPNADMWUNT,BDDHS2000360004,1999-00,DHS,548.0,993.0,,,1.0
BGD,Dhaka before 2015,5107292,Unmet need for family planning,18.3,1,BD,Bangladesh,2000,BD2000DHS,FP_NADM_W_UNT,32933030,I,360005,1360050,Region,Dhaka before 2015,0,,0,1,FPNADMWUNT,BDDHS2000360005,1999-00,DHS,2968.0,2310.0,,,1.0
BGD,Khulna,7630758,Unmet need for family planning,13.7,1,BD,Bangladesh,2000,BD2000DHS,FP_NADM_W_UNT,32933030,I,360006,1360060,Region,Khulna,0,,0,1,FPNADMWUNT,BDDHS2000360006,1999-00,DHS,1169.0,1663.0,,,1.0
BGD,Rajshahi/Rangpur,5331165,Unmet need for family planning,16.0,1,BD,Bangladesh,2000,BD2000DHS,FP_NADM_W_UNT,32933030,I,360007,1360070,Region,Rajshahi/Rangpur,0,,0,1,FPNADMWUNT,BDDHS2000360007,1999-00,DHS,2462.0,1910.0,,,1.0
BGD,Barishal,7552798,Neonatal mortality rate,47.0,0,BD,Bangladesh,2000,BD2000DHS,CM_ECMR_C_NNR,63206010,I,360001,1360010,Region,Barishal,14003,Ten years preceding the survey,0,1,CMECMRCNNR,BDDHS2000360001,1999-00,DHS,,,32.0,63.0,1.0
BGD,Chattogram/Sylhet,1734756,Neonatal mortality rate,51.0,0,BD,Bangladesh,2000,BD2000DHS,CM_ECMR_C_NNR,63206010,I,360002,1360020,Region,Chattogram/Sylhet,14003,Ten years preceding the survey,0,1,CMECMRCNNR,BDDHS2000360002,1999-00,DHS,,,43.0,60.0,
BGD,Chattogram,7779839,Neonatal mortality rate,41.0,0,BD,Bangladesh,2000,BD2000DHS,CM_ECMR_C_NNR,63206010,I,360003,1360030,Region,..Chattogram,14003,Ten years preceding the survey,0,1,CMECMRCNNR,BDDHS2000360003,1999-00,DHS,,,32.0,49.0,1.0
BGD,Sylhet,871058,Neonatal mortality rate,82.0,0,BD,Bangladesh,2000,BD2000DHS,CM_ECMR_C_NNR,63206010,I,360004,1360040,Region,..Sylhet,14003,Ten years preceding the survey,0,1,CMECMRCNNR,BDDHS2000360004,1999-00,DHS,,,65.0,98.0,1.0
BGD,Dhaka before 2015,7928753,Neonatal mortality rate,52.0,0,BD,Bangladesh,2000,BD2000DHS,CM_ECMR_C_NNR,63206010,I,360005,1360050,Region,Dhaka before 2015,14003,Ten years preceding the survey,0,1,CMECMRCNNR,BDDHS2000360005,1999-00,DHS,,,41.0,62.0,1.0
BGD,Khulna,7776313,Neonatal mortality rate,47.0,0,BD,Bangladesh,2000,BD2000DHS,CM_ECMR_C_NNR,63206010,I,360006,1360060,Region,Khulna,14003,Ten years preceding the survey,0,1,CMECMRCNNR,BDDHS2000360006,1999-00,DHS,,,37.0,58.0,1.0
BGD,Rajshahi/Rangpur,1722297,Neonatal mortality rate,50.0,0,BD,Bangladesh,2000,BD2000DHS,CM_ECMR_C_NNR,63206010,I,360007,1360070,Region,Rajshahi/Rangpur,14003,Ten years preceding the survey,0,1,CMECMRCNNR,BDDHS2000360007,1999-00,DHS,,,41.0,58.0,1.0
BGD,Barishal,7945224,Postneonatal mortality rate,28.0,0,BD,Bangladesh,2000,BD2000DHS,CM_ECMR_C_PNR,63206020,I,360001,1360010,Region,Barishal,14003,Ten years preceding the survey,0,1,CMECMRCPNR,BDDHS2000360001,1999-00,DHS,,,17.0,40.0,1.0
BGD,Chattogram/Sylhet,7771432,Postneonatal mortality rate,33.0,0,BD,Bangladesh,2000,BD2000DHS,CM_ECMR_C_PNR,63206020,I,360002,1360020,Region,Chattogram/Sylhet,14003,Ten years preceding the survey,0,1,CMECMRCPNR,BDDHS2000360002,1999-00,DHS,,,27.0,39.0,
BGD,Chattogram,1728568,Postneonatal mortality rate,29.0,0,BD,Bangladesh,2000,BD2000DHS,CM_ECMR_C_PNR,63206020,I,360003,1360030,Region,..Chattogram,14003,Ten years preceding the survey,0,1,CMECMRCPNR,BDDHS2000360003,1999-00,DHS,,,22.0,35.0,1.0
BGD,Sylhet,7592790,Postneonatal mortality rate,45.0,0,BD,Bangladesh,2000,BD2000DHS,CM_ECMR_C_PNR,63206020,I,360004,1360040,Region,..Sylhet,14003,Ten years preceding the survey,0,1,CMECMRCPNR,BDDHS2000360004,1999-00,DHS,,,35.0,56.0,1.0
BGD,Dhaka before 2015,7620167,Postneonatal mortality rate,32.0,0,BD,Bangladesh,2000,BD2000DHS,CM_ECMR_C_PNR,63206020,I,360005,1360050,Region,Dhaka before 2015,14003,Ten years preceding the survey,0,1,CMECMRCPNR,BDDHS2000360005,1999-00,DHS,,,26.0,39.0,1.0
BGD,Khulna,1722289,Postneonatal mortality rate,17.0,0,BD,Bangladesh,2000,BD2000DHS,CM_ECMR_C_PNR,63206020,I,360006,1360060,Region,Khulna,14003,Ten years preceding the survey,0,1,CMECMRCPNR,BDDHS2000360006,1999-00,DHS,,,10.0,24.0,1.0
BGD,Rajshahi/Rangpur,7972984,Postneonatal mortality rate,27.0,0,BD,Bangladesh,2000,BD2000DHS,CM_ECMR_C_PNR,63206020,I,360007,1360070,Region,Rajshahi/Rangpur,14003,Ten years preceding the survey,0,1,CMECMRCPNR,BDDHS2000360007,1999-00,DHS,,,19.0,34.0,1.0
BGD,Barishal,1722317,Infant mortality rate,76.0,0,BD,Bangladesh,2000,BD2000DHS,CM_ECMR_C_IMR,63206030,I,360001,1360010,Region,Barishal,14003,Ten years preceding the survey,0,1,CMECMRCIMR,BDDHS2000360001,1999-00,DHS,,,56.0,95.0,1.0
BGD,Chattogram/Sylhet,7623470,Infant mortality rate,84.0,0,BD,Bangladesh,2000,BD2000DHS,CM_ECMR_C_IMR,63206030,I,360002,1360020,Region,Chattogram/Sylhet,14003,Ten years preceding the survey,0,1,CMECMRCIMR,BDDHS2000360002,1999-00,DHS,,,74.0,95.0,
BGD,Chattogram,1728524,Infant mortality rate,69.0,0,BD,Bangladesh,2000,BD2000DHS,CM_ECMR_C_IMR,63206030,I,360003,1360030,Region,..Chattogram,14003,Ten years preceding the survey,0,1,CMECMRCIMR,BDDHS2000360003,1999-00,DHS,,,59.0,79.0,1.0
BGD,Sylhet,7478138,Infant mortality rate,127.0,0,BD,Bangladesh,2000,BD2000DHS,CM_ECMR_C_IMR,63206030,I,360004,1360040,Region,..Sylhet,14003,Ten years preceding the survey,0,1,CMECMRCIMR,BDDHS2000360004,1999-00,DHS,,,106.0,148.0,1.0
BGD,Dhaka before 2015,7901533,Infant mortality rate,84.0,0,BD,Bangladesh,2000,BD2000DHS,CM_ECMR_C_IMR,63206030,I,360005,1360050,Region,Dhaka before 2015,14003,Ten years preceding the survey,0,1,CMECMRCIMR,BDDHS2000360005,1999-00,DHS,,,72.0,96.0,1.0
BGD,Khulna,1722328,Infant mortality rate,64.0,0,BD,Bangladesh,2000,BD2000DHS,CM_ECMR_C_IMR,63206030,I,360006,1360060,Region,Khulna,14003,Ten years preceding the survey,0,1,CMECMRCIMR,BDDHS2000360006,1999-00,DHS,,,51.0,78.0,1.0
BGD,Rajshahi/Rangpur,7832683,Infant mortality rate,76.0,0,BD,Bangladesh,2000,BD2000DHS,CM_ECMR_C_IMR,63206030,I,360007,1360070,Region,Rajshahi/Rangpur,14003,Ten years preceding the survey,0,1,CMECMRCIMR,BDDHS2000360007,1999-00,DHS,,,66.0,87.0,1.0
BGD,Barishal,7883616,Child mortality rate,36.0,0,BD,Bangladesh,2000,BD2000DHS,CM_ECMR_C_CMR,63206040,I,360001,1360010,Region,Barishal,14003,Ten years preceding the survey,0,1,CMECMRCCMR,BDDHS2000360001,1999-00,DHS,,,24.0,48.0,1.0
BGD,Chattogram/Sylhet,7655552,Child mortality rate,43.0,0,BD,Bangladesh,2000,BD2000DHS,CM_ECMR_C_CMR,63206040,I,360002,1360020,Region,Chattogram/Sylhet,14003,Ten years preceding the survey,0,1,CMECMRCCMR,BDDHS2000360002,1999-00,DHS,,,34.0,51.0,
BGD,Chattogram,7820231,Child mortality rate,44.0,0,BD,Bangladesh,2000,BD2000DHS,CM_ECMR_C_CMR,63206040,I,360003,1360030,Region,..Chattogram,14003,Ten years preceding the survey,0,1,CMECMRCCMR,BDDHS2000360003,1999-00,DHS,,,33.0,54.0,1.0
BGD,Sylhet,7508383,Child mortality rate,40.0,0,BD,Bangladesh,2000,BD2000DHS,CM_ECMR_C_CMR,63206040,I,360004,1360040,Region,..Sylhet,14003,Ten years preceding the survey,0,1,CMECMRCCMR,BDDHS2000360004,1999-00,DHS,,,28.0,53.0,1.0
BGD,Dhaka before 2015,1734817,Child mortality rate,34.0,0,BD,Bangladesh,2000,BD2000DHS,CM_ECMR_C_CMR,63206040,I,360005,1360050,Region,Dhaka before 2015,14003,Ten years preceding the survey,0,1,CMECMRCCMR,BDDHS2000360005,1999-00,DHS,,,27.0,41.0,1.0
BGD,Khulna,7610407,Child mortality rate,16.0,0,BD,Bangladesh,2000,BD2000DHS,CM_ECMR_C_CMR,63206040,I,360006,1360060,Region,Khulna,14003,Ten years preceding the survey,0,1,CMECMRCCMR,BDDHS2000360006,1999-00,DHS,,,8.0,23.0,1.0
BGD,Rajshahi/Rangpur,7608720,Child mortality rate,27.0,0,BD,Bangladesh,2000,BD2000DHS,CM_ECMR_C_CMR,63206040,I,360007,1360070,Region,Rajshahi/Rangpur,14003,Ten years preceding the survey,0,1,CMECMRCCMR,BDDHS2000360007,1999-00,DHS,,,19.0,35.0,1.0
BGD,Barishal,7697235,Under-five mortality rate,109.0,0,BD,Bangladesh,2000,BD2000DHS,CM_ECMR_C_U5M,63206050,I,360001,1360010,Region,Barishal,14003,Ten years preceding the survey,0,1,CMECMRCU5M,BDDHS2000360001,1999-00,DHS,,,88.0,130.0,1.0
BGD,Chattogram/Sylhet,1734755,Under-five mortality rate,123.0,0,BD,Bangladesh,2000,BD2000DHS,CM_ECMR_C_U5M,63206050,I,360002,1360020,Region,Chattogram/Sylhet,14003,Ten years preceding the survey,0,1,CMECMRCU5M,BDDHS2000360002,1999-00,DHS,,,110.0,136.0,
BGD,Chattogram,7893757,Under-five mortality rate,110.0,0,BD,Bangladesh,2000,BD2000DHS,CM_ECMR_C_U5M,63206050,I,360003,1360030,Region,..Chattogram,14003,Ten years preceding the survey,0,1,CMECMRCU5M,BDDHS2000360003,1999-00,DHS,,,95.0,125.0,1.0
BGD,Sylhet,1734855,Under-five mortality rate,162.0,0,BD,Bangladesh,2000,BD2000DHS,CM_ECMR_C_U5M,63206050,I,360004,1360040,Region,..Sylhet,14003,Ten years preceding the survey,0,1,CMECMRCU5M,BDDHS2000360004,1999-00,DHS,,,140.0,184.0,1.0
BGD,Dhaka before 2015,1734881,Under-five mortality rate,115.0,0,BD,Bangladesh,2000,BD2000DHS,CM_ECMR_C_U5M,63206050,I,360005,1360050,Region,Dhaka before 2015,14003,Ten years preceding the survey,0,1,CMECMRCU5M,BDDHS2000360005,1999-00,DHS,,,102.0,129.0,1.0
BGD,Khulna,7697220,Under-five mortality rate,79.0,0,BD,Bangladesh,2000,BD2000DHS,CM_ECMR_C_U5M,63206050,I,360006,1360060,Region,Khulna,14003,Ten years preceding the survey,0,1,CMECMRCU5M,BDDHS2000360006,1999-00,DHS,,,66.0,93.0,1.0
BGD,Rajshahi/Rangpur,1722342,Under-five mortality rate,101.0,0,BD,Bangladesh,2000,BD2000DHS,CM_ECMR_C_U5M,63206050,I,360007,1360070,Region,Rajshahi/Rangpur,14003,Ten years preceding the survey,0,1,CMECMRCU5M,BDDHS2000360007,1999-00,DHS,,,88.0,114.0,1.0
BGD,Barishal,3077620,Antenatal care from a skilled provider,30.4,1,BD,Bangladesh,2000,BD2000DHS,RH_ANCP_W_SKP,83363120,I,360001,1360010,Region,Barishal,14000,Three years preceding the survey,0,0,RHANCPWSKP,BDDHS2000360001,1999-00,DHS,235.0,337.0,,,1.0
BGD,Barishal,3574664,Antenatal care from a skilled provider,28.7,1,BD,Bangladesh,2000,BD2000DHS,RH_ANCP_W_SKP,83363120,I,360001,1360010,Region,Barishal,14001,Five years preceding the survey,0,0,RHANCPWSKP,BDDHS2000360001,1999-00,DHS,333.0,472.0,,,1.0
BGD,Barishal,5012648,Antenatal care from a skilled provider,32.6,1,BD,Bangladesh,2000,BD2000DHS,RH_ANCP_W_SKP,83363120,I,360001,1360010,Region,Barishal,14002,Two years preceding the survey,0,1,RHANCPWSKP,BDDHS2000360001,1999-00,DHS,154.0,222.0,,,1.0
BGD,Chattogram/Sylhet,6378690,Antenatal care from a skilled provider,23.7,1,BD,Bangladesh,2000,BD2000DHS,RH_ANCP_W_SKP,83363120,I,360002,1360020,Region,Chattogram/Sylhet,14000,Three years preceding the survey,0,0,RHANCPWSKP,BDDHS2000360002,1999-00,DHS,1105.0,1278.0,,,
BGD,Chattogram/Sylhet,1303664,Antenatal care from a skilled provider,25.2,1,BD,Bangladesh,2000,BD2000DHS,RH_ANCP_W_SKP,83363120,I,360002,1360020,Region,Chattogram/Sylhet,14001,Five years preceding the survey,0,0,RHANCPWSKP,BDDHS2000360002,1999-00,DHS,1428.0,1675.0,,,
BGD,Chattogram/Sylhet,2978332,Antenatal care from a skilled provider,24.1,1,BD,Bangladesh,2000,BD2000DHS,RH_ANCP_W_SKP,83363120,I,360002,1360020,Region,Chattogram/Sylhet,14002,Two years preceding the survey,0,1,RHANCPWSKP,BDDHS2000360002,1999-00,DHS,804.0,927.0,,,
BGD,Chattogram,2696510,Antenatal care from a skilled provider,25.5,1,BD,Bangladesh,2000,BD2000DHS,RH_ANCP_W_SKP,83363120,I,360003,1360030,Region,..Chattogram,14000,Three years preceding the survey,0,0,RHANCPWSKP,BDDHS2000360003,1999-00,DHS,828.0,801.0,,,1.0
BGD,Chattogram,3876736,Antenatal care from a skilled provider,27.1,1,BD,Bangladesh,2000,BD2000DHS,RH_ANCP_W_SKP,83363120,I,360003,1360030,Region,..Chattogram,14001,Five years preceding the survey,0,0,RHANCPWSKP,BDDHS2000360003,1999-00,DHS,1070.0,1054.0,,,1.0
BGD,Chattogram,5061443,Antenatal care from a skilled provider,26.5,1,BD,Bangladesh,2000,BD2000DHS,RH_ANCP_W_SKP,83363120,I,360003,1360030,Region,..Chattogram,14002,Two years preceding the survey,0,1,RHANCPWSKP,BDDHS2000360003,1999-00,DHS,595.0,567.0,,,1.0
BGD,Sylhet,3233645,Antenatal care from a skilled provider,18.2,1,BD,Bangladesh,2000,BD2000DHS,RH_ANCP_W_SKP,83363120,I,360004,1360040,Region,..Sylhet,14000,Three years preceding the survey,0,0,RHANCPWSKP,BDDHS2000360004,1999-00,DHS,277.0,477.0,,,1.0
BGD,Sylhet,4297924,Antenatal care from a skilled provider,19.7,1,BD,Bangladesh,2000,BD2000DHS,RH_ANCP_W_SKP,83363120,I,360004,1360040,Region,..Sylhet,14001,Five years preceding the survey,0,0,RHANCPWSKP,BDDHS2000360004,1999-00,DHS,358.0,621.0,,,1.0
BGD,Sylhet,6294183,Antenatal care from a skilled provider,17.4,1,BD,Bangladesh,2000,BD2000DHS,RH_ANCP_W_SKP,83363120,I,360004,1360040,Region,..Sylhet,14002,Two years preceding the survey,0,1,RHANCPWSKP,BDDHS2000360004,1999-00,DHS,210.0,360.0,,,1.0
BGD,Dhaka before 2015,669807,Antenatal care from a skilled provider,28.6,1,BD,Bangladesh,2000,BD2000DHS,RH_ANCP_W_SKP,83363120,I,360005,1360050,Region,Dhaka before 2015,14000,Three years preceding the survey,0,0,RHANCPWSKP,BDDHS2000360005,1999-00,DHS,1160.0,881.0,,,1.0
BGD,Dhaka before 2015,5235973,Antenatal care from a skilled provider,26.9,1,BD,Bangladesh,2000,BD2000DHS,RH_ANCP_W_SKP,83363120,I,360005,1360050,Region,Dhaka before 2015,14001,Five years preceding the survey,0,0,RHANCPWSKP,BDDHS2000360005,1999-00,DHS,1644.0,1252.0,,,1.0
BGD,Dhaka before 2015,4579929,Antenatal care from a skilled provider,29.7,1,BD,Bangladesh,2000,BD2000DHS,RH_ANCP_W_SKP,83363120,I,360005,1360050,Region,Dhaka before 2015,14002,Two years preceding the survey,0,1,RHANCPWSKP,BDDHS2000360005,1999-00,DHS,823.0,625.0,,,1.0
BGD,Khulna,4268048,Antenatal care from a skilled provider,32.5,1,BD,Bangladesh,2000,BD2000DHS,RH_ANCP_W_SKP,83363120,I,360006,1360060,Region,Khulna,14000,Three years preceding the survey,0,0,RHANCPWSKP,BDDHS2000360006,1999-00,DHS,390.0,549.0,,,1.0
BGD,Khulna,3719570,Antenatal care from a skilled provider,30.6,1,BD,Bangladesh,2000,BD2000DHS,RH_ANCP_W_SKP,83363120,I,360006,1360060,Region,Khulna,14001,Five years preceding the survey,0,0,RHANCPWSKP,BDDHS2000360006,1999-00,DHS,577.0,812.0,,,1.0
BGD,Khulna,6363474,Antenatal care from a skilled provider,34.6,1,BD,Bangladesh,2000,BD2000DHS,RH_ANCP_W_SKP,83363120,I,360006,1360060,Region,Khulna,14002,Two years preceding the survey,0,1,RHANCPWSKP,BDDHS2000360006,1999-00,DHS,284.0,397.0,,,1.0
BGD,Rajshahi/Rangpur,5797221,Antenatal care from a skilled provider,23.5,1,BD,Bangladesh,2000,BD2000DHS,RH_ANCP_W_SKP,83363120,I,360007,1360070,Region,Rajshahi/Rangpur,14000,Three years preceding the survey,0,0,RHANCPWSKP,BDDHS2000360007,1999-00,DHS,913.0,700.0,,,1.0
BGD,Rajshahi/Rangpur,5163930,Antenatal care from a skilled provider,22.5,1,BD,Bangladesh,2000,BD2000DHS,RH_ANCP_W_SKP,83363120,I,360007,1360070,Region,Rajshahi/Rangpur,14001,Five years preceding the survey,0,0,RHANCPWSKP,BDDHS2000360007,1999-00,DHS,1261.0,965.0,,,1.0
BGD,Rajshahi/Rangpur,2682475,Antenatal care from a skilled provider,23.2,1,BD,Bangladesh,2000,BD2000DHS,RH_ANCP_W_SKP,83363120,I,360007,1360070,Region,Rajshahi/Rangpur,14002,Two years preceding the survey,0,1,RHANCPWSKP,BDDHS2000360007,1999-00,DHS,631.0,482.0,,,1.0
BGD,Barishal,1295967,Antenatal visits for pregnancy: 4+ visits,10.4,1,BD,Bangladesh,2000,BD2000DHS,RH_ANCN_W_N4P,83403040,I,360001,1360010,Region,Barishal,14000,Three years preceding the survey,0,0,RHANCNWN4P,BDDHS2000360001,1999-00,DHS,235.0,337.0,,,1.0
BGD,Barishal,1296072,Antenatal visits for pregnancy: 4+ visits,9.7,1,BD,Bangladesh,2000,BD2000DHS,RH_ANCN_W_N4P,83403040,I,360001,1360010,Region,Barishal,14001,Five years preceding the survey,0,0,RHANCNWN4P,BDDHS2000360001,1999-00,DHS,333.0,472.0,,,1.0
BGD,Barishal,7316972,Antenatal visits for pregnancy: 4+ visits,12.7,1,BD,Bangladesh,2000,BD2000DHS,RH_ANCN_W_N4P,83403040,I,360001,1360010,Region,Barishal,14002,Two years preceding the survey,0,1,RHANCNWN4P,BDDHS2000360001,1999-00,DHS,154.0,222.0,,,1.0
BGD,Chattogram/Sylhet,3558556,Antenatal visits for pregnancy: 4+ visits,6.9,1,BD,Bangladesh,2000,BD2000DHS,RH_ANCN_W_N4P,83403040,I,360002,1360020,Region,Chattogram/Sylhet,14000,Three years preceding the survey,0,0,RHANCNWN4P,BDDHS2000360002,1999-00,DHS,1105.0,1278.0,,,
BGD,Chattogram/Sylhet,6958107,Antenatal visits for pregnancy: 4+ visits,7.5,1,BD,Bangladesh,2000,BD2000DHS,RH_ANCN_W_N4P,83403040,I,360002,1360020,Region,Chattogram/Sylhet,14001,Five years preceding the survey,0,0,RHANCNWN4P,BDDHS2000360002,1999-00,DHS,1428.0,1675.0,,,
BGD,Chattogram/Sylhet,1303683,Antenatal visits for pregnancy: 4+ visits,5.8,1,BD,Bangladesh,2000,BD2000DHS,RH_ANCN_W_N4P,83403040,I,360002,1360020,Region,Chattogram/Sylhet,14002,Two years preceding the survey,0,1,RHANCNWN4P,BDDHS2000360002,1999-00,DHS,804.0,927.0,,,
BGD,Chattogram,6687996,Antenatal visits for pregnancy: 4+ visits,7.2,1,BD,Bangladesh,2000,BD2000DHS,RH_ANCN_W_N4P,83403040,I,360003,1360030,Region,..Chattogram,14000,Three years preceding the survey,0,0,RHANCNWN4P,BDDHS2000360003,1999-00,DHS,828.0,801.0,,,1.0
BGD,Chattogram,6054156,Antenatal visits for pregnancy: 4+ visits,8.0,1,BD,Bangladesh,2000,BD2000DHS,RH_ANCN_W_N4P,83403040,I,360003,1360030,Region,..Chattogram,14001,Five years preceding the survey,0,0,RHANCNWN4P,BDDHS2000360003,1999-00,DHS,1070.0,1054.0,,,1.0
BGD,Chattogram,5720657,Antenatal visits for pregnancy: 4+ visits,6.3,1,BD,Bangladesh,2000,BD2000DHS,RH_ANCN_W_N4P,83403040,I,360003,1360030,Region,..Chattogram,14002,Two years preceding the survey,0,1,RHANCNWN4P,BDDHS2000360003,1999-00,DHS,595.0,567.0,,,1.0
BGD,Sylhet,4750361,Antenatal visits for pregnancy: 4+ visits,5.9,1,BD,Bangladesh,2000,BD2000DHS,RH_ANCN_W_N4P,83403040,I,360004,1360040,Region,..Sylhet,14000,Three years preceding the survey,0,0,RHANCNWN4P,BDDHS2000360004,1999-00,DHS,277.0,477.0,,,1.0
BGD,Sylhet,4689202,Antenatal visits for pregnancy: 4+ visits,6.0,1,BD,Bangladesh,2000,BD2000DHS,RH_ANCN_W_N4P,83403040,I,360004,1360040,Region,..Sylhet,14001,Five years preceding the survey,0,0,RHANCNWN4P,BDDHS2000360004,1999-00,DHS,358.0,621.0,,,1.0
BGD,Sylhet,4381386,Antenatal visits for pregnancy: 4+ visits,4.4,1,BD,Bangladesh,2000,BD2000DHS,RH_ANCN_W_N4P,83403040,I,360004,1360040,Region,..Sylhet,14002,Two years preceding the survey,0,1,RHANCNWN4P,BDDHS2000360004,1999-00,DHS,210.0,360.0,,,1.0
BGD,Dhaka before 2015,2920153,Antenatal visits for pregnancy: 4+ visits,12.2,1,BD,Bangladesh,2000,BD2000DHS,RH_ANCN_W_N4P,83403040,I,360005,1360050,Region,Dhaka before 2015,14000,Three years preceding the survey,0,0,RHANCNWN4P,BDDHS2000360005,1999-00,DHS,1160.0,881.0,,,1.0
BGD,Dhaka before 2015,7362356,Antenatal visits for pregnancy: 4+ visits,11.6,1,BD,Bangladesh,2000,BD2000DHS,RH_ANCN_W_N4P,83403040,I,360005,1360050,Region,Dhaka before 2015,14001,Five years preceding the survey,0,0,RHANCNWN4P,BDDHS2000360005,1999-00,DHS,1644.0,1252.0,,,1.0
BGD,Dhaka before 2015,250205,Antenatal visits for pregnancy: 4+ visits,12.8,1,BD,Bangladesh,2000,BD2000DHS,RH_ANCN_W_N4P,83403040,I,360005,1360050,Region,Dhaka before 2015,14002,Two years preceding the survey,0,1,RHANCNWN4P,BDDHS2000360005,1999-00,DHS,823.0,625.0,,,1.0
BGD,Khulna,6993831,Antenatal visits for pregnancy: 4+ visits,16.9,1,BD,Bangladesh,2000,BD2000DHS,RH_ANCN_W_N4P,83403040,I,360006,1360060,Region,Khulna,14000,Three years preceding the survey,0,0,RHANCNWN4P,BDDHS2000360006,1999-00,DHS,390.0,549.0,,,1.0
BGD,Khulna,3887982,Antenatal visits for pregnancy: 4+ visits,15.6,1,BD,Bangladesh,2000,BD2000DHS,RH_ANCN_W_N4P,83403040,I,360006,1360060,Region,Khulna,14001,Five years preceding the survey,0,0,RHANCNWN4P,BDDHS2000360006,1999-00,DHS,577.0,812.0,,,1.0
BGD,Khulna,3436163,Antenatal visits for pregnancy: 4+ visits,18.4,1,BD,Bangladesh,2000,BD2000DHS,RH_ANCN_W_N4P,83403040,I,360006,1360060,Region,Khulna,14002,Two years preceding the survey,0,1,RHANCNWN4P,BDDHS2000360006,1999-00,DHS,284.0,397.0,,,1.0
BGD,Rajshahi/Rangpur,6128830,Antenatal visits for pregnancy: 4+ visits,10.8,1,BD,Bangladesh,2000,BD2000DHS,RH_ANCN_W_N4P,83403040,I,360007,1360070,Region,Rajshahi/Rangpur,14000,Three years preceding the survey,0,0,RHANCNWN4P,BDDHS2000360007,1999-00,DHS,913.0,700.0,,,1.0
BGD,Rajshahi/Rangpur,4870506,Antenatal visits for pregnancy: 4+ visits,10.5,1,BD,Bangladesh,2000,BD2000DHS,RH_ANCN_W_N4P,83403040,I,360007,1360070,Region,Rajshahi/Rangpur,14001,Five years preceding the survey,0,0,RHANCNWN4P,BDDHS2000360007,1999-00,DHS,1261.0,965.0,,,1.0
BGD,Rajshahi/Rangpur,4266447,Antenatal visits for pregnancy: 4+ visits,10.8,1,BD,Bangladesh,2000,BD2000DHS,RH_ANCN_W_N4P,83403040,I,360007,1360070,Region,Rajshahi/Rangpur,14002,Two years preceding the survey,0,1,RHANCNWN4P,BDDHS2000360007,1999-00,DHS,631.0,482.0,,,1.0
BGD,Barishal,6332842,Place of delivery: Health facility,4.8,1,BD,Bangladesh,2000,BD2000DHS,RH_DELP_C_DHF,83566070,I,360001,1360010,Region,Barishal,14000,Three years preceding the survey,0,0,RHDELPCDHF,BDDHS2000360001,1999-00,DHS,259.0,371.0,,,1.0
BGD,Barishal,1296118,Place of delivery: Health facility,4.3,1,BD,Bangladesh,2000,BD2000DHS,RH_DELP_C_DHF,83566070,I,360001,1360010,Region,Barishal,14001,Five years preceding the survey,0,0,RHDELPCDHF,BDDHS2000360001,1999-00,DHS,434.0,609.0,,,1.0
BGD,Barishal,662493,Place of delivery: Health facility,5.8,1,BD,Bangladesh,2000,BD2000DHS,RH_DELP_C_DHF,83566070,I,360001,1360010,Region,Barishal,14002,Two years preceding the survey,0,1,RHDELPCDHF,BDDHS2000360001,1999-00,DHS,159.0,230.0,,,1.0
BGD,Chattogram/Sylhet,1303720,Place of delivery: Health facility,6.8,1,BD,Bangladesh,2000,BD2000DHS,RH_DELP_C_DHF,83566070,I,360002,1360020,Region,Chattogram/Sylhet,14000,Three years preceding the survey,0,0,RHDELPCDHF,BDDHS2000360002,1999-00,DHS,1254.0,1451.0,,,
BGD,Chattogram/Sylhet,7415510,Place of delivery: Health facility,6.3,1,BD,Bangladesh,2000,BD2000DHS,RH_DELP_C_DHF,83566070,I,360002,1360020,Region,Chattogram/Sylhet,14001,Five years preceding the survey,0,0,RHDELPCDHF,BDDHS2000360002,1999-00,DHS,2030.0,2363.0,,,
BGD,Chattogram/Sylhet,4380896,Place of delivery: Health facility,7.0,1,BD,Bangladesh,2000,BD2000DHS,RH_DELP_C_DHF,83566070,I,360002,1360020,Region,Chattogram/Sylhet,14002,Two years preceding the survey,0,1,RHDELPCDHF,BDDHS2000360002,1999-00,DHS,827.0,955.0,,,
BGD,Chattogram,7031691,Place of delivery: Health facility,6.5,1,BD,Bangladesh,2000,BD2000DHS,RH_DELP_C_DHF,83566070,I,360003,1360030,Region,..Chattogram,14000,Three years preceding the survey,0,0,RHDELPCDHF,BDDHS2000360003,1999-00,DHS,938.0,903.0,,,1.0
BGD,Chattogram,4051623,Place of delivery: Health facility,6.3,1,BD,Bangladesh,2000,BD2000DHS,RH_DELP_C_DHF,83566070,I,360003,1360030,Region,..Chattogram,14001,Five years preceding the survey,0,0,RHDELPCDHF,BDDHS2000360003,1999-00,DHS,1518.0,1477.0,,,1.0
BGD,Chattogram,5860133,Place of delivery: Health facility,7.4,1,BD,Bangladesh,2000,BD2000DHS,RH_DELP_C_DHF,83566070,I,360003,1360030,Region,..Chattogram,14002,Two years preceding the survey,0,1,RHDELPCDHF,BDDHS2000360003,1999-00,DHS,609.0,580.0,,,1.0
BGD,Sylhet,3367495,Place of delivery: Health facility,7.6,1,BD,Bangladesh,2000,BD2000DHS,RH_DELP_C_DHF,83566070,I,360004,1360040,Region,..Sylhet,14000,Three years preceding the survey,0,0,RHDELPCDHF,BDDHS2000360004,1999-00,DHS,316.0,548.0,,,1.0
BGD,Sylhet,5022180,Place of delivery: Health facility,6.3,1,BD,Bangladesh,2000,BD2000DHS,RH_DELP_C_DHF,83566070,I,360004,1360040,Region,..Sylhet,14001,Five years preceding the survey,0,0,RHDELPCDHF,BDDHS2000360004,1999-00,DHS,513.0,886.0,,,1.0
BGD,Sylhet,4462593,Place of delivery: Health facility,6.2,1,BD,Bangladesh,2000,BD2000DHS,RH_DELP_C_DHF,83566070,I,360004,1360040,Region,..Sylhet,14002,Two years preceding the survey,0,1,RHDELPCDHF,BDDHS2000360004,1999-00,DHS,218.0,375.0,,,1.0
BGD,Dhaka before 2015,4001520,Place of delivery: Health facility,9.2,1,BD,Bangladesh,2000,BD2000DHS,RH_DELP_C_DHF,83566070,I,360005,1360050,Region,Dhaka before 2015,14000,Three years preceding the survey,0,0,RHDELPCDHF,BDDHS2000360005,1999-00,DHS,1274.0,967.0,,,1.0
BGD,Dhaka before 2015,3784019,Place of delivery: Health facility,8.6,1,BD,Bangladesh,2000,BD2000DHS,RH_DELP_C_DHF,83566070,I,360005,1360050,Region,Dhaka before 2015,14001,Five years preceding the survey,0,0,RHDELPCDHF,BDDHS2000360005,1999-00,DHS,2125.0,1612.0,,,1.0
BGD,Dhaka before 2015,4940084,Place of delivery: Health facility,10.1,1,BD,Bangladesh,2000,BD2000DHS,RH_DELP_C_DHF,83566070,I,360005,1360050,Region,Dhaka before 2015,14002,Two years preceding the survey,0,1,RHDELPCDHF,BDDHS2000360005,1999-00,DHS,842.0,642.0,,,1.0
BGD,Khulna,3436515,Place of delivery: Health facility,16.2,1,BD,Bangladesh,2000,BD2000DHS,RH_DELP_C_DHF,83566070,I,360006,1360060,Region,Khulna,14000,Three years preceding the survey,0,0,RHDELPCDHF,BDDHS2000360006,1999-00,DHS,423.0,594.0,,,1.0
BGD,Khulna,5133832,Place of delivery: Health facility,14.4,1,BD,Bangladesh,2000,BD2000DHS,RH_DELP_C_DHF,83566070,I,360006,1360060,Region,Khulna,14001,Five years preceding the survey,0,0,RHDELPCDHF,BDDHS2000360006,1999-00,DHS,713.0,999.0,,,1.0
BGD,Khulna,2913441,Place of delivery: Health facility,17.3,1,BD,Bangladesh,2000,BD2000DHS,RH_DELP_C_DHF,83566070,I,360006,1360060,Region,Khulna,14002,Two years preceding the survey,0,1,RHDELPCDHF,BDDHS2000360006,1999-00,DHS,293.0,409.0,,,1.0
BGD,Rajshahi/Rangpur,1296140,Place of delivery: Health facility,8.2,1,BD,Bangladesh,2000,BD2000DHS,RH_DELP_C_DHF,83566070,I,360007,1360070,Region,Rajshahi/Rangpur,14000,Three years preceding the survey,0,0,RHDELPCDHF,BDDHS2000360007,1999-00,DHS,983.0,751.0,,,1.0
BGD,Rajshahi/Rangpur,6104896,Place of delivery: Health facility,7.2,1,BD,Bangladesh,2000,BD2000DHS,RH_DELP_C_DHF,83566070,I,360007,1360070,Region,Rajshahi/Rangpur,14001,Five years preceding the survey,0,0,RHDELPCDHF,BDDHS2000360007,1999-00,DHS,1617.0,1230.0,,,1.0
BGD,Rajshahi/Rangpur,5276260,Place of delivery: Health facility,9.5,1,BD,Bangladesh,2000,BD2000DHS,RH_DELP_C_DHF,83566070,I,360007,1360070,Region,Rajshahi/Rangpur,14002,Two years preceding the survey,0,1,RHDELPCDHF,BDDHS2000360007,1999-00,DHS,644.0,492.0,,,1.0
BGD,Barishal,7318179,Assistance during delivery from a skilled provider,10.9,1,BD,Bangladesh,2000,BD2000DHS,RH_DELA_C_SKP,83606110,I,360001,1360010,Region,Barishal,14000,Three years preceding the survey,0,0,RHDELACSKP,BDDHS2000360001,1999-00,DHS,259.0,371.0,,,1.0
BGD,Barishal,4124406,Assistance during delivery from a skilled provider,9.7,1,BD,Bangladesh,2000,BD2000DHS,RH_DELA_C_SKP,83606110,I,360001,1360010,Region,Barishal,14001,Five years preceding the survey,0,0,RHDELACSKP,BDDHS2000360001,1999-00,DHS,434.0,609.0,,,1.0
BGD,Barishal,348875,Assistance during delivery from a skilled provider,12.7,1,BD,Bangladesh,2000,BD2000DHS,RH_DELA_C_SKP,83606110,I,360001,1360010,Region,Barishal,14002,Two years preceding the survey,0,1,RHDELACSKP,BDDHS2000360001,1999-00,DHS,159.0,230.0,,,1.0
BGD,Chattogram/Sylhet,447450,Assistance during delivery from a skilled provider,11.1,1,BD,Bangladesh,2000,BD2000DHS,RH_DELA_C_SKP,83606110,I,360002,1360020,Region,Chattogram/Sylhet,14000,Three years preceding the survey,0,0,RHDELACSKP,BDDHS2000360002,1999-00,DHS,1254.0,1451.0,,,
BGD,Chattogram/Sylhet,6598207,Assistance during delivery from a skilled provider,10.8,1,BD,Bangladesh,2000,BD2000DHS,RH_DELA_C_SKP,83606110,I,360002,1360020,Region,Chattogram/Sylhet,14001,Five years preceding the survey,0,0,RHDELACSKP,BDDHS2000360002,1999-00,DHS,2030.0,2363.0,,,
BGD,Chattogram/Sylhet,5739510,Assistance during delivery from a skilled provider,10.6,1,BD,Bangladesh,2000,BD2000DHS,RH_DELA_C_SKP,83606110,I,360002,1360020,Region,Chattogram/Sylhet,14002,Two years preceding the survey,0,1,RHDELACSKP,BDDHS2000360002,1999-00,DHS,827.0,955.0,,,
BGD,Chattogram,5538401,Assistance during delivery from a skilled provider,11.5,1,BD,Bangladesh,2000,BD2000DHS,RH_DELA_C_SKP,83606110,I,360003,1360030,Region,..Chattogram,14000,Three years preceding the survey,0,0,RHDELACSKP,BDDHS2000360003,1999-00,DHS,938.0,903.0,,,1.0
BGD,Chattogram,3218529,Assistance during delivery from a skilled provider,11.2,1,BD,Bangladesh,2000,BD2000DHS,RH_DELA_C_SKP,83606110,I,360003,1360030,Region,..Chattogram,14001,Five years preceding the survey,0,0,RHDELACSKP,BDDHS2000360003,1999-00,DHS,1518.0,1477.0,,,1.0
BGD,Chattogram,5722989,Assistance during delivery from a skilled provider,11.3,1,BD,Bangladesh,2000,BD2000DHS,RH_DELA_C_SKP,83606110,I,360003,1360030,Region,..Chattogram,14002,Two years preceding the survey,0,1,RHDELACSKP,BDDHS2000360003,1999-00,DHS,609.0,580.0,,,1.0
BGD,Sylhet,4410535,Assistance during delivery from a skilled provider,10.0,1,BD,Bangladesh,2000,BD2000DHS,RH_DELA_C_SKP,83606110,I,360004,1360040,Region,..Sylhet,14000,Three years preceding the survey,0,0,RHDELACSKP,BDDHS2000360004,1999-00,DHS,316.0,548.0,,,1.0
BGD,Sylhet,1303748,Assistance during delivery from a skilled provider,9.3,1,BD,Bangladesh,2000,BD2000DHS,RH_DELA_C_SKP,83606110,I,360004,1360040,Region,..Sylhet,14001,Five years preceding the survey,0,0,RHDELACSKP,BDDHS2000360004,1999-00,DHS,513.0,886.0,,,1.0
BGD,Sylhet,4466158,Assistance during delivery from a skilled provider,8.6,1,BD,Bangladesh,2000,BD2000DHS,RH_DELA_C_SKP,83606110,I,360004,1360040,Region,..Sylhet,14002,Two years preceding the survey,0,1,RHDELACSKP,BDDHS2000360004,1999-00,DHS,218.0,375.0,,,1.0
BGD,Dhaka before 2015,3367488,Assistance during delivery from a skilled provider,12.2,1,BD,Bangladesh,2000,BD2000DHS,RH_DELA_C_SKP,83606110,I,360005,1360050,Region,Dhaka before 2015,14000,Three years preceding the survey,0,0,RHDELACSKP,BDDHS2000360005,1999-00,DHS,1274.0,967.0,,,1.0
BGD,Dhaka before 2015,3725334,Assistance during delivery from a skilled provider,12.0,1,BD,Bangladesh,2000,BD2000DHS,RH_DELA_C_SKP,83606110,I,360005,1360050,Region,Dhaka before 2015,14001,Five years preceding the survey,0,0,RHDELACSKP,BDDHS2000360005,1999-00,DHS,2125.0,1612.0,,,1.0
BGD,Dhaka before 2015,1303766,Assistance during delivery from a skilled provider,12.8,1,BD,Bangladesh,2000,BD2000DHS,RH_DELA_C_SKP,83606110,I,360005,1360050,Region,Dhaka before 2015,14002,Two years preceding the survey,0,1,RHDELACSKP,BDDHS2000360005,1999-00,DHS,842.0,642.0,,,1.0
BGD,Khulna,3515316,Assistance during delivery from a skilled provider,19.8,1,BD,Bangladesh,2000,BD2000DHS,RH_DELA_C_SKP,83606110,I,360006,1360060,Region,Khulna,14000,Three years preceding the survey,0,0,RHDELACSKP,BDDHS2000360006,1999-00,DHS,423.0,594.0,,,1.0
BGD,Khulna,6940250,Assistance during delivery from a skilled provider,18.4,1,BD,Bangladesh,2000,BD2000DHS,RH_DELA_C_SKP,83606110,I,360006,1360060,Region,Khulna,14001,Five years preceding the survey,0,0,RHDELACSKP,BDDHS2000360006,1999-00,DHS,713.0,999.0,,,1.0
BGD,Khulna,460933,Assistance during delivery from a skilled provider,22.1,1,BD,Bangladesh,2000,BD2000DHS,RH_DELA_C_SKP,83606110,I,360006,1360060,Region,Khulna,14002,Two years preceding the survey,0,1,RHDELACSKP,BDDHS2000360006,1999-00,DHS,293.0,409.0,,,1.0
BGD,Rajshahi/Rangpur,6674720,Assistance during delivery from a skilled provider,10.8,1,BD,Bangladesh,2000,BD2000DHS,RH_DELA_C_SKP,83606110,I,360007,1360070,Region,Rajshahi/Rangpur,14000,Three years preceding the survey,0,0,RHDELACSKP,BDDHS2000360007,1999-00,DHS,983.0,751.0,,,1.0
BGD,Rajshahi/Rangpur,5937332,Assistance during delivery from a skilled provider,9.6,1,BD,Bangladesh,2000,BD2000DHS,RH_DELA_C_SKP,83606110,I,360007,1360070,Region,Rajshahi/Rangpur,14001,Five years preceding the survey,0,0,RHDELACSKP,BDDHS2000360007,1999-00,DHS,1617.0,1230.0,,,1.0
BGD,Rajshahi/Rangpur,5591082,Assistance during delivery from a skilled provider,12.3,1,BD,Bangladesh,2000,BD2000DHS,RH_DELA_C_SKP,83606110,I,360007,1360070,Region,Rajshahi/Rangpur,14002,Two years preceding the survey,0,1,RHDELACSKP,BDDHS2000360007,1999-00,DHS,644.0,492.0,,,1.0
BGD,Barishal,7318180,Delivery by cesarean section,0.8,1,BD,Bangladesh,2000,BD2000DHS,RH_DELA_C_CSC,83606120,I,360001,1360010,Region,Barishal,14000,Three years preceding the survey,0,0,RHDELACCSC,BDDHS2000360001,1999-00,DHS,259.0,371.0,,,1.0
BGD,Barishal,4124407,Delivery by cesarean section,0.6,1,BD,Bangladesh,2000,BD2000DHS,RH_DELA_C_CSC,83606120,I,360001,1360010,Region,Barishal,14001,Five years preceding the survey,0,0,RHDELACCSC,BDDHS2000360001,1999-00,DHS,434.0,609.0,,,1.0
BGD,Barishal,348876,Delivery by cesarean section,1.1,1,BD,Bangladesh,2000,BD2000DHS,RH_DELA_C_CSC,83606120,I,360001,1360010,Region,Barishal,14002,Two years preceding the survey,0,1,RHDELACCSC,BDDHS2000360001,1999-00,DHS,159.0,230.0,,,1.0
BGD,Chattogram/Sylhet,447451,Delivery by cesarean section,1.9,1,BD,Bangladesh,2000,BD2000DHS,RH_DELA_C_CSC,83606120,I,360002,1360020,Region,Chattogram/Sylhet,14000,Three years preceding the survey,0,0,RHDELACCSC,BDDHS2000360002,1999-00,DHS,1254.0,1451.0,,,
BGD,Chattogram/Sylhet,6598208,Delivery by cesarean section,1.8,1,BD,Bangladesh,2000,BD2000DHS,RH_DELA_C_CSC,83606120,I,360002,1360020,Region,Chattogram/Sylhet,14001,Five years preceding the survey,0,0,RHDELACCSC,BDDHS2000360002,1999-00,DHS,2030.0,2363.0,,,
BGD,Chattogram/Sylhet,5739511,Delivery by cesarean section,2.3,1,BD,Bangladesh,2000,BD2000DHS,RH_DELA_C_CSC,83606120,I,360002,1360020,Region,Chattogram/Sylhet,14002,Two years preceding the survey,0,1,RHDELACCSC,BDDHS2000360002,1999-00,DHS,827.0,955.0,,,
BGD,Chattogram,5538402,Delivery by cesarean section,1.7,1,BD,Bangladesh,2000,BD2000DHS,RH_DELA_C_CSC,83606120,I,360003,1360030,Region,..Chattogram,14000,Three years preceding the survey,0,0,RHDELACCSC,BDDHS2000360003,1999-00,DHS,938.0,903.0,,,1.0
BGD,Chattogram,3218530,Delivery by cesarean section,1.8,1,BD,Bangladesh,2000,BD2000DHS,RH_DELA_C_CSC,83606120,I,360003,1360030,Region,..Chattogram,14001,Five years preceding the survey,0,0,RHDELACCSC,BDDHS2000360003,1999-00,DHS,1518.0,1477.0,,,1.0
BGD,Chattogram,5722990,Delivery by cesarean section,2.4,1,BD,Bangladesh,2000,BD2000DHS,RH_DELA_C_CSC,83606120,I,360003,1360030,Region,..Chattogram,14002,Two years preceding the survey,0,1,RHDELACCSC,BDDHS2000360003,1999-00,DHS,609.0,580.0,,,1.0
BGD,Sylhet,4410536,Delivery by cesarean section,2.3,1,BD,Bangladesh,2000,BD2000DHS,RH_DELA_C_CSC,83606120,I,360004,1360040,Region,..Sylhet,14000,Three years preceding the survey,0,0,RHDELACCSC,BDDHS2000360004,1999-00,DHS,316.0,548.0,,,1.0
BGD,Sylhet,1303749,Delivery by cesarean section,1.9,1,BD,Bangladesh,2000,BD2000DHS,RH_DELA_C_CSC,83606120,I,360004,1360040,Region,..Sylhet,14001,Five years preceding the survey,0,0,RHDELACCSC,BDDHS2000360004,1999-00,DHS,513.0,886.0,,,1.0
BGD,Sylhet,4466159,Delivery by cesarean section,1.8,1,BD,Bangladesh,2000,BD2000DHS,RH_DELA_C_CSC,83606120,I,360004,1360040,Region,..Sylhet,14002,Two years preceding the survey,0,1,RHDELACCSC,BDDHS2000360004,1999-00,DHS,218.0,375.0,,,1.0
BGD,Dhaka before 2015,3367489,Delivery by cesarean section,4.1,1,BD,Bangladesh,2000,BD2000DHS,RH_DELA_C_CSC,83606120,I,360005,1360050,Region,Dhaka before 2015,14000,Three years preceding the survey,0,0,RHDELACCSC,BDDHS2000360005,1999-00,DHS,1274.0,967.0,,,1.0
BGD,Dhaka before 2015,3725339,Delivery by cesarean section,3.4,1,BD,Bangladesh,2000,BD2000DHS,RH_DELA_C_CSC,83606120,I,360005,1360050,Region,Dhaka before 2015,14001,Five years preceding the survey,0,0,RHDELACCSC,BDDHS2000360005,1999-00,DHS,2125.0,1612.0,,,1.0
BGD,Dhaka before 2015,1303767,Delivery by cesarean section,3.9,1,BD,Bangladesh,2000,BD2000DHS,RH_DELA_C_CSC,83606120,I,360005,1360050,Region,Dhaka before 2015,14002,Two years preceding the survey,0,1,RHDELACCSC,BDDHS2000360005,1999-00,DHS,842.0,642.0,,,1.0
BGD,Khulna,3515317,Delivery by cesarean section,5.2,1,BD,Bangladesh,2000,BD2000DHS,RH_DELA_C_CSC,83606120,I,360006,1360060,Region,Khulna,14000,Three years preceding the survey,0,0,RHDELACCSC,BDDHS2000360006,1999-00,DHS,423.0,594.0,,,1.0
BGD,Khulna,6940251,Delivery by cesarean section,4.1,1,BD,Bangladesh,2000,BD2000DHS,RH_DELA_C_CSC,83606120,I,360006,1360060,Region,Khulna,14001,Five years preceding the survey,0,0,RHDELACCSC,BDDHS2000360006,1999-00,DHS,713.0,999.0,,,1.0
BGD,Khulna,460934,Delivery by cesarean section,5.7,1,BD,Bangladesh,2000,BD2000DHS,RH_DELA_C_CSC,83606120,I,360006,1360060,Region,Khulna,14002,Two years preceding the survey,0,1,RHDELACCSC,BDDHS2000360006,1999-00,DHS,293.0,409.0,,,1.0
BGD,Rajshahi/Rangpur,6674753,Delivery by cesarean section,1.8,1,BD,Bangladesh,2000,BD2000DHS,RH_DELA_C_CSC,83606120,I,360007,1360070,Region,Rajshahi/Rangpur,14000,Three years preceding the survey,0,0,RHDELACCSC,BDDHS2000360007,1999-00,DHS,983.0,751.0,,,1.0
BGD,Rajshahi/Rangpur,5937333,Delivery by cesarean section,1.6,1,BD,Bangladesh,2000,BD2000DHS,RH_DELA_C_CSC,83606120,I,360007,1360070,Region,Rajshahi/Rangpur,14001,Five years preceding the survey,0,0,RHDELACCSC,BDDHS2000360007,1999-00,DHS,1617.0,1230.0,,,1.0
BGD,Rajshahi/Rangpur,5591083,Delivery by cesarean section,2.0,1,BD,Bangladesh,2000,BD2000DHS,RH_DELA_C_CSC,83606120,I,360007,1360070,Region,Rajshahi/Rangpur,14002,Two years preceding the survey,0,1,RHDELACCSC,BDDHS2000360007,1999-00,DHS,644.0,492.0,,,1.0
BGD,Barishal,262423,Children with ARI for whom advice or treatment was sought,50.3,1,BD,Bangladesh,2000,BD2000DHS,CH_ARIS_C_ADV,93966040,I,360001,1360010,Region,Barishal,14000,Three years preceding the survey,0,0,CHARISCADV,BDDHS2000360001,1999-00,DHS,51.0,67.0,,,1.0
BGD,Barishal,5758610,Children with ARI for whom advice or treatment was sought,48.4,1,BD,Bangladesh,2000,BD2000DHS,CH_ARIS_C_ADV,93966040,I,360001,1360010,Region,Barishal,14001,Five years preceding the survey,0,1,CHARISCADV,BDDHS2000360001,1999-00,DHS,73.0,97.0,,,1.0
BGD,Chattogram/Sylhet,2065154,Children with ARI for whom advice or treatment was sought,51.3,1,BD,Bangladesh,2000,BD2000DHS,CH_ARIS_C_ADV,93966040,I,360002,1360020,Region,Chattogram/Sylhet,14000,Three years preceding the survey,0,0,CHARISCADV,BDDHS2000360002,1999-00,DHS,270.0,312.0,,,
BGD,Chattogram/Sylhet,4323574,Children with ARI for whom advice or treatment was sought,50.5,1,BD,Bangladesh,2000,BD2000DHS,CH_ARIS_C_ADV,93966040,I,360002,1360020,Region,Chattogram/Sylhet,14001,Five years preceding the survey,0,1,CHARISCADV,BDDHS2000360002,1999-00,DHS,361.0,417.0,,,
BGD,Chattogram,3735698,Children with ARI for whom advice or treatment was sought,51.5,1,BD,Bangladesh,2000,BD2000DHS,CH_ARIS_C_ADV,93966040,I,360003,1360030,Region,..Chattogram,14000,Three years preceding the survey,0,0,CHARISCADV,BDDHS2000360003,1999-00,DHS,200.0,191.0,,,1.0
BGD,Chattogram,2058350,Children with ARI for whom advice or treatment was sought,50.3,1,BD,Bangladesh,2000,BD2000DHS,CH_ARIS_C_ADV,93966040,I,360003,1360030,Region,..Chattogram,14001,Five years preceding the survey,0,1,CHARISCADV,BDDHS2000360003,1999-00,DHS,265.0,251.0,,,1.0
BGD,Sylhet,6012205,Children with ARI for whom advice or treatment was sought,50.8,1,BD,Bangladesh,2000,BD2000DHS,CH_ARIS_C_ADV,93966040,I,360004,1360040,Region,..Sylhet,14000,Three years preceding the survey,0,0,CHARISCADV,BDDHS2000360004,1999-00,DHS,70.0,121.0,,,1.0
BGD,Sylhet,3614094,Children with ARI for whom advice or treatment was sought,51.0,1,BD,Bangladesh,2000,BD2000DHS,CH_ARIS_C_ADV,93966040,I,360004,1360040,Region,..Sylhet,14001,Five years preceding the survey,0,1,CHARISCADV,BDDHS2000360004,1999-00,DHS,96.0,166.0,,,1.0
BGD,Dhaka before 2015,5874267,Children with ARI for whom advice or treatment was sought,48.4,1,BD,Bangladesh,2000,BD2000DHS,CH_ARIS_C_ADV,93966040,I,360005,1360050,Region,Dhaka before 2015,14000,Three years preceding the survey,0,0,CHARISCADV,BDDHS2000360005,1999-00,DHS,180.0,134.0,,,1.0
BGD,Dhaka before 2015,5606544,Children with ARI for whom advice or treatment was sought,48.9,1,BD,Bangladesh,2000,BD2000DHS,CH_ARIS_C_ADV,93966040,I,360005,1360050,Region,Dhaka before 2015,14001,Five years preceding the survey,0,1,CHARISCADV,BDDHS2000360005,1999-00,DHS,270.0,202.0,,,1.0
BGD,Khulna,2568689,Children with ARI for whom advice or treatment was sought,60.1,1,BD,Bangladesh,2000,BD2000DHS,CH_ARIS_C_ADV,93966040,I,360006,1360060,Region,Khulna,14000,Three years preceding the survey,0,0,CHARISCADV,BDDHS2000360006,1999-00,DHS,71.0,104.0,,,1.0
BGD,Khulna,7285286,Children with ARI for whom advice or treatment was sought,53.4,1,BD,Bangladesh,2000,BD2000DHS,CH_ARIS_C_ADV,93966040,I,360006,1360060,Region,Khulna,14001,Five years preceding the survey,0,1,CHARISCADV,BDDHS2000360006,1999-00,DHS,102.0,148.0,,,1.0
BGD,Rajshahi/Rangpur,7340566,Children with ARI for whom advice or treatment was sought,50.2,1,BD,Bangladesh,2000,BD2000DHS,CH_ARIS_C_ADV,93966040,I,360007,1360070,Region,Rajshahi/Rangpur,14000,Three years preceding the survey,0,0,CHARISCADV,BDDHS2000360007,1999-00,DHS,184.0,143.0,,,1.0
BGD,Rajshahi/Rangpur,4073173,Children with ARI for whom advice or treatment was sought,49.1,1,BD,Bangladesh,2000,BD2000DHS,CH_ARIS_C_ADV,93966040,I,360007,1360070,Region,Rajshahi/Rangpur,14001,Five years preceding the survey,0,1,CHARISCADV,BDDHS2000360007,1999-00,DHS,264.0,203.0,,,1.0
BGD,Barishal,4441725,Treatment of diarrhea: Advice or treatment was sought,41.3,1,BD,Bangladesh,2000,BD2000DHS,CH_DIAT_C_ADV,94096010,I,360001,1360010,Region,Barishal,14000,Three years preceding the survey,0,0,CHDIATCADV,BDDHS2000360001,1999-00,DHS,24.0,31.0,,,1.0
BGD,Barishal,6241768,Treatment of diarrhea: Advice or treatment was sought,34.1,1,BD,Bangladesh,2000,BD2000DHS,CH_DIAT_C_ADV,94096010,I,360001,1360010,Region,Barishal,14001,Five years preceding the survey,0,1,CHDIATCADV,BDDHS2000360001,1999-00,DHS,31.0,40.0,,,1.0
BGD,Chattogram/Sylhet,85097,Treatment of diarrhea: Advice or treatment was sought,41.8,1,BD,Bangladesh,2000,BD2000DHS,CH_DIAT_C_ADV,94096010,I,360002,1360020,Region,Chattogram/Sylhet,14000,Three years preceding the survey,0,0,CHDIATCADV,BDDHS2000360002,1999-00,DHS,85.0,101.0,,,
BGD,Chattogram/Sylhet,110420,Treatment of diarrhea: Advice or treatment was sought,42.5,1,BD,Bangladesh,2000,BD2000DHS,CH_DIAT_C_ADV,94096010,I,360002,1360020,Region,Chattogram/Sylhet,14001,Five years preceding the survey,0,1,CHDIATCADV,BDDHS2000360002,1999-00,DHS,112.0,134.0,,,
BGD,Chattogram,2058334,Treatment of diarrhea: Advice or treatment was sought,40.6,1,BD,Bangladesh,2000,BD2000DHS,CH_DIAT_C_ADV,94096010,I,360003,1360030,Region,..Chattogram,14000,Three years preceding the survey,0,0,CHDIATCADV,BDDHS2000360003,1999-00,DHS,61.0,61.0,,,1.0
BGD,Chattogram,6371989,Treatment of diarrhea: Advice or treatment was sought,42.9,1,BD,Bangladesh,2000,BD2000DHS,CH_DIAT_C_ADV,94096010,I,360003,1360030,Region,..Chattogram,14001,Five years preceding the survey,0,1,CHDIATCADV,BDDHS2000360003,1999-00,DHS,80.0,79.0,,,1.0
BGD,Sylhet,5293007,Treatment of diarrhea: Advice or treatment was sought,44.8,1,BD,Bangladesh,2000,BD2000DHS,CH_DIAT_C_ADV,94096010,I,360004,1360040,Region,..Sylhet,14000,Three years preceding the survey,0,0,CHDIATCADV,BDDHS2000360004,1999-00,DHS,23.0,40.0,,,1.0
BGD,Sylhet,2065186,Treatment of diarrhea: Advice or treatment was sought,41.4,1,BD,Bangladesh,2000,BD2000DHS,CH_DIAT_C_ADV,94096010,I,360004,1360040,Region,..Sylhet,14001,Five years preceding the survey,0,1,CHDIATCADV,BDDHS2000360004,1999-00,DHS,32.0,55.0,,,1.0
BGD,Dhaka before 2015,3614512,Treatment of diarrhea: Advice or treatment was sought,45.3,1,BD,Bangladesh,2000,BD2000DHS,CH_DIAT_C_ADV,94096010,I,360005,1360050,Region,Dhaka before 2015,14000,Three years preceding the survey,0,0,CHDIATCADV,BDDHS2000360005,1999-00,DHS,120.0,91.0,,,1.0
BGD,Dhaka before 2015,866952,Treatment of diarrhea: Advice or treatment was sought,40.8,1,BD,Bangladesh,2000,BD2000DHS,CH_DIAT_C_ADV,94096010,I,360005,1360050,Region,Dhaka before 2015,14001,Five years preceding the survey,0,1,CHDIATCADV,BDDHS2000360005,1999-00,DHS,135.0,104.0,,,1.0
BGD,Khulna,4125707,Treatment of diarrhea: Advice or treatment was sought,44.9,1,BD,Bangladesh,2000,BD2000DHS,CH_DIAT_C_ADV,94096010,I,360006,1360060,Region,Khulna,14000,Three years preceding the survey,0,0,CHDIATCADV,BDDHS2000360006,1999-00,DHS,27.0,39.0,,,1.0
BGD,Khulna,5016365,Treatment of diarrhea: Advice or treatment was sought,42.1,1,BD,Bangladesh,2000,BD2000DHS,CH_DIAT_C_ADV,94096010,I,360006,1360060,Region,Khulna,14001,Five years preceding the survey,0,1,CHDIATCADV,BDDHS2000360006,1999-00,DHS,36.0,52.0,,,1.0
BGD,Rajshahi/Rangpur,7400689,Treatment of diarrhea: Advice or treatment was sought,44.2,1,BD,Bangladesh,2000,BD2000DHS,CH_DIAT_C_ADV,94096010,I,360007,1360070,Region,Rajshahi/Rangpur,14000,Three years preceding the survey,0,0,CHDIATCADV,BDDHS2000360007,1999-00,DHS,62.0,51.0,,,1.0
BGD,Rajshahi/Rangpur,4237330,Treatment of diarrhea: Advice or treatment was sought,43.0,1,BD,Bangladesh,2000,BD2000DHS,CH_DIAT_C_ADV,94096010,I,360007,1360070,Region,Rajshahi/Rangpur,14001,Five years preceding the survey,0,1,CHDIATCADV,BDDHS2000360007,1999-00,DHS,78.0,63.0,,,1.0
BGD,Barishal,4441786,Treatment of diarrhea: ORT or increased fluids,67.2,1,BD,Bangladesh,2000,BD2000DHS,CH_DIAT_C_ORI,94096060,I,360001,1360010,Region,Barishal,14000,Three years preceding the survey,0,0,CHDIATCORI,BDDHS2000360001,1999-00,DHS,24.0,31.0,,,1.0
BGD,Barishal,6241779,Treatment of diarrhea: ORT or increased fluids,64.4,1,BD,Bangladesh,2000,BD2000DHS,CH_DIAT_C_ORI,94096060,I,360001,1360010,Region,Barishal,14001,Five years preceding the survey,0,1,CHDIATCORI,BDDHS2000360001,1999-00,DHS,31.0,40.0,,,1.0
BGD,Chattogram/Sylhet,85108,Treatment of diarrhea: ORT or increased fluids,83.2,1,BD,Bangladesh,2000,BD2000DHS,CH_DIAT_C_ORI,94096060,I,360002,1360020,Region,Chattogram/Sylhet,14000,Three years preceding the survey,0,0,CHDIATCORI,BDDHS2000360002,1999-00,DHS,85.0,101.0,,,
BGD,Chattogram/Sylhet,110431,Treatment of diarrhea: ORT or increased fluids,82.9,1,BD,Bangladesh,2000,BD2000DHS,CH_DIAT_C_ORI,94096060,I,360002,1360020,Region,Chattogram/Sylhet,14001,Five years preceding the survey,0,1,CHDIATCORI,BDDHS2000360002,1999-00,DHS,112.0,134.0,,,
BGD,Chattogram,2058341,Treatment of diarrhea: ORT or increased fluids,81.3,1,BD,Bangladesh,2000,BD2000DHS,CH_DIAT_C_ORI,94096060,I,360003,1360030,Region,..Chattogram,14000,Three years preceding the survey,0,0,CHDIATCORI,BDDHS2000360003,1999-00,DHS,61.0,61.0,,,1.0
BGD,Chattogram,6371995,Treatment of diarrhea: ORT or increased fluids,82.0,1,BD,Bangladesh,2000,BD2000DHS,CH_DIAT_C_ORI,94096060,I,360003,1360030,Region,..Chattogram,14001,Five years preceding the survey,0,1,CHDIATCORI,BDDHS2000360003,1999-00,DHS,80.0,79.0,,,1.0
BGD,Sylhet,5293017,Treatment of diarrhea: ORT or increased fluids,88.1,1,BD,Bangladesh,2000,BD2000DHS,CH_DIAT_C_ORI,94096060,I,360004,1360040,Region,..Sylhet,14000,Three years preceding the survey,0,0,CHDIATCORI,BDDHS2000360004,1999-00,DHS,23.0,40.0,,,1.0
BGD,Sylhet,2065197,Treatment of diarrhea: ORT or increased fluids,85.3,1,BD,Bangladesh,2000,BD2000DHS,CH_DIAT_C_ORI,94096060,I,360004,1360040,Region,..Sylhet,14001,Five years preceding the survey,0,1,CHDIATCORI,BDDHS2000360004,1999-00,DHS,32.0,55.0,,,1.0
BGD,Dhaka before 2015,3614524,Treatment of diarrhea: ORT or increased fluids,82.1,1,BD,Bangladesh,2000,BD2000DHS,CH_DIAT_C_ORI,94096060,I,360005,1360050,Region,Dhaka before 2015,14000,Three years preceding the survey,0,0,CHDIATCORI,BDDHS2000360005,1999-00,DHS,120.0,91.0,,,1.0
BGD,Dhaka before 2015,866961,Treatment of diarrhea: ORT or increased fluids,82.3,1,BD,Bangladesh,2000,BD2000DHS,CH_DIAT_C_ORI,94096060,I,360005,1360050,Region,Dhaka before 2015,14001,Five years preceding the survey,0,1,CHDIATCORI,BDDHS2000360005,1999-00,DHS,135.0,104.0,,,1.0
BGD,Khulna,4125727,Treatment of diarrhea: ORT or increased fluids,68.4,1,BD,Bangladesh,2000,BD2000DHS,CH_DIAT_C_ORI,94096060,I,360006,1360060,Region,Khulna,14000,Three years preceding the survey,0,0,CHDIATCORI,BDDHS2000360006,1999-00,DHS,27.0,39.0,,,1.0
BGD,Khulna,5016373,Treatment of diarrhea: ORT or increased fluids,74.4,1,BD,Bangladesh,2000,BD2000DHS,CH_DIAT_C_ORI,94096060,I,360006,1360060,Region,Khulna,14001,Five years preceding the survey,0,1,CHDIATCORI,BDDHS2000360006,1999-00,DHS,36.0,52.0,,,1.0
BGD,Rajshahi/Rangpur,7400695,Treatment of diarrhea: ORT or increased fluids,83.7,1,BD,Bangladesh,2000,BD2000DHS,CH_DIAT_C_ORI,94096060,I,360007,1360070,Region,Rajshahi/Rangpur,14000,Three years preceding the survey,0,0,CHDIATCORI,BDDHS2000360007,1999-00,DHS,62.0,51.0,,,1.0
BGD,Rajshahi/Rangpur,4237366,Treatment of diarrhea: ORT or increased fluids,86.0,1,BD,Bangladesh,2000,BD2000DHS,CH_DIAT_C_ORI,94096060,I,360007,1360070,Region,Rajshahi/Rangpur,14001,Five years preceding the survey,0,1,CHDIATCORI,BDDHS2000360007,1999-00,DHS,78.0,63.0,,,1.0
BGD,Barishal,5645350,Children stunted,52.7,1,BD,Bangladesh,2000,BD2000DHS,CN_NUTS_C_HA2,104236020,I,360001,1360010,Region,Barishal,0,,0,1,CNNUTSCHA2,BDDHS2000360001,1999-00,DHS,333.0,468.0,,,1.0
BGD,Chattogram/Sylhet,7473645,Children stunted,54.5,1,BD,Bangladesh,2000,BD2000DHS,CN_NUTS_C_HA2,104236020,I,360002,1360020,Region,Chattogram/Sylhet,0,,0,1,CNNUTSCHA2,BDDHS2000360002,1999-00,DHS,1599.0,1853.0,,,
BGD,Chattogram,7938249,Children stunted,52.4,1,BD,Bangladesh,2000,BD2000DHS,CN_NUTS_C_HA2,104236020,I,360003,1360030,Region,..Chattogram,0,,0,1,CNNUTSCHA2,BDDHS2000360003,1999-00,DHS,1201.0,1162.0,,,1.0
BGD,Sylhet,4905726,Children stunted,61.0,1,BD,Bangladesh,2000,BD2000DHS,CN_NUTS_C_HA2,104236020,I,360004,1360040,Region,..Sylhet,0,,0,1,CNNUTSCHA2,BDDHS2000360004,1999-00,DHS,399.0,691.0,,,1.0
BGD,Dhaka before 2015,3697371,Children stunted,51.3,1,BD,Bangladesh,2000,BD2000DHS,CN_NUTS_C_HA2,104236020,I,360005,1360050,Region,Dhaka before 2015,0,,0,1,CNNUTSCHA2,BDDHS2000360005,1999-00,DHS,1702.0,1286.0,,,1.0
BGD,Khulna,7610485,Children stunted,45.0,1,BD,Bangladesh,2000,BD2000DHS,CN_NUTS_C_HA2,104236020,I,360006,1360060,Region,Khulna,0,,0,1,CNNUTSCHA2,BDDHS2000360006,1999-00,DHS,560.0,793.0,,,1.0
BGD,Rajshahi/Rangpur,6245284,Children stunted,48.8,1,BD,Bangladesh,2000,BD2000DHS,CN_NUTS_C_HA2,104236020,I,360007,1360070,Region,Rajshahi/Rangpur,0,,0,1,CNNUTSCHA2,BDDHS2000360007,1999-00,DHS,1227.0,937.0,,,1.0
BGD,Barishal,7110735,Children wasted,12.6,1,BD,Bangladesh,2000,BD2000DHS,CN_NUTS_C_WH2,104236050,I,360001,1360010,Region,Barishal,0,,0,1,CNNUTSCWH2,BDDHS2000360001,1999-00,DHS,333.0,468.0,,,1.0
BGD,Chattogram/Sylhet,7449629,Children wasted,12.4,1,BD,Bangladesh,2000,BD2000DHS,CN_NUTS_C_WH2,104236050,I,360002,1360020,Region,Chattogram/Sylhet,0,,0,1,CNNUTSCWH2,BDDHS2000360002,1999-00,DHS,1599.0,1853.0,,,
BGD,Chattogram,7935473,Children wasted,12.2,1,BD,Bangladesh,2000,BD2000DHS,CN_NUTS_C_WH2,104236050,I,360003,1360030,Region,..Chattogram,0,,0,1,CNNUTSCWH2,BDDHS2000360003,1999-00,DHS,1201.0,1162.0,,,1.0
BGD,Sylhet,1397147,Children wasted,13.2,1,BD,Bangladesh,2000,BD2000DHS,CN_NUTS_C_WH2,104236050,I,360004,1360040,Region,..Sylhet,0,,0,1,CNNUTSCWH2,BDDHS2000360004,1999-00,DHS,399.0,691.0,,,1.0
BGD,Dhaka before 2015,4636795,Children wasted,11.7,1,BD,Bangladesh,2000,BD2000DHS,CN_NUTS_C_WH2,104236050,I,360005,1360050,Region,Dhaka before 2015,0,,0,1,CNNUTSCWH2,BDDHS2000360005,1999-00,DHS,1702.0,1286.0,,,1.0
BGD,Khulna,7610325,Children wasted,10.9,1,BD,Bangladesh,2000,BD2000DHS,CN_NUTS_C_WH2,104236050,I,360006,1360060,Region,Khulna,0,,0,1,CNNUTSCWH2,BDDHS2000360006,1999-00,DHS,560.0,793.0,,,1.0
BGD,Rajshahi/Rangpur,4128933,Children wasted,13.5,1,BD,Bangladesh,2000,BD2000DHS,CN_NUTS_C_WH2,104236050,I,360007,1360070,Region,Rajshahi/Rangpur,0,,0,1,CNNUTSCWH2,BDDHS2000360007,1999-00,DHS,1227.0,937.0,,,1.0
BGD,Barishal,1379976,Children underweight,44.7,1,BD,Bangladesh,2000,BD2000DHS,CN_NUTS_C_WA2,104236090,I,360001,1360010,Region,Barishal,0,,0,1,CNNUTSCWA2,BDDHS2000360001,1999-00,DHS,333.0,468.0,,,1.0
BGD,Chattogram/Sylhet,7471851,Children underweight,44.0,1,BD,Bangladesh,2000,BD2000DHS,CN_NUTS_C_WA2,104236090,I,360002,1360020,Region,Chattogram/Sylhet,0,,0,1,CNNUTSCWA2,BDDHS2000360002,1999-00,DHS,1599.0,1853.0,,,
BGD,Chattogram,7919492,Children underweight,42.0,1,BD,Bangladesh,2000,BD2000DHS,CN_NUTS_C_WA2,104236090,I,360003,1360030,Region,..Chattogram,0,,0,1,CNNUTSCWA2,BDDHS2000360003,1999-00,DHS,1201.0,1162.0,,,1.0
BGD,Sylhet,6375225,Children underweight,50.1,1,BD,Bangladesh,2000,BD2000DHS,CN_NUTS_C_WA2,104236090,I,360004,1360040,Region,..Sylhet,0,,0,1,CNNUTSCWA2,BDDHS2000360004,1999-00,DHS,399.0,691.0,,,1.0
BGD,Dhaka before 2015,3501397,Children underweight,40.4,1,BD,Bangladesh,2000,BD2000DHS,CN_NUTS_C_WA2,104236090,I,360005,1360050,Region,Dhaka before 2015,0,,0,1,CNNUTSCWA2,BDDHS2000360005,1999-00,DHS,1702.0,1286.0,,,1.0
BGD,Khulna,7610306,Children underweight,34.1,1,BD,Bangladesh,2000,BD2000DHS,CN_NUTS_C_WA2,104236090,I,360006,1360060,Region,Khulna,0,,0,1,CNNUTSCWA2,BDDHS2000360006,1999-00,DHS,560.0,793.0,,,1.0
BGD,Rajshahi/Rangpur,6879017,Children underweight,43.2,1,BD,Bangladesh,2000,BD2000DHS,CN_NUTS_C_WA2,104236090,I,360007,1360070,Region,Rajshahi/Rangpur,0,,0,1,CNNUTSCWA2,BDDHS2000360007,1999-00,DHS,1227.0,937.0,,,1.0
BGD,Barishal,1379978,Children overweight for their age,0.1,1,BD,Bangladesh,2000,BD2000DHS,CN_NUTS_C_WAP,104236100,I,360001,1360010,Region,Barishal,0,,0,1,CNNUTSCWAP,BDDHS2000360001,1999-00,DHS,333.0,468.0,,,1.0
BGD,Chattogram/Sylhet,7471853,Children overweight for their age,0.0,1,BD,Bangladesh,2000,BD2000DHS,CN_NUTS_C_WAP,104236100,I,360002,1360020,Region,Chattogram/Sylhet,0,,0,1,CNNUTSCWAP,BDDHS2000360002,1999-00,DHS,1599.0,1853.0,,,
BGD,Chattogram,7919495,Children overweight for their age,0.1,1,BD,Bangladesh,2000,BD2000DHS,CN_NUTS_C_WAP,104236100,I,360003,1360030,Region,..Chattogram,0,,0,1,CNNUTSCWAP,BDDHS2000360003,1999-00,DHS,1201.0,1162.0,,,1.0
BGD,Sylhet,6375292,Children overweight for their age,0.0,1,BD,Bangladesh,2000,BD2000DHS,CN_NUTS_C_WAP,104236100,I,360004,1360040,Region,..Sylhet,0,,0,1,CNNUTSCWAP,BDDHS2000360004,1999-00,DHS,399.0,691.0,,,1.0
BGD,Dhaka before 2015,3501399,Children overweight for their age,0.0,1,BD,Bangladesh,2000,BD2000DHS,CN_NUTS_C_WAP,104236100,I,360005,1360050,Region,Dhaka before 2015,0,,0,1,CNNUTSCWAP,BDDHS2000360005,1999-00,DHS,1702.0,1286.0,,,1.0
BGD,Khulna,7610309,Children overweight for their age,0.2,1,BD,Bangladesh,2000,BD2000DHS,CN_NUTS_C_WAP,104236100,I,360006,1360060,Region,Khulna,0,,0,1,CNNUTSCWAP,BDDHS2000360006,1999-00,DHS,560.0,793.0,,,1.0
BGD,Rajshahi/Rangpur,6879068,Children overweight for their age,0.0,1,BD,Bangladesh,2000,BD2000DHS,CN_NUTS_C_WAP,104236100,I,360007,1360070,Region,Rajshahi/Rangpur,0,,0,1,CNNUTSCWAP,BDDHS2000360007,1999-00,DHS,1227.0,937.0,,,1.0
BGD,Barishal,3379329,Children ever breastfed,98.0,1,BD,Bangladesh,2000,BD2000DHS,CN_BRFI_C_EVR,104266010,I,360001,1360010,Region,Barishal,0,,0,1,CNBRFICEVR,BDDHS2000360001,1999-00,DHS,154.0,222.0,,,1.0
BGD,Chattogram/Sylhet,7450363,Children ever breastfed,98.0,1,BD,Bangladesh,2000,BD2000DHS,CN_BRFI_C_EVR,104266010,I,360002,1360020,Region,Chattogram/Sylhet,0,,0,1,CNBRFICEVR,BDDHS2000360002,1999-00,DHS,804.0,927.0,,,
BGD,Chattogram,7917325,Children ever breastfed,98.1,1,BD,Bangladesh,2000,BD2000DHS,CN_BRFI_C_EVR,104266010,I,360003,1360030,Region,..Chattogram,0,,0,1,CNBRFICEVR,BDDHS2000360003,1999-00,DHS,595.0,567.0,,,1.0
BGD,Sylhet,4495037,Children ever breastfed,97.8,1,BD,Bangladesh,2000,BD2000DHS,CN_BRFI_C_EVR,104266010,I,360004,1360040,Region,..Sylhet,0,,0,1,CNBRFICEVR,BDDHS2000360004,1999-00,DHS,210.0,360.0,,,1.0
BGD,Dhaka before 2015,36668,Children ever breastfed,98.0,1,BD,Bangladesh,2000,BD2000DHS,CN_BRFI_C_EVR,104266010,I,360005,1360050,Region,Dhaka before 2015,0,,0,1,CNBRFICEVR,BDDHS2000360005,1999-00,DHS,823.0,625.0,,,1.0
BGD,Khulna,7630765,Children ever breastfed,97.3,1,BD,Bangladesh,2000,BD2000DHS,CN_BRFI_C_EVR,104266010,I,360006,1360060,Region,Khulna,0,,0,1,CNBRFICEVR,BDDHS2000360006,1999-00,DHS,284.0,397.0,,,1.0
BGD,Rajshahi/Rangpur,7046937,Children ever breastfed,98.0,1,BD,Bangladesh,2000,BD2000DHS,CN_BRFI_C_EVR,104266010,I,360007,1360070,Region,Rajshahi/Rangpur,0,,0,1,CNBRFICEVR,BDDHS2000360007,1999-00,DHS,631.0,482.0,,,1.0
BGD,Barishal,3379353,Children who started breastfeeding within 1 hour of birth,20.6,1,BD,Bangladesh,2000,BD2000DHS,CN_BRFI_C_1HR,104266020,I,360001,1360010,Region,Barishal,0,,0,1,CNBRFIC1HR,BDDHS2000360001,1999-00,DHS,154.0,222.0,,,1.0
BGD,Chattogram/Sylhet,7450365,Children who started breastfeeding within 1 hour of birth,18.0,1,BD,Bangladesh,2000,BD2000DHS,CN_BRFI_C_1HR,104266020,I,360002,1360020,Region,Chattogram/Sylhet,0,,0,1,CNBRFIC1HR,BDDHS2000360002,1999-00,DHS,804.0,927.0,,,
BGD,Chattogram,7917326,Children who started breastfeeding within 1 hour of birth,17.7,1,BD,Bangladesh,2000,BD2000DHS,CN_BRFI_C_1HR,104266020,I,360003,1360030,Region,..Chattogram,0,,0,1,CNBRFIC1HR,BDDHS2000360003,1999-00,DHS,595.0,567.0,,,1.0
BGD,Sylhet,4495038,Children who started breastfeeding within 1 hour of birth,18.8,1,BD,Bangladesh,2000,BD2000DHS,CN_BRFI_C_1HR,104266020,I,360004,1360040,Region,..Sylhet,0,,0,1,CNBRFIC1HR,BDDHS2000360004,1999-00,DHS,210.0,360.0,,,1.0
BGD,Dhaka before 2015,36681,Children who started breastfeeding within 1 hour of birth,16.1,1,BD,Bangladesh,2000,BD2000DHS,CN_BRFI_C_1HR,104266020,I,360005,1360050,Region,Dhaka before 2015,0,,0,1,CNBRFIC1HR,BDDHS2000360005,1999-00,DHS,823.0,625.0,,,1.0
BGD,Khulna,7630766,Children who started breastfeeding within 1 hour of birth,16.6,1,BD,Bangladesh,2000,BD2000DHS,CN_BRFI_C_1HR,104266020,I,360006,1360060,Region,Khulna,0,,0,1,CNBRFIC1HR,BDDHS2000360006,1999-00,DHS,284.0,397.0,,,1.0
BGD,Rajshahi/Rangpur,7046938,Children who started breastfeeding within 1 hour of birth,15.7,1,BD,Bangladesh,2000,BD2000DHS,CN_BRFI_C_1HR,104266020,I,360007,1360070,Region,Rajshahi/Rangpur,0,,0,1,CNBRFIC1HR,BDDHS2000360007,1999-00,DHS,631.0,482.0,,,1.0
BGD,Barishal,1379987,Median duration of any breastfeeding,29.8,1,BD,Bangladesh,2000,BD2000DHS,CN_BFDR_C_MDA,104336010,I,360001,1360010,Region,Barishal,0,,0,1,CNBFDRCMDA,BDDHS2000360001,1999-00,DHS,,,,,1.0
BGD,Chattogram/Sylhet,7450406,Median duration of any breastfeeding,26.1,1,BD,Bangladesh,2000,BD2000DHS,CN_BFDR_C_MDA,104336010,I,360002,1360020,Region,Chattogram/Sylhet,0,,0,1,CNBFDRCMDA,BDDHS2000360002,1999-00,DHS,,,,,
BGD,Chattogram,7934068,Median duration of any breastfeeding,26.3,1,BD,Bangladesh,2000,BD2000DHS,CN_BFDR_C_MDA,104336010,I,360003,1360030,Region,..Chattogram,0,,0,1,CNBFDRCMDA,BDDHS2000360003,1999-00,DHS,,,,,1.0
BGD,Sylhet,1397251,Median duration of any breastfeeding,24.9,1,BD,Bangladesh,2000,BD2000DHS,CN_BFDR_C_MDA,104336010,I,360004,1360040,Region,..Sylhet,0,,0,1,CNBFDRCMDA,BDDHS2000360004,1999-00,DHS,,,,,1.0
BGD,Dhaka before 2015,1397229,Median duration of any breastfeeding,32.5,1,BD,Bangladesh,2000,BD2000DHS,CN_BFDR_C_MDA,104336010,I,360005,1360050,Region,Dhaka before 2015,0,,0,1,CNBFDRCMDA,BDDHS2000360005,1999-00,DHS,,,,,1.0
BGD,Barishal,5067123,Population using an improved water source,97.0,1,BD,Bangladesh,2000,BD2000DHS,WS_SRCE_P_IMP,250162010,I,360001,1360010,Region,Barishal,0,,0,1,WSSRCEPIMP,BDDHS2000360001,1999-00,DHS,3434.0,4965.0,,,1.0
BGD,Chattogram/Sylhet,7471427,Population using an improved water source,94.8,1,BD,Bangladesh,2000,BD2000DHS,WS_SRCE_P_IMP,250162010,I,360002,1360020,Region,Chattogram/Sylhet,0,,0,1,WSSRCEPIMP,BDDHS2000360002,1999-00,DHS,13754.0,16434.0,,,
BGD,Chattogram,7934829,Population using an improved water source,96.4,1,BD,Bangladesh,2000,BD2000DHS,WS_SRCE_P_IMP,250162010,I,360003,1360030,Region,..Chattogram,0,,0,1,WSSRCEPIMP,BDDHS2000360003,1999-00,DHS,10367.0,10178.0,,,1.0
BGD,Sylhet,6036452,Population using an improved water source,90.2,1,BD,Bangladesh,2000,BD2000DHS,WS_SRCE_P_IMP,250162010,I,360004,1360040,Region,..Sylhet,0,,0,1,WSSRCEPIMP,BDDHS2000360004,1999-00,DHS,3387.0,6256.0,,,1.0
BGD,Dhaka before 2015,4323922,Population using an improved water source,98.7,1,BD,Bangladesh,2000,BD2000DHS,WS_SRCE_P_IMP,250162010,I,360005,1360050,Region,Dhaka before 2015,0,,0,1,WSSRCEPIMP,BDDHS2000360005,1999-00,DHS,15603.0,12105.0,,,1.0
BGD,Khulna,7632156,Population using an improved water source,92.2,1,BD,Bangladesh,2000,BD2000DHS,WS_SRCE_P_IMP,250162010,I,360006,1360060,Region,Khulna,0,,0,1,WSSRCEPIMP,BDDHS2000360006,1999-00,DHS,5730.0,8169.0,,,1.0
BGD,Rajshahi/Rangpur,3926507,Population using an improved water source,97.0,1,BD,Bangladesh,2000,BD2000DHS,WS_SRCE_P_IMP,250162010,I,360007,1360070,Region,Rajshahi/Rangpur,0,,0,1,WSSRCEPIMP,BDDHS2000360007,1999-00,DHS,12443.0,9764.0,,,1.0
BGD,Barishal,3633990,Population with an improved sanitation facility,44.1,1,BD,Bangladesh,2000,BD2000DHS,WS_TLET_P_IMP,250262010,I,360001,1360010,Region,Barishal,0,,0,1,WSTLETPIMP,BDDHS2000360001,1999-00,DHS,3434.0,4965.0,,,1.0
BGD,Chattogram/Sylhet,7450748,Population with an improved sanitation facility,43.0,1,BD,Bangladesh,2000,BD2000DHS,WS_TLET_P_IMP,250262010,I,360002,1360020,Region,Chattogram/Sylhet,0,,0,1,WSTLETPIMP,BDDHS2000360002,1999-00,DHS,13754.0,16434.0,,,
BGD,Chattogram,7936732,Population with an improved sanitation facility,45.4,1,BD,Bangladesh,2000,BD2000DHS,WS_TLET_P_IMP,250262010,I,360003,1360030,Region,..Chattogram,0,,0,1,WSTLETPIMP,BDDHS2000360003,1999-00,DHS,10367.0,10178.0,,,1.0
BGD,Sylhet,4297744,Population with an improved sanitation facility,35.7,1,BD,Bangladesh,2000,BD2000DHS,WS_TLET_P_IMP,250262010,I,360004,1360040,Region,..Sylhet,0,,0,1,WSTLETPIMP,BDDHS2000360004,1999-00,DHS,3387.0,6256.0,,,1.0
BGD,Dhaka before 2015,5952600,Population with an improved sanitation facility,31.3,1,BD,Bangladesh,2000,BD2000DHS,WS_TLET_P_IMP,250262010,I,360005,1360050,Region,Dhaka before 2015,0,,0,1,WSTLETPIMP,BDDHS2000360005,1999-00,DHS,15603.0,12105.0,,,1.0
BGD,Khulna,7631382,Population with an improved sanitation facility,47.8,1,BD,Bangladesh,2000,BD2000DHS,WS_TLET_P_IMP,250262010,I,360006,1360060,Region,Khulna,0,,0,1,WSTLETPIMP,BDDHS2000360006,1999-00,DHS,5730.0,8169.0,,,1.0
BGD,Rajshahi/Rangpur,1088685,Population with an improved sanitation facility,33.3,1,BD,Bangladesh,2000,BD2000DHS,WS_TLET_P_IMP,250262010,I,360007,1360070,Region,Rajshahi/Rangpur,0,,0,1,WSTLETPIMP,BDDHS2000360007,1999-00,DHS,12443.0,9764.0,,,1.0
BGD,Barishal,1817003,Age specific fertility rate: 15-19,128.0,0,BD,Bangladesh,2004,BD2004DHS,FE_FRTR_W_A15,11763010,I,360001,1360010,Region,Barishal,0,,0,1,FEFRTRWA15,BDDHS2004360001,2004,DHS,,,,,1.0
BGD,Chattogram/Sylhet,1817011,Age specific fertility rate: 15-19,129.0,0,BD,Bangladesh,2004,BD2004DHS,FE_FRTR_W_A15,11763010,I,360002,1360020,Region,Chattogram/Sylhet,0,,0,1,FEFRTRWA15,BDDHS2004360002,2004,DHS,,,,,
BGD,Chattogram,5383390,Age specific fertility rate: 15-19,139.0,0,BD,Bangladesh,2004,BD2004DHS,FE_FRTR_W_A15,11763010,I,360003,1360030,Region,..Chattogram,0,,0,1,FEFRTRWA15,BDDHS2004360003,2004,DHS,,,,,1.0
BGD,Sylhet,1796703,Age specific fertility rate: 15-19,106.0,0,BD,Bangladesh,2004,BD2004DHS,FE_FRTR_W_A15,11763010,I,360004,1360040,Region,..Sylhet,0,,0,1,FEFRTRWA15,BDDHS2004360004,2004,DHS,,,,,1.0
BGD,Dhaka before 2015,1810600,Age specific fertility rate: 15-19,134.0,0,BD,Bangladesh,2004,BD2004DHS,FE_FRTR_W_A15,11763010,I,360005,1360050,Region,Dhaka before 2015,0,,0,1,FEFRTRWA15,BDDHS2004360005,2004,DHS,,,,,1.0
BGD,Khulna,1796732,Age specific fertility rate: 15-19,151.0,0,BD,Bangladesh,2004,BD2004DHS,FE_FRTR_W_A15,11763010,I,360006,1360060,Region,Khulna,0,,0,1,FEFRTRWA15,BDDHS2004360006,2004,DHS,,,,,1.0
BGD,Rajshahi/Rangpur,1803993,Age specific fertility rate: 15-19,147.0,0,BD,Bangladesh,2004,BD2004DHS,FE_FRTR_W_A15,11763010,I,360007,1360070,Region,Rajshahi/Rangpur,0,,0,1,FEFRTRWA15,BDDHS2004360007,2004,DHS,,,,,1.0
BGD,Barishal,6864884,Married women currently using any method of contraception,54.7,1,BD,Bangladesh,2004,BD2004DHS,FP_CUSM_W_ANY,32633010,I,360001,1360010,Region,Barishal,0,,0,1,FPCUSMWANY,BDDHS2004360001,2004,DHS,665.0,1254.0,,,1.0
BGD,Chattogram/Sylhet,6579888,Married women currently using any method of contraception,43.5,1,BD,Bangladesh,2004,BD2004DHS,FP_CUSM_W_ANY,32633010,I,360002,1360020,Region,Chattogram/Sylhet,0,,0,1,FPCUSMWANY,BDDHS2004360002,2004,DHS,2498.0,2901.0,,,
BGD,Chattogram,4160717,Married women currently using any method of contraception,47.4,1,BD,Bangladesh,2004,BD2004DHS,FP_CUSM_W_ANY,32633010,I,360003,1360030,Region,..Chattogram,0,,0,1,FPCUSMWANY,BDDHS2004360003,2004,DHS,1862.0,1883.0,,,1.0
BGD,Sylhet,7179558,Married women currently using any method of contraception,31.9,1,BD,Bangladesh,2004,BD2004DHS,FP_CUSM_W_ANY,32633010,I,360004,1360040,Region,..Sylhet,0,,0,1,FPCUSMWANY,BDDHS2004360004,2004,DHS,636.0,1018.0,,,1.0
BGD,Dhaka before 2015,2973864,Married women currently using any method of contraception,59.7,1,BD,Bangladesh,2004,BD2004DHS,FP_CUSM_W_ANY,32633010,I,360005,1360050,Region,Dhaka before 2015,0,,0,1,FPCUSMWANY,BDDHS2004360005,2004,DHS,3266.0,2364.0,,,1.0
BGD,Khulna,196123,Married women currently using any method of contraception,64.2,1,BD,Bangladesh,2004,BD2004DHS,FP_CUSM_W_ANY,32633010,I,360006,1360060,Region,Khulna,0,,0,1,FPCUSMWANY,BDDHS2004360006,2004,DHS,1274.0,1563.0,,,1.0
BGD,Rajshahi/Rangpur,4181335,Married women currently using any method of contraception,69.0,1,BD,Bangladesh,2004,BD2004DHS,FP_CUSM_W_ANY,32633010,I,360007,1360070,Region,Rajshahi/Rangpur,0,,0,1,FPCUSMWANY,BDDHS2004360007,2004,DHS,2735.0,2335.0,,,1.0
BGD,Barishal,7084942,Unmet need for family planning,17.6,1,BD,Bangladesh,2004,BD2004DHS,FP_NADM_W_UNT,32933030,I,360001,1360010,Region,Barishal,0,,0,1,FPNADMWUNT,BDDHS2004360001,2004,DHS,665.0,1254.0,,,1.0
BGD,Chattogram/Sylhet,2738666,Unmet need for family planning,22.0,1,BD,Bangladesh,2004,BD2004DHS,FP_NADM_W_UNT,32933030,I,360002,1360020,Region,Chattogram/Sylhet,0,,0,1,FPNADMWUNT,BDDHS2004360002,2004,DHS,2498.0,2901.0,,,
BGD,Chattogram,5264235,Unmet need for family planning,21.3,1,BD,Bangladesh,2004,BD2004DHS,FP_NADM_W_UNT,32933030,I,360003,1360030,Region,..Chattogram,0,,0,1,FPNADMWUNT,BDDHS2004360003,2004,DHS,1862.0,1883.0,,,1.0
BGD,Sylhet,3534012,Unmet need for family planning,24.1,1,BD,Bangladesh,2004,BD2004DHS,FP_NADM_W_UNT,32933030,I,360004,1360040,Region,..Sylhet,0,,0,1,FPNADMWUNT,BDDHS2004360004,2004,DHS,636.0,1018.0,,,1.0
BGD,Dhaka before 2015,1559210,Unmet need for family planning,14.1,1,BD,Bangladesh,2004,BD2004DHS,FP_NADM_W_UNT,32933030,I,360005,1360050,Region,Dhaka before 2015,0,,0,1,FPNADMWUNT,BDDHS2004360005,2004,DHS,3266.0,2364.0,,,1.0
BGD,Khulna,6226534,Unmet need for family planning,12.6,1,BD,Bangladesh,2004,BD2004DHS,FP_NADM_W_UNT,32933030,I,360006,1360060,Region,Khulna,0,,0,1,FPNADMWUNT,BDDHS2004360006,2004,DHS,1274.0,1563.0,,,1.0
BGD,Rajshahi/Rangpur,1544699,Unmet need for family planning,10.2,1,BD,Bangladesh,2004,BD2004DHS,FP_NADM_W_UNT,32933030,I,360007,1360070,Region,Rajshahi/Rangpur,0,,0,1,FPNADMWUNT,BDDHS2004360007,2004,DHS,2735.0,2335.0,,,1.0
BGD,Barishal,7674384,Neonatal mortality rate,32.0,0,BD,Bangladesh,2004,BD2004DHS,CM_ECMR_C_NNR,63206010,I,360001,1360010,Region,Barishal,14003,Ten years preceding the survey,0,1,CMECMRCNNR,BDDHS2004360001,2004,DHS,,,21.0,43.0,1.0
BGD,Chattogram/Sylhet,1739855,Neonatal mortality rate,47.0,0,BD,Bangladesh,2004,BD2004DHS,CM_ECMR_C_NNR,63206010,I,360002,1360020,Region,Chattogram/Sylhet,14003,Ten years preceding the survey,0,1,CMECMRCNNR,BDDHS2004360002,2004,DHS,,,40.0,54.0,
BGD,Chattogram,7964093,Neonatal mortality rate,41.0,0,BD,Bangladesh,2004,BD2004DHS,CM_ECMR_C_NNR,63206010,I,360003,1360030,Region,..Chattogram,14003,Ten years preceding the survey,0,1,CMECMRCNNR,BDDHS2004360003,2004,DHS,,,33.0,49.0,1.0
BGD,Sylhet,1728543,Neonatal mortality rate,63.0,0,BD,Bangladesh,2004,BD2004DHS,CM_ECMR_C_NNR,63206010,I,360004,1360040,Region,..Sylhet,14003,Ten years preceding the survey,0,1,CMECMRCNNR,BDDHS2004360004,2004,DHS,,,51.0,76.0,1.0
BGD,Dhaka before 2015,7810238,Neonatal mortality rate,47.0,0,BD,Bangladesh,2004,BD2004DHS,CM_ECMR_C_NNR,63206010,I,360005,1360050,Region,Dhaka before 2015,14003,Ten years preceding the survey,0,1,CMECMRCNNR,BDDHS2004360005,2004,DHS,,,38.0,55.0,1.0
BGD,Khulna,7895012,Neonatal mortality rate,47.0,0,BD,Bangladesh,2004,BD2004DHS,CM_ECMR_C_NNR,63206010,I,360006,1360060,Region,Khulna,14003,Ten years preceding the survey,0,1,CMECMRCNNR,BDDHS2004360006,2004,DHS,,,34.0,60.0,1.0
BGD,Rajshahi/Rangpur,7494513,Neonatal mortality rate,48.0,0,BD,Bangladesh,2004,BD2004DHS,CM_ECMR_C_NNR,63206010,I,360007,1360070,Region,Rajshahi/Rangpur,14003,Ten years preceding the survey,0,1,CMECMRCNNR,BDDHS2004360007,2004,DHS,,,38.0,59.0,1.0
BGD,Barishal,7828341,Postneonatal mortality rate,29.0,0,BD,Bangladesh,2004,BD2004DHS,CM_ECMR_C_PNR,63206020,I,360001,1360010,Region,Barishal,14003,Ten years preceding the survey,0,1,CMECMRCPNR,BDDHS2004360001,2004,DHS,,,18.0,41.0,1.0
BGD,Chattogram/Sylhet,7471096,Postneonatal mortality rate,30.0,0,BD,Bangladesh,2004,BD2004DHS,CM_ECMR_C_PNR,63206020,I,360002,1360020,Region,Chattogram/Sylhet,14003,Ten years preceding the survey,0,1,CMECMRCPNR,BDDHS2004360002,2004,DHS,,,24.0,35.0,
BGD,Chattogram,1734808,Postneonatal mortality rate,27.0,0,BD,Bangladesh,2004,BD2004DHS,CM_ECMR_C_PNR,63206020,I,360003,1360030,Region,..Chattogram,14003,Ten years preceding the survey,0,1,CMECMRCPNR,BDDHS2004360003,2004,DHS,,,21.0,33.0,1.0
BGD,Sylhet,7936195,Postneonatal mortality rate,37.0,0,BD,Bangladesh,2004,BD2004DHS,CM_ECMR_C_PNR,63206020,I,360004,1360040,Region,..Sylhet,14003,Ten years preceding the survey,0,1,CMECMRCPNR,BDDHS2004360004,2004,DHS,,,26.0,47.0,1.0
BGD,Dhaka before 2015,1734858,Postneonatal mortality rate,28.0,0,BD,Bangladesh,2004,BD2004DHS,CM_ECMR_C_PNR,63206020,I,360005,1360050,Region,Dhaka before 2015,14003,Ten years preceding the survey,0,1,CMECMRCPNR,BDDHS2004360005,2004,DHS,,,22.0,34.0,1.0
BGD,Khulna,7712125,Postneonatal mortality rate,19.0,0,BD,Bangladesh,2004,BD2004DHS,CM_ECMR_C_PNR,63206020,I,360006,1360060,Region,Khulna,14003,Ten years preceding the survey,0,1,CMECMRCPNR,BDDHS2004360006,2004,DHS,,,9.0,29.0,1.0
BGD,Rajshahi/Rangpur,1722318,Postneonatal mortality rate,22.0,0,BD,Bangladesh,2004,BD2004DHS,CM_ECMR_C_PNR,63206020,I,360007,1360070,Region,Rajshahi/Rangpur,14003,Ten years preceding the survey,0,1,CMECMRCPNR,BDDHS2004360007,2004,DHS,,,15.0,28.0,1.0
BGD,Barishal,7452888,Infant mortality rate,61.0,0,BD,Bangladesh,2004,BD2004DHS,CM_ECMR_C_IMR,63206030,I,360001,1360010,Region,Barishal,14003,Ten years preceding the survey,0,1,CMECMRCIMR,BDDHS2004360001,2004,DHS,,,45.0,78.0,1.0
BGD,Chattogram/Sylhet,7664123,Infant mortality rate,76.0,0,BD,Bangladesh,2004,BD2004DHS,CM_ECMR_C_IMR,63206030,I,360002,1360020,Region,Chattogram/Sylhet,14003,Ten years preceding the survey,0,1,CMECMRCIMR,BDDHS2004360002,2004,DHS,,,68.0,85.0,
BGD,Chattogram,1734786,Infant mortality rate,67.0,0,BD,Bangladesh,2004,BD2004DHS,CM_ECMR_C_IMR,63206030,I,360003,1360030,Region,..Chattogram,14003,Ten years preceding the survey,0,1,CMECMRCIMR,BDDHS2004360003,2004,DHS,,,59.0,76.0,1.0
BGD,Sylhet,7892206,Infant mortality rate,100.0,0,BD,Bangladesh,2004,BD2004DHS,CM_ECMR_C_IMR,63206030,I,360004,1360040,Region,..Sylhet,14003,Ten years preceding the survey,0,1,CMECMRCIMR,BDDHS2004360004,2004,DHS,,,80.0,120.0,1.0
BGD,Dhaka before 2015,1734761,Infant mortality rate,75.0,0,BD,Bangladesh,2004,BD2004DHS,CM_ECMR_C_IMR,63206030,I,360005,1360050,Region,Dhaka before 2015,14003,Ten years preceding the survey,0,1,CMECMRCIMR,BDDHS2004360005,2004,DHS,,,63.0,86.0,1.0
BGD,Khulna,7824255,Infant mortality rate,66.0,0,BD,Bangladesh,2004,BD2004DHS,CM_ECMR_C_IMR,63206030,I,360006,1360060,Region,Khulna,14003,Ten years preceding the survey,0,1,CMECMRCIMR,BDDHS2004360006,2004,DHS,,,52.0,80.0,1.0
BGD,Rajshahi/Rangpur,1722322,Infant mortality rate,70.0,0,BD,Bangladesh,2004,BD2004DHS,CM_ECMR_C_IMR,63206030,I,360007,1360070,Region,Rajshahi/Rangpur,14003,Ten years preceding the survey,0,1,CMECMRCIMR,BDDHS2004360007,2004,DHS,,,57.0,83.0,1.0
BGD,Barishal,7637197,Child mortality rate,32.0,0,BD,Bangladesh,2004,BD2004DHS,CM_ECMR_C_CMR,63206040,I,360001,1360010,Region,Barishal,14003,Ten years preceding the survey,0,1,CMECMRCCMR,BDDHS2004360001,2004,DHS,,,23.0,41.0,1.0
BGD,Chattogram/Sylhet,7828336,Child mortality rate,36.0,0,BD,Bangladesh,2004,BD2004DHS,CM_ECMR_C_CMR,63206040,I,360002,1360020,Region,Chattogram/Sylhet,14003,Ten years preceding the survey,0,1,CMECMRCCMR,BDDHS2004360002,2004,DHS,,,28.0,44.0,
BGD,Chattogram,7861603,Child mortality rate,39.0,0,BD,Bangladesh,2004,BD2004DHS,CM_ECMR_C_CMR,63206040,I,360003,1360030,Region,..Chattogram,14003,Ten years preceding the survey,0,1,CMECMRCCMR,BDDHS2004360003,2004,DHS,,,29.0,48.0,1.0
BGD,Sylhet,7465130,Child mortality rate,29.0,0,BD,Bangladesh,2004,BD2004DHS,CM_ECMR_C_CMR,63206040,I,360004,1360040,Region,..Sylhet,14003,Ten years preceding the survey,0,1,CMECMRCCMR,BDDHS2004360004,2004,DHS,,,16.0,42.0,1.0
BGD,Dhaka before 2015,7701726,Child mortality rate,27.0,0,BD,Bangladesh,2004,BD2004DHS,CM_ECMR_C_CMR,63206040,I,360005,1360050,Region,Dhaka before 2015,14003,Ten years preceding the survey,0,1,CMECMRCCMR,BDDHS2004360005,2004,DHS,,,19.0,34.0,1.0
BGD,Khulna,7649419,Child mortality rate,13.0,0,BD,Bangladesh,2004,BD2004DHS,CM_ECMR_C_CMR,63206040,I,360006,1360060,Region,Khulna,14003,Ten years preceding the survey,0,1,CMECMRCCMR,BDDHS2004360006,2004,DHS,,,8.0,18.0,1.0
BGD,Rajshahi/Rangpur,7968120,Child mortality rate,17.0,0,BD,Bangladesh,2004,BD2004DHS,CM_ECMR_C_CMR,63206040,I,360007,1360070,Region,Rajshahi/Rangpur,14003,Ten years preceding the survey,0,1,CMECMRCCMR,BDDHS2004360007,2004,DHS,,,12.0,23.0,1.0
BGD,Barishal,1739877,Under-five mortality rate,92.0,0,BD,Bangladesh,2004,BD2004DHS,CM_ECMR_C_U5M,63206050,I,360001,1360010,Region,Barishal,14003,Ten years preceding the survey,0,1,CMECMRCU5M,BDDHS2004360001,2004,DHS,,,73.0,110.0,1.0
BGD,Chattogram/Sylhet,7555162,Under-five mortality rate,110.0,0,BD,Bangladesh,2004,BD2004DHS,CM_ECMR_C_U5M,63206050,I,360002,1360020,Region,Chattogram/Sylhet,14003,Ten years preceding the survey,0,1,CMECMRCU5M,BDDHS2004360002,2004,DHS,,,99.0,121.0,
BGD,Chattogram,7962685,Under-five mortality rate,103.0,0,BD,Bangladesh,2004,BD2004DHS,CM_ECMR_C_U5M,63206050,I,360003,1360030,Region,..Chattogram,14003,Ten years preceding the survey,0,1,CMECMRCU5M,BDDHS2004360003,2004,DHS,,,92.0,115.0,1.0
BGD,Sylhet,1728544,Under-five mortality rate,126.0,0,BD,Bangladesh,2004,BD2004DHS,CM_ECMR_C_U5M,63206050,I,360004,1360040,Region,..Sylhet,14003,Ten years preceding the survey,0,1,CMECMRCU5M,BDDHS2004360004,2004,DHS,,,101.0,151.0,1.0
BGD,Dhaka before 2015,7863649,Under-five mortality rate,99.0,0,BD,Bangladesh,2004,BD2004DHS,CM_ECMR_C_U5M,63206050,I,360005,1360050,Region,Dhaka before 2015,14003,Ten years preceding the survey,0,1,CMECMRCU5M,BDDHS2004360005,2004,DHS,,,85.0,114.0,1.0
BGD,Khulna,3014141,Under-five mortality rate,78.0,0,BD,Bangladesh,2004,BD2004DHS,CM_ECMR_C_U5M,63206050,I,360006,1360060,Region,Khulna,14003,Ten years preceding the survey,0,1,CMECMRCU5M,BDDHS2004360006,2004,DHS,,,63.0,93.0,1.0
BGD,Rajshahi/Rangpur,7774220,Under-five mortality rate,86.0,0,BD,Bangladesh,2004,BD2004DHS,CM_ECMR_C_U5M,63206050,I,360007,1360070,Region,Rajshahi/Rangpur,14003,Ten years preceding the survey,0,1,CMECMRCU5M,BDDHS2004360007,2004,DHS,,,72.0,101.0,1.0
BGD,Barishal,1317899,Antenatal care from a skilled provider,36.2,1,BD,Bangladesh,2004,BD2004DHS,RH_ANCP_W_SKP,83363120,I,360001,1360010,Region,Barishal,14000,Three years preceding the survey,0,0,RHANCPWSKP,BDDHS2004360001,2004,DHS,224.0,408.0,,,1.0
BGD,Barishal,5350993,Antenatal care from a skilled provider,34.8,1,BD,Bangladesh,2004,BD2004DHS,RH_ANCP_W_SKP,83363120,I,360001,1360010,Region,Barishal,14001,Five years preceding the survey,0,0,RHANCPWSKP,BDDHS2004360001,2004,DHS,333.0,615.0,,,1.0
BGD,Barishal,6695012,Antenatal care from a skilled provider,35.8,1,BD,Bangladesh,2004,BD2004DHS,RH_ANCP_W_SKP,83363120,I,360001,1360010,Region,Barishal,14002,Two years preceding the survey,0,1,RHANCPWSKP,BDDHS2004360001,2004,DHS,157.0,280.0,,,1.0
BGD,Chattogram/Sylhet,1317910,Antenatal care from a skilled provider,39.7,1,BD,Bangladesh,2004,BD2004DHS,RH_ANCP_W_SKP,83363120,I,360002,1360020,Region,Chattogram/Sylhet,14000,Three years preceding the survey,0,0,RHANCPWSKP,BDDHS2004360002,2004,DHS,1120.0,1301.0,,,
BGD,Chattogram/Sylhet,1317895,Antenatal care from a skilled provider,39.7,1,BD,Bangladesh,2004,BD2004DHS,RH_ANCP_W_SKP,83363120,I,360002,1360020,Region,Chattogram/Sylhet,14001,Five years preceding the survey,0,0,RHANCPWSKP,BDDHS2004360002,2004,DHS,1513.0,1743.0,,,
BGD,Chattogram/Sylhet,5628199,Antenatal care from a skilled provider,39.8,1,BD,Bangladesh,2004,BD2004DHS,RH_ANCP_W_SKP,83363120,I,360002,1360020,Region,Chattogram/Sylhet,14002,Two years preceding the survey,0,1,RHANCPWSKP,BDDHS2004360002,2004,DHS,788.0,915.0,,,
BGD,Chattogram,7306506,Antenatal care from a skilled provider,39.1,1,BD,Bangladesh,2004,BD2004DHS,RH_ANCP_W_SKP,83363120,I,360003,1360030,Region,..Chattogram,14000,Three years preceding the survey,0,0,RHANCPWSKP,BDDHS2004360003,2004,DHS,812.0,805.0,,,1.0
BGD,Chattogram,4860518,Antenatal care from a skilled provider,39.3,1,BD,Bangladesh,2004,BD2004DHS,RH_ANCP_W_SKP,83363120,I,360003,1360030,Region,..Chattogram,14001,Five years preceding the survey,0,0,RHANCPWSKP,BDDHS2004360003,2004,DHS,1113.0,1107.0,,,1.0
BGD,Chattogram,1303787,Antenatal care from a skilled provider,39.3,1,BD,Bangladesh,2004,BD2004DHS,RH_ANCP_W_SKP,83363120,I,360003,1360030,Region,..Chattogram,14002,Two years preceding the survey,0,1,RHANCPWSKP,BDDHS2004360003,2004,DHS,565.0,559.0,,,1.0
BGD,Sylhet,2808578,Antenatal care from a skilled provider,41.4,1,BD,Bangladesh,2004,BD2004DHS,RH_ANCP_W_SKP,83363120,I,360004,1360040,Region,..Sylhet,14000,Three years preceding the survey,0,0,RHANCPWSKP,BDDHS2004360004,2004,DHS,309.0,496.0,,,1.0
BGD,Sylhet,6597440,Antenatal care from a skilled provider,41.0,1,BD,Bangladesh,2004,BD2004DHS,RH_ANCP_W_SKP,83363120,I,360004,1360040,Region,..Sylhet,14001,Five years preceding the survey,0,0,RHANCPWSKP,BDDHS2004360004,2004,DHS,400.0,636.0,,,1.0
BGD,Sylhet,6977627,Antenatal care from a skilled provider,41.2,1,BD,Bangladesh,2004,BD2004DHS,RH_ANCP_W_SKP,83363120,I,360004,1360040,Region,..Sylhet,14002,Two years preceding the survey,0,1,RHANCPWSKP,BDDHS2004360004,2004,DHS,223.0,356.0,,,1.0
BGD,Dhaka before 2015,5870029,Antenatal care from a skilled provider,43.4,1,BD,Bangladesh,2004,BD2004DHS,RH_ANCP_W_SKP,83363120,I,360005,1360050,Region,Dhaka before 2015,14000,Three years preceding the survey,0,0,RHANCPWSKP,BDDHS2004360005,2004,DHS,1161.0,818.0,,,1.0
BGD,Dhaka before 2015,2918379,Antenatal care from a skilled provider,41.6,1,BD,Bangladesh,2004,BD2004DHS,RH_ANCP_W_SKP,83363120,I,360005,1360050,Region,Dhaka before 2015,14001,Five years preceding the survey,0,0,RHANCPWSKP,BDDHS2004360005,2004,DHS,1676.0,1191.0,,,1.0
BGD,Dhaka before 2015,816629,Antenatal care from a skilled provider,45.3,1,BD,Bangladesh,2004,BD2004DHS,RH_ANCP_W_SKP,83363120,I,360005,1360050,Region,Dhaka before 2015,14002,Two years preceding the survey,0,1,RHANCPWSKP,BDDHS2004360005,2004,DHS,793.0,558.0,,,1.0
BGD,Khulna,4718324,Antenatal care from a skilled provider,49.3,1,BD,Bangladesh,2004,BD2004DHS,RH_ANCP_W_SKP,83363120,I,360006,1360060,Region,Khulna,14000,Three years preceding the survey,0,0,RHANCPWSKP,BDDHS2004360006,2004,DHS,418.0,502.0,,,1.0
BGD,Khulna,6056088,Antenatal care from a skilled provider,46.0,1,BD,Bangladesh,2004,BD2004DHS,RH_ANCP_W_SKP,83363120,I,360006,1360060,Region,Khulna,14001,Five years preceding the survey,0,0,RHANCPWSKP,BDDHS2004360006,2004,DHS,607.0,727.0,,,1.0
BGD,Khulna,1311398,Antenatal care from a skilled provider,48.7,1,BD,Bangladesh,2004,BD2004DHS,RH_ANCP_W_SKP,83363120,I,360006,1360060,Region,Khulna,14002,Two years preceding the survey,0,1,RHANCPWSKP,BDDHS2004360006,2004,DHS,279.0,332.0,,,1.0
BGD,Rajshahi/Rangpur,4672665,Antenatal care from a skilled provider,42.0,1,BD,Bangladesh,2004,BD2004DHS,RH_ANCP_W_SKP,83363120,I,360007,1360070,Region,Rajshahi/Rangpur,14000,Three years preceding the survey,0,0,RHANCPWSKP,BDDHS2004360007,2004,DHS,838.0,706.0,,,1.0
BGD,Rajshahi/Rangpur,4042995,Antenatal care from a skilled provider,40.2,1,BD,Bangladesh,2004,BD2004DHS,RH_ANCP_W_SKP,83363120,I,360007,1360070,Region,Rajshahi/Rangpur,14001,Five years preceding the survey,0,0,RHANCPWSKP,BDDHS2004360007,2004,DHS,1282.0,1082.0,,,1.0
BGD,Rajshahi/Rangpur,7398570,Antenatal care from a skilled provider,43.5,1,BD,Bangladesh,2004,BD2004DHS,RH_ANCP_W_SKP,83363120,I,360007,1360070,Region,Rajshahi/Rangpur,14002,Two years preceding the survey,0,1,RHANCPWSKP,BDDHS2004360007,2004,DHS,592.0,493.0,,,1.0
BGD,Barishal,1317927,Antenatal visits for pregnancy: 4+ visits,11.6,1,BD,Bangladesh,2004,BD2004DHS,RH_ANCN_W_N4P,83403040,I,360001,1360010,Region,Barishal,14000,Three years preceding the survey,0,0,RHANCNWN4P,BDDHS2004360001,2004,DHS,224.0,408.0,,,1.0
BGD,Barishal,7133277,Antenatal visits for pregnancy: 4+ visits,12.7,1,BD,Bangladesh,2004,BD2004DHS,RH_ANCN_W_N4P,83403040,I,360001,1360010,Region,Barishal,14001,Five years preceding the survey,0,0,RHANCNWN4P,BDDHS2004360001,2004,DHS,333.0,615.0,,,1.0
BGD,Barishal,4678300,Antenatal visits for pregnancy: 4+ visits,11.5,1,BD,Bangladesh,2004,BD2004DHS,RH_ANCN_W_N4P,83403040,I,360001,1360010,Region,Barishal,14002,Two years preceding the survey,0,1,RHANCNWN4P,BDDHS2004360001,2004,DHS,157.0,280.0,,,1.0
BGD,Chattogram/Sylhet,154855,Antenatal visits for pregnancy: 4+ visits,13.5,1,BD,Bangladesh,2004,BD2004DHS,RH_ANCN_W_N4P,83403040,I,360002,1360020,Region,Chattogram/Sylhet,14000,Three years preceding the survey,0,0,RHANCNWN4P,BDDHS2004360002,2004,DHS,1120.0,1301.0,,,
BGD,Chattogram/Sylhet,3933355,Antenatal visits for pregnancy: 4+ visits,14.1,1,BD,Bangladesh,2004,BD2004DHS,RH_ANCN_W_N4P,83403040,I,360002,1360020,Region,Chattogram/Sylhet,14001,Five years preceding the survey,0,0,RHANCNWN4P,BDDHS2004360002,2004,DHS,1513.0,1743.0,,,
BGD,Chattogram/Sylhet,6381763,Antenatal visits for pregnancy: 4+ visits,13.4,1,BD,Bangladesh,2004,BD2004DHS,RH_ANCN_W_N4P,83403040,I,360002,1360020,Region,Chattogram/Sylhet,14002,Two years preceding the survey,0,1,RHANCNWN4P,BDDHS2004360002,2004,DHS,788.0,915.0,,,
BGD,Chattogram,6815750,Antenatal visits for pregnancy: 4+ visits,14.8,1,BD,Bangladesh,2004,BD2004DHS,RH_ANCN_W_N4P,83403040,I,360003,1360030,Region,..Chattogram,14000,Three years preceding the survey,0,0,RHANCNWN4P,BDDHS2004360003,2004,DHS,812.0,805.0,,,1.0
BGD,Chattogram,5128690,Antenatal visits for pregnancy: 4+ visits,15.3,1,BD,Bangladesh,2004,BD2004DHS,RH_ANCN_W_N4P,83403040,I,360003,1360030,Region,..Chattogram,14001,Five years preceding the survey,0,0,RHANCNWN4P,BDDHS2004360003,2004,DHS,1113.0,1107.0,,,1.0
BGD,Chattogram,1303830,Antenatal visits for pregnancy: 4+ visits,14.7,1,BD,Bangladesh,2004,BD2004DHS,RH_ANCN_W_N4P,83403040,I,360003,1360030,Region,..Chattogram,14002,Two years preceding the survey,0,1,RHANCNWN4P,BDDHS2004360003,2004,DHS,565.0,559.0,,,1.0
BGD,Sylhet,4169776,Antenatal visits for pregnancy: 4+ visits,10.2,1,BD,Bangladesh,2004,BD2004DHS,RH_ANCN_W_N4P,83403040,I,360004,1360040,Region,..Sylhet,14000,Three years preceding the survey,0,0,RHANCNWN4P,BDDHS2004360004,2004,DHS,309.0,496.0,,,1.0
BGD,Sylhet,3306211,Antenatal visits for pregnancy: 4+ visits,10.9,1,BD,Bangladesh,2004,BD2004DHS,RH_ANCN_W_N4P,83403040,I,360004,1360040,Region,..Sylhet,14001,Five years preceding the survey,0,0,RHANCNWN4P,BDDHS2004360004,2004,DHS,400.0,636.0,,,1.0
BGD,Sylhet,5343982,Antenatal visits for pregnancy: 4+ visits,10.2,1,BD,Bangladesh,2004,BD2004DHS,RH_ANCN_W_N4P,83403040,I,360004,1360040,Region,..Sylhet,14002,Two years preceding the survey,0,1,RHANCNWN4P,BDDHS2004360004,2004,DHS,223.0,356.0,,,1.0
BGD,Dhaka before 2015,7259363,Antenatal visits for pregnancy: 4+ visits,19.2,1,BD,Bangladesh,2004,BD2004DHS,RH_ANCN_W_N4P,83403040,I,360005,1360050,Region,Dhaka before 2015,14000,Three years preceding the survey,0,0,RHANCNWN4P,BDDHS2004360005,2004,DHS,1161.0,818.0,,,1.0
BGD,Dhaka before 2015,1303792,Antenatal visits for pregnancy: 4+ visits,17.9,1,BD,Bangladesh,2004,BD2004DHS,RH_ANCN_W_N4P,83403040,I,360005,1360050,Region,Dhaka before 2015,14001,Five years preceding the survey,0,0,RHANCNWN4P,BDDHS2004360005,2004,DHS,1676.0,1191.0,,,1.0
BGD,Dhaka before 2015,1303819,Antenatal visits for pregnancy: 4+ visits,19.3,1,BD,Bangladesh,2004,BD2004DHS,RH_ANCN_W_N4P,83403040,I,360005,1360050,Region,Dhaka before 2015,14002,Two years preceding the survey,0,1,RHANCNWN4P,BDDHS2004360005,2004,DHS,793.0,558.0,,,1.0
BGD,Khulna,4227635,Antenatal visits for pregnancy: 4+ visits,19.2,1,BD,Bangladesh,2004,BD2004DHS,RH_ANCN_W_N4P,83403040,I,360006,1360060,Region,Khulna,14000,Three years preceding the survey,0,0,RHANCNWN4P,BDDHS2004360006,2004,DHS,418.0,502.0,,,1.0
BGD,Khulna,6197670,Antenatal visits for pregnancy: 4+ visits,18.0,1,BD,Bangladesh,2004,BD2004DHS,RH_ANCN_W_N4P,83403040,I,360006,1360060,Region,Khulna,14001,Five years preceding the survey,0,0,RHANCNWN4P,BDDHS2004360006,2004,DHS,607.0,727.0,,,1.0
BGD,Khulna,3152636,Antenatal visits for pregnancy: 4+ visits,19.9,1,BD,Bangladesh,2004,BD2004DHS,RH_ANCN_W_N4P,83403040,I,360006,1360060,Region,Khulna,14002,Two years preceding the survey,0,1,RHANCNWN4P,BDDHS2004360006,2004,DHS,279.0,332.0,,,1.0
BGD,Rajshahi/Rangpur,4960252,Antenatal visits for pregnancy: 4+ visits,17.5,1,BD,Bangladesh,2004,BD2004DHS,RH_ANCN_W_N4P,83403040,I,360007,1360070,Region,Rajshahi/Rangpur,14000,Three years preceding the survey,0,0,RHANCNWN4P,BDDHS2004360007,2004,DHS,838.0,706.0,,,1.0
BGD,Rajshahi/Rangpur,5961989,Antenatal visits for pregnancy: 4+ visits,15.4,1,BD,Bangladesh,2004,BD2004DHS,RH_ANCN_W_N4P,83403040,I,360007,1360070,Region,Rajshahi/Rangpur,14001,Five years preceding the survey,0,0,RHANCNWN4P,BDDHS2004360007,2004,DHS,1282.0,1082.0,,,1.0
BGD,Rajshahi/Rangpur,6558949,Antenatal visits for pregnancy: 4+ visits,18.3,1,BD,Bangladesh,2004,BD2004DHS,RH_ANCN_W_N4P,83403040,I,360007,1360070,Region,Rajshahi/Rangpur,14002,Two years preceding the survey,0,1,RHANCNWN4P,BDDHS2004360007,2004,DHS,592.0,493.0,,,1.0
BGD,Barishal,3037119,Place of delivery: Health facility,7.0,1,BD,Bangladesh,2004,BD2004DHS,RH_DELP_C_DHF,83566070,I,360001,1360010,Region,Barishal,14000,Three years preceding the survey,0,0,RHDELPCDHF,BDDHS2004360001,2004,DHS,237.0,433.0,,,1.0
BGD,Barishal,4318568,Place of delivery: Health facility,5.6,1,BD,Bangladesh,2004,BD2004DHS,RH_DELP_C_DHF,83566070,I,360001,1360010,Region,Barishal,14001,Five years preceding the survey,0,0,RHDELPCDHF,BDDHS2004360001,2004,DHS,410.0,752.0,,,1.0
BGD,Barishal,5867464,Place of delivery: Health facility,7.1,1,BD,Bangladesh,2004,BD2004DHS,RH_DELP_C_DHF,83566070,I,360001,1360010,Region,Barishal,14002,Two years preceding the survey,0,1,RHDELPCDHF,BDDHS2004360001,2004,DHS,160.0,287.0,,,1.0
BGD,Chattogram/Sylhet,7218282,Place of delivery: Health facility,7.9,1,BD,Bangladesh,2004,BD2004DHS,RH_DELP_C_DHF,83566070,I,360002,1360020,Region,Chattogram/Sylhet,14000,Three years preceding the survey,0,0,RHDELPCDHF,BDDHS2004360002,2004,DHS,1287.0,1490.0,,,
BGD,Chattogram/Sylhet,270833,Place of delivery: Health facility,7.1,1,BD,Bangladesh,2004,BD2004DHS,RH_DELP_C_DHF,83566070,I,360002,1360020,Region,Chattogram/Sylhet,14001,Five years preceding the survey,0,0,RHDELPCDHF,BDDHS2004360002,2004,DHS,2125.0,2444.0,,,
BGD,Chattogram/Sylhet,3635766,Place of delivery: Health facility,7.9,1,BD,Bangladesh,2004,BD2004DHS,RH_DELP_C_DHF,83566070,I,360002,1360020,Region,Chattogram/Sylhet,14002,Two years preceding the survey,0,1,RHDELPCDHF,BDDHS2004360002,2004,DHS,828.0,957.0,,,
BGD,Chattogram,1304009,Place of delivery: Health facility,8.0,1,BD,Bangladesh,2004,BD2004DHS,RH_DELP_C_DHF,83566070,I,360003,1360030,Region,..Chattogram,14000,Three years preceding the survey,0,0,RHDELPCDHF,BDDHS2004360003,2004,DHS,920.0,910.0,,,1.0
BGD,Chattogram,3448598,Place of delivery: Health facility,7.4,1,BD,Bangladesh,2004,BD2004DHS,RH_DELP_C_DHF,83566070,I,360003,1360030,Region,..Chattogram,14001,Five years preceding the survey,0,0,RHDELPCDHF,BDDHS2004360003,2004,DHS,1526.0,1501.0,,,1.0
BGD,Chattogram,6874287,Place of delivery: Health facility,8.0,1,BD,Bangladesh,2004,BD2004DHS,RH_DELP_C_DHF,83566070,I,360003,1360030,Region,..Chattogram,14002,Two years preceding the survey,0,1,RHDELPCDHF,BDDHS2004360003,2004,DHS,593.0,584.0,,,1.0
BGD,Sylhet,5401403,Place of delivery: Health facility,7.6,1,BD,Bangladesh,2004,BD2004DHS,RH_DELP_C_DHF,83566070,I,360004,1360040,Region,..Sylhet,14000,Three years preceding the survey,0,0,RHDELPCDHF,BDDHS2004360004,2004,DHS,366.0,580.0,,,1.0
BGD,Sylhet,5663583,Place of delivery: Health facility,6.2,1,BD,Bangladesh,2004,BD2004DHS,RH_DELP_C_DHF,83566070,I,360004,1360040,Region,..Sylhet,14001,Five years preceding the survey,0,0,RHDELPCDHF,BDDHS2004360004,2004,DHS,599.0,943.0,,,1.0
BGD,Sylhet,2615578,Place of delivery: Health facility,7.7,1,BD,Bangladesh,2004,BD2004DHS,RH_DELP_C_DHF,83566070,I,360004,1360040,Region,..Sylhet,14002,Two years preceding the survey,0,1,RHDELPCDHF,BDDHS2004360004,2004,DHS,236.0,373.0,,,1.0
BGD,Dhaka before 2015,1318114,Place of delivery: Health facility,15.7,1,BD,Bangladesh,2004,BD2004DHS,RH_DELP_C_DHF,83566070,I,360005,1360050,Region,Dhaka before 2015,14000,Three years preceding the survey,0,0,RHDELPCDHF,BDDHS2004360005,2004,DHS,1250.0,879.0,,,1.0
BGD,Dhaka before 2015,5683714,Place of delivery: Health facility,12.3,1,BD,Bangladesh,2004,BD2004DHS,RH_DELP_C_DHF,83566070,I,360005,1360050,Region,Dhaka before 2015,14001,Five years preceding the survey,0,0,RHDELPCDHF,BDDHS2004360005,2004,DHS,2174.0,1530.0,,,1.0
BGD,Dhaka before 2015,4709720,Place of delivery: Health facility,16.2,1,BD,Bangladesh,2004,BD2004DHS,RH_DELP_C_DHF,83566070,I,360005,1360050,Region,Dhaka before 2015,14002,Two years preceding the survey,0,1,RHDELPCDHF,BDDHS2004360005,2004,DHS,810.0,572.0,,,1.0
BGD,Khulna,159812,Place of delivery: Health facility,18.1,1,BD,Bangladesh,2004,BD2004DHS,RH_DELP_C_DHF,83566070,I,360006,1360060,Region,Khulna,14000,Three years preceding the survey,0,0,RHDELPCDHF,BDDHS2004360006,2004,DHS,450.0,537.0,,,1.0
BGD,Khulna,1311682,Place of delivery: Health facility,15.9,1,BD,Bangladesh,2004,BD2004DHS,RH_DELP_C_DHF,83566070,I,360006,1360060,Region,Khulna,14001,Five years preceding the survey,0,0,RHDELPCDHF,BDDHS2004360006,2004,DHS,730.0,865.0,,,1.0
BGD,Khulna,7234693,Place of delivery: Health facility,19.0,1,BD,Bangladesh,2004,BD2004DHS,RH_DELP_C_DHF,83566070,I,360006,1360060,Region,Khulna,14002,Two years preceding the survey,0,1,RHDELPCDHF,BDDHS2004360006,2004,DHS,290.0,345.0,,,1.0
BGD,Rajshahi/Rangpur,6763692,Place of delivery: Health facility,9.6,1,BD,Bangladesh,2004,BD2004DHS,RH_DELP_C_DHF,83566070,I,360007,1360070,Region,Rajshahi/Rangpur,14000,Three years preceding the survey,0,0,RHDELPCDHF,BDDHS2004360007,2004,DHS,896.0,756.0,,,1.0
BGD,Rajshahi/Rangpur,7019726,Place of delivery: Health facility,8.6,1,BD,Bangladesh,2004,BD2004DHS,RH_DELP_C_DHF,83566070,I,360007,1360070,Region,Rajshahi/Rangpur,14001,Five years preceding the survey,0,0,RHDELPCDHF,BDDHS2004360007,2004,DHS,1558.0,1309.0,,,1.0
BGD,Rajshahi/Rangpur,4213057,Place of delivery: Health facility,10.8,1,BD,Bangladesh,2004,BD2004DHS,RH_DELP_C_DHF,83566070,I,360007,1360070,Region,Rajshahi/Rangpur,14002,Two years preceding the survey,0,1,RHDELPCDHF,BDDHS2004360007,2004,DHS,605.0,503.0,,,1.0
BGD,Barishal,4752388,Assistance during delivery from a skilled provider,14.1,1,BD,Bangladesh,2004,BD2004DHS,RH_DELA_C_SKP,83606110,I,360001,1360010,Region,Barishal,14000,Three years preceding the survey,0,0,RHDELACSKP,BDDHS2004360001,2004,DHS,237.0,433.0,,,1.0
BGD,Barishal,108393,Assistance during delivery from a skilled provider,10.9,1,BD,Bangladesh,2004,BD2004DHS,RH_DELA_C_SKP,83606110,I,360001,1360010,Region,Barishal,14001,Five years preceding the survey,0,0,RHDELACSKP,BDDHS2004360001,2004,DHS,410.0,752.0,,,1.0
BGD,Barishal,5896406,Assistance during delivery from a skilled provider,14.2,1,BD,Bangladesh,2004,BD2004DHS,RH_DELA_C_SKP,83606110,I,360001,1360010,Region,Barishal,14002,Two years preceding the survey,0,1,RHDELACSKP,BDDHS2004360001,2004,DHS,160.0,287.0,,,1.0
BGD,Chattogram/Sylhet,6412336,Assistance during delivery from a skilled provider,11.8,1,BD,Bangladesh,2004,BD2004DHS,RH_DELA_C_SKP,83606110,I,360002,1360020,Region,Chattogram/Sylhet,14000,Three years preceding the survey,0,0,RHDELACSKP,BDDHS2004360002,2004,DHS,1287.0,1490.0,,,
BGD,Chattogram/Sylhet,2692422,Assistance during delivery from a skilled provider,10.6,1,BD,Bangladesh,2004,BD2004DHS,RH_DELA_C_SKP,83606110,I,360002,1360020,Region,Chattogram/Sylhet,14001,Five years preceding the survey,0,0,RHDELACSKP,BDDHS2004360002,2004,DHS,2125.0,2444.0,,,
BGD,Chattogram/Sylhet,3646156,Assistance during delivery from a skilled provider,10.8,1,BD,Bangladesh,2004,BD2004DHS,RH_DELA_C_SKP,83606110,I,360002,1360020,Region,Chattogram/Sylhet,14002,Two years preceding the survey,0,1,RHDELACSKP,BDDHS2004360002,2004,DHS,828.0,957.0,,,
BGD,Chattogram,641837,Assistance during delivery from a skilled provider,11.6,1,BD,Bangladesh,2004,BD2004DHS,RH_DELA_C_SKP,83606110,I,360003,1360030,Region,..Chattogram,14000,Three years preceding the survey,0,0,RHDELACSKP,BDDHS2004360003,2004,DHS,920.0,910.0,,,1.0
BGD,Chattogram,3527259,Assistance during delivery from a skilled provider,10.5,1,BD,Bangladesh,2004,BD2004DHS,RH_DELA_C_SKP,83606110,I,360003,1360030,Region,..Chattogram,14001,Five years preceding the survey,0,0,RHDELACSKP,BDDHS2004360003,2004,DHS,1526.0,1501.0,,,1.0
BGD,Chattogram,4712055,Assistance during delivery from a skilled provider,10.2,1,BD,Bangladesh,2004,BD2004DHS,RH_DELA_C_SKP,83606110,I,360003,1360030,Region,..Chattogram,14002,Two years preceding the survey,0,1,RHDELACSKP,BDDHS2004360003,2004,DHS,593.0,584.0,,,1.0
BGD,Sylhet,5598084,Assistance during delivery from a skilled provider,12.6,1,BD,Bangladesh,2004,BD2004DHS,RH_DELA_C_SKP,83606110,I,360004,1360040,Region,..Sylhet,14000,Three years preceding the survey,0,0,RHDELACSKP,BDDHS2004360004,2004,DHS,366.0,580.0,,,1.0
BGD,Sylhet,767178,Assistance during delivery from a skilled provider,10.9,1,BD,Bangladesh,2004,BD2004DHS,RH_DELA_C_SKP,83606110,I,360004,1360040,Region,..Sylhet,14001,Five years preceding the survey,0,0,RHDELACSKP,BDDHS2004360004,2004,DHS,599.0,943.0,,,1.0
BGD,Sylhet,133831,Assistance during delivery from a skilled provider,12.2,1,BD,Bangladesh,2004,BD2004DHS,RH_DELA_C_SKP,83606110,I,360004,1360040,Region,..Sylhet,14002,Two years preceding the survey,0,1,RHDELACSKP,BDDHS2004360004,2004,DHS,236.0,373.0,,,1.0
BGD,Dhaka before 2015,302716,Assistance during delivery from a skilled provider,18.4,1,BD,Bangladesh,2004,BD2004DHS,RH_DELA_C_SKP,83606110,I,360005,1360050,Region,Dhaka before 2015,14000,Three years preceding the survey,0,0,RHDELACSKP,BDDHS2004360005,2004,DHS,1250.0,879.0,,,1.0
BGD,Dhaka before 2015,7146972,Assistance during delivery from a skilled provider,14.7,1,BD,Bangladesh,2004,BD2004DHS,RH_DELA_C_SKP,83606110,I,360005,1360050,Region,Dhaka before 2015,14001,Five years preceding the survey,0,0,RHDELACSKP,BDDHS2004360005,2004,DHS,2174.0,1530.0,,,1.0
BGD,Dhaka before 2015,4744938,Assistance during delivery from a skilled provider,19.4,1,BD,Bangladesh,2004,BD2004DHS,RH_DELA_C_SKP,83606110,I,360005,1360050,Region,Dhaka before 2015,14002,Two years preceding the survey,0,1,RHDELACSKP,BDDHS2004360005,2004,DHS,810.0,572.0,,,1.0
BGD,Khulna,1311708,Assistance during delivery from a skilled provider,22.8,1,BD,Bangladesh,2004,BD2004DHS,RH_DELA_C_SKP,83606110,I,360006,1360060,Region,Khulna,14000,Three years preceding the survey,0,0,RHDELACSKP,BDDHS2004360006,2004,DHS,450.0,537.0,,,1.0
BGD,Khulna,3218563,Assistance during delivery from a skilled provider,19.9,1,BD,Bangladesh,2004,BD2004DHS,RH_DELA_C_SKP,83606110,I,360006,1360060,Region,Khulna,14001,Five years preceding the survey,0,0,RHDELACSKP,BDDHS2004360006,2004,DHS,730.0,865.0,,,1.0
BGD,Khulna,6001633,Assistance during delivery from a skilled provider,25.2,1,BD,Bangladesh,2004,BD2004DHS,RH_DELA_C_SKP,83606110,I,360006,1360060,Region,Khulna,14002,Two years preceding the survey,0,1,RHDELACSKP,BDDHS2004360006,2004,DHS,290.0,345.0,,,1.0
BGD,Rajshahi/Rangpur,6792309,Assistance during delivery from a skilled provider,11.5,1,BD,Bangladesh,2004,BD2004DHS,RH_DELA_C_SKP,83606110,I,360007,1360070,Region,Rajshahi/Rangpur,14000,Three years preceding the survey,0,0,RHDELACSKP,BDDHS2004360007,2004,DHS,896.0,756.0,,,1.0
BGD,Rajshahi/Rangpur,5222151,Assistance during delivery from a skilled provider,10.3,1,BD,Bangladesh,2004,BD2004DHS,RH_DELA_C_SKP,83606110,I,360007,1360070,Region,Rajshahi/Rangpur,14001,Five years preceding the survey,0,0,RHDELACSKP,BDDHS2004360007,2004,DHS,1558.0,1309.0,,,1.0
BGD,Rajshahi/Rangpur,634779,Assistance during delivery from a skilled provider,12.6,1,BD,Bangladesh,2004,BD2004DHS,RH_DELA_C_SKP,83606110,I,360007,1360070,Region,Rajshahi/Rangpur,14002,Two years preceding the survey,0,1,RHDELACSKP,BDDHS2004360007,2004,DHS,605.0,503.0,,,1.0
BGD,Barishal,4752392,Delivery by cesarean section,3.1,1,BD,Bangladesh,2004,BD2004DHS,RH_DELA_C_CSC,83606120,I,360001,1360010,Region,Barishal,14000,Three years preceding the survey,0,0,RHDELACCSC,BDDHS2004360001,2004,DHS,237.0,433.0,,,1.0
BGD,Barishal,108394,Delivery by cesarean section,2.5,1,BD,Bangladesh,2004,BD2004DHS,RH_DELA_C_CSC,83606120,I,360001,1360010,Region,Barishal,14001,Five years preceding the survey,0,0,RHDELACCSC,BDDHS2004360001,2004,DHS,410.0,752.0,,,1.0
BGD,Barishal,5896427,Delivery by cesarean section,3.6,1,BD,Bangladesh,2004,BD2004DHS,RH_DELA_C_CSC,83606120,I,360001,1360010,Region,Barishal,14002,Two years preceding the survey,0,1,RHDELACCSC,BDDHS2004360001,2004,DHS,160.0,287.0,,,1.0
BGD,Chattogram/Sylhet,6412340,Delivery by cesarean section,2.9,1,BD,Bangladesh,2004,BD2004DHS,RH_DELA_C_CSC,83606120,I,360002,1360020,Region,Chattogram/Sylhet,14000,Three years preceding the survey,0,0,RHDELACCSC,BDDHS2004360002,2004,DHS,1287.0,1490.0,,,
BGD,Chattogram/Sylhet,2692423,Delivery by cesarean section,2.5,1,BD,Bangladesh,2004,BD2004DHS,RH_DELA_C_CSC,83606120,I,360002,1360020,Region,Chattogram/Sylhet,14001,Five years preceding the survey,0,0,RHDELACCSC,BDDHS2004360002,2004,DHS,2125.0,2444.0,,,
BGD,Chattogram/Sylhet,3646157,Delivery by cesarean section,3.2,1,BD,Bangladesh,2004,BD2004DHS,RH_DELA_C_CSC,83606120,I,360002,1360020,Region,Chattogram/Sylhet,14002,Two years preceding the survey,0,1,RHDELACCSC,BDDHS2004360002,2004,DHS,828.0,957.0,,,
BGD,Chattogram,641838,Delivery by cesarean section,2.8,1,BD,Bangladesh,2004,BD2004DHS,RH_DELA_C_CSC,83606120,I,360003,1360030,Region,..Chattogram,14000,Three years preceding the survey,0,0,RHDELACCSC,BDDHS2004360003,2004,DHS,920.0,910.0,,,1.0
BGD,Chattogram,3527282,Delivery by cesarean section,2.5,1,BD,Bangladesh,2004,BD2004DHS,RH_DELA_C_CSC,83606120,I,360003,1360030,Region,..Chattogram,14001,Five years preceding the survey,0,0,RHDELACCSC,BDDHS2004360003,2004,DHS,1526.0,1501.0,,,1.0
BGD,Chattogram,4712086,Delivery by cesarean section,3.0,1,BD,Bangladesh,2004,BD2004DHS,RH_DELA_C_CSC,83606120,I,360003,1360030,Region,..Chattogram,14002,Two years preceding the survey,0,1,RHDELACCSC,BDDHS2004360003,2004,DHS,593.0,584.0,,,1.0
BGD,Sylhet,5598085,Delivery by cesarean section,3.1,1,BD,Bangladesh,2004,BD2004DHS,RH_DELA_C_CSC,83606120,I,360004,1360040,Region,..Sylhet,14000,Three years preceding the survey,0,0,RHDELACCSC,BDDHS2004360004,2004,DHS,366.0,580.0,,,1.0
BGD,Sylhet,767194,Delivery by cesarean section,2.6,1,BD,Bangladesh,2004,BD2004DHS,RH_DELA_C_CSC,83606120,I,360004,1360040,Region,..Sylhet,14001,Five years preceding the survey,0,0,RHDELACCSC,BDDHS2004360004,2004,DHS,599.0,943.0,,,1.0
BGD,Sylhet,133832,Delivery by cesarean section,3.8,1,BD,Bangladesh,2004,BD2004DHS,RH_DELA_C_CSC,83606120,I,360004,1360040,Region,..Sylhet,14002,Two years preceding the survey,0,1,RHDELACCSC,BDDHS2004360004,2004,DHS,236.0,373.0,,,1.0
BGD,Dhaka before 2015,302722,Delivery by cesarean section,7.3,1,BD,Bangladesh,2004,BD2004DHS,RH_DELA_C_CSC,83606120,I,360005,1360050,Region,Dhaka before 2015,14000,Three years preceding the survey,0,0,RHDELACCSC,BDDHS2004360005,2004,DHS,1250.0,879.0,,,1.0
BGD,Dhaka before 2015,7147003,Delivery by cesarean section,5.2,1,BD,Bangladesh,2004,BD2004DHS,RH_DELA_C_CSC,83606120,I,360005,1360050,Region,Dhaka before 2015,14001,Five years preceding the survey,0,0,RHDELACCSC,BDDHS2004360005,2004,DHS,2174.0,1530.0,,,1.0
BGD,Dhaka before 2015,4744939,Delivery by cesarean section,7.4,1,BD,Bangladesh,2004,BD2004DHS,RH_DELA_C_CSC,83606120,I,360005,1360050,Region,Dhaka before 2015,14002,Two years preceding the survey,0,1,RHDELACCSC,BDDHS2004360005,2004,DHS,810.0,572.0,,,1.0
BGD,Khulna,1311709,Delivery by cesarean section,5.3,1,BD,Bangladesh,2004,BD2004DHS,RH_DELA_C_CSC,83606120,I,360006,1360060,Region,Khulna,14000,Three years preceding the survey,0,0,RHDELACCSC,BDDHS2004360006,2004,DHS,450.0,537.0,,,1.0
BGD,Khulna,3218564,Delivery by cesarean section,4.5,1,BD,Bangladesh,2004,BD2004DHS,RH_DELA_C_CSC,83606120,I,360006,1360060,Region,Khulna,14001,Five years preceding the survey,0,0,RHDELACCSC,BDDHS2004360006,2004,DHS,730.0,865.0,,,1.0
BGD,Khulna,6001634,Delivery by cesarean section,5.9,1,BD,Bangladesh,2004,BD2004DHS,RH_DELA_C_CSC,83606120,I,360006,1360060,Region,Khulna,14002,Two years preceding the survey,0,1,RHDELACCSC,BDDHS2004360006,2004,DHS,290.0,345.0,,,1.0
BGD,Rajshahi/Rangpur,6792310,Delivery by cesarean section,3.0,1,BD,Bangladesh,2004,BD2004DHS,RH_DELA_C_CSC,83606120,I,360007,1360070,Region,Rajshahi/Rangpur,14000,Three years preceding the survey,0,0,RHDELACCSC,BDDHS2004360007,2004,DHS,896.0,756.0,,,1.0
BGD,Rajshahi/Rangpur,5222152,Delivery by cesarean section,2.1,1,BD,Bangladesh,2004,BD2004DHS,RH_DELA_C_CSC,83606120,I,360007,1360070,Region,Rajshahi/Rangpur,14001,Five years preceding the survey,0,0,RHDELACCSC,BDDHS2004360007,2004,DHS,1558.0,1309.0,,,1.0
BGD,Rajshahi/Rangpur,634780,Delivery by cesarean section,3.8,1,BD,Bangladesh,2004,BD2004DHS,RH_DELA_C_CSC,83606120,I,360007,1360070,Region,Rajshahi/Rangpur,14002,Two years preceding the survey,0,1,RHDELACCSC,BDDHS2004360007,2004,DHS,605.0,503.0,,,1.0
BGD,Barishal,6633637,Children with ARI for whom advice or treatment was sought,39.5,1,BD,Bangladesh,2004,BD2004DHS,CH_ARIS_C_ADV,93966040,I,360001,1360010,Region,Barishal,14000,Three years preceding the survey,0,0,CHARISCADV,BDDHS2004360001,2004,DHS,64.0,112.0,,,1.0
BGD,Barishal,4904022,Children with ARI for whom advice or treatment was sought,37.4,1,BD,Bangladesh,2004,BD2004DHS,CH_ARIS_C_ADV,93966040,I,360001,1360010,Region,Barishal,14001,Five years preceding the survey,0,1,CHARISCADV,BDDHS2004360001,2004,DHS,99.0,176.0,,,1.0
BGD,Chattogram/Sylhet,591461,Children with ARI for whom advice or treatment was sought,57.3,1,BD,Bangladesh,2004,BD2004DHS,CH_ARIS_C_ADV,93966040,I,360002,1360020,Region,Chattogram/Sylhet,14000,Three years preceding the survey,0,0,CHARISCADV,BDDHS2004360002,2004,DHS,299.0,342.0,,,
BGD,Chattogram/Sylhet,108262,Children with ARI for whom advice or treatment was sought,52.6,1,BD,Bangladesh,2004,BD2004DHS,CH_ARIS_C_ADV,93966040,I,360002,1360020,Region,Chattogram/Sylhet,14001,Five years preceding the survey,0,1,CHARISCADV,BDDHS2004360002,2004,DHS,412.0,465.0,,,
BGD,Chattogram,7199837,Children with ARI for whom advice or treatment was sought,57.3,1,BD,Bangladesh,2004,BD2004DHS,CH_ARIS_C_ADV,93966040,I,360003,1360030,Region,..Chattogram,14000,Three years preceding the survey,0,0,CHARISCADV,BDDHS2004360003,2004,DHS,231.0,228.0,,,1.0
BGD,Chattogram,4467378,Children with ARI for whom advice or treatment was sought,52.6,1,BD,Bangladesh,2004,BD2004DHS,CH_ARIS_C_ADV,93966040,I,360003,1360030,Region,..Chattogram,14001,Five years preceding the survey,0,1,CHARISCADV,BDDHS2004360003,2004,DHS,322.0,314.0,,,1.0
BGD,Sylhet,3249781,Children with ARI for whom advice or treatment was sought,57.1,1,BD,Bangladesh,2004,BD2004DHS,CH_ARIS_C_ADV,93966040,I,360004,1360040,Region,..Sylhet,14000,Three years preceding the survey,0,0,CHARISCADV,BDDHS2004360004,2004,DHS,67.0,114.0,,,1.0
BGD,Sylhet,5975380,Children with ARI for whom advice or treatment was sought,52.4,1,BD,Bangladesh,2004,BD2004DHS,CH_ARIS_C_ADV,93966040,I,360004,1360040,Region,..Sylhet,14001,Five years preceding the survey,0,1,CHARISCADV,BDDHS2004360004,2004,DHS,90.0,151.0,,,1.0
BGD,Dhaka before 2015,4748426,Children with ARI for whom advice or treatment was sought,35.1,1,BD,Bangladesh,2004,BD2004DHS,CH_ARIS_C_ADV,93966040,I,360005,1360050,Region,Dhaka before 2015,14000,Three years preceding the survey,0,0,CHARISCADV,BDDHS2004360005,2004,DHS,239.0,163.0,,,1.0
BGD,Dhaka before 2015,673257,Children with ARI for whom advice or treatment was sought,33.2,1,BD,Bangladesh,2004,BD2004DHS,CH_ARIS_C_ADV,93966040,I,360005,1360050,Region,Dhaka before 2015,14001,Five years preceding the survey,0,1,CHARISCADV,BDDHS2004360005,2004,DHS,357.0,243.0,,,1.0
BGD,Khulna,18521,Children with ARI for whom advice or treatment was sought,47.0,1,BD,Bangladesh,2004,BD2004DHS,CH_ARIS_C_ADV,93966040,I,360006,1360060,Region,Khulna,14000,Three years preceding the survey,0,0,CHARISCADV,BDDHS2004360006,2004,DHS,92.0,108.0,,,1.0
BGD,Khulna,5599040,Children with ARI for whom advice or treatment was sought,42.8,1,BD,Bangladesh,2004,BD2004DHS,CH_ARIS_C_ADV,93966040,I,360006,1360060,Region,Khulna,14001,Five years preceding the survey,0,1,CHARISCADV,BDDHS2004360006,2004,DHS,128.0,150.0,,,1.0
BGD,Rajshahi/Rangpur,4645081,Children with ARI for whom advice or treatment was sought,47.9,1,BD,Bangladesh,2004,BD2004DHS,CH_ARIS_C_ADV,93966040,I,360007,1360070,Region,Rajshahi/Rangpur,14000,Three years preceding the survey,0,0,CHARISCADV,BDDHS2004360007,2004,DHS,182.0,158.0,,,1.0
BGD,Rajshahi/Rangpur,175776,Children with ARI for whom advice or treatment was sought,44.8,1,BD,Bangladesh,2004,BD2004DHS,CH_ARIS_C_ADV,93966040,I,360007,1360070,Region,Rajshahi/Rangpur,14001,Five years preceding the survey,0,1,CHARISCADV,BDDHS2004360007,2004,DHS,251.0,218.0,,,1.0
BGD,Barishal,2581714,Treatment of diarrhea: Advice or treatment was sought,29.2,1,BD,Bangladesh,2004,BD2004DHS,CH_DIAT_C_ADV,94096010,I,360001,1360010,Region,Barishal,14000,Three years preceding the survey,0,0,CHDIATCADV,BDDHS2004360001,2004,DHS,23.0,43.0,,,1.0
BGD,Barishal,6944199,Treatment of diarrhea: Advice or treatment was sought,24.1,1,BD,Bangladesh,2004,BD2004DHS,CH_DIAT_C_ADV,94096010,I,360001,1360010,Region,Barishal,14001,Five years preceding the survey,0,1,CHDIATCADV,BDDHS2004360001,2004,DHS,36.0,66.0,,,1.0
BGD,Chattogram/Sylhet,6808601,Treatment of diarrhea: Advice or treatment was sought,43.7,1,BD,Bangladesh,2004,BD2004DHS,CH_DIAT_C_ADV,94096010,I,360002,1360020,Region,Chattogram/Sylhet,14000,Three years preceding the survey,0,0,CHDIATCADV,BDDHS2004360002,2004,DHS,115.0,132.0,,,
BGD,Chattogram/Sylhet,2076693,Treatment of diarrhea: Advice or treatment was sought,39.3,1,BD,Bangladesh,2004,BD2004DHS,CH_DIAT_C_ADV,94096010,I,360002,1360020,Region,Chattogram/Sylhet,14001,Five years preceding the survey,0,1,CHDIATCADV,BDDHS2004360002,2004,DHS,155.0,176.0,,,
BGD,Chattogram,5900322,Treatment of diarrhea: Advice or treatment was sought,44.6,1,BD,Bangladesh,2004,BD2004DHS,CH_DIAT_C_ADV,94096010,I,360003,1360030,Region,..Chattogram,14000,Three years preceding the survey,0,0,CHDIATCADV,BDDHS2004360003,2004,DHS,83.0,80.0,,,1.0
BGD,Chattogram,5079282,Treatment of diarrhea: Advice or treatment was sought,39.7,1,BD,Bangladesh,2004,BD2004DHS,CH_DIAT_C_ADV,94096010,I,360003,1360030,Region,..Chattogram,14001,Five years preceding the survey,0,1,CHDIATCADV,BDDHS2004360003,2004,DHS,116.0,112.0,,,1.0
BGD,Sylhet,4080360,Treatment of diarrhea: Advice or treatment was sought,41.4,1,BD,Bangladesh,2004,BD2004DHS,CH_DIAT_C_ADV,94096010,I,360004,1360040,Region,..Sylhet,14000,Three years preceding the survey,0,0,CHDIATCADV,BDDHS2004360004,2004,DHS,32.0,52.0,,,1.0
BGD,Sylhet,7350567,Treatment of diarrhea: Advice or treatment was sought,38.3,1,BD,Bangladesh,2004,BD2004DHS,CH_DIAT_C_ADV,94096010,I,360004,1360040,Region,..Sylhet,14001,Five years preceding the survey,0,1,CHDIATCADV,BDDHS2004360004,2004,DHS,40.0,64.0,,,1.0
BGD,Dhaka before 2015,7060674,Treatment of diarrhea: Advice or treatment was sought,34.6,1,BD,Bangladesh,2004,BD2004DHS,CH_DIAT_C_ADV,94096010,I,360005,1360050,Region,Dhaka before 2015,14000,Three years preceding the survey,0,0,CHDIATCADV,BDDHS2004360005,2004,DHS,88.0,62.0,,,1.0
BGD,Dhaka before 2015,2766197,Treatment of diarrhea: Advice or treatment was sought,31.1,1,BD,Bangladesh,2004,BD2004DHS,CH_DIAT_C_ADV,94096010,I,360005,1360050,Region,Dhaka before 2015,14001,Five years preceding the survey,0,1,CHDIATCADV,BDDHS2004360005,2004,DHS,132.0,91.0,,,1.0
BGD,Khulna,2058390,Treatment of diarrhea: Advice or treatment was sought,36.1,1,BD,Bangladesh,2004,BD2004DHS,CH_DIAT_C_ADV,94096010,I,360006,1360060,Region,Khulna,14000,Three years preceding the survey,0,0,CHDIATCADV,BDDHS2004360006,2004,DHS,49.0,53.0,,,1.0
BGD,Khulna,6080840,Treatment of diarrhea: Advice or treatment was sought,34.0,1,BD,Bangladesh,2004,BD2004DHS,CH_DIAT_C_ADV,94096010,I,360006,1360060,Region,Khulna,14001,Five years preceding the survey,0,1,CHDIATCADV,BDDHS2004360006,2004,DHS,55.0,62.0,,,1.0
BGD,Rajshahi/Rangpur,4958548,Treatment of diarrhea: Advice or treatment was sought,37.2,1,BD,Bangladesh,2004,BD2004DHS,CH_DIAT_C_ADV,94096010,I,360007,1360070,Region,Rajshahi/Rangpur,14000,Three years preceding the survey,0,0,CHDIATCADV,BDDHS2004360007,2004,DHS,82.0,66.0,,,1.0
BGD,Rajshahi/Rangpur,2682306,Treatment of diarrhea: Advice or treatment was sought,33.8,1,BD,Bangladesh,2004,BD2004DHS,CH_DIAT_C_ADV,94096010,I,360007,1360070,Region,Rajshahi/Rangpur,14001,Five years preceding the survey,0,1,CHDIATCADV,BDDHS2004360007,2004,DHS,107.0,89.0,,,1.0
BGD,Barishal,2581731,Treatment of diarrhea: ORT or increased fluids,68.5,1,BD,Bangladesh,2004,BD2004DHS,CH_DIAT_C_ORI,94096060,I,360001,1360010,Region,Barishal,14000,Three years preceding the survey,0,0,CHDIATCORI,BDDHS2004360001,2004,DHS,23.0,43.0,,,1.0
BGD,Barishal,6944182,Treatment of diarrhea: ORT or increased fluids,70.6,1,BD,Bangladesh,2004,BD2004DHS,CH_DIAT_C_ORI,94096060,I,360001,1360010,Region,Barishal,14001,Five years preceding the survey,0,1,CHDIATCORI,BDDHS2004360001,2004,DHS,36.0,66.0,,,1.0
BGD,Chattogram/Sylhet,6808608,Treatment of diarrhea: ORT or increased fluids,84.0,1,BD,Bangladesh,2004,BD2004DHS,CH_DIAT_C_ORI,94096060,I,360002,1360020,Region,Chattogram/Sylhet,14000,Three years preceding the survey,0,0,CHDIATCORI,BDDHS2004360002,2004,DHS,115.0,132.0,,,
BGD,Chattogram/Sylhet,2076705,Treatment of diarrhea: ORT or increased fluids,84.7,1,BD,Bangladesh,2004,BD2004DHS,CH_DIAT_C_ORI,94096060,I,360002,1360020,Region,Chattogram/Sylhet,14001,Five years preceding the survey,0,1,CHDIATCORI,BDDHS2004360002,2004,DHS,155.0,176.0,,,
BGD,Chattogram,5900327,Treatment of diarrhea: ORT or increased fluids,86.9,1,BD,Bangladesh,2004,BD2004DHS,CH_DIAT_C_ORI,94096060,I,360003,1360030,Region,..Chattogram,14000,Three years preceding the survey,0,0,CHDIATCORI,BDDHS2004360003,2004,DHS,83.0,80.0,,,1.0
BGD,Chattogram,5079263,Treatment of diarrhea: ORT or increased fluids,88.7,1,BD,Bangladesh,2004,BD2004DHS,CH_DIAT_C_ORI,94096060,I,360003,1360030,Region,..Chattogram,14001,Five years preceding the survey,0,1,CHDIATCORI,BDDHS2004360003,2004,DHS,116.0,112.0,,,1.0
BGD,Sylhet,4080368,Treatment of diarrhea: ORT or increased fluids,76.4,1,BD,Bangladesh,2004,BD2004DHS,CH_DIAT_C_ORI,94096060,I,360004,1360040,Region,..Sylhet,14000,Three years preceding the survey,0,0,CHDIATCORI,BDDHS2004360004,2004,DHS,32.0,52.0,,,1.0
BGD,Sylhet,7350577,Treatment of diarrhea: ORT or increased fluids,72.8,1,BD,Bangladesh,2004,BD2004DHS,CH_DIAT_C_ORI,94096060,I,360004,1360040,Region,..Sylhet,14001,Five years preceding the survey,0,1,CHDIATCORI,BDDHS2004360004,2004,DHS,40.0,64.0,,,1.0
BGD,Dhaka before 2015,7060653,Treatment of diarrhea: ORT or increased fluids,87.5,1,BD,Bangladesh,2004,BD2004DHS,CH_DIAT_C_ORI,94096060,I,360005,1360050,Region,Dhaka before 2015,14000,Three years preceding the survey,0,0,CHDIATCORI,BDDHS2004360005,2004,DHS,88.0,62.0,,,1.0
BGD,Dhaka before 2015,2766203,Treatment of diarrhea: ORT or increased fluids,83.7,1,BD,Bangladesh,2004,BD2004DHS,CH_DIAT_C_ORI,94096060,I,360005,1360050,Region,Dhaka before 2015,14001,Five years preceding the survey,0,1,CHDIATCORI,BDDHS2004360005,2004,DHS,132.0,91.0,,,1.0
BGD,Khulna,2058400,Treatment of diarrhea: ORT or increased fluids,84.6,1,BD,Bangladesh,2004,BD2004DHS,CH_DIAT_C_ORI,94096060,I,360006,1360060,Region,Khulna,14000,Three years preceding the survey,0,0,CHDIATCORI,BDDHS2004360006,2004,DHS,49.0,53.0,,,1.0
BGD,Khulna,6080847,Treatment of diarrhea: ORT or increased fluids,86.5,1,BD,Bangladesh,2004,BD2004DHS,CH_DIAT_C_ORI,94096060,I,360006,1360060,Region,Khulna,14001,Five years preceding the survey,0,1,CHDIATCORI,BDDHS2004360006,2004,DHS,55.0,62.0,,,1.0
BGD,Rajshahi/Rangpur,4958531,Treatment of diarrhea: ORT or increased fluids,83.0,1,BD,Bangladesh,2004,BD2004DHS,CH_DIAT_C_ORI,94096060,I,360007,1360070,Region,Rajshahi/Rangpur,14000,Three years preceding the survey,0,0,CHDIATCORI,BDDHS2004360007,2004,DHS,82.0,66.0,,,1.0
BGD,Rajshahi/Rangpur,2682373,Treatment of diarrhea: ORT or increased fluids,83.9,1,BD,Bangladesh,2004,BD2004DHS,CH_DIAT_C_ORI,94096060,I,360007,1360070,Region,Rajshahi/Rangpur,14001,Five years preceding the survey,0,1,CHDIATCORI,BDDHS2004360007,2004,DHS,107.0,89.0,,,1.0
BGD,Barishal,4953026,Children stunted,55.8,1,BD,Bangladesh,2004,BD2004DHS,CN_NUTS_C_HA2,104236020,I,360001,1360010,Region,Barishal,0,,0,1,CNNUTSCHA2,BDDHS2004360001,2004,DHS,357.0,664.0,,,1.0
BGD,Chattogram/Sylhet,1304056,Children stunted,52.9,1,BD,Bangladesh,2004,BD2004DHS,CN_NUTS_C_HA2,104236020,I,360002,1360020,Region,Chattogram/Sylhet,0,,0,1,CNNUTSCHA2,BDDHS2004360002,2004,DHS,1805.0,2105.0,,,
BGD,Chattogram,6841180,Children stunted,52.7,1,BD,Bangladesh,2004,BD2004DHS,CN_NUTS_C_HA2,104236020,I,360003,1360030,Region,..Chattogram,0,,0,1,CNNUTSCHA2,BDDHS2004360003,2004,DHS,1317.0,1314.0,,,1.0
BGD,Sylhet,824468,Children stunted,53.4,1,BD,Bangladesh,2004,BD2004DHS,CN_NUTS_C_HA2,104236020,I,360004,1360040,Region,..Sylhet,0,,0,1,CNNUTSCHA2,BDDHS2004360004,2004,DHS,488.0,791.0,,,1.0
BGD,Dhaka before 2015,1296914,Children stunted,52.8,1,BD,Bangladesh,2004,BD2004DHS,CN_NUTS_C_HA2,104236020,I,360005,1360050,Region,Dhaka before 2015,0,,0,1,CNNUTSCHA2,BDDHS2004360005,2004,DHS,1844.0,1314.0,,,1.0
BGD,Khulna,5661469,Children stunted,40.2,1,BD,Bangladesh,2004,BD2004DHS,CN_NUTS_C_HA2,104236020,I,360006,1360060,Region,Khulna,0,,0,1,CNNUTSCHA2,BDDHS2004360006,2004,DHS,666.0,799.0,,,1.0
BGD,Rajshahi/Rangpur,1289784,Children stunted,48.1,1,BD,Bangladesh,2004,BD2004DHS,CN_NUTS_C_HA2,104236020,I,360007,1360070,Region,Rajshahi/Rangpur,0,,0,1,CNNUTSCHA2,BDDHS2004360007,2004,DHS,1356.0,1155.0,,,1.0
BGD,Barishal,2861183,Children wasted,9.1,1,BD,Bangladesh,2004,BD2004DHS,CN_NUTS_C_WH2,104236050,I,360001,1360010,Region,Barishal,0,,0,1,CNNUTSCWH2,BDDHS2004360001,2004,DHS,357.0,664.0,,,1.0
BGD,Chattogram/Sylhet,5045900,Children wasted,15.7,1,BD,Bangladesh,2004,BD2004DHS,CN_NUTS_C_WH2,104236050,I,360002,1360020,Region,Chattogram/Sylhet,0,,0,1,CNNUTSCWH2,BDDHS2004360002,2004,DHS,1805.0,2105.0,,,
BGD,Chattogram,1296899,Children wasted,15.8,1,BD,Bangladesh,2004,BD2004DHS,CN_NUTS_C_WH2,104236050,I,360003,1360030,Region,..Chattogram,0,,0,1,CNNUTSCWH2,BDDHS2004360003,2004,DHS,1317.0,1314.0,,,1.0
BGD,Sylhet,164990,Children wasted,15.3,1,BD,Bangladesh,2004,BD2004DHS,CN_NUTS_C_WH2,104236050,I,360004,1360040,Region,..Sylhet,0,,0,1,CNNUTSCWH2,BDDHS2004360004,2004,DHS,488.0,791.0,,,1.0
BGD,Dhaka before 2015,6317799,Children wasted,12.8,1,BD,Bangladesh,2004,BD2004DHS,CN_NUTS_C_WH2,104236050,I,360005,1360050,Region,Dhaka before 2015,0,,0,1,CNNUTSCWH2,BDDHS2004360005,2004,DHS,1844.0,1314.0,,,1.0
BGD,Khulna,2835682,Children wasted,16.0,1,BD,Bangladesh,2004,BD2004DHS,CN_NUTS_C_WH2,104236050,I,360006,1360060,Region,Khulna,0,,0,1,CNNUTSCWH2,BDDHS2004360006,2004,DHS,666.0,799.0,,,1.0
BGD,Rajshahi/Rangpur,5706876,Children wasted,16.0,1,BD,Bangladesh,2004,BD2004DHS,CN_NUTS_C_WH2,104236050,I,360007,1360070,Region,Rajshahi/Rangpur,0,,0,1,CNNUTSCWH2,BDDHS2004360007,2004,DHS,1356.0,1155.0,,,1.0
BGD,Barishal,4527130,Children underweight,41.0,1,BD,Bangladesh,2004,BD2004DHS,CN_NUTS_C_WA2,104236090,I,360001,1360010,Region,Barishal,0,,0,1,CNNUTSCWA2,BDDHS2004360001,2004,DHS,357.0,664.0,,,1.0
BGD,Chattogram/Sylhet,5669856,Children underweight,45.7,1,BD,Bangladesh,2004,BD2004DHS,CN_NUTS_C_WA2,104236090,I,360002,1360020,Region,Chattogram/Sylhet,0,,0,1,CNNUTSCWA2,BDDHS2004360002,2004,DHS,1805.0,2105.0,,,
BGD,Chattogram,2762026,Children underweight,45.3,1,BD,Bangladesh,2004,BD2004DHS,CN_NUTS_C_WA2,104236090,I,360003,1360030,Region,..Chattogram,0,,0,1,CNNUTSCWA2,BDDHS2004360003,2004,DHS,1317.0,1314.0,,,1.0
BGD,Sylhet,5346930,Children underweight,46.8,1,BD,Bangladesh,2004,BD2004DHS,CN_NUTS_C_WA2,104236090,I,360004,1360040,Region,..Sylhet,0,,0,1,CNNUTSCWA2,BDDHS2004360004,2004,DHS,488.0,791.0,,,1.0
BGD,Dhaka before 2015,1296890,Children underweight,42.2,1,BD,Bangladesh,2004,BD2004DHS,CN_NUTS_C_WA2,104236090,I,360005,1360050,Region,Dhaka before 2015,0,,0,1,CNNUTSCWA2,BDDHS2004360005,2004,DHS,1844.0,1314.0,,,1.0
BGD,Khulna,6891529,Children underweight,34.8,1,BD,Bangladesh,2004,BD2004DHS,CN_NUTS_C_WA2,104236090,I,360006,1360060,Region,Khulna,0,,0,1,CNNUTSCWA2,BDDHS2004360006,2004,DHS,666.0,799.0,,,1.0
BGD,Rajshahi/Rangpur,6555788,Children underweight,42.8,1,BD,Bangladesh,2004,BD2004DHS,CN_NUTS_C_WA2,104236090,I,360007,1360070,Region,Rajshahi/Rangpur,0,,0,1,CNNUTSCWA2,BDDHS2004360007,2004,DHS,1356.0,1155.0,,,1.0
BGD,Barishal,4527133,Children overweight for their age,0.0,1,BD,Bangladesh,2004,BD2004DHS,CN_NUTS_C_WAP,104236100,I,360001,1360010,Region,Barishal,0,,0,1,CNNUTSCWAP,BDDHS2004360001,2004,DHS,357.0,664.0,,,1.0
BGD,Chattogram/Sylhet,5669868,Children overweight for their age,0.1,1,BD,Bangladesh,2004,BD2004DHS,CN_NUTS_C_WAP,104236100,I,360002,1360020,Region,Chattogram/Sylhet,0,,0,1,CNNUTSCWAP,BDDHS2004360002,2004,DHS,1805.0,2105.0,,,
BGD,Chattogram,2762027,Children overweight for their age,0.1,1,BD,Bangladesh,2004,BD2004DHS,CN_NUTS_C_WAP,104236100,I,360003,1360030,Region,..Chattogram,0,,0,1,CNNUTSCWAP,BDDHS2004360003,2004,DHS,1317.0,1314.0,,,1.0
BGD,Sylhet,5346929,Children overweight for their age,0.2,1,BD,Bangladesh,2004,BD2004DHS,CN_NUTS_C_WAP,104236100,I,360004,1360040,Region,..Sylhet,0,,0,1,CNNUTSCWAP,BDDHS2004360004,2004,DHS,488.0,791.0,,,1.0
BGD,Dhaka before 2015,1296893,Children overweight for their age,0.4,1,BD,Bangladesh,2004,BD2004DHS,CN_NUTS_C_WAP,104236100,I,360005,1360050,Region,Dhaka before 2015,0,,0,1,CNNUTSCWAP,BDDHS2004360005,2004,DHS,1844.0,1314.0,,,1.0
BGD,Khulna,6891528,Children overweight for their age,0.0,1,BD,Bangladesh,2004,BD2004DHS,CN_NUTS_C_WAP,104236100,I,360006,1360060,Region,Khulna,0,,0,1,CNNUTSCWAP,BDDHS2004360006,2004,DHS,666.0,799.0,,,1.0
BGD,Rajshahi/Rangpur,6555789,Children overweight for their age,0.0,1,BD,Bangladesh,2004,BD2004DHS,CN_NUTS_C_WAP,104236100,I,360007,1360070,Region,Rajshahi/Rangpur,0,,0,1,CNNUTSCWAP,BDDHS2004360007,2004,DHS,1356.0,1155.0,,,1.0
BGD,Barishal,5282804,Children ever breastfed,99.1,1,BD,Bangladesh,2004,BD2004DHS,CN_BRFI_C_EVR,104266010,I,360001,1360010,Region,Barishal,0,,0,1,CNBRFICEVR,BDDHS2004360001,2004,DHS,157.0,280.0,,,1.0
BGD,Chattogram/Sylhet,4733181,Children ever breastfed,98.9,1,BD,Bangladesh,2004,BD2004DHS,CN_BRFI_C_EVR,104266010,I,360002,1360020,Region,Chattogram/Sylhet,0,,0,1,CNBRFICEVR,BDDHS2004360002,2004,DHS,788.0,915.0,,,
BGD,Chattogram,4908535,Children ever breastfed,99.2,1,BD,Bangladesh,2004,BD2004DHS,CN_BRFI_C_EVR,104266010,I,360003,1360030,Region,..Chattogram,0,,0,1,CNBRFICEVR,BDDHS2004360003,2004,DHS,565.0,559.0,,,1.0
BGD,Sylhet,828921,Children ever breastfed,98.0,1,BD,Bangladesh,2004,BD2004DHS,CN_BRFI_C_EVR,104266010,I,360004,1360040,Region,..Sylhet,0,,0,1,CNBRFICEVR,BDDHS2004360004,2004,DHS,223.0,356.0,,,1.0
BGD,Dhaka before 2015,1296918,Children ever breastfed,98.6,1,BD,Bangladesh,2004,BD2004DHS,CN_BRFI_C_EVR,104266010,I,360005,1360050,Region,Dhaka before 2015,0,,0,1,CNBRFICEVR,BDDHS2004360005,2004,DHS,793.0,558.0,,,1.0
BGD,Khulna,5971320,Children ever breastfed,97.9,1,BD,Bangladesh,2004,BD2004DHS,CN_BRFI_C_EVR,104266010,I,360006,1360060,Region,Khulna,0,,0,1,CNBRFICEVR,BDDHS2004360006,2004,DHS,279.0,332.0,,,1.0
BGD,Rajshahi/Rangpur,4099197,Children ever breastfed,98.2,1,BD,Bangladesh,2004,BD2004DHS,CN_BRFI_C_EVR,104266010,I,360007,1360070,Region,Rajshahi/Rangpur,0,,0,1,CNBRFICEVR,BDDHS2004360007,2004,DHS,592.0,493.0,,,1.0
BGD,Barishal,5282805,Children who started breastfeeding within 1 hour of birth,20.9,1,BD,Bangladesh,2004,BD2004DHS,CN_BRFI_C_1HR,104266020,I,360001,1360010,Region,Barishal,0,,0,1,CNBRFIC1HR,BDDHS2004360001,2004,DHS,157.0,280.0,,,1.0
BGD,Chattogram/Sylhet,4733182,Children who started breastfeeding within 1 hour of birth,22.7,1,BD,Bangladesh,2004,BD2004DHS,CN_BRFI_C_1HR,104266020,I,360002,1360020,Region,Chattogram/Sylhet,0,,0,1,CNBRFIC1HR,BDDHS2004360002,2004,DHS,788.0,915.0,,,
BGD,Chattogram,4908536,Children who started breastfeeding within 1 hour of birth,19.8,1,BD,Bangladesh,2004,BD2004DHS,CN_BRFI_C_1HR,104266020,I,360003,1360030,Region,..Chattogram,0,,0,1,CNBRFIC1HR,BDDHS2004360003,2004,DHS,565.0,559.0,,,1.0
BGD,Sylhet,828922,Children who started breastfeeding within 1 hour of birth,30.1,1,BD,Bangladesh,2004,BD2004DHS,CN_BRFI_C_1HR,104266020,I,360004,1360040,Region,..Sylhet,0,,0,1,CNBRFIC1HR,BDDHS2004360004,2004,DHS,223.0,356.0,,,1.0
BGD,Dhaka before 2015,1296930,Children who started breastfeeding within 1 hour of birth,23.6,1,BD,Bangladesh,2004,BD2004DHS,CN_BRFI_C_1HR,104266020,I,360005,1360050,Region,Dhaka before 2015,0,,0,1,CNBRFIC1HR,BDDHS2004360005,2004,DHS,793.0,558.0,,,1.0
BGD,Khulna,5971319,Children who started breastfeeding within 1 hour of birth,28.4,1,BD,Bangladesh,2004,BD2004DHS,CN_BRFI_C_1HR,104266020,I,360006,1360060,Region,Khulna,0,,0,1,CNBRFIC1HR,BDDHS2004360006,2004,DHS,279.0,332.0,,,1.0
BGD,Rajshahi/Rangpur,4099196,Children who started breastfeeding within 1 hour of birth,29.1,1,BD,Bangladesh,2004,BD2004DHS,CN_BRFI_C_1HR,104266020,I,360007,1360070,Region,Rajshahi/Rangpur,0,,0,1,CNBRFIC1HR,BDDHS2004360007,2004,DHS,592.0,493.0,,,1.0
BGD,Barishal,1304184,Median duration of any breastfeeding,31.7,1,BD,Bangladesh,2004,BD2004DHS,CN_BFDR_C_MDA,104336010,I,360001,1360010,Region,Barishal,0,,0,1,CNBFDRCMDA,BDDHS2004360001,2004,DHS,,,,,1.0
BGD,Chattogram/Sylhet,1304181,Median duration of any breastfeeding,26.3,1,BD,Bangladesh,2004,BD2004DHS,CN_BFDR_C_MDA,104336010,I,360002,1360020,Region,Chattogram/Sylhet,0,,0,1,CNBFDRCMDA,BDDHS2004360002,2004,DHS,,,,,
BGD,Chattogram,5379731,Median duration of any breastfeeding,25.9,1,BD,Bangladesh,2004,BD2004DHS,CN_BFDR_C_MDA,104336010,I,360003,1360030,Region,..Chattogram,0,,0,1,CNBFDRCMDA,BDDHS2004360003,2004,DHS,,,,,1.0
BGD,Sylhet,1282661,Median duration of any breastfeeding,27.4,1,BD,Bangladesh,2004,BD2004DHS,CN_BFDR_C_MDA,104336010,I,360004,1360040,Region,..Sylhet,0,,0,1,CNBFDRCMDA,BDDHS2004360004,2004,DHS,,,,,1.0
BGD,Barishal,3101024,Population using an improved water source,92.3,1,BD,Bangladesh,2004,BD2004DHS,WS_SRCE_P_IMP,250162010,I,360001,1360010,Region,Barishal,0,,0,1,WSSRCEPIMP,BDDHS2004360001,2004,DHS,3289.0,6280.0,,,1.0
BGD,Chattogram/Sylhet,6495626,Population using an improved water source,94.5,1,BD,Bangladesh,2004,BD2004DHS,WS_SRCE_P_IMP,250162010,I,360002,1360020,Region,Chattogram/Sylhet,0,,0,1,WSSRCEPIMP,BDDHS2004360002,2004,DHS,13982.0,16516.0,,,
BGD,Chattogram,1097579,Population using an improved water source,96.8,1,BD,Bangladesh,2004,BD2004DHS,WS_SRCE_P_IMP,250162010,I,360003,1360030,Region,..Chattogram,0,,0,1,WSSRCEPIMP,BDDHS2004360003,2004,DHS,10172.0,10321.0,,,1.0
BGD,Sylhet,7296324,Population using an improved water source,88.3,1,BD,Bangladesh,2004,BD2004DHS,WS_SRCE_P_IMP,250162010,I,360004,1360040,Region,..Sylhet,0,,0,1,WSSRCEPIMP,BDDHS2004360004,2004,DHS,3809.0,6195.0,,,1.0
BGD,Dhaka before 2015,5105395,Population using an improved water source,99.5,1,BD,Bangladesh,2004,BD2004DHS,WS_SRCE_P_IMP,250162010,I,360005,1360050,Region,Dhaka before 2015,0,,0,1,WSSRCEPIMP,BDDHS2004360005,2004,DHS,16223.0,11842.0,,,1.0
BGD,Khulna,3853875,Population using an improved water source,92.6,1,BD,Bangladesh,2004,BD2004DHS,WS_SRCE_P_IMP,250162010,I,360006,1360060,Region,Khulna,0,,0,1,WSSRCEPIMP,BDDHS2004360006,2004,DHS,6103.0,7477.0,,,1.0
BGD,Rajshahi/Rangpur,574777,Population using an improved water source,99.1,1,BD,Bangladesh,2004,BD2004DHS,WS_SRCE_P_IMP,250162010,I,360007,1360070,Region,Rajshahi/Rangpur,0,,0,1,WSSRCEPIMP,BDDHS2004360007,2004,DHS,12532.0,10787.0,,,1.0
BGD,Barishal,7046205,Population with an improved sanitation facility,21.4,1,BD,Bangladesh,2004,BD2004DHS,WS_TLET_P_IMP,250262010,I,360001,1360010,Region,Barishal,0,,0,1,WSTLETPIMP,BDDHS2004360001,2004,DHS,3289.0,6280.0,,,1.0
BGD,Chattogram/Sylhet,2611085,Population with an improved sanitation facility,27.3,1,BD,Bangladesh,2004,BD2004DHS,WS_TLET_P_IMP,250262010,I,360002,1360020,Region,Chattogram/Sylhet,0,,0,1,WSTLETPIMP,BDDHS2004360002,2004,DHS,13982.0,16516.0,,,
BGD,Chattogram,6731835,Population with an improved sanitation facility,24.5,1,BD,Bangladesh,2004,BD2004DHS,WS_TLET_P_IMP,250262010,I,360003,1360030,Region,..Chattogram,0,,0,1,WSTLETPIMP,BDDHS2004360003,2004,DHS,10172.0,10321.0,,,1.0
BGD,Sylhet,3361740,Population with an improved sanitation facility,34.8,1,BD,Bangladesh,2004,BD2004DHS,WS_TLET_P_IMP,250262010,I,360004,1360040,Region,..Sylhet,0,,0,1,WSTLETPIMP,BDDHS2004360004,2004,DHS,3809.0,6195.0,,,1.0
BGD,Dhaka before 2015,5606163,Population with an improved sanitation facility,25.0,1,BD,Bangladesh,2004,BD2004DHS,WS_TLET_P_IMP,250262010,I,360005,1360050,Region,Dhaka before 2015,0,,0,1,WSTLETPIMP,BDDHS2004360005,2004,DHS,16223.0,11842.0,,,1.0
BGD,Khulna,5486843,Population with an improved sanitation facility,31.0,1,BD,Bangladesh,2004,BD2004DHS,WS_TLET_P_IMP,250262010,I,360006,1360060,Region,Khulna,0,,0,1,WSTLETPIMP,BDDHS2004360006,2004,DHS,6103.0,7477.0,,,1.0
BGD,Rajshahi/Rangpur,574785,Population with an improved sanitation facility,17.7,1,BD,Bangladesh,2004,BD2004DHS,WS_TLET_P_IMP,250262010,I,360007,1360070,Region,Rajshahi/Rangpur,0,,0,1,WSTLETPIMP,BDDHS2004360007,2004,DHS,12532.0,10787.0,,,1.0
BGD,Barishal,3693395,Households using solid fuel for cooking ,97.4,1,BD,Bangladesh,2004,BD2004DHS,HC_CKFL_H_SLD,260431140,I,360001,1360010,Region,Barishal,0,,0,1,HCCKFLHSLD,BDDHS2004360001,2004,DHS,634.0,1229.0,,,1.0
BGD,Chattogram/Sylhet,4724018,Households using solid fuel for cooking ,89.9,1,BD,Bangladesh,2004,BD2004DHS,HC_CKFL_H_SLD,260431140,I,360002,1360020,Region,Chattogram/Sylhet,0,,0,1,HCCKFLHSLD,BDDHS2004360002,2004,DHS,2452.0,2869.0,,,
BGD,Chattogram,4829432,Households using solid fuel for cooking ,88.8,1,BD,Bangladesh,2004,BD2004DHS,HC_CKFL_H_SLD,260431140,I,360003,1360030,Region,..Chattogram,0,,0,1,HCCKFLHSLD,BDDHS2004360003,2004,DHS,1821.0,1856.0,,,1.0
BGD,Sylhet,5861284,Households using solid fuel for cooking ,93.2,1,BD,Bangladesh,2004,BD2004DHS,HC_CKFL_H_SLD,260431140,I,360004,1360040,Region,..Sylhet,0,,0,1,HCCKFLHSLD,BDDHS2004360004,2004,DHS,631.0,1013.0,,,1.0
BGD,Dhaka before 2015,5685527,Households using solid fuel for cooking ,84.3,1,BD,Bangladesh,2004,BD2004DHS,HC_CKFL_H_SLD,260431140,I,360005,1360050,Region,Dhaka before 2015,0,,0,1,HCCKFLHSLD,BDDHS2004360005,2004,DHS,3370.0,2466.0,,,1.0
BGD,Khulna,3650117,Households using solid fuel for cooking ,97.1,1,BD,Bangladesh,2004,BD2004DHS,HC_CKFL_H_SLD,260431140,I,360006,1360060,Region,Khulna,0,,0,1,HCCKFLHSLD,BDDHS2004360006,2004,DHS,1290.0,1577.0,,,1.0
BGD,Rajshahi/Rangpur,1089067,Households using solid fuel for cooking ,99.1,1,BD,Bangladesh,2004,BD2004DHS,HC_CKFL_H_SLD,260431140,I,360007,1360070,Region,Rajshahi/Rangpur,0,,0,1,HCCKFLHSLD,BDDHS2004360007,2004,DHS,2754.0,2359.0,,,1.0
BGD,Barishal,1817086,Age specific fertility rate: 15-19,132.0,0,BD,Bangladesh,2007,BD2007DHS,FE_FRTR_W_A15,11763010,I,360001,1360010,Region,Barishal,0,,0,1,FEFRTRWA15,BDDHS2007360001,2007,DHS,,,,,1.0
BGD,Chattogram/Sylhet,1817097,Age specific fertility rate: 15-19,120.0,0,BD,Bangladesh,2007,BD2007DHS,FE_FRTR_W_A15,11763010,I,360002,1360020,Region,Chattogram/Sylhet,0,,0,1,FEFRTRWA15,BDDHS2007360002,2007,DHS,,,,,
BGD,Chattogram,1817070,Age specific fertility rate: 15-19,125.0,0,BD,Bangladesh,2007,BD2007DHS,FE_FRTR_W_A15,11763010,I,360003,1360030,Region,..Chattogram,0,,0,1,FEFRTRWA15,BDDHS2007360003,2007,DHS,,,,,1.0
BGD,Sylhet,7874115,Age specific fertility rate: 15-19,109.0,0,BD,Bangladesh,2007,BD2007DHS,FE_FRTR_W_A15,11763010,I,360004,1360040,Region,..Sylhet,0,,0,1,FEFRTRWA15,BDDHS2007360004,2007,DHS,,,,,1.0
BGD,Dhaka before 2015,1810663,Age specific fertility rate: 15-19,125.0,0,BD,Bangladesh,2007,BD2007DHS,FE_FRTR_W_A15,11763010,I,360005,1360050,Region,Dhaka before 2015,0,,0,1,FEFRTRWA15,BDDHS2007360005,2007,DHS,,,,,1.0
BGD,Khulna,1796765,Age specific fertility rate: 15-19,122.0,0,BD,Bangladesh,2007,BD2007DHS,FE_FRTR_W_A15,11763010,I,360006,1360060,Region,Khulna,0,,0,1,FEFRTRWA15,BDDHS2007360006,2007,DHS,,,,,1.0
BGD,Rajshahi/Rangpur,1810681,Age specific fertility rate: 15-19,136.0,0,BD,Bangladesh,2007,BD2007DHS,FE_FRTR_W_A15,11763010,I,360007,1360070,Region,Rajshahi/Rangpur,0,,0,1,FEFRTRWA15,BDDHS2007360007,2007,DHS,,,,,1.0
BGD,Barishal,3027800,Married women currently using any method of contraception,56.3,1,BD,Bangladesh,2007,BD2007DHS,FP_CUSM_W_ANY,32633010,I,360001,1360010,Region,Barishal,0,,0,1,FPCUSMWANY,BDDHS2007360001,2007,DHS,626.0,1357.0,,,1.0
BGD,Chattogram/Sylhet,6457861,Married women currently using any method of contraception,40.8,1,BD,Bangladesh,2007,BD2007DHS,FP_CUSM_W_ANY,32633010,I,360002,1360020,Region,Chattogram/Sylhet,0,,0,1,FPCUSMWANY,BDDHS2007360002,2007,DHS,2512.0,3124.0,,,
BGD,Chattogram,2916713,Married women currently using any method of contraception,43.9,1,BD,Bangladesh,2007,BD2007DHS,FP_CUSM_W_ANY,32633010,I,360003,1360030,Region,..Chattogram,0,,0,1,FPCUSMWANY,BDDHS2007360003,2007,DHS,1877.0,1804.0,,,1.0
BGD,Sylhet,7871326,Married women currently using any method of contraception,31.5,1,BD,Bangladesh,2007,BD2007DHS,FP_CUSM_W_ANY,32633010,I,360004,1360040,Region,..Sylhet,0,,0,1,FPCUSMWANY,BDDHS2007360004,2007,DHS,635.0,1320.0,,,1.0
BGD,Dhaka before 2015,813450,Married women currently using any method of contraception,56.4,1,BD,Bangladesh,2007,BD2007DHS,FP_CUSM_W_ANY,32633010,I,360005,1360050,Region,Dhaka before 2015,0,,0,1,FPCUSMWANY,BDDHS2007360005,2007,DHS,3189.0,2174.0,,,1.0
BGD,Khulna,4257926,Married women currently using any method of contraception,63.1,1,BD,Bangladesh,2007,BD2007DHS,FP_CUSM_W_ANY,32633010,I,360006,1360060,Region,Khulna,0,,0,1,FPCUSMWANY,BDDHS2007360006,2007,DHS,1281.0,1564.0,,,1.0
BGD,Rajshahi/Rangpur,6517864,Married women currently using any method of contraception,65.9,1,BD,Bangladesh,2007,BD2007DHS,FP_CUSM_W_ANY,32633010,I,360007,1360070,Region,Rajshahi/Rangpur,0,,0,1,FPCUSMWANY,BDDHS2007360007,2007,DHS,2584.0,1927.0,,,1.0
BGD,Barishal,5179446,Unmet need for family planning,19.6,1,BD,Bangladesh,2007,BD2007DHS,FP_NADM_W_UNT,32933030,I,360001,1360010,Region,Barishal,0,,0,1,FPNADMWUNT,BDDHS2007360001,2007,DHS,626.0,1357.0,,,1.0
BGD,Chattogram/Sylhet,6175333,Unmet need for family planning,23.5,1,BD,Bangladesh,2007,BD2007DHS,FP_NADM_W_UNT,32933030,I,360002,1360020,Region,Chattogram/Sylhet,0,,0,1,FPNADMWUNT,BDDHS2007360002,2007,DHS,2512.0,3124.0,,,
BGD,Chattogram,1556676,Unmet need for family planning,22.9,1,BD,Bangladesh,2007,BD2007DHS,FP_NADM_W_UNT,32933030,I,360003,1360030,Region,..Chattogram,0,,0,1,FPNADMWUNT,BDDHS2007360003,2007,DHS,1877.0,1804.0,,,1.0
BGD,Sylhet,7848716,Unmet need for family planning,25.4,1,BD,Bangladesh,2007,BD2007DHS,FP_NADM_W_UNT,32933030,I,360004,1360040,Region,..Sylhet,0,,0,1,FPNADMWUNT,BDDHS2007360004,2007,DHS,635.0,1320.0,,,1.0
BGD,Dhaka before 2015,1533043,Unmet need for family planning,17.0,1,BD,Bangladesh,2007,BD2007DHS,FP_NADM_W_UNT,32933030,I,360005,1360050,Region,Dhaka before 2015,0,,0,1,FPNADMWUNT,BDDHS2007360005,2007,DHS,3189.0,2174.0,,,1.0
BGD,Khulna,5003657,Unmet need for family planning,11.6,1,BD,Bangladesh,2007,BD2007DHS,FP_NADM_W_UNT,32933030,I,360006,1360060,Region,Khulna,0,,0,1,FPNADMWUNT,BDDHS2007360006,2007,DHS,1281.0,1564.0,,,1.0
BGD,Rajshahi/Rangpur,3582891,Unmet need for family planning,11.9,1,BD,Bangladesh,2007,BD2007DHS,FP_NADM_W_UNT,32933030,I,360007,1360070,Region,Rajshahi/Rangpur,0,,0,1,FPNADMWUNT,BDDHS2007360007,2007,DHS,2584.0,1927.0,,,1.0
BGD,Barishal,7930660,Neonatal mortality rate,31.0,0,BD,Bangladesh,2007,BD2007DHS,CM_ECMR_C_NNR,63206010,I,360001,1360010,Region,Barishal,14003,Ten years preceding the survey,0,1,CMECMRCNNR,BDDHS2007360001,2007,DHS,,,23.0,39.0,1.0
BGD,Chattogram/Sylhet,7700627,Neonatal mortality rate,40.0,0,BD,Bangladesh,2007,BD2007DHS,CM_ECMR_C_NNR,63206010,I,360002,1360020,Region,Chattogram/Sylhet,14003,Ten years preceding the survey,0,1,CMECMRCNNR,BDDHS2007360002,2007,DHS,,,30.0,49.0,
BGD,Chattogram,7639300,Neonatal mortality rate,34.0,0,BD,Bangladesh,2007,BD2007DHS,CM_ECMR_C_NNR,63206010,I,360003,1360030,Region,..Chattogram,14003,Ten years preceding the survey,0,1,CMECMRCNNR,BDDHS2007360003,2007,DHS,,,22.0,46.0,1.0
BGD,Sylhet,337029,Neonatal mortality rate,53.0,0,BD,Bangladesh,2007,BD2007DHS,CM_ECMR_C_NNR,63206010,I,360004,1360040,Region,..Sylhet,14003,Ten years preceding the survey,0,1,CMECMRCNNR,BDDHS2007360004,2007,DHS,,,38.0,68.0,1.0
BGD,Dhaka before 2015,7866632,Neonatal mortality rate,38.0,0,BD,Bangladesh,2007,BD2007DHS,CM_ECMR_C_NNR,63206010,I,360005,1360050,Region,Dhaka before 2015,14003,Ten years preceding the survey,0,1,CMECMRCNNR,BDDHS2007360005,2007,DHS,,,30.0,46.0,1.0
BGD,Khulna,1728607,Neonatal mortality rate,32.0,0,BD,Bangladesh,2007,BD2007DHS,CM_ECMR_C_NNR,63206010,I,360006,1360060,Region,Khulna,14003,Ten years preceding the survey,0,1,CMECMRCNNR,BDDHS2007360006,2007,DHS,,,21.0,44.0,1.0
BGD,Rajshahi/Rangpur,7811774,Neonatal mortality rate,46.0,0,BD,Bangladesh,2007,BD2007DHS,CM_ECMR_C_NNR,63206010,I,360007,1360070,Region,Rajshahi/Rangpur,14003,Ten years preceding the survey,0,1,CMECMRCNNR,BDDHS2007360007,2007,DHS,,,32.0,60.0,1.0
BGD,Barishal,7896289,Postneonatal mortality rate,19.0,0,BD,Bangladesh,2007,BD2007DHS,CM_ECMR_C_PNR,63206020,I,360001,1360010,Region,Barishal,14003,Ten years preceding the survey,0,1,CMECMRCPNR,BDDHS2007360001,2007,DHS,,,13.0,24.0,1.0
BGD,Chattogram/Sylhet,7544086,Postneonatal mortality rate,23.0,0,BD,Bangladesh,2007,BD2007DHS,CM_ECMR_C_PNR,63206020,I,360002,1360020,Region,Chattogram/Sylhet,14003,Ten years preceding the survey,0,1,CMECMRCPNR,BDDHS2007360002,2007,DHS,,,18.0,28.0,
BGD,Chattogram,7718093,Postneonatal mortality rate,20.0,0,BD,Bangladesh,2007,BD2007DHS,CM_ECMR_C_PNR,63206020,I,360003,1360030,Region,..Chattogram,14003,Ten years preceding the survey,0,1,CMECMRCPNR,BDDHS2007360003,2007,DHS,,,13.0,26.0,1.0
BGD,Sylhet,7468538,Postneonatal mortality rate,31.0,0,BD,Bangladesh,2007,BD2007DHS,CM_ECMR_C_PNR,63206020,I,360004,1360040,Region,..Sylhet,14003,Ten years preceding the survey,0,1,CMECMRCPNR,BDDHS2007360004,2007,DHS,,,22.0,40.0,1.0
BGD,Dhaka before 2015,7865444,Postneonatal mortality rate,18.0,0,BD,Bangladesh,2007,BD2007DHS,CM_ECMR_C_PNR,63206020,I,360005,1360050,Region,Dhaka before 2015,14003,Ten years preceding the survey,0,1,CMECMRCPNR,BDDHS2007360005,2007,DHS,,,10.0,25.0,1.0
BGD,Khulna,7785316,Postneonatal mortality rate,16.0,0,BD,Bangladesh,2007,BD2007DHS,CM_ECMR_C_PNR,63206020,I,360006,1360060,Region,Khulna,14003,Ten years preceding the survey,0,1,CMECMRCPNR,BDDHS2007360006,2007,DHS,,,10.0,23.0,1.0
BGD,Rajshahi/Rangpur,1734882,Postneonatal mortality rate,12.0,0,BD,Bangladesh,2007,BD2007DHS,CM_ECMR_C_PNR,63206020,I,360007,1360070,Region,Rajshahi/Rangpur,14003,Ten years preceding the survey,0,1,CMECMRCPNR,BDDHS2007360007,2007,DHS,,,7.0,16.0,1.0
BGD,Barishal,7718444,Infant mortality rate,50.0,0,BD,Bangladesh,2007,BD2007DHS,CM_ECMR_C_IMR,63206030,I,360001,1360010,Region,Barishal,14003,Ten years preceding the survey,0,1,CMECMRCIMR,BDDHS2007360001,2007,DHS,,,40.0,59.0,1.0
BGD,Chattogram/Sylhet,1739947,Infant mortality rate,63.0,0,BD,Bangladesh,2007,BD2007DHS,CM_ECMR_C_IMR,63206030,I,360002,1360020,Region,Chattogram/Sylhet,14003,Ten years preceding the survey,0,1,CMECMRCIMR,BDDHS2007360002,2007,DHS,,,52.0,74.0,
BGD,Chattogram,7904063,Infant mortality rate,54.0,0,BD,Bangladesh,2007,BD2007DHS,CM_ECMR_C_IMR,63206030,I,360003,1360030,Region,..Chattogram,14003,Ten years preceding the survey,0,1,CMECMRCIMR,BDDHS2007360003,2007,DHS,,,41.0,66.0,1.0
BGD,Sylhet,7571050,Infant mortality rate,84.0,0,BD,Bangladesh,2007,BD2007DHS,CM_ECMR_C_IMR,63206030,I,360004,1360040,Region,..Sylhet,14003,Ten years preceding the survey,0,1,CMECMRCIMR,BDDHS2007360004,2007,DHS,,,64.0,104.0,1.0
BGD,Dhaka before 2015,1734850,Infant mortality rate,55.0,0,BD,Bangladesh,2007,BD2007DHS,CM_ECMR_C_IMR,63206030,I,360005,1360050,Region,Dhaka before 2015,14003,Ten years preceding the survey,0,1,CMECMRCIMR,BDDHS2007360005,2007,DHS,,,44.0,67.0,1.0
BGD,Khulna,1728598,Infant mortality rate,49.0,0,BD,Bangladesh,2007,BD2007DHS,CM_ECMR_C_IMR,63206030,I,360006,1360060,Region,Khulna,14003,Ten years preceding the survey,0,1,CMECMRCIMR,BDDHS2007360006,2007,DHS,,,35.0,62.0,1.0
BGD,Rajshahi/Rangpur,7477538,Infant mortality rate,58.0,0,BD,Bangladesh,2007,BD2007DHS,CM_ECMR_C_IMR,63206030,I,360007,1360070,Region,Rajshahi/Rangpur,14003,Ten years preceding the survey,0,1,CMECMRCIMR,BDDHS2007360007,2007,DHS,,,43.0,73.0,1.0
BGD,Barishal,7598567,Child mortality rate,23.0,0,BD,Bangladesh,2007,BD2007DHS,CM_ECMR_C_CMR,63206040,I,360001,1360010,Region,Barishal,14003,Ten years preceding the survey,0,1,CMECMRCCMR,BDDHS2007360001,2007,DHS,,,15.0,30.0,1.0
BGD,Chattogram/Sylhet,7471100,Child mortality rate,27.0,0,BD,Bangladesh,2007,BD2007DHS,CM_ECMR_C_CMR,63206040,I,360002,1360020,Region,Chattogram/Sylhet,14003,Ten years preceding the survey,0,1,CMECMRCCMR,BDDHS2007360002,2007,DHS,,,20.0,33.0,
BGD,Chattogram,7527367,Child mortality rate,27.0,0,BD,Bangladesh,2007,BD2007DHS,CM_ECMR_C_CMR,63206040,I,360003,1360030,Region,..Chattogram,14003,Ten years preceding the survey,0,1,CMECMRCCMR,BDDHS2007360003,2007,DHS,,,19.0,35.0,1.0
BGD,Sylhet,7710926,Child mortality rate,25.0,0,BD,Bangladesh,2007,BD2007DHS,CM_ECMR_C_CMR,63206040,I,360004,1360040,Region,..Sylhet,14003,Ten years preceding the survey,0,1,CMECMRCCMR,BDDHS2007360004,2007,DHS,,,16.0,35.0,1.0
BGD,Dhaka before 2015,7929635,Child mortality rate,14.0,0,BD,Bangladesh,2007,BD2007DHS,CM_ECMR_C_CMR,63206040,I,360005,1360050,Region,Dhaka before 2015,14003,Ten years preceding the survey,0,1,CMECMRCCMR,BDDHS2007360005,2007,DHS,,,9.0,19.0,1.0
BGD,Khulna,7870792,Child mortality rate,10.0,0,BD,Bangladesh,2007,BD2007DHS,CM_ECMR_C_CMR,63206040,I,360006,1360060,Region,Khulna,14003,Ten years preceding the survey,0,1,CMECMRCCMR,BDDHS2007360006,2007,DHS,,,4.0,16.0,1.0
BGD,Rajshahi/Rangpur,7771259,Child mortality rate,14.0,0,BD,Bangladesh,2007,BD2007DHS,CM_ECMR_C_CMR,63206040,I,360007,1360070,Region,Rajshahi/Rangpur,14003,Ten years preceding the survey,0,1,CMECMRCCMR,BDDHS2007360007,2007,DHS,,,9.0,19.0,1.0
BGD,Barishal,7525142,Under-five mortality rate,71.0,0,BD,Bangladesh,2007,BD2007DHS,CM_ECMR_C_U5M,63206050,I,360001,1360010,Region,Barishal,14003,Ten years preceding the survey,0,1,CMECMRCU5M,BDDHS2007360001,2007,DHS,,,60.0,83.0,1.0
BGD,Chattogram/Sylhet,7789814,Under-five mortality rate,88.0,0,BD,Bangladesh,2007,BD2007DHS,CM_ECMR_C_U5M,63206050,I,360002,1360020,Region,Chattogram/Sylhet,14003,Ten years preceding the survey,0,1,CMECMRCU5M,BDDHS2007360002,2007,DHS,,,76.0,100.0,
BGD,Chattogram,1739966,Under-five mortality rate,79.0,0,BD,Bangladesh,2007,BD2007DHS,CM_ECMR_C_U5M,63206050,I,360003,1360030,Region,..Chattogram,14003,Ten years preceding the survey,0,1,CMECMRCU5M,BDDHS2007360003,2007,DHS,,,65.0,94.0,1.0
BGD,Sylhet,7892163,Under-five mortality rate,107.0,0,BD,Bangladesh,2007,BD2007DHS,CM_ECMR_C_U5M,63206050,I,360004,1360040,Region,..Sylhet,14003,Ten years preceding the survey,0,1,CMECMRCU5M,BDDHS2007360004,2007,DHS,,,84.0,131.0,1.0
BGD,Dhaka before 2015,7757876,Under-five mortality rate,69.0,0,BD,Bangladesh,2007,BD2007DHS,CM_ECMR_C_U5M,63206050,I,360005,1360050,Region,Dhaka before 2015,14003,Ten years preceding the survey,0,1,CMECMRCU5M,BDDHS2007360005,2007,DHS,,,55.0,82.0,1.0
BGD,Khulna,1728631,Under-five mortality rate,58.0,0,BD,Bangladesh,2007,BD2007DHS,CM_ECMR_C_U5M,63206050,I,360006,1360060,Region,Khulna,14003,Ten years preceding the survey,0,1,CMECMRCU5M,BDDHS2007360006,2007,DHS,,,44.0,72.0,1.0
BGD,Rajshahi/Rangpur,1734877,Under-five mortality rate,71.0,0,BD,Bangladesh,2007,BD2007DHS,CM_ECMR_C_U5M,63206050,I,360007,1360070,Region,Rajshahi/Rangpur,14003,Ten years preceding the survey,0,1,CMECMRCU5M,BDDHS2007360007,2007,DHS,,,54.0,88.0,1.0
BGD,Barishal,5726313,Antenatal care from a skilled provider,45.2,1,BD,Bangladesh,2007,BD2007DHS,RH_ANCP_W_SKP,83363120,I,360001,1360010,Region,Barishal,14000,Three years preceding the survey,0,0,RHANCPWSKP,BDDHS2007360001,2007,DHS,205.0,422.0,,,1.0
BGD,Barishal,3046546,Antenatal care from a skilled provider,43.7,1,BD,Bangladesh,2007,BD2007DHS,RH_ANCP_W_SKP,83363120,I,360001,1360010,Region,Barishal,14001,Five years preceding the survey,0,0,RHANCPWSKP,BDDHS2007360001,2007,DHS,313.0,658.0,,,1.0
BGD,Barishal,2221719,Antenatal care from a skilled provider,47.1,1,BD,Bangladesh,2007,BD2007DHS,RH_ANCP_W_SKP,83363120,I,360001,1360010,Region,Barishal,14002,Two years preceding the survey,0,1,RHANCPWSKP,BDDHS2007360001,2007,DHS,132.0,271.0,,,1.0
BGD,Chattogram/Sylhet,4401712,Antenatal care from a skilled provider,52.3,1,BD,Bangladesh,2007,BD2007DHS,RH_ANCP_W_SKP,83363120,I,360002,1360020,Region,Chattogram/Sylhet,14000,Three years preceding the survey,0,0,RHANCPWSKP,BDDHS2007360002,2007,DHS,1008.0,1263.0,,,
BGD,Chattogram/Sylhet,7309957,Antenatal care from a skilled provider,50.9,1,BD,Bangladesh,2007,BD2007DHS,RH_ANCP_W_SKP,83363120,I,360002,1360020,Region,Chattogram/Sylhet,14001,Five years preceding the survey,0,0,RHANCPWSKP,BDDHS2007360002,2007,DHS,1415.0,1765.0,,,
BGD,Chattogram/Sylhet,5300786,Antenatal care from a skilled provider,51.0,1,BD,Bangladesh,2007,BD2007DHS,RH_ANCP_W_SKP,83363120,I,360002,1360020,Region,Chattogram/Sylhet,14002,Two years preceding the survey,0,1,RHANCPWSKP,BDDHS2007360002,2007,DHS,718.0,896.0,,,
BGD,Chattogram,6885989,Antenatal care from a skilled provider,53.3,1,BD,Bangladesh,2007,BD2007DHS,RH_ANCP_W_SKP,83363120,I,360003,1360030,Region,..Chattogram,14000,Three years preceding the survey,0,0,RHANCPWSKP,BDDHS2007360003,2007,DHS,731.0,699.0,,,1.0
BGD,Chattogram,3950826,Antenatal care from a skilled provider,52.4,1,BD,Bangladesh,2007,BD2007DHS,RH_ANCP_W_SKP,83363120,I,360003,1360030,Region,..Chattogram,14001,Five years preceding the survey,0,0,RHANCPWSKP,BDDHS2007360003,2007,DHS,1030.0,980.0,,,1.0
BGD,Chattogram,762674,Antenatal care from a skilled provider,51.3,1,BD,Bangladesh,2007,BD2007DHS,RH_ANCP_W_SKP,83363120,I,360003,1360030,Region,..Chattogram,14002,Two years preceding the survey,0,1,RHANCPWSKP,BDDHS2007360003,2007,DHS,526.0,498.0,,,1.0
BGD,Sylhet,2205304,Antenatal care from a skilled provider,49.5,1,BD,Bangladesh,2007,BD2007DHS,RH_ANCP_W_SKP,83363120,I,360004,1360040,Region,..Sylhet,14000,Three years preceding the survey,0,0,RHANCPWSKP,BDDHS2007360004,2007,DHS,277.0,564.0,,,1.0
BGD,Sylhet,6595746,Antenatal care from a skilled provider,46.9,1,BD,Bangladesh,2007,BD2007DHS,RH_ANCP_W_SKP,83363120,I,360004,1360040,Region,..Sylhet,14001,Five years preceding the survey,0,0,RHANCPWSKP,BDDHS2007360004,2007,DHS,384.0,785.0,,,1.0
BGD,Sylhet,4314767,Antenatal care from a skilled provider,50.2,1,BD,Bangladesh,2007,BD2007DHS,RH_ANCP_W_SKP,83363120,I,360004,1360040,Region,..Sylhet,14002,Two years preceding the survey,0,1,RHANCPWSKP,BDDHS2007360004,2007,DHS,193.0,398.0,,,1.0
BGD,Dhaka before 2015,5767681,Antenatal care from a skilled provider,50.6,1,BD,Bangladesh,2007,BD2007DHS,RH_ANCP_W_SKP,83363120,I,360005,1360050,Region,Dhaka before 2015,14000,Three years preceding the survey,0,0,RHANCPWSKP,BDDHS2007360005,2007,DHS,1066.0,728.0,,,1.0
BGD,Dhaka before 2015,4002845,Antenatal care from a skilled provider,48.2,1,BD,Bangladesh,2007,BD2007DHS,RH_ANCP_W_SKP,83363120,I,360005,1360050,Region,Dhaka before 2015,14001,Five years preceding the survey,0,0,RHANCPWSKP,BDDHS2007360005,2007,DHS,1556.0,1051.0,,,1.0
BGD,Dhaka before 2015,6625186,Antenatal care from a skilled provider,54.3,1,BD,Bangladesh,2007,BD2007DHS,RH_ANCP_W_SKP,83363120,I,360005,1360050,Region,Dhaka before 2015,14002,Two years preceding the survey,0,1,RHANCPWSKP,BDDHS2007360005,2007,DHS,729.0,498.0,,,1.0
BGD,Khulna,5977067,Antenatal care from a skilled provider,67.8,1,BD,Bangladesh,2007,BD2007DHS,RH_ANCP_W_SKP,83363120,I,360006,1360060,Region,Khulna,14000,Three years preceding the survey,0,0,RHANCPWSKP,BDDHS2007360006,2007,DHS,315.0,400.0,,,1.0
BGD,Khulna,514102,Antenatal care from a skilled provider,62.6,1,BD,Bangladesh,2007,BD2007DHS,RH_ANCP_W_SKP,83363120,I,360006,1360060,Region,Khulna,14001,Five years preceding the survey,0,0,RHANCPWSKP,BDDHS2007360006,2007,DHS,503.0,623.0,,,1.0
BGD,Khulna,4422254,Antenatal care from a skilled provider,68.9,1,BD,Bangladesh,2007,BD2007DHS,RH_ANCP_W_SKP,83363120,I,360006,1360060,Region,Khulna,14002,Two years preceding the survey,0,1,RHANCPWSKP,BDDHS2007360006,2007,DHS,193.0,256.0,,,1.0
BGD,Rajshahi/Rangpur,986340,Antenatal care from a skilled provider,55.0,1,BD,Bangladesh,2007,BD2007DHS,RH_ANCP_W_SKP,83363120,I,360007,1360070,Region,Rajshahi/Rangpur,14000,Three years preceding the survey,0,0,RHANCPWSKP,BDDHS2007360007,2007,DHS,759.0,570.0,,,1.0
BGD,Rajshahi/Rangpur,3612817,Antenatal care from a skilled provider,54.9,1,BD,Bangladesh,2007,BD2007DHS,RH_ANCP_W_SKP,83363120,I,360007,1360070,Region,Rajshahi/Rangpur,14001,Five years preceding the survey,0,0,RHANCPWSKP,BDDHS2007360007,2007,DHS,1118.0,829.0,,,1.0
BGD,Rajshahi/Rangpur,4935787,Antenatal care from a skilled provider,52.6,1,BD,Bangladesh,2007,BD2007DHS,RH_ANCP_W_SKP,83363120,I,360007,1360070,Region,Rajshahi/Rangpur,14002,Two years preceding the survey,0,1,RHANCPWSKP,BDDHS2007360007,2007,DHS,522.0,387.0,,,1.0
BGD,Barishal,6060547,Antenatal visits for pregnancy: 4+ visits,17.4,1,BD,Bangladesh,2007,BD2007DHS,RH_ANCN_W_N4P,83403040,I,360001,1360010,Region,Barishal,14000,Three years preceding the survey,0,0,RHANCNWN4P,BDDHS2007360001,2007,DHS,205.0,422.0,,,1.0
BGD,Barishal,7043122,Antenatal visits for pregnancy: 4+ visits,16.5,1,BD,Bangladesh,2007,BD2007DHS,RH_ANCN_W_N4P,83403040,I,360001,1360010,Region,Barishal,14001,Five years preceding the survey,0,0,RHANCNWN4P,BDDHS2007360001,2007,DHS,313.0,658.0,,,1.0
BGD,Barishal,4516737,Antenatal visits for pregnancy: 4+ visits,16.1,1,BD,Bangladesh,2007,BD2007DHS,RH_ANCN_W_N4P,83403040,I,360001,1360010,Region,Barishal,14002,Two years preceding the survey,0,1,RHANCNWN4P,BDDHS2007360001,2007,DHS,132.0,271.0,,,1.0
BGD,Chattogram/Sylhet,2962060,Antenatal visits for pregnancy: 4+ visits,18.4,1,BD,Bangladesh,2007,BD2007DHS,RH_ANCN_W_N4P,83403040,I,360002,1360020,Region,Chattogram/Sylhet,14000,Three years preceding the survey,0,0,RHANCNWN4P,BDDHS2007360002,2007,DHS,1008.0,1263.0,,,
BGD,Chattogram/Sylhet,3383413,Antenatal visits for pregnancy: 4+ visits,17.8,1,BD,Bangladesh,2007,BD2007DHS,RH_ANCN_W_N4P,83403040,I,360002,1360020,Region,Chattogram/Sylhet,14001,Five years preceding the survey,0,0,RHANCNWN4P,BDDHS2007360002,2007,DHS,1415.0,1765.0,,,
BGD,Chattogram/Sylhet,4868701,Antenatal visits for pregnancy: 4+ visits,18.5,1,BD,Bangladesh,2007,BD2007DHS,RH_ANCN_W_N4P,83403040,I,360002,1360020,Region,Chattogram/Sylhet,14002,Two years preceding the survey,0,1,RHANCNWN4P,BDDHS2007360002,2007,DHS,718.0,896.0,,,
BGD,Chattogram,6337325,Antenatal visits for pregnancy: 4+ visits,20.3,1,BD,Bangladesh,2007,BD2007DHS,RH_ANCN_W_N4P,83403040,I,360003,1360030,Region,..Chattogram,14000,Three years preceding the survey,0,0,RHANCNWN4P,BDDHS2007360003,2007,DHS,731.0,699.0,,,1.0
BGD,Chattogram,4233463,Antenatal visits for pregnancy: 4+ visits,19.7,1,BD,Bangladesh,2007,BD2007DHS,RH_ANCN_W_N4P,83403040,I,360003,1360030,Region,..Chattogram,14001,Five years preceding the survey,0,0,RHANCNWN4P,BDDHS2007360003,2007,DHS,1030.0,980.0,,,1.0
BGD,Chattogram,5065500,Antenatal visits for pregnancy: 4+ visits,20.4,1,BD,Bangladesh,2007,BD2007DHS,RH_ANCN_W_N4P,83403040,I,360003,1360030,Region,..Chattogram,14002,Two years preceding the survey,0,1,RHANCNWN4P,BDDHS2007360003,2007,DHS,526.0,498.0,,,1.0
BGD,Sylhet,2205421,Antenatal visits for pregnancy: 4+ visits,13.4,1,BD,Bangladesh,2007,BD2007DHS,RH_ANCN_W_N4P,83403040,I,360004,1360040,Region,..Sylhet,14000,Three years preceding the survey,0,0,RHANCNWN4P,BDDHS2007360004,2007,DHS,277.0,564.0,,,1.0
BGD,Sylhet,7409983,Antenatal visits for pregnancy: 4+ visits,12.6,1,BD,Bangladesh,2007,BD2007DHS,RH_ANCN_W_N4P,83403040,I,360004,1360040,Region,..Sylhet,14001,Five years preceding the survey,0,0,RHANCNWN4P,BDDHS2007360004,2007,DHS,384.0,785.0,,,1.0
BGD,Sylhet,5262252,Antenatal visits for pregnancy: 4+ visits,13.6,1,BD,Bangladesh,2007,BD2007DHS,RH_ANCN_W_N4P,83403040,I,360004,1360040,Region,..Sylhet,14002,Two years preceding the survey,0,1,RHANCNWN4P,BDDHS2007360004,2007,DHS,193.0,398.0,,,1.0
BGD,Dhaka before 2015,6818250,Antenatal visits for pregnancy: 4+ visits,21.4,1,BD,Bangladesh,2007,BD2007DHS,RH_ANCN_W_N4P,83403040,I,360005,1360050,Region,Dhaka before 2015,14000,Three years preceding the survey,0,0,RHANCNWN4P,BDDHS2007360005,2007,DHS,1066.0,728.0,,,1.0
BGD,Dhaka before 2015,2685499,Antenatal visits for pregnancy: 4+ visits,19.7,1,BD,Bangladesh,2007,BD2007DHS,RH_ANCN_W_N4P,83403040,I,360005,1360050,Region,Dhaka before 2015,14001,Five years preceding the survey,0,0,RHANCNWN4P,BDDHS2007360005,2007,DHS,1556.0,1051.0,,,1.0
BGD,Dhaka before 2015,6353093,Antenatal visits for pregnancy: 4+ visits,23.1,1,BD,Bangladesh,2007,BD2007DHS,RH_ANCN_W_N4P,83403040,I,360005,1360050,Region,Dhaka before 2015,14002,Two years preceding the survey,0,1,RHANCNWN4P,BDDHS2007360005,2007,DHS,729.0,498.0,,,1.0
BGD,Khulna,3338459,Antenatal visits for pregnancy: 4+ visits,27.9,1,BD,Bangladesh,2007,BD2007DHS,RH_ANCN_W_N4P,83403040,I,360006,1360060,Region,Khulna,14000,Three years preceding the survey,0,0,RHANCNWN4P,BDDHS2007360006,2007,DHS,315.0,400.0,,,1.0
BGD,Khulna,76174,Antenatal visits for pregnancy: 4+ visits,25.1,1,BD,Bangladesh,2007,BD2007DHS,RH_ANCN_W_N4P,83403040,I,360006,1360060,Region,Khulna,14001,Five years preceding the survey,0,0,RHANCNWN4P,BDDHS2007360006,2007,DHS,503.0,623.0,,,1.0
BGD,Khulna,4395590,Antenatal visits for pregnancy: 4+ visits,29.6,1,BD,Bangladesh,2007,BD2007DHS,RH_ANCN_W_N4P,83403040,I,360006,1360060,Region,Khulna,14002,Two years preceding the survey,0,1,RHANCNWN4P,BDDHS2007360006,2007,DHS,193.0,256.0,,,1.0
BGD,Rajshahi/Rangpur,2210909,Antenatal visits for pregnancy: 4+ visits,26.7,1,BD,Bangladesh,2007,BD2007DHS,RH_ANCN_W_N4P,83403040,I,360007,1360070,Region,Rajshahi/Rangpur,14000,Three years preceding the survey,0,0,RHANCNWN4P,BDDHS2007360007,2007,DHS,759.0,570.0,,,1.0
BGD,Rajshahi/Rangpur,2210970,Antenatal visits for pregnancy: 4+ visits,24.7,1,BD,Bangladesh,2007,BD2007DHS,RH_ANCN_W_N4P,83403040,I,360007,1360070,Region,Rajshahi/Rangpur,14001,Five years preceding the survey,0,0,RHANCNWN4P,BDDHS2007360007,2007,DHS,1118.0,829.0,,,1.0
BGD,Rajshahi/Rangpur,6324663,Antenatal visits for pregnancy: 4+ visits,27.7,1,BD,Bangladesh,2007,BD2007DHS,RH_ANCN_W_N4P,83403040,I,360007,1360070,Region,Rajshahi/Rangpur,14002,Two years preceding the survey,0,1,RHANCNWN4P,BDDHS2007360007,2007,DHS,522.0,387.0,,,1.0
BGD,Barishal,5556334,Tetanus protection at birth,88.0,1,BD,Bangladesh,2007,BD2007DHS,RH_TTIJ_W_PRT,83533060,I,360001,1360010,Region,Barishal,14000,Three years preceding the survey,0,0,RHTTIJWPRT,BDDHS2007360001,2007,DHS,205.0,422.0,,,1.0
BGD,Barishal,4516727,Tetanus protection at birth,88.7,1,BD,Bangladesh,2007,BD2007DHS,RH_TTIJ_W_PRT,83533060,I,360001,1360010,Region,Barishal,14001,Five years preceding the survey,0,0,RHTTIJWPRT,BDDHS2007360001,2007,DHS,313.0,658.0,,,1.0
BGD,Barishal,5641870,Tetanus protection at birth,88.3,1,BD,Bangladesh,2007,BD2007DHS,RH_TTIJ_W_PRT,83533060,I,360001,1360010,Region,Barishal,14002,Two years preceding the survey,0,1,RHTTIJWPRT,BDDHS2007360001,2007,DHS,132.0,271.0,,,1.0
BGD,Chattogram/Sylhet,3383398,Tetanus protection at birth,84.1,1,BD,Bangladesh,2007,BD2007DHS,RH_TTIJ_W_PRT,83533060,I,360002,1360020,Region,Chattogram/Sylhet,14000,Three years preceding the survey,0,0,RHTTIJWPRT,BDDHS2007360002,2007,DHS,1008.0,1263.0,,,
BGD,Chattogram/Sylhet,4507158,Tetanus protection at birth,83.8,1,BD,Bangladesh,2007,BD2007DHS,RH_TTIJ_W_PRT,83533060,I,360002,1360020,Region,Chattogram/Sylhet,14001,Five years preceding the survey,0,0,RHTTIJWPRT,BDDHS2007360002,2007,DHS,1415.0,1765.0,,,
BGD,Chattogram/Sylhet,4706245,Tetanus protection at birth,83.0,1,BD,Bangladesh,2007,BD2007DHS,RH_TTIJ_W_PRT,83533060,I,360002,1360020,Region,Chattogram/Sylhet,14002,Two years preceding the survey,0,1,RHTTIJWPRT,BDDHS2007360002,2007,DHS,718.0,896.0,,,
BGD,Chattogram,2803670,Tetanus protection at birth,85.3,1,BD,Bangladesh,2007,BD2007DHS,RH_TTIJ_W_PRT,83533060,I,360003,1360030,Region,..Chattogram,14000,Three years preceding the survey,0,0,RHTTIJWPRT,BDDHS2007360003,2007,DHS,731.0,699.0,,,1.0
BGD,Chattogram,3872514,Tetanus protection at birth,85.3,1,BD,Bangladesh,2007,BD2007DHS,RH_TTIJ_W_PRT,83533060,I,360003,1360030,Region,..Chattogram,14001,Five years preceding the survey,0,0,RHTTIJWPRT,BDDHS2007360003,2007,DHS,1030.0,980.0,,,1.0
BGD,Chattogram,6468667,Tetanus protection at birth,84.1,1,BD,Bangladesh,2007,BD2007DHS,RH_TTIJ_W_PRT,83533060,I,360003,1360030,Region,..Chattogram,14002,Two years preceding the survey,0,1,RHTTIJWPRT,BDDHS2007360003,2007,DHS,526.0,498.0,,,1.0
BGD,Sylhet,6772226,Tetanus protection at birth,80.9,1,BD,Bangladesh,2007,BD2007DHS,RH_TTIJ_W_PRT,83533060,I,360004,1360040,Region,..Sylhet,14000,Three years preceding the survey,0,0,RHTTIJWPRT,BDDHS2007360004,2007,DHS,277.0,564.0,,,1.0
BGD,Sylhet,5262272,Tetanus protection at birth,79.9,1,BD,Bangladesh,2007,BD2007DHS,RH_TTIJ_W_PRT,83533060,I,360004,1360040,Region,..Sylhet,14001,Five years preceding the survey,0,0,RHTTIJWPRT,BDDHS2007360004,2007,DHS,384.0,785.0,,,1.0
BGD,Sylhet,2205697,Tetanus protection at birth,80.2,1,BD,Bangladesh,2007,BD2007DHS,RH_TTIJ_W_PRT,83533060,I,360004,1360040,Region,..Sylhet,14002,Two years preceding the survey,0,1,RHTTIJWPRT,BDDHS2007360004,2007,DHS,193.0,398.0,,,1.0
BGD,Dhaka before 2015,2685481,Tetanus protection at birth,90.0,1,BD,Bangladesh,2007,BD2007DHS,RH_TTIJ_W_PRT,83533060,I,360005,1360050,Region,Dhaka before 2015,14000,Three years preceding the survey,0,0,RHTTIJWPRT,BDDHS2007360005,2007,DHS,1066.0,728.0,,,1.0
BGD,Dhaka before 2015,7256981,Tetanus protection at birth,89.3,1,BD,Bangladesh,2007,BD2007DHS,RH_TTIJ_W_PRT,83533060,I,360005,1360050,Region,Dhaka before 2015,14001,Five years preceding the survey,0,0,RHTTIJWPRT,BDDHS2007360005,2007,DHS,1556.0,1051.0,,,1.0
BGD,Dhaka before 2015,5552053,Tetanus protection at birth,89.2,1,BD,Bangladesh,2007,BD2007DHS,RH_TTIJ_W_PRT,83533060,I,360005,1360050,Region,Dhaka before 2015,14002,Two years preceding the survey,0,1,RHTTIJWPRT,BDDHS2007360005,2007,DHS,729.0,498.0,,,1.0
BGD,Khulna,79086,Tetanus protection at birth,89.9,1,BD,Bangladesh,2007,BD2007DHS,RH_TTIJ_W_PRT,83533060,I,360006,1360060,Region,Khulna,14000,Three years preceding the survey,0,0,RHTTIJWPRT,BDDHS2007360006,2007,DHS,315.0,400.0,,,1.0
BGD,Khulna,2900642,Tetanus protection at birth,90.7,1,BD,Bangladesh,2007,BD2007DHS,RH_TTIJ_W_PRT,83533060,I,360006,1360060,Region,Khulna,14001,Five years preceding the survey,0,0,RHTTIJWPRT,BDDHS2007360006,2007,DHS,503.0,623.0,,,1.0
BGD,Khulna,3362979,Tetanus protection at birth,89.9,1,BD,Bangladesh,2007,BD2007DHS,RH_TTIJ_W_PRT,83533060,I,360006,1360060,Region,Khulna,14002,Two years preceding the survey,0,1,RHTTIJWPRT,BDDHS2007360006,2007,DHS,193.0,256.0,,,1.0
BGD,Rajshahi/Rangpur,2211134,Tetanus protection at birth,90.9,1,BD,Bangladesh,2007,BD2007DHS,RH_TTIJ_W_PRT,83533060,I,360007,1360070,Region,Rajshahi/Rangpur,14000,Three years preceding the survey,0,0,RHTTIJWPRT,BDDHS2007360007,2007,DHS,759.0,570.0,,,1.0
BGD,Rajshahi/Rangpur,6321378,Tetanus protection at birth,90.2,1,BD,Bangladesh,2007,BD2007DHS,RH_TTIJ_W_PRT,83533060,I,360007,1360070,Region,Rajshahi/Rangpur,14001,Five years preceding the survey,0,0,RHTTIJWPRT,BDDHS2007360007,2007,DHS,1118.0,829.0,,,1.0
BGD,Rajshahi/Rangpur,5845106,Tetanus protection at birth,90.7,1,BD,Bangladesh,2007,BD2007DHS,RH_TTIJ_W_PRT,83533060,I,360007,1360070,Region,Rajshahi/Rangpur,14002,Two years preceding the survey,0,1,RHTTIJWPRT,BDDHS2007360007,2007,DHS,522.0,387.0,,,1.0
BGD,Barishal,4593564,Place of delivery: Health facility,11.0,1,BD,Bangladesh,2007,BD2007DHS,RH_DELP_C_DHF,83566070,I,360001,1360010,Region,Barishal,14000,Three years preceding the survey,0,0,RHDELPCDHF,BDDHS2007360001,2007,DHS,219.0,448.0,,,1.0
BGD,Barishal,7149861,Place of delivery: Health facility,9.5,1,BD,Bangladesh,2007,BD2007DHS,RH_DELP_C_DHF,83566070,I,360001,1360010,Region,Barishal,14001,Five years preceding the survey,0,0,RHDELPCDHF,BDDHS2007360001,2007,DHS,383.0,791.0,,,1.0
BGD,Barishal,5165797,Place of delivery: Health facility,11.0,1,BD,Bangladesh,2007,BD2007DHS,RH_DELP_C_DHF,83566070,I,360001,1360010,Region,Barishal,14002,Two years preceding the survey,0,1,RHDELPCDHF,BDDHS2007360001,2007,DHS,137.0,279.0,,,1.0
BGD,Chattogram/Sylhet,334860,Place of delivery: Health facility,14.3,1,BD,Bangladesh,2007,BD2007DHS,RH_DELP_C_DHF,83566070,I,360002,1360020,Region,Chattogram/Sylhet,14000,Three years preceding the survey,0,0,RHDELPCDHF,BDDHS2007360002,2007,DHS,1117.0,1412.0,,,
BGD,Chattogram/Sylhet,4610102,Place of delivery: Health facility,12.0,1,BD,Bangladesh,2007,BD2007DHS,RH_DELP_C_DHF,83566070,I,360002,1360020,Region,Chattogram/Sylhet,14001,Five years preceding the survey,0,0,RHDELPCDHF,BDDHS2007360002,2007,DHS,1884.0,2393.0,,,
BGD,Chattogram/Sylhet,6249939,Place of delivery: Health facility,15.5,1,BD,Bangladesh,2007,BD2007DHS,RH_DELP_C_DHF,83566070,I,360002,1360020,Region,Chattogram/Sylhet,14002,Two years preceding the survey,0,1,RHDELPCDHF,BDDHS2007360002,2007,DHS,744.0,935.0,,,
BGD,Chattogram,2222001,Place of delivery: Health facility,15.6,1,BD,Bangladesh,2007,BD2007DHS,RH_DELP_C_DHF,83566070,I,360003,1360030,Region,..Chattogram,14000,Three years preceding the survey,0,0,RHDELPCDHF,BDDHS2007360003,2007,DHS,798.0,762.0,,,1.0
BGD,Chattogram,6714372,Place of delivery: Health facility,13.6,1,BD,Bangladesh,2007,BD2007DHS,RH_DELP_C_DHF,83566070,I,360003,1360030,Region,..Chattogram,14001,Five years preceding the survey,0,0,RHDELPCDHF,BDDHS2007360003,2007,DHS,1337.0,1275.0,,,1.0
BGD,Chattogram,3932573,Place of delivery: Health facility,16.3,1,BD,Bangladesh,2007,BD2007DHS,RH_DELP_C_DHF,83566070,I,360003,1360030,Region,..Chattogram,14002,Two years preceding the survey,0,1,RHDELPCDHF,BDDHS2007360003,2007,DHS,543.0,517.0,,,1.0
BGD,Sylhet,5429660,Place of delivery: Health facility,11.0,1,BD,Bangladesh,2007,BD2007DHS,RH_DELP_C_DHF,83566070,I,360004,1360040,Region,..Sylhet,14000,Three years preceding the survey,0,0,RHDELPCDHF,BDDHS2007360004,2007,DHS,319.0,650.0,,,1.0
BGD,Sylhet,2205751,Place of delivery: Health facility,8.2,1,BD,Bangladesh,2007,BD2007DHS,RH_DELP_C_DHF,83566070,I,360004,1360040,Region,..Sylhet,14001,Five years preceding the survey,0,0,RHDELPCDHF,BDDHS2007360004,2007,DHS,547.0,1118.0,,,1.0
BGD,Sylhet,3480156,Place of delivery: Health facility,13.3,1,BD,Bangladesh,2007,BD2007DHS,RH_DELP_C_DHF,83566070,I,360004,1360040,Region,..Sylhet,14002,Two years preceding the survey,0,1,RHDELPCDHF,BDDHS2007360004,2007,DHS,201.0,418.0,,,1.0
BGD,Dhaka before 2015,6035457,Place of delivery: Health facility,19.7,1,BD,Bangladesh,2007,BD2007DHS,RH_DELP_C_DHF,83566070,I,360005,1360050,Region,Dhaka before 2015,14000,Three years preceding the survey,0,0,RHDELPCDHF,BDDHS2007360005,2007,DHS,1132.0,771.0,,,1.0
BGD,Dhaka before 2015,5550978,Place of delivery: Health facility,16.9,1,BD,Bangladesh,2007,BD2007DHS,RH_DELP_C_DHF,83566070,I,360005,1360050,Region,Dhaka before 2015,14001,Five years preceding the survey,0,0,RHDELPCDHF,BDDHS2007360005,2007,DHS,1908.0,1285.0,,,1.0
BGD,Dhaka before 2015,2634303,Place of delivery: Health facility,22.4,1,BD,Bangladesh,2007,BD2007DHS,RH_DELP_C_DHF,83566070,I,360005,1360050,Region,Dhaka before 2015,14002,Two years preceding the survey,0,1,RHDELPCDHF,BDDHS2007360005,2007,DHS,746.0,509.0,,,1.0
BGD,Khulna,2955663,Place of delivery: Health facility,27.3,1,BD,Bangladesh,2007,BD2007DHS,RH_DELP_C_DHF,83566070,I,360006,1360060,Region,Khulna,14000,Three years preceding the survey,0,0,RHDELPCDHF,BDDHS2007360006,2007,DHS,328.0,417.0,,,1.0
BGD,Khulna,742635,Place of delivery: Health facility,22.4,1,BD,Bangladesh,2007,BD2007DHS,RH_DELP_C_DHF,83566070,I,360006,1360060,Region,Khulna,14001,Five years preceding the survey,0,0,RHDELPCDHF,BDDHS2007360006,2007,DHS,578.0,714.0,,,1.0
BGD,Khulna,4487114,Place of delivery: Health facility,28.6,1,BD,Bangladesh,2007,BD2007DHS,RH_DELP_C_DHF,83566070,I,360006,1360060,Region,Khulna,14002,Two years preceding the survey,0,1,RHDELPCDHF,BDDHS2007360006,2007,DHS,194.0,258.0,,,1.0
BGD,Rajshahi/Rangpur,6600278,Place of delivery: Health facility,15.5,1,BD,Bangladesh,2007,BD2007DHS,RH_DELP_C_DHF,83566070,I,360007,1360070,Region,Rajshahi/Rangpur,14000,Three years preceding the survey,0,0,RHDELPCDHF,BDDHS2007360007,2007,DHS,792.0,595.0,,,1.0
BGD,Rajshahi/Rangpur,3058003,Place of delivery: Health facility,13.2,1,BD,Bangladesh,2007,BD2007DHS,RH_DELP_C_DHF,83566070,I,360007,1360070,Region,Rajshahi/Rangpur,14001,Five years preceding the survey,0,0,RHDELPCDHF,BDDHS2007360007,2007,DHS,1306.0,967.0,,,1.0
BGD,Rajshahi/Rangpur,2211200,Place of delivery: Health facility,17.3,1,BD,Bangladesh,2007,BD2007DHS,RH_DELP_C_DHF,83566070,I,360007,1360070,Region,Rajshahi/Rangpur,14002,Two years preceding the survey,0,1,RHDELPCDHF,BDDHS2007360007,2007,DHS,526.0,390.0,,,1.0
BGD,Barishal,4666768,Assistance during delivery from a skilled provider,15.0,1,BD,Bangladesh,2007,BD2007DHS,RH_DELA_C_SKP,83606110,I,360001,1360010,Region,Barishal,14000,Three years preceding the survey,0,0,RHDELACSKP,BDDHS2007360001,2007,DHS,219.0,448.0,,,1.0
BGD,Barishal,5666906,Assistance during delivery from a skilled provider,13.4,1,BD,Bangladesh,2007,BD2007DHS,RH_DELA_C_SKP,83606110,I,360001,1360010,Region,Barishal,14001,Five years preceding the survey,0,0,RHDELACSKP,BDDHS2007360001,2007,DHS,383.0,791.0,,,1.0
BGD,Barishal,7104471,Assistance during delivery from a skilled provider,14.7,1,BD,Bangladesh,2007,BD2007DHS,RH_DELA_C_SKP,83606110,I,360001,1360010,Region,Barishal,14002,Two years preceding the survey,0,1,RHDELACSKP,BDDHS2007360001,2007,DHS,137.0,279.0,,,1.0
BGD,Chattogram/Sylhet,4592487,Assistance during delivery from a skilled provider,18.9,1,BD,Bangladesh,2007,BD2007DHS,RH_DELA_C_SKP,83606110,I,360002,1360020,Region,Chattogram/Sylhet,14000,Three years preceding the survey,0,0,RHDELACSKP,BDDHS2007360002,2007,DHS,1117.0,1412.0,,,
BGD,Chattogram/Sylhet,6790624,Assistance during delivery from a skilled provider,16.3,1,BD,Bangladesh,2007,BD2007DHS,RH_DELA_C_SKP,83606110,I,360002,1360020,Region,Chattogram/Sylhet,14001,Five years preceding the survey,0,0,RHDELACSKP,BDDHS2007360002,2007,DHS,1884.0,2393.0,,,
BGD,Chattogram/Sylhet,6071125,Assistance during delivery from a skilled provider,20.5,1,BD,Bangladesh,2007,BD2007DHS,RH_DELA_C_SKP,83606110,I,360002,1360020,Region,Chattogram/Sylhet,14002,Two years preceding the survey,0,1,RHDELACSKP,BDDHS2007360002,2007,DHS,744.0,935.0,,,
BGD,Chattogram,4892341,Assistance during delivery from a skilled provider,21.1,1,BD,Bangladesh,2007,BD2007DHS,RH_DELA_C_SKP,83606110,I,360003,1360030,Region,..Chattogram,14000,Three years preceding the survey,0,0,RHDELACSKP,BDDHS2007360003,2007,DHS,798.0,762.0,,,1.0
BGD,Chattogram,6494267,Assistance during delivery from a skilled provider,18.5,1,BD,Bangladesh,2007,BD2007DHS,RH_DELA_C_SKP,83606110,I,360003,1360030,Region,..Chattogram,14001,Five years preceding the survey,0,0,RHDELACSKP,BDDHS2007360003,2007,DHS,1337.0,1275.0,,,1.0
BGD,Chattogram,3899781,Assistance during delivery from a skilled provider,22.1,1,BD,Bangladesh,2007,BD2007DHS,RH_DELA_C_SKP,83606110,I,360003,1360030,Region,..Chattogram,14002,Two years preceding the survey,0,1,RHDELACSKP,BDDHS2007360003,2007,DHS,543.0,517.0,,,1.0
BGD,Sylhet,5285052,Assistance during delivery from a skilled provider,13.2,1,BD,Bangladesh,2007,BD2007DHS,RH_DELA_C_SKP,83606110,I,360004,1360040,Region,..Sylhet,14000,Three years preceding the survey,0,0,RHDELACSKP,BDDHS2007360004,2007,DHS,319.0,650.0,,,1.0
BGD,Sylhet,3201217,Assistance during delivery from a skilled provider,10.9,1,BD,Bangladesh,2007,BD2007DHS,RH_DELA_C_SKP,83606110,I,360004,1360040,Region,..Sylhet,14001,Five years preceding the survey,0,0,RHDELACSKP,BDDHS2007360004,2007,DHS,547.0,1118.0,,,1.0
BGD,Sylhet,3708698,Assistance during delivery from a skilled provider,16.1,1,BD,Bangladesh,2007,BD2007DHS,RH_DELA_C_SKP,83606110,I,360004,1360040,Region,..Sylhet,14002,Two years preceding the survey,0,1,RHDELACSKP,BDDHS2007360004,2007,DHS,201.0,418.0,,,1.0
BGD,Dhaka before 2015,6118898,Assistance during delivery from a skilled provider,23.3,1,BD,Bangladesh,2007,BD2007DHS,RH_DELA_C_SKP,83606110,I,360005,1360050,Region,Dhaka before 2015,14000,Three years preceding the survey,0,0,RHDELACSKP,BDDHS2007360005,2007,DHS,1132.0,771.0,,,1.0
BGD,Dhaka before 2015,7042527,Assistance during delivery from a skilled provider,19.9,1,BD,Bangladesh,2007,BD2007DHS,RH_DELA_C_SKP,83606110,I,360005,1360050,Region,Dhaka before 2015,14001,Five years preceding the survey,0,0,RHDELACSKP,BDDHS2007360005,2007,DHS,1908.0,1285.0,,,1.0
BGD,Dhaka before 2015,3914102,Assistance during delivery from a skilled provider,25.9,1,BD,Bangladesh,2007,BD2007DHS,RH_DELA_C_SKP,83606110,I,360005,1360050,Region,Dhaka before 2015,14002,Two years preceding the survey,0,1,RHDELACSKP,BDDHS2007360005,2007,DHS,746.0,509.0,,,1.0
BGD,Khulna,657889,Assistance during delivery from a skilled provider,31.5,1,BD,Bangladesh,2007,BD2007DHS,RH_DELA_C_SKP,83606110,I,360006,1360060,Region,Khulna,14000,Three years preceding the survey,0,0,RHDELACSKP,BDDHS2007360006,2007,DHS,328.0,417.0,,,1.0
BGD,Khulna,767750,Assistance during delivery from a skilled provider,26.7,1,BD,Bangladesh,2007,BD2007DHS,RH_DELA_C_SKP,83606110,I,360006,1360060,Region,Khulna,14001,Five years preceding the survey,0,0,RHDELACSKP,BDDHS2007360006,2007,DHS,578.0,714.0,,,1.0
BGD,Khulna,4945304,Assistance during delivery from a skilled provider,35.0,1,BD,Bangladesh,2007,BD2007DHS,RH_DELA_C_SKP,83606110,I,360006,1360060,Region,Khulna,14002,Two years preceding the survey,0,1,RHDELACSKP,BDDHS2007360006,2007,DHS,194.0,258.0,,,1.0
BGD,Rajshahi/Rangpur,6375039,Assistance during delivery from a skilled provider,18.1,1,BD,Bangladesh,2007,BD2007DHS,RH_DELA_C_SKP,83606110,I,360007,1360070,Region,Rajshahi/Rangpur,14000,Three years preceding the survey,0,0,RHDELACSKP,BDDHS2007360007,2007,DHS,792.0,595.0,,,1.0
BGD,Rajshahi/Rangpur,4135299,Assistance during delivery from a skilled provider,15.4,1,BD,Bangladesh,2007,BD2007DHS,RH_DELA_C_SKP,83606110,I,360007,1360070,Region,Rajshahi/Rangpur,14001,Five years preceding the survey,0,0,RHDELACSKP,BDDHS2007360007,2007,DHS,1306.0,967.0,,,1.0
BGD,Rajshahi/Rangpur,328429,Assistance during delivery from a skilled provider,19.4,1,BD,Bangladesh,2007,BD2007DHS,RH_DELA_C_SKP,83606110,I,360007,1360070,Region,Rajshahi/Rangpur,14002,Two years preceding the survey,0,1,RHDELACSKP,BDDHS2007360007,2007,DHS,526.0,390.0,,,1.0
BGD,Barishal,4666769,Delivery by cesarean section,4.1,1,BD,Bangladesh,2007,BD2007DHS,RH_DELA_C_CSC,83606120,I,360001,1360010,Region,Barishal,14000,Three years preceding the survey,0,0,RHDELACCSC,BDDHS2007360001,2007,DHS,219.0,448.0,,,1.0
BGD,Barishal,5666907,Delivery by cesarean section,3.8,1,BD,Bangladesh,2007,BD2007DHS,RH_DELA_C_CSC,83606120,I,360001,1360010,Region,Barishal,14001,Five years preceding the survey,0,0,RHDELACCSC,BDDHS2007360001,2007,DHS,383.0,791.0,,,1.0
BGD,Barishal,7104472,Delivery by cesarean section,3.3,1,BD,Bangladesh,2007,BD2007DHS,RH_DELA_C_CSC,83606120,I,360001,1360010,Region,Barishal,14002,Two years preceding the survey,0,1,RHDELACCSC,BDDHS2007360001,2007,DHS,137.0,279.0,,,1.0
BGD,Chattogram/Sylhet,4592492,Delivery by cesarean section,6.9,1,BD,Bangladesh,2007,BD2007DHS,RH_DELA_C_CSC,83606120,I,360002,1360020,Region,Chattogram/Sylhet,14000,Three years preceding the survey,0,0,RHDELACCSC,BDDHS2007360002,2007,DHS,1117.0,1412.0,,,
BGD,Chattogram/Sylhet,6790625,Delivery by cesarean section,5.8,1,BD,Bangladesh,2007,BD2007DHS,RH_DELA_C_CSC,83606120,I,360002,1360020,Region,Chattogram/Sylhet,14001,Five years preceding the survey,0,0,RHDELACCSC,BDDHS2007360002,2007,DHS,1884.0,2393.0,,,
BGD,Chattogram/Sylhet,6071126,Delivery by cesarean section,7.4,1,BD,Bangladesh,2007,BD2007DHS,RH_DELA_C_CSC,83606120,I,360002,1360020,Region,Chattogram/Sylhet,14002,Two years preceding the survey,0,1,RHDELACCSC,BDDHS2007360002,2007,DHS,744.0,935.0,,,
BGD,Chattogram,4892342,Delivery by cesarean section,7.6,1,BD,Bangladesh,2007,BD2007DHS,RH_DELA_C_CSC,83606120,I,360003,1360030,Region,..Chattogram,14000,Three years preceding the survey,0,0,RHDELACCSC,BDDHS2007360003,2007,DHS,798.0,762.0,,,1.0
BGD,Chattogram,6494268,Delivery by cesarean section,6.5,1,BD,Bangladesh,2007,BD2007DHS,RH_DELA_C_CSC,83606120,I,360003,1360030,Region,..Chattogram,14001,Five years preceding the survey,0,0,RHDELACCSC,BDDHS2007360003,2007,DHS,1337.0,1275.0,,,1.0
BGD,Chattogram,3899786,Delivery by cesarean section,7.7,1,BD,Bangladesh,2007,BD2007DHS,RH_DELA_C_CSC,83606120,I,360003,1360030,Region,..Chattogram,14002,Two years preceding the survey,0,1,RHDELACCSC,BDDHS2007360003,2007,DHS,543.0,517.0,,,1.0
BGD,Sylhet,5285053,Delivery by cesarean section,5.4,1,BD,Bangladesh,2007,BD2007DHS,RH_DELA_C_CSC,83606120,I,360004,1360040,Region,..Sylhet,14000,Three years preceding the survey,0,0,RHDELACCSC,BDDHS2007360004,2007,DHS,319.0,650.0,,,1.0
BGD,Sylhet,3201218,Delivery by cesarean section,4.3,1,BD,Bangladesh,2007,BD2007DHS,RH_DELA_C_CSC,83606120,I,360004,1360040,Region,..Sylhet,14001,Five years preceding the survey,0,0,RHDELACCSC,BDDHS2007360004,2007,DHS,547.0,1118.0,,,1.0
BGD,Sylhet,3708699,Delivery by cesarean section,6.5,1,BD,Bangladesh,2007,BD2007DHS,RH_DELA_C_CSC,83606120,I,360004,1360040,Region,..Sylhet,14002,Two years preceding the survey,0,1,RHDELACCSC,BDDHS2007360004,2007,DHS,201.0,418.0,,,1.0
BGD,Dhaka before 2015,6118899,Delivery by cesarean section,11.9,1,BD,Bangladesh,2007,BD2007DHS,RH_DELA_C_CSC,83606120,I,360005,1360050,Region,Dhaka before 2015,14000,Three years preceding the survey,0,0,RHDELACCSC,BDDHS2007360005,2007,DHS,1132.0,771.0,,,1.0
BGD,Dhaka before 2015,7042528,Delivery by cesarean section,10.1,1,BD,Bangladesh,2007,BD2007DHS,RH_DELA_C_CSC,83606120,I,360005,1360050,Region,Dhaka before 2015,14001,Five years preceding the survey,0,0,RHDELACCSC,BDDHS2007360005,2007,DHS,1908.0,1285.0,,,1.0
BGD,Dhaka before 2015,3914103,Delivery by cesarean section,13.4,1,BD,Bangladesh,2007,BD2007DHS,RH_DELA_C_CSC,83606120,I,360005,1360050,Region,Dhaka before 2015,14002,Two years preceding the survey,0,1,RHDELACCSC,BDDHS2007360005,2007,DHS,746.0,509.0,,,1.0
BGD,Khulna,657890,Delivery by cesarean section,12.2,1,BD,Bangladesh,2007,BD2007DHS,RH_DELA_C_CSC,83606120,I,360006,1360060,Region,Khulna,14000,Three years preceding the survey,0,0,RHDELACCSC,BDDHS2007360006,2007,DHS,328.0,417.0,,,1.0
BGD,Khulna,767751,Delivery by cesarean section,9.7,1,BD,Bangladesh,2007,BD2007DHS,RH_DELA_C_CSC,83606120,I,360006,1360060,Region,Khulna,14001,Five years preceding the survey,0,0,RHDELACCSC,BDDHS2007360006,2007,DHS,578.0,714.0,,,1.0
BGD,Khulna,4945374,Delivery by cesarean section,11.1,1,BD,Bangladesh,2007,BD2007DHS,RH_DELA_C_CSC,83606120,I,360006,1360060,Region,Khulna,14002,Two years preceding the survey,0,1,RHDELACCSC,BDDHS2007360006,2007,DHS,194.0,258.0,,,1.0
BGD,Rajshahi/Rangpur,6375040,Delivery by cesarean section,7.4,1,BD,Bangladesh,2007,BD2007DHS,RH_DELA_C_CSC,83606120,I,360007,1360070,Region,Rajshahi/Rangpur,14000,Three years preceding the survey,0,0,RHDELACCSC,BDDHS2007360007,2007,DHS,792.0,595.0,,,1.0
BGD,Rajshahi/Rangpur,4135349,Delivery by cesarean section,6.4,1,BD,Bangladesh,2007,BD2007DHS,RH_DELA_C_CSC,83606120,I,360007,1360070,Region,Rajshahi/Rangpur,14001,Five years preceding the survey,0,0,RHDELACCSC,BDDHS2007360007,2007,DHS,1306.0,967.0,,,1.0
BGD,Rajshahi/Rangpur,328439,Delivery by cesarean section,9.7,1,BD,Bangladesh,2007,BD2007DHS,RH_DELA_C_CSC,83606120,I,360007,1360070,Region,Rajshahi/Rangpur,14002,Two years preceding the survey,0,1,RHDELACCSC,BDDHS2007360007,2007,DHS,526.0,390.0,,,1.0
BGD,Barishal,2076754,Children with ARI for whom advice or treatment was sought,77.5,1,BD,Bangladesh,2007,BD2007DHS,CH_ARIS_C_ADV,93966040,I,360001,1360010,Region,Barishal,14000,Three years preceding the survey,0,0,CHARISCADV,BDDHS2007360001,2007,DHS,12.0,28.0,,,1.0
BGD,Barishal,706189,Children with ARI for whom advice or treatment was sought,73.2,1,BD,Bangladesh,2007,BD2007DHS,CH_ARIS_C_ADV,93966040,I,360001,1360010,Region,Barishal,14001,Five years preceding the survey,0,1,CHARISCADV,BDDHS2007360001,2007,DHS,17.0,38.0,,,1.0
BGD,Chattogram/Sylhet,242157,Children with ARI for whom advice or treatment was sought,85.2,1,BD,Bangladesh,2007,BD2007DHS,CH_ARIS_C_ADV,93966040,I,360002,1360020,Region,Chattogram/Sylhet,14000,Three years preceding the survey,0,0,CHARISCADV,BDDHS2007360002,2007,DHS,72.0,94.0,,,
BGD,Chattogram/Sylhet,3741153,Children with ARI for whom advice or treatment was sought,85.4,1,BD,Bangladesh,2007,BD2007DHS,CH_ARIS_C_ADV,93966040,I,360002,1360020,Region,Chattogram/Sylhet,14001,Five years preceding the survey,0,1,CHARISCADV,BDDHS2007360002,2007,DHS,99.0,131.0,,,
BGD,Chattogram,6961924,Children with ARI for whom advice or treatment was sought,83.8,1,BD,Bangladesh,2007,BD2007DHS,CH_ARIS_C_ADV,93966040,I,360003,1360030,Region,..Chattogram,14000,Three years preceding the survey,0,0,CHARISCADV,BDDHS2007360003,2007,DHS,52.0,50.0,,,1.0
BGD,Chattogram,420028,Children with ARI for whom advice or treatment was sought,86.5,1,BD,Bangladesh,2007,BD2007DHS,CH_ARIS_C_ADV,93966040,I,360003,1360030,Region,..Chattogram,14001,Five years preceding the survey,0,1,CHARISCADV,BDDHS2007360003,2007,DHS,68.0,66.0,,,1.0
BGD,Sylhet,852684,Children with ARI for whom advice or treatment was sought,89.0,1,BD,Bangladesh,2007,BD2007DHS,CH_ARIS_C_ADV,93966040,I,360004,1360040,Region,..Sylhet,14000,Three years preceding the survey,0,0,CHARISCADV,BDDHS2007360004,2007,DHS,20.0,44.0,,,1.0
BGD,Sylhet,5313536,Children with ARI for whom advice or treatment was sought,83.0,1,BD,Bangladesh,2007,BD2007DHS,CH_ARIS_C_ADV,93966040,I,360004,1360040,Region,..Sylhet,14001,Five years preceding the survey,0,1,CHARISCADV,BDDHS2007360004,2007,DHS,31.0,65.0,,,1.0
BGD,Dhaka before 2015,4135924,Children with ARI for whom advice or treatment was sought,89.2,1,BD,Bangladesh,2007,BD2007DHS,CH_ARIS_C_ADV,93966040,I,360005,1360050,Region,Dhaka before 2015,14000,Three years preceding the survey,0,0,CHARISCADV,BDDHS2007360005,2007,DHS,46.0,30.0,,,1.0
BGD,Dhaka before 2015,4461615,Children with ARI for whom advice or treatment was sought,91.1,1,BD,Bangladesh,2007,BD2007DHS,CH_ARIS_C_ADV,93966040,I,360005,1360050,Region,Dhaka before 2015,14001,Five years preceding the survey,0,1,CHARISCADV,BDDHS2007360005,2007,DHS,68.0,43.0,,,1.0
BGD,Rajshahi/Rangpur,3424141,Children with ARI for whom advice or treatment was sought,89.3,1,BD,Bangladesh,2007,BD2007DHS,CH_ARIS_C_ADV,93966040,I,360007,1360070,Region,Rajshahi/Rangpur,14000,Three years preceding the survey,0,0,CHARISCADV,BDDHS2007360007,2007,DHS,51.0,37.0,,,1.0
BGD,Rajshahi/Rangpur,6460957,Children with ARI for whom advice or treatment was sought,88.9,1,BD,Bangladesh,2007,BD2007DHS,CH_ARIS_C_ADV,93966040,I,360007,1360070,Region,Rajshahi/Rangpur,14001,Five years preceding the survey,0,1,CHARISCADV,BDDHS2007360007,2007,DHS,71.0,52.0,,,1.0
BGD,Barishal,6551370,Treatment of diarrhea: Advice or treatment was sought,65.1,1,BD,Bangladesh,2007,BD2007DHS,CH_DIAT_C_ADV,94096010,I,360001,1360010,Region,Barishal,14000,Three years preceding the survey,0,0,CHDIATCADV,BDDHS2007360001,2007,DHS,25.0,50.0,,,1.0
BGD,Barishal,4206905,Treatment of diarrhea: Advice or treatment was sought,66.4,1,BD,Bangladesh,2007,BD2007DHS,CH_DIAT_C_ADV,94096010,I,360001,1360010,Region,Barishal,14001,Five years preceding the survey,0,1,CHDIATCADV,BDDHS2007360001,2007,DHS,33.0,66.0,,,1.0
BGD,Chattogram/Sylhet,2807323,Treatment of diarrhea: Advice or treatment was sought,74.1,1,BD,Bangladesh,2007,BD2007DHS,CH_DIAT_C_ADV,94096010,I,360002,1360020,Region,Chattogram/Sylhet,14000,Three years preceding the survey,0,0,CHDIATCADV,BDDHS2007360002,2007,DHS,123.0,155.0,,,
BGD,Chattogram/Sylhet,6026308,Treatment of diarrhea: Advice or treatment was sought,68.0,1,BD,Bangladesh,2007,BD2007DHS,CH_DIAT_C_ADV,94096010,I,360002,1360020,Region,Chattogram/Sylhet,14001,Five years preceding the survey,0,1,CHDIATCADV,BDDHS2007360002,2007,DHS,191.0,236.0,,,
BGD,Chattogram,4808934,Treatment of diarrhea: Advice or treatment was sought,78.5,1,BD,Bangladesh,2007,BD2007DHS,CH_DIAT_C_ADV,94096010,I,360003,1360030,Region,..Chattogram,14000,Three years preceding the survey,0,0,CHDIATCADV,BDDHS2007360003,2007,DHS,89.0,89.0,,,1.0
BGD,Chattogram,4432110,Treatment of diarrhea: Advice or treatment was sought,73.0,1,BD,Bangladesh,2007,BD2007DHS,CH_DIAT_C_ADV,94096010,I,360003,1360030,Region,..Chattogram,14001,Five years preceding the survey,0,1,CHDIATCADV,BDDHS2007360003,2007,DHS,137.0,131.0,,,1.0
BGD,Sylhet,3676553,Treatment of diarrhea: Advice or treatment was sought,62.6,1,BD,Bangladesh,2007,BD2007DHS,CH_DIAT_C_ADV,94096010,I,360004,1360040,Region,..Sylhet,14000,Three years preceding the survey,0,0,CHDIATCADV,BDDHS2007360004,2007,DHS,34.0,66.0,,,1.0
BGD,Sylhet,598107,Treatment of diarrhea: Advice or treatment was sought,55.0,1,BD,Bangladesh,2007,BD2007DHS,CH_DIAT_C_ADV,94096010,I,360004,1360040,Region,..Sylhet,14001,Five years preceding the survey,0,1,CHDIATCADV,BDDHS2007360004,2007,DHS,53.0,105.0,,,1.0
BGD,Dhaka before 2015,5412127,Treatment of diarrhea: Advice or treatment was sought,72.6,1,BD,Bangladesh,2007,BD2007DHS,CH_DIAT_C_ADV,94096010,I,360005,1360050,Region,Dhaka before 2015,14000,Three years preceding the survey,0,0,CHDIATCADV,BDDHS2007360005,2007,DHS,142.0,96.0,,,1.0
BGD,Dhaka before 2015,2731934,Treatment of diarrhea: Advice or treatment was sought,73.1,1,BD,Bangladesh,2007,BD2007DHS,CH_DIAT_C_ADV,94096010,I,360005,1360050,Region,Dhaka before 2015,14001,Five years preceding the survey,0,1,CHDIATCADV,BDDHS2007360005,2007,DHS,193.0,129.0,,,1.0
BGD,Khulna,7264967,Treatment of diarrhea: Advice or treatment was sought,79.3,1,BD,Bangladesh,2007,BD2007DHS,CH_DIAT_C_ADV,94096010,I,360006,1360060,Region,Khulna,14000,Three years preceding the survey,0,0,CHDIATCADV,BDDHS2007360006,2007,DHS,35.0,41.0,,,1.0
BGD,Khulna,336554,Treatment of diarrhea: Advice or treatment was sought,77.3,1,BD,Bangladesh,2007,BD2007DHS,CH_DIAT_C_ADV,94096010,I,360006,1360060,Region,Khulna,14001,Five years preceding the survey,0,1,CHDIATCADV,BDDHS2007360006,2007,DHS,48.0,58.0,,,1.0
BGD,Rajshahi/Rangpur,4551443,Treatment of diarrhea: Advice or treatment was sought,74.3,1,BD,Bangladesh,2007,BD2007DHS,CH_DIAT_C_ADV,94096010,I,360007,1360070,Region,Rajshahi/Rangpur,14000,Three years preceding the survey,0,0,CHDIATCADV,BDDHS2007360007,2007,DHS,67.0,51.0,,,1.0
BGD,Rajshahi/Rangpur,5816338,Treatment of diarrhea: Advice or treatment was sought,72.6,1,BD,Bangladesh,2007,BD2007DHS,CH_DIAT_C_ADV,94096010,I,360007,1360070,Region,Rajshahi/Rangpur,14001,Five years preceding the survey,0,1,CHDIATCADV,BDDHS2007360007,2007,DHS,94.0,71.0,,,1.0
BGD,Barishal,6551376,Treatment of diarrhea: ORT or increased fluids,86.6,1,BD,Bangladesh,2007,BD2007DHS,CH_DIAT_C_ORI,94096060,I,360001,1360010,Region,Barishal,14000,Three years preceding the survey,0,0,CHDIATCORI,BDDHS2007360001,2007,DHS,25.0,50.0,,,1.0
BGD,Barishal,4206912,Treatment of diarrhea: ORT or increased fluids,87.2,1,BD,Bangladesh,2007,BD2007DHS,CH_DIAT_C_ORI,94096060,I,360001,1360010,Region,Barishal,14001,Five years preceding the survey,0,1,CHDIATCORI,BDDHS2007360001,2007,DHS,33.0,66.0,,,1.0
BGD,Chattogram/Sylhet,2807312,Treatment of diarrhea: ORT or increased fluids,78.2,1,BD,Bangladesh,2007,BD2007DHS,CH_DIAT_C_ORI,94096060,I,360002,1360020,Region,Chattogram/Sylhet,14000,Three years preceding the survey,0,0,CHDIATCORI,BDDHS2007360002,2007,DHS,123.0,155.0,,,
BGD,Chattogram/Sylhet,6026304,Treatment of diarrhea: ORT or increased fluids,76.6,1,BD,Bangladesh,2007,BD2007DHS,CH_DIAT_C_ORI,94096060,I,360002,1360020,Region,Chattogram/Sylhet,14001,Five years preceding the survey,0,1,CHDIATCORI,BDDHS2007360002,2007,DHS,191.0,236.0,,,
BGD,Chattogram,4808946,Treatment of diarrhea: ORT or increased fluids,80.2,1,BD,Bangladesh,2007,BD2007DHS,CH_DIAT_C_ORI,94096060,I,360003,1360030,Region,..Chattogram,14000,Three years preceding the survey,0,0,CHDIATCORI,BDDHS2007360003,2007,DHS,89.0,89.0,,,1.0
BGD,Chattogram,4432128,Treatment of diarrhea: ORT or increased fluids,77.9,1,BD,Bangladesh,2007,BD2007DHS,CH_DIAT_C_ORI,94096060,I,360003,1360030,Region,..Chattogram,14001,Five years preceding the survey,0,1,CHDIATCORI,BDDHS2007360003,2007,DHS,137.0,131.0,,,1.0
BGD,Sylhet,3676576,Treatment of diarrhea: ORT or increased fluids,73.1,1,BD,Bangladesh,2007,BD2007DHS,CH_DIAT_C_ORI,94096060,I,360004,1360040,Region,..Sylhet,14000,Three years preceding the survey,0,0,CHDIATCORI,BDDHS2007360004,2007,DHS,34.0,66.0,,,1.0
BGD,Sylhet,598115,Treatment of diarrhea: ORT or increased fluids,73.2,1,BD,Bangladesh,2007,BD2007DHS,CH_DIAT_C_ORI,94096060,I,360004,1360040,Region,..Sylhet,14001,Five years preceding the survey,0,1,CHDIATCORI,BDDHS2007360004,2007,DHS,53.0,105.0,,,1.0
BGD,Dhaka before 2015,5412100,Treatment of diarrhea: ORT or increased fluids,91.8,1,BD,Bangladesh,2007,BD2007DHS,CH_DIAT_C_ORI,94096060,I,360005,1360050,Region,Dhaka before 2015,14000,Three years preceding the survey,0,0,CHDIATCORI,BDDHS2007360005,2007,DHS,142.0,96.0,,,1.0
BGD,Dhaka before 2015,2731920,Treatment of diarrhea: ORT or increased fluids,90.0,1,BD,Bangladesh,2007,BD2007DHS,CH_DIAT_C_ORI,94096060,I,360005,1360050,Region,Dhaka before 2015,14001,Five years preceding the survey,0,1,CHDIATCORI,BDDHS2007360005,2007,DHS,193.0,129.0,,,1.0
BGD,Khulna,7264966,Treatment of diarrhea: ORT or increased fluids,86.2,1,BD,Bangladesh,2007,BD2007DHS,CH_DIAT_C_ORI,94096060,I,360006,1360060,Region,Khulna,14000,Three years preceding the survey,0,0,CHDIATCORI,BDDHS2007360006,2007,DHS,35.0,41.0,,,1.0
BGD,Khulna,336552,Treatment of diarrhea: ORT or increased fluids,87.9,1,BD,Bangladesh,2007,BD2007DHS,CH_DIAT_C_ORI,94096060,I,360006,1360060,Region,Khulna,14001,Five years preceding the survey,0,1,CHDIATCORI,BDDHS2007360006,2007,DHS,48.0,58.0,,,1.0
BGD,Rajshahi/Rangpur,4551464,Treatment of diarrhea: ORT or increased fluids,89.6,1,BD,Bangladesh,2007,BD2007DHS,CH_DIAT_C_ORI,94096060,I,360007,1360070,Region,Rajshahi/Rangpur,14000,Three years preceding the survey,0,0,CHDIATCORI,BDDHS2007360007,2007,DHS,67.0,51.0,,,1.0
BGD,Rajshahi/Rangpur,5816302,Treatment of diarrhea: ORT or increased fluids,90.8,1,BD,Bangladesh,2007,BD2007DHS,CH_DIAT_C_ORI,94096060,I,360007,1360070,Region,Rajshahi/Rangpur,14001,Five years preceding the survey,0,1,CHDIATCORI,BDDHS2007360007,2007,DHS,94.0,71.0,,,1.0
BGD,Barishal,4997390,Children stunted,46.9,1,BD,Bangladesh,2007,BD2007DHS,CN_NUTS_C_HA2,104236020,I,360001,1360010,Region,Barishal,0,,0,1,CNNUTSCHA2,BDDHS2007360001,2007,DHS,340.0,711.0,,,1.0
BGD,Chattogram/Sylhet,3193505,Children stunted,45.3,1,BD,Bangladesh,2007,BD2007DHS,CN_NUTS_C_HA2,104236020,I,360002,1360020,Region,Chattogram/Sylhet,0,,0,1,CNNUTSCHA2,BDDHS2007360002,2007,DHS,1601.0,2048.0,,,
BGD,Chattogram,3589866,Children stunted,45.5,1,BD,Bangladesh,2007,BD2007DHS,CN_NUTS_C_HA2,104236020,I,360003,1360030,Region,..Chattogram,0,,0,1,CNNUTSCHA2,BDDHS2007360003,2007,DHS,1153.0,1117.0,,,1.0
BGD,Sylhet,7847349,Children stunted,44.7,1,BD,Bangladesh,2007,BD2007DHS,CN_NUTS_C_HA2,104236020,I,360004,1360040,Region,..Sylhet,0,,0,1,CNNUTSCHA2,BDDHS2007360004,2007,DHS,448.0,931.0,,,1.0
BGD,Dhaka before 2015,6239198,Children stunted,44.0,1,BD,Bangladesh,2007,BD2007DHS,CN_NUTS_C_HA2,104236020,I,360005,1360050,Region,Dhaka before 2015,0,,0,1,CNNUTSCHA2,BDDHS2007360005,2007,DHS,1671.0,1143.0,,,1.0
BGD,Khulna,799550,Children stunted,34.6,1,BD,Bangladesh,2007,BD2007DHS,CN_NUTS_C_HA2,104236020,I,360006,1360060,Region,Khulna,0,,0,1,CNNUTSCHA2,BDDHS2007360006,2007,DHS,516.0,644.0,,,1.0
BGD,Rajshahi/Rangpur,1297036,Children stunted,41.8,1,BD,Bangladesh,2007,BD2007DHS,CN_NUTS_C_HA2,104236020,I,360007,1360070,Region,Rajshahi/Rangpur,0,,0,1,CNNUTSCHA2,BDDHS2007360007,2007,DHS,1183.0,877.0,,,1.0
BGD,Barishal,3789959,Children wasted,18.0,1,BD,Bangladesh,2007,BD2007DHS,CN_NUTS_C_WH2,104236050,I,360001,1360010,Region,Barishal,0,,0,1,CNNUTSCWH2,BDDHS2007360001,2007,DHS,340.0,711.0,,,1.0
BGD,Chattogram/Sylhet,212020,Children wasted,17.8,1,BD,Bangladesh,2007,BD2007DHS,CN_NUTS_C_WH2,104236050,I,360002,1360020,Region,Chattogram/Sylhet,0,,0,1,CNNUTSCWH2,BDDHS2007360002,2007,DHS,1601.0,2048.0,,,
BGD,Chattogram,278886,Children wasted,17.6,1,BD,Bangladesh,2007,BD2007DHS,CN_NUTS_C_WH2,104236050,I,360003,1360030,Region,..Chattogram,0,,0,1,CNNUTSCWH2,BDDHS2007360003,2007,DHS,1153.0,1117.0,,,1.0
BGD,Sylhet,7872588,Children wasted,18.3,1,BD,Bangladesh,2007,BD2007DHS,CN_NUTS_C_WH2,104236050,I,360004,1360040,Region,..Sylhet,0,,0,1,CNNUTSCWH2,BDDHS2007360004,2007,DHS,448.0,931.0,,,1.0
BGD,Dhaka before 2015,4352884,Children wasted,15.4,1,BD,Bangladesh,2007,BD2007DHS,CN_NUTS_C_WH2,104236050,I,360005,1360050,Region,Dhaka before 2015,0,,0,1,CNNUTSCWH2,BDDHS2007360005,2007,DHS,1671.0,1143.0,,,1.0
BGD,Khulna,6084734,Children wasted,18.8,1,BD,Bangladesh,2007,BD2007DHS,CN_NUTS_C_WH2,104236050,I,360006,1360060,Region,Khulna,0,,0,1,CNNUTSCWH2,BDDHS2007360006,2007,DHS,516.0,644.0,,,1.0
BGD,Rajshahi/Rangpur,5407471,Children wasted,19.1,1,BD,Bangladesh,2007,BD2007DHS,CN_NUTS_C_WH2,104236050,I,360007,1360070,Region,Rajshahi/Rangpur,0,,0,1,CNNUTSCWH2,BDDHS2007360007,2007,DHS,1183.0,877.0,,,1.0
BGD,Barishal,6422211,Children underweight,45.6,1,BD,Bangladesh,2007,BD2007DHS,CN_NUTS_C_WA2,104236090,I,360001,1360010,Region,Barishal,0,,0,1,CNNUTSCWA2,BDDHS2007360001,2007,DHS,340.0,711.0,,,1.0
BGD,Chattogram/Sylhet,3233164,Children underweight,41.7,1,BD,Bangladesh,2007,BD2007DHS,CN_NUTS_C_WA2,104236090,I,360002,1360020,Region,Chattogram/Sylhet,0,,0,1,CNNUTSCWA2,BDDHS2007360002,2007,DHS,1601.0,2048.0,,,
BGD,Chattogram,4980738,Children underweight,41.6,1,BD,Bangladesh,2007,BD2007DHS,CN_NUTS_C_WA2,104236090,I,360003,1360030,Region,..Chattogram,0,,0,1,CNNUTSCWA2,BDDHS2007360003,2007,DHS,1153.0,1117.0,,,1.0
BGD,Sylhet,7871660,Children underweight,42.1,1,BD,Bangladesh,2007,BD2007DHS,CN_NUTS_C_WA2,104236090,I,360004,1360040,Region,..Sylhet,0,,0,1,CNNUTSCWA2,BDDHS2007360004,2007,DHS,448.0,931.0,,,1.0
BGD,Dhaka before 2015,3186801,Children underweight,39.9,1,BD,Bangladesh,2007,BD2007DHS,CN_NUTS_C_WA2,104236090,I,360005,1360050,Region,Dhaka before 2015,0,,0,1,CNNUTSCWA2,BDDHS2007360005,2007,DHS,1671.0,1143.0,,,1.0
BGD,Khulna,7406842,Children underweight,34.1,1,BD,Bangladesh,2007,BD2007DHS,CN_NUTS_C_WA2,104236090,I,360006,1360060,Region,Khulna,0,,0,1,CNNUTSCWA2,BDDHS2007360006,2007,DHS,516.0,644.0,,,1.0
BGD,Rajshahi/Rangpur,4163360,Children underweight,43.3,1,BD,Bangladesh,2007,BD2007DHS,CN_NUTS_C_WA2,104236090,I,360007,1360070,Region,Rajshahi/Rangpur,0,,0,1,CNNUTSCWA2,BDDHS2007360007,2007,DHS,1183.0,877.0,,,1.0
BGD,Barishal,6422210,Children overweight for their age,0.1,1,BD,Bangladesh,2007,BD2007DHS,CN_NUTS_C_WAP,104236100,I,360001,1360010,Region,Barishal,0,,0,1,CNNUTSCWAP,BDDHS2007360001,2007,DHS,340.0,711.0,,,1.0
BGD,Chattogram/Sylhet,3233163,Children overweight for their age,0.3,1,BD,Bangladesh,2007,BD2007DHS,CN_NUTS_C_WAP,104236100,I,360002,1360020,Region,Chattogram/Sylhet,0,,0,1,CNNUTSCWAP,BDDHS2007360002,2007,DHS,1601.0,2048.0,,,
BGD,Chattogram,4980740,Children overweight for their age,0.4,1,BD,Bangladesh,2007,BD2007DHS,CN_NUTS_C_WAP,104236100,I,360003,1360030,Region,..Chattogram,0,,0,1,CNNUTSCWAP,BDDHS2007360003,2007,DHS,1153.0,1117.0,,,1.0
BGD,Sylhet,7871659,Children overweight for their age,0.2,1,BD,Bangladesh,2007,BD2007DHS,CN_NUTS_C_WAP,104236100,I,360004,1360040,Region,..Sylhet,0,,0,1,CNNUTSCWAP,BDDHS2007360004,2007,DHS,448.0,931.0,,,1.0
BGD,Dhaka before 2015,3186880,Children overweight for their age,0.4,1,BD,Bangladesh,2007,BD2007DHS,CN_NUTS_C_WAP,104236100,I,360005,1360050,Region,Dhaka before 2015,0,,0,1,CNNUTSCWAP,BDDHS2007360005,2007,DHS,1671.0,1143.0,,,1.0
BGD,Khulna,7406844,Children overweight for their age,0.0,1,BD,Bangladesh,2007,BD2007DHS,CN_NUTS_C_WAP,104236100,I,360006,1360060,Region,Khulna,0,,0,1,CNNUTSCWAP,BDDHS2007360006,2007,DHS,516.0,644.0,,,1.0
BGD,Rajshahi/Rangpur,4163319,Children overweight for their age,0.2,1,BD,Bangladesh,2007,BD2007DHS,CN_NUTS_C_WAP,104236100,I,360007,1360070,Region,Rajshahi/Rangpur,0,,0,1,CNNUTSCWAP,BDDHS2007360007,2007,DHS,1183.0,877.0,,,1.0
BGD,Barishal,5839305,Children ever breastfed,99.9,1,BD,Bangladesh,2007,BD2007DHS,CN_BRFI_C_EVR,104266010,I,360001,1360010,Region,Barishal,0,,0,1,CNBRFICEVR,BDDHS2007360001,2007,DHS,132.0,271.0,,,1.0
BGD,Chattogram/Sylhet,5752826,Children ever breastfed,98.6,1,BD,Bangladesh,2007,BD2007DHS,CN_BRFI_C_EVR,104266010,I,360002,1360020,Region,Chattogram/Sylhet,0,,0,1,CNBRFICEVR,BDDHS2007360002,2007,DHS,718.0,896.0,,,
BGD,Chattogram,3017386,Children ever breastfed,98.7,1,BD,Bangladesh,2007,BD2007DHS,CN_BRFI_C_EVR,104266010,I,360003,1360030,Region,..Chattogram,0,,0,1,CNBRFICEVR,BDDHS2007360003,2007,DHS,526.0,498.0,,,1.0
BGD,Sylhet,7872486,Children ever breastfed,98.3,1,BD,Bangladesh,2007,BD2007DHS,CN_BRFI_C_EVR,104266010,I,360004,1360040,Region,..Sylhet,0,,0,1,CNBRFICEVR,BDDHS2007360004,2007,DHS,193.0,398.0,,,1.0
BGD,Dhaka before 2015,1297110,Children ever breastfed,98.4,1,BD,Bangladesh,2007,BD2007DHS,CN_BRFI_C_EVR,104266010,I,360005,1360050,Region,Dhaka before 2015,0,,0,1,CNBRFICEVR,BDDHS2007360005,2007,DHS,729.0,498.0,,,1.0
BGD,Khulna,6886879,Children ever breastfed,99.2,1,BD,Bangladesh,2007,BD2007DHS,CN_BRFI_C_EVR,104266010,I,360006,1360060,Region,Khulna,0,,0,1,CNBRFICEVR,BDDHS2007360006,2007,DHS,193.0,256.0,,,1.0
BGD,Rajshahi/Rangpur,3756394,Children ever breastfed,98.9,1,BD,Bangladesh,2007,BD2007DHS,CN_BRFI_C_EVR,104266010,I,360007,1360070,Region,Rajshahi/Rangpur,0,,0,1,CNBRFICEVR,BDDHS2007360007,2007,DHS,522.0,387.0,,,1.0
BGD,Barishal,5839306,Children who started breastfeeding within 1 hour of birth,50.8,1,BD,Bangladesh,2007,BD2007DHS,CN_BRFI_C_1HR,104266020,I,360001,1360010,Region,Barishal,0,,0,1,CNBRFIC1HR,BDDHS2007360001,2007,DHS,132.0,271.0,,,1.0
BGD,Chattogram/Sylhet,5752827,Children who started breastfeeding within 1 hour of birth,38.4,1,BD,Bangladesh,2007,BD2007DHS,CN_BRFI_C_1HR,104266020,I,360002,1360020,Region,Chattogram/Sylhet,0,,0,1,CNBRFIC1HR,BDDHS2007360002,2007,DHS,718.0,896.0,,,
BGD,Chattogram,3017387,Children who started breastfeeding within 1 hour of birth,34.9,1,BD,Bangladesh,2007,BD2007DHS,CN_BRFI_C_1HR,104266020,I,360003,1360030,Region,..Chattogram,0,,0,1,CNBRFIC1HR,BDDHS2007360003,2007,DHS,526.0,498.0,,,1.0
BGD,Sylhet,7872487,Children who started breastfeeding within 1 hour of birth,48.0,1,BD,Bangladesh,2007,BD2007DHS,CN_BRFI_C_1HR,104266020,I,360004,1360040,Region,..Sylhet,0,,0,1,CNBRFIC1HR,BDDHS2007360004,2007,DHS,193.0,398.0,,,1.0
BGD,Dhaka before 2015,1297103,Children who started breastfeeding within 1 hour of birth,43.7,1,BD,Bangladesh,2007,BD2007DHS,CN_BRFI_C_1HR,104266020,I,360005,1360050,Region,Dhaka before 2015,0,,0,1,CNBRFIC1HR,BDDHS2007360005,2007,DHS,729.0,498.0,,,1.0
BGD,Khulna,6886880,Children who started breastfeeding within 1 hour of birth,51.9,1,BD,Bangladesh,2007,BD2007DHS,CN_BRFI_C_1HR,104266020,I,360006,1360060,Region,Khulna,0,,0,1,CNBRFIC1HR,BDDHS2007360006,2007,DHS,193.0,256.0,,,1.0
BGD,Rajshahi/Rangpur,3756344,Children who started breastfeeding within 1 hour of birth,43.4,1,BD,Bangladesh,2007,BD2007DHS,CN_BRFI_C_1HR,104266020,I,360007,1360070,Region,Rajshahi/Rangpur,0,,0,1,CNBRFIC1HR,BDDHS2007360007,2007,DHS,522.0,387.0,,,1.0
BGD,Barishal,1304205,Median duration of any breastfeeding,31.0,1,BD,Bangladesh,2007,BD2007DHS,CN_BFDR_C_MDA,104336010,I,360001,1360010,Region,Barishal,0,,0,1,CNBFDRCMDA,BDDHS2007360001,2007,DHS,,,,,1.0
BGD,Chattogram/Sylhet,1304202,Median duration of any breastfeeding,26.5,1,BD,Bangladesh,2007,BD2007DHS,CN_BFDR_C_MDA,104336010,I,360002,1360020,Region,Chattogram/Sylhet,0,,0,1,CNBFDRCMDA,BDDHS2007360002,2007,DHS,,,,,
BGD,Chattogram,1304198,Median duration of any breastfeeding,25.6,1,BD,Bangladesh,2007,BD2007DHS,CN_BFDR_C_MDA,104336010,I,360003,1360030,Region,..Chattogram,0,,0,1,CNBFDRCMDA,BDDHS2007360003,2007,DHS,,,,,1.0
BGD,Sylhet,7874314,Median duration of any breastfeeding,28.0,1,BD,Bangladesh,2007,BD2007DHS,CN_BFDR_C_MDA,104336010,I,360004,1360040,Region,..Sylhet,0,,0,1,CNBFDRCMDA,BDDHS2007360004,2007,DHS,,,,,1.0
BGD,Barishal,4696252,Comprehensive correct knowledge about AIDS [Women],5.9,1,BD,Bangladesh,2007,BD2007DHS,HA_CKNA_W_CKA,135233060,I,360001,1360010,Region,Barishal,0,,0,1,HACKNAWCKA,BDDHS2007360001,2007,DHS,662.0,1438.0,,,1.0
BGD,Chattogram/Sylhet,6856149,Comprehensive correct knowledge about AIDS [Women],3.7,1,BD,Bangladesh,2007,BD2007DHS,HA_CKNA_W_CKA,135233060,I,360002,1360020,Region,Chattogram/Sylhet,0,,0,1,HACKNAWCKA,BDDHS2007360002,2007,DHS,2730.0,3427.0,,,
BGD,Chattogram,2731092,Comprehensive correct knowledge about AIDS [Women],4.1,1,BD,Bangladesh,2007,BD2007DHS,HA_CKNA_W_CKA,135233060,I,360003,1360030,Region,..Chattogram,0,,0,1,HACKNAWCKA,BDDHS2007360003,2007,DHS,2023.0,1943.0,,,1.0
BGD,Sylhet,7874228,Comprehensive correct knowledge about AIDS [Women],2.7,1,BD,Bangladesh,2007,BD2007DHS,HA_CKNA_W_CKA,135233060,I,360004,1360040,Region,..Sylhet,0,,0,1,HACKNAWCKA,BDDHS2007360004,2007,DHS,707.0,1484.0,,,1.0
BGD,Dhaka before 2015,7202239,Comprehensive correct knowledge about AIDS [Women],8.3,1,BD,Bangladesh,2007,BD2007DHS,HA_CKNA_W_CKA,135233060,I,360005,1360050,Region,Dhaka before 2015,0,,0,1,HACKNAWCKA,BDDHS2007360005,2007,DHS,3431.0,2340.0,,,1.0
BGD,Khulna,2928396,Comprehensive correct knowledge about AIDS [Women],6.7,1,BD,Bangladesh,2007,BD2007DHS,HA_CKNA_W_CKA,135233060,I,360006,1360060,Region,Khulna,0,,0,1,HACKNAWCKA,BDDHS2007360006,2007,DHS,1396.0,1711.0,,,1.0
BGD,Rajshahi/Rangpur,6543650,Comprehensive correct knowledge about AIDS [Women],5.0,1,BD,Bangladesh,2007,BD2007DHS,HA_CKNA_W_CKA,135233060,I,360007,1360070,Region,Rajshahi/Rangpur,0,,0,1,HACKNAWCKA,BDDHS2007360007,2007,DHS,2776.0,2080.0,,,1.0
BGD,Barishal,6222029,Wife beating justified for at least one specific reason [Women],41.3,1,BD,Bangladesh,2007,BD2007DHS,WE_AWBT_W_AGR,176433060,I,360001,1360010,Region,Barishal,0,,0,1,WEAWBTWAGR,BDDHS2007360001,2007,DHS,662.0,1438.0,,,1.0
BGD,Chattogram/Sylhet,210821,Wife beating justified for at least one specific reason [Women],36.8,1,BD,Bangladesh,2007,BD2007DHS,WE_AWBT_W_AGR,176433060,I,360002,1360020,Region,Chattogram/Sylhet,0,,0,1,WEAWBTWAGR,BDDHS2007360002,2007,DHS,2730.0,3427.0,,,
BGD,Chattogram,3682824,Wife beating justified for at least one specific reason [Women],37.1,1,BD,Bangladesh,2007,BD2007DHS,WE_AWBT_W_AGR,176433060,I,360003,1360030,Region,..Chattogram,0,,0,1,WEAWBTWAGR,BDDHS2007360003,2007,DHS,2023.0,1943.0,,,1.0
BGD,Sylhet,7873295,Wife beating justified for at least one specific reason [Women],36.2,1,BD,Bangladesh,2007,BD2007DHS,WE_AWBT_W_AGR,176433060,I,360004,1360040,Region,..Sylhet,0,,0,1,WEAWBTWAGR,BDDHS2007360004,2007,DHS,707.0,1484.0,,,1.0
BGD,Dhaka before 2015,413598,Wife beating justified for at least one specific reason [Women],26.1,1,BD,Bangladesh,2007,BD2007DHS,WE_AWBT_W_AGR,176433060,I,360005,1360050,Region,Dhaka before 2015,0,,0,1,WEAWBTWAGR,BDDHS2007360005,2007,DHS,3431.0,2340.0,,,1.0
BGD,Khulna,4801698,Wife beating justified for at least one specific reason [Women],31.0,1,BD,Bangladesh,2007,BD2007DHS,WE_AWBT_W_AGR,176433060,I,360006,1360060,Region,Khulna,0,,0,1,WEAWBTWAGR,BDDHS2007360006,2007,DHS,1396.0,1711.0,,,1.0
BGD,Rajshahi/Rangpur,3972189,Wife beating justified for at least one specific reason [Women],28.9,1,BD,Bangladesh,2007,BD2007DHS,WE_AWBT_W_AGR,176433060,I,360007,1360070,Region,Rajshahi/Rangpur,0,,0,1,WEAWBTWAGR,BDDHS2007360007,2007,DHS,2776.0,2080.0,,,1.0
BGD,Barishal,4441173,Population using an improved water source,96.8,1,BD,Bangladesh,2007,BD2007DHS,WS_SRCE_P_IMP,250162010,I,360001,1360010,Region,Barishal,0,,0,1,WSSRCEPIMP,BDDHS2007360001,2007,DHS,3087.0,6679.0,,,1.0
BGD,Chattogram/Sylhet,5580351,Population using an improved water source,95.8,1,BD,Bangladesh,2007,BD2007DHS,WS_SRCE_P_IMP,250162010,I,360002,1360020,Region,Chattogram/Sylhet,0,,0,1,WSSRCEPIMP,BDDHS2007360002,2007,DHS,13486.0,17323.0,,,
BGD,Chattogram,2870260,Population using an improved water source,96.9,1,BD,Bangladesh,2007,BD2007DHS,WS_SRCE_P_IMP,250162010,I,360003,1360030,Region,..Chattogram,0,,0,1,WSSRCEPIMP,BDDHS2007360003,2007,DHS,9767.0,9412.0,,,1.0
BGD,Sylhet,7848423,Population using an improved water source,92.9,1,BD,Bangladesh,2007,BD2007DHS,WS_SRCE_P_IMP,250162010,I,360004,1360040,Region,..Sylhet,0,,0,1,WSSRCEPIMP,BDDHS2007360004,2007,DHS,3719.0,7911.0,,,1.0
BGD,Dhaka before 2015,1097886,Population using an improved water source,99.1,1,BD,Bangladesh,2007,BD2007DHS,WS_SRCE_P_IMP,250162010,I,360005,1360050,Region,Dhaka before 2015,0,,0,1,WSSRCEPIMP,BDDHS2007360005,2007,DHS,15009.0,10408.0,,,1.0
BGD,Khulna,5259690,Population using an improved water source,90.6,1,BD,Bangladesh,2007,BD2007DHS,WS_SRCE_P_IMP,250162010,I,360006,1360060,Region,Khulna,0,,0,1,WSSRCEPIMP,BDDHS2007360006,2007,DHS,5831.0,7122.0,,,1.0
BGD,Rajshahi/Rangpur,6405092,Population using an improved water source,99.0,1,BD,Bangladesh,2007,BD2007DHS,WS_SRCE_P_IMP,250162010,I,360007,1360070,Region,Rajshahi/Rangpur,0,,0,1,WSSRCEPIMP,BDDHS2007360007,2007,DHS,11506.0,8683.0,,,1.0
BGD,Barishal,1113054,Households using an appropriate treatment method,3.4,1,BD,Bangladesh,2007,BD2007DHS,WS_WTRT_H_APP,250231090,I,360001,1360010,Region,Barishal,0,,0,1,WSWTRTHAPP,BDDHS2007360001,2007,DHS,658.0,1416.0,,,1.0
BGD,Chattogram/Sylhet,202413,Households using an appropriate treatment method,4.0,1,BD,Bangladesh,2007,BD2007DHS,WS_WTRT_H_APP,250231090,I,360002,1360020,Region,Chattogram/Sylhet,0,,0,1,WSWTRTHAPP,BDDHS2007360002,2007,DHS,2497.0,3142.0,,,
BGD,Chattogram,6526673,Households using an appropriate treatment method,3.3,1,BD,Bangladesh,2007,BD2007DHS,WS_WTRT_H_APP,250231090,I,360003,1360030,Region,..Chattogram,0,,0,1,WSWTRTHAPP,BDDHS2007360003,2007,DHS,1863.0,1794.0,,,1.0
BGD,Sylhet,7874423,Households using an appropriate treatment method,6.2,1,BD,Bangladesh,2007,BD2007DHS,WS_WTRT_H_APP,250231090,I,360004,1360040,Region,..Sylhet,0,,0,1,WSWTRTHAPP,BDDHS2007360004,2007,DHS,634.0,1348.0,,,1.0
BGD,Dhaka before 2015,5845823,Households using an appropriate treatment method,12.1,1,BD,Bangladesh,2007,BD2007DHS,WS_WTRT_H_APP,250231090,I,360005,1360050,Region,Dhaka before 2015,0,,0,1,WSWTRTHAPP,BDDHS2007360005,2007,DHS,3222.0,2223.0,,,1.0
BGD,Khulna,4284980,Households using an appropriate treatment method,6.3,1,BD,Bangladesh,2007,BD2007DHS,WS_WTRT_H_APP,250231090,I,360006,1360060,Region,Khulna,0,,0,1,WSWTRTHAPP,BDDHS2007360006,2007,DHS,1329.0,1615.0,,,1.0
BGD,Rajshahi/Rangpur,5383214,Households using an appropriate treatment method,1.5,1,BD,Bangladesh,2007,BD2007DHS,WS_WTRT_H_APP,250231090,I,360007,1360070,Region,Rajshahi/Rangpur,0,,0,1,WSWTRTHAPP,BDDHS2007360007,2007,DHS,2695.0,2004.0,,,1.0
BGD,Barishal,3790016,Population with an improved sanitation facility,42.8,1,BD,Bangladesh,2007,BD2007DHS,WS_TLET_P_IMP,250262010,I,360001,1360010,Region,Barishal,0,,0,1,WSTLETPIMP,BDDHS2007360001,2007,DHS,3087.0,6679.0,,,1.0
BGD,Chattogram/Sylhet,4205442,Population with an improved sanitation facility,44.3,1,BD,Bangladesh,2007,BD2007DHS,WS_TLET_P_IMP,250262010,I,360002,1360020,Region,Chattogram/Sylhet,0,,0,1,WSTLETPIMP,BDDHS2007360002,2007,DHS,13486.0,17323.0,,,
BGD,Chattogram,3559659,Population with an improved sanitation facility,45.9,1,BD,Bangladesh,2007,BD2007DHS,WS_TLET_P_IMP,250262010,I,360003,1360030,Region,..Chattogram,0,,0,1,WSTLETPIMP,BDDHS2007360003,2007,DHS,9767.0,9412.0,,,1.0
BGD,Sylhet,7872777,Population with an improved sanitation facility,40.2,1,BD,Bangladesh,2007,BD2007DHS,WS_TLET_P_IMP,250262010,I,360004,1360040,Region,..Sylhet,0,,0,1,WSTLETPIMP,BDDHS2007360004,2007,DHS,3719.0,7911.0,,,1.0
BGD,Dhaka before 2015,6958798,Population with an improved sanitation facility,40.0,1,BD,Bangladesh,2007,BD2007DHS,WS_TLET_P_IMP,250262010,I,360005,1360050,Region,Dhaka before 2015,0,,0,1,WSTLETPIMP,BDDHS2007360005,2007,DHS,15009.0,10408.0,,,1.0
BGD,Khulna,2956644,Population with an improved sanitation facility,44.7,1,BD,Bangladesh,2007,BD2007DHS,WS_TLET_P_IMP,250262010,I,360006,1360060,Region,Khulna,0,,0,1,WSTLETPIMP,BDDHS2007360006,2007,DHS,5831.0,7122.0,,,1.0
BGD,Rajshahi/Rangpur,3427344,Population with an improved sanitation facility,40.7,1,BD,Bangladesh,2007,BD2007DHS,WS_TLET_P_IMP,250262010,I,360007,1360070,Region,Rajshahi/Rangpur,0,,0,1,WSTLETPIMP,BDDHS2007360007,2007,DHS,11506.0,8683.0,,,1.0
BGD,Barishal,3357037,Households using solid fuel for cooking ,98.2,1,BD,Bangladesh,2007,BD2007DHS,HC_CKFL_H_SLD,260431140,I,360001,1360010,Region,Barishal,0,,0,1,HCCKFLHSLD,BDDHS2007360001,2007,DHS,658.0,1416.0,,,1.0
BGD,Chattogram/Sylhet,7442504,Households using solid fuel for cooking ,91.4,1,BD,Bangladesh,2007,BD2007DHS,HC_CKFL_H_SLD,260431140,I,360002,1360020,Region,Chattogram/Sylhet,0,,0,1,HCCKFLHSLD,BDDHS2007360002,2007,DHS,2497.0,3142.0,,,
BGD,Chattogram,3912972,Households using solid fuel for cooking ,89.8,1,BD,Bangladesh,2007,BD2007DHS,HC_CKFL_H_SLD,260431140,I,360003,1360030,Region,..Chattogram,0,,0,1,HCCKFLHSLD,BDDHS2007360003,2007,DHS,1863.0,1794.0,,,1.0
BGD,Sylhet,7848613,Households using solid fuel for cooking ,96.2,1,BD,Bangladesh,2007,BD2007DHS,HC_CKFL_H_SLD,260431140,I,360004,1360040,Region,..Sylhet,0,,0,1,HCCKFLHSLD,BDDHS2007360004,2007,DHS,634.0,1348.0,,,1.0
BGD,Dhaka before 2015,4883939,Households using solid fuel for cooking ,80.4,1,BD,Bangladesh,2007,BD2007DHS,HC_CKFL_H_SLD,260431140,I,360005,1360050,Region,Dhaka before 2015,0,,0,1,HCCKFLHSLD,BDDHS2007360005,2007,DHS,3222.0,2223.0,,,1.0
BGD,Khulna,4484011,Households using solid fuel for cooking ,98.7,1,BD,Bangladesh,2007,BD2007DHS,HC_CKFL_H_SLD,260431140,I,360006,1360060,Region,Khulna,0,,0,1,HCCKFLHSLD,BDDHS2007360006,2007,DHS,1329.0,1615.0,,,1.0
BGD,Rajshahi/Rangpur,1098047,Households using solid fuel for cooking ,98.2,1,BD,Bangladesh,2007,BD2007DHS,HC_CKFL_H_SLD,260431140,I,360007,1360070,Region,Rajshahi/Rangpur,0,,0,1,HCCKFLHSLD,BDDHS2007360007,2007,DHS,2695.0,2004.0,,,1.0
BGD,Barishal,1810807,Age specific fertility rate: 15-19,115.0,0,BD,Bangladesh,2011,BD2011DHS,FE_FRTR_W_A15,11763010,I,360001,1360010,Region,Barishal,0,,0,1,FEFRTRWA15,BDDHS2011360001,2011,DHS,,,,,1.0
BGD,Chattogram/Sylhet,1804057,Age specific fertility rate: 15-19,109.0,0,BD,Bangladesh,2011,BD2011DHS,FE_FRTR_W_A15,11763010,I,360002,1360020,Region,Chattogram/Sylhet,0,,0,1,FEFRTRWA15,BDDHS2011360002,2011,DHS,,,,,
BGD,Chattogram,1804065,Age specific fertility rate: 15-19,116.0,0,BD,Bangladesh,2011,BD2011DHS,FE_FRTR_W_A15,11763010,I,360003,1360030,Region,..Chattogram,0,,0,1,FEFRTRWA15,BDDHS2011360003,2011,DHS,,,,,1.0
BGD,Sylhet,1804049,Age specific fertility rate: 15-19,89.0,0,BD,Bangladesh,2011,BD2011DHS,FE_FRTR_W_A15,11763010,I,360004,1360040,Region,..Sylhet,0,,0,1,FEFRTRWA15,BDDHS2011360004,2011,DHS,,,,,1.0
BGD,Dhaka before 2015,1817334,Age specific fertility rate: 15-19,117.0,0,BD,Bangladesh,2011,BD2011DHS,FE_FRTR_W_A15,11763010,I,360005,1360050,Region,Dhaka before 2015,0,,0,1,FEFRTRWA15,BDDHS2011360005,2011,DHS,,,,,1.0
BGD,Khulna,7210651,Age specific fertility rate: 15-19,116.0,0,BD,Bangladesh,2011,BD2011DHS,FE_FRTR_W_A15,11763010,I,360006,1360060,Region,Khulna,0,,0,1,FEFRTRWA15,BDDHS2011360006,2011,DHS,,,,,1.0
BGD,Rajshahi/Rangpur,4060136,Age specific fertility rate: 15-19,133.0,0,BD,Bangladesh,2011,BD2011DHS,FE_FRTR_W_A15,11763010,I,360007,1360070,Region,Rajshahi/Rangpur,0,,0,1,FEFRTRWA15,BDDHS2011360007,2011,DHS,,,,,
BGD,Rangpur,1796891,Age specific fertility rate: 15-19,143.0,0,BD,Bangladesh,2011,BD2011DHS,FE_FRTR_W_A15,11763010,I,360008,1360080,Region,..Rangpur,0,,0,1,FEFRTRWA15,BDDHS2011360008,2011,DHS,,,,,1.0
BGD,Rajshahi,1796967,Age specific fertility rate: 15-19,125.0,0,BD,Bangladesh,2011,BD2011DHS,FE_FRTR_W_A15,11763010,I,360009,1360090,Region,..Rajshahi,0,,0,1,FEFRTRWA15,BDDHS2011360009,2011,DHS,,,,,1.0
BGD,Barishal,3917830,Married women currently using any method of contraception,64.7,1,BD,Bangladesh,2011,BD2011DHS,FP_CUSM_W_ANY,32633010,I,360001,1360010,Region,Barishal,0,,0,1,FPCUSMWANY,BDDHS2011360001,2011,DHS,952.0,1948.0,,,1.0
BGD,Chattogram/Sylhet,1542502,Married women currently using any method of contraception,49.9,1,BD,Bangladesh,2011,BD2011DHS,FP_CUSM_W_ANY,32633010,I,360002,1360020,Region,Chattogram/Sylhet,0,,0,1,FPCUSMWANY,BDDHS2011360002,2011,DHS,3899.0,4590.0,,,
BGD,Chattogram,5584687,Married women currently using any method of contraception,51.4,1,BD,Bangladesh,2011,BD2011DHS,FP_CUSM_W_ANY,32633010,I,360003,1360030,Region,..Chattogram,0,,0,1,FPCUSMWANY,BDDHS2011360003,2011,DHS,3015.0,2689.0,,,1.0
BGD,Sylhet,6157330,Married women currently using any method of contraception,44.8,1,BD,Bangladesh,2011,BD2011DHS,FP_CUSM_W_ANY,32633010,I,360004,1360040,Region,..Sylhet,0,,0,1,FPCUSMWANY,BDDHS2011360004,2011,DHS,884.0,1901.0,,,1.0
BGD,Dhaka before 2015,5404475,Married women currently using any method of contraception,61.0,1,BD,Bangladesh,2011,BD2011DHS,FP_CUSM_W_ANY,32633010,I,360005,1360050,Region,Dhaka before 2015,0,,0,1,FPCUSMWANY,BDDHS2011360005,2011,DHS,5334.0,2844.0,,,1.0
BGD,Khulna,2645640,Married women currently using any method of contraception,66.7,1,BD,Bangladesh,2011,BD2011DHS,FP_CUSM_W_ANY,32633010,I,360006,1360060,Region,Khulna,0,,0,1,FPCUSMWANY,BDDHS2011360006,2011,DHS,1996.0,2462.0,,,1.0
BGD,Rajshahi/Rangpur,6898587,Married women currently using any method of contraception,68.2,1,BD,Bangladesh,2011,BD2011DHS,FP_CUSM_W_ANY,32633010,I,360007,1360070,Region,Rajshahi/Rangpur,0,,0,1,FPCUSMWANY,BDDHS2011360007,2011,DHS,4454.0,4772.0,,,
BGD,Rangpur,6486548,Married women currently using any method of contraception,69.4,1,BD,Bangladesh,2011,BD2011DHS,FP_CUSM_W_ANY,32633010,I,360008,1360080,Region,..Rangpur,0,,0,1,FPCUSMWANY,BDDHS2011360008,2011,DHS,1927.0,2309.0,,,1.0
BGD,Rajshahi,2986087,Married women currently using any method of contraception,67.3,1,BD,Bangladesh,2011,BD2011DHS,FP_CUSM_W_ANY,32633010,I,360009,1360090,Region,..Rajshahi,0,,0,1,FPCUSMWANY,BDDHS2011360009,2011,DHS,2526.0,2463.0,,,1.0
BGD,Barishal,2662355,Unmet need for family planning,12.1,1,BD,Bangladesh,2011,BD2011DHS,FP_NADM_W_UNT,32933030,I,360001,1360010,Region,Barishal,0,,0,1,FPNADMWUNT,BDDHS2011360001,2011,DHS,952.0,1948.0,,,1.0
BGD,Chattogram/Sylhet,4875517,Unmet need for family planning,19.9,1,BD,Bangladesh,2011,BD2011DHS,FP_NADM_W_UNT,32933030,I,360002,1360020,Region,Chattogram/Sylhet,0,,0,1,FPNADMWUNT,BDDHS2011360002,2011,DHS,3899.0,4590.0,,,
BGD,Chattogram,751702,Unmet need for family planning,20.7,1,BD,Bangladesh,2011,BD2011DHS,FP_NADM_W_UNT,32933030,I,360003,1360030,Region,..Chattogram,0,,0,1,FPNADMWUNT,BDDHS2011360003,2011,DHS,3015.0,2689.0,,,1.0
BGD,Sylhet,6363255,Unmet need for family planning,17.3,1,BD,Bangladesh,2011,BD2011DHS,FP_NADM_W_UNT,32933030,I,360004,1360040,Region,..Sylhet,0,,0,1,FPNADMWUNT,BDDHS2011360004,2011,DHS,884.0,1901.0,,,1.0
BGD,Dhaka before 2015,6024424,Unmet need for family planning,13.0,1,BD,Bangladesh,2011,BD2011DHS,FP_NADM_W_UNT,32933030,I,360005,1360050,Region,Dhaka before 2015,0,,0,1,FPNADMWUNT,BDDHS2011360005,2011,DHS,5334.0,2844.0,,,1.0
BGD,Khulna,2726183,Unmet need for family planning,9.5,1,BD,Bangladesh,2011,BD2011DHS,FP_NADM_W_UNT,32933030,I,360006,1360060,Region,Khulna,0,,0,1,FPNADMWUNT,BDDHS2011360006,2011,DHS,1996.0,2462.0,,,1.0
BGD,Rajshahi/Rangpur,6982051,Unmet need for family planning,10.4,1,BD,Bangladesh,2011,BD2011DHS,FP_NADM_W_UNT,32933030,I,360007,1360070,Region,Rajshahi/Rangpur,0,,0,1,FPNADMWUNT,BDDHS2011360007,2011,DHS,4454.0,4772.0,,,
BGD,Rangpur,1549178,Unmet need for family planning,9.7,1,BD,Bangladesh,2011,BD2011DHS,FP_NADM_W_UNT,32933030,I,360008,1360080,Region,..Rangpur,0,,0,1,FPNADMWUNT,BDDHS2011360008,2011,DHS,1927.0,2309.0,,,1.0
BGD,Rajshahi,4765161,Unmet need for family planning,11.0,1,BD,Bangladesh,2011,BD2011DHS,FP_NADM_W_UNT,32933030,I,360009,1360090,Region,..Rajshahi,0,,0,1,FPNADMWUNT,BDDHS2011360009,2011,DHS,2526.0,2463.0,,,1.0
BGD,Barishal,1735449,Neonatal mortality rate,32.0,0,BD,Bangladesh,2011,BD2011DHS,CM_ECMR_C_NNR,63206010,I,360001,1360010,Region,Barishal,14003,Ten years preceding the survey,0,1,CMECMRCNNR,BDDHS2011360001,2011,DHS,,,25.0,39.0,1.0
BGD,Chattogram/Sylhet,7909905,Neonatal mortality rate,34.0,0,BD,Bangladesh,2011,BD2011DHS,CM_ECMR_C_NNR,63206010,I,360002,1360020,Region,Chattogram/Sylhet,14003,Ten years preceding the survey,0,1,CMECMRCNNR,BDDHS2011360002,2011,DHS,,,29.0,40.0,
BGD,Chattogram,7943527,Neonatal mortality rate,30.0,0,BD,Bangladesh,2011,BD2011DHS,CM_ECMR_C_NNR,63206010,I,360003,1360030,Region,..Chattogram,14003,Ten years preceding the survey,0,1,CMECMRCNNR,BDDHS2011360003,2011,DHS,,,23.0,36.0,1.0
BGD,Sylhet,7724821,Neonatal mortality rate,47.0,0,BD,Bangladesh,2011,BD2011DHS,CM_ECMR_C_NNR,63206010,I,360004,1360040,Region,..Sylhet,14003,Ten years preceding the survey,0,1,CMECMRCNNR,BDDHS2011360004,2011,DHS,,,37.0,57.0,1.0
BGD,Dhaka before 2015,7497189,Neonatal mortality rate,34.0,0,BD,Bangladesh,2011,BD2011DHS,CM_ECMR_C_NNR,63206010,I,360005,1360050,Region,Dhaka before 2015,14003,Ten years preceding the survey,0,1,CMECMRCNNR,BDDHS2011360005,2011,DHS,,,27.0,41.0,1.0
BGD,Khulna,7876160,Neonatal mortality rate,33.0,0,BD,Bangladesh,2011,BD2011DHS,CM_ECMR_C_NNR,63206010,I,360006,1360060,Region,Khulna,14003,Ten years preceding the survey,0,1,CMECMRCNNR,BDDHS2011360006,2011,DHS,,,25.0,41.0,1.0
BGD,Rajshahi/Rangpur,7657489,Neonatal mortality rate,43.0,0,BD,Bangladesh,2011,BD2011DHS,CM_ECMR_C_NNR,63206010,I,360007,1360070,Region,Rajshahi/Rangpur,14003,Ten years preceding the survey,0,1,CMECMRCNNR,BDDHS2011360007,2011,DHS,,,35.0,52.0,
BGD,Rangpur,7955051,Neonatal mortality rate,36.0,0,BD,Bangladesh,2011,BD2011DHS,CM_ECMR_C_NNR,63206010,I,360008,1360080,Region,..Rangpur,14003,Ten years preceding the survey,0,1,CMECMRCNNR,BDDHS2011360008,2011,DHS,,,25.0,46.0,1.0
BGD,Rajshahi,7980718,Neonatal mortality rate,50.0,0,BD,Bangladesh,2011,BD2011DHS,CM_ECMR_C_NNR,63206010,I,360009,1360090,Region,..Rajshahi,14003,Ten years preceding the survey,0,1,CMECMRCNNR,BDDHS2011360009,2011,DHS,,,38.0,62.0,1.0
BGD,Barishal,1735473,Postneonatal mortality rate,13.0,0,BD,Bangladesh,2011,BD2011DHS,CM_ECMR_C_PNR,63206020,I,360001,1360010,Region,Barishal,14003,Ten years preceding the survey,0,1,CMECMRCPNR,BDDHS2011360001,2011,DHS,,,8.0,19.0,1.0
BGD,Chattogram/Sylhet,7882424,Postneonatal mortality rate,15.0,0,BD,Bangladesh,2011,BD2011DHS,CM_ECMR_C_PNR,63206020,I,360002,1360020,Region,Chattogram/Sylhet,14003,Ten years preceding the survey,0,1,CMECMRCPNR,BDDHS2011360002,2011,DHS,,,11.0,18.0,
BGD,Chattogram,7632180,Postneonatal mortality rate,13.0,0,BD,Bangladesh,2011,BD2011DHS,CM_ECMR_C_PNR,63206020,I,360003,1360030,Region,..Chattogram,14003,Ten years preceding the survey,0,1,CMECMRCPNR,BDDHS2011360003,2011,DHS,,,9.0,17.0,1.0
BGD,Sylhet,1723361,Postneonatal mortality rate,19.0,0,BD,Bangladesh,2011,BD2011DHS,CM_ECMR_C_PNR,63206020,I,360004,1360040,Region,..Sylhet,14003,Ten years preceding the survey,0,1,CMECMRCPNR,BDDHS2011360004,2011,DHS,,,13.0,24.0,1.0
BGD,Dhaka before 2015,878302,Postneonatal mortality rate,15.0,0,BD,Bangladesh,2011,BD2011DHS,CM_ECMR_C_PNR,63206020,I,360005,1360050,Region,Dhaka before 2015,14003,Ten years preceding the survey,0,1,CMECMRCPNR,BDDHS2011360005,2011,DHS,,,10.0,20.0,1.0
BGD,Khulna,1729708,Postneonatal mortality rate,8.0,0,BD,Bangladesh,2011,BD2011DHS,CM_ECMR_C_PNR,63206020,I,360006,1360060,Region,Khulna,14003,Ten years preceding the survey,0,1,CMECMRCPNR,BDDHS2011360006,2011,DHS,,,4.0,12.0,1.0
BGD,Rajshahi/Rangpur,7532029,Postneonatal mortality rate,13.0,0,BD,Bangladesh,2011,BD2011DHS,CM_ECMR_C_PNR,63206020,I,360007,1360070,Region,Rajshahi/Rangpur,14003,Ten years preceding the survey,0,1,CMECMRCPNR,BDDHS2011360007,2011,DHS,,,9.0,17.0,
BGD,Rangpur,7957036,Postneonatal mortality rate,15.0,0,BD,Bangladesh,2011,BD2011DHS,CM_ECMR_C_PNR,63206020,I,360008,1360080,Region,..Rangpur,14003,Ten years preceding the survey,0,1,CMECMRCPNR,BDDHS2011360008,2011,DHS,,,9.0,20.0,1.0
BGD,Rajshahi,7780284,Postneonatal mortality rate,12.0,0,BD,Bangladesh,2011,BD2011DHS,CM_ECMR_C_PNR,63206020,I,360009,1360090,Region,..Rajshahi,14003,Ten years preceding the survey,0,1,CMECMRCPNR,BDDHS2011360009,2011,DHS,,,6.0,17.0,1.0
BGD,Barishal,7619839,Infant mortality rate,45.0,0,BD,Bangladesh,2011,BD2011DHS,CM_ECMR_C_IMR,63206030,I,360001,1360010,Region,Barishal,14003,Ten years preceding the survey,0,1,CMECMRCIMR,BDDHS2011360001,2011,DHS,,,36.0,55.0,1.0
BGD,Chattogram/Sylhet,7462417,Infant mortality rate,49.0,0,BD,Bangladesh,2011,BD2011DHS,CM_ECMR_C_IMR,63206030,I,360002,1360020,Region,Chattogram/Sylhet,14003,Ten years preceding the survey,0,1,CMECMRCIMR,BDDHS2011360002,2011,DHS,,,42.0,55.0,
BGD,Chattogram,7906848,Infant mortality rate,43.0,0,BD,Bangladesh,2011,BD2011DHS,CM_ECMR_C_IMR,63206030,I,360003,1360030,Region,..Chattogram,14003,Ten years preceding the survey,0,1,CMECMRCIMR,BDDHS2011360003,2011,DHS,,,35.0,50.0,1.0
BGD,Sylhet,7459480,Infant mortality rate,66.0,0,BD,Bangladesh,2011,BD2011DHS,CM_ECMR_C_IMR,63206030,I,360004,1360040,Region,..Sylhet,14003,Ten years preceding the survey,0,1,CMECMRCIMR,BDDHS2011360004,2011,DHS,,,55.0,77.0,1.0
BGD,Dhaka before 2015,7852006,Infant mortality rate,49.0,0,BD,Bangladesh,2011,BD2011DHS,CM_ECMR_C_IMR,63206030,I,360005,1360050,Region,Dhaka before 2015,14003,Ten years preceding the survey,0,1,CMECMRCIMR,BDDHS2011360005,2011,DHS,,,41.0,58.0,1.0
BGD,Khulna,7464231,Infant mortality rate,42.0,0,BD,Bangladesh,2011,BD2011DHS,CM_ECMR_C_IMR,63206030,I,360006,1360060,Region,Khulna,14003,Ten years preceding the survey,0,1,CMECMRCIMR,BDDHS2011360006,2011,DHS,,,33.0,50.0,1.0
BGD,Rajshahi/Rangpur,7865243,Infant mortality rate,56.0,0,BD,Bangladesh,2011,BD2011DHS,CM_ECMR_C_IMR,63206030,I,360007,1360070,Region,Rajshahi/Rangpur,14003,Ten years preceding the survey,0,1,CMECMRCIMR,BDDHS2011360007,2011,DHS,,,48.0,65.0,
BGD,Rangpur,7650712,Infant mortality rate,50.0,0,BD,Bangladesh,2011,BD2011DHS,CM_ECMR_C_IMR,63206030,I,360008,1360080,Region,..Rangpur,14003,Ten years preceding the survey,0,1,CMECMRCIMR,BDDHS2011360008,2011,DHS,,,39.0,61.0,1.0
BGD,Rajshahi,1729659,Infant mortality rate,62.0,0,BD,Bangladesh,2011,BD2011DHS,CM_ECMR_C_IMR,63206030,I,360009,1360090,Region,..Rajshahi,14003,Ten years preceding the survey,0,1,CMECMRCIMR,BDDHS2011360009,2011,DHS,,,48.0,75.0,1.0
BGD,Barishal,7837186,Child mortality rate,18.0,0,BD,Bangladesh,2011,BD2011DHS,CM_ECMR_C_CMR,63206040,I,360001,1360010,Region,Barishal,14003,Ten years preceding the survey,0,1,CMECMRCCMR,BDDHS2011360001,2011,DHS,,,11.0,24.0,1.0
BGD,Chattogram/Sylhet,7518899,Child mortality rate,20.0,0,BD,Bangladesh,2011,BD2011DHS,CM_ECMR_C_CMR,63206040,I,360002,1360020,Region,Chattogram/Sylhet,14003,Ten years preceding the survey,0,1,CMECMRCCMR,BDDHS2011360002,2011,DHS,,,15.0,25.0,
BGD,Chattogram,7880805,Child mortality rate,22.0,0,BD,Bangladesh,2011,BD2011DHS,CM_ECMR_C_CMR,63206040,I,360003,1360030,Region,..Chattogram,14003,Ten years preceding the survey,0,1,CMECMRCCMR,BDDHS2011360003,2011,DHS,,,15.0,28.0,1.0
BGD,Sylhet,7610340,Child mortality rate,15.0,0,BD,Bangladesh,2011,BD2011DHS,CM_ECMR_C_CMR,63206040,I,360004,1360040,Region,..Sylhet,14003,Ten years preceding the survey,0,1,CMECMRCCMR,BDDHS2011360004,2011,DHS,,,10.0,19.0,1.0
BGD,Dhaka before 2015,7618262,Child mortality rate,14.0,0,BD,Bangladesh,2011,BD2011DHS,CM_ECMR_C_CMR,63206040,I,360005,1360050,Region,Dhaka before 2015,14003,Ten years preceding the survey,0,1,CMECMRCCMR,BDDHS2011360005,2011,DHS,,,9.0,18.0,1.0
BGD,Khulna,7738905,Child mortality rate,6.0,0,BD,Bangladesh,2011,BD2011DHS,CM_ECMR_C_CMR,63206040,I,360006,1360060,Region,Khulna,14003,Ten years preceding the survey,0,1,CMECMRCCMR,BDDHS2011360006,2011,DHS,,,2.0,10.0,1.0
BGD,Rajshahi/Rangpur,7446783,Child mortality rate,11.0,0,BD,Bangladesh,2011,BD2011DHS,CM_ECMR_C_CMR,63206040,I,360007,1360070,Region,Rajshahi/Rangpur,14003,Ten years preceding the survey,0,1,CMECMRCCMR,BDDHS2011360007,2011,DHS,,,8.0,15.0,
BGD,Rangpur,7737489,Child mortality rate,9.0,0,BD,Bangladesh,2011,BD2011DHS,CM_ECMR_C_CMR,63206040,I,360008,1360080,Region,..Rangpur,14003,Ten years preceding the survey,0,1,CMECMRCCMR,BDDHS2011360008,2011,DHS,,,6.0,13.0,1.0
BGD,Rajshahi,7585893,Child mortality rate,13.0,0,BD,Bangladesh,2011,BD2011DHS,CM_ECMR_C_CMR,63206040,I,360009,1360090,Region,..Rajshahi,14003,Ten years preceding the survey,0,1,CMECMRCCMR,BDDHS2011360009,2011,DHS,,,7.0,18.0,1.0
BGD,Barishal,7899113,Under-five mortality rate,62.0,0,BD,Bangladesh,2011,BD2011DHS,CM_ECMR_C_U5M,63206050,I,360001,1360010,Region,Barishal,14003,Ten years preceding the survey,0,1,CMECMRCU5M,BDDHS2011360001,2011,DHS,,,52.0,73.0,1.0
BGD,Chattogram/Sylhet,7858894,Under-five mortality rate,68.0,0,BD,Bangladesh,2011,BD2011DHS,CM_ECMR_C_U5M,63206050,I,360002,1360020,Region,Chattogram/Sylhet,14003,Ten years preceding the survey,0,1,CMECMRCU5M,BDDHS2011360002,2011,DHS,,,59.0,77.0,
BGD,Chattogram,1723356,Under-five mortality rate,63.0,0,BD,Bangladesh,2011,BD2011DHS,CM_ECMR_C_U5M,63206050,I,360003,1360030,Region,..Chattogram,14003,Ten years preceding the survey,0,1,CMECMRCU5M,BDDHS2011360003,2011,DHS,,,52.0,75.0,1.0
BGD,Sylhet,7697221,Under-five mortality rate,80.0,0,BD,Bangladesh,2011,BD2011DHS,CM_ECMR_C_U5M,63206050,I,360004,1360040,Region,..Sylhet,14003,Ten years preceding the survey,0,1,CMECMRCU5M,BDDHS2011360004,2011,DHS,,,69.0,91.0,1.0
BGD,Dhaka before 2015,1740972,Under-five mortality rate,62.0,0,BD,Bangladesh,2011,BD2011DHS,CM_ECMR_C_U5M,63206050,I,360005,1360050,Region,Dhaka before 2015,14003,Ten years preceding the survey,0,1,CMECMRCU5M,BDDHS2011360005,2011,DHS,,,53.0,72.0,1.0
BGD,Khulna,7539712,Under-five mortality rate,47.0,0,BD,Bangladesh,2011,BD2011DHS,CM_ECMR_C_U5M,63206050,I,360006,1360060,Region,Khulna,14003,Ten years preceding the survey,0,1,CMECMRCU5M,BDDHS2011360006,2011,DHS,,,39.0,56.0,1.0
BGD,Rajshahi/Rangpur,7450229,Under-five mortality rate,67.0,0,BD,Bangladesh,2011,BD2011DHS,CM_ECMR_C_U5M,63206050,I,360007,1360070,Region,Rajshahi/Rangpur,14003,Ten years preceding the survey,0,1,CMECMRCU5M,BDDHS2011360007,2011,DHS,,,58.0,76.0,
BGD,Rangpur,7822589,Under-five mortality rate,59.0,0,BD,Bangladesh,2011,BD2011DHS,CM_ECMR_C_U5M,63206050,I,360008,1360080,Region,..Rangpur,14003,Ten years preceding the survey,0,1,CMECMRCU5M,BDDHS2011360008,2011,DHS,,,48.0,70.0,1.0
BGD,Rajshahi,7976426,Under-five mortality rate,74.0,0,BD,Bangladesh,2011,BD2011DHS,CM_ECMR_C_U5M,63206050,I,360009,1360090,Region,..Rajshahi,14003,Ten years preceding the survey,0,1,CMECMRCU5M,BDDHS2011360009,2011,DHS,,,61.0,87.0,1.0
BGD,Barishal,2211574,Antenatal care from a skilled provider,50.8,1,BD,Bangladesh,2011,BD2011DHS,RH_ANCP_W_SKP,83363120,I,360001,1360010,Region,Barishal,14000,Three years preceding the survey,0,0,RHANCPWSKP,BDDHS2011360001,2011,DHS,260.0,525.0,,,1.0
BGD,Barishal,7148597,Antenatal care from a skilled provider,46.9,1,BD,Bangladesh,2011,BD2011DHS,RH_ANCP_W_SKP,83363120,I,360001,1360010,Region,Barishal,14001,Five years preceding the survey,0,0,RHANCPWSKP,BDDHS2011360001,2011,DHS,429.0,855.0,,,1.0
BGD,Barishal,4086553,Antenatal care from a skilled provider,52.9,1,BD,Bangladesh,2011,BD2011DHS,RH_ANCP_W_SKP,83363120,I,360001,1360010,Region,Barishal,14002,Two years preceding the survey,0,1,RHANCPWSKP,BDDHS2011360001,2011,DHS,177.0,356.0,,,1.0
BGD,Chattogram/Sylhet,494247,Antenatal care from a skilled provider,53.1,1,BD,Bangladesh,2011,BD2011DHS,RH_ANCP_W_SKP,83363120,I,360002,1360020,Region,Chattogram/Sylhet,14000,Three years preceding the survey,0,0,RHANCPWSKP,BDDHS2011360002,2011,DHS,1425.0,1652.0,,,
BGD,Chattogram/Sylhet,2217651,Antenatal care from a skilled provider,51.0,1,BD,Bangladesh,2011,BD2011DHS,RH_ANCP_W_SKP,83363120,I,360002,1360020,Region,Chattogram/Sylhet,14001,Five years preceding the survey,0,0,RHANCPWSKP,BDDHS2011360002,2011,DHS,2095.0,2451.0,,,
BGD,Chattogram/Sylhet,6769207,Antenatal care from a skilled provider,53.0,1,BD,Bangladesh,2011,BD2011DHS,RH_ANCP_W_SKP,83363120,I,360002,1360020,Region,Chattogram/Sylhet,14002,Two years preceding the survey,0,1,RHANCPWSKP,BDDHS2011360002,2011,DHS,1021.0,1162.0,,,
BGD,Chattogram,746670,Antenatal care from a skilled provider,55.1,1,BD,Bangladesh,2011,BD2011DHS,RH_ANCP_W_SKP,83363120,I,360003,1360030,Region,..Chattogram,14000,Three years preceding the survey,0,0,RHANCPWSKP,BDDHS2011360003,2011,DHS,1083.0,941.0,,,1.0
BGD,Chattogram,5419195,Antenatal care from a skilled provider,53.0,1,BD,Bangladesh,2011,BD2011DHS,RH_ANCP_W_SKP,83363120,I,360003,1360030,Region,..Chattogram,14001,Five years preceding the survey,0,0,RHANCPWSKP,BDDHS2011360003,2011,DHS,1589.0,1392.0,,,1.0
BGD,Chattogram,4152850,Antenatal care from a skilled provider,54.9,1,BD,Bangladesh,2011,BD2011DHS,RH_ANCP_W_SKP,83363120,I,360003,1360030,Region,..Chattogram,14002,Two years preceding the survey,0,1,RHANCPWSKP,BDDHS2011360003,2011,DHS,783.0,674.0,,,1.0
BGD,Sylhet,4531184,Antenatal care from a skilled provider,46.7,1,BD,Bangladesh,2011,BD2011DHS,RH_ANCP_W_SKP,83363120,I,360004,1360040,Region,..Sylhet,14000,Three years preceding the survey,0,0,RHANCPWSKP,BDDHS2011360004,2011,DHS,342.0,711.0,,,1.0
BGD,Sylhet,3685501,Antenatal care from a skilled provider,44.8,1,BD,Bangladesh,2011,BD2011DHS,RH_ANCP_W_SKP,83363120,I,360004,1360040,Region,..Sylhet,14001,Five years preceding the survey,0,0,RHANCPWSKP,BDDHS2011360004,2011,DHS,505.0,1059.0,,,1.0
BGD,Sylhet,6075977,Antenatal care from a skilled provider,46.8,1,BD,Bangladesh,2011,BD2011DHS,RH_ANCP_W_SKP,83363120,I,360004,1360040,Region,..Sylhet,14002,Two years preceding the survey,0,1,RHANCPWSKP,BDDHS2011360004,2011,DHS,238.0,488.0,,,1.0
BGD,Dhaka before 2015,3468011,Antenatal care from a skilled provider,54.5,1,BD,Bangladesh,2011,BD2011DHS,RH_ANCP_W_SKP,83363120,I,360005,1360050,Region,Dhaka before 2015,14000,Three years preceding the survey,0,0,RHANCPWSKP,BDDHS2011360005,2011,DHS,1418.0,752.0,,,1.0
BGD,Dhaka before 2015,4706009,Antenatal care from a skilled provider,51.0,1,BD,Bangladesh,2011,BD2011DHS,RH_ANCP_W_SKP,83363120,I,360005,1360050,Region,Dhaka before 2015,14001,Five years preceding the survey,0,0,RHANCPWSKP,BDDHS2011360005,2011,DHS,2312.0,1226.0,,,1.0
BGD,Dhaka before 2015,3884803,Antenatal care from a skilled provider,54.2,1,BD,Bangladesh,2011,BD2011DHS,RH_ANCP_W_SKP,83363120,I,360005,1360050,Region,Dhaka before 2015,14002,Two years preceding the survey,0,1,RHANCPWSKP,BDDHS2011360005,2011,DHS,988.0,525.0,,,1.0
BGD,Khulna,2702173,Antenatal care from a skilled provider,65.4,1,BD,Bangladesh,2011,BD2011DHS,RH_ANCP_W_SKP,83363120,I,360006,1360060,Region,Khulna,14000,Three years preceding the survey,0,0,RHANCPWSKP,BDDHS2011360006,2011,DHS,441.0,551.0,,,1.0
BGD,Khulna,6720881,Antenatal care from a skilled provider,60.9,1,BD,Bangladesh,2011,BD2011DHS,RH_ANCP_W_SKP,83363120,I,360006,1360060,Region,Khulna,14001,Five years preceding the survey,0,0,RHANCPWSKP,BDDHS2011360006,2011,DHS,712.0,876.0,,,1.0
BGD,Khulna,508567,Antenatal care from a skilled provider,66.3,1,BD,Bangladesh,2011,BD2011DHS,RH_ANCP_W_SKP,83363120,I,360006,1360060,Region,Khulna,14002,Two years preceding the survey,0,1,RHANCPWSKP,BDDHS2011360006,2011,DHS,305.0,386.0,,,1.0
BGD,Rajshahi/Rangpur,499932,Antenatal care from a skilled provider,53.2,1,BD,Bangladesh,2011,BD2011DHS,RH_ANCP_W_SKP,83363120,I,360007,1360070,Region,Rajshahi/Rangpur,14000,Three years preceding the survey,0,0,RHANCPWSKP,BDDHS2011360007,2011,DHS,1108.0,1181.0,,,
BGD,Rajshahi/Rangpur,2211619,Antenatal care from a skilled provider,51.2,1,BD,Bangladesh,2011,BD2011DHS,RH_ANCP_W_SKP,83363120,I,360007,1360070,Region,Rajshahi/Rangpur,14001,Five years preceding the survey,0,0,RHANCPWSKP,BDDHS2011360007,2011,DHS,1801.0,1906.0,,,
BGD,Rajshahi/Rangpur,3254654,Antenatal care from a skilled provider,55.3,1,BD,Bangladesh,2011,BD2011DHS,RH_ANCP_W_SKP,83363120,I,360007,1360070,Region,Rajshahi/Rangpur,14002,Two years preceding the survey,0,1,RHANCPWSKP,BDDHS2011360007,2011,DHS,773.0,821.0,,,
BGD,Rangpur,2206025,Antenatal care from a skilled provider,49.6,1,BD,Bangladesh,2011,BD2011DHS,RH_ANCP_W_SKP,83363120,I,360008,1360080,Region,..Rangpur,14000,Three years preceding the survey,0,0,RHANCPWSKP,BDDHS2011360008,2011,DHS,491.0,591.0,,,1.0
BGD,Rangpur,7235847,Antenatal care from a skilled provider,48.5,1,BD,Bangladesh,2011,BD2011DHS,RH_ANCP_W_SKP,83363120,I,360008,1360080,Region,..Rangpur,14001,Five years preceding the survey,0,0,RHANCPWSKP,BDDHS2011360008,2011,DHS,803.0,960.0,,,1.0
BGD,Rangpur,4284652,Antenatal care from a skilled provider,52.9,1,BD,Bangladesh,2011,BD2011DHS,RH_ANCP_W_SKP,83363120,I,360008,1360080,Region,..Rangpur,14002,Two years preceding the survey,0,1,RHANCPWSKP,BDDHS2011360008,2011,DHS,334.0,405.0,,,1.0
BGD,Rajshahi,6858318,Antenatal care from a skilled provider,56.1,1,BD,Bangladesh,2011,BD2011DHS,RH_ANCP_W_SKP,83363120,I,360009,1360090,Region,..Rajshahi,14000,Three years preceding the survey,0,0,RHANCPWSKP,BDDHS2011360009,2011,DHS,618.0,590.0,,,1.0
BGD,Rajshahi,2206060,Antenatal care from a skilled provider,53.2,1,BD,Bangladesh,2011,BD2011DHS,RH_ANCP_W_SKP,83363120,I,360009,1360090,Region,..Rajshahi,14001,Five years preceding the survey,0,0,RHANCPWSKP,BDDHS2011360009,2011,DHS,998.0,946.0,,,1.0
BGD,Rajshahi,5688634,Antenatal care from a skilled provider,57.1,1,BD,Bangladesh,2011,BD2011DHS,RH_ANCP_W_SKP,83363120,I,360009,1360090,Region,..Rajshahi,14002,Two years preceding the survey,0,1,RHANCPWSKP,BDDHS2011360009,2011,DHS,439.0,416.0,,,1.0
BGD,Barishal,6067351,Antenatal visits for pregnancy: 4+ visits,27.0,1,BD,Bangladesh,2011,BD2011DHS,RH_ANCN_W_N4P,83403040,I,360001,1360010,Region,Barishal,14000,Three years preceding the survey,0,0,RHANCNWN4P,BDDHS2011360001,2011,DHS,260.0,525.0,,,1.0
BGD,Barishal,6602445,Antenatal visits for pregnancy: 4+ visits,24.7,1,BD,Bangladesh,2011,BD2011DHS,RH_ANCN_W_N4P,83403040,I,360001,1360010,Region,Barishal,14001,Five years preceding the survey,0,0,RHANCNWN4P,BDDHS2011360001,2011,DHS,429.0,855.0,,,1.0
BGD,Barishal,5052621,Antenatal visits for pregnancy: 4+ visits,27.0,1,BD,Bangladesh,2011,BD2011DHS,RH_ANCN_W_N4P,83403040,I,360001,1360010,Region,Barishal,14002,Two years preceding the survey,0,1,RHANCNWN4P,BDDHS2011360001,2011,DHS,177.0,356.0,,,1.0
BGD,Chattogram/Sylhet,5251116,Antenatal visits for pregnancy: 4+ visits,19.2,1,BD,Bangladesh,2011,BD2011DHS,RH_ANCN_W_N4P,83403040,I,360002,1360020,Region,Chattogram/Sylhet,14000,Three years preceding the survey,0,0,RHANCNWN4P,BDDHS2011360002,2011,DHS,1425.0,1652.0,,,
BGD,Chattogram/Sylhet,3047174,Antenatal visits for pregnancy: 4+ visits,17.9,1,BD,Bangladesh,2011,BD2011DHS,RH_ANCN_W_N4P,83403040,I,360002,1360020,Region,Chattogram/Sylhet,14001,Five years preceding the survey,0,0,RHANCNWN4P,BDDHS2011360002,2011,DHS,2095.0,2451.0,,,
BGD,Chattogram/Sylhet,7313928,Antenatal visits for pregnancy: 4+ visits,20.7,1,BD,Bangladesh,2011,BD2011DHS,RH_ANCN_W_N4P,83403040,I,360002,1360020,Region,Chattogram/Sylhet,14002,Two years preceding the survey,0,1,RHANCNWN4P,BDDHS2011360002,2011,DHS,1021.0,1162.0,,,
BGD,Chattogram,2740118,Antenatal visits for pregnancy: 4+ visits,20.3,1,BD,Bangladesh,2011,BD2011DHS,RH_ANCN_W_N4P,83403040,I,360003,1360030,Region,..Chattogram,14000,Three years preceding the survey,0,0,RHANCNWN4P,BDDHS2011360003,2011,DHS,1083.0,941.0,,,1.0
BGD,Chattogram,7283707,Antenatal visits for pregnancy: 4+ visits,18.7,1,BD,Bangladesh,2011,BD2011DHS,RH_ANCN_W_N4P,83403040,I,360003,1360030,Region,..Chattogram,14001,Five years preceding the survey,0,0,RHANCNWN4P,BDDHS2011360003,2011,DHS,1589.0,1392.0,,,1.0
BGD,Chattogram,2217832,Antenatal visits for pregnancy: 4+ visits,21.8,1,BD,Bangladesh,2011,BD2011DHS,RH_ANCN_W_N4P,83403040,I,360003,1360030,Region,..Chattogram,14002,Two years preceding the survey,0,1,RHANCNWN4P,BDDHS2011360003,2011,DHS,783.0,674.0,,,1.0
BGD,Sylhet,6905923,Antenatal visits for pregnancy: 4+ visits,15.9,1,BD,Bangladesh,2011,BD2011DHS,RH_ANCN_W_N4P,83403040,I,360004,1360040,Region,..Sylhet,14000,Three years preceding the survey,0,0,RHANCNWN4P,BDDHS2011360004,2011,DHS,342.0,711.0,,,1.0
BGD,Sylhet,2217787,Antenatal visits for pregnancy: 4+ visits,15.7,1,BD,Bangladesh,2011,BD2011DHS,RH_ANCN_W_N4P,83403040,I,360004,1360040,Region,..Sylhet,14001,Five years preceding the survey,0,0,RHANCNWN4P,BDDHS2011360004,2011,DHS,505.0,1059.0,,,1.0
BGD,Sylhet,6047627,Antenatal visits for pregnancy: 4+ visits,17.3,1,BD,Bangladesh,2011,BD2011DHS,RH_ANCN_W_N4P,83403040,I,360004,1360040,Region,..Sylhet,14002,Two years preceding the survey,0,1,RHANCNWN4P,BDDHS2011360004,2011,DHS,238.0,488.0,,,1.0
BGD,Dhaka before 2015,6524043,Antenatal visits for pregnancy: 4+ visits,26.6,1,BD,Bangladesh,2011,BD2011DHS,RH_ANCN_W_N4P,83403040,I,360005,1360050,Region,Dhaka before 2015,14000,Three years preceding the survey,0,0,RHANCNWN4P,BDDHS2011360005,2011,DHS,1418.0,752.0,,,1.0
BGD,Dhaka before 2015,4913248,Antenatal visits for pregnancy: 4+ visits,25.6,1,BD,Bangladesh,2011,BD2011DHS,RH_ANCN_W_N4P,83403040,I,360005,1360050,Region,Dhaka before 2015,14001,Five years preceding the survey,0,0,RHANCNWN4P,BDDHS2011360005,2011,DHS,2312.0,1226.0,,,1.0
BGD,Dhaka before 2015,2222437,Antenatal visits for pregnancy: 4+ visits,27.9,1,BD,Bangladesh,2011,BD2011DHS,RH_ANCN_W_N4P,83403040,I,360005,1360050,Region,Dhaka before 2015,14002,Two years preceding the survey,0,1,RHANCNWN4P,BDDHS2011360005,2011,DHS,988.0,525.0,,,1.0
BGD,Khulna,4718887,Antenatal visits for pregnancy: 4+ visits,33.3,1,BD,Bangladesh,2011,BD2011DHS,RH_ANCN_W_N4P,83403040,I,360006,1360060,Region,Khulna,14000,Three years preceding the survey,0,0,RHANCNWN4P,BDDHS2011360006,2011,DHS,441.0,551.0,,,1.0
BGD,Khulna,740267,Antenatal visits for pregnancy: 4+ visits,28.4,1,BD,Bangladesh,2011,BD2011DHS,RH_ANCN_W_N4P,83403040,I,360006,1360060,Region,Khulna,14001,Five years preceding the survey,0,0,RHANCNWN4P,BDDHS2011360006,2011,DHS,712.0,876.0,,,1.0
BGD,Khulna,5425371,Antenatal visits for pregnancy: 4+ visits,33.6,1,BD,Bangladesh,2011,BD2011DHS,RH_ANCN_W_N4P,83403040,I,360006,1360060,Region,Khulna,14002,Two years preceding the survey,0,1,RHANCNWN4P,BDDHS2011360006,2011,DHS,305.0,386.0,,,1.0
BGD,Rajshahi/Rangpur,5928000,Antenatal visits for pregnancy: 4+ visits,28.9,1,BD,Bangladesh,2011,BD2011DHS,RH_ANCN_W_N4P,83403040,I,360007,1360070,Region,Rajshahi/Rangpur,14000,Three years preceding the survey,0,0,RHANCNWN4P,BDDHS2011360007,2011,DHS,1108.0,1181.0,,,
BGD,Rajshahi/Rangpur,4466862,Antenatal visits for pregnancy: 4+ visits,26.5,1,BD,Bangladesh,2011,BD2011DHS,RH_ANCN_W_N4P,83403040,I,360007,1360070,Region,Rajshahi/Rangpur,14001,Five years preceding the survey,0,0,RHANCNWN4P,BDDHS2011360007,2011,DHS,1801.0,1906.0,,,
BGD,Rajshahi/Rangpur,2211766,Antenatal visits for pregnancy: 4+ visits,30.9,1,BD,Bangladesh,2011,BD2011DHS,RH_ANCN_W_N4P,83403040,I,360007,1360070,Region,Rajshahi/Rangpur,14002,Two years preceding the survey,0,1,RHANCNWN4P,BDDHS2011360007,2011,DHS,773.0,821.0,,,
BGD,Rangpur,2206131,Antenatal visits for pregnancy: 4+ visits,38.4,1,BD,Bangladesh,2011,BD2011DHS,RH_ANCN_W_N4P,83403040,I,360008,1360080,Region,..Rangpur,14000,Three years preceding the survey,0,0,RHANCNWN4P,BDDHS2011360008,2011,DHS,491.0,591.0,,,1.0
BGD,Rangpur,5890851,Antenatal visits for pregnancy: 4+ visits,33.4,1,BD,Bangladesh,2011,BD2011DHS,RH_ANCN_W_N4P,83403040,I,360008,1360080,Region,..Rangpur,14001,Five years preceding the survey,0,0,RHANCNWN4P,BDDHS2011360008,2011,DHS,803.0,960.0,,,1.0
BGD,Rangpur,4855761,Antenatal visits for pregnancy: 4+ visits,41.8,1,BD,Bangladesh,2011,BD2011DHS,RH_ANCN_W_N4P,83403040,I,360008,1360080,Region,..Rangpur,14002,Two years preceding the survey,0,1,RHANCNWN4P,BDDHS2011360008,2011,DHS,334.0,405.0,,,1.0
BGD,Rajshahi,5750092,Antenatal visits for pregnancy: 4+ visits,21.4,1,BD,Bangladesh,2011,BD2011DHS,RH_ANCN_W_N4P,83403040,I,360009,1360090,Region,..Rajshahi,14000,Three years preceding the survey,0,0,RHANCNWN4P,BDDHS2011360009,2011,DHS,618.0,590.0,,,1.0
BGD,Rajshahi,2698361,Antenatal visits for pregnancy: 4+ visits,21.0,1,BD,Bangladesh,2011,BD2011DHS,RH_ANCN_W_N4P,83403040,I,360009,1360090,Region,..Rajshahi,14001,Five years preceding the survey,0,0,RHANCNWN4P,BDDHS2011360009,2011,DHS,998.0,946.0,,,1.0
BGD,Rajshahi,7353761,Antenatal visits for pregnancy: 4+ visits,22.7,1,BD,Bangladesh,2011,BD2011DHS,RH_ANCN_W_N4P,83403040,I,360009,1360090,Region,..Rajshahi,14002,Two years preceding the survey,0,1,RHANCNWN4P,BDDHS2011360009,2011,DHS,439.0,416.0,,,1.0
BGD,Barishal,6602442,Tetanus protection at birth,88.9,1,BD,Bangladesh,2011,BD2011DHS,RH_TTIJ_W_PRT,83533060,I,360001,1360010,Region,Barishal,14000,Three years preceding the survey,0,0,RHTTIJWPRT,BDDHS2011360001,2011,DHS,260.0,525.0,,,1.0
BGD,Barishal,246531,Tetanus protection at birth,91.2,1,BD,Bangladesh,2011,BD2011DHS,RH_TTIJ_W_PRT,83533060,I,360001,1360010,Region,Barishal,14001,Five years preceding the survey,0,0,RHTTIJWPRT,BDDHS2011360001,2011,DHS,429.0,855.0,,,1.0
BGD,Barishal,3725093,Tetanus protection at birth,87.9,1,BD,Bangladesh,2011,BD2011DHS,RH_TTIJ_W_PRT,83533060,I,360001,1360010,Region,Barishal,14002,Two years preceding the survey,0,1,RHTTIJWPRT,BDDHS2011360001,2011,DHS,177.0,356.0,,,1.0
BGD,Chattogram/Sylhet,2857417,Tetanus protection at birth,87.6,1,BD,Bangladesh,2011,BD2011DHS,RH_TTIJ_W_PRT,83533060,I,360002,1360020,Region,Chattogram/Sylhet,14000,Three years preceding the survey,0,0,RHTTIJWPRT,BDDHS2011360002,2011,DHS,1425.0,1652.0,,,
BGD,Chattogram/Sylhet,6531924,Tetanus protection at birth,88.4,1,BD,Bangladesh,2011,BD2011DHS,RH_TTIJ_W_PRT,83533060,I,360002,1360020,Region,Chattogram/Sylhet,14001,Five years preceding the survey,0,0,RHTTIJWPRT,BDDHS2011360002,2011,DHS,2095.0,2451.0,,,
BGD,Chattogram/Sylhet,5535156,Tetanus protection at birth,87.4,1,BD,Bangladesh,2011,BD2011DHS,RH_TTIJ_W_PRT,83533060,I,360002,1360020,Region,Chattogram/Sylhet,14002,Two years preceding the survey,0,1,RHTTIJWPRT,BDDHS2011360002,2011,DHS,1021.0,1162.0,,,
BGD,Chattogram,6440916,Tetanus protection at birth,88.8,1,BD,Bangladesh,2011,BD2011DHS,RH_TTIJ_W_PRT,83533060,I,360003,1360030,Region,..Chattogram,14000,Three years preceding the survey,0,0,RHTTIJWPRT,BDDHS2011360003,2011,DHS,1083.0,941.0,,,1.0
BGD,Chattogram,2217954,Tetanus protection at birth,89.6,1,BD,Bangladesh,2011,BD2011DHS,RH_TTIJ_W_PRT,83533060,I,360003,1360030,Region,..Chattogram,14001,Five years preceding the survey,0,0,RHTTIJWPRT,BDDHS2011360003,2011,DHS,1589.0,1392.0,,,1.0
BGD,Chattogram,837778,Tetanus protection at birth,88.8,1,BD,Bangladesh,2011,BD2011DHS,RH_TTIJ_W_PRT,83533060,I,360003,1360030,Region,..Chattogram,14002,Two years preceding the survey,0,1,RHTTIJWPRT,BDDHS2011360003,2011,DHS,783.0,674.0,,,1.0
BGD,Sylhet,2217925,Tetanus protection at birth,83.7,1,BD,Bangladesh,2011,BD2011DHS,RH_TTIJ_W_PRT,83533060,I,360004,1360040,Region,..Sylhet,14000,Three years preceding the survey,0,0,RHTTIJWPRT,BDDHS2011360004,2011,DHS,342.0,711.0,,,1.0
BGD,Sylhet,7164832,Tetanus protection at birth,84.7,1,BD,Bangladesh,2011,BD2011DHS,RH_TTIJ_W_PRT,83533060,I,360004,1360040,Region,..Sylhet,14001,Five years preceding the survey,0,0,RHTTIJWPRT,BDDHS2011360004,2011,DHS,505.0,1059.0,,,1.0
BGD,Sylhet,4357481,Tetanus protection at birth,82.8,1,BD,Bangladesh,2011,BD2011DHS,RH_TTIJ_W_PRT,83533060,I,360004,1360040,Region,..Sylhet,14002,Two years preceding the survey,0,1,RHTTIJWPRT,BDDHS2011360004,2011,DHS,238.0,488.0,,,1.0
BGD,Dhaka before 2015,185779,Tetanus protection at birth,92.4,1,BD,Bangladesh,2011,BD2011DHS,RH_TTIJ_W_PRT,83533060,I,360005,1360050,Region,Dhaka before 2015,14000,Three years preceding the survey,0,0,RHTTIJWPRT,BDDHS2011360005,2011,DHS,1418.0,752.0,,,1.0
BGD,Dhaka before 2015,4233458,Tetanus protection at birth,92.4,1,BD,Bangladesh,2011,BD2011DHS,RH_TTIJ_W_PRT,83533060,I,360005,1360050,Region,Dhaka before 2015,14001,Five years preceding the survey,0,0,RHTTIJWPRT,BDDHS2011360005,2011,DHS,2312.0,1226.0,,,1.0
BGD,Dhaka before 2015,6606352,Tetanus protection at birth,90.0,1,BD,Bangladesh,2011,BD2011DHS,RH_TTIJ_W_PRT,83533060,I,360005,1360050,Region,Dhaka before 2015,14002,Two years preceding the survey,0,1,RHTTIJWPRT,BDDHS2011360005,2011,DHS,988.0,525.0,,,1.0
BGD,Khulna,740286,Tetanus protection at birth,90.5,1,BD,Bangladesh,2011,BD2011DHS,RH_TTIJ_W_PRT,83533060,I,360006,1360060,Region,Khulna,14000,Three years preceding the survey,0,0,RHTTIJWPRT,BDDHS2011360006,2011,DHS,441.0,551.0,,,1.0
BGD,Khulna,5401411,Tetanus protection at birth,91.1,1,BD,Bangladesh,2011,BD2011DHS,RH_TTIJ_W_PRT,83533060,I,360006,1360060,Region,Khulna,14001,Five years preceding the survey,0,0,RHTTIJWPRT,BDDHS2011360006,2011,DHS,712.0,876.0,,,1.0
BGD,Khulna,2872032,Tetanus protection at birth,90.3,1,BD,Bangladesh,2011,BD2011DHS,RH_TTIJ_W_PRT,83533060,I,360006,1360060,Region,Khulna,14002,Two years preceding the survey,0,1,RHTTIJWPRT,BDDHS2011360006,2011,DHS,305.0,386.0,,,1.0
BGD,Rajshahi/Rangpur,4438447,Tetanus protection at birth,89.7,1,BD,Bangladesh,2011,BD2011DHS,RH_TTIJ_W_PRT,83533060,I,360007,1360070,Region,Rajshahi/Rangpur,14000,Three years preceding the survey,0,0,RHTTIJWPRT,BDDHS2011360007,2011,DHS,1108.0,1181.0,,,
BGD,Rajshahi/Rangpur,2211830,Tetanus protection at birth,90.6,1,BD,Bangladesh,2011,BD2011DHS,RH_TTIJ_W_PRT,83533060,I,360007,1360070,Region,Rajshahi/Rangpur,14001,Five years preceding the survey,0,0,RHTTIJWPRT,BDDHS2011360007,2011,DHS,1801.0,1906.0,,,
BGD,Rajshahi/Rangpur,6091137,Tetanus protection at birth,89.4,1,BD,Bangladesh,2011,BD2011DHS,RH_TTIJ_W_PRT,83533060,I,360007,1360070,Region,Rajshahi/Rangpur,14002,Two years preceding the survey,0,1,RHTTIJWPRT,BDDHS2011360007,2011,DHS,773.0,821.0,,,
BGD,Rangpur,7125483,Tetanus protection at birth,92.1,1,BD,Bangladesh,2011,BD2011DHS,RH_TTIJ_W_PRT,83533060,I,360008,1360080,Region,..Rangpur,14000,Three years preceding the survey,0,0,RHTTIJWPRT,BDDHS2011360008,2011,DHS,491.0,591.0,,,1.0
BGD,Rangpur,4855811,Tetanus protection at birth,92.0,1,BD,Bangladesh,2011,BD2011DHS,RH_TTIJ_W_PRT,83533060,I,360008,1360080,Region,..Rangpur,14001,Five years preceding the survey,0,0,RHTTIJWPRT,BDDHS2011360008,2011,DHS,803.0,960.0,,,1.0
BGD,Rangpur,2640782,Tetanus protection at birth,91.6,1,BD,Bangladesh,2011,BD2011DHS,RH_TTIJ_W_PRT,83533060,I,360008,1360080,Region,..Rangpur,14002,Two years preceding the survey,0,1,RHTTIJWPRT,BDDHS2011360008,2011,DHS,334.0,405.0,,,1.0
BGD,Rajshahi,2698374,Tetanus protection at birth,87.9,1,BD,Bangladesh,2011,BD2011DHS,RH_TTIJ_W_PRT,83533060,I,360009,1360090,Region,..Rajshahi,14000,Three years preceding the survey,0,0,RHTTIJWPRT,BDDHS2011360009,2011,DHS,618.0,590.0,,,1.0
BGD,Rajshahi,6452965,Tetanus protection at birth,89.5,1,BD,Bangladesh,2011,BD2011DHS,RH_TTIJ_W_PRT,83533060,I,360009,1360090,Region,..Rajshahi,14001,Five years preceding the survey,0,0,RHTTIJWPRT,BDDHS2011360009,2011,DHS,998.0,946.0,,,1.0
BGD,Rajshahi,253216,Tetanus protection at birth,87.6,1,BD,Bangladesh,2011,BD2011DHS,RH_TTIJ_W_PRT,83533060,I,360009,1360090,Region,..Rajshahi,14002,Two years preceding the survey,0,1,RHTTIJWPRT,BDDHS2011360009,2011,DHS,439.0,416.0,,,1.0
BGD,Barishal,6845248,Place of delivery: Health facility,22.3,1,BD,Bangladesh,2011,BD2011DHS,RH_DELP_C_DHF,83566070,I,360001,1360010,Region,Barishal,14000,Three years preceding the survey,0,0,RHDELPCDHF,BDDHS2011360001,2011,DHS,273.0,551.0,,,1.0
BGD,Barishal,2211880,Place of delivery: Health facility,18.8,1,BD,Bangladesh,2011,BD2011DHS,RH_DELP_C_DHF,83566070,I,360001,1360010,Region,Barishal,14001,Five years preceding the survey,0,0,RHDELPCDHF,BDDHS2011360001,2011,DHS,491.0,976.0,,,1.0
BGD,Barishal,5897587,Place of delivery: Health facility,23.7,1,BD,Bangladesh,2011,BD2011DHS,RH_DELP_C_DHF,83566070,I,360001,1360010,Region,Barishal,14002,Two years preceding the survey,0,1,RHDELPCDHF,BDDHS2011360001,2011,DHS,180.0,362.0,,,1.0
BGD,Chattogram/Sylhet,6271968,Place of delivery: Health facility,23.9,1,BD,Bangladesh,2011,BD2011DHS,RH_DELP_C_DHF,83566070,I,360002,1360020,Region,Chattogram/Sylhet,14000,Three years preceding the survey,0,0,RHDELPCDHF,BDDHS2011360002,2011,DHS,1551.0,1799.0,,,
BGD,Chattogram/Sylhet,5756417,Place of delivery: Health facility,20.2,1,BD,Bangladesh,2011,BD2011DHS,RH_DELP_C_DHF,83566070,I,360002,1360020,Region,Chattogram/Sylhet,14001,Five years preceding the survey,0,0,RHDELPCDHF,BDDHS2011360002,2011,DHS,2699.0,3158.0,,,
BGD,Chattogram/Sylhet,2712300,Place of delivery: Health facility,26.1,1,BD,Bangladesh,2011,BD2011DHS,RH_DELP_C_DHF,83566070,I,360002,1360020,Region,Chattogram/Sylhet,14002,Two years preceding the survey,0,1,RHDELPCDHF,BDDHS2011360002,2011,DHS,1051.0,1196.0,,,
BGD,Chattogram,2217986,Place of delivery: Health facility,24.8,1,BD,Bangladesh,2011,BD2011DHS,RH_DELP_C_DHF,83566070,I,360003,1360030,Region,..Chattogram,14000,Three years preceding the survey,0,0,RHDELPCDHF,BDDHS2011360003,2011,DHS,1176.0,1018.0,,,1.0
BGD,Chattogram,689928,Place of delivery: Health facility,20.7,1,BD,Bangladesh,2011,BD2011DHS,RH_DELP_C_DHF,83566070,I,360003,1360030,Region,..Chattogram,14001,Five years preceding the survey,0,0,RHDELPCDHF,BDDHS2011360003,2011,DHS,2017.0,1749.0,,,1.0
BGD,Chattogram,5248053,Place of delivery: Health facility,27.3,1,BD,Bangladesh,2011,BD2011DHS,RH_DELP_C_DHF,83566070,I,360003,1360030,Region,..Chattogram,14002,Two years preceding the survey,0,1,RHDELPCDHF,BDDHS2011360003,2011,DHS,806.0,694.0,,,1.0
BGD,Sylhet,5731345,Place of delivery: Health facility,21.0,1,BD,Bangladesh,2011,BD2011DHS,RH_DELP_C_DHF,83566070,I,360004,1360040,Region,..Sylhet,14000,Three years preceding the survey,0,0,RHDELPCDHF,BDDHS2011360004,2011,DHS,375.0,781.0,,,1.0
BGD,Sylhet,3108096,Place of delivery: Health facility,18.7,1,BD,Bangladesh,2011,BD2011DHS,RH_DELP_C_DHF,83566070,I,360004,1360040,Region,..Sylhet,14001,Five years preceding the survey,0,0,RHDELPCDHF,BDDHS2011360004,2011,DHS,682.0,1409.0,,,1.0
BGD,Sylhet,2217974,Place of delivery: Health facility,22.3,1,BD,Bangladesh,2011,BD2011DHS,RH_DELP_C_DHF,83566070,I,360004,1360040,Region,..Sylhet,14002,Two years preceding the survey,0,1,RHDELPCDHF,BDDHS2011360004,2011,DHS,245.0,502.0,,,1.0
BGD,Dhaka before 2015,4364952,Place of delivery: Health facility,29.9,1,BD,Bangladesh,2011,BD2011DHS,RH_DELP_C_DHF,83566070,I,360005,1360050,Region,Dhaka before 2015,14000,Three years preceding the survey,0,0,RHDELPCDHF,BDDHS2011360005,2011,DHS,1510.0,801.0,,,1.0
BGD,Dhaka before 2015,6781571,Place of delivery: Health facility,26.5,1,BD,Bangladesh,2011,BD2011DHS,RH_DELP_C_DHF,83566070,I,360005,1360050,Region,Dhaka before 2015,14001,Five years preceding the survey,0,0,RHDELPCDHF,BDDHS2011360005,2011,DHS,2727.0,1442.0,,,1.0
BGD,Dhaka before 2015,4723612,Place of delivery: Health facility,31.0,1,BD,Bangladesh,2011,BD2011DHS,RH_DELP_C_DHF,83566070,I,360005,1360050,Region,Dhaka before 2015,14002,Two years preceding the survey,0,1,RHDELPCDHF,BDDHS2011360005,2011,DHS,1006.0,535.0,,,1.0
BGD,Khulna,5593692,Place of delivery: Health facility,45.8,1,BD,Bangladesh,2011,BD2011DHS,RH_DELP_C_DHF,83566070,I,360006,1360060,Region,Khulna,14000,Three years preceding the survey,0,0,RHDELPCDHF,BDDHS2011360006,2011,DHS,463.0,578.0,,,1.0
BGD,Khulna,3963965,Place of delivery: Health facility,40.3,1,BD,Bangladesh,2011,BD2011DHS,RH_DELP_C_DHF,83566070,I,360006,1360060,Region,Khulna,14001,Five years preceding the survey,0,0,RHDELPCDHF,BDDHS2011360006,2011,DHS,796.0,981.0,,,1.0
BGD,Khulna,7319959,Place of delivery: Health facility,49.6,1,BD,Bangladesh,2011,BD2011DHS,RH_DELP_C_DHF,83566070,I,360006,1360060,Region,Khulna,14002,Two years preceding the survey,0,1,RHDELPCDHF,BDDHS2011360006,2011,DHS,314.0,397.0,,,1.0
BGD,Rajshahi/Rangpur,2211835,Place of delivery: Health facility,28.8,1,BD,Bangladesh,2011,BD2011DHS,RH_DELP_C_DHF,83566070,I,360007,1360070,Region,Rajshahi/Rangpur,14000,Three years preceding the survey,0,0,RHDELPCDHF,BDDHS2011360007,2011,DHS,1159.0,1235.0,,,
BGD,Rajshahi/Rangpur,6929323,Place of delivery: Health facility,24.4,1,BD,Bangladesh,2011,BD2011DHS,RH_DELP_C_DHF,83566070,I,360007,1360070,Region,Rajshahi/Rangpur,14001,Five years preceding the survey,0,0,RHDELPCDHF,BDDHS2011360007,2011,DHS,2076.0,2185.0,,,
BGD,Rajshahi/Rangpur,4708928,Place of delivery: Health facility,30.4,1,BD,Bangladesh,2011,BD2011DHS,RH_DELP_C_DHF,83566070,I,360007,1360070,Region,Rajshahi/Rangpur,14002,Two years preceding the survey,0,1,RHDELPCDHF,BDDHS2011360007,2011,DHS,793.0,842.0,,,
BGD,Rangpur,3041486,Place of delivery: Health facility,27.6,1,BD,Bangladesh,2011,BD2011DHS,RH_DELP_C_DHF,83566070,I,360008,1360080,Region,..Rangpur,14000,Three years preceding the survey,0,0,RHDELPCDHF,BDDHS2011360008,2011,DHS,513.0,618.0,,,1.0
BGD,Rangpur,3882362,Place of delivery: Health facility,23.2,1,BD,Bangladesh,2011,BD2011DHS,RH_DELP_C_DHF,83566070,I,360008,1360080,Region,..Rangpur,14001,Five years preceding the survey,0,0,RHDELPCDHF,BDDHS2011360008,2011,DHS,926.0,1105.0,,,1.0
BGD,Rangpur,5773916,Place of delivery: Health facility,29.0,1,BD,Bangladesh,2011,BD2011DHS,RH_DELP_C_DHF,83566070,I,360008,1360080,Region,..Rangpur,14002,Two years preceding the survey,0,1,RHDELPCDHF,BDDHS2011360008,2011,DHS,341.0,414.0,,,1.0
BGD,Rajshahi,6745946,Place of delivery: Health facility,29.8,1,BD,Bangladesh,2011,BD2011DHS,RH_DELP_C_DHF,83566070,I,360009,1360090,Region,..Rajshahi,14000,Three years preceding the survey,0,0,RHDELPCDHF,BDDHS2011360009,2011,DHS,646.0,617.0,,,1.0
BGD,Rajshahi,132175,Place of delivery: Health facility,25.4,1,BD,Bangladesh,2011,BD2011DHS,RH_DELP_C_DHF,83566070,I,360009,1360090,Region,..Rajshahi,14001,Five years preceding the survey,0,0,RHDELPCDHF,BDDHS2011360009,2011,DHS,1150.0,1080.0,,,1.0
BGD,Rajshahi,4594634,Place of delivery: Health facility,31.4,1,BD,Bangladesh,2011,BD2011DHS,RH_DELP_C_DHF,83566070,I,360009,1360090,Region,..Rajshahi,14002,Two years preceding the survey,0,1,RHDELPCDHF,BDDHS2011360009,2011,DHS,451.0,428.0,,,1.0
BGD,Barishal,2211912,Assistance during delivery from a skilled provider,28.4,1,BD,Bangladesh,2011,BD2011DHS,RH_DELA_C_SKP,83606110,I,360001,1360010,Region,Barishal,14000,Three years preceding the survey,0,0,RHDELACSKP,BDDHS2011360001,2011,DHS,273.0,551.0,,,1.0
BGD,Barishal,4435915,Assistance during delivery from a skilled provider,23.1,1,BD,Bangladesh,2011,BD2011DHS,RH_DELA_C_SKP,83606110,I,360001,1360010,Region,Barishal,14001,Five years preceding the survey,0,0,RHDELACSKP,BDDHS2011360001,2011,DHS,491.0,976.0,,,1.0
BGD,Barishal,3524960,Assistance during delivery from a skilled provider,29.9,1,BD,Bangladesh,2011,BD2011DHS,RH_DELA_C_SKP,83606110,I,360001,1360010,Region,Barishal,14002,Two years preceding the survey,0,1,RHDELACSKP,BDDHS2011360001,2011,DHS,180.0,362.0,,,1.0
BGD,Chattogram/Sylhet,7316365,Assistance during delivery from a skilled provider,27.8,1,BD,Bangladesh,2011,BD2011DHS,RH_DELA_C_SKP,83606110,I,360002,1360020,Region,Chattogram/Sylhet,14000,Three years preceding the survey,0,0,RHDELACSKP,BDDHS2011360002,2011,DHS,1551.0,1799.0,,,
BGD,Chattogram/Sylhet,5590644,Assistance during delivery from a skilled provider,24.0,1,BD,Bangladesh,2011,BD2011DHS,RH_DELA_C_SKP,83606110,I,360002,1360020,Region,Chattogram/Sylhet,14001,Five years preceding the survey,0,0,RHDELACSKP,BDDHS2011360002,2011,DHS,2699.0,3158.0,,,
BGD,Chattogram/Sylhet,690778,Assistance during delivery from a skilled provider,29.7,1,BD,Bangladesh,2011,BD2011DHS,RH_DELA_C_SKP,83606110,I,360002,1360020,Region,Chattogram/Sylhet,14002,Two years preceding the survey,0,1,RHDELACSKP,BDDHS2011360002,2011,DHS,1051.0,1196.0,,,
BGD,Chattogram,3409990,Assistance during delivery from a skilled provider,29.0,1,BD,Bangladesh,2011,BD2011DHS,RH_DELA_C_SKP,83606110,I,360003,1360030,Region,..Chattogram,14000,Three years preceding the survey,0,0,RHDELACSKP,BDDHS2011360003,2011,DHS,1176.0,1018.0,,,1.0
BGD,Chattogram,69338,Assistance during delivery from a skilled provider,24.8,1,BD,Bangladesh,2011,BD2011DHS,RH_DELA_C_SKP,83606110,I,360003,1360030,Region,..Chattogram,14001,Five years preceding the survey,0,0,RHDELACSKP,BDDHS2011360003,2011,DHS,2017.0,1749.0,,,1.0
BGD,Chattogram,6940824,Assistance during delivery from a skilled provider,31.2,1,BD,Bangladesh,2011,BD2011DHS,RH_DELA_C_SKP,83606110,I,360003,1360030,Region,..Chattogram,14002,Two years preceding the survey,0,1,RHDELACSKP,BDDHS2011360003,2011,DHS,806.0,694.0,,,1.0
BGD,Sylhet,5822466,Assistance during delivery from a skilled provider,24.2,1,BD,Bangladesh,2011,BD2011DHS,RH_DELA_C_SKP,83606110,I,360004,1360040,Region,..Sylhet,14000,Three years preceding the survey,0,0,RHDELACSKP,BDDHS2011360004,2011,DHS,375.0,781.0,,,1.0
BGD,Sylhet,837808,Assistance during delivery from a skilled provider,21.6,1,BD,Bangladesh,2011,BD2011DHS,RH_DELA_C_SKP,83606110,I,360004,1360040,Region,..Sylhet,14001,Five years preceding the survey,0,0,RHDELACSKP,BDDHS2011360004,2011,DHS,682.0,1409.0,,,1.0
BGD,Sylhet,3262712,Assistance during delivery from a skilled provider,24.8,1,BD,Bangladesh,2011,BD2011DHS,RH_DELA_C_SKP,83606110,I,360004,1360040,Region,..Sylhet,14002,Two years preceding the survey,0,1,RHDELACSKP,BDDHS2011360004,2011,DHS,245.0,502.0,,,1.0
BGD,Dhaka before 2015,5771031,Assistance during delivery from a skilled provider,31.4,1,BD,Bangladesh,2011,BD2011DHS,RH_DELA_C_SKP,83606110,I,360005,1360050,Region,Dhaka before 2015,14000,Three years preceding the survey,0,0,RHDELACSKP,BDDHS2011360005,2011,DHS,1510.0,801.0,,,1.0
BGD,Dhaka before 2015,6664208,Assistance during delivery from a skilled provider,28.1,1,BD,Bangladesh,2011,BD2011DHS,RH_DELA_C_SKP,83606110,I,360005,1360050,Region,Dhaka before 2015,14001,Five years preceding the survey,0,0,RHDELACSKP,BDDHS2011360005,2011,DHS,2727.0,1442.0,,,1.0
BGD,Dhaka before 2015,5139068,Assistance during delivery from a skilled provider,32.2,1,BD,Bangladesh,2011,BD2011DHS,RH_DELA_C_SKP,83606110,I,360005,1360050,Region,Dhaka before 2015,14002,Two years preceding the survey,0,1,RHDELACSKP,BDDHS2011360005,2011,DHS,1006.0,535.0,,,1.0
BGD,Khulna,5452567,Assistance during delivery from a skilled provider,48.6,1,BD,Bangladesh,2011,BD2011DHS,RH_DELA_C_SKP,83606110,I,360006,1360060,Region,Khulna,14000,Three years preceding the survey,0,0,RHDELACSKP,BDDHS2011360006,2011,DHS,463.0,578.0,,,1.0
BGD,Khulna,3964545,Assistance during delivery from a skilled provider,42.9,1,BD,Bangladesh,2011,BD2011DHS,RH_DELA_C_SKP,83606110,I,360006,1360060,Region,Khulna,14001,Five years preceding the survey,0,0,RHDELACSKP,BDDHS2011360006,2011,DHS,796.0,981.0,,,1.0
BGD,Khulna,7326678,Assistance during delivery from a skilled provider,51.7,1,BD,Bangladesh,2011,BD2011DHS,RH_DELA_C_SKP,83606110,I,360006,1360060,Region,Khulna,14002,Two years preceding the survey,0,1,RHDELACSKP,BDDHS2011360006,2011,DHS,314.0,397.0,,,1.0
BGD,Rajshahi/Rangpur,8117,Assistance during delivery from a skilled provider,29.9,1,BD,Bangladesh,2011,BD2011DHS,RH_DELA_C_SKP,83606110,I,360007,1360070,Region,Rajshahi/Rangpur,14000,Three years preceding the survey,0,0,RHDELACSKP,BDDHS2011360007,2011,DHS,1159.0,1235.0,,,
BGD,Rajshahi/Rangpur,7278872,Assistance during delivery from a skilled provider,26.1,1,BD,Bangladesh,2011,BD2011DHS,RH_DELA_C_SKP,83606110,I,360007,1360070,Region,Rajshahi/Rangpur,14001,Five years preceding the survey,0,0,RHDELACSKP,BDDHS2011360007,2011,DHS,2076.0,2185.0,,,
BGD,Rajshahi/Rangpur,4710855,Assistance during delivery from a skilled provider,31.2,1,BD,Bangladesh,2011,BD2011DHS,RH_DELA_C_SKP,83606110,I,360007,1360070,Region,Rajshahi/Rangpur,14002,Two years preceding the survey,0,1,RHDELACSKP,BDDHS2011360007,2011,DHS,793.0,842.0,,,
BGD,Rangpur,2617510,Assistance during delivery from a skilled provider,28.5,1,BD,Bangladesh,2011,BD2011DHS,RH_DELA_C_SKP,83606110,I,360008,1360080,Region,..Rangpur,14000,Three years preceding the survey,0,0,RHDELACSKP,BDDHS2011360008,2011,DHS,513.0,618.0,,,1.0
BGD,Rangpur,830012,Assistance during delivery from a skilled provider,25.0,1,BD,Bangladesh,2011,BD2011DHS,RH_DELA_C_SKP,83606110,I,360008,1360080,Region,..Rangpur,14001,Five years preceding the survey,0,0,RHDELACSKP,BDDHS2011360008,2011,DHS,926.0,1105.0,,,1.0
BGD,Rangpur,6139181,Assistance during delivery from a skilled provider,29.4,1,BD,Bangladesh,2011,BD2011DHS,RH_DELA_C_SKP,83606110,I,360008,1360080,Region,..Rangpur,14002,Two years preceding the survey,0,1,RHDELACSKP,BDDHS2011360008,2011,DHS,341.0,414.0,,,1.0
BGD,Rajshahi,6480785,Assistance during delivery from a skilled provider,30.9,1,BD,Bangladesh,2011,BD2011DHS,RH_DELA_C_SKP,83606110,I,360009,1360090,Region,..Rajshahi,14000,Three years preceding the survey,0,0,RHDELACSKP,BDDHS2011360009,2011,DHS,646.0,617.0,,,1.0
BGD,Rajshahi,4945291,Assistance during delivery from a skilled provider,26.9,1,BD,Bangladesh,2011,BD2011DHS,RH_DELA_C_SKP,83606110,I,360009,1360090,Region,..Rajshahi,14001,Five years preceding the survey,0,0,RHDELACSKP,BDDHS2011360009,2011,DHS,1150.0,1080.0,,,1.0
BGD,Rajshahi,3567089,Assistance during delivery from a skilled provider,32.5,1,BD,Bangladesh,2011,BD2011DHS,RH_DELA_C_SKP,83606110,I,360009,1360090,Region,..Rajshahi,14002,Two years preceding the survey,0,1,RHDELACSKP,BDDHS2011360009,2011,DHS,451.0,428.0,,,1.0
BGD,Barishal,2211913,Delivery by cesarean section,13.2,1,BD,Bangladesh,2011,BD2011DHS,RH_DELA_C_CSC,83606120,I,360001,1360010,Region,Barishal,14000,Three years preceding the survey,0,0,RHDELACCSC,BDDHS2011360001,2011,DHS,273.0,551.0,,,1.0
BGD,Barishal,4435916,Delivery by cesarean section,9.7,1,BD,Bangladesh,2011,BD2011DHS,RH_DELA_C_CSC,83606120,I,360001,1360010,Region,Barishal,14001,Five years preceding the survey,0,0,RHDELACCSC,BDDHS2011360001,2011,DHS,491.0,976.0,,,1.0
BGD,Barishal,3524961,Delivery by cesarean section,14.7,1,BD,Bangladesh,2011,BD2011DHS,RH_DELA_C_CSC,83606120,I,360001,1360010,Region,Barishal,14002,Two years preceding the survey,0,1,RHDELACCSC,BDDHS2011360001,2011,DHS,180.0,362.0,,,1.0
BGD,Chattogram/Sylhet,7316366,Delivery by cesarean section,13.5,1,BD,Bangladesh,2011,BD2011DHS,RH_DELA_C_CSC,83606120,I,360002,1360020,Region,Chattogram/Sylhet,14000,Three years preceding the survey,0,0,RHDELACCSC,BDDHS2011360002,2011,DHS,1551.0,1799.0,,,
BGD,Chattogram/Sylhet,5590645,Delivery by cesarean section,11.4,1,BD,Bangladesh,2011,BD2011DHS,RH_DELA_C_CSC,83606120,I,360002,1360020,Region,Chattogram/Sylhet,14001,Five years preceding the survey,0,0,RHDELACCSC,BDDHS2011360002,2011,DHS,2699.0,3158.0,,,
BGD,Chattogram/Sylhet,690779,Delivery by cesarean section,14.2,1,BD,Bangladesh,2011,BD2011DHS,RH_DELA_C_CSC,83606120,I,360002,1360020,Region,Chattogram/Sylhet,14002,Two years preceding the survey,0,1,RHDELACCSC,BDDHS2011360002,2011,DHS,1051.0,1196.0,,,
BGD,Chattogram,3409996,Delivery by cesarean section,14.0,1,BD,Bangladesh,2011,BD2011DHS,RH_DELA_C_CSC,83606120,I,360003,1360030,Region,..Chattogram,14000,Three years preceding the survey,0,0,RHDELACCSC,BDDHS2011360003,2011,DHS,1176.0,1018.0,,,1.0
BGD,Chattogram,69339,Delivery by cesarean section,11.5,1,BD,Bangladesh,2011,BD2011DHS,RH_DELA_C_CSC,83606120,I,360003,1360030,Region,..Chattogram,14001,Five years preceding the survey,0,0,RHDELACCSC,BDDHS2011360003,2011,DHS,2017.0,1749.0,,,1.0
BGD,Chattogram,6940825,Delivery by cesarean section,14.9,1,BD,Bangladesh,2011,BD2011DHS,RH_DELA_C_CSC,83606120,I,360003,1360030,Region,..Chattogram,14002,Two years preceding the survey,0,1,RHDELACCSC,BDDHS2011360003,2011,DHS,806.0,694.0,,,1.0
BGD,Sylhet,5822467,Delivery by cesarean section,12.0,1,BD,Bangladesh,2011,BD2011DHS,RH_DELA_C_CSC,83606120,I,360004,1360040,Region,..Sylhet,14000,Three years preceding the survey,0,0,RHDELACCSC,BDDHS2011360004,2011,DHS,375.0,781.0,,,1.0
BGD,Sylhet,837809,Delivery by cesarean section,11.1,1,BD,Bangladesh,2011,BD2011DHS,RH_DELA_C_CSC,83606120,I,360004,1360040,Region,..Sylhet,14001,Five years preceding the survey,0,0,RHDELACCSC,BDDHS2011360004,2011,DHS,682.0,1409.0,,,1.0
BGD,Sylhet,3262713,Delivery by cesarean section,12.0,1,BD,Bangladesh,2011,BD2011DHS,RH_DELA_C_CSC,83606120,I,360004,1360040,Region,..Sylhet,14002,Two years preceding the survey,0,1,RHDELACCSC,BDDHS2011360004,2011,DHS,245.0,502.0,,,1.0
BGD,Dhaka before 2015,5771032,Delivery by cesarean section,20.2,1,BD,Bangladesh,2011,BD2011DHS,RH_DELA_C_CSC,83606120,I,360005,1360050,Region,Dhaka before 2015,14000,Three years preceding the survey,0,0,RHDELACCSC,BDDHS2011360005,2011,DHS,1510.0,801.0,,,1.0
BGD,Dhaka before 2015,6664209,Delivery by cesarean section,16.7,1,BD,Bangladesh,2011,BD2011DHS,RH_DELA_C_CSC,83606120,I,360005,1360050,Region,Dhaka before 2015,14001,Five years preceding the survey,0,0,RHDELACCSC,BDDHS2011360005,2011,DHS,2727.0,1442.0,,,1.0
BGD,Dhaka before 2015,5139069,Delivery by cesarean section,21.6,1,BD,Bangladesh,2011,BD2011DHS,RH_DELA_C_CSC,83606120,I,360005,1360050,Region,Dhaka before 2015,14002,Two years preceding the survey,0,1,RHDELACCSC,BDDHS2011360005,2011,DHS,1006.0,535.0,,,1.0
BGD,Khulna,5452568,Delivery by cesarean section,26.2,1,BD,Bangladesh,2011,BD2011DHS,RH_DELA_C_CSC,83606120,I,360006,1360060,Region,Khulna,14000,Three years preceding the survey,0,0,RHDELACCSC,BDDHS2011360006,2011,DHS,463.0,578.0,,,1.0
BGD,Khulna,3964556,Delivery by cesarean section,22.4,1,BD,Bangladesh,2011,BD2011DHS,RH_DELA_C_CSC,83606120,I,360006,1360060,Region,Khulna,14001,Five years preceding the survey,0,0,RHDELACCSC,BDDHS2011360006,2011,DHS,796.0,981.0,,,1.0
BGD,Khulna,7326679,Delivery by cesarean section,28.5,1,BD,Bangladesh,2011,BD2011DHS,RH_DELA_C_CSC,83606120,I,360006,1360060,Region,Khulna,14002,Two years preceding the survey,0,1,RHDELACCSC,BDDHS2011360006,2011,DHS,314.0,397.0,,,1.0
BGD,Rajshahi/Rangpur,8120,Delivery by cesarean section,15.0,1,BD,Bangladesh,2011,BD2011DHS,RH_DELA_C_CSC,83606120,I,360007,1360070,Region,Rajshahi/Rangpur,14000,Three years preceding the survey,0,0,RHDELACCSC,BDDHS2011360007,2011,DHS,1159.0,1235.0,,,
BGD,Rajshahi/Rangpur,7278873,Delivery by cesarean section,11.8,1,BD,Bangladesh,2011,BD2011DHS,RH_DELA_C_CSC,83606120,I,360007,1360070,Region,Rajshahi/Rangpur,14001,Five years preceding the survey,0,0,RHDELACCSC,BDDHS2011360007,2011,DHS,2076.0,2185.0,,,
BGD,Rajshahi/Rangpur,4710856,Delivery by cesarean section,15.8,1,BD,Bangladesh,2011,BD2011DHS,RH_DELA_C_CSC,83606120,I,360007,1360070,Region,Rajshahi/Rangpur,14002,Two years preceding the survey,0,1,RHDELACCSC,BDDHS2011360007,2011,DHS,793.0,842.0,,,
BGD,Rangpur,2617511,Delivery by cesarean section,11.6,1,BD,Bangladesh,2011,BD2011DHS,RH_DELA_C_CSC,83606120,I,360008,1360080,Region,..Rangpur,14000,Three years preceding the survey,0,0,RHDELACCSC,BDDHS2011360008,2011,DHS,513.0,618.0,,,1.0
BGD,Rangpur,830013,Delivery by cesarean section,9.5,1,BD,Bangladesh,2011,BD2011DHS,RH_DELA_C_CSC,83606120,I,360008,1360080,Region,..Rangpur,14001,Five years preceding the survey,0,0,RHDELACCSC,BDDHS2011360008,2011,DHS,926.0,1105.0,,,1.0
BGD,Rangpur,6139182,Delivery by cesarean section,11.2,1,BD,Bangladesh,2011,BD2011DHS,RH_DELA_C_CSC,83606120,I,360008,1360080,Region,..Rangpur,14002,Two years preceding the survey,0,1,RHDELACCSC,BDDHS2011360008,2011,DHS,341.0,414.0,,,1.0
BGD,Rajshahi,6480787,Delivery by cesarean section,17.6,1,BD,Bangladesh,2011,BD2011DHS,RH_DELA_C_CSC,83606120,I,360009,1360090,Region,..Rajshahi,14000,Three years preceding the survey,0,0,RHDELACCSC,BDDHS2011360009,2011,DHS,646.0,617.0,,,1.0
BGD,Rajshahi,4945292,Delivery by cesarean section,13.7,1,BD,Bangladesh,2011,BD2011DHS,RH_DELA_C_CSC,83606120,I,360009,1360090,Region,..Rajshahi,14001,Five years preceding the survey,0,0,RHDELACCSC,BDDHS2011360009,2011,DHS,1150.0,1080.0,,,1.0
BGD,Rajshahi,3567090,Delivery by cesarean section,19.3,1,BD,Bangladesh,2011,BD2011DHS,RH_DELA_C_CSC,83606120,I,360009,1360090,Region,..Rajshahi,14002,Two years preceding the survey,0,1,RHDELACCSC,BDDHS2011360009,2011,DHS,451.0,428.0,,,1.0
BGD,Barishal,5764192,Mother's first postnatal checkup in the first two days after birth,22.5,1,BD,Bangladesh,2011,BD2011DHS,RH_PCMT_W_DY2,83633090,I,360001,1360010,Region,Barishal,0,,0,1,RHPCMTWDY2,BDDHS2011360001,2011,DHS,177.0,356.0,,,1.0
BGD,Chattogram/Sylhet,520870,Mother's first postnatal checkup in the first two days after birth,24.4,1,BD,Bangladesh,2011,BD2011DHS,RH_PCMT_W_DY2,83633090,I,360002,1360020,Region,Chattogram/Sylhet,0,,0,1,RHPCMTWDY2,BDDHS2011360002,2011,DHS,1021.0,1162.0,,,
BGD,Chattogram,5445823,Mother's first postnatal checkup in the first two days after birth,25.6,1,BD,Bangladesh,2011,BD2011DHS,RH_PCMT_W_DY2,83633090,I,360003,1360030,Region,..Chattogram,0,,0,1,RHPCMTWDY2,BDDHS2011360003,2011,DHS,783.0,674.0,,,1.0
BGD,Sylhet,3690592,Mother's first postnatal checkup in the first two days after birth,20.1,1,BD,Bangladesh,2011,BD2011DHS,RH_PCMT_W_DY2,83633090,I,360004,1360040,Region,..Sylhet,0,,0,1,RHPCMTWDY2,BDDHS2011360004,2011,DHS,238.0,488.0,,,1.0
BGD,Dhaka before 2015,6915420,Mother's first postnatal checkup in the first two days after birth,29.8,1,BD,Bangladesh,2011,BD2011DHS,RH_PCMT_W_DY2,83633090,I,360005,1360050,Region,Dhaka before 2015,0,,0,1,RHPCMTWDY2,BDDHS2011360005,2011,DHS,988.0,525.0,,,1.0
BGD,Khulna,6743094,Mother's first postnatal checkup in the first two days after birth,46.0,1,BD,Bangladesh,2011,BD2011DHS,RH_PCMT_W_DY2,83633090,I,360006,1360060,Region,Khulna,0,,0,1,RHPCMTWDY2,BDDHS2011360006,2011,DHS,305.0,386.0,,,1.0
BGD,Rajshahi/Rangpur,4575471,Mother's first postnatal checkup in the first two days after birth,27.8,1,BD,Bangladesh,2011,BD2011DHS,RH_PCMT_W_DY2,83633090,I,360007,1360070,Region,Rajshahi/Rangpur,0,,0,1,RHPCMTWDY2,BDDHS2011360007,2011,DHS,773.0,821.0,,,
BGD,Rangpur,7238846,Mother's first postnatal checkup in the first two days after birth,25.1,1,BD,Bangladesh,2011,BD2011DHS,RH_PCMT_W_DY2,83633090,I,360008,1360080,Region,..Rangpur,0,,0,1,RHPCMTWDY2,BDDHS2011360008,2011,DHS,334.0,405.0,,,1.0
BGD,Rajshahi,3619931,Mother's first postnatal checkup in the first two days after birth,29.9,1,BD,Bangladesh,2011,BD2011DHS,RH_PCMT_W_DY2,83633090,I,360009,1360090,Region,..Rajshahi,0,,0,1,RHPCMTWDY2,BDDHS2011360009,2011,DHS,439.0,416.0,,,1.0
BGD,Barishal,6291673,Newborn's first postnatal checkup in the first two days after birth,33.5,1,BD,Bangladesh,2011,BD2011DHS,RH_PCCT_C_DY2,83706090,I,360001,1360010,Region,Barishal,0,,0,1,RHPCCTCDY2,BDDHS2011360001,2011,DHS,177.0,356.0,,,1.0
BGD,Chattogram/Sylhet,265197,Newborn's first postnatal checkup in the first two days after birth,34.9,1,BD,Bangladesh,2011,BD2011DHS,RH_PCCT_C_DY2,83706090,I,360002,1360020,Region,Chattogram/Sylhet,0,,0,1,RHPCCTCDY2,BDDHS2011360002,2011,DHS,1021.0,1162.0,,,
BGD,Chattogram,5590618,Newborn's first postnatal checkup in the first two days after birth,35.6,1,BD,Bangladesh,2011,BD2011DHS,RH_PCCT_C_DY2,83706090,I,360003,1360030,Region,..Chattogram,0,,0,1,RHPCCTCDY2,BDDHS2011360003,2011,DHS,783.0,674.0,,,1.0
BGD,Sylhet,153044,Newborn's first postnatal checkup in the first two days after birth,32.5,1,BD,Bangladesh,2011,BD2011DHS,RH_PCCT_C_DY2,83706090,I,360004,1360040,Region,..Sylhet,0,,0,1,RHPCCTCDY2,BDDHS2011360004,2011,DHS,238.0,488.0,,,1.0
BGD,Dhaka before 2015,4046403,Newborn's first postnatal checkup in the first two days after birth,39.6,1,BD,Bangladesh,2011,BD2011DHS,RH_PCCT_C_DY2,83706090,I,360005,1360050,Region,Dhaka before 2015,0,,0,1,RHPCCTCDY2,BDDHS2011360005,2011,DHS,988.0,525.0,,,1.0
BGD,Khulna,3535678,Newborn's first postnatal checkup in the first two days after birth,58.8,1,BD,Bangladesh,2011,BD2011DHS,RH_PCCT_C_DY2,83706090,I,360006,1360060,Region,Khulna,0,,0,1,RHPCCTCDY2,BDDHS2011360006,2011,DHS,305.0,386.0,,,1.0
BGD,Rajshahi/Rangpur,3971902,Newborn's first postnatal checkup in the first two days after birth,38.3,1,BD,Bangladesh,2011,BD2011DHS,RH_PCCT_C_DY2,83706090,I,360007,1360070,Region,Rajshahi/Rangpur,0,,0,1,RHPCCTCDY2,BDDHS2011360007,2011,DHS,773.0,821.0,,,
BGD,Rangpur,5031025,Newborn's first postnatal checkup in the first two days after birth,37.2,1,BD,Bangladesh,2011,BD2011DHS,RH_PCCT_C_DY2,83706090,I,360008,1360080,Region,..Rangpur,0,,0,1,RHPCCTCDY2,BDDHS2011360008,2011,DHS,334.0,405.0,,,1.0
BGD,Rajshahi,452475,Newborn's first postnatal checkup in the first two days after birth,39.1,1,BD,Bangladesh,2011,BD2011DHS,RH_PCCT_C_DY2,83706090,I,360009,1360090,Region,..Rajshahi,0,,0,1,RHPCCTCDY2,BDDHS2011360009,2011,DHS,439.0,416.0,,,1.0
BGD,Barishal,169239,Children with ARI for whom advice or treatment was sought,88.2,1,BD,Bangladesh,2011,BD2011DHS,CH_ARIS_C_ADV,93966040,I,360001,1360010,Region,Barishal,14000,Three years preceding the survey,0,0,CHARISCADV,BDDHS2011360001,2011,DHS,20.0,37.0,,,1.0
BGD,Barishal,7010100,Children with ARI for whom advice or treatment was sought,80.3,1,BD,Bangladesh,2011,BD2011DHS,CH_ARIS_C_ADV,93966040,I,360001,1360010,Region,Barishal,14001,Five years preceding the survey,0,1,CHARISCADV,BDDHS2011360001,2011,DHS,33.0,63.0,,,1.0
BGD,Chattogram/Sylhet,691707,Children with ARI for whom advice or treatment was sought,85.0,1,BD,Bangladesh,2011,BD2011DHS,CH_ARIS_C_ADV,93966040,I,360002,1360020,Region,Chattogram/Sylhet,14000,Three years preceding the survey,0,0,CHARISCADV,BDDHS2011360002,2011,DHS,107.0,116.0,,,
BGD,Chattogram/Sylhet,3264407,Children with ARI for whom advice or treatment was sought,81.3,1,BD,Bangladesh,2011,BD2011DHS,CH_ARIS_C_ADV,93966040,I,360002,1360020,Region,Chattogram/Sylhet,14001,Five years preceding the survey,0,1,CHARISCADV,BDDHS2011360002,2011,DHS,176.0,180.0,,,
BGD,Chattogram,3517763,Children with ARI for whom advice or treatment was sought,84.3,1,BD,Bangladesh,2011,BD2011DHS,CH_ARIS_C_ADV,93966040,I,360003,1360030,Region,..Chattogram,14000,Three years preceding the survey,0,0,CHARISCADV,BDDHS2011360003,2011,DHS,85.0,73.0,,,1.0
BGD,Chattogram,5277338,Children with ARI for whom advice or treatment was sought,80.3,1,BD,Bangladesh,2011,BD2011DHS,CH_ARIS_C_ADV,93966040,I,360003,1360030,Region,..Chattogram,14001,Five years preceding the survey,0,1,CHARISCADV,BDDHS2011360003,2011,DHS,144.0,118.0,,,1.0
BGD,Sylhet,3957255,Children with ARI for whom advice or treatment was sought,87.5,1,BD,Bangladesh,2011,BD2011DHS,CH_ARIS_C_ADV,93966040,I,360004,1360040,Region,..Sylhet,14000,Three years preceding the survey,0,0,CHARISCADV,BDDHS2011360004,2011,DHS,22.0,43.0,,,1.0
BGD,Sylhet,6414804,Children with ARI for whom advice or treatment was sought,86.3,1,BD,Bangladesh,2011,BD2011DHS,CH_ARIS_C_ADV,93966040,I,360004,1360040,Region,..Sylhet,14001,Five years preceding the survey,0,1,CHARISCADV,BDDHS2011360004,2011,DHS,32.0,62.0,,,1.0
BGD,Dhaka before 2015,5037356,Children with ARI for whom advice or treatment was sought,84.5,1,BD,Bangladesh,2011,BD2011DHS,CH_ARIS_C_ADV,93966040,I,360005,1360050,Region,Dhaka before 2015,14000,Three years preceding the survey,0,0,CHARISCADV,BDDHS2011360005,2011,DHS,87.0,46.0,,,1.0
BGD,Dhaka before 2015,4666328,Children with ARI for whom advice or treatment was sought,82.2,1,BD,Bangladesh,2011,BD2011DHS,CH_ARIS_C_ADV,93966040,I,360005,1360050,Region,Dhaka before 2015,14001,Five years preceding the survey,0,1,CHARISCADV,BDDHS2011360005,2011,DHS,121.0,64.0,,,1.0
BGD,Khulna,454862,Children with ARI for whom advice or treatment was sought,84.8,1,BD,Bangladesh,2011,BD2011DHS,CH_ARIS_C_ADV,93966040,I,360006,1360060,Region,Khulna,14000,Three years preceding the survey,0,0,CHARISCADV,BDDHS2011360006,2011,DHS,34.0,43.0,,,1.0
BGD,Khulna,6313061,Children with ARI for whom advice or treatment was sought,88.4,1,BD,Bangladesh,2011,BD2011DHS,CH_ARIS_C_ADV,93966040,I,360006,1360060,Region,Khulna,14001,Five years preceding the survey,0,1,CHARISCADV,BDDHS2011360006,2011,DHS,49.0,62.0,,,1.0
BGD,Rajshahi/Rangpur,5127511,Children with ARI for whom advice or treatment was sought,85.6,1,BD,Bangladesh,2011,BD2011DHS,CH_ARIS_C_ADV,93966040,I,360007,1360070,Region,Rajshahi/Rangpur,14000,Three years preceding the survey,0,0,CHARISCADV,BDDHS2011360007,2011,DHS,69.0,77.0,,,
BGD,Rajshahi/Rangpur,3610247,Children with ARI for whom advice or treatment was sought,82.0,1,BD,Bangladesh,2011,BD2011DHS,CH_ARIS_C_ADV,93966040,I,360007,1360070,Region,Rajshahi/Rangpur,14001,Five years preceding the survey,0,1,CHARISCADV,BDDHS2011360007,2011,DHS,108.0,117.0,,,
BGD,Rangpur,134201,Children with ARI for whom advice or treatment was sought,93.7,1,BD,Bangladesh,2011,BD2011DHS,CH_ARIS_C_ADV,93966040,I,360008,1360080,Region,..Rangpur,14000,Three years preceding the survey,0,0,CHARISCADV,BDDHS2011360008,2011,DHS,31.0,39.0,,,1.0
BGD,Rangpur,7097711,Children with ARI for whom advice or treatment was sought,89.0,1,BD,Bangladesh,2011,BD2011DHS,CH_ARIS_C_ADV,93966040,I,360008,1360080,Region,..Rangpur,14001,Five years preceding the survey,0,1,CHARISCADV,BDDHS2011360008,2011,DHS,48.0,59.0,,,1.0
BGD,Rajshahi,3281670,Children with ARI for whom advice or treatment was sought,78.7,1,BD,Bangladesh,2011,BD2011DHS,CH_ARIS_C_ADV,93966040,I,360009,1360090,Region,..Rajshahi,14000,Three years preceding the survey,0,0,CHARISCADV,BDDHS2011360009,2011,DHS,38.0,38.0,,,1.0
BGD,Rajshahi,398336,Children with ARI for whom advice or treatment was sought,76.3,1,BD,Bangladesh,2011,BD2011DHS,CH_ARIS_C_ADV,93966040,I,360009,1360090,Region,..Rajshahi,14001,Five years preceding the survey,0,1,CHARISCADV,BDDHS2011360009,2011,DHS,59.0,58.0,,,1.0
BGD,Barishal,169237,Children with symptoms of ARI who received antibiotics,77.6,1,BD,Bangladesh,2011,BD2011DHS,CH_ARIS_C_ABI,93966050,I,360001,1360010,Region,Barishal,14000,Three years preceding the survey,0,0,CHARISCABI,BDDHS2011360001,2011,DHS,20.0,37.0,,,1.0
BGD,Barishal,7010175,Children with symptoms of ARI who received antibiotics,69.8,1,BD,Bangladesh,2011,BD2011DHS,CH_ARIS_C_ABI,93966050,I,360001,1360010,Region,Barishal,14001,Five years preceding the survey,0,1,CHARISCABI,BDDHS2011360001,2011,DHS,33.0,63.0,,,1.0
BGD,Chattogram/Sylhet,691690,Children with symptoms of ARI who received antibiotics,72.4,1,BD,Bangladesh,2011,BD2011DHS,CH_ARIS_C_ABI,93966050,I,360002,1360020,Region,Chattogram/Sylhet,14000,Three years preceding the survey,0,0,CHARISCABI,BDDHS2011360002,2011,DHS,107.0,116.0,,,
BGD,Chattogram/Sylhet,3264408,Children with symptoms of ARI who received antibiotics,70.0,1,BD,Bangladesh,2011,BD2011DHS,CH_ARIS_C_ABI,93966050,I,360002,1360020,Region,Chattogram/Sylhet,14001,Five years preceding the survey,0,1,CHARISCABI,BDDHS2011360002,2011,DHS,176.0,180.0,,,
BGD,Chattogram,3517762,Children with symptoms of ARI who received antibiotics,73.4,1,BD,Bangladesh,2011,BD2011DHS,CH_ARIS_C_ABI,93966050,I,360003,1360030,Region,..Chattogram,14000,Three years preceding the survey,0,0,CHARISCABI,BDDHS2011360003,2011,DHS,85.0,73.0,,,1.0
BGD,Chattogram,5277337,Children with symptoms of ARI who received antibiotics,69.5,1,BD,Bangladesh,2011,BD2011DHS,CH_ARIS_C_ABI,93966050,I,360003,1360030,Region,..Chattogram,14001,Five years preceding the survey,0,1,CHARISCABI,BDDHS2011360003,2011,DHS,144.0,118.0,,,1.0
BGD,Sylhet,3957256,Children with symptoms of ARI who received antibiotics,68.7,1,BD,Bangladesh,2011,BD2011DHS,CH_ARIS_C_ABI,93966050,I,360004,1360040,Region,..Sylhet,14000,Three years preceding the survey,0,0,CHARISCABI,BDDHS2011360004,2011,DHS,22.0,43.0,,,1.0
BGD,Sylhet,6414853,Children with symptoms of ARI who received antibiotics,72.3,1,BD,Bangladesh,2011,BD2011DHS,CH_ARIS_C_ABI,93966050,I,360004,1360040,Region,..Sylhet,14001,Five years preceding the survey,0,1,CHARISCABI,BDDHS2011360004,2011,DHS,32.0,62.0,,,1.0
BGD,Dhaka before 2015,5037355,Children with symptoms of ARI who received antibiotics,72.4,1,BD,Bangladesh,2011,BD2011DHS,CH_ARIS_C_ABI,93966050,I,360005,1360050,Region,Dhaka before 2015,14000,Three years preceding the survey,0,0,CHARISCABI,BDDHS2011360005,2011,DHS,87.0,46.0,,,1.0
BGD,Dhaka before 2015,4666327,Children with symptoms of ARI who received antibiotics,72.2,1,BD,Bangladesh,2011,BD2011DHS,CH_ARIS_C_ABI,93966050,I,360005,1360050,Region,Dhaka before 2015,14001,Five years preceding the survey,0,1,CHARISCABI,BDDHS2011360005,2011,DHS,121.0,64.0,,,1.0
BGD,Khulna,454863,Children with symptoms of ARI who received antibiotics,68.7,1,BD,Bangladesh,2011,BD2011DHS,CH_ARIS_C_ABI,93966050,I,360006,1360060,Region,Khulna,14000,Three years preceding the survey,0,0,CHARISCABI,BDDHS2011360006,2011,DHS,34.0,43.0,,,1.0
BGD,Khulna,6313032,Children with symptoms of ARI who received antibiotics,73.5,1,BD,Bangladesh,2011,BD2011DHS,CH_ARIS_C_ABI,93966050,I,360006,1360060,Region,Khulna,14001,Five years preceding the survey,0,1,CHARISCABI,BDDHS2011360006,2011,DHS,49.0,62.0,,,1.0
BGD,Rajshahi/Rangpur,5127510,Children with symptoms of ARI who received antibiotics,73.9,1,BD,Bangladesh,2011,BD2011DHS,CH_ARIS_C_ABI,93966050,I,360007,1360070,Region,Rajshahi/Rangpur,14000,Three years preceding the survey,0,0,CHARISCABI,BDDHS2011360007,2011,DHS,69.0,77.0,,,
BGD,Rajshahi/Rangpur,3610246,Children with symptoms of ARI who received antibiotics,72.4,1,BD,Bangladesh,2011,BD2011DHS,CH_ARIS_C_ABI,93966050,I,360007,1360070,Region,Rajshahi/Rangpur,14001,Five years preceding the survey,0,1,CHARISCABI,BDDHS2011360007,2011,DHS,108.0,117.0,,,
BGD,Rangpur,134200,Children with symptoms of ARI who received antibiotics,72.4,1,BD,Bangladesh,2011,BD2011DHS,CH_ARIS_C_ABI,93966050,I,360008,1360080,Region,..Rangpur,14000,Three years preceding the survey,0,0,CHARISCABI,BDDHS2011360008,2011,DHS,31.0,39.0,,,1.0
BGD,Rangpur,7097710,Children with symptoms of ARI who received antibiotics,71.0,1,BD,Bangladesh,2011,BD2011DHS,CH_ARIS_C_ABI,93966050,I,360008,1360080,Region,..Rangpur,14001,Five years preceding the survey,0,1,CHARISCABI,BDDHS2011360008,2011,DHS,48.0,59.0,,,1.0
BGD,Rajshahi,3281669,Children with symptoms of ARI who received antibiotics,75.2,1,BD,Bangladesh,2011,BD2011DHS,CH_ARIS_C_ABI,93966050,I,360009,1360090,Region,..Rajshahi,14000,Three years preceding the survey,0,0,CHARISCABI,BDDHS2011360009,2011,DHS,38.0,38.0,,,1.0
BGD,Rajshahi,398335,Children with symptoms of ARI who received antibiotics,73.6,1,BD,Bangladesh,2011,BD2011DHS,CH_ARIS_C_ABI,93966050,I,360009,1360090,Region,..Rajshahi,14001,Five years preceding the survey,0,1,CHARISCABI,BDDHS2011360009,2011,DHS,59.0,58.0,,,1.0
BGD,Barishal,3721451,Treatment of diarrhea: Advice or treatment was sought,78.3,1,BD,Bangladesh,2011,BD2011DHS,CH_DIAT_C_ADV,94096010,I,360001,1360010,Region,Barishal,14000,Three years preceding the survey,0,0,CHDIATCADV,BDDHS2011360001,2011,DHS,17.0,36.0,,,1.0
BGD,Barishal,6378322,Treatment of diarrhea: Advice or treatment was sought,69.3,1,BD,Bangladesh,2011,BD2011DHS,CH_DIAT_C_ADV,94096010,I,360001,1360010,Region,Barishal,14001,Five years preceding the survey,0,1,CHDIATCADV,BDDHS2011360001,2011,DHS,23.0,47.0,,,1.0
BGD,Chattogram/Sylhet,5164319,Treatment of diarrhea: Advice or treatment was sought,79.3,1,BD,Bangladesh,2011,BD2011DHS,CH_DIAT_C_ADV,94096010,I,360002,1360020,Region,Chattogram/Sylhet,14000,Three years preceding the survey,0,0,CHDIATCADV,BDDHS2011360002,2011,DHS,115.0,134.0,,,
BGD,Chattogram/Sylhet,2649981,Treatment of diarrhea: Advice or treatment was sought,77.3,1,BD,Bangladesh,2011,BD2011DHS,CH_DIAT_C_ADV,94096010,I,360002,1360020,Region,Chattogram/Sylhet,14001,Five years preceding the survey,0,1,CHDIATCADV,BDDHS2011360002,2011,DHS,154.0,183.0,,,
BGD,Chattogram,6389191,Treatment of diarrhea: Advice or treatment was sought,76.7,1,BD,Bangladesh,2011,BD2011DHS,CH_DIAT_C_ADV,94096010,I,360003,1360030,Region,..Chattogram,14000,Three years preceding the survey,0,0,CHDIATCADV,BDDHS2011360003,2011,DHS,88.0,77.0,,,1.0
BGD,Chattogram,776550,Treatment of diarrhea: Advice or treatment was sought,77.0,1,BD,Bangladesh,2011,BD2011DHS,CH_DIAT_C_ADV,94096010,I,360003,1360030,Region,..Chattogram,14001,Five years preceding the survey,0,1,CHDIATCADV,BDDHS2011360003,2011,DHS,115.0,100.0,,,1.0
BGD,Sylhet,118428,Treatment of diarrhea: Advice or treatment was sought,87.9,1,BD,Bangladesh,2011,BD2011DHS,CH_DIAT_C_ADV,94096010,I,360004,1360040,Region,..Sylhet,14000,Three years preceding the survey,0,0,CHDIATCADV,BDDHS2011360004,2011,DHS,27.0,57.0,,,1.0
BGD,Sylhet,780611,Treatment of diarrhea: Advice or treatment was sought,78.2,1,BD,Bangladesh,2011,BD2011DHS,CH_DIAT_C_ADV,94096010,I,360004,1360040,Region,..Sylhet,14001,Five years preceding the survey,0,1,CHDIATCADV,BDDHS2011360004,2011,DHS,38.0,83.0,,,1.0
BGD,Dhaka before 2015,7424964,Treatment of diarrhea: Advice or treatment was sought,77.1,1,BD,Bangladesh,2011,BD2011DHS,CH_DIAT_C_ADV,94096010,I,360005,1360050,Region,Dhaka before 2015,14000,Three years preceding the survey,0,0,CHDIATCADV,BDDHS2011360005,2011,DHS,66.0,34.0,,,1.0
BGD,Dhaka before 2015,4252130,Treatment of diarrhea: Advice or treatment was sought,77.9,1,BD,Bangladesh,2011,BD2011DHS,CH_DIAT_C_ADV,94096010,I,360005,1360050,Region,Dhaka before 2015,14001,Five years preceding the survey,0,1,CHDIATCADV,BDDHS2011360005,2011,DHS,104.0,54.0,,,1.0
BGD,Khulna,5804948,Treatment of diarrhea: Advice or treatment was sought,65.1,1,BD,Bangladesh,2011,BD2011DHS,CH_DIAT_C_ADV,94096010,I,360006,1360060,Region,Khulna,14001,Five years preceding the survey,0,1,CHDIATCADV,BDDHS2011360006,2011,DHS,20.0,25.0,,,1.0
BGD,Rajshahi/Rangpur,866949,Treatment of diarrhea: Advice or treatment was sought,75.9,1,BD,Bangladesh,2011,BD2011DHS,CH_DIAT_C_ADV,94096010,I,360007,1360070,Region,Rajshahi/Rangpur,14000,Three years preceding the survey,0,0,CHDIATCADV,BDDHS2011360007,2011,DHS,60.0,59.0,,,
BGD,Rajshahi/Rangpur,2065495,Treatment of diarrhea: Advice or treatment was sought,76.2,1,BD,Bangladesh,2011,BD2011DHS,CH_DIAT_C_ADV,94096010,I,360007,1360070,Region,Rajshahi/Rangpur,14001,Five years preceding the survey,0,1,CHDIATCADV,BDDHS2011360007,2011,DHS,87.0,86.0,,,
BGD,Rangpur,5031599,Treatment of diarrhea: Advice or treatment was sought,74.8,1,BD,Bangladesh,2011,BD2011DHS,CH_DIAT_C_ADV,94096010,I,360008,1360080,Region,..Rangpur,14000,Three years preceding the survey,0,0,CHDIATCADV,BDDHS2011360008,2011,DHS,24.0,27.0,,,1.0
BGD,Rangpur,4826486,Treatment of diarrhea: Advice or treatment was sought,78.7,1,BD,Bangladesh,2011,BD2011DHS,CH_DIAT_C_ADV,94096010,I,360008,1360080,Region,..Rangpur,14001,Five years preceding the survey,0,1,CHDIATCADV,BDDHS2011360008,2011,DHS,37.0,41.0,,,1.0
BGD,Rajshahi,5005630,Treatment of diarrhea: Advice or treatment was sought,76.7,1,BD,Bangladesh,2011,BD2011DHS,CH_DIAT_C_ADV,94096010,I,360009,1360090,Region,..Rajshahi,14000,Three years preceding the survey,0,0,CHDIATCADV,BDDHS2011360009,2011,DHS,36.0,32.0,,,1.0
BGD,Rajshahi,2898698,Treatment of diarrhea: Advice or treatment was sought,74.5,1,BD,Bangladesh,2011,BD2011DHS,CH_DIAT_C_ADV,94096010,I,360009,1360090,Region,..Rajshahi,14001,Five years preceding the survey,0,1,CHDIATCADV,BDDHS2011360009,2011,DHS,51.0,45.0,,,1.0
BGD,Barishal,3721436,Treatment of diarrhea: ORT or increased fluids,78.1,1,BD,Bangladesh,2011,BD2011DHS,CH_DIAT_C_ORI,94096060,I,360001,1360010,Region,Barishal,14000,Three years preceding the survey,0,0,CHDIATCORI,BDDHS2011360001,2011,DHS,17.0,36.0,,,1.0
BGD,Barishal,6378321,Treatment of diarrhea: ORT or increased fluids,78.0,1,BD,Bangladesh,2011,BD2011DHS,CH_DIAT_C_ORI,94096060,I,360001,1360010,Region,Barishal,14001,Five years preceding the survey,0,1,CHDIATCORI,BDDHS2011360001,2011,DHS,23.0,47.0,,,1.0
BGD,Chattogram/Sylhet,5164324,Treatment of diarrhea: ORT or increased fluids,78.8,1,BD,Bangladesh,2011,BD2011DHS,CH_DIAT_C_ORI,94096060,I,360002,1360020,Region,Chattogram/Sylhet,14000,Three years preceding the survey,0,0,CHDIATCORI,BDDHS2011360002,2011,DHS,115.0,134.0,,,
BGD,Chattogram/Sylhet,2649980,Treatment of diarrhea: ORT or increased fluids,82.6,1,BD,Bangladesh,2011,BD2011DHS,CH_DIAT_C_ORI,94096060,I,360002,1360020,Region,Chattogram/Sylhet,14001,Five years preceding the survey,0,1,CHDIATCORI,BDDHS2011360002,2011,DHS,154.0,183.0,,,
BGD,Chattogram,6389193,Treatment of diarrhea: ORT or increased fluids,75.3,1,BD,Bangladesh,2011,BD2011DHS,CH_DIAT_C_ORI,94096060,I,360003,1360030,Region,..Chattogram,14000,Three years preceding the survey,0,0,CHDIATCORI,BDDHS2011360003,2011,DHS,88.0,77.0,,,1.0
BGD,Chattogram,776553,Treatment of diarrhea: ORT or increased fluids,80.5,1,BD,Bangladesh,2011,BD2011DHS,CH_DIAT_C_ORI,94096060,I,360003,1360030,Region,..Chattogram,14001,Five years preceding the survey,0,1,CHDIATCORI,BDDHS2011360003,2011,DHS,115.0,100.0,,,1.0
BGD,Sylhet,118519,Treatment of diarrhea: ORT or increased fluids,90.5,1,BD,Bangladesh,2011,BD2011DHS,CH_DIAT_C_ORI,94096060,I,360004,1360040,Region,..Sylhet,14000,Three years preceding the survey,0,0,CHDIATCORI,BDDHS2011360004,2011,DHS,27.0,57.0,,,1.0
BGD,Sylhet,780610,Treatment of diarrhea: ORT or increased fluids,89.0,1,BD,Bangladesh,2011,BD2011DHS,CH_DIAT_C_ORI,94096060,I,360004,1360040,Region,..Sylhet,14001,Five years preceding the survey,0,1,CHDIATCORI,BDDHS2011360004,2011,DHS,38.0,83.0,,,1.0
BGD,Dhaka before 2015,7424963,Treatment of diarrhea: ORT or increased fluids,90.4,1,BD,Bangladesh,2011,BD2011DHS,CH_DIAT_C_ORI,94096060,I,360005,1360050,Region,Dhaka before 2015,14000,Three years preceding the survey,0,0,CHDIATCORI,BDDHS2011360005,2011,DHS,66.0,34.0,,,1.0
BGD,Dhaka before 2015,4252134,Treatment of diarrhea: ORT or increased fluids,93.9,1,BD,Bangladesh,2011,BD2011DHS,CH_DIAT_C_ORI,94096060,I,360005,1360050,Region,Dhaka before 2015,14001,Five years preceding the survey,0,1,CHDIATCORI,BDDHS2011360005,2011,DHS,104.0,54.0,,,1.0
BGD,Khulna,5804947,Treatment of diarrhea: ORT or increased fluids,69.7,1,BD,Bangladesh,2011,BD2011DHS,CH_DIAT_C_ORI,94096060,I,360006,1360060,Region,Khulna,14001,Five years preceding the survey,0,1,CHDIATCORI,BDDHS2011360006,2011,DHS,20.0,25.0,,,1.0
BGD,Rajshahi/Rangpur,866948,Treatment of diarrhea: ORT or increased fluids,75.0,1,BD,Bangladesh,2011,BD2011DHS,CH_DIAT_C_ORI,94096060,I,360007,1360070,Region,Rajshahi/Rangpur,14000,Three years preceding the survey,0,0,CHDIATCORI,BDDHS2011360007,2011,DHS,60.0,59.0,,,
BGD,Rajshahi/Rangpur,2065501,Treatment of diarrhea: ORT or increased fluids,73.6,1,BD,Bangladesh,2011,BD2011DHS,CH_DIAT_C_ORI,94096060,I,360007,1360070,Region,Rajshahi/Rangpur,14001,Five years preceding the survey,0,1,CHDIATCORI,BDDHS2011360007,2011,DHS,87.0,86.0,,,
BGD,Rangpur,5031484,Treatment of diarrhea: ORT or increased fluids,89.9,1,BD,Bangladesh,2011,BD2011DHS,CH_DIAT_C_ORI,94096060,I,360008,1360080,Region,..Rangpur,14000,Three years preceding the survey,0,0,CHDIATCORI,BDDHS2011360008,2011,DHS,24.0,27.0,,,1.0
BGD,Rangpur,4826491,Treatment of diarrhea: ORT or increased fluids,86.8,1,BD,Bangladesh,2011,BD2011DHS,CH_DIAT_C_ORI,94096060,I,360008,1360080,Region,..Rangpur,14001,Five years preceding the survey,0,1,CHDIATCORI,BDDHS2011360008,2011,DHS,37.0,41.0,,,1.0
BGD,Rajshahi,5005509,Treatment of diarrhea: ORT or increased fluids,64.9,1,BD,Bangladesh,2011,BD2011DHS,CH_DIAT_C_ORI,94096060,I,360009,1360090,Region,..Rajshahi,14000,Three years preceding the survey,0,0,CHDIATCORI,BDDHS2011360009,2011,DHS,36.0,32.0,,,1.0
BGD,Rajshahi,2898720,Treatment of diarrhea: ORT or increased fluids,64.1,1,BD,Bangladesh,2011,BD2011DHS,CH_DIAT_C_ORI,94096060,I,360009,1360090,Region,..Rajshahi,14001,Five years preceding the survey,0,1,CHDIATCORI,BDDHS2011360009,2011,DHS,51.0,45.0,,,1.0
BGD,Barishal,2766911,Children stunted,45.1,1,BD,Bangladesh,2011,BD2011DHS,CN_NUTS_C_HA2,104236020,I,360001,1360010,Region,Barishal,0,,0,1,CNNUTSCHA2,BDDHS2011360001,2011,DHS,433.0,870.0,,,1.0
BGD,Chattogram/Sylhet,4729155,Children stunted,43.3,1,BD,Bangladesh,2011,BD2011DHS,CN_NUTS_C_HA2,104236020,I,360002,1360020,Region,Chattogram/Sylhet,0,,0,1,CNNUTSCHA2,BDDHS2011360002,2011,DHS,2369.0,2779.0,,,
BGD,Chattogram,694882,Children stunted,41.3,1,BD,Bangladesh,2011,BD2011DHS,CN_NUTS_C_HA2,104236020,I,360003,1360030,Region,..Chattogram,0,,0,1,CNNUTSCHA2,BDDHS2011360003,2011,DHS,1773.0,1545.0,,,1.0
BGD,Sylhet,4099182,Children stunted,49.3,1,BD,Bangladesh,2011,BD2011DHS,CN_NUTS_C_HA2,104236020,I,360004,1360040,Region,..Sylhet,0,,0,1,CNNUTSCHA2,BDDHS2011360004,2011,DHS,596.0,1234.0,,,1.0
BGD,Dhaka before 2015,6108968,Children stunted,43.3,1,BD,Bangladesh,2011,BD2011DHS,CN_NUTS_C_HA2,104236020,I,360005,1360050,Region,Dhaka before 2015,0,,0,1,CNNUTSCHA2,BDDHS2011360005,2011,DHS,2469.0,1318.0,,,1.0
BGD,Khulna,1282708,Children stunted,34.1,1,BD,Bangladesh,2011,BD2011DHS,CN_NUTS_C_HA2,104236020,I,360006,1360060,Region,Khulna,0,,0,1,CNNUTSCHA2,BDDHS2011360006,2011,DHS,744.0,910.0,,,1.0
BGD,Rajshahi/Rangpur,172956,Children stunted,38.0,1,BD,Bangladesh,2011,BD2011DHS,CN_NUTS_C_HA2,104236020,I,360007,1360070,Region,Rajshahi/Rangpur,0,,0,1,CNNUTSCHA2,BDDHS2011360007,2011,DHS,1845.0,1949.0,,,
BGD,Rangpur,3967354,Children stunted,42.9,1,BD,Bangladesh,2011,BD2011DHS,CN_NUTS_C_HA2,104236020,I,360008,1360080,Region,..Rangpur,0,,0,1,CNNUTSCHA2,BDDHS2011360008,2011,DHS,859.0,1014.0,,,1.0
BGD,Rajshahi,6920140,Children stunted,33.7,1,BD,Bangladesh,2011,BD2011DHS,CN_NUTS_C_HA2,104236020,I,360009,1360090,Region,..Rajshahi,0,,0,1,CNNUTSCHA2,BDDHS2011360009,2011,DHS,986.0,935.0,,,1.0
BGD,Barishal,6786597,Children wasted,15.2,1,BD,Bangladesh,2011,BD2011DHS,CN_NUTS_C_WH2,104236050,I,360001,1360010,Region,Barishal,0,,0,1,CNNUTSCWH2,BDDHS2011360001,2011,DHS,433.0,870.0,,,1.0
BGD,Chattogram/Sylhet,2745034,Children wasted,16.5,1,BD,Bangladesh,2011,BD2011DHS,CN_NUTS_C_WH2,104236050,I,360002,1360020,Region,Chattogram/Sylhet,0,,0,1,CNNUTSCWH2,BDDHS2011360002,2011,DHS,2369.0,2779.0,,,
BGD,Chattogram,5098480,Children wasted,15.9,1,BD,Bangladesh,2011,BD2011DHS,CN_NUTS_C_WH2,104236050,I,360003,1360030,Region,..Chattogram,0,,0,1,CNNUTSCWH2,BDDHS2011360003,2011,DHS,1773.0,1545.0,,,1.0
BGD,Sylhet,663103,Children wasted,18.4,1,BD,Bangladesh,2011,BD2011DHS,CN_NUTS_C_WH2,104236050,I,360004,1360040,Region,..Sylhet,0,,0,1,CNNUTSCWH2,BDDHS2011360004,2011,DHS,596.0,1234.0,,,1.0
BGD,Dhaka before 2015,1304293,Children wasted,15.7,1,BD,Bangladesh,2011,BD2011DHS,CN_NUTS_C_WH2,104236050,I,360005,1360050,Region,Dhaka before 2015,0,,0,1,CNNUTSCWH2,BDDHS2011360005,2011,DHS,2469.0,1318.0,,,1.0
BGD,Khulna,5947039,Children wasted,14.6,1,BD,Bangladesh,2011,BD2011DHS,CN_NUTS_C_WH2,104236050,I,360006,1360060,Region,Khulna,0,,0,1,CNNUTSCWH2,BDDHS2011360006,2011,DHS,744.0,910.0,,,1.0
BGD,Rajshahi/Rangpur,4798434,Children wasted,14.9,1,BD,Bangladesh,2011,BD2011DHS,CN_NUTS_C_WH2,104236050,I,360007,1360070,Region,Rajshahi/Rangpur,0,,0,1,CNNUTSCWH2,BDDHS2011360007,2011,DHS,1845.0,1949.0,,,
BGD,Rangpur,542963,Children wasted,13.2,1,BD,Bangladesh,2011,BD2011DHS,CN_NUTS_C_WH2,104236050,I,360008,1360080,Region,..Rangpur,0,,0,1,CNNUTSCWH2,BDDHS2011360008,2011,DHS,859.0,1014.0,,,1.0
BGD,Rajshahi,4053874,Children wasted,16.4,1,BD,Bangladesh,2011,BD2011DHS,CN_NUTS_C_WH2,104236050,I,360009,1360090,Region,..Rajshahi,0,,0,1,CNNUTSCWH2,BDDHS2011360009,2011,DHS,986.0,935.0,,,1.0
BGD,Barishal,6238604,Children underweight,40.0,1,BD,Bangladesh,2011,BD2011DHS,CN_NUTS_C_WA2,104236090,I,360001,1360010,Region,Barishal,0,,0,1,CNNUTSCWA2,BDDHS2011360001,2011,DHS,433.0,870.0,,,1.0
BGD,Chattogram/Sylhet,3161082,Children underweight,39.3,1,BD,Bangladesh,2011,BD2011DHS,CN_NUTS_C_WA2,104236090,I,360002,1360020,Region,Chattogram/Sylhet,0,,0,1,CNNUTSCWA2,BDDHS2011360002,2011,DHS,2369.0,2779.0,,,
BGD,Chattogram,6560530,Children underweight,37.4,1,BD,Bangladesh,2011,BD2011DHS,CN_NUTS_C_WA2,104236090,I,360003,1360030,Region,..Chattogram,0,,0,1,CNNUTSCWA2,BDDHS2011360003,2011,DHS,1773.0,1545.0,,,1.0
BGD,Sylhet,4067091,Children underweight,44.9,1,BD,Bangladesh,2011,BD2011DHS,CN_NUTS_C_WA2,104236090,I,360004,1360040,Region,..Sylhet,0,,0,1,CNNUTSCWA2,BDDHS2011360004,2011,DHS,596.0,1234.0,,,1.0
BGD,Dhaka before 2015,6980798,Children underweight,36.6,1,BD,Bangladesh,2011,BD2011DHS,CN_NUTS_C_WA2,104236090,I,360005,1360050,Region,Dhaka before 2015,0,,0,1,CNNUTSCWA2,BDDHS2011360005,2011,DHS,2469.0,1318.0,,,1.0
BGD,Khulna,3733738,Children underweight,29.1,1,BD,Bangladesh,2011,BD2011DHS,CN_NUTS_C_WA2,104236090,I,360006,1360060,Region,Khulna,0,,0,1,CNNUTSCWA2,BDDHS2011360006,2011,DHS,744.0,910.0,,,1.0
BGD,Rajshahi/Rangpur,3003535,Children underweight,34.3,1,BD,Bangladesh,2011,BD2011DHS,CN_NUTS_C_WA2,104236090,I,360007,1360070,Region,Rajshahi/Rangpur,0,,0,1,CNNUTSCWA2,BDDHS2011360007,2011,DHS,1845.0,1949.0,,,
BGD,Rangpur,7371257,Children underweight,34.5,1,BD,Bangladesh,2011,BD2011DHS,CN_NUTS_C_WA2,104236090,I,360008,1360080,Region,..Rangpur,0,,0,1,CNNUTSCWA2,BDDHS2011360008,2011,DHS,859.0,1014.0,,,1.0
BGD,Rajshahi,1282709,Children underweight,34.2,1,BD,Bangladesh,2011,BD2011DHS,CN_NUTS_C_WA2,104236090,I,360009,1360090,Region,..Rajshahi,0,,0,1,CNNUTSCWA2,BDDHS2011360009,2011,DHS,986.0,935.0,,,1.0
BGD,Barishal,6238607,Children overweight for their age,0.2,1,BD,Bangladesh,2011,BD2011DHS,CN_NUTS_C_WAP,104236100,I,360001,1360010,Region,Barishal,0,,0,1,CNNUTSCWAP,BDDHS2011360001,2011,DHS,433.0,870.0,,,1.0
BGD,Chattogram/Sylhet,3161104,Children overweight for their age,0.4,1,BD,Bangladesh,2011,BD2011DHS,CN_NUTS_C_WAP,104236100,I,360002,1360020,Region,Chattogram/Sylhet,0,,0,1,CNNUTSCWAP,BDDHS2011360002,2011,DHS,2369.0,2779.0,,,
BGD,Chattogram,6560532,Children overweight for their age,0.5,1,BD,Bangladesh,2011,BD2011DHS,CN_NUTS_C_WAP,104236100,I,360003,1360030,Region,..Chattogram,0,,0,1,CNNUTSCWAP,BDDHS2011360003,2011,DHS,1773.0,1545.0,,,1.0
BGD,Sylhet,4067093,Children overweight for their age,0.2,1,BD,Bangladesh,2011,BD2011DHS,CN_NUTS_C_WAP,104236100,I,360004,1360040,Region,..Sylhet,0,,0,1,CNNUTSCWAP,BDDHS2011360004,2011,DHS,596.0,1234.0,,,1.0
BGD,Dhaka before 2015,6980800,Children overweight for their age,0.5,1,BD,Bangladesh,2011,BD2011DHS,CN_NUTS_C_WAP,104236100,I,360005,1360050,Region,Dhaka before 2015,0,,0,1,CNNUTSCWAP,BDDHS2011360005,2011,DHS,2469.0,1318.0,,,1.0
BGD,Khulna,3733764,Children overweight for their age,0.2,1,BD,Bangladesh,2011,BD2011DHS,CN_NUTS_C_WAP,104236100,I,360006,1360060,Region,Khulna,0,,0,1,CNNUTSCWAP,BDDHS2011360006,2011,DHS,744.0,910.0,,,1.0
BGD,Rajshahi/Rangpur,3003534,Children overweight for their age,0.2,1,BD,Bangladesh,2011,BD2011DHS,CN_NUTS_C_WAP,104236100,I,360007,1360070,Region,Rajshahi/Rangpur,0,,0,1,CNNUTSCWAP,BDDHS2011360007,2011,DHS,1845.0,1949.0,,,
BGD,Rangpur,7371259,Children overweight for their age,0.2,1,BD,Bangladesh,2011,BD2011DHS,CN_NUTS_C_WAP,104236100,I,360008,1360080,Region,..Rangpur,0,,0,1,CNNUTSCWAP,BDDHS2011360008,2011,DHS,859.0,1014.0,,,1.0
BGD,Rajshahi,1282719,Children overweight for their age,0.2,1,BD,Bangladesh,2011,BD2011DHS,CN_NUTS_C_WAP,104236100,I,360009,1360090,Region,..Rajshahi,0,,0,1,CNNUTSCWAP,BDDHS2011360009,2011,DHS,986.0,935.0,,,1.0
BGD,Barishal,3429732,Children ever breastfed,97.2,1,BD,Bangladesh,2011,BD2011DHS,CN_BRFI_C_EVR,104266010,I,360001,1360010,Region,Barishal,0,,0,1,CNBRFICEVR,BDDHS2011360001,2011,DHS,177.0,356.0,,,1.0
BGD,Chattogram/Sylhet,4534959,Children ever breastfed,98.6,1,BD,Bangladesh,2011,BD2011DHS,CN_BRFI_C_EVR,104266010,I,360002,1360020,Region,Chattogram/Sylhet,0,,0,1,CNBRFICEVR,BDDHS2011360002,2011,DHS,1021.0,1162.0,,,
BGD,Chattogram,5221974,Children ever breastfed,98.8,1,BD,Bangladesh,2011,BD2011DHS,CN_BRFI_C_EVR,104266010,I,360003,1360030,Region,..Chattogram,0,,0,1,CNBRFICEVR,BDDHS2011360003,2011,DHS,783.0,674.0,,,1.0
BGD,Sylhet,1290213,Children ever breastfed,98.0,1,BD,Bangladesh,2011,BD2011DHS,CN_BRFI_C_EVR,104266010,I,360004,1360040,Region,..Sylhet,0,,0,1,CNBRFICEVR,BDDHS2011360004,2011,DHS,238.0,488.0,,,1.0
BGD,Dhaka before 2015,7007268,Children ever breastfed,98.5,1,BD,Bangladesh,2011,BD2011DHS,CN_BRFI_C_EVR,104266010,I,360005,1360050,Region,Dhaka before 2015,0,,0,1,CNBRFICEVR,BDDHS2011360005,2011,DHS,988.0,525.0,,,1.0
BGD,Khulna,6196098,Children ever breastfed,98.9,1,BD,Bangladesh,2011,BD2011DHS,CN_BRFI_C_EVR,104266010,I,360006,1360060,Region,Khulna,0,,0,1,CNBRFICEVR,BDDHS2011360006,2011,DHS,305.0,386.0,,,1.0
BGD,Rajshahi/Rangpur,3087382,Children ever breastfed,98.5,1,BD,Bangladesh,2011,BD2011DHS,CN_BRFI_C_EVR,104266010,I,360007,1360070,Region,Rajshahi/Rangpur,0,,0,1,CNBRFICEVR,BDDHS2011360007,2011,DHS,773.0,821.0,,,
BGD,Rangpur,7354442,Children ever breastfed,98.8,1,BD,Bangladesh,2011,BD2011DHS,CN_BRFI_C_EVR,104266010,I,360008,1360080,Region,..Rangpur,0,,0,1,CNBRFICEVR,BDDHS2011360008,2011,DHS,334.0,405.0,,,1.0
BGD,Rajshahi,4051922,Children ever breastfed,98.3,1,BD,Bangladesh,2011,BD2011DHS,CN_BRFI_C_EVR,104266010,I,360009,1360090,Region,..Rajshahi,0,,0,1,CNBRFICEVR,BDDHS2011360009,2011,DHS,439.0,416.0,,,1.0
BGD,Barishal,3429731,Children who started breastfeeding within 1 hour of birth,43.6,1,BD,Bangladesh,2011,BD2011DHS,CN_BRFI_C_1HR,104266020,I,360001,1360010,Region,Barishal,0,,0,1,CNBRFIC1HR,BDDHS2011360001,2011,DHS,177.0,356.0,,,1.0
BGD,Chattogram/Sylhet,4534962,Children who started breastfeeding within 1 hour of birth,47.9,1,BD,Bangladesh,2011,BD2011DHS,CN_BRFI_C_1HR,104266020,I,360002,1360020,Region,Chattogram/Sylhet,0,,0,1,CNBRFIC1HR,BDDHS2011360002,2011,DHS,1021.0,1162.0,,,
BGD,Chattogram,5221973,Children who started breastfeeding within 1 hour of birth,46.2,1,BD,Bangladesh,2011,BD2011DHS,CN_BRFI_C_1HR,104266020,I,360003,1360030,Region,..Chattogram,0,,0,1,CNBRFIC1HR,BDDHS2011360003,2011,DHS,783.0,674.0,,,1.0
BGD,Sylhet,1290211,Children who started breastfeeding within 1 hour of birth,53.8,1,BD,Bangladesh,2011,BD2011DHS,CN_BRFI_C_1HR,104266020,I,360004,1360040,Region,..Sylhet,0,,0,1,CNBRFIC1HR,BDDHS2011360004,2011,DHS,238.0,488.0,,,1.0
BGD,Dhaka before 2015,7007269,Children who started breastfeeding within 1 hour of birth,43.0,1,BD,Bangladesh,2011,BD2011DHS,CN_BRFI_C_1HR,104266020,I,360005,1360050,Region,Dhaka before 2015,0,,0,1,CNBRFIC1HR,BDDHS2011360005,2011,DHS,988.0,525.0,,,1.0
BGD,Khulna,6196096,Children who started breastfeeding within 1 hour of birth,45.7,1,BD,Bangladesh,2011,BD2011DHS,CN_BRFI_C_1HR,104266020,I,360006,1360060,Region,Khulna,0,,0,1,CNBRFIC1HR,BDDHS2011360006,2011,DHS,305.0,386.0,,,1.0
BGD,Rajshahi/Rangpur,3087383,Children who started breastfeeding within 1 hour of birth,52.3,1,BD,Bangladesh,2011,BD2011DHS,CN_BRFI_C_1HR,104266020,I,360007,1360070,Region,Rajshahi/Rangpur,0,,0,1,CNBRFIC1HR,BDDHS2011360007,2011,DHS,773.0,821.0,,,
BGD,Rangpur,7354440,Children who started breastfeeding within 1 hour of birth,50.8,1,BD,Bangladesh,2011,BD2011DHS,CN_BRFI_C_1HR,104266020,I,360008,1360080,Region,..Rangpur,0,,0,1,CNBRFIC1HR,BDDHS2011360008,2011,DHS,334.0,405.0,,,1.0
BGD,Rajshahi,4051919,Children who started breastfeeding within 1 hour of birth,53.5,1,BD,Bangladesh,2011,BD2011DHS,CN_BRFI_C_1HR,104266020,I,360009,1360090,Region,..Rajshahi,0,,0,1,CNBRFIC1HR,BDDHS2011360009,2011,DHS,439.0,416.0,,,1.0
BGD,Barishal,1297303,Median duration of any breastfeeding,31.5,1,BD,Bangladesh,2011,BD2011DHS,CN_BFDR_C_MDA,104336010,I,360001,1360010,Region,Barishal,0,,0,1,CNBFDRCMDA,BDDHS2011360001,2011,DHS,,,,,1.0
BGD,Chattogram/Sylhet,1290232,Median duration of any breastfeeding,26.4,1,BD,Bangladesh,2011,BD2011DHS,CN_BFDR_C_MDA,104336010,I,360002,1360020,Region,Chattogram/Sylhet,0,,0,1,CNBFDRCMDA,BDDHS2011360002,2011,DHS,,,,,
BGD,Chattogram,1290257,Median duration of any breastfeeding,25.5,1,BD,Bangladesh,2011,BD2011DHS,CN_BFDR_C_MDA,104336010,I,360003,1360030,Region,..Chattogram,0,,0,1,CNBFDRCMDA,BDDHS2011360003,2011,DHS,,,,,1.0
BGD,Sylhet,1290216,Median duration of any breastfeeding,29.9,1,BD,Bangladesh,2011,BD2011DHS,CN_BFDR_C_MDA,104336010,I,360004,1360040,Region,..Sylhet,0,,0,1,CNBFDRCMDA,BDDHS2011360004,2011,DHS,,,,,1.0
BGD,Dhaka before 2015,1304316,Median duration of any breastfeeding,32.1,1,BD,Bangladesh,2011,BD2011DHS,CN_BFDR_C_MDA,104336010,I,360005,1360050,Region,Dhaka before 2015,0,,0,1,CNBFDRCMDA,BDDHS2011360005,2011,DHS,,,,,1.0
BGD,Barishal,500631,Breastfed children 6-23 months fed both 4+ food groups and the minimum meal frequency,17.5,1,BD,Bangladesh,2011,BD2011DHS,CN_IYCF_C_BTB,104436030,I,360001,1360010,Region,Barishal,0,,0,1,CNIYCFCBTB,BDDHS2011360001,2011,DHS,125.0,249.0,,,1.0
BGD,Chattogram/Sylhet,2742700,Breastfed children 6-23 months fed both 4+ food groups and the minimum meal frequency,15.6,1,BD,Bangladesh,2011,BD2011DHS,CN_IYCF_C_BTB,104436030,I,360002,1360020,Region,Chattogram/Sylhet,0,,0,1,CNIYCFCBTB,BDDHS2011360002,2011,DHS,680.0,775.0,,,
BGD,Chattogram,1290261,Breastfed children 6-23 months fed both 4+ food groups and the minimum meal frequency,16.9,1,BD,Bangladesh,2011,BD2011DHS,CN_IYCF_C_BTB,104436030,I,360003,1360030,Region,..Chattogram,0,,0,1,CNIYCFCBTB,BDDHS2011360003,2011,DHS,516.0,440.0,,,1.0
BGD,Sylhet,6941056,Breastfed children 6-23 months fed both 4+ food groups and the minimum meal frequency,11.5,1,BD,Bangladesh,2011,BD2011DHS,CN_IYCF_C_BTB,104436030,I,360004,1360040,Region,..Sylhet,0,,0,1,CNIYCFCBTB,BDDHS2011360004,2011,DHS,164.0,335.0,,,1.0
BGD,Dhaka before 2015,5782386,Breastfed children 6-23 months fed both 4+ food groups and the minimum meal frequency,23.6,1,BD,Bangladesh,2011,BD2011DHS,CN_IYCF_C_BTB,104436030,I,360005,1360050,Region,Dhaka before 2015,0,,0,1,CNIYCFCBTB,BDDHS2011360005,2011,DHS,662.0,352.0,,,1.0
BGD,Khulna,4657386,Breastfed children 6-23 months fed both 4+ food groups and the minimum meal frequency,28.4,1,BD,Bangladesh,2011,BD2011DHS,CN_IYCF_C_BTB,104436030,I,360006,1360060,Region,Khulna,0,,0,1,CNIYCFCBTB,BDDHS2011360006,2011,DHS,206.0,258.0,,,1.0
BGD,Rajshahi/Rangpur,6381016,Breastfed children 6-23 months fed both 4+ food groups and the minimum meal frequency,23.4,1,BD,Bangladesh,2011,BD2011DHS,CN_IYCF_C_BTB,104436030,I,360007,1360070,Region,Rajshahi/Rangpur,0,,0,1,CNIYCFCBTB,BDDHS2011360007,2011,DHS,550.0,583.0,,,
BGD,Rangpur,423450,Breastfed children 6-23 months fed both 4+ food groups and the minimum meal frequency,21.7,1,BD,Bangladesh,2011,BD2011DHS,CN_IYCF_C_BTB,104436030,I,360008,1360080,Region,..Rangpur,0,,0,1,CNIYCFCBTB,BDDHS2011360008,2011,DHS,240.0,286.0,,,1.0
BGD,Rajshahi,5688669,Breastfed children 6-23 months fed both 4+ food groups and the minimum meal frequency,24.8,1,BD,Bangladesh,2011,BD2011DHS,CN_IYCF_C_BTB,104436030,I,360009,1360090,Region,..Rajshahi,0,,0,1,CNIYCFCBTB,BDDHS2011360009,2011,DHS,310.0,297.0,,,1.0
BGD,Chattogram/Sylhet,2854116,Non-breastfed children 6-23 months fed milk or milk products,46.1,1,BD,Bangladesh,2011,BD2011DHS,CN_IYCF_C_MKN,104436060,I,360002,1360020,Region,Chattogram/Sylhet,0,,0,1,CNIYCFCMKN,BDDHS2011360002,2011,DHS,61.0,71.0,,,
BGD,Chattogram,6966141,Non-breastfed children 6-23 months fed milk or milk products,50.2,1,BD,Bangladesh,2011,BD2011DHS,CN_IYCF_C_MKN,104436060,I,360003,1360030,Region,..Chattogram,0,,0,1,CNIYCFCMKN,BDDHS2011360003,2011,DHS,52.0,52.0,,,1.0
BGD,Chattogram/Sylhet,2854119,Non-breastfed children 6-23 months with 3 IYCF practices,12.9,1,BD,Bangladesh,2011,BD2011DHS,CN_IYCF_C_3PN,104436090,I,360002,1360020,Region,Chattogram/Sylhet,0,,0,1,CNIYCFC3PN,BDDHS2011360002,2011,DHS,61.0,71.0,,,
BGD,Chattogram,6966144,Non-breastfed children 6-23 months with 3 IYCF practices,15.1,1,BD,Bangladesh,2011,BD2011DHS,CN_IYCF_C_3PN,104436090,I,360003,1360030,Region,..Chattogram,0,,0,1,CNIYCFC3PN,BDDHS2011360003,2011,DHS,52.0,52.0,,,1.0
BGD,Barishal,5157167,Children 6-23 months fed 5+ food groups,21.9,1,BD,Bangladesh,2011,BD2011DHS,CN_IYCF_C_4FA,104436130,I,360001,1360010,Region,Barishal,0,,0,1,CNIYCFC4FA,BDDHS2011360001,2011,DHS,132.0,265.0,,,1.0
BGD,Chattogram/Sylhet,7223752,Children 6-23 months fed 5+ food groups,18.6,1,BD,Bangladesh,2011,BD2011DHS,CN_IYCF_C_4FA,104436130,I,360002,1360020,Region,Chattogram/Sylhet,0,,0,1,CNIYCFC4FA,BDDHS2011360002,2011,DHS,741.0,846.0,,,
BGD,Chattogram,3024093,Children 6-23 months fed 5+ food groups,20.1,1,BD,Bangladesh,2011,BD2011DHS,CN_IYCF_C_4FA,104436130,I,360003,1360030,Region,..Chattogram,0,,0,1,CNIYCFC4FA,BDDHS2011360003,2011,DHS,568.0,492.0,,,1.0
BGD,Sylhet,6469842,Children 6-23 months fed 5+ food groups,13.7,1,BD,Bangladesh,2011,BD2011DHS,CN_IYCF_C_4FA,104436130,I,360004,1360040,Region,..Sylhet,0,,0,1,CNIYCFC4FA,BDDHS2011360004,2011,DHS,173.0,354.0,,,1.0
BGD,Dhaka before 2015,4121926,Children 6-23 months fed 5+ food groups,24.9,1,BD,Bangladesh,2011,BD2011DHS,CN_IYCF_C_4FA,104436130,I,360005,1360050,Region,Dhaka before 2015,0,,0,1,CNIYCFC4FA,BDDHS2011360005,2011,DHS,705.0,375.0,,,1.0
BGD,Khulna,4511357,Children 6-23 months fed 5+ food groups,30.8,1,BD,Bangladesh,2011,BD2011DHS,CN_IYCF_C_4FA,104436130,I,360006,1360060,Region,Khulna,0,,0,1,CNIYCFC4FA,BDDHS2011360006,2011,DHS,213.0,268.0,,,1.0
BGD,Rajshahi/Rangpur,785317,Children 6-23 months fed 5+ food groups,27.2,1,BD,Bangladesh,2011,BD2011DHS,CN_IYCF_C_4FA,104436130,I,360007,1360070,Region,Rajshahi/Rangpur,0,,0,1,CNIYCFC4FA,BDDHS2011360007,2011,DHS,567.0,602.0,,,
BGD,Rangpur,6171632,Children 6-23 months fed 5+ food groups,24.4,1,BD,Bangladesh,2011,BD2011DHS,CN_IYCF_C_4FA,104436130,I,360008,1360080,Region,..Rangpur,0,,0,1,CNIYCFC4FA,BDDHS2011360008,2011,DHS,248.0,295.0,,,1.0
BGD,Rajshahi,5694021,Children 6-23 months fed 5+ food groups,29.4,1,BD,Bangladesh,2011,BD2011DHS,CN_IYCF_C_4FA,104436130,I,360009,1360090,Region,..Rajshahi,0,,0,1,CNIYCFC4FA,BDDHS2011360009,2011,DHS,319.0,307.0,,,1.0
BGD,Barishal,5157179,Children 6-23 months fed the minimum meal frequency,61.8,1,BD,Bangladesh,2011,BD2011DHS,CN_IYCF_C_MNA,104436140,I,360001,1360010,Region,Barishal,0,,0,1,CNIYCFCMNA,BDDHS2011360001,2011,DHS,132.0,265.0,,,1.0
BGD,Chattogram/Sylhet,7223770,Children 6-23 months fed the minimum meal frequency,55.8,1,BD,Bangladesh,2011,BD2011DHS,CN_IYCF_C_MNA,104436140,I,360002,1360020,Region,Chattogram/Sylhet,0,,0,1,CNIYCFCMNA,BDDHS2011360002,2011,DHS,741.0,846.0,,,
BGD,Chattogram,3024094,Children 6-23 months fed the minimum meal frequency,55.9,1,BD,Bangladesh,2011,BD2011DHS,CN_IYCF_C_MNA,104436140,I,360003,1360030,Region,..Chattogram,0,,0,1,CNIYCFCMNA,BDDHS2011360003,2011,DHS,568.0,492.0,,,1.0
BGD,Sylhet,6469843,Children 6-23 months fed the minimum meal frequency,55.8,1,BD,Bangladesh,2011,BD2011DHS,CN_IYCF_C_MNA,104436140,I,360004,1360040,Region,..Sylhet,0,,0,1,CNIYCFCMNA,BDDHS2011360004,2011,DHS,173.0,354.0,,,1.0
BGD,Dhaka before 2015,4121927,Children 6-23 months fed the minimum meal frequency,65.2,1,BD,Bangladesh,2011,BD2011DHS,CN_IYCF_C_MNA,104436140,I,360005,1360050,Region,Dhaka before 2015,0,,0,1,CNIYCFCMNA,BDDHS2011360005,2011,DHS,705.0,375.0,,,1.0
BGD,Khulna,4511358,Children 6-23 months fed the minimum meal frequency,82.7,1,BD,Bangladesh,2011,BD2011DHS,CN_IYCF_C_MNA,104436140,I,360006,1360060,Region,Khulna,0,,0,1,CNIYCFCMNA,BDDHS2011360006,2011,DHS,213.0,268.0,,,1.0
BGD,Rajshahi/Rangpur,785318,Children 6-23 months fed the minimum meal frequency,67.6,1,BD,Bangladesh,2011,BD2011DHS,CN_IYCF_C_MNA,104436140,I,360007,1360070,Region,Rajshahi/Rangpur,0,,0,1,CNIYCFCMNA,BDDHS2011360007,2011,DHS,567.0,602.0,,,
BGD,Rangpur,6171633,Children 6-23 months fed the minimum meal frequency,72.4,1,BD,Bangladesh,2011,BD2011DHS,CN_IYCF_C_MNA,104436140,I,360008,1360080,Region,..Rangpur,0,,0,1,CNIYCFCMNA,BDDHS2011360008,2011,DHS,248.0,295.0,,,1.0
BGD,Rajshahi,5694022,Children 6-23 months fed the minimum meal frequency,63.8,1,BD,Bangladesh,2011,BD2011DHS,CN_IYCF_C_MNA,104436140,I,360009,1360090,Region,..Rajshahi,0,,0,1,CNIYCFCMNA,BDDHS2011360009,2011,DHS,319.0,307.0,,,1.0
BGD,Barishal,5157180,Children 6-23 months with 3 IYCF practices,17.5,1,BD,Bangladesh,2011,BD2011DHS,CN_IYCF_C_3PA,104436150,I,360001,1360010,Region,Barishal,0,,0,1,CNIYCFC3PA,BDDHS2011360001,2011,DHS,132.0,265.0,,,1.0
BGD,Chattogram/Sylhet,7223771,Children 6-23 months with 3 IYCF practices,15.4,1,BD,Bangladesh,2011,BD2011DHS,CN_IYCF_C_3PA,104436150,I,360002,1360020,Region,Chattogram/Sylhet,0,,0,1,CNIYCFC3PA,BDDHS2011360002,2011,DHS,741.0,846.0,,,
BGD,Chattogram,3024106,Children 6-23 months with 3 IYCF practices,16.8,1,BD,Bangladesh,2011,BD2011DHS,CN_IYCF_C_3PA,104436150,I,360003,1360030,Region,..Chattogram,0,,0,1,CNIYCFC3PA,BDDHS2011360003,2011,DHS,568.0,492.0,,,1.0
BGD,Sylhet,6469844,Children 6-23 months with 3 IYCF practices,10.9,1,BD,Bangladesh,2011,BD2011DHS,CN_IYCF_C_3PA,104436150,I,360004,1360040,Region,..Sylhet,0,,0,1,CNIYCFC3PA,BDDHS2011360004,2011,DHS,173.0,354.0,,,1.0
BGD,Dhaka before 2015,4121928,Children 6-23 months with 3 IYCF practices,23.3,1,BD,Bangladesh,2011,BD2011DHS,CN_IYCF_C_3PA,104436150,I,360005,1360050,Region,Dhaka before 2015,0,,0,1,CNIYCFC3PA,BDDHS2011360005,2011,DHS,705.0,375.0,,,1.0
BGD,Khulna,4511382,Children 6-23 months with 3 IYCF practices,28.2,1,BD,Bangladesh,2011,BD2011DHS,CN_IYCF_C_3PA,104436150,I,360006,1360060,Region,Khulna,0,,0,1,CNIYCFC3PA,BDDHS2011360006,2011,DHS,213.0,268.0,,,1.0
BGD,Rajshahi/Rangpur,785319,Children 6-23 months with 3 IYCF practices,23.0,1,BD,Bangladesh,2011,BD2011DHS,CN_IYCF_C_3PA,104436150,I,360007,1360070,Region,Rajshahi/Rangpur,0,,0,1,CNIYCFC3PA,BDDHS2011360007,2011,DHS,567.0,602.0,,,
BGD,Rangpur,6171634,Children 6-23 months with 3 IYCF practices,20.9,1,BD,Bangladesh,2011,BD2011DHS,CN_IYCF_C_3PA,104436150,I,360008,1360080,Region,..Rangpur,0,,0,1,CNIYCFC3PA,BDDHS2011360008,2011,DHS,248.0,295.0,,,1.0
BGD,Rajshahi,5694023,Children 6-23 months with 3 IYCF practices,24.6,1,BD,Bangladesh,2011,BD2011DHS,CN_IYCF_C_3PA,104436150,I,360009,1360090,Region,..Rajshahi,0,,0,1,CNIYCFC3PA,BDDHS2011360009,2011,DHS,319.0,307.0,,,1.0
BGD,Barishal,5686680,Households with iodized salt,89.1,1,BD,Bangladesh,2011,BD2011DHS,CN_IODZ_H_IOD,104531050,I,360001,1360010,Region,Barishal,0,,0,1,CNIODZHIOD,BDDHS2011360001,2011,DHS,997.0,2013.0,,,1.0
BGD,Chattogram/Sylhet,1290312,Households with iodized salt,80.3,1,BD,Bangladesh,2011,BD2011DHS,CN_IODZ_H_IOD,104531050,I,360002,1360020,Region,Chattogram/Sylhet,0,,0,1,CNIODZHIOD,BDDHS2011360002,2011,DHS,3795.0,4533.0,,,
BGD,Chattogram,4901418,Households with iodized salt,77.4,1,BD,Bangladesh,2011,BD2011DHS,CN_IODZ_H_IOD,104531050,I,360003,1360030,Region,..Chattogram,0,,0,1,CNIODZHIOD,BDDHS2011360003,2011,DHS,2899.0,2580.0,,,1.0
BGD,Sylhet,2913811,Households with iodized salt,89.8,1,BD,Bangladesh,2011,BD2011DHS,CN_IODZ_H_IOD,104531050,I,360004,1360040,Region,..Sylhet,0,,0,1,CNIODZHIOD,BDDHS2011360004,2011,DHS,896.0,1953.0,,,1.0
BGD,Dhaka before 2015,7028741,Households with iodized salt,85.9,1,BD,Bangladesh,2011,BD2011DHS,CN_IODZ_H_IOD,104531050,I,360005,1360050,Region,Dhaka before 2015,0,,0,1,CNIODZHIOD,BDDHS2011360005,2011,DHS,5507.0,2992.0,,,1.0
BGD,Khulna,3336328,Households with iodized salt,92.7,1,BD,Bangladesh,2011,BD2011DHS,CN_IODZ_H_IOD,104531050,I,360006,1360060,Region,Khulna,0,,0,1,CNIODZHIOD,BDDHS2011360006,2011,DHS,2005.0,2448.0,,,1.0
BGD,Rajshahi/Rangpur,4001517,Households with iodized salt,73.6,1,BD,Bangladesh,2011,BD2011DHS,CN_IODZ_H_IOD,104531050,I,360007,1360070,Region,Rajshahi/Rangpur,0,,0,1,CNIODZHIOD,BDDHS2011360007,2011,DHS,4569.0,4896.0,,,
BGD,Rangpur,3538926,Households with iodized salt,73.5,1,BD,Bangladesh,2011,BD2011DHS,CN_IODZ_H_IOD,104531050,I,360008,1360080,Region,..Rangpur,0,,0,1,CNIODZHIOD,BDDHS2011360008,2011,DHS,2045.0,2437.0,,,1.0
BGD,Rajshahi,2751670,Households with iodized salt,73.7,1,BD,Bangladesh,2011,BD2011DHS,CN_IODZ_H_IOD,104531050,I,360009,1360090,Region,..Rajshahi,0,,0,1,CNIODZHIOD,BDDHS2011360009,2011,DHS,2524.0,2459.0,,,1.0
BGD,Barishal,7061777,Comprehensive correct knowledge about AIDS [Women],9.5,1,BD,Bangladesh,2011,BD2011DHS,HA_CKNA_W_CKA,135233060,I,360001,1360010,Region,Barishal,0,,0,1,HACKNAWCKA,BDDHS2011360001,2011,DHS,1002.0,2050.0,,,1.0
BGD,Chattogram/Sylhet,580623,Comprehensive correct knowledge about AIDS [Women],8.6,1,BD,Bangladesh,2011,BD2011DHS,HA_CKNA_W_CKA,135233060,I,360002,1360020,Region,Chattogram/Sylhet,0,,0,1,HACKNAWCKA,BDDHS2011360002,2011,DHS,4189.0,4950.0,,,
BGD,Chattogram,1634142,Comprehensive correct knowledge about AIDS [Women],8.9,1,BD,Bangladesh,2011,BD2011DHS,HA_CKNA_W_CKA,135233060,I,360003,1360030,Region,..Chattogram,0,,0,1,HACKNAWCKA,BDDHS2011360003,2011,DHS,3222.0,2864.0,,,1.0
BGD,Sylhet,7162727,Comprehensive correct knowledge about AIDS [Women],7.5,1,BD,Bangladesh,2011,BD2011DHS,HA_CKNA_W_CKA,135233060,I,360004,1360040,Region,..Sylhet,0,,0,1,HACKNAWCKA,BDDHS2011360004,2011,DHS,967.0,2086.0,,,1.0
BGD,Dhaka before 2015,4316286,Comprehensive correct knowledge about AIDS [Women],15.5,1,BD,Bangladesh,2011,BD2011DHS,HA_CKNA_W_CKA,135233060,I,360005,1360050,Region,Dhaka before 2015,0,,0,1,HACKNAWCKA,BDDHS2011360005,2011,DHS,5736.0,3062.0,,,1.0
BGD,Khulna,18689,Comprehensive correct knowledge about AIDS [Women],11.6,1,BD,Bangladesh,2011,BD2011DHS,HA_CKNA_W_CKA,135233060,I,360006,1360060,Region,Khulna,0,,0,1,HACKNAWCKA,BDDHS2011360006,2011,DHS,2139.0,2640.0,,,1.0
BGD,Rajshahi/Rangpur,3723912,Comprehensive correct knowledge about AIDS [Women],8.4,1,BD,Bangladesh,2011,BD2011DHS,HA_CKNA_W_CKA,135233060,I,360007,1360070,Region,Rajshahi/Rangpur,0,,0,1,HACKNAWCKA,BDDHS2011360007,2011,DHS,4684.0,5047.0,,,
BGD,Rangpur,5171451,Comprehensive correct knowledge about AIDS [Women],9.7,1,BD,Bangladesh,2011,BD2011DHS,HA_CKNA_W_CKA,135233060,I,360008,1360080,Region,..Rangpur,0,,0,1,HACKNAWCKA,BDDHS2011360008,2011,DHS,2039.0,2457.0,,,1.0
BGD,Rajshahi,6395672,Comprehensive correct knowledge about AIDS [Women],7.4,1,BD,Bangladesh,2011,BD2011DHS,HA_CKNA_W_CKA,135233060,I,360009,1360090,Region,..Rajshahi,0,,0,1,HACKNAWCKA,BDDHS2011360009,2011,DHS,2646.0,2590.0,,,1.0
BGD,Barishal,3828957,Wife beating justified for at least one specific reason [Women],30.5,1,BD,Bangladesh,2011,BD2011DHS,WE_AWBT_W_AGR,176433060,I,360001,1360010,Region,Barishal,0,,0,1,WEAWBTWAGR,BDDHS2011360001,2011,DHS,1002.0,2050.0,,,1.0
BGD,Chattogram/Sylhet,436167,Wife beating justified for at least one specific reason [Women],34.9,1,BD,Bangladesh,2011,BD2011DHS,WE_AWBT_W_AGR,176433060,I,360002,1360020,Region,Chattogram/Sylhet,0,,0,1,WEAWBTWAGR,BDDHS2011360002,2011,DHS,4189.0,4950.0,,,
BGD,Chattogram,2417506,Wife beating justified for at least one specific reason [Women],34.1,1,BD,Bangladesh,2011,BD2011DHS,WE_AWBT_W_AGR,176433060,I,360003,1360030,Region,..Chattogram,0,,0,1,WEAWBTWAGR,BDDHS2011360003,2011,DHS,3222.0,2864.0,,,1.0
BGD,Sylhet,5443770,Wife beating justified for at least one specific reason [Women],37.5,1,BD,Bangladesh,2011,BD2011DHS,WE_AWBT_W_AGR,176433060,I,360004,1360040,Region,..Sylhet,0,,0,1,WEAWBTWAGR,BDDHS2011360004,2011,DHS,967.0,2086.0,,,1.0
BGD,Dhaka before 2015,7162099,Wife beating justified for at least one specific reason [Women],27.9,1,BD,Bangladesh,2011,BD2011DHS,WE_AWBT_W_AGR,176433060,I,360005,1360050,Region,Dhaka before 2015,0,,0,1,WEAWBTWAGR,BDDHS2011360005,2011,DHS,5736.0,3062.0,,,1.0
BGD,Khulna,4369706,Wife beating justified for at least one specific reason [Women],26.6,1,BD,Bangladesh,2011,BD2011DHS,WE_AWBT_W_AGR,176433060,I,360006,1360060,Region,Khulna,0,,0,1,WEAWBTWAGR,BDDHS2011360006,2011,DHS,2139.0,2640.0,,,1.0
BGD,Rajshahi/Rangpur,6706881,Wife beating justified for at least one specific reason [Women],39.3,1,BD,Bangladesh,2011,BD2011DHS,WE_AWBT_W_AGR,176433060,I,360007,1360070,Region,Rajshahi/Rangpur,0,,0,1,WEAWBTWAGR,BDDHS2011360007,2011,DHS,4684.0,5047.0,,,
BGD,Rangpur,3993029,Wife beating justified for at least one specific reason [Women],30.3,1,BD,Bangladesh,2011,BD2011DHS,WE_AWBT_W_AGR,176433060,I,360008,1360080,Region,..Rangpur,0,,0,1,WEAWBTWAGR,BDDHS2011360008,2011,DHS,2039.0,2457.0,,,1.0
BGD,Rajshahi,5257956,Wife beating justified for at least one specific reason [Women],46.2,1,BD,Bangladesh,2011,BD2011DHS,WE_AWBT_W_AGR,176433060,I,360009,1360090,Region,..Rajshahi,0,,0,1,WEAWBTWAGR,BDDHS2011360009,2011,DHS,2646.0,2590.0,,,1.0
BGD,Barishal,5951569,Children registered,33.6,1,BD,Bangladesh,2011,BD2011DHS,CP_BREG_C_REG,220906030,I,360001,1360010,Region,Barishal,0,,0,1,CPBREGCREG,BDDHS2011360001,2011,DHS,476.0,941.0,,,1.0
BGD,Chattogram/Sylhet,5853549,Children registered,34.3,1,BD,Bangladesh,2011,BD2011DHS,CP_BREG_C_REG,220906030,I,360002,1360020,Region,Chattogram/Sylhet,0,,0,1,CPBREGCREG,BDDHS2011360002,2011,DHS,2602.0,3038.0,,,
BGD,Chattogram,3685777,Children registered,31.2,1,BD,Bangladesh,2011,BD2011DHS,CP_BREG_C_REG,220906030,I,360003,1360030,Region,..Chattogram,0,,0,1,CPBREGCREG,BDDHS2011360003,2011,DHS,1956.0,1699.0,,,1.0
BGD,Sylhet,6882020,Children registered,43.5,1,BD,Bangladesh,2011,BD2011DHS,CP_BREG_C_REG,220906030,I,360004,1360040,Region,..Sylhet,0,,0,1,CPBREGCREG,BDDHS2011360004,2011,DHS,646.0,1339.0,,,1.0
BGD,Dhaka before 2015,2638348,Children registered,26.9,1,BD,Bangladesh,2011,BD2011DHS,CP_BREG_C_REG,220906030,I,360005,1360050,Region,Dhaka before 2015,0,,0,1,CPBREGCREG,BDDHS2011360005,2011,DHS,2646.0,1420.0,,,1.0
BGD,Khulna,4717263,Children registered,31.9,1,BD,Bangladesh,2011,BD2011DHS,CP_BREG_C_REG,220906030,I,360006,1360060,Region,Khulna,0,,0,1,CPBREGCREG,BDDHS2011360006,2011,DHS,761.0,934.0,,,1.0
BGD,Rajshahi/Rangpur,5875948,Children registered,29.2,1,BD,Bangladesh,2011,BD2011DHS,CP_BREG_C_REG,220906030,I,360007,1360070,Region,Rajshahi/Rangpur,0,,0,1,CPBREGCREG,BDDHS2011360007,2011,DHS,2002.0,2115.0,,,
BGD,Rangpur,1107742,Children registered,33.1,1,BD,Bangladesh,2011,BD2011DHS,CP_BREG_C_REG,220906030,I,360008,1360080,Region,..Rangpur,0,,0,1,CPBREGCREG,BDDHS2011360008,2011,DHS,924.0,1103.0,,,1.0
BGD,Rajshahi,5692620,Children registered,26.0,1,BD,Bangladesh,2011,BD2011DHS,CP_BREG_C_REG,220906030,I,360009,1360090,Region,..Rajshahi,0,,0,1,CPBREGCREG,BDDHS2011360009,2011,DHS,1077.0,1012.0,,,1.0
BGD,Barishal,1099486,Gender parity index for net primary school attendance,1.07,2,BD,Bangladesh,2011,BD2011DHS,ED_NARP_B_GPI,231035040,I,360001,1360010,Region,Barishal,0,,0,1,EDNARPBGPI,BDDHS2011360001,2011,DHS,,,,,1.0
BGD,Chattogram/Sylhet,1115192,Gender parity index for net primary school attendance,1.03,2,BD,Bangladesh,2011,BD2011DHS,ED_NARP_B_GPI,231035040,I,360002,1360020,Region,Chattogram/Sylhet,0,,0,1,EDNARPBGPI,BDDHS2011360002,2011,DHS,,,,,
BGD,Chattogram,1115198,Gender parity index for net primary school attendance,1.03,2,BD,Bangladesh,2011,BD2011DHS,ED_NARP_B_GPI,231035040,I,360003,1360030,Region,..Chattogram,0,,0,1,EDNARPBGPI,BDDHS2011360003,2011,DHS,,,,,1.0
BGD,Sylhet,1115180,Gender parity index for net primary school attendance,1.04,2,BD,Bangladesh,2011,BD2011DHS,ED_NARP_B_GPI,231035040,I,360004,1360040,Region,..Sylhet,0,,0,1,EDNARPBGPI,BDDHS2011360004,2011,DHS,,,,,1.0
BGD,Dhaka before 2015,1122262,Gender parity index for net primary school attendance,1.08,2,BD,Bangladesh,2011,BD2011DHS,ED_NARP_B_GPI,231035040,I,360005,1360050,Region,Dhaka before 2015,0,,0,1,EDNARPBGPI,BDDHS2011360005,2011,DHS,,,,,1.0
BGD,Khulna,7210295,Gender parity index for net primary school attendance,1.05,2,BD,Bangladesh,2011,BD2011DHS,ED_NARP_B_GPI,231035040,I,360006,1360060,Region,Khulna,0,,0,1,EDNARPBGPI,BDDHS2011360006,2011,DHS,,,,,1.0
BGD,Rajshahi/Rangpur,4058730,Gender parity index for net primary school attendance,1.04,2,BD,Bangladesh,2011,BD2011DHS,ED_NARP_B_GPI,231035040,I,360007,1360070,Region,Rajshahi/Rangpur,0,,0,1,EDNARPBGPI,BDDHS2011360007,2011,DHS,,,,,
BGD,Rangpur,1107823,Gender parity index for net primary school attendance,1.05,2,BD,Bangladesh,2011,BD2011DHS,ED_NARP_B_GPI,231035040,I,360008,1360080,Region,..Rangpur,0,,0,1,EDNARPBGPI,BDDHS2011360008,2011,DHS,,,,,1.0
BGD,Rajshahi,1107815,Gender parity index for net primary school attendance,1.04,2,BD,Bangladesh,2011,BD2011DHS,ED_NARP_B_GPI,231035040,I,360009,1360090,Region,..Rajshahi,0,,0,1,EDNARPBGPI,BDDHS2011360009,2011,DHS,,,,,1.0
BGD,Barishal,1099516,Gender parity index for net secondary school attendance,1.01,2,BD,Bangladesh,2011,BD2011DHS,ED_NARS_B_GPI,231105040,I,360001,1360010,Region,Barishal,0,,0,1,EDNARSBGPI,BDDHS2011360001,2011,DHS,,,,,1.0
BGD,Chattogram/Sylhet,1115237,Gender parity index for net secondary school attendance,1.12,2,BD,Bangladesh,2011,BD2011DHS,ED_NARS_B_GPI,231105040,I,360002,1360020,Region,Chattogram/Sylhet,0,,0,1,EDNARSBGPI,BDDHS2011360002,2011,DHS,,,,,
BGD,Chattogram,1115226,Gender parity index for net secondary school attendance,1.15,2,BD,Bangladesh,2011,BD2011DHS,ED_NARS_B_GPI,231105040,I,360003,1360030,Region,..Chattogram,0,,0,1,EDNARSBGPI,BDDHS2011360003,2011,DHS,,,,,1.0
BGD,Sylhet,1115219,Gender parity index for net secondary school attendance,1.04,2,BD,Bangladesh,2011,BD2011DHS,ED_NARS_B_GPI,231105040,I,360004,1360040,Region,..Sylhet,0,,0,1,EDNARSBGPI,BDDHS2011360004,2011,DHS,,,,,1.0
BGD,Dhaka before 2015,1122275,Gender parity index for net secondary school attendance,0.97,2,BD,Bangladesh,2011,BD2011DHS,ED_NARS_B_GPI,231105040,I,360005,1360050,Region,Dhaka before 2015,0,,0,1,EDNARSBGPI,BDDHS2011360005,2011,DHS,,,,,1.0
BGD,Khulna,7210306,Gender parity index for net secondary school attendance,1.05,2,BD,Bangladesh,2011,BD2011DHS,ED_NARS_B_GPI,231105040,I,360006,1360060,Region,Khulna,0,,0,1,EDNARSBGPI,BDDHS2011360006,2011,DHS,,,,,1.0
BGD,Rajshahi/Rangpur,4058737,Gender parity index for net secondary school attendance,1.01,2,BD,Bangladesh,2011,BD2011DHS,ED_NARS_B_GPI,231105040,I,360007,1360070,Region,Rajshahi/Rangpur,0,,0,1,EDNARSBGPI,BDDHS2011360007,2011,DHS,,,,,
BGD,Rangpur,1107827,Gender parity index for net secondary school attendance,1.05,2,BD,Bangladesh,2011,BD2011DHS,ED_NARS_B_GPI,231105040,I,360008,1360080,Region,..Rangpur,0,,0,1,EDNARSBGPI,BDDHS2011360008,2011,DHS,,,,,1.0
BGD,Rajshahi,1107820,Gender parity index for net secondary school attendance,0.99,2,BD,Bangladesh,2011,BD2011DHS,ED_NARS_B_GPI,231105040,I,360009,1360090,Region,..Rajshahi,0,,0,1,EDNARSBGPI,BDDHS2011360009,2011,DHS,,,,,1.0
BGD,Barishal,5740605,Population using an improved water source,95.6,1,BD,Bangladesh,2011,BD2011DHS,WS_SRCE_P_IMP,250162010,I,360001,1360010,Region,Barishal,0,,0,1,WSSRCEPIMP,BDDHS2011360001,2011,DHS,4603.0,9263.0,,,1.0
BGD,Chattogram/Sylhet,2796523,Population using an improved water source,98.1,1,BD,Bangladesh,2011,BD2011DHS,WS_SRCE_P_IMP,250162010,I,360002,1360020,Region,Chattogram/Sylhet,0,,0,1,WSSRCEPIMP,BDDHS2011360002,2011,DHS,20521.0,24536.0,,,
BGD,Chattogram,4755813,Population using an improved water source,99.5,1,BD,Bangladesh,2011,BD2011DHS,WS_SRCE_P_IMP,250162010,I,360003,1360030,Region,..Chattogram,0,,0,1,WSSRCEPIMP,BDDHS2011360003,2011,DHS,15386.0,13549.0,,,1.0
BGD,Sylhet,2597271,Population using an improved water source,93.9,1,BD,Bangladesh,2011,BD2011DHS,WS_SRCE_P_IMP,250162010,I,360004,1360040,Region,..Sylhet,0,,0,1,WSSRCEPIMP,BDDHS2011360004,2011,DHS,5135.0,10987.0,,,1.0
BGD,Dhaka before 2015,4722766,Population using an improved water source,99.8,1,BD,Bangladesh,2011,BD2011DHS,WS_SRCE_P_IMP,250162010,I,360005,1360050,Region,Dhaka before 2015,0,,0,1,WSSRCEPIMP,BDDHS2011360005,2011,DHS,25126.0,13594.0,,,1.0
BGD,Khulna,5972567,Population using an improved water source,94.5,1,BD,Bangladesh,2011,BD2011DHS,WS_SRCE_P_IMP,250162010,I,360006,1360060,Region,Khulna,0,,0,1,WSSRCEPIMP,BDDHS2011360006,2011,DHS,8742.0,10712.0,,,1.0
BGD,Rajshahi/Rangpur,1098660,Population using an improved water source,99.8,1,BD,Bangladesh,2011,BD2011DHS,WS_SRCE_P_IMP,250162010,I,360007,1360070,Region,Rajshahi/Rangpur,0,,0,1,WSSRCEPIMP,BDDHS2011360007,2011,DHS,19917.0,21378.0,,,
BGD,Rangpur,5403749,Population using an improved water source,99.9,1,BD,Bangladesh,2011,BD2011DHS,WS_SRCE_P_IMP,250162010,I,360008,1360080,Region,..Rangpur,0,,0,1,WSSRCEPIMP,BDDHS2011360008,2011,DHS,8916.0,10716.0,,,1.0
BGD,Rajshahi,1106991,Population using an improved water source,99.7,1,BD,Bangladesh,2011,BD2011DHS,WS_SRCE_P_IMP,250162010,I,360009,1360090,Region,..Rajshahi,0,,0,1,WSSRCEPIMP,BDDHS2011360009,2011,DHS,11001.0,10662.0,,,1.0
BGD,Barishal,4353579,Households using an appropriate treatment method,5.8,1,BD,Bangladesh,2011,BD2011DHS,WS_WTRT_H_APP,250231090,I,360001,1360010,Region,Barishal,0,,0,1,WSWTRTHAPP,BDDHS2011360001,2011,DHS,1014.0,2047.0,,,1.0
BGD,Chattogram/Sylhet,6672414,Households using an appropriate treatment method,8.9,1,BD,Bangladesh,2011,BD2011DHS,WS_WTRT_H_APP,250231090,I,360002,1360020,Region,Chattogram/Sylhet,0,,0,1,WSWTRTHAPP,BDDHS2011360002,2011,DHS,3853.0,4604.0,,,
BGD,Chattogram,1114378,Households using an appropriate treatment method,7.8,1,BD,Bangladesh,2011,BD2011DHS,WS_WTRT_H_APP,250231090,I,360003,1360030,Region,..Chattogram,0,,0,1,WSWTRTHAPP,BDDHS2011360003,2011,DHS,2939.0,2616.0,,,1.0
BGD,Sylhet,5248722,Households using an appropriate treatment method,12.3,1,BD,Bangladesh,2011,BD2011DHS,WS_WTRT_H_APP,250231090,I,360004,1360040,Region,..Sylhet,0,,0,1,WSWTRTHAPP,BDDHS2011360004,2011,DHS,914.0,1988.0,,,1.0
BGD,Dhaka before 2015,1113836,Households using an appropriate treatment method,19.3,1,BD,Bangladesh,2011,BD2011DHS,WS_WTRT_H_APP,250231090,I,360005,1360050,Region,Dhaka before 2015,0,,0,1,WSWTRTHAPP,BDDHS2011360005,2011,DHS,5599.0,3040.0,,,1.0
BGD,Khulna,4914933,Households using an appropriate treatment method,6.6,1,BD,Bangladesh,2011,BD2011DHS,WS_WTRT_H_APP,250231090,I,360006,1360060,Region,Khulna,0,,0,1,WSWTRTHAPP,BDDHS2011360006,2011,DHS,2024.0,2472.0,,,1.0
BGD,Rajshahi/Rangpur,7392597,Households using an appropriate treatment method,1.8,1,BD,Bangladesh,2011,BD2011DHS,WS_WTRT_H_APP,250231090,I,360007,1360070,Region,Rajshahi/Rangpur,0,,0,1,WSWTRTHAPP,BDDHS2011360007,2011,DHS,4651.0,4978.0,,,
BGD,Rangpur,4480820,Households using an appropriate treatment method,1.8,1,BD,Bangladesh,2011,BD2011DHS,WS_WTRT_H_APP,250231090,I,360008,1360080,Region,..Rangpur,0,,0,1,WSWTRTHAPP,BDDHS2011360008,2011,DHS,2079.0,2474.0,,,1.0
BGD,Rajshahi,6114063,Households using an appropriate treatment method,1.9,1,BD,Bangladesh,2011,BD2011DHS,WS_WTRT_H_APP,250231090,I,360009,1360090,Region,..Rajshahi,0,,0,1,WSWTRTHAPP,BDDHS2011360009,2011,DHS,2572.0,2504.0,,,1.0
BGD,Barishal,585289,Population with an improved sanitation facility,46.4,1,BD,Bangladesh,2011,BD2011DHS,WS_TLET_P_IMP,250262010,I,360001,1360010,Region,Barishal,0,,0,1,WSTLETPIMP,BDDHS2011360001,2011,DHS,4603.0,9263.0,,,1.0
BGD,Chattogram/Sylhet,6163138,Population with an improved sanitation facility,55.8,1,BD,Bangladesh,2011,BD2011DHS,WS_TLET_P_IMP,250262010,I,360002,1360020,Region,Chattogram/Sylhet,0,,0,1,WSTLETPIMP,BDDHS2011360002,2011,DHS,20521.0,24536.0,,,
BGD,Chattogram,375080,Population with an improved sanitation facility,57.8,1,BD,Bangladesh,2011,BD2011DHS,WS_TLET_P_IMP,250262010,I,360003,1360030,Region,..Chattogram,0,,0,1,WSTLETPIMP,BDDHS2011360003,2011,DHS,15386.0,13549.0,,,1.0
BGD,Sylhet,6911106,Population with an improved sanitation facility,49.8,1,BD,Bangladesh,2011,BD2011DHS,WS_TLET_P_IMP,250262010,I,360004,1360040,Region,..Sylhet,0,,0,1,WSTLETPIMP,BDDHS2011360004,2011,DHS,5135.0,10987.0,,,1.0
BGD,Dhaka before 2015,3046061,Population with an improved sanitation facility,54.7,1,BD,Bangladesh,2011,BD2011DHS,WS_TLET_P_IMP,250262010,I,360005,1360050,Region,Dhaka before 2015,0,,0,1,WSTLETPIMP,BDDHS2011360005,2011,DHS,25126.0,13594.0,,,1.0
BGD,Khulna,4717787,Population with an improved sanitation facility,56.9,1,BD,Bangladesh,2011,BD2011DHS,WS_TLET_P_IMP,250262010,I,360006,1360060,Region,Khulna,0,,0,1,WSTLETPIMP,BDDHS2011360006,2011,DHS,8742.0,10712.0,,,1.0
BGD,Rajshahi/Rangpur,7390995,Population with an improved sanitation facility,56.6,1,BD,Bangladesh,2011,BD2011DHS,WS_TLET_P_IMP,250262010,I,360007,1360070,Region,Rajshahi/Rangpur,0,,0,1,WSTLETPIMP,BDDHS2011360007,2011,DHS,19917.0,21378.0,,,
BGD,Rangpur,311601,Population with an improved sanitation facility,53.0,1,BD,Bangladesh,2011,BD2011DHS,WS_TLET_P_IMP,250262010,I,360008,1360080,Region,..Rangpur,0,,0,1,WSTLETPIMP,BDDHS2011360008,2011,DHS,8916.0,10716.0,,,1.0
BGD,Rajshahi,5483471,Population with an improved sanitation facility,59.6,1,BD,Bangladesh,2011,BD2011DHS,WS_TLET_P_IMP,250262010,I,360009,1360090,Region,..Rajshahi,0,,0,1,WSTLETPIMP,BDDHS2011360009,2011,DHS,11001.0,10662.0,,,1.0
BGD,Barishal,5524156,Households with a place for handwashing was observed,74.9,1,BD,Bangladesh,2011,BD2011DHS,WS_HNDW_H_OBS,250301010,I,360001,1360010,Region,Barishal,0,,0,1,WSHNDWHOBS,BDDHS2011360001,2011,DHS,1014.0,2047.0,,,1.0
BGD,Chattogram/Sylhet,4754823,Households with a place for handwashing was observed,82.3,1,BD,Bangladesh,2011,BD2011DHS,WS_HNDW_H_OBS,250301010,I,360002,1360020,Region,Chattogram/Sylhet,0,,0,1,WSHNDWHOBS,BDDHS2011360002,2011,DHS,3853.0,4604.0,,,
BGD,Chattogram,4900552,Households with a place for handwashing was observed,82.8,1,BD,Bangladesh,2011,BD2011DHS,WS_HNDW_H_OBS,250301010,I,360003,1360030,Region,..Chattogram,0,,0,1,WSHNDWHOBS,BDDHS2011360003,2011,DHS,2939.0,2616.0,,,1.0
BGD,Sylhet,837658,Households with a place for handwashing was observed,80.7,1,BD,Bangladesh,2011,BD2011DHS,WS_HNDW_H_OBS,250301010,I,360004,1360040,Region,..Sylhet,0,,0,1,WSHNDWHOBS,BDDHS2011360004,2011,DHS,914.0,1988.0,,,1.0
BGD,Dhaka before 2015,4178182,Households with a place for handwashing was observed,87.5,1,BD,Bangladesh,2011,BD2011DHS,WS_HNDW_H_OBS,250301010,I,360005,1360050,Region,Dhaka before 2015,0,,0,1,WSHNDWHOBS,BDDHS2011360005,2011,DHS,5599.0,3040.0,,,1.0
BGD,Khulna,6002428,Households with a place for handwashing was observed,84.7,1,BD,Bangladesh,2011,BD2011DHS,WS_HNDW_H_OBS,250301010,I,360006,1360060,Region,Khulna,0,,0,1,WSHNDWHOBS,BDDHS2011360006,2011,DHS,2024.0,2472.0,,,1.0
BGD,Rajshahi/Rangpur,4108416,Households with a place for handwashing was observed,90.1,1,BD,Bangladesh,2011,BD2011DHS,WS_HNDW_H_OBS,250301010,I,360007,1360070,Region,Rajshahi/Rangpur,0,,0,1,WSHNDWHOBS,BDDHS2011360007,2011,DHS,4651.0,4978.0,,,
BGD,Rangpur,4976714,Households with a place for handwashing was observed,95.8,1,BD,Bangladesh,2011,BD2011DHS,WS_HNDW_H_OBS,250301010,I,360008,1360080,Region,..Rangpur,0,,0,1,WSHNDWHOBS,BDDHS2011360008,2011,DHS,2079.0,2474.0,,,1.0
BGD,Rajshahi,4112024,Households with a place for handwashing was observed,85.5,1,BD,Bangladesh,2011,BD2011DHS,WS_HNDW_H_OBS,250301010,I,360009,1360090,Region,..Rajshahi,0,,0,1,WSHNDWHOBS,BDDHS2011360009,2011,DHS,2572.0,2504.0,,,1.0
BGD,Barishal,7147998,Households using solid fuel for cooking ,98.4,1,BD,Bangladesh,2011,BD2011DHS,HC_CKFL_H_SLD,260431140,I,360001,1360010,Region,Barishal,0,,0,1,HCCKFLHSLD,BDDHS2011360001,2011,DHS,1014.0,2047.0,,,1.0
BGD,Chattogram/Sylhet,3747283,Households using solid fuel for cooking ,87.0,1,BD,Bangladesh,2011,BD2011DHS,HC_CKFL_H_SLD,260431140,I,360002,1360020,Region,Chattogram/Sylhet,0,,0,1,HCCKFLHSLD,BDDHS2011360002,2011,DHS,3853.0,4604.0,,,
BGD,Chattogram,5192734,Households using solid fuel for cooking ,86.7,1,BD,Bangladesh,2011,BD2011DHS,HC_CKFL_H_SLD,260431140,I,360003,1360030,Region,..Chattogram,0,,0,1,HCCKFLHSLD,BDDHS2011360003,2011,DHS,2939.0,2616.0,,,1.0
BGD,Sylhet,3021367,Households using solid fuel for cooking ,88.0,1,BD,Bangladesh,2011,BD2011DHS,HC_CKFL_H_SLD,260431140,I,360004,1360040,Region,..Sylhet,0,,0,1,HCCKFLHSLD,BDDHS2011360004,2011,DHS,914.0,1988.0,,,1.0
BGD,Dhaka before 2015,4348533,Households using solid fuel for cooking ,71.0,1,BD,Bangladesh,2011,BD2011DHS,HC_CKFL_H_SLD,260431140,I,360005,1360050,Region,Dhaka before 2015,0,,0,1,HCCKFLHSLD,BDDHS2011360005,2011,DHS,5599.0,3040.0,,,1.0
BGD,Khulna,6661188,Households using solid fuel for cooking ,97.4,1,BD,Bangladesh,2011,BD2011DHS,HC_CKFL_H_SLD,260431140,I,360006,1360060,Region,Khulna,0,,0,1,HCCKFLHSLD,BDDHS2011360006,2011,DHS,2024.0,2472.0,,,1.0
BGD,Rajshahi/Rangpur,5768328,Households using solid fuel for cooking ,96.8,1,BD,Bangladesh,2011,BD2011DHS,HC_CKFL_H_SLD,260431140,I,360007,1360070,Region,Rajshahi/Rangpur,0,,0,1,HCCKFLHSLD,BDDHS2011360007,2011,DHS,4651.0,4978.0,,,
BGD,Rangpur,5802734,Households using solid fuel for cooking ,98.9,1,BD,Bangladesh,2011,BD2011DHS,HC_CKFL_H_SLD,260431140,I,360008,1360080,Region,..Rangpur,0,,0,1,HCCKFLHSLD,BDDHS2011360008,2011,DHS,2079.0,2474.0,,,1.0
BGD,Rajshahi,3650251,Households using solid fuel for cooking ,95.1,1,BD,Bangladesh,2011,BD2011DHS,HC_CKFL_H_SLD,260431140,I,360009,1360090,Region,..Rajshahi,0,,0,1,HCCKFLHSLD,BDDHS2011360009,2011,DHS,2572.0,2504.0,,,1.0
BGD,Barishal,1804400,Age specific fertility rate: 15-19,100.0,0,BD,Bangladesh,2014,BD2014DHS,FE_FRTR_W_A15,11763010,I,360001,1360010,Region,Barishal,0,,0,1,FEFRTRWA15,BDDHS2014360001,2014,DHS,,,,,1.0
BGD,Chattogram/Sylhet,1811219,Age specific fertility rate: 15-19,110.0,0,BD,Bangladesh,2014,BD2014DHS,FE_FRTR_W_A15,11763010,I,360002,1360020,Region,Chattogram/Sylhet,0,,0,1,FEFRTRWA15,BDDHS2014360002,2014,DHS,,,,,
BGD,Chattogram,1804403,Age specific fertility rate: 15-19,117.0,0,BD,Bangladesh,2014,BD2014DHS,FE_FRTR_W_A15,11763010,I,360003,1360030,Region,..Chattogram,0,,0,1,FEFRTRWA15,BDDHS2014360003,2014,DHS,,,,,1.0
BGD,Sylhet,1797259,Age specific fertility rate: 15-19,93.0,0,BD,Bangladesh,2014,BD2014DHS,FE_FRTR_W_A15,11763010,I,360004,1360040,Region,..Sylhet,0,,0,1,FEFRTRWA15,BDDHS2014360004,2014,DHS,,,,,1.0
BGD,Dhaka before 2015,1811137,Age specific fertility rate: 15-19,113.0,0,BD,Bangladesh,2014,BD2014DHS,FE_FRTR_W_A15,11763010,I,360005,1360050,Region,Dhaka before 2015,0,,0,1,FEFRTRWA15,BDDHS2014360005,2014,DHS,,,,,1.0
BGD,Khulna,1804372,Age specific fertility rate: 15-19,118.0,0,BD,Bangladesh,2014,BD2014DHS,FE_FRTR_W_A15,11763010,I,360006,1360060,Region,Khulna,0,,0,1,FEFRTRWA15,BDDHS2014360006,2014,DHS,,,,,1.0
BGD,Rajshahi/Rangpur,1811156,Age specific fertility rate: 15-19,122.0,0,BD,Bangladesh,2014,BD2014DHS,FE_FRTR_W_A15,11763010,I,360007,1360070,Region,Rajshahi/Rangpur,0,,0,1,FEFRTRWA15,BDDHS2014360007,2014,DHS,,,,,
BGD,Rangpur,1817739,Age specific fertility rate: 15-19,118.0,0,BD,Bangladesh,2014,BD2014DHS,FE_FRTR_W_A15,11763010,I,360008,1360080,Region,..Rangpur,0,,0,1,FEFRTRWA15,BDDHS2014360008,2014,DHS,,,,,1.0
BGD,Rajshahi,1817747,Age specific fertility rate: 15-19,127.0,0,BD,Bangladesh,2014,BD2014DHS,FE_FRTR_W_A15,11763010,I,360009,1360090,Region,..Rajshahi,0,,0,1,FEFRTRWA15,BDDHS2014360009,2014,DHS,,,,,1.0
BGD,Barishal,4125530,Married women currently using any method of contraception,63.3,1,BD,Bangladesh,2014,BD2014DHS,FP_CUSM_W_ANY,32633010,I,360001,1360010,Region,Barishal,0,,0,1,FPCUSMWANY,BDDHS2014360001,2014,DHS,1051.0,2030.0,,,1.0
BGD,Chattogram/Sylhet,3210331,Married women currently using any method of contraception,53.1,1,BD,Bangladesh,2014,BD2014DHS,FP_CUSM_W_ANY,32633010,I,360002,1360020,Region,Chattogram/Sylhet,0,,0,1,FPCUSMWANY,BDDHS2014360002,2014,DHS,4269.0,4682.0,,,
BGD,Chattogram,775998,Married women currently using any method of contraception,55.0,1,BD,Bangladesh,2014,BD2014DHS,FP_CUSM_W_ANY,32633010,I,360003,1360030,Region,..Chattogram,0,,0,1,FPCUSMWANY,BDDHS2014360003,2014,DHS,3121.0,2707.0,,,1.0
BGD,Sylhet,5948366,Married women currently using any method of contraception,47.8,1,BD,Bangladesh,2014,BD2014DHS,FP_CUSM_W_ANY,32633010,I,360004,1360040,Region,..Sylhet,0,,0,1,FPCUSMWANY,BDDHS2014360004,2014,DHS,1147.0,1975.0,,,1.0
BGD,Dhaka before 2015,5790458,Married women currently using any method of contraception,63.0,1,BD,Bangladesh,2014,BD2014DHS,FP_CUSM_W_ANY,32633010,I,360005,1360050,Region,Dhaka before 2015,0,,0,1,FPCUSMWANY,BDDHS2014360005,2014,DHS,5857.0,2916.0,,,1.0
BGD,Khulna,1542543,Married women currently using any method of contraception,67.1,1,BD,Bangladesh,2014,BD2014DHS,FP_CUSM_W_ANY,32633010,I,360006,1360060,Region,Khulna,0,,0,1,FPCUSMWANY,BDDHS2014360006,2014,DHS,1729.0,2416.0,,,1.0
BGD,Rajshahi/Rangpur,33867,Married women currently using any method of contraception,69.6,1,BD,Bangladesh,2014,BD2014DHS,FP_CUSM_W_ANY,32633010,I,360007,1360070,Region,Rajshahi/Rangpur,0,,0,1,FPCUSMWANY,BDDHS2014360007,2014,DHS,3953.0,4786.0,,,
BGD,Rangpur,1556694,Married women currently using any method of contraception,69.8,1,BD,Bangladesh,2014,BD2014DHS,FP_CUSM_W_ANY,32633010,I,360008,1360080,Region,..Rangpur,0,,0,1,FPCUSMWANY,BDDHS2014360008,2014,DHS,1946.0,2397.0,,,1.0
BGD,Rajshahi,5553904,Married women currently using any method of contraception,69.4,1,BD,Bangladesh,2014,BD2014DHS,FP_CUSM_W_ANY,32633010,I,360009,1360090,Region,..Rajshahi,0,,0,1,FPCUSMWANY,BDDHS2014360009,2014,DHS,2007.0,2389.0,,,1.0
BGD,Barishal,3157726,Unmet need for family planning,11.3,1,BD,Bangladesh,2014,BD2014DHS,FP_NADM_W_UNT,32933030,I,360001,1360010,Region,Barishal,0,,0,1,FPNADMWUNT,BDDHS2014360001,2014,DHS,1051.0,2030.0,,,1.0
BGD,Chattogram/Sylhet,6621391,Unmet need for family planning,17.5,1,BD,Bangladesh,2014,BD2014DHS,FP_NADM_W_UNT,32933030,I,360002,1360020,Region,Chattogram/Sylhet,0,,0,1,FPNADMWUNT,BDDHS2014360002,2014,DHS,4269.0,4682.0,,,
BGD,Chattogram,1542609,Unmet need for family planning,17.4,1,BD,Bangladesh,2014,BD2014DHS,FP_NADM_W_UNT,32933030,I,360003,1360030,Region,..Chattogram,0,,0,1,FPNADMWUNT,BDDHS2014360003,2014,DHS,3121.0,2707.0,,,1.0
BGD,Sylhet,6833251,Unmet need for family planning,17.8,1,BD,Bangladesh,2014,BD2014DHS,FP_NADM_W_UNT,32933030,I,360004,1360040,Region,..Sylhet,0,,0,1,FPNADMWUNT,BDDHS2014360004,2014,DHS,1147.0,1975.0,,,1.0
BGD,Dhaka before 2015,2974280,Unmet need for family planning,12.1,1,BD,Bangladesh,2014,BD2014DHS,FP_NADM_W_UNT,32933030,I,360005,1360050,Region,Dhaka before 2015,0,,0,1,FPNADMWUNT,BDDHS2014360005,2014,DHS,5857.0,2916.0,,,1.0
BGD,Khulna,1542620,Unmet need for family planning,9.5,1,BD,Bangladesh,2014,BD2014DHS,FP_NADM_W_UNT,32933030,I,360006,1360060,Region,Khulna,0,,0,1,FPNADMWUNT,BDDHS2014360006,2014,DHS,1729.0,2416.0,,,1.0
BGD,Rajshahi/Rangpur,7177263,Unmet need for family planning,7.3,1,BD,Bangladesh,2014,BD2014DHS,FP_NADM_W_UNT,32933030,I,360007,1360070,Region,Rajshahi/Rangpur,0,,0,1,FPNADMWUNT,BDDHS2014360007,2014,DHS,3953.0,4786.0,,,
BGD,Rangpur,4705015,Unmet need for family planning,6.8,1,BD,Bangladesh,2014,BD2014DHS,FP_NADM_W_UNT,32933030,I,360008,1360080,Region,..Rangpur,0,,0,1,FPNADMWUNT,BDDHS2014360008,2014,DHS,1946.0,2397.0,,,1.0
BGD,Rajshahi,6608083,Unmet need for family planning,7.7,1,BD,Bangladesh,2014,BD2014DHS,FP_NADM_W_UNT,32933030,I,360009,1360090,Region,..Rajshahi,0,,0,1,FPNADMWUNT,BDDHS2014360009,2014,DHS,2007.0,2389.0,,,1.0
BGD,Barishal,7724835,Neonatal mortality rate,33.0,0,BD,Bangladesh,2014,BD2014DHS,CM_ECMR_C_NNR,63206010,I,360001,1360010,Region,Barishal,14003,Ten years preceding the survey,0,1,CMECMRCNNR,BDDHS2014360001,2014,DHS,,,23.0,43.0,1.0
BGD,Chattogram/Sylhet,1736163,Neonatal mortality rate,37.0,0,BD,Bangladesh,2014,BD2014DHS,CM_ECMR_C_NNR,63206010,I,360002,1360020,Region,Chattogram/Sylhet,14003,Ten years preceding the survey,0,1,CMECMRCNNR,BDDHS2014360002,2014,DHS,,,31.0,44.0,
BGD,Chattogram,7802592,Neonatal mortality rate,34.0,0,BD,Bangladesh,2014,BD2014DHS,CM_ECMR_C_NNR,63206010,I,360003,1360030,Region,..Chattogram,14003,Ten years preceding the survey,0,1,CMECMRCNNR,BDDHS2014360003,2014,DHS,,,25.0,42.0,1.0
BGD,Sylhet,7712061,Neonatal mortality rate,45.0,0,BD,Bangladesh,2014,BD2014DHS,CM_ECMR_C_NNR,63206010,I,360004,1360040,Region,..Sylhet,14003,Ten years preceding the survey,0,1,CMECMRCNNR,BDDHS2014360004,2014,DHS,,,36.0,54.0,1.0
BGD,Dhaka before 2015,7477545,Neonatal mortality rate,27.0,0,BD,Bangladesh,2014,BD2014DHS,CM_ECMR_C_NNR,63206010,I,360005,1360050,Region,Dhaka before 2015,14003,Ten years preceding the survey,0,1,CMECMRCNNR,BDDHS2014360005,2014,DHS,,,21.0,33.0,1.0
BGD,Khulna,7725794,Neonatal mortality rate,37.0,0,BD,Bangladesh,2014,BD2014DHS,CM_ECMR_C_NNR,63206010,I,360006,1360060,Region,Khulna,14003,Ten years preceding the survey,0,1,CMECMRCNNR,BDDHS2014360006,2014,DHS,,,27.0,47.0,1.0
BGD,Rajshahi/Rangpur,1736236,Neonatal mortality rate,31.0,0,BD,Bangladesh,2014,BD2014DHS,CM_ECMR_C_NNR,63206010,I,360007,1360070,Region,Rajshahi/Rangpur,14003,Ten years preceding the survey,0,1,CMECMRCNNR,BDDHS2014360007,2014,DHS,,,25.0,37.0,
BGD,Rangpur,7913255,Neonatal mortality rate,28.0,0,BD,Bangladesh,2014,BD2014DHS,CM_ECMR_C_NNR,63206010,I,360008,1360080,Region,..Rangpur,14003,Ten years preceding the survey,0,1,CMECMRCNNR,BDDHS2014360008,2014,DHS,,,19.0,38.0,1.0
BGD,Rajshahi,7673883,Neonatal mortality rate,33.0,0,BD,Bangladesh,2014,BD2014DHS,CM_ECMR_C_NNR,63206010,I,360009,1360090,Region,..Rajshahi,14003,Ten years preceding the survey,0,1,CMECMRCNNR,BDDHS2014360009,2014,DHS,,,26.0,41.0,1.0
BGD,Barishal,7947918,Postneonatal mortality rate,9.0,0,BD,Bangladesh,2014,BD2014DHS,CM_ECMR_C_PNR,63206020,I,360001,1360010,Region,Barishal,14003,Ten years preceding the survey,0,1,CMECMRCPNR,BDDHS2014360001,2014,DHS,,,4.0,13.0,1.0
BGD,Chattogram/Sylhet,872766,Postneonatal mortality rate,16.0,0,BD,Bangladesh,2014,BD2014DHS,CM_ECMR_C_PNR,63206020,I,360002,1360020,Region,Chattogram/Sylhet,14003,Ten years preceding the survey,0,1,CMECMRCPNR,BDDHS2014360002,2014,DHS,,,12.0,20.0,
BGD,Chattogram,1723563,Postneonatal mortality rate,14.0,0,BD,Bangladesh,2014,BD2014DHS,CM_ECMR_C_PNR,63206020,I,360003,1360030,Region,..Chattogram,14003,Ten years preceding the survey,0,1,CMECMRCPNR,BDDHS2014360003,2014,DHS,,,9.0,20.0,1.0
BGD,Sylhet,7893764,Postneonatal mortality rate,19.0,0,BD,Bangladesh,2014,BD2014DHS,CM_ECMR_C_PNR,63206020,I,360004,1360040,Region,..Sylhet,14003,Ten years preceding the survey,0,1,CMECMRCPNR,BDDHS2014360004,2014,DHS,,,13.0,25.0,1.0
BGD,Dhaka before 2015,1736310,Postneonatal mortality rate,11.0,0,BD,Bangladesh,2014,BD2014DHS,CM_ECMR_C_PNR,63206020,I,360005,1360050,Region,Dhaka before 2015,14003,Ten years preceding the survey,0,1,CMECMRCPNR,BDDHS2014360005,2014,DHS,,,7.0,15.0,1.0
BGD,Khulna,7749312,Postneonatal mortality rate,5.0,0,BD,Bangladesh,2014,BD2014DHS,CM_ECMR_C_PNR,63206020,I,360006,1360060,Region,Khulna,14003,Ten years preceding the survey,0,1,CMECMRCPNR,BDDHS2014360006,2014,DHS,,,2.0,8.0,1.0
BGD,Rajshahi/Rangpur,7704814,Postneonatal mortality rate,11.0,0,BD,Bangladesh,2014,BD2014DHS,CM_ECMR_C_PNR,63206020,I,360007,1360070,Region,Rajshahi/Rangpur,14003,Ten years preceding the survey,0,1,CMECMRCPNR,BDDHS2014360007,2014,DHS,,,7.0,14.0,
BGD,Rangpur,7544087,Postneonatal mortality rate,12.0,0,BD,Bangladesh,2014,BD2014DHS,CM_ECMR_C_PNR,63206020,I,360008,1360080,Region,..Rangpur,14003,Ten years preceding the survey,0,1,CMECMRCPNR,BDDHS2014360008,2014,DHS,,,7.0,18.0,1.0
BGD,Rajshahi,7843280,Postneonatal mortality rate,9.0,0,BD,Bangladesh,2014,BD2014DHS,CM_ECMR_C_PNR,63206020,I,360009,1360090,Region,..Rajshahi,14003,Ten years preceding the survey,0,1,CMECMRCPNR,BDDHS2014360009,2014,DHS,,,4.0,14.0,1.0
BGD,Barishal,1723579,Infant mortality rate,42.0,0,BD,Bangladesh,2014,BD2014DHS,CM_ECMR_C_IMR,63206030,I,360001,1360010,Region,Barishal,14003,Ten years preceding the survey,0,1,CMECMRCIMR,BDDHS2014360001,2014,DHS,,,32.0,52.0,1.0
BGD,Chattogram/Sylhet,7591054,Infant mortality rate,53.0,0,BD,Bangladesh,2014,BD2014DHS,CM_ECMR_C_IMR,63206030,I,360002,1360020,Region,Chattogram/Sylhet,14003,Ten years preceding the survey,0,1,CMECMRCIMR,BDDHS2014360002,2014,DHS,,,45.0,61.0,
BGD,Chattogram,1723652,Infant mortality rate,48.0,0,BD,Bangladesh,2014,BD2014DHS,CM_ECMR_C_IMR,63206030,I,360003,1360030,Region,..Chattogram,14003,Ten years preceding the survey,0,1,CMECMRCIMR,BDDHS2014360003,2014,DHS,,,37.0,59.0,1.0
BGD,Sylhet,7782598,Infant mortality rate,64.0,0,BD,Bangladesh,2014,BD2014DHS,CM_ECMR_C_IMR,63206030,I,360004,1360040,Region,..Sylhet,14003,Ten years preceding the survey,0,1,CMECMRCIMR,BDDHS2014360004,2014,DHS,,,54.0,74.0,1.0
BGD,Dhaka before 2015,7707319,Infant mortality rate,38.0,0,BD,Bangladesh,2014,BD2014DHS,CM_ECMR_C_IMR,63206030,I,360005,1360050,Region,Dhaka before 2015,14003,Ten years preceding the survey,0,1,CMECMRCIMR,BDDHS2014360005,2014,DHS,,,30.0,45.0,1.0
BGD,Khulna,7490810,Infant mortality rate,43.0,0,BD,Bangladesh,2014,BD2014DHS,CM_ECMR_C_IMR,63206030,I,360006,1360060,Region,Khulna,14003,Ten years preceding the survey,0,1,CMECMRCIMR,BDDHS2014360006,2014,DHS,,,33.0,53.0,1.0
BGD,Rajshahi/Rangpur,7687100,Infant mortality rate,42.0,0,BD,Bangladesh,2014,BD2014DHS,CM_ECMR_C_IMR,63206030,I,360007,1360070,Region,Rajshahi/Rangpur,14003,Ten years preceding the survey,0,1,CMECMRCIMR,BDDHS2014360007,2014,DHS,,,34.0,49.0,
BGD,Rangpur,7951406,Infant mortality rate,40.0,0,BD,Bangladesh,2014,BD2014DHS,CM_ECMR_C_IMR,63206030,I,360008,1360080,Region,..Rangpur,14003,Ten years preceding the survey,0,1,CMECMRCIMR,BDDHS2014360008,2014,DHS,,,28.0,53.0,1.0
BGD,Rajshahi,7913323,Infant mortality rate,43.0,0,BD,Bangladesh,2014,BD2014DHS,CM_ECMR_C_IMR,63206030,I,360009,1360090,Region,..Rajshahi,14003,Ten years preceding the survey,0,1,CMECMRCIMR,BDDHS2014360009,2014,DHS,,,33.0,52.0,1.0
BGD,Barishal,7723914,Child mortality rate,11.0,0,BD,Bangladesh,2014,BD2014DHS,CM_ECMR_C_CMR,63206040,I,360001,1360010,Region,Barishal,14003,Ten years preceding the survey,0,1,CMECMRCCMR,BDDHS2014360001,2014,DHS,,,6.0,15.0,1.0
BGD,Chattogram/Sylhet,7623855,Child mortality rate,14.0,0,BD,Bangladesh,2014,BD2014DHS,CM_ECMR_C_CMR,63206040,I,360002,1360020,Region,Chattogram/Sylhet,14003,Ten years preceding the survey,0,1,CMECMRCCMR,BDDHS2014360002,2014,DHS,,,10.0,19.0,
BGD,Chattogram,7724903,Child mortality rate,14.0,0,BD,Bangladesh,2014,BD2014DHS,CM_ECMR_C_CMR,63206040,I,360003,1360030,Region,..Chattogram,14003,Ten years preceding the survey,0,1,CMECMRCCMR,BDDHS2014360003,2014,DHS,,,9.0,20.0,1.0
BGD,Sylhet,7951986,Child mortality rate,14.0,0,BD,Bangladesh,2014,BD2014DHS,CM_ECMR_C_CMR,63206040,I,360004,1360040,Region,..Sylhet,14003,Ten years preceding the survey,0,1,CMECMRCCMR,BDDHS2014360004,2014,DHS,,,7.0,20.0,1.0
BGD,Dhaka before 2015,1736263,Child mortality rate,10.0,0,BD,Bangladesh,2014,BD2014DHS,CM_ECMR_C_CMR,63206040,I,360005,1360050,Region,Dhaka before 2015,14003,Ten years preceding the survey,0,1,CMECMRCCMR,BDDHS2014360005,2014,DHS,,,5.0,15.0,1.0
BGD,Khulna,7632995,Child mortality rate,8.0,0,BD,Bangladesh,2014,BD2014DHS,CM_ECMR_C_CMR,63206040,I,360006,1360060,Region,Khulna,14003,Ten years preceding the survey,0,1,CMECMRCCMR,BDDHS2014360006,2014,DHS,,,4.0,12.0,1.0
BGD,Rajshahi/Rangpur,1736235,Child mortality rate,6.0,0,BD,Bangladesh,2014,BD2014DHS,CM_ECMR_C_CMR,63206040,I,360007,1360070,Region,Rajshahi/Rangpur,14003,Ten years preceding the survey,0,1,CMECMRCCMR,BDDHS2014360007,2014,DHS,,,4.0,9.0,
BGD,Rangpur,7904254,Child mortality rate,5.0,0,BD,Bangladesh,2014,BD2014DHS,CM_ECMR_C_CMR,63206040,I,360008,1360080,Region,..Rangpur,14003,Ten years preceding the survey,0,1,CMECMRCCMR,BDDHS2014360008,2014,DHS,,,2.0,8.0,1.0
BGD,Rajshahi,7639394,Child mortality rate,8.0,0,BD,Bangladesh,2014,BD2014DHS,CM_ECMR_C_CMR,63206040,I,360009,1360090,Region,..Rajshahi,14003,Ten years preceding the survey,0,1,CMECMRCCMR,BDDHS2014360009,2014,DHS,,,4.0,12.0,1.0
BGD,Barishal,7691870,Under-five mortality rate,52.0,0,BD,Bangladesh,2014,BD2014DHS,CM_ECMR_C_U5M,63206050,I,360001,1360010,Region,Barishal,14003,Ten years preceding the survey,0,1,CMECMRCU5M,BDDHS2014360001,2014,DHS,,,42.0,62.0,1.0
BGD,Chattogram/Sylhet,1736326,Under-five mortality rate,67.0,0,BD,Bangladesh,2014,BD2014DHS,CM_ECMR_C_U5M,63206050,I,360002,1360020,Region,Chattogram/Sylhet,14003,Ten years preceding the survey,0,1,CMECMRCU5M,BDDHS2014360002,2014,DHS,,,58.0,75.0,
BGD,Chattogram,7552800,Under-five mortality rate,62.0,0,BD,Bangladesh,2014,BD2014DHS,CM_ECMR_C_U5M,63206050,I,360003,1360030,Region,..Chattogram,14003,Ten years preceding the survey,0,1,CMECMRCU5M,BDDHS2014360003,2014,DHS,,,50.0,73.0,1.0
BGD,Sylhet,1729873,Under-five mortality rate,77.0,0,BD,Bangladesh,2014,BD2014DHS,CM_ECMR_C_U5M,63206050,I,360004,1360040,Region,..Sylhet,14003,Ten years preceding the survey,0,1,CMECMRCU5M,BDDHS2014360004,2014,DHS,,,66.0,87.0,1.0
BGD,Dhaka before 2015,7767018,Under-five mortality rate,48.0,0,BD,Bangladesh,2014,BD2014DHS,CM_ECMR_C_U5M,63206050,I,360005,1360050,Region,Dhaka before 2015,14003,Ten years preceding the survey,0,1,CMECMRCU5M,BDDHS2014360005,2014,DHS,,,39.0,56.0,1.0
BGD,Khulna,7970304,Under-five mortality rate,50.0,0,BD,Bangladesh,2014,BD2014DHS,CM_ECMR_C_U5M,63206050,I,360006,1360060,Region,Khulna,14003,Ten years preceding the survey,0,1,CMECMRCU5M,BDDHS2014360006,2014,DHS,,,40.0,61.0,1.0
BGD,Rajshahi/Rangpur,7928491,Under-five mortality rate,48.0,0,BD,Bangladesh,2014,BD2014DHS,CM_ECMR_C_U5M,63206050,I,360007,1360070,Region,Rajshahi/Rangpur,14003,Ten years preceding the survey,0,1,CMECMRCU5M,BDDHS2014360007,2014,DHS,,,39.0,56.0,
BGD,Rangpur,7790018,Under-five mortality rate,45.0,0,BD,Bangladesh,2014,BD2014DHS,CM_ECMR_C_U5M,63206050,I,360008,1360080,Region,..Rangpur,14003,Ten years preceding the survey,0,1,CMECMRCU5M,BDDHS2014360008,2014,DHS,,,32.0,58.0,1.0
BGD,Rajshahi,1741210,Under-five mortality rate,50.0,0,BD,Bangladesh,2014,BD2014DHS,CM_ECMR_C_U5M,63206050,I,360009,1360090,Region,..Rajshahi,14003,Ten years preceding the survey,0,1,CMECMRCU5M,BDDHS2014360009,2014,DHS,,,40.0,60.0,1.0
BGD,Barishal,3051523,Antenatal care from a skilled provider,58.0,1,BD,Bangladesh,2014,BD2014DHS,RH_ANCP_W_SKP,83363120,I,360001,1360010,Region,Barishal,14000,Three years preceding the survey,0,0,RHANCPWSKP,BDDHS2014360001,2014,DHS,268.0,532.0,,,1.0
BGD,Barishal,6882687,Antenatal care from a skilled provider,58.9,1,BD,Bangladesh,2014,BD2014DHS,RH_ANCP_W_SKP,83363120,I,360001,1360010,Region,Barishal,14002,Two years preceding the survey,0,1,RHANCPWSKP,BDDHS2014360001,2014,DHS,185.0,371.0,,,1.0
BGD,Chattogram/Sylhet,6576137,Antenatal care from a skilled provider,62.4,1,BD,Bangladesh,2014,BD2014DHS,RH_ANCP_W_SKP,83363120,I,360002,1360020,Region,Chattogram/Sylhet,14000,Three years preceding the survey,0,0,RHANCPWSKP,BDDHS2014360002,2014,DHS,1439.0,1540.0,,,
BGD,Chattogram/Sylhet,2212165,Antenatal care from a skilled provider,64.1,1,BD,Bangladesh,2014,BD2014DHS,RH_ANCP_W_SKP,83363120,I,360002,1360020,Region,Chattogram/Sylhet,14002,Two years preceding the survey,0,1,RHANCPWSKP,BDDHS2014360002,2014,DHS,974.0,1037.0,,,
BGD,Chattogram,2218288,Antenatal care from a skilled provider,66.3,1,BD,Bangladesh,2014,BD2014DHS,RH_ANCP_W_SKP,83363120,I,360003,1360030,Region,..Chattogram,14000,Three years preceding the survey,0,0,RHANCPWSKP,BDDHS2014360003,2014,DHS,1011.0,862.0,,,1.0
BGD,Chattogram,5277023,Antenatal care from a skilled provider,68.1,1,BD,Bangladesh,2014,BD2014DHS,RH_ANCP_W_SKP,83363120,I,360003,1360030,Region,..Chattogram,14002,Two years preceding the survey,0,1,RHANCPWSKP,BDDHS2014360003,2014,DHS,682.0,579.0,,,1.0
BGD,Sylhet,370747,Antenatal care from a skilled provider,53.1,1,BD,Bangladesh,2014,BD2014DHS,RH_ANCP_W_SKP,83363120,I,360004,1360040,Region,..Sylhet,14000,Three years preceding the survey,0,0,RHANCPWSKP,BDDHS2014360004,2014,DHS,428.0,678.0,,,1.0
BGD,Sylhet,7268403,Antenatal care from a skilled provider,54.9,1,BD,Bangladesh,2014,BD2014DHS,RH_ANCP_W_SKP,83363120,I,360004,1360040,Region,..Sylhet,14002,Two years preceding the survey,0,1,RHANCPWSKP,BDDHS2014360004,2014,DHS,292.0,458.0,,,1.0
BGD,Dhaka before 2015,7812688,Antenatal care from a skilled provider,64.3,1,BD,Bangladesh,2014,BD2014DHS,RH_ANCP_W_SKP,83363120,I,360005,1360050,Region,Dhaka before 2015,14000,Three years preceding the survey,0,0,RHANCPWSKP,BDDHS2014360005,2014,DHS,1634.0,795.0,,,1.0
BGD,Dhaka before 2015,3057982,Antenatal care from a skilled provider,64.1,1,BD,Bangladesh,2014,BD2014DHS,RH_ANCP_W_SKP,83363120,I,360005,1360050,Region,Dhaka before 2015,14002,Two years preceding the survey,0,1,RHANCPWSKP,BDDHS2014360005,2014,DHS,1182.0,568.0,,,1.0
BGD,Khulna,6964139,Antenatal care from a skilled provider,73.9,1,BD,Bangladesh,2014,BD2014DHS,RH_ANCP_W_SKP,83363120,I,360006,1360060,Region,Khulna,14000,Three years preceding the survey,0,0,RHANCPWSKP,BDDHS2014360006,2014,DHS,371.0,531.0,,,1.0
BGD,Khulna,6792097,Antenatal care from a skilled provider,75.3,1,BD,Bangladesh,2014,BD2014DHS,RH_ANCP_W_SKP,83363120,I,360006,1360060,Region,Khulna,14002,Two years preceding the survey,0,1,RHANCPWSKP,BDDHS2014360006,2014,DHS,250.0,360.0,,,1.0
BGD,Rajshahi/Rangpur,7560995,Antenatal care from a skilled provider,63.2,1,BD,Bangladesh,2014,BD2014DHS,RH_ANCP_W_SKP,83363120,I,360007,1360070,Region,Rajshahi/Rangpur,14000,Three years preceding the survey,0,0,RHANCPWSKP,BDDHS2014360007,2014,DHS,914.0,1096.0,,,
BGD,Rajshahi/Rangpur,2212181,Antenatal care from a skilled provider,65.8,1,BD,Bangladesh,2014,BD2014DHS,RH_ANCP_W_SKP,83363120,I,360007,1360070,Region,Rajshahi/Rangpur,14002,Two years preceding the survey,0,1,RHANCPWSKP,BDDHS2014360007,2014,DHS,615.0,742.0,,,
BGD,Rangpur,4706265,Antenatal care from a skilled provider,62.4,1,BD,Bangladesh,2014,BD2014DHS,RH_ANCP_W_SKP,83363120,I,360008,1360080,Region,..Rangpur,14000,Three years preceding the survey,0,0,RHANCPWSKP,BDDHS2014360008,2014,DHS,450.0,550.0,,,1.0
BGD,Rangpur,4516917,Antenatal care from a skilled provider,65.4,1,BD,Bangladesh,2014,BD2014DHS,RH_ANCP_W_SKP,83363120,I,360008,1360080,Region,..Rangpur,14002,Two years preceding the survey,0,1,RHANCPWSKP,BDDHS2014360008,2014,DHS,292.0,364.0,,,1.0
BGD,Rajshahi,7329235,Antenatal care from a skilled provider,63.9,1,BD,Bangladesh,2014,BD2014DHS,RH_ANCP_W_SKP,83363120,I,360009,1360090,Region,..Rajshahi,14000,Three years preceding the survey,0,0,RHANCPWSKP,BDDHS2014360009,2014,DHS,464.0,546.0,,,1.0
BGD,Rajshahi,3872567,Antenatal care from a skilled provider,66.2,1,BD,Bangladesh,2014,BD2014DHS,RH_ANCP_W_SKP,83363120,I,360009,1360090,Region,..Rajshahi,14002,Two years preceding the survey,0,1,RHANCPWSKP,BDDHS2014360009,2014,DHS,323.0,378.0,,,1.0
BGD,Barishal,2770181,Antenatal visits for pregnancy: 4+ visits,24.6,1,BD,Bangladesh,2014,BD2014DHS,RH_ANCN_W_N4P,83403040,I,360001,1360010,Region,Barishal,14000,Three years preceding the survey,0,0,RHANCNWN4P,BDDHS2014360001,2014,DHS,268.0,532.0,,,1.0
BGD,Barishal,6700223,Antenatal visits for pregnancy: 4+ visits,27.9,1,BD,Bangladesh,2014,BD2014DHS,RH_ANCN_W_N4P,83403040,I,360001,1360010,Region,Barishal,14002,Two years preceding the survey,0,1,RHANCNWN4P,BDDHS2014360001,2014,DHS,185.0,371.0,,,1.0
BGD,Chattogram/Sylhet,5683532,Antenatal visits for pregnancy: 4+ visits,23.8,1,BD,Bangladesh,2014,BD2014DHS,RH_ANCN_W_N4P,83403040,I,360002,1360020,Region,Chattogram/Sylhet,14000,Three years preceding the survey,0,0,RHANCNWN4P,BDDHS2014360002,2014,DHS,1439.0,1540.0,,,
BGD,Chattogram/Sylhet,2212216,Antenatal visits for pregnancy: 4+ visits,23.4,1,BD,Bangladesh,2014,BD2014DHS,RH_ANCN_W_N4P,83403040,I,360002,1360020,Region,Chattogram/Sylhet,14002,Two years preceding the survey,0,1,RHANCNWN4P,BDDHS2014360002,2014,DHS,974.0,1037.0,,,
BGD,Chattogram,2218323,Antenatal visits for pregnancy: 4+ visits,25.5,1,BD,Bangladesh,2014,BD2014DHS,RH_ANCN_W_N4P,83403040,I,360003,1360030,Region,..Chattogram,14000,Three years preceding the survey,0,0,RHANCNWN4P,BDDHS2014360003,2014,DHS,1011.0,862.0,,,1.0
BGD,Chattogram,377713,Antenatal visits for pregnancy: 4+ visits,24.9,1,BD,Bangladesh,2014,BD2014DHS,RH_ANCN_W_N4P,83403040,I,360003,1360030,Region,..Chattogram,14002,Two years preceding the survey,0,1,RHANCNWN4P,BDDHS2014360003,2014,DHS,682.0,579.0,,,1.0
BGD,Sylhet,4827797,Antenatal visits for pregnancy: 4+ visits,19.8,1,BD,Bangladesh,2014,BD2014DHS,RH_ANCN_W_N4P,83403040,I,360004,1360040,Region,..Sylhet,14000,Three years preceding the survey,0,0,RHANCNWN4P,BDDHS2014360004,2014,DHS,428.0,678.0,,,1.0
BGD,Sylhet,3362972,Antenatal visits for pregnancy: 4+ visits,20.1,1,BD,Bangladesh,2014,BD2014DHS,RH_ANCN_W_N4P,83403040,I,360004,1360040,Region,..Sylhet,14002,Two years preceding the survey,0,1,RHANCNWN4P,BDDHS2014360004,2014,DHS,292.0,458.0,,,1.0
BGD,Dhaka before 2015,7813341,Antenatal visits for pregnancy: 4+ visits,35.5,1,BD,Bangladesh,2014,BD2014DHS,RH_ANCN_W_N4P,83403040,I,360005,1360050,Region,Dhaka before 2015,14000,Three years preceding the survey,0,0,RHANCNWN4P,BDDHS2014360005,2014,DHS,1634.0,795.0,,,1.0
BGD,Dhaka before 2015,2212211,Antenatal visits for pregnancy: 4+ visits,36.0,1,BD,Bangladesh,2014,BD2014DHS,RH_ANCN_W_N4P,83403040,I,360005,1360050,Region,Dhaka before 2015,14002,Two years preceding the survey,0,1,RHANCNWN4P,BDDHS2014360005,2014,DHS,1182.0,568.0,,,1.0
BGD,Khulna,5505474,Antenatal visits for pregnancy: 4+ visits,38.8,1,BD,Bangladesh,2014,BD2014DHS,RH_ANCN_W_N4P,83403040,I,360006,1360060,Region,Khulna,14000,Three years preceding the survey,0,0,RHANCNWN4P,BDDHS2014360006,2014,DHS,371.0,531.0,,,1.0
BGD,Khulna,7109169,Antenatal visits for pregnancy: 4+ visits,41.9,1,BD,Bangladesh,2014,BD2014DHS,RH_ANCN_W_N4P,83403040,I,360006,1360060,Region,Khulna,14002,Two years preceding the survey,0,1,RHANCNWN4P,BDDHS2014360006,2014,DHS,250.0,360.0,,,1.0
BGD,Rajshahi/Rangpur,7558214,Antenatal visits for pregnancy: 4+ visits,33.8,1,BD,Bangladesh,2014,BD2014DHS,RH_ANCN_W_N4P,83403040,I,360007,1360070,Region,Rajshahi/Rangpur,14000,Three years preceding the survey,0,0,RHANCNWN4P,BDDHS2014360007,2014,DHS,914.0,1096.0,,,
BGD,Rajshahi/Rangpur,4519030,Antenatal visits for pregnancy: 4+ visits,32.2,1,BD,Bangladesh,2014,BD2014DHS,RH_ANCN_W_N4P,83403040,I,360007,1360070,Region,Rajshahi/Rangpur,14002,Two years preceding the survey,0,1,RHANCNWN4P,BDDHS2014360007,2014,DHS,615.0,742.0,,,
BGD,Rangpur,993022,Antenatal visits for pregnancy: 4+ visits,41.3,1,BD,Bangladesh,2014,BD2014DHS,RH_ANCN_W_N4P,83403040,I,360008,1360080,Region,..Rangpur,14000,Three years preceding the survey,0,0,RHANCNWN4P,BDDHS2014360008,2014,DHS,450.0,550.0,,,1.0
BGD,Rangpur,4835443,Antenatal visits for pregnancy: 4+ visits,38.8,1,BD,Bangladesh,2014,BD2014DHS,RH_ANCN_W_N4P,83403040,I,360008,1360080,Region,..Rangpur,14002,Two years preceding the survey,0,1,RHANCNWN4P,BDDHS2014360008,2014,DHS,292.0,364.0,,,1.0
BGD,Rajshahi,3466624,Antenatal visits for pregnancy: 4+ visits,26.5,1,BD,Bangladesh,2014,BD2014DHS,RH_ANCN_W_N4P,83403040,I,360009,1360090,Region,..Rajshahi,14000,Three years preceding the survey,0,0,RHANCNWN4P,BDDHS2014360009,2014,DHS,464.0,546.0,,,1.0
BGD,Rajshahi,2222571,Antenatal visits for pregnancy: 4+ visits,26.3,1,BD,Bangladesh,2014,BD2014DHS,RH_ANCN_W_N4P,83403040,I,360009,1360090,Region,..Rajshahi,14002,Two years preceding the survey,0,1,RHANCNWN4P,BDDHS2014360009,2014,DHS,323.0,378.0,,,1.0
BGD,Barishal,6246750,Place of delivery: Health facility,29.9,1,BD,Bangladesh,2014,BD2014DHS,RH_DELP_C_DHF,83566070,I,360001,1360010,Region,Barishal,14000,Three years preceding the survey,0,0,RHDELPCDHF,BDDHS2014360001,2014,DHS,279.0,551.0,,,1.0
BGD,Barishal,2912601,Place of delivery: Health facility,29.7,1,BD,Bangladesh,2014,BD2014DHS,RH_DELP_C_DHF,83566070,I,360001,1360010,Region,Barishal,14002,Two years preceding the survey,0,1,RHDELPCDHF,BDDHS2014360001,2014,DHS,189.0,377.0,,,1.0
BGD,Chattogram/Sylhet,4162677,Place of delivery: Health facility,31.3,1,BD,Bangladesh,2014,BD2014DHS,RH_DELP_C_DHF,83566070,I,360002,1360020,Region,Chattogram/Sylhet,14000,Three years preceding the survey,0,0,RHDELPCDHF,BDDHS2014360002,2014,DHS,1548.0,1652.0,,,
BGD,Chattogram/Sylhet,5049241,Place of delivery: Health facility,32.8,1,BD,Bangladesh,2014,BD2014DHS,RH_DELP_C_DHF,83566070,I,360002,1360020,Region,Chattogram/Sylhet,14002,Two years preceding the survey,0,1,RHDELPCDHF,BDDHS2014360002,2014,DHS,991.0,1055.0,,,
BGD,Chattogram,5506690,Place of delivery: Health facility,35.2,1,BD,Bangladesh,2014,BD2014DHS,RH_DELP_C_DHF,83566070,I,360003,1360030,Region,..Chattogram,14000,Three years preceding the survey,0,0,RHDELPCDHF,BDDHS2014360003,2014,DHS,1074.0,915.0,,,1.0
BGD,Chattogram,7190786,Place of delivery: Health facility,37.1,1,BD,Bangladesh,2014,BD2014DHS,RH_DELP_C_DHF,83566070,I,360003,1360030,Region,..Chattogram,14002,Two years preceding the survey,0,1,RHDELPCDHF,BDDHS2014360003,2014,DHS,695.0,588.0,,,1.0
BGD,Sylhet,742558,Place of delivery: Health facility,22.6,1,BD,Bangladesh,2014,BD2014DHS,RH_DELP_C_DHF,83566070,I,360004,1360040,Region,..Sylhet,14000,Three years preceding the survey,0,0,RHDELPCDHF,BDDHS2014360004,2014,DHS,474.0,737.0,,,1.0
BGD,Sylhet,4657767,Place of delivery: Health facility,22.8,1,BD,Bangladesh,2014,BD2014DHS,RH_DELP_C_DHF,83566070,I,360004,1360040,Region,..Sylhet,14002,Two years preceding the survey,0,1,RHDELPCDHF,BDDHS2014360004,2014,DHS,297.0,467.0,,,1.0
BGD,Dhaka before 2015,7797589,Place of delivery: Health facility,40.5,1,BD,Bangladesh,2014,BD2014DHS,RH_DELP_C_DHF,83566070,I,360005,1360050,Region,Dhaka before 2015,14000,Three years preceding the survey,0,0,RHDELPCDHF,BDDHS2014360005,2014,DHS,1740.0,839.0,,,1.0
BGD,Dhaka before 2015,6602721,Place of delivery: Health facility,43.0,1,BD,Bangladesh,2014,BD2014DHS,RH_DELP_C_DHF,83566070,I,360005,1360050,Region,Dhaka before 2015,14002,Two years preceding the survey,0,1,RHDELPCDHF,BDDHS2014360005,2014,DHS,1192.0,573.0,,,1.0
BGD,Khulna,5645331,Place of delivery: Health facility,54.6,1,BD,Bangladesh,2014,BD2014DHS,RH_DELP_C_DHF,83566070,I,360006,1360060,Region,Khulna,14000,Three years preceding the survey,0,0,RHDELPCDHF,BDDHS2014360006,2014,DHS,387.0,552.0,,,1.0
BGD,Khulna,4236225,Place of delivery: Health facility,59.2,1,BD,Bangladesh,2014,BD2014DHS,RH_DELP_C_DHF,83566070,I,360006,1360060,Region,Khulna,14002,Two years preceding the survey,0,1,RHDELPCDHF,BDDHS2014360006,2014,DHS,253.0,366.0,,,1.0
BGD,Rajshahi/Rangpur,7557911,Place of delivery: Health facility,36.8,1,BD,Bangladesh,2014,BD2014DHS,RH_DELP_C_DHF,83566070,I,360007,1360070,Region,Rajshahi/Rangpur,14000,Three years preceding the survey,0,0,RHDELPCDHF,BDDHS2014360007,2014,DHS,949.0,1140.0,,,
BGD,Rajshahi/Rangpur,5520959,Place of delivery: Health facility,38.4,1,BD,Bangladesh,2014,BD2014DHS,RH_DELP_C_DHF,83566070,I,360007,1360070,Region,Rajshahi/Rangpur,14002,Two years preceding the survey,0,1,RHDELPCDHF,BDDHS2014360007,2014,DHS,628.0,759.0,,,
BGD,Rangpur,13866,Place of delivery: Health facility,34.3,1,BD,Bangladesh,2014,BD2014DHS,RH_DELP_C_DHF,83566070,I,360008,1360080,Region,..Rangpur,14000,Three years preceding the survey,0,0,RHDELPCDHF,BDDHS2014360008,2014,DHS,461.0,565.0,,,1.0
BGD,Rangpur,3627048,Place of delivery: Health facility,36.1,1,BD,Bangladesh,2014,BD2014DHS,RH_DELP_C_DHF,83566070,I,360008,1360080,Region,..Rangpur,14002,Two years preceding the survey,0,1,RHDELPCDHF,BDDHS2014360008,2014,DHS,298.0,371.0,,,1.0
BGD,Rajshahi,3711754,Place of delivery: Health facility,39.2,1,BD,Bangladesh,2014,BD2014DHS,RH_DELP_C_DHF,83566070,I,360009,1360090,Region,..Rajshahi,14000,Three years preceding the survey,0,0,RHDELPCDHF,BDDHS2014360009,2014,DHS,488.0,575.0,,,1.0
BGD,Rajshahi,2222626,Place of delivery: Health facility,40.5,1,BD,Bangladesh,2014,BD2014DHS,RH_DELP_C_DHF,83566070,I,360009,1360090,Region,..Rajshahi,14002,Two years preceding the survey,0,1,RHDELPCDHF,BDDHS2014360009,2014,DHS,331.0,388.0,,,1.0
BGD,Barishal,6640801,Assistance during delivery from a skilled provider,36.7,1,BD,Bangladesh,2014,BD2014DHS,RH_DELA_C_SKP,83606110,I,360001,1360010,Region,Barishal,14000,Three years preceding the survey,0,0,RHDELACSKP,BDDHS2014360001,2014,DHS,279.0,551.0,,,1.0
BGD,Barishal,837366,Assistance during delivery from a skilled provider,38.1,1,BD,Bangladesh,2014,BD2014DHS,RH_DELA_C_SKP,83606110,I,360001,1360010,Region,Barishal,14002,Two years preceding the survey,0,1,RHDELACSKP,BDDHS2014360001,2014,DHS,189.0,377.0,,,1.0
BGD,Chattogram/Sylhet,139155,Assistance during delivery from a skilled provider,38.8,1,BD,Bangladesh,2014,BD2014DHS,RH_DELA_C_SKP,83606110,I,360002,1360020,Region,Chattogram/Sylhet,14000,Three years preceding the survey,0,0,RHDELACSKP,BDDHS2014360002,2014,DHS,1548.0,1652.0,,,
BGD,Chattogram/Sylhet,5463446,Assistance during delivery from a skilled provider,40.5,1,BD,Bangladesh,2014,BD2014DHS,RH_DELA_C_SKP,83606110,I,360002,1360020,Region,Chattogram/Sylhet,14002,Two years preceding the survey,0,1,RHDELACSKP,BDDHS2014360002,2014,DHS,991.0,1055.0,,,
BGD,Chattogram,2218537,Assistance during delivery from a skilled provider,43.9,1,BD,Bangladesh,2014,BD2014DHS,RH_DELA_C_SKP,83606110,I,360003,1360030,Region,..Chattogram,14000,Three years preceding the survey,0,0,RHDELACSKP,BDDHS2014360003,2014,DHS,1074.0,915.0,,,1.0
BGD,Chattogram,5646189,Assistance during delivery from a skilled provider,46.0,1,BD,Bangladesh,2014,BD2014DHS,RH_DELA_C_SKP,83606110,I,360003,1360030,Region,..Chattogram,14002,Two years preceding the survey,0,1,RHDELACSKP,BDDHS2014360003,2014,DHS,695.0,588.0,,,1.0
BGD,Sylhet,3626475,Assistance during delivery from a skilled provider,27.1,1,BD,Bangladesh,2014,BD2014DHS,RH_DELA_C_SKP,83606110,I,360004,1360040,Region,..Sylhet,14000,Three years preceding the survey,0,0,RHDELACSKP,BDDHS2014360004,2014,DHS,474.0,737.0,,,1.0
BGD,Sylhet,3280660,Assistance during delivery from a skilled provider,27.7,1,BD,Bangladesh,2014,BD2014DHS,RH_DELA_C_SKP,83606110,I,360004,1360040,Region,..Sylhet,14002,Two years preceding the survey,0,1,RHDELACSKP,BDDHS2014360004,2014,DHS,297.0,467.0,,,1.0
BGD,Dhaka before 2015,7812232,Assistance during delivery from a skilled provider,43.5,1,BD,Bangladesh,2014,BD2014DHS,RH_DELA_C_SKP,83606110,I,360005,1360050,Region,Dhaka before 2015,14000,Three years preceding the survey,0,0,RHDELACSKP,BDDHS2014360005,2014,DHS,1740.0,839.0,,,1.0
BGD,Dhaka before 2015,6709502,Assistance during delivery from a skilled provider,45.8,1,BD,Bangladesh,2014,BD2014DHS,RH_DELA_C_SKP,83606110,I,360005,1360050,Region,Dhaka before 2015,14002,Two years preceding the survey,0,1,RHDELACSKP,BDDHS2014360005,2014,DHS,1192.0,573.0,,,1.0
BGD,Khulna,5883388,Assistance during delivery from a skilled provider,58.2,1,BD,Bangladesh,2014,BD2014DHS,RH_DELA_C_SKP,83606110,I,360006,1360060,Region,Khulna,14000,Three years preceding the survey,0,0,RHDELACSKP,BDDHS2014360006,2014,DHS,387.0,552.0,,,1.0
BGD,Khulna,146264,Assistance during delivery from a skilled provider,63.8,1,BD,Bangladesh,2014,BD2014DHS,RH_DELA_C_SKP,83606110,I,360006,1360060,Region,Khulna,14002,Two years preceding the survey,0,1,RHDELACSKP,BDDHS2014360006,2014,DHS,253.0,366.0,,,1.0
BGD,Rajshahi/Rangpur,7557728,Assistance during delivery from a skilled provider,39.8,1,BD,Bangladesh,2014,BD2014DHS,RH_DELA_C_SKP,83606110,I,360007,1360070,Region,Rajshahi/Rangpur,14000,Three years preceding the survey,0,0,RHDELACSKP,BDDHS2014360007,2014,DHS,949.0,1140.0,,,
BGD,Rajshahi/Rangpur,7042490,Assistance during delivery from a skilled provider,41.7,1,BD,Bangladesh,2014,BD2014DHS,RH_DELA_C_SKP,83606110,I,360007,1360070,Region,Rajshahi/Rangpur,14002,Two years preceding the survey,0,1,RHDELACSKP,BDDHS2014360007,2014,DHS,628.0,759.0,,,
BGD,Rangpur,4734132,Assistance during delivery from a skilled provider,37.9,1,BD,Bangladesh,2014,BD2014DHS,RH_DELA_C_SKP,83606110,I,360008,1360080,Region,..Rangpur,14000,Three years preceding the survey,0,0,RHDELACSKP,BDDHS2014360008,2014,DHS,461.0,565.0,,,1.0
BGD,Rangpur,3627356,Assistance during delivery from a skilled provider,39.5,1,BD,Bangladesh,2014,BD2014DHS,RH_DELA_C_SKP,83606110,I,360008,1360080,Region,..Rangpur,14002,Two years preceding the survey,0,1,RHDELACSKP,BDDHS2014360008,2014,DHS,298.0,371.0,,,1.0
BGD,Rajshahi,23888,Assistance during delivery from a skilled provider,41.6,1,BD,Bangladesh,2014,BD2014DHS,RH_DELA_C_SKP,83606110,I,360009,1360090,Region,..Rajshahi,14000,Three years preceding the survey,0,0,RHDELACSKP,BDDHS2014360009,2014,DHS,488.0,575.0,,,1.0
BGD,Rajshahi,639027,Assistance during delivery from a skilled provider,43.7,1,BD,Bangladesh,2014,BD2014DHS,RH_DELA_C_SKP,83606110,I,360009,1360090,Region,..Rajshahi,14002,Two years preceding the survey,0,1,RHDELACSKP,BDDHS2014360009,2014,DHS,331.0,388.0,,,1.0
BGD,Barishal,6640802,Delivery by cesarean section,17.7,1,BD,Bangladesh,2014,BD2014DHS,RH_DELA_C_CSC,83606120,I,360001,1360010,Region,Barishal,14000,Three years preceding the survey,0,0,RHDELACCSC,BDDHS2014360001,2014,DHS,279.0,551.0,,,1.0
BGD,Barishal,837367,Delivery by cesarean section,17.1,1,BD,Bangladesh,2014,BD2014DHS,RH_DELA_C_CSC,83606120,I,360001,1360010,Region,Barishal,14002,Two years preceding the survey,0,1,RHDELACCSC,BDDHS2014360001,2014,DHS,189.0,377.0,,,1.0
BGD,Chattogram/Sylhet,139195,Delivery by cesarean section,16.0,1,BD,Bangladesh,2014,BD2014DHS,RH_DELA_C_CSC,83606120,I,360002,1360020,Region,Chattogram/Sylhet,14000,Three years preceding the survey,0,0,RHDELACCSC,BDDHS2014360002,2014,DHS,1548.0,1652.0,,,
BGD,Chattogram/Sylhet,5463447,Delivery by cesarean section,17.2,1,BD,Bangladesh,2014,BD2014DHS,RH_DELA_C_CSC,83606120,I,360002,1360020,Region,Chattogram/Sylhet,14002,Two years preceding the survey,0,1,RHDELACCSC,BDDHS2014360002,2014,DHS,991.0,1055.0,,,
BGD,Chattogram,2218538,Delivery by cesarean section,18.3,1,BD,Bangladesh,2014,BD2014DHS,RH_DELA_C_CSC,83606120,I,360003,1360030,Region,..Chattogram,14000,Three years preceding the survey,0,0,RHDELACCSC,BDDHS2014360003,2014,DHS,1074.0,915.0,,,1.0
BGD,Chattogram,5646190,Delivery by cesarean section,19.7,1,BD,Bangladesh,2014,BD2014DHS,RH_DELA_C_CSC,83606120,I,360003,1360030,Region,..Chattogram,14002,Two years preceding the survey,0,1,RHDELACCSC,BDDHS2014360003,2014,DHS,695.0,588.0,,,1.0
BGD,Sylhet,3626476,Delivery by cesarean section,10.9,1,BD,Bangladesh,2014,BD2014DHS,RH_DELA_C_CSC,83606120,I,360004,1360040,Region,..Sylhet,14000,Three years preceding the survey,0,0,RHDELACCSC,BDDHS2014360004,2014,DHS,474.0,737.0,,,1.0
BGD,Sylhet,3280661,Delivery by cesarean section,11.4,1,BD,Bangladesh,2014,BD2014DHS,RH_DELA_C_CSC,83606120,I,360004,1360040,Region,..Sylhet,14002,Two years preceding the survey,0,1,RHDELACCSC,BDDHS2014360004,2014,DHS,297.0,467.0,,,1.0
BGD,Dhaka before 2015,7812233,Delivery by cesarean section,29.1,1,BD,Bangladesh,2014,BD2014DHS,RH_DELA_C_CSC,83606120,I,360005,1360050,Region,Dhaka before 2015,14000,Three years preceding the survey,0,0,RHDELACCSC,BDDHS2014360005,2014,DHS,1740.0,839.0,,,1.0
BGD,Dhaka before 2015,6709503,Delivery by cesarean section,29.8,1,BD,Bangladesh,2014,BD2014DHS,RH_DELA_C_CSC,83606120,I,360005,1360050,Region,Dhaka before 2015,14002,Two years preceding the survey,0,1,RHDELACCSC,BDDHS2014360005,2014,DHS,1192.0,573.0,,,1.0
BGD,Khulna,5883389,Delivery by cesarean section,33.0,1,BD,Bangladesh,2014,BD2014DHS,RH_DELA_C_CSC,83606120,I,360006,1360060,Region,Khulna,14000,Three years preceding the survey,0,0,RHDELACCSC,BDDHS2014360006,2014,DHS,387.0,552.0,,,1.0
BGD,Khulna,146265,Delivery by cesarean section,37.5,1,BD,Bangladesh,2014,BD2014DHS,RH_DELA_C_CSC,83606120,I,360006,1360060,Region,Khulna,14002,Two years preceding the survey,0,1,RHDELACCSC,BDDHS2014360006,2014,DHS,253.0,366.0,,,1.0
BGD,Rajshahi/Rangpur,7557729,Delivery by cesarean section,19.9,1,BD,Bangladesh,2014,BD2014DHS,RH_DELA_C_CSC,83606120,I,360007,1360070,Region,Rajshahi/Rangpur,14000,Three years preceding the survey,0,0,RHDELACCSC,BDDHS2014360007,2014,DHS,949.0,1140.0,,,
BGD,Rajshahi/Rangpur,7042491,Delivery by cesarean section,21.7,1,BD,Bangladesh,2014,BD2014DHS,RH_DELA_C_CSC,83606120,I,360007,1360070,Region,Rajshahi/Rangpur,14002,Two years preceding the survey,0,1,RHDELACCSC,BDDHS2014360007,2014,DHS,628.0,759.0,,,
BGD,Rangpur,4734133,Delivery by cesarean section,17.5,1,BD,Bangladesh,2014,BD2014DHS,RH_DELA_C_CSC,83606120,I,360008,1360080,Region,..Rangpur,14000,Three years preceding the survey,0,0,RHDELACCSC,BDDHS2014360008,2014,DHS,461.0,565.0,,,1.0
BGD,Rangpur,3627357,Delivery by cesarean section,18.8,1,BD,Bangladesh,2014,BD2014DHS,RH_DELA_C_CSC,83606120,I,360008,1360080,Region,..Rangpur,14002,Two years preceding the survey,0,1,RHDELACCSC,BDDHS2014360008,2014,DHS,298.0,371.0,,,1.0
BGD,Rajshahi,23889,Delivery by cesarean section,22.3,1,BD,Bangladesh,2014,BD2014DHS,RH_DELA_C_CSC,83606120,I,360009,1360090,Region,..Rajshahi,14000,Three years preceding the survey,0,0,RHDELACCSC,BDDHS2014360009,2014,DHS,488.0,575.0,,,1.0
BGD,Rajshahi,639030,Delivery by cesarean section,24.3,1,BD,Bangladesh,2014,BD2014DHS,RH_DELA_C_CSC,83606120,I,360009,1360090,Region,..Rajshahi,14002,Two years preceding the survey,0,1,RHDELACCSC,BDDHS2014360009,2014,DHS,331.0,388.0,,,1.0
BGD,Barishal,2218521,Mother's first postnatal checkup in the first two days after birth,56.3,1,BD,Bangladesh,2014,BD2014DHS,RH_PCMT_W_DY2,83633090,I,360001,1360010,Region,Barishal,0,,0,1,RHPCMTWDY2,BDDHS2014360001,2014,DHS,185.0,371.0,,,1.0
BGD,Chattogram/Sylhet,5466497,Mother's first postnatal checkup in the first two days after birth,56.6,1,BD,Bangladesh,2014,BD2014DHS,RH_PCMT_W_DY2,83633090,I,360002,1360020,Region,Chattogram/Sylhet,0,,0,1,RHPCMTWDY2,BDDHS2014360002,2014,DHS,974.0,1037.0,,,
BGD,Chattogram,5617374,Mother's first postnatal checkup in the first two days after birth,61.7,1,BD,Bangladesh,2014,BD2014DHS,RH_PCMT_W_DY2,83633090,I,360003,1360030,Region,..Chattogram,0,,0,1,RHPCMTWDY2,BDDHS2014360003,2014,DHS,682.0,579.0,,,1.0
BGD,Sylhet,4596083,Mother's first postnatal checkup in the first two days after birth,44.6,1,BD,Bangladesh,2014,BD2014DHS,RH_PCMT_W_DY2,83633090,I,360004,1360040,Region,..Sylhet,0,,0,1,RHPCMTWDY2,BDDHS2014360004,2014,DHS,292.0,458.0,,,1.0
BGD,Dhaka before 2015,7389016,Mother's first postnatal checkup in the first two days after birth,58.4,1,BD,Bangladesh,2014,BD2014DHS,RH_PCMT_W_DY2,83633090,I,360005,1360050,Region,Dhaka before 2015,0,,0,1,RHPCMTWDY2,BDDHS2014360005,2014,DHS,1182.0,568.0,,,1.0
BGD,Khulna,265230,Mother's first postnatal checkup in the first two days after birth,64.2,1,BD,Bangladesh,2014,BD2014DHS,RH_PCMT_W_DY2,83633090,I,360006,1360060,Region,Khulna,0,,0,1,RHPCMTWDY2,BDDHS2014360006,2014,DHS,250.0,360.0,,,1.0
BGD,Rajshahi/Rangpur,5681069,Mother's first postnatal checkup in the first two days after birth,57.9,1,BD,Bangladesh,2014,BD2014DHS,RH_PCMT_W_DY2,83633090,I,360007,1360070,Region,Rajshahi/Rangpur,0,,0,1,RHPCMTWDY2,BDDHS2014360007,2014,DHS,615.0,742.0,,,
BGD,Rangpur,98061,Mother's first postnatal checkup in the first two days after birth,51.8,1,BD,Bangladesh,2014,BD2014DHS,RH_PCMT_W_DY2,83633090,I,360008,1360080,Region,..Rangpur,0,,0,1,RHPCMTWDY2,BDDHS2014360008,2014,DHS,292.0,364.0,,,1.0
BGD,Rajshahi,696363,Mother's first postnatal checkup in the first two days after birth,63.4,1,BD,Bangladesh,2014,BD2014DHS,RH_PCMT_W_DY2,83633090,I,360009,1360090,Region,..Rajshahi,0,,0,1,RHPCMTWDY2,BDDHS2014360009,2014,DHS,323.0,378.0,,,1.0
BGD,Barishal,6247710,Newborn's first postnatal checkup in the first two days after birth,54.1,1,BD,Bangladesh,2014,BD2014DHS,RH_PCCT_C_DY2,83706090,I,360001,1360010,Region,Barishal,0,,0,1,RHPCCTCDY2,BDDHS2014360001,2014,DHS,185.0,371.0,,,1.0
BGD,Chattogram/Sylhet,444987,Newborn's first postnatal checkup in the first two days after birth,51.8,1,BD,Bangladesh,2014,BD2014DHS,RH_PCCT_C_DY2,83706090,I,360002,1360020,Region,Chattogram/Sylhet,0,,0,1,RHPCCTCDY2,BDDHS2014360002,2014,DHS,974.0,1037.0,,,
BGD,Chattogram,3718596,Newborn's first postnatal checkup in the first two days after birth,56.1,1,BD,Bangladesh,2014,BD2014DHS,RH_PCCT_C_DY2,83706090,I,360003,1360030,Region,..Chattogram,0,,0,1,RHPCCTCDY2,BDDHS2014360003,2014,DHS,682.0,579.0,,,1.0
BGD,Sylhet,4653370,Newborn's first postnatal checkup in the first two days after birth,41.7,1,BD,Bangladesh,2014,BD2014DHS,RH_PCCT_C_DY2,83706090,I,360004,1360040,Region,..Sylhet,0,,0,1,RHPCCTCDY2,BDDHS2014360004,2014,DHS,292.0,458.0,,,1.0
BGD,Dhaka before 2015,4579638,Newborn's first postnatal checkup in the first two days after birth,52.6,1,BD,Bangladesh,2014,BD2014DHS,RH_PCCT_C_DY2,83706090,I,360005,1360050,Region,Dhaka before 2015,0,,0,1,RHPCCTCDY2,BDDHS2014360005,2014,DHS,1182.0,568.0,,,1.0
BGD,Khulna,4872215,Newborn's first postnatal checkup in the first two days after birth,52.7,1,BD,Bangladesh,2014,BD2014DHS,RH_PCCT_C_DY2,83706090,I,360006,1360060,Region,Khulna,0,,0,1,RHPCCTCDY2,BDDHS2014360006,2014,DHS,250.0,360.0,,,1.0
BGD,Rajshahi/Rangpur,5295329,Newborn's first postnatal checkup in the first two days after birth,53.5,1,BD,Bangladesh,2014,BD2014DHS,RH_PCCT_C_DY2,83706090,I,360007,1360070,Region,Rajshahi/Rangpur,0,,0,1,RHPCCTCDY2,BDDHS2014360007,2014,DHS,615.0,742.0,,,
BGD,Rangpur,6118399,Newborn's first postnatal checkup in the first two days after birth,46.2,1,BD,Bangladesh,2014,BD2014DHS,RH_PCCT_C_DY2,83706090,I,360008,1360080,Region,..Rangpur,0,,0,1,RHPCCTCDY2,BDDHS2014360008,2014,DHS,292.0,364.0,,,1.0
BGD,Rajshahi,3301522,Newborn's first postnatal checkup in the first two days after birth,60.1,1,BD,Bangladesh,2014,BD2014DHS,RH_PCCT_C_DY2,83706090,I,360009,1360090,Region,..Rajshahi,0,,0,1,RHPCCTCDY2,BDDHS2014360009,2014,DHS,323.0,378.0,,,1.0
BGD,Barishal,5647737,Children with ARI for whom advice or treatment was sought,82.4,1,BD,Bangladesh,2014,BD2014DHS,CH_ARIS_C_ADV,93966040,I,360001,1360010,Region,Barishal,14001,Five years preceding the survey,0,1,CHARISCADV,BDDHS2014360001,2014,DHS,18.0,35.0,,,1.0
BGD,Chattogram/Sylhet,4580671,Children with ARI for whom advice or treatment was sought,86.8,1,BD,Bangladesh,2014,BD2014DHS,CH_ARIS_C_ADV,93966040,I,360002,1360020,Region,Chattogram/Sylhet,14000,Three years preceding the survey,0,0,CHARISCADV,BDDHS2014360002,2014,DHS,94.0,107.0,,,
BGD,Chattogram/Sylhet,6783606,Children with ARI for whom advice or treatment was sought,85.4,1,BD,Bangladesh,2014,BD2014DHS,CH_ARIS_C_ADV,93966040,I,360002,1360020,Region,Chattogram/Sylhet,14001,Five years preceding the survey,0,1,CHARISCADV,BDDHS2014360002,2014,DHS,130.0,150.0,,,
BGD,Chattogram,4871859,Children with ARI for whom advice or treatment was sought,87.0,1,BD,Bangladesh,2014,BD2014DHS,CH_ARIS_C_ADV,93966040,I,360003,1360030,Region,..Chattogram,14000,Three years preceding the survey,0,0,CHARISCADV,BDDHS2014360003,2014,DHS,60.0,53.0,,,1.0
BGD,Chattogram,6700820,Children with ARI for whom advice or treatment was sought,87.4,1,BD,Bangladesh,2014,BD2014DHS,CH_ARIS_C_ADV,93966040,I,360003,1360030,Region,..Chattogram,14001,Five years preceding the survey,0,1,CHARISCADV,BDDHS2014360003,2014,DHS,81.0,76.0,,,1.0
BGD,Sylhet,5431289,Children with ARI for whom advice or treatment was sought,86.4,1,BD,Bangladesh,2014,BD2014DHS,CH_ARIS_C_ADV,93966040,I,360004,1360040,Region,..Sylhet,14000,Three years preceding the survey,0,0,CHARISCADV,BDDHS2014360004,2014,DHS,34.0,54.0,,,1.0
BGD,Sylhet,994557,Children with ARI for whom advice or treatment was sought,82.1,1,BD,Bangladesh,2014,BD2014DHS,CH_ARIS_C_ADV,93966040,I,360004,1360040,Region,..Sylhet,14001,Five years preceding the survey,0,1,CHARISCADV,BDDHS2014360004,2014,DHS,49.0,74.0,,,1.0
BGD,Dhaka before 2015,7814073,Children with ARI for whom advice or treatment was sought,87.4,1,BD,Bangladesh,2014,BD2014DHS,CH_ARIS_C_ADV,93966040,I,360005,1360050,Region,Dhaka before 2015,14000,Three years preceding the survey,0,0,CHARISCADV,BDDHS2014360005,2014,DHS,115.0,52.0,,,1.0
BGD,Dhaka before 2015,7056736,Children with ARI for whom advice or treatment was sought,89.8,1,BD,Bangladesh,2014,BD2014DHS,CH_ARIS_C_ADV,93966040,I,360005,1360050,Region,Dhaka before 2015,14001,Five years preceding the survey,0,1,CHARISCADV,BDDHS2014360005,2014,DHS,141.0,65.0,,,1.0
BGD,Khulna,665879,Children with ARI for whom advice or treatment was sought,93.3,1,BD,Bangladesh,2014,BD2014DHS,CH_ARIS_C_ADV,93966040,I,360006,1360060,Region,Khulna,14000,Three years preceding the survey,0,0,CHARISCADV,BDDHS2014360006,2014,DHS,28.0,41.0,,,1.0
BGD,Khulna,776450,Children with ARI for whom advice or treatment was sought,93.6,1,BD,Bangladesh,2014,BD2014DHS,CH_ARIS_C_ADV,93966040,I,360006,1360060,Region,Khulna,14001,Five years preceding the survey,0,1,CHARISCADV,BDDHS2014360006,2014,DHS,35.0,51.0,,,1.0
BGD,Rajshahi/Rangpur,7561209,Children with ARI for whom advice or treatment was sought,89.7,1,BD,Bangladesh,2014,BD2014DHS,CH_ARIS_C_ADV,93966040,I,360007,1360070,Region,Rajshahi/Rangpur,14000,Three years preceding the survey,0,0,CHARISCADV,BDDHS2014360007,2014,DHS,63.0,69.0,,,
BGD,Rajshahi/Rangpur,757899,Children with ARI for whom advice or treatment was sought,91.2,1,BD,Bangladesh,2014,BD2014DHS,CH_ARIS_C_ADV,93966040,I,360007,1360070,Region,Rajshahi/Rangpur,14001,Five years preceding the survey,0,1,CHARISCADV,BDDHS2014360007,2014,DHS,92.0,105.0,,,
BGD,Rangpur,182745,Children with ARI for whom advice or treatment was sought,96.9,1,BD,Bangladesh,2014,BD2014DHS,CH_ARIS_C_ADV,93966040,I,360008,1360080,Region,..Rangpur,14000,Three years preceding the survey,0,0,CHARISCADV,BDDHS2014360008,2014,DHS,28.0,32.0,,,1.0
BGD,Rangpur,7442117,Children with ARI for whom advice or treatment was sought,95.8,1,BD,Bangladesh,2014,BD2014DHS,CH_ARIS_C_ADV,93966040,I,360008,1360080,Region,..Rangpur,14001,Five years preceding the survey,0,1,CHARISCADV,BDDHS2014360008,2014,DHS,40.0,49.0,,,1.0
BGD,Rajshahi,6868054,Children with ARI for whom advice or treatment was sought,84.1,1,BD,Bangladesh,2014,BD2014DHS,CH_ARIS_C_ADV,93966040,I,360009,1360090,Region,..Rajshahi,14000,Three years preceding the survey,0,0,CHARISCADV,BDDHS2014360009,2014,DHS,35.0,37.0,,,1.0
BGD,Rajshahi,3395039,Children with ARI for whom advice or treatment was sought,87.7,1,BD,Bangladesh,2014,BD2014DHS,CH_ARIS_C_ADV,93966040,I,360009,1360090,Region,..Rajshahi,14001,Five years preceding the survey,0,1,CHARISCADV,BDDHS2014360009,2014,DHS,53.0,56.0,,,1.0
BGD,Barishal,5647736,Children with symptoms of ARI who received antibiotics,14.1,1,BD,Bangladesh,2014,BD2014DHS,CH_ARIS_C_ABI,93966050,I,360001,1360010,Region,Barishal,14001,Five years preceding the survey,0,1,CHARISCABI,BDDHS2014360001,2014,DHS,18.0,35.0,,,1.0
BGD,Chattogram/Sylhet,4580660,Children with symptoms of ARI who received antibiotics,8.0,1,BD,Bangladesh,2014,BD2014DHS,CH_ARIS_C_ABI,93966050,I,360002,1360020,Region,Chattogram/Sylhet,14000,Three years preceding the survey,0,0,CHARISCABI,BDDHS2014360002,2014,DHS,94.0,107.0,,,
BGD,Chattogram/Sylhet,6783605,Children with symptoms of ARI who received antibiotics,8.0,1,BD,Bangladesh,2014,BD2014DHS,CH_ARIS_C_ABI,93966050,I,360002,1360020,Region,Chattogram/Sylhet,14001,Five years preceding the survey,0,1,CHARISCABI,BDDHS2014360002,2014,DHS,130.0,150.0,,,
BGD,Chattogram,4871858,Children with symptoms of ARI who received antibiotics,9.1,1,BD,Bangladesh,2014,BD2014DHS,CH_ARIS_C_ABI,93966050,I,360003,1360030,Region,..Chattogram,14000,Three years preceding the survey,0,0,CHARISCABI,BDDHS2014360003,2014,DHS,60.0,53.0,,,1.0
BGD,Chattogram,6700819,Children with symptoms of ARI who received antibiotics,10.3,1,BD,Bangladesh,2014,BD2014DHS,CH_ARIS_C_ABI,93966050,I,360003,1360030,Region,..Chattogram,14001,Five years preceding the survey,0,1,CHARISCABI,BDDHS2014360003,2014,DHS,81.0,76.0,,,1.0
BGD,Sylhet,5431288,Children with symptoms of ARI who received antibiotics,6.1,1,BD,Bangladesh,2014,BD2014DHS,CH_ARIS_C_ABI,93966050,I,360004,1360040,Region,..Sylhet,14000,Three years preceding the survey,0,0,CHARISCABI,BDDHS2014360004,2014,DHS,34.0,54.0,,,1.0
BGD,Sylhet,994556,Children with symptoms of ARI who received antibiotics,4.2,1,BD,Bangladesh,2014,BD2014DHS,CH_ARIS_C_ABI,93966050,I,360004,1360040,Region,..Sylhet,14001,Five years preceding the survey,0,1,CHARISCABI,BDDHS2014360004,2014,DHS,49.0,74.0,,,1.0
BGD,Dhaka before 2015,7814072,Children with symptoms of ARI who received antibiotics,4.6,1,BD,Bangladesh,2014,BD2014DHS,CH_ARIS_C_ABI,93966050,I,360005,1360050,Region,Dhaka before 2015,14000,Three years preceding the survey,0,0,CHARISCABI,BDDHS2014360005,2014,DHS,115.0,52.0,,,1.0
BGD,Dhaka before 2015,7056729,Children with symptoms of ARI who received antibiotics,5.2,1,BD,Bangladesh,2014,BD2014DHS,CH_ARIS_C_ABI,93966050,I,360005,1360050,Region,Dhaka before 2015,14001,Five years preceding the survey,0,1,CHARISCABI,BDDHS2014360005,2014,DHS,141.0,65.0,,,1.0
BGD,Khulna,665878,Children with symptoms of ARI who received antibiotics,2.9,1,BD,Bangladesh,2014,BD2014DHS,CH_ARIS_C_ABI,93966050,I,360006,1360060,Region,Khulna,14000,Three years preceding the survey,0,0,CHARISCABI,BDDHS2014360006,2014,DHS,28.0,41.0,,,1.0
BGD,Khulna,776449,Children with symptoms of ARI who received antibiotics,4.6,1,BD,Bangladesh,2014,BD2014DHS,CH_ARIS_C_ABI,93966050,I,360006,1360060,Region,Khulna,14001,Five years preceding the survey,0,1,CHARISCABI,BDDHS2014360006,2014,DHS,35.0,51.0,,,1.0
BGD,Rajshahi/Rangpur,7561208,Children with symptoms of ARI who received antibiotics,10.5,1,BD,Bangladesh,2014,BD2014DHS,CH_ARIS_C_ABI,93966050,I,360007,1360070,Region,Rajshahi/Rangpur,14000,Three years preceding the survey,0,0,CHARISCABI,BDDHS2014360007,2014,DHS,63.0,69.0,,,
BGD,Rajshahi/Rangpur,757898,Children with symptoms of ARI who received antibiotics,14.2,1,BD,Bangladesh,2014,BD2014DHS,CH_ARIS_C_ABI,93966050,I,360007,1360070,Region,Rajshahi/Rangpur,14001,Five years preceding the survey,0,1,CHARISCABI,BDDHS2014360007,2014,DHS,92.0,105.0,,,
BGD,Rangpur,182750,Children with symptoms of ARI who received antibiotics,6.5,1,BD,Bangladesh,2014,BD2014DHS,CH_ARIS_C_ABI,93966050,I,360008,1360080,Region,..Rangpur,14000,Three years preceding the survey,0,0,CHARISCABI,BDDHS2014360008,2014,DHS,28.0,32.0,,,1.0
BGD,Rangpur,7442116,Children with symptoms of ARI who received antibiotics,9.6,1,BD,Bangladesh,2014,BD2014DHS,CH_ARIS_C_ABI,93966050,I,360008,1360080,Region,..Rangpur,14001,Five years preceding the survey,0,1,CHARISCABI,BDDHS2014360008,2014,DHS,40.0,49.0,,,1.0
BGD,Rajshahi,6868053,Children with symptoms of ARI who received antibiotics,13.6,1,BD,Bangladesh,2014,BD2014DHS,CH_ARIS_C_ABI,93966050,I,360009,1360090,Region,..Rajshahi,14000,Three years preceding the survey,0,0,CHARISCABI,BDDHS2014360009,2014,DHS,35.0,37.0,,,1.0
BGD,Rajshahi,3395038,Children with symptoms of ARI who received antibiotics,17.7,1,BD,Bangladesh,2014,BD2014DHS,CH_ARIS_C_ABI,93966050,I,360009,1360090,Region,..Rajshahi,14001,Five years preceding the survey,0,1,CHARISCABI,BDDHS2014360009,2014,DHS,53.0,56.0,,,1.0
BGD,Barishal,1576,Treatment of diarrhea: Advice or treatment was sought,82.5,1,BD,Bangladesh,2014,BD2014DHS,CH_DIAT_C_ADV,94096010,I,360001,1360010,Region,Barishal,14000,Three years preceding the survey,0,0,CHDIATCADV,BDDHS2014360001,2014,DHS,22.0,37.0,,,1.0
BGD,Barishal,7219596,Treatment of diarrhea: Advice or treatment was sought,81.1,1,BD,Bangladesh,2014,BD2014DHS,CH_DIAT_C_ADV,94096010,I,360001,1360010,Region,Barishal,14001,Five years preceding the survey,0,1,CHDIATCADV,BDDHS2014360001,2014,DHS,29.0,50.0,,,1.0
BGD,Chattogram/Sylhet,7361789,Treatment of diarrhea: Advice or treatment was sought,82.6,1,BD,Bangladesh,2014,BD2014DHS,CH_DIAT_C_ADV,94096010,I,360002,1360020,Region,Chattogram/Sylhet,14000,Three years preceding the survey,0,0,CHDIATCADV,BDDHS2014360002,2014,DHS,116.0,111.0,,,
BGD,Chattogram/Sylhet,3059558,Treatment of diarrhea: Advice or treatment was sought,78.6,1,BD,Bangladesh,2014,BD2014DHS,CH_DIAT_C_ADV,94096010,I,360002,1360020,Region,Chattogram/Sylhet,14001,Five years preceding the survey,0,1,CHDIATCADV,BDDHS2014360002,2014,DHS,158.0,163.0,,,
BGD,Chattogram,2071339,Treatment of diarrhea: Advice or treatment was sought,84.3,1,BD,Bangladesh,2014,BD2014DHS,CH_DIAT_C_ADV,94096010,I,360003,1360030,Region,..Chattogram,14000,Three years preceding the survey,0,0,CHDIATCADV,BDDHS2014360003,2014,DHS,89.0,71.0,,,1.0
BGD,Chattogram,3488409,Treatment of diarrhea: Advice or treatment was sought,79.8,1,BD,Bangladesh,2014,BD2014DHS,CH_DIAT_C_ADV,94096010,I,360003,1360030,Region,..Chattogram,14001,Five years preceding the survey,0,1,CHDIATCADV,BDDHS2014360003,2014,DHS,111.0,93.0,,,1.0
BGD,Sylhet,5401981,Treatment of diarrhea: Advice or treatment was sought,77.0,1,BD,Bangladesh,2014,BD2014DHS,CH_DIAT_C_ADV,94096010,I,360004,1360040,Region,..Sylhet,14000,Three years preceding the survey,0,0,CHDIATCADV,BDDHS2014360004,2014,DHS,27.0,40.0,,,1.0
BGD,Sylhet,6630606,Treatment of diarrhea: Advice or treatment was sought,75.9,1,BD,Bangladesh,2014,BD2014DHS,CH_DIAT_C_ADV,94096010,I,360004,1360040,Region,..Sylhet,14001,Five years preceding the survey,0,1,CHDIATCADV,BDDHS2014360004,2014,DHS,47.0,70.0,,,1.0
BGD,Dhaka before 2015,7812260,Treatment of diarrhea: Advice or treatment was sought,69.6,1,BD,Bangladesh,2014,BD2014DHS,CH_DIAT_C_ADV,94096010,I,360005,1360050,Region,Dhaka before 2015,14000,Three years preceding the survey,0,0,CHDIATCADV,BDDHS2014360005,2014,DHS,125.0,51.0,,,1.0
BGD,Dhaka before 2015,4495816,Treatment of diarrhea: Advice or treatment was sought,74.8,1,BD,Bangladesh,2014,BD2014DHS,CH_DIAT_C_ADV,94096010,I,360005,1360050,Region,Dhaka before 2015,14001,Five years preceding the survey,0,1,CHDIATCADV,BDDHS2014360005,2014,DHS,177.0,68.0,,,1.0
BGD,Khulna,3890967,Treatment of diarrhea: Advice or treatment was sought,77.5,1,BD,Bangladesh,2014,BD2014DHS,CH_DIAT_C_ADV,94096010,I,360006,1360060,Region,Khulna,14001,Five years preceding the survey,0,1,CHDIATCADV,BDDHS2014360006,2014,DHS,21.0,29.0,,,1.0
BGD,Rajshahi/Rangpur,7561591,Treatment of diarrhea: Advice or treatment was sought,79.3,1,BD,Bangladesh,2014,BD2014DHS,CH_DIAT_C_ADV,94096010,I,360007,1360070,Region,Rajshahi/Rangpur,14000,Three years preceding the survey,0,0,CHDIATCADV,BDDHS2014360007,2014,DHS,37.0,43.0,,,
BGD,Rajshahi/Rangpur,6986666,Treatment of diarrhea: Advice or treatment was sought,79.4,1,BD,Bangladesh,2014,BD2014DHS,CH_DIAT_C_ADV,94096010,I,360007,1360070,Region,Rajshahi/Rangpur,14001,Five years preceding the survey,0,1,CHDIATCADV,BDDHS2014360007,2014,DHS,55.0,61.0,,,
BGD,Rajshahi,4839767,Treatment of diarrhea: Advice or treatment was sought,77.5,1,BD,Bangladesh,2014,BD2014DHS,CH_DIAT_C_ADV,94096010,I,360009,1360090,Region,..Rajshahi,14000,Three years preceding the survey,0,0,CHDIATCADV,BDDHS2014360009,2014,DHS,21.0,25.0,,,1.0
BGD,Rajshahi,2076983,Treatment of diarrhea: Advice or treatment was sought,77.6,1,BD,Bangladesh,2014,BD2014DHS,CH_DIAT_C_ADV,94096010,I,360009,1360090,Region,..Rajshahi,14001,Five years preceding the survey,0,1,CHDIATCADV,BDDHS2014360009,2014,DHS,34.0,37.0,,,1.0
BGD,Barishal,1582,Treatment of diarrhea: ORT or increased fluids,90.9,1,BD,Bangladesh,2014,BD2014DHS,CH_DIAT_C_ORI,94096060,I,360001,1360010,Region,Barishal,14000,Three years preceding the survey,0,0,CHDIATCORI,BDDHS2014360001,2014,DHS,22.0,37.0,,,1.0
BGD,Barishal,7219605,Treatment of diarrhea: ORT or increased fluids,88.5,1,BD,Bangladesh,2014,BD2014DHS,CH_DIAT_C_ORI,94096060,I,360001,1360010,Region,Barishal,14001,Five years preceding the survey,0,1,CHDIATCORI,BDDHS2014360001,2014,DHS,29.0,50.0,,,1.0
BGD,Chattogram/Sylhet,7361796,Treatment of diarrhea: ORT or increased fluids,79.2,1,BD,Bangladesh,2014,BD2014DHS,CH_DIAT_C_ORI,94096060,I,360002,1360020,Region,Chattogram/Sylhet,14000,Three years preceding the survey,0,0,CHDIATCORI,BDDHS2014360002,2014,DHS,116.0,111.0,,,
BGD,Chattogram/Sylhet,3059568,Treatment of diarrhea: ORT or increased fluids,83.6,1,BD,Bangladesh,2014,BD2014DHS,CH_DIAT_C_ORI,94096060,I,360002,1360020,Region,Chattogram/Sylhet,14001,Five years preceding the survey,0,1,CHDIATCORI,BDDHS2014360002,2014,DHS,158.0,163.0,,,
BGD,Chattogram,2071370,Treatment of diarrhea: ORT or increased fluids,81.2,1,BD,Bangladesh,2014,BD2014DHS,CH_DIAT_C_ORI,94096060,I,360003,1360030,Region,..Chattogram,14000,Three years preceding the survey,0,0,CHDIATCORI,BDDHS2014360003,2014,DHS,89.0,71.0,,,1.0
BGD,Chattogram,3488415,Treatment of diarrhea: ORT or increased fluids,83.8,1,BD,Bangladesh,2014,BD2014DHS,CH_DIAT_C_ORI,94096060,I,360003,1360030,Region,..Chattogram,14001,Five years preceding the survey,0,1,CHDIATCORI,BDDHS2014360003,2014,DHS,111.0,93.0,,,1.0
BGD,Sylhet,5401999,Treatment of diarrhea: ORT or increased fluids,72.8,1,BD,Bangladesh,2014,BD2014DHS,CH_DIAT_C_ORI,94096060,I,360004,1360040,Region,..Sylhet,14000,Three years preceding the survey,0,0,CHDIATCORI,BDDHS2014360004,2014,DHS,27.0,40.0,,,1.0
BGD,Sylhet,6630630,Treatment of diarrhea: ORT or increased fluids,83.2,1,BD,Bangladesh,2014,BD2014DHS,CH_DIAT_C_ORI,94096060,I,360004,1360040,Region,..Sylhet,14001,Five years preceding the survey,0,1,CHDIATCORI,BDDHS2014360004,2014,DHS,47.0,70.0,,,1.0
BGD,Dhaka before 2015,7812234,Treatment of diarrhea: ORT or increased fluids,91.4,1,BD,Bangladesh,2014,BD2014DHS,CH_DIAT_C_ORI,94096060,I,360005,1360050,Region,Dhaka before 2015,14000,Three years preceding the survey,0,0,CHDIATCORI,BDDHS2014360005,2014,DHS,125.0,51.0,,,1.0
BGD,Dhaka before 2015,4495887,Treatment of diarrhea: ORT or increased fluids,89.6,1,BD,Bangladesh,2014,BD2014DHS,CH_DIAT_C_ORI,94096060,I,360005,1360050,Region,Dhaka before 2015,14001,Five years preceding the survey,0,1,CHDIATCORI,BDDHS2014360005,2014,DHS,177.0,68.0,,,1.0
BGD,Khulna,3890977,Treatment of diarrhea: ORT or increased fluids,88.9,1,BD,Bangladesh,2014,BD2014DHS,CH_DIAT_C_ORI,94096060,I,360006,1360060,Region,Khulna,14001,Five years preceding the survey,0,1,CHDIATCORI,BDDHS2014360006,2014,DHS,21.0,29.0,,,1.0
BGD,Rajshahi/Rangpur,7561597,Treatment of diarrhea: ORT or increased fluids,79.4,1,BD,Bangladesh,2014,BD2014DHS,CH_DIAT_C_ORI,94096060,I,360007,1360070,Region,Rajshahi/Rangpur,14000,Three years preceding the survey,0,0,CHDIATCORI,BDDHS2014360007,2014,DHS,37.0,43.0,,,
BGD,Rajshahi/Rangpur,6986665,Treatment of diarrhea: ORT or increased fluids,82.1,1,BD,Bangladesh,2014,BD2014DHS,CH_DIAT_C_ORI,94096060,I,360007,1360070,Region,Rajshahi/Rangpur,14001,Five years preceding the survey,0,1,CHDIATCORI,BDDHS2014360007,2014,DHS,55.0,61.0,,,
BGD,Rajshahi,4839775,Treatment of diarrhea: ORT or increased fluids,78.1,1,BD,Bangladesh,2014,BD2014DHS,CH_DIAT_C_ORI,94096060,I,360009,1360090,Region,..Rajshahi,14000,Three years preceding the survey,0,0,CHDIATCORI,BDDHS2014360009,2014,DHS,21.0,25.0,,,1.0
BGD,Rajshahi,2076990,Treatment of diarrhea: ORT or increased fluids,82.4,1,BD,Bangladesh,2014,BD2014DHS,CH_DIAT_C_ORI,94096060,I,360009,1360090,Region,..Rajshahi,14001,Five years preceding the survey,0,1,CHDIATCORI,BDDHS2014360009,2014,DHS,34.0,37.0,,,1.0
BGD,Barishal,2939517,Children stunted,39.9,1,BD,Bangladesh,2014,BD2014DHS,CN_NUTS_C_HA2,104236020,I,360001,1360010,Region,Barishal,0,,0,1,CNNUTSCHA2,BDDHS2014360001,2014,DHS,424.0,837.0,,,1.0
BGD,Chattogram/Sylhet,6351268,Children stunted,41.7,1,BD,Bangladesh,2014,BD2014DHS,CN_NUTS_C_HA2,104236020,I,360002,1360020,Region,Chattogram/Sylhet,0,,0,1,CNNUTSCHA2,BDDHS2014360002,2014,DHS,2241.0,2484.0,,,
BGD,Chattogram,6821384,Children stunted,38.0,1,BD,Bangladesh,2014,BD2014DHS,CN_NUTS_C_HA2,104236020,I,360003,1360030,Region,..Chattogram,0,,0,1,CNNUTSCHA2,BDDHS2014360003,2014,DHS,1541.0,1350.0,,,1.0
BGD,Sylhet,4628799,Children stunted,49.6,1,BD,Bangladesh,2014,BD2014DHS,CN_NUTS_C_HA2,104236020,I,360004,1360040,Region,..Sylhet,0,,0,1,CNNUTSCHA2,BDDHS2014360004,2014,DHS,700.0,1134.0,,,1.0
BGD,Dhaka before 2015,3667302,Children stunted,33.9,1,BD,Bangladesh,2014,BD2014DHS,CN_NUTS_C_HA2,104236020,I,360005,1360050,Region,Dhaka before 2015,0,,0,1,CNNUTSCHA2,BDDHS2014360005,2014,DHS,2546.0,1249.0,,,1.0
BGD,Khulna,7080825,Children stunted,28.1,1,BD,Bangladesh,2014,BD2014DHS,CN_NUTS_C_HA2,104236020,I,360006,1360060,Region,Khulna,0,,0,1,CNNUTSCHA2,BDDHS2014360006,2014,DHS,565.0,793.0,,,1.0
BGD,Rajshahi/Rangpur,5714848,Children stunted,33.5,1,BD,Bangladesh,2014,BD2014DHS,CN_NUTS_C_HA2,104236020,I,360007,1360070,Region,Rajshahi/Rangpur,0,,0,1,CNNUTSCHA2,BDDHS2014360007,2014,DHS,1542.0,1804.0,,,
BGD,Rangpur,4470148,Children stunted,36.0,1,BD,Bangladesh,2014,BD2014DHS,CN_NUTS_C_HA2,104236020,I,360008,1360080,Region,..Rangpur,0,,0,1,CNNUTSCHA2,BDDHS2014360008,2014,DHS,762.0,899.0,,,1.0
BGD,Rajshahi,6637881,Children stunted,31.1,1,BD,Bangladesh,2014,BD2014DHS,CN_NUTS_C_HA2,104236020,I,360009,1360090,Region,..Rajshahi,0,,0,1,CNNUTSCHA2,BDDHS2014360009,2014,DHS,780.0,905.0,,,1.0
BGD,Barishal,5880138,Children wasted,17.7,1,BD,Bangladesh,2014,BD2014DHS,CN_NUTS_C_WH2,104236050,I,360001,1360010,Region,Barishal,0,,0,1,CNNUTSCWH2,BDDHS2014360001,2014,DHS,424.0,837.0,,,1.0
BGD,Chattogram/Sylhet,39619,Children wasted,14.5,1,BD,Bangladesh,2014,BD2014DHS,CN_NUTS_C_WH2,104236050,I,360002,1360020,Region,Chattogram/Sylhet,0,,0,1,CNNUTSCWH2,BDDHS2014360002,2014,DHS,2241.0,2484.0,,,
BGD,Chattogram,7379114,Children wasted,15.6,1,BD,Bangladesh,2014,BD2014DHS,CN_NUTS_C_WH2,104236050,I,360003,1360030,Region,..Chattogram,0,,0,1,CNNUTSCWH2,BDDHS2014360003,2014,DHS,1541.0,1350.0,,,1.0
BGD,Sylhet,4736376,Children wasted,12.1,1,BD,Bangladesh,2014,BD2014DHS,CN_NUTS_C_WH2,104236050,I,360004,1360040,Region,..Sylhet,0,,0,1,CNNUTSCWH2,BDDHS2014360004,2014,DHS,700.0,1134.0,,,1.0
BGD,Dhaka before 2015,4743877,Children wasted,11.9,1,BD,Bangladesh,2014,BD2014DHS,CN_NUTS_C_WH2,104236050,I,360005,1360050,Region,Dhaka before 2015,0,,0,1,CNNUTSCWH2,BDDHS2014360005,2014,DHS,2546.0,1249.0,,,1.0
BGD,Khulna,1290490,Children wasted,13.5,1,BD,Bangladesh,2014,BD2014DHS,CN_NUTS_C_WH2,104236050,I,360006,1360060,Region,Khulna,0,,0,1,CNNUTSCWH2,BDDHS2014360006,2014,DHS,565.0,793.0,,,1.0
BGD,Rajshahi/Rangpur,5468176,Children wasted,17.5,1,BD,Bangladesh,2014,BD2014DHS,CN_NUTS_C_WH2,104236050,I,360007,1360070,Region,Rajshahi/Rangpur,0,,0,1,CNNUTSCWH2,BDDHS2014360007,2014,DHS,1542.0,1804.0,,,
BGD,Rangpur,6006972,Children wasted,17.7,1,BD,Bangladesh,2014,BD2014DHS,CN_NUTS_C_WH2,104236050,I,360008,1360080,Region,..Rangpur,0,,0,1,CNNUTSCWH2,BDDHS2014360008,2014,DHS,762.0,899.0,,,1.0
BGD,Rajshahi,880390,Children wasted,17.3,1,BD,Bangladesh,2014,BD2014DHS,CN_NUTS_C_WH2,104236050,I,360009,1360090,Region,..Rajshahi,0,,0,1,CNNUTSCWH2,BDDHS2014360009,2014,DHS,780.0,905.0,,,1.0
BGD,Barishal,2913810,Children underweight,36.9,1,BD,Bangladesh,2014,BD2014DHS,CN_NUTS_C_WA2,104236090,I,360001,1360010,Region,Barishal,0,,0,1,CNNUTSCWA2,BDDHS2014360001,2014,DHS,424.0,837.0,,,1.0
BGD,Chattogram/Sylhet,7058601,Children underweight,37.2,1,BD,Bangladesh,2014,BD2014DHS,CN_NUTS_C_WA2,104236090,I,360002,1360020,Region,Chattogram/Sylhet,0,,0,1,CNNUTSCWA2,BDDHS2014360002,2014,DHS,2241.0,2484.0,,,
BGD,Chattogram,5563185,Children underweight,36.0,1,BD,Bangladesh,2014,BD2014DHS,CN_NUTS_C_WA2,104236090,I,360003,1360030,Region,..Chattogram,0,,0,1,CNNUTSCWA2,BDDHS2014360003,2014,DHS,1541.0,1350.0,,,1.0
BGD,Sylhet,4169855,Children underweight,39.8,1,BD,Bangladesh,2014,BD2014DHS,CN_NUTS_C_WA2,104236090,I,360004,1360040,Region,..Sylhet,0,,0,1,CNNUTSCWA2,BDDHS2014360004,2014,DHS,700.0,1134.0,,,1.0
BGD,Dhaka before 2015,6461088,Children underweight,28.5,1,BD,Bangladesh,2014,BD2014DHS,CN_NUTS_C_WA2,104236090,I,360005,1360050,Region,Dhaka before 2015,0,,0,1,CNNUTSCWA2,BDDHS2014360005,2014,DHS,2546.0,1249.0,,,1.0
BGD,Khulna,1290615,Children underweight,25.5,1,BD,Bangladesh,2014,BD2014DHS,CN_NUTS_C_WA2,104236090,I,360006,1360060,Region,Khulna,0,,0,1,CNNUTSCWA2,BDDHS2014360006,2014,DHS,565.0,793.0,,,1.0
BGD,Rajshahi/Rangpur,5185882,Children underweight,34.4,1,BD,Bangladesh,2014,BD2014DHS,CN_NUTS_C_WA2,104236090,I,360007,1360070,Region,Rajshahi/Rangpur,0,,0,1,CNNUTSCWA2,BDDHS2014360007,2014,DHS,1542.0,1804.0,,,
BGD,Rangpur,1304479,Children underweight,36.8,1,BD,Bangladesh,2014,BD2014DHS,CN_NUTS_C_WA2,104236090,I,360008,1360080,Region,..Rangpur,0,,0,1,CNNUTSCWA2,BDDHS2014360008,2014,DHS,762.0,899.0,,,1.0
BGD,Rajshahi,7113630,Children underweight,32.1,1,BD,Bangladesh,2014,BD2014DHS,CN_NUTS_C_WA2,104236090,I,360009,1360090,Region,..Rajshahi,0,,0,1,CNNUTSCWA2,BDDHS2014360009,2014,DHS,780.0,905.0,,,1.0
BGD,Barishal,2913802,Children overweight for their age,0.8,1,BD,Bangladesh,2014,BD2014DHS,CN_NUTS_C_WAP,104236100,I,360001,1360010,Region,Barishal,0,,0,1,CNNUTSCWAP,BDDHS2014360001,2014,DHS,424.0,837.0,,,1.0
BGD,Chattogram/Sylhet,7058528,Children overweight for their age,0.3,1,BD,Bangladesh,2014,BD2014DHS,CN_NUTS_C_WAP,104236100,I,360002,1360020,Region,Chattogram/Sylhet,0,,0,1,CNNUTSCWAP,BDDHS2014360002,2014,DHS,2241.0,2484.0,,,
BGD,Chattogram,5563181,Children overweight for their age,0.4,1,BD,Bangladesh,2014,BD2014DHS,CN_NUTS_C_WAP,104236100,I,360003,1360030,Region,..Chattogram,0,,0,1,CNNUTSCWAP,BDDHS2014360003,2014,DHS,1541.0,1350.0,,,1.0
BGD,Sylhet,4169853,Children overweight for their age,0.1,1,BD,Bangladesh,2014,BD2014DHS,CN_NUTS_C_WAP,104236100,I,360004,1360040,Region,..Sylhet,0,,0,1,CNNUTSCWAP,BDDHS2014360004,2014,DHS,700.0,1134.0,,,1.0
BGD,Dhaka before 2015,6461167,Children overweight for their age,0.5,1,BD,Bangladesh,2014,BD2014DHS,CN_NUTS_C_WAP,104236100,I,360005,1360050,Region,Dhaka before 2015,0,,0,1,CNNUTSCWAP,BDDHS2014360005,2014,DHS,2546.0,1249.0,,,1.0
BGD,Khulna,1290486,Children overweight for their age,0.1,1,BD,Bangladesh,2014,BD2014DHS,CN_NUTS_C_WAP,104236100,I,360006,1360060,Region,Khulna,0,,0,1,CNNUTSCWAP,BDDHS2014360006,2014,DHS,565.0,793.0,,,1.0
BGD,Rajshahi/Rangpur,5185880,Children overweight for their age,0.2,1,BD,Bangladesh,2014,BD2014DHS,CN_NUTS_C_WAP,104236100,I,360007,1360070,Region,Rajshahi/Rangpur,0,,0,1,CNNUTSCWAP,BDDHS2014360007,2014,DHS,1542.0,1804.0,,,
BGD,Rangpur,1304481,Children overweight for their age,0.3,1,BD,Bangladesh,2014,BD2014DHS,CN_NUTS_C_WAP,104236100,I,360008,1360080,Region,..Rangpur,0,,0,1,CNNUTSCWAP,BDDHS2014360008,2014,DHS,762.0,899.0,,,1.0
BGD,Rajshahi,7113632,Children overweight for their age,0.1,1,BD,Bangladesh,2014,BD2014DHS,CN_NUTS_C_WAP,104236100,I,360009,1360090,Region,..Rajshahi,0,,0,1,CNNUTSCWAP,BDDHS2014360009,2014,DHS,780.0,905.0,,,1.0
BGD,Barishal,1290556,Children ever breastfed,98.4,1,BD,Bangladesh,2014,BD2014DHS,CN_BRFI_C_EVR,104266010,I,360001,1360010,Region,Barishal,0,,0,1,CNBRFICEVR,BDDHS2014360001,2014,DHS,185.0,371.0,,,1.0
BGD,Chattogram/Sylhet,5657326,Children ever breastfed,98.1,1,BD,Bangladesh,2014,BD2014DHS,CN_BRFI_C_EVR,104266010,I,360002,1360020,Region,Chattogram/Sylhet,0,,0,1,CNBRFICEVR,BDDHS2014360002,2014,DHS,974.0,1037.0,,,
BGD,Chattogram,5732113,Children ever breastfed,98.8,1,BD,Bangladesh,2014,BD2014DHS,CN_BRFI_C_EVR,104266010,I,360003,1360030,Region,..Chattogram,0,,0,1,CNBRFICEVR,BDDHS2014360003,2014,DHS,682.0,579.0,,,1.0
BGD,Sylhet,3150183,Children ever breastfed,96.3,1,BD,Bangladesh,2014,BD2014DHS,CN_BRFI_C_EVR,104266010,I,360004,1360040,Region,..Sylhet,0,,0,1,CNBRFICEVR,BDDHS2014360004,2014,DHS,292.0,458.0,,,1.0
BGD,Dhaka before 2015,7362491,Children ever breastfed,98.5,1,BD,Bangladesh,2014,BD2014DHS,CN_BRFI_C_EVR,104266010,I,360005,1360050,Region,Dhaka before 2015,0,,0,1,CNBRFICEVR,BDDHS2014360005,2014,DHS,1182.0,568.0,,,1.0
BGD,Khulna,3719728,Children ever breastfed,96.0,1,BD,Bangladesh,2014,BD2014DHS,CN_BRFI_C_EVR,104266010,I,360006,1360060,Region,Khulna,0,,0,1,CNBRFICEVR,BDDHS2014360006,2014,DHS,250.0,360.0,,,1.0
BGD,Rajshahi/Rangpur,5521953,Children ever breastfed,98.3,1,BD,Bangladesh,2014,BD2014DHS,CN_BRFI_C_EVR,104266010,I,360007,1360070,Region,Rajshahi/Rangpur,0,,0,1,CNBRFICEVR,BDDHS2014360007,2014,DHS,615.0,742.0,,,
BGD,Rangpur,676191,Children ever breastfed,98.6,1,BD,Bangladesh,2014,BD2014DHS,CN_BRFI_C_EVR,104266010,I,360008,1360080,Region,..Rangpur,0,,0,1,CNBRFICEVR,BDDHS2014360008,2014,DHS,292.0,364.0,,,1.0
BGD,Rajshahi,4289977,Children ever breastfed,98.0,1,BD,Bangladesh,2014,BD2014DHS,CN_BRFI_C_EVR,104266010,I,360009,1360090,Region,..Rajshahi,0,,0,1,CNBRFICEVR,BDDHS2014360009,2014,DHS,323.0,378.0,,,1.0
BGD,Barishal,1290555,Children who started breastfeeding within 1 hour of birth,52.0,1,BD,Bangladesh,2014,BD2014DHS,CN_BRFI_C_1HR,104266020,I,360001,1360010,Region,Barishal,0,,0,1,CNBRFIC1HR,BDDHS2014360001,2014,DHS,185.0,371.0,,,1.0
BGD,Chattogram/Sylhet,5657325,Children who started breastfeeding within 1 hour of birth,49.0,1,BD,Bangladesh,2014,BD2014DHS,CN_BRFI_C_1HR,104266020,I,360002,1360020,Region,Chattogram/Sylhet,0,,0,1,CNBRFIC1HR,BDDHS2014360002,2014,DHS,974.0,1037.0,,,
BGD,Chattogram,5732115,Children who started breastfeeding within 1 hour of birth,45.8,1,BD,Bangladesh,2014,BD2014DHS,CN_BRFI_C_1HR,104266020,I,360003,1360030,Region,..Chattogram,0,,0,1,CNBRFIC1HR,BDDHS2014360003,2014,DHS,682.0,579.0,,,1.0
BGD,Sylhet,3150182,Children who started breastfeeding within 1 hour of birth,56.5,1,BD,Bangladesh,2014,BD2014DHS,CN_BRFI_C_1HR,104266020,I,360004,1360040,Region,..Sylhet,0,,0,1,CNBRFIC1HR,BDDHS2014360004,2014,DHS,292.0,458.0,,,1.0
BGD,Dhaka before 2015,7362490,Children who started breastfeeding within 1 hour of birth,51.8,1,BD,Bangladesh,2014,BD2014DHS,CN_BRFI_C_1HR,104266020,I,360005,1360050,Region,Dhaka before 2015,0,,0,1,CNBRFIC1HR,BDDHS2014360005,2014,DHS,1182.0,568.0,,,1.0
BGD,Khulna,3719726,Children who started breastfeeding within 1 hour of birth,39.1,1,BD,Bangladesh,2014,BD2014DHS,CN_BRFI_C_1HR,104266020,I,360006,1360060,Region,Khulna,0,,0,1,CNBRFIC1HR,BDDHS2014360006,2014,DHS,250.0,360.0,,,1.0
BGD,Rajshahi/Rangpur,5521952,Children who started breastfeeding within 1 hour of birth,55.9,1,BD,Bangladesh,2014,BD2014DHS,CN_BRFI_C_1HR,104266020,I,360007,1360070,Region,Rajshahi/Rangpur,0,,0,1,CNBRFIC1HR,BDDHS2014360007,2014,DHS,615.0,742.0,,,
BGD,Rangpur,676182,Children who started breastfeeding within 1 hour of birth,59.6,1,BD,Bangladesh,2014,BD2014DHS,CN_BRFI_C_1HR,104266020,I,360008,1360080,Region,..Rangpur,0,,0,1,CNBRFIC1HR,BDDHS2014360008,2014,DHS,292.0,364.0,,,1.0
BGD,Rajshahi,4289979,Children who started breastfeeding within 1 hour of birth,52.5,1,BD,Bangladesh,2014,BD2014DHS,CN_BRFI_C_1HR,104266020,I,360009,1360090,Region,..Rajshahi,0,,0,1,CNBRFIC1HR,BDDHS2014360009,2014,DHS,323.0,378.0,,,1.0
BGD,Barishal,1290559,Median duration of any breastfeeding,33.1,1,BD,Bangladesh,2014,BD2014DHS,CN_BFDR_C_MDA,104336010,I,360001,1360010,Region,Barishal,0,,0,1,CNBFDRCMDA,BDDHS2014360001,2014,DHS,,,,,1.0
BGD,Chattogram/Sylhet,1297472,Median duration of any breastfeeding,27.3,1,BD,Bangladesh,2014,BD2014DHS,CN_BFDR_C_MDA,104336010,I,360002,1360020,Region,Chattogram/Sylhet,0,,0,1,CNBFDRCMDA,BDDHS2014360002,2014,DHS,,,,,
BGD,Chattogram,1290568,Median duration of any breastfeeding,26.2,1,BD,Bangladesh,2014,BD2014DHS,CN_BFDR_C_MDA,104336010,I,360003,1360030,Region,..Chattogram,0,,0,1,CNBFDRCMDA,BDDHS2014360003,2014,DHS,,,,,1.0
BGD,Sylhet,1282921,Median duration of any breastfeeding,30.5,1,BD,Bangladesh,2014,BD2014DHS,CN_BFDR_C_MDA,104336010,I,360004,1360040,Region,..Sylhet,0,,0,1,CNBFDRCMDA,BDDHS2014360004,2014,DHS,,,,,1.0
BGD,Dhaka before 2015,1297450,Median duration of any breastfeeding,31.2,1,BD,Bangladesh,2014,BD2014DHS,CN_BFDR_C_MDA,104336010,I,360005,1360050,Region,Dhaka before 2015,0,,0,1,CNBFDRCMDA,BDDHS2014360005,2014,DHS,,,,,1.0
BGD,Rajshahi,1304563,Median duration of any breastfeeding,33.9,1,BD,Bangladesh,2014,BD2014DHS,CN_BFDR_C_MDA,104336010,I,360009,1360090,Region,..Rajshahi,0,,0,1,CNBFDRCMDA,BDDHS2014360009,2014,DHS,,,,,1.0
BGD,Barishal,4391595,Breastfed children 6-23 months fed both 4+ food groups and the minimum meal frequency,25.3,1,BD,Bangladesh,2014,BD2014DHS,CN_IYCF_C_BTB,104436030,I,360001,1360010,Region,Barishal,0,,0,1,CNIYCFCBTB,BDDHS2014360001,2014,DHS,131.0,262.0,,,1.0
BGD,Chattogram/Sylhet,6623400,Breastfed children 6-23 months fed both 4+ food groups and the minimum meal frequency,18.2,1,BD,Bangladesh,2014,BD2014DHS,CN_IYCF_C_BTB,104436030,I,360002,1360020,Region,Chattogram/Sylhet,0,,0,1,CNIYCFCBTB,BDDHS2014360002,2014,DHS,670.0,720.0,,,
BGD,Chattogram,4332191,Breastfed children 6-23 months fed both 4+ food groups and the minimum meal frequency,18.2,1,BD,Bangladesh,2014,BD2014DHS,CN_IYCF_C_BTB,104436030,I,360003,1360030,Region,..Chattogram,0,,0,1,CNIYCFCBTB,BDDHS2014360003,2014,DHS,471.0,397.0,,,1.0
BGD,Sylhet,5005425,Breastfed children 6-23 months fed both 4+ food groups and the minimum meal frequency,18.2,1,BD,Bangladesh,2014,BD2014DHS,CN_IYCF_C_BTB,104436030,I,360004,1360040,Region,..Sylhet,0,,0,1,CNIYCFCBTB,BDDHS2014360004,2014,DHS,199.0,323.0,,,1.0
BGD,Dhaka before 2015,1297491,Breastfed children 6-23 months fed both 4+ food groups and the minimum meal frequency,23.3,1,BD,Bangladesh,2014,BD2014DHS,CN_IYCF_C_BTB,104436030,I,360005,1360050,Region,Dhaka before 2015,0,,0,1,CNIYCFCBTB,BDDHS2014360005,2014,DHS,843.0,403.0,,,1.0
BGD,Khulna,490585,Breastfed children 6-23 months fed both 4+ food groups and the minimum meal frequency,31.2,1,BD,Bangladesh,2014,BD2014DHS,CN_IYCF_C_BTB,104436030,I,360006,1360060,Region,Khulna,0,,0,1,CNIYCFCBTB,BDDHS2014360006,2014,DHS,183.0,262.0,,,1.0
BGD,Rajshahi/Rangpur,6036589,Breastfed children 6-23 months fed both 4+ food groups and the minimum meal frequency,25.7,1,BD,Bangladesh,2014,BD2014DHS,CN_IYCF_C_BTB,104436030,I,360007,1360070,Region,Rajshahi/Rangpur,0,,0,1,CNIYCFCBTB,BDDHS2014360007,2014,DHS,456.0,558.0,,,
BGD,Rangpur,239743,Breastfed children 6-23 months fed both 4+ food groups and the minimum meal frequency,24.2,1,BD,Bangladesh,2014,BD2014DHS,CN_IYCF_C_BTB,104436030,I,360008,1360080,Region,..Rangpur,0,,0,1,CNIYCFCBTB,BDDHS2014360008,2014,DHS,212.0,274.0,,,1.0
BGD,Rajshahi,3578085,Breastfed children 6-23 months fed both 4+ food groups and the minimum meal frequency,27.1,1,BD,Bangladesh,2014,BD2014DHS,CN_IYCF_C_BTB,104436030,I,360009,1360090,Region,..Rajshahi,0,,0,1,CNIYCFCBTB,BDDHS2014360009,2014,DHS,244.0,284.0,,,1.0
BGD,Chattogram/Sylhet,4378842,Non-breastfed children 6-23 months fed milk or milk products,44.4,1,BD,Bangladesh,2014,BD2014DHS,CN_IYCF_C_MKN,104436060,I,360002,1360020,Region,Chattogram/Sylhet,0,,0,1,CNIYCFCMKN,BDDHS2014360002,2014,DHS,62.0,60.0,,,
BGD,Chattogram,4732794,Non-breastfed children 6-23 months fed milk or milk products,46.7,1,BD,Bangladesh,2014,BD2014DHS,CN_IYCF_C_MKN,104436060,I,360003,1360030,Region,..Chattogram,0,,0,1,CNIYCFCMKN,BDDHS2014360003,2014,DHS,51.0,42.0,,,1.0
BGD,Dhaka before 2015,5767064,Non-breastfed children 6-23 months fed milk or milk products,71.9,1,BD,Bangladesh,2014,BD2014DHS,CN_IYCF_C_MKN,104436060,I,360005,1360050,Region,Dhaka before 2015,0,,0,1,CNIYCFCMKN,BDDHS2014360005,2014,DHS,75.0,37.0,,,1.0
BGD,Chattogram/Sylhet,4378845,Non-breastfed children 6-23 months with 3 IYCF practices,13.6,1,BD,Bangladesh,2014,BD2014DHS,CN_IYCF_C_3PN,104436090,I,360002,1360020,Region,Chattogram/Sylhet,0,,0,1,CNIYCFC3PN,BDDHS2014360002,2014,DHS,62.0,60.0,,,
BGD,Chattogram,4732797,Non-breastfed children 6-23 months with 3 IYCF practices,16.5,1,BD,Bangladesh,2014,BD2014DHS,CN_IYCF_C_3PN,104436090,I,360003,1360030,Region,..Chattogram,0,,0,1,CNIYCFC3PN,BDDHS2014360003,2014,DHS,51.0,42.0,,,1.0
BGD,Dhaka before 2015,5767104,Non-breastfed children 6-23 months with 3 IYCF practices,25.3,1,BD,Bangladesh,2014,BD2014DHS,CN_IYCF_C_3PN,104436090,I,360005,1360050,Region,Dhaka before 2015,0,,0,1,CNIYCFC3PN,BDDHS2014360005,2014,DHS,75.0,37.0,,,1.0
BGD,Barishal,5221957,Children 6-23 months fed 5+ food groups,28.6,1,BD,Bangladesh,2014,BD2014DHS,CN_IYCF_C_4FA,104436130,I,360001,1360010,Region,Barishal,0,,0,1,CNIYCFC4FA,BDDHS2014360001,2014,DHS,136.0,273.0,,,1.0
BGD,Chattogram/Sylhet,1297512,Children 6-23 months fed 5+ food groups,22.9,1,BD,Bangladesh,2014,BD2014DHS,CN_IYCF_C_4FA,104436130,I,360002,1360020,Region,Chattogram/Sylhet,0,,0,1,CNIYCFC4FA,BDDHS2014360002,2014,DHS,732.0,780.0,,,
BGD,Chattogram,5418366,Children 6-23 months fed 5+ food groups,22.8,1,BD,Bangladesh,2014,BD2014DHS,CN_IYCF_C_4FA,104436130,I,360003,1360030,Region,..Chattogram,0,,0,1,CNIYCFC4FA,BDDHS2014360003,2014,DHS,522.0,439.0,,,1.0
BGD,Sylhet,6225404,Children 6-23 months fed 5+ food groups,23.1,1,BD,Bangladesh,2014,BD2014DHS,CN_IYCF_C_4FA,104436130,I,360004,1360040,Region,..Sylhet,0,,0,1,CNIYCFC4FA,BDDHS2014360004,2014,DHS,210.0,341.0,,,1.0
BGD,Dhaka before 2015,167711,Children 6-23 months fed 5+ food groups,26.6,1,BD,Bangladesh,2014,BD2014DHS,CN_IYCF_C_4FA,104436130,I,360005,1360050,Region,Dhaka before 2015,0,,0,1,CNIYCFC4FA,BDDHS2014360005,2014,DHS,919.0,440.0,,,1.0
BGD,Khulna,3573117,Children 6-23 months fed 5+ food groups,34.6,1,BD,Bangladesh,2014,BD2014DHS,CN_IYCF_C_4FA,104436130,I,360006,1360060,Region,Khulna,0,,0,1,CNIYCFC4FA,BDDHS2014360006,2014,DHS,191.0,274.0,,,1.0
BGD,Rajshahi/Rangpur,4634115,Children 6-23 months fed 5+ food groups,28.3,1,BD,Bangladesh,2014,BD2014DHS,CN_IYCF_C_4FA,104436130,I,360007,1360070,Region,Rajshahi/Rangpur,0,,0,1,CNIYCFC4FA,BDDHS2014360007,2014,DHS,464.0,569.0,,,
BGD,Rangpur,3233124,Children 6-23 months fed 5+ food groups,28.6,1,BD,Bangladesh,2014,BD2014DHS,CN_IYCF_C_4FA,104436130,I,360008,1360080,Region,..Rangpur,0,,0,1,CNIYCFC4FA,BDDHS2014360008,2014,DHS,214.0,277.0,,,1.0
BGD,Rajshahi,4988447,Children 6-23 months fed 5+ food groups,28.0,1,BD,Bangladesh,2014,BD2014DHS,CN_IYCF_C_4FA,104436130,I,360009,1360090,Region,..Rajshahi,0,,0,1,CNIYCFC4FA,BDDHS2014360009,2014,DHS,250.0,292.0,,,1.0
BGD,Barishal,5221958,Children 6-23 months fed the minimum meal frequency,61.5,1,BD,Bangladesh,2014,BD2014DHS,CN_IYCF_C_MNA,104436140,I,360001,1360010,Region,Barishal,0,,0,1,CNIYCFCMNA,BDDHS2014360001,2014,DHS,136.0,273.0,,,1.0
BGD,Chattogram/Sylhet,1297513,Children 6-23 months fed the minimum meal frequency,57.4,1,BD,Bangladesh,2014,BD2014DHS,CN_IYCF_C_MNA,104436140,I,360002,1360020,Region,Chattogram/Sylhet,0,,0,1,CNIYCFCMNA,BDDHS2014360002,2014,DHS,732.0,780.0,,,
BGD,Chattogram,5418380,Children 6-23 months fed the minimum meal frequency,56.9,1,BD,Bangladesh,2014,BD2014DHS,CN_IYCF_C_MNA,104436140,I,360003,1360030,Region,..Chattogram,0,,0,1,CNIYCFCMNA,BDDHS2014360003,2014,DHS,522.0,439.0,,,1.0
BGD,Sylhet,6225405,Children 6-23 months fed the minimum meal frequency,58.5,1,BD,Bangladesh,2014,BD2014DHS,CN_IYCF_C_MNA,104436140,I,360004,1360040,Region,..Sylhet,0,,0,1,CNIYCFCMNA,BDDHS2014360004,2014,DHS,210.0,341.0,,,1.0
BGD,Dhaka before 2015,167712,Children 6-23 months fed the minimum meal frequency,61.8,1,BD,Bangladesh,2014,BD2014DHS,CN_IYCF_C_MNA,104436140,I,360005,1360050,Region,Dhaka before 2015,0,,0,1,CNIYCFCMNA,BDDHS2014360005,2014,DHS,919.0,440.0,,,1.0
BGD,Khulna,3573118,Children 6-23 months fed the minimum meal frequency,80.1,1,BD,Bangladesh,2014,BD2014DHS,CN_IYCF_C_MNA,104436140,I,360006,1360060,Region,Khulna,0,,0,1,CNIYCFCMNA,BDDHS2014360006,2014,DHS,191.0,274.0,,,1.0
BGD,Rajshahi/Rangpur,4634116,Children 6-23 months fed the minimum meal frequency,70.8,1,BD,Bangladesh,2014,BD2014DHS,CN_IYCF_C_MNA,104436140,I,360007,1360070,Region,Rajshahi/Rangpur,0,,0,1,CNIYCFCMNA,BDDHS2014360007,2014,DHS,464.0,569.0,,,
BGD,Rangpur,3233160,Children 6-23 months fed the minimum meal frequency,67.2,1,BD,Bangladesh,2014,BD2014DHS,CN_IYCF_C_MNA,104436140,I,360008,1360080,Region,..Rangpur,0,,0,1,CNIYCFCMNA,BDDHS2014360008,2014,DHS,214.0,277.0,,,1.0
BGD,Rajshahi,4988448,Children 6-23 months fed the minimum meal frequency,73.9,1,BD,Bangladesh,2014,BD2014DHS,CN_IYCF_C_MNA,104436140,I,360009,1360090,Region,..Rajshahi,0,,0,1,CNIYCFCMNA,BDDHS2014360009,2014,DHS,250.0,292.0,,,1.0
BGD,Barishal,5221959,Children 6-23 months with 3 IYCF practices,24.3,1,BD,Bangladesh,2014,BD2014DHS,CN_IYCF_C_3PA,104436150,I,360001,1360010,Region,Barishal,0,,0,1,CNIYCFC3PA,BDDHS2014360001,2014,DHS,136.0,273.0,,,1.0
BGD,Chattogram/Sylhet,1297514,Children 6-23 months with 3 IYCF practices,17.8,1,BD,Bangladesh,2014,BD2014DHS,CN_IYCF_C_3PA,104436150,I,360002,1360020,Region,Chattogram/Sylhet,0,,0,1,CNIYCFC3PA,BDDHS2014360002,2014,DHS,732.0,780.0,,,
BGD,Chattogram,5418381,Children 6-23 months with 3 IYCF practices,18.0,1,BD,Bangladesh,2014,BD2014DHS,CN_IYCF_C_3PA,104436150,I,360003,1360030,Region,..Chattogram,0,,0,1,CNIYCFC3PA,BDDHS2014360003,2014,DHS,522.0,439.0,,,1.0
BGD,Sylhet,6225406,Children 6-23 months with 3 IYCF practices,17.2,1,BD,Bangladesh,2014,BD2014DHS,CN_IYCF_C_3PA,104436150,I,360004,1360040,Region,..Sylhet,0,,0,1,CNIYCFC3PA,BDDHS2014360004,2014,DHS,210.0,341.0,,,1.0
BGD,Dhaka before 2015,167713,Children 6-23 months with 3 IYCF practices,23.5,1,BD,Bangladesh,2014,BD2014DHS,CN_IYCF_C_3PA,104436150,I,360005,1360050,Region,Dhaka before 2015,0,,0,1,CNIYCFC3PA,BDDHS2014360005,2014,DHS,919.0,440.0,,,1.0
BGD,Khulna,3573119,Children 6-23 months with 3 IYCF practices,31.0,1,BD,Bangladesh,2014,BD2014DHS,CN_IYCF_C_3PA,104436150,I,360006,1360060,Region,Khulna,0,,0,1,CNIYCFC3PA,BDDHS2014360006,2014,DHS,191.0,274.0,,,1.0
BGD,Rajshahi/Rangpur,4634118,Children 6-23 months with 3 IYCF practices,25.6,1,BD,Bangladesh,2014,BD2014DHS,CN_IYCF_C_3PA,104436150,I,360007,1360070,Region,Rajshahi/Rangpur,0,,0,1,CNIYCFC3PA,BDDHS2014360007,2014,DHS,464.0,569.0,,,
BGD,Rangpur,3233161,Children 6-23 months with 3 IYCF practices,24.1,1,BD,Bangladesh,2014,BD2014DHS,CN_IYCF_C_3PA,104436150,I,360008,1360080,Region,..Rangpur,0,,0,1,CNIYCFC3PA,BDDHS2014360008,2014,DHS,214.0,277.0,,,1.0
BGD,Rajshahi,4988449,Children 6-23 months with 3 IYCF practices,27.0,1,BD,Bangladesh,2014,BD2014DHS,CN_IYCF_C_3PA,104436150,I,360009,1360090,Region,..Rajshahi,0,,0,1,CNIYCFC3PA,BDDHS2014360009,2014,DHS,250.0,292.0,,,1.0
BGD,Barishal,3435332,Comprehensive correct knowledge about AIDS [Women],7.8,1,BD,Bangladesh,2014,BD2014DHS,HA_CKNA_W_CKA,135233060,I,360001,1360010,Region,Barishal,0,,0,1,HACKNAWCKA,BDDHS2014360001,2014,DHS,1111.0,2142.0,,,1.0
BGD,Chattogram/Sylhet,2660145,Comprehensive correct knowledge about AIDS [Women],7.9,1,BD,Bangladesh,2014,BD2014DHS,HA_CKNA_W_CKA,135233060,I,360002,1360020,Region,Chattogram/Sylhet,0,,0,1,HACKNAWCKA,BDDHS2014360002,2014,DHS,4533.0,5004.0,,,
BGD,Chattogram,4844505,Comprehensive correct knowledge about AIDS [Women],8.7,1,BD,Bangladesh,2014,BD2014DHS,HA_CKNA_W_CKA,135233060,I,360003,1360030,Region,..Chattogram,0,,0,1,HACKNAWCKA,BDDHS2014360003,2014,DHS,3301.0,2865.0,,,1.0
BGD,Sylhet,1642532,Comprehensive correct knowledge about AIDS [Women],6.0,1,BD,Bangladesh,2014,BD2014DHS,HA_CKNA_W_CKA,135233060,I,360004,1360040,Region,..Sylhet,0,,0,1,HACKNAWCKA,BDDHS2014360004,2014,DHS,1232.0,2139.0,,,1.0
BGD,Dhaka before 2015,7010796,Comprehensive correct knowledge about AIDS [Women],13.8,1,BD,Bangladesh,2014,BD2014DHS,HA_CKNA_W_CKA,135233060,I,360005,1360050,Region,Dhaka before 2015,0,,0,1,HACKNAWCKA,BDDHS2014360005,2014,DHS,6223.0,3093.0,,,1.0
BGD,Khulna,5558751,Comprehensive correct knowledge about AIDS [Women],12.7,1,BD,Bangladesh,2014,BD2014DHS,HA_CKNA_W_CKA,135233060,I,360006,1360060,Region,Khulna,0,,0,1,HACKNAWCKA,BDDHS2014360006,2014,DHS,1838.0,2581.0,,,1.0
BGD,Rajshahi/Rangpur,33408,Comprehensive correct knowledge about AIDS [Women],9.8,1,BD,Bangladesh,2014,BD2014DHS,HA_CKNA_W_CKA,135233060,I,360007,1360070,Region,Rajshahi/Rangpur,0,,0,1,HACKNAWCKA,BDDHS2014360007,2014,DHS,4159.0,5043.0,,,
BGD,Rangpur,7367818,Comprehensive correct knowledge about AIDS [Women],9.5,1,BD,Bangladesh,2014,BD2014DHS,HA_CKNA_W_CKA,135233060,I,360008,1360080,Region,..Rangpur,0,,0,1,HACKNAWCKA,BDDHS2014360008,2014,DHS,2056.0,2531.0,,,1.0
BGD,Rajshahi,1657505,Comprehensive correct knowledge about AIDS [Women],10.1,1,BD,Bangladesh,2014,BD2014DHS,HA_CKNA_W_CKA,135233060,I,360009,1360090,Region,..Rajshahi,0,,0,1,HACKNAWCKA,BDDHS2014360009,2014,DHS,2103.0,2512.0,,,1.0
BGD,Barishal,2939109,Wife beating justified for at least one specific reason [Women],35.9,1,BD,Bangladesh,2014,BD2014DHS,WE_AWBT_W_AGR,176433060,I,360001,1360010,Region,Barishal,0,,0,1,WEAWBTWAGR,BDDHS2014360001,2014,DHS,1111.0,2142.0,,,1.0
BGD,Chattogram/Sylhet,6041927,Wife beating justified for at least one specific reason [Women],30.7,1,BD,Bangladesh,2014,BD2014DHS,WE_AWBT_W_AGR,176433060,I,360002,1360020,Region,Chattogram/Sylhet,0,,0,1,WEAWBTWAGR,BDDHS2014360002,2014,DHS,4533.0,5004.0,,,
BGD,Chattogram,2417536,Wife beating justified for at least one specific reason [Women],29.6,1,BD,Bangladesh,2014,BD2014DHS,WE_AWBT_W_AGR,176433060,I,360003,1360030,Region,..Chattogram,0,,0,1,WEAWBTWAGR,BDDHS2014360003,2014,DHS,3301.0,2865.0,,,1.0
BGD,Sylhet,5062393,Wife beating justified for at least one specific reason [Women],33.8,1,BD,Bangladesh,2014,BD2014DHS,WE_AWBT_W_AGR,176433060,I,360004,1360040,Region,..Sylhet,0,,0,1,WEAWBTWAGR,BDDHS2014360004,2014,DHS,1232.0,2139.0,,,1.0
BGD,Dhaka before 2015,3811300,Wife beating justified for at least one specific reason [Women],23.8,1,BD,Bangladesh,2014,BD2014DHS,WE_AWBT_W_AGR,176433060,I,360005,1360050,Region,Dhaka before 2015,0,,0,1,WEAWBTWAGR,BDDHS2014360005,2014,DHS,6223.0,3093.0,,,1.0
BGD,Khulna,7081514,Wife beating justified for at least one specific reason [Women],29.5,1,BD,Bangladesh,2014,BD2014DHS,WE_AWBT_W_AGR,176433060,I,360006,1360060,Region,Khulna,0,,0,1,WEAWBTWAGR,BDDHS2014360006,2014,DHS,1838.0,2581.0,,,1.0
BGD,Rajshahi/Rangpur,6065548,Wife beating justified for at least one specific reason [Women],29.8,1,BD,Bangladesh,2014,BD2014DHS,WE_AWBT_W_AGR,176433060,I,360007,1360070,Region,Rajshahi/Rangpur,0,,0,1,WEAWBTWAGR,BDDHS2014360007,2014,DHS,4159.0,5043.0,,,
BGD,Rangpur,2425429,Wife beating justified for at least one specific reason [Women],25.9,1,BD,Bangladesh,2014,BD2014DHS,WE_AWBT_W_AGR,176433060,I,360008,1360080,Region,..Rangpur,0,,0,1,WEAWBTWAGR,BDDHS2014360008,2014,DHS,2056.0,2531.0,,,1.0
BGD,Rajshahi,7319226,Wife beating justified for at least one specific reason [Women],33.6,1,BD,Bangladesh,2014,BD2014DHS,WE_AWBT_W_AGR,176433060,I,360009,1360090,Region,..Rajshahi,0,,0,1,WEAWBTWAGR,BDDHS2014360009,2014,DHS,2103.0,2512.0,,,1.0
BGD,Barishal,4700766,Children registered,20.6,1,BD,Bangladesh,2014,BD2014DHS,CP_BREG_C_REG,220906030,I,360001,1360010,Region,Barishal,0,,0,1,CPBREGCREG,BDDHS2014360001,2014,DHS,450.0,889.0,,,1.0
BGD,Chattogram/Sylhet,7364774,Children registered,22.7,1,BD,Bangladesh,2014,BD2014DHS,CP_BREG_C_REG,220906030,I,360002,1360020,Region,Chattogram/Sylhet,0,,0,1,CPBREGCREG,BDDHS2014360002,2014,DHS,2482.0,2754.0,,,
BGD,Chattogram,4700233,Children registered,21.1,1,BD,Bangladesh,2014,BD2014DHS,CP_BREG_C_REG,220906030,I,360003,1360030,Region,..Chattogram,0,,0,1,CPBREGCREG,BDDHS2014360003,2014,DHS,1702.0,1488.0,,,1.0
BGD,Sylhet,5918855,Children registered,26.3,1,BD,Bangladesh,2014,BD2014DHS,CP_BREG_C_REG,220906030,I,360004,1360040,Region,..Sylhet,0,,0,1,CPBREGCREG,BDDHS2014360004,2014,DHS,780.0,1266.0,,,1.0
BGD,Dhaka before 2015,4748363,Children registered,19.7,1,BD,Bangladesh,2014,BD2014DHS,CP_BREG_C_REG,220906030,I,360005,1360050,Region,Dhaka before 2015,0,,0,1,CPBREGCREG,BDDHS2014360005,2014,DHS,2687.0,1333.0,,,1.0
BGD,Khulna,5532263,Children registered,22.6,1,BD,Bangladesh,2014,BD2014DHS,CP_BREG_C_REG,220906030,I,360006,1360060,Region,Khulna,0,,0,1,CPBREGCREG,BDDHS2014360006,2014,DHS,596.0,831.0,,,1.0
BGD,Rajshahi/Rangpur,1100188,Children registered,15.8,1,BD,Bangladesh,2014,BD2014DHS,CP_BREG_C_REG,220906030,I,360007,1360070,Region,Rajshahi/Rangpur,0,,0,1,CPBREGCREG,BDDHS2014360007,2014,DHS,1583.0,1856.0,,,
BGD,Rangpur,974359,Children registered,18.7,1,BD,Bangladesh,2014,BD2014DHS,CP_BREG_C_REG,220906030,I,360008,1360080,Region,..Rangpur,0,,0,1,CPBREGCREG,BDDHS2014360008,2014,DHS,776.0,919.0,,,1.0
BGD,Rajshahi,6606687,Children registered,13.0,1,BD,Bangladesh,2014,BD2014DHS,CP_BREG_C_REG,220906030,I,360009,1360090,Region,..Rajshahi,0,,0,1,CPBREGCREG,BDDHS2014360009,2014,DHS,807.0,937.0,,,1.0
BGD,Barishal,1115859,Gender parity index for net primary school attendance,1.01,2,BD,Bangladesh,2014,BD2014DHS,ED_NARP_B_GPI,231035040,I,360001,1360010,Region,Barishal,0,,0,1,EDNARPBGPI,BDDHS2014360001,2014,DHS,,,,,1.0
BGD,Chattogram/Sylhet,1100114,Gender parity index for net primary school attendance,1.03,2,BD,Bangladesh,2014,BD2014DHS,ED_NARP_B_GPI,231035040,I,360002,1360020,Region,Chattogram/Sylhet,0,,0,1,EDNARPBGPI,BDDHS2014360002,2014,DHS,,,,,
BGD,Chattogram,1115860,Gender parity index for net primary school attendance,1.03,2,BD,Bangladesh,2014,BD2014DHS,ED_NARP_B_GPI,231035040,I,360003,1360030,Region,..Chattogram,0,,0,1,EDNARPBGPI,BDDHS2014360003,2014,DHS,,,,,1.0
BGD,Sylhet,1108322,Gender parity index for net primary school attendance,1.03,2,BD,Bangladesh,2014,BD2014DHS,ED_NARP_B_GPI,231035040,I,360004,1360040,Region,..Sylhet,0,,0,1,EDNARPBGPI,BDDHS2014360004,2014,DHS,,,,,1.0
BGD,Dhaka before 2015,1100140,Gender parity index for net primary school attendance,1.02,2,BD,Bangladesh,2014,BD2014DHS,ED_NARP_B_GPI,231035040,I,360005,1360050,Region,Dhaka before 2015,0,,0,1,EDNARPBGPI,BDDHS2014360005,2014,DHS,,,,,1.0
BGD,Khulna,1115883,Gender parity index for net primary school attendance,0.99,2,BD,Bangladesh,2014,BD2014DHS,ED_NARP_B_GPI,231035040,I,360006,1360060,Region,Khulna,0,,0,1,EDNARPBGPI,BDDHS2014360006,2014,DHS,,,,,1.0
BGD,Rajshahi/Rangpur,1100127,Gender parity index for net primary school attendance,1.01,2,BD,Bangladesh,2014,BD2014DHS,ED_NARP_B_GPI,231035040,I,360007,1360070,Region,Rajshahi/Rangpur,0,,0,1,EDNARPBGPI,BDDHS2014360007,2014,DHS,,,,,
BGD,Rangpur,1122886,Gender parity index for net primary school attendance,1.01,2,BD,Bangladesh,2014,BD2014DHS,ED_NARP_B_GPI,231035040,I,360008,1360080,Region,..Rangpur,0,,0,1,EDNARPBGPI,BDDHS2014360008,2014,DHS,,,,,1.0
BGD,Rajshahi,1122883,Gender parity index for net primary school attendance,1.02,2,BD,Bangladesh,2014,BD2014DHS,ED_NARP_B_GPI,231035040,I,360009,1360090,Region,..Rajshahi,0,,0,1,EDNARPBGPI,BDDHS2014360009,2014,DHS,,,,,1.0
BGD,Barishal,1115910,Gender parity index for net secondary school attendance,1.06,2,BD,Bangladesh,2014,BD2014DHS,ED_NARS_B_GPI,231105040,I,360001,1360010,Region,Barishal,0,,0,1,EDNARSBGPI,BDDHS2014360001,2014,DHS,,,,,1.0
BGD,Chattogram/Sylhet,1100164,Gender parity index for net secondary school attendance,1.06,2,BD,Bangladesh,2014,BD2014DHS,ED_NARS_B_GPI,231105040,I,360002,1360020,Region,Chattogram/Sylhet,0,,0,1,EDNARSBGPI,BDDHS2014360002,2014,DHS,,,,,
BGD,Chattogram,1115905,Gender parity index for net secondary school attendance,1.05,2,BD,Bangladesh,2014,BD2014DHS,ED_NARS_B_GPI,231105040,I,360003,1360030,Region,..Chattogram,0,,0,1,EDNARSBGPI,BDDHS2014360003,2014,DHS,,,,,1.0
BGD,Sylhet,1108351,Gender parity index for net secondary school attendance,1.07,2,BD,Bangladesh,2014,BD2014DHS,ED_NARS_B_GPI,231105040,I,360004,1360040,Region,..Sylhet,0,,0,1,EDNARSBGPI,BDDHS2014360004,2014,DHS,,,,,1.0
BGD,Dhaka before 2015,1100166,Gender parity index for net secondary school attendance,1.0,2,BD,Bangladesh,2014,BD2014DHS,ED_NARS_B_GPI,231105040,I,360005,1360050,Region,Dhaka before 2015,0,,0,1,EDNARSBGPI,BDDHS2014360005,2014,DHS,,,,,1.0
BGD,Khulna,1115922,Gender parity index for net secondary school attendance,1.17,2,BD,Bangladesh,2014,BD2014DHS,ED_NARS_B_GPI,231105040,I,360006,1360060,Region,Khulna,0,,0,1,EDNARSBGPI,BDDHS2014360006,2014,DHS,,,,,1.0
BGD,Rajshahi/Rangpur,1100161,Gender parity index for net secondary school attendance,0.99,2,BD,Bangladesh,2014,BD2014DHS,ED_NARS_B_GPI,231105040,I,360007,1360070,Region,Rajshahi/Rangpur,0,,0,1,EDNARSBGPI,BDDHS2014360007,2014,DHS,,,,,
BGD,Rangpur,1122912,Gender parity index for net secondary school attendance,0.92,2,BD,Bangladesh,2014,BD2014DHS,ED_NARS_B_GPI,231105040,I,360008,1360080,Region,..Rangpur,0,,0,1,EDNARSBGPI,BDDHS2014360008,2014,DHS,,,,,1.0
BGD,Rajshahi,1122923,Gender parity index for net secondary school attendance,1.06,2,BD,Bangladesh,2014,BD2014DHS,ED_NARS_B_GPI,231105040,I,360009,1360090,Region,..Rajshahi,0,,0,1,EDNARSBGPI,BDDHS2014360009,2014,DHS,,,,,1.0
BGD,Barishal,7398277,Population using an improved water source,96.8,1,BD,Bangladesh,2014,BD2014DHS,WS_SRCE_P_IMP,250162010,I,360001,1360010,Region,Barishal,0,,0,1,WSSRCEPIMP,BDDHS2014360001,2014,DHS,4883.0,9241.0,,,1.0
BGD,Chattogram/Sylhet,4464563,Population using an improved water source,95.6,1,BD,Bangladesh,2014,BD2014DHS,WS_SRCE_P_IMP,250162010,I,360002,1360020,Region,Chattogram/Sylhet,0,,0,1,WSSRCEPIMP,BDDHS2014360002,2014,DHS,21483.0,24091.0,,,
BGD,Chattogram,5912010,Population using an improved water source,95.8,1,BD,Bangladesh,2014,BD2014DHS,WS_SRCE_P_IMP,250162010,I,360003,1360030,Region,..Chattogram,0,,0,1,WSSRCEPIMP,BDDHS2014360003,2014,DHS,14998.0,12874.0,,,1.0
BGD,Sylhet,1107852,Population using an improved water source,95.1,1,BD,Bangladesh,2014,BD2014DHS,WS_SRCE_P_IMP,250162010,I,360004,1360040,Region,..Sylhet,0,,0,1,WSSRCEPIMP,BDDHS2014360004,2014,DHS,6484.0,11217.0,,,1.0
BGD,Dhaka before 2015,5465982,Population using an improved water source,99.9,1,BD,Bangladesh,2014,BD2014DHS,WS_SRCE_P_IMP,250162010,I,360005,1360050,Region,Dhaka before 2015,0,,0,1,WSSRCEPIMP,BDDHS2014360005,2014,DHS,26248.0,13130.0,,,1.0
BGD,Khulna,2796505,Population using an improved water source,94.0,1,BD,Bangladesh,2014,BD2014DHS,WS_SRCE_P_IMP,250162010,I,360006,1360060,Region,Khulna,0,,0,1,WSSRCEPIMP,BDDHS2014360006,2014,DHS,7407.0,10315.0,,,1.0
BGD,Rajshahi/Rangpur,4777135,Population using an improved water source,99.2,1,BD,Bangladesh,2014,BD2014DHS,WS_SRCE_P_IMP,250162010,I,360007,1360070,Region,Rajshahi/Rangpur,0,,0,1,WSSRCEPIMP,BDDHS2014360007,2014,DHS,17305.0,20908.0,,,
BGD,Rangpur,3467941,Population using an improved water source,100.0,1,BD,Bangladesh,2014,BD2014DHS,WS_SRCE_P_IMP,250162010,I,360008,1360080,Region,..Rangpur,0,,0,1,WSSRCEPIMP,BDDHS2014360008,2014,DHS,8575.0,10542.0,,,1.0
BGD,Rajshahi,4046486,Population using an improved water source,98.5,1,BD,Bangladesh,2014,BD2014DHS,WS_SRCE_P_IMP,250162010,I,360009,1360090,Region,..Rajshahi,0,,0,1,WSSRCEPIMP,BDDHS2014360009,2014,DHS,8729.0,10366.0,,,1.0
BGD,Barishal,7079341,Households using an appropriate treatment method,6.7,1,BD,Bangladesh,2014,BD2014DHS,WS_WTRT_H_APP,250231090,I,360001,1360010,Region,Barishal,0,,0,1,WSWTRTHAPP,BDDHS2014360001,2014,DHS,1071.0,2062.0,,,1.0
BGD,Chattogram/Sylhet,2684738,Households using an appropriate treatment method,10.5,1,BD,Bangladesh,2014,BD2014DHS,WS_WTRT_H_APP,250231090,I,360002,1360020,Region,Chattogram/Sylhet,0,,0,1,WSWTRTHAPP,BDDHS2014360002,2014,DHS,4248.0,4688.0,,,
BGD,Chattogram,4869585,Households using an appropriate treatment method,10.4,1,BD,Bangladesh,2014,BD2014DHS,WS_WTRT_H_APP,250231090,I,360003,1360030,Region,..Chattogram,0,,0,1,WSWTRTHAPP,BDDHS2014360003,2014,DHS,3098.0,2656.0,,,1.0
BGD,Sylhet,7322789,Households using an appropriate treatment method,10.8,1,BD,Bangladesh,2014,BD2014DHS,WS_WTRT_H_APP,250231090,I,360004,1360040,Region,..Sylhet,0,,0,1,WSWTRTHAPP,BDDHS2014360004,2014,DHS,1150.0,2032.0,,,1.0
BGD,Dhaka before 2015,3945446,Households using an appropriate treatment method,15.6,1,BD,Bangladesh,2014,BD2014DHS,WS_WTRT_H_APP,250231090,I,360005,1360050,Region,Dhaka before 2015,0,,0,1,WSWTRTHAPP,BDDHS2014360005,2014,DHS,6047.0,3078.0,,,1.0
BGD,Khulna,6186930,Households using an appropriate treatment method,7.3,1,BD,Bangladesh,2014,BD2014DHS,WS_WTRT_H_APP,250231090,I,360006,1360060,Region,Khulna,0,,0,1,WSWTRTHAPP,BDDHS2014360006,2014,DHS,1786.0,2478.0,,,1.0
BGD,Rajshahi/Rangpur,4748333,Households using an appropriate treatment method,2.9,1,BD,Bangladesh,2014,BD2014DHS,WS_WTRT_H_APP,250231090,I,360007,1360070,Region,Rajshahi/Rangpur,0,,0,1,WSWTRTHAPP,BDDHS2014360007,2014,DHS,4148.0,4994.0,,,
BGD,Rangpur,5309859,Households using an appropriate treatment method,1.8,1,BD,Bangladesh,2014,BD2014DHS,WS_WTRT_H_APP,250231090,I,360008,1360080,Region,..Rangpur,0,,0,1,WSWTRTHAPP,BDDHS2014360008,2014,DHS,2023.0,2470.0,,,1.0
BGD,Rajshahi,3241345,Households using an appropriate treatment method,3.9,1,BD,Bangladesh,2014,BD2014DHS,WS_WTRT_H_APP,250231090,I,360009,1360090,Region,..Rajshahi,0,,0,1,WSWTRTHAPP,BDDHS2014360009,2014,DHS,2125.0,2524.0,,,1.0
BGD,Barishal,2597239,Population with an improved sanitation facility,64.0,1,BD,Bangladesh,2014,BD2014DHS,WS_TLET_P_IMP,250262010,I,360001,1360010,Region,Barishal,0,,0,1,WSTLETPIMP,BDDHS2014360001,2014,DHS,4883.0,9241.0,,,1.0
BGD,Chattogram/Sylhet,6487400,Population with an improved sanitation facility,69.9,1,BD,Bangladesh,2014,BD2014DHS,WS_TLET_P_IMP,250262010,I,360002,1360020,Region,Chattogram/Sylhet,0,,0,1,WSTLETPIMP,BDDHS2014360002,2014,DHS,21483.0,24091.0,,,
BGD,Chattogram,4814842,Population with an improved sanitation facility,74.3,1,BD,Bangladesh,2014,BD2014DHS,WS_TLET_P_IMP,250262010,I,360003,1360030,Region,..Chattogram,0,,0,1,WSTLETPIMP,BDDHS2014360003,2014,DHS,14998.0,12874.0,,,1.0
BGD,Sylhet,7155569,Population with an improved sanitation facility,59.5,1,BD,Bangladesh,2014,BD2014DHS,WS_TLET_P_IMP,250262010,I,360004,1360040,Region,..Sylhet,0,,0,1,WSTLETPIMP,BDDHS2014360004,2014,DHS,6484.0,11217.0,,,1.0
BGD,Dhaka before 2015,37530,Population with an improved sanitation facility,71.9,1,BD,Bangladesh,2014,BD2014DHS,WS_TLET_P_IMP,250262010,I,360005,1360050,Region,Dhaka before 2015,0,,0,1,WSTLETPIMP,BDDHS2014360005,2014,DHS,26248.0,13130.0,,,1.0
BGD,Khulna,5761262,Population with an improved sanitation facility,67.6,1,BD,Bangladesh,2014,BD2014DHS,WS_TLET_P_IMP,250262010,I,360006,1360060,Region,Khulna,0,,0,1,WSTLETPIMP,BDDHS2014360006,2014,DHS,7407.0,10315.0,,,1.0
BGD,Rajshahi/Rangpur,1099680,Population with an improved sanitation facility,67.8,1,BD,Bangladesh,2014,BD2014DHS,WS_TLET_P_IMP,250262010,I,360007,1360070,Region,Rajshahi/Rangpur,0,,0,1,WSTLETPIMP,BDDHS2014360007,2014,DHS,17305.0,20908.0,,,
BGD,Rangpur,4780946,Population with an improved sanitation facility,67.3,1,BD,Bangladesh,2014,BD2014DHS,WS_TLET_P_IMP,250262010,I,360008,1360080,Region,..Rangpur,0,,0,1,WSTLETPIMP,BDDHS2014360008,2014,DHS,8575.0,10542.0,,,1.0
BGD,Rajshahi,3550993,Population with an improved sanitation facility,68.2,1,BD,Bangladesh,2014,BD2014DHS,WS_TLET_P_IMP,250262010,I,360009,1360090,Region,..Rajshahi,0,,0,1,WSTLETPIMP,BDDHS2014360009,2014,DHS,8729.0,10366.0,,,1.0
BGD,Barishal,6527270,Households with a place for handwashing was observed,90.7,1,BD,Bangladesh,2014,BD2014DHS,WS_HNDW_H_OBS,250301010,I,360001,1360010,Region,Barishal,0,,0,1,WSHNDWHOBS,BDDHS2014360001,2014,DHS,1071.0,2062.0,,,1.0
BGD,Chattogram/Sylhet,3945507,Households with a place for handwashing was observed,92.3,1,BD,Bangladesh,2014,BD2014DHS,WS_HNDW_H_OBS,250301010,I,360002,1360020,Region,Chattogram/Sylhet,0,,0,1,WSHNDWHOBS,BDDHS2014360002,2014,DHS,4248.0,4688.0,,,
BGD,Chattogram,7283513,Households with a place for handwashing was observed,92.9,1,BD,Bangladesh,2014,BD2014DHS,WS_HNDW_H_OBS,250301010,I,360003,1360030,Region,..Chattogram,0,,0,1,WSHNDWHOBS,BDDHS2014360003,2014,DHS,3098.0,2656.0,,,1.0
BGD,Sylhet,3764623,Households with a place for handwashing was observed,90.6,1,BD,Bangladesh,2014,BD2014DHS,WS_HNDW_H_OBS,250301010,I,360004,1360040,Region,..Sylhet,0,,0,1,WSHNDWHOBS,BDDHS2014360004,2014,DHS,1150.0,2032.0,,,1.0
BGD,Dhaka before 2015,5295425,Households with a place for handwashing was observed,96.6,1,BD,Bangladesh,2014,BD2014DHS,WS_HNDW_H_OBS,250301010,I,360005,1360050,Region,Dhaka before 2015,0,,0,1,WSHNDWHOBS,BDDHS2014360005,2014,DHS,6047.0,3078.0,,,1.0
BGD,Khulna,3291111,Households with a place for handwashing was observed,98.1,1,BD,Bangladesh,2014,BD2014DHS,WS_HNDW_H_OBS,250301010,I,360006,1360060,Region,Khulna,0,,0,1,WSHNDWHOBS,BDDHS2014360006,2014,DHS,1786.0,2478.0,,,1.0
BGD,Rajshahi/Rangpur,4461102,Households with a place for handwashing was observed,97.3,1,BD,Bangladesh,2014,BD2014DHS,WS_HNDW_H_OBS,250301010,I,360007,1360070,Region,Rajshahi/Rangpur,0,,0,1,WSHNDWHOBS,BDDHS2014360007,2014,DHS,4148.0,4994.0,,,
BGD,Rangpur,6550932,Households with a place for handwashing was observed,97.8,1,BD,Bangladesh,2014,BD2014DHS,WS_HNDW_H_OBS,250301010,I,360008,1360080,Region,..Rangpur,0,,0,1,WSHNDWHOBS,BDDHS2014360008,2014,DHS,2023.0,2470.0,,,1.0
BGD,Rajshahi,1122547,Households with a place for handwashing was observed,96.8,1,BD,Bangladesh,2014,BD2014DHS,WS_HNDW_H_OBS,250301010,I,360009,1360090,Region,..Rajshahi,0,,0,1,WSHNDWHOBS,BDDHS2014360009,2014,DHS,2125.0,2524.0,,,1.0
BGD,Barishal,3801050,Households using solid fuel for cooking ,95.5,1,BD,Bangladesh,2014,BD2014DHS,HC_CKFL_H_SLD,260431140,I,360001,1360010,Region,Barishal,0,,0,1,HCCKFLHSLD,BDDHS2014360001,2014,DHS,1071.0,2062.0,,,1.0
BGD,Chattogram/Sylhet,840730,Households using solid fuel for cooking ,84.6,1,BD,Bangladesh,2014,BD2014DHS,HC_CKFL_H_SLD,260431140,I,360002,1360020,Region,Chattogram/Sylhet,0,,0,1,HCCKFLHSLD,BDDHS2014360002,2014,DHS,4248.0,4688.0,,,
BGD,Chattogram,6102156,Households using solid fuel for cooking ,82.0,1,BD,Bangladesh,2014,BD2014DHS,HC_CKFL_H_SLD,260431140,I,360003,1360030,Region,..Chattogram,0,,0,1,HCCKFLHSLD,BDDHS2014360003,2014,DHS,3098.0,2656.0,,,1.0
BGD,Sylhet,3221725,Households using solid fuel for cooking ,91.5,1,BD,Bangladesh,2014,BD2014DHS,HC_CKFL_H_SLD,260431140,I,360004,1360040,Region,..Sylhet,0,,0,1,HCCKFLHSLD,BDDHS2014360004,2014,DHS,1150.0,2032.0,,,1.0
BGD,Dhaka before 2015,6958783,Households using solid fuel for cooking ,65.0,1,BD,Bangladesh,2014,BD2014DHS,HC_CKFL_H_SLD,260431140,I,360005,1360050,Region,Dhaka before 2015,0,,0,1,HCCKFLHSLD,BDDHS2014360005,2014,DHS,6047.0,3078.0,,,1.0
BGD,Khulna,2963499,Households using solid fuel for cooking ,95.4,1,BD,Bangladesh,2014,BD2014DHS,HC_CKFL_H_SLD,260431140,I,360006,1360060,Region,Khulna,0,,0,1,HCCKFLHSLD,BDDHS2014360006,2014,DHS,1786.0,2478.0,,,1.0
BGD,Rajshahi/Rangpur,5022605,Households using solid fuel for cooking ,96.2,1,BD,Bangladesh,2014,BD2014DHS,HC_CKFL_H_SLD,260431140,I,360007,1360070,Region,Rajshahi/Rangpur,0,,0,1,HCCKFLHSLD,BDDHS2014360007,2014,DHS,4148.0,4994.0,,,
BGD,Rangpur,7339720,Households using solid fuel for cooking ,98.0,1,BD,Bangladesh,2014,BD2014DHS,HC_CKFL_H_SLD,260431140,I,360008,1360080,Region,..Rangpur,0,,0,1,HCCKFLHSLD,BDDHS2014360008,2014,DHS,2023.0,2470.0,,,1.0
BGD,Rajshahi,4356919,Households using solid fuel for cooking ,94.5,1,BD,Bangladesh,2014,BD2014DHS,HC_CKFL_H_SLD,260431140,I,360009,1360090,Region,..Rajshahi,0,,0,1,HCCKFLHSLD,BDDHS2014360009,2014,DHS,2125.0,2524.0,,,1.0
BGD,Barishal,1811332,Age specific fertility rate: 15-19,111.0,0,BD,Bangladesh,2017,BD2017DHS,FE_FRTR_W_A15,11763010,I,360001,1360010,Region,Barishal,0,,0,1,FEFRTRWA15,BDDHS2017360001,2017-18,DHS,,,,,1.0
BGD,Chattogram/Sylhet,1797483,Age specific fertility rate: 15-19,103.0,0,BD,Bangladesh,2017,BD2017DHS,FE_FRTR_W_A15,11763010,I,360002,1360020,Region,Chattogram/Sylhet,0,,0,1,FEFRTRWA15,BDDHS2017360002,2017-18,DHS,,,,,
BGD,Chattogram,1811412,Age specific fertility rate: 15-19,111.0,0,BD,Bangladesh,2017,BD2017DHS,FE_FRTR_W_A15,11763010,I,360003,1360030,Region,..Chattogram,0,,0,1,FEFRTRWA15,BDDHS2017360003,2017-18,DHS,,,,,1.0
BGD,Sylhet,1811308,Age specific fertility rate: 15-19,83.0,0,BD,Bangladesh,2017,BD2017DHS,FE_FRTR_W_A15,11763010,I,360004,1360040,Region,..Sylhet,0,,0,1,FEFRTRWA15,BDDHS2017360004,2017-18,DHS,,,,,1.0
BGD,Dhaka before 2015,1797465,Age specific fertility rate: 15-19,104.0,0,BD,Bangladesh,2017,BD2017DHS,FE_FRTR_W_A15,11763010,I,360005,1360050,Region,Dhaka before 2015,0,,0,1,FEFRTRWA15,BDDHS2017360005,2017-18,DHS,,,,,
BGD,Dhaka,1797453,Age specific fertility rate: 15-19,99.0,0,BD,Bangladesh,2017,BD2017DHS,FE_FRTR_W_A15,11763010,I,360010,1360052,Region,..Dhaka,0,,0,1,FEFRTRWA15,BDDHS2017360010,2017-18,DHS,,,,,1.0
BGD,Mymensingh,1811322,Age specific fertility rate: 15-19,121.0,0,BD,Bangladesh,2017,BD2017DHS,FE_FRTR_W_A15,11763010,I,360011,1360055,Region,..Mymensingh,0,,0,1,FEFRTRWA15,BDDHS2017360011,2017-18,DHS,,,,,1.0
BGD,Khulna,1804516,Age specific fertility rate: 15-19,108.0,0,BD,Bangladesh,2017,BD2017DHS,FE_FRTR_W_A15,11763010,I,360006,1360060,Region,Khulna,0,,0,1,FEFRTRWA15,BDDHS2017360006,2017-18,DHS,,,,,1.0
BGD,Rajshahi/Rangpur,1804539,Age specific fertility rate: 15-19,120.0,0,BD,Bangladesh,2017,BD2017DHS,FE_FRTR_W_A15,11763010,I,360007,1360070,Region,Rajshahi/Rangpur,0,,0,1,FEFRTRWA15,BDDHS2017360007,2017-18,DHS,,,,,
BGD,Rangpur,1817890,Age specific fertility rate: 15-19,110.0,0,BD,Bangladesh,2017,BD2017DHS,FE_FRTR_W_A15,11763010,I,360008,1360080,Region,..Rangpur,0,,0,1,FEFRTRWA15,BDDHS2017360008,2017-18,DHS,,,,,1.0
BGD,Rajshahi,1817903,Age specific fertility rate: 15-19,130.0,0,BD,Bangladesh,2017,BD2017DHS,FE_FRTR_W_A15,11763010,I,360009,1360090,Region,..Rajshahi,0,,0,1,FEFRTRWA15,BDDHS2017360009,2017-18,DHS,,,,,1.0
BGD,Barishal,4664593,Married women currently using any method of contraception,61.6,1,BD,Bangladesh,2017,BD2017DHS,FP_CUSM_W_ANY,32633010,I,360001,1360010,Region,Barishal,0,,0,1,FPCUSMWANY,BDDHS2017360001,2017-18,DHS,1056.0,2012.0,,,1.0
BGD,Chattogram/Sylhet,6368514,Married women currently using any method of contraception,54.1,1,BD,Bangladesh,2017,BD2017DHS,FP_CUSM_W_ANY,32633010,I,360002,1360020,Region,Chattogram/Sylhet,0,,0,1,FPCUSMWANY,BDDHS2017360002,2017-18,DHS,4498.0,4756.0,,,
BGD,Chattogram,475569,Married women currently using any method of contraception,53.7,1,BD,Bangladesh,2017,BD2017DHS,FP_CUSM_W_ANY,32633010,I,360003,1360030,Region,..Chattogram,0,,0,1,FPCUSMWANY,BDDHS2017360003,2017-18,DHS,3414.0,2731.0,,,1.0
BGD,Sylhet,1556876,Married women currently using any method of contraception,55.4,1,BD,Bangladesh,2017,BD2017DHS,FP_CUSM_W_ANY,32633010,I,360004,1360040,Region,..Sylhet,0,,0,1,FPCUSMWANY,BDDHS2017360004,2017-18,DHS,1085.0,2025.0,,,1.0
BGD,Dhaka before 2015,5140724,Married women currently using any method of contraception,62.4,1,BD,Bangladesh,2017,BD2017DHS,FP_CUSM_W_ANY,32633010,I,360005,1360050,Region,Dhaka before 2015,0,,0,1,FPCUSMWANY,BDDHS2017360005,2017-18,DHS,6332.0,4875.0,,,
BGD,Dhaka,4116720,Married women currently using any method of contraception,62.2,1,BD,Bangladesh,2017,BD2017DHS,FP_CUSM_W_ANY,32633010,I,360010,1360052,Region,..Dhaka,0,,0,1,FPCUSMWANY,BDDHS2017360010,2017-18,DHS,4864.0,2822.0,,,1.0
BGD,Mymensingh,3694744,Married women currently using any method of contraception,63.4,1,BD,Bangladesh,2017,BD2017DHS,FP_CUSM_W_ANY,32633010,I,360011,1360055,Region,..Mymensingh,0,,0,1,FPCUSMWANY,BDDHS2017360011,2017-18,DHS,1468.0,2053.0,,,1.0
BGD,Khulna,3157735,Married women currently using any method of contraception,64.6,1,BD,Bangladesh,2017,BD2017DHS,FP_CUSM_W_ANY,32633010,I,360006,1360060,Region,Khulna,0,,0,1,FPCUSMWANY,BDDHS2017360006,2017-18,DHS,2205.0,2480.0,,,1.0
BGD,Rajshahi/Rangpur,6558281,Married women currently using any method of contraception,67.0,1,BD,Bangladesh,2017,BD2017DHS,FP_CUSM_W_ANY,32633010,I,360007,1360070,Region,Rajshahi/Rangpur,0,,0,1,FPCUSMWANY,BDDHS2017360007,2017-18,DHS,4892.0,4772.0,,,
BGD,Rangpur,4356462,Married women currently using any method of contraception,69.8,1,BD,Bangladesh,2017,BD2017DHS,FP_CUSM_W_ANY,32633010,I,360008,1360080,Region,..Rangpur,0,,0,1,FPCUSMWANY,BDDHS2017360008,2017-18,DHS,2248.0,2346.0,,,1.0
BGD,Rajshahi,6070047,Married women currently using any method of contraception,64.7,1,BD,Bangladesh,2017,BD2017DHS,FP_CUSM_W_ANY,32633010,I,360009,1360090,Region,..Rajshahi,0,,0,1,FPCUSMWANY,BDDHS2017360009,2017-18,DHS,2645.0,2426.0,,,1.0
BGD,Barishal,2845040,Unmet need for family planning,13.9,1,BD,Bangladesh,2017,BD2017DHS,FP_NADM_W_UNT,32933030,I,360001,1360010,Region,Barishal,0,,0,1,FPNADMWUNT,BDDHS2017360001,2017-18,DHS,1056.0,2012.0,,,1.0
BGD,Chattogram/Sylhet,4919846,Unmet need for family planning,17.0,1,BD,Bangladesh,2017,BD2017DHS,FP_NADM_W_UNT,32933030,I,360002,1360020,Region,Chattogram/Sylhet,0,,0,1,FPNADMWUNT,BDDHS2017360002,2017-18,DHS,4498.0,4756.0,,,
BGD,Chattogram,2978817,Unmet need for family planning,18.0,1,BD,Bangladesh,2017,BD2017DHS,FP_NADM_W_UNT,32933030,I,360003,1360030,Region,..Chattogram,0,,0,1,FPNADMWUNT,BDDHS2017360003,2017-18,DHS,3414.0,2731.0,,,1.0
BGD,Sylhet,6408552,Unmet need for family planning,13.8,1,BD,Bangladesh,2017,BD2017DHS,FP_NADM_W_UNT,32933030,I,360004,1360040,Region,..Sylhet,0,,0,1,FPNADMWUNT,BDDHS2017360004,2017-18,DHS,1085.0,2025.0,,,1.0
BGD,Dhaka before 2015,4258277,Unmet need for family planning,11.7,1,BD,Bangladesh,2017,BD2017DHS,FP_NADM_W_UNT,32933030,I,360005,1360050,Region,Dhaka before 2015,0,,0,1,FPNADMWUNT,BDDHS2017360005,2017-18,DHS,6332.0,4875.0,,,
BGD,Dhaka,1549307,Unmet need for family planning,12.3,1,BD,Bangladesh,2017,BD2017DHS,FP_NADM_W_UNT,32933030,I,360010,1360052,Region,..Dhaka,0,,0,1,FPNADMWUNT,BDDHS2017360010,2017-18,DHS,4864.0,2822.0,,,1.0
BGD,Mymensingh,6233191,Unmet need for family planning,9.5,1,BD,Bangladesh,2017,BD2017DHS,FP_NADM_W_UNT,32933030,I,360011,1360055,Region,..Mymensingh,0,,0,1,FPNADMWUNT,BDDHS2017360011,2017-18,DHS,1468.0,2053.0,,,1.0
BGD,Khulna,5015792,Unmet need for family planning,8.5,1,BD,Bangladesh,2017,BD2017DHS,FP_NADM_W_UNT,32933030,I,360006,1360060,Region,Khulna,0,,0,1,FPNADMWUNT,BDDHS2017360006,2017-18,DHS,2205.0,2480.0,,,1.0
BGD,Rajshahi/Rangpur,5067774,Unmet need for family planning,8.9,1,BD,Bangladesh,2017,BD2017DHS,FP_NADM_W_UNT,32933030,I,360007,1360070,Region,Rajshahi/Rangpur,0,,0,1,FPNADMWUNT,BDDHS2017360007,2017-18,DHS,4892.0,4772.0,,,
BGD,Rangpur,1556785,Unmet need for family planning,8.1,1,BD,Bangladesh,2017,BD2017DHS,FP_NADM_W_UNT,32933030,I,360008,1360080,Region,..Rangpur,0,,0,1,FPNADMWUNT,BDDHS2017360008,2017-18,DHS,2248.0,2346.0,,,1.0
BGD,Rajshahi,2592366,Unmet need for family planning,9.6,1,BD,Bangladesh,2017,BD2017DHS,FP_NADM_W_UNT,32933030,I,360009,1360090,Region,..Rajshahi,0,,0,1,FPNADMWUNT,BDDHS2017360009,2017-18,DHS,2645.0,2426.0,,,1.0
BGD,Barishal,7449636,Neonatal mortality rate,27.0,0,BD,Bangladesh,2017,BD2017DHS,CM_ECMR_C_NNR,63206010,I,360001,1360010,Region,Barishal,14003,Ten years preceding the survey,0,1,CMECMRCNNR,BDDHS2017360001,2017-18,DHS,,,19.0,34.0,1.0
BGD,Chattogram/Sylhet,7499478,Neonatal mortality rate,31.0,0,BD,Bangladesh,2017,BD2017DHS,CM_ECMR_C_NNR,63206010,I,360002,1360020,Region,Chattogram/Sylhet,14003,Ten years preceding the survey,0,1,CMECMRCNNR,BDDHS2017360002,2017-18,DHS,,,25.0,37.0,
BGD,Chattogram,7704760,Neonatal mortality rate,30.0,0,BD,Bangladesh,2017,BD2017DHS,CM_ECMR_C_NNR,63206010,I,360003,1360030,Region,..Chattogram,14003,Ten years preceding the survey,0,1,CMECMRCNNR,BDDHS2017360003,2017-18,DHS,,,23.0,38.0,1.0
BGD,Sylhet,1736383,Neonatal mortality rate,34.0,0,BD,Bangladesh,2017,BD2017DHS,CM_ECMR_C_NNR,63206010,I,360004,1360040,Region,..Sylhet,14003,Ten years preceding the survey,0,1,CMECMRCNNR,BDDHS2017360004,2017-18,DHS,,,26.0,43.0,1.0
BGD,Dhaka before 2015,7785317,Neonatal mortality rate,33.0,0,BD,Bangladesh,2017,BD2017DHS,CM_ECMR_C_NNR,63206010,I,360005,1360050,Region,Dhaka before 2015,14003,Ten years preceding the survey,0,1,CMECMRCNNR,BDDHS2017360005,2017-18,DHS,,,26.0,39.0,
BGD,Dhaka,7681043,Neonatal mortality rate,33.0,0,BD,Bangladesh,2017,BD2017DHS,CM_ECMR_C_NNR,63206010,I,360010,1360052,Region,..Dhaka,14003,Ten years preceding the survey,0,1,CMECMRCNNR,BDDHS2017360010,2017-18,DHS,,,25.0,41.0,1.0
BGD,Mymensingh,7861523,Neonatal mortality rate,32.0,0,BD,Bangladesh,2017,BD2017DHS,CM_ECMR_C_NNR,63206010,I,360011,1360055,Region,..Mymensingh,14003,Ten years preceding the survey,0,1,CMECMRCNNR,BDDHS2017360011,2017-18,DHS,,,24.0,41.0,1.0
BGD,Khulna,1723742,Neonatal mortality rate,25.0,0,BD,Bangladesh,2017,BD2017DHS,CM_ECMR_C_NNR,63206010,I,360006,1360060,Region,Khulna,14003,Ten years preceding the survey,0,1,CMECMRCNNR,BDDHS2017360006,2017-18,DHS,,,18.0,33.0,1.0
BGD,Rajshahi/Rangpur,7723039,Neonatal mortality rate,35.0,0,BD,Bangladesh,2017,BD2017DHS,CM_ECMR_C_NNR,63206010,I,360007,1360070,Region,Rajshahi/Rangpur,14003,Ten years preceding the survey,0,1,CMECMRCNNR,BDDHS2017360007,2017-18,DHS,,,29.0,42.0,
BGD,Rangpur,7789156,Neonatal mortality rate,37.0,0,BD,Bangladesh,2017,BD2017DHS,CM_ECMR_C_NNR,63206010,I,360008,1360080,Region,..Rangpur,14003,Ten years preceding the survey,0,1,CMECMRCNNR,BDDHS2017360008,2017-18,DHS,,,27.0,48.0,1.0
BGD,Rajshahi,7930664,Neonatal mortality rate,33.0,0,BD,Bangladesh,2017,BD2017DHS,CM_ECMR_C_NNR,63206010,I,360009,1360090,Region,..Rajshahi,14003,Ten years preceding the survey,0,1,CMECMRCNNR,BDDHS2017360009,2017-18,DHS,,,26.0,40.0,1.0
BGD,Barishal,7809698,Postneonatal mortality rate,13.0,0,BD,Bangladesh,2017,BD2017DHS,CM_ECMR_C_PNR,63206020,I,360001,1360010,Region,Barishal,14003,Ten years preceding the survey,0,1,CMECMRCPNR,BDDHS2017360001,2017-18,DHS,,,7.0,18.0,1.0
BGD,Chattogram/Sylhet,1730102,Postneonatal mortality rate,9.0,0,BD,Bangladesh,2017,BD2017DHS,CM_ECMR_C_PNR,63206020,I,360002,1360020,Region,Chattogram/Sylhet,14003,Ten years preceding the survey,0,1,CMECMRCPNR,BDDHS2017360002,2017-18,DHS,,,6.0,12.0,
BGD,Chattogram,7866416,Postneonatal mortality rate,5.0,0,BD,Bangladesh,2017,BD2017DHS,CM_ECMR_C_PNR,63206020,I,360003,1360030,Region,..Chattogram,14003,Ten years preceding the survey,0,1,CMECMRCPNR,BDDHS2017360003,2017-18,DHS,,,2.0,8.0,1.0
BGD,Sylhet,7960935,Postneonatal mortality rate,20.0,0,BD,Bangladesh,2017,BD2017DHS,CM_ECMR_C_PNR,63206020,I,360004,1360040,Region,..Sylhet,14003,Ten years preceding the survey,0,1,CMECMRCPNR,BDDHS2017360004,2017-18,DHS,,,14.0,26.0,1.0
BGD,Dhaka before 2015,7916832,Postneonatal mortality rate,8.0,0,BD,Bangladesh,2017,BD2017DHS,CM_ECMR_C_PNR,63206020,I,360005,1360050,Region,Dhaka before 2015,14003,Ten years preceding the survey,0,1,CMECMRCPNR,BDDHS2017360005,2017-18,DHS,,,6.0,11.0,
BGD,Dhaka,7537354,Postneonatal mortality rate,8.0,0,BD,Bangladesh,2017,BD2017DHS,CM_ECMR_C_PNR,63206020,I,360010,1360052,Region,..Dhaka,14003,Ten years preceding the survey,0,1,CMECMRCPNR,BDDHS2017360010,2017-18,DHS,,,4.0,11.0,1.0
BGD,Mymensingh,7704627,Postneonatal mortality rate,11.0,0,BD,Bangladesh,2017,BD2017DHS,CM_ECMR_C_PNR,63206020,I,360011,1360055,Region,..Mymensingh,14003,Ten years preceding the survey,0,1,CMECMRCPNR,BDDHS2017360011,2017-18,DHS,,,7.0,16.0,1.0
BGD,Khulna,7694349,Postneonatal mortality rate,9.0,0,BD,Bangladesh,2017,BD2017DHS,CM_ECMR_C_PNR,63206020,I,360006,1360060,Region,Khulna,14003,Ten years preceding the survey,0,1,CMECMRCPNR,BDDHS2017360006,2017-18,DHS,,,4.0,13.0,1.0
BGD,Rajshahi/Rangpur,5394933,Postneonatal mortality rate,8.0,0,BD,Bangladesh,2017,BD2017DHS,CM_ECMR_C_PNR,63206020,I,360007,1360070,Region,Rajshahi/Rangpur,14003,Ten years preceding the survey,0,1,CMECMRCPNR,BDDHS2017360007,2017-18,DHS,,,5.0,10.0,
BGD,Rangpur,7761567,Postneonatal mortality rate,7.0,0,BD,Bangladesh,2017,BD2017DHS,CM_ECMR_C_PNR,63206020,I,360008,1360080,Region,..Rangpur,14003,Ten years preceding the survey,0,1,CMECMRCPNR,BDDHS2017360008,2017-18,DHS,,,3.0,10.0,1.0
BGD,Rajshahi,1741412,Postneonatal mortality rate,9.0,0,BD,Bangladesh,2017,BD2017DHS,CM_ECMR_C_PNR,63206020,I,360009,1360090,Region,..Rajshahi,14003,Ten years preceding the survey,0,1,CMECMRCPNR,BDDHS2017360009,2017-18,DHS,,,4.0,13.0,1.0
BGD,Barishal,1736457,Infant mortality rate,39.0,0,BD,Bangladesh,2017,BD2017DHS,CM_ECMR_C_IMR,63206030,I,360001,1360010,Region,Barishal,14003,Ten years preceding the survey,0,1,CMECMRCIMR,BDDHS2017360001,2017-18,DHS,,,31.0,48.0,1.0
BGD,Chattogram/Sylhet,7432282,Infant mortality rate,41.0,0,BD,Bangladesh,2017,BD2017DHS,CM_ECMR_C_IMR,63206030,I,360002,1360020,Region,Chattogram/Sylhet,14003,Ten years preceding the survey,0,1,CMECMRCIMR,BDDHS2017360002,2017-18,DHS,,,34.0,47.0,
BGD,Chattogram,7507558,Infant mortality rate,35.0,0,BD,Bangladesh,2017,BD2017DHS,CM_ECMR_C_IMR,63206030,I,360003,1360030,Region,..Chattogram,14003,Ten years preceding the survey,0,1,CMECMRCIMR,BDDHS2017360003,2017-18,DHS,,,27.0,43.0,1.0
BGD,Sylhet,7897759,Infant mortality rate,54.0,0,BD,Bangladesh,2017,BD2017DHS,CM_ECMR_C_IMR,63206030,I,360004,1360040,Region,..Sylhet,14003,Ten years preceding the survey,0,1,CMECMRCIMR,BDDHS2017360004,2017-18,DHS,,,46.0,63.0,1.0
BGD,Dhaka before 2015,1730150,Infant mortality rate,41.0,0,BD,Bangladesh,2017,BD2017DHS,CM_ECMR_C_IMR,63206030,I,360005,1360050,Region,Dhaka before 2015,14003,Ten years preceding the survey,0,1,CMECMRCIMR,BDDHS2017360005,2017-18,DHS,,,34.0,49.0,
BGD,Dhaka,1730071,Infant mortality rate,41.0,0,BD,Bangladesh,2017,BD2017DHS,CM_ECMR_C_IMR,63206030,I,360010,1360052,Region,..Dhaka,14003,Ten years preceding the survey,0,1,CMECMRCIMR,BDDHS2017360010,2017-18,DHS,,,32.0,50.0,1.0
BGD,Mymensingh,7897723,Infant mortality rate,43.0,0,BD,Bangladesh,2017,BD2017DHS,CM_ECMR_C_IMR,63206030,I,360011,1360055,Region,..Mymensingh,14003,Ten years preceding the survey,0,1,CMECMRCIMR,BDDHS2017360011,2017-18,DHS,,,35.0,52.0,1.0
BGD,Khulna,7777852,Infant mortality rate,34.0,0,BD,Bangladesh,2017,BD2017DHS,CM_ECMR_C_IMR,63206030,I,360006,1360060,Region,Khulna,14003,Ten years preceding the survey,0,1,CMECMRCIMR,BDDHS2017360006,2017-18,DHS,,,25.0,43.0,1.0
BGD,Rajshahi/Rangpur,7575580,Infant mortality rate,43.0,0,BD,Bangladesh,2017,BD2017DHS,CM_ECMR_C_IMR,63206030,I,360007,1360070,Region,Rajshahi/Rangpur,14003,Ten years preceding the survey,0,1,CMECMRCIMR,BDDHS2017360007,2017-18,DHS,,,36.0,50.0,
BGD,Rangpur,7743706,Infant mortality rate,44.0,0,BD,Bangladesh,2017,BD2017DHS,CM_ECMR_C_IMR,63206030,I,360008,1360080,Region,..Rangpur,14003,Ten years preceding the survey,0,1,CMECMRCIMR,BDDHS2017360008,2017-18,DHS,,,33.0,55.0,1.0
BGD,Rajshahi,7718446,Infant mortality rate,41.0,0,BD,Bangladesh,2017,BD2017DHS,CM_ECMR_C_IMR,63206030,I,360009,1360090,Region,..Rajshahi,14003,Ten years preceding the survey,0,1,CMECMRCIMR,BDDHS2017360009,2017-18,DHS,,,32.0,51.0,1.0
BGD,Barishal,7623851,Child mortality rate,12.0,0,BD,Bangladesh,2017,BD2017DHS,CM_ECMR_C_CMR,63206040,I,360001,1360010,Region,Barishal,14003,Ten years preceding the survey,0,1,CMECMRCCMR,BDDHS2017360001,2017-18,DHS,,,8.0,16.0,1.0
BGD,Chattogram/Sylhet,7782599,Child mortality rate,11.0,0,BD,Bangladesh,2017,BD2017DHS,CM_ECMR_C_CMR,63206040,I,360002,1360020,Region,Chattogram/Sylhet,14003,Ten years preceding the survey,0,1,CMECMRCCMR,BDDHS2017360002,2017-18,DHS,,,8.0,14.0,
BGD,Chattogram,7559565,Child mortality rate,11.0,0,BD,Bangladesh,2017,BD2017DHS,CM_ECMR_C_CMR,63206040,I,360003,1360030,Region,..Chattogram,14003,Ten years preceding the survey,0,1,CMECMRCCMR,BDDHS2017360003,2017-18,DHS,,,7.0,15.0,1.0
BGD,Sylhet,7898544,Child mortality rate,9.0,0,BD,Bangladesh,2017,BD2017DHS,CM_ECMR_C_CMR,63206040,I,360004,1360040,Region,..Sylhet,14003,Ten years preceding the survey,0,1,CMECMRCCMR,BDDHS2017360004,2017-18,DHS,,,6.0,13.0,1.0
BGD,Dhaka before 2015,7679511,Child mortality rate,7.0,0,BD,Bangladesh,2017,BD2017DHS,CM_ECMR_C_CMR,63206040,I,360005,1360050,Region,Dhaka before 2015,14003,Ten years preceding the survey,0,1,CMECMRCCMR,BDDHS2017360005,2017-18,DHS,,,5.0,10.0,
BGD,Dhaka,7543660,Child mortality rate,7.0,0,BD,Bangladesh,2017,BD2017DHS,CM_ECMR_C_CMR,63206040,I,360010,1360052,Region,..Dhaka,14003,Ten years preceding the survey,0,1,CMECMRCCMR,BDDHS2017360010,2017-18,DHS,,,4.0,11.0,1.0
BGD,Mymensingh,7729999,Child mortality rate,8.0,0,BD,Bangladesh,2017,BD2017DHS,CM_ECMR_C_CMR,63206040,I,360011,1360055,Region,..Mymensingh,14003,Ten years preceding the survey,0,1,CMECMRCCMR,BDDHS2017360011,2017-18,DHS,,,4.0,12.0,1.0
BGD,Khulna,7633683,Child mortality rate,4.0,0,BD,Bangladesh,2017,BD2017DHS,CM_ECMR_C_CMR,63206040,I,360006,1360060,Region,Khulna,14003,Ten years preceding the survey,0,1,CMECMRCCMR,BDDHS2017360006,2017-18,DHS,,,1.0,7.0,1.0
BGD,Rajshahi/Rangpur,7904632,Child mortality rate,7.0,0,BD,Bangladesh,2017,BD2017DHS,CM_ECMR_C_CMR,63206040,I,360007,1360070,Region,Rajshahi/Rangpur,14003,Ten years preceding the survey,0,1,CMECMRCCMR,BDDHS2017360007,2017-18,DHS,,,5.0,10.0,
BGD,Rangpur,7627453,Child mortality rate,3.0,0,BD,Bangladesh,2017,BD2017DHS,CM_ECMR_C_CMR,63206040,I,360008,1360080,Region,..Rangpur,14003,Ten years preceding the survey,0,1,CMECMRCCMR,BDDHS2017360008,2017-18,DHS,,,1.0,6.0,1.0
BGD,Rajshahi,7886163,Child mortality rate,11.0,0,BD,Bangladesh,2017,BD2017DHS,CM_ECMR_C_CMR,63206040,I,360009,1360090,Region,..Rajshahi,14003,Ten years preceding the survey,0,1,CMECMRCCMR,BDDHS2017360009,2017-18,DHS,,,7.0,15.0,1.0
BGD,Barishal,1736425,Under-five mortality rate,51.0,0,BD,Bangladesh,2017,BD2017DHS,CM_ECMR_C_U5M,63206050,I,360001,1360010,Region,Barishal,14003,Ten years preceding the survey,0,1,CMECMRCU5M,BDDHS2017360001,2017-18,DHS,,,41.0,61.0,1.0
BGD,Chattogram/Sylhet,1730082,Under-five mortality rate,51.0,0,BD,Bangladesh,2017,BD2017DHS,CM_ECMR_C_U5M,63206050,I,360002,1360020,Region,Chattogram/Sylhet,14003,Ten years preceding the survey,0,1,CMECMRCU5M,BDDHS2017360002,2017-18,DHS,,,43.0,58.0,
BGD,Chattogram,7446288,Under-five mortality rate,46.0,0,BD,Bangladesh,2017,BD2017DHS,CM_ECMR_C_U5M,63206050,I,360003,1360030,Region,..Chattogram,14003,Ten years preceding the survey,0,1,CMECMRCU5M,BDDHS2017360003,2017-18,DHS,,,36.0,56.0,1.0
BGD,Sylhet,1736573,Under-five mortality rate,63.0,0,BD,Bangladesh,2017,BD2017DHS,CM_ECMR_C_U5M,63206050,I,360004,1360040,Region,..Sylhet,14003,Ten years preceding the survey,0,1,CMECMRCU5M,BDDHS2017360004,2017-18,DHS,,,54.0,73.0,1.0
BGD,Dhaka before 2015,7978052,Under-five mortality rate,49.0,0,BD,Bangladesh,2017,BD2017DHS,CM_ECMR_C_U5M,63206050,I,360005,1360050,Region,Dhaka before 2015,14003,Ten years preceding the survey,0,1,CMECMRCU5M,BDDHS2017360005,2017-18,DHS,,,41.0,56.0,
BGD,Dhaka,7782627,Under-five mortality rate,48.0,0,BD,Bangladesh,2017,BD2017DHS,CM_ECMR_C_U5M,63206050,I,360010,1360052,Region,..Dhaka,14003,Ten years preceding the survey,0,1,CMECMRCU5M,BDDHS2017360010,2017-18,DHS,,,38.0,57.0,1.0
BGD,Mymensingh,1736577,Under-five mortality rate,51.0,0,BD,Bangladesh,2017,BD2017DHS,CM_ECMR_C_U5M,63206050,I,360011,1360055,Region,..Mymensingh,14003,Ten years preceding the survey,0,1,CMECMRCU5M,BDDHS2017360011,2017-18,DHS,,,42.0,60.0,1.0
BGD,Khulna,1723848,Under-five mortality rate,38.0,0,BD,Bangladesh,2017,BD2017DHS,CM_ECMR_C_U5M,63206050,I,360006,1360060,Region,Khulna,14003,Ten years preceding the survey,0,1,CMECMRCU5M,BDDHS2017360006,2017-18,DHS,,,29.0,47.0,1.0
BGD,Rajshahi/Rangpur,7749512,Under-five mortality rate,50.0,0,BD,Bangladesh,2017,BD2017DHS,CM_ECMR_C_U5M,63206050,I,360007,1360070,Region,Rajshahi/Rangpur,14003,Ten years preceding the survey,0,1,CMECMRCU5M,BDDHS2017360007,2017-18,DHS,,,42.0,57.0,
BGD,Rangpur,7618847,Under-five mortality rate,47.0,0,BD,Bangladesh,2017,BD2017DHS,CM_ECMR_C_U5M,63206050,I,360008,1360080,Region,..Rangpur,14003,Ten years preceding the survey,0,1,CMECMRCU5M,BDDHS2017360008,2017-18,DHS,,,36.0,59.0,1.0
BGD,Rajshahi,7877644,Under-five mortality rate,52.0,0,BD,Bangladesh,2017,BD2017DHS,CM_ECMR_C_U5M,63206050,I,360009,1360090,Region,..Rajshahi,14003,Ten years preceding the survey,0,1,CMECMRCU5M,BDDHS2017360009,2017-18,DHS,,,42.0,62.0,1.0
BGD,Barishal,6576157,Antenatal care from a skilled provider,76.5,1,BD,Bangladesh,2017,BD2017DHS,RH_ANCP_W_SKP,83363120,I,360001,1360010,Region,Barishal,14000,Three years preceding the survey,0,0,RHANCPWSKP,BDDHS2017360001,2017-18,DHS,288.0,533.0,,,1.0
BGD,Barishal,328471,Antenatal care from a skilled provider,77.6,1,BD,Bangladesh,2017,BD2017DHS,RH_ANCP_W_SKP,83363120,I,360001,1360010,Region,Barishal,14002,Two years preceding the survey,0,1,RHANCPWSKP,BDDHS2017360001,2017-18,DHS,208.0,387.0,,,1.0
BGD,Chattogram/Sylhet,2206552,Antenatal care from a skilled provider,80.1,1,BD,Bangladesh,2017,BD2017DHS,RH_ANCP_W_SKP,83363120,I,360002,1360020,Region,Chattogram/Sylhet,14000,Three years preceding the survey,0,0,RHANCPWSKP,BDDHS2017360002,2017-18,DHS,1454.0,1525.0,,,
BGD,Chattogram/Sylhet,2206570,Antenatal care from a skilled provider,79.3,1,BD,Bangladesh,2017,BD2017DHS,RH_ANCP_W_SKP,83363120,I,360002,1360020,Region,Chattogram/Sylhet,14002,Two years preceding the survey,0,1,RHANCPWSKP,BDDHS2017360002,2017-18,DHS,1016.0,1069.0,,,
BGD,Chattogram,6430451,Antenatal care from a skilled provider,83.2,1,BD,Bangladesh,2017,BD2017DHS,RH_ANCP_W_SKP,83363120,I,360003,1360030,Region,..Chattogram,14000,Three years preceding the survey,0,0,RHANCPWSKP,BDDHS2017360003,2017-18,DHS,1071.0,835.0,,,1.0
BGD,Chattogram,6985218,Antenatal care from a skilled provider,82.8,1,BD,Bangladesh,2017,BD2017DHS,RH_ANCP_W_SKP,83363120,I,360003,1360030,Region,..Chattogram,14002,Two years preceding the survey,0,1,RHANCPWSKP,BDDHS2017360003,2017-18,DHS,738.0,575.0,,,1.0
BGD,Sylhet,4104757,Antenatal care from a skilled provider,71.4,1,BD,Bangladesh,2017,BD2017DHS,RH_ANCP_W_SKP,83363120,I,360004,1360040,Region,..Sylhet,14000,Three years preceding the survey,0,0,RHANCPWSKP,BDDHS2017360004,2017-18,DHS,383.0,690.0,,,1.0
BGD,Sylhet,7796382,Antenatal care from a skilled provider,69.9,1,BD,Bangladesh,2017,BD2017DHS,RH_ANCP_W_SKP,83363120,I,360004,1360040,Region,..Sylhet,14002,Two years preceding the survey,0,1,RHANCPWSKP,BDDHS2017360004,2017-18,DHS,278.0,494.0,,,1.0
BGD,Dhaka before 2015,4594460,Antenatal care from a skilled provider,83.3,1,BD,Bangladesh,2017,BD2017DHS,RH_ANCP_W_SKP,83363120,I,360005,1360050,Region,Dhaka before 2015,14000,Three years preceding the survey,0,0,RHANCPWSKP,BDDHS2017360005,2017-18,DHS,1724.0,1344.0,,,
BGD,Dhaka before 2015,6626690,Antenatal care from a skilled provider,84.4,1,BD,Bangladesh,2017,BD2017DHS,RH_ANCP_W_SKP,83363120,I,360005,1360050,Region,Dhaka before 2015,14002,Two years preceding the survey,0,1,RHANCPWSKP,BDDHS2017360005,2017-18,DHS,1185.0,926.0,,,
BGD,Dhaka,7935216,Antenatal care from a skilled provider,87.0,1,BD,Bangladesh,2017,BD2017DHS,RH_ANCP_W_SKP,83363120,I,360010,1360052,Region,..Dhaka,14000,Three years preceding the survey,0,0,RHANCPWSKP,BDDHS2017360010,2017-18,DHS,1293.0,741.0,,,1.0
BGD,Dhaka,4827792,Antenatal care from a skilled provider,87.8,1,BD,Bangladesh,2017,BD2017DHS,RH_ANCP_W_SKP,83363120,I,360010,1360052,Region,..Dhaka,14002,Two years preceding the survey,0,1,RHANCPWSKP,BDDHS2017360010,2017-18,DHS,887.0,508.0,,,1.0
BGD,Mymensingh,7060242,Antenatal care from a skilled provider,72.2,1,BD,Bangladesh,2017,BD2017DHS,RH_ANCP_W_SKP,83363120,I,360011,1360055,Region,..Mymensingh,14000,Three years preceding the survey,0,0,RHANCPWSKP,BDDHS2017360011,2017-18,DHS,431.0,603.0,,,1.0
BGD,Mymensingh,983885,Antenatal care from a skilled provider,74.2,1,BD,Bangladesh,2017,BD2017DHS,RH_ANCP_W_SKP,83363120,I,360011,1360055,Region,..Mymensingh,14002,Two years preceding the survey,0,1,RHANCPWSKP,BDDHS2017360011,2017-18,DHS,298.0,418.0,,,1.0
BGD,Khulna,4676084,Antenatal care from a skilled provider,90.7,1,BD,Bangladesh,2017,BD2017DHS,RH_ANCP_W_SKP,83363120,I,360006,1360060,Region,Khulna,14000,Three years preceding the survey,0,0,RHANCPWSKP,BDDHS2017360006,2017-18,DHS,464.0,524.0,,,1.0
BGD,Khulna,6530198,Antenatal care from a skilled provider,90.7,1,BD,Bangladesh,2017,BD2017DHS,RH_ANCP_W_SKP,83363120,I,360006,1360060,Region,Khulna,14002,Two years preceding the survey,0,1,RHANCPWSKP,BDDHS2017360006,2017-18,DHS,322.0,362.0,,,1.0
BGD,Rajshahi/Rangpur,977603,Antenatal care from a skilled provider,79.8,1,BD,Bangladesh,2017,BD2017DHS,RH_ANCP_W_SKP,83363120,I,360007,1360070,Region,Rajshahi/Rangpur,14000,Three years preceding the survey,0,0,RHANCPWSKP,BDDHS2017360007,2017-18,DHS,1121.0,1086.0,,,
BGD,Rajshahi/Rangpur,6072545,Antenatal care from a skilled provider,80.1,1,BD,Bangladesh,2017,BD2017DHS,RH_ANCP_W_SKP,83363120,I,360007,1360070,Region,Rajshahi/Rangpur,14002,Two years preceding the survey,0,1,RHANCPWSKP,BDDHS2017360007,2017-18,DHS,766.0,746.0,,,
BGD,Rangpur,3503172,Antenatal care from a skilled provider,74.6,1,BD,Bangladesh,2017,BD2017DHS,RH_ANCP_W_SKP,83363120,I,360008,1360080,Region,..Rangpur,14000,Three years preceding the survey,0,0,RHANCPWSKP,BDDHS2017360008,2017-18,DHS,534.0,559.0,,,1.0
BGD,Rangpur,5556339,Antenatal care from a skilled provider,75.1,1,BD,Bangladesh,2017,BD2017DHS,RH_ANCP_W_SKP,83363120,I,360008,1360080,Region,..Rangpur,14002,Two years preceding the survey,0,1,RHANCPWSKP,BDDHS2017360008,2017-18,DHS,379.0,394.0,,,1.0
BGD,Rajshahi,2222676,Antenatal care from a skilled provider,84.5,1,BD,Bangladesh,2017,BD2017DHS,RH_ANCP_W_SKP,83363120,I,360009,1360090,Region,..Rajshahi,14000,Three years preceding the survey,0,0,RHANCPWSKP,BDDHS2017360009,2017-18,DHS,587.0,527.0,,,1.0
BGD,Rajshahi,4508446,Antenatal care from a skilled provider,85.0,1,BD,Bangladesh,2017,BD2017DHS,RH_ANCP_W_SKP,83363120,I,360009,1360090,Region,..Rajshahi,14002,Two years preceding the survey,0,1,RHANCPWSKP,BDDHS2017360009,2017-18,DHS,387.0,352.0,,,1.0
BGD,Barishal,4941777,Antenatal visits for pregnancy: 4+ visits,37.9,1,BD,Bangladesh,2017,BD2017DHS,RH_ANCN_W_N4P,83403040,I,360001,1360010,Region,Barishal,14000,Three years preceding the survey,0,0,RHANCNWN4P,BDDHS2017360001,2017-18,DHS,288.0,533.0,,,1.0
BGD,Barishal,4277852,Antenatal visits for pregnancy: 4+ visits,36.1,1,BD,Bangladesh,2017,BD2017DHS,RH_ANCN_W_N4P,83403040,I,360001,1360010,Region,Barishal,14002,Two years preceding the survey,0,1,RHANCNWN4P,BDDHS2017360001,2017-18,DHS,208.0,387.0,,,1.0
BGD,Chattogram/Sylhet,2206590,Antenatal visits for pregnancy: 4+ visits,37.5,1,BD,Bangladesh,2017,BD2017DHS,RH_ANCN_W_N4P,83403040,I,360002,1360020,Region,Chattogram/Sylhet,14000,Three years preceding the survey,0,0,RHANCNWN4P,BDDHS2017360002,2017-18,DHS,1454.0,1525.0,,,
BGD,Chattogram/Sylhet,7151820,Antenatal visits for pregnancy: 4+ visits,37.1,1,BD,Bangladesh,2017,BD2017DHS,RH_ANCN_W_N4P,83403040,I,360002,1360020,Region,Chattogram/Sylhet,14002,Two years preceding the survey,0,1,RHANCNWN4P,BDDHS2017360002,2017-18,DHS,1016.0,1069.0,,,
BGD,Chattogram,6233483,Antenatal visits for pregnancy: 4+ visits,38.6,1,BD,Bangladesh,2017,BD2017DHS,RH_ANCN_W_N4P,83403040,I,360003,1360030,Region,..Chattogram,14000,Three years preceding the survey,0,0,RHANCNWN4P,BDDHS2017360003,2017-18,DHS,1071.0,835.0,,,1.0
BGD,Chattogram,5657488,Antenatal visits for pregnancy: 4+ visits,38.0,1,BD,Bangladesh,2017,BD2017DHS,RH_ANCN_W_N4P,83403040,I,360003,1360030,Region,..Chattogram,14002,Two years preceding the survey,0,1,RHANCNWN4P,BDDHS2017360003,2017-18,DHS,738.0,575.0,,,1.0
BGD,Sylhet,5983632,Antenatal visits for pregnancy: 4+ visits,34.6,1,BD,Bangladesh,2017,BD2017DHS,RH_ANCN_W_N4P,83403040,I,360004,1360040,Region,..Sylhet,14000,Three years preceding the survey,0,0,RHANCNWN4P,BDDHS2017360004,2017-18,DHS,383.0,690.0,,,1.0
BGD,Sylhet,7797281,Antenatal visits for pregnancy: 4+ visits,34.9,1,BD,Bangladesh,2017,BD2017DHS,RH_ANCN_W_N4P,83403040,I,360004,1360040,Region,..Sylhet,14002,Two years preceding the survey,0,1,RHANCNWN4P,BDDHS2017360004,2017-18,DHS,278.0,494.0,,,1.0
BGD,Dhaka before 2015,6139215,Antenatal visits for pregnancy: 4+ visits,49.7,1,BD,Bangladesh,2017,BD2017DHS,RH_ANCN_W_N4P,83403040,I,360005,1360050,Region,Dhaka before 2015,14000,Three years preceding the survey,0,0,RHANCNWN4P,BDDHS2017360005,2017-18,DHS,1724.0,1344.0,,,
BGD,Dhaka before 2015,3280639,Antenatal visits for pregnancy: 4+ visits,48.6,1,BD,Bangladesh,2017,BD2017DHS,RH_ANCN_W_N4P,83403040,I,360005,1360050,Region,Dhaka before 2015,14002,Two years preceding the survey,0,1,RHANCNWN4P,BDDHS2017360005,2017-18,DHS,1185.0,926.0,,,
BGD,Dhaka,7935980,Antenatal visits for pregnancy: 4+ visits,51.2,1,BD,Bangladesh,2017,BD2017DHS,RH_ANCN_W_N4P,83403040,I,360010,1360052,Region,..Dhaka,14000,Three years preceding the survey,0,0,RHANCNWN4P,BDDHS2017360010,2017-18,DHS,1293.0,741.0,,,1.0
BGD,Dhaka,159736,Antenatal visits for pregnancy: 4+ visits,51.0,1,BD,Bangladesh,2017,BD2017DHS,RH_ANCN_W_N4P,83403040,I,360010,1360052,Region,..Dhaka,14002,Two years preceding the survey,0,1,RHANCNWN4P,BDDHS2017360010,2017-18,DHS,887.0,508.0,,,1.0
BGD,Mymensingh,3254751,Antenatal visits for pregnancy: 4+ visits,45.4,1,BD,Bangladesh,2017,BD2017DHS,RH_ANCN_W_N4P,83403040,I,360011,1360055,Region,..Mymensingh,14000,Three years preceding the survey,0,0,RHANCNWN4P,BDDHS2017360011,2017-18,DHS,431.0,603.0,,,1.0
BGD,Mymensingh,2212438,Antenatal visits for pregnancy: 4+ visits,41.2,1,BD,Bangladesh,2017,BD2017DHS,RH_ANCN_W_N4P,83403040,I,360011,1360055,Region,..Mymensingh,14002,Two years preceding the survey,0,1,RHANCNWN4P,BDDHS2017360011,2017-18,DHS,298.0,418.0,,,1.0
BGD,Khulna,4986072,Antenatal visits for pregnancy: 4+ visits,57.0,1,BD,Bangladesh,2017,BD2017DHS,RH_ANCN_W_N4P,83403040,I,360006,1360060,Region,Khulna,14000,Three years preceding the survey,0,0,RHANCNWN4P,BDDHS2017360006,2017-18,DHS,464.0,524.0,,,1.0
BGD,Khulna,2218623,Antenatal visits for pregnancy: 4+ visits,55.3,1,BD,Bangladesh,2017,BD2017DHS,RH_ANCN_W_N4P,83403040,I,360006,1360060,Region,Khulna,14002,Two years preceding the survey,0,1,RHANCNWN4P,BDDHS2017360006,2017-18,DHS,322.0,362.0,,,1.0
BGD,Rajshahi/Rangpur,4236206,Antenatal visits for pregnancy: 4+ visits,53.3,1,BD,Bangladesh,2017,BD2017DHS,RH_ANCN_W_N4P,83403040,I,360007,1360070,Region,Rajshahi/Rangpur,14000,Three years preceding the survey,0,0,RHANCNWN4P,BDDHS2017360007,2017-18,DHS,1121.0,1086.0,,,
BGD,Rajshahi/Rangpur,6334463,Antenatal visits for pregnancy: 4+ visits,51.6,1,BD,Bangladesh,2017,BD2017DHS,RH_ANCN_W_N4P,83403040,I,360007,1360070,Region,Rajshahi/Rangpur,14002,Two years preceding the survey,0,1,RHANCNWN4P,BDDHS2017360007,2017-18,DHS,766.0,746.0,,,
BGD,Rangpur,2564961,Antenatal visits for pregnancy: 4+ visits,59.2,1,BD,Bangladesh,2017,BD2017DHS,RH_ANCN_W_N4P,83403040,I,360008,1360080,Region,..Rangpur,14000,Three years preceding the survey,0,0,RHANCNWN4P,BDDHS2017360008,2017-18,DHS,534.0,559.0,,,1.0
BGD,Rangpur,5996922,Antenatal visits for pregnancy: 4+ visits,56.1,1,BD,Bangladesh,2017,BD2017DHS,RH_ANCN_W_N4P,83403040,I,360008,1360080,Region,..Rangpur,14002,Two years preceding the survey,0,1,RHANCNWN4P,BDDHS2017360008,2017-18,DHS,379.0,394.0,,,1.0
BGD,Rajshahi,2970121,Antenatal visits for pregnancy: 4+ visits,47.9,1,BD,Bangladesh,2017,BD2017DHS,RH_ANCN_W_N4P,83403040,I,360009,1360090,Region,..Rajshahi,14000,Three years preceding the survey,0,0,RHANCNWN4P,BDDHS2017360009,2017-18,DHS,587.0,527.0,,,1.0
BGD,Rajshahi,2933016,Antenatal visits for pregnancy: 4+ visits,47.1,1,BD,Bangladesh,2017,BD2017DHS,RH_ANCN_W_N4P,83403040,I,360009,1360090,Region,..Rajshahi,14002,Two years preceding the survey,0,1,RHANCNWN4P,BDDHS2017360009,2017-18,DHS,387.0,352.0,,,1.0
BGD,Barishal,5546488,Place of delivery: Health facility,38.8,1,BD,Bangladesh,2017,BD2017DHS,RH_DELP_C_DHF,83566070,I,360001,1360010,Region,Barishal,14000,Three years preceding the survey,0,0,RHDELPCDHF,BDDHS2017360001,2017-18,DHS,303.0,561.0,,,1.0
BGD,Barishal,3642067,Place of delivery: Health facility,42.2,1,BD,Bangladesh,2017,BD2017DHS,RH_DELP_C_DHF,83566070,I,360001,1360010,Region,Barishal,14002,Two years preceding the survey,0,1,RHDELPCDHF,BDDHS2017360001,2017-18,DHS,214.0,395.0,,,1.0
BGD,Chattogram/Sylhet,6483052,Place of delivery: Health facility,43.9,1,BD,Bangladesh,2017,BD2017DHS,RH_DELP_C_DHF,83566070,I,360002,1360020,Region,Chattogram/Sylhet,14000,Three years preceding the survey,0,0,RHDELPCDHF,BDDHS2017360002,2017-18,DHS,1567.0,1652.0,,,
BGD,Chattogram/Sylhet,6836395,Place of delivery: Health facility,46.3,1,BD,Bangladesh,2017,BD2017DHS,RH_DELP_C_DHF,83566070,I,360002,1360020,Region,Chattogram/Sylhet,14002,Two years preceding the survey,0,1,RHDELPCDHF,BDDHS2017360002,2017-18,DHS,1043.0,1102.0,,,
BGD,Chattogram,4965821,Place of delivery: Health facility,46.0,1,BD,Bangladesh,2017,BD2017DHS,RH_DELP_C_DHF,83566070,I,360003,1360030,Region,..Chattogram,14000,Three years preceding the survey,0,0,RHDELPCDHF,BDDHS2017360003,2017-18,DHS,1141.0,890.0,,,1.0
BGD,Chattogram,3784958,Place of delivery: Health facility,48.0,1,BD,Bangladesh,2017,BD2017DHS,RH_DELP_C_DHF,83566070,I,360003,1360030,Region,..Chattogram,14002,Two years preceding the survey,0,1,RHDELPCDHF,BDDHS2017360003,2017-18,DHS,754.0,588.0,,,1.0
BGD,Sylhet,5125523,Place of delivery: Health facility,38.1,1,BD,Bangladesh,2017,BD2017DHS,RH_DELP_C_DHF,83566070,I,360004,1360040,Region,..Sylhet,14000,Three years preceding the survey,0,0,RHDELPCDHF,BDDHS2017360004,2017-18,DHS,425.0,762.0,,,1.0
BGD,Sylhet,7794044,Place of delivery: Health facility,41.9,1,BD,Bangladesh,2017,BD2017DHS,RH_DELP_C_DHF,83566070,I,360004,1360040,Region,..Sylhet,14002,Two years preceding the survey,0,1,RHDELPCDHF,BDDHS2017360004,2017-18,DHS,289.0,514.0,,,1.0
BGD,Dhaka before 2015,5029984,Place of delivery: Health facility,52.3,1,BD,Bangladesh,2017,BD2017DHS,RH_DELP_C_DHF,83566070,I,360005,1360050,Region,Dhaka before 2015,14000,Three years preceding the survey,0,0,RHDELPCDHF,BDDHS2017360005,2017-18,DHS,1809.0,1412.0,,,
BGD,Dhaka before 2015,2206703,Place of delivery: Health facility,52.3,1,BD,Bangladesh,2017,BD2017DHS,RH_DELP_C_DHF,83566070,I,360005,1360050,Region,Dhaka before 2015,14002,Two years preceding the survey,0,1,RHDELPCDHF,BDDHS2017360005,2017-18,DHS,1215.0,949.0,,,
BGD,Dhaka,7935464,Place of delivery: Health facility,56.7,1,BD,Bangladesh,2017,BD2017DHS,RH_DELP_C_DHF,83566070,I,360010,1360052,Region,..Dhaka,14000,Three years preceding the survey,0,0,RHDELPCDHF,BDDHS2017360010,2017-18,DHS,1359.0,779.0,,,1.0
BGD,Dhaka,4422219,Place of delivery: Health facility,57.0,1,BD,Bangladesh,2017,BD2017DHS,RH_DELP_C_DHF,83566070,I,360010,1360052,Region,..Dhaka,14002,Two years preceding the survey,0,1,RHDELPCDHF,BDDHS2017360010,2017-18,DHS,912.0,523.0,,,1.0
BGD,Mymensingh,3672346,Place of delivery: Health facility,39.0,1,BD,Bangladesh,2017,BD2017DHS,RH_DELP_C_DHF,83566070,I,360011,1360055,Region,..Mymensingh,14000,Three years preceding the survey,0,0,RHDELPCDHF,BDDHS2017360011,2017-18,DHS,451.0,633.0,,,1.0
BGD,Mymensingh,6549580,Place of delivery: Health facility,38.1,1,BD,Bangladesh,2017,BD2017DHS,RH_DELP_C_DHF,83566070,I,360011,1360055,Region,..Mymensingh,14002,Two years preceding the survey,0,1,RHDELPCDHF,BDDHS2017360011,2017-18,DHS,303.0,426.0,,,1.0
BGD,Khulna,4210326,Place of delivery: Health facility,60.8,1,BD,Bangladesh,2017,BD2017DHS,RH_DELP_C_DHF,83566070,I,360006,1360060,Region,Khulna,14000,Three years preceding the survey,0,0,RHDELPCDHF,BDDHS2017360006,2017-18,DHS,481.0,545.0,,,1.0
BGD,Khulna,6046615,Place of delivery: Health facility,61.8,1,BD,Bangladesh,2017,BD2017DHS,RH_DELP_C_DHF,83566070,I,360006,1360060,Region,Khulna,14002,Two years preceding the survey,0,1,RHDELPCDHF,BDDHS2017360006,2017-18,DHS,330.0,371.0,,,1.0
BGD,Rajshahi/Rangpur,7403433,Place of delivery: Health facility,50.2,1,BD,Bangladesh,2017,BD2017DHS,RH_DELP_C_DHF,83566070,I,360007,1360070,Region,Rajshahi/Rangpur,14000,Three years preceding the survey,0,0,RHDELPCDHF,BDDHS2017360007,2017-18,DHS,1177.0,1134.0,,,
BGD,Rajshahi/Rangpur,431766,Place of delivery: Health facility,51.4,1,BD,Bangladesh,2017,BD2017DHS,RH_DELP_C_DHF,83566070,I,360007,1360070,Region,Rajshahi/Rangpur,14002,Two years preceding the survey,0,1,RHDELPCDHF,BDDHS2017360007,2017-18,DHS,789.0,764.0,,,
BGD,Rangpur,781346,Place of delivery: Health facility,47.3,1,BD,Bangladesh,2017,BD2017DHS,RH_DELP_C_DHF,83566070,I,360008,1360080,Region,..Rangpur,14000,Three years preceding the survey,0,0,RHDELPCDHF,BDDHS2017360008,2017-18,DHS,555.0,580.0,,,1.0
BGD,Rangpur,2222813,Place of delivery: Health facility,48.2,1,BD,Bangladesh,2017,BD2017DHS,RH_DELP_C_DHF,83566070,I,360008,1360080,Region,..Rangpur,14002,Two years preceding the survey,0,1,RHDELPCDHF,BDDHS2017360008,2017-18,DHS,385.0,399.0,,,1.0
BGD,Rajshahi,2222802,Place of delivery: Health facility,52.8,1,BD,Bangladesh,2017,BD2017DHS,RH_DELP_C_DHF,83566070,I,360009,1360090,Region,..Rajshahi,14000,Three years preceding the survey,0,0,RHDELPCDHF,BDDHS2017360009,2017-18,DHS,622.0,554.0,,,1.0
BGD,Rajshahi,4892522,Place of delivery: Health facility,54.5,1,BD,Bangladesh,2017,BD2017DHS,RH_DELP_C_DHF,83566070,I,360009,1360090,Region,..Rajshahi,14002,Two years preceding the survey,0,1,RHDELPCDHF,BDDHS2017360009,2017-18,DHS,404.0,365.0,,,1.0
BGD,Barishal,786920,Assistance during delivery from a skilled provider,47.1,1,BD,Bangladesh,2017,BD2017DHS,RH_DELA_C_SKP,83606110,I,360001,1360010,Region,Barishal,14000,Three years preceding the survey,0,0,RHDELACSKP,BDDHS2017360001,2017-18,DHS,303.0,561.0,,,1.0
BGD,Barishal,499895,Assistance during delivery from a skilled provider,50.5,1,BD,Bangladesh,2017,BD2017DHS,RH_DELA_C_SKP,83606110,I,360001,1360010,Region,Barishal,14002,Two years preceding the survey,0,1,RHDELACSKP,BDDHS2017360001,2017-18,DHS,214.0,395.0,,,1.0
BGD,Chattogram/Sylhet,6198040,Assistance during delivery from a skilled provider,47.3,1,BD,Bangladesh,2017,BD2017DHS,RH_DELA_C_SKP,83606110,I,360002,1360020,Region,Chattogram/Sylhet,14000,Three years preceding the survey,0,0,RHDELACSKP,BDDHS2017360002,2017-18,DHS,1567.0,1652.0,,,
BGD,Chattogram/Sylhet,2206752,Assistance during delivery from a skilled provider,49.2,1,BD,Bangladesh,2017,BD2017DHS,RH_DELA_C_SKP,83606110,I,360002,1360020,Region,Chattogram/Sylhet,14002,Two years preceding the survey,0,1,RHDELACSKP,BDDHS2017360002,2017-18,DHS,1043.0,1102.0,,,
BGD,Chattogram,5463410,Assistance during delivery from a skilled provider,50.2,1,BD,Bangladesh,2017,BD2017DHS,RH_DELA_C_SKP,83606110,I,360003,1360030,Region,..Chattogram,14000,Three years preceding the survey,0,0,RHDELACSKP,BDDHS2017360003,2017-18,DHS,1141.0,890.0,,,1.0
BGD,Chattogram,3785340,Assistance during delivery from a skilled provider,51.6,1,BD,Bangladesh,2017,BD2017DHS,RH_DELA_C_SKP,83606110,I,360003,1360030,Region,..Chattogram,14002,Two years preceding the survey,0,1,RHDELACSKP,BDDHS2017360003,2017-18,DHS,754.0,588.0,,,1.0
BGD,Sylhet,3754139,Assistance during delivery from a skilled provider,39.3,1,BD,Bangladesh,2017,BD2017DHS,RH_DELA_C_SKP,83606110,I,360004,1360040,Region,..Sylhet,14000,Three years preceding the survey,0,0,RHDELACSKP,BDDHS2017360004,2017-18,DHS,425.0,762.0,,,1.0
BGD,Sylhet,7793676,Assistance during delivery from a skilled provider,42.9,1,BD,Bangladesh,2017,BD2017DHS,RH_DELA_C_SKP,83606110,I,360004,1360040,Region,..Sylhet,14002,Two years preceding the survey,0,1,RHDELACSKP,BDDHS2017360004,2017-18,DHS,289.0,514.0,,,1.0
BGD,Dhaka before 2015,2618968,Assistance during delivery from a skilled provider,55.9,1,BD,Bangladesh,2017,BD2017DHS,RH_DELA_C_SKP,83606110,I,360005,1360050,Region,Dhaka before 2015,14000,Three years preceding the survey,0,0,RHDELACSKP,BDDHS2017360005,2017-18,DHS,1809.0,1412.0,,,
BGD,Dhaka before 2015,3881427,Assistance during delivery from a skilled provider,56.1,1,BD,Bangladesh,2017,BD2017DHS,RH_DELA_C_SKP,83606110,I,360005,1360050,Region,Dhaka before 2015,14002,Two years preceding the survey,0,1,RHDELACSKP,BDDHS2017360005,2017-18,DHS,1215.0,949.0,,,
BGD,Dhaka,7935267,Assistance during delivery from a skilled provider,60.5,1,BD,Bangladesh,2017,BD2017DHS,RH_DELA_C_SKP,83606110,I,360010,1360052,Region,..Dhaka,14000,Three years preceding the survey,0,0,RHDELACSKP,BDDHS2017360010,2017-18,DHS,1359.0,779.0,,,1.0
BGD,Dhaka,4400812,Assistance during delivery from a skilled provider,61.4,1,BD,Bangladesh,2017,BD2017DHS,RH_DELA_C_SKP,83606110,I,360010,1360052,Region,..Dhaka,14002,Two years preceding the survey,0,1,RHDELACSKP,BDDHS2017360010,2017-18,DHS,912.0,523.0,,,1.0
BGD,Mymensingh,85724,Assistance during delivery from a skilled provider,41.8,1,BD,Bangladesh,2017,BD2017DHS,RH_DELA_C_SKP,83606110,I,360011,1360055,Region,..Mymensingh,14000,Three years preceding the survey,0,0,RHDELACSKP,BDDHS2017360011,2017-18,DHS,451.0,633.0,,,1.0
BGD,Mymensingh,6618923,Assistance during delivery from a skilled provider,40.2,1,BD,Bangladesh,2017,BD2017DHS,RH_DELA_C_SKP,83606110,I,360011,1360055,Region,..Mymensingh,14002,Two years preceding the survey,0,1,RHDELACSKP,BDDHS2017360011,2017-18,DHS,303.0,426.0,,,1.0
BGD,Khulna,4478376,Assistance during delivery from a skilled provider,63.6,1,BD,Bangladesh,2017,BD2017DHS,RH_DELA_C_SKP,83606110,I,360006,1360060,Region,Khulna,14000,Three years preceding the survey,0,0,RHDELACSKP,BDDHS2017360006,2017-18,DHS,481.0,545.0,,,1.0
BGD,Khulna,7285022,Assistance during delivery from a skilled provider,64.8,1,BD,Bangladesh,2017,BD2017DHS,RH_DELA_C_SKP,83606110,I,360006,1360060,Region,Khulna,14002,Two years preceding the survey,0,1,RHDELACSKP,BDDHS2017360006,2017-18,DHS,330.0,371.0,,,1.0
BGD,Rajshahi/Rangpur,6583841,Assistance during delivery from a skilled provider,52.1,1,BD,Bangladesh,2017,BD2017DHS,RH_DELA_C_SKP,83606110,I,360007,1360070,Region,Rajshahi/Rangpur,14000,Three years preceding the survey,0,0,RHDELACSKP,BDDHS2017360007,2017-18,DHS,1177.0,1134.0,,,
BGD,Rajshahi/Rangpur,2912499,Assistance during delivery from a skilled provider,53.0,1,BD,Bangladesh,2017,BD2017DHS,RH_DELA_C_SKP,83606110,I,360007,1360070,Region,Rajshahi/Rangpur,14002,Two years preceding the survey,0,1,RHDELACSKP,BDDHS2017360007,2017-18,DHS,789.0,764.0,,,
BGD,Rangpur,610137,Assistance during delivery from a skilled provider,49.1,1,BD,Bangladesh,2017,BD2017DHS,RH_DELA_C_SKP,83606110,I,360008,1360080,Region,..Rangpur,14000,Three years preceding the survey,0,0,RHDELACSKP,BDDHS2017360008,2017-18,DHS,555.0,580.0,,,1.0
BGD,Rangpur,3768424,Assistance during delivery from a skilled provider,50.1,1,BD,Bangladesh,2017,BD2017DHS,RH_DELA_C_SKP,83606110,I,360008,1360080,Region,..Rangpur,14002,Two years preceding the survey,0,1,RHDELACSKP,BDDHS2017360008,2017-18,DHS,385.0,399.0,,,1.0
BGD,Rajshahi,2222894,Assistance during delivery from a skilled provider,54.7,1,BD,Bangladesh,2017,BD2017DHS,RH_DELA_C_SKP,83606110,I,360009,1360090,Region,..Rajshahi,14000,Three years preceding the survey,0,0,RHDELACSKP,BDDHS2017360009,2017-18,DHS,622.0,554.0,,,1.0
BGD,Rajshahi,2222914,Assistance during delivery from a skilled provider,55.7,1,BD,Bangladesh,2017,BD2017DHS,RH_DELA_C_SKP,83606110,I,360009,1360090,Region,..Rajshahi,14002,Two years preceding the survey,0,1,RHDELACSKP,BDDHS2017360009,2017-18,DHS,404.0,365.0,,,1.0
BGD,Barishal,786921,Delivery by cesarean section,24.5,1,BD,Bangladesh,2017,BD2017DHS,RH_DELA_C_CSC,83606120,I,360001,1360010,Region,Barishal,14000,Three years preceding the survey,0,0,RHDELACCSC,BDDHS2017360001,2017-18,DHS,303.0,561.0,,,1.0
BGD,Barishal,499925,Delivery by cesarean section,28.2,1,BD,Bangladesh,2017,BD2017DHS,RH_DELA_C_CSC,83606120,I,360001,1360010,Region,Barishal,14002,Two years preceding the survey,0,1,RHDELACCSC,BDDHS2017360001,2017-18,DHS,214.0,395.0,,,1.0
BGD,Chattogram/Sylhet,6198064,Delivery by cesarean section,25.1,1,BD,Bangladesh,2017,BD2017DHS,RH_DELA_C_CSC,83606120,I,360002,1360020,Region,Chattogram/Sylhet,14000,Three years preceding the survey,0,0,RHDELACCSC,BDDHS2017360002,2017-18,DHS,1567.0,1652.0,,,
BGD,Chattogram/Sylhet,2206754,Delivery by cesarean section,26.2,1,BD,Bangladesh,2017,BD2017DHS,RH_DELA_C_CSC,83606120,I,360002,1360020,Region,Chattogram/Sylhet,14002,Two years preceding the survey,0,1,RHDELACCSC,BDDHS2017360002,2017-18,DHS,1043.0,1102.0,,,
BGD,Chattogram,5463411,Delivery by cesarean section,26.0,1,BD,Bangladesh,2017,BD2017DHS,RH_DELA_C_CSC,83606120,I,360003,1360030,Region,..Chattogram,14000,Three years preceding the survey,0,0,RHDELACCSC,BDDHS2017360003,2017-18,DHS,1141.0,890.0,,,1.0
BGD,Chattogram,3785341,Delivery by cesarean section,26.9,1,BD,Bangladesh,2017,BD2017DHS,RH_DELA_C_CSC,83606120,I,360003,1360030,Region,..Chattogram,14002,Two years preceding the survey,0,1,RHDELACCSC,BDDHS2017360003,2017-18,DHS,754.0,588.0,,,1.0
BGD,Sylhet,3754140,Delivery by cesarean section,22.6,1,BD,Bangladesh,2017,BD2017DHS,RH_DELA_C_CSC,83606120,I,360004,1360040,Region,..Sylhet,14000,Three years preceding the survey,0,0,RHDELACCSC,BDDHS2017360004,2017-18,DHS,425.0,762.0,,,1.0
BGD,Sylhet,7793677,Delivery by cesarean section,24.2,1,BD,Bangladesh,2017,BD2017DHS,RH_DELA_C_CSC,83606120,I,360004,1360040,Region,..Sylhet,14002,Two years preceding the survey,0,1,RHDELACCSC,BDDHS2017360004,2017-18,DHS,289.0,514.0,,,1.0
BGD,Dhaka before 2015,2618969,Delivery by cesarean section,38.6,1,BD,Bangladesh,2017,BD2017DHS,RH_DELA_C_CSC,83606120,I,360005,1360050,Region,Dhaka before 2015,14000,Three years preceding the survey,0,0,RHDELACCSC,BDDHS2017360005,2017-18,DHS,1809.0,1412.0,,,
BGD,Dhaka before 2015,3881428,Delivery by cesarean section,39.0,1,BD,Bangladesh,2017,BD2017DHS,RH_DELA_C_CSC,83606120,I,360005,1360050,Region,Dhaka before 2015,14002,Two years preceding the survey,0,1,RHDELACCSC,BDDHS2017360005,2017-18,DHS,1215.0,949.0,,,
BGD,Dhaka,7935268,Delivery by cesarean section,42.7,1,BD,Bangladesh,2017,BD2017DHS,RH_DELA_C_CSC,83606120,I,360010,1360052,Region,..Dhaka,14000,Three years preceding the survey,0,0,RHDELACCSC,BDDHS2017360010,2017-18,DHS,1359.0,779.0,,,1.0
BGD,Dhaka,4400813,Delivery by cesarean section,43.0,1,BD,Bangladesh,2017,BD2017DHS,RH_DELA_C_CSC,83606120,I,360010,1360052,Region,..Dhaka,14002,Two years preceding the survey,0,1,RHDELACCSC,BDDHS2017360010,2017-18,DHS,912.0,523.0,,,1.0
BGD,Mymensingh,85725,Delivery by cesarean section,26.1,1,BD,Bangladesh,2017,BD2017DHS,RH_DELA_C_CSC,83606120,I,360011,1360055,Region,..Mymensingh,14000,Three years preceding the survey,0,0,RHDELACCSC,BDDHS2017360011,2017-18,DHS,451.0,633.0,,,1.0
BGD,Mymensingh,6618924,Delivery by cesarean section,26.9,1,BD,Bangladesh,2017,BD2017DHS,RH_DELA_C_CSC,83606120,I,360011,1360055,Region,..Mymensingh,14002,Two years preceding the survey,0,1,RHDELACCSC,BDDHS2017360011,2017-18,DHS,303.0,426.0,,,1.0
BGD,Khulna,4478377,Delivery by cesarean section,42.7,1,BD,Bangladesh,2017,BD2017DHS,RH_DELA_C_CSC,83606120,I,360006,1360060,Region,Khulna,14000,Three years preceding the survey,0,0,RHDELACCSC,BDDHS2017360006,2017-18,DHS,481.0,545.0,,,1.0
BGD,Khulna,7285023,Delivery by cesarean section,44.8,1,BD,Bangladesh,2017,BD2017DHS,RH_DELA_C_CSC,83606120,I,360006,1360060,Region,Khulna,14002,Two years preceding the survey,0,1,RHDELACCSC,BDDHS2017360006,2017-18,DHS,330.0,371.0,,,1.0
BGD,Rajshahi/Rangpur,6583842,Delivery by cesarean section,31.9,1,BD,Bangladesh,2017,BD2017DHS,RH_DELA_C_CSC,83606120,I,360007,1360070,Region,Rajshahi/Rangpur,14000,Three years preceding the survey,0,0,RHDELACCSC,BDDHS2017360007,2017-18,DHS,1177.0,1134.0,,,
BGD,Rajshahi/Rangpur,2912505,Delivery by cesarean section,33.5,1,BD,Bangladesh,2017,BD2017DHS,RH_DELA_C_CSC,83606120,I,360007,1360070,Region,Rajshahi/Rangpur,14002,Two years preceding the survey,0,1,RHDELACCSC,BDDHS2017360007,2017-18,DHS,789.0,764.0,,,
BGD,Rangpur,610138,Delivery by cesarean section,27.8,1,BD,Bangladesh,2017,BD2017DHS,RH_DELA_C_CSC,83606120,I,360008,1360080,Region,..Rangpur,14000,Three years preceding the survey,0,0,RHDELACCSC,BDDHS2017360008,2017-18,DHS,555.0,580.0,,,1.0
BGD,Rangpur,3768425,Delivery by cesarean section,30.3,1,BD,Bangladesh,2017,BD2017DHS,RH_DELA_C_CSC,83606120,I,360008,1360080,Region,..Rangpur,14002,Two years preceding the survey,0,1,RHDELACCSC,BDDHS2017360008,2017-18,DHS,385.0,399.0,,,1.0
BGD,Rajshahi,2222900,Delivery by cesarean section,35.6,1,BD,Bangladesh,2017,BD2017DHS,RH_DELA_C_CSC,83606120,I,360009,1360090,Region,..Rajshahi,14000,Three years preceding the survey,0,0,RHDELACCSC,BDDHS2017360009,2017-18,DHS,622.0,554.0,,,1.0
BGD,Rajshahi,2222915,Delivery by cesarean section,36.6,1,BD,Bangladesh,2017,BD2017DHS,RH_DELA_C_CSC,83606120,I,360009,1360090,Region,..Rajshahi,14002,Two years preceding the survey,0,1,RHDELACCSC,BDDHS2017360009,2017-18,DHS,404.0,365.0,,,1.0
BGD,Barishal,173245,Mother's first postnatal checkup in the first two days after birth,48.7,1,BD,Bangladesh,2017,BD2017DHS,RH_PCMT_W_DY2,83633090,I,360001,1360010,Region,Barishal,0,,0,1,RHPCMTWDY2,BDDHS2017360001,2017-18,DHS,208.0,387.0,,,1.0
BGD,Chattogram/Sylhet,4543489,Mother's first postnatal checkup in the first two days after birth,48.1,1,BD,Bangladesh,2017,BD2017DHS,RH_PCMT_W_DY2,83633090,I,360002,1360020,Region,Chattogram/Sylhet,0,,0,1,RHPCMTWDY2,BDDHS2017360002,2017-18,DHS,1016.0,1069.0,,,
BGD,Chattogram,3779874,Mother's first postnatal checkup in the first two days after birth,50.4,1,BD,Bangladesh,2017,BD2017DHS,RH_PCMT_W_DY2,83633090,I,360003,1360030,Region,..Chattogram,0,,0,1,RHPCMTWDY2,BDDHS2017360003,2017-18,DHS,738.0,575.0,,,1.0
BGD,Sylhet,3782887,Mother's first postnatal checkup in the first two days after birth,41.9,1,BD,Bangladesh,2017,BD2017DHS,RH_PCMT_W_DY2,83633090,I,360004,1360040,Region,..Sylhet,0,,0,1,RHPCMTWDY2,BDDHS2017360004,2017-18,DHS,278.0,494.0,,,1.0
BGD,Dhaka before 2015,2698316,Mother's first postnatal checkup in the first two days after birth,54.0,1,BD,Bangladesh,2017,BD2017DHS,RH_PCMT_W_DY2,83633090,I,360005,1360050,Region,Dhaka before 2015,0,,0,1,RHPCMTWDY2,BDDHS2017360005,2017-18,DHS,1185.0,926.0,,,
BGD,Dhaka,3363016,Mother's first postnatal checkup in the first two days after birth,58.5,1,BD,Bangladesh,2017,BD2017DHS,RH_PCMT_W_DY2,83633090,I,360010,1360052,Region,..Dhaka,0,,0,1,RHPCMTWDY2,BDDHS2017360010,2017-18,DHS,887.0,508.0,,,1.0
BGD,Mymensingh,5765016,Mother's first postnatal checkup in the first two days after birth,40.9,1,BD,Bangladesh,2017,BD2017DHS,RH_PCMT_W_DY2,83633090,I,360011,1360055,Region,..Mymensingh,0,,0,1,RHPCMTWDY2,BDDHS2017360011,2017-18,DHS,298.0,418.0,,,1.0
BGD,Khulna,6273461,Mother's first postnatal checkup in the first two days after birth,64.2,1,BD,Bangladesh,2017,BD2017DHS,RH_PCMT_W_DY2,83633090,I,360006,1360060,Region,Khulna,0,,0,1,RHPCMTWDY2,BDDHS2017360006,2017-18,DHS,322.0,362.0,,,1.0
BGD,Rajshahi/Rangpur,7081406,Mother's first postnatal checkup in the first two days after birth,52.1,1,BD,Bangladesh,2017,BD2017DHS,RH_PCMT_W_DY2,83633090,I,360007,1360070,Region,Rajshahi/Rangpur,0,,0,1,RHPCMTWDY2,BDDHS2017360007,2017-18,DHS,766.0,746.0,,,
BGD,Rangpur,696296,Mother's first postnatal checkup in the first two days after birth,48.7,1,BD,Bangladesh,2017,BD2017DHS,RH_PCMT_W_DY2,83633090,I,360008,1360080,Region,..Rangpur,0,,0,1,RHPCMTWDY2,BDDHS2017360008,2017-18,DHS,379.0,394.0,,,1.0
BGD,Rajshahi,5311372,Mother's first postnatal checkup in the first two days after birth,55.3,1,BD,Bangladesh,2017,BD2017DHS,RH_PCMT_W_DY2,83633090,I,360009,1360090,Region,..Rajshahi,0,,0,1,RHPCMTWDY2,BDDHS2017360009,2017-18,DHS,387.0,352.0,,,1.0
BGD,Barishal,7987,Newborn's first postnatal checkup in the first two days after birth,47.8,1,BD,Bangladesh,2017,BD2017DHS,RH_PCCT_C_DY2,83706090,I,360001,1360010,Region,Barishal,0,,0,1,RHPCCTCDY2,BDDHS2017360001,2017-18,DHS,208.0,387.0,,,1.0
BGD,Chattogram/Sylhet,6916062,Newborn's first postnatal checkup in the first two days after birth,48.4,1,BD,Bangladesh,2017,BD2017DHS,RH_PCCT_C_DY2,83706090,I,360002,1360020,Region,Chattogram/Sylhet,0,,0,1,RHPCCTCDY2,BDDHS2017360002,2017-18,DHS,1016.0,1069.0,,,
BGD,Chattogram,4749007,Newborn's first postnatal checkup in the first two days after birth,50.4,1,BD,Bangladesh,2017,BD2017DHS,RH_PCCT_C_DY2,83706090,I,360003,1360030,Region,..Chattogram,0,,0,1,RHPCCTCDY2,BDDHS2017360003,2017-18,DHS,738.0,575.0,,,1.0
BGD,Sylhet,5786175,Newborn's first postnatal checkup in the first two days after birth,42.9,1,BD,Bangladesh,2017,BD2017DHS,RH_PCCT_C_DY2,83706090,I,360004,1360040,Region,..Sylhet,0,,0,1,RHPCCTCDY2,BDDHS2017360004,2017-18,DHS,278.0,494.0,,,1.0
BGD,Dhaka before 2015,5258944,Newborn's first postnatal checkup in the first two days after birth,54.0,1,BD,Bangladesh,2017,BD2017DHS,RH_PCCT_C_DY2,83706090,I,360005,1360050,Region,Dhaka before 2015,0,,0,1,RHPCCTCDY2,BDDHS2017360005,2017-18,DHS,1185.0,926.0,,,
BGD,Dhaka,3223534,Newborn's first postnatal checkup in the first two days after birth,58.7,1,BD,Bangladesh,2017,BD2017DHS,RH_PCCT_C_DY2,83706090,I,360010,1360052,Region,..Dhaka,0,,0,1,RHPCCTCDY2,BDDHS2017360010,2017-18,DHS,887.0,508.0,,,1.0
BGD,Mymensingh,7278861,Newborn's first postnatal checkup in the first two days after birth,39.9,1,BD,Bangladesh,2017,BD2017DHS,RH_PCCT_C_DY2,83706090,I,360011,1360055,Region,..Mymensingh,0,,0,1,RHPCCTCDY2,BDDHS2017360011,2017-18,DHS,298.0,418.0,,,1.0
BGD,Khulna,689452,Newborn's first postnatal checkup in the first two days after birth,64.9,1,BD,Bangladesh,2017,BD2017DHS,RH_PCCT_C_DY2,83706090,I,360006,1360060,Region,Khulna,0,,0,1,RHPCCTCDY2,BDDHS2017360006,2017-18,DHS,322.0,362.0,,,1.0
BGD,Rajshahi/Rangpur,2218921,Newborn's first postnatal checkup in the first two days after birth,52.1,1,BD,Bangladesh,2017,BD2017DHS,RH_PCCT_C_DY2,83706090,I,360007,1360070,Region,Rajshahi/Rangpur,0,,0,1,RHPCCTCDY2,BDDHS2017360007,2017-18,DHS,766.0,746.0,,,
BGD,Rangpur,267124,Newborn's first postnatal checkup in the first two days after birth,49.0,1,BD,Bangladesh,2017,BD2017DHS,RH_PCCT_C_DY2,83706090,I,360008,1360080,Region,..Rangpur,0,,0,1,RHPCCTCDY2,BDDHS2017360008,2017-18,DHS,379.0,394.0,,,1.0
BGD,Rajshahi,6381553,Newborn's first postnatal checkup in the first two days after birth,55.1,1,BD,Bangladesh,2017,BD2017DHS,RH_PCCT_C_DY2,83706090,I,360009,1360090,Region,..Rajshahi,0,,0,1,RHPCCTCDY2,BDDHS2017360009,2017-18,DHS,387.0,352.0,,,1.0
BGD,Barishal,301799,Birth weight of child reported,35.7,1,BD,Bangladesh,2017,BD2017DHS,CH_SZWT_C_REP,93856060,I,360001,1360010,Region,Barishal,14000,Three years preceding the survey,0,0,CHSZWTCREP,BDDHS2017360001,2017-18,DHS,303.0,561.0,,,1.0
BGD,Barishal,3645122,Birth weight of child reported,38.5,1,BD,Bangladesh,2017,BD2017DHS,CH_SZWT_C_REP,93856060,I,360001,1360010,Region,Barishal,14002,Two years preceding the survey,0,0,CHSZWTCREP,BDDHS2017360001,2017-18,DHS,214.0,395.0,,,1.0
BGD,Chattogram/Sylhet,2058864,Birth weight of child reported,34.6,1,BD,Bangladesh,2017,BD2017DHS,CH_SZWT_C_REP,93856060,I,360002,1360020,Region,Chattogram/Sylhet,14000,Three years preceding the survey,0,0,CHSZWTCREP,BDDHS2017360002,2017-18,DHS,1567.0,1652.0,,,
BGD,Chattogram/Sylhet,6720540,Birth weight of child reported,36.9,1,BD,Bangladesh,2017,BD2017DHS,CH_SZWT_C_REP,93856060,I,360002,1360020,Region,Chattogram/Sylhet,14002,Two years preceding the survey,0,0,CHSZWTCREP,BDDHS2017360002,2017-18,DHS,1043.0,1102.0,,,
BGD,Chattogram,248628,Birth weight of child reported,38.5,1,BD,Bangladesh,2017,BD2017DHS,CH_SZWT_C_REP,93856060,I,360003,1360030,Region,..Chattogram,14000,Three years preceding the survey,0,0,CHSZWTCREP,BDDHS2017360003,2017-18,DHS,1141.0,890.0,,,1.0
BGD,Chattogram,2065756,Birth weight of child reported,40.8,1,BD,Bangladesh,2017,BD2017DHS,CH_SZWT_C_REP,93856060,I,360003,1360030,Region,..Chattogram,14002,Two years preceding the survey,0,0,CHSZWTCREP,BDDHS2017360003,2017-18,DHS,754.0,588.0,,,1.0
BGD,Sylhet,2065751,Birth weight of child reported,24.2,1,BD,Bangladesh,2017,BD2017DHS,CH_SZWT_C_REP,93856060,I,360004,1360040,Region,..Sylhet,14000,Three years preceding the survey,0,0,CHSZWTCREP,BDDHS2017360004,2017-18,DHS,425.0,762.0,,,1.0
BGD,Sylhet,7793339,Birth weight of child reported,26.7,1,BD,Bangladesh,2017,BD2017DHS,CH_SZWT_C_REP,93856060,I,360004,1360040,Region,..Sylhet,14002,Two years preceding the survey,0,0,CHSZWTCREP,BDDHS2017360004,2017-18,DHS,289.0,514.0,,,1.0
BGD,Dhaka before 2015,6196367,Birth weight of child reported,50.9,1,BD,Bangladesh,2017,BD2017DHS,CH_SZWT_C_REP,93856060,I,360005,1360050,Region,Dhaka before 2015,14000,Three years preceding the survey,0,0,CHSZWTCREP,BDDHS2017360005,2017-18,DHS,1809.0,1412.0,,,
BGD,Dhaka before 2015,3249722,Birth weight of child reported,50.8,1,BD,Bangladesh,2017,BD2017DHS,CH_SZWT_C_REP,93856060,I,360005,1360050,Region,Dhaka before 2015,14002,Two years preceding the survey,0,0,CHSZWTCREP,BDDHS2017360005,2017-18,DHS,1215.0,949.0,,,
BGD,Dhaka,7915689,Birth weight of child reported,54.7,1,BD,Bangladesh,2017,BD2017DHS,CH_SZWT_C_REP,93856060,I,360010,1360052,Region,..Dhaka,14000,Three years preceding the survey,0,0,CHSZWTCREP,BDDHS2017360010,2017-18,DHS,1359.0,779.0,,,1.0
BGD,Dhaka,2837483,Birth weight of child reported,55.0,1,BD,Bangladesh,2017,BD2017DHS,CH_SZWT_C_REP,93856060,I,360010,1360052,Region,..Dhaka,14002,Two years preceding the survey,0,0,CHSZWTCREP,BDDHS2017360010,2017-18,DHS,912.0,523.0,,,1.0
BGD,Mymensingh,4606508,Birth weight of child reported,39.7,1,BD,Bangladesh,2017,BD2017DHS,CH_SZWT_C_REP,93856060,I,360011,1360055,Region,..Mymensingh,14000,Three years preceding the survey,0,0,CHSZWTCREP,BDDHS2017360011,2017-18,DHS,451.0,633.0,,,1.0
BGD,Mymensingh,6039589,Birth weight of child reported,38.2,1,BD,Bangladesh,2017,BD2017DHS,CH_SZWT_C_REP,93856060,I,360011,1360055,Region,..Mymensingh,14002,Two years preceding the survey,0,0,CHSZWTCREP,BDDHS2017360011,2017-18,DHS,303.0,426.0,,,1.0
BGD,Khulna,2881702,Birth weight of child reported,57.4,1,BD,Bangladesh,2017,BD2017DHS,CH_SZWT_C_REP,93856060,I,360006,1360060,Region,Khulna,14000,Three years preceding the survey,0,0,CHSZWTCREP,BDDHS2017360006,2017-18,DHS,481.0,545.0,,,1.0
BGD,Khulna,2071381,Birth weight of child reported,58.2,1,BD,Bangladesh,2017,BD2017DHS,CH_SZWT_C_REP,93856060,I,360006,1360060,Region,Khulna,14002,Two years preceding the survey,0,0,CHSZWTCREP,BDDHS2017360006,2017-18,DHS,330.0,371.0,,,1.0
BGD,Rajshahi/Rangpur,6475890,Birth weight of child reported,47.5,1,BD,Bangladesh,2017,BD2017DHS,CH_SZWT_C_REP,93856060,I,360007,1360070,Region,Rajshahi/Rangpur,14000,Three years preceding the survey,0,0,CHSZWTCREP,BDDHS2017360007,2017-18,DHS,1177.0,1134.0,,,
BGD,Rajshahi/Rangpur,6850205,Birth weight of child reported,47.8,1,BD,Bangladesh,2017,BD2017DHS,CH_SZWT_C_REP,93856060,I,360007,1360070,Region,Rajshahi/Rangpur,14002,Two years preceding the survey,0,0,CHSZWTCREP,BDDHS2017360007,2017-18,DHS,789.0,764.0,,,
BGD,Rangpur,4969949,Birth weight of child reported,51.1,1,BD,Bangladesh,2017,BD2017DHS,CH_SZWT_C_REP,93856060,I,360008,1360080,Region,..Rangpur,14000,Three years preceding the survey,0,0,CHSZWTCREP,BDDHS2017360008,2017-18,DHS,555.0,580.0,,,1.0
BGD,Rangpur,3872694,Birth weight of child reported,50.7,1,BD,Bangladesh,2017,BD2017DHS,CH_SZWT_C_REP,93856060,I,360008,1360080,Region,..Rangpur,14002,Two years preceding the survey,0,0,CHSZWTCREP,BDDHS2017360008,2017-18,DHS,385.0,399.0,,,1.0
BGD,Rajshahi,5094043,Birth weight of child reported,44.3,1,BD,Bangladesh,2017,BD2017DHS,CH_SZWT_C_REP,93856060,I,360009,1360090,Region,..Rajshahi,14000,Three years preceding the survey,0,0,CHSZWTCREP,BDDHS2017360009,2017-18,DHS,622.0,554.0,,,1.0
BGD,Rajshahi,3495742,Birth weight of child reported,45.1,1,BD,Bangladesh,2017,BD2017DHS,CH_SZWT_C_REP,93856060,I,360009,1360090,Region,..Rajshahi,14002,Two years preceding the survey,0,0,CHSZWTCREP,BDDHS2017360009,2017-18,DHS,404.0,365.0,,,1.0
BGD,Barishal,3785296,Children with ARI for whom advice or treatment was sought,88.1,1,BD,Bangladesh,2017,BD2017DHS,CH_ARIS_C_ADV,93966040,I,360001,1360010,Region,Barishal,14001,Five years preceding the survey,0,1,CHARISCADV,BDDHS2017360001,2017-18,DHS,20.0,37.0,,,1.0
BGD,Chattogram/Sylhet,794658,Children with ARI for whom advice or treatment was sought,91.8,1,BD,Bangladesh,2017,BD2017DHS,CH_ARIS_C_ADV,93966040,I,360002,1360020,Region,Chattogram/Sylhet,14000,Three years preceding the survey,0,0,CHARISCADV,BDDHS2017360002,2017-18,DHS,47.0,51.0,,,
BGD,Chattogram/Sylhet,3536101,Children with ARI for whom advice or treatment was sought,87.7,1,BD,Bangladesh,2017,BD2017DHS,CH_ARIS_C_ADV,93966040,I,360002,1360020,Region,Chattogram/Sylhet,14001,Five years preceding the survey,0,1,CHARISCADV,BDDHS2017360002,2017-18,DHS,68.0,74.0,,,
BGD,Chattogram,3641608,Children with ARI for whom advice or treatment was sought,91.2,1,BD,Bangladesh,2017,BD2017DHS,CH_ARIS_C_ADV,93966040,I,360003,1360030,Region,..Chattogram,14000,Three years preceding the survey,0,0,CHARISCADV,BDDHS2017360003,2017-18,DHS,34.0,26.0,,,1.0
BGD,Chattogram,3895532,Children with ARI for whom advice or treatment was sought,88.4,1,BD,Bangladesh,2017,BD2017DHS,CH_ARIS_C_ADV,93966040,I,360003,1360030,Region,..Chattogram,14001,Five years preceding the survey,0,1,CHARISCADV,BDDHS2017360003,2017-18,DHS,48.0,36.0,,,1.0
BGD,Sylhet,2065779,Children with ARI for whom advice or treatment was sought,93.3,1,BD,Bangladesh,2017,BD2017DHS,CH_ARIS_C_ADV,93966040,I,360004,1360040,Region,..Sylhet,14000,Three years preceding the survey,0,0,CHARISCADV,BDDHS2017360004,2017-18,DHS,13.0,25.0,,,1.0
BGD,Sylhet,7232408,Children with ARI for whom advice or treatment was sought,85.9,1,BD,Bangladesh,2017,BD2017DHS,CH_ARIS_C_ADV,93966040,I,360004,1360040,Region,..Sylhet,14001,Five years preceding the survey,0,1,CHARISCADV,BDDHS2017360004,2017-18,DHS,20.0,38.0,,,1.0
BGD,Dhaka before 2015,255128,Children with ARI for whom advice or treatment was sought,94.9,1,BD,Bangladesh,2017,BD2017DHS,CH_ARIS_C_ADV,93966040,I,360005,1360050,Region,Dhaka before 2015,14000,Three years preceding the survey,0,0,CHARISCADV,BDDHS2017360005,2017-18,DHS,43.0,35.0,,,
BGD,Dhaka before 2015,2930857,Children with ARI for whom advice or treatment was sought,93.9,1,BD,Bangladesh,2017,BD2017DHS,CH_ARIS_C_ADV,93966040,I,360005,1360050,Region,Dhaka before 2015,14001,Five years preceding the survey,0,1,CHARISCADV,BDDHS2017360005,2017-18,DHS,62.0,49.0,,,
BGD,Dhaka,5777209,Children with ARI for whom advice or treatment was sought,91.6,1,BD,Bangladesh,2017,BD2017DHS,CH_ARIS_C_ADV,93966040,I,360010,1360052,Region,..Dhaka,14001,Five years preceding the survey,0,1,CHARISCADV,BDDHS2017360010,2017-18,DHS,45.0,26.0,,,1.0
BGD,Rajshahi/Rangpur,4334075,Children with ARI for whom advice or treatment was sought,91.6,1,BD,Bangladesh,2017,BD2017DHS,CH_ARIS_C_ADV,93966040,I,360007,1360070,Region,Rajshahi/Rangpur,14000,Three years preceding the survey,0,0,CHARISCADV,BDDHS2017360007,2017-18,DHS,62.0,59.0,,,
BGD,Rajshahi/Rangpur,2071393,Children with ARI for whom advice or treatment was sought,90.0,1,BD,Bangladesh,2017,BD2017DHS,CH_ARIS_C_ADV,93966040,I,360007,1360070,Region,Rajshahi/Rangpur,14001,Five years preceding the survey,0,1,CHARISCADV,BDDHS2017360007,2017-18,DHS,91.0,85.0,,,
BGD,Rangpur,7299258,Children with ARI for whom advice or treatment was sought,91.2,1,BD,Bangladesh,2017,BD2017DHS,CH_ARIS_C_ADV,93966040,I,360008,1360080,Region,..Rangpur,14000,Three years preceding the survey,0,0,CHARISCADV,BDDHS2017360008,2017-18,DHS,40.0,40.0,,,1.0
BGD,Rangpur,7455108,Children with ARI for whom advice or treatment was sought,93.3,1,BD,Bangladesh,2017,BD2017DHS,CH_ARIS_C_ADV,93966040,I,360008,1360080,Region,..Rangpur,14001,Five years preceding the survey,0,1,CHARISCADV,BDDHS2017360008,2017-18,DHS,53.0,53.0,,,1.0
BGD,Rajshahi,6818970,Children with ARI for whom advice or treatment was sought,85.5,1,BD,Bangladesh,2017,BD2017DHS,CH_ARIS_C_ADV,93966040,I,360009,1360090,Region,..Rajshahi,14001,Five years preceding the survey,0,1,CHARISCADV,BDDHS2017360009,2017-18,DHS,38.0,32.0,,,1.0
BGD,Barishal,7307961,Treatment of diarrhea: Advice or treatment was sought,86.9,1,BD,Bangladesh,2017,BD2017DHS,CH_DIAT_C_ADV,94096010,I,360001,1360010,Region,Barishal,14000,Three years preceding the survey,0,0,CHDIATCADV,BDDHS2017360001,2017-18,DHS,26.0,48.0,,,1.0
BGD,Barishal,2633404,Treatment of diarrhea: Advice or treatment was sought,85.1,1,BD,Bangladesh,2017,BD2017DHS,CH_DIAT_C_ADV,94096010,I,360001,1360010,Region,Barishal,14001,Five years preceding the survey,0,1,CHDIATCADV,BDDHS2017360001,2017-18,DHS,30.0,55.0,,,1.0
BGD,Chattogram/Sylhet,3963377,Treatment of diarrhea: Advice or treatment was sought,87.3,1,BD,Bangladesh,2017,BD2017DHS,CH_DIAT_C_ADV,94096010,I,360002,1360020,Region,Chattogram/Sylhet,14000,Three years preceding the survey,0,0,CHDIATCADV,BDDHS2017360002,2017-18,DHS,105.0,112.0,,,
BGD,Chattogram/Sylhet,4720889,Treatment of diarrhea: Advice or treatment was sought,86.3,1,BD,Bangladesh,2017,BD2017DHS,CH_DIAT_C_ADV,94096010,I,360002,1360020,Region,Chattogram/Sylhet,14001,Five years preceding the survey,0,1,CHDIATCADV,BDDHS2017360002,2017-18,DHS,120.0,131.0,,,
BGD,Chattogram,6040394,Treatment of diarrhea: Advice or treatment was sought,87.4,1,BD,Bangladesh,2017,BD2017DHS,CH_DIAT_C_ADV,94096010,I,360003,1360030,Region,..Chattogram,14000,Three years preceding the survey,0,0,CHDIATCADV,BDDHS2017360003,2017-18,DHS,78.0,62.0,,,1.0
BGD,Chattogram,6757677,Treatment of diarrhea: Advice or treatment was sought,86.1,1,BD,Bangladesh,2017,BD2017DHS,CH_DIAT_C_ADV,94096010,I,360003,1360030,Region,..Chattogram,14001,Five years preceding the survey,0,1,CHDIATCADV,BDDHS2017360003,2017-18,DHS,89.0,71.0,,,1.0
BGD,Sylhet,6928977,Treatment of diarrhea: Advice or treatment was sought,87.1,1,BD,Bangladesh,2017,BD2017DHS,CH_DIAT_C_ADV,94096010,I,360004,1360040,Region,..Sylhet,14000,Three years preceding the survey,0,0,CHDIATCADV,BDDHS2017360004,2017-18,DHS,26.0,50.0,,,1.0
BGD,Sylhet,5740483,Treatment of diarrhea: Advice or treatment was sought,86.9,1,BD,Bangladesh,2017,BD2017DHS,CH_DIAT_C_ADV,94096010,I,360004,1360040,Region,..Sylhet,14001,Five years preceding the survey,0,1,CHDIATCADV,BDDHS2017360004,2017-18,DHS,31.0,60.0,,,1.0
BGD,Dhaka before 2015,2058977,Treatment of diarrhea: Advice or treatment was sought,85.7,1,BD,Bangladesh,2017,BD2017DHS,CH_DIAT_C_ADV,94096010,I,360005,1360050,Region,Dhaka before 2015,14000,Three years preceding the survey,0,0,CHDIATCADV,BDDHS2017360005,2017-18,DHS,102.0,85.0,,,
BGD,Dhaka before 2015,308910,Treatment of diarrhea: Advice or treatment was sought,87.6,1,BD,Bangladesh,2017,BD2017DHS,CH_DIAT_C_ADV,94096010,I,360005,1360050,Region,Dhaka before 2015,14001,Five years preceding the survey,0,1,CHDIATCADV,BDDHS2017360005,2017-18,DHS,121.0,102.0,,,
BGD,Dhaka,7935068,Treatment of diarrhea: Advice or treatment was sought,82.8,1,BD,Bangladesh,2017,BD2017DHS,CH_DIAT_C_ADV,94096010,I,360010,1360052,Region,..Dhaka,14000,Three years preceding the survey,0,0,CHDIATCADV,BDDHS2017360010,2017-18,DHS,71.0,42.0,,,1.0
BGD,Dhaka,4397268,Treatment of diarrhea: Advice or treatment was sought,85.2,1,BD,Bangladesh,2017,BD2017DHS,CH_DIAT_C_ADV,94096010,I,360010,1360052,Region,..Dhaka,14001,Five years preceding the survey,0,1,CHDIATCADV,BDDHS2017360010,2017-18,DHS,83.0,48.0,,,1.0
BGD,Mymensingh,5297833,Treatment of diarrhea: Advice or treatment was sought,92.4,1,BD,Bangladesh,2017,BD2017DHS,CH_DIAT_C_ADV,94096010,I,360011,1360055,Region,..Mymensingh,14000,Three years preceding the survey,0,0,CHDIATCADV,BDDHS2017360011,2017-18,DHS,31.0,43.0,,,1.0
BGD,Mymensingh,6490848,Treatment of diarrhea: Advice or treatment was sought,92.7,1,BD,Bangladesh,2017,BD2017DHS,CH_DIAT_C_ADV,94096010,I,360011,1360055,Region,..Mymensingh,14001,Five years preceding the survey,0,1,CHDIATCADV,BDDHS2017360011,2017-18,DHS,38.0,54.0,,,1.0
BGD,Khulna,862571,Treatment of diarrhea: Advice or treatment was sought,81.5,1,BD,Bangladesh,2017,BD2017DHS,CH_DIAT_C_ADV,94096010,I,360006,1360060,Region,Khulna,14000,Three years preceding the survey,0,0,CHDIATCADV,BDDHS2017360006,2017-18,DHS,22.0,27.0,,,1.0
BGD,Khulna,4612918,Treatment of diarrhea: Advice or treatment was sought,81.8,1,BD,Bangladesh,2017,BD2017DHS,CH_DIAT_C_ADV,94096010,I,360006,1360060,Region,Khulna,14001,Five years preceding the survey,0,1,CHDIATCADV,BDDHS2017360006,2017-18,DHS,30.0,35.0,,,1.0
BGD,Rajshahi/Rangpur,118154,Treatment of diarrhea: Advice or treatment was sought,88.2,1,BD,Bangladesh,2017,BD2017DHS,CH_DIAT_C_ADV,94096010,I,360007,1360070,Region,Rajshahi/Rangpur,14000,Three years preceding the survey,0,0,CHDIATCADV,BDDHS2017360007,2017-18,DHS,78.0,72.0,,,
BGD,Rajshahi/Rangpur,148525,Treatment of diarrhea: Advice or treatment was sought,87.7,1,BD,Bangladesh,2017,BD2017DHS,CH_DIAT_C_ADV,94096010,I,360007,1360070,Region,Rajshahi/Rangpur,14001,Five years preceding the survey,0,1,CHDIATCADV,BDDHS2017360007,2017-18,DHS,95.0,89.0,,,
BGD,Rangpur,6562302,Treatment of diarrhea: Advice or treatment was sought,79.5,1,BD,Bangladesh,2017,BD2017DHS,CH_DIAT_C_ADV,94096010,I,360008,1360080,Region,..Rangpur,14000,Three years preceding the survey,0,0,CHDIATCADV,BDDHS2017360008,2017-18,DHS,34.0,33.0,,,1.0
BGD,Rangpur,7455167,Treatment of diarrhea: Advice or treatment was sought,80.9,1,BD,Bangladesh,2017,BD2017DHS,CH_DIAT_C_ADV,94096010,I,360008,1360080,Region,..Rangpur,14001,Five years preceding the survey,0,1,CHDIATCADV,BDDHS2017360008,2017-18,DHS,39.0,39.0,,,1.0
BGD,Rajshahi,4159165,Treatment of diarrhea: Advice or treatment was sought,94.8,1,BD,Bangladesh,2017,BD2017DHS,CH_DIAT_C_ADV,94096010,I,360009,1360090,Region,..Rajshahi,14000,Three years preceding the survey,0,0,CHDIATCADV,BDDHS2017360009,2017-18,DHS,44.0,39.0,,,1.0
BGD,Rajshahi,6270068,Treatment of diarrhea: Advice or treatment was sought,92.4,1,BD,Bangladesh,2017,BD2017DHS,CH_DIAT_C_ADV,94096010,I,360009,1360090,Region,..Rajshahi,14001,Five years preceding the survey,0,1,CHDIATCADV,BDDHS2017360009,2017-18,DHS,56.0,50.0,,,1.0
BGD,Barishal,7307997,Treatment of diarrhea: ORT or increased fluids,83.9,1,BD,Bangladesh,2017,BD2017DHS,CH_DIAT_C_ORI,94096060,I,360001,1360010,Region,Barishal,14000,Three years preceding the survey,0,0,CHDIATCORI,BDDHS2017360001,2017-18,DHS,26.0,48.0,,,1.0
BGD,Barishal,2633412,Treatment of diarrhea: ORT or increased fluids,86.0,1,BD,Bangladesh,2017,BD2017DHS,CH_DIAT_C_ORI,94096060,I,360001,1360010,Region,Barishal,14001,Five years preceding the survey,0,1,CHDIATCORI,BDDHS2017360001,2017-18,DHS,30.0,55.0,,,1.0
BGD,Chattogram/Sylhet,3963385,Treatment of diarrhea: ORT or increased fluids,91.2,1,BD,Bangladesh,2017,BD2017DHS,CH_DIAT_C_ORI,94096060,I,360002,1360020,Region,Chattogram/Sylhet,14000,Three years preceding the survey,0,0,CHDIATCORI,BDDHS2017360002,2017-18,DHS,105.0,112.0,,,
BGD,Chattogram/Sylhet,4720843,Treatment of diarrhea: ORT or increased fluids,91.5,1,BD,Bangladesh,2017,BD2017DHS,CH_DIAT_C_ORI,94096060,I,360002,1360020,Region,Chattogram/Sylhet,14001,Five years preceding the survey,0,1,CHDIATCORI,BDDHS2017360002,2017-18,DHS,120.0,131.0,,,
BGD,Chattogram,6040431,Treatment of diarrhea: ORT or increased fluids,93.6,1,BD,Bangladesh,2017,BD2017DHS,CH_DIAT_C_ORI,94096060,I,360003,1360030,Region,..Chattogram,14000,Three years preceding the survey,0,0,CHDIATCORI,BDDHS2017360003,2017-18,DHS,78.0,62.0,,,1.0
BGD,Chattogram,6757676,Treatment of diarrhea: ORT or increased fluids,93.2,1,BD,Bangladesh,2017,BD2017DHS,CH_DIAT_C_ORI,94096060,I,360003,1360030,Region,..Chattogram,14001,Five years preceding the survey,0,1,CHDIATCORI,BDDHS2017360003,2017-18,DHS,89.0,71.0,,,1.0
BGD,Sylhet,6928984,Treatment of diarrhea: ORT or increased fluids,84.2,1,BD,Bangladesh,2017,BD2017DHS,CH_DIAT_C_ORI,94096060,I,360004,1360040,Region,..Sylhet,14000,Three years preceding the survey,0,0,CHDIATCORI,BDDHS2017360004,2017-18,DHS,26.0,50.0,,,1.0
BGD,Sylhet,5740491,Treatment of diarrhea: ORT or increased fluids,86.7,1,BD,Bangladesh,2017,BD2017DHS,CH_DIAT_C_ORI,94096060,I,360004,1360040,Region,..Sylhet,14001,Five years preceding the survey,0,1,CHDIATCORI,BDDHS2017360004,2017-18,DHS,31.0,60.0,,,1.0
BGD,Dhaka before 2015,2058976,Treatment of diarrhea: ORT or increased fluids,85.8,1,BD,Bangladesh,2017,BD2017DHS,CH_DIAT_C_ORI,94096060,I,360005,1360050,Region,Dhaka before 2015,14000,Three years preceding the survey,0,0,CHDIATCORI,BDDHS2017360005,2017-18,DHS,102.0,85.0,,,
BGD,Dhaka before 2015,308915,Treatment of diarrhea: ORT or increased fluids,87.9,1,BD,Bangladesh,2017,BD2017DHS,CH_DIAT_C_ORI,94096060,I,360005,1360050,Region,Dhaka before 2015,14001,Five years preceding the survey,0,1,CHDIATCORI,BDDHS2017360005,2017-18,DHS,121.0,102.0,,,
BGD,Dhaka,7935096,Treatment of diarrhea: ORT or increased fluids,88.9,1,BD,Bangladesh,2017,BD2017DHS,CH_DIAT_C_ORI,94096060,I,360010,1360052,Region,..Dhaka,14000,Three years preceding the survey,0,0,CHDIATCORI,BDDHS2017360010,2017-18,DHS,71.0,42.0,,,1.0
BGD,Dhaka,4397290,Treatment of diarrhea: ORT or increased fluids,90.5,1,BD,Bangladesh,2017,BD2017DHS,CH_DIAT_C_ORI,94096060,I,360010,1360052,Region,..Dhaka,14001,Five years preceding the survey,0,1,CHDIATCORI,BDDHS2017360010,2017-18,DHS,83.0,48.0,,,1.0
BGD,Mymensingh,5297857,Treatment of diarrhea: ORT or increased fluids,78.6,1,BD,Bangladesh,2017,BD2017DHS,CH_DIAT_C_ORI,94096060,I,360011,1360055,Region,..Mymensingh,14000,Three years preceding the survey,0,0,CHDIATCORI,BDDHS2017360011,2017-18,DHS,31.0,43.0,,,1.0
BGD,Mymensingh,6490867,Treatment of diarrhea: ORT or increased fluids,82.4,1,BD,Bangladesh,2017,BD2017DHS,CH_DIAT_C_ORI,94096060,I,360011,1360055,Region,..Mymensingh,14001,Five years preceding the survey,0,1,CHDIATCORI,BDDHS2017360011,2017-18,DHS,38.0,54.0,,,1.0
BGD,Khulna,862572,Treatment of diarrhea: ORT or increased fluids,74.9,1,BD,Bangladesh,2017,BD2017DHS,CH_DIAT_C_ORI,94096060,I,360006,1360060,Region,Khulna,14000,Three years preceding the survey,0,0,CHDIATCORI,BDDHS2017360006,2017-18,DHS,22.0,27.0,,,1.0
BGD,Khulna,4612922,Treatment of diarrhea: ORT or increased fluids,81.2,1,BD,Bangladesh,2017,BD2017DHS,CH_DIAT_C_ORI,94096060,I,360006,1360060,Region,Khulna,14001,Five years preceding the survey,0,1,CHDIATCORI,BDDHS2017360006,2017-18,DHS,30.0,35.0,,,1.0
BGD,Rajshahi/Rangpur,118174,Treatment of diarrhea: ORT or increased fluids,78.4,1,BD,Bangladesh,2017,BD2017DHS,CH_DIAT_C_ORI,94096060,I,360007,1360070,Region,Rajshahi/Rangpur,14000,Three years preceding the survey,0,0,CHDIATCORI,BDDHS2017360007,2017-18,DHS,78.0,72.0,,,
BGD,Rajshahi/Rangpur,148540,Treatment of diarrhea: ORT or increased fluids,80.9,1,BD,Bangladesh,2017,BD2017DHS,CH_DIAT_C_ORI,94096060,I,360007,1360070,Region,Rajshahi/Rangpur,14001,Five years preceding the survey,0,1,CHDIATCORI,BDDHS2017360007,2017-18,DHS,95.0,89.0,,,
BGD,Rangpur,6562308,Treatment of diarrhea: ORT or increased fluids,78.1,1,BD,Bangladesh,2017,BD2017DHS,CH_DIAT_C_ORI,94096060,I,360008,1360080,Region,..Rangpur,14000,Three years preceding the survey,0,0,CHDIATCORI,BDDHS2017360008,2017-18,DHS,34.0,33.0,,,1.0
BGD,Rangpur,7455164,Treatment of diarrhea: ORT or increased fluids,81.0,1,BD,Bangladesh,2017,BD2017DHS,CH_DIAT_C_ORI,94096060,I,360008,1360080,Region,..Rangpur,14001,Five years preceding the survey,0,1,CHDIATCORI,BDDHS2017360008,2017-18,DHS,39.0,39.0,,,1.0
BGD,Rajshahi,4159172,Treatment of diarrhea: ORT or increased fluids,78.7,1,BD,Bangladesh,2017,BD2017DHS,CH_DIAT_C_ORI,94096060,I,360009,1360090,Region,..Rajshahi,14000,Three years preceding the survey,0,0,CHDIATCORI,BDDHS2017360009,2017-18,DHS,44.0,39.0,,,1.0
BGD,Rajshahi,6270067,Treatment of diarrhea: ORT or increased fluids,80.9,1,BD,Bangladesh,2017,BD2017DHS,CH_DIAT_C_ORI,94096060,I,360009,1360090,Region,..Rajshahi,14001,Five years preceding the survey,0,1,CHDIATCORI,BDDHS2017360009,2017-18,DHS,56.0,50.0,,,1.0
BGD,Barishal,5870053,Children stunted,32.5,1,BD,Bangladesh,2017,BD2017DHS,CN_NUTS_C_HA2,104236020,I,360001,1360010,Region,Barishal,0,,0,1,CNNUTSCHA2,BDDHS2017360001,2017-18,DHS,463.0,857.0,,,1.0
BGD,Chattogram/Sylhet,4713956,Children stunted,35.6,1,BD,Bangladesh,2017,BD2017DHS,CN_NUTS_C_HA2,104236020,I,360002,1360020,Region,Chattogram/Sylhet,0,,0,1,CNNUTSCHA2,BDDHS2017360002,2017-18,DHS,2307.0,2467.0,,,
BGD,Chattogram,4664973,Children stunted,32.8,1,BD,Bangladesh,2017,BD2017DHS,CN_NUTS_C_HA2,104236020,I,360003,1360030,Region,..Chattogram,0,,0,1,CNNUTSCHA2,BDDHS2017360003,2017-18,DHS,1644.0,1289.0,,,1.0
BGD,Sylhet,2602938,Children stunted,42.7,1,BD,Bangladesh,2017,BD2017DHS,CN_NUTS_C_HA2,104236020,I,360004,1360040,Region,..Sylhet,0,,0,1,CNNUTSCHA2,BDDHS2017360004,2017-18,DHS,663.0,1178.0,,,1.0
BGD,Dhaka before 2015,6717428,Children stunted,28.2,1,BD,Bangladesh,2017,BD2017DHS,CN_NUTS_C_HA2,104236020,I,360005,1360050,Region,Dhaka before 2015,0,,0,1,CNNUTSCHA2,BDDHS2017360005,2017-18,DHS,2690.0,2118.0,,,
BGD,Dhaka,4977173,Children stunted,25.6,1,BD,Bangladesh,2017,BD2017DHS,CN_NUTS_C_HA2,104236020,I,360010,1360052,Region,..Dhaka,0,,0,1,CNNUTSCHA2,BDDHS2017360010,2017-18,DHS,1999.0,1152.0,,,1.0
BGD,Mymensingh,6679205,Children stunted,35.6,1,BD,Bangladesh,2017,BD2017DHS,CN_NUTS_C_HA2,104236020,I,360011,1360055,Region,..Mymensingh,0,,0,1,CNNUTSCHA2,BDDHS2017360011,2017-18,DHS,691.0,966.0,,,1.0
BGD,Khulna,5883474,Children stunted,25.5,1,BD,Bangladesh,2017,BD2017DHS,CN_NUTS_C_HA2,104236020,I,360006,1360060,Region,Khulna,0,,0,1,CNNUTSCHA2,BDDHS2017360006,2017-18,DHS,769.0,861.0,,,1.0
BGD,Rajshahi/Rangpur,2912488,Children stunted,30.5,1,BD,Bangladesh,2017,BD2017DHS,CN_NUTS_C_HA2,104236020,I,360007,1360070,Region,Rajshahi/Rangpur,0,,0,1,CNNUTSCHA2,BDDHS2017360007,2017-18,DHS,1879.0,1808.0,,,
BGD,Rangpur,5517372,Children stunted,30.4,1,BD,Bangladesh,2017,BD2017DHS,CN_NUTS_C_HA2,104236020,I,360008,1360080,Region,..Rangpur,0,,0,1,CNNUTSCHA2,BDDHS2017360008,2017-18,DHS,912.0,950.0,,,1.0
BGD,Rajshahi,1381715,Children stunted,30.6,1,BD,Bangladesh,2017,BD2017DHS,CN_NUTS_C_HA2,104236020,I,360009,1360090,Region,..Rajshahi,0,,0,1,CNNUTSCHA2,BDDHS2017360009,2017-18,DHS,967.0,858.0,,,1.0
BGD,Barishal,4296325,Children wasted,9.0,1,BD,Bangladesh,2017,BD2017DHS,CN_NUTS_C_WH2,104236050,I,360001,1360010,Region,Barishal,0,,0,1,CNNUTSCWH2,BDDHS2017360001,2017-18,DHS,460.0,853.0,,,1.0
BGD,Chattogram/Sylhet,7180364,Children wasted,8.6,1,BD,Bangladesh,2017,BD2017DHS,CN_NUTS_C_WH2,104236050,I,360002,1360020,Region,Chattogram/Sylhet,0,,0,1,CNNUTSCWH2,BDDHS2017360002,2017-18,DHS,2318.0,2473.0,,,
BGD,Chattogram,3700246,Children wasted,7.9,1,BD,Bangladesh,2017,BD2017DHS,CN_NUTS_C_WH2,104236050,I,360003,1360030,Region,..Chattogram,0,,0,1,CNNUTSCWH2,BDDHS2017360003,2017-18,DHS,1655.0,1297.0,,,1.0
BGD,Sylhet,4909250,Children wasted,10.4,1,BD,Bangladesh,2017,BD2017DHS,CN_NUTS_C_WH2,104236050,I,360004,1360040,Region,..Sylhet,0,,0,1,CNNUTSCWH2,BDDHS2017360004,2017-18,DHS,663.0,1176.0,,,1.0
BGD,Dhaka before 2015,2586888,Children wasted,8.8,1,BD,Bangladesh,2017,BD2017DHS,CN_NUTS_C_WH2,104236050,I,360005,1360050,Region,Dhaka before 2015,0,,0,1,CNNUTSCWH2,BDDHS2017360005,2017-18,DHS,2683.0,2114.0,,,
BGD,Dhaka,2673733,Children wasted,8.8,1,BD,Bangladesh,2017,BD2017DHS,CN_NUTS_C_WH2,104236050,I,360010,1360052,Region,..Dhaka,0,,0,1,CNNUTSCWH2,BDDHS2017360010,2017-18,DHS,1991.0,1148.0,,,1.0
BGD,Mymensingh,144464,Children wasted,9.0,1,BD,Bangladesh,2017,BD2017DHS,CN_NUTS_C_WH2,104236050,I,360011,1360055,Region,..Mymensingh,0,,0,1,CNNUTSCWH2,BDDHS2017360011,2017-18,DHS,692.0,966.0,,,1.0
BGD,Khulna,4155367,Children wasted,8.0,1,BD,Bangladesh,2017,BD2017DHS,CN_NUTS_C_WH2,104236050,I,360006,1360060,Region,Khulna,0,,0,1,CNNUTSCWH2,BDDHS2017360006,2017-18,DHS,769.0,860.0,,,1.0
BGD,Rajshahi/Rangpur,6019559,Children wasted,7.6,1,BD,Bangladesh,2017,BD2017DHS,CN_NUTS_C_WH2,104236050,I,360007,1360070,Region,Rajshahi/Rangpur,0,,0,1,CNNUTSCWH2,BDDHS2017360007,2017-18,DHS,1882.0,1810.0,,,
BGD,Rangpur,1381701,Children wasted,7.3,1,BD,Bangladesh,2017,BD2017DHS,CN_NUTS_C_WH2,104236050,I,360008,1360080,Region,..Rangpur,0,,0,1,CNNUTSCWH2,BDDHS2017360008,2017-18,DHS,915.0,952.0,,,1.0
BGD,Rajshahi,5432162,Children wasted,8.0,1,BD,Bangladesh,2017,BD2017DHS,CN_NUTS_C_WH2,104236050,I,360009,1360090,Region,..Rajshahi,0,,0,1,CNNUTSCWH2,BDDHS2017360009,2017-18,DHS,967.0,858.0,,,1.0
BGD,Barishal,37952,Children underweight,22.5,1,BD,Bangladesh,2017,BD2017DHS,CN_NUTS_C_WA2,104236090,I,360001,1360010,Region,Barishal,0,,0,1,CNNUTSCWA2,BDDHS2017360001,2017-18,DHS,470.0,870.0,,,1.0
BGD,Chattogram/Sylhet,6343465,Children underweight,24.5,1,BD,Bangladesh,2017,BD2017DHS,CN_NUTS_C_WA2,104236090,I,360002,1360020,Region,Chattogram/Sylhet,0,,0,1,CNNUTSCWA2,BDDHS2017360002,2017-18,DHS,2380.0,2537.0,,,
BGD,Chattogram,4189617,Children underweight,21.3,1,BD,Bangladesh,2017,BD2017DHS,CN_NUTS_C_WA2,104236090,I,360003,1360030,Region,..Chattogram,0,,0,1,CNNUTSCWA2,BDDHS2017360003,2017-18,DHS,1707.0,1338.0,,,1.0
BGD,Sylhet,5354428,Children underweight,32.7,1,BD,Bangladesh,2017,BD2017DHS,CN_NUTS_C_WA2,104236090,I,360004,1360040,Region,..Sylhet,0,,0,1,CNNUTSCWA2,BDDHS2017360004,2017-18,DHS,673.0,1199.0,,,1.0
BGD,Dhaka before 2015,3704782,Children underweight,20.4,1,BD,Bangladesh,2017,BD2017DHS,CN_NUTS_C_WA2,104236090,I,360005,1360050,Region,Dhaka before 2015,0,,0,1,CNNUTSCWA2,BDDHS2017360005,2017-18,DHS,2767.0,2172.0,,,
BGD,Dhaka,4227153,Children underweight,18.5,1,BD,Bangladesh,2017,BD2017DHS,CN_NUTS_C_WA2,104236090,I,360010,1360052,Region,..Dhaka,0,,0,1,CNNUTSCWA2,BDDHS2017360010,2017-18,DHS,2056.0,1184.0,,,1.0
BGD,Mymensingh,6931232,Children underweight,25.9,1,BD,Bangladesh,2017,BD2017DHS,CN_NUTS_C_WA2,104236090,I,360011,1360055,Region,..Mymensingh,0,,0,1,CNNUTSCWA2,BDDHS2017360011,2017-18,DHS,710.0,988.0,,,1.0
BGD,Khulna,121519,Children underweight,19.2,1,BD,Bangladesh,2017,BD2017DHS,CN_NUTS_C_WA2,104236090,I,360006,1360060,Region,Khulna,0,,0,1,CNNUTSCWA2,BDDHS2017360006,2017-18,DHS,785.0,878.0,,,1.0
BGD,Rajshahi/Rangpur,3404490,Children underweight,21.9,1,BD,Bangladesh,2017,BD2017DHS,CN_NUTS_C_WA2,104236090,I,360007,1360070,Region,Rajshahi/Rangpur,0,,0,1,CNNUTSCWA2,BDDHS2017360007,2017-18,DHS,1932.0,1857.0,,,
BGD,Rangpur,1381710,Children underweight,20.6,1,BD,Bangladesh,2017,BD2017DHS,CN_NUTS_C_WA2,104236090,I,360008,1360080,Region,..Rangpur,0,,0,1,CNNUTSCWA2,BDDHS2017360008,2017-18,DHS,923.0,963.0,,,1.0
BGD,Rajshahi,6422247,Children underweight,23.0,1,BD,Bangladesh,2017,BD2017DHS,CN_NUTS_C_WA2,104236090,I,360009,1360090,Region,..Rajshahi,0,,0,1,CNNUTSCWA2,BDDHS2017360009,2017-18,DHS,1009.0,894.0,,,1.0
BGD,Barishal,37953,Children overweight for their age,0.6,1,BD,Bangladesh,2017,BD2017DHS,CN_NUTS_C_WAP,104236100,I,360001,1360010,Region,Barishal,0,,0,1,CNNUTSCWAP,BDDHS2017360001,2017-18,DHS,470.0,870.0,,,1.0
BGD,Chattogram/Sylhet,6343531,Children overweight for their age,0.3,1,BD,Bangladesh,2017,BD2017DHS,CN_NUTS_C_WAP,104236100,I,360002,1360020,Region,Chattogram/Sylhet,0,,0,1,CNNUTSCWAP,BDDHS2017360002,2017-18,DHS,2380.0,2537.0,,,
BGD,Chattogram,4189616,Children overweight for their age,0.4,1,BD,Bangladesh,2017,BD2017DHS,CN_NUTS_C_WAP,104236100,I,360003,1360030,Region,..Chattogram,0,,0,1,CNNUTSCWAP,BDDHS2017360003,2017-18,DHS,1707.0,1338.0,,,1.0
BGD,Sylhet,5354427,Children overweight for their age,0.2,1,BD,Bangladesh,2017,BD2017DHS,CN_NUTS_C_WAP,104236100,I,360004,1360040,Region,..Sylhet,0,,0,1,CNNUTSCWAP,BDDHS2017360004,2017-18,DHS,673.0,1199.0,,,1.0
BGD,Dhaka before 2015,3704781,Children overweight for their age,1.2,1,BD,Bangladesh,2017,BD2017DHS,CN_NUTS_C_WAP,104236100,I,360005,1360050,Region,Dhaka before 2015,0,,0,1,CNNUTSCWAP,BDDHS2017360005,2017-18,DHS,2767.0,2172.0,,,
BGD,Dhaka,4227140,Children overweight for their age,1.3,1,BD,Bangladesh,2017,BD2017DHS,CN_NUTS_C_WAP,104236100,I,360010,1360052,Region,..Dhaka,0,,0,1,CNNUTSCWAP,BDDHS2017360010,2017-18,DHS,2056.0,1184.0,,,1.0
BGD,Mymensingh,6931230,Children overweight for their age,0.9,1,BD,Bangladesh,2017,BD2017DHS,CN_NUTS_C_WAP,104236100,I,360011,1360055,Region,..Mymensingh,0,,0,1,CNNUTSCWAP,BDDHS2017360011,2017-18,DHS,710.0,988.0,,,1.0
BGD,Khulna,121518,Children overweight for their age,0.8,1,BD,Bangladesh,2017,BD2017DHS,CN_NUTS_C_WAP,104236100,I,360006,1360060,Region,Khulna,0,,0,1,CNNUTSCWAP,BDDHS2017360006,2017-18,DHS,785.0,878.0,,,1.0
BGD,Rajshahi/Rangpur,3404489,Children overweight for their age,0.4,1,BD,Bangladesh,2017,BD2017DHS,CN_NUTS_C_WAP,104236100,I,360007,1360070,Region,Rajshahi/Rangpur,0,,0,1,CNNUTSCWAP,BDDHS2017360007,2017-18,DHS,1932.0,1857.0,,,
BGD,Rangpur,1381696,Children overweight for their age,0.4,1,BD,Bangladesh,2017,BD2017DHS,CN_NUTS_C_WAP,104236100,I,360008,1360080,Region,..Rangpur,0,,0,1,CNNUTSCWAP,BDDHS2017360008,2017-18,DHS,923.0,963.0,,,1.0
BGD,Rajshahi,6422244,Children overweight for their age,0.4,1,BD,Bangladesh,2017,BD2017DHS,CN_NUTS_C_WAP,104236100,I,360009,1360090,Region,..Rajshahi,0,,0,1,CNNUTSCWAP,BDDHS2017360009,2017-18,DHS,1009.0,894.0,,,1.0
BGD,Barishal,2684217,Children ever breastfed,98.8,1,BD,Bangladesh,2017,BD2017DHS,CN_BRFI_C_EVR,104266010,I,360001,1360010,Region,Barishal,0,,0,1,CNBRFICEVR,BDDHS2017360001,2017-18,DHS,208.0,387.0,,,1.0
BGD,Chattogram/Sylhet,541335,Children ever breastfed,98.7,1,BD,Bangladesh,2017,BD2017DHS,CN_BRFI_C_EVR,104266010,I,360002,1360020,Region,Chattogram/Sylhet,0,,0,1,CNBRFICEVR,BDDHS2017360002,2017-18,DHS,1016.0,1069.0,,,
BGD,Chattogram,3185815,Children ever breastfed,99.0,1,BD,Bangladesh,2017,BD2017DHS,CN_BRFI_C_EVR,104266010,I,360003,1360030,Region,..Chattogram,0,,0,1,CNBRFICEVR,BDDHS2017360003,2017-18,DHS,738.0,575.0,,,1.0
BGD,Sylhet,3583522,Children ever breastfed,98.1,1,BD,Bangladesh,2017,BD2017DHS,CN_BRFI_C_EVR,104266010,I,360004,1360040,Region,..Sylhet,0,,0,1,CNBRFICEVR,BDDHS2017360004,2017-18,DHS,278.0,494.0,,,1.0
BGD,Dhaka before 2015,4227125,Children ever breastfed,98.5,1,BD,Bangladesh,2017,BD2017DHS,CN_BRFI_C_EVR,104266010,I,360005,1360050,Region,Dhaka before 2015,0,,0,1,CNBRFICEVR,BDDHS2017360005,2017-18,DHS,1185.0,926.0,,,
BGD,Dhaka,4055008,Children ever breastfed,98.3,1,BD,Bangladesh,2017,BD2017DHS,CN_BRFI_C_EVR,104266010,I,360010,1360052,Region,..Dhaka,0,,0,1,CNBRFICEVR,BDDHS2017360010,2017-18,DHS,887.0,508.0,,,1.0
BGD,Mymensingh,6619883,Children ever breastfed,99.3,1,BD,Bangladesh,2017,BD2017DHS,CN_BRFI_C_EVR,104266010,I,360011,1360055,Region,..Mymensingh,0,,0,1,CNBRFICEVR,BDDHS2017360011,2017-18,DHS,298.0,418.0,,,1.0
BGD,Khulna,6300332,Children ever breastfed,99.1,1,BD,Bangladesh,2017,BD2017DHS,CN_BRFI_C_EVR,104266010,I,360006,1360060,Region,Khulna,0,,0,1,CNBRFICEVR,BDDHS2017360006,2017-18,DHS,322.0,362.0,,,1.0
BGD,Rajshahi/Rangpur,6939109,Children ever breastfed,98.8,1,BD,Bangladesh,2017,BD2017DHS,CN_BRFI_C_EVR,104266010,I,360007,1360070,Region,Rajshahi/Rangpur,0,,0,1,CNBRFICEVR,BDDHS2017360007,2017-18,DHS,766.0,746.0,,,
BGD,Rangpur,2862104,Children ever breastfed,99.1,1,BD,Bangladesh,2017,BD2017DHS,CN_BRFI_C_EVR,104266010,I,360008,1360080,Region,..Rangpur,0,,0,1,CNBRFICEVR,BDDHS2017360008,2017-18,DHS,379.0,394.0,,,1.0
BGD,Rajshahi,849187,Children ever breastfed,98.6,1,BD,Bangladesh,2017,BD2017DHS,CN_BRFI_C_EVR,104266010,I,360009,1360090,Region,..Rajshahi,0,,0,1,CNBRFICEVR,BDDHS2017360009,2017-18,DHS,387.0,352.0,,,1.0
BGD,Barishal,2684216,Children who started breastfeeding within 1 hour of birth,61.0,1,BD,Bangladesh,2017,BD2017DHS,CN_BRFI_C_1HR,104266020,I,360001,1360010,Region,Barishal,0,,0,1,CNBRFIC1HR,BDDHS2017360001,2017-18,DHS,208.0,387.0,,,1.0
BGD,Chattogram/Sylhet,541306,Children who started breastfeeding within 1 hour of birth,57.8,1,BD,Bangladesh,2017,BD2017DHS,CN_BRFI_C_1HR,104266020,I,360002,1360020,Region,Chattogram/Sylhet,0,,0,1,CNBRFIC1HR,BDDHS2017360002,2017-18,DHS,1016.0,1069.0,,,
BGD,Chattogram,3185757,Children who started breastfeeding within 1 hour of birth,54.5,1,BD,Bangladesh,2017,BD2017DHS,CN_BRFI_C_1HR,104266020,I,360003,1360030,Region,..Chattogram,0,,0,1,CNBRFIC1HR,BDDHS2017360003,2017-18,DHS,738.0,575.0,,,1.0
BGD,Sylhet,3583528,Children who started breastfeeding within 1 hour of birth,66.7,1,BD,Bangladesh,2017,BD2017DHS,CN_BRFI_C_1HR,104266020,I,360004,1360040,Region,..Sylhet,0,,0,1,CNBRFIC1HR,BDDHS2017360004,2017-18,DHS,278.0,494.0,,,1.0
BGD,Dhaka before 2015,4227126,Children who started breastfeeding within 1 hour of birth,62.2,1,BD,Bangladesh,2017,BD2017DHS,CN_BRFI_C_1HR,104266020,I,360005,1360050,Region,Dhaka before 2015,0,,0,1,CNBRFIC1HR,BDDHS2017360005,2017-18,DHS,1185.0,926.0,,,
BGD,Dhaka,4076672,Children who started breastfeeding within 1 hour of birth,61.4,1,BD,Bangladesh,2017,BD2017DHS,CN_BRFI_C_1HR,104266020,I,360010,1360052,Region,..Dhaka,0,,0,1,CNBRFIC1HR,BDDHS2017360010,2017-18,DHS,887.0,508.0,,,1.0
BGD,Mymensingh,6619894,Children who started breastfeeding within 1 hour of birth,64.4,1,BD,Bangladesh,2017,BD2017DHS,CN_BRFI_C_1HR,104266020,I,360011,1360055,Region,..Mymensingh,0,,0,1,CNBRFIC1HR,BDDHS2017360011,2017-18,DHS,298.0,418.0,,,1.0
BGD,Khulna,6300331,Children who started breastfeeding within 1 hour of birth,51.0,1,BD,Bangladesh,2017,BD2017DHS,CN_BRFI_C_1HR,104266020,I,360006,1360060,Region,Khulna,0,,0,1,CNBRFIC1HR,BDDHS2017360006,2017-18,DHS,322.0,362.0,,,1.0
BGD,Rajshahi/Rangpur,6939110,Children who started breastfeeding within 1 hour of birth,62.0,1,BD,Bangladesh,2017,BD2017DHS,CN_BRFI_C_1HR,104266020,I,360007,1360070,Region,Rajshahi/Rangpur,0,,0,1,CNBRFIC1HR,BDDHS2017360007,2017-18,DHS,766.0,746.0,,,
BGD,Rangpur,2862103,Children who started breastfeeding within 1 hour of birth,66.1,1,BD,Bangladesh,2017,BD2017DHS,CN_BRFI_C_1HR,104266020,I,360008,1360080,Region,..Rangpur,0,,0,1,CNBRFIC1HR,BDDHS2017360008,2017-18,DHS,379.0,394.0,,,1.0
BGD,Rajshahi,849184,Children who started breastfeeding within 1 hour of birth,58.0,1,BD,Bangladesh,2017,BD2017DHS,CN_BRFI_C_1HR,104266020,I,360009,1360090,Region,..Rajshahi,0,,0,1,CNBRFIC1HR,BDDHS2017360009,2017-18,DHS,387.0,352.0,,,1.0
BGD,Barishal,1367975,Median duration of any breastfeeding,30.0,1,BD,Bangladesh,2017,BD2017DHS,CN_BFDR_C_MDA,104336010,I,360001,1360010,Region,Barishal,0,,0,1,CNBFDRCMDA,BDDHS2017360001,2017-18,DHS,,,,,1.0
BGD,Chattogram/Sylhet,1361818,Median duration of any breastfeeding,25.3,1,BD,Bangladesh,2017,BD2017DHS,CN_BFDR_C_MDA,104336010,I,360002,1360020,Region,Chattogram/Sylhet,0,,0,1,CNBFDRCMDA,BDDHS2017360002,2017-18,DHS,,,,,
BGD,Chattogram,1367988,Median duration of any breastfeeding,24.7,1,BD,Bangladesh,2017,BD2017DHS,CN_BFDR_C_MDA,104336010,I,360003,1360030,Region,..Chattogram,0,,0,1,CNBFDRCMDA,BDDHS2017360003,2017-18,DHS,,,,,1.0
BGD,Sylhet,1367960,Median duration of any breastfeeding,31.1,1,BD,Bangladesh,2017,BD2017DHS,CN_BFDR_C_MDA,104336010,I,360004,1360040,Region,..Sylhet,0,,0,1,CNBFDRCMDA,BDDHS2017360004,2017-18,DHS,,,,,1.0
BGD,Dhaka before 2015,1361790,Median duration of any breastfeeding,28.7,1,BD,Bangladesh,2017,BD2017DHS,CN_BFDR_C_MDA,104336010,I,360005,1360050,Region,Dhaka before 2015,0,,0,1,CNBFDRCMDA,BDDHS2017360005,2017-18,DHS,,,,,
BGD,Dhaka,1361797,Median duration of any breastfeeding,27.8,1,BD,Bangladesh,2017,BD2017DHS,CN_BFDR_C_MDA,104336010,I,360010,1360052,Region,..Dhaka,0,,0,1,CNBFDRCMDA,BDDHS2017360010,2017-18,DHS,,,,,1.0
BGD,Mymensingh,1367974,Median duration of any breastfeeding,32.1,1,BD,Bangladesh,2017,BD2017DHS,CN_BFDR_C_MDA,104336010,I,360011,1360055,Region,..Mymensingh,0,,0,1,CNBFDRCMDA,BDDHS2017360011,2017-18,DHS,,,,,1.0
BGD,Rajshahi,1381726,Median duration of any breastfeeding,34.7,1,BD,Bangladesh,2017,BD2017DHS,CN_BFDR_C_MDA,104336010,I,360009,1360090,Region,..Rajshahi,0,,0,1,CNBFDRCMDA,BDDHS2017360009,2017-18,DHS,,,,,1.0
BGD,Barishal,4860228,Breastfed children 6-23 months fed both 4+ food groups and the minimum meal frequency,32.5,1,BD,Bangladesh,2017,BD2017DHS,CN_IYCF_C_BTB,104436030,I,360001,1360010,Region,Barishal,0,,0,1,CNIYCFCBTB,BDDHS2017360001,2017-18,DHS,134.0,249.0,,,1.0
BGD,Chattogram/Sylhet,4315055,Breastfed children 6-23 months fed both 4+ food groups and the minimum meal frequency,32.7,1,BD,Bangladesh,2017,BD2017DHS,CN_IYCF_C_BTB,104436030,I,360002,1360020,Region,Chattogram/Sylhet,0,,0,1,CNIYCFCBTB,BDDHS2017360002,2017-18,DHS,653.0,690.0,,,
BGD,Chattogram,6620116,Breastfed children 6-23 months fed both 4+ food groups and the minimum meal frequency,34.7,1,BD,Bangladesh,2017,BD2017DHS,CN_IYCF_C_BTB,104436030,I,360003,1360030,Region,..Chattogram,0,,0,1,CNIYCFCBTB,BDDHS2017360003,2017-18,DHS,469.0,365.0,,,1.0
BGD,Sylhet,1367977,Breastfed children 6-23 months fed both 4+ food groups and the minimum meal frequency,27.8,1,BD,Bangladesh,2017,BD2017DHS,CN_IYCF_C_BTB,104436030,I,360004,1360040,Region,..Sylhet,0,,0,1,CNIYCFCBTB,BDDHS2017360004,2017-18,DHS,184.0,325.0,,,1.0
BGD,Dhaka before 2015,21911,Breastfed children 6-23 months fed both 4+ food groups and the minimum meal frequency,37.7,1,BD,Bangladesh,2017,BD2017DHS,CN_IYCF_C_BTB,104436030,I,360005,1360050,Region,Dhaka before 2015,0,,0,1,CNIYCFCBTB,BDDHS2017360005,2017-18,DHS,757.0,592.0,,,
BGD,Dhaka,7126690,Breastfed children 6-23 months fed both 4+ food groups and the minimum meal frequency,38.9,1,BD,Bangladesh,2017,BD2017DHS,CN_IYCF_C_BTB,104436030,I,360010,1360052,Region,..Dhaka,0,,0,1,CNIYCFCBTB,BDDHS2017360010,2017-18,DHS,561.0,317.0,,,1.0
BGD,Mymensingh,1367994,Breastfed children 6-23 months fed both 4+ food groups and the minimum meal frequency,34.2,1,BD,Bangladesh,2017,BD2017DHS,CN_IYCF_C_BTB,104436030,I,360011,1360055,Region,..Mymensingh,0,,0,1,CNIYCFCBTB,BDDHS2017360011,2017-18,DHS,196.0,275.0,,,1.0
BGD,Khulna,5417496,Breastfed children 6-23 months fed both 4+ food groups and the minimum meal frequency,35.3,1,BD,Bangladesh,2017,BD2017DHS,CN_IYCF_C_BTB,104436030,I,360006,1360060,Region,Khulna,0,,0,1,CNIYCFCBTB,BDDHS2017360006,2017-18,DHS,213.0,234.0,,,1.0
BGD,Rajshahi/Rangpur,2594058,Breastfed children 6-23 months fed both 4+ food groups and the minimum meal frequency,39.1,1,BD,Bangladesh,2017,BD2017DHS,CN_IYCF_C_BTB,104436030,I,360007,1360070,Region,Rajshahi/Rangpur,0,,0,1,CNIYCFCBTB,BDDHS2017360007,2017-18,DHS,540.0,516.0,,,
BGD,Rangpur,6751799,Breastfed children 6-23 months fed both 4+ food groups and the minimum meal frequency,45.2,1,BD,Bangladesh,2017,BD2017DHS,CN_IYCF_C_BTB,104436030,I,360008,1360080,Region,..Rangpur,0,,0,1,CNIYCFCBTB,BDDHS2017360008,2017-18,DHS,273.0,277.0,,,1.0
BGD,Rajshahi,4724149,Breastfed children 6-23 months fed both 4+ food groups and the minimum meal frequency,32.9,1,BD,Bangladesh,2017,BD2017DHS,CN_IYCF_C_BTB,104436030,I,360009,1360090,Region,..Rajshahi,0,,0,1,CNIYCFCBTB,BDDHS2017360009,2017-18,DHS,266.0,239.0,,,1.0
BGD,Chattogram/Sylhet,6593740,Non-breastfed children 6-23 months fed milk or milk products,36.3,1,BD,Bangladesh,2017,BD2017DHS,CN_IYCF_C_MKN,104436060,I,360002,1360020,Region,Chattogram/Sylhet,0,,0,1,CNIYCFCMKN,BDDHS2017360002,2017-18,DHS,45.0,46.0,,,
BGD,Chattogram,415142,Non-breastfed children 6-23 months fed milk or milk products,33.6,1,BD,Bangladesh,2017,BD2017DHS,CN_IYCF_C_MKN,104436060,I,360003,1360030,Region,..Chattogram,0,,0,1,CNIYCFCMKN,BDDHS2017360003,2017-18,DHS,35.0,28.0,,,1.0
BGD,Dhaka before 2015,5543849,Non-breastfed children 6-23 months fed milk or milk products,41.2,1,BD,Bangladesh,2017,BD2017DHS,CN_IYCF_C_MKN,104436060,I,360005,1360050,Region,Dhaka before 2015,0,,0,1,CNIYCFCMKN,BDDHS2017360005,2017-18,DHS,76.0,56.0,,,
BGD,Dhaka,250660,Non-breastfed children 6-23 months fed milk or milk products,37.8,1,BD,Bangladesh,2017,BD2017DHS,CN_IYCF_C_MKN,104436060,I,360010,1360052,Region,..Dhaka,0,,0,1,CNIYCFCMKN,BDDHS2017360010,2017-18,DHS,62.0,38.0,,,1.0
BGD,Chattogram/Sylhet,6593739,Non-breastfed children 6-23 months with 3 IYCF practices,25.7,1,BD,Bangladesh,2017,BD2017DHS,CN_IYCF_C_3PN,104436090,I,360002,1360020,Region,Chattogram/Sylhet,0,,0,1,CNIYCFC3PN,BDDHS2017360002,2017-18,DHS,45.0,46.0,,,
BGD,Chattogram,415094,Non-breastfed children 6-23 months with 3 IYCF practices,26.5,1,BD,Bangladesh,2017,BD2017DHS,CN_IYCF_C_3PN,104436090,I,360003,1360030,Region,..Chattogram,0,,0,1,CNIYCFC3PN,BDDHS2017360003,2017-18,DHS,35.0,28.0,,,1.0
BGD,Dhaka before 2015,5543852,Non-breastfed children 6-23 months with 3 IYCF practices,23.6,1,BD,Bangladesh,2017,BD2017DHS,CN_IYCF_C_3PN,104436090,I,360005,1360050,Region,Dhaka before 2015,0,,0,1,CNIYCFC3PN,BDDHS2017360005,2017-18,DHS,76.0,56.0,,,
BGD,Dhaka,250724,Non-breastfed children 6-23 months with 3 IYCF practices,18.3,1,BD,Bangladesh,2017,BD2017DHS,CN_IYCF_C_3PN,104436090,I,360010,1360052,Region,..Dhaka,0,,0,1,CNIYCFC3PN,BDDHS2017360010,2017-18,DHS,62.0,38.0,,,1.0
BGD,Barishal,1367996,Children 6-23 months fed 5+ food groups,34.1,1,BD,Bangladesh,2017,BD2017DHS,CN_IYCF_C_4FA,104436130,I,360001,1360010,Region,Barishal,0,,0,1,CNIYCFC4FA,BDDHS2017360001,2017-18,DHS,141.0,262.0,,,1.0
BGD,Chattogram/Sylhet,1361822,Children 6-23 months fed 5+ food groups,36.2,1,BD,Bangladesh,2017,BD2017DHS,CN_IYCF_C_4FA,104436130,I,360002,1360020,Region,Chattogram/Sylhet,0,,0,1,CNIYCFC4FA,BDDHS2017360002,2017-18,DHS,698.0,736.0,,,
BGD,Chattogram,5740688,Children 6-23 months fed 5+ food groups,38.0,1,BD,Bangladesh,2017,BD2017DHS,CN_IYCF_C_4FA,104436130,I,360003,1360030,Region,..Chattogram,0,,0,1,CNIYCFC4FA,BDDHS2017360003,2017-18,DHS,504.0,393.0,,,1.0
BGD,Sylhet,3668763,Children 6-23 months fed 5+ food groups,31.5,1,BD,Bangladesh,2017,BD2017DHS,CN_IYCF_C_4FA,104436130,I,360004,1360040,Region,..Sylhet,0,,0,1,CNIYCFC4FA,BDDHS2017360004,2017-18,DHS,194.0,343.0,,,1.0
BGD,Dhaka before 2015,4768987,Children 6-23 months fed 5+ food groups,39.4,1,BD,Bangladesh,2017,BD2017DHS,CN_IYCF_C_4FA,104436130,I,360005,1360050,Region,Dhaka before 2015,0,,0,1,CNIYCFC4FA,BDDHS2017360005,2017-18,DHS,833.0,648.0,,,
BGD,Dhaka,627626,Children 6-23 months fed 5+ food groups,40.3,1,BD,Bangladesh,2017,BD2017DHS,CN_IYCF_C_4FA,104436130,I,360010,1360052,Region,..Dhaka,0,,0,1,CNIYCFC4FA,BDDHS2017360010,2017-18,DHS,623.0,355.0,,,1.0
BGD,Mymensingh,3001966,Children 6-23 months fed 5+ food groups,36.8,1,BD,Bangladesh,2017,BD2017DHS,CN_IYCF_C_4FA,104436130,I,360011,1360055,Region,..Mymensingh,0,,0,1,CNIYCFC4FA,BDDHS2017360011,2017-18,DHS,210.0,293.0,,,1.0
BGD,Khulna,4789570,Children 6-23 months fed 5+ food groups,36.8,1,BD,Bangladesh,2017,BD2017DHS,CN_IYCF_C_4FA,104436130,I,360006,1360060,Region,Khulna,0,,0,1,CNIYCFC4FA,BDDHS2017360006,2017-18,DHS,218.0,240.0,,,1.0
BGD,Rajshahi/Rangpur,5821205,Children 6-23 months fed 5+ food groups,41.4,1,BD,Bangladesh,2017,BD2017DHS,CN_IYCF_C_4FA,104436130,I,360007,1360070,Region,Rajshahi/Rangpur,0,,0,1,CNIYCFC4FA,BDDHS2017360007,2017-18,DHS,558.0,539.0,,,
BGD,Rangpur,5329867,Children 6-23 months fed 5+ food groups,47.3,1,BD,Bangladesh,2017,BD2017DHS,CN_IYCF_C_4FA,104436130,I,360008,1360080,Region,..Rangpur,0,,0,1,CNIYCFC4FA,BDDHS2017360008,2017-18,DHS,278.0,284.0,,,1.0
BGD,Rajshahi,3768984,Children 6-23 months fed 5+ food groups,35.5,1,BD,Bangladesh,2017,BD2017DHS,CN_IYCF_C_4FA,104436130,I,360009,1360090,Region,..Rajshahi,0,,0,1,CNIYCFC4FA,BDDHS2017360009,2017-18,DHS,281.0,255.0,,,1.0
BGD,Barishal,1367997,Children 6-23 months fed the minimum meal frequency,76.5,1,BD,Bangladesh,2017,BD2017DHS,CN_IYCF_C_MNA,104436140,I,360001,1360010,Region,Barishal,0,,0,1,CNIYCFCMNA,BDDHS2017360001,2017-18,DHS,141.0,262.0,,,1.0
BGD,Chattogram/Sylhet,1361827,Children 6-23 months fed the minimum meal frequency,77.0,1,BD,Bangladesh,2017,BD2017DHS,CN_IYCF_C_MNA,104436140,I,360002,1360020,Region,Chattogram/Sylhet,0,,0,1,CNIYCFCMNA,BDDHS2017360002,2017-18,DHS,698.0,736.0,,,
BGD,Chattogram,5740708,Children 6-23 months fed the minimum meal frequency,76.5,1,BD,Bangladesh,2017,BD2017DHS,CN_IYCF_C_MNA,104436140,I,360003,1360030,Region,..Chattogram,0,,0,1,CNIYCFCMNA,BDDHS2017360003,2017-18,DHS,504.0,393.0,,,1.0
BGD,Sylhet,3668765,Children 6-23 months fed the minimum meal frequency,78.2,1,BD,Bangladesh,2017,BD2017DHS,CN_IYCF_C_MNA,104436140,I,360004,1360040,Region,..Sylhet,0,,0,1,CNIYCFCMNA,BDDHS2017360004,2017-18,DHS,194.0,343.0,,,1.0
BGD,Dhaka before 2015,4768988,Children 6-23 months fed the minimum meal frequency,82.9,1,BD,Bangladesh,2017,BD2017DHS,CN_IYCF_C_MNA,104436140,I,360005,1360050,Region,Dhaka before 2015,0,,0,1,CNIYCFCMNA,BDDHS2017360005,2017-18,DHS,833.0,648.0,,,
BGD,Dhaka,627627,Children 6-23 months fed the minimum meal frequency,81.6,1,BD,Bangladesh,2017,BD2017DHS,CN_IYCF_C_MNA,104436140,I,360010,1360052,Region,..Dhaka,0,,0,1,CNIYCFCMNA,BDDHS2017360010,2017-18,DHS,623.0,355.0,,,1.0
BGD,Mymensingh,3001994,Children 6-23 months fed the minimum meal frequency,86.6,1,BD,Bangladesh,2017,BD2017DHS,CN_IYCF_C_MNA,104436140,I,360011,1360055,Region,..Mymensingh,0,,0,1,CNIYCFCMNA,BDDHS2017360011,2017-18,DHS,210.0,293.0,,,1.0
BGD,Khulna,4789571,Children 6-23 months fed the minimum meal frequency,87.3,1,BD,Bangladesh,2017,BD2017DHS,CN_IYCF_C_MNA,104436140,I,360006,1360060,Region,Khulna,0,,0,1,CNIYCFCMNA,BDDHS2017360006,2017-18,DHS,218.0,240.0,,,1.0
BGD,Rajshahi/Rangpur,5821206,Children 6-23 months fed the minimum meal frequency,82.0,1,BD,Bangladesh,2017,BD2017DHS,CN_IYCF_C_MNA,104436140,I,360007,1360070,Region,Rajshahi/Rangpur,0,,0,1,CNIYCFCMNA,BDDHS2017360007,2017-18,DHS,558.0,539.0,,,
BGD,Rangpur,5329868,Children 6-23 months fed the minimum meal frequency,86.2,1,BD,Bangladesh,2017,BD2017DHS,CN_IYCF_C_MNA,104436140,I,360008,1360080,Region,..Rangpur,0,,0,1,CNIYCFCMNA,BDDHS2017360008,2017-18,DHS,278.0,284.0,,,1.0
BGD,Rajshahi,3768985,Children 6-23 months fed the minimum meal frequency,77.9,1,BD,Bangladesh,2017,BD2017DHS,CN_IYCF_C_MNA,104436140,I,360009,1360090,Region,..Rajshahi,0,,0,1,CNIYCFCMNA,BDDHS2017360009,2017-18,DHS,281.0,255.0,,,1.0
BGD,Barishal,1368006,Children 6-23 months with 3 IYCF practices,31.4,1,BD,Bangladesh,2017,BD2017DHS,CN_IYCF_C_3PA,104436150,I,360001,1360010,Region,Barishal,0,,0,1,CNIYCFC3PA,BDDHS2017360001,2017-18,DHS,141.0,262.0,,,1.0
BGD,Chattogram/Sylhet,1361828,Children 6-23 months with 3 IYCF practices,32.3,1,BD,Bangladesh,2017,BD2017DHS,CN_IYCF_C_3PA,104436150,I,360002,1360020,Region,Chattogram/Sylhet,0,,0,1,CNIYCFC3PA,BDDHS2017360002,2017-18,DHS,698.0,736.0,,,
BGD,Chattogram,5740709,Children 6-23 months with 3 IYCF practices,34.1,1,BD,Bangladesh,2017,BD2017DHS,CN_IYCF_C_3PA,104436150,I,360003,1360030,Region,..Chattogram,0,,0,1,CNIYCFC3PA,BDDHS2017360003,2017-18,DHS,504.0,393.0,,,1.0
BGD,Sylhet,3668766,Children 6-23 months with 3 IYCF practices,27.6,1,BD,Bangladesh,2017,BD2017DHS,CN_IYCF_C_3PA,104436150,I,360004,1360040,Region,..Sylhet,0,,0,1,CNIYCFC3PA,BDDHS2017360004,2017-18,DHS,194.0,343.0,,,1.0
BGD,Dhaka before 2015,4769064,Children 6-23 months with 3 IYCF practices,36.4,1,BD,Bangladesh,2017,BD2017DHS,CN_IYCF_C_3PA,104436150,I,360005,1360050,Region,Dhaka before 2015,0,,0,1,CNIYCFC3PA,BDDHS2017360005,2017-18,DHS,833.0,648.0,,,
BGD,Dhaka,627628,Children 6-23 months with 3 IYCF practices,36.9,1,BD,Bangladesh,2017,BD2017DHS,CN_IYCF_C_3PA,104436150,I,360010,1360052,Region,..Dhaka,0,,0,1,CNIYCFC3PA,BDDHS2017360010,2017-18,DHS,623.0,355.0,,,1.0
BGD,Mymensingh,3001996,Children 6-23 months with 3 IYCF practices,35.1,1,BD,Bangladesh,2017,BD2017DHS,CN_IYCF_C_3PA,104436150,I,360011,1360055,Region,..Mymensingh,0,,0,1,CNIYCFC3PA,BDDHS2017360011,2017-18,DHS,210.0,293.0,,,1.0
BGD,Khulna,4789572,Children 6-23 months with 3 IYCF practices,34.5,1,BD,Bangladesh,2017,BD2017DHS,CN_IYCF_C_3PA,104436150,I,360006,1360060,Region,Khulna,0,,0,1,CNIYCFC3PA,BDDHS2017360006,2017-18,DHS,218.0,240.0,,,1.0
BGD,Rajshahi/Rangpur,5821207,Children 6-23 months with 3 IYCF practices,39.2,1,BD,Bangladesh,2017,BD2017DHS,CN_IYCF_C_3PA,104436150,I,360007,1360070,Region,Rajshahi/Rangpur,0,,0,1,CNIYCFC3PA,BDDHS2017360007,2017-18,DHS,558.0,539.0,,,
BGD,Rangpur,5329869,Children 6-23 months with 3 IYCF practices,44.7,1,BD,Bangladesh,2017,BD2017DHS,CN_IYCF_C_3PA,104436150,I,360008,1360080,Region,..Rangpur,0,,0,1,CNIYCFC3PA,BDDHS2017360008,2017-18,DHS,278.0,284.0,,,1.0
BGD,Rajshahi,3768986,Children 6-23 months with 3 IYCF practices,33.7,1,BD,Bangladesh,2017,BD2017DHS,CN_IYCF_C_3PA,104436150,I,360009,1360090,Region,..Rajshahi,0,,0,1,CNIYCFC3PA,BDDHS2017360009,2017-18,DHS,281.0,255.0,,,1.0
BGD,Barishal,5843777,Wife beating justified for at least one specific reason [Women],26.6,1,BD,Bangladesh,2017,BD2017DHS,WE_AWBT_W_AGR,176433060,I,360001,1360010,Region,Barishal,0,,0,1,WEAWBTWAGR,BDDHS2017360001,2017-18,DHS,1125.0,2154.0,,,1.0
BGD,Chattogram/Sylhet,2699217,Wife beating justified for at least one specific reason [Women],19.6,1,BD,Bangladesh,2017,BD2017DHS,WE_AWBT_W_AGR,176433060,I,360002,1360020,Region,Chattogram/Sylhet,0,,0,1,WEAWBTWAGR,BDDHS2017360002,2017-18,DHS,4814.0,5134.0,,,
BGD,Chattogram,142423,Wife beating justified for at least one specific reason [Women],20.0,1,BD,Bangladesh,2017,BD2017DHS,WE_AWBT_W_AGR,176433060,I,360003,1360030,Region,..Chattogram,0,,0,1,WEAWBTWAGR,BDDHS2017360003,2017-18,DHS,3622.0,2905.0,,,1.0
BGD,Sylhet,2550286,Wife beating justified for at least one specific reason [Women],18.4,1,BD,Bangladesh,2017,BD2017DHS,WE_AWBT_W_AGR,176433060,I,360004,1360040,Region,..Sylhet,0,,0,1,WEAWBTWAGR,BDDHS2017360004,2017-18,DHS,1192.0,2229.0,,,1.0
BGD,Dhaka before 2015,6746141,Wife beating justified for at least one specific reason [Women],18.6,1,BD,Bangladesh,2017,BD2017DHS,WE_AWBT_W_AGR,176433060,I,360005,1360050,Region,Dhaka before 2015,0,,0,1,WEAWBTWAGR,BDDHS2017360005,2017-18,DHS,6669.0,5141.0,,,
BGD,Dhaka,4801926,Wife beating justified for at least one specific reason [Women],18.7,1,BD,Bangladesh,2017,BD2017DHS,WE_AWBT_W_AGR,176433060,I,360010,1360052,Region,..Dhaka,0,,0,1,WEAWBTWAGR,BDDHS2017360010,2017-18,DHS,5123.0,2974.0,,,1.0
BGD,Mymensingh,3285423,Wife beating justified for at least one specific reason [Women],18.6,1,BD,Bangladesh,2017,BD2017DHS,WE_AWBT_W_AGR,176433060,I,360011,1360055,Region,..Mymensingh,0,,0,1,WEAWBTWAGR,BDDHS2017360011,2017-18,DHS,1546.0,2167.0,,,1.0
BGD,Khulna,6584887,Wife beating justified for at least one specific reason [Women],20.9,1,BD,Bangladesh,2017,BD2017DHS,WE_AWBT_W_AGR,176433060,I,360006,1360060,Region,Khulna,0,,0,1,WEAWBTWAGR,BDDHS2017360006,2017-18,DHS,2336.0,2630.0,,,1.0
BGD,Rajshahi/Rangpur,2417595,Wife beating justified for at least one specific reason [Women],20.7,1,BD,Bangladesh,2017,BD2017DHS,WE_AWBT_W_AGR,176433060,I,360007,1360070,Region,Rajshahi/Rangpur,0,,0,1,WEAWBTWAGR,BDDHS2017360007,2017-18,DHS,5182.0,5068.0,,,
BGD,Rangpur,7084611,Wife beating justified for at least one specific reason [Women],19.5,1,BD,Bangladesh,2017,BD2017DHS,WE_AWBT_W_AGR,176433060,I,360008,1360080,Region,..Rangpur,0,,0,1,WEAWBTWAGR,BDDHS2017360008,2017-18,DHS,2380.0,2492.0,,,1.0
BGD,Rajshahi,2425478,Wife beating justified for at least one specific reason [Women],21.8,1,BD,Bangladesh,2017,BD2017DHS,WE_AWBT_W_AGR,176433060,I,360009,1360090,Region,..Rajshahi,0,,0,1,WEAWBTWAGR,BDDHS2017360009,2017-18,DHS,2802.0,2576.0,,,1.0
BGD,Barishal,5929530,Children registered,25.1,1,BD,Bangladesh,2017,BD2017DHS,CP_BREG_C_REG,220906030,I,360001,1360010,Region,Barishal,0,,0,1,CPBREGCREG,BDDHS2017360001,2017-18,DHS,465.0,857.0,,,1.0
BGD,Chattogram/Sylhet,5538028,Children registered,31.0,1,BD,Bangladesh,2017,BD2017DHS,CP_BREG_C_REG,220906030,I,360002,1360020,Region,Chattogram/Sylhet,0,,0,1,CPBREGCREG,BDDHS2017360002,2017-18,DHS,2367.0,2525.0,,,
BGD,Chattogram,3697490,Children registered,30.0,1,BD,Bangladesh,2017,BD2017DHS,CP_BREG_C_REG,220906030,I,360003,1360030,Region,..Chattogram,0,,0,1,CPBREGCREG,BDDHS2017360003,2017-18,DHS,1702.0,1335.0,,,1.0
BGD,Sylhet,6845783,Children registered,33.5,1,BD,Bangladesh,2017,BD2017DHS,CP_BREG_C_REG,220906030,I,360004,1360040,Region,..Sylhet,0,,0,1,CPBREGCREG,BDDHS2017360004,2017-18,DHS,666.0,1190.0,,,1.0
BGD,Dhaka before 2015,4803908,Children registered,25.9,1,BD,Bangladesh,2017,BD2017DHS,CP_BREG_C_REG,220906030,I,360005,1360050,Region,Dhaka before 2015,0,,0,1,CPBREGCREG,BDDHS2017360005,2017-18,DHS,2805.0,2220.0,,,
BGD,Dhaka,4116974,Children registered,27.9,1,BD,Bangladesh,2017,BD2017DHS,CP_BREG_C_REG,220906030,I,360010,1360052,Region,..Dhaka,0,,0,1,CPBREGCREG,BDDHS2017360010,2017-18,DHS,2087.0,1221.0,,,1.0
BGD,Mymensingh,3400594,Children registered,20.1,1,BD,Bangladesh,2017,BD2017DHS,CP_BREG_C_REG,220906030,I,360011,1360055,Region,..Mymensingh,0,,0,1,CPBREGCREG,BDDHS2017360011,2017-18,DHS,718.0,999.0,,,1.0
BGD,Khulna,6217352,Children registered,21.0,1,BD,Bangladesh,2017,BD2017DHS,CP_BREG_C_REG,220906030,I,360006,1360060,Region,Khulna,0,,0,1,CPBREGCREG,BDDHS2017360006,2017-18,DHS,788.0,876.0,,,1.0
BGD,Rajshahi/Rangpur,5278831,Children registered,18.8,1,BD,Bangladesh,2017,BD2017DHS,CP_BREG_C_REG,220906030,I,360007,1360070,Region,Rajshahi/Rangpur,0,,0,1,CPBREGCREG,BDDHS2017360007,2017-18,DHS,1922.0,1848.0,,,
BGD,Rangpur,1381964,Children registered,21.1,1,BD,Bangladesh,2017,BD2017DHS,CP_BREG_C_REG,220906030,I,360008,1360080,Region,..Rangpur,0,,0,1,CPBREGCREG,BDDHS2017360008,2017-18,DHS,920.0,959.0,,,1.0
BGD,Rajshahi,5148097,Children registered,16.7,1,BD,Bangladesh,2017,BD2017DHS,CP_BREG_C_REG,220906030,I,360009,1360090,Region,..Rajshahi,0,,0,1,CPBREGCREG,BDDHS2017360009,2017-18,DHS,1002.0,889.0,,,1.0
BGD,Barishal,1368343,Gender parity index for net primary school attendance,1.0,2,BD,Bangladesh,2017,BD2017DHS,ED_NARP_B_GPI,231035040,I,360001,1360010,Region,Barishal,0,,0,1,EDNARPBGPI,BDDHS2017360001,2017-18,DHS,,,,,1.0
BGD,Chattogram/Sylhet,1362148,Gender parity index for net primary school attendance,1.02,2,BD,Bangladesh,2017,BD2017DHS,ED_NARP_B_GPI,231035040,I,360002,1360020,Region,Chattogram/Sylhet,0,,0,1,EDNARPBGPI,BDDHS2017360002,2017-18,DHS,,,,,
BGD,Chattogram,1368324,Gender parity index for net primary school attendance,1.01,2,BD,Bangladesh,2017,BD2017DHS,ED_NARP_B_GPI,231035040,I,360003,1360030,Region,..Chattogram,0,,0,1,EDNARPBGPI,BDDHS2017360003,2017-18,DHS,,,,,1.0
BGD,Sylhet,1368330,Gender parity index for net primary school attendance,1.04,2,BD,Bangladesh,2017,BD2017DHS,ED_NARP_B_GPI,231035040,I,360004,1360040,Region,..Sylhet,0,,0,1,EDNARPBGPI,BDDHS2017360004,2017-18,DHS,,,,,1.0
BGD,Dhaka before 2015,1362179,Gender parity index for net primary school attendance,1.03,2,BD,Bangladesh,2017,BD2017DHS,ED_NARP_B_GPI,231035040,I,360005,1360050,Region,Dhaka before 2015,0,,0,1,EDNARPBGPI,BDDHS2017360005,2017-18,DHS,,,,,
BGD,Dhaka,1362157,Gender parity index for net primary school attendance,1.04,2,BD,Bangladesh,2017,BD2017DHS,ED_NARP_B_GPI,231035040,I,360010,1360052,Region,..Dhaka,0,,0,1,EDNARPBGPI,BDDHS2017360010,2017-18,DHS,,,,,1.0
BGD,Mymensingh,1368339,Gender parity index for net primary school attendance,1.02,2,BD,Bangladesh,2017,BD2017DHS,ED_NARP_B_GPI,231035040,I,360011,1360055,Region,..Mymensingh,0,,0,1,EDNARPBGPI,BDDHS2017360011,2017-18,DHS,,,,,1.0
BGD,Khulna,1375238,Gender parity index for net primary school attendance,1.07,2,BD,Bangladesh,2017,BD2017DHS,ED_NARP_B_GPI,231035040,I,360006,1360060,Region,Khulna,0,,0,1,EDNARPBGPI,BDDHS2017360006,2017-18,DHS,,,,,1.0
BGD,Rajshahi/Rangpur,1375263,Gender parity index for net primary school attendance,1.05,2,BD,Bangladesh,2017,BD2017DHS,ED_NARP_B_GPI,231035040,I,360007,1360070,Region,Rajshahi/Rangpur,0,,0,1,EDNARPBGPI,BDDHS2017360007,2017-18,DHS,,,,,
BGD,Rangpur,1382019,Gender parity index for net primary school attendance,1.02,2,BD,Bangladesh,2017,BD2017DHS,ED_NARP_B_GPI,231035040,I,360008,1360080,Region,..Rangpur,0,,0,1,EDNARPBGPI,BDDHS2017360008,2017-18,DHS,,,,,1.0
BGD,Rajshahi,1382042,Gender parity index for net primary school attendance,1.06,2,BD,Bangladesh,2017,BD2017DHS,ED_NARP_B_GPI,231035040,I,360009,1360090,Region,..Rajshahi,0,,0,1,EDNARPBGPI,BDDHS2017360009,2017-18,DHS,,,,,1.0
BGD,Barishal,1368373,Gender parity index for net secondary school attendance,1.09,2,BD,Bangladesh,2017,BD2017DHS,ED_NARS_B_GPI,231105040,I,360001,1360010,Region,Barishal,0,,0,1,EDNARSBGPI,BDDHS2017360001,2017-18,DHS,,,,,1.0
BGD,Chattogram/Sylhet,1362201,Gender parity index for net secondary school attendance,1.16,2,BD,Bangladesh,2017,BD2017DHS,ED_NARS_B_GPI,231105040,I,360002,1360020,Region,Chattogram/Sylhet,0,,0,1,EDNARSBGPI,BDDHS2017360002,2017-18,DHS,,,,,
BGD,Chattogram,1368381,Gender parity index for net secondary school attendance,1.17,2,BD,Bangladesh,2017,BD2017DHS,ED_NARS_B_GPI,231105040,I,360003,1360030,Region,..Chattogram,0,,0,1,EDNARSBGPI,BDDHS2017360003,2017-18,DHS,,,,,1.0
BGD,Sylhet,1368358,Gender parity index for net secondary school attendance,1.12,2,BD,Bangladesh,2017,BD2017DHS,ED_NARS_B_GPI,231105040,I,360004,1360040,Region,..Sylhet,0,,0,1,EDNARSBGPI,BDDHS2017360004,2017-18,DHS,,,,,1.0
BGD,Dhaka before 2015,1362183,Gender parity index for net secondary school attendance,1.12,2,BD,Bangladesh,2017,BD2017DHS,ED_NARS_B_GPI,231105040,I,360005,1360050,Region,Dhaka before 2015,0,,0,1,EDNARSBGPI,BDDHS2017360005,2017-18,DHS,,,,,
BGD,Dhaka,1362155,Gender parity index for net secondary school attendance,1.13,2,BD,Bangladesh,2017,BD2017DHS,ED_NARS_B_GPI,231105040,I,360010,1360052,Region,..Dhaka,0,,0,1,EDNARSBGPI,BDDHS2017360010,2017-18,DHS,,,,,1.0
BGD,Mymensingh,1368337,Gender parity index for net secondary school attendance,1.1,2,BD,Bangladesh,2017,BD2017DHS,ED_NARS_B_GPI,231105040,I,360011,1360055,Region,..Mymensingh,0,,0,1,EDNARSBGPI,BDDHS2017360011,2017-18,DHS,,,,,1.0
BGD,Khulna,1375241,Gender parity index for net secondary school attendance,1.17,2,BD,Bangladesh,2017,BD2017DHS,ED_NARS_B_GPI,231105040,I,360006,1360060,Region,Khulna,0,,0,1,EDNARSBGPI,BDDHS2017360006,2017-18,DHS,,,,,1.0
BGD,Rajshahi/Rangpur,1375282,Gender parity index for net secondary school attendance,1.07,2,BD,Bangladesh,2017,BD2017DHS,ED_NARS_B_GPI,231105040,I,360007,1360070,Region,Rajshahi/Rangpur,0,,0,1,EDNARSBGPI,BDDHS2017360007,2017-18,DHS,,,,,
BGD,Rangpur,1382016,Gender parity index for net secondary school attendance,1.04,2,BD,Bangladesh,2017,BD2017DHS,ED_NARS_B_GPI,231105040,I,360008,1360080,Region,..Rangpur,0,,0,1,EDNARSBGPI,BDDHS2017360008,2017-18,DHS,,,,,1.0
BGD,Rajshahi,1382032,Gender parity index for net secondary school attendance,1.09,2,BD,Bangladesh,2017,BD2017DHS,ED_NARS_B_GPI,231105040,I,360009,1360090,Region,..Rajshahi,0,,0,1,EDNARSBGPI,BDDHS2017360009,2017-18,DHS,,,,,1.0
BGD,Barishal,5577139,Population using an improved water source,97.7,1,BD,Bangladesh,2017,BD2017DHS,WS_SRCE_P_IMP,250162010,I,360001,1360010,Region,Barishal,0,,0,1,WSSRCEPIMP,BDDHS2017360001,2017-18,DHS,4712.0,8872.0,,,1.0
BGD,Chattogram/Sylhet,4288303,Population using an improved water source,98.3,1,BD,Bangladesh,2017,BD2017DHS,WS_SRCE_P_IMP,250162010,I,360002,1360020,Region,Chattogram/Sylhet,0,,0,1,WSSRCEPIMP,BDDHS2017360002,2017-18,DHS,21206.0,23103.0,,,
BGD,Chattogram,7362539,Population using an improved water source,99.2,1,BD,Bangladesh,2017,BD2017DHS,WS_SRCE_P_IMP,250162010,I,360003,1360030,Region,..Chattogram,0,,0,1,WSSRCEPIMP,BDDHS2017360003,2017-18,DHS,15322.0,12200.0,,,1.0
BGD,Sylhet,2661419,Population using an improved water source,95.8,1,BD,Bangladesh,2017,BD2017DHS,WS_SRCE_P_IMP,250162010,I,360004,1360040,Region,..Sylhet,0,,0,1,WSSRCEPIMP,BDDHS2017360004,2017-18,DHS,5883.0,10903.0,,,1.0
BGD,Dhaka before 2015,392587,Population using an improved water source,100.0,1,BD,Bangladesh,2017,BD2017DHS,WS_SRCE_P_IMP,250162010,I,360005,1360050,Region,Dhaka before 2015,0,,0,1,WSSRCEPIMP,BDDHS2017360005,2017-18,DHS,27378.0,21567.0,,,
BGD,Dhaka,3504341,Population using an improved water source,100.0,1,BD,Bangladesh,2017,BD2017DHS,WS_SRCE_P_IMP,250162010,I,360010,1360052,Region,..Dhaka,0,,0,1,WSSRCEPIMP,BDDHS2017360010,2017-18,DHS,20598.0,12093.0,,,1.0
BGD,Mymensingh,2846233,Population using an improved water source,100.0,1,BD,Bangladesh,2017,BD2017DHS,WS_SRCE_P_IMP,250162010,I,360011,1360055,Region,..Mymensingh,0,,0,1,WSSRCEPIMP,BDDHS2017360011,2017-18,DHS,6780.0,9474.0,,,1.0
BGD,Khulna,1374980,Population using an improved water source,91.6,1,BD,Bangladesh,2017,BD2017DHS,WS_SRCE_P_IMP,250162010,I,360006,1360060,Region,Khulna,0,,0,1,WSSRCEPIMP,BDDHS2017360006,2017-18,DHS,9252.0,10357.0,,,1.0
BGD,Rajshahi/Rangpur,1374965,Population using an improved water source,99.3,1,BD,Bangladesh,2017,BD2017DHS,WS_SRCE_P_IMP,250162010,I,360007,1360070,Region,Rajshahi/Rangpur,0,,0,1,WSSRCEPIMP,BDDHS2017360007,2017-18,DHS,20824.0,20219.0,,,
BGD,Rangpur,6203872,Population using an improved water source,99.9,1,BD,Bangladesh,2017,BD2017DHS,WS_SRCE_P_IMP,250162010,I,360008,1360080,Region,..Rangpur,0,,0,1,WSSRCEPIMP,BDDHS2017360008,2017-18,DHS,9719.0,10078.0,,,1.0
BGD,Rajshahi,4449494,Population using an improved water source,98.7,1,BD,Bangladesh,2017,BD2017DHS,WS_SRCE_P_IMP,250162010,I,360009,1360090,Region,..Rajshahi,0,,0,1,WSSRCEPIMP,BDDHS2017360009,2017-18,DHS,11105.0,10141.0,,,1.0
BGD,Barishal,5210782,Households using an appropriate treatment method,3.5,1,BD,Bangladesh,2017,BD2017DHS,WS_WTRT_H_APP,250231090,I,360001,1360010,Region,Barishal,0,,0,1,WSWTRTHAPP,BDDHS2017360001,2017-18,DHS,1090.0,2053.0,,,1.0
BGD,Chattogram/Sylhet,1361888,Households using an appropriate treatment method,12.4,1,BD,Bangladesh,2017,BD2017DHS,WS_WTRT_H_APP,250231090,I,360002,1360020,Region,Chattogram/Sylhet,0,,0,1,WSWTRTHAPP,BDDHS2017360002,2017-18,DHS,4413.0,4728.0,,,
BGD,Chattogram,7088996,Households using an appropriate treatment method,10.7,1,BD,Bangladesh,2017,BD2017DHS,WS_WTRT_H_APP,250231090,I,360003,1360030,Region,..Chattogram,0,,0,1,WSWTRTHAPP,BDDHS2017360003,2017-18,DHS,3301.0,2644.0,,,1.0
BGD,Sylhet,5847340,Households using an appropriate treatment method,17.6,1,BD,Bangladesh,2017,BD2017DHS,WS_WTRT_H_APP,250231090,I,360004,1360040,Region,..Sylhet,0,,0,1,WSWTRTHAPP,BDDHS2017360004,2017-18,DHS,1112.0,2084.0,,,1.0
BGD,Dhaka before 2015,1361861,Households using an appropriate treatment method,15.3,1,BD,Bangladesh,2017,BD2017DHS,WS_WTRT_H_APP,250231090,I,360005,1360050,Region,Dhaka before 2015,0,,0,1,WSWTRTHAPP,BDDHS2017360005,2017-18,DHS,6539.0,5129.0,,,
BGD,Dhaka,3938516,Households using an appropriate treatment method,19.8,1,BD,Bangladesh,2017,BD2017DHS,WS_WTRT_H_APP,250231090,I,360010,1360052,Region,..Dhaka,0,,0,1,WSWTRTHAPP,BDDHS2017360010,2017-18,DHS,4942.0,2912.0,,,1.0
BGD,Mymensingh,6353835,Households using an appropriate treatment method,1.7,1,BD,Bangladesh,2017,BD2017DHS,WS_WTRT_H_APP,250231090,I,360011,1360055,Region,..Mymensingh,0,,0,1,WSWTRTHAPP,BDDHS2017360011,2017-18,DHS,1597.0,2217.0,,,1.0
BGD,Khulna,3658596,Households using an appropriate treatment method,9.7,1,BD,Bangladesh,2017,BD2017DHS,WS_WTRT_H_APP,250231090,I,360006,1360060,Region,Khulna,0,,0,1,WSWTRTHAPP,BDDHS2017360006,2017-18,DHS,2253.0,2517.0,,,1.0
BGD,Rajshahi/Rangpur,1374946,Households using an appropriate treatment method,2.6,1,BD,Bangladesh,2017,BD2017DHS,WS_WTRT_H_APP,250231090,I,360007,1360070,Region,Rajshahi/Rangpur,0,,0,1,WSWTRTHAPP,BDDHS2017360007,2017-18,DHS,5162.0,5030.0,,,
BGD,Rangpur,468170,Households using an appropriate treatment method,1.3,1,BD,Bangladesh,2017,BD2017DHS,WS_WTRT_H_APP,250231090,I,360008,1360080,Region,..Rangpur,0,,0,1,WSWTRTHAPP,BDDHS2017360008,2017-18,DHS,2376.0,2467.0,,,1.0
BGD,Rajshahi,5235432,Households using an appropriate treatment method,3.6,1,BD,Bangladesh,2017,BD2017DHS,WS_WTRT_H_APP,250231090,I,360009,1360090,Region,..Rajshahi,0,,0,1,WSWTRTHAPP,BDDHS2017360009,2017-18,DHS,2786.0,2563.0,,,1.0
BGD,Barishal,5383711,Population with an improved sanitation facility,55.4,1,BD,Bangladesh,2017,BD2017DHS,WS_TLET_P_IMP,250262010,I,360001,1360010,Region,Barishal,0,,0,1,WSTLETPIMP,BDDHS2017360001,2017-18,DHS,4712.0,8872.0,,,1.0
BGD,Chattogram/Sylhet,5722656,Population with an improved sanitation facility,66.8,1,BD,Bangladesh,2017,BD2017DHS,WS_TLET_P_IMP,250262010,I,360002,1360020,Region,Chattogram/Sylhet,0,,0,1,WSTLETPIMP,BDDHS2017360002,2017-18,DHS,21206.0,23103.0,,,
BGD,Chattogram,6013671,Population with an improved sanitation facility,69.9,1,BD,Bangladesh,2017,BD2017DHS,WS_TLET_P_IMP,250262010,I,360003,1360030,Region,..Chattogram,0,,0,1,WSTLETPIMP,BDDHS2017360003,2017-18,DHS,15322.0,12200.0,,,1.0
BGD,Sylhet,6408519,Population with an improved sanitation facility,58.8,1,BD,Bangladesh,2017,BD2017DHS,WS_TLET_P_IMP,250262010,I,360004,1360040,Region,..Sylhet,0,,0,1,WSTLETPIMP,BDDHS2017360004,2017-18,DHS,5883.0,10903.0,,,1.0
BGD,Dhaka before 2015,314484,Population with an improved sanitation facility,66.1,1,BD,Bangladesh,2017,BD2017DHS,WS_TLET_P_IMP,250262010,I,360005,1360050,Region,Dhaka before 2015,0,,0,1,WSTLETPIMP,BDDHS2017360005,2017-18,DHS,27378.0,21567.0,,,
BGD,Dhaka,4049676,Population with an improved sanitation facility,70.5,1,BD,Bangladesh,2017,BD2017DHS,WS_TLET_P_IMP,250262010,I,360010,1360052,Region,..Dhaka,0,,0,1,WSTLETPIMP,BDDHS2017360010,2017-18,DHS,20598.0,12093.0,,,1.0
BGD,Mymensingh,3553484,Population with an improved sanitation facility,52.8,1,BD,Bangladesh,2017,BD2017DHS,WS_TLET_P_IMP,250262010,I,360011,1360055,Region,..Mymensingh,0,,0,1,WSTLETPIMP,BDDHS2017360011,2017-18,DHS,6780.0,9474.0,,,1.0
BGD,Khulna,6909496,Population with an improved sanitation facility,72.5,1,BD,Bangladesh,2017,BD2017DHS,WS_TLET_P_IMP,250262010,I,360006,1360060,Region,Khulna,0,,0,1,WSTLETPIMP,BDDHS2017360006,2017-18,DHS,9252.0,10357.0,,,1.0
BGD,Rajshahi/Rangpur,1375051,Population with an improved sanitation facility,62.7,1,BD,Bangladesh,2017,BD2017DHS,WS_TLET_P_IMP,250262010,I,360007,1360070,Region,Rajshahi/Rangpur,0,,0,1,WSTLETPIMP,BDDHS2017360007,2017-18,DHS,20824.0,20219.0,,,
BGD,Rangpur,5857700,Population with an improved sanitation facility,60.0,1,BD,Bangladesh,2017,BD2017DHS,WS_TLET_P_IMP,250262010,I,360008,1360080,Region,..Rangpur,0,,0,1,WSTLETPIMP,BDDHS2017360008,2017-18,DHS,9719.0,10078.0,,,1.0
BGD,Rajshahi,6042515,Population with an improved sanitation facility,65.1,1,BD,Bangladesh,2017,BD2017DHS,WS_TLET_P_IMP,250262010,I,360009,1360090,Region,..Rajshahi,0,,0,1,WSTLETPIMP,BDDHS2017360009,2017-18,DHS,11105.0,10141.0,,,1.0
BGD,Barishal,5712712,Households with a place for handwashing was observed,92.6,1,BD,Bangladesh,2017,BD2017DHS,WS_HNDW_H_OBS,250301010,I,360001,1360010,Region,Barishal,0,,0,1,WSHNDWHOBS,BDDHS2017360001,2017-18,DHS,1090.0,2053.0,,,1.0
BGD,Chattogram/Sylhet,3151451,Households with a place for handwashing was observed,94.4,1,BD,Bangladesh,2017,BD2017DHS,WS_HNDW_H_OBS,250301010,I,360002,1360020,Region,Chattogram/Sylhet,0,,0,1,WSHNDWHOBS,BDDHS2017360002,2017-18,DHS,4413.0,4728.0,,,
BGD,Chattogram,6784289,Households with a place for handwashing was observed,96.6,1,BD,Bangladesh,2017,BD2017DHS,WS_HNDW_H_OBS,250301010,I,360003,1360030,Region,..Chattogram,0,,0,1,WSHNDWHOBS,BDDHS2017360003,2017-18,DHS,3301.0,2644.0,,,1.0
BGD,Sylhet,1368219,Households with a place for handwashing was observed,87.6,1,BD,Bangladesh,2017,BD2017DHS,WS_HNDW_H_OBS,250301010,I,360004,1360040,Region,..Sylhet,0,,0,1,WSHNDWHOBS,BDDHS2017360004,2017-18,DHS,1112.0,2084.0,,,1.0
BGD,Dhaka before 2015,484895,Households with a place for handwashing was observed,98.7,1,BD,Bangladesh,2017,BD2017DHS,WS_HNDW_H_OBS,250301010,I,360005,1360050,Region,Dhaka before 2015,0,,0,1,WSHNDWHOBS,BDDHS2017360005,2017-18,DHS,6539.0,5129.0,,,
BGD,Dhaka,4888723,Households with a place for handwashing was observed,98.9,1,BD,Bangladesh,2017,BD2017DHS,WS_HNDW_H_OBS,250301010,I,360010,1360052,Region,..Dhaka,0,,0,1,WSHNDWHOBS,BDDHS2017360010,2017-18,DHS,4942.0,2912.0,,,1.0
BGD,Mymensingh,1368241,Households with a place for handwashing was observed,98.3,1,BD,Bangladesh,2017,BD2017DHS,WS_HNDW_H_OBS,250301010,I,360011,1360055,Region,..Mymensingh,0,,0,1,WSHNDWHOBS,BDDHS2017360011,2017-18,DHS,1597.0,2217.0,,,1.0
BGD,Khulna,3324323,Households with a place for handwashing was observed,98.4,1,BD,Bangladesh,2017,BD2017DHS,WS_HNDW_H_OBS,250301010,I,360006,1360060,Region,Khulna,0,,0,1,WSHNDWHOBS,BDDHS2017360006,2017-18,DHS,2253.0,2517.0,,,1.0
BGD,Rajshahi/Rangpur,3925684,Households with a place for handwashing was observed,98.2,1,BD,Bangladesh,2017,BD2017DHS,WS_HNDW_H_OBS,250301010,I,360007,1360070,Region,Rajshahi/Rangpur,0,,0,1,WSHNDWHOBS,BDDHS2017360007,2017-18,DHS,5162.0,5030.0,,,
BGD,Rangpur,7270746,Households with a place for handwashing was observed,99.4,1,BD,Bangladesh,2017,BD2017DHS,WS_HNDW_H_OBS,250301010,I,360008,1360080,Region,..Rangpur,0,,0,1,WSHNDWHOBS,BDDHS2017360008,2017-18,DHS,2376.0,2467.0,,,1.0
BGD,Rajshahi,1381872,Households with a place for handwashing was observed,97.2,1,BD,Bangladesh,2017,BD2017DHS,WS_HNDW_H_OBS,250301010,I,360009,1360090,Region,..Rajshahi,0,,0,1,WSHNDWHOBS,BDDHS2017360009,2017-18,DHS,2786.0,2563.0,,,1.0
BGD,Barishal,2924278,Households using solid fuel for cooking ,94.4,1,BD,Bangladesh,2017,BD2017DHS,HC_CKFL_H_SLD,260431140,I,360001,1360010,Region,Barishal,0,,0,1,HCCKFLHSLD,BDDHS2017360001,2017-18,DHS,1090.0,2053.0,,,1.0
BGD,Chattogram/Sylhet,2588403,Households using solid fuel for cooking ,78.7,1,BD,Bangladesh,2017,BD2017DHS,HC_CKFL_H_SLD,260431140,I,360002,1360020,Region,Chattogram/Sylhet,0,,0,1,HCCKFLHSLD,BDDHS2017360002,2017-18,DHS,4413.0,4728.0,,,
BGD,Chattogram,6380622,Households using solid fuel for cooking ,76.5,1,BD,Bangladesh,2017,BD2017DHS,HC_CKFL_H_SLD,260431140,I,360003,1360030,Region,..Chattogram,0,,0,1,HCCKFLHSLD,BDDHS2017360003,2017-18,DHS,3301.0,2644.0,,,1.0
BGD,Sylhet,333937,Households using solid fuel for cooking ,85.2,1,BD,Bangladesh,2017,BD2017DHS,HC_CKFL_H_SLD,260431140,I,360004,1360040,Region,..Sylhet,0,,0,1,HCCKFLHSLD,BDDHS2017360004,2017-18,DHS,1112.0,2084.0,,,1.0
BGD,Dhaka before 2015,5089314,Households using solid fuel for cooking ,62.4,1,BD,Bangladesh,2017,BD2017DHS,HC_CKFL_H_SLD,260431140,I,360005,1360050,Region,Dhaka before 2015,0,,0,1,HCCKFLHSLD,BDDHS2017360005,2017-18,DHS,6539.0,5129.0,,,
BGD,Dhaka,7430351,Households using solid fuel for cooking ,52.9,1,BD,Bangladesh,2017,BD2017DHS,HC_CKFL_H_SLD,260431140,I,360010,1360052,Region,..Dhaka,0,,0,1,HCCKFLHSLD,BDDHS2017360010,2017-18,DHS,4942.0,2912.0,,,1.0
BGD,Mymensingh,301876,Households using solid fuel for cooking ,91.7,1,BD,Bangladesh,2017,BD2017DHS,HC_CKFL_H_SLD,260431140,I,360011,1360055,Region,..Mymensingh,0,,0,1,HCCKFLHSLD,BDDHS2017360011,2017-18,DHS,1597.0,2217.0,,,1.0
BGD,Khulna,3079799,Households using solid fuel for cooking ,92.3,1,BD,Bangladesh,2017,BD2017DHS,HC_CKFL_H_SLD,260431140,I,360006,1360060,Region,Khulna,0,,0,1,HCCKFLHSLD,BDDHS2017360006,2017-18,DHS,2253.0,2517.0,,,1.0
BGD,Rajshahi/Rangpur,7052600,Households using solid fuel for cooking ,93.6,1,BD,Bangladesh,2017,BD2017DHS,HC_CKFL_H_SLD,260431140,I,360007,1360070,Region,Rajshahi/Rangpur,0,,0,1,HCCKFLHSLD,BDDHS2017360007,2017-18,DHS,5162.0,5030.0,,,
BGD,Rangpur,6098922,Households using solid fuel for cooking ,95.1,1,BD,Bangladesh,2017,BD2017DHS,HC_CKFL_H_SLD,260431140,I,360008,1360080,Region,..Rangpur,0,,0,1,HCCKFLHSLD,BDDHS2017360008,2017-18,DHS,2376.0,2467.0,,,1.0
BGD,Rajshahi,4289234,Households using solid fuel for cooking ,92.4,1,BD,Bangladesh,2017,BD2017DHS,HC_CKFL_H_SLD,260431140,I,360009,1360090,Region,..Rajshahi,0,,0,1,HCCKFLHSLD,BDDHS2017360009,2017-18,DHS,2786.0,2563.0,,,1.0
BGD,Barishal,2019253,Age specific fertility rate: 15-19,76.0,0,BD,Bangladesh,2022,BD2022DHS,FE_FRTR_W_A15,11763010,I,360001,1360010,Region,Barishal,0,,0,1,FEFRTRWA15,BDDHS2022360001,2022,DHS,,,,,1.0
BGD,Barishal,2019254,Age specific fertility rate: 15-19,76.0,0,BD,Bangladesh,2022,BD2022DHS,FE_FRTR_W_A15,11763010,I,360001,1360010,Region,Barishal,0,,0,1,FEFRTRWA15,BDDHS2022360001,2022,DHS,,,,,1.0
BGD,Chattogram/Sylhet,2019314,Age specific fertility rate: 15-19,83.0,0,BD,Bangladesh,2022,BD2022DHS,FE_FRTR_W_A15,11763010,I,360002,1360020,Region,Chattogram/Sylhet,0,,0,1,FEFRTRWA15,BDDHS2022360002,2022,DHS,,,,,
BGD,Chattogram,2019333,Age specific fertility rate: 15-19,94.0,0,BD,Bangladesh,2022,BD2022DHS,FE_FRTR_W_A15,11763010,I,360003,1360030,Region,..Chattogram,0,,0,1,FEFRTRWA15,BDDHS2022360003,2022,DHS,,,,,1.0
BGD,Chattogram,2019334,Age specific fertility rate: 15-19,94.0,0,BD,Bangladesh,2022,BD2022DHS,FE_FRTR_W_A15,11763010,I,360003,1360030,Region,..Chattogram,0,,0,1,FEFRTRWA15,BDDHS2022360003,2022,DHS,,,,,1.0
BGD,Sylhet,6207857,Age specific fertility rate: 15-19,54.0,0,BD,Bangladesh,2022,BD2022DHS,FE_FRTR_W_A15,11763010,I,360004,1360040,Region,..Sylhet,0,,0,1,FEFRTRWA15,BDDHS2022360004,2022,DHS,,,,,1.0
BGD,Sylhet,6207858,Age specific fertility rate: 15-19,54.0,0,BD,Bangladesh,2022,BD2022DHS,FE_FRTR_W_A15,11763010,I,360004,1360040,Region,..Sylhet,0,,0,1,FEFRTRWA15,BDDHS2022360004,2022,DHS,,,,,1.0
BGD,Dhaka before 2015,2026755,Age specific fertility rate: 15-19,90.0,0,BD,Bangladesh,2022,BD2022DHS,FE_FRTR_W_A15,11763010,I,360005,1360050,Region,Dhaka before 2015,0,,0,1,FEFRTRWA15,BDDHS2022360005,2022,DHS,,,,,
BGD,Dhaka,2026809,Age specific fertility rate: 15-19,91.0,0,BD,Bangladesh,2022,BD2022DHS,FE_FRTR_W_A15,11763010,I,360010,1360052,Region,..Dhaka,0,,0,1,FEFRTRWA15,BDDHS2022360010,2022,DHS,,,,,1.0
BGD,Dhaka,2026810,Age specific fertility rate: 15-19,91.0,0,BD,Bangladesh,2022,BD2022DHS,FE_FRTR_W_A15,11763010,I,360010,1360052,Region,..Dhaka,0,,0,1,FEFRTRWA15,BDDHS2022360010,2022,DHS,,,,,1.0
BGD,Mymensingh,2025921,Age specific fertility rate: 15-19,89.0,0,BD,Bangladesh,2022,BD2022DHS,FE_FRTR_W_A15,11763010,I,360011,1360055,Region,..Mymensingh,0,,0,1,FEFRTRWA15,BDDHS2022360011,2022,DHS,,,,,1.0
BGD,Mymensingh,2025922,Age specific fertility rate: 15-19,89.0,0,BD,Bangladesh,2022,BD2022DHS,FE_FRTR_W_A15,11763010,I,360011,1360055,Region,..Mymensingh,0,,0,1,FEFRTRWA15,BDDHS2022360011,2022,DHS,,,,,1.0
BGD,Khulna,2011944,Age specific fertility rate: 15-19,101.0,0,BD,Bangladesh,2022,BD2022DHS,FE_FRTR_W_A15,11763010,I,360006,1360060,Region,Khulna,0,,0,1,FEFRTRWA15,BDDHS2022360006,2022,DHS,,,,,1.0
BGD,Khulna,2011945,Age specific fertility rate: 15-19,101.0,0,BD,Bangladesh,2022,BD2022DHS,FE_FRTR_W_A15,11763010,I,360006,1360060,Region,Khulna,0,,0,1,FEFRTRWA15,BDDHS2022360006,2022,DHS,,,,,1.0
BGD,Rajshahi/Rangpur,2026770,Age specific fertility rate: 15-19,107.0,0,BD,Bangladesh,2022,BD2022DHS,FE_FRTR_W_A15,11763010,I,360007,1360070,Region,Rajshahi/Rangpur,0,,0,1,FEFRTRWA15,BDDHS2022360007,2022,DHS,,,,,
BGD,Rangpur,2011960,Age specific fertility rate: 15-19,113.0,0,BD,Bangladesh,2022,BD2022DHS,FE_FRTR_W_A15,11763010,I,360008,1360080,Region,..Rangpur,0,,0,1,FEFRTRWA15,BDDHS2022360008,2022,DHS,,,,,1.0
BGD,Rangpur,2011961,Age specific fertility rate: 15-19,113.0,0,BD,Bangladesh,2022,BD2022DHS,FE_FRTR_W_A15,11763010,I,360008,1360080,Region,..Rangpur,0,,0,1,FEFRTRWA15,BDDHS2022360008,2022,DHS,,,,,1.0
BGD,Rajshahi,6693907,Age specific fertility rate: 15-19,101.0,0,BD,Bangladesh,2022,BD2022DHS,FE_FRTR_W_A15,11763010,I,360009,1360090,Region,..Rajshahi,0,,0,1,FEFRTRWA15,BDDHS2022360009,2022,DHS,,,,,1.0
BGD,Rajshahi,6693908,Age specific fertility rate: 15-19,101.0,0,BD,Bangladesh,2022,BD2022DHS,FE_FRTR_W_A15,11763010,I,360009,1360090,Region,..Rajshahi,0,,0,1,FEFRTRWA15,BDDHS2022360009,2022,DHS,,,,,1.0
BGD,Barishal,5673378,Married women currently using any method of contraception,64.8,1,BD,Bangladesh,2022,BD2022DHS,FP_CUSM_W_ANY,32633010,I,360001,1360010,Region,Barishal,0,,0,1,FPCUSMWANY,BDDHS2022360001,2022,DHS,1153.0,2033.0,,,1.0
BGD,Barishal,5673379,Married women currently using any method of contraception,64.8,1,BD,Bangladesh,2022,BD2022DHS,FP_CUSM_W_ANY,32633010,I,360001,1360010,Region,Barishal,0,,0,1,FPCUSMWANY,BDDHS2022360001,2022,DHS,1153.0,2033.0,,,1.0
BGD,Chattogram/Sylhet,493794,Married women currently using any method of contraception,56.4,1,BD,Bangladesh,2022,BD2022DHS,FP_CUSM_W_ANY,32633010,I,360002,1360020,Region,Chattogram/Sylhet,0,,0,1,FPCUSMWANY,BDDHS2022360002,2022,DHS,4641.0,4817.0,,,
BGD,Chattogram,2119515,Married women currently using any method of contraception,57.5,1,BD,Bangladesh,2022,BD2022DHS,FP_CUSM_W_ANY,32633010,I,360003,1360030,Region,..Chattogram,0,,0,1,FPCUSMWANY,BDDHS2022360003,2022,DHS,3559.0,2821.0,,,1.0
BGD,Chattogram,2119516,Married women currently using any method of contraception,57.5,1,BD,Bangladesh,2022,BD2022DHS,FP_CUSM_W_ANY,32633010,I,360003,1360030,Region,..Chattogram,0,,0,1,FPCUSMWANY,BDDHS2022360003,2022,DHS,3559.0,2821.0,,,1.0
BGD,Sylhet,504008,Married women currently using any method of contraception,52.8,1,BD,Bangladesh,2022,BD2022DHS,FP_CUSM_W_ANY,32633010,I,360004,1360040,Region,..Sylhet,0,,0,1,FPCUSMWANY,BDDHS2022360004,2022,DHS,1082.0,1996.0,,,1.0
BGD,Sylhet,504009,Married women currently using any method of contraception,52.8,1,BD,Bangladesh,2022,BD2022DHS,FP_CUSM_W_ANY,32633010,I,360004,1360040,Region,..Sylhet,0,,0,1,FPCUSMWANY,BDDHS2022360004,2022,DHS,1082.0,1996.0,,,1.0
BGD,Dhaka before 2015,2107383,Married women currently using any method of contraception,63.7,1,BD,Bangladesh,2022,BD2022DHS,FP_CUSM_W_ANY,32633010,I,360005,1360050,Region,Dhaka before 2015,0,,0,1,FPCUSMWANY,BDDHS2022360005,2022,DHS,6267.0,4922.0,,,
BGD,Dhaka,5141260,Married women currently using any method of contraception,63.0,1,BD,Bangladesh,2022,BD2022DHS,FP_CUSM_W_ANY,32633010,I,360010,1360052,Region,..Dhaka,0,,0,1,FPCUSMWANY,BDDHS2022360010,2022,DHS,4817.0,2871.0,,,1.0
BGD,Dhaka,5141261,Married women currently using any method of contraception,63.0,1,BD,Bangladesh,2022,BD2022DHS,FP_CUSM_W_ANY,32633010,I,360010,1360052,Region,..Dhaka,0,,0,1,FPCUSMWANY,BDDHS2022360010,2022,DHS,4817.0,2871.0,,,1.0
BGD,Mymensingh,3413032,Married women currently using any method of contraception,66.1,1,BD,Bangladesh,2022,BD2022DHS,FP_CUSM_W_ANY,32633010,I,360011,1360055,Region,..Mymensingh,0,,0,1,FPCUSMWANY,BDDHS2022360011,2022,DHS,1450.0,2051.0,,,1.0
BGD,Mymensingh,3413033,Married women currently using any method of contraception,66.1,1,BD,Bangladesh,2022,BD2022DHS,FP_CUSM_W_ANY,32633010,I,360011,1360055,Region,..Mymensingh,0,,0,1,FPCUSMWANY,BDDHS2022360011,2022,DHS,1450.0,2051.0,,,1.0
BGD,Khulna,6235035,Married women currently using any method of contraception,66.5,1,BD,Bangladesh,2022,BD2022DHS,FP_CUSM_W_ANY,32633010,I,360006,1360060,Region,Khulna,0,,0,1,FPCUSMWANY,BDDHS2022360006,2022,DHS,2281.0,2478.0,,,1.0
BGD,Khulna,6235036,Married women currently using any method of contraception,66.5,1,BD,Bangladesh,2022,BD2022DHS,FP_CUSM_W_ANY,32633010,I,360006,1360060,Region,Khulna,0,,0,1,FPCUSMWANY,BDDHS2022360006,2022,DHS,2281.0,2478.0,,,1.0
BGD,Rajshahi/Rangpur,4145449,Married women currently using any method of contraception,70.3,1,BD,Bangladesh,2022,BD2022DHS,FP_CUSM_W_ANY,32633010,I,360007,1360070,Region,Rajshahi/Rangpur,0,,0,1,FPCUSMWANY,BDDHS2022360007,2022,DHS,4718.0,4737.0,,,
BGD,Rangpur,6464491,Married women currently using any method of contraception,70.7,1,BD,Bangladesh,2022,BD2022DHS,FP_CUSM_W_ANY,32633010,I,360008,1360080,Region,..Rangpur,0,,0,1,FPCUSMWANY,BDDHS2022360008,2022,DHS,2197.0,2298.0,,,1.0
BGD,Rangpur,6464492,Married women currently using any method of contraception,70.7,1,BD,Bangladesh,2022,BD2022DHS,FP_CUSM_W_ANY,32633010,I,360008,1360080,Region,..Rangpur,0,,0,1,FPCUSMWANY,BDDHS2022360008,2022,DHS,2197.0,2298.0,,,1.0
BGD,Rajshahi,4970239,Married women currently using any method of contraception,70.0,1,BD,Bangladesh,2022,BD2022DHS,FP_CUSM_W_ANY,32633010,I,360009,1360090,Region,..Rajshahi,0,,0,1,FPCUSMWANY,BDDHS2022360009,2022,DHS,2521.0,2439.0,,,1.0
BGD,Rajshahi,4970240,Married women currently using any method of contraception,70.0,1,BD,Bangladesh,2022,BD2022DHS,FP_CUSM_W_ANY,32633010,I,360009,1360090,Region,..Rajshahi,0,,0,1,FPCUSMWANY,BDDHS2022360009,2022,DHS,2521.0,2439.0,,,1.0
BGD,Barishal,4870478,Unmet need for family planning,10.2,1,BD,Bangladesh,2022,BD2022DHS,FP_NADM_W_UNT,32933030,I,360001,1360010,Region,Barishal,0,,0,1,FPNADMWUNT,BDDHS2022360001,2022,DHS,1153.0,2033.0,,,1.0
BGD,Barishal,4870479,Unmet need for family planning,10.2,1,BD,Bangladesh,2022,BD2022DHS,FP_NADM_W_UNT,32933030,I,360001,1360010,Region,Barishal,0,,0,1,FPNADMWUNT,BDDHS2022360001,2022,DHS,1153.0,2033.0,,,1.0
BGD,Chattogram/Sylhet,4417120,Unmet need for family planning,15.1,1,BD,Bangladesh,2022,BD2022DHS,FP_NADM_W_UNT,32933030,I,360002,1360020,Region,Chattogram/Sylhet,0,,0,1,FPNADMWUNT,BDDHS2022360002,2022,DHS,4641.0,4817.0,,,
BGD,Chattogram,7166317,Unmet need for family planning,15.6,1,BD,Bangladesh,2022,BD2022DHS,FP_NADM_W_UNT,32933030,I,360003,1360030,Region,..Chattogram,0,,0,1,FPNADMWUNT,BDDHS2022360003,2022,DHS,3559.0,2821.0,,,1.0
BGD,Chattogram,7166318,Unmet need for family planning,15.6,1,BD,Bangladesh,2022,BD2022DHS,FP_NADM_W_UNT,32933030,I,360003,1360030,Region,..Chattogram,0,,0,1,FPNADMWUNT,BDDHS2022360003,2022,DHS,3559.0,2821.0,,,1.0
BGD,Sylhet,697730,Unmet need for family planning,13.2,1,BD,Bangladesh,2022,BD2022DHS,FP_NADM_W_UNT,32933030,I,360004,1360040,Region,..Sylhet,0,,0,1,FPNADMWUNT,BDDHS2022360004,2022,DHS,1082.0,1996.0,,,1.0
BGD,Sylhet,697731,Unmet need for family planning,13.2,1,BD,Bangladesh,2022,BD2022DHS,FP_NADM_W_UNT,32933030,I,360004,1360040,Region,..Sylhet,0,,0,1,FPNADMWUNT,BDDHS2022360004,2022,DHS,1082.0,1996.0,,,1.0
BGD,Dhaka before 2015,3677046,Unmet need for family planning,9.6,1,BD,Bangladesh,2022,BD2022DHS,FP_NADM_W_UNT,32933030,I,360005,1360050,Region,Dhaka before 2015,0,,0,1,FPNADMWUNT,BDDHS2022360005,2022,DHS,6267.0,4922.0,,,
BGD,Dhaka,7294394,Unmet need for family planning,10.1,1,BD,Bangladesh,2022,BD2022DHS,FP_NADM_W_UNT,32933030,I,360010,1360052,Region,..Dhaka,0,,0,1,FPNADMWUNT,BDDHS2022360010,2022,DHS,4817.0,2871.0,,,1.0
BGD,Dhaka,7294395,Unmet need for family planning,10.1,1,BD,Bangladesh,2022,BD2022DHS,FP_NADM_W_UNT,32933030,I,360010,1360052,Region,..Dhaka,0,,0,1,FPNADMWUNT,BDDHS2022360010,2022,DHS,4817.0,2871.0,,,1.0
BGD,Mymensingh,5510176,Unmet need for family planning,8.1,1,BD,Bangladesh,2022,BD2022DHS,FP_NADM_W_UNT,32933030,I,360011,1360055,Region,..Mymensingh,0,,0,1,FPNADMWUNT,BDDHS2022360011,2022,DHS,1450.0,2051.0,,,1.0
BGD,Mymensingh,5510177,Unmet need for family planning,8.1,1,BD,Bangladesh,2022,BD2022DHS,FP_NADM_W_UNT,32933030,I,360011,1360055,Region,..Mymensingh,0,,0,1,FPNADMWUNT,BDDHS2022360011,2022,DHS,1450.0,2051.0,,,1.0
BGD,Khulna,140784,Unmet need for family planning,8.3,1,BD,Bangladesh,2022,BD2022DHS,FP_NADM_W_UNT,32933030,I,360006,1360060,Region,Khulna,0,,0,1,FPNADMWUNT,BDDHS2022360006,2022,DHS,2281.0,2478.0,,,1.0
BGD,Khulna,140785,Unmet need for family planning,8.3,1,BD,Bangladesh,2022,BD2022DHS,FP_NADM_W_UNT,32933030,I,360006,1360060,Region,Khulna,0,,0,1,FPNADMWUNT,BDDHS2022360006,2022,DHS,2281.0,2478.0,,,1.0
BGD,Rajshahi/Rangpur,3966054,Unmet need for family planning,6.4,1,BD,Bangladesh,2022,BD2022DHS,FP_NADM_W_UNT,32933030,I,360007,1360070,Region,Rajshahi/Rangpur,0,,0,1,FPNADMWUNT,BDDHS2022360007,2022,DHS,4718.0,4737.0,,,
BGD,Rangpur,6545626,Unmet need for family planning,6.9,1,BD,Bangladesh,2022,BD2022DHS,FP_NADM_W_UNT,32933030,I,360008,1360080,Region,..Rangpur,0,,0,1,FPNADMWUNT,BDDHS2022360008,2022,DHS,2197.0,2298.0,,,1.0
BGD,Rangpur,6545627,Unmet need for family planning,6.9,1,BD,Bangladesh,2022,BD2022DHS,FP_NADM_W_UNT,32933030,I,360008,1360080,Region,..Rangpur,0,,0,1,FPNADMWUNT,BDDHS2022360008,2022,DHS,2197.0,2298.0,,,1.0
BGD,Rajshahi,4440432,Unmet need for family planning,6.0,1,BD,Bangladesh,2022,BD2022DHS,FP_NADM_W_UNT,32933030,I,360009,1360090,Region,..Rajshahi,0,,0,1,FPNADMWUNT,BDDHS2022360009,2022,DHS,2521.0,2439.0,,,1.0
BGD,Rajshahi,4440433,Unmet need for family planning,6.0,1,BD,Bangladesh,2022,BD2022DHS,FP_NADM_W_UNT,32933030,I,360009,1360090,Region,..Rajshahi,0,,0,1,FPNADMWUNT,BDDHS2022360009,2022,DHS,2521.0,2439.0,,,1.0
BGD,Barishal,1970701,Neonatal mortality rate,23.0,0,BD,Bangladesh,2022,BD2022DHS,CM_ECMR_C_NNR,63206010,I,360001,1360010,Region,Barishal,14003,Ten years preceding the survey,0,1,CMECMRCNNR,BDDHS2022360001,2022,DHS,,,17.0,29.0,1.0
BGD,Barishal,1970702,Neonatal mortality rate,23.0,0,BD,Bangladesh,2022,BD2022DHS,CM_ECMR_C_NNR,63206010,I,360001,1360010,Region,Barishal,14003,Ten years preceding the survey,0,1,CMECMRCNNR,BDDHS2022360001,2022,DHS,,,17.0,29.0,1.0
BGD,Chattogram/Sylhet,7971777,Neonatal mortality rate,26.0,0,BD,Bangladesh,2022,BD2022DHS,CM_ECMR_C_NNR,63206010,I,360002,1360020,Region,Chattogram/Sylhet,14003,Ten years preceding the survey,0,1,CMECMRCNNR,BDDHS2022360002,2022,DHS,,,21.0,30.0,
BGD,Chattogram,7459421,Neonatal mortality rate,22.0,0,BD,Bangladesh,2022,BD2022DHS,CM_ECMR_C_NNR,63206010,I,360003,1360030,Region,..Chattogram,14003,Ten years preceding the survey,0,1,CMECMRCNNR,BDDHS2022360003,2022,DHS,,,17.0,28.0,1.0
BGD,Chattogram,7459422,Neonatal mortality rate,22.0,0,BD,Bangladesh,2022,BD2022DHS,CM_ECMR_C_NNR,63206010,I,360003,1360030,Region,..Chattogram,14003,Ten years preceding the survey,0,1,CMECMRCNNR,BDDHS2022360003,2022,DHS,,,17.0,28.0,1.0
BGD,Sylhet,7838026,Neonatal mortality rate,36.0,0,BD,Bangladesh,2022,BD2022DHS,CM_ECMR_C_NNR,63206010,I,360004,1360040,Region,..Sylhet,14003,Ten years preceding the survey,0,1,CMECMRCNNR,BDDHS2022360004,2022,DHS,,,29.0,43.0,1.0
BGD,Sylhet,7838027,Neonatal mortality rate,36.0,0,BD,Bangladesh,2022,BD2022DHS,CM_ECMR_C_NNR,63206010,I,360004,1360040,Region,..Sylhet,14003,Ten years preceding the survey,0,1,CMECMRCNNR,BDDHS2022360004,2022,DHS,,,29.0,43.0,1.0
BGD,Dhaka before 2015,7955141,Neonatal mortality rate,27.0,0,BD,Bangladesh,2022,BD2022DHS,CM_ECMR_C_NNR,63206010,I,360005,1360050,Region,Dhaka before 2015,14003,Ten years preceding the survey,0,1,CMECMRCNNR,BDDHS2022360005,2022,DHS,,,22.0,32.0,
BGD,Dhaka,1959969,Neonatal mortality rate,26.0,0,BD,Bangladesh,2022,BD2022DHS,CM_ECMR_C_NNR,63206010,I,360010,1360052,Region,..Dhaka,14003,Ten years preceding the survey,0,1,CMECMRCNNR,BDDHS2022360010,2022,DHS,,,20.0,32.0,1.0
BGD,Dhaka,1959970,Neonatal mortality rate,26.0,0,BD,Bangladesh,2022,BD2022DHS,CM_ECMR_C_NNR,63206010,I,360010,1360052,Region,..Dhaka,14003,Ten years preceding the survey,0,1,CMECMRCNNR,BDDHS2022360010,2022,DHS,,,20.0,32.0,1.0
BGD,Mymensingh,7580618,Neonatal mortality rate,31.0,0,BD,Bangladesh,2022,BD2022DHS,CM_ECMR_C_NNR,63206010,I,360011,1360055,Region,..Mymensingh,14003,Ten years preceding the survey,0,1,CMECMRCNNR,BDDHS2022360011,2022,DHS,,,23.0,38.0,1.0
BGD,Mymensingh,7580619,Neonatal mortality rate,31.0,0,BD,Bangladesh,2022,BD2022DHS,CM_ECMR_C_NNR,63206010,I,360011,1360055,Region,..Mymensingh,14003,Ten years preceding the survey,0,1,CMECMRCNNR,BDDHS2022360011,2022,DHS,,,23.0,38.0,1.0
BGD,Khulna,7860621,Neonatal mortality rate,25.0,0,BD,Bangladesh,2022,BD2022DHS,CM_ECMR_C_NNR,63206010,I,360006,1360060,Region,Khulna,14003,Ten years preceding the survey,0,1,CMECMRCNNR,BDDHS2022360006,2022,DHS,,,18.0,32.0,1.0
BGD,Khulna,7860622,Neonatal mortality rate,25.0,0,BD,Bangladesh,2022,BD2022DHS,CM_ECMR_C_NNR,63206010,I,360006,1360060,Region,Khulna,14003,Ten years preceding the survey,0,1,CMECMRCNNR,BDDHS2022360006,2022,DHS,,,18.0,32.0,1.0
BGD,Rajshahi/Rangpur,7916057,Neonatal mortality rate,26.0,0,BD,Bangladesh,2022,BD2022DHS,CM_ECMR_C_NNR,63206010,I,360007,1360070,Region,Rajshahi/Rangpur,14003,Ten years preceding the survey,0,1,CMECMRCNNR,BDDHS2022360007,2022,DHS,,,21.0,31.0,
BGD,Rangpur,7930270,Neonatal mortality rate,32.0,0,BD,Bangladesh,2022,BD2022DHS,CM_ECMR_C_NNR,63206010,I,360008,1360080,Region,..Rangpur,14003,Ten years preceding the survey,0,1,CMECMRCNNR,BDDHS2022360008,2022,DHS,,,24.0,39.0,1.0
BGD,Rangpur,7930271,Neonatal mortality rate,32.0,0,BD,Bangladesh,2022,BD2022DHS,CM_ECMR_C_NNR,63206010,I,360008,1360080,Region,..Rangpur,14003,Ten years preceding the survey,0,1,CMECMRCNNR,BDDHS2022360008,2022,DHS,,,24.0,39.0,1.0
BGD,Rajshahi,7726198,Neonatal mortality rate,20.0,0,BD,Bangladesh,2022,BD2022DHS,CM_ECMR_C_NNR,63206010,I,360009,1360090,Region,..Rajshahi,14003,Ten years preceding the survey,0,1,CMECMRCNNR,BDDHS2022360009,2022,DHS,,,15.0,25.0,1.0
BGD,Rajshahi,7726199,Neonatal mortality rate,20.0,0,BD,Bangladesh,2022,BD2022DHS,CM_ECMR_C_NNR,63206010,I,360009,1360090,Region,..Rajshahi,14003,Ten years preceding the survey,0,1,CMECMRCNNR,BDDHS2022360009,2022,DHS,,,15.0,25.0,1.0
BGD,Barishal,7967947,Postneonatal mortality rate,8.0,0,BD,Bangladesh,2022,BD2022DHS,CM_ECMR_C_PNR,63206020,I,360001,1360010,Region,Barishal,14003,Ten years preceding the survey,0,1,CMECMRCPNR,BDDHS2022360001,2022,DHS,,,4.0,12.0,1.0
BGD,Barishal,7967948,Postneonatal mortality rate,8.0,0,BD,Bangladesh,2022,BD2022DHS,CM_ECMR_C_PNR,63206020,I,360001,1360010,Region,Barishal,14003,Ten years preceding the survey,0,1,CMECMRCPNR,BDDHS2022360001,2022,DHS,,,4.0,12.0,1.0
BGD,Chattogram/Sylhet,7856850,Postneonatal mortality rate,8.0,0,BD,Bangladesh,2022,BD2022DHS,CM_ECMR_C_PNR,63206020,I,360002,1360020,Region,Chattogram/Sylhet,14003,Ten years preceding the survey,0,1,CMECMRCPNR,BDDHS2022360002,2022,DHS,,,5.0,10.0,
BGD,Chattogram,7779178,Postneonatal mortality rate,5.0,0,BD,Bangladesh,2022,BD2022DHS,CM_ECMR_C_PNR,63206020,I,360003,1360030,Region,..Chattogram,14003,Ten years preceding the survey,0,1,CMECMRCPNR,BDDHS2022360003,2022,DHS,,,3.0,7.0,1.0
BGD,Chattogram,7779179,Postneonatal mortality rate,5.0,0,BD,Bangladesh,2022,BD2022DHS,CM_ECMR_C_PNR,63206020,I,360003,1360030,Region,..Chattogram,14003,Ten years preceding the survey,0,1,CMECMRCPNR,BDDHS2022360003,2022,DHS,,,3.0,7.0,1.0
BGD,Sylhet,1977878,Postneonatal mortality rate,15.0,0,BD,Bangladesh,2022,BD2022DHS,CM_ECMR_C_PNR,63206020,I,360004,1360040,Region,..Sylhet,14003,Ten years preceding the survey,0,1,CMECMRCPNR,BDDHS2022360004,2022,DHS,,,10.0,21.0,1.0
BGD,Sylhet,1977879,Postneonatal mortality rate,15.0,0,BD,Bangladesh,2022,BD2022DHS,CM_ECMR_C_PNR,63206020,I,360004,1360040,Region,..Sylhet,14003,Ten years preceding the survey,0,1,CMECMRCPNR,BDDHS2022360004,2022,DHS,,,10.0,21.0,1.0
BGD,Dhaka before 2015,7712139,Postneonatal mortality rate,7.0,0,BD,Bangladesh,2022,BD2022DHS,CM_ECMR_C_PNR,63206020,I,360005,1360050,Region,Dhaka before 2015,14003,Ten years preceding the survey,0,1,CMECMRCPNR,BDDHS2022360005,2022,DHS,,,5.0,10.0,
BGD,Dhaka,7740371,Postneonatal mortality rate,7.0,0,BD,Bangladesh,2022,BD2022DHS,CM_ECMR_C_PNR,63206020,I,360010,1360052,Region,..Dhaka,14003,Ten years preceding the survey,0,1,CMECMRCPNR,BDDHS2022360010,2022,DHS,,,4.0,10.0,1.0
BGD,Dhaka,7740372,Postneonatal mortality rate,7.0,0,BD,Bangladesh,2022,BD2022DHS,CM_ECMR_C_PNR,63206020,I,360010,1360052,Region,..Dhaka,14003,Ten years preceding the survey,0,1,CMECMRCPNR,BDDHS2022360010,2022,DHS,,,4.0,10.0,1.0
BGD,Mymensingh,7498186,Postneonatal mortality rate,8.0,0,BD,Bangladesh,2022,BD2022DHS,CM_ECMR_C_PNR,63206020,I,360011,1360055,Region,..Mymensingh,14003,Ten years preceding the survey,0,1,CMECMRCPNR,BDDHS2022360011,2022,DHS,,,5.0,11.0,1.0
BGD,Mymensingh,7498187,Postneonatal mortality rate,8.0,0,BD,Bangladesh,2022,BD2022DHS,CM_ECMR_C_PNR,63206020,I,360011,1360055,Region,..Mymensingh,14003,Ten years preceding the survey,0,1,CMECMRCPNR,BDDHS2022360011,2022,DHS,,,5.0,11.0,1.0
BGD,Khulna,1977868,Postneonatal mortality rate,3.0,0,BD,Bangladesh,2022,BD2022DHS,CM_ECMR_C_PNR,63206020,I,360006,1360060,Region,Khulna,14003,Ten years preceding the survey,0,1,CMECMRCPNR,BDDHS2022360006,2022,DHS,,,1.0,5.0,1.0
BGD,Khulna,1977869,Postneonatal mortality rate,3.0,0,BD,Bangladesh,2022,BD2022DHS,CM_ECMR_C_PNR,63206020,I,360006,1360060,Region,Khulna,14003,Ten years preceding the survey,0,1,CMECMRCPNR,BDDHS2022360006,2022,DHS,,,1.0,5.0,1.0
BGD,Rajshahi/Rangpur,7785425,Postneonatal mortality rate,6.0,0,BD,Bangladesh,2022,BD2022DHS,CM_ECMR_C_PNR,63206020,I,360007,1360070,Region,Rajshahi/Rangpur,14003,Ten years preceding the survey,0,1,CMECMRCPNR,BDDHS2022360007,2022,DHS,,,4.0,8.0,
BGD,Rangpur,7962683,Postneonatal mortality rate,7.0,0,BD,Bangladesh,2022,BD2022DHS,CM_ECMR_C_PNR,63206020,I,360008,1360080,Region,..Rangpur,14003,Ten years preceding the survey,0,1,CMECMRCPNR,BDDHS2022360008,2022,DHS,,,4.0,10.0,1.0
BGD,Rangpur,7962684,Postneonatal mortality rate,7.0,0,BD,Bangladesh,2022,BD2022DHS,CM_ECMR_C_PNR,63206020,I,360008,1360080,Region,..Rangpur,14003,Ten years preceding the survey,0,1,CMECMRCPNR,BDDHS2022360008,2022,DHS,,,4.0,10.0,1.0
BGD,Rajshahi,2035359,Postneonatal mortality rate,4.0,0,BD,Bangladesh,2022,BD2022DHS,CM_ECMR_C_PNR,63206020,I,360009,1360090,Region,..Rajshahi,14003,Ten years preceding the survey,0,1,CMECMRCPNR,BDDHS2022360009,2022,DHS,,,2.0,7.0,1.0
BGD,Rajshahi,2035360,Postneonatal mortality rate,4.0,0,BD,Bangladesh,2022,BD2022DHS,CM_ECMR_C_PNR,63206020,I,360009,1360090,Region,..Rajshahi,14003,Ten years preceding the survey,0,1,CMECMRCPNR,BDDHS2022360009,2022,DHS,,,2.0,7.0,1.0
BGD,Barishal,7806691,Infant mortality rate,32.0,0,BD,Bangladesh,2022,BD2022DHS,CM_ECMR_C_IMR,63206030,I,360001,1360010,Region,Barishal,14003,Ten years preceding the survey,0,1,CMECMRCIMR,BDDHS2022360001,2022,DHS,,,25.0,39.0,1.0
BGD,Barishal,7806692,Infant mortality rate,32.0,0,BD,Bangladesh,2022,BD2022DHS,CM_ECMR_C_IMR,63206030,I,360001,1360010,Region,Barishal,14003,Ten years preceding the survey,0,1,CMECMRCIMR,BDDHS2022360001,2022,DHS,,,25.0,39.0,1.0
BGD,Chattogram/Sylhet,1970762,Infant mortality rate,33.0,0,BD,Bangladesh,2022,BD2022DHS,CM_ECMR_C_IMR,63206030,I,360002,1360020,Region,Chattogram/Sylhet,14003,Ten years preceding the survey,0,1,CMECMRCIMR,BDDHS2022360002,2022,DHS,,,28.0,39.0,
BGD,Chattogram,7909875,Infant mortality rate,27.0,0,BD,Bangladesh,2022,BD2022DHS,CM_ECMR_C_IMR,63206030,I,360003,1360030,Region,..Chattogram,14003,Ten years preceding the survey,0,1,CMECMRCIMR,BDDHS2022360003,2022,DHS,,,21.0,33.0,1.0
BGD,Chattogram,7909876,Infant mortality rate,27.0,0,BD,Bangladesh,2022,BD2022DHS,CM_ECMR_C_IMR,63206030,I,360003,1360030,Region,..Chattogram,14003,Ten years preceding the survey,0,1,CMECMRCIMR,BDDHS2022360003,2022,DHS,,,21.0,33.0,1.0
BGD,Sylhet,1977786,Infant mortality rate,51.0,0,BD,Bangladesh,2022,BD2022DHS,CM_ECMR_C_IMR,63206030,I,360004,1360040,Region,..Sylhet,14003,Ten years preceding the survey,0,1,CMECMRCIMR,BDDHS2022360004,2022,DHS,,,42.0,61.0,1.0
BGD,Sylhet,1977787,Infant mortality rate,51.0,0,BD,Bangladesh,2022,BD2022DHS,CM_ECMR_C_IMR,63206030,I,360004,1360040,Region,..Sylhet,14003,Ten years preceding the survey,0,1,CMECMRCIMR,BDDHS2022360004,2022,DHS,,,42.0,61.0,1.0
BGD,Dhaka before 2015,7821390,Infant mortality rate,34.0,0,BD,Bangladesh,2022,BD2022DHS,CM_ECMR_C_IMR,63206030,I,360005,1360050,Region,Dhaka before 2015,14003,Ten years preceding the survey,0,1,CMECMRCIMR,BDDHS2022360005,2022,DHS,,,29.0,40.0,
BGD,Dhaka,7975972,Infant mortality rate,33.0,0,BD,Bangladesh,2022,BD2022DHS,CM_ECMR_C_IMR,63206030,I,360010,1360052,Region,..Dhaka,14003,Ten years preceding the survey,0,1,CMECMRCIMR,BDDHS2022360010,2022,DHS,,,26.0,40.0,1.0
BGD,Dhaka,7975973,Infant mortality rate,33.0,0,BD,Bangladesh,2022,BD2022DHS,CM_ECMR_C_IMR,63206030,I,360010,1360052,Region,..Dhaka,14003,Ten years preceding the survey,0,1,CMECMRCIMR,BDDHS2022360010,2022,DHS,,,26.0,40.0,1.0
BGD,Mymensingh,7217766,Infant mortality rate,39.0,0,BD,Bangladesh,2022,BD2022DHS,CM_ECMR_C_IMR,63206030,I,360011,1360055,Region,..Mymensingh,14003,Ten years preceding the survey,0,1,CMECMRCIMR,BDDHS2022360011,2022,DHS,,,30.0,47.0,1.0
BGD,Mymensingh,7217767,Infant mortality rate,39.0,0,BD,Bangladesh,2022,BD2022DHS,CM_ECMR_C_IMR,63206030,I,360011,1360055,Region,..Mymensingh,14003,Ten years preceding the survey,0,1,CMECMRCIMR,BDDHS2022360011,2022,DHS,,,30.0,47.0,1.0
BGD,Khulna,1977880,Infant mortality rate,28.0,0,BD,Bangladesh,2022,BD2022DHS,CM_ECMR_C_IMR,63206030,I,360006,1360060,Region,Khulna,14003,Ten years preceding the survey,0,1,CMECMRCIMR,BDDHS2022360006,2022,DHS,,,21.0,35.0,1.0
BGD,Khulna,1977881,Infant mortality rate,28.0,0,BD,Bangladesh,2022,BD2022DHS,CM_ECMR_C_IMR,63206030,I,360006,1360060,Region,Khulna,14003,Ten years preceding the survey,0,1,CMECMRCIMR,BDDHS2022360006,2022,DHS,,,21.0,35.0,1.0
BGD,Rajshahi/Rangpur,1960039,Infant mortality rate,32.0,0,BD,Bangladesh,2022,BD2022DHS,CM_ECMR_C_IMR,63206030,I,360007,1360070,Region,Rajshahi/Rangpur,14003,Ten years preceding the survey,0,1,CMECMRCIMR,BDDHS2022360007,2022,DHS,,,26.0,37.0,
BGD,Rangpur,7687246,Infant mortality rate,39.0,0,BD,Bangladesh,2022,BD2022DHS,CM_ECMR_C_IMR,63206030,I,360008,1360080,Region,..Rangpur,14003,Ten years preceding the survey,0,1,CMECMRCIMR,BDDHS2022360008,2022,DHS,,,31.0,47.0,1.0
BGD,Rangpur,7687247,Infant mortality rate,39.0,0,BD,Bangladesh,2022,BD2022DHS,CM_ECMR_C_IMR,63206030,I,360008,1360080,Region,..Rangpur,14003,Ten years preceding the survey,0,1,CMECMRCIMR,BDDHS2022360008,2022,DHS,,,31.0,47.0,1.0
BGD,Rajshahi,7959454,Infant mortality rate,24.0,0,BD,Bangladesh,2022,BD2022DHS,CM_ECMR_C_IMR,63206030,I,360009,1360090,Region,..Rajshahi,14003,Ten years preceding the survey,0,1,CMECMRCIMR,BDDHS2022360009,2022,DHS,,,18.0,30.0,1.0
BGD,Rajshahi,7959455,Infant mortality rate,24.0,0,BD,Bangladesh,2022,BD2022DHS,CM_ECMR_C_IMR,63206030,I,360009,1360090,Region,..Rajshahi,14003,Ten years preceding the survey,0,1,CMECMRCIMR,BDDHS2022360009,2022,DHS,,,18.0,30.0,1.0
BGD,Barishal,7753606,Child mortality rate,12.0,0,BD,Bangladesh,2022,BD2022DHS,CM_ECMR_C_CMR,63206040,I,360001,1360010,Region,Barishal,14003,Ten years preceding the survey,0,1,CMECMRCCMR,BDDHS2022360001,2022,DHS,,,7.0,16.0,1.0
BGD,Barishal,7753607,Child mortality rate,12.0,0,BD,Bangladesh,2022,BD2022DHS,CM_ECMR_C_CMR,63206040,I,360001,1360010,Region,Barishal,14003,Ten years preceding the survey,0,1,CMECMRCCMR,BDDHS2022360001,2022,DHS,,,7.0,16.0,1.0
BGD,Chattogram/Sylhet,7578747,Child mortality rate,9.0,0,BD,Bangladesh,2022,BD2022DHS,CM_ECMR_C_CMR,63206040,I,360002,1360020,Region,Chattogram/Sylhet,14003,Ten years preceding the survey,0,1,CMECMRCCMR,BDDHS2022360002,2022,DHS,,,6.0,12.0,
BGD,Chattogram,7574953,Child mortality rate,9.0,0,BD,Bangladesh,2022,BD2022DHS,CM_ECMR_C_CMR,63206040,I,360003,1360030,Region,..Chattogram,14003,Ten years preceding the survey,0,1,CMECMRCCMR,BDDHS2022360003,2022,DHS,,,5.0,13.0,1.0
BGD,Chattogram,7574954,Child mortality rate,9.0,0,BD,Bangladesh,2022,BD2022DHS,CM_ECMR_C_CMR,63206040,I,360003,1360030,Region,..Chattogram,14003,Ten years preceding the survey,0,1,CMECMRCCMR,BDDHS2022360003,2022,DHS,,,5.0,13.0,1.0
BGD,Sylhet,7811824,Child mortality rate,10.0,0,BD,Bangladesh,2022,BD2022DHS,CM_ECMR_C_CMR,63206040,I,360004,1360040,Region,..Sylhet,14003,Ten years preceding the survey,0,1,CMECMRCCMR,BDDHS2022360004,2022,DHS,,,7.0,13.0,1.0
BGD,Sylhet,7811825,Child mortality rate,10.0,0,BD,Bangladesh,2022,BD2022DHS,CM_ECMR_C_CMR,63206040,I,360004,1360040,Region,..Sylhet,14003,Ten years preceding the survey,0,1,CMECMRCCMR,BDDHS2022360004,2022,DHS,,,7.0,13.0,1.0
BGD,Dhaka before 2015,7955073,Child mortality rate,3.0,0,BD,Bangladesh,2022,BD2022DHS,CM_ECMR_C_CMR,63206040,I,360005,1360050,Region,Dhaka before 2015,14003,Ten years preceding the survey,0,1,CMECMRCCMR,BDDHS2022360005,2022,DHS,,,2.0,5.0,
BGD,Dhaka,7675991,Child mortality rate,3.0,0,BD,Bangladesh,2022,BD2022DHS,CM_ECMR_C_CMR,63206040,I,360010,1360052,Region,..Dhaka,14003,Ten years preceding the survey,0,1,CMECMRCCMR,BDDHS2022360010,2022,DHS,,,1.0,4.0,1.0
BGD,Dhaka,7675992,Child mortality rate,3.0,0,BD,Bangladesh,2022,BD2022DHS,CM_ECMR_C_CMR,63206040,I,360010,1360052,Region,..Dhaka,14003,Ten years preceding the survey,0,1,CMECMRCCMR,BDDHS2022360010,2022,DHS,,,1.0,4.0,1.0
BGD,Mymensingh,7930338,Child mortality rate,6.0,0,BD,Bangladesh,2022,BD2022DHS,CM_ECMR_C_CMR,63206040,I,360011,1360055,Region,..Mymensingh,14003,Ten years preceding the survey,0,1,CMECMRCCMR,BDDHS2022360011,2022,DHS,,,3.0,9.0,1.0
BGD,Mymensingh,7930339,Child mortality rate,6.0,0,BD,Bangladesh,2022,BD2022DHS,CM_ECMR_C_CMR,63206040,I,360011,1360055,Region,..Mymensingh,14003,Ten years preceding the survey,0,1,CMECMRCCMR,BDDHS2022360011,2022,DHS,,,3.0,9.0,1.0
BGD,Khulna,7963100,Child mortality rate,3.0,0,BD,Bangladesh,2022,BD2022DHS,CM_ECMR_C_CMR,63206040,I,360006,1360060,Region,Khulna,14003,Ten years preceding the survey,0,1,CMECMRCCMR,BDDHS2022360006,2022,DHS,,,1.0,6.0,1.0
BGD,Khulna,7963101,Child mortality rate,3.0,0,BD,Bangladesh,2022,BD2022DHS,CM_ECMR_C_CMR,63206040,I,360006,1360060,Region,Khulna,14003,Ten years preceding the survey,0,1,CMECMRCCMR,BDDHS2022360006,2022,DHS,,,1.0,6.0,1.0
BGD,Rajshahi/Rangpur,7612076,Child mortality rate,5.0,0,BD,Bangladesh,2022,BD2022DHS,CM_ECMR_C_CMR,63206040,I,360007,1360070,Region,Rajshahi/Rangpur,14003,Ten years preceding the survey,0,1,CMECMRCCMR,BDDHS2022360007,2022,DHS,,,3.0,7.0,
BGD,Rangpur,7836507,Child mortality rate,8.0,0,BD,Bangladesh,2022,BD2022DHS,CM_ECMR_C_CMR,63206040,I,360008,1360080,Region,..Rangpur,14003,Ten years preceding the survey,0,1,CMECMRCCMR,BDDHS2022360008,2022,DHS,,,4.0,11.0,1.0
BGD,Rangpur,7836508,Child mortality rate,8.0,0,BD,Bangladesh,2022,BD2022DHS,CM_ECMR_C_CMR,63206040,I,360008,1360080,Region,..Rangpur,14003,Ten years preceding the survey,0,1,CMECMRCCMR,BDDHS2022360008,2022,DHS,,,4.0,11.0,1.0
BGD,Rajshahi,7941909,Child mortality rate,3.0,0,BD,Bangladesh,2022,BD2022DHS,CM_ECMR_C_CMR,63206040,I,360009,1360090,Region,..Rajshahi,14003,Ten years preceding the survey,0,1,CMECMRCCMR,BDDHS2022360009,2022,DHS,,,1.0,5.0,1.0
BGD,Rajshahi,7941910,Child mortality rate,3.0,0,BD,Bangladesh,2022,BD2022DHS,CM_ECMR_C_CMR,63206040,I,360009,1360090,Region,..Rajshahi,14003,Ten years preceding the survey,0,1,CMECMRCCMR,BDDHS2022360009,2022,DHS,,,1.0,5.0,1.0
BGD,Barishal,7490714,Under-five mortality rate,43.0,0,BD,Bangladesh,2022,BD2022DHS,CM_ECMR_C_U5M,63206050,I,360001,1360010,Region,Barishal,14003,Ten years preceding the survey,0,1,CMECMRCU5M,BDDHS2022360001,2022,DHS,,,34.0,51.0,1.0
BGD,Barishal,7490715,Under-five mortality rate,43.0,0,BD,Bangladesh,2022,BD2022DHS,CM_ECMR_C_U5M,63206050,I,360001,1360010,Region,Barishal,14003,Ten years preceding the survey,0,1,CMECMRCU5M,BDDHS2022360001,2022,DHS,,,34.0,51.0,1.0
BGD,Chattogram/Sylhet,7697068,Under-five mortality rate,42.0,0,BD,Bangladesh,2022,BD2022DHS,CM_ECMR_C_U5M,63206050,I,360002,1360020,Region,Chattogram/Sylhet,14003,Ten years preceding the survey,0,1,CMECMRCU5M,BDDHS2022360002,2022,DHS,,,36.0,48.0,
BGD,Chattogram,7909406,Under-five mortality rate,36.0,0,BD,Bangladesh,2022,BD2022DHS,CM_ECMR_C_U5M,63206050,I,360003,1360030,Region,..Chattogram,14003,Ten years preceding the survey,0,1,CMECMRCU5M,BDDHS2022360003,2022,DHS,,,28.0,43.0,1.0
BGD,Chattogram,7909407,Under-five mortality rate,36.0,0,BD,Bangladesh,2022,BD2022DHS,CM_ECMR_C_U5M,63206050,I,360003,1360030,Region,..Chattogram,14003,Ten years preceding the survey,0,1,CMECMRCU5M,BDDHS2022360003,2022,DHS,,,28.0,43.0,1.0
BGD,Sylhet,7688684,Under-five mortality rate,61.0,0,BD,Bangladesh,2022,BD2022DHS,CM_ECMR_C_U5M,63206050,I,360004,1360040,Region,..Sylhet,14003,Ten years preceding the survey,0,1,CMECMRCU5M,BDDHS2022360004,2022,DHS,,,51.0,71.0,1.0
BGD,Sylhet,7688685,Under-five mortality rate,61.0,0,BD,Bangladesh,2022,BD2022DHS,CM_ECMR_C_U5M,63206050,I,360004,1360040,Region,..Sylhet,14003,Ten years preceding the survey,0,1,CMECMRCU5M,BDDHS2022360004,2022,DHS,,,51.0,71.0,1.0
BGD,Dhaka before 2015,7483230,Under-five mortality rate,38.0,0,BD,Bangladesh,2022,BD2022DHS,CM_ECMR_C_U5M,63206050,I,360005,1360050,Region,Dhaka before 2015,14003,Ten years preceding the survey,0,1,CMECMRCU5M,BDDHS2022360005,2022,DHS,,,32.0,44.0,
BGD,Dhaka,1959992,Under-five mortality rate,36.0,0,BD,Bangladesh,2022,BD2022DHS,CM_ECMR_C_U5M,63206050,I,360010,1360052,Region,..Dhaka,14003,Ten years preceding the survey,0,1,CMECMRCU5M,BDDHS2022360010,2022,DHS,,,28.0,43.0,1.0
BGD,Dhaka,1959993,Under-five mortality rate,36.0,0,BD,Bangladesh,2022,BD2022DHS,CM_ECMR_C_U5M,63206050,I,360010,1360052,Region,..Dhaka,14003,Ten years preceding the survey,0,1,CMECMRCU5M,BDDHS2022360010,2022,DHS,,,28.0,43.0,1.0
BGD,Mymensingh,7904087,Under-five mortality rate,44.0,0,BD,Bangladesh,2022,BD2022DHS,CM_ECMR_C_U5M,63206050,I,360011,1360055,Region,..Mymensingh,14003,Ten years preceding the survey,0,1,CMECMRCU5M,BDDHS2022360011,2022,DHS,,,36.0,53.0,1.0
BGD,Mymensingh,7904088,Under-five mortality rate,44.0,0,BD,Bangladesh,2022,BD2022DHS,CM_ECMR_C_U5M,63206050,I,360011,1360055,Region,..Mymensingh,14003,Ten years preceding the survey,0,1,CMECMRCU5M,BDDHS2022360011,2022,DHS,,,36.0,53.0,1.0
BGD,Khulna,7793071,Under-five mortality rate,31.0,0,BD,Bangladesh,2022,BD2022DHS,CM_ECMR_C_U5M,63206050,I,360006,1360060,Region,Khulna,14003,Ten years preceding the survey,0,1,CMECMRCU5M,BDDHS2022360006,2022,DHS,,,24.0,39.0,1.0
BGD,Khulna,7793072,Under-five mortality rate,31.0,0,BD,Bangladesh,2022,BD2022DHS,CM_ECMR_C_U5M,63206050,I,360006,1360060,Region,Khulna,14003,Ten years preceding the survey,0,1,CMECMRCU5M,BDDHS2022360006,2022,DHS,,,24.0,39.0,1.0
BGD,Rajshahi/Rangpur,1960029,Under-five mortality rate,37.0,0,BD,Bangladesh,2022,BD2022DHS,CM_ECMR_C_U5M,63206050,I,360007,1360070,Region,Rajshahi/Rangpur,14003,Ten years preceding the survey,0,1,CMECMRCU5M,BDDHS2022360007,2022,DHS,,,31.0,42.0,
BGD,Rangpur,1977739,Under-five mortality rate,46.0,0,BD,Bangladesh,2022,BD2022DHS,CM_ECMR_C_U5M,63206050,I,360008,1360080,Region,..Rangpur,14003,Ten years preceding the survey,0,1,CMECMRCU5M,BDDHS2022360008,2022,DHS,,,37.0,55.0,1.0
BGD,Rangpur,1977740,Under-five mortality rate,46.0,0,BD,Bangladesh,2022,BD2022DHS,CM_ECMR_C_U5M,63206050,I,360008,1360080,Region,..Rangpur,14003,Ten years preceding the survey,0,1,CMECMRCU5M,BDDHS2022360008,2022,DHS,,,37.0,55.0,1.0
BGD,Rajshahi,7698237,Under-five mortality rate,27.0,0,BD,Bangladesh,2022,BD2022DHS,CM_ECMR_C_U5M,63206050,I,360009,1360090,Region,..Rajshahi,14003,Ten years preceding the survey,0,1,CMECMRCU5M,BDDHS2022360009,2022,DHS,,,21.0,34.0,1.0
BGD,Rajshahi,7698238,Under-five mortality rate,27.0,0,BD,Bangladesh,2022,BD2022DHS,CM_ECMR_C_U5M,63206050,I,360009,1360090,Region,..Rajshahi,14003,Ten years preceding the survey,0,1,CMECMRCU5M,BDDHS2022360009,2022,DHS,,,21.0,34.0,1.0
BGD,Barishal,4153184,Antenatal care from a skilled provider,86.8,1,BD,Bangladesh,2022,BD2022DHS,RH_ANCP_W_SKP,83363120,I,360001,1360010,Region,Barishal,14000,Three years preceding the survey,0,0,RHANCPWSKP,BDDHS2022360001,2022,DHS,314.0,544.0,,,1.0
BGD,Barishal,4153185,Antenatal care from a skilled provider,86.8,1,BD,Bangladesh,2022,BD2022DHS,RH_ANCP_W_SKP,83363120,I,360001,1360010,Region,Barishal,14000,Three years preceding the survey,0,0,RHANCPWSKP,BDDHS2022360001,2022,DHS,314.0,544.0,,,1.0
BGD,Barishal,2300556,Antenatal care from a skilled provider,87.0,1,BD,Bangladesh,2022,BD2022DHS,RH_ANCP_W_SKP,83363120,I,360001,1360010,Region,Barishal,14002,Two years preceding the survey,0,1,RHANCPWSKP,BDDHS2022360001,2022,DHS,216.0,376.0,,,1.0
BGD,Barishal,2300557,Antenatal care from a skilled provider,87.0,1,BD,Bangladesh,2022,BD2022DHS,RH_ANCP_W_SKP,83363120,I,360001,1360010,Region,Barishal,14002,Two years preceding the survey,0,1,RHANCPWSKP,BDDHS2022360001,2022,DHS,216.0,376.0,,,1.0
BGD,Chattogram/Sylhet,7286045,Antenatal care from a skilled provider,84.7,1,BD,Bangladesh,2022,BD2022DHS,RH_ANCP_W_SKP,83363120,I,360002,1360020,Region,Chattogram/Sylhet,14000,Three years preceding the survey,0,0,RHANCPWSKP,BDDHS2022360002,2022,DHS,1463.0,1468.0,,,
BGD,Chattogram/Sylhet,151314,Antenatal care from a skilled provider,86.2,1,BD,Bangladesh,2022,BD2022DHS,RH_ANCP_W_SKP,83363120,I,360002,1360020,Region,Chattogram/Sylhet,14002,Two years preceding the survey,0,1,RHANCPWSKP,BDDHS2022360002,2022,DHS,1007.0,1003.0,,,
BGD,Chattogram,4959071,Antenatal care from a skilled provider,85.8,1,BD,Bangladesh,2022,BD2022DHS,RH_ANCP_W_SKP,83363120,I,360003,1360030,Region,..Chattogram,14000,Three years preceding the survey,0,0,RHANCPWSKP,BDDHS2022360003,2022,DHS,1132.0,880.0,,,1.0
BGD,Chattogram,4959072,Antenatal care from a skilled provider,85.8,1,BD,Bangladesh,2022,BD2022DHS,RH_ANCP_W_SKP,83363120,I,360003,1360030,Region,..Chattogram,14000,Three years preceding the survey,0,0,RHANCPWSKP,BDDHS2022360003,2022,DHS,1132.0,880.0,,,1.0
BGD,Chattogram,4039835,Antenatal care from a skilled provider,88.0,1,BD,Bangladesh,2022,BD2022DHS,RH_ANCP_W_SKP,83363120,I,360003,1360030,Region,..Chattogram,14002,Two years preceding the survey,0,1,RHANCPWSKP,BDDHS2022360003,2022,DHS,776.0,598.0,,,1.0
BGD,Chattogram,4039836,Antenatal care from a skilled provider,88.0,1,BD,Bangladesh,2022,BD2022DHS,RH_ANCP_W_SKP,83363120,I,360003,1360030,Region,..Chattogram,14002,Two years preceding the survey,0,1,RHANCPWSKP,BDDHS2022360003,2022,DHS,776.0,598.0,,,1.0
BGD,Sylhet,2632748,Antenatal care from a skilled provider,81.1,1,BD,Bangladesh,2022,BD2022DHS,RH_ANCP_W_SKP,83363120,I,360004,1360040,Region,..Sylhet,14000,Three years preceding the survey,0,0,RHANCPWSKP,BDDHS2022360004,2022,DHS,330.0,588.0,,,1.0
BGD,Sylhet,2632749,Antenatal care from a skilled provider,81.1,1,BD,Bangladesh,2022,BD2022DHS,RH_ANCP_W_SKP,83363120,I,360004,1360040,Region,..Sylhet,14000,Three years preceding the survey,0,0,RHANCPWSKP,BDDHS2022360004,2022,DHS,330.0,588.0,,,1.0
BGD,Sylhet,6235773,Antenatal care from a skilled provider,80.1,1,BD,Bangladesh,2022,BD2022DHS,RH_ANCP_W_SKP,83363120,I,360004,1360040,Region,..Sylhet,14002,Two years preceding the survey,0,1,RHANCPWSKP,BDDHS2022360004,2022,DHS,230.0,405.0,,,1.0
BGD,Sylhet,6235774,Antenatal care from a skilled provider,80.1,1,BD,Bangladesh,2022,BD2022DHS,RH_ANCP_W_SKP,83363120,I,360004,1360040,Region,..Sylhet,14002,Two years preceding the survey,0,1,RHANCPWSKP,BDDHS2022360004,2022,DHS,230.0,405.0,,,1.0
BGD,Dhaka before 2015,3246880,Antenatal care from a skilled provider,88.1,1,BD,Bangladesh,2022,BD2022DHS,RH_ANCP_W_SKP,83363120,I,360005,1360050,Region,Dhaka before 2015,14000,Three years preceding the survey,0,0,RHANCPWSKP,BDDHS2022360005,2022,DHS,1704.0,1374.0,,,
BGD,Dhaka before 2015,4025108,Antenatal care from a skilled provider,89.2,1,BD,Bangladesh,2022,BD2022DHS,RH_ANCP_W_SKP,83363120,I,360005,1360050,Region,Dhaka before 2015,14002,Two years preceding the survey,0,1,RHANCPWSKP,BDDHS2022360005,2022,DHS,1227.0,994.0,,,
BGD,Dhaka,5772360,Antenatal care from a skilled provider,89.8,1,BD,Bangladesh,2022,BD2022DHS,RH_ANCP_W_SKP,83363120,I,360010,1360052,Region,..Dhaka,14000,Three years preceding the survey,0,0,RHANCPWSKP,BDDHS2022360010,2022,DHS,1257.0,753.0,,,1.0
BGD,Dhaka,5772361,Antenatal care from a skilled provider,89.8,1,BD,Bangladesh,2022,BD2022DHS,RH_ANCP_W_SKP,83363120,I,360010,1360052,Region,..Dhaka,14000,Three years preceding the survey,0,0,RHANCPWSKP,BDDHS2022360010,2022,DHS,1257.0,753.0,,,1.0
BGD,Dhaka,4053234,Antenatal care from a skilled provider,90.7,1,BD,Bangladesh,2022,BD2022DHS,RH_ANCP_W_SKP,83363120,I,360010,1360052,Region,..Dhaka,14002,Two years preceding the survey,0,1,RHANCPWSKP,BDDHS2022360010,2022,DHS,903.0,542.0,,,1.0
BGD,Dhaka,4053235,Antenatal care from a skilled provider,90.7,1,BD,Bangladesh,2022,BD2022DHS,RH_ANCP_W_SKP,83363120,I,360010,1360052,Region,..Dhaka,14002,Two years preceding the survey,0,1,RHANCPWSKP,BDDHS2022360010,2022,DHS,903.0,542.0,,,1.0
BGD,Mymensingh,3692444,Antenatal care from a skilled provider,83.5,1,BD,Bangladesh,2022,BD2022DHS,RH_ANCP_W_SKP,83363120,I,360011,1360055,Region,..Mymensingh,14000,Three years preceding the survey,0,0,RHANCPWSKP,BDDHS2022360011,2022,DHS,446.0,621.0,,,1.0
BGD,Mymensingh,3692445,Antenatal care from a skilled provider,83.5,1,BD,Bangladesh,2022,BD2022DHS,RH_ANCP_W_SKP,83363120,I,360011,1360055,Region,..Mymensingh,14000,Three years preceding the survey,0,0,RHANCPWSKP,BDDHS2022360011,2022,DHS,446.0,621.0,,,1.0
BGD,Mymensingh,6790177,Antenatal care from a skilled provider,85.0,1,BD,Bangladesh,2022,BD2022DHS,RH_ANCP_W_SKP,83363120,I,360011,1360055,Region,..Mymensingh,14002,Two years preceding the survey,0,1,RHANCPWSKP,BDDHS2022360011,2022,DHS,324.0,452.0,,,1.0
BGD,Mymensingh,6790178,Antenatal care from a skilled provider,85.0,1,BD,Bangladesh,2022,BD2022DHS,RH_ANCP_W_SKP,83363120,I,360011,1360055,Region,..Mymensingh,14002,Two years preceding the survey,0,1,RHANCPWSKP,BDDHS2022360011,2022,DHS,324.0,452.0,,,1.0
BGD,Khulna,4244145,Antenatal care from a skilled provider,91.7,1,BD,Bangladesh,2022,BD2022DHS,RH_ANCP_W_SKP,83363120,I,360006,1360060,Region,Khulna,14000,Three years preceding the survey,0,0,RHANCPWSKP,BDDHS2022360006,2022,DHS,530.0,574.0,,,1.0
BGD,Khulna,4244146,Antenatal care from a skilled provider,91.7,1,BD,Bangladesh,2022,BD2022DHS,RH_ANCP_W_SKP,83363120,I,360006,1360060,Region,Khulna,14000,Three years preceding the survey,0,0,RHANCPWSKP,BDDHS2022360006,2022,DHS,530.0,574.0,,,1.0
BGD,Khulna,7278122,Antenatal care from a skilled provider,91.4,1,BD,Bangladesh,2022,BD2022DHS,RH_ANCP_W_SKP,83363120,I,360006,1360060,Region,Khulna,14002,Two years preceding the survey,0,1,RHANCPWSKP,BDDHS2022360006,2022,DHS,374.0,404.0,,,1.0
BGD,Khulna,7278123,Antenatal care from a skilled provider,91.4,1,BD,Bangladesh,2022,BD2022DHS,RH_ANCP_W_SKP,83363120,I,360006,1360060,Region,Khulna,14002,Two years preceding the survey,0,1,RHANCPWSKP,BDDHS2022360006,2022,DHS,374.0,404.0,,,1.0
BGD,Rajshahi/Rangpur,6776787,Antenatal care from a skilled provider,84.3,1,BD,Bangladesh,2022,BD2022DHS,RH_ANCP_W_SKP,83363120,I,360007,1360070,Region,Rajshahi/Rangpur,14000,Three years preceding the survey,0,0,RHANCPWSKP,BDDHS2022360007,2022,DHS,1118.0,1104.0,,,
BGD,Rajshahi/Rangpur,4973083,Antenatal care from a skilled provider,85.2,1,BD,Bangladesh,2022,BD2022DHS,RH_ANCP_W_SKP,83363120,I,360007,1360070,Region,Rajshahi/Rangpur,14002,Two years preceding the survey,0,1,RHANCPWSKP,BDDHS2022360007,2022,DHS,786.0,772.0,,,
BGD,Rangpur,2311145,Antenatal care from a skilled provider,81.3,1,BD,Bangladesh,2022,BD2022DHS,RH_ANCP_W_SKP,83363120,I,360008,1360080,Region,..Rangpur,14000,Three years preceding the survey,0,0,RHANCPWSKP,BDDHS2022360008,2022,DHS,576.0,592.0,,,1.0
BGD,Rangpur,2311146,Antenatal care from a skilled provider,81.3,1,BD,Bangladesh,2022,BD2022DHS,RH_ANCP_W_SKP,83363120,I,360008,1360080,Region,..Rangpur,14000,Three years preceding the survey,0,0,RHANCPWSKP,BDDHS2022360008,2022,DHS,576.0,592.0,,,1.0
BGD,Rangpur,2311151,Antenatal care from a skilled provider,82.5,1,BD,Bangladesh,2022,BD2022DHS,RH_ANCP_W_SKP,83363120,I,360008,1360080,Region,..Rangpur,14002,Two years preceding the survey,0,1,RHANCPWSKP,BDDHS2022360008,2022,DHS,409.0,415.0,,,1.0
BGD,Rangpur,2311152,Antenatal care from a skilled provider,82.5,1,BD,Bangladesh,2022,BD2022DHS,RH_ANCP_W_SKP,83363120,I,360008,1360080,Region,..Rangpur,14002,Two years preceding the survey,0,1,RHANCPWSKP,BDDHS2022360008,2022,DHS,409.0,415.0,,,1.0
BGD,Rajshahi,2310339,Antenatal care from a skilled provider,87.5,1,BD,Bangladesh,2022,BD2022DHS,RH_ANCP_W_SKP,83363120,I,360009,1360090,Region,..Rajshahi,14000,Three years preceding the survey,0,0,RHANCPWSKP,BDDHS2022360009,2022,DHS,541.0,512.0,,,1.0
BGD,Rajshahi,2310340,Antenatal care from a skilled provider,87.5,1,BD,Bangladesh,2022,BD2022DHS,RH_ANCP_W_SKP,83363120,I,360009,1360090,Region,..Rajshahi,14000,Three years preceding the survey,0,0,RHANCPWSKP,BDDHS2022360009,2022,DHS,541.0,512.0,,,1.0
BGD,Rajshahi,4892920,Antenatal care from a skilled provider,88.1,1,BD,Bangladesh,2022,BD2022DHS,RH_ANCP_W_SKP,83363120,I,360009,1360090,Region,..Rajshahi,14002,Two years preceding the survey,0,1,RHANCPWSKP,BDDHS2022360009,2022,DHS,377.0,357.0,,,1.0
BGD,Rajshahi,4892921,Antenatal care from a skilled provider,88.1,1,BD,Bangladesh,2022,BD2022DHS,RH_ANCP_W_SKP,83363120,I,360009,1360090,Region,..Rajshahi,14002,Two years preceding the survey,0,1,RHANCPWSKP,BDDHS2022360009,2022,DHS,377.0,357.0,,,1.0
BGD,Barishal,3105935,Antenatal visits for pregnancy: 4+ visits,27.9,1,BD,Bangladesh,2022,BD2022DHS,RH_ANCN_W_N4P,83403040,I,360001,1360010,Region,Barishal,14000,Three years preceding the survey,0,0,RHANCNWN4P,BDDHS2022360001,2022,DHS,314.0,544.0,,,1.0
BGD,Barishal,3105936,Antenatal visits for pregnancy: 4+ visits,27.9,1,BD,Bangladesh,2022,BD2022DHS,RH_ANCN_W_N4P,83403040,I,360001,1360010,Region,Barishal,14000,Three years preceding the survey,0,0,RHANCNWN4P,BDDHS2022360001,2022,DHS,314.0,544.0,,,1.0
BGD,Barishal,5966221,Antenatal visits for pregnancy: 4+ visits,28.9,1,BD,Bangladesh,2022,BD2022DHS,RH_ANCN_W_N4P,83403040,I,360001,1360010,Region,Barishal,14002,Two years preceding the survey,0,1,RHANCNWN4P,BDDHS2022360001,2022,DHS,216.0,376.0,,,1.0
BGD,Barishal,5966222,Antenatal visits for pregnancy: 4+ visits,28.9,1,BD,Bangladesh,2022,BD2022DHS,RH_ANCN_W_N4P,83403040,I,360001,1360010,Region,Barishal,14002,Two years preceding the survey,0,1,RHANCNWN4P,BDDHS2022360001,2022,DHS,216.0,376.0,,,1.0
BGD,Chattogram/Sylhet,6186179,Antenatal visits for pregnancy: 4+ visits,35.0,1,BD,Bangladesh,2022,BD2022DHS,RH_ANCN_W_N4P,83403040,I,360002,1360020,Region,Chattogram/Sylhet,14000,Three years preceding the survey,0,0,RHANCNWN4P,BDDHS2022360002,2022,DHS,1463.0,1468.0,,,
BGD,Chattogram/Sylhet,7080152,Antenatal visits for pregnancy: 4+ visits,36.8,1,BD,Bangladesh,2022,BD2022DHS,RH_ANCN_W_N4P,83403040,I,360002,1360020,Region,Chattogram/Sylhet,14002,Two years preceding the survey,0,1,RHANCNWN4P,BDDHS2022360002,2022,DHS,1007.0,1003.0,,,
BGD,Chattogram,263315,Antenatal visits for pregnancy: 4+ visits,36.5,1,BD,Bangladesh,2022,BD2022DHS,RH_ANCN_W_N4P,83403040,I,360003,1360030,Region,..Chattogram,14000,Three years preceding the survey,0,0,RHANCNWN4P,BDDHS2022360003,2022,DHS,1132.0,880.0,,,1.0
BGD,Chattogram,263316,Antenatal visits for pregnancy: 4+ visits,36.5,1,BD,Bangladesh,2022,BD2022DHS,RH_ANCN_W_N4P,83403040,I,360003,1360030,Region,..Chattogram,14000,Three years preceding the survey,0,0,RHANCNWN4P,BDDHS2022360003,2022,DHS,1132.0,880.0,,,1.0
BGD,Chattogram,2653694,Antenatal visits for pregnancy: 4+ visits,38.3,1,BD,Bangladesh,2022,BD2022DHS,RH_ANCN_W_N4P,83403040,I,360003,1360030,Region,..Chattogram,14002,Two years preceding the survey,0,1,RHANCNWN4P,BDDHS2022360003,2022,DHS,776.0,598.0,,,1.0
BGD,Chattogram,2653695,Antenatal visits for pregnancy: 4+ visits,38.3,1,BD,Bangladesh,2022,BD2022DHS,RH_ANCN_W_N4P,83403040,I,360003,1360030,Region,..Chattogram,14002,Two years preceding the survey,0,1,RHANCNWN4P,BDDHS2022360003,2022,DHS,776.0,598.0,,,1.0
BGD,Sylhet,4574731,Antenatal visits for pregnancy: 4+ visits,29.8,1,BD,Bangladesh,2022,BD2022DHS,RH_ANCN_W_N4P,83403040,I,360004,1360040,Region,..Sylhet,14000,Three years preceding the survey,0,0,RHANCNWN4P,BDDHS2022360004,2022,DHS,330.0,588.0,,,1.0
BGD,Sylhet,4574732,Antenatal visits for pregnancy: 4+ visits,29.8,1,BD,Bangladesh,2022,BD2022DHS,RH_ANCN_W_N4P,83403040,I,360004,1360040,Region,..Sylhet,14000,Three years preceding the survey,0,0,RHANCNWN4P,BDDHS2022360004,2022,DHS,330.0,588.0,,,1.0
BGD,Sylhet,4775708,Antenatal visits for pregnancy: 4+ visits,31.6,1,BD,Bangladesh,2022,BD2022DHS,RH_ANCN_W_N4P,83403040,I,360004,1360040,Region,..Sylhet,14002,Two years preceding the survey,0,1,RHANCNWN4P,BDDHS2022360004,2022,DHS,230.0,405.0,,,1.0
BGD,Sylhet,4775709,Antenatal visits for pregnancy: 4+ visits,31.6,1,BD,Bangladesh,2022,BD2022DHS,RH_ANCN_W_N4P,83403040,I,360004,1360040,Region,..Sylhet,14002,Two years preceding the survey,0,1,RHANCNWN4P,BDDHS2022360004,2022,DHS,230.0,405.0,,,1.0
BGD,Dhaka before 2015,5401888,Antenatal visits for pregnancy: 4+ visits,47.0,1,BD,Bangladesh,2022,BD2022DHS,RH_ANCN_W_N4P,83403040,I,360005,1360050,Region,Dhaka before 2015,14000,Three years preceding the survey,0,0,RHANCNWN4P,BDDHS2022360005,2022,DHS,1704.0,1374.0,,,
BGD,Dhaka before 2015,6772413,Antenatal visits for pregnancy: 4+ visits,48.3,1,BD,Bangladesh,2022,BD2022DHS,RH_ANCN_W_N4P,83403040,I,360005,1360050,Region,Dhaka before 2015,14002,Two years preceding the survey,0,1,RHANCNWN4P,BDDHS2022360005,2022,DHS,1227.0,994.0,,,
BGD,Dhaka,6977187,Antenatal visits for pregnancy: 4+ visits,47.6,1,BD,Bangladesh,2022,BD2022DHS,RH_ANCN_W_N4P,83403040,I,360010,1360052,Region,..Dhaka,14000,Three years preceding the survey,0,0,RHANCNWN4P,BDDHS2022360010,2022,DHS,1257.0,753.0,,,1.0
BGD,Dhaka,6977188,Antenatal visits for pregnancy: 4+ visits,47.6,1,BD,Bangladesh,2022,BD2022DHS,RH_ANCN_W_N4P,83403040,I,360010,1360052,Region,..Dhaka,14000,Three years preceding the survey,0,0,RHANCNWN4P,BDDHS2022360010,2022,DHS,1257.0,753.0,,,1.0
BGD,Dhaka,3096459,Antenatal visits for pregnancy: 4+ visits,48.8,1,BD,Bangladesh,2022,BD2022DHS,RH_ANCN_W_N4P,83403040,I,360010,1360052,Region,..Dhaka,14002,Two years preceding the survey,0,1,RHANCNWN4P,BDDHS2022360010,2022,DHS,903.0,542.0,,,1.0
BGD,Dhaka,3096460,Antenatal visits for pregnancy: 4+ visits,48.8,1,BD,Bangladesh,2022,BD2022DHS,RH_ANCN_W_N4P,83403040,I,360010,1360052,Region,..Dhaka,14002,Two years preceding the survey,0,1,RHANCNWN4P,BDDHS2022360010,2022,DHS,903.0,542.0,,,1.0
BGD,Mymensingh,2310391,Antenatal visits for pregnancy: 4+ visits,45.1,1,BD,Bangladesh,2022,BD2022DHS,RH_ANCN_W_N4P,83403040,I,360011,1360055,Region,..Mymensingh,14000,Three years preceding the survey,0,0,RHANCNWN4P,BDDHS2022360011,2022,DHS,446.0,621.0,,,1.0
BGD,Mymensingh,2310392,Antenatal visits for pregnancy: 4+ visits,45.1,1,BD,Bangladesh,2022,BD2022DHS,RH_ANCN_W_N4P,83403040,I,360011,1360055,Region,..Mymensingh,14000,Three years preceding the survey,0,0,RHANCNWN4P,BDDHS2022360011,2022,DHS,446.0,621.0,,,1.0
BGD,Mymensingh,6203756,Antenatal visits for pregnancy: 4+ visits,46.9,1,BD,Bangladesh,2022,BD2022DHS,RH_ANCN_W_N4P,83403040,I,360011,1360055,Region,..Mymensingh,14002,Two years preceding the survey,0,1,RHANCNWN4P,BDDHS2022360011,2022,DHS,324.0,452.0,,,1.0
BGD,Mymensingh,6203757,Antenatal visits for pregnancy: 4+ visits,46.9,1,BD,Bangladesh,2022,BD2022DHS,RH_ANCN_W_N4P,83403040,I,360011,1360055,Region,..Mymensingh,14002,Two years preceding the survey,0,1,RHANCNWN4P,BDDHS2022360011,2022,DHS,324.0,452.0,,,1.0
BGD,Khulna,3090514,Antenatal visits for pregnancy: 4+ visits,43.0,1,BD,Bangladesh,2022,BD2022DHS,RH_ANCN_W_N4P,83403040,I,360006,1360060,Region,Khulna,14000,Three years preceding the survey,0,0,RHANCNWN4P,BDDHS2022360006,2022,DHS,530.0,574.0,,,1.0
BGD,Khulna,3090515,Antenatal visits for pregnancy: 4+ visits,43.0,1,BD,Bangladesh,2022,BD2022DHS,RH_ANCN_W_N4P,83403040,I,360006,1360060,Region,Khulna,14000,Three years preceding the survey,0,0,RHANCNWN4P,BDDHS2022360006,2022,DHS,530.0,574.0,,,1.0
BGD,Khulna,5817666,Antenatal visits for pregnancy: 4+ visits,41.7,1,BD,Bangladesh,2022,BD2022DHS,RH_ANCN_W_N4P,83403040,I,360006,1360060,Region,Khulna,14002,Two years preceding the survey,0,1,RHANCNWN4P,BDDHS2022360006,2022,DHS,374.0,404.0,,,1.0
BGD,Khulna,5817667,Antenatal visits for pregnancy: 4+ visits,41.7,1,BD,Bangladesh,2022,BD2022DHS,RH_ANCN_W_N4P,83403040,I,360006,1360060,Region,Khulna,14002,Two years preceding the survey,0,1,RHANCNWN4P,BDDHS2022360006,2022,DHS,374.0,404.0,,,1.0
BGD,Rajshahi/Rangpur,7373224,Antenatal visits for pregnancy: 4+ visits,36.2,1,BD,Bangladesh,2022,BD2022DHS,RH_ANCN_W_N4P,83403040,I,360007,1360070,Region,Rajshahi/Rangpur,14000,Three years preceding the survey,0,0,RHANCNWN4P,BDDHS2022360007,2022,DHS,1118.0,1104.0,,,
BGD,Rajshahi/Rangpur,284404,Antenatal visits for pregnancy: 4+ visits,35.7,1,BD,Bangladesh,2022,BD2022DHS,RH_ANCN_W_N4P,83403040,I,360007,1360070,Region,Rajshahi/Rangpur,14002,Two years preceding the survey,0,1,RHANCNWN4P,BDDHS2022360007,2022,DHS,786.0,772.0,,,
BGD,Rangpur,2311222,Antenatal visits for pregnancy: 4+ visits,35.5,1,BD,Bangladesh,2022,BD2022DHS,RH_ANCN_W_N4P,83403040,I,360008,1360080,Region,..Rangpur,14000,Three years preceding the survey,0,0,RHANCNWN4P,BDDHS2022360008,2022,DHS,576.0,592.0,,,1.0
BGD,Rangpur,2311223,Antenatal visits for pregnancy: 4+ visits,35.5,1,BD,Bangladesh,2022,BD2022DHS,RH_ANCN_W_N4P,83403040,I,360008,1360080,Region,..Rangpur,14000,Three years preceding the survey,0,0,RHANCNWN4P,BDDHS2022360008,2022,DHS,576.0,592.0,,,1.0
BGD,Rangpur,4553341,Antenatal visits for pregnancy: 4+ visits,35.3,1,BD,Bangladesh,2022,BD2022DHS,RH_ANCN_W_N4P,83403040,I,360008,1360080,Region,..Rangpur,14002,Two years preceding the survey,0,1,RHANCNWN4P,BDDHS2022360008,2022,DHS,409.0,415.0,,,1.0
BGD,Rangpur,4553342,Antenatal visits for pregnancy: 4+ visits,35.3,1,BD,Bangladesh,2022,BD2022DHS,RH_ANCN_W_N4P,83403040,I,360008,1360080,Region,..Rangpur,14002,Two years preceding the survey,0,1,RHANCNWN4P,BDDHS2022360008,2022,DHS,409.0,415.0,,,1.0
BGD,Rajshahi,5969098,Antenatal visits for pregnancy: 4+ visits,37.0,1,BD,Bangladesh,2022,BD2022DHS,RH_ANCN_W_N4P,83403040,I,360009,1360090,Region,..Rajshahi,14000,Three years preceding the survey,0,0,RHANCNWN4P,BDDHS2022360009,2022,DHS,541.0,512.0,,,1.0
BGD,Rajshahi,5969099,Antenatal visits for pregnancy: 4+ visits,37.0,1,BD,Bangladesh,2022,BD2022DHS,RH_ANCN_W_N4P,83403040,I,360009,1360090,Region,..Rajshahi,14000,Three years preceding the survey,0,0,RHANCNWN4P,BDDHS2022360009,2022,DHS,541.0,512.0,,,1.0
BGD,Rajshahi,593223,Antenatal visits for pregnancy: 4+ visits,36.1,1,BD,Bangladesh,2022,BD2022DHS,RH_ANCN_W_N4P,83403040,I,360009,1360090,Region,..Rajshahi,14002,Two years preceding the survey,0,1,RHANCNWN4P,BDDHS2022360009,2022,DHS,377.0,357.0,,,1.0
BGD,Rajshahi,593224,Antenatal visits for pregnancy: 4+ visits,36.1,1,BD,Bangladesh,2022,BD2022DHS,RH_ANCN_W_N4P,83403040,I,360009,1360090,Region,..Rajshahi,14002,Two years preceding the survey,0,1,RHANCNWN4P,BDDHS2022360009,2022,DHS,377.0,357.0,,,1.0
BGD,Barishal,6850344,Tetanus protection at birth,81.4,1,BD,Bangladesh,2022,BD2022DHS,RH_TTIJ_W_PRT,83533060,I,360001,1360010,Region,Barishal,14000,Three years preceding the survey,0,0,RHTTIJWPRT,BDDHS2022360001,2022,DHS,314.0,544.0,,,1.0
BGD,Barishal,6850345,Tetanus protection at birth,81.4,1,BD,Bangladesh,2022,BD2022DHS,RH_TTIJ_W_PRT,83533060,I,360001,1360010,Region,Barishal,14000,Three years preceding the survey,0,0,RHTTIJWPRT,BDDHS2022360001,2022,DHS,314.0,544.0,,,1.0
BGD,Barishal,2300721,Tetanus protection at birth,79.5,1,BD,Bangladesh,2022,BD2022DHS,RH_TTIJ_W_PRT,83533060,I,360001,1360010,Region,Barishal,14002,Two years preceding the survey,0,1,RHTTIJWPRT,BDDHS2022360001,2022,DHS,216.0,376.0,,,1.0
BGD,Barishal,2300722,Tetanus protection at birth,79.5,1,BD,Bangladesh,2022,BD2022DHS,RH_TTIJ_W_PRT,83533060,I,360001,1360010,Region,Barishal,14002,Two years preceding the survey,0,1,RHTTIJWPRT,BDDHS2022360001,2022,DHS,216.0,376.0,,,1.0
BGD,Chattogram/Sylhet,2885649,Tetanus protection at birth,83.8,1,BD,Bangladesh,2022,BD2022DHS,RH_TTIJ_W_PRT,83533060,I,360002,1360020,Region,Chattogram/Sylhet,14000,Three years preceding the survey,0,0,RHTTIJWPRT,BDDHS2022360002,2022,DHS,1463.0,1468.0,,,
BGD,Chattogram/Sylhet,7162569,Tetanus protection at birth,83.2,1,BD,Bangladesh,2022,BD2022DHS,RH_TTIJ_W_PRT,83533060,I,360002,1360020,Region,Chattogram/Sylhet,14002,Two years preceding the survey,0,1,RHTTIJWPRT,BDDHS2022360002,2022,DHS,1007.0,1003.0,,,
BGD,Chattogram,6583663,Tetanus protection at birth,85.6,1,BD,Bangladesh,2022,BD2022DHS,RH_TTIJ_W_PRT,83533060,I,360003,1360030,Region,..Chattogram,14000,Three years preceding the survey,0,0,RHTTIJWPRT,BDDHS2022360003,2022,DHS,1132.0,880.0,,,1.0
BGD,Chattogram,6583664,Tetanus protection at birth,85.6,1,BD,Bangladesh,2022,BD2022DHS,RH_TTIJ_W_PRT,83533060,I,360003,1360030,Region,..Chattogram,14000,Three years preceding the survey,0,0,RHTTIJWPRT,BDDHS2022360003,2022,DHS,1132.0,880.0,,,1.0
BGD,Chattogram,5102134,Tetanus protection at birth,85.1,1,BD,Bangladesh,2022,BD2022DHS,RH_TTIJ_W_PRT,83533060,I,360003,1360030,Region,..Chattogram,14002,Two years preceding the survey,0,1,RHTTIJWPRT,BDDHS2022360003,2022,DHS,776.0,598.0,,,1.0
BGD,Chattogram,5102135,Tetanus protection at birth,85.1,1,BD,Bangladesh,2022,BD2022DHS,RH_TTIJ_W_PRT,83533060,I,360003,1360030,Region,..Chattogram,14002,Two years preceding the survey,0,1,RHTTIJWPRT,BDDHS2022360003,2022,DHS,776.0,598.0,,,1.0
BGD,Sylhet,3138019,Tetanus protection at birth,77.9,1,BD,Bangladesh,2022,BD2022DHS,RH_TTIJ_W_PRT,83533060,I,360004,1360040,Region,..Sylhet,14000,Three years preceding the survey,0,0,RHTTIJWPRT,BDDHS2022360004,2022,DHS,330.0,588.0,,,1.0
BGD,Sylhet,3138020,Tetanus protection at birth,77.9,1,BD,Bangladesh,2022,BD2022DHS,RH_TTIJ_W_PRT,83533060,I,360004,1360040,Region,..Sylhet,14000,Three years preceding the survey,0,0,RHTTIJWPRT,BDDHS2022360004,2022,DHS,330.0,588.0,,,1.0
BGD,Sylhet,2311404,Tetanus protection at birth,76.8,1,BD,Bangladesh,2022,BD2022DHS,RH_TTIJ_W_PRT,83533060,I,360004,1360040,Region,..Sylhet,14002,Two years preceding the survey,0,1,RHTTIJWPRT,BDDHS2022360004,2022,DHS,230.0,405.0,,,1.0
BGD,Sylhet,2311405,Tetanus protection at birth,76.8,1,BD,Bangladesh,2022,BD2022DHS,RH_TTIJ_W_PRT,83533060,I,360004,1360040,Region,..Sylhet,14002,Two years preceding the survey,0,1,RHTTIJWPRT,BDDHS2022360004,2022,DHS,230.0,405.0,,,1.0
BGD,Dhaka before 2015,6115705,Tetanus protection at birth,82.5,1,BD,Bangladesh,2022,BD2022DHS,RH_TTIJ_W_PRT,83533060,I,360005,1360050,Region,Dhaka before 2015,14000,Three years preceding the survey,0,0,RHTTIJWPRT,BDDHS2022360005,2022,DHS,1704.0,1374.0,,,
BGD,Dhaka before 2015,485293,Tetanus protection at birth,81.9,1,BD,Bangladesh,2022,BD2022DHS,RH_TTIJ_W_PRT,83533060,I,360005,1360050,Region,Dhaka before 2015,14002,Two years preceding the survey,0,1,RHTTIJWPRT,BDDHS2022360005,2022,DHS,1227.0,994.0,,,
BGD,Dhaka,6595888,Tetanus protection at birth,80.8,1,BD,Bangladesh,2022,BD2022DHS,RH_TTIJ_W_PRT,83533060,I,360010,1360052,Region,..Dhaka,14000,Three years preceding the survey,0,0,RHTTIJWPRT,BDDHS2022360010,2022,DHS,1257.0,753.0,,,1.0
BGD,Dhaka,6595889,Tetanus protection at birth,80.8,1,BD,Bangladesh,2022,BD2022DHS,RH_TTIJ_W_PRT,83533060,I,360010,1360052,Region,..Dhaka,14000,Three years preceding the survey,0,0,RHTTIJWPRT,BDDHS2022360010,2022,DHS,1257.0,753.0,,,1.0
BGD,Dhaka,3199879,Tetanus protection at birth,79.9,1,BD,Bangladesh,2022,BD2022DHS,RH_TTIJ_W_PRT,83533060,I,360010,1360052,Region,..Dhaka,14002,Two years preceding the survey,0,1,RHTTIJWPRT,BDDHS2022360010,2022,DHS,903.0,542.0,,,1.0
BGD,Dhaka,3199880,Tetanus protection at birth,79.9,1,BD,Bangladesh,2022,BD2022DHS,RH_TTIJ_W_PRT,83533060,I,360010,1360052,Region,..Dhaka,14002,Two years preceding the survey,0,1,RHTTIJWPRT,BDDHS2022360010,2022,DHS,903.0,542.0,,,1.0
BGD,Mymensingh,382395,Tetanus protection at birth,87.5,1,BD,Bangladesh,2022,BD2022DHS,RH_TTIJ_W_PRT,83533060,I,360011,1360055,Region,..Mymensingh,14000,Three years preceding the survey,0,0,RHTTIJWPRT,BDDHS2022360011,2022,DHS,446.0,621.0,,,1.0
BGD,Mymensingh,382396,Tetanus protection at birth,87.5,1,BD,Bangladesh,2022,BD2022DHS,RH_TTIJ_W_PRT,83533060,I,360011,1360055,Region,..Mymensingh,14000,Three years preceding the survey,0,0,RHTTIJWPRT,BDDHS2022360011,2022,DHS,446.0,621.0,,,1.0
BGD,Mymensingh,2802316,Tetanus protection at birth,87.4,1,BD,Bangladesh,2022,BD2022DHS,RH_TTIJ_W_PRT,83533060,I,360011,1360055,Region,..Mymensingh,14002,Two years preceding the survey,0,1,RHTTIJWPRT,BDDHS2022360011,2022,DHS,324.0,452.0,,,1.0
BGD,Mymensingh,2802317,Tetanus protection at birth,87.4,1,BD,Bangladesh,2022,BD2022DHS,RH_TTIJ_W_PRT,83533060,I,360011,1360055,Region,..Mymensingh,14002,Two years preceding the survey,0,1,RHTTIJWPRT,BDDHS2022360011,2022,DHS,324.0,452.0,,,1.0
BGD,Khulna,415118,Tetanus protection at birth,83.5,1,BD,Bangladesh,2022,BD2022DHS,RH_TTIJ_W_PRT,83533060,I,360006,1360060,Region,Khulna,14000,Three years preceding the survey,0,0,RHTTIJWPRT,BDDHS2022360006,2022,DHS,530.0,574.0,,,1.0
BGD,Khulna,415119,Tetanus protection at birth,83.5,1,BD,Bangladesh,2022,BD2022DHS,RH_TTIJ_W_PRT,83533060,I,360006,1360060,Region,Khulna,14000,Three years preceding the survey,0,0,RHTTIJWPRT,BDDHS2022360006,2022,DHS,530.0,574.0,,,1.0
BGD,Khulna,2947325,Tetanus protection at birth,84.3,1,BD,Bangladesh,2022,BD2022DHS,RH_TTIJ_W_PRT,83533060,I,360006,1360060,Region,Khulna,14002,Two years preceding the survey,0,1,RHTTIJWPRT,BDDHS2022360006,2022,DHS,374.0,404.0,,,1.0
BGD,Khulna,2947326,Tetanus protection at birth,84.3,1,BD,Bangladesh,2022,BD2022DHS,RH_TTIJ_W_PRT,83533060,I,360006,1360060,Region,Khulna,14002,Two years preceding the survey,0,1,RHTTIJWPRT,BDDHS2022360006,2022,DHS,374.0,404.0,,,1.0
BGD,Rajshahi/Rangpur,2782780,Tetanus protection at birth,84.9,1,BD,Bangladesh,2022,BD2022DHS,RH_TTIJ_W_PRT,83533060,I,360007,1360070,Region,Rajshahi/Rangpur,14000,Three years preceding the survey,0,0,RHTTIJWPRT,BDDHS2022360007,2022,DHS,1118.0,1104.0,,,
BGD,Rajshahi/Rangpur,3483342,Tetanus protection at birth,83.7,1,BD,Bangladesh,2022,BD2022DHS,RH_TTIJ_W_PRT,83533060,I,360007,1360070,Region,Rajshahi/Rangpur,14002,Two years preceding the survey,0,1,RHTTIJWPRT,BDDHS2022360007,2022,DHS,786.0,772.0,,,
BGD,Rangpur,4935369,Tetanus protection at birth,84.4,1,BD,Bangladesh,2022,BD2022DHS,RH_TTIJ_W_PRT,83533060,I,360008,1360080,Region,..Rangpur,14000,Three years preceding the survey,0,0,RHTTIJWPRT,BDDHS2022360008,2022,DHS,576.0,592.0,,,1.0
BGD,Rangpur,4935370,Tetanus protection at birth,84.4,1,BD,Bangladesh,2022,BD2022DHS,RH_TTIJ_W_PRT,83533060,I,360008,1360080,Region,..Rangpur,14000,Three years preceding the survey,0,0,RHTTIJWPRT,BDDHS2022360008,2022,DHS,576.0,592.0,,,1.0
BGD,Rangpur,4190367,Tetanus protection at birth,83.6,1,BD,Bangladesh,2022,BD2022DHS,RH_TTIJ_W_PRT,83533060,I,360008,1360080,Region,..Rangpur,14002,Two years preceding the survey,0,1,RHTTIJWPRT,BDDHS2022360008,2022,DHS,409.0,415.0,,,1.0
BGD,Rangpur,4190368,Tetanus protection at birth,83.6,1,BD,Bangladesh,2022,BD2022DHS,RH_TTIJ_W_PRT,83533060,I,360008,1360080,Region,..Rangpur,14002,Two years preceding the survey,0,1,RHTTIJWPRT,BDDHS2022360008,2022,DHS,409.0,415.0,,,1.0
BGD,Rajshahi,4609881,Tetanus protection at birth,85.4,1,BD,Bangladesh,2022,BD2022DHS,RH_TTIJ_W_PRT,83533060,I,360009,1360090,Region,..Rajshahi,14000,Three years preceding the survey,0,0,RHTTIJWPRT,BDDHS2022360009,2022,DHS,541.0,512.0,,,1.0
BGD,Rajshahi,4609882,Tetanus protection at birth,85.4,1,BD,Bangladesh,2022,BD2022DHS,RH_TTIJ_W_PRT,83533060,I,360009,1360090,Region,..Rajshahi,14000,Three years preceding the survey,0,0,RHTTIJWPRT,BDDHS2022360009,2022,DHS,541.0,512.0,,,1.0
BGD,Rajshahi,7244331,Tetanus protection at birth,83.7,1,BD,Bangladesh,2022,BD2022DHS,RH_TTIJ_W_PRT,83533060,I,360009,1360090,Region,..Rajshahi,14002,Two years preceding the survey,0,1,RHTTIJWPRT,BDDHS2022360009,2022,DHS,377.0,357.0,,,1.0
BGD,Rajshahi,7244332,Tetanus protection at birth,83.7,1,BD,Bangladesh,2022,BD2022DHS,RH_TTIJ_W_PRT,83533060,I,360009,1360090,Region,..Rajshahi,14002,Two years preceding the survey,0,1,RHTTIJWPRT,BDDHS2022360009,2022,DHS,377.0,357.0,,,1.0
BGD,Barishal,2300732,Place of delivery: Health facility,52.3,1,BD,Bangladesh,2022,BD2022DHS,RH_DELP_C_DHF,83566070,I,360001,1360010,Region,Barishal,14000,Three years preceding the survey,0,0,RHDELPCDHF,BDDHS2022360001,2022,DHS,328.0,570.0,,,1.0
BGD,Barishal,2300733,Place of delivery: Health facility,52.3,1,BD,Bangladesh,2022,BD2022DHS,RH_DELP_C_DHF,83566070,I,360001,1360010,Region,Barishal,14000,Three years preceding the survey,0,0,RHDELPCDHF,BDDHS2022360001,2022,DHS,328.0,570.0,,,1.0
BGD,Barishal,4926948,Place of delivery: Health facility,51.1,1,BD,Bangladesh,2022,BD2022DHS,RH_DELP_C_DHF,83566070,I,360001,1360010,Region,Barishal,14002,Two years preceding the survey,0,1,RHDELPCDHF,BDDHS2022360001,2022,DHS,219.0,383.0,,,1.0
BGD,Barishal,4926949,Place of delivery: Health facility,51.1,1,BD,Bangladesh,2022,BD2022DHS,RH_DELP_C_DHF,83566070,I,360001,1360010,Region,Barishal,14002,Two years preceding the survey,0,1,RHDELPCDHF,BDDHS2022360001,2022,DHS,219.0,383.0,,,1.0
BGD,Chattogram/Sylhet,5556879,Place of delivery: Health facility,56.5,1,BD,Bangladesh,2022,BD2022DHS,RH_DELP_C_DHF,83566070,I,360002,1360020,Region,Chattogram/Sylhet,14000,Three years preceding the survey,0,0,RHDELPCDHF,BDDHS2022360002,2022,DHS,1562.0,1575.0,,,
BGD,Chattogram/Sylhet,6474972,Place of delivery: Health facility,58.7,1,BD,Bangladesh,2022,BD2022DHS,RH_DELP_C_DHF,83566070,I,360002,1360020,Region,Chattogram/Sylhet,14002,Two years preceding the survey,0,1,RHDELPCDHF,BDDHS2022360002,2022,DHS,1033.0,1036.0,,,
BGD,Chattogram,2718023,Place of delivery: Health facility,58.3,1,BD,Bangladesh,2022,BD2022DHS,RH_DELP_C_DHF,83566070,I,360003,1360030,Region,..Chattogram,14000,Three years preceding the survey,0,0,RHDELPCDHF,BDDHS2022360003,2022,DHS,1199.0,932.0,,,1.0
BGD,Chattogram,2718024,Place of delivery: Health facility,58.3,1,BD,Bangladesh,2022,BD2022DHS,RH_DELP_C_DHF,83566070,I,360003,1360030,Region,..Chattogram,14000,Three years preceding the survey,0,0,RHDELPCDHF,BDDHS2022360003,2022,DHS,1199.0,932.0,,,1.0
BGD,Chattogram,6589292,Place of delivery: Health facility,60.9,1,BD,Bangladesh,2022,BD2022DHS,RH_DELP_C_DHF,83566070,I,360003,1360030,Region,..Chattogram,14002,Two years preceding the survey,0,1,RHDELPCDHF,BDDHS2022360003,2022,DHS,793.0,613.0,,,1.0
BGD,Chattogram,6589293,Place of delivery: Health facility,60.9,1,BD,Bangladesh,2022,BD2022DHS,RH_DELP_C_DHF,83566070,I,360003,1360030,Region,..Chattogram,14002,Two years preceding the survey,0,1,RHDELPCDHF,BDDHS2022360003,2022,DHS,793.0,613.0,,,1.0
BGD,Sylhet,6871770,Place of delivery: Health facility,50.6,1,BD,Bangladesh,2022,BD2022DHS,RH_DELP_C_DHF,83566070,I,360004,1360040,Region,..Sylhet,14000,Three years preceding the survey,0,0,RHDELPCDHF,BDDHS2022360004,2022,DHS,363.0,643.0,,,1.0
BGD,Sylhet,6871771,Place of delivery: Health facility,50.6,1,BD,Bangladesh,2022,BD2022DHS,RH_DELP_C_DHF,83566070,I,360004,1360040,Region,..Sylhet,14000,Three years preceding the survey,0,0,RHDELPCDHF,BDDHS2022360004,2022,DHS,363.0,643.0,,,1.0
BGD,Sylhet,333316,Place of delivery: Health facility,51.6,1,BD,Bangladesh,2022,BD2022DHS,RH_DELP_C_DHF,83566070,I,360004,1360040,Region,..Sylhet,14002,Two years preceding the survey,0,1,RHDELPCDHF,BDDHS2022360004,2022,DHS,240.0,423.0,,,1.0
BGD,Sylhet,333317,Place of delivery: Health facility,51.6,1,BD,Bangladesh,2022,BD2022DHS,RH_DELP_C_DHF,83566070,I,360004,1360040,Region,..Sylhet,14002,Two years preceding the survey,0,1,RHDELPCDHF,BDDHS2022360004,2022,DHS,240.0,423.0,,,1.0
BGD,Dhaka before 2015,4624199,Place of delivery: Health facility,65.1,1,BD,Bangladesh,2022,BD2022DHS,RH_DELP_C_DHF,83566070,I,360005,1360050,Region,Dhaka before 2015,14000,Three years preceding the survey,0,0,RHDELPCDHF,BDDHS2022360005,2022,DHS,1806.0,1460.0,,,
BGD,Dhaka before 2015,2305274,Place of delivery: Health facility,66.3,1,BD,Bangladesh,2022,BD2022DHS,RH_DELP_C_DHF,83566070,I,360005,1360050,Region,Dhaka before 2015,14002,Two years preceding the survey,0,1,RHDELPCDHF,BDDHS2022360005,2022,DHS,1259.0,1020.0,,,
BGD,Dhaka,2899533,Place of delivery: Health facility,69.9,1,BD,Bangladesh,2022,BD2022DHS,RH_DELP_C_DHF,83566070,I,360010,1360052,Region,..Dhaka,14000,Three years preceding the survey,0,0,RHDELPCDHF,BDDHS2022360010,2022,DHS,1331.0,796.0,,,1.0
BGD,Dhaka,2899534,Place of delivery: Health facility,69.9,1,BD,Bangladesh,2022,BD2022DHS,RH_DELP_C_DHF,83566070,I,360010,1360052,Region,..Dhaka,14000,Three years preceding the survey,0,0,RHDELPCDHF,BDDHS2022360010,2022,DHS,1331.0,796.0,,,1.0
BGD,Dhaka,5891267,Place of delivery: Health facility,70.6,1,BD,Bangladesh,2022,BD2022DHS,RH_DELP_C_DHF,83566070,I,360010,1360052,Region,..Dhaka,14002,Two years preceding the survey,0,1,RHDELPCDHF,BDDHS2022360010,2022,DHS,926.0,556.0,,,1.0
BGD,Dhaka,5891268,Place of delivery: Health facility,70.6,1,BD,Bangladesh,2022,BD2022DHS,RH_DELP_C_DHF,83566070,I,360010,1360052,Region,..Dhaka,14002,Two years preceding the survey,0,1,RHDELPCDHF,BDDHS2022360010,2022,DHS,926.0,556.0,,,1.0
BGD,Mymensingh,6316563,Place of delivery: Health facility,51.6,1,BD,Bangladesh,2022,BD2022DHS,RH_DELP_C_DHF,83566070,I,360011,1360055,Region,..Mymensingh,14000,Three years preceding the survey,0,0,RHDELPCDHF,BDDHS2022360011,2022,DHS,475.0,664.0,,,1.0
BGD,Mymensingh,6316564,Place of delivery: Health facility,51.6,1,BD,Bangladesh,2022,BD2022DHS,RH_DELP_C_DHF,83566070,I,360011,1360055,Region,..Mymensingh,14000,Three years preceding the survey,0,0,RHDELPCDHF,BDDHS2022360011,2022,DHS,475.0,664.0,,,1.0
BGD,Mymensingh,212946,Place of delivery: Health facility,54.3,1,BD,Bangladesh,2022,BD2022DHS,RH_DELP_C_DHF,83566070,I,360011,1360055,Region,..Mymensingh,14002,Two years preceding the survey,0,1,RHDELPCDHF,BDDHS2022360011,2022,DHS,333.0,464.0,,,1.0
BGD,Mymensingh,212947,Place of delivery: Health facility,54.3,1,BD,Bangladesh,2022,BD2022DHS,RH_DELP_C_DHF,83566070,I,360011,1360055,Region,..Mymensingh,14002,Two years preceding the survey,0,1,RHDELPCDHF,BDDHS2022360011,2022,DHS,333.0,464.0,,,1.0
BGD,Khulna,6041556,Place of delivery: Health facility,81.9,1,BD,Bangladesh,2022,BD2022DHS,RH_DELP_C_DHF,83566070,I,360006,1360060,Region,Khulna,14000,Three years preceding the survey,0,0,RHDELPCDHF,BDDHS2022360006,2022,DHS,547.0,593.0,,,1.0
BGD,Khulna,6041557,Place of delivery: Health facility,81.9,1,BD,Bangladesh,2022,BD2022DHS,RH_DELP_C_DHF,83566070,I,360006,1360060,Region,Khulna,14000,Three years preceding the survey,0,0,RHDELPCDHF,BDDHS2022360006,2022,DHS,547.0,593.0,,,1.0
BGD,Khulna,5408832,Place of delivery: Health facility,82.2,1,BD,Bangladesh,2022,BD2022DHS,RH_DELP_C_DHF,83566070,I,360006,1360060,Region,Khulna,14002,Two years preceding the survey,0,1,RHDELPCDHF,BDDHS2022360006,2022,DHS,380.0,410.0,,,1.0
BGD,Khulna,5408833,Place of delivery: Health facility,82.2,1,BD,Bangladesh,2022,BD2022DHS,RH_DELP_C_DHF,83566070,I,360006,1360060,Region,Khulna,14002,Two years preceding the survey,0,1,RHDELPCDHF,BDDHS2022360006,2022,DHS,380.0,410.0,,,1.0
BGD,Rajshahi/Rangpur,5343023,Place of delivery: Health facility,65.0,1,BD,Bangladesh,2022,BD2022DHS,RH_DELP_C_DHF,83566070,I,360007,1360070,Region,Rajshahi/Rangpur,14000,Three years preceding the survey,0,0,RHDELPCDHF,BDDHS2022360007,2022,DHS,1162.0,1144.0,,,
BGD,Rajshahi/Rangpur,2724492,Place of delivery: Health facility,65.7,1,BD,Bangladesh,2022,BD2022DHS,RH_DELP_C_DHF,83566070,I,360007,1360070,Region,Rajshahi/Rangpur,14002,Two years preceding the survey,0,1,RHDELPCDHF,BDDHS2022360007,2022,DHS,800.0,786.0,,,
BGD,Rangpur,2311362,Place of delivery: Health facility,60.5,1,BD,Bangladesh,2022,BD2022DHS,RH_DELP_C_DHF,83566070,I,360008,1360080,Region,..Rangpur,14000,Three years preceding the survey,0,0,RHDELPCDHF,BDDHS2022360008,2022,DHS,602.0,617.0,,,1.0
BGD,Rangpur,2311363,Place of delivery: Health facility,60.5,1,BD,Bangladesh,2022,BD2022DHS,RH_DELP_C_DHF,83566070,I,360008,1360080,Region,..Rangpur,14000,Three years preceding the survey,0,0,RHDELPCDHF,BDDHS2022360008,2022,DHS,602.0,617.0,,,1.0
BGD,Rangpur,6436654,Place of delivery: Health facility,61.8,1,BD,Bangladesh,2022,BD2022DHS,RH_DELP_C_DHF,83566070,I,360008,1360080,Region,..Rangpur,14002,Two years preceding the survey,0,1,RHDELPCDHF,BDDHS2022360008,2022,DHS,419.0,425.0,,,1.0
BGD,Rangpur,6436655,Place of delivery: Health facility,61.8,1,BD,Bangladesh,2022,BD2022DHS,RH_DELP_C_DHF,83566070,I,360008,1360080,Region,..Rangpur,14002,Two years preceding the survey,0,1,RHDELPCDHF,BDDHS2022360008,2022,DHS,419.0,425.0,,,1.0
BGD,Rajshahi,5066141,Place of delivery: Health facility,69.9,1,BD,Bangladesh,2022,BD2022DHS,RH_DELP_C_DHF,83566070,I,360009,1360090,Region,..Rajshahi,14000,Three years preceding the survey,0,0,RHDELPCDHF,BDDHS2022360009,2022,DHS,560.0,527.0,,,1.0
BGD,Rajshahi,5066142,Place of delivery: Health facility,69.9,1,BD,Bangladesh,2022,BD2022DHS,RH_DELP_C_DHF,83566070,I,360009,1360090,Region,..Rajshahi,14000,Three years preceding the survey,0,0,RHDELPCDHF,BDDHS2022360009,2022,DHS,560.0,527.0,,,1.0
BGD,Rajshahi,4640030,Place of delivery: Health facility,70.0,1,BD,Bangladesh,2022,BD2022DHS,RH_DELP_C_DHF,83566070,I,360009,1360090,Region,..Rajshahi,14002,Two years preceding the survey,0,1,RHDELPCDHF,BDDHS2022360009,2022,DHS,381.0,361.0,,,1.0
BGD,Rajshahi,4640031,Place of delivery: Health facility,70.0,1,BD,Bangladesh,2022,BD2022DHS,RH_DELP_C_DHF,83566070,I,360009,1360090,Region,..Rajshahi,14002,Two years preceding the survey,0,1,RHDELPCDHF,BDDHS2022360009,2022,DHS,381.0,361.0,,,1.0
BGD,Barishal,5966235,Assistance during delivery from a skilled provider,61.6,1,BD,Bangladesh,2022,BD2022DHS,RH_DELA_C_SKP,83606110,I,360001,1360010,Region,Barishal,14000,Three years preceding the survey,0,0,RHDELACSKP,BDDHS2022360001,2022,DHS,328.0,570.0,,,1.0
BGD,Barishal,5966236,Assistance during delivery from a skilled provider,61.6,1,BD,Bangladesh,2022,BD2022DHS,RH_DELA_C_SKP,83606110,I,360001,1360010,Region,Barishal,14000,Three years preceding the survey,0,0,RHDELACSKP,BDDHS2022360001,2022,DHS,328.0,570.0,,,1.0
BGD,Barishal,2300789,Assistance during delivery from a skilled provider,60.9,1,BD,Bangladesh,2022,BD2022DHS,RH_DELA_C_SKP,83606110,I,360001,1360010,Region,Barishal,14002,Two years preceding the survey,0,1,RHDELACSKP,BDDHS2022360001,2022,DHS,219.0,383.0,,,1.0
BGD,Barishal,2300790,Assistance during delivery from a skilled provider,60.9,1,BD,Bangladesh,2022,BD2022DHS,RH_DELA_C_SKP,83606110,I,360001,1360010,Region,Barishal,14002,Two years preceding the survey,0,1,RHDELACSKP,BDDHS2022360001,2022,DHS,219.0,383.0,,,1.0
BGD,Chattogram/Sylhet,5589689,Assistance during delivery from a skilled provider,63.4,1,BD,Bangladesh,2022,BD2022DHS,RH_DELA_C_SKP,83606110,I,360002,1360020,Region,Chattogram/Sylhet,14000,Three years preceding the survey,0,0,RHDELACSKP,BDDHS2022360002,2022,DHS,1562.0,1575.0,,,
BGD,Chattogram/Sylhet,4184199,Assistance during delivery from a skilled provider,64.7,1,BD,Bangladesh,2022,BD2022DHS,RH_DELA_C_SKP,83606110,I,360002,1360020,Region,Chattogram/Sylhet,14002,Two years preceding the survey,0,1,RHDELACSKP,BDDHS2022360002,2022,DHS,1033.0,1036.0,,,
BGD,Chattogram,67446,Assistance during delivery from a skilled provider,65.2,1,BD,Bangladesh,2022,BD2022DHS,RH_DELA_C_SKP,83606110,I,360003,1360030,Region,..Chattogram,14000,Three years preceding the survey,0,0,RHDELACSKP,BDDHS2022360003,2022,DHS,1199.0,932.0,,,1.0
BGD,Chattogram,67447,Assistance during delivery from a skilled provider,65.2,1,BD,Bangladesh,2022,BD2022DHS,RH_DELA_C_SKP,83606110,I,360003,1360030,Region,..Chattogram,14000,Three years preceding the survey,0,0,RHDELACSKP,BDDHS2022360003,2022,DHS,1199.0,932.0,,,1.0
BGD,Chattogram,7435317,Assistance during delivery from a skilled provider,66.4,1,BD,Bangladesh,2022,BD2022DHS,RH_DELA_C_SKP,83606110,I,360003,1360030,Region,..Chattogram,14002,Two years preceding the survey,0,1,RHDELACSKP,BDDHS2022360003,2022,DHS,793.0,613.0,,,1.0
BGD,Chattogram,7435318,Assistance during delivery from a skilled provider,66.4,1,BD,Bangladesh,2022,BD2022DHS,RH_DELA_C_SKP,83606110,I,360003,1360030,Region,..Chattogram,14002,Two years preceding the survey,0,1,RHDELACSKP,BDDHS2022360003,2022,DHS,793.0,613.0,,,1.0
BGD,Sylhet,4713130,Assistance during delivery from a skilled provider,57.6,1,BD,Bangladesh,2022,BD2022DHS,RH_DELA_C_SKP,83606110,I,360004,1360040,Region,..Sylhet,14000,Three years preceding the survey,0,0,RHDELACSKP,BDDHS2022360004,2022,DHS,363.0,643.0,,,1.0
BGD,Sylhet,4713131,Assistance during delivery from a skilled provider,57.6,1,BD,Bangladesh,2022,BD2022DHS,RH_DELA_C_SKP,83606110,I,360004,1360040,Region,..Sylhet,14000,Three years preceding the survey,0,0,RHDELACSKP,BDDHS2022360004,2022,DHS,363.0,643.0,,,1.0
BGD,Sylhet,3312879,Assistance during delivery from a skilled provider,59.3,1,BD,Bangladesh,2022,BD2022DHS,RH_DELA_C_SKP,83606110,I,360004,1360040,Region,..Sylhet,14002,Two years preceding the survey,0,1,RHDELACSKP,BDDHS2022360004,2022,DHS,240.0,423.0,,,1.0
BGD,Sylhet,3312880,Assistance during delivery from a skilled provider,59.3,1,BD,Bangladesh,2022,BD2022DHS,RH_DELA_C_SKP,83606110,I,360004,1360040,Region,..Sylhet,14002,Two years preceding the survey,0,1,RHDELACSKP,BDDHS2022360004,2022,DHS,240.0,423.0,,,1.0
BGD,Dhaka before 2015,828932,Assistance during delivery from a skilled provider,69.4,1,BD,Bangladesh,2022,BD2022DHS,RH_DELA_C_SKP,83606110,I,360005,1360050,Region,Dhaka before 2015,14000,Three years preceding the survey,0,0,RHDELACSKP,BDDHS2022360005,2022,DHS,1806.0,1460.0,,,
BGD,Dhaka before 2015,256098,Assistance during delivery from a skilled provider,71.1,1,BD,Bangladesh,2022,BD2022DHS,RH_DELA_C_SKP,83606110,I,360005,1360050,Region,Dhaka before 2015,14002,Two years preceding the survey,0,1,RHDELACSKP,BDDHS2022360005,2022,DHS,1259.0,1020.0,,,
BGD,Dhaka,217567,Assistance during delivery from a skilled provider,75.0,1,BD,Bangladesh,2022,BD2022DHS,RH_DELA_C_SKP,83606110,I,360010,1360052,Region,..Dhaka,14000,Three years preceding the survey,0,0,RHDELACSKP,BDDHS2022360010,2022,DHS,1331.0,796.0,,,1.0
BGD,Dhaka,217568,Assistance during delivery from a skilled provider,75.0,1,BD,Bangladesh,2022,BD2022DHS,RH_DELA_C_SKP,83606110,I,360010,1360052,Region,..Dhaka,14000,Three years preceding the survey,0,0,RHDELACSKP,BDDHS2022360010,2022,DHS,1331.0,796.0,,,1.0
BGD,Dhaka,5888761,Assistance during delivery from a skilled provider,76.1,1,BD,Bangladesh,2022,BD2022DHS,RH_DELA_C_SKP,83606110,I,360010,1360052,Region,..Dhaka,14002,Two years preceding the survey,0,1,RHDELACSKP,BDDHS2022360010,2022,DHS,926.0,556.0,,,1.0
BGD,Dhaka,5888762,Assistance during delivery from a skilled provider,76.1,1,BD,Bangladesh,2022,BD2022DHS,RH_DELA_C_SKP,83606110,I,360010,1360052,Region,..Dhaka,14002,Two years preceding the survey,0,1,RHDELACSKP,BDDHS2022360010,2022,DHS,926.0,556.0,,,1.0
BGD,Mymensingh,7338307,Assistance during delivery from a skilled provider,53.5,1,BD,Bangladesh,2022,BD2022DHS,RH_DELA_C_SKP,83606110,I,360011,1360055,Region,..Mymensingh,14000,Three years preceding the survey,0,0,RHDELACSKP,BDDHS2022360011,2022,DHS,475.0,664.0,,,1.0
BGD,Mymensingh,7338308,Assistance during delivery from a skilled provider,53.5,1,BD,Bangladesh,2022,BD2022DHS,RH_DELA_C_SKP,83606110,I,360011,1360055,Region,..Mymensingh,14000,Three years preceding the survey,0,0,RHDELACSKP,BDDHS2022360011,2022,DHS,475.0,664.0,,,1.0
BGD,Mymensingh,688852,Assistance during delivery from a skilled provider,57.1,1,BD,Bangladesh,2022,BD2022DHS,RH_DELA_C_SKP,83606110,I,360011,1360055,Region,..Mymensingh,14002,Two years preceding the survey,0,1,RHDELACSKP,BDDHS2022360011,2022,DHS,333.0,464.0,,,1.0
BGD,Mymensingh,688853,Assistance during delivery from a skilled provider,57.1,1,BD,Bangladesh,2022,BD2022DHS,RH_DELA_C_SKP,83606110,I,360011,1360055,Region,..Mymensingh,14002,Two years preceding the survey,0,1,RHDELACSKP,BDDHS2022360011,2022,DHS,333.0,464.0,,,1.0
BGD,Khulna,6092472,Assistance during delivery from a skilled provider,85.3,1,BD,Bangladesh,2022,BD2022DHS,RH_DELA_C_SKP,83606110,I,360006,1360060,Region,Khulna,14000,Three years preceding the survey,0,0,RHDELACSKP,BDDHS2022360006,2022,DHS,547.0,593.0,,,1.0
BGD,Khulna,6092473,Assistance during delivery from a skilled provider,85.3,1,BD,Bangladesh,2022,BD2022DHS,RH_DELA_C_SKP,83606110,I,360006,1360060,Region,Khulna,14000,Three years preceding the survey,0,0,RHDELACSKP,BDDHS2022360006,2022,DHS,547.0,593.0,,,1.0
BGD,Khulna,7090487,Assistance during delivery from a skilled provider,86.5,1,BD,Bangladesh,2022,BD2022DHS,RH_DELA_C_SKP,83606110,I,360006,1360060,Region,Khulna,14002,Two years preceding the survey,0,1,RHDELACSKP,BDDHS2022360006,2022,DHS,380.0,410.0,,,1.0
BGD,Khulna,7090488,Assistance during delivery from a skilled provider,86.5,1,BD,Bangladesh,2022,BD2022DHS,RH_DELA_C_SKP,83606110,I,360006,1360060,Region,Khulna,14002,Two years preceding the survey,0,1,RHDELACSKP,BDDHS2022360006,2022,DHS,380.0,410.0,,,1.0
BGD,Rajshahi/Rangpur,624106,Assistance during delivery from a skilled provider,69.0,1,BD,Bangladesh,2022,BD2022DHS,RH_DELA_C_SKP,83606110,I,360007,1360070,Region,Rajshahi/Rangpur,14000,Three years preceding the survey,0,0,RHDELACSKP,BDDHS2022360007,2022,DHS,1162.0,1144.0,,,
BGD,Rajshahi/Rangpur,3622368,Assistance during delivery from a skilled provider,69.2,1,BD,Bangladesh,2022,BD2022DHS,RH_DELA_C_SKP,83606110,I,360007,1360070,Region,Rajshahi/Rangpur,14002,Two years preceding the survey,0,1,RHDELACSKP,BDDHS2022360007,2022,DHS,800.0,786.0,,,
BGD,Rangpur,4436577,Assistance during delivery from a skilled provider,66.3,1,BD,Bangladesh,2022,BD2022DHS,RH_DELA_C_SKP,83606110,I,360008,1360080,Region,..Rangpur,14000,Three years preceding the survey,0,0,RHDELACSKP,BDDHS2022360008,2022,DHS,602.0,617.0,,,1.0
BGD,Rangpur,4436578,Assistance during delivery from a skilled provider,66.3,1,BD,Bangladesh,2022,BD2022DHS,RH_DELA_C_SKP,83606110,I,360008,1360080,Region,..Rangpur,14000,Three years preceding the survey,0,0,RHDELACSKP,BDDHS2022360008,2022,DHS,602.0,617.0,,,1.0
BGD,Rangpur,4710703,Assistance during delivery from a skilled provider,66.3,1,BD,Bangladesh,2022,BD2022DHS,RH_DELA_C_SKP,83606110,I,360008,1360080,Region,..Rangpur,14002,Two years preceding the survey,0,1,RHDELACSKP,BDDHS2022360008,2022,DHS,419.0,425.0,,,1.0
BGD,Rangpur,4710704,Assistance during delivery from a skilled provider,66.3,1,BD,Bangladesh,2022,BD2022DHS,RH_DELA_C_SKP,83606110,I,360008,1360080,Region,..Rangpur,14002,Two years preceding the survey,0,1,RHDELACSKP,BDDHS2022360008,2022,DHS,419.0,425.0,,,1.0
BGD,Rajshahi,2310548,Assistance during delivery from a skilled provider,71.9,1,BD,Bangladesh,2022,BD2022DHS,RH_DELA_C_SKP,83606110,I,360009,1360090,Region,..Rajshahi,14000,Three years preceding the survey,0,0,RHDELACSKP,BDDHS2022360009,2022,DHS,560.0,527.0,,,1.0
BGD,Rajshahi,2310549,Assistance during delivery from a skilled provider,71.9,1,BD,Bangladesh,2022,BD2022DHS,RH_DELA_C_SKP,83606110,I,360009,1360090,Region,..Rajshahi,14000,Three years preceding the survey,0,0,RHDELACSKP,BDDHS2022360009,2022,DHS,560.0,527.0,,,1.0
BGD,Rajshahi,6790789,Assistance during delivery from a skilled provider,72.3,1,BD,Bangladesh,2022,BD2022DHS,RH_DELA_C_SKP,83606110,I,360009,1360090,Region,..Rajshahi,14002,Two years preceding the survey,0,1,RHDELACSKP,BDDHS2022360009,2022,DHS,381.0,361.0,,,1.0
BGD,Rajshahi,6790790,Assistance during delivery from a skilled provider,72.3,1,BD,Bangladesh,2022,BD2022DHS,RH_DELA_C_SKP,83606110,I,360009,1360090,Region,..Rajshahi,14002,Two years preceding the survey,0,1,RHDELACSKP,BDDHS2022360009,2022,DHS,381.0,361.0,,,1.0
BGD,Barishal,5966237,Delivery by cesarean section,37.2,1,BD,Bangladesh,2022,BD2022DHS,RH_DELA_C_CSC,83606120,I,360001,1360010,Region,Barishal,14000,Three years preceding the survey,0,0,RHDELACCSC,BDDHS2022360001,2022,DHS,328.0,570.0,,,1.0
BGD,Barishal,5966238,Delivery by cesarean section,37.2,1,BD,Bangladesh,2022,BD2022DHS,RH_DELA_C_CSC,83606120,I,360001,1360010,Region,Barishal,14000,Three years preceding the survey,0,0,RHDELACCSC,BDDHS2022360001,2022,DHS,328.0,570.0,,,1.0
BGD,Barishal,2300791,Delivery by cesarean section,35.0,1,BD,Bangladesh,2022,BD2022DHS,RH_DELA_C_CSC,83606120,I,360001,1360010,Region,Barishal,14002,Two years preceding the survey,0,1,RHDELACCSC,BDDHS2022360001,2022,DHS,219.0,383.0,,,1.0
BGD,Barishal,2300792,Delivery by cesarean section,35.0,1,BD,Bangladesh,2022,BD2022DHS,RH_DELA_C_CSC,83606120,I,360001,1360010,Region,Barishal,14002,Two years preceding the survey,0,1,RHDELACCSC,BDDHS2022360001,2022,DHS,219.0,383.0,,,1.0
BGD,Chattogram/Sylhet,5589594,Delivery by cesarean section,29.6,1,BD,Bangladesh,2022,BD2022DHS,RH_DELA_C_CSC,83606120,I,360002,1360020,Region,Chattogram/Sylhet,14000,Three years preceding the survey,0,0,RHDELACCSC,BDDHS2022360002,2022,DHS,1562.0,1575.0,,,
BGD,Chattogram/Sylhet,4184299,Delivery by cesarean section,29.8,1,BD,Bangladesh,2022,BD2022DHS,RH_DELA_C_CSC,83606120,I,360002,1360020,Region,Chattogram/Sylhet,14002,Two years preceding the survey,0,1,RHDELACCSC,BDDHS2022360002,2022,DHS,1033.0,1036.0,,,
BGD,Chattogram,67448,Delivery by cesarean section,30.5,1,BD,Bangladesh,2022,BD2022DHS,RH_DELA_C_CSC,83606120,I,360003,1360030,Region,..Chattogram,14000,Three years preceding the survey,0,0,RHDELACCSC,BDDHS2022360003,2022,DHS,1199.0,932.0,,,1.0
BGD,Chattogram,67449,Delivery by cesarean section,30.5,1,BD,Bangladesh,2022,BD2022DHS,RH_DELA_C_CSC,83606120,I,360003,1360030,Region,..Chattogram,14000,Three years preceding the survey,0,0,RHDELACCSC,BDDHS2022360003,2022,DHS,1199.0,932.0,,,1.0
BGD,Chattogram,7435324,Delivery by cesarean section,31.0,1,BD,Bangladesh,2022,BD2022DHS,RH_DELA_C_CSC,83606120,I,360003,1360030,Region,..Chattogram,14002,Two years preceding the survey,0,1,RHDELACCSC,BDDHS2022360003,2022,DHS,793.0,613.0,,,1.0
BGD,Chattogram,7435325,Delivery by cesarean section,31.0,1,BD,Bangladesh,2022,BD2022DHS,RH_DELA_C_CSC,83606120,I,360003,1360030,Region,..Chattogram,14002,Two years preceding the survey,0,1,RHDELACCSC,BDDHS2022360003,2022,DHS,793.0,613.0,,,1.0
BGD,Sylhet,4713132,Delivery by cesarean section,26.5,1,BD,Bangladesh,2022,BD2022DHS,RH_DELA_C_CSC,83606120,I,360004,1360040,Region,..Sylhet,14000,Three years preceding the survey,0,0,RHDELACCSC,BDDHS2022360004,2022,DHS,363.0,643.0,,,1.0
BGD,Sylhet,4713133,Delivery by cesarean section,26.5,1,BD,Bangladesh,2022,BD2022DHS,RH_DELA_C_CSC,83606120,I,360004,1360040,Region,..Sylhet,14000,Three years preceding the survey,0,0,RHDELACCSC,BDDHS2022360004,2022,DHS,363.0,643.0,,,1.0
BGD,Sylhet,3312881,Delivery by cesarean section,25.7,1,BD,Bangladesh,2022,BD2022DHS,RH_DELA_C_CSC,83606120,I,360004,1360040,Region,..Sylhet,14002,Two years preceding the survey,0,1,RHDELACCSC,BDDHS2022360004,2022,DHS,240.0,423.0,,,1.0
BGD,Sylhet,3312882,Delivery by cesarean section,25.7,1,BD,Bangladesh,2022,BD2022DHS,RH_DELA_C_CSC,83606120,I,360004,1360040,Region,..Sylhet,14002,Two years preceding the survey,0,1,RHDELACCSC,BDDHS2022360004,2022,DHS,240.0,423.0,,,1.0
BGD,Dhaka before 2015,828933,Delivery by cesarean section,49.0,1,BD,Bangladesh,2022,BD2022DHS,RH_DELA_C_CSC,83606120,I,360005,1360050,Region,Dhaka before 2015,14000,Three years preceding the survey,0,0,RHDELACCSC,BDDHS2022360005,2022,DHS,1806.0,1460.0,,,
BGD,Dhaka before 2015,256132,Delivery by cesarean section,49.4,1,BD,Bangladesh,2022,BD2022DHS,RH_DELA_C_CSC,83606120,I,360005,1360050,Region,Dhaka before 2015,14002,Two years preceding the survey,0,1,RHDELACCSC,BDDHS2022360005,2022,DHS,1259.0,1020.0,,,
BGD,Dhaka,217569,Delivery by cesarean section,53.0,1,BD,Bangladesh,2022,BD2022DHS,RH_DELA_C_CSC,83606120,I,360010,1360052,Region,..Dhaka,14000,Three years preceding the survey,0,0,RHDELACCSC,BDDHS2022360010,2022,DHS,1331.0,796.0,,,1.0
BGD,Dhaka,217570,Delivery by cesarean section,53.0,1,BD,Bangladesh,2022,BD2022DHS,RH_DELA_C_CSC,83606120,I,360010,1360052,Region,..Dhaka,14000,Three years preceding the survey,0,0,RHDELACCSC,BDDHS2022360010,2022,DHS,1331.0,796.0,,,1.0
BGD,Dhaka,5888763,Delivery by cesarean section,53.1,1,BD,Bangladesh,2022,BD2022DHS,RH_DELA_C_CSC,83606120,I,360010,1360052,Region,..Dhaka,14002,Two years preceding the survey,0,1,RHDELACCSC,BDDHS2022360010,2022,DHS,926.0,556.0,,,1.0
BGD,Dhaka,5888764,Delivery by cesarean section,53.1,1,BD,Bangladesh,2022,BD2022DHS,RH_DELA_C_CSC,83606120,I,360010,1360052,Region,..Dhaka,14002,Two years preceding the survey,0,1,RHDELACCSC,BDDHS2022360010,2022,DHS,926.0,556.0,,,1.0
BGD,Mymensingh,7338309,Delivery by cesarean section,37.7,1,BD,Bangladesh,2022,BD2022DHS,RH_DELA_C_CSC,83606120,I,360011,1360055,Region,..Mymensingh,14000,Three years preceding the survey,0,0,RHDELACCSC,BDDHS2022360011,2022,DHS,475.0,664.0,,,1.0
BGD,Mymensingh,7338310,Delivery by cesarean section,37.7,1,BD,Bangladesh,2022,BD2022DHS,RH_DELA_C_CSC,83606120,I,360011,1360055,Region,..Mymensingh,14000,Three years preceding the survey,0,0,RHDELACCSC,BDDHS2022360011,2022,DHS,475.0,664.0,,,1.0
BGD,Mymensingh,688854,Delivery by cesarean section,38.9,1,BD,Bangladesh,2022,BD2022DHS,RH_DELA_C_CSC,83606120,I,360011,1360055,Region,..Mymensingh,14002,Two years preceding the survey,0,1,RHDELACCSC,BDDHS2022360011,2022,DHS,333.0,464.0,,,1.0
BGD,Mymensingh,688855,Delivery by cesarean section,38.9,1,BD,Bangladesh,2022,BD2022DHS,RH_DELA_C_CSC,83606120,I,360011,1360055,Region,..Mymensingh,14002,Two years preceding the survey,0,1,RHDELACCSC,BDDHS2022360011,2022,DHS,333.0,464.0,,,1.0
BGD,Khulna,6092474,Delivery by cesarean section,65.8,1,BD,Bangladesh,2022,BD2022DHS,RH_DELA_C_CSC,83606120,I,360006,1360060,Region,Khulna,14000,Three years preceding the survey,0,0,RHDELACCSC,BDDHS2022360006,2022,DHS,547.0,593.0,,,1.0
BGD,Khulna,6092475,Delivery by cesarean section,65.8,1,BD,Bangladesh,2022,BD2022DHS,RH_DELA_C_CSC,83606120,I,360006,1360060,Region,Khulna,14000,Three years preceding the survey,0,0,RHDELACCSC,BDDHS2022360006,2022,DHS,547.0,593.0,,,1.0
BGD,Khulna,7090489,Delivery by cesarean section,66.0,1,BD,Bangladesh,2022,BD2022DHS,RH_DELA_C_CSC,83606120,I,360006,1360060,Region,Khulna,14002,Two years preceding the survey,0,1,RHDELACCSC,BDDHS2022360006,2022,DHS,380.0,410.0,,,1.0
BGD,Khulna,7090490,Delivery by cesarean section,66.0,1,BD,Bangladesh,2022,BD2022DHS,RH_DELA_C_CSC,83606120,I,360006,1360060,Region,Khulna,14002,Two years preceding the survey,0,1,RHDELACCSC,BDDHS2022360006,2022,DHS,380.0,410.0,,,1.0
BGD,Rajshahi/Rangpur,624157,Delivery by cesarean section,47.3,1,BD,Bangladesh,2022,BD2022DHS,RH_DELA_C_CSC,83606120,I,360007,1360070,Region,Rajshahi/Rangpur,14000,Three years preceding the survey,0,0,RHDELACCSC,BDDHS2022360007,2022,DHS,1162.0,1144.0,,,
BGD,Rajshahi/Rangpur,3622369,Delivery by cesarean section,48.1,1,BD,Bangladesh,2022,BD2022DHS,RH_DELA_C_CSC,83606120,I,360007,1360070,Region,Rajshahi/Rangpur,14002,Two years preceding the survey,0,1,RHDELACCSC,BDDHS2022360007,2022,DHS,800.0,786.0,,,
BGD,Rangpur,4436579,Delivery by cesarean section,41.7,1,BD,Bangladesh,2022,BD2022DHS,RH_DELA_C_CSC,83606120,I,360008,1360080,Region,..Rangpur,14000,Three years preceding the survey,0,0,RHDELACCSC,BDDHS2022360008,2022,DHS,602.0,617.0,,,1.0
BGD,Rangpur,4436580,Delivery by cesarean section,41.7,1,BD,Bangladesh,2022,BD2022DHS,RH_DELA_C_CSC,83606120,I,360008,1360080,Region,..Rangpur,14000,Three years preceding the survey,0,0,RHDELACCSC,BDDHS2022360008,2022,DHS,602.0,617.0,,,1.0
BGD,Rangpur,4710705,Delivery by cesarean section,43.1,1,BD,Bangladesh,2022,BD2022DHS,RH_DELA_C_CSC,83606120,I,360008,1360080,Region,..Rangpur,14002,Two years preceding the survey,0,1,RHDELACCSC,BDDHS2022360008,2022,DHS,419.0,425.0,,,1.0
BGD,Rangpur,4710706,Delivery by cesarean section,43.1,1,BD,Bangladesh,2022,BD2022DHS,RH_DELA_C_CSC,83606120,I,360008,1360080,Region,..Rangpur,14002,Two years preceding the survey,0,1,RHDELACCSC,BDDHS2022360008,2022,DHS,419.0,425.0,,,1.0
BGD,Rajshahi,2310550,Delivery by cesarean section,53.3,1,BD,Bangladesh,2022,BD2022DHS,RH_DELA_C_CSC,83606120,I,360009,1360090,Region,..Rajshahi,14000,Three years preceding the survey,0,0,RHDELACCSC,BDDHS2022360009,2022,DHS,560.0,527.0,,,1.0
BGD,Rajshahi,2310551,Delivery by cesarean section,53.3,1,BD,Bangladesh,2022,BD2022DHS,RH_DELA_C_CSC,83606120,I,360009,1360090,Region,..Rajshahi,14000,Three years preceding the survey,0,0,RHDELACCSC,BDDHS2022360009,2022,DHS,560.0,527.0,,,1.0
BGD,Rajshahi,6790791,Delivery by cesarean section,53.6,1,BD,Bangladesh,2022,BD2022DHS,RH_DELA_C_CSC,83606120,I,360009,1360090,Region,..Rajshahi,14002,Two years preceding the survey,0,1,RHDELACCSC,BDDHS2022360009,2022,DHS,381.0,361.0,,,1.0
BGD,Rajshahi,6790792,Delivery by cesarean section,53.6,1,BD,Bangladesh,2022,BD2022DHS,RH_DELA_C_CSC,83606120,I,360009,1360090,Region,..Rajshahi,14002,Two years preceding the survey,0,1,RHDELACCSC,BDDHS2022360009,2022,DHS,381.0,361.0,,,1.0
BGD,Barishal,3105889,Mother's first postnatal checkup in the first two days after birth,46.7,1,BD,Bangladesh,2022,BD2022DHS,RH_PCMT_W_DY2,83633090,I,360001,1360010,Region,Barishal,0,,0,1,RHPCMTWDY2,BDDHS2022360001,2022,DHS,216.0,376.0,,,1.0
BGD,Barishal,3105890,Mother's first postnatal checkup in the first two days after birth,46.7,1,BD,Bangladesh,2022,BD2022DHS,RH_PCMT_W_DY2,83633090,I,360001,1360010,Region,Barishal,0,,0,1,RHPCMTWDY2,BDDHS2022360001,2022,DHS,216.0,376.0,,,1.0
BGD,Chattogram/Sylhet,4066594,Mother's first postnatal checkup in the first two days after birth,51.7,1,BD,Bangladesh,2022,BD2022DHS,RH_PCMT_W_DY2,83633090,I,360002,1360020,Region,Chattogram/Sylhet,0,,0,1,RHPCMTWDY2,BDDHS2022360002,2022,DHS,1007.0,1003.0,,,
BGD,Chattogram,6791491,Mother's first postnatal checkup in the first two days after birth,53.7,1,BD,Bangladesh,2022,BD2022DHS,RH_PCMT_W_DY2,83633090,I,360003,1360030,Region,..Chattogram,0,,0,1,RHPCMTWDY2,BDDHS2022360003,2022,DHS,776.0,598.0,,,1.0
BGD,Chattogram,6791492,Mother's first postnatal checkup in the first two days after birth,53.7,1,BD,Bangladesh,2022,BD2022DHS,RH_PCMT_W_DY2,83633090,I,360003,1360030,Region,..Chattogram,0,,0,1,RHPCMTWDY2,BDDHS2022360003,2022,DHS,776.0,598.0,,,1.0
BGD,Sylhet,6064145,Mother's first postnatal checkup in the first two days after birth,45.2,1,BD,Bangladesh,2022,BD2022DHS,RH_PCMT_W_DY2,83633090,I,360004,1360040,Region,..Sylhet,0,,0,1,RHPCMTWDY2,BDDHS2022360004,2022,DHS,230.0,405.0,,,1.0
BGD,Sylhet,6064146,Mother's first postnatal checkup in the first two days after birth,45.2,1,BD,Bangladesh,2022,BD2022DHS,RH_PCMT_W_DY2,83633090,I,360004,1360040,Region,..Sylhet,0,,0,1,RHPCMTWDY2,BDDHS2022360004,2022,DHS,230.0,405.0,,,1.0
BGD,Dhaka before 2015,3620471,Mother's first postnatal checkup in the first two days after birth,54.4,1,BD,Bangladesh,2022,BD2022DHS,RH_PCMT_W_DY2,83633090,I,360005,1360050,Region,Dhaka before 2015,0,,0,1,RHPCMTWDY2,BDDHS2022360005,2022,DHS,1227.0,994.0,,,
BGD,Dhaka,5692357,Mother's first postnatal checkup in the first two days after birth,57.9,1,BD,Bangladesh,2022,BD2022DHS,RH_PCMT_W_DY2,83633090,I,360010,1360052,Region,..Dhaka,0,,0,1,RHPCMTWDY2,BDDHS2022360010,2022,DHS,903.0,542.0,,,1.0
BGD,Dhaka,5692358,Mother's first postnatal checkup in the first two days after birth,57.9,1,BD,Bangladesh,2022,BD2022DHS,RH_PCMT_W_DY2,83633090,I,360010,1360052,Region,..Dhaka,0,,0,1,RHPCMTWDY2,BDDHS2022360010,2022,DHS,903.0,542.0,,,1.0
BGD,Mymensingh,7016226,Mother's first postnatal checkup in the first two days after birth,44.6,1,BD,Bangladesh,2022,BD2022DHS,RH_PCMT_W_DY2,83633090,I,360011,1360055,Region,..Mymensingh,0,,0,1,RHPCMTWDY2,BDDHS2022360011,2022,DHS,324.0,452.0,,,1.0
BGD,Mymensingh,7016227,Mother's first postnatal checkup in the first two days after birth,44.6,1,BD,Bangladesh,2022,BD2022DHS,RH_PCMT_W_DY2,83633090,I,360011,1360055,Region,..Mymensingh,0,,0,1,RHPCMTWDY2,BDDHS2022360011,2022,DHS,324.0,452.0,,,1.0
BGD,Khulna,5602343,Mother's first postnatal checkup in the first two days after birth,73.3,1,BD,Bangladesh,2022,BD2022DHS,RH_PCMT_W_DY2,83633090,I,360006,1360060,Region,Khulna,0,,0,1,RHPCMTWDY2,BDDHS2022360006,2022,DHS,374.0,404.0,,,1.0
BGD,Khulna,5602344,Mother's first postnatal checkup in the first two days after birth,73.3,1,BD,Bangladesh,2022,BD2022DHS,RH_PCMT_W_DY2,83633090,I,360006,1360060,Region,Khulna,0,,0,1,RHPCMTWDY2,BDDHS2022360006,2022,DHS,374.0,404.0,,,1.0
BGD,Rajshahi/Rangpur,3968863,Mother's first postnatal checkup in the first two days after birth,54.7,1,BD,Bangladesh,2022,BD2022DHS,RH_PCMT_W_DY2,83633090,I,360007,1360070,Region,Rajshahi/Rangpur,0,,0,1,RHPCMTWDY2,BDDHS2022360007,2022,DHS,786.0,772.0,,,
BGD,Rangpur,6459738,Mother's first postnatal checkup in the first two days after birth,49.1,1,BD,Bangladesh,2022,BD2022DHS,RH_PCMT_W_DY2,83633090,I,360008,1360080,Region,..Rangpur,0,,0,1,RHPCMTWDY2,BDDHS2022360008,2022,DHS,409.0,415.0,,,1.0
BGD,Rangpur,6459739,Mother's first postnatal checkup in the first two days after birth,49.1,1,BD,Bangladesh,2022,BD2022DHS,RH_PCMT_W_DY2,83633090,I,360008,1360080,Region,..Rangpur,0,,0,1,RHPCMTWDY2,BDDHS2022360008,2022,DHS,409.0,415.0,,,1.0
BGD,Rajshahi,688782,Mother's first postnatal checkup in the first two days after birth,60.8,1,BD,Bangladesh,2022,BD2022DHS,RH_PCMT_W_DY2,83633090,I,360009,1360090,Region,..Rajshahi,0,,0,1,RHPCMTWDY2,BDDHS2022360009,2022,DHS,377.0,357.0,,,1.0
BGD,Rajshahi,688783,Mother's first postnatal checkup in the first two days after birth,60.8,1,BD,Bangladesh,2022,BD2022DHS,RH_PCMT_W_DY2,83633090,I,360009,1360090,Region,..Rajshahi,0,,0,1,RHPCMTWDY2,BDDHS2022360009,2022,DHS,377.0,357.0,,,1.0
BGD,Barishal,6271479,Newborn's first postnatal checkup in the first two days after birth,46.0,1,BD,Bangladesh,2022,BD2022DHS,RH_PCCT_C_DY2,83706090,I,360001,1360010,Region,Barishal,0,,0,1,RHPCCTCDY2,BDDHS2022360001,2022,DHS,216.0,376.0,,,1.0
BGD,Barishal,6271480,Newborn's first postnatal checkup in the first two days after birth,46.0,1,BD,Bangladesh,2022,BD2022DHS,RH_PCCT_C_DY2,83706090,I,360001,1360010,Region,Barishal,0,,0,1,RHPCCTCDY2,BDDHS2022360001,2022,DHS,216.0,376.0,,,1.0
BGD,Chattogram/Sylhet,3293184,Newborn's first postnatal checkup in the first two days after birth,53.2,1,BD,Bangladesh,2022,BD2022DHS,RH_PCCT_C_DY2,83706090,I,360002,1360020,Region,Chattogram/Sylhet,0,,0,1,RHPCCTCDY2,BDDHS2022360002,2022,DHS,1007.0,1003.0,,,
BGD,Chattogram,6190509,Newborn's first postnatal checkup in the first two days after birth,55.6,1,BD,Bangladesh,2022,BD2022DHS,RH_PCCT_C_DY2,83706090,I,360003,1360030,Region,..Chattogram,0,,0,1,RHPCCTCDY2,BDDHS2022360003,2022,DHS,776.0,598.0,,,1.0
BGD,Chattogram,6190510,Newborn's first postnatal checkup in the first two days after birth,55.6,1,BD,Bangladesh,2022,BD2022DHS,RH_PCCT_C_DY2,83706090,I,360003,1360030,Region,..Chattogram,0,,0,1,RHPCCTCDY2,BDDHS2022360003,2022,DHS,776.0,598.0,,,1.0
BGD,Sylhet,5185618,Newborn's first postnatal checkup in the first two days after birth,45.1,1,BD,Bangladesh,2022,BD2022DHS,RH_PCCT_C_DY2,83706090,I,360004,1360040,Region,..Sylhet,0,,0,1,RHPCCTCDY2,BDDHS2022360004,2022,DHS,230.0,405.0,,,1.0
BGD,Sylhet,5185619,Newborn's first postnatal checkup in the first two days after birth,45.1,1,BD,Bangladesh,2022,BD2022DHS,RH_PCCT_C_DY2,83706090,I,360004,1360040,Region,..Sylhet,0,,0,1,RHPCCTCDY2,BDDHS2022360004,2022,DHS,230.0,405.0,,,1.0
BGD,Dhaka before 2015,4886780,Newborn's first postnatal checkup in the first two days after birth,55.5,1,BD,Bangladesh,2022,BD2022DHS,RH_PCCT_C_DY2,83706090,I,360005,1360050,Region,Dhaka before 2015,0,,0,1,RHPCCTCDY2,BDDHS2022360005,2022,DHS,1227.0,994.0,,,
BGD,Dhaka,6285511,Newborn's first postnatal checkup in the first two days after birth,59.4,1,BD,Bangladesh,2022,BD2022DHS,RH_PCCT_C_DY2,83706090,I,360010,1360052,Region,..Dhaka,0,,0,1,RHPCCTCDY2,BDDHS2022360010,2022,DHS,903.0,542.0,,,1.0
BGD,Dhaka,6285512,Newborn's first postnatal checkup in the first two days after birth,59.4,1,BD,Bangladesh,2022,BD2022DHS,RH_PCCT_C_DY2,83706090,I,360010,1360052,Region,..Dhaka,0,,0,1,RHPCCTCDY2,BDDHS2022360010,2022,DHS,903.0,542.0,,,1.0
BGD,Mymensingh,5509849,Newborn's first postnatal checkup in the first two days after birth,44.7,1,BD,Bangladesh,2022,BD2022DHS,RH_PCCT_C_DY2,83706090,I,360011,1360055,Region,..Mymensingh,0,,0,1,RHPCCTCDY2,BDDHS2022360011,2022,DHS,324.0,452.0,,,1.0
BGD,Mymensingh,5509850,Newborn's first postnatal checkup in the first two days after birth,44.7,1,BD,Bangladesh,2022,BD2022DHS,RH_PCCT_C_DY2,83706090,I,360011,1360055,Region,..Mymensingh,0,,0,1,RHPCCTCDY2,BDDHS2022360011,2022,DHS,324.0,452.0,,,1.0
BGD,Khulna,2311474,Newborn's first postnatal checkup in the first two days after birth,74.4,1,BD,Bangladesh,2022,BD2022DHS,RH_PCCT_C_DY2,83706090,I,360006,1360060,Region,Khulna,0,,0,1,RHPCCTCDY2,BDDHS2022360006,2022,DHS,374.0,404.0,,,1.0
BGD,Khulna,2311475,Newborn's first postnatal checkup in the first two days after birth,74.4,1,BD,Bangladesh,2022,BD2022DHS,RH_PCCT_C_DY2,83706090,I,360006,1360060,Region,Khulna,0,,0,1,RHPCCTCDY2,BDDHS2022360006,2022,DHS,374.0,404.0,,,1.0
BGD,Rajshahi/Rangpur,4485400,Newborn's first postnatal checkup in the first two days after birth,55.5,1,BD,Bangladesh,2022,BD2022DHS,RH_PCCT_C_DY2,83706090,I,360007,1360070,Region,Rajshahi/Rangpur,0,,0,1,RHPCCTCDY2,BDDHS2022360007,2022,DHS,786.0,772.0,,,
BGD,Rangpur,3725763,Newborn's first postnatal checkup in the first two days after birth,51.5,1,BD,Bangladesh,2022,BD2022DHS,RH_PCCT_C_DY2,83706090,I,360008,1360080,Region,..Rangpur,0,,0,1,RHPCCTCDY2,BDDHS2022360008,2022,DHS,409.0,415.0,,,1.0
BGD,Rangpur,3725764,Newborn's first postnatal checkup in the first two days after birth,51.5,1,BD,Bangladesh,2022,BD2022DHS,RH_PCCT_C_DY2,83706090,I,360008,1360080,Region,..Rangpur,0,,0,1,RHPCCTCDY2,BDDHS2022360008,2022,DHS,409.0,415.0,,,1.0
BGD,Rajshahi,3327116,Newborn's first postnatal checkup in the first two days after birth,59.7,1,BD,Bangladesh,2022,BD2022DHS,RH_PCCT_C_DY2,83706090,I,360009,1360090,Region,..Rajshahi,0,,0,1,RHPCCTCDY2,BDDHS2022360009,2022,DHS,377.0,357.0,,,1.0
BGD,Rajshahi,3327117,Newborn's first postnatal checkup in the first two days after birth,59.7,1,BD,Bangladesh,2022,BD2022DHS,RH_PCCT_C_DY2,83706090,I,360009,1360090,Region,..Rajshahi,0,,0,1,RHPCCTCDY2,BDDHS2022360009,2022,DHS,377.0,357.0,,,1.0
BGD,Barishal,3871416,Birth weight of child reported,54.4,1,BD,Bangladesh,2022,BD2022DHS,CH_SZWT_C_REP,93856060,I,360001,1360010,Region,Barishal,14000,Three years preceding the survey,0,0,CHSZWTCREP,BDDHS2022360001,2022,DHS,328.0,570.0,,,1.0
BGD,Barishal,3871417,Birth weight of child reported,54.4,1,BD,Bangladesh,2022,BD2022DHS,CH_SZWT_C_REP,93856060,I,360001,1360010,Region,Barishal,14000,Three years preceding the survey,0,0,CHSZWTCREP,BDDHS2022360001,2022,DHS,328.0,570.0,,,1.0
BGD,Barishal,7315499,Birth weight of child reported,55.0,1,BD,Bangladesh,2022,BD2022DHS,CH_SZWT_C_REP,93856060,I,360001,1360010,Region,Barishal,14002,Two years preceding the survey,0,0,CHSZWTCREP,BDDHS2022360001,2022,DHS,219.0,383.0,,,1.0
BGD,Barishal,7315500,Birth weight of child reported,55.0,1,BD,Bangladesh,2022,BD2022DHS,CH_SZWT_C_REP,93856060,I,360001,1360010,Region,Barishal,14002,Two years preceding the survey,0,0,CHSZWTCREP,BDDHS2022360001,2022,DHS,219.0,383.0,,,1.0
BGD,Chattogram/Sylhet,4783897,Birth weight of child reported,53.0,1,BD,Bangladesh,2022,BD2022DHS,CH_SZWT_C_REP,93856060,I,360002,1360020,Region,Chattogram/Sylhet,14000,Three years preceding the survey,0,0,CHSZWTCREP,BDDHS2022360002,2022,DHS,1562.0,1575.0,,,
BGD,Chattogram/Sylhet,4011144,Birth weight of child reported,54.6,1,BD,Bangladesh,2022,BD2022DHS,CH_SZWT_C_REP,93856060,I,360002,1360020,Region,Chattogram/Sylhet,14002,Two years preceding the survey,0,0,CHSZWTCREP,BDDHS2022360002,2022,DHS,1033.0,1036.0,,,
BGD,Chattogram,6413231,Birth weight of child reported,54.7,1,BD,Bangladesh,2022,BD2022DHS,CH_SZWT_C_REP,93856060,I,360003,1360030,Region,..Chattogram,14000,Three years preceding the survey,0,0,CHSZWTCREP,BDDHS2022360003,2022,DHS,1199.0,932.0,,,1.0
BGD,Chattogram,6413232,Birth weight of child reported,54.7,1,BD,Bangladesh,2022,BD2022DHS,CH_SZWT_C_REP,93856060,I,360003,1360030,Region,..Chattogram,14000,Three years preceding the survey,0,0,CHSZWTCREP,BDDHS2022360003,2022,DHS,1199.0,932.0,,,1.0
BGD,Chattogram,6129697,Birth weight of child reported,56.9,1,BD,Bangladesh,2022,BD2022DHS,CH_SZWT_C_REP,93856060,I,360003,1360030,Region,..Chattogram,14002,Two years preceding the survey,0,0,CHSZWTCREP,BDDHS2022360003,2022,DHS,793.0,613.0,,,1.0
BGD,Chattogram,6129698,Birth weight of child reported,56.9,1,BD,Bangladesh,2022,BD2022DHS,CH_SZWT_C_REP,93856060,I,360003,1360030,Region,..Chattogram,14002,Two years preceding the survey,0,0,CHSZWTCREP,BDDHS2022360003,2022,DHS,793.0,613.0,,,1.0
BGD,Sylhet,6733682,Birth weight of child reported,47.4,1,BD,Bangladesh,2022,BD2022DHS,CH_SZWT_C_REP,93856060,I,360004,1360040,Region,..Sylhet,14000,Three years preceding the survey,0,0,CHSZWTCREP,BDDHS2022360004,2022,DHS,363.0,643.0,,,1.0
BGD,Sylhet,6733683,Birth weight of child reported,47.4,1,BD,Bangladesh,2022,BD2022DHS,CH_SZWT_C_REP,93856060,I,360004,1360040,Region,..Sylhet,14000,Three years preceding the survey,0,0,CHSZWTCREP,BDDHS2022360004,2022,DHS,363.0,643.0,,,1.0
BGD,Sylhet,6929021,Birth weight of child reported,47.2,1,BD,Bangladesh,2022,BD2022DHS,CH_SZWT_C_REP,93856060,I,360004,1360040,Region,..Sylhet,14002,Two years preceding the survey,0,0,CHSZWTCREP,BDDHS2022360004,2022,DHS,240.0,423.0,,,1.0
BGD,Sylhet,6929022,Birth weight of child reported,47.2,1,BD,Bangladesh,2022,BD2022DHS,CH_SZWT_C_REP,93856060,I,360004,1360040,Region,..Sylhet,14002,Two years preceding the survey,0,0,CHSZWTCREP,BDDHS2022360004,2022,DHS,240.0,423.0,,,1.0
BGD,Dhaka before 2015,2058170,Birth weight of child reported,67.4,1,BD,Bangladesh,2022,BD2022DHS,CH_SZWT_C_REP,93856060,I,360005,1360050,Region,Dhaka before 2015,14000,Three years preceding the survey,0,0,CHSZWTCREP,BDDHS2022360005,2022,DHS,1806.0,1460.0,,,
BGD,Dhaka before 2015,2807837,Birth weight of child reported,68.6,1,BD,Bangladesh,2022,BD2022DHS,CH_SZWT_C_REP,93856060,I,360005,1360050,Region,Dhaka before 2015,14002,Two years preceding the survey,0,0,CHSZWTCREP,BDDHS2022360005,2022,DHS,1259.0,1020.0,,,
BGD,Dhaka,4623204,Birth weight of child reported,72.7,1,BD,Bangladesh,2022,BD2022DHS,CH_SZWT_C_REP,93856060,I,360010,1360052,Region,..Dhaka,14000,Three years preceding the survey,0,0,CHSZWTCREP,BDDHS2022360010,2022,DHS,1331.0,796.0,,,1.0
BGD,Dhaka,4623205,Birth weight of child reported,72.7,1,BD,Bangladesh,2022,BD2022DHS,CH_SZWT_C_REP,93856060,I,360010,1360052,Region,..Dhaka,14000,Three years preceding the survey,0,0,CHSZWTCREP,BDDHS2022360010,2022,DHS,1331.0,796.0,,,1.0
BGD,Dhaka,2058195,Birth weight of child reported,73.0,1,BD,Bangladesh,2022,BD2022DHS,CH_SZWT_C_REP,93856060,I,360010,1360052,Region,..Dhaka,14002,Two years preceding the survey,0,0,CHSZWTCREP,BDDHS2022360010,2022,DHS,926.0,556.0,,,1.0
BGD,Dhaka,2058196,Birth weight of child reported,73.0,1,BD,Bangladesh,2022,BD2022DHS,CH_SZWT_C_REP,93856060,I,360010,1360052,Region,..Dhaka,14002,Two years preceding the survey,0,0,CHSZWTCREP,BDDHS2022360010,2022,DHS,926.0,556.0,,,1.0
BGD,Mymensingh,6070296,Birth weight of child reported,52.4,1,BD,Bangladesh,2022,BD2022DHS,CH_SZWT_C_REP,93856060,I,360011,1360055,Region,..Mymensingh,14000,Three years preceding the survey,0,0,CHSZWTCREP,BDDHS2022360011,2022,DHS,475.0,664.0,,,1.0
BGD,Mymensingh,6070297,Birth weight of child reported,52.4,1,BD,Bangladesh,2022,BD2022DHS,CH_SZWT_C_REP,93856060,I,360011,1360055,Region,..Mymensingh,14000,Three years preceding the survey,0,0,CHSZWTCREP,BDDHS2022360011,2022,DHS,475.0,664.0,,,1.0
BGD,Mymensingh,5424212,Birth weight of child reported,56.1,1,BD,Bangladesh,2022,BD2022DHS,CH_SZWT_C_REP,93856060,I,360011,1360055,Region,..Mymensingh,14002,Two years preceding the survey,0,0,CHSZWTCREP,BDDHS2022360011,2022,DHS,333.0,464.0,,,1.0
BGD,Mymensingh,5424213,Birth weight of child reported,56.1,1,BD,Bangladesh,2022,BD2022DHS,CH_SZWT_C_REP,93856060,I,360011,1360055,Region,..Mymensingh,14002,Two years preceding the survey,0,0,CHSZWTCREP,BDDHS2022360011,2022,DHS,333.0,464.0,,,1.0
BGD,Khulna,2064928,Birth weight of child reported,81.6,1,BD,Bangladesh,2022,BD2022DHS,CH_SZWT_C_REP,93856060,I,360006,1360060,Region,Khulna,14000,Three years preceding the survey,0,0,CHSZWTCREP,BDDHS2022360006,2022,DHS,547.0,593.0,,,1.0
BGD,Khulna,2064927,Birth weight of child reported,81.6,1,BD,Bangladesh,2022,BD2022DHS,CH_SZWT_C_REP,93856060,I,360006,1360060,Region,Khulna,14000,Three years preceding the survey,0,0,CHSZWTCREP,BDDHS2022360006,2022,DHS,547.0,593.0,,,1.0
BGD,Khulna,4777016,Birth weight of child reported,83.2,1,BD,Bangladesh,2022,BD2022DHS,CH_SZWT_C_REP,93856060,I,360006,1360060,Region,Khulna,14002,Two years preceding the survey,0,0,CHSZWTCREP,BDDHS2022360006,2022,DHS,380.0,410.0,,,1.0
BGD,Khulna,4777017,Birth weight of child reported,83.2,1,BD,Bangladesh,2022,BD2022DHS,CH_SZWT_C_REP,93856060,I,360006,1360060,Region,Khulna,14002,Two years preceding the survey,0,0,CHSZWTCREP,BDDHS2022360006,2022,DHS,380.0,410.0,,,1.0
BGD,Rajshahi/Rangpur,5541032,Birth weight of child reported,67.2,1,BD,Bangladesh,2022,BD2022DHS,CH_SZWT_C_REP,93856060,I,360007,1360070,Region,Rajshahi/Rangpur,14000,Three years preceding the survey,0,0,CHSZWTCREP,BDDHS2022360007,2022,DHS,1162.0,1144.0,,,
BGD,Rajshahi/Rangpur,6480362,Birth weight of child reported,68.2,1,BD,Bangladesh,2022,BD2022DHS,CH_SZWT_C_REP,93856060,I,360007,1360070,Region,Rajshahi/Rangpur,14002,Two years preceding the survey,0,0,CHSZWTCREP,BDDHS2022360007,2022,DHS,800.0,786.0,,,
BGD,Rangpur,2735168,Birth weight of child reported,65.7,1,BD,Bangladesh,2022,BD2022DHS,CH_SZWT_C_REP,93856060,I,360008,1360080,Region,..Rangpur,14000,Three years preceding the survey,0,0,CHSZWTCREP,BDDHS2022360008,2022,DHS,602.0,617.0,,,1.0
BGD,Rangpur,2735169,Birth weight of child reported,65.7,1,BD,Bangladesh,2022,BD2022DHS,CH_SZWT_C_REP,93856060,I,360008,1360080,Region,..Rangpur,14000,Three years preceding the survey,0,0,CHSZWTCREP,BDDHS2022360008,2022,DHS,602.0,617.0,,,1.0
BGD,Rangpur,6602003,Birth weight of child reported,65.8,1,BD,Bangladesh,2022,BD2022DHS,CH_SZWT_C_REP,93856060,I,360008,1360080,Region,..Rangpur,14002,Two years preceding the survey,0,0,CHSZWTCREP,BDDHS2022360008,2022,DHS,419.0,425.0,,,1.0
BGD,Rangpur,6602004,Birth weight of child reported,65.8,1,BD,Bangladesh,2022,BD2022DHS,CH_SZWT_C_REP,93856060,I,360008,1360080,Region,..Rangpur,14002,Two years preceding the survey,0,0,CHSZWTCREP,BDDHS2022360008,2022,DHS,419.0,425.0,,,1.0
BGD,Rajshahi,6884884,Birth weight of child reported,68.8,1,BD,Bangladesh,2022,BD2022DHS,CH_SZWT_C_REP,93856060,I,360009,1360090,Region,..Rajshahi,14000,Three years preceding the survey,0,0,CHSZWTCREP,BDDHS2022360009,2022,DHS,560.0,527.0,,,1.0
BGD,Rajshahi,6884885,Birth weight of child reported,68.8,1,BD,Bangladesh,2022,BD2022DHS,CH_SZWT_C_REP,93856060,I,360009,1360090,Region,..Rajshahi,14000,Three years preceding the survey,0,0,CHSZWTCREP,BDDHS2022360009,2022,DHS,560.0,527.0,,,1.0
BGD,Rajshahi,4159137,Birth weight of child reported,70.8,1,BD,Bangladesh,2022,BD2022DHS,CH_SZWT_C_REP,93856060,I,360009,1360090,Region,..Rajshahi,14002,Two years preceding the survey,0,0,CHSZWTCREP,BDDHS2022360009,2022,DHS,381.0,361.0,,,1.0
BGD,Rajshahi,4159138,Birth weight of child reported,70.8,1,BD,Bangladesh,2022,BD2022DHS,CH_SZWT_C_REP,93856060,I,360009,1360090,Region,..Rajshahi,14002,Two years preceding the survey,0,0,CHSZWTCREP,BDDHS2022360009,2022,DHS,381.0,361.0,,,1.0
BGD,Chattogram/Sylhet,4841200,Children with ARI for whom advice or treatment was sought,96.4,1,BD,Bangladesh,2022,BD2022DHS,CH_ARIS_C_ADV,93966040,I,360002,1360020,Region,Chattogram/Sylhet,14000,Three years preceding the survey,0,0,CHARISCADV,BDDHS2022360002,2022,DHS,25.0,26.0,,,
BGD,Chattogram/Sylhet,4300563,Children with ARI for whom advice or treatment was sought,95.9,1,BD,Bangladesh,2022,BD2022DHS,CH_ARIS_C_ADV,93966040,I,360002,1360020,Region,Chattogram/Sylhet,14001,Five years preceding the survey,0,1,CHARISCADV,BDDHS2022360002,2022,DHS,34.0,35.0,,,
BGD,Rajshahi/Rangpur,6285124,Children with ARI for whom advice or treatment was sought,76.1,1,BD,Bangladesh,2022,BD2022DHS,CH_ARIS_C_ADV,93966040,I,360007,1360070,Region,Rajshahi/Rangpur,14000,Three years preceding the survey,0,0,CHARISCADV,BDDHS2022360007,2022,DHS,32.0,29.0,,,
BGD,Rajshahi/Rangpur,6776707,Children with ARI for whom advice or treatment was sought,72.0,1,BD,Bangladesh,2022,BD2022DHS,CH_ARIS_C_ADV,93966040,I,360007,1360070,Region,Rajshahi/Rangpur,14001,Five years preceding the survey,0,1,CHARISCADV,BDDHS2022360007,2022,DHS,40.0,37.0,,,
BGD,Chattogram/Sylhet,4841199,Children with symptoms of ARI who received antibiotics,2.5,1,BD,Bangladesh,2022,BD2022DHS,CH_ARIS_C_ABI,93966050,I,360002,1360020,Region,Chattogram/Sylhet,14000,Three years preceding the survey,0,0,CHARISCABI,BDDHS2022360002,2022,DHS,25.0,26.0,,,
BGD,Chattogram/Sylhet,4300558,Children with symptoms of ARI who received antibiotics,6.6,1,BD,Bangladesh,2022,BD2022DHS,CH_ARIS_C_ABI,93966050,I,360002,1360020,Region,Chattogram/Sylhet,14001,Five years preceding the survey,0,1,CHARISCABI,BDDHS2022360002,2022,DHS,34.0,35.0,,,
BGD,Rajshahi/Rangpur,6285100,Children with symptoms of ARI who received antibiotics,0.0,1,BD,Bangladesh,2022,BD2022DHS,CH_ARIS_C_ABI,93966050,I,360007,1360070,Region,Rajshahi/Rangpur,14000,Three years preceding the survey,0,0,CHARISCABI,BDDHS2022360007,2022,DHS,32.0,29.0,,,
BGD,Rajshahi/Rangpur,6776713,Children with symptoms of ARI who received antibiotics,0.0,1,BD,Bangladesh,2022,BD2022DHS,CH_ARIS_C_ABI,93966050,I,360007,1360070,Region,Rajshahi/Rangpur,14001,Five years preceding the survey,0,1,CHARISCABI,BDDHS2022360007,2022,DHS,40.0,37.0,,,
BGD,Barishal,379812,Treatment of diarrhea: Advice or treatment was sought,71.7,1,BD,Bangladesh,2022,BD2022DHS,CH_DIAT_C_ADV,94096010,I,360001,1360010,Region,Barishal,14000,Three years preceding the survey,0,0,CHDIATCADV,BDDHS2022360001,2022,DHS,21.0,36.0,,,1.0
BGD,Barishal,379813,Treatment of diarrhea: Advice or treatment was sought,71.7,1,BD,Bangladesh,2022,BD2022DHS,CH_DIAT_C_ADV,94096010,I,360001,1360010,Region,Barishal,14000,Three years preceding the survey,0,0,CHDIATCADV,BDDHS2022360001,2022,DHS,21.0,36.0,,,1.0
BGD,Barishal,6188207,Treatment of diarrhea: Advice or treatment was sought,73.4,1,BD,Bangladesh,2022,BD2022DHS,CH_DIAT_C_ADV,94096010,I,360001,1360010,Region,Barishal,14001,Five years preceding the survey,0,1,CHDIATCADV,BDDHS2022360001,2022,DHS,27.0,48.0,,,1.0
BGD,Barishal,6188208,Treatment of diarrhea: Advice or treatment was sought,73.4,1,BD,Bangladesh,2022,BD2022DHS,CH_DIAT_C_ADV,94096010,I,360001,1360010,Region,Barishal,14001,Five years preceding the survey,0,1,CHDIATCADV,BDDHS2022360001,2022,DHS,27.0,48.0,,,1.0
BGD,Chattogram/Sylhet,2070656,Treatment of diarrhea: Advice or treatment was sought,76.5,1,BD,Bangladesh,2022,BD2022DHS,CH_DIAT_C_ADV,94096010,I,360002,1360020,Region,Chattogram/Sylhet,14000,Three years preceding the survey,0,0,CHDIATCADV,BDDHS2022360002,2022,DHS,103.0,97.0,,,
BGD,Chattogram/Sylhet,2070697,Treatment of diarrhea: Advice or treatment was sought,70.6,1,BD,Bangladesh,2022,BD2022DHS,CH_DIAT_C_ADV,94096010,I,360002,1360020,Region,Chattogram/Sylhet,14001,Five years preceding the survey,0,1,CHDIATCADV,BDDHS2022360002,2022,DHS,133.0,124.0,,,
BGD,Chattogram,5586251,Treatment of diarrhea: Advice or treatment was sought,74.9,1,BD,Bangladesh,2022,BD2022DHS,CH_DIAT_C_ADV,94096010,I,360003,1360030,Region,..Chattogram,14000,Three years preceding the survey,0,0,CHDIATCADV,BDDHS2022360003,2022,DHS,88.0,69.0,,,1.0
BGD,Chattogram,5586252,Treatment of diarrhea: Advice or treatment was sought,74.9,1,BD,Bangladesh,2022,BD2022DHS,CH_DIAT_C_ADV,94096010,I,360003,1360030,Region,..Chattogram,14000,Three years preceding the survey,0,0,CHDIATCADV,BDDHS2022360003,2022,DHS,88.0,69.0,,,1.0
BGD,Chattogram,7286536,Treatment of diarrhea: Advice or treatment was sought,68.2,1,BD,Bangladesh,2022,BD2022DHS,CH_DIAT_C_ADV,94096010,I,360003,1360030,Region,..Chattogram,14001,Five years preceding the survey,0,1,CHDIATCADV,BDDHS2022360003,2022,DHS,114.0,89.0,,,1.0
BGD,Chattogram,7286537,Treatment of diarrhea: Advice or treatment was sought,68.2,1,BD,Bangladesh,2022,BD2022DHS,CH_DIAT_C_ADV,94096010,I,360003,1360030,Region,..Chattogram,14001,Five years preceding the survey,0,1,CHDIATCADV,BDDHS2022360003,2022,DHS,114.0,89.0,,,1.0
BGD,Sylhet,2689307,Treatment of diarrhea: Advice or treatment was sought,85.5,1,BD,Bangladesh,2022,BD2022DHS,CH_DIAT_C_ADV,94096010,I,360004,1360040,Region,..Sylhet,14000,Three years preceding the survey,0,0,CHDIATCADV,BDDHS2022360004,2022,DHS,15.0,28.0,,,1.0
BGD,Sylhet,2689308,Treatment of diarrhea: Advice or treatment was sought,85.5,1,BD,Bangladesh,2022,BD2022DHS,CH_DIAT_C_ADV,94096010,I,360004,1360040,Region,..Sylhet,14000,Three years preceding the survey,0,0,CHDIATCADV,BDDHS2022360004,2022,DHS,15.0,28.0,,,1.0
BGD,Sylhet,5124784,Treatment of diarrhea: Advice or treatment was sought,84.9,1,BD,Bangladesh,2022,BD2022DHS,CH_DIAT_C_ADV,94096010,I,360004,1360040,Region,..Sylhet,14001,Five years preceding the survey,0,1,CHDIATCADV,BDDHS2022360004,2022,DHS,19.0,35.0,,,1.0
BGD,Sylhet,5124785,Treatment of diarrhea: Advice or treatment was sought,84.9,1,BD,Bangladesh,2022,BD2022DHS,CH_DIAT_C_ADV,94096010,I,360004,1360040,Region,..Sylhet,14001,Five years preceding the survey,0,1,CHDIATCADV,BDDHS2022360004,2022,DHS,19.0,35.0,,,1.0
BGD,Dhaka before 2015,6428014,Treatment of diarrhea: Advice or treatment was sought,74.1,1,BD,Bangladesh,2022,BD2022DHS,CH_DIAT_C_ADV,94096010,I,360005,1360050,Region,Dhaka before 2015,14000,Three years preceding the survey,0,0,CHDIATCADV,BDDHS2022360005,2022,DHS,78.0,71.0,,,
BGD,Dhaka before 2015,7564675,Treatment of diarrhea: Advice or treatment was sought,67.0,1,BD,Bangladesh,2022,BD2022DHS,CH_DIAT_C_ADV,94096010,I,360005,1360050,Region,Dhaka before 2015,14001,Five years preceding the survey,0,1,CHDIATCADV,BDDHS2022360005,2022,DHS,109.0,98.0,,,
BGD,Dhaka,598201,Treatment of diarrhea: Advice or treatment was sought,76.9,1,BD,Bangladesh,2022,BD2022DHS,CH_DIAT_C_ADV,94096010,I,360010,1360052,Region,..Dhaka,14000,Three years preceding the survey,0,0,CHDIATCADV,BDDHS2022360010,2022,DHS,45.0,27.0,,,1.0
BGD,Dhaka,598202,Treatment of diarrhea: Advice or treatment was sought,76.9,1,BD,Bangladesh,2022,BD2022DHS,CH_DIAT_C_ADV,94096010,I,360010,1360052,Region,..Dhaka,14000,Three years preceding the survey,0,0,CHDIATCADV,BDDHS2022360010,2022,DHS,45.0,27.0,,,1.0
BGD,Dhaka,7239247,Treatment of diarrhea: Advice or treatment was sought,65.2,1,BD,Bangladesh,2022,BD2022DHS,CH_DIAT_C_ADV,94096010,I,360010,1360052,Region,..Dhaka,14001,Five years preceding the survey,0,1,CHDIATCADV,BDDHS2022360010,2022,DHS,64.0,38.0,,,1.0
BGD,Dhaka,7239248,Treatment of diarrhea: Advice or treatment was sought,65.2,1,BD,Bangladesh,2022,BD2022DHS,CH_DIAT_C_ADV,94096010,I,360010,1360052,Region,..Dhaka,14001,Five years preceding the survey,0,1,CHDIATCADV,BDDHS2022360010,2022,DHS,64.0,38.0,,,1.0
BGD,Mymensingh,4045311,Treatment of diarrhea: Advice or treatment was sought,70.2,1,BD,Bangladesh,2022,BD2022DHS,CH_DIAT_C_ADV,94096010,I,360011,1360055,Region,..Mymensingh,14000,Three years preceding the survey,0,0,CHDIATCADV,BDDHS2022360011,2022,DHS,32.0,44.0,,,1.0
BGD,Mymensingh,4045310,Treatment of diarrhea: Advice or treatment was sought,70.2,1,BD,Bangladesh,2022,BD2022DHS,CH_DIAT_C_ADV,94096010,I,360011,1360055,Region,..Mymensingh,14000,Three years preceding the survey,0,0,CHDIATCADV,BDDHS2022360011,2022,DHS,32.0,44.0,,,1.0
BGD,Mymensingh,5771837,Treatment of diarrhea: Advice or treatment was sought,69.6,1,BD,Bangladesh,2022,BD2022DHS,CH_DIAT_C_ADV,94096010,I,360011,1360055,Region,..Mymensingh,14001,Five years preceding the survey,0,1,CHDIATCADV,BDDHS2022360011,2022,DHS,45.0,60.0,,,1.0
BGD,Mymensingh,5771838,Treatment of diarrhea: Advice or treatment was sought,69.6,1,BD,Bangladesh,2022,BD2022DHS,CH_DIAT_C_ADV,94096010,I,360011,1360055,Region,..Mymensingh,14001,Five years preceding the survey,0,1,CHDIATCADV,BDDHS2022360011,2022,DHS,45.0,60.0,,,1.0
BGD,Khulna,4777186,Treatment of diarrhea: Advice or treatment was sought,79.4,1,BD,Bangladesh,2022,BD2022DHS,CH_DIAT_C_ADV,94096010,I,360006,1360060,Region,Khulna,14000,Three years preceding the survey,0,0,CHDIATCADV,BDDHS2022360006,2022,DHS,32.0,35.0,,,1.0
BGD,Khulna,4777187,Treatment of diarrhea: Advice or treatment was sought,79.4,1,BD,Bangladesh,2022,BD2022DHS,CH_DIAT_C_ADV,94096010,I,360006,1360060,Region,Khulna,14000,Three years preceding the survey,0,0,CHDIATCADV,BDDHS2022360006,2022,DHS,32.0,35.0,,,1.0
BGD,Khulna,3399291,Treatment of diarrhea: Advice or treatment was sought,73.1,1,BD,Bangladesh,2022,BD2022DHS,CH_DIAT_C_ADV,94096010,I,360006,1360060,Region,Khulna,14001,Five years preceding the survey,0,1,CHDIATCADV,BDDHS2022360006,2022,DHS,45.0,48.0,,,1.0
BGD,Khulna,3399292,Treatment of diarrhea: Advice or treatment was sought,73.1,1,BD,Bangladesh,2022,BD2022DHS,CH_DIAT_C_ADV,94096010,I,360006,1360060,Region,Khulna,14001,Five years preceding the survey,0,1,CHDIATCADV,BDDHS2022360006,2022,DHS,45.0,48.0,,,1.0
BGD,Rajshahi/Rangpur,5687959,Treatment of diarrhea: Advice or treatment was sought,51.9,1,BD,Bangladesh,2022,BD2022DHS,CH_DIAT_C_ADV,94096010,I,360007,1360070,Region,Rajshahi/Rangpur,14000,Three years preceding the survey,0,0,CHDIATCADV,BDDHS2022360007,2022,DHS,81.0,75.0,,,
BGD,Rajshahi/Rangpur,4202093,Treatment of diarrhea: Advice or treatment was sought,52.2,1,BD,Bangladesh,2022,BD2022DHS,CH_DIAT_C_ADV,94096010,I,360007,1360070,Region,Rajshahi/Rangpur,14001,Five years preceding the survey,0,1,CHDIATCADV,BDDHS2022360007,2022,DHS,99.0,92.0,,,
BGD,Rangpur,328292,Treatment of diarrhea: Advice or treatment was sought,69.2,1,BD,Bangladesh,2022,BD2022DHS,CH_DIAT_C_ADV,94096010,I,360008,1360080,Region,..Rangpur,14000,Three years preceding the survey,0,0,CHDIATCADV,BDDHS2022360008,2022,DHS,33.0,33.0,,,1.0
BGD,Rangpur,328293,Treatment of diarrhea: Advice or treatment was sought,69.2,1,BD,Bangladesh,2022,BD2022DHS,CH_DIAT_C_ADV,94096010,I,360008,1360080,Region,..Rangpur,14000,Three years preceding the survey,0,0,CHDIATCADV,BDDHS2022360008,2022,DHS,33.0,33.0,,,1.0
BGD,Rangpur,3498123,Treatment of diarrhea: Advice or treatment was sought,69.9,1,BD,Bangladesh,2022,BD2022DHS,CH_DIAT_C_ADV,94096010,I,360008,1360080,Region,..Rangpur,14001,Five years preceding the survey,0,1,CHDIATCADV,BDDHS2022360008,2022,DHS,39.0,39.0,,,1.0
BGD,Rangpur,3498124,Treatment of diarrhea: Advice or treatment was sought,69.9,1,BD,Bangladesh,2022,BD2022DHS,CH_DIAT_C_ADV,94096010,I,360008,1360080,Region,..Rangpur,14001,Five years preceding the survey,0,1,CHDIATCADV,BDDHS2022360008,2022,DHS,39.0,39.0,,,1.0
BGD,Rajshahi,2076509,Treatment of diarrhea: Advice or treatment was sought,39.9,1,BD,Bangladesh,2022,BD2022DHS,CH_DIAT_C_ADV,94096010,I,360009,1360090,Region,..Rajshahi,14000,Three years preceding the survey,0,0,CHDIATCADV,BDDHS2022360009,2022,DHS,48.0,42.0,,,1.0
BGD,Rajshahi,2076508,Treatment of diarrhea: Advice or treatment was sought,39.9,1,BD,Bangladesh,2022,BD2022DHS,CH_DIAT_C_ADV,94096010,I,360009,1360090,Region,..Rajshahi,14000,Three years preceding the survey,0,0,CHDIATCADV,BDDHS2022360009,2022,DHS,48.0,42.0,,,1.0
BGD,Rajshahi,2076539,Treatment of diarrhea: Advice or treatment was sought,40.5,1,BD,Bangladesh,2022,BD2022DHS,CH_DIAT_C_ADV,94096010,I,360009,1360090,Region,..Rajshahi,14001,Five years preceding the survey,0,1,CHDIATCADV,BDDHS2022360009,2022,DHS,59.0,53.0,,,1.0
BGD,Rajshahi,2076540,Treatment of diarrhea: Advice or treatment was sought,40.5,1,BD,Bangladesh,2022,BD2022DHS,CH_DIAT_C_ADV,94096010,I,360009,1360090,Region,..Rajshahi,14001,Five years preceding the survey,0,1,CHDIATCADV,BDDHS2022360009,2022,DHS,59.0,53.0,,,1.0
BGD,Barishal,379805,Treatment of diarrhea: ORT or increased fluids,84.4,1,BD,Bangladesh,2022,BD2022DHS,CH_DIAT_C_ORI,94096060,I,360001,1360010,Region,Barishal,14000,Three years preceding the survey,0,0,CHDIATCORI,BDDHS2022360001,2022,DHS,21.0,36.0,,,1.0
BGD,Barishal,379806,Treatment of diarrhea: ORT or increased fluids,84.4,1,BD,Bangladesh,2022,BD2022DHS,CH_DIAT_C_ORI,94096060,I,360001,1360010,Region,Barishal,14000,Three years preceding the survey,0,0,CHDIATCORI,BDDHS2022360001,2022,DHS,21.0,36.0,,,1.0
BGD,Barishal,6188320,Treatment of diarrhea: ORT or increased fluids,83.9,1,BD,Bangladesh,2022,BD2022DHS,CH_DIAT_C_ORI,94096060,I,360001,1360010,Region,Barishal,14001,Five years preceding the survey,0,1,CHDIATCORI,BDDHS2022360001,2022,DHS,27.0,48.0,,,1.0
BGD,Barishal,6188321,Treatment of diarrhea: ORT or increased fluids,83.9,1,BD,Bangladesh,2022,BD2022DHS,CH_DIAT_C_ORI,94096060,I,360001,1360010,Region,Barishal,14001,Five years preceding the survey,0,1,CHDIATCORI,BDDHS2022360001,2022,DHS,27.0,48.0,,,1.0
BGD,Chattogram/Sylhet,2070674,Treatment of diarrhea: ORT or increased fluids,78.9,1,BD,Bangladesh,2022,BD2022DHS,CH_DIAT_C_ORI,94096060,I,360002,1360020,Region,Chattogram/Sylhet,14000,Three years preceding the survey,0,0,CHDIATCORI,BDDHS2022360002,2022,DHS,103.0,97.0,,,
BGD,Chattogram/Sylhet,2070707,Treatment of diarrhea: ORT or increased fluids,79.6,1,BD,Bangladesh,2022,BD2022DHS,CH_DIAT_C_ORI,94096060,I,360002,1360020,Region,Chattogram/Sylhet,14001,Five years preceding the survey,0,1,CHDIATCORI,BDDHS2022360002,2022,DHS,133.0,124.0,,,
BGD,Chattogram,5586299,Treatment of diarrhea: ORT or increased fluids,79.4,1,BD,Bangladesh,2022,BD2022DHS,CH_DIAT_C_ORI,94096060,I,360003,1360030,Region,..Chattogram,14000,Three years preceding the survey,0,0,CHDIATCORI,BDDHS2022360003,2022,DHS,88.0,69.0,,,1.0
BGD,Chattogram,5586300,Treatment of diarrhea: ORT or increased fluids,79.4,1,BD,Bangladesh,2022,BD2022DHS,CH_DIAT_C_ORI,94096060,I,360003,1360030,Region,..Chattogram,14000,Three years preceding the survey,0,0,CHDIATCORI,BDDHS2022360003,2022,DHS,88.0,69.0,,,1.0
BGD,Chattogram,7286534,Treatment of diarrhea: ORT or increased fluids,80.6,1,BD,Bangladesh,2022,BD2022DHS,CH_DIAT_C_ORI,94096060,I,360003,1360030,Region,..Chattogram,14001,Five years preceding the survey,0,1,CHDIATCORI,BDDHS2022360003,2022,DHS,114.0,89.0,,,1.0
BGD,Chattogram,7286535,Treatment of diarrhea: ORT or increased fluids,80.6,1,BD,Bangladesh,2022,BD2022DHS,CH_DIAT_C_ORI,94096060,I,360003,1360030,Region,..Chattogram,14001,Five years preceding the survey,0,1,CHDIATCORI,BDDHS2022360003,2022,DHS,114.0,89.0,,,1.0
BGD,Sylhet,2689346,Treatment of diarrhea: ORT or increased fluids,75.6,1,BD,Bangladesh,2022,BD2022DHS,CH_DIAT_C_ORI,94096060,I,360004,1360040,Region,..Sylhet,14000,Three years preceding the survey,0,0,CHDIATCORI,BDDHS2022360004,2022,DHS,15.0,28.0,,,1.0
BGD,Sylhet,2689345,Treatment of diarrhea: ORT or increased fluids,75.6,1,BD,Bangladesh,2022,BD2022DHS,CH_DIAT_C_ORI,94096060,I,360004,1360040,Region,..Sylhet,14000,Three years preceding the survey,0,0,CHDIATCORI,BDDHS2022360004,2022,DHS,15.0,28.0,,,1.0
BGD,Sylhet,5124790,Treatment of diarrhea: ORT or increased fluids,73.7,1,BD,Bangladesh,2022,BD2022DHS,CH_DIAT_C_ORI,94096060,I,360004,1360040,Region,..Sylhet,14001,Five years preceding the survey,0,1,CHDIATCORI,BDDHS2022360004,2022,DHS,19.0,35.0,,,1.0
BGD,Sylhet,5124791,Treatment of diarrhea: ORT or increased fluids,73.7,1,BD,Bangladesh,2022,BD2022DHS,CH_DIAT_C_ORI,94096060,I,360004,1360040,Region,..Sylhet,14001,Five years preceding the survey,0,1,CHDIATCORI,BDDHS2022360004,2022,DHS,19.0,35.0,,,1.0
BGD,Dhaka before 2015,6428021,Treatment of diarrhea: ORT or increased fluids,84.0,1,BD,Bangladesh,2022,BD2022DHS,CH_DIAT_C_ORI,94096060,I,360005,1360050,Region,Dhaka before 2015,14000,Three years preceding the survey,0,0,CHDIATCORI,BDDHS2022360005,2022,DHS,78.0,71.0,,,
BGD,Dhaka before 2015,7564709,Treatment of diarrhea: ORT or increased fluids,83.5,1,BD,Bangladesh,2022,BD2022DHS,CH_DIAT_C_ORI,94096060,I,360005,1360050,Region,Dhaka before 2015,14001,Five years preceding the survey,0,1,CHDIATCORI,BDDHS2022360005,2022,DHS,109.0,98.0,,,
BGD,Dhaka,598234,Treatment of diarrhea: ORT or increased fluids,87.2,1,BD,Bangladesh,2022,BD2022DHS,CH_DIAT_C_ORI,94096060,I,360010,1360052,Region,..Dhaka,14000,Three years preceding the survey,0,0,CHDIATCORI,BDDHS2022360010,2022,DHS,45.0,27.0,,,1.0
BGD,Dhaka,598235,Treatment of diarrhea: ORT or increased fluids,87.2,1,BD,Bangladesh,2022,BD2022DHS,CH_DIAT_C_ORI,94096060,I,360010,1360052,Region,..Dhaka,14000,Three years preceding the survey,0,0,CHDIATCORI,BDDHS2022360010,2022,DHS,45.0,27.0,,,1.0
BGD,Dhaka,7239226,Treatment of diarrhea: ORT or increased fluids,86.1,1,BD,Bangladesh,2022,BD2022DHS,CH_DIAT_C_ORI,94096060,I,360010,1360052,Region,..Dhaka,14001,Five years preceding the survey,0,1,CHDIATCORI,BDDHS2022360010,2022,DHS,64.0,38.0,,,1.0
BGD,Dhaka,7239227,Treatment of diarrhea: ORT or increased fluids,86.1,1,BD,Bangladesh,2022,BD2022DHS,CH_DIAT_C_ORI,94096060,I,360010,1360052,Region,..Dhaka,14001,Five years preceding the survey,0,1,CHDIATCORI,BDDHS2022360010,2022,DHS,64.0,38.0,,,1.0
BGD,Mymensingh,4045348,Treatment of diarrhea: ORT or increased fluids,79.5,1,BD,Bangladesh,2022,BD2022DHS,CH_DIAT_C_ORI,94096060,I,360011,1360055,Region,..Mymensingh,14000,Three years preceding the survey,0,0,CHDIATCORI,BDDHS2022360011,2022,DHS,32.0,44.0,,,1.0
BGD,Mymensingh,4045349,Treatment of diarrhea: ORT or increased fluids,79.5,1,BD,Bangladesh,2022,BD2022DHS,CH_DIAT_C_ORI,94096060,I,360011,1360055,Region,..Mymensingh,14000,Three years preceding the survey,0,0,CHDIATCORI,BDDHS2022360011,2022,DHS,32.0,44.0,,,1.0
BGD,Mymensingh,5771862,Treatment of diarrhea: ORT or increased fluids,80.0,1,BD,Bangladesh,2022,BD2022DHS,CH_DIAT_C_ORI,94096060,I,360011,1360055,Region,..Mymensingh,14001,Five years preceding the survey,0,1,CHDIATCORI,BDDHS2022360011,2022,DHS,45.0,60.0,,,1.0
BGD,Mymensingh,5771863,Treatment of diarrhea: ORT or increased fluids,80.0,1,BD,Bangladesh,2022,BD2022DHS,CH_DIAT_C_ORI,94096060,I,360011,1360055,Region,..Mymensingh,14001,Five years preceding the survey,0,1,CHDIATCORI,BDDHS2022360011,2022,DHS,45.0,60.0,,,1.0
BGD,Khulna,4777206,Treatment of diarrhea: ORT or increased fluids,89.7,1,BD,Bangladesh,2022,BD2022DHS,CH_DIAT_C_ORI,94096060,I,360006,1360060,Region,Khulna,14000,Three years preceding the survey,0,0,CHDIATCORI,BDDHS2022360006,2022,DHS,32.0,35.0,,,1.0
BGD,Khulna,4777207,Treatment of diarrhea: ORT or increased fluids,89.7,1,BD,Bangladesh,2022,BD2022DHS,CH_DIAT_C_ORI,94096060,I,360006,1360060,Region,Khulna,14000,Three years preceding the survey,0,0,CHDIATCORI,BDDHS2022360006,2022,DHS,32.0,35.0,,,1.0
BGD,Khulna,3399316,Treatment of diarrhea: ORT or increased fluids,90.0,1,BD,Bangladesh,2022,BD2022DHS,CH_DIAT_C_ORI,94096060,I,360006,1360060,Region,Khulna,14001,Five years preceding the survey,0,1,CHDIATCORI,BDDHS2022360006,2022,DHS,45.0,48.0,,,1.0
BGD,Khulna,3399317,Treatment of diarrhea: ORT or increased fluids,90.0,1,BD,Bangladesh,2022,BD2022DHS,CH_DIAT_C_ORI,94096060,I,360006,1360060,Region,Khulna,14001,Five years preceding the survey,0,1,CHDIATCORI,BDDHS2022360006,2022,DHS,45.0,48.0,,,1.0
BGD,Rajshahi/Rangpur,5665829,Treatment of diarrhea: ORT or increased fluids,57.2,1,BD,Bangladesh,2022,BD2022DHS,CH_DIAT_C_ORI,94096060,I,360007,1360070,Region,Rajshahi/Rangpur,14000,Three years preceding the survey,0,0,CHDIATCORI,BDDHS2022360007,2022,DHS,81.0,75.0,,,
BGD,Rajshahi/Rangpur,4202118,Treatment of diarrhea: ORT or increased fluids,60.1,1,BD,Bangladesh,2022,BD2022DHS,CH_DIAT_C_ORI,94096060,I,360007,1360070,Region,Rajshahi/Rangpur,14001,Five years preceding the survey,0,1,CHDIATCORI,BDDHS2022360007,2022,DHS,99.0,92.0,,,
BGD,Rangpur,328335,Treatment of diarrhea: ORT or increased fluids,49.3,1,BD,Bangladesh,2022,BD2022DHS,CH_DIAT_C_ORI,94096060,I,360008,1360080,Region,..Rangpur,14000,Three years preceding the survey,0,0,CHDIATCORI,BDDHS2022360008,2022,DHS,33.0,33.0,,,1.0
BGD,Rangpur,328336,Treatment of diarrhea: ORT or increased fluids,49.3,1,BD,Bangladesh,2022,BD2022DHS,CH_DIAT_C_ORI,94096060,I,360008,1360080,Region,..Rangpur,14000,Three years preceding the survey,0,0,CHDIATCORI,BDDHS2022360008,2022,DHS,33.0,33.0,,,1.0
BGD,Rangpur,3498139,Treatment of diarrhea: ORT or increased fluids,53.2,1,BD,Bangladesh,2022,BD2022DHS,CH_DIAT_C_ORI,94096060,I,360008,1360080,Region,..Rangpur,14001,Five years preceding the survey,0,1,CHDIATCORI,BDDHS2022360008,2022,DHS,39.0,39.0,,,1.0
BGD,Rangpur,3498140,Treatment of diarrhea: ORT or increased fluids,53.2,1,BD,Bangladesh,2022,BD2022DHS,CH_DIAT_C_ORI,94096060,I,360008,1360080,Region,..Rangpur,14001,Five years preceding the survey,0,1,CHDIATCORI,BDDHS2022360008,2022,DHS,39.0,39.0,,,1.0
BGD,Rajshahi,2076525,Treatment of diarrhea: ORT or increased fluids,62.6,1,BD,Bangladesh,2022,BD2022DHS,CH_DIAT_C_ORI,94096060,I,360009,1360090,Region,..Rajshahi,14000,Three years preceding the survey,0,0,CHDIATCORI,BDDHS2022360009,2022,DHS,48.0,42.0,,,1.0
BGD,Rajshahi,2076526,Treatment of diarrhea: ORT or increased fluids,62.6,1,BD,Bangladesh,2022,BD2022DHS,CH_DIAT_C_ORI,94096060,I,360009,1360090,Region,..Rajshahi,14000,Three years preceding the survey,0,0,CHDIATCORI,BDDHS2022360009,2022,DHS,48.0,42.0,,,1.0
BGD,Rajshahi,2076558,Treatment of diarrhea: ORT or increased fluids,64.6,1,BD,Bangladesh,2022,BD2022DHS,CH_DIAT_C_ORI,94096060,I,360009,1360090,Region,..Rajshahi,14001,Five years preceding the survey,0,1,CHDIATCORI,BDDHS2022360009,2022,DHS,59.0,53.0,,,1.0
BGD,Rajshahi,2076559,Treatment of diarrhea: ORT or increased fluids,64.6,1,BD,Bangladesh,2022,BD2022DHS,CH_DIAT_C_ORI,94096060,I,360009,1360090,Region,..Rajshahi,14001,Five years preceding the survey,0,1,CHDIATCORI,BDDHS2022360009,2022,DHS,59.0,53.0,,,1.0
BGD,Barishal,2372564,Children stunted,24.9,1,BD,Bangladesh,2022,BD2022DHS,CN_NUTS_C_HA2,104236020,I,360001,1360010,Region,Barishal,0,,0,1,CNNUTSCHA2,BDDHS2022360001,2022,DHS,295.0,496.0,,,1.0
BGD,Barishal,2372565,Children stunted,24.9,1,BD,Bangladesh,2022,BD2022DHS,CN_NUTS_C_HA2,104236020,I,360001,1360010,Region,Barishal,0,,0,1,CNNUTSCHA2,BDDHS2022360001,2022,DHS,295.0,496.0,,,1.0
BGD,Chattogram/Sylhet,67783,Children stunted,27.0,1,BD,Bangladesh,2022,BD2022DHS,CN_NUTS_C_HA2,104236020,I,360002,1360020,Region,Chattogram/Sylhet,0,,0,1,CNNUTSCHA2,BDDHS2022360002,2022,DHS,1247.0,1278.0,,,
BGD,Chattogram,6527994,Children stunted,24.7,1,BD,Bangladesh,2022,BD2022DHS,CN_NUTS_C_HA2,104236020,I,360003,1360030,Region,..Chattogram,0,,0,1,CNNUTSCHA2,BDDHS2022360003,2022,DHS,935.0,732.0,,,1.0
BGD,Chattogram,6527995,Children stunted,24.7,1,BD,Bangladesh,2022,BD2022DHS,CN_NUTS_C_HA2,104236020,I,360003,1360030,Region,..Chattogram,0,,0,1,CNNUTSCHA2,BDDHS2022360003,2022,DHS,935.0,732.0,,,1.0
BGD,Sylhet,4575279,Children stunted,33.9,1,BD,Bangladesh,2022,BD2022DHS,CN_NUTS_C_HA2,104236020,I,360004,1360040,Region,..Sylhet,0,,0,1,CNNUTSCHA2,BDDHS2022360004,2022,DHS,312.0,546.0,,,1.0
BGD,Sylhet,4575280,Children stunted,33.9,1,BD,Bangladesh,2022,BD2022DHS,CN_NUTS_C_HA2,104236020,I,360004,1360040,Region,..Sylhet,0,,0,1,CNNUTSCHA2,BDDHS2022360004,2022,DHS,312.0,546.0,,,1.0
BGD,Dhaka before 2015,6140373,Children stunted,23.2,1,BD,Bangladesh,2022,BD2022DHS,CN_NUTS_C_HA2,104236020,I,360005,1360050,Region,Dhaka before 2015,0,,0,1,CNNUTSCHA2,BDDHS2022360005,2022,DHS,1384.0,1132.0,,,
BGD,Dhaka,6591465,Children stunted,21.5,1,BD,Bangladesh,2022,BD2022DHS,CN_NUTS_C_HA2,104236020,I,360010,1360052,Region,..Dhaka,0,,0,1,CNNUTSCHA2,BDDHS2022360010,2022,DHS,1012.0,607.0,,,1.0
BGD,Dhaka,6591466,Children stunted,21.5,1,BD,Bangladesh,2022,BD2022DHS,CN_NUTS_C_HA2,104236020,I,360010,1360052,Region,..Dhaka,0,,0,1,CNNUTSCHA2,BDDHS2022360010,2022,DHS,1012.0,607.0,,,1.0
BGD,Mymensingh,3036751,Children stunted,27.7,1,BD,Bangladesh,2022,BD2022DHS,CN_NUTS_C_HA2,104236020,I,360011,1360055,Region,..Mymensingh,0,,0,1,CNNUTSCHA2,BDDHS2022360011,2022,DHS,373.0,525.0,,,1.0
BGD,Mymensingh,3036752,Children stunted,27.7,1,BD,Bangladesh,2022,BD2022DHS,CN_NUTS_C_HA2,104236020,I,360011,1360055,Region,..Mymensingh,0,,0,1,CNNUTSCHA2,BDDHS2022360011,2022,DHS,373.0,525.0,,,1.0
BGD,Khulna,3808157,Children stunted,19.0,1,BD,Bangladesh,2022,BD2022DHS,CN_NUTS_C_HA2,104236020,I,360006,1360060,Region,Khulna,0,,0,1,CNNUTSCHA2,BDDHS2022360006,2022,DHS,422.0,450.0,,,1.0
BGD,Khulna,3808158,Children stunted,19.0,1,BD,Bangladesh,2022,BD2022DHS,CN_NUTS_C_HA2,104236020,I,360006,1360060,Region,Khulna,0,,0,1,CNNUTSCHA2,BDDHS2022360006,2022,DHS,422.0,450.0,,,1.0
BGD,Rajshahi/Rangpur,135685,Children stunted,21.1,1,BD,Bangladesh,2022,BD2022DHS,CN_NUTS_C_HA2,104236020,I,360007,1360070,Region,Rajshahi/Rangpur,0,,0,1,CNNUTSCHA2,BDDHS2022360007,2022,DHS,904.0,904.0,,,
BGD,Rangpur,3999897,Children stunted,22.1,1,BD,Bangladesh,2022,BD2022DHS,CN_NUTS_C_HA2,104236020,I,360008,1360080,Region,..Rangpur,0,,0,1,CNNUTSCHA2,BDDHS2022360008,2022,DHS,473.0,491.0,,,1.0
BGD,Rangpur,3999898,Children stunted,22.1,1,BD,Bangladesh,2022,BD2022DHS,CN_NUTS_C_HA2,104236020,I,360008,1360080,Region,..Rangpur,0,,0,1,CNNUTSCHA2,BDDHS2022360008,2022,DHS,473.0,491.0,,,1.0
BGD,Rajshahi,6864678,Children stunted,20.0,1,BD,Bangladesh,2022,BD2022DHS,CN_NUTS_C_HA2,104236020,I,360009,1360090,Region,..Rajshahi,0,,0,1,CNNUTSCHA2,BDDHS2022360009,2022,DHS,430.0,413.0,,,1.0
BGD,Rajshahi,6864679,Children stunted,20.0,1,BD,Bangladesh,2022,BD2022DHS,CN_NUTS_C_HA2,104236020,I,360009,1360090,Region,..Rajshahi,0,,0,1,CNNUTSCHA2,BDDHS2022360009,2022,DHS,430.0,413.0,,,1.0
BGD,Barishal,5528503,Children wasted,14.1,1,BD,Bangladesh,2022,BD2022DHS,CN_NUTS_C_WH2,104236050,I,360001,1360010,Region,Barishal,0,,0,1,CNNUTSCWH2,BDDHS2022360001,2022,DHS,295.0,496.0,,,1.0
BGD,Barishal,5528504,Children wasted,14.1,1,BD,Bangladesh,2022,BD2022DHS,CN_NUTS_C_WH2,104236050,I,360001,1360010,Region,Barishal,0,,0,1,CNNUTSCWH2,BDDHS2022360001,2022,DHS,295.0,496.0,,,1.0
BGD,Chattogram/Sylhet,2600198,Children wasted,11.6,1,BD,Bangladesh,2022,BD2022DHS,CN_NUTS_C_WH2,104236050,I,360002,1360020,Region,Chattogram/Sylhet,0,,0,1,CNNUTSCWH2,BDDHS2022360002,2022,DHS,1247.0,1278.0,,,
BGD,Chattogram,4559271,Children wasted,11.4,1,BD,Bangladesh,2022,BD2022DHS,CN_NUTS_C_WH2,104236050,I,360003,1360030,Region,..Chattogram,0,,0,1,CNNUTSCWH2,BDDHS2022360003,2022,DHS,935.0,732.0,,,1.0
BGD,Chattogram,4559272,Children wasted,11.4,1,BD,Bangladesh,2022,BD2022DHS,CN_NUTS_C_WH2,104236050,I,360003,1360030,Region,..Chattogram,0,,0,1,CNNUTSCWH2,BDDHS2022360003,2022,DHS,935.0,732.0,,,1.0
BGD,Sylhet,6604147,Children wasted,12.2,1,BD,Bangladesh,2022,BD2022DHS,CN_NUTS_C_WH2,104236050,I,360004,1360040,Region,..Sylhet,0,,0,1,CNNUTSCWH2,BDDHS2022360004,2022,DHS,312.0,546.0,,,1.0
BGD,Sylhet,6604148,Children wasted,12.2,1,BD,Bangladesh,2022,BD2022DHS,CN_NUTS_C_WH2,104236050,I,360004,1360040,Region,..Sylhet,0,,0,1,CNNUTSCWH2,BDDHS2022360004,2022,DHS,312.0,546.0,,,1.0
BGD,Dhaka before 2015,6538458,Children wasted,10.0,1,BD,Bangladesh,2022,BD2022DHS,CN_NUTS_C_WH2,104236050,I,360005,1360050,Region,Dhaka before 2015,0,,0,1,CNNUTSCWH2,BDDHS2022360005,2022,DHS,1387.0,1133.0,,,
BGD,Dhaka,2377902,Children wasted,8.9,1,BD,Bangladesh,2022,BD2022DHS,CN_NUTS_C_WH2,104236050,I,360010,1360052,Region,..Dhaka,0,,0,1,CNNUTSCWH2,BDDHS2022360010,2022,DHS,1014.0,608.0,,,1.0
BGD,Dhaka,2377903,Children wasted,8.9,1,BD,Bangladesh,2022,BD2022DHS,CN_NUTS_C_WH2,104236050,I,360010,1360052,Region,..Dhaka,0,,0,1,CNNUTSCWH2,BDDHS2022360010,2022,DHS,1014.0,608.0,,,1.0
BGD,Mymensingh,6298669,Children wasted,12.8,1,BD,Bangladesh,2022,BD2022DHS,CN_NUTS_C_WH2,104236050,I,360011,1360055,Region,..Mymensingh,0,,0,1,CNNUTSCWH2,BDDHS2022360011,2022,DHS,373.0,525.0,,,1.0
BGD,Mymensingh,6298670,Children wasted,12.8,1,BD,Bangladesh,2022,BD2022DHS,CN_NUTS_C_WH2,104236050,I,360011,1360055,Region,..Mymensingh,0,,0,1,CNNUTSCWH2,BDDHS2022360011,2022,DHS,373.0,525.0,,,1.0
BGD,Khulna,5622161,Children wasted,10.3,1,BD,Bangladesh,2022,BD2022DHS,CN_NUTS_C_WH2,104236050,I,360006,1360060,Region,Khulna,0,,0,1,CNNUTSCWH2,BDDHS2022360006,2022,DHS,422.0,450.0,,,1.0
BGD,Khulna,5622162,Children wasted,10.3,1,BD,Bangladesh,2022,BD2022DHS,CN_NUTS_C_WH2,104236050,I,360006,1360060,Region,Khulna,0,,0,1,CNNUTSCWH2,BDDHS2022360006,2022,DHS,422.0,450.0,,,1.0
BGD,Rajshahi/Rangpur,3851852,Children wasted,11.0,1,BD,Bangladesh,2022,BD2022DHS,CN_NUTS_C_WH2,104236050,I,360007,1360070,Region,Rajshahi/Rangpur,0,,0,1,CNNUTSCWH2,BDDHS2022360007,2022,DHS,903.0,903.0,,,
BGD,Rangpur,6981342,Children wasted,11.1,1,BD,Bangladesh,2022,BD2022DHS,CN_NUTS_C_WH2,104236050,I,360008,1360080,Region,..Rangpur,0,,0,1,CNNUTSCWH2,BDDHS2022360008,2022,DHS,474.0,491.0,,,1.0
BGD,Rangpur,6981343,Children wasted,11.1,1,BD,Bangladesh,2022,BD2022DHS,CN_NUTS_C_WH2,104236050,I,360008,1360080,Region,..Rangpur,0,,0,1,CNNUTSCWH2,BDDHS2022360008,2022,DHS,474.0,491.0,,,1.0
BGD,Rajshahi,2384954,Children wasted,11.0,1,BD,Bangladesh,2022,BD2022DHS,CN_NUTS_C_WH2,104236050,I,360009,1360090,Region,..Rajshahi,0,,0,1,CNNUTSCWH2,BDDHS2022360009,2022,DHS,430.0,412.0,,,1.0
BGD,Rajshahi,2384955,Children wasted,11.0,1,BD,Bangladesh,2022,BD2022DHS,CN_NUTS_C_WH2,104236050,I,360009,1360090,Region,..Rajshahi,0,,0,1,CNNUTSCWH2,BDDHS2022360009,2022,DHS,430.0,412.0,,,1.0
BGD,Barishal,5965063,Children underweight,25.7,1,BD,Bangladesh,2022,BD2022DHS,CN_NUTS_C_WA2,104236090,I,360001,1360010,Region,Barishal,0,,0,1,CNNUTSCWA2,BDDHS2022360001,2022,DHS,297.0,500.0,,,1.0
BGD,Barishal,5965064,Children underweight,25.7,1,BD,Bangladesh,2022,BD2022DHS,CN_NUTS_C_WA2,104236090,I,360001,1360010,Region,Barishal,0,,0,1,CNNUTSCWA2,BDDHS2022360001,2022,DHS,297.0,500.0,,,1.0
BGD,Chattogram/Sylhet,3983304,Children underweight,25.5,1,BD,Bangladesh,2022,BD2022DHS,CN_NUTS_C_WA2,104236090,I,360002,1360020,Region,Chattogram/Sylhet,0,,0,1,CNNUTSCWA2,BDDHS2022360002,2022,DHS,1259.0,1292.0,,,
BGD,Chattogram,5732420,Children underweight,23.4,1,BD,Bangladesh,2022,BD2022DHS,CN_NUTS_C_WA2,104236090,I,360003,1360030,Region,..Chattogram,0,,0,1,CNNUTSCWA2,BDDHS2022360003,2022,DHS,942.0,737.0,,,1.0
BGD,Chattogram,5732421,Children underweight,23.4,1,BD,Bangladesh,2022,BD2022DHS,CN_NUTS_C_WA2,104236090,I,360003,1360030,Region,..Chattogram,0,,0,1,CNNUTSCWA2,BDDHS2022360003,2022,DHS,942.0,737.0,,,1.0
BGD,Sylhet,3832846,Children underweight,31.7,1,BD,Bangladesh,2022,BD2022DHS,CN_NUTS_C_WA2,104236090,I,360004,1360040,Region,..Sylhet,0,,0,1,CNNUTSCWA2,BDDHS2022360004,2022,DHS,317.0,555.0,,,1.0
BGD,Sylhet,3832847,Children underweight,31.7,1,BD,Bangladesh,2022,BD2022DHS,CN_NUTS_C_WA2,104236090,I,360004,1360040,Region,..Sylhet,0,,0,1,CNNUTSCWA2,BDDHS2022360004,2022,DHS,317.0,555.0,,,1.0
BGD,Dhaka before 2015,971061,Children underweight,20.2,1,BD,Bangladesh,2022,BD2022DHS,CN_NUTS_C_WA2,104236090,I,360005,1360050,Region,Dhaka before 2015,0,,0,1,CNNUTSCWA2,BDDHS2022360005,2022,DHS,1410.0,1148.0,,,
BGD,Dhaka,5259332,Children underweight,18.6,1,BD,Bangladesh,2022,BD2022DHS,CN_NUTS_C_WA2,104236090,I,360010,1360052,Region,..Dhaka,0,,0,1,CNNUTSCWA2,BDDHS2022360010,2022,DHS,1035.0,620.0,,,1.0
BGD,Dhaka,5259333,Children underweight,18.6,1,BD,Bangladesh,2022,BD2022DHS,CN_NUTS_C_WA2,104236090,I,360010,1360052,Region,..Dhaka,0,,0,1,CNNUTSCWA2,BDDHS2022360010,2022,DHS,1035.0,620.0,,,1.0
BGD,Mymensingh,3300240,Children underweight,24.7,1,BD,Bangladesh,2022,BD2022DHS,CN_NUTS_C_WA2,104236090,I,360011,1360055,Region,..Mymensingh,0,,0,1,CNNUTSCWA2,BDDHS2022360011,2022,DHS,375.0,528.0,,,1.0
BGD,Mymensingh,3300241,Children underweight,24.7,1,BD,Bangladesh,2022,BD2022DHS,CN_NUTS_C_WA2,104236090,I,360011,1360055,Region,..Mymensingh,0,,0,1,CNNUTSCWA2,BDDHS2022360011,2022,DHS,375.0,528.0,,,1.0
BGD,Khulna,3471806,Children underweight,18.7,1,BD,Bangladesh,2022,BD2022DHS,CN_NUTS_C_WA2,104236090,I,360006,1360060,Region,Khulna,0,,0,1,CNNUTSCWA2,BDDHS2022360006,2022,DHS,426.0,455.0,,,1.0
BGD,Khulna,3471807,Children underweight,18.7,1,BD,Bangladesh,2022,BD2022DHS,CN_NUTS_C_WA2,104236090,I,360006,1360060,Region,Khulna,0,,0,1,CNNUTSCWA2,BDDHS2022360006,2022,DHS,426.0,455.0,,,1.0
BGD,Rajshahi/Rangpur,4513733,Children underweight,21.6,1,BD,Bangladesh,2022,BD2022DHS,CN_NUTS_C_WA2,104236090,I,360007,1360070,Region,Rajshahi/Rangpur,0,,0,1,CNNUTSCWA2,BDDHS2022360007,2022,DHS,921.0,921.0,,,
BGD,Rangpur,7120941,Children underweight,24.6,1,BD,Bangladesh,2022,BD2022DHS,CN_NUTS_C_WA2,104236090,I,360008,1360080,Region,..Rangpur,0,,0,1,CNNUTSCWA2,BDDHS2022360008,2022,DHS,481.0,500.0,,,1.0
BGD,Rangpur,7120942,Children underweight,24.6,1,BD,Bangladesh,2022,BD2022DHS,CN_NUTS_C_WA2,104236090,I,360008,1360080,Region,..Rangpur,0,,0,1,CNNUTSCWA2,BDDHS2022360008,2022,DHS,481.0,500.0,,,1.0
BGD,Rajshahi,2384960,Children underweight,18.2,1,BD,Bangladesh,2022,BD2022DHS,CN_NUTS_C_WA2,104236090,I,360009,1360090,Region,..Rajshahi,0,,0,1,CNNUTSCWA2,BDDHS2022360009,2022,DHS,440.0,421.0,,,1.0
BGD,Rajshahi,2384961,Children underweight,18.2,1,BD,Bangladesh,2022,BD2022DHS,CN_NUTS_C_WA2,104236090,I,360009,1360090,Region,..Rajshahi,0,,0,1,CNNUTSCWA2,BDDHS2022360009,2022,DHS,440.0,421.0,,,1.0
BGD,Barishal,5965069,Children overweight for their age,0.7,1,BD,Bangladesh,2022,BD2022DHS,CN_NUTS_C_WAP,104236100,I,360001,1360010,Region,Barishal,0,,0,1,CNNUTSCWAP,BDDHS2022360001,2022,DHS,297.0,500.0,,,1.0
BGD,Barishal,5965070,Children overweight for their age,0.7,1,BD,Bangladesh,2022,BD2022DHS,CN_NUTS_C_WAP,104236100,I,360001,1360010,Region,Barishal,0,,0,1,CNNUTSCWAP,BDDHS2022360001,2022,DHS,297.0,500.0,,,1.0
BGD,Chattogram/Sylhet,3983307,Children overweight for their age,0.3,1,BD,Bangladesh,2022,BD2022DHS,CN_NUTS_C_WAP,104236100,I,360002,1360020,Region,Chattogram/Sylhet,0,,0,1,CNNUTSCWAP,BDDHS2022360002,2022,DHS,1259.0,1292.0,,,
BGD,Chattogram,5732426,Children overweight for their age,0.3,1,BD,Bangladesh,2022,BD2022DHS,CN_NUTS_C_WAP,104236100,I,360003,1360030,Region,..Chattogram,0,,0,1,CNNUTSCWAP,BDDHS2022360003,2022,DHS,942.0,737.0,,,1.0
BGD,Chattogram,5732427,Children overweight for their age,0.3,1,BD,Bangladesh,2022,BD2022DHS,CN_NUTS_C_WAP,104236100,I,360003,1360030,Region,..Chattogram,0,,0,1,CNNUTSCWAP,BDDHS2022360003,2022,DHS,942.0,737.0,,,1.0
BGD,Sylhet,3832855,Children overweight for their age,0.1,1,BD,Bangladesh,2022,BD2022DHS,CN_NUTS_C_WAP,104236100,I,360004,1360040,Region,..Sylhet,0,,0,1,CNNUTSCWAP,BDDHS2022360004,2022,DHS,317.0,555.0,,,1.0
BGD,Sylhet,3832856,Children overweight for their age,0.1,1,BD,Bangladesh,2022,BD2022DHS,CN_NUTS_C_WAP,104236100,I,360004,1360040,Region,..Sylhet,0,,0,1,CNNUTSCWAP,BDDHS2022360004,2022,DHS,317.0,555.0,,,1.0
BGD,Dhaka before 2015,971064,Children overweight for their age,1.6,1,BD,Bangladesh,2022,BD2022DHS,CN_NUTS_C_WAP,104236100,I,360005,1360050,Region,Dhaka before 2015,0,,0,1,CNNUTSCWAP,BDDHS2022360005,2022,DHS,1410.0,1148.0,,,
BGD,Dhaka,5259336,Children overweight for their age,1.9,1,BD,Bangladesh,2022,BD2022DHS,CN_NUTS_C_WAP,104236100,I,360010,1360052,Region,..Dhaka,0,,0,1,CNNUTSCWAP,BDDHS2022360010,2022,DHS,1035.0,620.0,,,1.0
BGD,Dhaka,5259337,Children overweight for their age,1.9,1,BD,Bangladesh,2022,BD2022DHS,CN_NUTS_C_WAP,104236100,I,360010,1360052,Region,..Dhaka,0,,0,1,CNNUTSCWAP,BDDHS2022360010,2022,DHS,1035.0,620.0,,,1.0
BGD,Mymensingh,3300244,Children overweight for their age,0.7,1,BD,Bangladesh,2022,BD2022DHS,CN_NUTS_C_WAP,104236100,I,360011,1360055,Region,..Mymensingh,0,,0,1,CNNUTSCWAP,BDDHS2022360011,2022,DHS,375.0,528.0,,,1.0
BGD,Mymensingh,3300245,Children overweight for their age,0.7,1,BD,Bangladesh,2022,BD2022DHS,CN_NUTS_C_WAP,104236100,I,360011,1360055,Region,..Mymensingh,0,,0,1,CNNUTSCWAP,BDDHS2022360011,2022,DHS,375.0,528.0,,,1.0
BGD,Khulna,3471821,Children overweight for their age,0.9,1,BD,Bangladesh,2022,BD2022DHS,CN_NUTS_C_WAP,104236100,I,360006,1360060,Region,Khulna,0,,0,1,CNNUTSCWAP,BDDHS2022360006,2022,DHS,426.0,455.0,,,1.0
BGD,Khulna,3471822,Children overweight for their age,0.9,1,BD,Bangladesh,2022,BD2022DHS,CN_NUTS_C_WAP,104236100,I,360006,1360060,Region,Khulna,0,,0,1,CNNUTSCWAP,BDDHS2022360006,2022,DHS,426.0,455.0,,,1.0
BGD,Rajshahi/Rangpur,4513735,Children overweight for their age,1.3,1,BD,Bangladesh,2022,BD2022DHS,CN_NUTS_C_WAP,104236100,I,360007,1360070,Region,Rajshahi/Rangpur,0,,0,1,CNNUTSCWAP,BDDHS2022360007,2022,DHS,921.0,921.0,,,
BGD,Rangpur,7120945,Children overweight for their age,0.9,1,BD,Bangladesh,2022,BD2022DHS,CN_NUTS_C_WAP,104236100,I,360008,1360080,Region,..Rangpur,0,,0,1,CNNUTSCWAP,BDDHS2022360008,2022,DHS,481.0,500.0,,,1.0
BGD,Rangpur,7120946,Children overweight for their age,0.9,1,BD,Bangladesh,2022,BD2022DHS,CN_NUTS_C_WAP,104236100,I,360008,1360080,Region,..Rangpur,0,,0,1,CNNUTSCWAP,BDDHS2022360008,2022,DHS,481.0,500.0,,,1.0
BGD,Rajshahi,2384968,Children overweight for their age,1.6,1,BD,Bangladesh,2022,BD2022DHS,CN_NUTS_C_WAP,104236100,I,360009,1360090,Region,..Rajshahi,0,,0,1,CNNUTSCWAP,BDDHS2022360009,2022,DHS,440.0,421.0,,,1.0
BGD,Rajshahi,2384969,Children overweight for their age,1.6,1,BD,Bangladesh,2022,BD2022DHS,CN_NUTS_C_WAP,104236100,I,360009,1360090,Region,..Rajshahi,0,,0,1,CNNUTSCWAP,BDDHS2022360009,2022,DHS,440.0,421.0,,,1.0
BGD,Barishal,835346,Children ever breastfed,96.7,1,BD,Bangladesh,2022,BD2022DHS,CN_BRFI_C_EVR,104266010,I,360001,1360010,Region,Barishal,0,,0,1,CNBRFICEVR,BDDHS2022360001,2022,DHS,219.0,383.0,,,1.0
BGD,Barishal,835347,Children ever breastfed,96.7,1,BD,Bangladesh,2022,BD2022DHS,CN_BRFI_C_EVR,104266010,I,360001,1360010,Region,Barishal,0,,0,1,CNBRFICEVR,BDDHS2022360001,2022,DHS,219.0,383.0,,,1.0
BGD,Chattogram/Sylhet,67781,Children ever breastfed,96.3,1,BD,Bangladesh,2022,BD2022DHS,CN_BRFI_C_EVR,104266010,I,360002,1360020,Region,Chattogram/Sylhet,0,,0,1,CNBRFICEVR,BDDHS2022360002,2022,DHS,1033.0,1036.0,,,
BGD,Chattogram,6766764,Children ever breastfed,96.6,1,BD,Bangladesh,2022,BD2022DHS,CN_BRFI_C_EVR,104266010,I,360003,1360030,Region,..Chattogram,0,,0,1,CNBRFICEVR,BDDHS2022360003,2022,DHS,793.0,613.0,,,1.0
BGD,Chattogram,6766765,Children ever breastfed,96.6,1,BD,Bangladesh,2022,BD2022DHS,CN_BRFI_C_EVR,104266010,I,360003,1360030,Region,..Chattogram,0,,0,1,CNBRFICEVR,BDDHS2022360003,2022,DHS,793.0,613.0,,,1.0
BGD,Sylhet,5816659,Children ever breastfed,95.5,1,BD,Bangladesh,2022,BD2022DHS,CN_BRFI_C_EVR,104266010,I,360004,1360040,Region,..Sylhet,0,,0,1,CNBRFICEVR,BDDHS2022360004,2022,DHS,240.0,423.0,,,1.0
BGD,Sylhet,5816660,Children ever breastfed,95.5,1,BD,Bangladesh,2022,BD2022DHS,CN_BRFI_C_EVR,104266010,I,360004,1360040,Region,..Sylhet,0,,0,1,CNBRFICEVR,BDDHS2022360004,2022,DHS,240.0,423.0,,,1.0
BGD,Dhaka before 2015,2377893,Children ever breastfed,97.5,1,BD,Bangladesh,2022,BD2022DHS,CN_BRFI_C_EVR,104266010,I,360005,1360050,Region,Dhaka before 2015,0,,0,1,CNBRFICEVR,BDDHS2022360005,2022,DHS,1259.0,1020.0,,,
BGD,Dhaka,5597030,Children ever breastfed,97.4,1,BD,Bangladesh,2022,BD2022DHS,CN_BRFI_C_EVR,104266010,I,360010,1360052,Region,..Dhaka,0,,0,1,CNBRFICEVR,BDDHS2022360010,2022,DHS,926.0,556.0,,,1.0
BGD,Dhaka,5597031,Children ever breastfed,97.4,1,BD,Bangladesh,2022,BD2022DHS,CN_BRFI_C_EVR,104266010,I,360010,1360052,Region,..Dhaka,0,,0,1,CNBRFICEVR,BDDHS2022360010,2022,DHS,926.0,556.0,,,1.0
BGD,Mymensingh,5310231,Children ever breastfed,97.6,1,BD,Bangladesh,2022,BD2022DHS,CN_BRFI_C_EVR,104266010,I,360011,1360055,Region,..Mymensingh,0,,0,1,CNBRFICEVR,BDDHS2022360011,2022,DHS,333.0,464.0,,,1.0
BGD,Mymensingh,5310232,Children ever breastfed,97.6,1,BD,Bangladesh,2022,BD2022DHS,CN_BRFI_C_EVR,104266010,I,360011,1360055,Region,..Mymensingh,0,,0,1,CNBRFICEVR,BDDHS2022360011,2022,DHS,333.0,464.0,,,1.0
BGD,Khulna,5601032,Children ever breastfed,97.1,1,BD,Bangladesh,2022,BD2022DHS,CN_BRFI_C_EVR,104266010,I,360006,1360060,Region,Khulna,0,,0,1,CNBRFICEVR,BDDHS2022360006,2022,DHS,380.0,410.0,,,1.0
BGD,Khulna,5601033,Children ever breastfed,97.1,1,BD,Bangladesh,2022,BD2022DHS,CN_BRFI_C_EVR,104266010,I,360006,1360060,Region,Khulna,0,,0,1,CNBRFICEVR,BDDHS2022360006,2022,DHS,380.0,410.0,,,1.0
BGD,Rajshahi/Rangpur,2980554,Children ever breastfed,97.5,1,BD,Bangladesh,2022,BD2022DHS,CN_BRFI_C_EVR,104266010,I,360007,1360070,Region,Rajshahi/Rangpur,0,,0,1,CNBRFICEVR,BDDHS2022360007,2022,DHS,800.0,786.0,,,
BGD,Rangpur,6518797,Children ever breastfed,97.2,1,BD,Bangladesh,2022,BD2022DHS,CN_BRFI_C_EVR,104266010,I,360008,1360080,Region,..Rangpur,0,,0,1,CNBRFICEVR,BDDHS2022360008,2022,DHS,419.0,425.0,,,1.0
BGD,Rangpur,6518798,Children ever breastfed,97.2,1,BD,Bangladesh,2022,BD2022DHS,CN_BRFI_C_EVR,104266010,I,360008,1360080,Region,..Rangpur,0,,0,1,CNBRFICEVR,BDDHS2022360008,2022,DHS,419.0,425.0,,,1.0
BGD,Rajshahi,4778803,Children ever breastfed,97.9,1,BD,Bangladesh,2022,BD2022DHS,CN_BRFI_C_EVR,104266010,I,360009,1360090,Region,..Rajshahi,0,,0,1,CNBRFICEVR,BDDHS2022360009,2022,DHS,381.0,361.0,,,1.0
BGD,Rajshahi,4778804,Children ever breastfed,97.9,1,BD,Bangladesh,2022,BD2022DHS,CN_BRFI_C_EVR,104266010,I,360009,1360090,Region,..Rajshahi,0,,0,1,CNBRFICEVR,BDDHS2022360009,2022,DHS,381.0,361.0,,,1.0
BGD,Barishal,835340,Children who started breastfeeding within 1 hour of birth,38.2,1,BD,Bangladesh,2022,BD2022DHS,CN_BRFI_C_1HR,104266020,I,360001,1360010,Region,Barishal,0,,0,1,CNBRFIC1HR,BDDHS2022360001,2022,DHS,219.0,383.0,,,1.0
BGD,Barishal,835341,Children who started breastfeeding within 1 hour of birth,38.2,1,BD,Bangladesh,2022,BD2022DHS,CN_BRFI_C_1HR,104266020,I,360001,1360010,Region,Barishal,0,,0,1,CNBRFIC1HR,BDDHS2022360001,2022,DHS,219.0,383.0,,,1.0
BGD,Chattogram/Sylhet,67823,Children who started breastfeeding within 1 hour of birth,41.1,1,BD,Bangladesh,2022,BD2022DHS,CN_BRFI_C_1HR,104266020,I,360002,1360020,Region,Chattogram/Sylhet,0,,0,1,CNBRFIC1HR,BDDHS2022360002,2022,DHS,1033.0,1036.0,,,
BGD,Chattogram,6766766,Children who started breastfeeding within 1 hour of birth,38.9,1,BD,Bangladesh,2022,BD2022DHS,CN_BRFI_C_1HR,104266020,I,360003,1360030,Region,..Chattogram,0,,0,1,CNBRFIC1HR,BDDHS2022360003,2022,DHS,793.0,613.0,,,1.0
BGD,Chattogram,6766767,Children who started breastfeeding within 1 hour of birth,38.9,1,BD,Bangladesh,2022,BD2022DHS,CN_BRFI_C_1HR,104266020,I,360003,1360030,Region,..Chattogram,0,,0,1,CNBRFIC1HR,BDDHS2022360003,2022,DHS,793.0,613.0,,,1.0
BGD,Sylhet,5816670,Children who started breastfeeding within 1 hour of birth,48.4,1,BD,Bangladesh,2022,BD2022DHS,CN_BRFI_C_1HR,104266020,I,360004,1360040,Region,..Sylhet,0,,0,1,CNBRFIC1HR,BDDHS2022360004,2022,DHS,240.0,423.0,,,1.0
BGD,Sylhet,5816671,Children who started breastfeeding within 1 hour of birth,48.4,1,BD,Bangladesh,2022,BD2022DHS,CN_BRFI_C_1HR,104266020,I,360004,1360040,Region,..Sylhet,0,,0,1,CNBRFIC1HR,BDDHS2022360004,2022,DHS,240.0,423.0,,,1.0
BGD,Dhaka before 2015,2377921,Children who started breastfeeding within 1 hour of birth,34.7,1,BD,Bangladesh,2022,BD2022DHS,CN_BRFI_C_1HR,104266020,I,360005,1360050,Region,Dhaka before 2015,0,,0,1,CNBRFIC1HR,BDDHS2022360005,2022,DHS,1259.0,1020.0,,,
BGD,Dhaka,5597028,Children who started breastfeeding within 1 hour of birth,32.7,1,BD,Bangladesh,2022,BD2022DHS,CN_BRFI_C_1HR,104266020,I,360010,1360052,Region,..Dhaka,0,,0,1,CNBRFIC1HR,BDDHS2022360010,2022,DHS,926.0,556.0,,,1.0
BGD,Dhaka,5597029,Children who started breastfeeding within 1 hour of birth,32.7,1,BD,Bangladesh,2022,BD2022DHS,CN_BRFI_C_1HR,104266020,I,360010,1360052,Region,..Dhaka,0,,0,1,CNBRFIC1HR,BDDHS2022360010,2022,DHS,926.0,556.0,,,1.0
BGD,Mymensingh,5310229,Children who started breastfeeding within 1 hour of birth,40.1,1,BD,Bangladesh,2022,BD2022DHS,CN_BRFI_C_1HR,104266020,I,360011,1360055,Region,..Mymensingh,0,,0,1,CNBRFIC1HR,BDDHS2022360011,2022,DHS,333.0,464.0,,,1.0
BGD,Mymensingh,5310230,Children who started breastfeeding within 1 hour of birth,40.1,1,BD,Bangladesh,2022,BD2022DHS,CN_BRFI_C_1HR,104266020,I,360011,1360055,Region,..Mymensingh,0,,0,1,CNBRFIC1HR,BDDHS2022360011,2022,DHS,333.0,464.0,,,1.0
BGD,Khulna,5601038,Children who started breastfeeding within 1 hour of birth,30.2,1,BD,Bangladesh,2022,BD2022DHS,CN_BRFI_C_1HR,104266020,I,360006,1360060,Region,Khulna,0,,0,1,CNBRFIC1HR,BDDHS2022360006,2022,DHS,380.0,410.0,,,1.0
BGD,Khulna,5601039,Children who started breastfeeding within 1 hour of birth,30.2,1,BD,Bangladesh,2022,BD2022DHS,CN_BRFI_C_1HR,104266020,I,360006,1360060,Region,Khulna,0,,0,1,CNBRFIC1HR,BDDHS2022360006,2022,DHS,380.0,410.0,,,1.0
BGD,Rajshahi/Rangpur,2980555,Children who started breastfeeding within 1 hour of birth,38.0,1,BD,Bangladesh,2022,BD2022DHS,CN_BRFI_C_1HR,104266020,I,360007,1360070,Region,Rajshahi/Rangpur,0,,0,1,CNBRFIC1HR,BDDHS2022360007,2022,DHS,800.0,786.0,,,
BGD,Rangpur,6518795,Children who started breastfeeding within 1 hour of birth,40.1,1,BD,Bangladesh,2022,BD2022DHS,CN_BRFI_C_1HR,104266020,I,360008,1360080,Region,..Rangpur,0,,0,1,CNBRFIC1HR,BDDHS2022360008,2022,DHS,419.0,425.0,,,1.0
BGD,Rangpur,6518796,Children who started breastfeeding within 1 hour of birth,40.1,1,BD,Bangladesh,2022,BD2022DHS,CN_BRFI_C_1HR,104266020,I,360008,1360080,Region,..Rangpur,0,,0,1,CNBRFIC1HR,BDDHS2022360008,2022,DHS,419.0,425.0,,,1.0
BGD,Rajshahi,4778801,Children who started breastfeeding within 1 hour of birth,35.7,1,BD,Bangladesh,2022,BD2022DHS,CN_BRFI_C_1HR,104266020,I,360009,1360090,Region,..Rajshahi,0,,0,1,CNBRFIC1HR,BDDHS2022360009,2022,DHS,381.0,361.0,,,1.0
BGD,Rajshahi,4778802,Children who started breastfeeding within 1 hour of birth,35.7,1,BD,Bangladesh,2022,BD2022DHS,CN_BRFI_C_1HR,104266020,I,360009,1360090,Region,..Rajshahi,0,,0,1,CNBRFIC1HR,BDDHS2022360009,2022,DHS,381.0,361.0,,,1.0
BGD,Barishal,2372668,Median duration of any breastfeeding,26.7,1,BD,Bangladesh,2022,BD2022DHS,CN_BFDR_C_MDA,104336010,I,360001,1360010,Region,Barishal,0,,0,1,CNBFDRCMDA,BDDHS2022360001,2022,DHS,,,,,1.0
BGD,Barishal,2372669,Median duration of any breastfeeding,26.7,1,BD,Bangladesh,2022,BD2022DHS,CN_BFDR_C_MDA,104336010,I,360001,1360010,Region,Barishal,0,,0,1,CNBFDRCMDA,BDDHS2022360001,2022,DHS,,,,,1.0
BGD,Chattogram/Sylhet,2372647,Median duration of any breastfeeding,24.5,1,BD,Bangladesh,2022,BD2022DHS,CN_BFDR_C_MDA,104336010,I,360002,1360020,Region,Chattogram/Sylhet,0,,0,1,CNBFDRCMDA,BDDHS2022360002,2022,DHS,,,,,
BGD,Chattogram,2372689,Median duration of any breastfeeding,23.9,1,BD,Bangladesh,2022,BD2022DHS,CN_BFDR_C_MDA,104336010,I,360003,1360030,Region,..Chattogram,0,,0,1,CNBFDRCMDA,BDDHS2022360003,2022,DHS,,,,,1.0
BGD,Chattogram,2372690,Median duration of any breastfeeding,23.9,1,BD,Bangladesh,2022,BD2022DHS,CN_BFDR_C_MDA,104336010,I,360003,1360030,Region,..Chattogram,0,,0,1,CNBFDRCMDA,BDDHS2022360003,2022,DHS,,,,,1.0
BGD,Sylhet,6208208,Median duration of any breastfeeding,30.4,1,BD,Bangladesh,2022,BD2022DHS,CN_BFDR_C_MDA,104336010,I,360004,1360040,Region,..Sylhet,0,,0,1,CNBFDRCMDA,BDDHS2022360004,2022,DHS,,,,,1.0
BGD,Sylhet,6208209,Median duration of any breastfeeding,30.4,1,BD,Bangladesh,2022,BD2022DHS,CN_BFDR_C_MDA,104336010,I,360004,1360040,Region,..Sylhet,0,,0,1,CNBFDRCMDA,BDDHS2022360004,2022,DHS,,,,,1.0
BGD,Dhaka before 2015,2377953,Median duration of any breastfeeding,28.4,1,BD,Bangladesh,2022,BD2022DHS,CN_BFDR_C_MDA,104336010,I,360005,1360050,Region,Dhaka before 2015,0,,0,1,CNBFDRCMDA,BDDHS2022360005,2022,DHS,,,,,
BGD,Dhaka,2377941,Median duration of any breastfeeding,27.5,1,BD,Bangladesh,2022,BD2022DHS,CN_BFDR_C_MDA,104336010,I,360010,1360052,Region,..Dhaka,0,,0,1,CNBFDRCMDA,BDDHS2022360010,2022,DHS,,,,,1.0
BGD,Dhaka,2377942,Median duration of any breastfeeding,27.5,1,BD,Bangladesh,2022,BD2022DHS,CN_BFDR_C_MDA,104336010,I,360010,1360052,Region,..Dhaka,0,,0,1,CNBFDRCMDA,BDDHS2022360010,2022,DHS,,,,,1.0
BGD,Mymensingh,2385019,Median duration of any breastfeeding,31.9,1,BD,Bangladesh,2022,BD2022DHS,CN_BFDR_C_MDA,104336010,I,360011,1360055,Region,..Mymensingh,0,,0,1,CNBFDRCMDA,BDDHS2022360011,2022,DHS,,,,,1.0
BGD,Mymensingh,2385020,Median duration of any breastfeeding,31.9,1,BD,Bangladesh,2022,BD2022DHS,CN_BFDR_C_MDA,104336010,I,360011,1360055,Region,..Mymensingh,0,,0,1,CNBFDRCMDA,BDDHS2022360011,2022,DHS,,,,,1.0
BGD,Khulna,2363513,Median duration of any breastfeeding,34.7,1,BD,Bangladesh,2022,BD2022DHS,CN_BFDR_C_MDA,104336010,I,360006,1360060,Region,Khulna,0,,0,1,CNBFDRCMDA,BDDHS2022360006,2022,DHS,,,,,1.0
BGD,Khulna,2363514,Median duration of any breastfeeding,34.7,1,BD,Bangladesh,2022,BD2022DHS,CN_BFDR_C_MDA,104336010,I,360006,1360060,Region,Khulna,0,,0,1,CNBFDRCMDA,BDDHS2022360006,2022,DHS,,,,,1.0
BGD,Rajshahi,6693865,Median duration of any breastfeeding,33.4,1,BD,Bangladesh,2022,BD2022DHS,CN_BFDR_C_MDA,104336010,I,360009,1360090,Region,..Rajshahi,0,,0,1,CNBFDRCMDA,BDDHS2022360009,2022,DHS,,,,,1.0
BGD,Rajshahi,6693866,Median duration of any breastfeeding,33.4,1,BD,Bangladesh,2022,BD2022DHS,CN_BFDR_C_MDA,104336010,I,360009,1360090,Region,..Rajshahi,0,,0,1,CNBFDRCMDA,BDDHS2022360009,2022,DHS,,,,,1.0
BGD,Barishal,719346,Breastfed children 6-23 months fed both 4+ food groups and the minimum meal frequency,23.4,1,BD,Bangladesh,2022,BD2022DHS,CN_IYCF_C_BTB,104436030,I,360001,1360010,Region,Barishal,0,,0,1,CNIYCFCBTB,BDDHS2022360001,2022,DHS,147.0,255.0,,,1.0
BGD,Barishal,719347,Breastfed children 6-23 months fed both 4+ food groups and the minimum meal frequency,23.4,1,BD,Bangladesh,2022,BD2022DHS,CN_IYCF_C_BTB,104436030,I,360001,1360010,Region,Barishal,0,,0,1,CNIYCFCBTB,BDDHS2022360001,2022,DHS,147.0,255.0,,,1.0
BGD,Chattogram/Sylhet,5933666,Breastfed children 6-23 months fed both 4+ food groups and the minimum meal frequency,21.7,1,BD,Bangladesh,2022,BD2022DHS,CN_IYCF_C_BTB,104436030,I,360002,1360020,Region,Chattogram/Sylhet,0,,0,1,CNIYCFCBTB,BDDHS2022360002,2022,DHS,667.0,674.0,,,
BGD,Chattogram,2372704,Breastfed children 6-23 months fed both 4+ food groups and the minimum meal frequency,22.0,1,BD,Bangladesh,2022,BD2022DHS,CN_IYCF_C_BTB,104436030,I,360003,1360030,Region,..Chattogram,0,,0,1,CNIYCFCBTB,BDDHS2022360003,2022,DHS,502.0,385.0,,,1.0
BGD,Chattogram,2372705,Breastfed children 6-23 months fed both 4+ food groups and the minimum meal frequency,22.0,1,BD,Bangladesh,2022,BD2022DHS,CN_IYCF_C_BTB,104436030,I,360003,1360030,Region,..Chattogram,0,,0,1,CNIYCFCBTB,BDDHS2022360003,2022,DHS,502.0,385.0,,,1.0
BGD,Sylhet,244638,Breastfed children 6-23 months fed both 4+ food groups and the minimum meal frequency,20.7,1,BD,Bangladesh,2022,BD2022DHS,CN_IYCF_C_BTB,104436030,I,360004,1360040,Region,..Sylhet,0,,0,1,CNIYCFCBTB,BDDHS2022360004,2022,DHS,165.0,289.0,,,1.0
BGD,Sylhet,244639,Breastfed children 6-23 months fed both 4+ food groups and the minimum meal frequency,20.7,1,BD,Bangladesh,2022,BD2022DHS,CN_IYCF_C_BTB,104436030,I,360004,1360040,Region,..Sylhet,0,,0,1,CNIYCFCBTB,BDDHS2022360004,2022,DHS,165.0,289.0,,,1.0
BGD,Dhaka before 2015,5089588,Breastfed children 6-23 months fed both 4+ food groups and the minimum meal frequency,36.1,1,BD,Bangladesh,2022,BD2022DHS,CN_IYCF_C_BTB,104436030,I,360005,1360050,Region,Dhaka before 2015,0,,0,1,CNIYCFCBTB,BDDHS2022360005,2022,DHS,788.0,655.0,,,
BGD,Dhaka,6948867,Breastfed children 6-23 months fed both 4+ food groups and the minimum meal frequency,37.0,1,BD,Bangladesh,2022,BD2022DHS,CN_IYCF_C_BTB,104436030,I,360010,1360052,Region,..Dhaka,0,,0,1,CNIYCFCBTB,BDDHS2022360010,2022,DHS,561.0,337.0,,,1.0
BGD,Dhaka,6948868,Breastfed children 6-23 months fed both 4+ food groups and the minimum meal frequency,37.0,1,BD,Bangladesh,2022,BD2022DHS,CN_IYCF_C_BTB,104436030,I,360010,1360052,Region,..Dhaka,0,,0,1,CNIYCFCBTB,BDDHS2022360010,2022,DHS,561.0,337.0,,,1.0
BGD,Mymensingh,3883438,Breastfed children 6-23 months fed both 4+ food groups and the minimum meal frequency,33.7,1,BD,Bangladesh,2022,BD2022DHS,CN_IYCF_C_BTB,104436030,I,360011,1360055,Region,..Mymensingh,0,,0,1,CNIYCFCBTB,BDDHS2022360011,2022,DHS,228.0,318.0,,,1.0
BGD,Mymensingh,3883439,Breastfed children 6-23 months fed both 4+ food groups and the minimum meal frequency,33.7,1,BD,Bangladesh,2022,BD2022DHS,CN_IYCF_C_BTB,104436030,I,360011,1360055,Region,..Mymensingh,0,,0,1,CNIYCFCBTB,BDDHS2022360011,2022,DHS,228.0,318.0,,,1.0
BGD,Khulna,3914476,Breastfed children 6-23 months fed both 4+ food groups and the minimum meal frequency,47.8,1,BD,Bangladesh,2022,BD2022DHS,CN_IYCF_C_BTB,104436030,I,360006,1360060,Region,Khulna,0,,0,1,CNIYCFCBTB,BDDHS2022360006,2022,DHS,247.0,267.0,,,1.0
BGD,Khulna,3914477,Breastfed children 6-23 months fed both 4+ food groups and the minimum meal frequency,47.8,1,BD,Bangladesh,2022,BD2022DHS,CN_IYCF_C_BTB,104436030,I,360006,1360060,Region,Khulna,0,,0,1,CNIYCFCBTB,BDDHS2022360006,2022,DHS,247.0,267.0,,,1.0
BGD,Rajshahi/Rangpur,7347495,Breastfed children 6-23 months fed both 4+ food groups and the minimum meal frequency,27.9,1,BD,Bangladesh,2022,BD2022DHS,CN_IYCF_C_BTB,104436030,I,360007,1360070,Region,Rajshahi/Rangpur,0,,0,1,CNIYCFCBTB,BDDHS2022360007,2022,DHS,536.0,528.0,,,
BGD,Rangpur,3974816,Breastfed children 6-23 months fed both 4+ food groups and the minimum meal frequency,26.6,1,BD,Bangladesh,2022,BD2022DHS,CN_IYCF_C_BTB,104436030,I,360008,1360080,Region,..Rangpur,0,,0,1,CNIYCFCBTB,BDDHS2022360008,2022,DHS,291.0,297.0,,,1.0
BGD,Rangpur,3974817,Breastfed children 6-23 months fed both 4+ food groups and the minimum meal frequency,26.6,1,BD,Bangladesh,2022,BD2022DHS,CN_IYCF_C_BTB,104436030,I,360008,1360080,Region,..Rangpur,0,,0,1,CNIYCFCBTB,BDDHS2022360008,2022,DHS,291.0,297.0,,,1.0
BGD,Rajshahi,6193229,Breastfed children 6-23 months fed both 4+ food groups and the minimum meal frequency,29.4,1,BD,Bangladesh,2022,BD2022DHS,CN_IYCF_C_BTB,104436030,I,360009,1360090,Region,..Rajshahi,0,,0,1,CNIYCFCBTB,BDDHS2022360009,2022,DHS,245.0,231.0,,,1.0
BGD,Rajshahi,6193230,Breastfed children 6-23 months fed both 4+ food groups and the minimum meal frequency,29.4,1,BD,Bangladesh,2022,BD2022DHS,CN_IYCF_C_BTB,104436030,I,360009,1360090,Region,..Rajshahi,0,,0,1,CNIYCFCBTB,BDDHS2022360009,2022,DHS,245.0,231.0,,,1.0
BGD,Chattogram/Sylhet,665215,Non-breastfed children 6-23 months fed milk or milk products,27.7,1,BD,Bangladesh,2022,BD2022DHS,CN_IYCF_C_MKN,104436060,I,360002,1360020,Region,Chattogram/Sylhet,0,,0,1,CNIYCFCMKN,BDDHS2022360002,2022,DHS,74.0,68.0,,,
BGD,Chattogram,4534645,Non-breastfed children 6-23 months fed milk or milk products,28.4,1,BD,Bangladesh,2022,BD2022DHS,CN_IYCF_C_MKN,104436060,I,360003,1360030,Region,..Chattogram,0,,0,1,CNIYCFCMKN,BDDHS2022360003,2022,DHS,60.0,44.0,,,1.0
BGD,Chattogram,4534646,Non-breastfed children 6-23 months fed milk or milk products,28.4,1,BD,Bangladesh,2022,BD2022DHS,CN_IYCF_C_MKN,104436060,I,360003,1360030,Region,..Chattogram,0,,0,1,CNIYCFCMKN,BDDHS2022360003,2022,DHS,60.0,44.0,,,1.0
BGD,Dhaka before 2015,3993671,Non-breastfed children 6-23 months fed milk or milk products,70.2,1,BD,Bangladesh,2022,BD2022DHS,CN_IYCF_C_MKN,104436060,I,360005,1360050,Region,Dhaka before 2015,0,,0,1,CNIYCFCMKN,BDDHS2022360005,2022,DHS,65.0,43.0,,,
BGD,Dhaka,3819574,Non-breastfed children 6-23 months fed milk or milk products,70.6,1,BD,Bangladesh,2022,BD2022DHS,CN_IYCF_C_MKN,104436060,I,360010,1360052,Region,..Dhaka,0,,0,1,CNIYCFCMKN,BDDHS2022360010,2022,DHS,55.0,32.0,,,1.0
BGD,Dhaka,3819575,Non-breastfed children 6-23 months fed milk or milk products,70.6,1,BD,Bangladesh,2022,BD2022DHS,CN_IYCF_C_MKN,104436060,I,360010,1360052,Region,..Dhaka,0,,0,1,CNIYCFCMKN,BDDHS2022360010,2022,DHS,55.0,32.0,,,1.0
BGD,Rajshahi/Rangpur,4399046,Non-breastfed children 6-23 months fed milk or milk products,64.3,1,BD,Bangladesh,2022,BD2022DHS,CN_IYCF_C_MKN,104436060,I,360007,1360070,Region,Rajshahi/Rangpur,0,,0,1,CNIYCFCMKN,BDDHS2022360007,2022,DHS,31.0,32.0,,,
BGD,Chattogram/Sylhet,665206,Non-breastfed children 6-23 months with 3 IYCF practices,6.9,1,BD,Bangladesh,2022,BD2022DHS,CN_IYCF_C_3PN,104436090,I,360002,1360020,Region,Chattogram/Sylhet,0,,0,1,CNIYCFC3PN,BDDHS2022360002,2022,DHS,74.0,68.0,,,
BGD,Chattogram,4534643,Non-breastfed children 6-23 months with 3 IYCF practices,5.7,1,BD,Bangladesh,2022,BD2022DHS,CN_IYCF_C_3PN,104436090,I,360003,1360030,Region,..Chattogram,0,,0,1,CNIYCFC3PN,BDDHS2022360003,2022,DHS,60.0,44.0,,,1.0
BGD,Chattogram,4534644,Non-breastfed children 6-23 months with 3 IYCF practices,5.7,1,BD,Bangladesh,2022,BD2022DHS,CN_IYCF_C_3PN,104436090,I,360003,1360030,Region,..Chattogram,0,,0,1,CNIYCFC3PN,BDDHS2022360003,2022,DHS,60.0,44.0,,,1.0
BGD,Dhaka before 2015,3993669,Non-breastfed children 6-23 months with 3 IYCF practices,18.3,1,BD,Bangladesh,2022,BD2022DHS,CN_IYCF_C_3PN,104436090,I,360005,1360050,Region,Dhaka before 2015,0,,0,1,CNIYCFC3PN,BDDHS2022360005,2022,DHS,65.0,43.0,,,
BGD,Dhaka,3819568,Non-breastfed children 6-23 months with 3 IYCF practices,16.5,1,BD,Bangladesh,2022,BD2022DHS,CN_IYCF_C_3PN,104436090,I,360010,1360052,Region,..Dhaka,0,,0,1,CNIYCFC3PN,BDDHS2022360010,2022,DHS,55.0,32.0,,,1.0
BGD,Dhaka,3819569,Non-breastfed children 6-23 months with 3 IYCF practices,16.5,1,BD,Bangladesh,2022,BD2022DHS,CN_IYCF_C_3PN,104436090,I,360010,1360052,Region,..Dhaka,0,,0,1,CNIYCFC3PN,BDDHS2022360010,2022,DHS,55.0,32.0,,,1.0
BGD,Rajshahi/Rangpur,4399044,Non-breastfed children 6-23 months with 3 IYCF practices,27.5,1,BD,Bangladesh,2022,BD2022DHS,CN_IYCF_C_3PN,104436090,I,360007,1360070,Region,Rajshahi/Rangpur,0,,0,1,CNIYCFC3PN,BDDHS2022360007,2022,DHS,31.0,32.0,,,
BGD,Barishal,2372672,Children 6-23 months fed 5+ food groups,29.7,1,BD,Bangladesh,2022,BD2022DHS,CN_IYCF_C_4FA,104436130,I,360001,1360010,Region,Barishal,0,,0,1,CNIYCFC4FA,BDDHS2022360001,2022,DHS,153.0,267.0,,,1.0
BGD,Barishal,2372673,Children 6-23 months fed 5+ food groups,29.7,1,BD,Bangladesh,2022,BD2022DHS,CN_IYCF_C_4FA,104436130,I,360001,1360010,Region,Barishal,0,,0,1,CNIYCFC4FA,BDDHS2022360001,2022,DHS,153.0,267.0,,,1.0
BGD,Chattogram/Sylhet,237471,Children 6-23 months fed 5+ food groups,28.1,1,BD,Bangladesh,2022,BD2022DHS,CN_IYCF_C_4FA,104436130,I,360002,1360020,Region,Chattogram/Sylhet,0,,0,1,CNIYCFC4FA,BDDHS2022360002,2022,DHS,740.0,742.0,,,
BGD,Chattogram,3103582,Children 6-23 months fed 5+ food groups,28.6,1,BD,Bangladesh,2022,BD2022DHS,CN_IYCF_C_4FA,104436130,I,360003,1360030,Region,..Chattogram,0,,0,1,CNIYCFC4FA,BDDHS2022360003,2022,DHS,562.0,429.0,,,1.0
BGD,Chattogram,3103583,Children 6-23 months fed 5+ food groups,28.6,1,BD,Bangladesh,2022,BD2022DHS,CN_IYCF_C_4FA,104436130,I,360003,1360030,Region,..Chattogram,0,,0,1,CNIYCFC4FA,BDDHS2022360003,2022,DHS,562.0,429.0,,,1.0
BGD,Sylhet,6265611,Children 6-23 months fed 5+ food groups,26.2,1,BD,Bangladesh,2022,BD2022DHS,CN_IYCF_C_4FA,104436130,I,360004,1360040,Region,..Sylhet,0,,0,1,CNIYCFC4FA,BDDHS2022360004,2022,DHS,178.0,313.0,,,1.0
BGD,Sylhet,6265612,Children 6-23 months fed 5+ food groups,26.2,1,BD,Bangladesh,2022,BD2022DHS,CN_IYCF_C_4FA,104436130,I,360004,1360040,Region,..Sylhet,0,,0,1,CNIYCFC4FA,BDDHS2022360004,2022,DHS,178.0,313.0,,,1.0
BGD,Dhaka before 2015,2377956,Children 6-23 months fed 5+ food groups,43.4,1,BD,Bangladesh,2022,BD2022DHS,CN_IYCF_C_4FA,104436130,I,360005,1360050,Region,Dhaka before 2015,0,,0,1,CNIYCFC4FA,BDDHS2022360005,2022,DHS,853.0,698.0,,,
BGD,Dhaka,4482948,Children 6-23 months fed 5+ food groups,43.1,1,BD,Bangladesh,2022,BD2022DHS,CN_IYCF_C_4FA,104436130,I,360010,1360052,Region,..Dhaka,0,,0,1,CNIYCFC4FA,BDDHS2022360010,2022,DHS,616.0,369.0,,,1.0
BGD,Dhaka,4482949,Children 6-23 months fed 5+ food groups,43.1,1,BD,Bangladesh,2022,BD2022DHS,CN_IYCF_C_4FA,104436130,I,360010,1360052,Region,..Dhaka,0,,0,1,CNIYCFC4FA,BDDHS2022360010,2022,DHS,616.0,369.0,,,1.0
BGD,Mymensingh,3616747,Children 6-23 months fed 5+ food groups,44.0,1,BD,Bangladesh,2022,BD2022DHS,CN_IYCF_C_4FA,104436130,I,360011,1360055,Region,..Mymensingh,0,,0,1,CNIYCFC4FA,BDDHS2022360011,2022,DHS,237.0,329.0,,,1.0
BGD,Mymensingh,3616746,Children 6-23 months fed 5+ food groups,44.0,1,BD,Bangladesh,2022,BD2022DHS,CN_IYCF_C_4FA,104436130,I,360011,1360055,Region,..Mymensingh,0,,0,1,CNIYCFC4FA,BDDHS2022360011,2022,DHS,237.0,329.0,,,1.0
BGD,Khulna,6488453,Children 6-23 months fed 5+ food groups,52.5,1,BD,Bangladesh,2022,BD2022DHS,CN_IYCF_C_4FA,104436130,I,360006,1360060,Region,Khulna,0,,0,1,CNIYCFC4FA,BDDHS2022360006,2022,DHS,265.0,285.0,,,1.0
BGD,Khulna,6488454,Children 6-23 months fed 5+ food groups,52.5,1,BD,Bangladesh,2022,BD2022DHS,CN_IYCF_C_4FA,104436130,I,360006,1360060,Region,Khulna,0,,0,1,CNIYCFC4FA,BDDHS2022360006,2022,DHS,265.0,285.0,,,1.0
BGD,Rajshahi/Rangpur,5203058,Children 6-23 months fed 5+ food groups,36.5,1,BD,Bangladesh,2022,BD2022DHS,CN_IYCF_C_4FA,104436130,I,360007,1360070,Region,Rajshahi/Rangpur,0,,0,1,CNIYCFC4FA,BDDHS2022360007,2022,DHS,567.0,560.0,,,
BGD,Rangpur,5104338,Children 6-23 months fed 5+ food groups,36.1,1,BD,Bangladesh,2022,BD2022DHS,CN_IYCF_C_4FA,104436130,I,360008,1360080,Region,..Rangpur,0,,0,1,CNIYCFC4FA,BDDHS2022360008,2022,DHS,304.0,310.0,,,1.0
BGD,Rangpur,5104339,Children 6-23 months fed 5+ food groups,36.1,1,BD,Bangladesh,2022,BD2022DHS,CN_IYCF_C_4FA,104436130,I,360008,1360080,Region,..Rangpur,0,,0,1,CNIYCFC4FA,BDDHS2022360008,2022,DHS,304.0,310.0,,,1.0
BGD,Rajshahi,4554725,Children 6-23 months fed 5+ food groups,36.9,1,BD,Bangladesh,2022,BD2022DHS,CN_IYCF_C_4FA,104436130,I,360009,1360090,Region,..Rajshahi,0,,0,1,CNIYCFC4FA,BDDHS2022360009,2022,DHS,263.0,250.0,,,1.0
BGD,Rajshahi,4554726,Children 6-23 months fed 5+ food groups,36.9,1,BD,Bangladesh,2022,BD2022DHS,CN_IYCF_C_4FA,104436130,I,360009,1360090,Region,..Rajshahi,0,,0,1,CNIYCFC4FA,BDDHS2022360009,2022,DHS,263.0,250.0,,,1.0
BGD,Barishal,2372674,Children 6-23 months fed the minimum meal frequency,55.0,1,BD,Bangladesh,2022,BD2022DHS,CN_IYCF_C_MNA,104436140,I,360001,1360010,Region,Barishal,0,,0,1,CNIYCFCMNA,BDDHS2022360001,2022,DHS,153.0,267.0,,,1.0
BGD,Barishal,2372675,Children 6-23 months fed the minimum meal frequency,55.0,1,BD,Bangladesh,2022,BD2022DHS,CN_IYCF_C_MNA,104436140,I,360001,1360010,Region,Barishal,0,,0,1,CNIYCFCMNA,BDDHS2022360001,2022,DHS,153.0,267.0,,,1.0
BGD,Chattogram/Sylhet,237479,Children 6-23 months fed the minimum meal frequency,52.3,1,BD,Bangladesh,2022,BD2022DHS,CN_IYCF_C_MNA,104436140,I,360002,1360020,Region,Chattogram/Sylhet,0,,0,1,CNIYCFCMNA,BDDHS2022360002,2022,DHS,740.0,742.0,,,
BGD,Chattogram,3103589,Children 6-23 months fed the minimum meal frequency,50.6,1,BD,Bangladesh,2022,BD2022DHS,CN_IYCF_C_MNA,104436140,I,360003,1360030,Region,..Chattogram,0,,0,1,CNIYCFCMNA,BDDHS2022360003,2022,DHS,562.0,429.0,,,1.0
BGD,Chattogram,3103590,Children 6-23 months fed the minimum meal frequency,50.6,1,BD,Bangladesh,2022,BD2022DHS,CN_IYCF_C_MNA,104436140,I,360003,1360030,Region,..Chattogram,0,,0,1,CNIYCFCMNA,BDDHS2022360003,2022,DHS,562.0,429.0,,,1.0
BGD,Sylhet,6265613,Children 6-23 months fed the minimum meal frequency,57.7,1,BD,Bangladesh,2022,BD2022DHS,CN_IYCF_C_MNA,104436140,I,360004,1360040,Region,..Sylhet,0,,0,1,CNIYCFCMNA,BDDHS2022360004,2022,DHS,178.0,313.0,,,1.0
BGD,Sylhet,6265614,Children 6-23 months fed the minimum meal frequency,57.7,1,BD,Bangladesh,2022,BD2022DHS,CN_IYCF_C_MNA,104436140,I,360004,1360040,Region,..Sylhet,0,,0,1,CNIYCFCMNA,BDDHS2022360004,2022,DHS,178.0,313.0,,,1.0
BGD,Dhaka before 2015,2377957,Children 6-23 months fed the minimum meal frequency,70.0,1,BD,Bangladesh,2022,BD2022DHS,CN_IYCF_C_MNA,104436140,I,360005,1360050,Region,Dhaka before 2015,0,,0,1,CNIYCFCMNA,BDDHS2022360005,2022,DHS,853.0,698.0,,,
BGD,Dhaka,4482950,Children 6-23 months fed the minimum meal frequency,71.4,1,BD,Bangladesh,2022,BD2022DHS,CN_IYCF_C_MNA,104436140,I,360010,1360052,Region,..Dhaka,0,,0,1,CNIYCFCMNA,BDDHS2022360010,2022,DHS,616.0,369.0,,,1.0
BGD,Dhaka,4482951,Children 6-23 months fed the minimum meal frequency,71.4,1,BD,Bangladesh,2022,BD2022DHS,CN_IYCF_C_MNA,104436140,I,360010,1360052,Region,..Dhaka,0,,0,1,CNIYCFCMNA,BDDHS2022360010,2022,DHS,616.0,369.0,,,1.0
BGD,Mymensingh,3616748,Children 6-23 months fed the minimum meal frequency,66.5,1,BD,Bangladesh,2022,BD2022DHS,CN_IYCF_C_MNA,104436140,I,360011,1360055,Region,..Mymensingh,0,,0,1,CNIYCFCMNA,BDDHS2022360011,2022,DHS,237.0,329.0,,,1.0
BGD,Mymensingh,3616749,Children 6-23 months fed the minimum meal frequency,66.5,1,BD,Bangladesh,2022,BD2022DHS,CN_IYCF_C_MNA,104436140,I,360011,1360055,Region,..Mymensingh,0,,0,1,CNIYCFCMNA,BDDHS2022360011,2022,DHS,237.0,329.0,,,1.0
BGD,Khulna,6488455,Children 6-23 months fed the minimum meal frequency,81.5,1,BD,Bangladesh,2022,BD2022DHS,CN_IYCF_C_MNA,104436140,I,360006,1360060,Region,Khulna,0,,0,1,CNIYCFCMNA,BDDHS2022360006,2022,DHS,265.0,285.0,,,1.0
BGD,Khulna,6488456,Children 6-23 months fed the minimum meal frequency,81.5,1,BD,Bangladesh,2022,BD2022DHS,CN_IYCF_C_MNA,104436140,I,360006,1360060,Region,Khulna,0,,0,1,CNIYCFCMNA,BDDHS2022360006,2022,DHS,265.0,285.0,,,1.0
BGD,Rajshahi/Rangpur,5203059,Children 6-23 months fed the minimum meal frequency,70.4,1,BD,Bangladesh,2022,BD2022DHS,CN_IYCF_C_MNA,104436140,I,360007,1360070,Region,Rajshahi/Rangpur,0,,0,1,CNIYCFCMNA,BDDHS2022360007,2022,DHS,567.0,560.0,,,
BGD,Rangpur,5104340,Children 6-23 months fed the minimum meal frequency,71.9,1,BD,Bangladesh,2022,BD2022DHS,CN_IYCF_C_MNA,104436140,I,360008,1360080,Region,..Rangpur,0,,0,1,CNIYCFCMNA,BDDHS2022360008,2022,DHS,304.0,310.0,,,1.0
BGD,Rangpur,5104341,Children 6-23 months fed the minimum meal frequency,71.9,1,BD,Bangladesh,2022,BD2022DHS,CN_IYCF_C_MNA,104436140,I,360008,1360080,Region,..Rangpur,0,,0,1,CNIYCFCMNA,BDDHS2022360008,2022,DHS,304.0,310.0,,,1.0
BGD,Rajshahi,4554727,Children 6-23 months fed the minimum meal frequency,68.7,1,BD,Bangladesh,2022,BD2022DHS,CN_IYCF_C_MNA,104436140,I,360009,1360090,Region,..Rajshahi,0,,0,1,CNIYCFCMNA,BDDHS2022360009,2022,DHS,263.0,250.0,,,1.0
BGD,Rajshahi,4554728,Children 6-23 months fed the minimum meal frequency,68.7,1,BD,Bangladesh,2022,BD2022DHS,CN_IYCF_C_MNA,104436140,I,360009,1360090,Region,..Rajshahi,0,,0,1,CNIYCFCMNA,BDDHS2022360009,2022,DHS,263.0,250.0,,,1.0
BGD,Barishal,2372676,Children 6-23 months with 3 IYCF practices,22.8,1,BD,Bangladesh,2022,BD2022DHS,CN_IYCF_C_3PA,104436150,I,360001,1360010,Region,Barishal,0,,0,1,CNIYCFC3PA,BDDHS2022360001,2022,DHS,153.0,267.0,,,1.0
BGD,Barishal,2372677,Children 6-23 months with 3 IYCF practices,22.8,1,BD,Bangladesh,2022,BD2022DHS,CN_IYCF_C_3PA,104436150,I,360001,1360010,Region,Barishal,0,,0,1,CNIYCFC3PA,BDDHS2022360001,2022,DHS,153.0,267.0,,,1.0
BGD,Chattogram/Sylhet,237480,Children 6-23 months with 3 IYCF practices,20.2,1,BD,Bangladesh,2022,BD2022DHS,CN_IYCF_C_3PA,104436150,I,360002,1360020,Region,Chattogram/Sylhet,0,,0,1,CNIYCFC3PA,BDDHS2022360002,2022,DHS,740.0,742.0,,,
BGD,Chattogram,3103606,Children 6-23 months with 3 IYCF practices,20.3,1,BD,Bangladesh,2022,BD2022DHS,CN_IYCF_C_3PA,104436150,I,360003,1360030,Region,..Chattogram,0,,0,1,CNIYCFC3PA,BDDHS2022360003,2022,DHS,562.0,429.0,,,1.0
BGD,Chattogram,3103607,Children 6-23 months with 3 IYCF practices,20.3,1,BD,Bangladesh,2022,BD2022DHS,CN_IYCF_C_3PA,104436150,I,360003,1360030,Region,..Chattogram,0,,0,1,CNIYCFC3PA,BDDHS2022360003,2022,DHS,562.0,429.0,,,1.0
BGD,Sylhet,6265615,Children 6-23 months with 3 IYCF practices,20.0,1,BD,Bangladesh,2022,BD2022DHS,CN_IYCF_C_3PA,104436150,I,360004,1360040,Region,..Sylhet,0,,0,1,CNIYCFC3PA,BDDHS2022360004,2022,DHS,178.0,313.0,,,1.0
BGD,Sylhet,6265616,Children 6-23 months with 3 IYCF practices,20.0,1,BD,Bangladesh,2022,BD2022DHS,CN_IYCF_C_3PA,104436150,I,360004,1360040,Region,..Sylhet,0,,0,1,CNIYCFC3PA,BDDHS2022360004,2022,DHS,178.0,313.0,,,1.0
BGD,Dhaka before 2015,2377958,Children 6-23 months with 3 IYCF practices,34.7,1,BD,Bangladesh,2022,BD2022DHS,CN_IYCF_C_3PA,104436150,I,360005,1360050,Region,Dhaka before 2015,0,,0,1,CNIYCFC3PA,BDDHS2022360005,2022,DHS,853.0,698.0,,,
BGD,Dhaka,4482952,Children 6-23 months with 3 IYCF practices,35.2,1,BD,Bangladesh,2022,BD2022DHS,CN_IYCF_C_3PA,104436150,I,360010,1360052,Region,..Dhaka,0,,0,1,CNIYCFC3PA,BDDHS2022360010,2022,DHS,616.0,369.0,,,1.0
BGD,Dhaka,4482953,Children 6-23 months with 3 IYCF practices,35.2,1,BD,Bangladesh,2022,BD2022DHS,CN_IYCF_C_3PA,104436150,I,360010,1360052,Region,..Dhaka,0,,0,1,CNIYCFC3PA,BDDHS2022360010,2022,DHS,616.0,369.0,,,1.0
BGD,Mymensingh,3616758,Children 6-23 months with 3 IYCF practices,33.6,1,BD,Bangladesh,2022,BD2022DHS,CN_IYCF_C_3PA,104436150,I,360011,1360055,Region,..Mymensingh,0,,0,1,CNIYCFC3PA,BDDHS2022360011,2022,DHS,237.0,329.0,,,1.0
BGD,Mymensingh,3616759,Children 6-23 months with 3 IYCF practices,33.6,1,BD,Bangladesh,2022,BD2022DHS,CN_IYCF_C_3PA,104436150,I,360011,1360055,Region,..Mymensingh,0,,0,1,CNIYCFC3PA,BDDHS2022360011,2022,DHS,237.0,329.0,,,1.0
BGD,Khulna,6488457,Children 6-23 months with 3 IYCF practices,47.2,1,BD,Bangladesh,2022,BD2022DHS,CN_IYCF_C_3PA,104436150,I,360006,1360060,Region,Khulna,0,,0,1,CNIYCFC3PA,BDDHS2022360006,2022,DHS,265.0,285.0,,,1.0
BGD,Khulna,6488458,Children 6-23 months with 3 IYCF practices,47.2,1,BD,Bangladesh,2022,BD2022DHS,CN_IYCF_C_3PA,104436150,I,360006,1360060,Region,Khulna,0,,0,1,CNIYCFC3PA,BDDHS2022360006,2022,DHS,265.0,285.0,,,1.0
BGD,Rajshahi/Rangpur,5203060,Children 6-23 months with 3 IYCF practices,27.9,1,BD,Bangladesh,2022,BD2022DHS,CN_IYCF_C_3PA,104436150,I,360007,1360070,Region,Rajshahi/Rangpur,0,,0,1,CNIYCFC3PA,BDDHS2022360007,2022,DHS,567.0,560.0,,,
BGD,Rangpur,5104342,Children 6-23 months with 3 IYCF practices,26.5,1,BD,Bangladesh,2022,BD2022DHS,CN_IYCF_C_3PA,104436150,I,360008,1360080,Region,..Rangpur,0,,0,1,CNIYCFC3PA,BDDHS2022360008,2022,DHS,304.0,310.0,,,1.0
BGD,Rangpur,5104343,Children 6-23 months with 3 IYCF practices,26.5,1,BD,Bangladesh,2022,BD2022DHS,CN_IYCF_C_3PA,104436150,I,360008,1360080,Region,..Rangpur,0,,0,1,CNIYCFC3PA,BDDHS2022360008,2022,DHS,304.0,310.0,,,1.0
BGD,Rajshahi,4554774,Children 6-23 months with 3 IYCF practices,29.5,1,BD,Bangladesh,2022,BD2022DHS,CN_IYCF_C_3PA,104436150,I,360009,1360090,Region,..Rajshahi,0,,0,1,CNIYCFC3PA,BDDHS2022360009,2022,DHS,263.0,250.0,,,1.0
BGD,Rajshahi,4554775,Children 6-23 months with 3 IYCF practices,29.5,1,BD,Bangladesh,2022,BD2022DHS,CN_IYCF_C_3PA,104436150,I,360009,1360090,Region,..Rajshahi,0,,0,1,CNIYCFC3PA,BDDHS2022360009,2022,DHS,263.0,250.0,,,1.0
BGD,Barishal,2772864,Wife beating justified for at least one specific reason [Women],11.4,1,BD,Bangladesh,2022,BD2022DHS,WE_AWBT_W_AGR,176433060,I,360001,1360010,Region,Barishal,0,,0,1,WEAWBTWAGR,BDDHS2022360001,2022,DHS,1199.0,2117.0,,,1.0
BGD,Barishal,2772865,Wife beating justified for at least one specific reason [Women],11.4,1,BD,Bangladesh,2022,BD2022DHS,WE_AWBT_W_AGR,176433060,I,360001,1360010,Region,Barishal,0,,0,1,WEAWBTWAGR,BDDHS2022360001,2022,DHS,1199.0,2117.0,,,1.0
BGD,Chattogram/Sylhet,1550,Wife beating justified for at least one specific reason [Women],12.0,1,BD,Bangladesh,2022,BD2022DHS,WE_AWBT_W_AGR,176433060,I,360002,1360020,Region,Chattogram/Sylhet,0,,0,1,WEAWBTWAGR,BDDHS2022360002,2022,DHS,4918.0,5139.0,,,
BGD,Chattogram,777602,Wife beating justified for at least one specific reason [Women],12.5,1,BD,Bangladesh,2022,BD2022DHS,WE_AWBT_W_AGR,176433060,I,360003,1360030,Region,..Chattogram,0,,0,1,WEAWBTWAGR,BDDHS2022360003,2022,DHS,3749.0,2983.0,,,1.0
BGD,Chattogram,777603,Wife beating justified for at least one specific reason [Women],12.5,1,BD,Bangladesh,2022,BD2022DHS,WE_AWBT_W_AGR,176433060,I,360003,1360030,Region,..Chattogram,0,,0,1,WEAWBTWAGR,BDDHS2022360003,2022,DHS,3749.0,2983.0,,,1.0
BGD,Sylhet,4492208,Wife beating justified for at least one specific reason [Women],10.3,1,BD,Bangladesh,2022,BD2022DHS,WE_AWBT_W_AGR,176433060,I,360004,1360040,Region,..Sylhet,0,,0,1,WEAWBTWAGR,BDDHS2022360004,2022,DHS,1169.0,2156.0,,,1.0
BGD,Sylhet,4492209,Wife beating justified for at least one specific reason [Women],10.3,1,BD,Bangladesh,2022,BD2022DHS,WE_AWBT_W_AGR,176433060,I,360004,1360040,Region,..Sylhet,0,,0,1,WEAWBTWAGR,BDDHS2022360004,2022,DHS,1169.0,2156.0,,,1.0
BGD,Dhaka before 2015,7267879,Wife beating justified for at least one specific reason [Women],14.2,1,BD,Bangladesh,2022,BD2022DHS,WE_AWBT_W_AGR,176433060,I,360005,1360050,Region,Dhaka before 2015,0,,0,1,WEAWBTWAGR,BDDHS2022360005,2022,DHS,6607.0,5184.0,,,
BGD,Dhaka,6772819,Wife beating justified for at least one specific reason [Women],14.7,1,BD,Bangladesh,2022,BD2022DHS,WE_AWBT_W_AGR,176433060,I,360010,1360052,Region,..Dhaka,0,,0,1,WEAWBTWAGR,BDDHS2022360010,2022,DHS,5080.0,3028.0,,,1.0
BGD,Dhaka,6772820,Wife beating justified for at least one specific reason [Women],14.7,1,BD,Bangladesh,2022,BD2022DHS,WE_AWBT_W_AGR,176433060,I,360010,1360052,Region,..Dhaka,0,,0,1,WEAWBTWAGR,BDDHS2022360010,2022,DHS,5080.0,3028.0,,,1.0
BGD,Mymensingh,2425695,Wife beating justified for at least one specific reason [Women],12.6,1,BD,Bangladesh,2022,BD2022DHS,WE_AWBT_W_AGR,176433060,I,360011,1360055,Region,..Mymensingh,0,,0,1,WEAWBTWAGR,BDDHS2022360011,2022,DHS,1527.0,2156.0,,,1.0
BGD,Mymensingh,2425696,Wife beating justified for at least one specific reason [Women],12.6,1,BD,Bangladesh,2022,BD2022DHS,WE_AWBT_W_AGR,176433060,I,360011,1360055,Region,..Mymensingh,0,,0,1,WEAWBTWAGR,BDDHS2022360011,2022,DHS,1527.0,2156.0,,,1.0
BGD,Khulna,2404241,Wife beating justified for at least one specific reason [Women],16.4,1,BD,Bangladesh,2022,BD2022DHS,WE_AWBT_W_AGR,176433060,I,360006,1360060,Region,Khulna,0,,0,1,WEAWBTWAGR,BDDHS2022360006,2022,DHS,2389.0,2602.0,,,1.0
BGD,Khulna,2404242,Wife beating justified for at least one specific reason [Women],16.4,1,BD,Bangladesh,2022,BD2022DHS,WE_AWBT_W_AGR,176433060,I,360006,1360060,Region,Khulna,0,,0,1,WEAWBTWAGR,BDDHS2022360006,2022,DHS,2389.0,2602.0,,,1.0
BGD,Rajshahi/Rangpur,5403406,Wife beating justified for at least one specific reason [Women],14.4,1,BD,Bangladesh,2022,BD2022DHS,WE_AWBT_W_AGR,176433060,I,360007,1360070,Region,Rajshahi/Rangpur,0,,0,1,WEAWBTWAGR,BDDHS2022360007,2022,DHS,4916.0,4945.0,,,
BGD,Rangpur,2404232,Wife beating justified for at least one specific reason [Women],11.4,1,BD,Bangladesh,2022,BD2022DHS,WE_AWBT_W_AGR,176433060,I,360008,1360080,Region,..Rangpur,0,,0,1,WEAWBTWAGR,BDDHS2022360008,2022,DHS,2291.0,2399.0,,,1.0
BGD,Rangpur,2404233,Wife beating justified for at least one specific reason [Women],11.4,1,BD,Bangladesh,2022,BD2022DHS,WE_AWBT_W_AGR,176433060,I,360008,1360080,Region,..Rangpur,0,,0,1,WEAWBTWAGR,BDDHS2022360008,2022,DHS,2291.0,2399.0,,,1.0
BGD,Rajshahi,3118437,Wife beating justified for at least one specific reason [Women],17.1,1,BD,Bangladesh,2022,BD2022DHS,WE_AWBT_W_AGR,176433060,I,360009,1360090,Region,..Rajshahi,0,,0,1,WEAWBTWAGR,BDDHS2022360009,2022,DHS,2625.0,2546.0,,,1.0
BGD,Rajshahi,3118438,Wife beating justified for at least one specific reason [Women],17.1,1,BD,Bangladesh,2022,BD2022DHS,WE_AWBT_W_AGR,176433060,I,360009,1360090,Region,..Rajshahi,0,,0,1,WEAWBTWAGR,BDDHS2022360009,2022,DHS,2625.0,2546.0,,,1.0
BGD,Barishal,6991386,Children registered,43.0,1,BD,Bangladesh,2022,BD2022DHS,CP_BREG_C_REG,220906030,I,360001,1360010,Region,Barishal,0,,0,1,CPBREGCREG,BDDHS2022360001,2022,DHS,804.0,1374.0,,,1.0
BGD,Barishal,6991387,Children registered,43.0,1,BD,Bangladesh,2022,BD2022DHS,CP_BREG_C_REG,220906030,I,360001,1360010,Region,Barishal,0,,0,1,CPBREGCREG,BDDHS2022360001,2022,DHS,804.0,1374.0,,,1.0
BGD,Chattogram/Sylhet,1970136,Children registered,45.3,1,BD,Bangladesh,2022,BD2022DHS,CP_BREG_C_REG,220906030,I,360002,1360020,Region,Chattogram/Sylhet,0,,0,1,CPBREGCREG,BDDHS2022360002,2022,DHS,3503.0,3605.0,,,
BGD,Chattogram,4477750,Children registered,46.9,1,BD,Bangladesh,2022,BD2022DHS,CP_BREG_C_REG,220906030,I,360003,1360030,Region,..Chattogram,0,,0,1,CPBREGCREG,BDDHS2022360003,2022,DHS,2628.0,2061.0,,,1.0
BGD,Chattogram,4477751,Children registered,46.9,1,BD,Bangladesh,2022,BD2022DHS,CP_BREG_C_REG,220906030,I,360003,1360030,Region,..Chattogram,0,,0,1,CPBREGCREG,BDDHS2022360003,2022,DHS,2628.0,2061.0,,,1.0
BGD,Sylhet,6520347,Children registered,40.7,1,BD,Bangladesh,2022,BD2022DHS,CP_BREG_C_REG,220906030,I,360004,1360040,Region,..Sylhet,0,,0,1,CPBREGCREG,BDDHS2022360004,2022,DHS,875.0,1544.0,,,1.0
BGD,Sylhet,6520348,Children registered,40.7,1,BD,Bangladesh,2022,BD2022DHS,CP_BREG_C_REG,220906030,I,360004,1360040,Region,..Sylhet,0,,0,1,CPBREGCREG,BDDHS2022360004,2022,DHS,875.0,1544.0,,,1.0
BGD,Dhaka before 2015,6141536,Children registered,36.4,1,BD,Bangladesh,2022,BD2022DHS,CP_BREG_C_REG,220906030,I,360005,1360050,Region,Dhaka before 2015,0,,0,1,CPBREGCREG,BDDHS2022360005,2022,DHS,4257.0,3411.0,,,
BGD,Dhaka,7409210,Children registered,33.7,1,BD,Bangladesh,2022,BD2022DHS,CP_BREG_C_REG,220906030,I,360010,1360052,Region,..Dhaka,0,,0,1,CPBREGCREG,BDDHS2022360010,2022,DHS,3195.0,1927.0,,,1.0
BGD,Dhaka,7409211,Children registered,33.7,1,BD,Bangladesh,2022,BD2022DHS,CP_BREG_C_REG,220906030,I,360010,1360052,Region,..Dhaka,0,,0,1,CPBREGCREG,BDDHS2022360010,2022,DHS,3195.0,1927.0,,,1.0
BGD,Mymensingh,3071229,Children registered,44.4,1,BD,Bangladesh,2022,BD2022DHS,CP_BREG_C_REG,220906030,I,360011,1360055,Region,..Mymensingh,0,,0,1,CPBREGCREG,BDDHS2022360011,2022,DHS,1062.0,1484.0,,,1.0
BGD,Mymensingh,3071230,Children registered,44.4,1,BD,Bangladesh,2022,BD2022DHS,CP_BREG_C_REG,220906030,I,360011,1360055,Region,..Mymensingh,0,,0,1,CPBREGCREG,BDDHS2022360011,2022,DHS,1062.0,1484.0,,,1.0
BGD,Khulna,442461,Children registered,43.5,1,BD,Bangladesh,2022,BD2022DHS,CP_BREG_C_REG,220906030,I,360006,1360060,Region,Khulna,0,,0,1,CPBREGCREG,BDDHS2022360006,2022,DHS,1293.0,1404.0,,,1.0
BGD,Khulna,442462,Children registered,43.5,1,BD,Bangladesh,2022,BD2022DHS,CP_BREG_C_REG,220906030,I,360006,1360060,Region,Khulna,0,,0,1,CPBREGCREG,BDDHS2022360006,2022,DHS,1293.0,1404.0,,,1.0
BGD,Rajshahi/Rangpur,5144584,Children registered,44.3,1,BD,Bangladesh,2022,BD2022DHS,CP_BREG_C_REG,220906030,I,360007,1360070,Region,Rajshahi/Rangpur,0,,0,1,CPBREGCREG,BDDHS2022360007,2022,DHS,2798.0,2773.0,,,
BGD,Rangpur,4912140,Children registered,38.2,1,BD,Bangladesh,2022,BD2022DHS,CP_BREG_C_REG,220906030,I,360008,1360080,Region,..Rangpur,0,,0,1,CPBREGCREG,BDDHS2022360008,2022,DHS,1446.0,1487.0,,,1.0
BGD,Rangpur,4912141,Children registered,38.2,1,BD,Bangladesh,2022,BD2022DHS,CP_BREG_C_REG,220906030,I,360008,1360080,Region,..Rangpur,0,,0,1,CPBREGCREG,BDDHS2022360008,2022,DHS,1446.0,1487.0,,,1.0
BGD,Rajshahi,1976254,Children registered,50.8,1,BD,Bangladesh,2022,BD2022DHS,CP_BREG_C_REG,220906030,I,360009,1360090,Region,..Rajshahi,0,,0,1,CPBREGCREG,BDDHS2022360009,2022,DHS,1351.0,1286.0,,,1.0
BGD,Rajshahi,1976255,Children registered,50.8,1,BD,Bangladesh,2022,BD2022DHS,CP_BREG_C_REG,220906030,I,360009,1360090,Region,..Rajshahi,0,,0,1,CPBREGCREG,BDDHS2022360009,2022,DHS,1351.0,1286.0,,,1.0
BGD,Barishal,1970242,Gender parity index for net primary school attendance,1.07,2,BD,Bangladesh,2022,BD2022DHS,ED_NARP_B_GPI,231035040,I,360001,1360010,Region,Barishal,0,,0,1,EDNARPBGPI,BDDHS2022360001,2022,DHS,,,,,1.0
BGD,Barishal,1970243,Gender parity index for net primary school attendance,1.07,2,BD,Bangladesh,2022,BD2022DHS,ED_NARP_B_GPI,231035040,I,360001,1360010,Region,Barishal,0,,0,1,EDNARPBGPI,BDDHS2022360001,2022,DHS,,,,,1.0
BGD,Chattogram/Sylhet,1970298,Gender parity index for net primary school attendance,1.06,2,BD,Bangladesh,2022,BD2022DHS,ED_NARP_B_GPI,231035040,I,360002,1360020,Region,Chattogram/Sylhet,0,,0,1,EDNARPBGPI,BDDHS2022360002,2022,DHS,,,,,
BGD,Chattogram,1970254,Gender parity index for net primary school attendance,1.07,2,BD,Bangladesh,2022,BD2022DHS,ED_NARP_B_GPI,231035040,I,360003,1360030,Region,..Chattogram,0,,0,1,EDNARPBGPI,BDDHS2022360003,2022,DHS,,,,,1.0
BGD,Chattogram,1970255,Gender parity index for net primary school attendance,1.07,2,BD,Bangladesh,2022,BD2022DHS,ED_NARP_B_GPI,231035040,I,360003,1360030,Region,..Chattogram,0,,0,1,EDNARPBGPI,BDDHS2022360003,2022,DHS,,,,,1.0
BGD,Sylhet,6207806,Gender parity index for net primary school attendance,1.05,2,BD,Bangladesh,2022,BD2022DHS,ED_NARP_B_GPI,231035040,I,360004,1360040,Region,..Sylhet,0,,0,1,EDNARPBGPI,BDDHS2022360004,2022,DHS,,,,,1.0
BGD,Sylhet,6207807,Gender parity index for net primary school attendance,1.05,2,BD,Bangladesh,2022,BD2022DHS,ED_NARP_B_GPI,231035040,I,360004,1360040,Region,..Sylhet,0,,0,1,EDNARPBGPI,BDDHS2022360004,2022,DHS,,,,,1.0
BGD,Dhaka before 2015,1959678,Gender parity index for net primary school attendance,1.04,2,BD,Bangladesh,2022,BD2022DHS,ED_NARP_B_GPI,231035040,I,360005,1360050,Region,Dhaka before 2015,0,,0,1,EDNARPBGPI,BDDHS2022360005,2022,DHS,,,,,
BGD,Dhaka,1959638,Gender parity index for net primary school attendance,1.03,2,BD,Bangladesh,2022,BD2022DHS,ED_NARP_B_GPI,231035040,I,360010,1360052,Region,..Dhaka,0,,0,1,EDNARPBGPI,BDDHS2022360010,2022,DHS,,,,,1.0
BGD,Dhaka,1959639,Gender parity index for net primary school attendance,1.03,2,BD,Bangladesh,2022,BD2022DHS,ED_NARP_B_GPI,231035040,I,360010,1360052,Region,..Dhaka,0,,0,1,EDNARPBGPI,BDDHS2022360010,2022,DHS,,,,,1.0
BGD,Mymensingh,1976411,Gender parity index for net primary school attendance,1.06,2,BD,Bangladesh,2022,BD2022DHS,ED_NARP_B_GPI,231035040,I,360011,1360055,Region,..Mymensingh,0,,0,1,EDNARPBGPI,BDDHS2022360011,2022,DHS,,,,,1.0
BGD,Mymensingh,1976412,Gender parity index for net primary school attendance,1.06,2,BD,Bangladesh,2022,BD2022DHS,ED_NARP_B_GPI,231035040,I,360011,1360055,Region,..Mymensingh,0,,0,1,EDNARPBGPI,BDDHS2022360011,2022,DHS,,,,,1.0
BGD,Khulna,1977250,Gender parity index for net primary school attendance,1.0,2,BD,Bangladesh,2022,BD2022DHS,ED_NARP_B_GPI,231035040,I,360006,1360060,Region,Khulna,0,,0,1,EDNARPBGPI,BDDHS2022360006,2022,DHS,,,,,1.0
BGD,Khulna,1977251,Gender parity index for net primary school attendance,1.0,2,BD,Bangladesh,2022,BD2022DHS,ED_NARP_B_GPI,231035040,I,360006,1360060,Region,Khulna,0,,0,1,EDNARPBGPI,BDDHS2022360006,2022,DHS,,,,,1.0
BGD,Rajshahi/Rangpur,1959627,Gender parity index for net primary school attendance,1.04,2,BD,Bangladesh,2022,BD2022DHS,ED_NARP_B_GPI,231035040,I,360007,1360070,Region,Rajshahi/Rangpur,0,,0,1,EDNARPBGPI,BDDHS2022360007,2022,DHS,,,,,
BGD,Rangpur,1977266,Gender parity index for net primary school attendance,1.04,2,BD,Bangladesh,2022,BD2022DHS,ED_NARP_B_GPI,231035040,I,360008,1360080,Region,..Rangpur,0,,0,1,EDNARPBGPI,BDDHS2022360008,2022,DHS,,,,,1.0
BGD,Rangpur,1977267,Gender parity index for net primary school attendance,1.04,2,BD,Bangladesh,2022,BD2022DHS,ED_NARP_B_GPI,231035040,I,360008,1360080,Region,..Rangpur,0,,0,1,EDNARPBGPI,BDDHS2022360008,2022,DHS,,,,,1.0
BGD,Rajshahi,6693979,Gender parity index for net primary school attendance,1.04,2,BD,Bangladesh,2022,BD2022DHS,ED_NARP_B_GPI,231035040,I,360009,1360090,Region,..Rajshahi,0,,0,1,EDNARPBGPI,BDDHS2022360009,2022,DHS,,,,,1.0
BGD,Rajshahi,6693980,Gender parity index for net primary school attendance,1.04,2,BD,Bangladesh,2022,BD2022DHS,ED_NARP_B_GPI,231035040,I,360009,1360090,Region,..Rajshahi,0,,0,1,EDNARPBGPI,BDDHS2022360009,2022,DHS,,,,,1.0
BGD,Barishal,1970318,Gender parity index for net secondary school attendance,1.2,2,BD,Bangladesh,2022,BD2022DHS,ED_NARS_B_GPI,231105040,I,360001,1360010,Region,Barishal,0,,0,1,EDNARSBGPI,BDDHS2022360001,2022,DHS,,,,,1.0
BGD,Barishal,1970319,Gender parity index for net secondary school attendance,1.2,2,BD,Bangladesh,2022,BD2022DHS,ED_NARS_B_GPI,231105040,I,360001,1360010,Region,Barishal,0,,0,1,EDNARSBGPI,BDDHS2022360001,2022,DHS,,,,,1.0
BGD,Chattogram/Sylhet,1970327,Gender parity index for net secondary school attendance,1.25,2,BD,Bangladesh,2022,BD2022DHS,ED_NARS_B_GPI,231105040,I,360002,1360020,Region,Chattogram/Sylhet,0,,0,1,EDNARSBGPI,BDDHS2022360002,2022,DHS,,,,,
BGD,Chattogram,1970311,Gender parity index for net secondary school attendance,1.25,2,BD,Bangladesh,2022,BD2022DHS,ED_NARS_B_GPI,231105040,I,360003,1360030,Region,..Chattogram,0,,0,1,EDNARSBGPI,BDDHS2022360003,2022,DHS,,,,,1.0
BGD,Chattogram,1970312,Gender parity index for net secondary school attendance,1.25,2,BD,Bangladesh,2022,BD2022DHS,ED_NARS_B_GPI,231105040,I,360003,1360030,Region,..Chattogram,0,,0,1,EDNARSBGPI,BDDHS2022360003,2022,DHS,,,,,1.0
BGD,Sylhet,6207030,Gender parity index for net secondary school attendance,1.26,2,BD,Bangladesh,2022,BD2022DHS,ED_NARS_B_GPI,231105040,I,360004,1360040,Region,..Sylhet,0,,0,1,EDNARSBGPI,BDDHS2022360004,2022,DHS,,,,,1.0
BGD,Sylhet,6207031,Gender parity index for net secondary school attendance,1.26,2,BD,Bangladesh,2022,BD2022DHS,ED_NARS_B_GPI,231105040,I,360004,1360040,Region,..Sylhet,0,,0,1,EDNARSBGPI,BDDHS2022360004,2022,DHS,,,,,1.0
BGD,Dhaka before 2015,1959690,Gender parity index for net secondary school attendance,1.06,2,BD,Bangladesh,2022,BD2022DHS,ED_NARS_B_GPI,231105040,I,360005,1360050,Region,Dhaka before 2015,0,,0,1,EDNARSBGPI,BDDHS2022360005,2022,DHS,,,,,
BGD,Dhaka,1959701,Gender parity index for net secondary school attendance,1.06,2,BD,Bangladesh,2022,BD2022DHS,ED_NARS_B_GPI,231105040,I,360010,1360052,Region,..Dhaka,0,,0,1,EDNARSBGPI,BDDHS2022360010,2022,DHS,,,,,1.0
BGD,Dhaka,1959702,Gender parity index for net secondary school attendance,1.06,2,BD,Bangladesh,2022,BD2022DHS,ED_NARS_B_GPI,231105040,I,360010,1360052,Region,..Dhaka,0,,0,1,EDNARSBGPI,BDDHS2022360010,2022,DHS,,,,,1.0
BGD,Mymensingh,1976438,Gender parity index for net secondary school attendance,1.04,2,BD,Bangladesh,2022,BD2022DHS,ED_NARS_B_GPI,231105040,I,360011,1360055,Region,..Mymensingh,0,,0,1,EDNARSBGPI,BDDHS2022360011,2022,DHS,,,,,1.0
BGD,Mymensingh,1976439,Gender parity index for net secondary school attendance,1.04,2,BD,Bangladesh,2022,BD2022DHS,ED_NARS_B_GPI,231105040,I,360011,1360055,Region,..Mymensingh,0,,0,1,EDNARSBGPI,BDDHS2022360011,2022,DHS,,,,,1.0
BGD,Khulna,1977285,Gender parity index for net secondary school attendance,1.08,2,BD,Bangladesh,2022,BD2022DHS,ED_NARS_B_GPI,231105040,I,360006,1360060,Region,Khulna,0,,0,1,EDNARSBGPI,BDDHS2022360006,2022,DHS,,,,,1.0
BGD,Khulna,1977286,Gender parity index for net secondary school attendance,1.08,2,BD,Bangladesh,2022,BD2022DHS,ED_NARS_B_GPI,231105040,I,360006,1360060,Region,Khulna,0,,0,1,EDNARSBGPI,BDDHS2022360006,2022,DHS,,,,,1.0
BGD,Rajshahi/Rangpur,1959676,Gender parity index for net secondary school attendance,0.99,2,BD,Bangladesh,2022,BD2022DHS,ED_NARS_B_GPI,231105040,I,360007,1360070,Region,Rajshahi/Rangpur,0,,0,1,EDNARSBGPI,BDDHS2022360007,2022,DHS,,,,,
BGD,Rangpur,1977334,Gender parity index for net secondary school attendance,0.97,2,BD,Bangladesh,2022,BD2022DHS,ED_NARS_B_GPI,231105040,I,360008,1360080,Region,..Rangpur,0,,0,1,EDNARSBGPI,BDDHS2022360008,2022,DHS,,,,,1.0
BGD,Rangpur,1977335,Gender parity index for net secondary school attendance,0.97,2,BD,Bangladesh,2022,BD2022DHS,ED_NARS_B_GPI,231105040,I,360008,1360080,Region,..Rangpur,0,,0,1,EDNARSBGPI,BDDHS2022360008,2022,DHS,,,,,1.0
BGD,Rajshahi,6694005,Gender parity index for net secondary school attendance,1.01,2,BD,Bangladesh,2022,BD2022DHS,ED_NARS_B_GPI,231105040,I,360009,1360090,Region,..Rajshahi,0,,0,1,EDNARSBGPI,BDDHS2022360009,2022,DHS,,,,,1.0
BGD,Rajshahi,6694006,Gender parity index for net secondary school attendance,1.01,2,BD,Bangladesh,2022,BD2022DHS,ED_NARS_B_GPI,231105040,I,360009,1360090,Region,..Rajshahi,0,,0,1,EDNARSBGPI,BDDHS2022360009,2022,DHS,,,,,1.0
BGD,Barishal,1969639,Population using an improved water source,99.1,1,BD,Bangladesh,2022,BD2022DHS,WS_SRCE_P_IMP,250162010,I,360001,1360010,Region,Barishal,0,,0,1,WSSRCEPIMP,BDDHS2022360001,2022,DHS,7520.0,13192.0,,,1.0
BGD,Barishal,1969640,Population using an improved water source,99.1,1,BD,Bangladesh,2022,BD2022DHS,WS_SRCE_P_IMP,250162010,I,360001,1360010,Region,Barishal,0,,0,1,WSSRCEPIMP,BDDHS2022360001,2022,DHS,7520.0,13192.0,,,1.0
BGD,Chattogram/Sylhet,4817422,Population using an improved water source,98.2,1,BD,Bangladesh,2022,BD2022DHS,WS_SRCE_P_IMP,250162010,I,360002,1360020,Region,Chattogram/Sylhet,0,,0,1,WSSRCEPIMP,BDDHS2022360002,2022,DHS,31868.0,34186.0,,,
BGD,Chattogram,3160995,Population using an improved water source,98.9,1,BD,Bangladesh,2022,BD2022DHS,WS_SRCE_P_IMP,250162010,I,360003,1360030,Region,..Chattogram,0,,0,1,WSSRCEPIMP,BDDHS2022360003,2022,DHS,23357.0,18649.0,,,1.0
BGD,Chattogram,3160996,Population using an improved water source,98.9,1,BD,Bangladesh,2022,BD2022DHS,WS_SRCE_P_IMP,250162010,I,360003,1360030,Region,..Chattogram,0,,0,1,WSSRCEPIMP,BDDHS2022360003,2022,DHS,23357.0,18649.0,,,1.0
BGD,Sylhet,6065144,Population using an improved water source,96.1,1,BD,Bangladesh,2022,BD2022DHS,WS_SRCE_P_IMP,250162010,I,360004,1360040,Region,..Sylhet,0,,0,1,WSSRCEPIMP,BDDHS2022360004,2022,DHS,8511.0,15537.0,,,1.0
BGD,Sylhet,6065145,Population using an improved water source,96.1,1,BD,Bangladesh,2022,BD2022DHS,WS_SRCE_P_IMP,250162010,I,360004,1360040,Region,..Sylhet,0,,0,1,WSSRCEPIMP,BDDHS2022360004,2022,DHS,8511.0,15537.0,,,1.0
BGD,Dhaka before 2015,427863,Population using an improved water source,99.9,1,BD,Bangladesh,2022,BD2022DHS,WS_SRCE_P_IMP,250162010,I,360005,1360050,Region,Dhaka before 2015,0,,0,1,WSSRCEPIMP,BDDHS2022360005,2022,DHS,40740.0,32568.0,,,
BGD,Dhaka,1959259,Population using an improved water source,99.8,1,BD,Bangladesh,2022,BD2022DHS,WS_SRCE_P_IMP,250162010,I,360010,1360052,Region,..Dhaka,0,,0,1,WSSRCEPIMP,BDDHS2022360010,2022,DHS,30762.0,18535.0,,,1.0
BGD,Dhaka,1959260,Population using an improved water source,99.8,1,BD,Bangladesh,2022,BD2022DHS,WS_SRCE_P_IMP,250162010,I,360010,1360052,Region,..Dhaka,0,,0,1,WSSRCEPIMP,BDDHS2022360010,2022,DHS,30762.0,18535.0,,,1.0
BGD,Mymensingh,6155368,Population using an improved water source,100.0,1,BD,Bangladesh,2022,BD2022DHS,WS_SRCE_P_IMP,250162010,I,360011,1360055,Region,..Mymensingh,0,,0,1,WSSRCEPIMP,BDDHS2022360011,2022,DHS,9978.0,14033.0,,,1.0
BGD,Mymensingh,6155369,Population using an improved water source,100.0,1,BD,Bangladesh,2022,BD2022DHS,WS_SRCE_P_IMP,250162010,I,360011,1360055,Region,..Mymensingh,0,,0,1,WSSRCEPIMP,BDDHS2022360011,2022,DHS,9978.0,14033.0,,,1.0
BGD,Khulna,2924230,Population using an improved water source,97.0,1,BD,Bangladesh,2022,BD2022DHS,WS_SRCE_P_IMP,250162010,I,360006,1360060,Region,Khulna,0,,0,1,WSSRCEPIMP,BDDHS2022360006,2022,DHS,14028.0,15340.0,,,1.0
BGD,Khulna,2924231,Population using an improved water source,97.0,1,BD,Bangladesh,2022,BD2022DHS,WS_SRCE_P_IMP,250162010,I,360006,1360060,Region,Khulna,0,,0,1,WSSRCEPIMP,BDDHS2022360006,2022,DHS,14028.0,15340.0,,,1.0
BGD,Rajshahi/Rangpur,4821761,Population using an improved water source,99.9,1,BD,Bangladesh,2022,BD2022DHS,WS_SRCE_P_IMP,250162010,I,360007,1360070,Region,Rajshahi/Rangpur,0,,0,1,WSSRCEPIMP,BDDHS2022360007,2022,DHS,30110.0,30276.0,,,
BGD,Rangpur,986681,Population using an improved water source,100.0,1,BD,Bangladesh,2022,BD2022DHS,WS_SRCE_P_IMP,250162010,I,360008,1360080,Region,..Rangpur,0,,0,1,WSSRCEPIMP,BDDHS2022360008,2022,DHS,14436.0,15118.0,,,1.0
BGD,Rangpur,986682,Population using an improved water source,100.0,1,BD,Bangladesh,2022,BD2022DHS,WS_SRCE_P_IMP,250162010,I,360008,1360080,Region,..Rangpur,0,,0,1,WSSRCEPIMP,BDDHS2022360008,2022,DHS,14436.0,15118.0,,,1.0
BGD,Rajshahi,6581149,Population using an improved water source,99.9,1,BD,Bangladesh,2022,BD2022DHS,WS_SRCE_P_IMP,250162010,I,360009,1360090,Region,..Rajshahi,0,,0,1,WSSRCEPIMP,BDDHS2022360009,2022,DHS,15674.0,15158.0,,,1.0
BGD,Rajshahi,6581150,Population using an improved water source,99.9,1,BD,Bangladesh,2022,BD2022DHS,WS_SRCE_P_IMP,250162010,I,360009,1360090,Region,..Rajshahi,0,,0,1,WSSRCEPIMP,BDDHS2022360009,2022,DHS,15674.0,15158.0,,,1.0
BGD,Barishal,3890941,Households using an appropriate treatment method,3.0,1,BD,Bangladesh,2022,BD2022DHS,WS_WTRT_H_APP,250231090,I,360001,1360010,Region,Barishal,0,,0,1,WSWTRTHAPP,BDDHS2022360001,2022,DHS,1791.0,3166.0,,,1.0
BGD,Barishal,3890942,Households using an appropriate treatment method,3.0,1,BD,Bangladesh,2022,BD2022DHS,WS_WTRT_H_APP,250231090,I,360001,1360010,Region,Barishal,0,,0,1,WSWTRTHAPP,BDDHS2022360001,2022,DHS,1791.0,3166.0,,,1.0
BGD,Chattogram/Sylhet,2827045,Households using an appropriate treatment method,9.7,1,BD,Bangladesh,2022,BD2022DHS,WS_WTRT_H_APP,250231090,I,360002,1360020,Region,Chattogram/Sylhet,0,,0,1,WSWTRTHAPP,BDDHS2022360002,2022,DHS,6927.0,7322.0,,,
BGD,Chattogram,6937648,Households using an appropriate treatment method,7.7,1,BD,Bangladesh,2022,BD2022DHS,WS_WTRT_H_APP,250231090,I,360003,1360030,Region,..Chattogram,0,,0,1,WSWTRTHAPP,BDDHS2022360003,2022,DHS,5239.0,4194.0,,,1.0
BGD,Chattogram,6937649,Households using an appropriate treatment method,7.7,1,BD,Bangladesh,2022,BD2022DHS,WS_WTRT_H_APP,250231090,I,360003,1360030,Region,..Chattogram,0,,0,1,WSWTRTHAPP,BDDHS2022360003,2022,DHS,5239.0,4194.0,,,1.0
BGD,Sylhet,3138125,Households using an appropriate treatment method,15.9,1,BD,Bangladesh,2022,BD2022DHS,WS_WTRT_H_APP,250231090,I,360004,1360040,Region,..Sylhet,0,,0,1,WSWTRTHAPP,BDDHS2022360004,2022,DHS,1688.0,3128.0,,,1.0
BGD,Sylhet,3138126,Households using an appropriate treatment method,15.9,1,BD,Bangladesh,2022,BD2022DHS,WS_WTRT_H_APP,250231090,I,360004,1360040,Region,..Sylhet,0,,0,1,WSWTRTHAPP,BDDHS2022360004,2022,DHS,1688.0,3128.0,,,1.0
BGD,Dhaka before 2015,3452371,Households using an appropriate treatment method,19.4,1,BD,Bangladesh,2022,BD2022DHS,WS_WTRT_H_APP,250231090,I,360005,1360050,Region,Dhaka before 2015,0,,0,1,WSWTRTHAPP,BDDHS2022360005,2022,DHS,10072.0,7968.0,,,
BGD,Dhaka,4655448,Households using an appropriate treatment method,25.2,1,BD,Bangladesh,2022,BD2022DHS,WS_WTRT_H_APP,250231090,I,360010,1360052,Region,..Dhaka,0,,0,1,WSWTRTHAPP,BDDHS2022360010,2022,DHS,7671.0,4605.0,,,1.0
BGD,Dhaka,4655449,Households using an appropriate treatment method,25.2,1,BD,Bangladesh,2022,BD2022DHS,WS_WTRT_H_APP,250231090,I,360010,1360052,Region,..Dhaka,0,,0,1,WSWTRTHAPP,BDDHS2022360010,2022,DHS,7671.0,4605.0,,,1.0
BGD,Mymensingh,1975998,Households using an appropriate treatment method,0.8,1,BD,Bangladesh,2022,BD2022DHS,WS_WTRT_H_APP,250231090,I,360011,1360055,Region,..Mymensingh,0,,0,1,WSWTRTHAPP,BDDHS2022360011,2022,DHS,2402.0,3363.0,,,1.0
BGD,Mymensingh,1975999,Households using an appropriate treatment method,0.8,1,BD,Bangladesh,2022,BD2022DHS,WS_WTRT_H_APP,250231090,I,360011,1360055,Region,..Mymensingh,0,,0,1,WSWTRTHAPP,BDDHS2022360011,2022,DHS,2402.0,3363.0,,,1.0
BGD,Khulna,1951400,Households using an appropriate treatment method,6.3,1,BD,Bangladesh,2022,BD2022DHS,WS_WTRT_H_APP,250231090,I,360006,1360060,Region,Khulna,0,,0,1,WSWTRTHAPP,BDDHS2022360006,2022,DHS,3513.0,3840.0,,,1.0
BGD,Khulna,1951401,Households using an appropriate treatment method,6.3,1,BD,Bangladesh,2022,BD2022DHS,WS_WTRT_H_APP,250231090,I,360006,1360060,Region,Khulna,0,,0,1,WSWTRTHAPP,BDDHS2022360006,2022,DHS,3513.0,3840.0,,,1.0
BGD,Rajshahi/Rangpur,5892960,Households using an appropriate treatment method,2.5,1,BD,Bangladesh,2022,BD2022DHS,WS_WTRT_H_APP,250231090,I,360007,1360070,Region,Rajshahi/Rangpur,0,,0,1,WSWTRTHAPP,BDDHS2022360007,2022,DHS,7714.0,7722.0,,,
BGD,Rangpur,5711454,Households using an appropriate treatment method,1.4,1,BD,Bangladesh,2022,BD2022DHS,WS_WTRT_H_APP,250231090,I,360008,1360080,Region,..Rangpur,0,,0,1,WSWTRTHAPP,BDDHS2022360008,2022,DHS,3577.0,3751.0,,,1.0
BGD,Rangpur,5711455,Households using an appropriate treatment method,1.4,1,BD,Bangladesh,2022,BD2022DHS,WS_WTRT_H_APP,250231090,I,360008,1360080,Region,..Rangpur,0,,0,1,WSWTRTHAPP,BDDHS2022360008,2022,DHS,3577.0,3751.0,,,1.0
BGD,Rajshahi,2830032,Households using an appropriate treatment method,3.4,1,BD,Bangladesh,2022,BD2022DHS,WS_WTRT_H_APP,250231090,I,360009,1360090,Region,..Rajshahi,0,,0,1,WSWTRTHAPP,BDDHS2022360009,2022,DHS,4138.0,3971.0,,,1.0
BGD,Rajshahi,2830033,Households using an appropriate treatment method,3.4,1,BD,Bangladesh,2022,BD2022DHS,WS_WTRT_H_APP,250231090,I,360009,1360090,Region,..Rajshahi,0,,0,1,WSWTRTHAPP,BDDHS2022360009,2022,DHS,4138.0,3971.0,,,1.0
BGD,Barishal,5217380,Population with an improved sanitation facility,76.9,1,BD,Bangladesh,2022,BD2022DHS,WS_TLET_P_IMP,250262010,I,360001,1360010,Region,Barishal,0,,0,1,WSTLETPIMP,BDDHS2022360001,2022,DHS,7520.0,13192.0,,,1.0
BGD,Barishal,5217381,Population with an improved sanitation facility,76.9,1,BD,Bangladesh,2022,BD2022DHS,WS_TLET_P_IMP,250262010,I,360001,1360010,Region,Barishal,0,,0,1,WSTLETPIMP,BDDHS2022360001,2022,DHS,7520.0,13192.0,,,1.0
BGD,Chattogram/Sylhet,3232264,Population with an improved sanitation facility,79.1,1,BD,Bangladesh,2022,BD2022DHS,WS_TLET_P_IMP,250262010,I,360002,1360020,Region,Chattogram/Sylhet,0,,0,1,WSTLETPIMP,BDDHS2022360002,2022,DHS,31868.0,34186.0,,,
BGD,Chattogram,1969731,Population with an improved sanitation facility,81.8,1,BD,Bangladesh,2022,BD2022DHS,WS_TLET_P_IMP,250262010,I,360003,1360030,Region,..Chattogram,0,,0,1,WSTLETPIMP,BDDHS2022360003,2022,DHS,23357.0,18649.0,,,1.0
BGD,Chattogram,1969732,Population with an improved sanitation facility,81.8,1,BD,Bangladesh,2022,BD2022DHS,WS_TLET_P_IMP,250262010,I,360003,1360030,Region,..Chattogram,0,,0,1,WSTLETPIMP,BDDHS2022360003,2022,DHS,23357.0,18649.0,,,1.0
BGD,Sylhet,4350159,Population with an improved sanitation facility,71.6,1,BD,Bangladesh,2022,BD2022DHS,WS_TLET_P_IMP,250262010,I,360004,1360040,Region,..Sylhet,0,,0,1,WSTLETPIMP,BDDHS2022360004,2022,DHS,8511.0,15537.0,,,1.0
BGD,Sylhet,4350160,Population with an improved sanitation facility,71.6,1,BD,Bangladesh,2022,BD2022DHS,WS_TLET_P_IMP,250262010,I,360004,1360040,Region,..Sylhet,0,,0,1,WSTLETPIMP,BDDHS2022360004,2022,DHS,8511.0,15537.0,,,1.0
BGD,Dhaka before 2015,6423442,Population with an improved sanitation facility,81.9,1,BD,Bangladesh,2022,BD2022DHS,WS_TLET_P_IMP,250262010,I,360005,1360050,Region,Dhaka before 2015,0,,0,1,WSTLETPIMP,BDDHS2022360005,2022,DHS,40740.0,32568.0,,,
BGD,Dhaka,3795513,Population with an improved sanitation facility,86.1,1,BD,Bangladesh,2022,BD2022DHS,WS_TLET_P_IMP,250262010,I,360010,1360052,Region,..Dhaka,0,,0,1,WSTLETPIMP,BDDHS2022360010,2022,DHS,30762.0,18535.0,,,1.0
BGD,Dhaka,3795514,Population with an improved sanitation facility,86.1,1,BD,Bangladesh,2022,BD2022DHS,WS_TLET_P_IMP,250262010,I,360010,1360052,Region,..Dhaka,0,,0,1,WSTLETPIMP,BDDHS2022360010,2022,DHS,30762.0,18535.0,,,1.0
BGD,Mymensingh,4440153,Population with an improved sanitation facility,68.8,1,BD,Bangladesh,2022,BD2022DHS,WS_TLET_P_IMP,250262010,I,360011,1360055,Region,..Mymensingh,0,,0,1,WSTLETPIMP,BDDHS2022360011,2022,DHS,9978.0,14033.0,,,1.0
BGD,Mymensingh,4440154,Population with an improved sanitation facility,68.8,1,BD,Bangladesh,2022,BD2022DHS,WS_TLET_P_IMP,250262010,I,360011,1360055,Region,..Mymensingh,0,,0,1,WSTLETPIMP,BDDHS2022360011,2022,DHS,9978.0,14033.0,,,1.0
BGD,Khulna,4164128,Population with an improved sanitation facility,83.7,1,BD,Bangladesh,2022,BD2022DHS,WS_TLET_P_IMP,250262010,I,360006,1360060,Region,Khulna,0,,0,1,WSTLETPIMP,BDDHS2022360006,2022,DHS,14028.0,15340.0,,,1.0
BGD,Khulna,4164129,Population with an improved sanitation facility,83.7,1,BD,Bangladesh,2022,BD2022DHS,WS_TLET_P_IMP,250262010,I,360006,1360060,Region,Khulna,0,,0,1,WSTLETPIMP,BDDHS2022360006,2022,DHS,14028.0,15340.0,,,1.0
BGD,Rajshahi/Rangpur,3763247,Population with an improved sanitation facility,78.4,1,BD,Bangladesh,2022,BD2022DHS,WS_TLET_P_IMP,250262010,I,360007,1360070,Region,Rajshahi/Rangpur,0,,0,1,WSTLETPIMP,BDDHS2022360007,2022,DHS,30110.0,30276.0,,,
BGD,Rangpur,986703,Population with an improved sanitation facility,74.0,1,BD,Bangladesh,2022,BD2022DHS,WS_TLET_P_IMP,250262010,I,360008,1360080,Region,..Rangpur,0,,0,1,WSTLETPIMP,BDDHS2022360008,2022,DHS,14436.0,15118.0,,,1.0
BGD,Rangpur,986704,Population with an improved sanitation facility,74.0,1,BD,Bangladesh,2022,BD2022DHS,WS_TLET_P_IMP,250262010,I,360008,1360080,Region,..Rangpur,0,,0,1,WSTLETPIMP,BDDHS2022360008,2022,DHS,14436.0,15118.0,,,1.0
BGD,Rajshahi,3402576,Population with an improved sanitation facility,82.5,1,BD,Bangladesh,2022,BD2022DHS,WS_TLET_P_IMP,250262010,I,360009,1360090,Region,..Rajshahi,0,,0,1,WSTLETPIMP,BDDHS2022360009,2022,DHS,15674.0,15158.0,,,1.0
BGD,Rajshahi,3402577,Population with an improved sanitation facility,82.5,1,BD,Bangladesh,2022,BD2022DHS,WS_TLET_P_IMP,250262010,I,360009,1360090,Region,..Rajshahi,0,,0,1,WSTLETPIMP,BDDHS2022360009,2022,DHS,15674.0,15158.0,,,1.0
BGD,Barishal,3130698,Households with a place for handwashing was observed,99.0,1,BD,Bangladesh,2022,BD2022DHS,WS_HNDW_H_OBS,250301010,I,360001,1360010,Region,Barishal,0,,0,1,WSHNDWHOBS,BDDHS2022360001,2022,DHS,1791.0,3166.0,,,1.0
BGD,Barishal,3130699,Households with a place for handwashing was observed,99.0,1,BD,Bangladesh,2022,BD2022DHS,WS_HNDW_H_OBS,250301010,I,360001,1360010,Region,Barishal,0,,0,1,WSHNDWHOBS,BDDHS2022360001,2022,DHS,1791.0,3166.0,,,1.0
BGD,Chattogram/Sylhet,3486615,Households with a place for handwashing was observed,98.2,1,BD,Bangladesh,2022,BD2022DHS,WS_HNDW_H_OBS,250301010,I,360002,1360020,Region,Chattogram/Sylhet,0,,0,1,WSHNDWHOBS,BDDHS2022360002,2022,DHS,6927.0,7322.0,,,
BGD,Chattogram,4530628,Households with a place for handwashing was observed,97.9,1,BD,Bangladesh,2022,BD2022DHS,WS_HNDW_H_OBS,250301010,I,360003,1360030,Region,..Chattogram,0,,0,1,WSHNDWHOBS,BDDHS2022360003,2022,DHS,5239.0,4194.0,,,1.0
BGD,Chattogram,4530629,Households with a place for handwashing was observed,97.9,1,BD,Bangladesh,2022,BD2022DHS,WS_HNDW_H_OBS,250301010,I,360003,1360030,Region,..Chattogram,0,,0,1,WSHNDWHOBS,BDDHS2022360003,2022,DHS,5239.0,4194.0,,,1.0
BGD,Sylhet,5873137,Households with a place for handwashing was observed,99.3,1,BD,Bangladesh,2022,BD2022DHS,WS_HNDW_H_OBS,250301010,I,360004,1360040,Region,..Sylhet,0,,0,1,WSHNDWHOBS,BDDHS2022360004,2022,DHS,1688.0,3128.0,,,1.0
BGD,Sylhet,5873138,Households with a place for handwashing was observed,99.3,1,BD,Bangladesh,2022,BD2022DHS,WS_HNDW_H_OBS,250301010,I,360004,1360040,Region,..Sylhet,0,,0,1,WSHNDWHOBS,BDDHS2022360004,2022,DHS,1688.0,3128.0,,,1.0
BGD,Dhaka before 2015,393571,Households with a place for handwashing was observed,99.3,1,BD,Bangladesh,2022,BD2022DHS,WS_HNDW_H_OBS,250301010,I,360005,1360050,Region,Dhaka before 2015,0,,0,1,WSHNDWHOBS,BDDHS2022360005,2022,DHS,10072.0,7968.0,,,
BGD,Dhaka,4232119,Households with a place for handwashing was observed,99.4,1,BD,Bangladesh,2022,BD2022DHS,WS_HNDW_H_OBS,250301010,I,360010,1360052,Region,..Dhaka,0,,0,1,WSHNDWHOBS,BDDHS2022360010,2022,DHS,7671.0,4605.0,,,1.0
BGD,Dhaka,4232118,Households with a place for handwashing was observed,99.4,1,BD,Bangladesh,2022,BD2022DHS,WS_HNDW_H_OBS,250301010,I,360010,1360052,Region,..Dhaka,0,,0,1,WSHNDWHOBS,BDDHS2022360010,2022,DHS,7671.0,4605.0,,,1.0
BGD,Mymensingh,5669597,Households with a place for handwashing was observed,99.1,1,BD,Bangladesh,2022,BD2022DHS,WS_HNDW_H_OBS,250301010,I,360011,1360055,Region,..Mymensingh,0,,0,1,WSHNDWHOBS,BDDHS2022360011,2022,DHS,2402.0,3363.0,,,1.0
BGD,Mymensingh,5669598,Households with a place for handwashing was observed,99.1,1,BD,Bangladesh,2022,BD2022DHS,WS_HNDW_H_OBS,250301010,I,360011,1360055,Region,..Mymensingh,0,,0,1,WSHNDWHOBS,BDDHS2022360011,2022,DHS,2402.0,3363.0,,,1.0
BGD,Khulna,2816827,Households with a place for handwashing was observed,99.7,1,BD,Bangladesh,2022,BD2022DHS,WS_HNDW_H_OBS,250301010,I,360006,1360060,Region,Khulna,0,,0,1,WSHNDWHOBS,BDDHS2022360006,2022,DHS,3513.0,3840.0,,,1.0
BGD,Khulna,2816828,Households with a place for handwashing was observed,99.7,1,BD,Bangladesh,2022,BD2022DHS,WS_HNDW_H_OBS,250301010,I,360006,1360060,Region,Khulna,0,,0,1,WSHNDWHOBS,BDDHS2022360006,2022,DHS,3513.0,3840.0,,,1.0
BGD,Rajshahi/Rangpur,5231874,Households with a place for handwashing was observed,99.6,1,BD,Bangladesh,2022,BD2022DHS,WS_HNDW_H_OBS,250301010,I,360007,1360070,Region,Rajshahi/Rangpur,0,,0,1,WSHNDWHOBS,BDDHS2022360007,2022,DHS,7714.0,7722.0,,,
BGD,Rangpur,3060160,Households with a place for handwashing was observed,99.6,1,BD,Bangladesh,2022,BD2022DHS,WS_HNDW_H_OBS,250301010,I,360008,1360080,Region,..Rangpur,0,,0,1,WSHNDWHOBS,BDDHS2022360008,2022,DHS,3577.0,3751.0,,,1.0
BGD,Rangpur,3060161,Households with a place for handwashing was observed,99.6,1,BD,Bangladesh,2022,BD2022DHS,WS_HNDW_H_OBS,250301010,I,360008,1360080,Region,..Rangpur,0,,0,1,WSHNDWHOBS,BDDHS2022360008,2022,DHS,3577.0,3751.0,,,1.0
BGD,Rajshahi,6430127,Households with a place for handwashing was observed,99.7,1,BD,Bangladesh,2022,BD2022DHS,WS_HNDW_H_OBS,250301010,I,360009,1360090,Region,..Rajshahi,0,,0,1,WSHNDWHOBS,BDDHS2022360009,2022,DHS,4138.0,3971.0,,,1.0
BGD,Rajshahi,6430128,Households with a place for handwashing was observed,99.7,1,BD,Bangladesh,2022,BD2022DHS,WS_HNDW_H_OBS,250301010,I,360009,1360090,Region,..Rajshahi,0,,0,1,WSHNDWHOBS,BDDHS2022360009,2022,DHS,4138.0,3971.0,,,1.0
