ISO3,Location,DataId,Indicator,Value,Precision,DHS_CountryCode,CountryName,SurveyYear,SurveyId,IndicatorId,IndicatorOrder,IndicatorType,CharacteristicId,CharacteristicOrder,CharacteristicCategory,CharacteristicLabel,ByVariableId,ByVariableLabel,IsTotal,IsPreferred,SDRID,RegionId,SurveyYearLabel,SurveyType,DenominatorWeighted,DenominatorUnweighted,CILow,CIHigh,LevelRank
BGD,Barishal,1816513,Age specific fertility rate: 10-14,9.0,0,BD,Bangladesh,1994,BD1994DHS,FE_FRTR_W_A10,11763005,I,360001,1360010,Region,Barishal,0,,0,1,FEFRTRWA10,BDDHS1994360001,1993-94,DHS,,,,,1.0
BGD,Chattogram/Sylhet,1803474,Age specific fertility rate: 10-14,3.0,0,BD,Bangladesh,1994,BD1994DHS,FE_FRTR_W_A10,11763005,I,360002,1360020,Region,Chattogram/Sylhet,0,,0,1,FEFRTRWA10,BDDHS1994360002,1993-94,DHS,,,,,1.0
BGD,Chattogram,1810075,Age specific fertility rate: 10-14,3.0,0,BD,Bangladesh,1994,BD1994DHS,FE_FRTR_W_A10,11763005,I,360003,1360030,Region,..Chattogram,0,,0,1,FEFRTRWA10,BDDHS1994360003,1993-94,DHS,,,,,
BGD,Dhaka before 2015,1810055,Age specific fertility rate: 10-14,13.0,0,BD,Bangladesh,1994,BD1994DHS,FE_FRTR_W_A10,11763005,I,360005,1360050,Region,Dhaka before 2015,0,,0,1,FEFRTRWA10,BDDHS1994360005,1993-94,DHS,,,,,1.0
BGD,Khulna,1810116,Age specific fertility rate: 10-14,3.0,0,BD,Bangladesh,1994,BD1994DHS,FE_FRTR_W_A10,11763005,I,360006,1360060,Region,Khulna,0,,0,1,FEFRTRWA10,BDDHS1994360006,1993-94,DHS,,,,,1.0
BGD,Rajshahi/Rangpur,6399868,Age specific fertility rate: 10-14,15.0,0,BD,Bangladesh,1994,BD1994DHS,FE_FRTR_W_A10,11763005,I,360007,1360070,Region,Rajshahi/Rangpur,0,,0,1,FEFRTRWA10,BDDHS1994360007,1993-94,DHS,,,,,1.0
BGD,Barishal,1816514,Age specific fertility rate: 15-19,153.0,0,BD,Bangladesh,1994,BD1994DHS,FE_FRTR_W_A15,11763010,I,360001,1360010,Region,Barishal,0,,0,1,FEFRTRWA15,BDDHS1994360001,1993-94,DHS,,,,,1.0
BGD,Chattogram/Sylhet,1803475,Age specific fertility rate: 15-19,106.0,0,BD,Bangladesh,1994,BD1994DHS,FE_FRTR_W_A15,11763010,I,360002,1360020,Region,Chattogram/Sylhet,0,,0,1,FEFRTRWA15,BDDHS1994360002,1993-94,DHS,,,,,1.0
BGD,Chattogram,1810076,Age specific fertility rate: 15-19,106.0,0,BD,Bangladesh,1994,BD1994DHS,FE_FRTR_W_A15,11763010,I,360003,1360030,Region,..Chattogram,0,,0,1,FEFRTRWA15,BDDHS1994360003,1993-94,DHS,,,,,
BGD,Dhaka before 2015,1810056,Age specific fertility rate: 15-19,145.0,0,BD,Bangladesh,1994,BD1994DHS,FE_FRTR_W_A15,11763010,I,360005,1360050,Region,Dhaka before 2015,0,,0,1,FEFRTRWA15,BDDHS1994360005,1993-94,DHS,,,,,1.0
BGD,Khulna,1810117,Age specific fertility rate: 15-19,156.0,0,BD,Bangladesh,1994,BD1994DHS,FE_FRTR_W_A15,11763010,I,360006,1360060,Region,Khulna,0,,0,1,FEFRTRWA15,BDDHS1994360006,1993-94,DHS,,,,,1.0
BGD,Rajshahi/Rangpur,6399869,Age specific fertility rate: 15-19,162.0,0,BD,Bangladesh,1994,BD1994DHS,FE_FRTR_W_A15,11763010,I,360007,1360070,Region,Rajshahi/Rangpur,0,,0,1,FEFRTRWA15,BDDHS1994360007,1993-94,DHS,,,,,1.0
BGD,Barishal,1565682,Demand for family planning satisfied by modern methods,54.9,1,BD,Bangladesh,1994,BD1994DHS,FP_NADM_W_PDM,32933150,I,360001,1360010,Region,Barishal,0,,0,1,FPNADMWPDM,BDDHS1994360001,1993-94,DHS,389.0,647.0,,,1.0
BGD,Chattogram/Sylhet,4930755,Demand for family planning satisfied by modern methods,39.7,1,BD,Bangladesh,1994,BD1994DHS,FP_NADM_W_PDM,32933150,I,360002,1360020,Region,Chattogram/Sylhet,0,,0,1,FPNADMWPDM,BDDHS1994360002,1993-94,DHS,1376.0,1099.0,,,1.0
BGD,Chattogram,3256181,Demand for family planning satisfied by modern methods,39.7,1,BD,Bangladesh,1994,BD1994DHS,FP_NADM_W_PDM,32933150,I,360003,1360030,Region,..Chattogram,0,,0,1,FPNADMWPDM,BDDHS1994360003,1993-94,DHS,1376.0,1099.0,,,
BGD,Dhaka before 2015,6123057,Demand for family planning satisfied by modern methods,56.4,1,BD,Bangladesh,1994,BD1994DHS,FP_NADM_W_PDM,32933150,I,360005,1360050,Region,Dhaka before 2015,0,,0,1,FPNADMWPDM,BDDHS1994360005,1993-94,DHS,1764.0,1652.0,,,1.0
BGD,Khulna,4056592,Demand for family planning satisfied by modern methods,60.4,1,BD,Bangladesh,1994,BD1994DHS,FP_NADM_W_PDM,32933150,I,360006,1360060,Region,Khulna,0,,0,1,FPNADMWPDM,BDDHS1994360006,1993-94,DHS,810.0,833.0,,,1.0
BGD,Rajshahi/Rangpur,7031735,Demand for family planning satisfied by modern methods,64.4,1,BD,Bangladesh,1994,BD1994DHS,FP_NADM_W_PDM,32933150,I,360007,1360070,Region,Rajshahi/Rangpur,0,,0,1,FPNADMWPDM,BDDHS1994360007,1993-94,DHS,1541.0,1724.0,,,1.0
BGD,Barishal,7515286,Neonatal mortality rate,63.0,0,BD,Bangladesh,1994,BD1994DHS,CM_ECMR_C_NNR,63206010,I,360001,1360010,Region,Barishal,14003,Ten years preceding the survey,0,1,CMECMRCNNR,BDDHS1994360001,1993-94,DHS,,,50.0,77.0,1.0
BGD,Chattogram/Sylhet,7610611,Neonatal mortality rate,65.0,0,BD,Bangladesh,1994,BD1994DHS,CM_ECMR_C_NNR,63206010,I,360002,1360020,Region,Chattogram/Sylhet,14003,Ten years preceding the survey,0,1,CMECMRCNNR,BDDHS1994360002,1993-94,DHS,,,56.0,75.0,1.0
BGD,Chattogram,872791,Neonatal mortality rate,65.0,0,BD,Bangladesh,1994,BD1994DHS,CM_ECMR_C_NNR,63206010,I,360003,1360030,Region,..Chattogram,14003,Ten years preceding the survey,0,1,CMECMRCNNR,BDDHS1994360003,1993-94,DHS,,,56.0,75.0,
BGD,Dhaka before 2015,7766996,Neonatal mortality rate,62.0,0,BD,Bangladesh,1994,BD1994DHS,CM_ECMR_C_NNR,63206010,I,360005,1360050,Region,Dhaka before 2015,14003,Ten years preceding the survey,0,1,CMECMRCNNR,BDDHS1994360005,1993-94,DHS,,,54.0,71.0,1.0
BGD,Khulna,7560853,Neonatal mortality rate,59.0,0,BD,Bangladesh,1994,BD1994DHS,CM_ECMR_C_NNR,63206010,I,360006,1360060,Region,Khulna,14003,Ten years preceding the survey,0,1,CMECMRCNNR,BDDHS1994360006,1993-94,DHS,,,47.0,71.0,1.0
BGD,Rajshahi/Rangpur,7650127,Neonatal mortality rate,65.0,0,BD,Bangladesh,1994,BD1994DHS,CM_ECMR_C_NNR,63206010,I,360007,1360070,Region,Rajshahi/Rangpur,14003,Ten years preceding the survey,0,1,CMECMRCNNR,BDDHS1994360007,1993-94,DHS,,,55.0,75.0,1.0
BGD,Barishal,7471097,Under-five mortality rate,147.0,0,BD,Bangladesh,1994,BD1994DHS,CM_ECMR_C_U5M,63206050,I,360001,1360010,Region,Barishal,14003,Ten years preceding the survey,0,1,CMECMRCU5M,BDDHS1994360001,1993-94,DHS,,,126.0,167.0,1.0
BGD,Chattogram/Sylhet,7807483,Under-five mortality rate,167.0,0,BD,Bangladesh,1994,BD1994DHS,CM_ECMR_C_U5M,63206050,I,360002,1360020,Region,Chattogram/Sylhet,14003,Ten years preceding the survey,0,1,CMECMRCU5M,BDDHS1994360002,1993-94,DHS,,,149.0,186.0,1.0
BGD,Chattogram,7926541,Under-five mortality rate,167.0,0,BD,Bangladesh,1994,BD1994DHS,CM_ECMR_C_U5M,63206050,I,360003,1360030,Region,..Chattogram,14003,Ten years preceding the survey,0,1,CMECMRCU5M,BDDHS1994360003,1993-94,DHS,,,149.0,186.0,
BGD,Dhaka before 2015,7924325,Under-five mortality rate,157.0,0,BD,Bangladesh,1994,BD1994DHS,CM_ECMR_C_U5M,63206050,I,360005,1360050,Region,Dhaka before 2015,14003,Ten years preceding the survey,0,1,CMECMRCU5M,BDDHS1994360005,1993-94,DHS,,,142.0,172.0,1.0
BGD,Khulna,1734649,Under-five mortality rate,113.0,0,BD,Bangladesh,1994,BD1994DHS,CM_ECMR_C_U5M,63206050,I,360006,1360060,Region,Khulna,14003,Ten years preceding the survey,0,1,CMECMRCU5M,BDDHS1994360006,1993-94,DHS,,,96.0,130.0,1.0
BGD,Rajshahi/Rangpur,7741958,Under-five mortality rate,135.0,0,BD,Bangladesh,1994,BD1994DHS,CM_ECMR_C_U5M,63206050,I,360007,1360070,Region,Rajshahi/Rangpur,14003,Ten years preceding the survey,0,1,CMECMRCU5M,BDDHS1994360007,1993-94,DHS,,,117.0,153.0,1.0
BGD,Barishal,6175426,Assistance during delivery from a skilled provider,6.6,1,BD,Bangladesh,1994,BD1994DHS,RH_DELA_C_SKP,83606110,I,360001,1360010,Region,Barishal,14000,Three years preceding the survey,0,0,RHDELACSKP,BDDHS1994360001,1993-94,DHS,253.0,412.0,,,1.0
BGD,Barishal,2692641,Assistance during delivery from a skilled provider,7.3,1,BD,Bangladesh,1994,BD1994DHS,RH_DELA_C_SKP,83606110,I,360001,1360010,Region,Barishal,14002,Two years preceding the survey,0,1,RHDELACSKP,BDDHS1994360001,1993-94,DHS,171.0,279.0,,,1.0
BGD,Chattogram/Sylhet,5014285,Assistance during delivery from a skilled provider,8.2,1,BD,Bangladesh,1994,BD1994DHS,RH_DELA_C_SKP,83606110,I,360002,1360020,Region,Chattogram/Sylhet,14000,Three years preceding the survey,0,0,RHDELACSKP,BDDHS1994360002,1993-94,DHS,1190.0,942.0,,,1.0
BGD,Chattogram/Sylhet,3433130,Assistance during delivery from a skilled provider,8.2,1,BD,Bangladesh,1994,BD1994DHS,RH_DELA_C_SKP,83606110,I,360002,1360020,Region,Chattogram/Sylhet,14002,Two years preceding the survey,0,1,RHDELACSKP,BDDHS1994360002,1993-94,DHS,803.0,637.0,,,1.0
BGD,Chattogram,3949074,Assistance during delivery from a skilled provider,8.2,1,BD,Bangladesh,1994,BD1994DHS,RH_DELA_C_SKP,83606110,I,360003,1360030,Region,..Chattogram,14000,Three years preceding the survey,0,0,RHDELACSKP,BDDHS1994360003,1993-94,DHS,1190.0,942.0,,,
BGD,Chattogram,6405620,Assistance during delivery from a skilled provider,8.2,1,BD,Bangladesh,1994,BD1994DHS,RH_DELA_C_SKP,83606110,I,360003,1360030,Region,..Chattogram,14002,Two years preceding the survey,0,1,RHDELACSKP,BDDHS1994360003,1993-94,DHS,803.0,637.0,,,
BGD,Dhaka before 2015,2580148,Assistance during delivery from a skilled provider,12.6,1,BD,Bangladesh,1994,BD1994DHS,RH_DELA_C_SKP,83606110,I,360005,1360050,Region,Dhaka before 2015,14000,Three years preceding the survey,0,0,RHDELACSKP,BDDHS1994360005,1993-94,DHS,1196.0,1119.0,,,1.0
BGD,Dhaka before 2015,3233610,Assistance during delivery from a skilled provider,12.1,1,BD,Bangladesh,1994,BD1994DHS,RH_DELA_C_SKP,83606110,I,360005,1360050,Region,Dhaka before 2015,14002,Two years preceding the survey,0,1,RHDELACSKP,BDDHS1994360005,1993-94,DHS,790.0,741.0,,,1.0
BGD,Khulna,7792339,Assistance during delivery from a skilled provider,11.3,1,BD,Bangladesh,1994,BD1994DHS,RH_DELA_C_SKP,83606110,I,360006,1360060,Region,Khulna,14000,Three years preceding the survey,0,0,RHDELACSKP,BDDHS1994360006,1993-94,DHS,428.0,435.0,,,1.0
BGD,Khulna,5018698,Assistance during delivery from a skilled provider,11.4,1,BD,Bangladesh,1994,BD1994DHS,RH_DELA_C_SKP,83606110,I,360006,1360060,Region,Khulna,14002,Two years preceding the survey,0,1,RHDELACSKP,BDDHS1994360006,1993-94,DHS,268.0,273.0,,,1.0
BGD,Rajshahi/Rangpur,4081420,Assistance during delivery from a skilled provider,5.7,1,BD,Bangladesh,1994,BD1994DHS,RH_DELA_C_SKP,83606110,I,360007,1360070,Region,Rajshahi/Rangpur,14000,Three years preceding the survey,0,0,RHDELACSKP,BDDHS1994360007,1993-94,DHS,849.0,957.0,,,1.0
BGD,Rajshahi/Rangpur,285173,Assistance during delivery from a skilled provider,5.6,1,BD,Bangladesh,1994,BD1994DHS,RH_DELA_C_SKP,83606110,I,360007,1360070,Region,Rajshahi/Rangpur,14002,Two years preceding the survey,0,1,RHDELACSKP,BDDHS1994360007,1993-94,DHS,523.0,588.0,,,1.0
BGD,Barishal,5168440,DPT 3 vaccination received,80.8,1,BD,Bangladesh,1994,BD1994DHS,CH_VACC_C_DP3,93906040,I,360001,1360010,Region,Barishal,0,,0,1,CHVACCCDP3,BDDHS1994360001,1993-94,DHS,80.0,131.0,,,1.0
BGD,Chattogram/Sylhet,3129358,DPT 3 vaccination received,59.5,1,BD,Bangladesh,1994,BD1994DHS,CH_VACC_C_DP3,93906040,I,360002,1360020,Region,Chattogram/Sylhet,0,,0,1,CHVACCCDP3,BDDHS1994360002,1993-94,DHS,385.0,303.0,,,1.0
BGD,Chattogram,6570906,DPT 3 vaccination received,59.5,1,BD,Bangladesh,1994,BD1994DHS,CH_VACC_C_DP3,93906040,I,360003,1360030,Region,..Chattogram,0,,0,1,CHVACCCDP3,BDDHS1994360003,1993-94,DHS,385.0,303.0,,,
BGD,Dhaka before 2015,7280499,DPT 3 vaccination received,56.9,1,BD,Bangladesh,1994,BD1994DHS,CH_VACC_C_DP3,93906040,I,360005,1360050,Region,Dhaka before 2015,0,,0,1,CHVACCCDP3,BDDHS1994360005,1993-94,DHS,348.0,323.0,,,1.0
BGD,Khulna,5356680,DPT 3 vaccination received,87.8,1,BD,Bangladesh,1994,BD1994DHS,CH_VACC_C_DP3,93906040,I,360006,1360060,Region,Khulna,0,,0,1,CHVACCCDP3,BDDHS1994360006,1993-94,DHS,128.0,130.0,,,1.0
BGD,Rajshahi/Rangpur,3734039,DPT 3 vaccination received,73.5,1,BD,Bangladesh,1994,BD1994DHS,CH_VACC_C_DP3,93906040,I,360007,1360070,Region,Rajshahi/Rangpur,0,,0,1,CHVACCCDP3,BDDHS1994360007,1993-94,DHS,230.0,258.0,,,1.0
BGD,Barishal,7290429,Population using open defecation,3.4,1,BD,Bangladesh,1994,BD1994DHS,WS_TLET_P_NFC,250262210,I,360001,1360010,Region,Barishal,0,,0,1,WSTLETPNFC,BDDHS1994360001,1993-94,DHS,3295.0,5403.0,,,1.0
BGD,Chattogram/Sylhet,4209380,Population using open defecation,13.9,1,BD,Bangladesh,1994,BD1994DHS,WS_TLET_P_NFC,250262210,I,360002,1360020,Region,Chattogram/Sylhet,0,,0,1,WSTLETPNFC,BDDHS1994360002,1993-94,DHS,14317.0,11290.0,,,1.0
BGD,Chattogram,6789143,Population using open defecation,13.9,1,BD,Bangladesh,1994,BD1994DHS,WS_TLET_P_NFC,250262210,I,360003,1360030,Region,..Chattogram,0,,0,1,WSTLETPNFC,BDDHS1994360003,1993-94,DHS,14317.0,11290.0,,,
BGD,Dhaka before 2015,5239262,Population using open defecation,22.1,1,BD,Bangladesh,1994,BD1994DHS,WS_TLET_P_NFC,250262210,I,360005,1360050,Region,Dhaka before 2015,0,,0,1,WSTLETPNFC,BDDHS1994360005,1993-94,DHS,15000.0,14087.0,,,1.0
BGD,Khulna,3006748,Population using open defecation,33.2,1,BD,Bangladesh,1994,BD1994DHS,WS_TLET_P_NFC,250262210,I,360006,1360060,Region,Khulna,0,,0,1,WSTLETPNFC,BDDHS1994360006,1993-94,DHS,5992.0,6138.0,,,1.0
BGD,Rajshahi/Rangpur,2619817,Population using open defecation,53.5,1,BD,Bangladesh,1994,BD1994DHS,WS_TLET_P_NFC,250262210,I,360007,1360070,Region,Rajshahi/Rangpur,0,,0,1,WSTLETPNFC,BDDHS1994360007,1993-94,DHS,11290.0,12699.0,,,1.0
BGD,Barishal,5405461,Population with electricity,11.2,1,BD,Bangladesh,1994,BD1994DHS,HC_ELEC_P_ELC,260322010,I,360001,1360010,Region,Barishal,0,,0,1,HCELECPELC,BDDHS1994360001,1993-94,DHS,3295.0,5403.0,,,1.0
BGD,Chattogram/Sylhet,1088303,Population with electricity,24.0,1,BD,Bangladesh,1994,BD1994DHS,HC_ELEC_P_ELC,260322010,I,360002,1360020,Region,Chattogram/Sylhet,0,,0,1,HCELECPELC,BDDHS1994360002,1993-94,DHS,14317.0,11290.0,,,1.0
BGD,Chattogram,3171101,Population with electricity,24.0,1,BD,Bangladesh,1994,BD1994DHS,HC_ELEC_P_ELC,260322010,I,360003,1360030,Region,..Chattogram,0,,0,1,HCELECPELC,BDDHS1994360003,1993-94,DHS,14317.0,11290.0,,,
BGD,Dhaka before 2015,2818104,Population with electricity,25.6,1,BD,Bangladesh,1994,BD1994DHS,HC_ELEC_P_ELC,260322010,I,360005,1360050,Region,Dhaka before 2015,0,,0,1,HCELECPELC,BDDHS1994360005,1993-94,DHS,15000.0,14087.0,,,1.0
BGD,Khulna,7120350,Population with electricity,16.9,1,BD,Bangladesh,1994,BD1994DHS,HC_ELEC_P_ELC,260322010,I,360006,1360060,Region,Khulna,0,,0,1,HCELECPELC,BDDHS1994360006,1993-94,DHS,5992.0,6138.0,,,1.0
BGD,Rajshahi/Rangpur,3011494,Population with electricity,10.7,1,BD,Bangladesh,1994,BD1994DHS,HC_ELEC_P_ELC,260322010,I,360007,1360070,Region,Rajshahi/Rangpur,0,,0,1,HCELECPELC,BDDHS1994360007,1993-94,DHS,11290.0,12699.0,,,1.0
BGD,Barishal,1796403,Age specific fertility rate: 10-14,12.0,0,BD,Bangladesh,1997,BD1997DHS,FE_FRTR_W_A10,11763005,I,360001,1360010,Region,Barishal,0,,0,1,FEFRTRWA10,BDDHS1997360001,1996-97,DHS,,,,,1.0
BGD,Chattogram/Sylhet,2666354,Age specific fertility rate: 10-14,8.0,0,BD,Bangladesh,1997,BD1997DHS,FE_FRTR_W_A10,11763005,I,360002,1360020,Region,Chattogram/Sylhet,0,,0,1,FEFRTRWA10,BDDHS1997360002,1996-97,DHS,,,,,
BGD,Chattogram,1816640,Age specific fertility rate: 10-14,8.0,0,BD,Bangladesh,1997,BD1997DHS,FE_FRTR_W_A10,11763005,I,360003,1360030,Region,..Chattogram,0,,0,1,FEFRTRWA10,BDDHS1997360003,1996-97,DHS,,,,,1.0
BGD,Sylhet,1816635,Age specific fertility rate: 10-14,4.0,0,BD,Bangladesh,1997,BD1997DHS,FE_FRTR_W_A10,11763005,I,360004,1360040,Region,..Sylhet,0,,0,1,FEFRTRWA10,BDDHS1997360004,1996-97,DHS,,,,,1.0
BGD,Dhaka before 2015,1816650,Age specific fertility rate: 10-14,19.0,0,BD,Bangladesh,1997,BD1997DHS,FE_FRTR_W_A10,11763005,I,360005,1360050,Region,Dhaka before 2015,0,,0,1,FEFRTRWA10,BDDHS1997360005,1996-97,DHS,,,,,1.0
BGD,Khulna,1796412,Age specific fertility rate: 10-14,10.0,0,BD,Bangladesh,1997,BD1997DHS,FE_FRTR_W_A10,11763005,I,360006,1360060,Region,Khulna,0,,0,1,FEFRTRWA10,BDDHS1997360006,1996-97,DHS,,,,,1.0
BGD,Rajshahi/Rangpur,1810302,Age specific fertility rate: 10-14,25.0,0,BD,Bangladesh,1997,BD1997DHS,FE_FRTR_W_A10,11763005,I,360007,1360070,Region,Rajshahi/Rangpur,0,,0,1,FEFRTRWA10,BDDHS1997360007,1996-97,DHS,,,,,1.0
BGD,Barishal,1796404,Age specific fertility rate: 15-19,157.0,0,BD,Bangladesh,1997,BD1997DHS,FE_FRTR_W_A15,11763010,I,360001,1360010,Region,Barishal,0,,0,1,FEFRTRWA15,BDDHS1997360001,1996-97,DHS,,,,,1.0
BGD,Chattogram/Sylhet,2666355,Age specific fertility rate: 15-19,132.0,0,BD,Bangladesh,1997,BD1997DHS,FE_FRTR_W_A15,11763010,I,360002,1360020,Region,Chattogram/Sylhet,0,,0,1,FEFRTRWA15,BDDHS1997360002,1996-97,DHS,,,,,
BGD,Chattogram,1816641,Age specific fertility rate: 15-19,136.0,0,BD,Bangladesh,1997,BD1997DHS,FE_FRTR_W_A15,11763010,I,360003,1360030,Region,..Chattogram,0,,0,1,FEFRTRWA15,BDDHS1997360003,1996-97,DHS,,,,,1.0
BGD,Sylhet,1816636,Age specific fertility rate: 15-19,116.0,0,BD,Bangladesh,1997,BD1997DHS,FE_FRTR_W_A15,11763010,I,360004,1360040,Region,..Sylhet,0,,0,1,FEFRTRWA15,BDDHS1997360004,1996-97,DHS,,,,,1.0
BGD,Dhaka before 2015,1816651,Age specific fertility rate: 15-19,148.0,0,BD,Bangladesh,1997,BD1997DHS,FE_FRTR_W_A15,11763010,I,360005,1360050,Region,Dhaka before 2015,0,,0,1,FEFRTRWA15,BDDHS1997360005,1996-97,DHS,,,,,1.0
BGD,Khulna,1796414,Age specific fertility rate: 15-19,157.0,0,BD,Bangladesh,1997,BD1997DHS,FE_FRTR_W_A15,11763010,I,360006,1360060,Region,Khulna,0,,0,1,FEFRTRWA15,BDDHS1997360006,1996-97,DHS,,,,,1.0
BGD,Rajshahi/Rangpur,1810303,Age specific fertility rate: 15-19,157.0,0,BD,Bangladesh,1997,BD1997DHS,FE_FRTR_W_A15,11763010,I,360007,1360070,Region,Rajshahi/Rangpur,0,,0,1,FEFRTRWA15,BDDHS1997360007,1996-97,DHS,,,,,1.0
BGD,Barishal,540016,Demand for family planning satisfied by modern methods,58.2,1,BD,Bangladesh,1997,BD1997DHS,FP_NADM_W_PDM,32933150,I,360001,1360010,Region,Barishal,0,,0,1,FPNADMWPDM,BDDHS1997360001,1996-97,DHS,393.0,618.0,,,1.0
BGD,Chattogram/Sylhet,1566076,Demand for family planning satisfied by modern methods,45.9,1,BD,Bangladesh,1997,BD1997DHS,FP_NADM_W_PDM,32933150,I,360002,1360020,Region,Chattogram/Sylhet,0,,0,1,FPNADMWPDM,BDDHS1997360002,1996-97,DHS,1301.0,1201.0,,,
BGD,Chattogram,6866426,Demand for family planning satisfied by modern methods,48.2,1,BD,Bangladesh,1997,BD1997DHS,FP_NADM_W_PDM,32933150,I,360003,1360030,Region,..Chattogram,0,,0,1,FPNADMWPDM,BDDHS1997360003,1996-97,DHS,1087.0,813.0,,,1.0
BGD,Sylhet,4704712,Demand for family planning satisfied by modern methods,34.2,1,BD,Bangladesh,1997,BD1997DHS,FP_NADM_W_PDM,32933150,I,360004,1360040,Region,..Sylhet,0,,0,1,FPNADMWPDM,BDDHS1997360004,1996-97,DHS,214.0,388.0,,,1.0
BGD,Dhaka before 2015,5885356,Demand for family planning satisfied by modern methods,60.8,1,BD,Bangladesh,1997,BD1997DHS,FP_NADM_W_PDM,32933150,I,360005,1360050,Region,Dhaka before 2015,0,,0,1,FPNADMWPDM,BDDHS1997360005,1996-97,DHS,1829.0,1611.0,,,1.0
BGD,Khulna,543652,Demand for family planning satisfied by modern methods,68.6,1,BD,Bangladesh,1997,BD1997DHS,FP_NADM_W_PDM,32933150,I,360006,1360060,Region,Khulna,0,,0,1,FPNADMWPDM,BDDHS1997360006,1996-97,DHS,757.0,742.0,,,1.0
BGD,Rajshahi/Rangpur,1559068,Demand for family planning satisfied by modern methods,69.8,1,BD,Bangladesh,1997,BD1997DHS,FP_NADM_W_PDM,32933150,I,360007,1360070,Region,Rajshahi/Rangpur,0,,0,1,FPNADMWPDM,BDDHS1997360007,1996-97,DHS,1493.0,1568.0,,,1.0
BGD,Barishal,6200513,Neonatal mortality rate,53.0,0,BD,Bangladesh,1997,BD1997DHS,CM_ECMR_C_NNR,63206010,I,360001,1360010,Region,Barishal,14003,Ten years preceding the survey,0,1,CMECMRCNNR,BDDHS1997360001,1996-97,DHS,,,40.0,66.0,1.0
BGD,Chattogram/Sylhet,7638633,Neonatal mortality rate,51.0,0,BD,Bangladesh,1997,BD1997DHS,CM_ECMR_C_NNR,63206010,I,360002,1360020,Region,Chattogram/Sylhet,14003,Ten years preceding the survey,0,1,CMECMRCNNR,BDDHS1997360002,1996-97,DHS,,,42.0,61.0,
BGD,Chattogram,7698231,Neonatal mortality rate,42.0,0,BD,Bangladesh,1997,BD1997DHS,CM_ECMR_C_NNR,63206010,I,360003,1360030,Region,..Chattogram,14003,Ten years preceding the survey,0,1,CMECMRCNNR,BDDHS1997360003,1996-97,DHS,,,32.0,52.0,1.0
BGD,Sylhet,7470039,Neonatal mortality rate,85.0,0,BD,Bangladesh,1997,BD1997DHS,CM_ECMR_C_NNR,63206010,I,360004,1360040,Region,..Sylhet,14003,Ten years preceding the survey,0,1,CMECMRCNNR,BDDHS1997360004,1996-97,DHS,,,66.0,105.0,1.0
BGD,Dhaka before 2015,7452889,Neonatal mortality rate,52.0,0,BD,Bangladesh,1997,BD1997DHS,CM_ECMR_C_NNR,63206010,I,360005,1360050,Region,Dhaka before 2015,14003,Ten years preceding the survey,0,1,CMECMRCNNR,BDDHS1997360005,1996-97,DHS,,,43.0,61.0,1.0
BGD,Khulna,7784574,Neonatal mortality rate,52.0,0,BD,Bangladesh,1997,BD1997DHS,CM_ECMR_C_NNR,63206010,I,360006,1360060,Region,Khulna,14003,Ten years preceding the survey,0,1,CMECMRCNNR,BDDHS1997360006,1996-97,DHS,,,39.0,65.0,1.0
BGD,Rajshahi/Rangpur,7639731,Neonatal mortality rate,64.0,0,BD,Bangladesh,1997,BD1997DHS,CM_ECMR_C_NNR,63206010,I,360007,1360070,Region,Rajshahi/Rangpur,14003,Ten years preceding the survey,0,1,CMECMRCNNR,BDDHS1997360007,1996-97,DHS,,,55.0,73.0,1.0
BGD,Barishal,7742229,Under-five mortality rate,120.0,0,BD,Bangladesh,1997,BD1997DHS,CM_ECMR_C_U5M,63206050,I,360001,1360010,Region,Barishal,14003,Ten years preceding the survey,0,1,CMECMRCU5M,BDDHS1997360001,1996-97,DHS,,,105.0,134.0,1.0
BGD,Chattogram/Sylhet,7975609,Under-five mortality rate,142.0,0,BD,Bangladesh,1997,BD1997DHS,CM_ECMR_C_U5M,63206050,I,360002,1360020,Region,Chattogram/Sylhet,14003,Ten years preceding the survey,0,1,CMECMRCU5M,BDDHS1997360002,1996-97,DHS,,,126.0,158.0,
BGD,Chattogram,7885657,Under-five mortality rate,131.0,0,BD,Bangladesh,1997,BD1997DHS,CM_ECMR_C_U5M,63206050,I,360003,1360030,Region,..Chattogram,14003,Ten years preceding the survey,0,1,CMECMRCU5M,BDDHS1997360003,1996-97,DHS,,,112.0,150.0,1.0
BGD,Sylhet,1739794,Under-five mortality rate,179.0,0,BD,Bangladesh,1997,BD1997DHS,CM_ECMR_C_U5M,63206050,I,360004,1360040,Region,..Sylhet,14003,Ten years preceding the survey,0,1,CMECMRCU5M,BDDHS1997360004,1996-97,DHS,,,152.0,206.0,1.0
BGD,Dhaka before 2015,7746144,Under-five mortality rate,131.0,0,BD,Bangladesh,1997,BD1997DHS,CM_ECMR_C_U5M,63206050,I,360005,1360050,Region,Dhaka before 2015,14003,Ten years preceding the survey,0,1,CMECMRCU5M,BDDHS1997360005,1996-97,DHS,,,117.0,144.0,1.0
BGD,Khulna,7585170,Under-five mortality rate,87.0,0,BD,Bangladesh,1997,BD1997DHS,CM_ECMR_C_U5M,63206050,I,360006,1360060,Region,Khulna,14003,Ten years preceding the survey,0,1,CMECMRCU5M,BDDHS1997360006,1996-97,DHS,,,73.0,101.0,1.0
BGD,Rajshahi/Rangpur,7447557,Under-five mortality rate,126.0,0,BD,Bangladesh,1997,BD1997DHS,CM_ECMR_C_U5M,63206050,I,360007,1360070,Region,Rajshahi/Rangpur,14003,Ten years preceding the survey,0,1,CMECMRCU5M,BDDHS1997360007,1996-97,DHS,,,111.0,141.0,1.0
BGD,Barishal,5944412,Assistance during delivery from a skilled provider,9.0,1,BD,Bangladesh,1997,BD1997DHS,RH_DELA_C_SKP,83606110,I,360001,1360010,Region,Barishal,14000,Three years preceding the survey,0,0,RHDELACSKP,BDDHS1997360001,1996-97,DHS,239.0,374.0,,,1.0
BGD,Barishal,7099263,Assistance during delivery from a skilled provider,8.1,1,BD,Bangladesh,1997,BD1997DHS,RH_DELA_C_SKP,83606110,I,360001,1360010,Region,Barishal,14001,Five years preceding the survey,0,0,RHDELACSKP,BDDHS1997360001,1996-97,DHS,407.0,639.0,,,1.0
BGD,Barishal,342475,Assistance during delivery from a skilled provider,9.5,1,BD,Bangladesh,1997,BD1997DHS,RH_DELA_C_SKP,83606110,I,360001,1360010,Region,Barishal,14002,Two years preceding the survey,0,1,RHDELACSKP,BDDHS1997360001,1996-97,DHS,162.0,251.0,,,1.0
BGD,Chattogram/Sylhet,3225136,Assistance during delivery from a skilled provider,6.8,1,BD,Bangladesh,1997,BD1997DHS,RH_DELA_C_SKP,83606110,I,360002,1360020,Region,Chattogram/Sylhet,14000,Three years preceding the survey,0,0,RHDELACSKP,BDDHS1997360002,1996-97,DHS,1169.0,1117.0,,,
BGD,Chattogram/Sylhet,7727247,Assistance during delivery from a skilled provider,6.5,1,BD,Bangladesh,1997,BD1997DHS,RH_DELA_C_SKP,83606110,I,360002,1360020,Region,Chattogram/Sylhet,14001,Five years preceding the survey,0,0,RHDELACSKP,BDDHS1997360002,1996-97,DHS,1971.0,1887.0,,,
BGD,Chattogram/Sylhet,7582718,Assistance during delivery from a skilled provider,8.2,1,BD,Bangladesh,1997,BD1997DHS,RH_DELA_C_SKP,83606110,I,360002,1360020,Region,Chattogram/Sylhet,14002,Two years preceding the survey,0,1,RHDELACSKP,BDDHS1997360002,1996-97,DHS,797.0,763.0,,,
BGD,Chattogram,5168534,Assistance during delivery from a skilled provider,7.3,1,BD,Bangladesh,1997,BD1997DHS,RH_DELA_C_SKP,83606110,I,360003,1360030,Region,..Chattogram,14000,Three years preceding the survey,0,0,RHDELACSKP,BDDHS1997360003,1996-97,DHS,915.0,666.0,,,1.0
BGD,Chattogram,619350,Assistance during delivery from a skilled provider,7.0,1,BD,Bangladesh,1997,BD1997DHS,RH_DELA_C_SKP,83606110,I,360003,1360030,Region,..Chattogram,14001,Five years preceding the survey,0,0,RHDELACSKP,BDDHS1997360003,1996-97,DHS,1538.0,1120.0,,,1.0
BGD,Chattogram,581819,Assistance during delivery from a skilled provider,8.7,1,BD,Bangladesh,1997,BD1997DHS,RH_DELA_C_SKP,83606110,I,360003,1360030,Region,..Chattogram,14002,Two years preceding the survey,0,1,RHDELACSKP,BDDHS1997360003,1996-97,DHS,621.0,452.0,,,1.0
BGD,Sylhet,185441,Assistance during delivery from a skilled provider,5.3,1,BD,Bangladesh,1997,BD1997DHS,RH_DELA_C_SKP,83606110,I,360004,1360040,Region,..Sylhet,14000,Three years preceding the survey,0,0,RHDELACSKP,BDDHS1997360004,1996-97,DHS,254.0,451.0,,,1.0
BGD,Sylhet,7338941,Assistance during delivery from a skilled provider,4.8,1,BD,Bangladesh,1997,BD1997DHS,RH_DELA_C_SKP,83606110,I,360004,1360040,Region,..Sylhet,14001,Five years preceding the survey,0,0,RHDELACSKP,BDDHS1997360004,1996-97,DHS,433.0,767.0,,,1.0
BGD,Sylhet,3356313,Assistance during delivery from a skilled provider,6.5,1,BD,Bangladesh,1997,BD1997DHS,RH_DELA_C_SKP,83606110,I,360004,1360040,Region,..Sylhet,14002,Two years preceding the survey,0,1,RHDELACSKP,BDDHS1997360004,1996-97,DHS,176.0,311.0,,,1.0
BGD,Dhaka before 2015,6961385,Assistance during delivery from a skilled provider,9.4,1,BD,Bangladesh,1997,BD1997DHS,RH_DELA_C_SKP,83606110,I,360005,1360050,Region,Dhaka before 2015,14000,Three years preceding the survey,0,0,RHDELACSKP,BDDHS1997360005,1996-97,DHS,1126.0,985.0,,,1.0
BGD,Dhaka before 2015,467752,Assistance during delivery from a skilled provider,9.0,1,BD,Bangladesh,1997,BD1997DHS,RH_DELA_C_SKP,83606110,I,360005,1360050,Region,Dhaka before 2015,14001,Five years preceding the survey,0,0,RHDELACSKP,BDDHS1997360005,1996-97,DHS,1893.0,1658.0,,,1.0
BGD,Dhaka before 2015,5950505,Assistance during delivery from a skilled provider,8.8,1,BD,Bangladesh,1997,BD1997DHS,RH_DELA_C_SKP,83606110,I,360005,1360050,Region,Dhaka before 2015,14002,Two years preceding the survey,0,1,RHDELACSKP,BDDHS1997360005,1996-97,DHS,702.0,614.0,,,1.0
BGD,Khulna,7713244,Assistance during delivery from a skilled provider,14.1,1,BD,Bangladesh,1997,BD1997DHS,RH_DELA_C_SKP,83606110,I,360006,1360060,Region,Khulna,14000,Three years preceding the survey,0,0,RHDELACSKP,BDDHS1997360006,1996-97,DHS,344.0,334.0,,,1.0
BGD,Khulna,4916321,Assistance during delivery from a skilled provider,14.0,1,BD,Bangladesh,1997,BD1997DHS,RH_DELA_C_SKP,83606110,I,360006,1360060,Region,Khulna,14001,Five years preceding the survey,0,0,RHDELACSKP,BDDHS1997360006,1996-97,DHS,612.0,593.0,,,1.0
BGD,Khulna,6831438,Assistance during delivery from a skilled provider,15.5,1,BD,Bangladesh,1997,BD1997DHS,RH_DELA_C_SKP,83606110,I,360006,1360060,Region,Khulna,14002,Two years preceding the survey,0,1,RHDELACSKP,BDDHS1997360006,1996-97,DHS,231.0,223.0,,,1.0
BGD,Rajshahi/Rangpur,784950,Assistance during delivery from a skilled provider,5.1,1,BD,Bangladesh,1997,BD1997DHS,RH_DELA_C_SKP,83606110,I,360007,1360070,Region,Rajshahi/Rangpur,14000,Three years preceding the survey,0,0,RHDELACSKP,BDDHS1997360007,1996-97,DHS,766.0,805.0,,,1.0
BGD,Rajshahi/Rangpur,4410650,Assistance during delivery from a skilled provider,4.4,1,BD,Bangladesh,1997,BD1997DHS,RH_DELA_C_SKP,83606110,I,360007,1360070,Region,Rajshahi/Rangpur,14001,Five years preceding the survey,0,0,RHDELACSKP,BDDHS1997360007,1996-97,DHS,1326.0,1390.0,,,1.0
BGD,Rajshahi/Rangpur,1303599,Assistance during delivery from a skilled provider,5.8,1,BD,Bangladesh,1997,BD1997DHS,RH_DELA_C_SKP,83606110,I,360007,1360070,Region,Rajshahi/Rangpur,14002,Two years preceding the survey,0,1,RHDELACSKP,BDDHS1997360007,1996-97,DHS,513.0,541.0,,,1.0
BGD,Barishal,2641306,DPT 3 vaccination received,76.4,1,BD,Bangladesh,1997,BD1997DHS,CH_VACC_C_DP3,93906040,I,360001,1360010,Region,Barishal,0,,0,1,CHVACCCDP3,BDDHS1997360001,1996-97,DHS,75.0,115.0,,,1.0
BGD,Chattogram/Sylhet,524567,DPT 3 vaccination received,61.8,1,BD,Bangladesh,1997,BD1997DHS,CH_VACC_C_DP3,93906040,I,360002,1360020,Region,Chattogram/Sylhet,0,,0,1,CHVACCCDP3,BDDHS1997360002,1996-97,DHS,332.0,321.0,,,
BGD,Chattogram,2078740,DPT 3 vaccination received,64.2,1,BD,Bangladesh,1997,BD1997DHS,CH_VACC_C_DP3,93906040,I,360003,1360030,Region,..Chattogram,0,,0,1,CHVACCCDP3,BDDHS1997360003,1996-97,DHS,256.0,186.0,,,1.0
BGD,Sylhet,7102959,DPT 3 vaccination received,53.8,1,BD,Bangladesh,1997,BD1997DHS,CH_VACC_C_DP3,93906040,I,360004,1360040,Region,..Sylhet,0,,0,1,CHVACCCDP3,BDDHS1997360004,1996-97,DHS,75.0,135.0,,,1.0
BGD,Dhaka before 2015,5687316,DPT 3 vaccination received,65.9,1,BD,Bangladesh,1997,BD1997DHS,CH_VACC_C_DP3,93906040,I,360005,1360050,Region,Dhaka before 2015,0,,0,1,CHVACCCDP3,BDDHS1997360005,1996-97,DHS,316.0,275.0,,,1.0
BGD,Khulna,2079110,DPT 3 vaccination received,85.5,1,BD,Bangladesh,1997,BD1997DHS,CH_VACC_C_DP3,93906040,I,360006,1360060,Region,Khulna,0,,0,1,CHVACCCDP3,BDDHS1997360006,1996-97,DHS,122.0,117.0,,,1.0
BGD,Rajshahi/Rangpur,3500089,DPT 3 vaccination received,74.2,1,BD,Bangladesh,1997,BD1997DHS,CH_VACC_C_DP3,93906040,I,360007,1360070,Region,Rajshahi/Rangpur,0,,0,1,CHVACCCDP3,BDDHS1997360007,1996-97,DHS,235.0,249.0,,,1.0
BGD,Barishal,5998970,Children stunted,67.0,1,BD,Bangladesh,1997,BD1997DHS,CN_NUTS_C_HA2,104236020,I,360001,1360010,Region,Barishal,0,,0,1,CNNUTSCHA2,BDDHS1997360001,1996-97,DHS,311.0,487.0,,,1.0
BGD,Chattogram/Sylhet,7114750,Children stunted,61.0,1,BD,Bangladesh,1997,BD1997DHS,CN_NUTS_C_HA2,104236020,I,360002,1360020,Region,Chattogram/Sylhet,0,,0,1,CNNUTSCHA2,BDDHS1997360002,1996-97,DHS,1470.0,1385.0,,,
BGD,Chattogram,1404956,Children stunted,59.9,1,BD,Bangladesh,1997,BD1997DHS,CN_NUTS_C_HA2,104236020,I,360003,1360030,Region,..Chattogram,0,,0,1,CNNUTSCHA2,BDDHS1997360003,1996-97,DHS,1170.0,852.0,,,1.0
BGD,Sylhet,5007404,Children stunted,65.3,1,BD,Bangladesh,1997,BD1997DHS,CN_NUTS_C_HA2,104236020,I,360004,1360040,Region,..Sylhet,0,,0,1,CNNUTSCHA2,BDDHS1997360004,1996-97,DHS,300.0,533.0,,,1.0
BGD,Dhaka before 2015,44994,Children stunted,60.8,1,BD,Bangladesh,1997,BD1997DHS,CN_NUTS_C_HA2,104236020,I,360005,1360050,Region,Dhaka before 2015,0,,0,1,CNNUTSCHA2,BDDHS1997360005,1996-97,DHS,1482.0,1297.0,,,1.0
BGD,Khulna,7351880,Children stunted,53.7,1,BD,Bangladesh,1997,BD1997DHS,CN_NUTS_C_HA2,104236020,I,360006,1360060,Region,Khulna,0,,0,1,CNNUTSCHA2,BDDHS1997360006,1996-97,DHS,477.0,464.0,,,1.0
BGD,Rajshahi/Rangpur,4159602,Children stunted,58.5,1,BD,Bangladesh,1997,BD1997DHS,CN_NUTS_C_HA2,104236020,I,360007,1360070,Region,Rajshahi/Rangpur,0,,0,1,CNNUTSCHA2,BDDHS1997360007,1996-97,DHS,1008.0,1059.0,,,1.0
BGD,Barishal,3093513,Children wasted,16.8,1,BD,Bangladesh,1997,BD1997DHS,CN_NUTS_C_WH2,104236050,I,360001,1360010,Region,Barishal,0,,0,1,CNNUTSCWH2,BDDHS1997360001,1996-97,DHS,311.0,487.0,,,1.0
BGD,Chattogram/Sylhet,7214452,Children wasted,24.2,1,BD,Bangladesh,1997,BD1997DHS,CN_NUTS_C_WH2,104236050,I,360002,1360020,Region,Chattogram/Sylhet,0,,0,1,CNNUTSCWH2,BDDHS1997360002,1996-97,DHS,1470.0,1385.0,,,
BGD,Chattogram,5460623,Children wasted,24.7,1,BD,Bangladesh,1997,BD1997DHS,CN_NUTS_C_WH2,104236050,I,360003,1360030,Region,..Chattogram,0,,0,1,CNNUTSCWH2,BDDHS1997360003,1996-97,DHS,1170.0,852.0,,,1.0
BGD,Sylhet,2694253,Children wasted,22.4,1,BD,Bangladesh,1997,BD1997DHS,CN_NUTS_C_WH2,104236050,I,360004,1360040,Region,..Sylhet,0,,0,1,CNNUTSCWH2,BDDHS1997360004,1996-97,DHS,300.0,533.0,,,1.0
BGD,Dhaka before 2015,2612874,Children wasted,18.3,1,BD,Bangladesh,1997,BD1997DHS,CN_NUTS_C_WH2,104236050,I,360005,1360050,Region,Dhaka before 2015,0,,0,1,CNNUTSCWH2,BDDHS1997360005,1996-97,DHS,1482.0,1297.0,,,1.0
BGD,Khulna,3015281,Children wasted,20.9,1,BD,Bangladesh,1997,BD1997DHS,CN_NUTS_C_WH2,104236050,I,360006,1360060,Region,Khulna,0,,0,1,CNNUTSCWH2,BDDHS1997360006,1996-97,DHS,477.0,464.0,,,1.0
BGD,Rajshahi/Rangpur,6682899,Children wasted,19.8,1,BD,Bangladesh,1997,BD1997DHS,CN_NUTS_C_WH2,104236050,I,360007,1360070,Region,Rajshahi/Rangpur,0,,0,1,CNNUTSCWH2,BDDHS1997360007,1996-97,DHS,1008.0,1059.0,,,1.0
BGD,Barishal,3093514,Children overweight,2.7,1,BD,Bangladesh,1997,BD1997DHS,CN_NUTS_C_WHP,104236060,I,360001,1360010,Region,Barishal,0,,0,1,CNNUTSCWHP,BDDHS1997360001,1996-97,DHS,311.0,487.0,,,1.0
BGD,Chattogram/Sylhet,7214453,Children overweight,1.8,1,BD,Bangladesh,1997,BD1997DHS,CN_NUTS_C_WHP,104236060,I,360002,1360020,Region,Chattogram/Sylhet,0,,0,1,CNNUTSCWHP,BDDHS1997360002,1996-97,DHS,1470.0,1385.0,,,
BGD,Chattogram,5460624,Children overweight,1.6,1,BD,Bangladesh,1997,BD1997DHS,CN_NUTS_C_WHP,104236060,I,360003,1360030,Region,..Chattogram,0,,0,1,CNNUTSCWHP,BDDHS1997360003,1996-97,DHS,1170.0,852.0,,,1.0
BGD,Sylhet,2694254,Children overweight,2.4,1,BD,Bangladesh,1997,BD1997DHS,CN_NUTS_C_WHP,104236060,I,360004,1360040,Region,..Sylhet,0,,0,1,CNNUTSCWHP,BDDHS1997360004,1996-97,DHS,300.0,533.0,,,1.0
BGD,Dhaka before 2015,2612875,Children overweight,1.5,1,BD,Bangladesh,1997,BD1997DHS,CN_NUTS_C_WHP,104236060,I,360005,1360050,Region,Dhaka before 2015,0,,0,1,CNNUTSCWHP,BDDHS1997360005,1996-97,DHS,1482.0,1297.0,,,1.0
BGD,Khulna,3015282,Children overweight,2.6,1,BD,Bangladesh,1997,BD1997DHS,CN_NUTS_C_WHP,104236060,I,360006,1360060,Region,Khulna,0,,0,1,CNNUTSCWHP,BDDHS1997360006,1996-97,DHS,477.0,464.0,,,1.0
BGD,Rajshahi/Rangpur,6682900,Children overweight,1.5,1,BD,Bangladesh,1997,BD1997DHS,CN_NUTS_C_WHP,104236060,I,360007,1360070,Region,Rajshahi/Rangpur,0,,0,1,CNNUTSCWHP,BDDHS1997360007,1996-97,DHS,1008.0,1059.0,,,1.0
BGD,Barishal,4345358,Population using open defecation,8.1,1,BD,Bangladesh,1997,BD1997DHS,WS_TLET_P_NFC,250262210,I,360001,1360010,Region,Barishal,0,,0,1,WSTLETPNFC,BDDHS1997360001,1996-97,DHS,2998.0,4695.0,,,1.0
BGD,Chattogram/Sylhet,6676283,Population using open defecation,11.6,1,BD,Bangladesh,1997,BD1997DHS,WS_TLET_P_NFC,250262210,I,360002,1360020,Region,Chattogram/Sylhet,0,,0,1,WSTLETPNFC,BDDHS1997360002,1996-97,DHS,12841.0,12473.0,,,
BGD,Chattogram,754310,Population using open defecation,10.1,1,BD,Bangladesh,1997,BD1997DHS,WS_TLET_P_NFC,250262210,I,360003,1360030,Region,..Chattogram,0,,0,1,WSTLETPNFC,BDDHS1997360003,1996-97,DHS,10036.0,7439.0,,,1.0
BGD,Sylhet,5556322,Population using open defecation,17.2,1,BD,Bangladesh,1997,BD1997DHS,WS_TLET_P_NFC,250262210,I,360004,1360040,Region,..Sylhet,0,,0,1,WSTLETPNFC,BDDHS1997360004,1996-97,DHS,2805.0,5034.0,,,1.0
BGD,Dhaka before 2015,3664261,Population using open defecation,20.4,1,BD,Bangladesh,1997,BD1997DHS,WS_TLET_P_NFC,250262210,I,360005,1360050,Region,Dhaka before 2015,0,,0,1,WSTLETPNFC,BDDHS1997360005,1996-97,DHS,14164.0,12354.0,,,1.0
BGD,Khulna,3394107,Population using open defecation,23.2,1,BD,Bangladesh,1997,BD1997DHS,WS_TLET_P_NFC,250262210,I,360006,1360060,Region,Khulna,0,,0,1,WSTLETPNFC,BDDHS1997360006,1996-97,DHS,5433.0,5297.0,,,1.0
BGD,Rajshahi/Rangpur,3858117,Population using open defecation,46.2,1,BD,Bangladesh,1997,BD1997DHS,WS_TLET_P_NFC,250262210,I,360007,1360070,Region,Rajshahi/Rangpur,0,,0,1,WSTLETPNFC,BDDHS1997360007,1996-97,DHS,10384.0,10957.0,,,1.0
BGD,Barishal,366300,Population with electricity,18.7,1,BD,Bangladesh,1997,BD1997DHS,HC_ELEC_P_ELC,260322010,I,360001,1360010,Region,Barishal,0,,0,1,HCELECPELC,BDDHS1997360001,1996-97,DHS,2998.0,4695.0,,,1.0
BGD,Chattogram/Sylhet,4978784,Population with electricity,32.4,1,BD,Bangladesh,1997,BD1997DHS,HC_ELEC_P_ELC,260322010,I,360002,1360020,Region,Chattogram/Sylhet,0,,0,1,HCELECPELC,BDDHS1997360002,1996-97,DHS,12841.0,12473.0,,,
BGD,Chattogram,668573,Population with electricity,36.6,1,BD,Bangladesh,1997,BD1997DHS,HC_ELEC_P_ELC,260322010,I,360003,1360030,Region,..Chattogram,0,,0,1,HCELECPELC,BDDHS1997360003,1996-97,DHS,10036.0,7439.0,,,1.0
BGD,Sylhet,1112159,Population with electricity,17.4,1,BD,Bangladesh,1997,BD1997DHS,HC_ELEC_P_ELC,260322010,I,360004,1360040,Region,..Sylhet,0,,0,1,HCELECPELC,BDDHS1997360004,1996-97,DHS,2805.0,5034.0,,,1.0
BGD,Dhaka before 2015,6884268,Population with electricity,30.8,1,BD,Bangladesh,1997,BD1997DHS,HC_ELEC_P_ELC,260322010,I,360005,1360050,Region,Dhaka before 2015,0,,0,1,HCELECPELC,BDDHS1997360005,1996-97,DHS,14164.0,12354.0,,,1.0
BGD,Khulna,1105543,Population with electricity,18.6,1,BD,Bangladesh,1997,BD1997DHS,HC_ELEC_P_ELC,260322010,I,360006,1360060,Region,Khulna,0,,0,1,HCELECPELC,BDDHS1997360006,1996-97,DHS,5433.0,5297.0,,,1.0
BGD,Rajshahi/Rangpur,5870419,Population with electricity,12.6,1,BD,Bangladesh,1997,BD1997DHS,HC_ELEC_P_ELC,260322010,I,360007,1360070,Region,Rajshahi/Rangpur,0,,0,1,HCELECPELC,BDDHS1997360007,1996-97,DHS,10384.0,10957.0,,,1.0
BGD,Barishal,1803798,Age specific fertility rate: 10-14,13.0,0,BD,Bangladesh,2000,BD2000DHS,FE_FRTR_W_A10,11763005,I,360001,1360010,Region,Barishal,0,,0,1,FEFRTRWA10,BDDHS2000360001,1999-00,DHS,,,,,1.0
BGD,Chattogram/Sylhet,7449973,Age specific fertility rate: 10-14,6.0,0,BD,Bangladesh,2000,BD2000DHS,FE_FRTR_W_A10,11763005,I,360002,1360020,Region,Chattogram/Sylhet,0,,0,1,FEFRTRWA10,BDDHS2000360002,1999-00,DHS,,,,,
BGD,Chattogram,7933977,Age specific fertility rate: 10-14,6.0,0,BD,Bangladesh,2000,BD2000DHS,FE_FRTR_W_A10,11763005,I,360003,1360030,Region,..Chattogram,0,,0,1,FEFRTRWA10,BDDHS2000360003,1999-00,DHS,,,,,1.0
BGD,Sylhet,1810411,Age specific fertility rate: 10-14,8.0,0,BD,Bangladesh,2000,BD2000DHS,FE_FRTR_W_A10,11763005,I,360004,1360040,Region,..Sylhet,0,,0,1,FEFRTRWA10,BDDHS2000360004,1999-00,DHS,,,,,1.0
BGD,Dhaka before 2015,1810425,Age specific fertility rate: 10-14,12.0,0,BD,Bangladesh,2000,BD2000DHS,FE_FRTR_W_A10,11763005,I,360005,1360050,Region,Dhaka before 2015,0,,0,1,FEFRTRWA10,BDDHS2000360005,1999-00,DHS,,,,,1.0
BGD,Khulna,7629768,Age specific fertility rate: 10-14,15.0,0,BD,Bangladesh,2000,BD2000DHS,FE_FRTR_W_A10,11763005,I,360006,1360060,Region,Khulna,0,,0,1,FEFRTRWA10,BDDHS2000360006,1999-00,DHS,,,,,1.0
BGD,Rajshahi/Rangpur,1803791,Age specific fertility rate: 10-14,21.0,0,BD,Bangladesh,2000,BD2000DHS,FE_FRTR_W_A10,11763005,I,360007,1360070,Region,Rajshahi/Rangpur,0,,0,1,FEFRTRWA10,BDDHS2000360007,1999-00,DHS,,,,,1.0
BGD,Barishal,1803799,Age specific fertility rate: 15-19,154.0,0,BD,Bangladesh,2000,BD2000DHS,FE_FRTR_W_A15,11763010,I,360001,1360010,Region,Barishal,0,,0,1,FEFRTRWA15,BDDHS2000360001,1999-00,DHS,,,,,1.0
BGD,Chattogram/Sylhet,7449974,Age specific fertility rate: 15-19,126.0,0,BD,Bangladesh,2000,BD2000DHS,FE_FRTR_W_A15,11763010,I,360002,1360020,Region,Chattogram/Sylhet,0,,0,1,FEFRTRWA15,BDDHS2000360002,1999-00,DHS,,,,,
BGD,Chattogram,7933938,Age specific fertility rate: 15-19,131.0,0,BD,Bangladesh,2000,BD2000DHS,FE_FRTR_W_A15,11763010,I,360003,1360030,Region,..Chattogram,0,,0,1,FEFRTRWA15,BDDHS2000360003,1999-00,DHS,,,,,1.0
BGD,Sylhet,1810459,Age specific fertility rate: 15-19,110.0,0,BD,Bangladesh,2000,BD2000DHS,FE_FRTR_W_A15,11763010,I,360004,1360040,Region,..Sylhet,0,,0,1,FEFRTRWA15,BDDHS2000360004,1999-00,DHS,,,,,1.0
BGD,Dhaka before 2015,1810426,Age specific fertility rate: 15-19,145.0,0,BD,Bangladesh,2000,BD2000DHS,FE_FRTR_W_A15,11763010,I,360005,1360050,Region,Dhaka before 2015,0,,0,1,FEFRTRWA15,BDDHS2000360005,1999-00,DHS,,,,,1.0
BGD,Khulna,7629769,Age specific fertility rate: 15-19,146.0,0,BD,Bangladesh,2000,BD2000DHS,FE_FRTR_W_A15,11763010,I,360006,1360060,Region,Khulna,0,,0,1,FEFRTRWA15,BDDHS2000360006,1999-00,DHS,,,,,1.0
BGD,Rajshahi/Rangpur,1803792,Age specific fertility rate: 15-19,162.0,0,BD,Bangladesh,2000,BD2000DHS,FE_FRTR_W_A15,11763010,I,360007,1360070,Region,Rajshahi/Rangpur,0,,0,1,FEFRTRWA15,BDDHS2000360007,1999-00,DHS,,,,,1.0
BGD,Barishal,3515545,Demand for family planning satisfied by modern methods,59.1,1,BD,Bangladesh,2000,BD2000DHS,FP_NADM_W_PDM,32933150,I,360001,1360010,Region,Barishal,0,,0,1,FPNADMWPDM,BDDHS2000360001,1999-00,DHS,488.0,699.0,,,1.0
BGD,Chattogram/Sylhet,7450336,Demand for family planning satisfied by modern methods,51.0,1,BD,Bangladesh,2000,BD2000DHS,FP_NADM_W_PDM,32933150,I,360002,1360020,Region,Chattogram/Sylhet,0,,0,1,FPNADMWPDM,BDDHS2000360002,1999-00,DHS,1500.0,1802.0,,,
BGD,Chattogram,7920923,Demand for family planning satisfied by modern methods,53.1,1,BD,Bangladesh,2000,BD2000DHS,FP_NADM_W_PDM,32933150,I,360003,1360030,Region,..Chattogram,0,,0,1,FPNADMWPDM,BDDHS2000360003,1999-00,DHS,1180.0,1199.0,,,1.0
BGD,Sylhet,645459,Demand for family planning satisfied by modern methods,43.0,1,BD,Bangladesh,2000,BD2000DHS,FP_NADM_W_PDM,32933150,I,360004,1360040,Region,..Sylhet,0,,0,1,FPNADMWPDM,BDDHS2000360004,1999-00,DHS,320.0,603.0,,,1.0
BGD,Dhaka before 2015,1559118,Demand for family planning satisfied by modern methods,58.5,1,BD,Bangladesh,2000,BD2000DHS,FP_NADM_W_PDM,32933150,I,360005,1360050,Region,Dhaka before 2015,0,,0,1,FPNADMWPDM,BDDHS2000360005,1999-00,DHS,2156.0,1687.0,,,1.0
BGD,Khulna,7631623,Demand for family planning satisfied by modern methods,65.5,1,BD,Bangladesh,2000,BD2000DHS,FP_NADM_W_PDM,32933150,I,360006,1360060,Region,Khulna,0,,0,1,FPNADMWPDM,BDDHS2000360006,1999-00,DHS,915.0,1299.0,,,1.0
BGD,Rajshahi/Rangpur,4787930,Demand for family planning satisfied by modern methods,68.8,1,BD,Bangladesh,2000,BD2000DHS,FP_NADM_W_PDM,32933150,I,360007,1360070,Region,Rajshahi/Rangpur,0,,0,1,FPNADMWPDM,BDDHS2000360007,1999-00,DHS,1860.0,1448.0,,,1.0
BGD,Barishal,7552798,Neonatal mortality rate,47.0,0,BD,Bangladesh,2000,BD2000DHS,CM_ECMR_C_NNR,63206010,I,360001,1360010,Region,Barishal,14003,Ten years preceding the survey,0,1,CMECMRCNNR,BDDHS2000360001,1999-00,DHS,,,32.0,63.0,1.0
BGD,Chattogram/Sylhet,1734756,Neonatal mortality rate,51.0,0,BD,Bangladesh,2000,BD2000DHS,CM_ECMR_C_NNR,63206010,I,360002,1360020,Region,Chattogram/Sylhet,14003,Ten years preceding the survey,0,1,CMECMRCNNR,BDDHS2000360002,1999-00,DHS,,,43.0,60.0,
BGD,Chattogram,7779839,Neonatal mortality rate,41.0,0,BD,Bangladesh,2000,BD2000DHS,CM_ECMR_C_NNR,63206010,I,360003,1360030,Region,..Chattogram,14003,Ten years preceding the survey,0,1,CMECMRCNNR,BDDHS2000360003,1999-00,DHS,,,32.0,49.0,1.0
BGD,Sylhet,871058,Neonatal mortality rate,82.0,0,BD,Bangladesh,2000,BD2000DHS,CM_ECMR_C_NNR,63206010,I,360004,1360040,Region,..Sylhet,14003,Ten years preceding the survey,0,1,CMECMRCNNR,BDDHS2000360004,1999-00,DHS,,,65.0,98.0,1.0
BGD,Dhaka before 2015,7928753,Neonatal mortality rate,52.0,0,BD,Bangladesh,2000,BD2000DHS,CM_ECMR_C_NNR,63206010,I,360005,1360050,Region,Dhaka before 2015,14003,Ten years preceding the survey,0,1,CMECMRCNNR,BDDHS2000360005,1999-00,DHS,,,41.0,62.0,1.0
BGD,Khulna,7776313,Neonatal mortality rate,47.0,0,BD,Bangladesh,2000,BD2000DHS,CM_ECMR_C_NNR,63206010,I,360006,1360060,Region,Khulna,14003,Ten years preceding the survey,0,1,CMECMRCNNR,BDDHS2000360006,1999-00,DHS,,,37.0,58.0,1.0
BGD,Rajshahi/Rangpur,1722297,Neonatal mortality rate,50.0,0,BD,Bangladesh,2000,BD2000DHS,CM_ECMR_C_NNR,63206010,I,360007,1360070,Region,Rajshahi/Rangpur,14003,Ten years preceding the survey,0,1,CMECMRCNNR,BDDHS2000360007,1999-00,DHS,,,41.0,58.0,1.0
BGD,Barishal,7697235,Under-five mortality rate,109.0,0,BD,Bangladesh,2000,BD2000DHS,CM_ECMR_C_U5M,63206050,I,360001,1360010,Region,Barishal,14003,Ten years preceding the survey,0,1,CMECMRCU5M,BDDHS2000360001,1999-00,DHS,,,88.0,130.0,1.0
BGD,Chattogram/Sylhet,1734755,Under-five mortality rate,123.0,0,BD,Bangladesh,2000,BD2000DHS,CM_ECMR_C_U5M,63206050,I,360002,1360020,Region,Chattogram/Sylhet,14003,Ten years preceding the survey,0,1,CMECMRCU5M,BDDHS2000360002,1999-00,DHS,,,110.0,136.0,
BGD,Chattogram,7893757,Under-five mortality rate,110.0,0,BD,Bangladesh,2000,BD2000DHS,CM_ECMR_C_U5M,63206050,I,360003,1360030,Region,..Chattogram,14003,Ten years preceding the survey,0,1,CMECMRCU5M,BDDHS2000360003,1999-00,DHS,,,95.0,125.0,1.0
BGD,Sylhet,1734855,Under-five mortality rate,162.0,0,BD,Bangladesh,2000,BD2000DHS,CM_ECMR_C_U5M,63206050,I,360004,1360040,Region,..Sylhet,14003,Ten years preceding the survey,0,1,CMECMRCU5M,BDDHS2000360004,1999-00,DHS,,,140.0,184.0,1.0
BGD,Dhaka before 2015,1734881,Under-five mortality rate,115.0,0,BD,Bangladesh,2000,BD2000DHS,CM_ECMR_C_U5M,63206050,I,360005,1360050,Region,Dhaka before 2015,14003,Ten years preceding the survey,0,1,CMECMRCU5M,BDDHS2000360005,1999-00,DHS,,,102.0,129.0,1.0
BGD,Khulna,7697220,Under-five mortality rate,79.0,0,BD,Bangladesh,2000,BD2000DHS,CM_ECMR_C_U5M,63206050,I,360006,1360060,Region,Khulna,14003,Ten years preceding the survey,0,1,CMECMRCU5M,BDDHS2000360006,1999-00,DHS,,,66.0,93.0,1.0
BGD,Rajshahi/Rangpur,1722342,Under-five mortality rate,101.0,0,BD,Bangladesh,2000,BD2000DHS,CM_ECMR_C_U5M,63206050,I,360007,1360070,Region,Rajshahi/Rangpur,14003,Ten years preceding the survey,0,1,CMECMRCU5M,BDDHS2000360007,1999-00,DHS,,,88.0,114.0,1.0
BGD,Barishal,7318179,Assistance during delivery from a skilled provider,10.9,1,BD,Bangladesh,2000,BD2000DHS,RH_DELA_C_SKP,83606110,I,360001,1360010,Region,Barishal,14000,Three years preceding the survey,0,0,RHDELACSKP,BDDHS2000360001,1999-00,DHS,259.0,371.0,,,1.0
BGD,Barishal,4124406,Assistance during delivery from a skilled provider,9.7,1,BD,Bangladesh,2000,BD2000DHS,RH_DELA_C_SKP,83606110,I,360001,1360010,Region,Barishal,14001,Five years preceding the survey,0,0,RHDELACSKP,BDDHS2000360001,1999-00,DHS,434.0,609.0,,,1.0
BGD,Barishal,348875,Assistance during delivery from a skilled provider,12.7,1,BD,Bangladesh,2000,BD2000DHS,RH_DELA_C_SKP,83606110,I,360001,1360010,Region,Barishal,14002,Two years preceding the survey,0,1,RHDELACSKP,BDDHS2000360001,1999-00,DHS,159.0,230.0,,,1.0
BGD,Chattogram/Sylhet,447450,Assistance during delivery from a skilled provider,11.1,1,BD,Bangladesh,2000,BD2000DHS,RH_DELA_C_SKP,83606110,I,360002,1360020,Region,Chattogram/Sylhet,14000,Three years preceding the survey,0,0,RHDELACSKP,BDDHS2000360002,1999-00,DHS,1254.0,1451.0,,,
BGD,Chattogram/Sylhet,6598207,Assistance during delivery from a skilled provider,10.8,1,BD,Bangladesh,2000,BD2000DHS,RH_DELA_C_SKP,83606110,I,360002,1360020,Region,Chattogram/Sylhet,14001,Five years preceding the survey,0,0,RHDELACSKP,BDDHS2000360002,1999-00,DHS,2030.0,2363.0,,,
BGD,Chattogram/Sylhet,5739510,Assistance during delivery from a skilled provider,10.6,1,BD,Bangladesh,2000,BD2000DHS,RH_DELA_C_SKP,83606110,I,360002,1360020,Region,Chattogram/Sylhet,14002,Two years preceding the survey,0,1,RHDELACSKP,BDDHS2000360002,1999-00,DHS,827.0,955.0,,,
BGD,Chattogram,5538401,Assistance during delivery from a skilled provider,11.5,1,BD,Bangladesh,2000,BD2000DHS,RH_DELA_C_SKP,83606110,I,360003,1360030,Region,..Chattogram,14000,Three years preceding the survey,0,0,RHDELACSKP,BDDHS2000360003,1999-00,DHS,938.0,903.0,,,1.0
BGD,Chattogram,3218529,Assistance during delivery from a skilled provider,11.2,1,BD,Bangladesh,2000,BD2000DHS,RH_DELA_C_SKP,83606110,I,360003,1360030,Region,..Chattogram,14001,Five years preceding the survey,0,0,RHDELACSKP,BDDHS2000360003,1999-00,DHS,1518.0,1477.0,,,1.0
BGD,Chattogram,5722989,Assistance during delivery from a skilled provider,11.3,1,BD,Bangladesh,2000,BD2000DHS,RH_DELA_C_SKP,83606110,I,360003,1360030,Region,..Chattogram,14002,Two years preceding the survey,0,1,RHDELACSKP,BDDHS2000360003,1999-00,DHS,609.0,580.0,,,1.0
BGD,Sylhet,4410535,Assistance during delivery from a skilled provider,10.0,1,BD,Bangladesh,2000,BD2000DHS,RH_DELA_C_SKP,83606110,I,360004,1360040,Region,..Sylhet,14000,Three years preceding the survey,0,0,RHDELACSKP,BDDHS2000360004,1999-00,DHS,316.0,548.0,,,1.0
BGD,Sylhet,1303748,Assistance during delivery from a skilled provider,9.3,1,BD,Bangladesh,2000,BD2000DHS,RH_DELA_C_SKP,83606110,I,360004,1360040,Region,..Sylhet,14001,Five years preceding the survey,0,0,RHDELACSKP,BDDHS2000360004,1999-00,DHS,513.0,886.0,,,1.0
BGD,Sylhet,4466158,Assistance during delivery from a skilled provider,8.6,1,BD,Bangladesh,2000,BD2000DHS,RH_DELA_C_SKP,83606110,I,360004,1360040,Region,..Sylhet,14002,Two years preceding the survey,0,1,RHDELACSKP,BDDHS2000360004,1999-00,DHS,218.0,375.0,,,1.0
BGD,Dhaka before 2015,3367488,Assistance during delivery from a skilled provider,12.2,1,BD,Bangladesh,2000,BD2000DHS,RH_DELA_C_SKP,83606110,I,360005,1360050,Region,Dhaka before 2015,14000,Three years preceding the survey,0,0,RHDELACSKP,BDDHS2000360005,1999-00,DHS,1274.0,967.0,,,1.0
BGD,Dhaka before 2015,3725334,Assistance during delivery from a skilled provider,12.0,1,BD,Bangladesh,2000,BD2000DHS,RH_DELA_C_SKP,83606110,I,360005,1360050,Region,Dhaka before 2015,14001,Five years preceding the survey,0,0,RHDELACSKP,BDDHS2000360005,1999-00,DHS,2125.0,1612.0,,,1.0
BGD,Dhaka before 2015,1303766,Assistance during delivery from a skilled provider,12.8,1,BD,Bangladesh,2000,BD2000DHS,RH_DELA_C_SKP,83606110,I,360005,1360050,Region,Dhaka before 2015,14002,Two years preceding the survey,0,1,RHDELACSKP,BDDHS2000360005,1999-00,DHS,842.0,642.0,,,1.0
BGD,Khulna,3515316,Assistance during delivery from a skilled provider,19.8,1,BD,Bangladesh,2000,BD2000DHS,RH_DELA_C_SKP,83606110,I,360006,1360060,Region,Khulna,14000,Three years preceding the survey,0,0,RHDELACSKP,BDDHS2000360006,1999-00,DHS,423.0,594.0,,,1.0
BGD,Khulna,6940250,Assistance during delivery from a skilled provider,18.4,1,BD,Bangladesh,2000,BD2000DHS,RH_DELA_C_SKP,83606110,I,360006,1360060,Region,Khulna,14001,Five years preceding the survey,0,0,RHDELACSKP,BDDHS2000360006,1999-00,DHS,713.0,999.0,,,1.0
BGD,Khulna,460933,Assistance during delivery from a skilled provider,22.1,1,BD,Bangladesh,2000,BD2000DHS,RH_DELA_C_SKP,83606110,I,360006,1360060,Region,Khulna,14002,Two years preceding the survey,0,1,RHDELACSKP,BDDHS2000360006,1999-00,DHS,293.0,409.0,,,1.0
BGD,Rajshahi/Rangpur,6674720,Assistance during delivery from a skilled provider,10.8,1,BD,Bangladesh,2000,BD2000DHS,RH_DELA_C_SKP,83606110,I,360007,1360070,Region,Rajshahi/Rangpur,14000,Three years preceding the survey,0,0,RHDELACSKP,BDDHS2000360007,1999-00,DHS,983.0,751.0,,,1.0
BGD,Rajshahi/Rangpur,5937332,Assistance during delivery from a skilled provider,9.6,1,BD,Bangladesh,2000,BD2000DHS,RH_DELA_C_SKP,83606110,I,360007,1360070,Region,Rajshahi/Rangpur,14001,Five years preceding the survey,0,0,RHDELACSKP,BDDHS2000360007,1999-00,DHS,1617.0,1230.0,,,1.0
BGD,Rajshahi/Rangpur,5591082,Assistance during delivery from a skilled provider,12.3,1,BD,Bangladesh,2000,BD2000DHS,RH_DELA_C_SKP,83606110,I,360007,1360070,Region,Rajshahi/Rangpur,14002,Two years preceding the survey,0,1,RHDELACSKP,BDDHS2000360007,1999-00,DHS,644.0,492.0,,,1.0
BGD,Barishal,3714546,DPT 3 vaccination received,76.9,1,BD,Bangladesh,2000,BD2000DHS,CH_VACC_C_DP3,93906040,I,360001,1360010,Region,Barishal,0,,0,1,CHVACCCDP3,BDDHS2000360001,1999-00,DHS,77.0,110.0,,,1.0
BGD,Chattogram/Sylhet,7473426,DPT 3 vaccination received,73.0,1,BD,Bangladesh,2000,BD2000DHS,CH_VACC_C_DP3,93906040,I,360002,1360020,Region,Chattogram/Sylhet,0,,0,1,CHVACCCDP3,BDDHS2000360002,1999-00,DHS,368.0,424.0,,,
BGD,Chattogram,7917103,DPT 3 vaccination received,78.1,1,BD,Bangladesh,2000,BD2000DHS,CH_VACC_C_DP3,93906040,I,360003,1360030,Region,..Chattogram,0,,0,1,CHVACCCDP3,BDDHS2000360003,1999-00,DHS,274.0,263.0,,,1.0
BGD,Sylhet,110564,DPT 3 vaccination received,58.3,1,BD,Bangladesh,2000,BD2000DHS,CH_VACC_C_DP3,93906040,I,360004,1360040,Region,..Sylhet,0,,0,1,CHVACCCDP3,BDDHS2000360004,1999-00,DHS,94.0,161.0,,,1.0
BGD,Dhaka before 2015,6785471,DPT 3 vaccination received,68.8,1,BD,Bangladesh,2000,BD2000DHS,CH_VACC_C_DP3,93906040,I,360005,1360050,Region,Dhaka before 2015,0,,0,1,CHVACCCDP3,BDDHS2000360005,1999-00,DHS,403.0,307.0,,,1.0
BGD,Khulna,7630374,DPT 3 vaccination received,81.2,1,BD,Bangladesh,2000,BD2000DHS,CH_VACC_C_DP3,93906040,I,360006,1360060,Region,Khulna,0,,0,1,CHVACCCDP3,BDDHS2000360006,1999-00,DHS,159.0,222.0,,,1.0
BGD,Rajshahi/Rangpur,461529,DPT 3 vaccination received,69.5,1,BD,Bangladesh,2000,BD2000DHS,CH_VACC_C_DP3,93906040,I,360007,1360070,Region,Rajshahi/Rangpur,0,,0,1,CHVACCCDP3,BDDHS2000360007,1999-00,DHS,307.0,238.0,,,1.0
BGD,Barishal,5645350,Children stunted,52.7,1,BD,Bangladesh,2000,BD2000DHS,CN_NUTS_C_HA2,104236020,I,360001,1360010,Region,Barishal,0,,0,1,CNNUTSCHA2,BDDHS2000360001,1999-00,DHS,333.0,468.0,,,1.0
BGD,Chattogram/Sylhet,7473645,Children stunted,54.5,1,BD,Bangladesh,2000,BD2000DHS,CN_NUTS_C_HA2,104236020,I,360002,1360020,Region,Chattogram/Sylhet,0,,0,1,CNNUTSCHA2,BDDHS2000360002,1999-00,DHS,1599.0,1853.0,,,
BGD,Chattogram,7938249,Children stunted,52.4,1,BD,Bangladesh,2000,BD2000DHS,CN_NUTS_C_HA2,104236020,I,360003,1360030,Region,..Chattogram,0,,0,1,CNNUTSCHA2,BDDHS2000360003,1999-00,DHS,1201.0,1162.0,,,1.0
BGD,Sylhet,4905726,Children stunted,61.0,1,BD,Bangladesh,2000,BD2000DHS,CN_NUTS_C_HA2,104236020,I,360004,1360040,Region,..Sylhet,0,,0,1,CNNUTSCHA2,BDDHS2000360004,1999-00,DHS,399.0,691.0,,,1.0
BGD,Dhaka before 2015,3697371,Children stunted,51.3,1,BD,Bangladesh,2000,BD2000DHS,CN_NUTS_C_HA2,104236020,I,360005,1360050,Region,Dhaka before 2015,0,,0,1,CNNUTSCHA2,BDDHS2000360005,1999-00,DHS,1702.0,1286.0,,,1.0
BGD,Khulna,7610485,Children stunted,45.0,1,BD,Bangladesh,2000,BD2000DHS,CN_NUTS_C_HA2,104236020,I,360006,1360060,Region,Khulna,0,,0,1,CNNUTSCHA2,BDDHS2000360006,1999-00,DHS,560.0,793.0,,,1.0
BGD,Rajshahi/Rangpur,6245284,Children stunted,48.8,1,BD,Bangladesh,2000,BD2000DHS,CN_NUTS_C_HA2,104236020,I,360007,1360070,Region,Rajshahi/Rangpur,0,,0,1,CNNUTSCHA2,BDDHS2000360007,1999-00,DHS,1227.0,937.0,,,1.0
BGD,Barishal,7110735,Children wasted,12.6,1,BD,Bangladesh,2000,BD2000DHS,CN_NUTS_C_WH2,104236050,I,360001,1360010,Region,Barishal,0,,0,1,CNNUTSCWH2,BDDHS2000360001,1999-00,DHS,333.0,468.0,,,1.0
BGD,Chattogram/Sylhet,7449629,Children wasted,12.4,1,BD,Bangladesh,2000,BD2000DHS,CN_NUTS_C_WH2,104236050,I,360002,1360020,Region,Chattogram/Sylhet,0,,0,1,CNNUTSCWH2,BDDHS2000360002,1999-00,DHS,1599.0,1853.0,,,
BGD,Chattogram,7935473,Children wasted,12.2,1,BD,Bangladesh,2000,BD2000DHS,CN_NUTS_C_WH2,104236050,I,360003,1360030,Region,..Chattogram,0,,0,1,CNNUTSCWH2,BDDHS2000360003,1999-00,DHS,1201.0,1162.0,,,1.0
BGD,Sylhet,1397147,Children wasted,13.2,1,BD,Bangladesh,2000,BD2000DHS,CN_NUTS_C_WH2,104236050,I,360004,1360040,Region,..Sylhet,0,,0,1,CNNUTSCWH2,BDDHS2000360004,1999-00,DHS,399.0,691.0,,,1.0
BGD,Dhaka before 2015,4636795,Children wasted,11.7,1,BD,Bangladesh,2000,BD2000DHS,CN_NUTS_C_WH2,104236050,I,360005,1360050,Region,Dhaka before 2015,0,,0,1,CNNUTSCWH2,BDDHS2000360005,1999-00,DHS,1702.0,1286.0,,,1.0
BGD,Khulna,7610325,Children wasted,10.9,1,BD,Bangladesh,2000,BD2000DHS,CN_NUTS_C_WH2,104236050,I,360006,1360060,Region,Khulna,0,,0,1,CNNUTSCWH2,BDDHS2000360006,1999-00,DHS,560.0,793.0,,,1.0
BGD,Rajshahi/Rangpur,4128933,Children wasted,13.5,1,BD,Bangladesh,2000,BD2000DHS,CN_NUTS_C_WH2,104236050,I,360007,1360070,Region,Rajshahi/Rangpur,0,,0,1,CNNUTSCWH2,BDDHS2000360007,1999-00,DHS,1227.0,937.0,,,1.0
BGD,Barishal,7110736,Children overweight,0.1,1,BD,Bangladesh,2000,BD2000DHS,CN_NUTS_C_WHP,104236060,I,360001,1360010,Region,Barishal,0,,0,1,CNNUTSCWHP,BDDHS2000360001,1999-00,DHS,333.0,468.0,,,1.0
BGD,Chattogram/Sylhet,7449641,Children overweight,1.0,1,BD,Bangladesh,2000,BD2000DHS,CN_NUTS_C_WHP,104236060,I,360002,1360020,Region,Chattogram/Sylhet,0,,0,1,CNNUTSCWHP,BDDHS2000360002,1999-00,DHS,1599.0,1853.0,,,
BGD,Chattogram,7935474,Children overweight,1.0,1,BD,Bangladesh,2000,BD2000DHS,CN_NUTS_C_WHP,104236060,I,360003,1360030,Region,..Chattogram,0,,0,1,CNNUTSCWHP,BDDHS2000360003,1999-00,DHS,1201.0,1162.0,,,1.0
BGD,Sylhet,1397148,Children overweight,0.9,1,BD,Bangladesh,2000,BD2000DHS,CN_NUTS_C_WHP,104236060,I,360004,1360040,Region,..Sylhet,0,,0,1,CNNUTSCWHP,BDDHS2000360004,1999-00,DHS,399.0,691.0,,,1.0
BGD,Dhaka before 2015,4636796,Children overweight,0.7,1,BD,Bangladesh,2000,BD2000DHS,CN_NUTS_C_WHP,104236060,I,360005,1360050,Region,Dhaka before 2015,0,,0,1,CNNUTSCWHP,BDDHS2000360005,1999-00,DHS,1702.0,1286.0,,,1.0
BGD,Khulna,7610326,Children overweight,1.0,1,BD,Bangladesh,2000,BD2000DHS,CN_NUTS_C_WHP,104236060,I,360006,1360060,Region,Khulna,0,,0,1,CNNUTSCWHP,BDDHS2000360006,1999-00,DHS,560.0,793.0,,,1.0
BGD,Rajshahi/Rangpur,4128934,Children overweight,0.6,1,BD,Bangladesh,2000,BD2000DHS,CN_NUTS_C_WHP,104236060,I,360007,1360070,Region,Rajshahi/Rangpur,0,,0,1,CNNUTSCWHP,BDDHS2000360007,1999-00,DHS,1227.0,937.0,,,1.0
BGD,Barishal,3633993,Population using open defecation,4.8,1,BD,Bangladesh,2000,BD2000DHS,WS_TLET_P_NFC,250262210,I,360001,1360010,Region,Barishal,0,,0,1,WSTLETPNFC,BDDHS2000360001,1999-00,DHS,3434.0,4965.0,,,1.0
BGD,Chattogram/Sylhet,7450751,Population using open defecation,6.6,1,BD,Bangladesh,2000,BD2000DHS,WS_TLET_P_NFC,250262210,I,360002,1360020,Region,Chattogram/Sylhet,0,,0,1,WSTLETPNFC,BDDHS2000360002,1999-00,DHS,13754.0,16434.0,,,
BGD,Chattogram,7936735,Population using open defecation,6.8,1,BD,Bangladesh,2000,BD2000DHS,WS_TLET_P_NFC,250262210,I,360003,1360030,Region,..Chattogram,0,,0,1,WSTLETPNFC,BDDHS2000360003,1999-00,DHS,10367.0,10178.0,,,1.0
BGD,Sylhet,4297747,Population using open defecation,6.2,1,BD,Bangladesh,2000,BD2000DHS,WS_TLET_P_NFC,250262210,I,360004,1360040,Region,..Sylhet,0,,0,1,WSTLETPNFC,BDDHS2000360004,1999-00,DHS,3387.0,6256.0,,,1.0
BGD,Dhaka before 2015,5952603,Population using open defecation,18.2,1,BD,Bangladesh,2000,BD2000DHS,WS_TLET_P_NFC,250262210,I,360005,1360050,Region,Dhaka before 2015,0,,0,1,WSTLETPNFC,BDDHS2000360005,1999-00,DHS,15603.0,12105.0,,,1.0
BGD,Khulna,7631385,Population using open defecation,11.7,1,BD,Bangladesh,2000,BD2000DHS,WS_TLET_P_NFC,250262210,I,360006,1360060,Region,Khulna,0,,0,1,WSTLETPNFC,BDDHS2000360006,1999-00,DHS,5730.0,8169.0,,,1.0
BGD,Rajshahi/Rangpur,1088727,Population using open defecation,35.2,1,BD,Bangladesh,2000,BD2000DHS,WS_TLET_P_NFC,250262210,I,360007,1360070,Region,Rajshahi/Rangpur,0,,0,1,WSTLETPNFC,BDDHS2000360007,1999-00,DHS,12443.0,9764.0,,,1.0
BGD,Barishal,6822805,Population with electricity,25.5,1,BD,Bangladesh,2000,BD2000DHS,HC_ELEC_P_ELC,260322010,I,360001,1360010,Region,Barishal,0,,0,1,HCELECPELC,BDDHS2000360001,1999-00,DHS,3434.0,4965.0,,,1.0
BGD,Chattogram/Sylhet,7471849,Population with electricity,41.5,1,BD,Bangladesh,2000,BD2000DHS,HC_ELEC_P_ELC,260322010,I,360002,1360020,Region,Chattogram/Sylhet,0,,0,1,HCELECPELC,BDDHS2000360002,1999-00,DHS,13754.0,16434.0,,,
BGD,Chattogram,7935365,Population with electricity,45.2,1,BD,Bangladesh,2000,BD2000DHS,HC_ELEC_P_ELC,260322010,I,360003,1360030,Region,..Chattogram,0,,0,1,HCELECPELC,BDDHS2000360003,1999-00,DHS,10367.0,10178.0,,,1.0
BGD,Sylhet,7041109,Population with electricity,30.2,1,BD,Bangladesh,2000,BD2000DHS,HC_ELEC_P_ELC,260322010,I,360004,1360040,Region,..Sylhet,0,,0,1,HCELECPELC,BDDHS2000360004,1999-00,DHS,3387.0,6256.0,,,1.0
BGD,Dhaka before 2015,5813056,Population with electricity,38.2,1,BD,Bangladesh,2000,BD2000DHS,HC_ELEC_P_ELC,260322010,I,360005,1360050,Region,Dhaka before 2015,0,,0,1,HCELECPELC,BDDHS2000360005,1999-00,DHS,15603.0,12105.0,,,1.0
BGD,Khulna,7630814,Population with electricity,37.7,1,BD,Bangladesh,2000,BD2000DHS,HC_ELEC_P_ELC,260322010,I,360006,1360060,Region,Khulna,0,,0,1,HCELECPELC,BDDHS2000360006,1999-00,DHS,5730.0,8169.0,,,1.0
BGD,Rajshahi/Rangpur,7433579,Population with electricity,19.3,1,BD,Bangladesh,2000,BD2000DHS,HC_ELEC_P_ELC,260322010,I,360007,1360070,Region,Rajshahi/Rangpur,0,,0,1,HCELECPELC,BDDHS2000360007,1999-00,DHS,12443.0,9764.0,,,1.0
BGD,Barishal,1817002,Age specific fertility rate: 10-14,6.0,0,BD,Bangladesh,2004,BD2004DHS,FE_FRTR_W_A10,11763005,I,360001,1360010,Region,Barishal,0,,0,1,FEFRTRWA10,BDDHS2004360001,2004,DHS,,,,,1.0
BGD,Chattogram/Sylhet,1817010,Age specific fertility rate: 10-14,10.0,0,BD,Bangladesh,2004,BD2004DHS,FE_FRTR_W_A10,11763005,I,360002,1360020,Region,Chattogram/Sylhet,0,,0,1,FEFRTRWA10,BDDHS2004360002,2004,DHS,,,,,
BGD,Chattogram,5383389,Age specific fertility rate: 10-14,12.0,0,BD,Bangladesh,2004,BD2004DHS,FE_FRTR_W_A10,11763005,I,360003,1360030,Region,..Chattogram,0,,0,1,FEFRTRWA10,BDDHS2004360003,2004,DHS,,,,,1.0
BGD,Sylhet,1796702,Age specific fertility rate: 10-14,6.0,0,BD,Bangladesh,2004,BD2004DHS,FE_FRTR_W_A10,11763005,I,360004,1360040,Region,..Sylhet,0,,0,1,FEFRTRWA10,BDDHS2004360004,2004,DHS,,,,,1.0
BGD,Dhaka before 2015,1810599,Age specific fertility rate: 10-14,9.0,0,BD,Bangladesh,2004,BD2004DHS,FE_FRTR_W_A10,11763005,I,360005,1360050,Region,Dhaka before 2015,0,,0,1,FEFRTRWA10,BDDHS2004360005,2004,DHS,,,,,1.0
BGD,Khulna,1796731,Age specific fertility rate: 10-14,10.0,0,BD,Bangladesh,2004,BD2004DHS,FE_FRTR_W_A10,11763005,I,360006,1360060,Region,Khulna,0,,0,1,FEFRTRWA10,BDDHS2004360006,2004,DHS,,,,,1.0
BGD,Rajshahi/Rangpur,1803986,Age specific fertility rate: 10-14,17.0,0,BD,Bangladesh,2004,BD2004DHS,FE_FRTR_W_A10,11763005,I,360007,1360070,Region,Rajshahi/Rangpur,0,,0,1,FEFRTRWA10,BDDHS2004360007,2004,DHS,,,,,1.0
BGD,Barishal,1817003,Age specific fertility rate: 15-19,128.0,0,BD,Bangladesh,2004,BD2004DHS,FE_FRTR_W_A15,11763010,I,360001,1360010,Region,Barishal,0,,0,1,FEFRTRWA15,BDDHS2004360001,2004,DHS,,,,,1.0
BGD,Chattogram/Sylhet,1817011,Age specific fertility rate: 15-19,129.0,0,BD,Bangladesh,2004,BD2004DHS,FE_FRTR_W_A15,11763010,I,360002,1360020,Region,Chattogram/Sylhet,0,,0,1,FEFRTRWA15,BDDHS2004360002,2004,DHS,,,,,
BGD,Chattogram,5383390,Age specific fertility rate: 15-19,139.0,0,BD,Bangladesh,2004,BD2004DHS,FE_FRTR_W_A15,11763010,I,360003,1360030,Region,..Chattogram,0,,0,1,FEFRTRWA15,BDDHS2004360003,2004,DHS,,,,,1.0
BGD,Sylhet,1796703,Age specific fertility rate: 15-19,106.0,0,BD,Bangladesh,2004,BD2004DHS,FE_FRTR_W_A15,11763010,I,360004,1360040,Region,..Sylhet,0,,0,1,FEFRTRWA15,BDDHS2004360004,2004,DHS,,,,,1.0
BGD,Dhaka before 2015,1810600,Age specific fertility rate: 15-19,134.0,0,BD,Bangladesh,2004,BD2004DHS,FE_FRTR_W_A15,11763010,I,360005,1360050,Region,Dhaka before 2015,0,,0,1,FEFRTRWA15,BDDHS2004360005,2004,DHS,,,,,1.0
BGD,Khulna,1796732,Age specific fertility rate: 15-19,151.0,0,BD,Bangladesh,2004,BD2004DHS,FE_FRTR_W_A15,11763010,I,360006,1360060,Region,Khulna,0,,0,1,FEFRTRWA15,BDDHS2004360006,2004,DHS,,,,,1.0
BGD,Rajshahi/Rangpur,1803993,Age specific fertility rate: 15-19,147.0,0,BD,Bangladesh,2004,BD2004DHS,FE_FRTR_W_A15,11763010,I,360007,1360070,Region,Rajshahi/Rangpur,0,,0,1,FEFRTRWA15,BDDHS2004360007,2004,DHS,,,,,1.0
BGD,Barishal,1566142,Demand for family planning satisfied by modern methods,59.5,1,BD,Bangladesh,2004,BD2004DHS,FP_NADM_W_PDM,32933150,I,360001,1360010,Region,Barishal,0,,0,1,FPNADMWPDM,BDDHS2004360001,2004,DHS,480.0,923.0,,,1.0
BGD,Chattogram/Sylhet,5338299,Demand for family planning satisfied by modern methods,51.5,1,BD,Bangladesh,2004,BD2004DHS,FP_NADM_W_PDM,32933150,I,360002,1360020,Region,Chattogram/Sylhet,0,,0,1,FPNADMWPDM,BDDHS2004360002,2004,DHS,1637.0,1904.0,,,
BGD,Chattogram,6290372,Demand for family planning satisfied by modern methods,54.8,1,BD,Bangladesh,2004,BD2004DHS,FP_NADM_W_PDM,32933150,I,360003,1360030,Region,..Chattogram,0,,0,1,FPNADMWPDM,BDDHS2004360003,2004,DHS,1281.0,1310.0,,,1.0
BGD,Sylhet,6748804,Demand for family planning satisfied by modern methods,39.5,1,BD,Bangladesh,2004,BD2004DHS,FP_NADM_W_PDM,32933150,I,360004,1360040,Region,..Sylhet,0,,0,1,FPNADMWPDM,BDDHS2004360004,2004,DHS,356.0,594.0,,,1.0
BGD,Dhaka before 2015,6063009,Demand for family planning satisfied by modern methods,66.2,1,BD,Bangladesh,2004,BD2004DHS,FP_NADM_W_PDM,32933150,I,360005,1360050,Region,Dhaka before 2015,0,,0,1,FPNADMWPDM,BDDHS2004360005,2004,DHS,2410.0,1757.0,,,1.0
BGD,Khulna,3682130,Demand for family planning satisfied by modern methods,66.5,1,BD,Bangladesh,2004,BD2004DHS,FP_NADM_W_PDM,32933150,I,360006,1360060,Region,Khulna,0,,0,1,FPNADMWPDM,BDDHS2004360006,2004,DHS,979.0,1210.0,,,1.0
BGD,Rajshahi/Rangpur,7024601,Demand for family planning satisfied by modern methods,73.8,1,BD,Bangladesh,2004,BD2004DHS,FP_NADM_W_PDM,32933150,I,360007,1360070,Region,Rajshahi/Rangpur,0,,0,1,FPNADMWPDM,BDDHS2004360007,2004,DHS,2165.0,1848.0,,,1.0
BGD,Barishal,7674384,Neonatal mortality rate,32.0,0,BD,Bangladesh,2004,BD2004DHS,CM_ECMR_C_NNR,63206010,I,360001,1360010,Region,Barishal,14003,Ten years preceding the survey,0,1,CMECMRCNNR,BDDHS2004360001,2004,DHS,,,21.0,43.0,1.0
BGD,Chattogram/Sylhet,1739855,Neonatal mortality rate,47.0,0,BD,Bangladesh,2004,BD2004DHS,CM_ECMR_C_NNR,63206010,I,360002,1360020,Region,Chattogram/Sylhet,14003,Ten years preceding the survey,0,1,CMECMRCNNR,BDDHS2004360002,2004,DHS,,,40.0,54.0,
BGD,Chattogram,7964093,Neonatal mortality rate,41.0,0,BD,Bangladesh,2004,BD2004DHS,CM_ECMR_C_NNR,63206010,I,360003,1360030,Region,..Chattogram,14003,Ten years preceding the survey,0,1,CMECMRCNNR,BDDHS2004360003,2004,DHS,,,33.0,49.0,1.0
BGD,Sylhet,1728543,Neonatal mortality rate,63.0,0,BD,Bangladesh,2004,BD2004DHS,CM_ECMR_C_NNR,63206010,I,360004,1360040,Region,..Sylhet,14003,Ten years preceding the survey,0,1,CMECMRCNNR,BDDHS2004360004,2004,DHS,,,51.0,76.0,1.0
BGD,Dhaka before 2015,7810238,Neonatal mortality rate,47.0,0,BD,Bangladesh,2004,BD2004DHS,CM_ECMR_C_NNR,63206010,I,360005,1360050,Region,Dhaka before 2015,14003,Ten years preceding the survey,0,1,CMECMRCNNR,BDDHS2004360005,2004,DHS,,,38.0,55.0,1.0
BGD,Khulna,7895012,Neonatal mortality rate,47.0,0,BD,Bangladesh,2004,BD2004DHS,CM_ECMR_C_NNR,63206010,I,360006,1360060,Region,Khulna,14003,Ten years preceding the survey,0,1,CMECMRCNNR,BDDHS2004360006,2004,DHS,,,34.0,60.0,1.0
BGD,Rajshahi/Rangpur,7494513,Neonatal mortality rate,48.0,0,BD,Bangladesh,2004,BD2004DHS,CM_ECMR_C_NNR,63206010,I,360007,1360070,Region,Rajshahi/Rangpur,14003,Ten years preceding the survey,0,1,CMECMRCNNR,BDDHS2004360007,2004,DHS,,,38.0,59.0,1.0
BGD,Barishal,1739877,Under-five mortality rate,92.0,0,BD,Bangladesh,2004,BD2004DHS,CM_ECMR_C_U5M,63206050,I,360001,1360010,Region,Barishal,14003,Ten years preceding the survey,0,1,CMECMRCU5M,BDDHS2004360001,2004,DHS,,,73.0,110.0,1.0
BGD,Chattogram/Sylhet,7555162,Under-five mortality rate,110.0,0,BD,Bangladesh,2004,BD2004DHS,CM_ECMR_C_U5M,63206050,I,360002,1360020,Region,Chattogram/Sylhet,14003,Ten years preceding the survey,0,1,CMECMRCU5M,BDDHS2004360002,2004,DHS,,,99.0,121.0,
BGD,Chattogram,7962685,Under-five mortality rate,103.0,0,BD,Bangladesh,2004,BD2004DHS,CM_ECMR_C_U5M,63206050,I,360003,1360030,Region,..Chattogram,14003,Ten years preceding the survey,0,1,CMECMRCU5M,BDDHS2004360003,2004,DHS,,,92.0,115.0,1.0
BGD,Sylhet,1728544,Under-five mortality rate,126.0,0,BD,Bangladesh,2004,BD2004DHS,CM_ECMR_C_U5M,63206050,I,360004,1360040,Region,..Sylhet,14003,Ten years preceding the survey,0,1,CMECMRCU5M,BDDHS2004360004,2004,DHS,,,101.0,151.0,1.0
BGD,Dhaka before 2015,7863649,Under-five mortality rate,99.0,0,BD,Bangladesh,2004,BD2004DHS,CM_ECMR_C_U5M,63206050,I,360005,1360050,Region,Dhaka before 2015,14003,Ten years preceding the survey,0,1,CMECMRCU5M,BDDHS2004360005,2004,DHS,,,85.0,114.0,1.0
BGD,Khulna,3014141,Under-five mortality rate,78.0,0,BD,Bangladesh,2004,BD2004DHS,CM_ECMR_C_U5M,63206050,I,360006,1360060,Region,Khulna,14003,Ten years preceding the survey,0,1,CMECMRCU5M,BDDHS2004360006,2004,DHS,,,63.0,93.0,1.0
BGD,Rajshahi/Rangpur,7774220,Under-five mortality rate,86.0,0,BD,Bangladesh,2004,BD2004DHS,CM_ECMR_C_U5M,63206050,I,360007,1360070,Region,Rajshahi/Rangpur,14003,Ten years preceding the survey,0,1,CMECMRCU5M,BDDHS2004360007,2004,DHS,,,72.0,101.0,1.0
BGD,Barishal,4752388,Assistance during delivery from a skilled provider,14.1,1,BD,Bangladesh,2004,BD2004DHS,RH_DELA_C_SKP,83606110,I,360001,1360010,Region,Barishal,14000,Three years preceding the survey,0,0,RHDELACSKP,BDDHS2004360001,2004,DHS,237.0,433.0,,,1.0
BGD,Barishal,108393,Assistance during delivery from a skilled provider,10.9,1,BD,Bangladesh,2004,BD2004DHS,RH_DELA_C_SKP,83606110,I,360001,1360010,Region,Barishal,14001,Five years preceding the survey,0,0,RHDELACSKP,BDDHS2004360001,2004,DHS,410.0,752.0,,,1.0
BGD,Barishal,5896406,Assistance during delivery from a skilled provider,14.2,1,BD,Bangladesh,2004,BD2004DHS,RH_DELA_C_SKP,83606110,I,360001,1360010,Region,Barishal,14002,Two years preceding the survey,0,1,RHDELACSKP,BDDHS2004360001,2004,DHS,160.0,287.0,,,1.0
BGD,Chattogram/Sylhet,6412336,Assistance during delivery from a skilled provider,11.8,1,BD,Bangladesh,2004,BD2004DHS,RH_DELA_C_SKP,83606110,I,360002,1360020,Region,Chattogram/Sylhet,14000,Three years preceding the survey,0,0,RHDELACSKP,BDDHS2004360002,2004,DHS,1287.0,1490.0,,,
BGD,Chattogram/Sylhet,2692422,Assistance during delivery from a skilled provider,10.6,1,BD,Bangladesh,2004,BD2004DHS,RH_DELA_C_SKP,83606110,I,360002,1360020,Region,Chattogram/Sylhet,14001,Five years preceding the survey,0,0,RHDELACSKP,BDDHS2004360002,2004,DHS,2125.0,2444.0,,,
BGD,Chattogram/Sylhet,3646156,Assistance during delivery from a skilled provider,10.8,1,BD,Bangladesh,2004,BD2004DHS,RH_DELA_C_SKP,83606110,I,360002,1360020,Region,Chattogram/Sylhet,14002,Two years preceding the survey,0,1,RHDELACSKP,BDDHS2004360002,2004,DHS,828.0,957.0,,,
BGD,Chattogram,641837,Assistance during delivery from a skilled provider,11.6,1,BD,Bangladesh,2004,BD2004DHS,RH_DELA_C_SKP,83606110,I,360003,1360030,Region,..Chattogram,14000,Three years preceding the survey,0,0,RHDELACSKP,BDDHS2004360003,2004,DHS,920.0,910.0,,,1.0
BGD,Chattogram,3527259,Assistance during delivery from a skilled provider,10.5,1,BD,Bangladesh,2004,BD2004DHS,RH_DELA_C_SKP,83606110,I,360003,1360030,Region,..Chattogram,14001,Five years preceding the survey,0,0,RHDELACSKP,BDDHS2004360003,2004,DHS,1526.0,1501.0,,,1.0
BGD,Chattogram,4712055,Assistance during delivery from a skilled provider,10.2,1,BD,Bangladesh,2004,BD2004DHS,RH_DELA_C_SKP,83606110,I,360003,1360030,Region,..Chattogram,14002,Two years preceding the survey,0,1,RHDELACSKP,BDDHS2004360003,2004,DHS,593.0,584.0,,,1.0
BGD,Sylhet,5598084,Assistance during delivery from a skilled provider,12.6,1,BD,Bangladesh,2004,BD2004DHS,RH_DELA_C_SKP,83606110,I,360004,1360040,Region,..Sylhet,14000,Three years preceding the survey,0,0,RHDELACSKP,BDDHS2004360004,2004,DHS,366.0,580.0,,,1.0
BGD,Sylhet,767178,Assistance during delivery from a skilled provider,10.9,1,BD,Bangladesh,2004,BD2004DHS,RH_DELA_C_SKP,83606110,I,360004,1360040,Region,..Sylhet,14001,Five years preceding the survey,0,0,RHDELACSKP,BDDHS2004360004,2004,DHS,599.0,943.0,,,1.0
BGD,Sylhet,133831,Assistance during delivery from a skilled provider,12.2,1,BD,Bangladesh,2004,BD2004DHS,RH_DELA_C_SKP,83606110,I,360004,1360040,Region,..Sylhet,14002,Two years preceding the survey,0,1,RHDELACSKP,BDDHS2004360004,2004,DHS,236.0,373.0,,,1.0
BGD,Dhaka before 2015,302716,Assistance during delivery from a skilled provider,18.4,1,BD,Bangladesh,2004,BD2004DHS,RH_DELA_C_SKP,83606110,I,360005,1360050,Region,Dhaka before 2015,14000,Three years preceding the survey,0,0,RHDELACSKP,BDDHS2004360005,2004,DHS,1250.0,879.0,,,1.0
BGD,Dhaka before 2015,7146972,Assistance during delivery from a skilled provider,14.7,1,BD,Bangladesh,2004,BD2004DHS,RH_DELA_C_SKP,83606110,I,360005,1360050,Region,Dhaka before 2015,14001,Five years preceding the survey,0,0,RHDELACSKP,BDDHS2004360005,2004,DHS,2174.0,1530.0,,,1.0
BGD,Dhaka before 2015,4744938,Assistance during delivery from a skilled provider,19.4,1,BD,Bangladesh,2004,BD2004DHS,RH_DELA_C_SKP,83606110,I,360005,1360050,Region,Dhaka before 2015,14002,Two years preceding the survey,0,1,RHDELACSKP,BDDHS2004360005,2004,DHS,810.0,572.0,,,1.0
BGD,Khulna,1311708,Assistance during delivery from a skilled provider,22.8,1,BD,Bangladesh,2004,BD2004DHS,RH_DELA_C_SKP,83606110,I,360006,1360060,Region,Khulna,14000,Three years preceding the survey,0,0,RHDELACSKP,BDDHS2004360006,2004,DHS,450.0,537.0,,,1.0
BGD,Khulna,3218563,Assistance during delivery from a skilled provider,19.9,1,BD,Bangladesh,2004,BD2004DHS,RH_DELA_C_SKP,83606110,I,360006,1360060,Region,Khulna,14001,Five years preceding the survey,0,0,RHDELACSKP,BDDHS2004360006,2004,DHS,730.0,865.0,,,1.0
BGD,Khulna,6001633,Assistance during delivery from a skilled provider,25.2,1,BD,Bangladesh,2004,BD2004DHS,RH_DELA_C_SKP,83606110,I,360006,1360060,Region,Khulna,14002,Two years preceding the survey,0,1,RHDELACSKP,BDDHS2004360006,2004,DHS,290.0,345.0,,,1.0
BGD,Rajshahi/Rangpur,6792309,Assistance during delivery from a skilled provider,11.5,1,BD,Bangladesh,2004,BD2004DHS,RH_DELA_C_SKP,83606110,I,360007,1360070,Region,Rajshahi/Rangpur,14000,Three years preceding the survey,0,0,RHDELACSKP,BDDHS2004360007,2004,DHS,896.0,756.0,,,1.0
BGD,Rajshahi/Rangpur,5222151,Assistance during delivery from a skilled provider,10.3,1,BD,Bangladesh,2004,BD2004DHS,RH_DELA_C_SKP,83606110,I,360007,1360070,Region,Rajshahi/Rangpur,14001,Five years preceding the survey,0,0,RHDELACSKP,BDDHS2004360007,2004,DHS,1558.0,1309.0,,,1.0
BGD,Rajshahi/Rangpur,634779,Assistance during delivery from a skilled provider,12.6,1,BD,Bangladesh,2004,BD2004DHS,RH_DELA_C_SKP,83606110,I,360007,1360070,Region,Rajshahi/Rangpur,14002,Two years preceding the survey,0,1,RHDELACSKP,BDDHS2004360007,2004,DHS,605.0,503.0,,,1.0
BGD,Barishal,6078633,DPT 3 vaccination received,81.5,1,BD,Bangladesh,2004,BD2004DHS,CH_VACC_C_DP3,93906040,I,360001,1360010,Region,Barishal,0,,0,1,CHVACCCDP3,BDDHS2004360001,2004,DHS,75.0,135.0,,,1.0
BGD,Chattogram/Sylhet,2738773,DPT 3 vaccination received,79.8,1,BD,Bangladesh,2004,BD2004DHS,CH_VACC_C_DP3,93906040,I,360002,1360020,Region,Chattogram/Sylhet,0,,0,1,CHVACCCDP3,BDDHS2004360002,2004,DHS,372.0,429.0,,,
BGD,Chattogram,5076029,DPT 3 vaccination received,84.3,1,BD,Bangladesh,2004,BD2004DHS,CH_VACC_C_DP3,93906040,I,360003,1360030,Region,..Chattogram,0,,0,1,CHVACCCDP3,BDDHS2004360003,2004,DHS,268.0,261.0,,,1.0
BGD,Sylhet,2058366,DPT 3 vaccination received,68.3,1,BD,Bangladesh,2004,BD2004DHS,CH_VACC_C_DP3,93906040,I,360004,1360040,Region,..Sylhet,0,,0,1,CHVACCCDP3,BDDHS2004360004,2004,DHS,105.0,168.0,,,1.0
BGD,Dhaka before 2015,6844100,DPT 3 vaccination received,78.1,1,BD,Bangladesh,2004,BD2004DHS,CH_VACC_C_DP3,93906040,I,360005,1360050,Region,Dhaka before 2015,0,,0,1,CHVACCCDP3,BDDHS2004360005,2004,DHS,375.0,266.0,,,1.0
BGD,Khulna,3455004,DPT 3 vaccination received,87.6,1,BD,Bangladesh,2004,BD2004DHS,CH_VACC_C_DP3,93906040,I,360006,1360060,Region,Khulna,0,,0,1,CHVACCCDP3,BDDHS2004360006,2004,DHS,130.0,156.0,,,1.0
BGD,Rajshahi/Rangpur,2070883,DPT 3 vaccination received,82.9,1,BD,Bangladesh,2004,BD2004DHS,CH_VACC_C_DP3,93906040,I,360007,1360070,Region,Rajshahi/Rangpur,0,,0,1,CHVACCCDP3,BDDHS2004360007,2004,DHS,313.0,261.0,,,1.0
BGD,Barishal,4953026,Children stunted,55.8,1,BD,Bangladesh,2004,BD2004DHS,CN_NUTS_C_HA2,104236020,I,360001,1360010,Region,Barishal,0,,0,1,CNNUTSCHA2,BDDHS2004360001,2004,DHS,357.0,664.0,,,1.0
BGD,Chattogram/Sylhet,1304056,Children stunted,52.9,1,BD,Bangladesh,2004,BD2004DHS,CN_NUTS_C_HA2,104236020,I,360002,1360020,Region,Chattogram/Sylhet,0,,0,1,CNNUTSCHA2,BDDHS2004360002,2004,DHS,1805.0,2105.0,,,
BGD,Chattogram,6841180,Children stunted,52.7,1,BD,Bangladesh,2004,BD2004DHS,CN_NUTS_C_HA2,104236020,I,360003,1360030,Region,..Chattogram,0,,0,1,CNNUTSCHA2,BDDHS2004360003,2004,DHS,1317.0,1314.0,,,1.0
BGD,Sylhet,824468,Children stunted,53.4,1,BD,Bangladesh,2004,BD2004DHS,CN_NUTS_C_HA2,104236020,I,360004,1360040,Region,..Sylhet,0,,0,1,CNNUTSCHA2,BDDHS2004360004,2004,DHS,488.0,791.0,,,1.0
BGD,Dhaka before 2015,1296914,Children stunted,52.8,1,BD,Bangladesh,2004,BD2004DHS,CN_NUTS_C_HA2,104236020,I,360005,1360050,Region,Dhaka before 2015,0,,0,1,CNNUTSCHA2,BDDHS2004360005,2004,DHS,1844.0,1314.0,,,1.0
BGD,Khulna,5661469,Children stunted,40.2,1,BD,Bangladesh,2004,BD2004DHS,CN_NUTS_C_HA2,104236020,I,360006,1360060,Region,Khulna,0,,0,1,CNNUTSCHA2,BDDHS2004360006,2004,DHS,666.0,799.0,,,1.0
BGD,Rajshahi/Rangpur,1289784,Children stunted,48.1,1,BD,Bangladesh,2004,BD2004DHS,CN_NUTS_C_HA2,104236020,I,360007,1360070,Region,Rajshahi/Rangpur,0,,0,1,CNNUTSCHA2,BDDHS2004360007,2004,DHS,1356.0,1155.0,,,1.0
BGD,Barishal,2861183,Children wasted,9.1,1,BD,Bangladesh,2004,BD2004DHS,CN_NUTS_C_WH2,104236050,I,360001,1360010,Region,Barishal,0,,0,1,CNNUTSCWH2,BDDHS2004360001,2004,DHS,357.0,664.0,,,1.0
BGD,Chattogram/Sylhet,5045900,Children wasted,15.7,1,BD,Bangladesh,2004,BD2004DHS,CN_NUTS_C_WH2,104236050,I,360002,1360020,Region,Chattogram/Sylhet,0,,0,1,CNNUTSCWH2,BDDHS2004360002,2004,DHS,1805.0,2105.0,,,
BGD,Chattogram,1296899,Children wasted,15.8,1,BD,Bangladesh,2004,BD2004DHS,CN_NUTS_C_WH2,104236050,I,360003,1360030,Region,..Chattogram,0,,0,1,CNNUTSCWH2,BDDHS2004360003,2004,DHS,1317.0,1314.0,,,1.0
BGD,Sylhet,164990,Children wasted,15.3,1,BD,Bangladesh,2004,BD2004DHS,CN_NUTS_C_WH2,104236050,I,360004,1360040,Region,..Sylhet,0,,0,1,CNNUTSCWH2,BDDHS2004360004,2004,DHS,488.0,791.0,,,1.0
BGD,Dhaka before 2015,6317799,Children wasted,12.8,1,BD,Bangladesh,2004,BD2004DHS,CN_NUTS_C_WH2,104236050,I,360005,1360050,Region,Dhaka before 2015,0,,0,1,CNNUTSCWH2,BDDHS2004360005,2004,DHS,1844.0,1314.0,,,1.0
BGD,Khulna,2835682,Children wasted,16.0,1,BD,Bangladesh,2004,BD2004DHS,CN_NUTS_C_WH2,104236050,I,360006,1360060,Region,Khulna,0,,0,1,CNNUTSCWH2,BDDHS2004360006,2004,DHS,666.0,799.0,,,1.0
BGD,Rajshahi/Rangpur,5706876,Children wasted,16.0,1,BD,Bangladesh,2004,BD2004DHS,CN_NUTS_C_WH2,104236050,I,360007,1360070,Region,Rajshahi/Rangpur,0,,0,1,CNNUTSCWH2,BDDHS2004360007,2004,DHS,1356.0,1155.0,,,1.0
BGD,Barishal,2861186,Children overweight,1.0,1,BD,Bangladesh,2004,BD2004DHS,CN_NUTS_C_WHP,104236060,I,360001,1360010,Region,Barishal,0,,0,1,CNNUTSCWHP,BDDHS2004360001,2004,DHS,357.0,664.0,,,1.0
BGD,Chattogram/Sylhet,5045901,Children overweight,0.9,1,BD,Bangladesh,2004,BD2004DHS,CN_NUTS_C_WHP,104236060,I,360002,1360020,Region,Chattogram/Sylhet,0,,0,1,CNNUTSCWHP,BDDHS2004360002,2004,DHS,1805.0,2105.0,,,
BGD,Chattogram,1296900,Children overweight,1.0,1,BD,Bangladesh,2004,BD2004DHS,CN_NUTS_C_WHP,104236060,I,360003,1360030,Region,..Chattogram,0,,0,1,CNNUTSCWHP,BDDHS2004360003,2004,DHS,1317.0,1314.0,,,1.0
BGD,Sylhet,164991,Children overweight,0.8,1,BD,Bangladesh,2004,BD2004DHS,CN_NUTS_C_WHP,104236060,I,360004,1360040,Region,..Sylhet,0,,0,1,CNNUTSCWHP,BDDHS2004360004,2004,DHS,488.0,791.0,,,1.0
BGD,Dhaka before 2015,6317800,Children overweight,1.1,1,BD,Bangladesh,2004,BD2004DHS,CN_NUTS_C_WHP,104236060,I,360005,1360050,Region,Dhaka before 2015,0,,0,1,CNNUTSCWHP,BDDHS2004360005,2004,DHS,1844.0,1314.0,,,1.0
BGD,Khulna,2835683,Children overweight,0.6,1,BD,Bangladesh,2004,BD2004DHS,CN_NUTS_C_WHP,104236060,I,360006,1360060,Region,Khulna,0,,0,1,CNNUTSCWHP,BDDHS2004360006,2004,DHS,666.0,799.0,,,1.0
BGD,Rajshahi/Rangpur,5706877,Children overweight,0.7,1,BD,Bangladesh,2004,BD2004DHS,CN_NUTS_C_WHP,104236060,I,360007,1360070,Region,Rajshahi/Rangpur,0,,0,1,CNNUTSCWHP,BDDHS2004360007,2004,DHS,1356.0,1155.0,,,1.0
BGD,Barishal,6053640,Men who smoke any type of tobacco,52.7,1,BD,Bangladesh,2004,BD2004DHS,AH_TOBC_M_ANY,151434005,I,360001,1360010,Region,Barishal,0,,0,1,AHTOBCMANY,BDDHS2004360001,2004,DHS,208.0,417.0,,,1.0
BGD,Chattogram/Sylhet,127670,Men who smoke any type of tobacco,57.6,1,BD,Bangladesh,2004,BD2004DHS,AH_TOBC_M_ANY,151434005,I,360002,1360020,Region,Chattogram/Sylhet,0,,0,1,AHTOBCMANY,BDDHS2004360002,2004,DHS,993.0,1082.0,,,
BGD,Chattogram,1401206,Men who smoke any type of tobacco,53.2,1,BD,Bangladesh,2004,BD2004DHS,AH_TOBC_M_ANY,151434005,I,360003,1360030,Region,..Chattogram,0,,0,1,AHTOBCMANY,BDDHS2004360003,2004,DHS,701.0,678.0,,,1.0
BGD,Sylhet,3217437,Men who smoke any type of tobacco,68.0,1,BD,Bangladesh,2004,BD2004DHS,AH_TOBC_M_ANY,151434005,I,360004,1360040,Region,..Sylhet,0,,0,1,AHTOBCMANY,BDDHS2004360004,2004,DHS,292.0,404.0,,,1.0
BGD,Dhaka before 2015,4324378,Men who smoke any type of tobacco,59.1,1,BD,Bangladesh,2004,BD2004DHS,AH_TOBC_M_ANY,151434005,I,360005,1360050,Region,Dhaka before 2015,0,,0,1,AHTOBCMANY,BDDHS2004360005,2004,DHS,1258.0,950.0,,,1.0
BGD,Khulna,6535765,Men who smoke any type of tobacco,53.4,1,BD,Bangladesh,2004,BD2004DHS,AH_TOBC_M_ANY,151434005,I,360006,1360060,Region,Khulna,0,,0,1,AHTOBCMANY,BDDHS2004360006,2004,DHS,552.0,676.0,,,1.0
BGD,Rajshahi/Rangpur,5797904,Men who smoke any type of tobacco,59.6,1,BD,Bangladesh,2004,BD2004DHS,AH_TOBC_M_ANY,151434005,I,360007,1360070,Region,Rajshahi/Rangpur,0,,0,1,AHTOBCMANY,BDDHS2004360007,2004,DHS,1043.0,944.0,,,1.0
BGD,Barishal,7046207,Population using open defecation,3.4,1,BD,Bangladesh,2004,BD2004DHS,WS_TLET_P_NFC,250262210,I,360001,1360010,Region,Barishal,0,,0,1,WSTLETPNFC,BDDHS2004360001,2004,DHS,3289.0,6280.0,,,1.0
BGD,Chattogram/Sylhet,2611087,Population using open defecation,6.5,1,BD,Bangladesh,2004,BD2004DHS,WS_TLET_P_NFC,250262210,I,360002,1360020,Region,Chattogram/Sylhet,0,,0,1,WSTLETPNFC,BDDHS2004360002,2004,DHS,13982.0,16516.0,,,
BGD,Chattogram,6731878,Population using open defecation,5.7,1,BD,Bangladesh,2004,BD2004DHS,WS_TLET_P_NFC,250262210,I,360003,1360030,Region,..Chattogram,0,,0,1,WSTLETPNFC,BDDHS2004360003,2004,DHS,10172.0,10321.0,,,1.0
BGD,Sylhet,3361742,Population using open defecation,8.5,1,BD,Bangladesh,2004,BD2004DHS,WS_TLET_P_NFC,250262210,I,360004,1360040,Region,..Sylhet,0,,0,1,WSTLETPNFC,BDDHS2004360004,2004,DHS,3809.0,6195.0,,,1.0
BGD,Dhaka before 2015,5606166,Population using open defecation,10.4,1,BD,Bangladesh,2004,BD2004DHS,WS_TLET_P_NFC,250262210,I,360005,1360050,Region,Dhaka before 2015,0,,0,1,WSTLETPNFC,BDDHS2004360005,2004,DHS,16223.0,11842.0,,,1.0
BGD,Khulna,5486845,Population using open defecation,7.9,1,BD,Bangladesh,2004,BD2004DHS,WS_TLET_P_NFC,250262210,I,360006,1360060,Region,Khulna,0,,0,1,WSTLETPNFC,BDDHS2004360006,2004,DHS,6103.0,7477.0,,,1.0
BGD,Rajshahi/Rangpur,574798,Population using open defecation,25.1,1,BD,Bangladesh,2004,BD2004DHS,WS_TLET_P_NFC,250262210,I,360007,1360070,Region,Rajshahi/Rangpur,0,,0,1,WSTLETPNFC,BDDHS2004360007,2004,DHS,12532.0,10787.0,,,1.0
BGD,Barishal,4876486,Population with electricity,25.5,1,BD,Bangladesh,2004,BD2004DHS,HC_ELEC_P_ELC,260322010,I,360001,1360010,Region,Barishal,0,,0,1,HCELECPELC,BDDHS2004360001,2004,DHS,3289.0,6280.0,,,1.0
BGD,Chattogram/Sylhet,678269,Population with electricity,42.6,1,BD,Bangladesh,2004,BD2004DHS,HC_ELEC_P_ELC,260322010,I,360002,1360020,Region,Chattogram/Sylhet,0,,0,1,HCELECPELC,BDDHS2004360002,2004,DHS,13982.0,16516.0,,,
BGD,Chattogram,4382828,Population with electricity,43.4,1,BD,Bangladesh,2004,BD2004DHS,HC_ELEC_P_ELC,260322010,I,360003,1360030,Region,..Chattogram,0,,0,1,HCELECPELC,BDDHS2004360003,2004,DHS,10172.0,10321.0,,,1.0
BGD,Sylhet,5859948,Population with electricity,40.3,1,BD,Bangladesh,2004,BD2004DHS,HC_ELEC_P_ELC,260322010,I,360004,1360040,Region,..Sylhet,0,,0,1,HCELECPELC,BDDHS2004360004,2004,DHS,3809.0,6195.0,,,1.0
BGD,Dhaka before 2015,4322197,Population with electricity,51.2,1,BD,Bangladesh,2004,BD2004DHS,HC_ELEC_P_ELC,260322010,I,360005,1360050,Region,Dhaka before 2015,0,,0,1,HCELECPELC,BDDHS2004360005,2004,DHS,16223.0,11842.0,,,1.0
BGD,Khulna,136940,Population with electricity,46.5,1,BD,Bangladesh,2004,BD2004DHS,HC_ELEC_P_ELC,260322010,I,360006,1360060,Region,Khulna,0,,0,1,HCELECPELC,BDDHS2004360006,2004,DHS,6103.0,7477.0,,,1.0
BGD,Rajshahi/Rangpur,1089088,Population with electricity,28.8,1,BD,Bangladesh,2004,BD2004DHS,HC_ELEC_P_ELC,260322010,I,360007,1360070,Region,Rajshahi/Rangpur,0,,0,1,HCELECPELC,BDDHS2004360007,2004,DHS,12532.0,10787.0,,,1.0
BGD,Barishal,4876524,Population using clean fuel for cooking ,1.7,1,BD,Bangladesh,2004,BD2004DHS,HC_CKFL_P_CLN,260432150,I,360001,1360010,Region,Barishal,0,,0,1,HCCKFLPCLN,BDDHS2004360001,2004,DHS,3289.0,6280.0,,,1.0
BGD,Chattogram/Sylhet,678290,Population using clean fuel for cooking ,8.4,1,BD,Bangladesh,2004,BD2004DHS,HC_CKFL_P_CLN,260432150,I,360002,1360020,Region,Chattogram/Sylhet,0,,0,1,HCCKFLPCLN,BDDHS2004360002,2004,DHS,13982.0,16516.0,,,
BGD,Chattogram,4382873,Population using clean fuel for cooking ,9.8,1,BD,Bangladesh,2004,BD2004DHS,HC_CKFL_P_CLN,260432150,I,360003,1360030,Region,..Chattogram,0,,0,1,HCCKFLPCLN,BDDHS2004360003,2004,DHS,10172.0,10321.0,,,1.0
BGD,Sylhet,5860063,Population using clean fuel for cooking ,4.7,1,BD,Bangladesh,2004,BD2004DHS,HC_CKFL_P_CLN,260432150,I,360004,1360040,Region,..Sylhet,0,,0,1,HCCKFLPCLN,BDDHS2004360004,2004,DHS,3809.0,6195.0,,,1.0
BGD,Dhaka before 2015,4322229,Population using clean fuel for cooking ,15.3,1,BD,Bangladesh,2004,BD2004DHS,HC_CKFL_P_CLN,260432150,I,360005,1360050,Region,Dhaka before 2015,0,,0,1,HCCKFLPCLN,BDDHS2004360005,2004,DHS,16223.0,11842.0,,,1.0
BGD,Khulna,136955,Population using clean fuel for cooking ,2.0,1,BD,Bangladesh,2004,BD2004DHS,HC_CKFL_P_CLN,260432150,I,360006,1360060,Region,Khulna,0,,0,1,HCCKFLPCLN,BDDHS2004360006,2004,DHS,6103.0,7477.0,,,1.0
BGD,Rajshahi/Rangpur,1089110,Population using clean fuel for cooking ,0.5,1,BD,Bangladesh,2004,BD2004DHS,HC_CKFL_P_CLN,260432150,I,360007,1360070,Region,Rajshahi/Rangpur,0,,0,1,HCCKFLPCLN,BDDHS2004360007,2004,DHS,12532.0,10787.0,,,1.0
BGD,Barishal,1817073,Age specific fertility rate: 10-14,5.0,0,BD,Bangladesh,2007,BD2007DHS,FE_FRTR_W_A10,11763005,I,360001,1360010,Region,Barishal,0,,0,1,FEFRTRWA10,BDDHS2007360001,2007,DHS,,,,,1.0
BGD,Chattogram/Sylhet,1817096,Age specific fertility rate: 10-14,6.0,0,BD,Bangladesh,2007,BD2007DHS,FE_FRTR_W_A10,11763005,I,360002,1360020,Region,Chattogram/Sylhet,0,,0,1,FEFRTRWA10,BDDHS2007360002,2007,DHS,,,,,
BGD,Chattogram,1817069,Age specific fertility rate: 10-14,6.0,0,BD,Bangladesh,2007,BD2007DHS,FE_FRTR_W_A10,11763005,I,360003,1360030,Region,..Chattogram,0,,0,1,FEFRTRWA10,BDDHS2007360003,2007,DHS,,,,,1.0
BGD,Sylhet,7874114,Age specific fertility rate: 10-14,6.0,0,BD,Bangladesh,2007,BD2007DHS,FE_FRTR_W_A10,11763005,I,360004,1360040,Region,..Sylhet,0,,0,1,FEFRTRWA10,BDDHS2007360004,2007,DHS,,,,,1.0
BGD,Dhaka before 2015,1810662,Age specific fertility rate: 10-14,9.0,0,BD,Bangladesh,2007,BD2007DHS,FE_FRTR_W_A10,11763005,I,360005,1360050,Region,Dhaka before 2015,0,,0,1,FEFRTRWA10,BDDHS2007360005,2007,DHS,,,,,1.0
BGD,Khulna,1796761,Age specific fertility rate: 10-14,8.0,0,BD,Bangladesh,2007,BD2007DHS,FE_FRTR_W_A10,11763005,I,360006,1360060,Region,Khulna,0,,0,1,FEFRTRWA10,BDDHS2007360006,2007,DHS,,,,,1.0
BGD,Rajshahi/Rangpur,1810680,Age specific fertility rate: 10-14,16.0,0,BD,Bangladesh,2007,BD2007DHS,FE_FRTR_W_A10,11763005,I,360007,1360070,Region,Rajshahi/Rangpur,0,,0,1,FEFRTRWA10,BDDHS2007360007,2007,DHS,,,,,1.0
BGD,Barishal,1817086,Age specific fertility rate: 15-19,132.0,0,BD,Bangladesh,2007,BD2007DHS,FE_FRTR_W_A15,11763010,I,360001,1360010,Region,Barishal,0,,0,1,FEFRTRWA15,BDDHS2007360001,2007,DHS,,,,,1.0
BGD,Chattogram/Sylhet,1817097,Age specific fertility rate: 15-19,120.0,0,BD,Bangladesh,2007,BD2007DHS,FE_FRTR_W_A15,11763010,I,360002,1360020,Region,Chattogram/Sylhet,0,,0,1,FEFRTRWA15,BDDHS2007360002,2007,DHS,,,,,
BGD,Chattogram,1817070,Age specific fertility rate: 15-19,125.0,0,BD,Bangladesh,2007,BD2007DHS,FE_FRTR_W_A15,11763010,I,360003,1360030,Region,..Chattogram,0,,0,1,FEFRTRWA15,BDDHS2007360003,2007,DHS,,,,,1.0
BGD,Sylhet,7874115,Age specific fertility rate: 15-19,109.0,0,BD,Bangladesh,2007,BD2007DHS,FE_FRTR_W_A15,11763010,I,360004,1360040,Region,..Sylhet,0,,0,1,FEFRTRWA15,BDDHS2007360004,2007,DHS,,,,,1.0
BGD,Dhaka before 2015,1810663,Age specific fertility rate: 15-19,125.0,0,BD,Bangladesh,2007,BD2007DHS,FE_FRTR_W_A15,11763010,I,360005,1360050,Region,Dhaka before 2015,0,,0,1,FEFRTRWA15,BDDHS2007360005,2007,DHS,,,,,1.0
BGD,Khulna,1796765,Age specific fertility rate: 15-19,122.0,0,BD,Bangladesh,2007,BD2007DHS,FE_FRTR_W_A15,11763010,I,360006,1360060,Region,Khulna,0,,0,1,FEFRTRWA15,BDDHS2007360006,2007,DHS,,,,,1.0
BGD,Rajshahi/Rangpur,1810681,Age specific fertility rate: 15-19,136.0,0,BD,Bangladesh,2007,BD2007DHS,FE_FRTR_W_A15,11763010,I,360007,1360070,Region,Rajshahi/Rangpur,0,,0,1,FEFRTRWA15,BDDHS2007360007,2007,DHS,,,,,1.0
BGD,Barishal,3156895,Demand for family planning satisfied by modern methods,62.1,1,BD,Bangladesh,2007,BD2007DHS,FP_NADM_W_PDM,32933150,I,360001,1360010,Region,Barishal,0,,0,1,FPNADMWPDM,BDDHS2007360001,2007,DHS,475.0,1027.0,,,1.0
BGD,Chattogram/Sylhet,6579681,Demand for family planning satisfied by modern methods,54.2,1,BD,Bangladesh,2007,BD2007DHS,FP_NADM_W_PDM,32933150,I,360002,1360020,Region,Chattogram/Sylhet,0,,0,1,FPNADMWPDM,BDDHS2007360002,2007,DHS,1614.0,2010.0,,,
BGD,Chattogram,4167515,Demand for family planning satisfied by modern methods,57.3,1,BD,Bangladesh,2007,BD2007DHS,FP_NADM_W_PDM,32933150,I,360003,1360030,Region,..Chattogram,0,,0,1,FPNADMWPDM,BDDHS2007360003,2007,DHS,1253.0,1224.0,,,1.0
BGD,Sylhet,7846877,Demand for family planning satisfied by modern methods,43.5,1,BD,Bangladesh,2007,BD2007DHS,FP_NADM_W_PDM,32933150,I,360004,1360040,Region,..Sylhet,0,,0,1,FPNADMWPDM,BDDHS2007360004,2007,DHS,362.0,786.0,,,1.0
BGD,Dhaka before 2015,5522825,Demand for family planning satisfied by modern methods,64.7,1,BD,Bangladesh,2007,BD2007DHS,FP_NADM_W_PDM,32933150,I,360005,1360050,Region,Dhaka before 2015,0,,0,1,FPNADMWPDM,BDDHS2007360005,2007,DHS,2340.0,1615.0,,,1.0
BGD,Khulna,3680767,Demand for family planning satisfied by modern methods,70.9,1,BD,Bangladesh,2007,BD2007DHS,FP_NADM_W_PDM,32933150,I,360006,1360060,Region,Khulna,0,,0,1,FPNADMWPDM,BDDHS2007360006,2007,DHS,958.0,1169.0,,,1.0
BGD,Rajshahi/Rangpur,6900325,Demand for family planning satisfied by modern methods,73.3,1,BD,Bangladesh,2007,BD2007DHS,FP_NADM_W_PDM,32933150,I,360007,1360070,Region,Rajshahi/Rangpur,0,,0,1,FPNADMWPDM,BDDHS2007360007,2007,DHS,2011.0,1496.0,,,1.0
BGD,Barishal,7930660,Neonatal mortality rate,31.0,0,BD,Bangladesh,2007,BD2007DHS,CM_ECMR_C_NNR,63206010,I,360001,1360010,Region,Barishal,14003,Ten years preceding the survey,0,1,CMECMRCNNR,BDDHS2007360001,2007,DHS,,,23.0,39.0,1.0
BGD,Chattogram/Sylhet,7700627,Neonatal mortality rate,40.0,0,BD,Bangladesh,2007,BD2007DHS,CM_ECMR_C_NNR,63206010,I,360002,1360020,Region,Chattogram/Sylhet,14003,Ten years preceding the survey,0,1,CMECMRCNNR,BDDHS2007360002,2007,DHS,,,30.0,49.0,
BGD,Chattogram,7639300,Neonatal mortality rate,34.0,0,BD,Bangladesh,2007,BD2007DHS,CM_ECMR_C_NNR,63206010,I,360003,1360030,Region,..Chattogram,14003,Ten years preceding the survey,0,1,CMECMRCNNR,BDDHS2007360003,2007,DHS,,,22.0,46.0,1.0
BGD,Sylhet,337029,Neonatal mortality rate,53.0,0,BD,Bangladesh,2007,BD2007DHS,CM_ECMR_C_NNR,63206010,I,360004,1360040,Region,..Sylhet,14003,Ten years preceding the survey,0,1,CMECMRCNNR,BDDHS2007360004,2007,DHS,,,38.0,68.0,1.0
BGD,Dhaka before 2015,7866632,Neonatal mortality rate,38.0,0,BD,Bangladesh,2007,BD2007DHS,CM_ECMR_C_NNR,63206010,I,360005,1360050,Region,Dhaka before 2015,14003,Ten years preceding the survey,0,1,CMECMRCNNR,BDDHS2007360005,2007,DHS,,,30.0,46.0,1.0
BGD,Khulna,1728607,Neonatal mortality rate,32.0,0,BD,Bangladesh,2007,BD2007DHS,CM_ECMR_C_NNR,63206010,I,360006,1360060,Region,Khulna,14003,Ten years preceding the survey,0,1,CMECMRCNNR,BDDHS2007360006,2007,DHS,,,21.0,44.0,1.0
BGD,Rajshahi/Rangpur,7811774,Neonatal mortality rate,46.0,0,BD,Bangladesh,2007,BD2007DHS,CM_ECMR_C_NNR,63206010,I,360007,1360070,Region,Rajshahi/Rangpur,14003,Ten years preceding the survey,0,1,CMECMRCNNR,BDDHS2007360007,2007,DHS,,,32.0,60.0,1.0
BGD,Barishal,7525142,Under-five mortality rate,71.0,0,BD,Bangladesh,2007,BD2007DHS,CM_ECMR_C_U5M,63206050,I,360001,1360010,Region,Barishal,14003,Ten years preceding the survey,0,1,CMECMRCU5M,BDDHS2007360001,2007,DHS,,,60.0,83.0,1.0
BGD,Chattogram/Sylhet,7789814,Under-five mortality rate,88.0,0,BD,Bangladesh,2007,BD2007DHS,CM_ECMR_C_U5M,63206050,I,360002,1360020,Region,Chattogram/Sylhet,14003,Ten years preceding the survey,0,1,CMECMRCU5M,BDDHS2007360002,2007,DHS,,,76.0,100.0,
BGD,Chattogram,1739966,Under-five mortality rate,79.0,0,BD,Bangladesh,2007,BD2007DHS,CM_ECMR_C_U5M,63206050,I,360003,1360030,Region,..Chattogram,14003,Ten years preceding the survey,0,1,CMECMRCU5M,BDDHS2007360003,2007,DHS,,,65.0,94.0,1.0
BGD,Sylhet,7892163,Under-five mortality rate,107.0,0,BD,Bangladesh,2007,BD2007DHS,CM_ECMR_C_U5M,63206050,I,360004,1360040,Region,..Sylhet,14003,Ten years preceding the survey,0,1,CMECMRCU5M,BDDHS2007360004,2007,DHS,,,84.0,131.0,1.0
BGD,Dhaka before 2015,7757876,Under-five mortality rate,69.0,0,BD,Bangladesh,2007,BD2007DHS,CM_ECMR_C_U5M,63206050,I,360005,1360050,Region,Dhaka before 2015,14003,Ten years preceding the survey,0,1,CMECMRCU5M,BDDHS2007360005,2007,DHS,,,55.0,82.0,1.0
BGD,Khulna,1728631,Under-five mortality rate,58.0,0,BD,Bangladesh,2007,BD2007DHS,CM_ECMR_C_U5M,63206050,I,360006,1360060,Region,Khulna,14003,Ten years preceding the survey,0,1,CMECMRCU5M,BDDHS2007360006,2007,DHS,,,44.0,72.0,1.0
BGD,Rajshahi/Rangpur,1734877,Under-five mortality rate,71.0,0,BD,Bangladesh,2007,BD2007DHS,CM_ECMR_C_U5M,63206050,I,360007,1360070,Region,Rajshahi/Rangpur,14003,Ten years preceding the survey,0,1,CMECMRCU5M,BDDHS2007360007,2007,DHS,,,54.0,88.0,1.0
BGD,Barishal,4666768,Assistance during delivery from a skilled provider,15.0,1,BD,Bangladesh,2007,BD2007DHS,RH_DELA_C_SKP,83606110,I,360001,1360010,Region,Barishal,14000,Three years preceding the survey,0,0,RHDELACSKP,BDDHS2007360001,2007,DHS,219.0,448.0,,,1.0
BGD,Barishal,5666906,Assistance during delivery from a skilled provider,13.4,1,BD,Bangladesh,2007,BD2007DHS,RH_DELA_C_SKP,83606110,I,360001,1360010,Region,Barishal,14001,Five years preceding the survey,0,0,RHDELACSKP,BDDHS2007360001,2007,DHS,383.0,791.0,,,1.0
BGD,Barishal,7104471,Assistance during delivery from a skilled provider,14.7,1,BD,Bangladesh,2007,BD2007DHS,RH_DELA_C_SKP,83606110,I,360001,1360010,Region,Barishal,14002,Two years preceding the survey,0,1,RHDELACSKP,BDDHS2007360001,2007,DHS,137.0,279.0,,,1.0
BGD,Chattogram/Sylhet,4592487,Assistance during delivery from a skilled provider,18.9,1,BD,Bangladesh,2007,BD2007DHS,RH_DELA_C_SKP,83606110,I,360002,1360020,Region,Chattogram/Sylhet,14000,Three years preceding the survey,0,0,RHDELACSKP,BDDHS2007360002,2007,DHS,1117.0,1412.0,,,
BGD,Chattogram/Sylhet,6790624,Assistance during delivery from a skilled provider,16.3,1,BD,Bangladesh,2007,BD2007DHS,RH_DELA_C_SKP,83606110,I,360002,1360020,Region,Chattogram/Sylhet,14001,Five years preceding the survey,0,0,RHDELACSKP,BDDHS2007360002,2007,DHS,1884.0,2393.0,,,
BGD,Chattogram/Sylhet,6071125,Assistance during delivery from a skilled provider,20.5,1,BD,Bangladesh,2007,BD2007DHS,RH_DELA_C_SKP,83606110,I,360002,1360020,Region,Chattogram/Sylhet,14002,Two years preceding the survey,0,1,RHDELACSKP,BDDHS2007360002,2007,DHS,744.0,935.0,,,
BGD,Chattogram,4892341,Assistance during delivery from a skilled provider,21.1,1,BD,Bangladesh,2007,BD2007DHS,RH_DELA_C_SKP,83606110,I,360003,1360030,Region,..Chattogram,14000,Three years preceding the survey,0,0,RHDELACSKP,BDDHS2007360003,2007,DHS,798.0,762.0,,,1.0
BGD,Chattogram,6494267,Assistance during delivery from a skilled provider,18.5,1,BD,Bangladesh,2007,BD2007DHS,RH_DELA_C_SKP,83606110,I,360003,1360030,Region,..Chattogram,14001,Five years preceding the survey,0,0,RHDELACSKP,BDDHS2007360003,2007,DHS,1337.0,1275.0,,,1.0
BGD,Chattogram,3899781,Assistance during delivery from a skilled provider,22.1,1,BD,Bangladesh,2007,BD2007DHS,RH_DELA_C_SKP,83606110,I,360003,1360030,Region,..Chattogram,14002,Two years preceding the survey,0,1,RHDELACSKP,BDDHS2007360003,2007,DHS,543.0,517.0,,,1.0
BGD,Sylhet,5285052,Assistance during delivery from a skilled provider,13.2,1,BD,Bangladesh,2007,BD2007DHS,RH_DELA_C_SKP,83606110,I,360004,1360040,Region,..Sylhet,14000,Three years preceding the survey,0,0,RHDELACSKP,BDDHS2007360004,2007,DHS,319.0,650.0,,,1.0
BGD,Sylhet,3201217,Assistance during delivery from a skilled provider,10.9,1,BD,Bangladesh,2007,BD2007DHS,RH_DELA_C_SKP,83606110,I,360004,1360040,Region,..Sylhet,14001,Five years preceding the survey,0,0,RHDELACSKP,BDDHS2007360004,2007,DHS,547.0,1118.0,,,1.0
BGD,Sylhet,3708698,Assistance during delivery from a skilled provider,16.1,1,BD,Bangladesh,2007,BD2007DHS,RH_DELA_C_SKP,83606110,I,360004,1360040,Region,..Sylhet,14002,Two years preceding the survey,0,1,RHDELACSKP,BDDHS2007360004,2007,DHS,201.0,418.0,,,1.0
BGD,Dhaka before 2015,6118898,Assistance during delivery from a skilled provider,23.3,1,BD,Bangladesh,2007,BD2007DHS,RH_DELA_C_SKP,83606110,I,360005,1360050,Region,Dhaka before 2015,14000,Three years preceding the survey,0,0,RHDELACSKP,BDDHS2007360005,2007,DHS,1132.0,771.0,,,1.0
BGD,Dhaka before 2015,7042527,Assistance during delivery from a skilled provider,19.9,1,BD,Bangladesh,2007,BD2007DHS,RH_DELA_C_SKP,83606110,I,360005,1360050,Region,Dhaka before 2015,14001,Five years preceding the survey,0,0,RHDELACSKP,BDDHS2007360005,2007,DHS,1908.0,1285.0,,,1.0
BGD,Dhaka before 2015,3914102,Assistance during delivery from a skilled provider,25.9,1,BD,Bangladesh,2007,BD2007DHS,RH_DELA_C_SKP,83606110,I,360005,1360050,Region,Dhaka before 2015,14002,Two years preceding the survey,0,1,RHDELACSKP,BDDHS2007360005,2007,DHS,746.0,509.0,,,1.0
BGD,Khulna,657889,Assistance during delivery from a skilled provider,31.5,1,BD,Bangladesh,2007,BD2007DHS,RH_DELA_C_SKP,83606110,I,360006,1360060,Region,Khulna,14000,Three years preceding the survey,0,0,RHDELACSKP,BDDHS2007360006,2007,DHS,328.0,417.0,,,1.0
BGD,Khulna,767750,Assistance during delivery from a skilled provider,26.7,1,BD,Bangladesh,2007,BD2007DHS,RH_DELA_C_SKP,83606110,I,360006,1360060,Region,Khulna,14001,Five years preceding the survey,0,0,RHDELACSKP,BDDHS2007360006,2007,DHS,578.0,714.0,,,1.0
BGD,Khulna,4945304,Assistance during delivery from a skilled provider,35.0,1,BD,Bangladesh,2007,BD2007DHS,RH_DELA_C_SKP,83606110,I,360006,1360060,Region,Khulna,14002,Two years preceding the survey,0,1,RHDELACSKP,BDDHS2007360006,2007,DHS,194.0,258.0,,,1.0
BGD,Rajshahi/Rangpur,6375039,Assistance during delivery from a skilled provider,18.1,1,BD,Bangladesh,2007,BD2007DHS,RH_DELA_C_SKP,83606110,I,360007,1360070,Region,Rajshahi/Rangpur,14000,Three years preceding the survey,0,0,RHDELACSKP,BDDHS2007360007,2007,DHS,792.0,595.0,,,1.0
BGD,Rajshahi/Rangpur,4135299,Assistance during delivery from a skilled provider,15.4,1,BD,Bangladesh,2007,BD2007DHS,RH_DELA_C_SKP,83606110,I,360007,1360070,Region,Rajshahi/Rangpur,14001,Five years preceding the survey,0,0,RHDELACSKP,BDDHS2007360007,2007,DHS,1306.0,967.0,,,1.0
BGD,Rajshahi/Rangpur,328429,Assistance during delivery from a skilled provider,19.4,1,BD,Bangladesh,2007,BD2007DHS,RH_DELA_C_SKP,83606110,I,360007,1360070,Region,Rajshahi/Rangpur,14002,Two years preceding the survey,0,1,RHDELACSKP,BDDHS2007360007,2007,DHS,526.0,390.0,,,1.0
BGD,Barishal,5215783,DPT 3 vaccination received,95.5,1,BD,Bangladesh,2007,BD2007DHS,CH_VACC_C_DP3,93906040,I,360001,1360010,Region,Barishal,0,,0,1,CHVACCCDP3,BDDHS2007360001,2007,DHS,69.0,144.0,,,1.0
BGD,Chattogram/Sylhet,533988,DPT 3 vaccination received,88.0,1,BD,Bangladesh,2007,BD2007DHS,CH_VACC_C_DP3,93906040,I,360002,1360020,Region,Chattogram/Sylhet,0,,0,1,CHVACCCDP3,BDDHS2007360002,2007,DHS,373.0,455.0,,,
BGD,Chattogram,4158893,DPT 3 vaccination received,90.0,1,BD,Bangladesh,2007,BD2007DHS,CH_VACC_C_DP3,93906040,I,360003,1360030,Region,..Chattogram,0,,0,1,CHVACCCDP3,BDDHS2007360003,2007,DHS,278.0,267.0,,,1.0
BGD,Sylhet,7849278,DPT 3 vaccination received,82.1,1,BD,Bangladesh,2007,BD2007DHS,CH_VACC_C_DP3,93906040,I,360004,1360040,Region,..Sylhet,0,,0,1,CHVACCCDP3,BDDHS2007360004,2007,DHS,95.0,188.0,,,1.0
BGD,Dhaka before 2015,4085948,DPT 3 vaccination received,91.1,1,BD,Bangladesh,2007,BD2007DHS,CH_VACC_C_DP3,93906040,I,360005,1360050,Region,Dhaka before 2015,0,,0,1,CHVACCCDP3,BDDHS2007360005,2007,DHS,361.0,248.0,,,1.0
BGD,Khulna,255063,DPT 3 vaccination received,94.6,1,BD,Bangladesh,2007,BD2007DHS,CH_VACC_C_DP3,93906040,I,360006,1360060,Region,Khulna,0,,0,1,CHVACCCDP3,BDDHS2007360006,2007,DHS,90.0,119.0,,,1.0
BGD,Rajshahi/Rangpur,2065265,DPT 3 vaccination received,93.2,1,BD,Bangladesh,2007,BD2007DHS,CH_VACC_C_DP3,93906040,I,360007,1360070,Region,Rajshahi/Rangpur,0,,0,1,CHVACCCDP3,BDDHS2007360007,2007,DHS,253.0,195.0,,,1.0
BGD,Barishal,4997390,Children stunted,46.9,1,BD,Bangladesh,2007,BD2007DHS,CN_NUTS_C_HA2,104236020,I,360001,1360010,Region,Barishal,0,,0,1,CNNUTSCHA2,BDDHS2007360001,2007,DHS,340.0,711.0,,,1.0
BGD,Chattogram/Sylhet,3193505,Children stunted,45.3,1,BD,Bangladesh,2007,BD2007DHS,CN_NUTS_C_HA2,104236020,I,360002,1360020,Region,Chattogram/Sylhet,0,,0,1,CNNUTSCHA2,BDDHS2007360002,2007,DHS,1601.0,2048.0,,,
BGD,Chattogram,3589866,Children stunted,45.5,1,BD,Bangladesh,2007,BD2007DHS,CN_NUTS_C_HA2,104236020,I,360003,1360030,Region,..Chattogram,0,,0,1,CNNUTSCHA2,BDDHS2007360003,2007,DHS,1153.0,1117.0,,,1.0
BGD,Sylhet,7847349,Children stunted,44.7,1,BD,Bangladesh,2007,BD2007DHS,CN_NUTS_C_HA2,104236020,I,360004,1360040,Region,..Sylhet,0,,0,1,CNNUTSCHA2,BDDHS2007360004,2007,DHS,448.0,931.0,,,1.0
BGD,Dhaka before 2015,6239198,Children stunted,44.0,1,BD,Bangladesh,2007,BD2007DHS,CN_NUTS_C_HA2,104236020,I,360005,1360050,Region,Dhaka before 2015,0,,0,1,CNNUTSCHA2,BDDHS2007360005,2007,DHS,1671.0,1143.0,,,1.0
BGD,Khulna,799550,Children stunted,34.6,1,BD,Bangladesh,2007,BD2007DHS,CN_NUTS_C_HA2,104236020,I,360006,1360060,Region,Khulna,0,,0,1,CNNUTSCHA2,BDDHS2007360006,2007,DHS,516.0,644.0,,,1.0
BGD,Rajshahi/Rangpur,1297036,Children stunted,41.8,1,BD,Bangladesh,2007,BD2007DHS,CN_NUTS_C_HA2,104236020,I,360007,1360070,Region,Rajshahi/Rangpur,0,,0,1,CNNUTSCHA2,BDDHS2007360007,2007,DHS,1183.0,877.0,,,1.0
BGD,Barishal,3789959,Children wasted,18.0,1,BD,Bangladesh,2007,BD2007DHS,CN_NUTS_C_WH2,104236050,I,360001,1360010,Region,Barishal,0,,0,1,CNNUTSCWH2,BDDHS2007360001,2007,DHS,340.0,711.0,,,1.0
BGD,Chattogram/Sylhet,212020,Children wasted,17.8,1,BD,Bangladesh,2007,BD2007DHS,CN_NUTS_C_WH2,104236050,I,360002,1360020,Region,Chattogram/Sylhet,0,,0,1,CNNUTSCWH2,BDDHS2007360002,2007,DHS,1601.0,2048.0,,,
BGD,Chattogram,278886,Children wasted,17.6,1,BD,Bangladesh,2007,BD2007DHS,CN_NUTS_C_WH2,104236050,I,360003,1360030,Region,..Chattogram,0,,0,1,CNNUTSCWH2,BDDHS2007360003,2007,DHS,1153.0,1117.0,,,1.0
BGD,Sylhet,7872588,Children wasted,18.3,1,BD,Bangladesh,2007,BD2007DHS,CN_NUTS_C_WH2,104236050,I,360004,1360040,Region,..Sylhet,0,,0,1,CNNUTSCWH2,BDDHS2007360004,2007,DHS,448.0,931.0,,,1.0
BGD,Dhaka before 2015,4352884,Children wasted,15.4,1,BD,Bangladesh,2007,BD2007DHS,CN_NUTS_C_WH2,104236050,I,360005,1360050,Region,Dhaka before 2015,0,,0,1,CNNUTSCWH2,BDDHS2007360005,2007,DHS,1671.0,1143.0,,,1.0
BGD,Khulna,6084734,Children wasted,18.8,1,BD,Bangladesh,2007,BD2007DHS,CN_NUTS_C_WH2,104236050,I,360006,1360060,Region,Khulna,0,,0,1,CNNUTSCWH2,BDDHS2007360006,2007,DHS,516.0,644.0,,,1.0
BGD,Rajshahi/Rangpur,5407471,Children wasted,19.1,1,BD,Bangladesh,2007,BD2007DHS,CN_NUTS_C_WH2,104236050,I,360007,1360070,Region,Rajshahi/Rangpur,0,,0,1,CNNUTSCWH2,BDDHS2007360007,2007,DHS,1183.0,877.0,,,1.0
BGD,Barishal,3789960,Children overweight,0.5,1,BD,Bangladesh,2007,BD2007DHS,CN_NUTS_C_WHP,104236060,I,360001,1360010,Region,Barishal,0,,0,1,CNNUTSCWHP,BDDHS2007360001,2007,DHS,340.0,711.0,,,1.0
BGD,Chattogram/Sylhet,212021,Children overweight,0.8,1,BD,Bangladesh,2007,BD2007DHS,CN_NUTS_C_WHP,104236060,I,360002,1360020,Region,Chattogram/Sylhet,0,,0,1,CNNUTSCWHP,BDDHS2007360002,2007,DHS,1601.0,2048.0,,,
BGD,Chattogram,279021,Children overweight,0.9,1,BD,Bangladesh,2007,BD2007DHS,CN_NUTS_C_WHP,104236060,I,360003,1360030,Region,..Chattogram,0,,0,1,CNNUTSCWHP,BDDHS2007360003,2007,DHS,1153.0,1117.0,,,1.0
BGD,Sylhet,7872589,Children overweight,0.7,1,BD,Bangladesh,2007,BD2007DHS,CN_NUTS_C_WHP,104236060,I,360004,1360040,Region,..Sylhet,0,,0,1,CNNUTSCWHP,BDDHS2007360004,2007,DHS,448.0,931.0,,,1.0
BGD,Dhaka before 2015,4352885,Children overweight,1.2,1,BD,Bangladesh,2007,BD2007DHS,CN_NUTS_C_WHP,104236060,I,360005,1360050,Region,Dhaka before 2015,0,,0,1,CNNUTSCWHP,BDDHS2007360005,2007,DHS,1671.0,1143.0,,,1.0
BGD,Khulna,6084735,Children overweight,0.7,1,BD,Bangladesh,2007,BD2007DHS,CN_NUTS_C_WHP,104236060,I,360006,1360060,Region,Khulna,0,,0,1,CNNUTSCWHP,BDDHS2007360006,2007,DHS,516.0,644.0,,,1.0
BGD,Rajshahi/Rangpur,5407493,Children overweight,0.9,1,BD,Bangladesh,2007,BD2007DHS,CN_NUTS_C_WHP,104236060,I,360007,1360070,Region,Rajshahi/Rangpur,0,,0,1,CNNUTSCWHP,BDDHS2007360007,2007,DHS,1183.0,877.0,,,1.0
BGD,Barishal,6839268,Men who smoke any type of tobacco,45.3,1,BD,Bangladesh,2007,BD2007DHS,AH_TOBC_M_ANY,151434005,I,360001,1360010,Region,Barishal,0,,0,1,AHTOBCMANY,BDDHS2007360001,2007,DHS,186.0,421.0,,,1.0
BGD,Chattogram/Sylhet,2960759,Men who smoke any type of tobacco,64.7,1,BD,Bangladesh,2007,BD2007DHS,AH_TOBC_M_ANY,151434005,I,360002,1360020,Region,Chattogram/Sylhet,0,,0,1,AHTOBCMANY,BDDHS2007360002,2007,DHS,719.0,940.0,,,
BGD,Chattogram,5017520,Men who smoke any type of tobacco,61.8,1,BD,Bangladesh,2007,BD2007DHS,AH_TOBC_M_ANY,151434005,I,360003,1360030,Region,..Chattogram,0,,0,1,AHTOBCMANY,BDDHS2007360003,2007,DHS,531.0,523.0,,,1.0
BGD,Sylhet,7846927,Men who smoke any type of tobacco,72.9,1,BD,Bangladesh,2007,BD2007DHS,AH_TOBC_M_ANY,151434005,I,360004,1360040,Region,..Sylhet,0,,0,1,AHTOBCMANY,BDDHS2007360004,2007,DHS,188.0,417.0,,,1.0
BGD,Dhaka before 2015,4602142,Men who smoke any type of tobacco,66.3,1,BD,Bangladesh,2007,BD2007DHS,AH_TOBC_M_ANY,151434005,I,360005,1360050,Region,Dhaka before 2015,0,,0,1,AHTOBCMANY,BDDHS2007360005,2007,DHS,977.0,644.0,,,1.0
BGD,Khulna,6692382,Men who smoke any type of tobacco,51.8,1,BD,Bangladesh,2007,BD2007DHS,AH_TOBC_M_ANY,151434005,I,360006,1360060,Region,Khulna,0,,0,1,AHTOBCMANY,BDDHS2007360006,2007,DHS,438.0,539.0,,,1.0
BGD,Rajshahi/Rangpur,4271837,Men who smoke any type of tobacco,56.9,1,BD,Bangladesh,2007,BD2007DHS,AH_TOBC_M_ANY,151434005,I,360007,1360070,Region,Rajshahi/Rangpur,0,,0,1,AHTOBCMANY,BDDHS2007360007,2007,DHS,907.0,687.0,,,1.0
BGD,Barishal,2060501,Women who ever experienced sexual violence,21.2,1,BD,Bangladesh,2007,BD2007DHS,DV_EXSV_W_EVR,197203010,I,360001,1360010,Region,Barishal,0,,0,1,DVEXSVWEVR,BDDHS2007360001,2007,DHS,274.0,600.0,,,1.0
BGD,Chattogram/Sylhet,7311716,Women who ever experienced sexual violence,16.5,1,BD,Bangladesh,2007,BD2007DHS,DV_EXSV_W_EVR,197203010,I,360002,1360020,Region,Chattogram/Sylhet,0,,0,1,DVEXSVWEVR,BDDHS2007360002,2007,DHS,1098.0,1338.0,,,
BGD,Chattogram,4790620,Women who ever experienced sexual violence,17.1,1,BD,Bangladesh,2007,BD2007DHS,DV_EXSV_W_EVR,197203010,I,360003,1360030,Region,..Chattogram,0,,0,1,DVEXSVWEVR,BDDHS2007360003,2007,DHS,814.0,760.0,,,1.0
BGD,Sylhet,7873673,Women who ever experienced sexual violence,14.7,1,BD,Bangladesh,2007,BD2007DHS,DV_EXSV_W_EVR,197203010,I,360004,1360040,Region,..Sylhet,0,,0,1,DVEXSVWEVR,BDDHS2007360004,2007,DHS,283.0,578.0,,,1.0
BGD,Dhaka before 2015,4607631,Women who ever experienced sexual violence,19.6,1,BD,Bangladesh,2007,BD2007DHS,DV_EXSV_W_EVR,197203010,I,360005,1360050,Region,Dhaka before 2015,0,,0,1,DVEXSVWEVR,BDDHS2007360005,2007,DHS,1433.0,982.0,,,1.0
BGD,Khulna,5346891,Women who ever experienced sexual violence,14.6,1,BD,Bangladesh,2007,BD2007DHS,DV_EXSV_W_EVR,197203010,I,360006,1360060,Region,Khulna,0,,0,1,DVEXSVWEVR,BDDHS2007360006,2007,DHS,548.0,689.0,,,1.0
BGD,Rajshahi/Rangpur,5846335,Women who ever experienced sexual violence,17.5,1,BD,Bangladesh,2007,BD2007DHS,DV_EXSV_W_EVR,197203010,I,360007,1360070,Region,Rajshahi/Rangpur,0,,0,1,DVEXSVWEVR,BDDHS2007360007,2007,DHS,1115.0,858.0,,,1.0
BGD,Barishal,4119674,Physical violence committed by husband/partner in last 12 months,22.6,1,BD,Bangladesh,2007,BD2007DHS,DV_SPV1_W_PHS,198303020,I,360001,1360010,Region,Barishal,631001,Ever-married,0,0,DVSPV1WPHS,BDDHS2007360001,2007,DHS,274.0,600.0,,,1.0
BGD,Chattogram/Sylhet,7206276,Physical violence committed by husband/partner in last 12 months,15.7,1,BD,Bangladesh,2007,BD2007DHS,DV_SPV1_W_PHS,198303020,I,360002,1360020,Region,Chattogram/Sylhet,631001,Ever-married,0,0,DVSPV1WPHS,BDDHS2007360002,2007,DHS,1098.0,1338.0,,,
BGD,Chattogram,5376653,Physical violence committed by husband/partner in last 12 months,17.0,1,BD,Bangladesh,2007,BD2007DHS,DV_SPV1_W_PHS,198303020,I,360003,1360030,Region,..Chattogram,631001,Ever-married,0,0,DVSPV1WPHS,BDDHS2007360003,2007,DHS,814.0,760.0,,,1.0
BGD,Sylhet,3622932,Physical violence committed by husband/partner in last 12 months,11.9,1,BD,Bangladesh,2007,BD2007DHS,DV_SPV1_W_PHS,198303020,I,360004,1360040,Region,..Sylhet,631001,Ever-married,0,0,DVSPV1WPHS,BDDHS2007360004,2007,DHS,283.0,578.0,,,1.0
BGD,Dhaka before 2015,6846072,Physical violence committed by husband/partner in last 12 months,16.5,1,BD,Bangladesh,2007,BD2007DHS,DV_SPV1_W_PHS,198303020,I,360005,1360050,Region,Dhaka before 2015,631001,Ever-married,0,0,DVSPV1WPHS,BDDHS2007360005,2007,DHS,1433.0,982.0,,,1.0
BGD,Khulna,4595861,Physical violence committed by husband/partner in last 12 months,17.8,1,BD,Bangladesh,2007,BD2007DHS,DV_SPV1_W_PHS,198303020,I,360006,1360060,Region,Khulna,631001,Ever-married,0,0,DVSPV1WPHS,BDDHS2007360006,2007,DHS,548.0,689.0,,,1.0
BGD,Rajshahi/Rangpur,6573615,Physical violence committed by husband/partner in last 12 months,18.3,1,BD,Bangladesh,2007,BD2007DHS,DV_SPV1_W_PHS,198303020,I,360007,1360070,Region,Rajshahi/Rangpur,631001,Ever-married,0,0,DVSPV1WPHS,BDDHS2007360007,2007,DHS,1115.0,858.0,,,1.0
BGD,Barishal,4119673,Sexual violence committed by husband/partner in last 12 months,13.2,1,BD,Bangladesh,2007,BD2007DHS,DV_SPV1_W_SEX,198303030,I,360001,1360010,Region,Barishal,631001,Ever-married,0,0,DVSPV1WSEX,BDDHS2007360001,2007,DHS,274.0,600.0,,,1.0
BGD,Chattogram/Sylhet,7206275,Sexual violence committed by husband/partner in last 12 months,9.1,1,BD,Bangladesh,2007,BD2007DHS,DV_SPV1_W_SEX,198303030,I,360002,1360020,Region,Chattogram/Sylhet,631001,Ever-married,0,0,DVSPV1WSEX,BDDHS2007360002,2007,DHS,1098.0,1338.0,,,
BGD,Chattogram,5376656,Sexual violence committed by husband/partner in last 12 months,9.8,1,BD,Bangladesh,2007,BD2007DHS,DV_SPV1_W_SEX,198303030,I,360003,1360030,Region,..Chattogram,631001,Ever-married,0,0,DVSPV1WSEX,BDDHS2007360003,2007,DHS,814.0,760.0,,,1.0
BGD,Sylhet,3622950,Sexual violence committed by husband/partner in last 12 months,7.2,1,BD,Bangladesh,2007,BD2007DHS,DV_SPV1_W_SEX,198303030,I,360004,1360040,Region,..Sylhet,631001,Ever-married,0,0,DVSPV1WSEX,BDDHS2007360004,2007,DHS,283.0,578.0,,,1.0
BGD,Dhaka before 2015,6846071,Sexual violence committed by husband/partner in last 12 months,11.5,1,BD,Bangladesh,2007,BD2007DHS,DV_SPV1_W_SEX,198303030,I,360005,1360050,Region,Dhaka before 2015,631001,Ever-married,0,0,DVSPV1WSEX,BDDHS2007360005,2007,DHS,1433.0,982.0,,,1.0
BGD,Khulna,4595862,Sexual violence committed by husband/partner in last 12 months,8.2,1,BD,Bangladesh,2007,BD2007DHS,DV_SPV1_W_SEX,198303030,I,360006,1360060,Region,Khulna,631001,Ever-married,0,0,DVSPV1WSEX,BDDHS2007360006,2007,DHS,548.0,689.0,,,1.0
BGD,Rajshahi/Rangpur,6573616,Sexual violence committed by husband/partner in last 12 months,10.2,1,BD,Bangladesh,2007,BD2007DHS,DV_SPV1_W_SEX,198303030,I,360007,1360070,Region,Rajshahi/Rangpur,631001,Ever-married,0,0,DVSPV1WSEX,BDDHS2007360007,2007,DHS,1115.0,858.0,,,1.0
BGD,Barishal,3790019,Population using open defecation,1.7,1,BD,Bangladesh,2007,BD2007DHS,WS_TLET_P_NFC,250262210,I,360001,1360010,Region,Barishal,0,,0,1,WSTLETPNFC,BDDHS2007360001,2007,DHS,3087.0,6679.0,,,1.0
BGD,Chattogram/Sylhet,4205445,Population using open defecation,5.2,1,BD,Bangladesh,2007,BD2007DHS,WS_TLET_P_NFC,250262210,I,360002,1360020,Region,Chattogram/Sylhet,0,,0,1,WSTLETPNFC,BDDHS2007360002,2007,DHS,13486.0,17323.0,,,
BGD,Chattogram,3559662,Population using open defecation,6.4,1,BD,Bangladesh,2007,BD2007DHS,WS_TLET_P_NFC,250262210,I,360003,1360030,Region,..Chattogram,0,,0,1,WSTLETPNFC,BDDHS2007360003,2007,DHS,9767.0,9412.0,,,1.0
BGD,Sylhet,7872780,Population using open defecation,2.1,1,BD,Bangladesh,2007,BD2007DHS,WS_TLET_P_NFC,250262210,I,360004,1360040,Region,..Sylhet,0,,0,1,WSTLETPNFC,BDDHS2007360004,2007,DHS,3719.0,7911.0,,,1.0
BGD,Dhaka before 2015,6958801,Population using open defecation,7.5,1,BD,Bangladesh,2007,BD2007DHS,WS_TLET_P_NFC,250262210,I,360005,1360050,Region,Dhaka before 2015,0,,0,1,WSTLETPNFC,BDDHS2007360005,2007,DHS,15009.0,10408.0,,,1.0
BGD,Khulna,2956660,Population using open defecation,3.2,1,BD,Bangladesh,2007,BD2007DHS,WS_TLET_P_NFC,250262210,I,360006,1360060,Region,Khulna,0,,0,1,WSTLETPNFC,BDDHS2007360006,2007,DHS,5831.0,7122.0,,,1.0
BGD,Rajshahi/Rangpur,3427348,Population using open defecation,13.8,1,BD,Bangladesh,2007,BD2007DHS,WS_TLET_P_NFC,250262210,I,360007,1360070,Region,Rajshahi/Rangpur,0,,0,1,WSTLETPNFC,BDDHS2007360007,2007,DHS,11506.0,8683.0,,,1.0
BGD,Barishal,3790027,Population with basic sanitation service,33.9,1,BD,Bangladesh,2007,BD2007DHS,WS_TLET_P_BAS,250262300,I,360001,1360010,Region,Barishal,0,,0,1,WSTLETPBAS,BDDHS2007360001,2007,DHS,3087.0,6679.0,,,1.0
BGD,Chattogram/Sylhet,4205446,Population with basic sanitation service,32.2,1,BD,Bangladesh,2007,BD2007DHS,WS_TLET_P_BAS,250262300,I,360002,1360020,Region,Chattogram/Sylhet,0,,0,1,WSTLETPBAS,BDDHS2007360002,2007,DHS,13486.0,17323.0,,,
BGD,Chattogram,3559647,Population with basic sanitation service,33.0,1,BD,Bangladesh,2007,BD2007DHS,WS_TLET_P_BAS,250262300,I,360003,1360030,Region,..Chattogram,0,,0,1,WSTLETPBAS,BDDHS2007360003,2007,DHS,9767.0,9412.0,,,1.0
BGD,Sylhet,7872781,Population with basic sanitation service,30.1,1,BD,Bangladesh,2007,BD2007DHS,WS_TLET_P_BAS,250262300,I,360004,1360040,Region,..Sylhet,0,,0,1,WSTLETPBAS,BDDHS2007360004,2007,DHS,3719.0,7911.0,,,1.0
BGD,Dhaka before 2015,6958811,Population with basic sanitation service,25.4,1,BD,Bangladesh,2007,BD2007DHS,WS_TLET_P_BAS,250262300,I,360005,1360050,Region,Dhaka before 2015,0,,0,1,WSTLETPBAS,BDDHS2007360005,2007,DHS,15009.0,10408.0,,,1.0
BGD,Khulna,2956666,Population with basic sanitation service,31.0,1,BD,Bangladesh,2007,BD2007DHS,WS_TLET_P_BAS,250262300,I,360006,1360060,Region,Khulna,0,,0,1,WSTLETPBAS,BDDHS2007360006,2007,DHS,5831.0,7122.0,,,1.0
BGD,Rajshahi/Rangpur,3427349,Population with basic sanitation service,26.0,1,BD,Bangladesh,2007,BD2007DHS,WS_TLET_P_BAS,250262300,I,360007,1360070,Region,Rajshahi/Rangpur,0,,0,1,WSTLETPBAS,BDDHS2007360007,2007,DHS,11506.0,8683.0,,,1.0
BGD,Barishal,5194787,Population with electricity,26.5,1,BD,Bangladesh,2007,BD2007DHS,HC_ELEC_P_ELC,260322010,I,360001,1360010,Region,Barishal,0,,0,1,HCELECPELC,BDDHS2007360001,2007,DHS,3087.0,6679.0,,,1.0
BGD,Chattogram/Sylhet,4376206,Population with electricity,48.2,1,BD,Bangladesh,2007,BD2007DHS,HC_ELEC_P_ELC,260322010,I,360002,1360020,Region,Chattogram/Sylhet,0,,0,1,HCELECPELC,BDDHS2007360002,2007,DHS,13486.0,17323.0,,,
BGD,Chattogram,7272133,Population with electricity,50.2,1,BD,Bangladesh,2007,BD2007DHS,HC_ELEC_P_ELC,260322010,I,360003,1360030,Region,..Chattogram,0,,0,1,HCELECPELC,BDDHS2007360003,2007,DHS,9767.0,9412.0,,,1.0
BGD,Sylhet,7872229,Population with electricity,42.9,1,BD,Bangladesh,2007,BD2007DHS,HC_ELEC_P_ELC,260322010,I,360004,1360040,Region,..Sylhet,0,,0,1,HCELECPELC,BDDHS2007360004,2007,DHS,3719.0,7911.0,,,1.0
BGD,Dhaka before 2015,3780331,Population with electricity,57.9,1,BD,Bangladesh,2007,BD2007DHS,HC_ELEC_P_ELC,260322010,I,360005,1360050,Region,Dhaka before 2015,0,,0,1,HCELECPELC,BDDHS2007360005,2007,DHS,15009.0,10408.0,,,1.0
BGD,Khulna,6922619,Population with electricity,49.6,1,BD,Bangladesh,2007,BD2007DHS,HC_ELEC_P_ELC,260322010,I,360006,1360060,Region,Khulna,0,,0,1,HCELECPELC,BDDHS2007360006,2007,DHS,5831.0,7122.0,,,1.0
BGD,Rajshahi/Rangpur,275008,Population with electricity,41.2,1,BD,Bangladesh,2007,BD2007DHS,HC_ELEC_P_ELC,260322010,I,360007,1360070,Region,Rajshahi/Rangpur,0,,0,1,HCELECPELC,BDDHS2007360007,2007,DHS,11506.0,8683.0,,,1.0
BGD,Barishal,5194759,Population using clean fuel for cooking ,1.5,1,BD,Bangladesh,2007,BD2007DHS,HC_CKFL_P_CLN,260432150,I,360001,1360010,Region,Barishal,0,,0,1,HCCKFLPCLN,BDDHS2007360001,2007,DHS,3087.0,6679.0,,,1.0
BGD,Chattogram/Sylhet,4376226,Population using clean fuel for cooking ,8.0,1,BD,Bangladesh,2007,BD2007DHS,HC_CKFL_P_CLN,260432150,I,360002,1360020,Region,Chattogram/Sylhet,0,,0,1,HCCKFLPCLN,BDDHS2007360002,2007,DHS,13486.0,17323.0,,,
BGD,Chattogram,7272175,Population using clean fuel for cooking ,9.8,1,BD,Bangladesh,2007,BD2007DHS,HC_CKFL_P_CLN,260432150,I,360003,1360030,Region,..Chattogram,0,,0,1,HCCKFLPCLN,BDDHS2007360003,2007,DHS,9767.0,9412.0,,,1.0
BGD,Sylhet,7872245,Population using clean fuel for cooking ,3.5,1,BD,Bangladesh,2007,BD2007DHS,HC_CKFL_P_CLN,260432150,I,360004,1360040,Region,..Sylhet,0,,0,1,HCCKFLPCLN,BDDHS2007360004,2007,DHS,3719.0,7911.0,,,1.0
BGD,Dhaka before 2015,3780327,Population using clean fuel for cooking ,19.6,1,BD,Bangladesh,2007,BD2007DHS,HC_CKFL_P_CLN,260432150,I,360005,1360050,Region,Dhaka before 2015,0,,0,1,HCCKFLPCLN,BDDHS2007360005,2007,DHS,15009.0,10408.0,,,1.0
BGD,Khulna,6922601,Population using clean fuel for cooking ,1.2,1,BD,Bangladesh,2007,BD2007DHS,HC_CKFL_P_CLN,260432150,I,360006,1360060,Region,Khulna,0,,0,1,HCCKFLPCLN,BDDHS2007360006,2007,DHS,5831.0,7122.0,,,1.0
BGD,Rajshahi/Rangpur,275007,Population using clean fuel for cooking ,1.5,1,BD,Bangladesh,2007,BD2007DHS,HC_CKFL_P_CLN,260432150,I,360007,1360070,Region,Rajshahi/Rangpur,0,,0,1,HCCKFLPCLN,BDDHS2007360007,2007,DHS,11506.0,8683.0,,,1.0
BGD,Barishal,1810806,Age specific fertility rate: 10-14,9.0,0,BD,Bangladesh,2011,BD2011DHS,FE_FRTR_W_A10,11763005,I,360001,1360010,Region,Barishal,0,,0,1,FEFRTRWA10,BDDHS2011360001,2011,DHS,,,,,1.0
BGD,Chattogram/Sylhet,1804056,Age specific fertility rate: 10-14,5.0,0,BD,Bangladesh,2011,BD2011DHS,FE_FRTR_W_A10,11763005,I,360002,1360020,Region,Chattogram/Sylhet,0,,0,1,FEFRTRWA10,BDDHS2011360002,2011,DHS,,,,,
BGD,Chattogram,1804064,Age specific fertility rate: 10-14,6.0,0,BD,Bangladesh,2011,BD2011DHS,FE_FRTR_W_A10,11763005,I,360003,1360030,Region,..Chattogram,0,,0,1,FEFRTRWA10,BDDHS2011360003,2011,DHS,,,,,1.0
BGD,Sylhet,1804044,Age specific fertility rate: 10-14,1.0,0,BD,Bangladesh,2011,BD2011DHS,FE_FRTR_W_A10,11763005,I,360004,1360040,Region,..Sylhet,0,,0,1,FEFRTRWA10,BDDHS2011360004,2011,DHS,,,,,1.0
BGD,Dhaka before 2015,1817249,Age specific fertility rate: 10-14,3.0,0,BD,Bangladesh,2011,BD2011DHS,FE_FRTR_W_A10,11763005,I,360005,1360050,Region,Dhaka before 2015,0,,0,1,FEFRTRWA10,BDDHS2011360005,2011,DHS,,,,,1.0
BGD,Khulna,7210650,Age specific fertility rate: 10-14,2.0,0,BD,Bangladesh,2011,BD2011DHS,FE_FRTR_W_A10,11763005,I,360006,1360060,Region,Khulna,0,,0,1,FEFRTRWA10,BDDHS2011360006,2011,DHS,,,,,1.0
BGD,Rajshahi/Rangpur,4060135,Age specific fertility rate: 10-14,8.0,0,BD,Bangladesh,2011,BD2011DHS,FE_FRTR_W_A10,11763005,I,360007,1360070,Region,Rajshahi/Rangpur,0,,0,1,FEFRTRWA10,BDDHS2011360007,2011,DHS,,,,,
BGD,Rangpur,1796890,Age specific fertility rate: 10-14,11.0,0,BD,Bangladesh,2011,BD2011DHS,FE_FRTR_W_A10,11763005,I,360008,1360080,Region,..Rangpur,0,,0,1,FEFRTRWA10,BDDHS2011360008,2011,DHS,,,,,1.0
BGD,Rajshahi,1796948,Age specific fertility rate: 10-14,6.0,0,BD,Bangladesh,2011,BD2011DHS,FE_FRTR_W_A10,11763005,I,360009,1360090,Region,..Rajshahi,0,,0,1,FEFRTRWA10,BDDHS2011360009,2011,DHS,,,,,1.0
BGD,Barishal,1810807,Age specific fertility rate: 15-19,115.0,0,BD,Bangladesh,2011,BD2011DHS,FE_FRTR_W_A15,11763010,I,360001,1360010,Region,Barishal,0,,0,1,FEFRTRWA15,BDDHS2011360001,2011,DHS,,,,,1.0
BGD,Chattogram/Sylhet,1804057,Age specific fertility rate: 15-19,109.0,0,BD,Bangladesh,2011,BD2011DHS,FE_FRTR_W_A15,11763010,I,360002,1360020,Region,Chattogram/Sylhet,0,,0,1,FEFRTRWA15,BDDHS2011360002,2011,DHS,,,,,
BGD,Chattogram,1804065,Age specific fertility rate: 15-19,116.0,0,BD,Bangladesh,2011,BD2011DHS,FE_FRTR_W_A15,11763010,I,360003,1360030,Region,..Chattogram,0,,0,1,FEFRTRWA15,BDDHS2011360003,2011,DHS,,,,,1.0
BGD,Sylhet,1804049,Age specific fertility rate: 15-19,89.0,0,BD,Bangladesh,2011,BD2011DHS,FE_FRTR_W_A15,11763010,I,360004,1360040,Region,..Sylhet,0,,0,1,FEFRTRWA15,BDDHS2011360004,2011,DHS,,,,,1.0
BGD,Dhaka before 2015,1817334,Age specific fertility rate: 15-19,117.0,0,BD,Bangladesh,2011,BD2011DHS,FE_FRTR_W_A15,11763010,I,360005,1360050,Region,Dhaka before 2015,0,,0,1,FEFRTRWA15,BDDHS2011360005,2011,DHS,,,,,1.0
BGD,Khulna,7210651,Age specific fertility rate: 15-19,116.0,0,BD,Bangladesh,2011,BD2011DHS,FE_FRTR_W_A15,11763010,I,360006,1360060,Region,Khulna,0,,0,1,FEFRTRWA15,BDDHS2011360006,2011,DHS,,,,,1.0
BGD,Rajshahi/Rangpur,4060136,Age specific fertility rate: 15-19,133.0,0,BD,Bangladesh,2011,BD2011DHS,FE_FRTR_W_A15,11763010,I,360007,1360070,Region,Rajshahi/Rangpur,0,,0,1,FEFRTRWA15,BDDHS2011360007,2011,DHS,,,,,
BGD,Rangpur,1796891,Age specific fertility rate: 15-19,143.0,0,BD,Bangladesh,2011,BD2011DHS,FE_FRTR_W_A15,11763010,I,360008,1360080,Region,..Rangpur,0,,0,1,FEFRTRWA15,BDDHS2011360008,2011,DHS,,,,,1.0
BGD,Rajshahi,1796967,Age specific fertility rate: 15-19,125.0,0,BD,Bangladesh,2011,BD2011DHS,FE_FRTR_W_A15,11763010,I,360009,1360090,Region,..Rajshahi,0,,0,1,FEFRTRWA15,BDDHS2011360009,2011,DHS,,,,,1.0
BGD,Barishal,5185653,Demand for family planning satisfied by modern methods,71.0,1,BD,Bangladesh,2011,BD2011DHS,FP_NADM_W_PDM,32933150,I,360001,1360010,Region,Barishal,0,,0,1,FPNADMWPDM,BDDHS2011360001,2011,DHS,731.0,1501.0,,,1.0
BGD,Chattogram/Sylhet,3778062,Demand for family planning satisfied by modern methods,60.7,1,BD,Bangladesh,2011,BD2011DHS,FP_NADM_W_PDM,32933150,I,360002,1360020,Region,Chattogram/Sylhet,0,,0,1,FPNADMWPDM,BDDHS2011360002,2011,DHS,2722.0,3175.0,,,
BGD,Chattogram,3021545,Demand for family planning satisfied by modern methods,61.7,1,BD,Bangladesh,2011,BD2011DHS,FP_NADM_W_PDM,32933150,I,360003,1360030,Region,..Chattogram,0,,0,1,FPNADMWPDM,BDDHS2011360003,2011,DHS,2174.0,1960.0,,,1.0
BGD,Sylhet,6499988,Demand for family planning satisfied by modern methods,56.7,1,BD,Bangladesh,2011,BD2011DHS,FP_NADM_W_PDM,32933150,I,360004,1360040,Region,..Sylhet,0,,0,1,FPNADMWPDM,BDDHS2011360004,2011,DHS,549.0,1215.0,,,1.0
BGD,Dhaka before 2015,4743304,Demand for family planning satisfied by modern methods,69.1,1,BD,Bangladesh,2011,BD2011DHS,FP_NADM_W_PDM,32933150,I,360005,1360050,Region,Dhaka before 2015,0,,0,1,FPNADMWPDM,BDDHS2011360005,2011,DHS,3946.0,2102.0,,,1.0
BGD,Khulna,4538228,Demand for family planning satisfied by modern methods,73.6,1,BD,Bangladesh,2011,BD2011DHS,FP_NADM_W_PDM,32933150,I,360006,1360060,Region,Khulna,0,,0,1,FPNADMWPDM,BDDHS2011360006,2011,DHS,1522.0,1868.0,,,1.0
BGD,Rajshahi/Rangpur,3892879,Demand for family planning satisfied by modern methods,75.4,1,BD,Bangladesh,2011,BD2011DHS,FP_NADM_W_PDM,32933150,I,360007,1360070,Region,Rajshahi/Rangpur,0,,0,1,FPNADMWPDM,BDDHS2011360007,2011,DHS,3503.0,3753.0,,,
BGD,Rangpur,5830159,Demand for family planning satisfied by modern methods,76.8,1,BD,Bangladesh,2011,BD2011DHS,FP_NADM_W_PDM,32933150,I,360008,1360080,Region,..Rangpur,0,,0,1,FPNADMWPDM,BDDHS2011360008,2011,DHS,1523.0,1825.0,,,1.0
BGD,Rajshahi,5747015,Demand for family planning satisfied by modern methods,74.3,1,BD,Bangladesh,2011,BD2011DHS,FP_NADM_W_PDM,32933150,I,360009,1360090,Region,..Rajshahi,0,,0,1,FPNADMWPDM,BDDHS2011360009,2011,DHS,1980.0,1928.0,,,1.0
BGD,Barishal,1735449,Neonatal mortality rate,32.0,0,BD,Bangladesh,2011,BD2011DHS,CM_ECMR_C_NNR,63206010,I,360001,1360010,Region,Barishal,14003,Ten years preceding the survey,0,1,CMECMRCNNR,BDDHS2011360001,2011,DHS,,,25.0,39.0,1.0
BGD,Chattogram/Sylhet,7909905,Neonatal mortality rate,34.0,0,BD,Bangladesh,2011,BD2011DHS,CM_ECMR_C_NNR,63206010,I,360002,1360020,Region,Chattogram/Sylhet,14003,Ten years preceding the survey,0,1,CMECMRCNNR,BDDHS2011360002,2011,DHS,,,29.0,40.0,
BGD,Chattogram,7943527,Neonatal mortality rate,30.0,0,BD,Bangladesh,2011,BD2011DHS,CM_ECMR_C_NNR,63206010,I,360003,1360030,Region,..Chattogram,14003,Ten years preceding the survey,0,1,CMECMRCNNR,BDDHS2011360003,2011,DHS,,,23.0,36.0,1.0
BGD,Sylhet,7724821,Neonatal mortality rate,47.0,0,BD,Bangladesh,2011,BD2011DHS,CM_ECMR_C_NNR,63206010,I,360004,1360040,Region,..Sylhet,14003,Ten years preceding the survey,0,1,CMECMRCNNR,BDDHS2011360004,2011,DHS,,,37.0,57.0,1.0
BGD,Dhaka before 2015,7497189,Neonatal mortality rate,34.0,0,BD,Bangladesh,2011,BD2011DHS,CM_ECMR_C_NNR,63206010,I,360005,1360050,Region,Dhaka before 2015,14003,Ten years preceding the survey,0,1,CMECMRCNNR,BDDHS2011360005,2011,DHS,,,27.0,41.0,1.0
BGD,Khulna,7876160,Neonatal mortality rate,33.0,0,BD,Bangladesh,2011,BD2011DHS,CM_ECMR_C_NNR,63206010,I,360006,1360060,Region,Khulna,14003,Ten years preceding the survey,0,1,CMECMRCNNR,BDDHS2011360006,2011,DHS,,,25.0,41.0,1.0
BGD,Rajshahi/Rangpur,7657489,Neonatal mortality rate,43.0,0,BD,Bangladesh,2011,BD2011DHS,CM_ECMR_C_NNR,63206010,I,360007,1360070,Region,Rajshahi/Rangpur,14003,Ten years preceding the survey,0,1,CMECMRCNNR,BDDHS2011360007,2011,DHS,,,35.0,52.0,
BGD,Rangpur,7955051,Neonatal mortality rate,36.0,0,BD,Bangladesh,2011,BD2011DHS,CM_ECMR_C_NNR,63206010,I,360008,1360080,Region,..Rangpur,14003,Ten years preceding the survey,0,1,CMECMRCNNR,BDDHS2011360008,2011,DHS,,,25.0,46.0,1.0
BGD,Rajshahi,7980718,Neonatal mortality rate,50.0,0,BD,Bangladesh,2011,BD2011DHS,CM_ECMR_C_NNR,63206010,I,360009,1360090,Region,..Rajshahi,14003,Ten years preceding the survey,0,1,CMECMRCNNR,BDDHS2011360009,2011,DHS,,,38.0,62.0,1.0
BGD,Barishal,7899113,Under-five mortality rate,62.0,0,BD,Bangladesh,2011,BD2011DHS,CM_ECMR_C_U5M,63206050,I,360001,1360010,Region,Barishal,14003,Ten years preceding the survey,0,1,CMECMRCU5M,BDDHS2011360001,2011,DHS,,,52.0,73.0,1.0
BGD,Chattogram/Sylhet,7858894,Under-five mortality rate,68.0,0,BD,Bangladesh,2011,BD2011DHS,CM_ECMR_C_U5M,63206050,I,360002,1360020,Region,Chattogram/Sylhet,14003,Ten years preceding the survey,0,1,CMECMRCU5M,BDDHS2011360002,2011,DHS,,,59.0,77.0,
BGD,Chattogram,1723356,Under-five mortality rate,63.0,0,BD,Bangladesh,2011,BD2011DHS,CM_ECMR_C_U5M,63206050,I,360003,1360030,Region,..Chattogram,14003,Ten years preceding the survey,0,1,CMECMRCU5M,BDDHS2011360003,2011,DHS,,,52.0,75.0,1.0
BGD,Sylhet,7697221,Under-five mortality rate,80.0,0,BD,Bangladesh,2011,BD2011DHS,CM_ECMR_C_U5M,63206050,I,360004,1360040,Region,..Sylhet,14003,Ten years preceding the survey,0,1,CMECMRCU5M,BDDHS2011360004,2011,DHS,,,69.0,91.0,1.0
BGD,Dhaka before 2015,1740972,Under-five mortality rate,62.0,0,BD,Bangladesh,2011,BD2011DHS,CM_ECMR_C_U5M,63206050,I,360005,1360050,Region,Dhaka before 2015,14003,Ten years preceding the survey,0,1,CMECMRCU5M,BDDHS2011360005,2011,DHS,,,53.0,72.0,1.0
BGD,Khulna,7539712,Under-five mortality rate,47.0,0,BD,Bangladesh,2011,BD2011DHS,CM_ECMR_C_U5M,63206050,I,360006,1360060,Region,Khulna,14003,Ten years preceding the survey,0,1,CMECMRCU5M,BDDHS2011360006,2011,DHS,,,39.0,56.0,1.0
BGD,Rajshahi/Rangpur,7450229,Under-five mortality rate,67.0,0,BD,Bangladesh,2011,BD2011DHS,CM_ECMR_C_U5M,63206050,I,360007,1360070,Region,Rajshahi/Rangpur,14003,Ten years preceding the survey,0,1,CMECMRCU5M,BDDHS2011360007,2011,DHS,,,58.0,76.0,
BGD,Rangpur,7822589,Under-five mortality rate,59.0,0,BD,Bangladesh,2011,BD2011DHS,CM_ECMR_C_U5M,63206050,I,360008,1360080,Region,..Rangpur,14003,Ten years preceding the survey,0,1,CMECMRCU5M,BDDHS2011360008,2011,DHS,,,48.0,70.0,1.0
BGD,Rajshahi,7976426,Under-five mortality rate,74.0,0,BD,Bangladesh,2011,BD2011DHS,CM_ECMR_C_U5M,63206050,I,360009,1360090,Region,..Rajshahi,14003,Ten years preceding the survey,0,1,CMECMRCU5M,BDDHS2011360009,2011,DHS,,,61.0,87.0,1.0
BGD,Barishal,2211912,Assistance during delivery from a skilled provider,28.4,1,BD,Bangladesh,2011,BD2011DHS,RH_DELA_C_SKP,83606110,I,360001,1360010,Region,Barishal,14000,Three years preceding the survey,0,0,RHDELACSKP,BDDHS2011360001,2011,DHS,273.0,551.0,,,1.0
BGD,Barishal,4435915,Assistance during delivery from a skilled provider,23.1,1,BD,Bangladesh,2011,BD2011DHS,RH_DELA_C_SKP,83606110,I,360001,1360010,Region,Barishal,14001,Five years preceding the survey,0,0,RHDELACSKP,BDDHS2011360001,2011,DHS,491.0,976.0,,,1.0
BGD,Barishal,3524960,Assistance during delivery from a skilled provider,29.9,1,BD,Bangladesh,2011,BD2011DHS,RH_DELA_C_SKP,83606110,I,360001,1360010,Region,Barishal,14002,Two years preceding the survey,0,1,RHDELACSKP,BDDHS2011360001,2011,DHS,180.0,362.0,,,1.0
BGD,Chattogram/Sylhet,7316365,Assistance during delivery from a skilled provider,27.8,1,BD,Bangladesh,2011,BD2011DHS,RH_DELA_C_SKP,83606110,I,360002,1360020,Region,Chattogram/Sylhet,14000,Three years preceding the survey,0,0,RHDELACSKP,BDDHS2011360002,2011,DHS,1551.0,1799.0,,,
BGD,Chattogram/Sylhet,5590644,Assistance during delivery from a skilled provider,24.0,1,BD,Bangladesh,2011,BD2011DHS,RH_DELA_C_SKP,83606110,I,360002,1360020,Region,Chattogram/Sylhet,14001,Five years preceding the survey,0,0,RHDELACSKP,BDDHS2011360002,2011,DHS,2699.0,3158.0,,,
BGD,Chattogram/Sylhet,690778,Assistance during delivery from a skilled provider,29.7,1,BD,Bangladesh,2011,BD2011DHS,RH_DELA_C_SKP,83606110,I,360002,1360020,Region,Chattogram/Sylhet,14002,Two years preceding the survey,0,1,RHDELACSKP,BDDHS2011360002,2011,DHS,1051.0,1196.0,,,
BGD,Chattogram,3409990,Assistance during delivery from a skilled provider,29.0,1,BD,Bangladesh,2011,BD2011DHS,RH_DELA_C_SKP,83606110,I,360003,1360030,Region,..Chattogram,14000,Three years preceding the survey,0,0,RHDELACSKP,BDDHS2011360003,2011,DHS,1176.0,1018.0,,,1.0
BGD,Chattogram,69338,Assistance during delivery from a skilled provider,24.8,1,BD,Bangladesh,2011,BD2011DHS,RH_DELA_C_SKP,83606110,I,360003,1360030,Region,..Chattogram,14001,Five years preceding the survey,0,0,RHDELACSKP,BDDHS2011360003,2011,DHS,2017.0,1749.0,,,1.0
BGD,Chattogram,6940824,Assistance during delivery from a skilled provider,31.2,1,BD,Bangladesh,2011,BD2011DHS,RH_DELA_C_SKP,83606110,I,360003,1360030,Region,..Chattogram,14002,Two years preceding the survey,0,1,RHDELACSKP,BDDHS2011360003,2011,DHS,806.0,694.0,,,1.0
BGD,Sylhet,5822466,Assistance during delivery from a skilled provider,24.2,1,BD,Bangladesh,2011,BD2011DHS,RH_DELA_C_SKP,83606110,I,360004,1360040,Region,..Sylhet,14000,Three years preceding the survey,0,0,RHDELACSKP,BDDHS2011360004,2011,DHS,375.0,781.0,,,1.0
BGD,Sylhet,837808,Assistance during delivery from a skilled provider,21.6,1,BD,Bangladesh,2011,BD2011DHS,RH_DELA_C_SKP,83606110,I,360004,1360040,Region,..Sylhet,14001,Five years preceding the survey,0,0,RHDELACSKP,BDDHS2011360004,2011,DHS,682.0,1409.0,,,1.0
BGD,Sylhet,3262712,Assistance during delivery from a skilled provider,24.8,1,BD,Bangladesh,2011,BD2011DHS,RH_DELA_C_SKP,83606110,I,360004,1360040,Region,..Sylhet,14002,Two years preceding the survey,0,1,RHDELACSKP,BDDHS2011360004,2011,DHS,245.0,502.0,,,1.0
BGD,Dhaka before 2015,5771031,Assistance during delivery from a skilled provider,31.4,1,BD,Bangladesh,2011,BD2011DHS,RH_DELA_C_SKP,83606110,I,360005,1360050,Region,Dhaka before 2015,14000,Three years preceding the survey,0,0,RHDELACSKP,BDDHS2011360005,2011,DHS,1510.0,801.0,,,1.0
BGD,Dhaka before 2015,6664208,Assistance during delivery from a skilled provider,28.1,1,BD,Bangladesh,2011,BD2011DHS,RH_DELA_C_SKP,83606110,I,360005,1360050,Region,Dhaka before 2015,14001,Five years preceding the survey,0,0,RHDELACSKP,BDDHS2011360005,2011,DHS,2727.0,1442.0,,,1.0
BGD,Dhaka before 2015,5139068,Assistance during delivery from a skilled provider,32.2,1,BD,Bangladesh,2011,BD2011DHS,RH_DELA_C_SKP,83606110,I,360005,1360050,Region,Dhaka before 2015,14002,Two years preceding the survey,0,1,RHDELACSKP,BDDHS2011360005,2011,DHS,1006.0,535.0,,,1.0
BGD,Khulna,5452567,Assistance during delivery from a skilled provider,48.6,1,BD,Bangladesh,2011,BD2011DHS,RH_DELA_C_SKP,83606110,I,360006,1360060,Region,Khulna,14000,Three years preceding the survey,0,0,RHDELACSKP,BDDHS2011360006,2011,DHS,463.0,578.0,,,1.0
BGD,Khulna,3964545,Assistance during delivery from a skilled provider,42.9,1,BD,Bangladesh,2011,BD2011DHS,RH_DELA_C_SKP,83606110,I,360006,1360060,Region,Khulna,14001,Five years preceding the survey,0,0,RHDELACSKP,BDDHS2011360006,2011,DHS,796.0,981.0,,,1.0
BGD,Khulna,7326678,Assistance during delivery from a skilled provider,51.7,1,BD,Bangladesh,2011,BD2011DHS,RH_DELA_C_SKP,83606110,I,360006,1360060,Region,Khulna,14002,Two years preceding the survey,0,1,RHDELACSKP,BDDHS2011360006,2011,DHS,314.0,397.0,,,1.0
BGD,Rajshahi/Rangpur,8117,Assistance during delivery from a skilled provider,29.9,1,BD,Bangladesh,2011,BD2011DHS,RH_DELA_C_SKP,83606110,I,360007,1360070,Region,Rajshahi/Rangpur,14000,Three years preceding the survey,0,0,RHDELACSKP,BDDHS2011360007,2011,DHS,1159.0,1235.0,,,
BGD,Rajshahi/Rangpur,7278872,Assistance during delivery from a skilled provider,26.1,1,BD,Bangladesh,2011,BD2011DHS,RH_DELA_C_SKP,83606110,I,360007,1360070,Region,Rajshahi/Rangpur,14001,Five years preceding the survey,0,0,RHDELACSKP,BDDHS2011360007,2011,DHS,2076.0,2185.0,,,
BGD,Rajshahi/Rangpur,4710855,Assistance during delivery from a skilled provider,31.2,1,BD,Bangladesh,2011,BD2011DHS,RH_DELA_C_SKP,83606110,I,360007,1360070,Region,Rajshahi/Rangpur,14002,Two years preceding the survey,0,1,RHDELACSKP,BDDHS2011360007,2011,DHS,793.0,842.0,,,
BGD,Rangpur,2617510,Assistance during delivery from a skilled provider,28.5,1,BD,Bangladesh,2011,BD2011DHS,RH_DELA_C_SKP,83606110,I,360008,1360080,Region,..Rangpur,14000,Three years preceding the survey,0,0,RHDELACSKP,BDDHS2011360008,2011,DHS,513.0,618.0,,,1.0
BGD,Rangpur,830012,Assistance during delivery from a skilled provider,25.0,1,BD,Bangladesh,2011,BD2011DHS,RH_DELA_C_SKP,83606110,I,360008,1360080,Region,..Rangpur,14001,Five years preceding the survey,0,0,RHDELACSKP,BDDHS2011360008,2011,DHS,926.0,1105.0,,,1.0
BGD,Rangpur,6139181,Assistance during delivery from a skilled provider,29.4,1,BD,Bangladesh,2011,BD2011DHS,RH_DELA_C_SKP,83606110,I,360008,1360080,Region,..Rangpur,14002,Two years preceding the survey,0,1,RHDELACSKP,BDDHS2011360008,2011,DHS,341.0,414.0,,,1.0
BGD,Rajshahi,6480785,Assistance during delivery from a skilled provider,30.9,1,BD,Bangladesh,2011,BD2011DHS,RH_DELA_C_SKP,83606110,I,360009,1360090,Region,..Rajshahi,14000,Three years preceding the survey,0,0,RHDELACSKP,BDDHS2011360009,2011,DHS,646.0,617.0,,,1.0
BGD,Rajshahi,4945291,Assistance during delivery from a skilled provider,26.9,1,BD,Bangladesh,2011,BD2011DHS,RH_DELA_C_SKP,83606110,I,360009,1360090,Region,..Rajshahi,14001,Five years preceding the survey,0,0,RHDELACSKP,BDDHS2011360009,2011,DHS,1150.0,1080.0,,,1.0
BGD,Rajshahi,3567089,Assistance during delivery from a skilled provider,32.5,1,BD,Bangladesh,2011,BD2011DHS,RH_DELA_C_SKP,83606110,I,360009,1360090,Region,..Rajshahi,14002,Two years preceding the survey,0,1,RHDELACSKP,BDDHS2011360009,2011,DHS,451.0,428.0,,,1.0
BGD,Barishal,7387562,DPT 3 vaccination received,91.4,1,BD,Bangladesh,2011,BD2011DHS,CH_VACC_C_DP3,93906040,I,360001,1360010,Region,Barishal,0,,0,1,CHVACCCDP3,BDDHS2011360001,2011,DHS,84.0,170.0,,,1.0
BGD,Chattogram/Sylhet,4673719,DPT 3 vaccination received,90.5,1,BD,Bangladesh,2011,BD2011DHS,CH_VACC_C_DP3,93906040,I,360002,1360020,Region,Chattogram/Sylhet,0,,0,1,CHVACCCDP3,BDDHS2011360002,2011,DHS,475.0,549.0,,,
BGD,Chattogram,6271369,DPT 3 vaccination received,90.9,1,BD,Bangladesh,2011,BD2011DHS,CH_VACC_C_DP3,93906040,I,360003,1360030,Region,..Chattogram,0,,0,1,CHVACCCDP3,BDDHS2011360003,2011,DHS,366.0,323.0,,,1.0
BGD,Sylhet,2071052,DPT 3 vaccination received,88.9,1,BD,Bangladesh,2011,BD2011DHS,CH_VACC_C_DP3,93906040,I,360004,1360040,Region,..Sylhet,0,,0,1,CHVACCCDP3,BDDHS2011360004,2011,DHS,109.0,226.0,,,1.0
BGD,Dhaka before 2015,5580844,DPT 3 vaccination received,93.9,1,BD,Bangladesh,2011,BD2011DHS,CH_VACC_C_DP3,93906040,I,360005,1360050,Region,Dhaka before 2015,0,,0,1,CHVACCCDP3,BDDHS2011360005,2011,DHS,478.0,254.0,,,1.0
BGD,Khulna,799790,DPT 3 vaccination received,97.2,1,BD,Bangladesh,2011,BD2011DHS,CH_VACC_C_DP3,93906040,I,360006,1360060,Region,Khulna,0,,0,1,CHVACCCDP3,BDDHS2011360006,2011,DHS,144.0,182.0,,,1.0
BGD,Rajshahi/Rangpur,4085848,DPT 3 vaccination received,95.6,1,BD,Bangladesh,2011,BD2011DHS,CH_VACC_C_DP3,93906040,I,360007,1360070,Region,Rajshahi/Rangpur,0,,0,1,CHVACCCDP3,BDDHS2011360007,2011,DHS,366.0,391.0,,,
BGD,Rangpur,3567380,DPT 3 vaccination received,96.1,1,BD,Bangladesh,2011,BD2011DHS,CH_VACC_C_DP3,93906040,I,360008,1360080,Region,..Rangpur,0,,0,1,CHVACCCDP3,BDDHS2011360008,2011,DHS,148.0,180.0,,,1.0
BGD,Rajshahi,3997863,DPT 3 vaccination received,95.3,1,BD,Bangladesh,2011,BD2011DHS,CH_VACC_C_DP3,93906040,I,360009,1360090,Region,..Rajshahi,0,,0,1,CHVACCCDP3,BDDHS2011360009,2011,DHS,218.0,211.0,,,1.0
BGD,Barishal,2766911,Children stunted,45.1,1,BD,Bangladesh,2011,BD2011DHS,CN_NUTS_C_HA2,104236020,I,360001,1360010,Region,Barishal,0,,0,1,CNNUTSCHA2,BDDHS2011360001,2011,DHS,433.0,870.0,,,1.0
BGD,Chattogram/Sylhet,4729155,Children stunted,43.3,1,BD,Bangladesh,2011,BD2011DHS,CN_NUTS_C_HA2,104236020,I,360002,1360020,Region,Chattogram/Sylhet,0,,0,1,CNNUTSCHA2,BDDHS2011360002,2011,DHS,2369.0,2779.0,,,
BGD,Chattogram,694882,Children stunted,41.3,1,BD,Bangladesh,2011,BD2011DHS,CN_NUTS_C_HA2,104236020,I,360003,1360030,Region,..Chattogram,0,,0,1,CNNUTSCHA2,BDDHS2011360003,2011,DHS,1773.0,1545.0,,,1.0
BGD,Sylhet,4099182,Children stunted,49.3,1,BD,Bangladesh,2011,BD2011DHS,CN_NUTS_C_HA2,104236020,I,360004,1360040,Region,..Sylhet,0,,0,1,CNNUTSCHA2,BDDHS2011360004,2011,DHS,596.0,1234.0,,,1.0
BGD,Dhaka before 2015,6108968,Children stunted,43.3,1,BD,Bangladesh,2011,BD2011DHS,CN_NUTS_C_HA2,104236020,I,360005,1360050,Region,Dhaka before 2015,0,,0,1,CNNUTSCHA2,BDDHS2011360005,2011,DHS,2469.0,1318.0,,,1.0
BGD,Khulna,1282708,Children stunted,34.1,1,BD,Bangladesh,2011,BD2011DHS,CN_NUTS_C_HA2,104236020,I,360006,1360060,Region,Khulna,0,,0,1,CNNUTSCHA2,BDDHS2011360006,2011,DHS,744.0,910.0,,,1.0
BGD,Rajshahi/Rangpur,172956,Children stunted,38.0,1,BD,Bangladesh,2011,BD2011DHS,CN_NUTS_C_HA2,104236020,I,360007,1360070,Region,Rajshahi/Rangpur,0,,0,1,CNNUTSCHA2,BDDHS2011360007,2011,DHS,1845.0,1949.0,,,
BGD,Rangpur,3967354,Children stunted,42.9,1,BD,Bangladesh,2011,BD2011DHS,CN_NUTS_C_HA2,104236020,I,360008,1360080,Region,..Rangpur,0,,0,1,CNNUTSCHA2,BDDHS2011360008,2011,DHS,859.0,1014.0,,,1.0
BGD,Rajshahi,6920140,Children stunted,33.7,1,BD,Bangladesh,2011,BD2011DHS,CN_NUTS_C_HA2,104236020,I,360009,1360090,Region,..Rajshahi,0,,0,1,CNNUTSCHA2,BDDHS2011360009,2011,DHS,986.0,935.0,,,1.0
BGD,Barishal,6786597,Children wasted,15.2,1,BD,Bangladesh,2011,BD2011DHS,CN_NUTS_C_WH2,104236050,I,360001,1360010,Region,Barishal,0,,0,1,CNNUTSCWH2,BDDHS2011360001,2011,DHS,433.0,870.0,,,1.0
BGD,Chattogram/Sylhet,2745034,Children wasted,16.5,1,BD,Bangladesh,2011,BD2011DHS,CN_NUTS_C_WH2,104236050,I,360002,1360020,Region,Chattogram/Sylhet,0,,0,1,CNNUTSCWH2,BDDHS2011360002,2011,DHS,2369.0,2779.0,,,
BGD,Chattogram,5098480,Children wasted,15.9,1,BD,Bangladesh,2011,BD2011DHS,CN_NUTS_C_WH2,104236050,I,360003,1360030,Region,..Chattogram,0,,0,1,CNNUTSCWH2,BDDHS2011360003,2011,DHS,1773.0,1545.0,,,1.0
BGD,Sylhet,663103,Children wasted,18.4,1,BD,Bangladesh,2011,BD2011DHS,CN_NUTS_C_WH2,104236050,I,360004,1360040,Region,..Sylhet,0,,0,1,CNNUTSCWH2,BDDHS2011360004,2011,DHS,596.0,1234.0,,,1.0
BGD,Dhaka before 2015,1304293,Children wasted,15.7,1,BD,Bangladesh,2011,BD2011DHS,CN_NUTS_C_WH2,104236050,I,360005,1360050,Region,Dhaka before 2015,0,,0,1,CNNUTSCWH2,BDDHS2011360005,2011,DHS,2469.0,1318.0,,,1.0
BGD,Khulna,5947039,Children wasted,14.6,1,BD,Bangladesh,2011,BD2011DHS,CN_NUTS_C_WH2,104236050,I,360006,1360060,Region,Khulna,0,,0,1,CNNUTSCWH2,BDDHS2011360006,2011,DHS,744.0,910.0,,,1.0
BGD,Rajshahi/Rangpur,4798434,Children wasted,14.9,1,BD,Bangladesh,2011,BD2011DHS,CN_NUTS_C_WH2,104236050,I,360007,1360070,Region,Rajshahi/Rangpur,0,,0,1,CNNUTSCWH2,BDDHS2011360007,2011,DHS,1845.0,1949.0,,,
BGD,Rangpur,542963,Children wasted,13.2,1,BD,Bangladesh,2011,BD2011DHS,CN_NUTS_C_WH2,104236050,I,360008,1360080,Region,..Rangpur,0,,0,1,CNNUTSCWH2,BDDHS2011360008,2011,DHS,859.0,1014.0,,,1.0
BGD,Rajshahi,4053874,Children wasted,16.4,1,BD,Bangladesh,2011,BD2011DHS,CN_NUTS_C_WH2,104236050,I,360009,1360090,Region,..Rajshahi,0,,0,1,CNNUTSCWH2,BDDHS2011360009,2011,DHS,986.0,935.0,,,1.0
BGD,Barishal,6786653,Children overweight,1.6,1,BD,Bangladesh,2011,BD2011DHS,CN_NUTS_C_WHP,104236060,I,360001,1360010,Region,Barishal,0,,0,1,CNNUTSCWHP,BDDHS2011360001,2011,DHS,433.0,870.0,,,1.0
BGD,Chattogram/Sylhet,2745052,Children overweight,1.4,1,BD,Bangladesh,2011,BD2011DHS,CN_NUTS_C_WHP,104236060,I,360002,1360020,Region,Chattogram/Sylhet,0,,0,1,CNNUTSCWHP,BDDHS2011360002,2011,DHS,2369.0,2779.0,,,
BGD,Chattogram,5098481,Children overweight,1.3,1,BD,Bangladesh,2011,BD2011DHS,CN_NUTS_C_WHP,104236060,I,360003,1360030,Region,..Chattogram,0,,0,1,CNNUTSCWHP,BDDHS2011360003,2011,DHS,1773.0,1545.0,,,1.0
BGD,Sylhet,663104,Children overweight,1.8,1,BD,Bangladesh,2011,BD2011DHS,CN_NUTS_C_WHP,104236060,I,360004,1360040,Region,..Sylhet,0,,0,1,CNNUTSCWHP,BDDHS2011360004,2011,DHS,596.0,1234.0,,,1.0
BGD,Dhaka before 2015,1304294,Children overweight,1.9,1,BD,Bangladesh,2011,BD2011DHS,CN_NUTS_C_WHP,104236060,I,360005,1360050,Region,Dhaka before 2015,0,,0,1,CNNUTSCWHP,BDDHS2011360005,2011,DHS,2469.0,1318.0,,,1.0
BGD,Khulna,5947040,Children overweight,1.3,1,BD,Bangladesh,2011,BD2011DHS,CN_NUTS_C_WHP,104236060,I,360006,1360060,Region,Khulna,0,,0,1,CNNUTSCWHP,BDDHS2011360006,2011,DHS,744.0,910.0,,,1.0
BGD,Rajshahi/Rangpur,4798435,Children overweight,1.2,1,BD,Bangladesh,2011,BD2011DHS,CN_NUTS_C_WHP,104236060,I,360007,1360070,Region,Rajshahi/Rangpur,0,,0,1,CNNUTSCWHP,BDDHS2011360007,2011,DHS,1845.0,1949.0,,,
BGD,Rangpur,542965,Children overweight,1.5,1,BD,Bangladesh,2011,BD2011DHS,CN_NUTS_C_WHP,104236060,I,360008,1360080,Region,..Rangpur,0,,0,1,CNNUTSCWHP,BDDHS2011360008,2011,DHS,859.0,1014.0,,,1.0
BGD,Rajshahi,4053875,Children overweight,1.0,1,BD,Bangladesh,2011,BD2011DHS,CN_NUTS_C_WHP,104236060,I,360009,1360090,Region,..Rajshahi,0,,0,1,CNNUTSCWHP,BDDHS2011360009,2011,DHS,986.0,935.0,,,1.0
BGD,Barishal,1297436,Women with any anemia,45.6,1,BD,Bangladesh,2011,BD2011DHS,AN_ANEM_W_ANY,114603010,I,360001,1360010,Region,Barishal,0,,0,1,ANANEMWANY,BDDHS2011360001,2011,DHS,306.0,628.0,,,1.0
BGD,Chattogram/Sylhet,7076329,Women with any anemia,38.7,1,BD,Bangladesh,2011,BD2011DHS,AN_ANEM_W_ANY,114603010,I,360002,1360020,Region,Chattogram/Sylhet,0,,0,1,ANANEMWANY,BDDHS2011360002,2011,DHS,1301.0,1562.0,,,
BGD,Chattogram,3354623,Women with any anemia,38.4,1,BD,Bangladesh,2011,BD2011DHS,AN_ANEM_W_ANY,114603010,I,360003,1360030,Region,..Chattogram,0,,0,1,ANANEMWANY,BDDHS2011360003,2011,DHS,991.0,888.0,,,1.0
BGD,Sylhet,1290476,Women with any anemia,39.7,1,BD,Bangladesh,2011,BD2011DHS,AN_ANEM_W_ANY,114603010,I,360004,1360040,Region,..Sylhet,0,,0,1,ANANEMWANY,BDDHS2011360004,2011,DHS,310.0,674.0,,,1.0
BGD,Dhaka before 2015,7130536,Women with any anemia,43.1,1,BD,Bangladesh,2011,BD2011DHS,AN_ANEM_W_ANY,114603010,I,360005,1360050,Region,Dhaka before 2015,0,,0,1,ANANEMWANY,BDDHS2011360005,2011,DHS,1850.0,982.0,,,1.0
BGD,Khulna,4487348,Women with any anemia,37.4,1,BD,Bangladesh,2011,BD2011DHS,AN_ANEM_W_ANY,114603010,I,360006,1360060,Region,Khulna,0,,0,1,ANANEMWANY,BDDHS2011360006,2011,DHS,708.0,872.0,,,1.0
BGD,Rajshahi/Rangpur,38291,Women with any anemia,46.4,1,BD,Bangladesh,2011,BD2011DHS,AN_ANEM_W_ANY,114603010,I,360007,1360070,Region,Rajshahi/Rangpur,0,,0,1,ANANEMWANY,BDDHS2011360007,2011,DHS,1511.0,1622.0,,,
BGD,Rangpur,1282879,Women with any anemia,49.5,1,BD,Bangladesh,2011,BD2011DHS,AN_ANEM_W_ANY,114603010,I,360008,1360080,Region,..Rangpur,0,,0,1,ANANEMWANY,BDDHS2011360008,2011,DHS,664.0,791.0,,,1.0
BGD,Rajshahi,7033608,Women with any anemia,44.1,1,BD,Bangladesh,2011,BD2011DHS,AN_ANEM_W_ANY,114603010,I,360009,1360090,Region,..Rajshahi,0,,0,1,ANANEMWANY,BDDHS2011360009,2011,DHS,847.0,831.0,,,1.0
BGD,Barishal,5951569,Children registered,33.6,1,BD,Bangladesh,2011,BD2011DHS,CP_BREG_C_REG,220906030,I,360001,1360010,Region,Barishal,0,,0,1,CPBREGCREG,BDDHS2011360001,2011,DHS,476.0,941.0,,,1.0
BGD,Chattogram/Sylhet,5853549,Children registered,34.3,1,BD,Bangladesh,2011,BD2011DHS,CP_BREG_C_REG,220906030,I,360002,1360020,Region,Chattogram/Sylhet,0,,0,1,CPBREGCREG,BDDHS2011360002,2011,DHS,2602.0,3038.0,,,
BGD,Chattogram,3685777,Children registered,31.2,1,BD,Bangladesh,2011,BD2011DHS,CP_BREG_C_REG,220906030,I,360003,1360030,Region,..Chattogram,0,,0,1,CPBREGCREG,BDDHS2011360003,2011,DHS,1956.0,1699.0,,,1.0
BGD,Sylhet,6882020,Children registered,43.5,1,BD,Bangladesh,2011,BD2011DHS,CP_BREG_C_REG,220906030,I,360004,1360040,Region,..Sylhet,0,,0,1,CPBREGCREG,BDDHS2011360004,2011,DHS,646.0,1339.0,,,1.0
BGD,Dhaka before 2015,2638348,Children registered,26.9,1,BD,Bangladesh,2011,BD2011DHS,CP_BREG_C_REG,220906030,I,360005,1360050,Region,Dhaka before 2015,0,,0,1,CPBREGCREG,BDDHS2011360005,2011,DHS,2646.0,1420.0,,,1.0
BGD,Khulna,4717263,Children registered,31.9,1,BD,Bangladesh,2011,BD2011DHS,CP_BREG_C_REG,220906030,I,360006,1360060,Region,Khulna,0,,0,1,CPBREGCREG,BDDHS2011360006,2011,DHS,761.0,934.0,,,1.0
BGD,Rajshahi/Rangpur,5875948,Children registered,29.2,1,BD,Bangladesh,2011,BD2011DHS,CP_BREG_C_REG,220906030,I,360007,1360070,Region,Rajshahi/Rangpur,0,,0,1,CPBREGCREG,BDDHS2011360007,2011,DHS,2002.0,2115.0,,,
BGD,Rangpur,1107742,Children registered,33.1,1,BD,Bangladesh,2011,BD2011DHS,CP_BREG_C_REG,220906030,I,360008,1360080,Region,..Rangpur,0,,0,1,CPBREGCREG,BDDHS2011360008,2011,DHS,924.0,1103.0,,,1.0
BGD,Rajshahi,5692620,Children registered,26.0,1,BD,Bangladesh,2011,BD2011DHS,CP_BREG_C_REG,220906030,I,360009,1360090,Region,..Rajshahi,0,,0,1,CPBREGCREG,BDDHS2011360009,2011,DHS,1077.0,1012.0,,,1.0
BGD,Barishal,585297,Population using open defecation,1.8,1,BD,Bangladesh,2011,BD2011DHS,WS_TLET_P_NFC,250262210,I,360001,1360010,Region,Barishal,0,,0,1,WSTLETPNFC,BDDHS2011360001,2011,DHS,4603.0,9263.0,,,1.0
BGD,Chattogram/Sylhet,6163152,Population using open defecation,2.4,1,BD,Bangladesh,2011,BD2011DHS,WS_TLET_P_NFC,250262210,I,360002,1360020,Region,Chattogram/Sylhet,0,,0,1,WSTLETPNFC,BDDHS2011360002,2011,DHS,20521.0,24536.0,,,
BGD,Chattogram,375111,Population using open defecation,2.1,1,BD,Bangladesh,2011,BD2011DHS,WS_TLET_P_NFC,250262210,I,360003,1360030,Region,..Chattogram,0,,0,1,WSTLETPNFC,BDDHS2011360003,2011,DHS,15386.0,13549.0,,,1.0
BGD,Sylhet,6911111,Population using open defecation,3.4,1,BD,Bangladesh,2011,BD2011DHS,WS_TLET_P_NFC,250262210,I,360004,1360040,Region,..Sylhet,0,,0,1,WSTLETPNFC,BDDHS2011360004,2011,DHS,5135.0,10987.0,,,1.0
BGD,Dhaka before 2015,3046107,Population using open defecation,4.0,1,BD,Bangladesh,2011,BD2011DHS,WS_TLET_P_NFC,250262210,I,360005,1360050,Region,Dhaka before 2015,0,,0,1,WSTLETPNFC,BDDHS2011360005,2011,DHS,25126.0,13594.0,,,1.0
BGD,Khulna,4717780,Population using open defecation,1.6,1,BD,Bangladesh,2011,BD2011DHS,WS_TLET_P_NFC,250262210,I,360006,1360060,Region,Khulna,0,,0,1,WSTLETPNFC,BDDHS2011360006,2011,DHS,8742.0,10712.0,,,1.0
BGD,Rajshahi/Rangpur,7390998,Population using open defecation,7.8,1,BD,Bangladesh,2011,BD2011DHS,WS_TLET_P_NFC,250262210,I,360007,1360070,Region,Rajshahi/Rangpur,0,,0,1,WSTLETPNFC,BDDHS2011360007,2011,DHS,19917.0,21378.0,,,
BGD,Rangpur,311606,Population using open defecation,12.5,1,BD,Bangladesh,2011,BD2011DHS,WS_TLET_P_NFC,250262210,I,360008,1360080,Region,..Rangpur,0,,0,1,WSTLETPNFC,BDDHS2011360008,2011,DHS,8916.0,10716.0,,,1.0
BGD,Rajshahi,5483498,Population using open defecation,3.9,1,BD,Bangladesh,2011,BD2011DHS,WS_TLET_P_NFC,250262210,I,360009,1360090,Region,..Rajshahi,0,,0,1,WSTLETPNFC,BDDHS2011360009,2011,DHS,11001.0,10662.0,,,1.0
BGD,Barishal,585298,Population with basic sanitation service,39.6,1,BD,Bangladesh,2011,BD2011DHS,WS_TLET_P_BAS,250262300,I,360001,1360010,Region,Barishal,0,,0,1,WSTLETPBAS,BDDHS2011360001,2011,DHS,4603.0,9263.0,,,1.0
BGD,Chattogram/Sylhet,6163159,Population with basic sanitation service,40.9,1,BD,Bangladesh,2011,BD2011DHS,WS_TLET_P_BAS,250262300,I,360002,1360020,Region,Chattogram/Sylhet,0,,0,1,WSTLETPBAS,BDDHS2011360002,2011,DHS,20521.0,24536.0,,,
BGD,Chattogram,375112,Population with basic sanitation service,41.4,1,BD,Bangladesh,2011,BD2011DHS,WS_TLET_P_BAS,250262300,I,360003,1360030,Region,..Chattogram,0,,0,1,WSTLETPBAS,BDDHS2011360003,2011,DHS,15386.0,13549.0,,,1.0
BGD,Sylhet,6911112,Population with basic sanitation service,39.7,1,BD,Bangladesh,2011,BD2011DHS,WS_TLET_P_BAS,250262300,I,360004,1360040,Region,..Sylhet,0,,0,1,WSTLETPBAS,BDDHS2011360004,2011,DHS,5135.0,10987.0,,,1.0
BGD,Dhaka before 2015,3046108,Population with basic sanitation service,33.7,1,BD,Bangladesh,2011,BD2011DHS,WS_TLET_P_BAS,250262300,I,360005,1360050,Region,Dhaka before 2015,0,,0,1,WSTLETPBAS,BDDHS2011360005,2011,DHS,25126.0,13594.0,,,1.0
BGD,Khulna,4717781,Population with basic sanitation service,38.6,1,BD,Bangladesh,2011,BD2011DHS,WS_TLET_P_BAS,250262300,I,360006,1360060,Region,Khulna,0,,0,1,WSTLETPBAS,BDDHS2011360006,2011,DHS,8742.0,10712.0,,,1.0
BGD,Rajshahi/Rangpur,7391022,Population with basic sanitation service,37.3,1,BD,Bangladesh,2011,BD2011DHS,WS_TLET_P_BAS,250262300,I,360007,1360070,Region,Rajshahi/Rangpur,0,,0,1,WSTLETPBAS,BDDHS2011360007,2011,DHS,19917.0,21378.0,,,
BGD,Rangpur,311562,Population with basic sanitation service,35.4,1,BD,Bangladesh,2011,BD2011DHS,WS_TLET_P_BAS,250262300,I,360008,1360080,Region,..Rangpur,0,,0,1,WSTLETPBAS,BDDHS2011360008,2011,DHS,8916.0,10716.0,,,1.0
BGD,Rajshahi,5483499,Population with basic sanitation service,38.8,1,BD,Bangladesh,2011,BD2011DHS,WS_TLET_P_BAS,250262300,I,360009,1360090,Region,..Rajshahi,0,,0,1,WSTLETPBAS,BDDHS2011360009,2011,DHS,11001.0,10662.0,,,1.0
BGD,Barishal,3007130,"Population with a basic handwashing facility, with soap and water available",11.4,1,BD,Bangladesh,2011,BD2011DHS,WS_HNDW_P_BAS,250302150,I,360001,1360010,Region,Barishal,0,,0,1,WSHNDWPBAS,BDDHS2011360001,2011,DHS,4296.0,8702.0,,,1.0
BGD,Chattogram/Sylhet,6527261,"Population with a basic handwashing facility, with soap and water available",21.6,1,BD,Bangladesh,2011,BD2011DHS,WS_HNDW_P_BAS,250302150,I,360002,1360020,Region,Chattogram/Sylhet,0,,0,1,WSHNDWPBAS,BDDHS2011360002,2011,DHS,19945.0,23968.0,,,
BGD,Chattogram,2881787,"Population with a basic handwashing facility, with soap and water available",21.5,1,BD,Bangladesh,2011,BD2011DHS,WS_HNDW_P_BAS,250302150,I,360003,1360030,Region,..Chattogram,0,,0,1,WSHNDWPBAS,BDDHS2011360003,2011,DHS,14912.0,13170.0,,,1.0
BGD,Sylhet,433737,"Population with a basic handwashing facility, with soap and water available",22.1,1,BD,Bangladesh,2011,BD2011DHS,WS_HNDW_P_BAS,250302150,I,360004,1360040,Region,..Sylhet,0,,0,1,WSHNDWPBAS,BDDHS2011360004,2011,DHS,5033.0,10798.0,,,1.0
BGD,Dhaka before 2015,1121997,"Population with a basic handwashing facility, with soap and water available",26.0,1,BD,Bangladesh,2011,BD2011DHS,WS_HNDW_P_BAS,250302150,I,360005,1360050,Region,Dhaka before 2015,0,,0,1,WSHNDWPBAS,BDDHS2011360005,2011,DHS,24420.0,13227.0,,,1.0
BGD,Khulna,5483500,"Population with a basic handwashing facility, with soap and water available",18.1,1,BD,Bangladesh,2011,BD2011DHS,WS_HNDW_P_BAS,250302150,I,360006,1360060,Region,Khulna,0,,0,1,WSHNDWPBAS,BDDHS2011360006,2011,DHS,8646.0,10595.0,,,1.0
BGD,Rajshahi/Rangpur,7116672,"Population with a basic handwashing facility, with soap and water available",24.9,1,BD,Bangladesh,2011,BD2011DHS,WS_HNDW_P_BAS,250302150,I,360007,1360070,Region,Rajshahi/Rangpur,0,,0,1,WSHNDWPBAS,BDDHS2011360007,2011,DHS,19341.0,20875.0,,,
BGD,Rangpur,4225784,"Population with a basic handwashing facility, with soap and water available",27.6,1,BD,Bangladesh,2011,BD2011DHS,WS_HNDW_P_BAS,250302150,I,360008,1360080,Region,..Rangpur,0,,0,1,WSHNDWPBAS,BDDHS2011360008,2011,DHS,8853.0,10642.0,,,1.0
BGD,Rajshahi,3532602,"Population with a basic handwashing facility, with soap and water available",22.6,1,BD,Bangladesh,2011,BD2011DHS,WS_HNDW_P_BAS,250302150,I,360009,1360090,Region,..Rajshahi,0,,0,1,WSHNDWPBAS,BDDHS2011360009,2011,DHS,10488.0,10233.0,,,1.0
BGD,Barishal,1099000,Population with electricity,46.7,1,BD,Bangladesh,2011,BD2011DHS,HC_ELEC_P_ELC,260322010,I,360001,1360010,Region,Barishal,0,,0,1,HCELECPELC,BDDHS2011360001,2011,DHS,4603.0,9263.0,,,1.0
BGD,Chattogram/Sylhet,7052138,Population with electricity,63.8,1,BD,Bangladesh,2011,BD2011DHS,HC_ELEC_P_ELC,260322010,I,360002,1360020,Region,Chattogram/Sylhet,0,,0,1,HCELECPELC,BDDHS2011360002,2011,DHS,20521.0,24536.0,,,
BGD,Chattogram,5646049,Population with electricity,66.6,1,BD,Bangladesh,2011,BD2011DHS,HC_ELEC_P_ELC,260322010,I,360003,1360030,Region,..Chattogram,0,,0,1,HCELECPELC,BDDHS2011360003,2011,DHS,15386.0,13549.0,,,1.0
BGD,Sylhet,4209438,Population with electricity,55.3,1,BD,Bangladesh,2011,BD2011DHS,HC_ELEC_P_ELC,260322010,I,360004,1360040,Region,..Sylhet,0,,0,1,HCELECPELC,BDDHS2011360004,2011,DHS,5135.0,10987.0,,,1.0
BGD,Dhaka before 2015,3683479,Population with electricity,68.7,1,BD,Bangladesh,2011,BD2011DHS,HC_ELEC_P_ELC,260322010,I,360005,1360050,Region,Dhaka before 2015,0,,0,1,HCELECPELC,BDDHS2011360005,2011,DHS,25126.0,13594.0,,,1.0
BGD,Khulna,3653963,Population with electricity,63.0,1,BD,Bangladesh,2011,BD2011DHS,HC_ELEC_P_ELC,260322010,I,360006,1360060,Region,Khulna,0,,0,1,HCELECPELC,BDDHS2011360006,2011,DHS,8742.0,10712.0,,,1.0
BGD,Rajshahi/Rangpur,5353968,Population with electricity,49.5,1,BD,Bangladesh,2011,BD2011DHS,HC_ELEC_P_ELC,260322010,I,360007,1360070,Region,Rajshahi/Rangpur,0,,0,1,HCELECPELC,BDDHS2011360007,2011,DHS,19917.0,21378.0,,,
BGD,Rangpur,542525,Population with electricity,37.9,1,BD,Bangladesh,2011,BD2011DHS,HC_ELEC_P_ELC,260322010,I,360008,1360080,Region,..Rangpur,0,,0,1,HCELECPELC,BDDHS2011360008,2011,DHS,8916.0,10716.0,,,1.0
BGD,Rajshahi,1107263,Population with electricity,58.9,1,BD,Bangladesh,2011,BD2011DHS,HC_ELEC_P_ELC,260322010,I,360009,1360090,Region,..Rajshahi,0,,0,1,HCELECPELC,BDDHS2011360009,2011,DHS,11001.0,10662.0,,,1.0
BGD,Barishal,1098825,Population using clean fuel for cooking ,1.2,1,BD,Bangladesh,2011,BD2011DHS,HC_CKFL_P_CLN,260432150,I,360001,1360010,Region,Barishal,0,,0,1,HCCKFLPCLN,BDDHS2011360001,2011,DHS,4603.0,9263.0,,,1.0
BGD,Chattogram/Sylhet,7052172,Population using clean fuel for cooking ,11.9,1,BD,Bangladesh,2011,BD2011DHS,HC_CKFL_P_CLN,260432150,I,360002,1360020,Region,Chattogram/Sylhet,0,,0,1,HCCKFLPCLN,BDDHS2011360002,2011,DHS,20521.0,24536.0,,,
BGD,Chattogram,5646046,Population using clean fuel for cooking ,12.2,1,BD,Bangladesh,2011,BD2011DHS,HC_CKFL_P_CLN,260432150,I,360003,1360030,Region,..Chattogram,0,,0,1,HCCKFLPCLN,BDDHS2011360003,2011,DHS,15386.0,13549.0,,,1.0
BGD,Sylhet,4209435,Population using clean fuel for cooking ,10.9,1,BD,Bangladesh,2011,BD2011DHS,HC_CKFL_P_CLN,260432150,I,360004,1360040,Region,..Sylhet,0,,0,1,HCCKFLPCLN,BDDHS2011360004,2011,DHS,5135.0,10987.0,,,1.0
BGD,Dhaka before 2015,3683475,Population using clean fuel for cooking ,27.0,1,BD,Bangladesh,2011,BD2011DHS,HC_CKFL_P_CLN,260432150,I,360005,1360050,Region,Dhaka before 2015,0,,0,1,HCCKFLPCLN,BDDHS2011360005,2011,DHS,25126.0,13594.0,,,1.0
BGD,Khulna,3653986,Population using clean fuel for cooking ,2.2,1,BD,Bangladesh,2011,BD2011DHS,HC_CKFL_P_CLN,260432150,I,360006,1360060,Region,Khulna,0,,0,1,HCCKFLPCLN,BDDHS2011360006,2011,DHS,8742.0,10712.0,,,1.0
BGD,Rajshahi/Rangpur,5354000,Population using clean fuel for cooking ,2.4,1,BD,Bangladesh,2011,BD2011DHS,HC_CKFL_P_CLN,260432150,I,360007,1360070,Region,Rajshahi/Rangpur,0,,0,1,HCCKFLPCLN,BDDHS2011360007,2011,DHS,19917.0,21378.0,,,
BGD,Rangpur,542507,Population using clean fuel for cooking ,0.6,1,BD,Bangladesh,2011,BD2011DHS,HC_CKFL_P_CLN,260432150,I,360008,1360080,Region,..Rangpur,0,,0,1,HCCKFLPCLN,BDDHS2011360008,2011,DHS,8916.0,10716.0,,,1.0
BGD,Rajshahi,1107262,Population using clean fuel for cooking ,3.9,1,BD,Bangladesh,2011,BD2011DHS,HC_CKFL_P_CLN,260432150,I,360009,1360090,Region,..Rajshahi,0,,0,1,HCCKFLPCLN,BDDHS2011360009,2011,DHS,11001.0,10662.0,,,1.0
BGD,Barishal,1804399,Age specific fertility rate: 10-14,11.0,0,BD,Bangladesh,2014,BD2014DHS,FE_FRTR_W_A10,11763005,I,360001,1360010,Region,Barishal,0,,0,1,FEFRTRWA10,BDDHS2014360001,2014,DHS,,,,,1.0
BGD,Chattogram/Sylhet,1811218,Age specific fertility rate: 10-14,5.0,0,BD,Bangladesh,2014,BD2014DHS,FE_FRTR_W_A10,11763005,I,360002,1360020,Region,Chattogram/Sylhet,0,,0,1,FEFRTRWA10,BDDHS2014360002,2014,DHS,,,,,
BGD,Chattogram,1804402,Age specific fertility rate: 10-14,4.0,0,BD,Bangladesh,2014,BD2014DHS,FE_FRTR_W_A10,11763005,I,360003,1360030,Region,..Chattogram,0,,0,1,FEFRTRWA10,BDDHS2014360003,2014,DHS,,,,,1.0
BGD,Sylhet,1797258,Age specific fertility rate: 10-14,7.0,0,BD,Bangladesh,2014,BD2014DHS,FE_FRTR_W_A10,11763005,I,360004,1360040,Region,..Sylhet,0,,0,1,FEFRTRWA10,BDDHS2014360004,2014,DHS,,,,,1.0
BGD,Dhaka before 2015,1811136,Age specific fertility rate: 10-14,14.0,0,BD,Bangladesh,2014,BD2014DHS,FE_FRTR_W_A10,11763005,I,360005,1360050,Region,Dhaka before 2015,0,,0,1,FEFRTRWA10,BDDHS2014360005,2014,DHS,,,,,1.0
BGD,Khulna,1804371,Age specific fertility rate: 10-14,10.0,0,BD,Bangladesh,2014,BD2014DHS,FE_FRTR_W_A10,11763005,I,360006,1360060,Region,Khulna,0,,0,1,FEFRTRWA10,BDDHS2014360006,2014,DHS,,,,,1.0
BGD,Rajshahi/Rangpur,1811155,Age specific fertility rate: 10-14,10.0,0,BD,Bangladesh,2014,BD2014DHS,FE_FRTR_W_A10,11763005,I,360007,1360070,Region,Rajshahi/Rangpur,0,,0,1,FEFRTRWA10,BDDHS2014360007,2014,DHS,,,,,
BGD,Rangpur,1817738,Age specific fertility rate: 10-14,10.0,0,BD,Bangladesh,2014,BD2014DHS,FE_FRTR_W_A10,11763005,I,360008,1360080,Region,..Rangpur,0,,0,1,FEFRTRWA10,BDDHS2014360008,2014,DHS,,,,,1.0
BGD,Rajshahi,1817746,Age specific fertility rate: 10-14,11.0,0,BD,Bangladesh,2014,BD2014DHS,FE_FRTR_W_A10,11763005,I,360009,1360090,Region,..Rajshahi,0,,0,1,FEFRTRWA10,BDDHS2014360009,2014,DHS,,,,,1.0
BGD,Barishal,1804400,Age specific fertility rate: 15-19,100.0,0,BD,Bangladesh,2014,BD2014DHS,FE_FRTR_W_A15,11763010,I,360001,1360010,Region,Barishal,0,,0,1,FEFRTRWA15,BDDHS2014360001,2014,DHS,,,,,1.0
BGD,Chattogram/Sylhet,1811219,Age specific fertility rate: 15-19,110.0,0,BD,Bangladesh,2014,BD2014DHS,FE_FRTR_W_A15,11763010,I,360002,1360020,Region,Chattogram/Sylhet,0,,0,1,FEFRTRWA15,BDDHS2014360002,2014,DHS,,,,,
BGD,Chattogram,1804403,Age specific fertility rate: 15-19,117.0,0,BD,Bangladesh,2014,BD2014DHS,FE_FRTR_W_A15,11763010,I,360003,1360030,Region,..Chattogram,0,,0,1,FEFRTRWA15,BDDHS2014360003,2014,DHS,,,,,1.0
BGD,Sylhet,1797259,Age specific fertility rate: 15-19,93.0,0,BD,Bangladesh,2014,BD2014DHS,FE_FRTR_W_A15,11763010,I,360004,1360040,Region,..Sylhet,0,,0,1,FEFRTRWA15,BDDHS2014360004,2014,DHS,,,,,1.0
BGD,Dhaka before 2015,1811137,Age specific fertility rate: 15-19,113.0,0,BD,Bangladesh,2014,BD2014DHS,FE_FRTR_W_A15,11763010,I,360005,1360050,Region,Dhaka before 2015,0,,0,1,FEFRTRWA15,BDDHS2014360005,2014,DHS,,,,,1.0
BGD,Khulna,1804372,Age specific fertility rate: 15-19,118.0,0,BD,Bangladesh,2014,BD2014DHS,FE_FRTR_W_A15,11763010,I,360006,1360060,Region,Khulna,0,,0,1,FEFRTRWA15,BDDHS2014360006,2014,DHS,,,,,1.0
BGD,Rajshahi/Rangpur,1811156,Age specific fertility rate: 15-19,122.0,0,BD,Bangladesh,2014,BD2014DHS,FE_FRTR_W_A15,11763010,I,360007,1360070,Region,Rajshahi/Rangpur,0,,0,1,FEFRTRWA15,BDDHS2014360007,2014,DHS,,,,,
BGD,Rangpur,1817739,Age specific fertility rate: 15-19,118.0,0,BD,Bangladesh,2014,BD2014DHS,FE_FRTR_W_A15,11763010,I,360008,1360080,Region,..Rangpur,0,,0,1,FEFRTRWA15,BDDHS2014360008,2014,DHS,,,,,1.0
BGD,Rajshahi,1817747,Age specific fertility rate: 15-19,127.0,0,BD,Bangladesh,2014,BD2014DHS,FE_FRTR_W_A15,11763010,I,360009,1360090,Region,..Rajshahi,0,,0,1,FEFRTRWA15,BDDHS2014360009,2014,DHS,,,,,1.0
BGD,Barishal,6471129,Demand for family planning satisfied by modern methods,73.1,1,BD,Bangladesh,2014,BD2014DHS,FP_NADM_W_PDM,32933150,I,360001,1360010,Region,Barishal,0,,0,1,FPNADMWPDM,BDDHS2014360001,2014,DHS,784.0,1504.0,,,1.0
BGD,Chattogram/Sylhet,2764230,Demand for family planning satisfied by modern methods,64.5,1,BD,Bangladesh,2014,BD2014DHS,FP_NADM_W_PDM,32933150,I,360002,1360020,Region,Chattogram/Sylhet,0,,0,1,FPNADMWPDM,BDDHS2014360002,2014,DHS,3012.0,3232.0,,,
BGD,Chattogram,4788281,Demand for family planning satisfied by modern methods,65.2,1,BD,Bangladesh,2014,BD2014DHS,FP_NADM_W_PDM,32933150,I,360003,1360030,Region,..Chattogram,0,,0,1,FPNADMWPDM,BDDHS2014360003,2014,DHS,2260.0,1948.0,,,1.0
BGD,Sylhet,1549247,Demand for family planning satisfied by modern methods,62.3,1,BD,Bangladesh,2014,BD2014DHS,FP_NADM_W_PDM,32933150,I,360004,1360040,Region,..Sylhet,0,,0,1,FPNADMWPDM,BDDHS2014360004,2014,DHS,752.0,1284.0,,,1.0
BGD,Dhaka before 2015,1533121,Demand for family planning satisfied by modern methods,72.3,1,BD,Bangladesh,2014,BD2014DHS,FP_NADM_W_PDM,32933150,I,360005,1360050,Region,Dhaka before 2015,0,,0,1,FPNADMWPDM,BDDHS2014360005,2014,DHS,4394.0,2169.0,,,1.0
BGD,Khulna,5854390,Demand for family planning satisfied by modern methods,73.7,1,BD,Bangladesh,2014,BD2014DHS,FP_NADM_W_PDM,32933150,I,360006,1360060,Region,Khulna,0,,0,1,FPNADMWPDM,BDDHS2014360006,2014,DHS,1323.0,1852.0,,,1.0
BGD,Rajshahi/Rangpur,6377962,Demand for family planning satisfied by modern methods,80.5,1,BD,Bangladesh,2014,BD2014DHS,FP_NADM_W_PDM,32933150,I,360007,1360070,Region,Rajshahi/Rangpur,0,,0,1,FPNADMWPDM,BDDHS2014360007,2014,DHS,3038.0,3691.0,,,
BGD,Rangpur,3520063,Demand for family planning satisfied by modern methods,82.3,1,BD,Bangladesh,2014,BD2014DHS,FP_NADM_W_PDM,32933150,I,360008,1360080,Region,..Rangpur,0,,0,1,FPNADMWPDM,BDDHS2014360008,2014,DHS,1491.0,1850.0,,,1.0
BGD,Rajshahi,2858656,Demand for family planning satisfied by modern methods,78.7,1,BD,Bangladesh,2014,BD2014DHS,FP_NADM_W_PDM,32933150,I,360009,1360090,Region,..Rajshahi,0,,0,1,FPNADMWPDM,BDDHS2014360009,2014,DHS,1547.0,1841.0,,,1.0
BGD,Barishal,7724835,Neonatal mortality rate,33.0,0,BD,Bangladesh,2014,BD2014DHS,CM_ECMR_C_NNR,63206010,I,360001,1360010,Region,Barishal,14003,Ten years preceding the survey,0,1,CMECMRCNNR,BDDHS2014360001,2014,DHS,,,23.0,43.0,1.0
BGD,Chattogram/Sylhet,1736163,Neonatal mortality rate,37.0,0,BD,Bangladesh,2014,BD2014DHS,CM_ECMR_C_NNR,63206010,I,360002,1360020,Region,Chattogram/Sylhet,14003,Ten years preceding the survey,0,1,CMECMRCNNR,BDDHS2014360002,2014,DHS,,,31.0,44.0,
BGD,Chattogram,7802592,Neonatal mortality rate,34.0,0,BD,Bangladesh,2014,BD2014DHS,CM_ECMR_C_NNR,63206010,I,360003,1360030,Region,..Chattogram,14003,Ten years preceding the survey,0,1,CMECMRCNNR,BDDHS2014360003,2014,DHS,,,25.0,42.0,1.0
BGD,Sylhet,7712061,Neonatal mortality rate,45.0,0,BD,Bangladesh,2014,BD2014DHS,CM_ECMR_C_NNR,63206010,I,360004,1360040,Region,..Sylhet,14003,Ten years preceding the survey,0,1,CMECMRCNNR,BDDHS2014360004,2014,DHS,,,36.0,54.0,1.0
BGD,Dhaka before 2015,7477545,Neonatal mortality rate,27.0,0,BD,Bangladesh,2014,BD2014DHS,CM_ECMR_C_NNR,63206010,I,360005,1360050,Region,Dhaka before 2015,14003,Ten years preceding the survey,0,1,CMECMRCNNR,BDDHS2014360005,2014,DHS,,,21.0,33.0,1.0
BGD,Khulna,7725794,Neonatal mortality rate,37.0,0,BD,Bangladesh,2014,BD2014DHS,CM_ECMR_C_NNR,63206010,I,360006,1360060,Region,Khulna,14003,Ten years preceding the survey,0,1,CMECMRCNNR,BDDHS2014360006,2014,DHS,,,27.0,47.0,1.0
BGD,Rajshahi/Rangpur,1736236,Neonatal mortality rate,31.0,0,BD,Bangladesh,2014,BD2014DHS,CM_ECMR_C_NNR,63206010,I,360007,1360070,Region,Rajshahi/Rangpur,14003,Ten years preceding the survey,0,1,CMECMRCNNR,BDDHS2014360007,2014,DHS,,,25.0,37.0,
BGD,Rangpur,7913255,Neonatal mortality rate,28.0,0,BD,Bangladesh,2014,BD2014DHS,CM_ECMR_C_NNR,63206010,I,360008,1360080,Region,..Rangpur,14003,Ten years preceding the survey,0,1,CMECMRCNNR,BDDHS2014360008,2014,DHS,,,19.0,38.0,1.0
BGD,Rajshahi,7673883,Neonatal mortality rate,33.0,0,BD,Bangladesh,2014,BD2014DHS,CM_ECMR_C_NNR,63206010,I,360009,1360090,Region,..Rajshahi,14003,Ten years preceding the survey,0,1,CMECMRCNNR,BDDHS2014360009,2014,DHS,,,26.0,41.0,1.0
BGD,Barishal,7691870,Under-five mortality rate,52.0,0,BD,Bangladesh,2014,BD2014DHS,CM_ECMR_C_U5M,63206050,I,360001,1360010,Region,Barishal,14003,Ten years preceding the survey,0,1,CMECMRCU5M,BDDHS2014360001,2014,DHS,,,42.0,62.0,1.0
BGD,Chattogram/Sylhet,1736326,Under-five mortality rate,67.0,0,BD,Bangladesh,2014,BD2014DHS,CM_ECMR_C_U5M,63206050,I,360002,1360020,Region,Chattogram/Sylhet,14003,Ten years preceding the survey,0,1,CMECMRCU5M,BDDHS2014360002,2014,DHS,,,58.0,75.0,
BGD,Chattogram,7552800,Under-five mortality rate,62.0,0,BD,Bangladesh,2014,BD2014DHS,CM_ECMR_C_U5M,63206050,I,360003,1360030,Region,..Chattogram,14003,Ten years preceding the survey,0,1,CMECMRCU5M,BDDHS2014360003,2014,DHS,,,50.0,73.0,1.0
BGD,Sylhet,1729873,Under-five mortality rate,77.0,0,BD,Bangladesh,2014,BD2014DHS,CM_ECMR_C_U5M,63206050,I,360004,1360040,Region,..Sylhet,14003,Ten years preceding the survey,0,1,CMECMRCU5M,BDDHS2014360004,2014,DHS,,,66.0,87.0,1.0
BGD,Dhaka before 2015,7767018,Under-five mortality rate,48.0,0,BD,Bangladesh,2014,BD2014DHS,CM_ECMR_C_U5M,63206050,I,360005,1360050,Region,Dhaka before 2015,14003,Ten years preceding the survey,0,1,CMECMRCU5M,BDDHS2014360005,2014,DHS,,,39.0,56.0,1.0
BGD,Khulna,7970304,Under-five mortality rate,50.0,0,BD,Bangladesh,2014,BD2014DHS,CM_ECMR_C_U5M,63206050,I,360006,1360060,Region,Khulna,14003,Ten years preceding the survey,0,1,CMECMRCU5M,BDDHS2014360006,2014,DHS,,,40.0,61.0,1.0
BGD,Rajshahi/Rangpur,7928491,Under-five mortality rate,48.0,0,BD,Bangladesh,2014,BD2014DHS,CM_ECMR_C_U5M,63206050,I,360007,1360070,Region,Rajshahi/Rangpur,14003,Ten years preceding the survey,0,1,CMECMRCU5M,BDDHS2014360007,2014,DHS,,,39.0,56.0,
BGD,Rangpur,7790018,Under-five mortality rate,45.0,0,BD,Bangladesh,2014,BD2014DHS,CM_ECMR_C_U5M,63206050,I,360008,1360080,Region,..Rangpur,14003,Ten years preceding the survey,0,1,CMECMRCU5M,BDDHS2014360008,2014,DHS,,,32.0,58.0,1.0
BGD,Rajshahi,1741210,Under-five mortality rate,50.0,0,BD,Bangladesh,2014,BD2014DHS,CM_ECMR_C_U5M,63206050,I,360009,1360090,Region,..Rajshahi,14003,Ten years preceding the survey,0,1,CMECMRCU5M,BDDHS2014360009,2014,DHS,,,40.0,60.0,1.0
BGD,Barishal,6640801,Assistance during delivery from a skilled provider,36.7,1,BD,Bangladesh,2014,BD2014DHS,RH_DELA_C_SKP,83606110,I,360001,1360010,Region,Barishal,14000,Three years preceding the survey,0,0,RHDELACSKP,BDDHS2014360001,2014,DHS,279.0,551.0,,,1.0
BGD,Barishal,837366,Assistance during delivery from a skilled provider,38.1,1,BD,Bangladesh,2014,BD2014DHS,RH_DELA_C_SKP,83606110,I,360001,1360010,Region,Barishal,14002,Two years preceding the survey,0,1,RHDELACSKP,BDDHS2014360001,2014,DHS,189.0,377.0,,,1.0
BGD,Chattogram/Sylhet,139155,Assistance during delivery from a skilled provider,38.8,1,BD,Bangladesh,2014,BD2014DHS,RH_DELA_C_SKP,83606110,I,360002,1360020,Region,Chattogram/Sylhet,14000,Three years preceding the survey,0,0,RHDELACSKP,BDDHS2014360002,2014,DHS,1548.0,1652.0,,,
BGD,Chattogram/Sylhet,5463446,Assistance during delivery from a skilled provider,40.5,1,BD,Bangladesh,2014,BD2014DHS,RH_DELA_C_SKP,83606110,I,360002,1360020,Region,Chattogram/Sylhet,14002,Two years preceding the survey,0,1,RHDELACSKP,BDDHS2014360002,2014,DHS,991.0,1055.0,,,
BGD,Chattogram,2218537,Assistance during delivery from a skilled provider,43.9,1,BD,Bangladesh,2014,BD2014DHS,RH_DELA_C_SKP,83606110,I,360003,1360030,Region,..Chattogram,14000,Three years preceding the survey,0,0,RHDELACSKP,BDDHS2014360003,2014,DHS,1074.0,915.0,,,1.0
BGD,Chattogram,5646189,Assistance during delivery from a skilled provider,46.0,1,BD,Bangladesh,2014,BD2014DHS,RH_DELA_C_SKP,83606110,I,360003,1360030,Region,..Chattogram,14002,Two years preceding the survey,0,1,RHDELACSKP,BDDHS2014360003,2014,DHS,695.0,588.0,,,1.0
BGD,Sylhet,3626475,Assistance during delivery from a skilled provider,27.1,1,BD,Bangladesh,2014,BD2014DHS,RH_DELA_C_SKP,83606110,I,360004,1360040,Region,..Sylhet,14000,Three years preceding the survey,0,0,RHDELACSKP,BDDHS2014360004,2014,DHS,474.0,737.0,,,1.0
BGD,Sylhet,3280660,Assistance during delivery from a skilled provider,27.7,1,BD,Bangladesh,2014,BD2014DHS,RH_DELA_C_SKP,83606110,I,360004,1360040,Region,..Sylhet,14002,Two years preceding the survey,0,1,RHDELACSKP,BDDHS2014360004,2014,DHS,297.0,467.0,,,1.0
BGD,Dhaka before 2015,7812232,Assistance during delivery from a skilled provider,43.5,1,BD,Bangladesh,2014,BD2014DHS,RH_DELA_C_SKP,83606110,I,360005,1360050,Region,Dhaka before 2015,14000,Three years preceding the survey,0,0,RHDELACSKP,BDDHS2014360005,2014,DHS,1740.0,839.0,,,1.0
BGD,Dhaka before 2015,6709502,Assistance during delivery from a skilled provider,45.8,1,BD,Bangladesh,2014,BD2014DHS,RH_DELA_C_SKP,83606110,I,360005,1360050,Region,Dhaka before 2015,14002,Two years preceding the survey,0,1,RHDELACSKP,BDDHS2014360005,2014,DHS,1192.0,573.0,,,1.0
BGD,Khulna,5883388,Assistance during delivery from a skilled provider,58.2,1,BD,Bangladesh,2014,BD2014DHS,RH_DELA_C_SKP,83606110,I,360006,1360060,Region,Khulna,14000,Three years preceding the survey,0,0,RHDELACSKP,BDDHS2014360006,2014,DHS,387.0,552.0,,,1.0
BGD,Khulna,146264,Assistance during delivery from a skilled provider,63.8,1,BD,Bangladesh,2014,BD2014DHS,RH_DELA_C_SKP,83606110,I,360006,1360060,Region,Khulna,14002,Two years preceding the survey,0,1,RHDELACSKP,BDDHS2014360006,2014,DHS,253.0,366.0,,,1.0
BGD,Rajshahi/Rangpur,7557728,Assistance during delivery from a skilled provider,39.8,1,BD,Bangladesh,2014,BD2014DHS,RH_DELA_C_SKP,83606110,I,360007,1360070,Region,Rajshahi/Rangpur,14000,Three years preceding the survey,0,0,RHDELACSKP,BDDHS2014360007,2014,DHS,949.0,1140.0,,,
BGD,Rajshahi/Rangpur,7042490,Assistance during delivery from a skilled provider,41.7,1,BD,Bangladesh,2014,BD2014DHS,RH_DELA_C_SKP,83606110,I,360007,1360070,Region,Rajshahi/Rangpur,14002,Two years preceding the survey,0,1,RHDELACSKP,BDDHS2014360007,2014,DHS,628.0,759.0,,,
BGD,Rangpur,4734132,Assistance during delivery from a skilled provider,37.9,1,BD,Bangladesh,2014,BD2014DHS,RH_DELA_C_SKP,83606110,I,360008,1360080,Region,..Rangpur,14000,Three years preceding the survey,0,0,RHDELACSKP,BDDHS2014360008,2014,DHS,461.0,565.0,,,1.0
BGD,Rangpur,3627356,Assistance during delivery from a skilled provider,39.5,1,BD,Bangladesh,2014,BD2014DHS,RH_DELA_C_SKP,83606110,I,360008,1360080,Region,..Rangpur,14002,Two years preceding the survey,0,1,RHDELACSKP,BDDHS2014360008,2014,DHS,298.0,371.0,,,1.0
BGD,Rajshahi,23888,Assistance during delivery from a skilled provider,41.6,1,BD,Bangladesh,2014,BD2014DHS,RH_DELA_C_SKP,83606110,I,360009,1360090,Region,..Rajshahi,14000,Three years preceding the survey,0,0,RHDELACSKP,BDDHS2014360009,2014,DHS,488.0,575.0,,,1.0
BGD,Rajshahi,639027,Assistance during delivery from a skilled provider,43.7,1,BD,Bangladesh,2014,BD2014DHS,RH_DELA_C_SKP,83606110,I,360009,1360090,Region,..Rajshahi,14002,Two years preceding the survey,0,1,RHDELACSKP,BDDHS2014360009,2014,DHS,331.0,388.0,,,1.0
BGD,Barishal,2071273,DPT 3 vaccination received,91.6,1,BD,Bangladesh,2014,BD2014DHS,CH_VACC_C_DP3,93906040,I,360001,1360010,Region,Barishal,0,,0,1,CHVACCCDP3,BDDHS2014360001,2014,DHS,92.0,180.0,,,1.0
BGD,Chattogram/Sylhet,7062310,DPT 3 vaccination received,85.0,1,BD,Bangladesh,2014,BD2014DHS,CH_VACC_C_DP3,93906040,I,360002,1360020,Region,Chattogram/Sylhet,0,,0,1,CHVACCCDP3,BDDHS2014360002,2014,DHS,478.0,515.0,,,
BGD,Chattogram,3322588,DPT 3 vaccination received,88.3,1,BD,Bangladesh,2014,BD2014DHS,CH_VACC_C_DP3,93906040,I,360003,1360030,Region,..Chattogram,0,,0,1,CHVACCCDP3,BDDHS2014360003,2014,DHS,349.0,294.0,,,1.0
BGD,Sylhet,3066300,DPT 3 vaccination received,76.0,1,BD,Bangladesh,2014,BD2014DHS,CH_VACC_C_DP3,93906040,I,360004,1360040,Region,..Sylhet,0,,0,1,CHVACCCDP3,BDDHS2014360004,2014,DHS,129.0,221.0,,,1.0
BGD,Dhaka before 2015,7392100,DPT 3 vaccination received,93.9,1,BD,Bangladesh,2014,BD2014DHS,CH_VACC_C_DP3,93906040,I,360005,1360050,Region,Dhaka before 2015,0,,0,1,CHVACCCDP3,BDDHS2014360005,2014,DHS,624.0,297.0,,,1.0
BGD,Khulna,4502843,DPT 3 vaccination received,92.0,1,BD,Bangladesh,2014,BD2014DHS,CH_VACC_C_DP3,93906040,I,360006,1360060,Region,Khulna,0,,0,1,CHVACCCDP3,BDDHS2014360006,2014,DHS,129.0,181.0,,,1.0
BGD,Rajshahi/Rangpur,4793371,DPT 3 vaccination received,95.3,1,BD,Bangladesh,2014,BD2014DHS,CH_VACC_C_DP3,93906040,I,360007,1360070,Region,Rajshahi/Rangpur,0,,0,1,CHVACCCDP3,BDDHS2014360007,2014,DHS,309.0,384.0,,,
BGD,Rangpur,5038187,DPT 3 vaccination received,97.9,1,BD,Bangladesh,2014,BD2014DHS,CH_VACC_C_DP3,93906040,I,360008,1360080,Region,..Rangpur,0,,0,1,CHVACCCDP3,BDDHS2014360008,2014,DHS,146.0,192.0,,,1.0
BGD,Rajshahi,5120055,DPT 3 vaccination received,93.0,1,BD,Bangladesh,2014,BD2014DHS,CH_VACC_C_DP3,93906040,I,360009,1360090,Region,..Rajshahi,0,,0,1,CHVACCCDP3,BDDHS2014360009,2014,DHS,163.0,192.0,,,1.0
BGD,Barishal,2939517,Children stunted,39.9,1,BD,Bangladesh,2014,BD2014DHS,CN_NUTS_C_HA2,104236020,I,360001,1360010,Region,Barishal,0,,0,1,CNNUTSCHA2,BDDHS2014360001,2014,DHS,424.0,837.0,,,1.0
BGD,Chattogram/Sylhet,6351268,Children stunted,41.7,1,BD,Bangladesh,2014,BD2014DHS,CN_NUTS_C_HA2,104236020,I,360002,1360020,Region,Chattogram/Sylhet,0,,0,1,CNNUTSCHA2,BDDHS2014360002,2014,DHS,2241.0,2484.0,,,
BGD,Chattogram,6821384,Children stunted,38.0,1,BD,Bangladesh,2014,BD2014DHS,CN_NUTS_C_HA2,104236020,I,360003,1360030,Region,..Chattogram,0,,0,1,CNNUTSCHA2,BDDHS2014360003,2014,DHS,1541.0,1350.0,,,1.0
BGD,Sylhet,4628799,Children stunted,49.6,1,BD,Bangladesh,2014,BD2014DHS,CN_NUTS_C_HA2,104236020,I,360004,1360040,Region,..Sylhet,0,,0,1,CNNUTSCHA2,BDDHS2014360004,2014,DHS,700.0,1134.0,,,1.0
BGD,Dhaka before 2015,3667302,Children stunted,33.9,1,BD,Bangladesh,2014,BD2014DHS,CN_NUTS_C_HA2,104236020,I,360005,1360050,Region,Dhaka before 2015,0,,0,1,CNNUTSCHA2,BDDHS2014360005,2014,DHS,2546.0,1249.0,,,1.0
BGD,Khulna,7080825,Children stunted,28.1,1,BD,Bangladesh,2014,BD2014DHS,CN_NUTS_C_HA2,104236020,I,360006,1360060,Region,Khulna,0,,0,1,CNNUTSCHA2,BDDHS2014360006,2014,DHS,565.0,793.0,,,1.0
BGD,Rajshahi/Rangpur,5714848,Children stunted,33.5,1,BD,Bangladesh,2014,BD2014DHS,CN_NUTS_C_HA2,104236020,I,360007,1360070,Region,Rajshahi/Rangpur,0,,0,1,CNNUTSCHA2,BDDHS2014360007,2014,DHS,1542.0,1804.0,,,
BGD,Rangpur,4470148,Children stunted,36.0,1,BD,Bangladesh,2014,BD2014DHS,CN_NUTS_C_HA2,104236020,I,360008,1360080,Region,..Rangpur,0,,0,1,CNNUTSCHA2,BDDHS2014360008,2014,DHS,762.0,899.0,,,1.0
BGD,Rajshahi,6637881,Children stunted,31.1,1,BD,Bangladesh,2014,BD2014DHS,CN_NUTS_C_HA2,104236020,I,360009,1360090,Region,..Rajshahi,0,,0,1,CNNUTSCHA2,BDDHS2014360009,2014,DHS,780.0,905.0,,,1.0
BGD,Barishal,5880138,Children wasted,17.7,1,BD,Bangladesh,2014,BD2014DHS,CN_NUTS_C_WH2,104236050,I,360001,1360010,Region,Barishal,0,,0,1,CNNUTSCWH2,BDDHS2014360001,2014,DHS,424.0,837.0,,,1.0
BGD,Chattogram/Sylhet,39619,Children wasted,14.5,1,BD,Bangladesh,2014,BD2014DHS,CN_NUTS_C_WH2,104236050,I,360002,1360020,Region,Chattogram/Sylhet,0,,0,1,CNNUTSCWH2,BDDHS2014360002,2014,DHS,2241.0,2484.0,,,
BGD,Chattogram,7379114,Children wasted,15.6,1,BD,Bangladesh,2014,BD2014DHS,CN_NUTS_C_WH2,104236050,I,360003,1360030,Region,..Chattogram,0,,0,1,CNNUTSCWH2,BDDHS2014360003,2014,DHS,1541.0,1350.0,,,1.0
BGD,Sylhet,4736376,Children wasted,12.1,1,BD,Bangladesh,2014,BD2014DHS,CN_NUTS_C_WH2,104236050,I,360004,1360040,Region,..Sylhet,0,,0,1,CNNUTSCWH2,BDDHS2014360004,2014,DHS,700.0,1134.0,,,1.0
BGD,Dhaka before 2015,4743877,Children wasted,11.9,1,BD,Bangladesh,2014,BD2014DHS,CN_NUTS_C_WH2,104236050,I,360005,1360050,Region,Dhaka before 2015,0,,0,1,CNNUTSCWH2,BDDHS2014360005,2014,DHS,2546.0,1249.0,,,1.0
BGD,Khulna,1290490,Children wasted,13.5,1,BD,Bangladesh,2014,BD2014DHS,CN_NUTS_C_WH2,104236050,I,360006,1360060,Region,Khulna,0,,0,1,CNNUTSCWH2,BDDHS2014360006,2014,DHS,565.0,793.0,,,1.0
BGD,Rajshahi/Rangpur,5468176,Children wasted,17.5,1,BD,Bangladesh,2014,BD2014DHS,CN_NUTS_C_WH2,104236050,I,360007,1360070,Region,Rajshahi/Rangpur,0,,0,1,CNNUTSCWH2,BDDHS2014360007,2014,DHS,1542.0,1804.0,,,
BGD,Rangpur,6006972,Children wasted,17.7,1,BD,Bangladesh,2014,BD2014DHS,CN_NUTS_C_WH2,104236050,I,360008,1360080,Region,..Rangpur,0,,0,1,CNNUTSCWH2,BDDHS2014360008,2014,DHS,762.0,899.0,,,1.0
BGD,Rajshahi,880390,Children wasted,17.3,1,BD,Bangladesh,2014,BD2014DHS,CN_NUTS_C_WH2,104236050,I,360009,1360090,Region,..Rajshahi,0,,0,1,CNNUTSCWH2,BDDHS2014360009,2014,DHS,780.0,905.0,,,1.0
BGD,Barishal,5880139,Children overweight,1.4,1,BD,Bangladesh,2014,BD2014DHS,CN_NUTS_C_WHP,104236060,I,360001,1360010,Region,Barishal,0,,0,1,CNNUTSCWHP,BDDHS2014360001,2014,DHS,424.0,837.0,,,1.0
BGD,Chattogram/Sylhet,39620,Children overweight,1.2,1,BD,Bangladesh,2014,BD2014DHS,CN_NUTS_C_WHP,104236060,I,360002,1360020,Region,Chattogram/Sylhet,0,,0,1,CNNUTSCWHP,BDDHS2014360002,2014,DHS,2241.0,2484.0,,,
BGD,Chattogram,7379115,Children overweight,1.4,1,BD,Bangladesh,2014,BD2014DHS,CN_NUTS_C_WHP,104236060,I,360003,1360030,Region,..Chattogram,0,,0,1,CNNUTSCWHP,BDDHS2014360003,2014,DHS,1541.0,1350.0,,,1.0
BGD,Sylhet,4736377,Children overweight,0.8,1,BD,Bangladesh,2014,BD2014DHS,CN_NUTS_C_WHP,104236060,I,360004,1360040,Region,..Sylhet,0,,0,1,CNNUTSCWHP,BDDHS2014360004,2014,DHS,700.0,1134.0,,,1.0
BGD,Dhaka before 2015,4743878,Children overweight,2.1,1,BD,Bangladesh,2014,BD2014DHS,CN_NUTS_C_WHP,104236060,I,360005,1360050,Region,Dhaka before 2015,0,,0,1,CNNUTSCWHP,BDDHS2014360005,2014,DHS,2546.0,1249.0,,,1.0
BGD,Khulna,1290491,Children overweight,0.4,1,BD,Bangladesh,2014,BD2014DHS,CN_NUTS_C_WHP,104236060,I,360006,1360060,Region,Khulna,0,,0,1,CNNUTSCWHP,BDDHS2014360006,2014,DHS,565.0,793.0,,,1.0
BGD,Rajshahi/Rangpur,5468195,Children overweight,1.1,1,BD,Bangladesh,2014,BD2014DHS,CN_NUTS_C_WHP,104236060,I,360007,1360070,Region,Rajshahi/Rangpur,0,,0,1,CNNUTSCWHP,BDDHS2014360007,2014,DHS,1542.0,1804.0,,,
BGD,Rangpur,6006973,Children overweight,1.3,1,BD,Bangladesh,2014,BD2014DHS,CN_NUTS_C_WHP,104236060,I,360008,1360080,Region,..Rangpur,0,,0,1,CNNUTSCWHP,BDDHS2014360008,2014,DHS,762.0,899.0,,,1.0
BGD,Rajshahi,880391,Children overweight,0.9,1,BD,Bangladesh,2014,BD2014DHS,CN_NUTS_C_WHP,104236060,I,360009,1360090,Region,..Rajshahi,0,,0,1,CNNUTSCWHP,BDDHS2014360009,2014,DHS,780.0,905.0,,,1.0
BGD,Barishal,4700766,Children registered,20.6,1,BD,Bangladesh,2014,BD2014DHS,CP_BREG_C_REG,220906030,I,360001,1360010,Region,Barishal,0,,0,1,CPBREGCREG,BDDHS2014360001,2014,DHS,450.0,889.0,,,1.0
BGD,Chattogram/Sylhet,7364774,Children registered,22.7,1,BD,Bangladesh,2014,BD2014DHS,CP_BREG_C_REG,220906030,I,360002,1360020,Region,Chattogram/Sylhet,0,,0,1,CPBREGCREG,BDDHS2014360002,2014,DHS,2482.0,2754.0,,,
BGD,Chattogram,4700233,Children registered,21.1,1,BD,Bangladesh,2014,BD2014DHS,CP_BREG_C_REG,220906030,I,360003,1360030,Region,..Chattogram,0,,0,1,CPBREGCREG,BDDHS2014360003,2014,DHS,1702.0,1488.0,,,1.0
BGD,Sylhet,5918855,Children registered,26.3,1,BD,Bangladesh,2014,BD2014DHS,CP_BREG_C_REG,220906030,I,360004,1360040,Region,..Sylhet,0,,0,1,CPBREGCREG,BDDHS2014360004,2014,DHS,780.0,1266.0,,,1.0
BGD,Dhaka before 2015,4748363,Children registered,19.7,1,BD,Bangladesh,2014,BD2014DHS,CP_BREG_C_REG,220906030,I,360005,1360050,Region,Dhaka before 2015,0,,0,1,CPBREGCREG,BDDHS2014360005,2014,DHS,2687.0,1333.0,,,1.0
BGD,Khulna,5532263,Children registered,22.6,1,BD,Bangladesh,2014,BD2014DHS,CP_BREG_C_REG,220906030,I,360006,1360060,Region,Khulna,0,,0,1,CPBREGCREG,BDDHS2014360006,2014,DHS,596.0,831.0,,,1.0
BGD,Rajshahi/Rangpur,1100188,Children registered,15.8,1,BD,Bangladesh,2014,BD2014DHS,CP_BREG_C_REG,220906030,I,360007,1360070,Region,Rajshahi/Rangpur,0,,0,1,CPBREGCREG,BDDHS2014360007,2014,DHS,1583.0,1856.0,,,
BGD,Rangpur,974359,Children registered,18.7,1,BD,Bangladesh,2014,BD2014DHS,CP_BREG_C_REG,220906030,I,360008,1360080,Region,..Rangpur,0,,0,1,CPBREGCREG,BDDHS2014360008,2014,DHS,776.0,919.0,,,1.0
BGD,Rajshahi,6606687,Children registered,13.0,1,BD,Bangladesh,2014,BD2014DHS,CP_BREG_C_REG,220906030,I,360009,1360090,Region,..Rajshahi,0,,0,1,CPBREGCREG,BDDHS2014360009,2014,DHS,807.0,937.0,,,1.0
BGD,Barishal,2597243,Population using open defecation,1.2,1,BD,Bangladesh,2014,BD2014DHS,WS_TLET_P_NFC,250262210,I,360001,1360010,Region,Barishal,0,,0,1,WSTLETPNFC,BDDHS2014360001,2014,DHS,4883.0,9241.0,,,1.0
BGD,Chattogram/Sylhet,6487337,Population using open defecation,3.2,1,BD,Bangladesh,2014,BD2014DHS,WS_TLET_P_NFC,250262210,I,360002,1360020,Region,Chattogram/Sylhet,0,,0,1,WSTLETPNFC,BDDHS2014360002,2014,DHS,21483.0,24091.0,,,
BGD,Chattogram,4814873,Population using open defecation,3.5,1,BD,Bangladesh,2014,BD2014DHS,WS_TLET_P_NFC,250262210,I,360003,1360030,Region,..Chattogram,0,,0,1,WSTLETPNFC,BDDHS2014360003,2014,DHS,14998.0,12874.0,,,1.0
BGD,Sylhet,7155579,Population using open defecation,2.6,1,BD,Bangladesh,2014,BD2014DHS,WS_TLET_P_NFC,250262210,I,360004,1360040,Region,..Sylhet,0,,0,1,WSTLETPNFC,BDDHS2014360004,2014,DHS,6484.0,11217.0,,,1.0
BGD,Dhaka before 2015,37534,Population using open defecation,2.2,1,BD,Bangladesh,2014,BD2014DHS,WS_TLET_P_NFC,250262210,I,360005,1360050,Region,Dhaka before 2015,0,,0,1,WSTLETPNFC,BDDHS2014360005,2014,DHS,26248.0,13130.0,,,1.0
BGD,Khulna,5761258,Population using open defecation,1.4,1,BD,Bangladesh,2014,BD2014DHS,WS_TLET_P_NFC,250262210,I,360006,1360060,Region,Khulna,0,,0,1,WSTLETPNFC,BDDHS2014360006,2014,DHS,7407.0,10315.0,,,1.0
BGD,Rajshahi/Rangpur,1099689,Population using open defecation,6.3,1,BD,Bangladesh,2014,BD2014DHS,WS_TLET_P_NFC,250262210,I,360007,1360070,Region,Rajshahi/Rangpur,0,,0,1,WSTLETPNFC,BDDHS2014360007,2014,DHS,17305.0,20908.0,,,
BGD,Rangpur,4780950,Population using open defecation,9.3,1,BD,Bangladesh,2014,BD2014DHS,WS_TLET_P_NFC,250262210,I,360008,1360080,Region,..Rangpur,0,,0,1,WSTLETPNFC,BDDHS2014360008,2014,DHS,8575.0,10542.0,,,1.0
BGD,Rajshahi,3550901,Population using open defecation,3.2,1,BD,Bangladesh,2014,BD2014DHS,WS_TLET_P_NFC,250262210,I,360009,1360090,Region,..Rajshahi,0,,0,1,WSTLETPNFC,BDDHS2014360009,2014,DHS,8729.0,10366.0,,,1.0
BGD,Barishal,2597244,Population with basic sanitation service,53.2,1,BD,Bangladesh,2014,BD2014DHS,WS_TLET_P_BAS,250262300,I,360001,1360010,Region,Barishal,0,,0,1,WSTLETPBAS,BDDHS2014360001,2014,DHS,4883.0,9241.0,,,1.0
BGD,Chattogram/Sylhet,6487338,Population with basic sanitation service,52.1,1,BD,Bangladesh,2014,BD2014DHS,WS_TLET_P_BAS,250262300,I,360002,1360020,Region,Chattogram/Sylhet,0,,0,1,WSTLETPBAS,BDDHS2014360002,2014,DHS,21483.0,24091.0,,,
BGD,Chattogram,4814874,Population with basic sanitation service,55.1,1,BD,Bangladesh,2014,BD2014DHS,WS_TLET_P_BAS,250262300,I,360003,1360030,Region,..Chattogram,0,,0,1,WSTLETPBAS,BDDHS2014360003,2014,DHS,14998.0,12874.0,,,1.0
BGD,Sylhet,7155606,Population with basic sanitation service,45.1,1,BD,Bangladesh,2014,BD2014DHS,WS_TLET_P_BAS,250262300,I,360004,1360040,Region,..Sylhet,0,,0,1,WSTLETPBAS,BDDHS2014360004,2014,DHS,6484.0,11217.0,,,1.0
BGD,Dhaka before 2015,37565,Population with basic sanitation service,44.6,1,BD,Bangladesh,2014,BD2014DHS,WS_TLET_P_BAS,250262300,I,360005,1360050,Region,Dhaka before 2015,0,,0,1,WSTLETPBAS,BDDHS2014360005,2014,DHS,26248.0,13130.0,,,1.0
BGD,Khulna,5761259,Population with basic sanitation service,49.9,1,BD,Bangladesh,2014,BD2014DHS,WS_TLET_P_BAS,250262300,I,360006,1360060,Region,Khulna,0,,0,1,WSTLETPBAS,BDDHS2014360006,2014,DHS,7407.0,10315.0,,,1.0
BGD,Rajshahi/Rangpur,1099691,Population with basic sanitation service,46.5,1,BD,Bangladesh,2014,BD2014DHS,WS_TLET_P_BAS,250262300,I,360007,1360070,Region,Rajshahi/Rangpur,0,,0,1,WSTLETPBAS,BDDHS2014360007,2014,DHS,17305.0,20908.0,,,
BGD,Rangpur,4780985,Population with basic sanitation service,45.0,1,BD,Bangladesh,2014,BD2014DHS,WS_TLET_P_BAS,250262300,I,360008,1360080,Region,..Rangpur,0,,0,1,WSTLETPBAS,BDDHS2014360008,2014,DHS,8575.0,10542.0,,,1.0
BGD,Rajshahi,3550902,Population with basic sanitation service,48.0,1,BD,Bangladesh,2014,BD2014DHS,WS_TLET_P_BAS,250262300,I,360009,1360090,Region,..Rajshahi,0,,0,1,WSTLETPBAS,BDDHS2014360009,2014,DHS,8729.0,10366.0,,,1.0
BGD,Barishal,6911879,"Population with a basic handwashing facility, with soap and water available",19.1,1,BD,Bangladesh,2014,BD2014DHS,WS_HNDW_P_BAS,250302150,I,360001,1360010,Region,Barishal,0,,0,1,WSHNDWPBAS,BDDHS2014360001,2014,DHS,4852.0,9173.0,,,1.0
BGD,Chattogram/Sylhet,3726060,"Population with a basic handwashing facility, with soap and water available",26.5,1,BD,Bangladesh,2014,BD2014DHS,WS_HNDW_P_BAS,250302150,I,360002,1360020,Region,Chattogram/Sylhet,0,,0,1,WSHNDWPBAS,BDDHS2014360002,2014,DHS,21223.0,23841.0,,,
BGD,Chattogram,4012164,"Population with a basic handwashing facility, with soap and water available",29.6,1,BD,Bangladesh,2014,BD2014DHS,WS_HNDW_P_BAS,250302150,I,360003,1360030,Region,..Chattogram,0,,0,1,WSHNDWPBAS,BDDHS2014360003,2014,DHS,14847.0,12779.0,,,1.0
BGD,Sylhet,7296745,"Population with a basic handwashing facility, with soap and water available",19.4,1,BD,Bangladesh,2014,BD2014DHS,WS_HNDW_P_BAS,250302150,I,360004,1360040,Region,..Sylhet,0,,0,1,WSHNDWPBAS,BDDHS2014360004,2014,DHS,6376.0,11062.0,,,1.0
BGD,Dhaka before 2015,4464512,"Population with a basic handwashing facility, with soap and water available",31.6,1,BD,Bangladesh,2014,BD2014DHS,WS_HNDW_P_BAS,250302150,I,360005,1360050,Region,Dhaka before 2015,0,,0,1,WSHNDWPBAS,BDDHS2014360005,2014,DHS,26049.0,13057.0,,,1.0
BGD,Khulna,4874875,"Population with a basic handwashing facility, with soap and water available",25.3,1,BD,Bangladesh,2014,BD2014DHS,WS_HNDW_P_BAS,250302150,I,360006,1360060,Region,Khulna,0,,0,1,WSHNDWPBAS,BDDHS2014360006,2014,DHS,7345.0,10240.0,,,1.0
BGD,Rajshahi/Rangpur,4062205,"Population with a basic handwashing facility, with soap and water available",28.6,1,BD,Bangladesh,2014,BD2014DHS,WS_HNDW_P_BAS,250302150,I,360007,1360070,Region,Rajshahi/Rangpur,0,,0,1,WSHNDWPBAS,BDDHS2014360007,2014,DHS,17232.0,20816.0,,,
BGD,Rangpur,5252572,"Population with a basic handwashing facility, with soap and water available",28.7,1,BD,Bangladesh,2014,BD2014DHS,WS_HNDW_P_BAS,250302150,I,360008,1360080,Region,..Rangpur,0,,0,1,WSHNDWPBAS,BDDHS2014360008,2014,DHS,8520.0,10468.0,,,1.0
BGD,Rajshahi,5893004,"Population with a basic handwashing facility, with soap and water available",28.5,1,BD,Bangladesh,2014,BD2014DHS,WS_HNDW_P_BAS,250302150,I,360009,1360090,Region,..Rajshahi,0,,0,1,WSHNDWPBAS,BDDHS2014360009,2014,DHS,8712.0,10348.0,,,1.0
BGD,Barishal,2713549,Population with electricity,47.6,1,BD,Bangladesh,2014,BD2014DHS,HC_ELEC_P_ELC,260322010,I,360001,1360010,Region,Barishal,0,,0,1,HCELECPELC,BDDHS2014360001,2014,DHS,4883.0,9241.0,,,1.0
BGD,Chattogram/Sylhet,188053,Population with electricity,61.7,1,BD,Bangladesh,2014,BD2014DHS,HC_ELEC_P_ELC,260322010,I,360002,1360020,Region,Chattogram/Sylhet,0,,0,1,HCELECPELC,BDDHS2014360002,2014,DHS,21483.0,24091.0,,,
BGD,Chattogram,4069254,Population with electricity,69.8,1,BD,Bangladesh,2014,BD2014DHS,HC_ELEC_P_ELC,260322010,I,360003,1360030,Region,..Chattogram,0,,0,1,HCELECPELC,BDDHS2014360003,2014,DHS,14998.0,12874.0,,,1.0
BGD,Sylhet,5486821,Population with electricity,43.0,1,BD,Bangladesh,2014,BD2014DHS,HC_ELEC_P_ELC,260322010,I,360004,1360040,Region,..Sylhet,0,,0,1,HCELECPELC,BDDHS2014360004,2014,DHS,6484.0,11217.0,,,1.0
BGD,Dhaka before 2015,5578054,Population with electricity,71.8,1,BD,Bangladesh,2014,BD2014DHS,HC_ELEC_P_ELC,260322010,I,360005,1360050,Region,Dhaka before 2015,0,,0,1,HCELECPELC,BDDHS2014360005,2014,DHS,26248.0,13130.0,,,1.0
BGD,Khulna,3079866,Population with electricity,61.0,1,BD,Bangladesh,2014,BD2014DHS,HC_ELEC_P_ELC,260322010,I,360006,1360060,Region,Khulna,0,,0,1,HCELECPELC,BDDHS2014360006,2014,DHS,7407.0,10315.0,,,1.0
BGD,Rajshahi/Rangpur,6711459,Population with electricity,52.4,1,BD,Bangladesh,2014,BD2014DHS,HC_ELEC_P_ELC,260322010,I,360007,1360070,Region,Rajshahi/Rangpur,0,,0,1,HCELECPELC,BDDHS2014360007,2014,DHS,17305.0,20908.0,,,
BGD,Rangpur,2691474,Population with electricity,43.8,1,BD,Bangladesh,2014,BD2014DHS,HC_ELEC_P_ELC,260322010,I,360008,1360080,Region,..Rangpur,0,,0,1,HCELECPELC,BDDHS2014360008,2014,DHS,8575.0,10542.0,,,1.0
BGD,Rajshahi,6886212,Population with electricity,60.8,1,BD,Bangladesh,2014,BD2014DHS,HC_ELEC_P_ELC,260322010,I,360009,1360090,Region,..Rajshahi,0,,0,1,HCELECPELC,BDDHS2014360009,2014,DHS,8729.0,10366.0,,,1.0
BGD,Barishal,2713538,Population using clean fuel for cooking ,4.4,1,BD,Bangladesh,2014,BD2014DHS,HC_CKFL_P_CLN,260432150,I,360001,1360010,Region,Barishal,0,,0,1,HCCKFLPCLN,BDDHS2014360001,2014,DHS,4883.0,9241.0,,,1.0
BGD,Chattogram/Sylhet,188030,Population using clean fuel for cooking ,13.6,1,BD,Bangladesh,2014,BD2014DHS,HC_CKFL_P_CLN,260432150,I,360002,1360020,Region,Chattogram/Sylhet,0,,0,1,HCCKFLPCLN,BDDHS2014360002,2014,DHS,21483.0,24091.0,,,
BGD,Chattogram,4069236,Population using clean fuel for cooking ,16.4,1,BD,Bangladesh,2014,BD2014DHS,HC_CKFL_P_CLN,260432150,I,360003,1360030,Region,..Chattogram,0,,0,1,HCCKFLPCLN,BDDHS2014360003,2014,DHS,14998.0,12874.0,,,1.0
BGD,Sylhet,5486824,Population using clean fuel for cooking ,7.1,1,BD,Bangladesh,2014,BD2014DHS,HC_CKFL_P_CLN,260432150,I,360004,1360040,Region,..Sylhet,0,,0,1,HCCKFLPCLN,BDDHS2014360004,2014,DHS,6484.0,11217.0,,,1.0
BGD,Dhaka before 2015,5578042,Population using clean fuel for cooking ,32.6,1,BD,Bangladesh,2014,BD2014DHS,HC_CKFL_P_CLN,260432150,I,360005,1360050,Region,Dhaka before 2015,0,,0,1,HCCKFLPCLN,BDDHS2014360005,2014,DHS,26248.0,13130.0,,,1.0
BGD,Khulna,3079831,Population using clean fuel for cooking ,3.6,1,BD,Bangladesh,2014,BD2014DHS,HC_CKFL_P_CLN,260432150,I,360006,1360060,Region,Khulna,0,,0,1,HCCKFLPCLN,BDDHS2014360006,2014,DHS,7407.0,10315.0,,,1.0
BGD,Rajshahi/Rangpur,6711480,Population using clean fuel for cooking ,3.2,1,BD,Bangladesh,2014,BD2014DHS,HC_CKFL_P_CLN,260432150,I,360007,1360070,Region,Rajshahi/Rangpur,0,,0,1,HCCKFLPCLN,BDDHS2014360007,2014,DHS,17305.0,20908.0,,,
BGD,Rangpur,2691461,Population using clean fuel for cooking ,1.7,1,BD,Bangladesh,2014,BD2014DHS,HC_CKFL_P_CLN,260432150,I,360008,1360080,Region,..Rangpur,0,,0,1,HCCKFLPCLN,BDDHS2014360008,2014,DHS,8575.0,10542.0,,,1.0
BGD,Rajshahi,6886233,Population using clean fuel for cooking ,4.7,1,BD,Bangladesh,2014,BD2014DHS,HC_CKFL_P_CLN,260432150,I,360009,1360090,Region,..Rajshahi,0,,0,1,HCCKFLPCLN,BDDHS2014360009,2014,DHS,8729.0,10366.0,,,1.0
BGD,Barishal,1811331,Age specific fertility rate: 10-14,1.0,0,BD,Bangladesh,2017,BD2017DHS,FE_FRTR_W_A10,11763005,I,360001,1360010,Region,Barishal,0,,0,1,FEFRTRWA10,BDDHS2017360001,2017-18,DHS,,,,,1.0
BGD,Chattogram/Sylhet,1797482,Age specific fertility rate: 10-14,4.0,0,BD,Bangladesh,2017,BD2017DHS,FE_FRTR_W_A10,11763005,I,360002,1360020,Region,Chattogram/Sylhet,0,,0,1,FEFRTRWA10,BDDHS2017360002,2017-18,DHS,,,,,
BGD,Chattogram,1811347,Age specific fertility rate: 10-14,4.0,0,BD,Bangladesh,2017,BD2017DHS,FE_FRTR_W_A10,11763005,I,360003,1360030,Region,..Chattogram,0,,0,1,FEFRTRWA10,BDDHS2017360003,2017-18,DHS,,,,,1.0
BGD,Sylhet,1811307,Age specific fertility rate: 10-14,2.0,0,BD,Bangladesh,2017,BD2017DHS,FE_FRTR_W_A10,11763005,I,360004,1360040,Region,..Sylhet,0,,0,1,FEFRTRWA10,BDDHS2017360004,2017-18,DHS,,,,,1.0
BGD,Dhaka before 2015,1797464,Age specific fertility rate: 10-14,6.0,0,BD,Bangladesh,2017,BD2017DHS,FE_FRTR_W_A10,11763005,I,360005,1360050,Region,Dhaka before 2015,0,,0,1,FEFRTRWA10,BDDHS2017360005,2017-18,DHS,,,,,
BGD,Dhaka,1797452,Age specific fertility rate: 10-14,6.0,0,BD,Bangladesh,2017,BD2017DHS,FE_FRTR_W_A10,11763005,I,360010,1360052,Region,..Dhaka,0,,0,1,FEFRTRWA10,BDDHS2017360010,2017-18,DHS,,,,,1.0
BGD,Mymensingh,1811321,Age specific fertility rate: 10-14,4.0,0,BD,Bangladesh,2017,BD2017DHS,FE_FRTR_W_A10,11763005,I,360011,1360055,Region,..Mymensingh,0,,0,1,FEFRTRWA10,BDDHS2017360011,2017-18,DHS,,,,,1.0
BGD,Khulna,1804515,Age specific fertility rate: 10-14,1.0,0,BD,Bangladesh,2017,BD2017DHS,FE_FRTR_W_A10,11763005,I,360006,1360060,Region,Khulna,0,,0,1,FEFRTRWA10,BDDHS2017360006,2017-18,DHS,,,,,1.0
BGD,Rajshahi/Rangpur,1804538,Age specific fertility rate: 10-14,7.0,0,BD,Bangladesh,2017,BD2017DHS,FE_FRTR_W_A10,11763005,I,360007,1360070,Region,Rajshahi/Rangpur,0,,0,1,FEFRTRWA10,BDDHS2017360007,2017-18,DHS,,,,,
BGD,Rangpur,1817889,Age specific fertility rate: 10-14,8.0,0,BD,Bangladesh,2017,BD2017DHS,FE_FRTR_W_A10,11763005,I,360008,1360080,Region,..Rangpur,0,,0,1,FEFRTRWA10,BDDHS2017360008,2017-18,DHS,,,,,1.0
BGD,Rajshahi,1817902,Age specific fertility rate: 10-14,6.0,0,BD,Bangladesh,2017,BD2017DHS,FE_FRTR_W_A10,11763005,I,360009,1360090,Region,..Rajshahi,0,,0,1,FEFRTRWA10,BDDHS2017360009,2017-18,DHS,,,,,1.0
BGD,Barishal,1811332,Age specific fertility rate: 15-19,111.0,0,BD,Bangladesh,2017,BD2017DHS,FE_FRTR_W_A15,11763010,I,360001,1360010,Region,Barishal,0,,0,1,FEFRTRWA15,BDDHS2017360001,2017-18,DHS,,,,,1.0
BGD,Chattogram/Sylhet,1797483,Age specific fertility rate: 15-19,103.0,0,BD,Bangladesh,2017,BD2017DHS,FE_FRTR_W_A15,11763010,I,360002,1360020,Region,Chattogram/Sylhet,0,,0,1,FEFRTRWA15,BDDHS2017360002,2017-18,DHS,,,,,
BGD,Chattogram,1811412,Age specific fertility rate: 15-19,111.0,0,BD,Bangladesh,2017,BD2017DHS,FE_FRTR_W_A15,11763010,I,360003,1360030,Region,..Chattogram,0,,0,1,FEFRTRWA15,BDDHS2017360003,2017-18,DHS,,,,,1.0
BGD,Sylhet,1811308,Age specific fertility rate: 15-19,83.0,0,BD,Bangladesh,2017,BD2017DHS,FE_FRTR_W_A15,11763010,I,360004,1360040,Region,..Sylhet,0,,0,1,FEFRTRWA15,BDDHS2017360004,2017-18,DHS,,,,,1.0
BGD,Dhaka before 2015,1797465,Age specific fertility rate: 15-19,104.0,0,BD,Bangladesh,2017,BD2017DHS,FE_FRTR_W_A15,11763010,I,360005,1360050,Region,Dhaka before 2015,0,,0,1,FEFRTRWA15,BDDHS2017360005,2017-18,DHS,,,,,
BGD,Dhaka,1797453,Age specific fertility rate: 15-19,99.0,0,BD,Bangladesh,2017,BD2017DHS,FE_FRTR_W_A15,11763010,I,360010,1360052,Region,..Dhaka,0,,0,1,FEFRTRWA15,BDDHS2017360010,2017-18,DHS,,,,,1.0
BGD,Mymensingh,1811322,Age specific fertility rate: 15-19,121.0,0,BD,Bangladesh,2017,BD2017DHS,FE_FRTR_W_A15,11763010,I,360011,1360055,Region,..Mymensingh,0,,0,1,FEFRTRWA15,BDDHS2017360011,2017-18,DHS,,,,,1.0
BGD,Khulna,1804516,Age specific fertility rate: 15-19,108.0,0,BD,Bangladesh,2017,BD2017DHS,FE_FRTR_W_A15,11763010,I,360006,1360060,Region,Khulna,0,,0,1,FEFRTRWA15,BDDHS2017360006,2017-18,DHS,,,,,1.0
BGD,Rajshahi/Rangpur,1804539,Age specific fertility rate: 15-19,120.0,0,BD,Bangladesh,2017,BD2017DHS,FE_FRTR_W_A15,11763010,I,360007,1360070,Region,Rajshahi/Rangpur,0,,0,1,FEFRTRWA15,BDDHS2017360007,2017-18,DHS,,,,,
BGD,Rangpur,1817890,Age specific fertility rate: 15-19,110.0,0,BD,Bangladesh,2017,BD2017DHS,FE_FRTR_W_A15,11763010,I,360008,1360080,Region,..Rangpur,0,,0,1,FEFRTRWA15,BDDHS2017360008,2017-18,DHS,,,,,1.0
BGD,Rajshahi,1817903,Age specific fertility rate: 15-19,130.0,0,BD,Bangladesh,2017,BD2017DHS,FE_FRTR_W_A15,11763010,I,360009,1360090,Region,..Rajshahi,0,,0,1,FEFRTRWA15,BDDHS2017360009,2017-18,DHS,,,,,1.0
BGD,Barishal,1557037,Demand for family planning satisfied by modern methods,67.4,1,BD,Bangladesh,2017,BD2017DHS,FP_NADM_W_PDM,32933150,I,360001,1360010,Region,Barishal,0,,0,1,FPNADMWPDM,BDDHS2017360001,2017-18,DHS,798.0,1537.0,,,1.0
BGD,Chattogram/Sylhet,4824704,Demand for family planning satisfied by modern methods,62.9,1,BD,Bangladesh,2017,BD2017DHS,FP_NADM_W_PDM,32933150,I,360002,1360020,Region,Chattogram/Sylhet,0,,0,1,FPNADMWPDM,BDDHS2017360002,2017-18,DHS,3200.0,3375.0,,,
BGD,Chattogram,6603860,Demand for family planning satisfied by modern methods,62.4,1,BD,Bangladesh,2017,BD2017DHS,FP_NADM_W_PDM,32933150,I,360003,1360030,Region,..Chattogram,0,,0,1,FPNADMWPDM,BDDHS2017360003,2017-18,DHS,2450.0,1968.0,,,1.0
BGD,Sylhet,4353759,Demand for family planning satisfied by modern methods,64.8,1,BD,Bangladesh,2017,BD2017DHS,FP_NADM_W_PDM,32933150,I,360004,1360040,Region,..Sylhet,0,,0,1,FPNADMWPDM,BDDHS2017360004,2017-18,DHS,750.0,1407.0,,,1.0
BGD,Dhaka before 2015,6056931,Demand for family planning satisfied by modern methods,71.8,1,BD,Bangladesh,2017,BD2017DHS,FP_NADM_W_PDM,32933150,I,360005,1360050,Region,Dhaka before 2015,0,,0,1,FPNADMWPDM,BDDHS2017360005,2017-18,DHS,4694.0,3622.0,,,
BGD,Dhaka,3454536,Demand for family planning satisfied by modern methods,70.7,1,BD,Bangladesh,2017,BD2017DHS,FP_NADM_W_PDM,32933150,I,360010,1360052,Region,..Dhaka,0,,0,1,FPNADMWPDM,BDDHS2017360010,2017-18,DHS,3624.0,2107.0,,,1.0
BGD,Mymensingh,1557039,Demand for family planning satisfied by modern methods,75.6,1,BD,Bangladesh,2017,BD2017DHS,FP_NADM_W_PDM,32933150,I,360011,1360055,Region,..Mymensingh,0,,0,1,FPNADMWPDM,BDDHS2017360011,2017-18,DHS,1070.0,1515.0,,,1.0
BGD,Khulna,1542887,Demand for family planning satisfied by modern methods,71.3,1,BD,Bangladesh,2017,BD2017DHS,FP_NADM_W_PDM,32933150,I,360006,1360060,Region,Khulna,0,,0,1,FPNADMWPDM,BDDHS2017360006,2017-18,DHS,1613.0,1824.0,,,1.0
BGD,Rajshahi/Rangpur,5067769,Demand for family planning satisfied by modern methods,74.9,1,BD,Bangladesh,2017,BD2017DHS,FP_NADM_W_PDM,32933150,I,360007,1360070,Region,Rajshahi/Rangpur,0,,0,1,FPNADMWPDM,BDDHS2017360007,2017-18,DHS,3713.0,3628.0,,,
BGD,Rangpur,2692029,Demand for family planning satisfied by modern methods,75.7,1,BD,Bangladesh,2017,BD2017DHS,FP_NADM_W_PDM,32933150,I,360008,1360080,Region,..Rangpur,0,,0,1,FPNADMWPDM,BDDHS2017360008,2017-18,DHS,1750.0,1820.0,,,1.0
BGD,Rajshahi,6864421,Demand for family planning satisfied by modern methods,74.1,1,BD,Bangladesh,2017,BD2017DHS,FP_NADM_W_PDM,32933150,I,360009,1360090,Region,..Rajshahi,0,,0,1,FPNADMWPDM,BDDHS2017360009,2017-18,DHS,1963.0,1808.0,,,1.0
BGD,Barishal,7449636,Neonatal mortality rate,27.0,0,BD,Bangladesh,2017,BD2017DHS,CM_ECMR_C_NNR,63206010,I,360001,1360010,Region,Barishal,14003,Ten years preceding the survey,0,1,CMECMRCNNR,BDDHS2017360001,2017-18,DHS,,,19.0,34.0,1.0
BGD,Chattogram/Sylhet,7499478,Neonatal mortality rate,31.0,0,BD,Bangladesh,2017,BD2017DHS,CM_ECMR_C_NNR,63206010,I,360002,1360020,Region,Chattogram/Sylhet,14003,Ten years preceding the survey,0,1,CMECMRCNNR,BDDHS2017360002,2017-18,DHS,,,25.0,37.0,
BGD,Chattogram,7704760,Neonatal mortality rate,30.0,0,BD,Bangladesh,2017,BD2017DHS,CM_ECMR_C_NNR,63206010,I,360003,1360030,Region,..Chattogram,14003,Ten years preceding the survey,0,1,CMECMRCNNR,BDDHS2017360003,2017-18,DHS,,,23.0,38.0,1.0
BGD,Sylhet,1736383,Neonatal mortality rate,34.0,0,BD,Bangladesh,2017,BD2017DHS,CM_ECMR_C_NNR,63206010,I,360004,1360040,Region,..Sylhet,14003,Ten years preceding the survey,0,1,CMECMRCNNR,BDDHS2017360004,2017-18,DHS,,,26.0,43.0,1.0
BGD,Dhaka before 2015,7785317,Neonatal mortality rate,33.0,0,BD,Bangladesh,2017,BD2017DHS,CM_ECMR_C_NNR,63206010,I,360005,1360050,Region,Dhaka before 2015,14003,Ten years preceding the survey,0,1,CMECMRCNNR,BDDHS2017360005,2017-18,DHS,,,26.0,39.0,
BGD,Dhaka,7681043,Neonatal mortality rate,33.0,0,BD,Bangladesh,2017,BD2017DHS,CM_ECMR_C_NNR,63206010,I,360010,1360052,Region,..Dhaka,14003,Ten years preceding the survey,0,1,CMECMRCNNR,BDDHS2017360010,2017-18,DHS,,,25.0,41.0,1.0
BGD,Mymensingh,7861523,Neonatal mortality rate,32.0,0,BD,Bangladesh,2017,BD2017DHS,CM_ECMR_C_NNR,63206010,I,360011,1360055,Region,..Mymensingh,14003,Ten years preceding the survey,0,1,CMECMRCNNR,BDDHS2017360011,2017-18,DHS,,,24.0,41.0,1.0
BGD,Khulna,1723742,Neonatal mortality rate,25.0,0,BD,Bangladesh,2017,BD2017DHS,CM_ECMR_C_NNR,63206010,I,360006,1360060,Region,Khulna,14003,Ten years preceding the survey,0,1,CMECMRCNNR,BDDHS2017360006,2017-18,DHS,,,18.0,33.0,1.0
BGD,Rajshahi/Rangpur,7723039,Neonatal mortality rate,35.0,0,BD,Bangladesh,2017,BD2017DHS,CM_ECMR_C_NNR,63206010,I,360007,1360070,Region,Rajshahi/Rangpur,14003,Ten years preceding the survey,0,1,CMECMRCNNR,BDDHS2017360007,2017-18,DHS,,,29.0,42.0,
BGD,Rangpur,7789156,Neonatal mortality rate,37.0,0,BD,Bangladesh,2017,BD2017DHS,CM_ECMR_C_NNR,63206010,I,360008,1360080,Region,..Rangpur,14003,Ten years preceding the survey,0,1,CMECMRCNNR,BDDHS2017360008,2017-18,DHS,,,27.0,48.0,1.0
BGD,Rajshahi,7930664,Neonatal mortality rate,33.0,0,BD,Bangladesh,2017,BD2017DHS,CM_ECMR_C_NNR,63206010,I,360009,1360090,Region,..Rajshahi,14003,Ten years preceding the survey,0,1,CMECMRCNNR,BDDHS2017360009,2017-18,DHS,,,26.0,40.0,1.0
BGD,Barishal,1736425,Under-five mortality rate,51.0,0,BD,Bangladesh,2017,BD2017DHS,CM_ECMR_C_U5M,63206050,I,360001,1360010,Region,Barishal,14003,Ten years preceding the survey,0,1,CMECMRCU5M,BDDHS2017360001,2017-18,DHS,,,41.0,61.0,1.0
BGD,Chattogram/Sylhet,1730082,Under-five mortality rate,51.0,0,BD,Bangladesh,2017,BD2017DHS,CM_ECMR_C_U5M,63206050,I,360002,1360020,Region,Chattogram/Sylhet,14003,Ten years preceding the survey,0,1,CMECMRCU5M,BDDHS2017360002,2017-18,DHS,,,43.0,58.0,
BGD,Chattogram,7446288,Under-five mortality rate,46.0,0,BD,Bangladesh,2017,BD2017DHS,CM_ECMR_C_U5M,63206050,I,360003,1360030,Region,..Chattogram,14003,Ten years preceding the survey,0,1,CMECMRCU5M,BDDHS2017360003,2017-18,DHS,,,36.0,56.0,1.0
BGD,Sylhet,1736573,Under-five mortality rate,63.0,0,BD,Bangladesh,2017,BD2017DHS,CM_ECMR_C_U5M,63206050,I,360004,1360040,Region,..Sylhet,14003,Ten years preceding the survey,0,1,CMECMRCU5M,BDDHS2017360004,2017-18,DHS,,,54.0,73.0,1.0
BGD,Dhaka before 2015,7978052,Under-five mortality rate,49.0,0,BD,Bangladesh,2017,BD2017DHS,CM_ECMR_C_U5M,63206050,I,360005,1360050,Region,Dhaka before 2015,14003,Ten years preceding the survey,0,1,CMECMRCU5M,BDDHS2017360005,2017-18,DHS,,,41.0,56.0,
BGD,Dhaka,7782627,Under-five mortality rate,48.0,0,BD,Bangladesh,2017,BD2017DHS,CM_ECMR_C_U5M,63206050,I,360010,1360052,Region,..Dhaka,14003,Ten years preceding the survey,0,1,CMECMRCU5M,BDDHS2017360010,2017-18,DHS,,,38.0,57.0,1.0
BGD,Mymensingh,1736577,Under-five mortality rate,51.0,0,BD,Bangladesh,2017,BD2017DHS,CM_ECMR_C_U5M,63206050,I,360011,1360055,Region,..Mymensingh,14003,Ten years preceding the survey,0,1,CMECMRCU5M,BDDHS2017360011,2017-18,DHS,,,42.0,60.0,1.0
BGD,Khulna,1723848,Under-five mortality rate,38.0,0,BD,Bangladesh,2017,BD2017DHS,CM_ECMR_C_U5M,63206050,I,360006,1360060,Region,Khulna,14003,Ten years preceding the survey,0,1,CMECMRCU5M,BDDHS2017360006,2017-18,DHS,,,29.0,47.0,1.0
BGD,Rajshahi/Rangpur,7749512,Under-five mortality rate,50.0,0,BD,Bangladesh,2017,BD2017DHS,CM_ECMR_C_U5M,63206050,I,360007,1360070,Region,Rajshahi/Rangpur,14003,Ten years preceding the survey,0,1,CMECMRCU5M,BDDHS2017360007,2017-18,DHS,,,42.0,57.0,
BGD,Rangpur,7618847,Under-five mortality rate,47.0,0,BD,Bangladesh,2017,BD2017DHS,CM_ECMR_C_U5M,63206050,I,360008,1360080,Region,..Rangpur,14003,Ten years preceding the survey,0,1,CMECMRCU5M,BDDHS2017360008,2017-18,DHS,,,36.0,59.0,1.0
BGD,Rajshahi,7877644,Under-five mortality rate,52.0,0,BD,Bangladesh,2017,BD2017DHS,CM_ECMR_C_U5M,63206050,I,360009,1360090,Region,..Rajshahi,14003,Ten years preceding the survey,0,1,CMECMRCU5M,BDDHS2017360009,2017-18,DHS,,,42.0,62.0,1.0
BGD,Barishal,786920,Assistance during delivery from a skilled provider,47.1,1,BD,Bangladesh,2017,BD2017DHS,RH_DELA_C_SKP,83606110,I,360001,1360010,Region,Barishal,14000,Three years preceding the survey,0,0,RHDELACSKP,BDDHS2017360001,2017-18,DHS,303.0,561.0,,,1.0
BGD,Barishal,499895,Assistance during delivery from a skilled provider,50.5,1,BD,Bangladesh,2017,BD2017DHS,RH_DELA_C_SKP,83606110,I,360001,1360010,Region,Barishal,14002,Two years preceding the survey,0,1,RHDELACSKP,BDDHS2017360001,2017-18,DHS,214.0,395.0,,,1.0
BGD,Chattogram/Sylhet,6198040,Assistance during delivery from a skilled provider,47.3,1,BD,Bangladesh,2017,BD2017DHS,RH_DELA_C_SKP,83606110,I,360002,1360020,Region,Chattogram/Sylhet,14000,Three years preceding the survey,0,0,RHDELACSKP,BDDHS2017360002,2017-18,DHS,1567.0,1652.0,,,
BGD,Chattogram/Sylhet,2206752,Assistance during delivery from a skilled provider,49.2,1,BD,Bangladesh,2017,BD2017DHS,RH_DELA_C_SKP,83606110,I,360002,1360020,Region,Chattogram/Sylhet,14002,Two years preceding the survey,0,1,RHDELACSKP,BDDHS2017360002,2017-18,DHS,1043.0,1102.0,,,
BGD,Chattogram,5463410,Assistance during delivery from a skilled provider,50.2,1,BD,Bangladesh,2017,BD2017DHS,RH_DELA_C_SKP,83606110,I,360003,1360030,Region,..Chattogram,14000,Three years preceding the survey,0,0,RHDELACSKP,BDDHS2017360003,2017-18,DHS,1141.0,890.0,,,1.0
BGD,Chattogram,3785340,Assistance during delivery from a skilled provider,51.6,1,BD,Bangladesh,2017,BD2017DHS,RH_DELA_C_SKP,83606110,I,360003,1360030,Region,..Chattogram,14002,Two years preceding the survey,0,1,RHDELACSKP,BDDHS2017360003,2017-18,DHS,754.0,588.0,,,1.0
BGD,Sylhet,3754139,Assistance during delivery from a skilled provider,39.3,1,BD,Bangladesh,2017,BD2017DHS,RH_DELA_C_SKP,83606110,I,360004,1360040,Region,..Sylhet,14000,Three years preceding the survey,0,0,RHDELACSKP,BDDHS2017360004,2017-18,DHS,425.0,762.0,,,1.0
BGD,Sylhet,7793676,Assistance during delivery from a skilled provider,42.9,1,BD,Bangladesh,2017,BD2017DHS,RH_DELA_C_SKP,83606110,I,360004,1360040,Region,..Sylhet,14002,Two years preceding the survey,0,1,RHDELACSKP,BDDHS2017360004,2017-18,DHS,289.0,514.0,,,1.0
BGD,Dhaka before 2015,2618968,Assistance during delivery from a skilled provider,55.9,1,BD,Bangladesh,2017,BD2017DHS,RH_DELA_C_SKP,83606110,I,360005,1360050,Region,Dhaka before 2015,14000,Three years preceding the survey,0,0,RHDELACSKP,BDDHS2017360005,2017-18,DHS,1809.0,1412.0,,,
BGD,Dhaka before 2015,3881427,Assistance during delivery from a skilled provider,56.1,1,BD,Bangladesh,2017,BD2017DHS,RH_DELA_C_SKP,83606110,I,360005,1360050,Region,Dhaka before 2015,14002,Two years preceding the survey,0,1,RHDELACSKP,BDDHS2017360005,2017-18,DHS,1215.0,949.0,,,
BGD,Dhaka,7935267,Assistance during delivery from a skilled provider,60.5,1,BD,Bangladesh,2017,BD2017DHS,RH_DELA_C_SKP,83606110,I,360010,1360052,Region,..Dhaka,14000,Three years preceding the survey,0,0,RHDELACSKP,BDDHS2017360010,2017-18,DHS,1359.0,779.0,,,1.0
BGD,Dhaka,4400812,Assistance during delivery from a skilled provider,61.4,1,BD,Bangladesh,2017,BD2017DHS,RH_DELA_C_SKP,83606110,I,360010,1360052,Region,..Dhaka,14002,Two years preceding the survey,0,1,RHDELACSKP,BDDHS2017360010,2017-18,DHS,912.0,523.0,,,1.0
BGD,Mymensingh,85724,Assistance during delivery from a skilled provider,41.8,1,BD,Bangladesh,2017,BD2017DHS,RH_DELA_C_SKP,83606110,I,360011,1360055,Region,..Mymensingh,14000,Three years preceding the survey,0,0,RHDELACSKP,BDDHS2017360011,2017-18,DHS,451.0,633.0,,,1.0
BGD,Mymensingh,6618923,Assistance during delivery from a skilled provider,40.2,1,BD,Bangladesh,2017,BD2017DHS,RH_DELA_C_SKP,83606110,I,360011,1360055,Region,..Mymensingh,14002,Two years preceding the survey,0,1,RHDELACSKP,BDDHS2017360011,2017-18,DHS,303.0,426.0,,,1.0
BGD,Khulna,4478376,Assistance during delivery from a skilled provider,63.6,1,BD,Bangladesh,2017,BD2017DHS,RH_DELA_C_SKP,83606110,I,360006,1360060,Region,Khulna,14000,Three years preceding the survey,0,0,RHDELACSKP,BDDHS2017360006,2017-18,DHS,481.0,545.0,,,1.0
BGD,Khulna,7285022,Assistance during delivery from a skilled provider,64.8,1,BD,Bangladesh,2017,BD2017DHS,RH_DELA_C_SKP,83606110,I,360006,1360060,Region,Khulna,14002,Two years preceding the survey,0,1,RHDELACSKP,BDDHS2017360006,2017-18,DHS,330.0,371.0,,,1.0
BGD,Rajshahi/Rangpur,6583841,Assistance during delivery from a skilled provider,52.1,1,BD,Bangladesh,2017,BD2017DHS,RH_DELA_C_SKP,83606110,I,360007,1360070,Region,Rajshahi/Rangpur,14000,Three years preceding the survey,0,0,RHDELACSKP,BDDHS2017360007,2017-18,DHS,1177.0,1134.0,,,
BGD,Rajshahi/Rangpur,2912499,Assistance during delivery from a skilled provider,53.0,1,BD,Bangladesh,2017,BD2017DHS,RH_DELA_C_SKP,83606110,I,360007,1360070,Region,Rajshahi/Rangpur,14002,Two years preceding the survey,0,1,RHDELACSKP,BDDHS2017360007,2017-18,DHS,789.0,764.0,,,
BGD,Rangpur,610137,Assistance during delivery from a skilled provider,49.1,1,BD,Bangladesh,2017,BD2017DHS,RH_DELA_C_SKP,83606110,I,360008,1360080,Region,..Rangpur,14000,Three years preceding the survey,0,0,RHDELACSKP,BDDHS2017360008,2017-18,DHS,555.0,580.0,,,1.0
BGD,Rangpur,3768424,Assistance during delivery from a skilled provider,50.1,1,BD,Bangladesh,2017,BD2017DHS,RH_DELA_C_SKP,83606110,I,360008,1360080,Region,..Rangpur,14002,Two years preceding the survey,0,1,RHDELACSKP,BDDHS2017360008,2017-18,DHS,385.0,399.0,,,1.0
BGD,Rajshahi,2222894,Assistance during delivery from a skilled provider,54.7,1,BD,Bangladesh,2017,BD2017DHS,RH_DELA_C_SKP,83606110,I,360009,1360090,Region,..Rajshahi,14000,Three years preceding the survey,0,0,RHDELACSKP,BDDHS2017360009,2017-18,DHS,622.0,554.0,,,1.0
BGD,Rajshahi,2222914,Assistance during delivery from a skilled provider,55.7,1,BD,Bangladesh,2017,BD2017DHS,RH_DELA_C_SKP,83606110,I,360009,1360090,Region,..Rajshahi,14002,Two years preceding the survey,0,1,RHDELACSKP,BDDHS2017360009,2017-18,DHS,404.0,365.0,,,1.0
BGD,Barishal,7232432,DPT 3 vaccination received,95.7,1,BD,Bangladesh,2017,BD2017DHS,CH_VACC_C_DP3,93906040,I,360001,1360010,Region,Barishal,0,,0,1,CHVACCCDP3,BDDHS2017360001,2017-18,DHS,94.0,176.0,,,1.0
BGD,Chattogram/Sylhet,5691873,DPT 3 vaccination received,95.8,1,BD,Bangladesh,2017,BD2017DHS,CH_VACC_C_DP3,93906040,I,360002,1360020,Region,Chattogram/Sylhet,0,,0,1,CHVACCCDP3,BDDHS2017360002,2017-18,DHS,497.0,522.0,,,
BGD,Chattogram,2633421,DPT 3 vaccination received,97.1,1,BD,Bangladesh,2017,BD2017DHS,CH_VACC_C_DP3,93906040,I,360003,1360030,Region,..Chattogram,0,,0,1,CHVACCCDP3,BDDHS2017360003,2017-18,DHS,354.0,274.0,,,1.0
BGD,Sylhet,6871604,DPT 3 vaccination received,92.8,1,BD,Bangladesh,2017,BD2017DHS,CH_VACC_C_DP3,93906040,I,360004,1360040,Region,..Sylhet,0,,0,1,CHVACCCDP3,BDDHS2017360004,2017-18,DHS,143.0,248.0,,,1.0
BGD,Dhaka before 2015,3044083,DPT 3 vaccination received,93.8,1,BD,Bangladesh,2017,BD2017DHS,CH_VACC_C_DP3,93906040,I,360005,1360050,Region,Dhaka before 2015,0,,0,1,CHVACCCDP3,BDDHS2017360005,2017-18,DHS,566.0,443.0,,,
BGD,Dhaka,2985653,DPT 3 vaccination received,94.1,1,BD,Bangladesh,2017,BD2017DHS,CH_VACC_C_DP3,93906040,I,360010,1360052,Region,..Dhaka,0,,0,1,CHVACCCDP3,BDDHS2017360010,2017-18,DHS,425.0,243.0,,,1.0
BGD,Mymensingh,6548763,DPT 3 vaccination received,93.0,1,BD,Bangladesh,2017,BD2017DHS,CH_VACC_C_DP3,93906040,I,360011,1360055,Region,..Mymensingh,0,,0,1,CHVACCCDP3,BDDHS2017360011,2017-18,DHS,141.0,200.0,,,1.0
BGD,Khulna,5704013,DPT 3 vaccination received,97.9,1,BD,Bangladesh,2017,BD2017DHS,CH_VACC_C_DP3,93906040,I,360006,1360060,Region,Khulna,0,,0,1,CHVACCCDP3,BDDHS2017360006,2017-18,DHS,144.0,160.0,,,1.0
BGD,Rajshahi/Rangpur,5823212,DPT 3 vaccination received,98.4,1,BD,Bangladesh,2017,BD2017DHS,CH_VACC_C_DP3,93906040,I,360007,1360070,Region,Rajshahi/Rangpur,0,,0,1,CHVACCCDP3,BDDHS2017360007,2017-18,DHS,378.0,365.0,,,
BGD,Rangpur,2077059,DPT 3 vaccination received,97.8,1,BD,Bangladesh,2017,BD2017DHS,CH_VACC_C_DP3,93906040,I,360008,1360080,Region,..Rangpur,0,,0,1,CHVACCCDP3,BDDHS2017360008,2017-18,DHS,190.0,192.0,,,1.0
BGD,Rajshahi,5580136,DPT 3 vaccination received,99.0,1,BD,Bangladesh,2017,BD2017DHS,CH_VACC_C_DP3,93906040,I,360009,1360090,Region,..Rajshahi,0,,0,1,CHVACCCDP3,BDDHS2017360009,2017-18,DHS,188.0,173.0,,,1.0
BGD,Barishal,7232435,Pneumococcal 3 vaccination received,93.3,1,BD,Bangladesh,2017,BD2017DHS,CH_VACC_C_PN3,93906190,I,360001,1360010,Region,Barishal,0,,0,1,CHVACCCPN3,BDDHS2017360001,2017-18,DHS,94.0,176.0,,,1.0
BGD,Chattogram/Sylhet,5691876,Pneumococcal 3 vaccination received,92.1,1,BD,Bangladesh,2017,BD2017DHS,CH_VACC_C_PN3,93906190,I,360002,1360020,Region,Chattogram/Sylhet,0,,0,1,CHVACCCPN3,BDDHS2017360002,2017-18,DHS,497.0,522.0,,,
BGD,Chattogram,2633424,Pneumococcal 3 vaccination received,93.1,1,BD,Bangladesh,2017,BD2017DHS,CH_VACC_C_PN3,93906190,I,360003,1360030,Region,..Chattogram,0,,0,1,CHVACCCPN3,BDDHS2017360003,2017-18,DHS,354.0,274.0,,,1.0
BGD,Sylhet,6871607,Pneumococcal 3 vaccination received,89.7,1,BD,Bangladesh,2017,BD2017DHS,CH_VACC_C_PN3,93906190,I,360004,1360040,Region,..Sylhet,0,,0,1,CHVACCCPN3,BDDHS2017360004,2017-18,DHS,143.0,248.0,,,1.0
BGD,Dhaka before 2015,3044086,Pneumococcal 3 vaccination received,89.6,1,BD,Bangladesh,2017,BD2017DHS,CH_VACC_C_PN3,93906190,I,360005,1360050,Region,Dhaka before 2015,0,,0,1,CHVACCCPN3,BDDHS2017360005,2017-18,DHS,566.0,443.0,,,
BGD,Dhaka,2985656,Pneumococcal 3 vaccination received,89.0,1,BD,Bangladesh,2017,BD2017DHS,CH_VACC_C_PN3,93906190,I,360010,1360052,Region,..Dhaka,0,,0,1,CHVACCCPN3,BDDHS2017360010,2017-18,DHS,425.0,243.0,,,1.0
BGD,Mymensingh,6548766,Pneumococcal 3 vaccination received,91.4,1,BD,Bangladesh,2017,BD2017DHS,CH_VACC_C_PN3,93906190,I,360011,1360055,Region,..Mymensingh,0,,0,1,CHVACCCPN3,BDDHS2017360011,2017-18,DHS,141.0,200.0,,,1.0
BGD,Khulna,5704016,Pneumococcal 3 vaccination received,94.4,1,BD,Bangladesh,2017,BD2017DHS,CH_VACC_C_PN3,93906190,I,360006,1360060,Region,Khulna,0,,0,1,CHVACCCPN3,BDDHS2017360006,2017-18,DHS,144.0,160.0,,,1.0
BGD,Rajshahi/Rangpur,5823215,Pneumococcal 3 vaccination received,94.2,1,BD,Bangladesh,2017,BD2017DHS,CH_VACC_C_PN3,93906190,I,360007,1360070,Region,Rajshahi/Rangpur,0,,0,1,CHVACCCPN3,BDDHS2017360007,2017-18,DHS,378.0,365.0,,,
BGD,Rangpur,2077062,Pneumococcal 3 vaccination received,91.9,1,BD,Bangladesh,2017,BD2017DHS,CH_VACC_C_PN3,93906190,I,360008,1360080,Region,..Rangpur,0,,0,1,CHVACCCPN3,BDDHS2017360008,2017-18,DHS,190.0,192.0,,,1.0
BGD,Rajshahi,5580139,Pneumococcal 3 vaccination received,96.5,1,BD,Bangladesh,2017,BD2017DHS,CH_VACC_C_PN3,93906190,I,360009,1360090,Region,..Rajshahi,0,,0,1,CHVACCCPN3,BDDHS2017360009,2017-18,DHS,188.0,173.0,,,1.0
BGD,Barishal,5870053,Children stunted,32.5,1,BD,Bangladesh,2017,BD2017DHS,CN_NUTS_C_HA2,104236020,I,360001,1360010,Region,Barishal,0,,0,1,CNNUTSCHA2,BDDHS2017360001,2017-18,DHS,463.0,857.0,,,1.0
BGD,Chattogram/Sylhet,4713956,Children stunted,35.6,1,BD,Bangladesh,2017,BD2017DHS,CN_NUTS_C_HA2,104236020,I,360002,1360020,Region,Chattogram/Sylhet,0,,0,1,CNNUTSCHA2,BDDHS2017360002,2017-18,DHS,2307.0,2467.0,,,
BGD,Chattogram,4664973,Children stunted,32.8,1,BD,Bangladesh,2017,BD2017DHS,CN_NUTS_C_HA2,104236020,I,360003,1360030,Region,..Chattogram,0,,0,1,CNNUTSCHA2,BDDHS2017360003,2017-18,DHS,1644.0,1289.0,,,1.0
BGD,Sylhet,2602938,Children stunted,42.7,1,BD,Bangladesh,2017,BD2017DHS,CN_NUTS_C_HA2,104236020,I,360004,1360040,Region,..Sylhet,0,,0,1,CNNUTSCHA2,BDDHS2017360004,2017-18,DHS,663.0,1178.0,,,1.0
BGD,Dhaka before 2015,6717428,Children stunted,28.2,1,BD,Bangladesh,2017,BD2017DHS,CN_NUTS_C_HA2,104236020,I,360005,1360050,Region,Dhaka before 2015,0,,0,1,CNNUTSCHA2,BDDHS2017360005,2017-18,DHS,2690.0,2118.0,,,
BGD,Dhaka,4977173,Children stunted,25.6,1,BD,Bangladesh,2017,BD2017DHS,CN_NUTS_C_HA2,104236020,I,360010,1360052,Region,..Dhaka,0,,0,1,CNNUTSCHA2,BDDHS2017360010,2017-18,DHS,1999.0,1152.0,,,1.0
BGD,Mymensingh,6679205,Children stunted,35.6,1,BD,Bangladesh,2017,BD2017DHS,CN_NUTS_C_HA2,104236020,I,360011,1360055,Region,..Mymensingh,0,,0,1,CNNUTSCHA2,BDDHS2017360011,2017-18,DHS,691.0,966.0,,,1.0
BGD,Khulna,5883474,Children stunted,25.5,1,BD,Bangladesh,2017,BD2017DHS,CN_NUTS_C_HA2,104236020,I,360006,1360060,Region,Khulna,0,,0,1,CNNUTSCHA2,BDDHS2017360006,2017-18,DHS,769.0,861.0,,,1.0
BGD,Rajshahi/Rangpur,2912488,Children stunted,30.5,1,BD,Bangladesh,2017,BD2017DHS,CN_NUTS_C_HA2,104236020,I,360007,1360070,Region,Rajshahi/Rangpur,0,,0,1,CNNUTSCHA2,BDDHS2017360007,2017-18,DHS,1879.0,1808.0,,,
BGD,Rangpur,5517372,Children stunted,30.4,1,BD,Bangladesh,2017,BD2017DHS,CN_NUTS_C_HA2,104236020,I,360008,1360080,Region,..Rangpur,0,,0,1,CNNUTSCHA2,BDDHS2017360008,2017-18,DHS,912.0,950.0,,,1.0
BGD,Rajshahi,1381715,Children stunted,30.6,1,BD,Bangladesh,2017,BD2017DHS,CN_NUTS_C_HA2,104236020,I,360009,1360090,Region,..Rajshahi,0,,0,1,CNNUTSCHA2,BDDHS2017360009,2017-18,DHS,967.0,858.0,,,1.0
BGD,Barishal,4296325,Children wasted,9.0,1,BD,Bangladesh,2017,BD2017DHS,CN_NUTS_C_WH2,104236050,I,360001,1360010,Region,Barishal,0,,0,1,CNNUTSCWH2,BDDHS2017360001,2017-18,DHS,460.0,853.0,,,1.0
BGD,Chattogram/Sylhet,7180364,Children wasted,8.6,1,BD,Bangladesh,2017,BD2017DHS,CN_NUTS_C_WH2,104236050,I,360002,1360020,Region,Chattogram/Sylhet,0,,0,1,CNNUTSCWH2,BDDHS2017360002,2017-18,DHS,2318.0,2473.0,,,
BGD,Chattogram,3700246,Children wasted,7.9,1,BD,Bangladesh,2017,BD2017DHS,CN_NUTS_C_WH2,104236050,I,360003,1360030,Region,..Chattogram,0,,0,1,CNNUTSCWH2,BDDHS2017360003,2017-18,DHS,1655.0,1297.0,,,1.0
BGD,Sylhet,4909250,Children wasted,10.4,1,BD,Bangladesh,2017,BD2017DHS,CN_NUTS_C_WH2,104236050,I,360004,1360040,Region,..Sylhet,0,,0,1,CNNUTSCWH2,BDDHS2017360004,2017-18,DHS,663.0,1176.0,,,1.0
BGD,Dhaka before 2015,2586888,Children wasted,8.8,1,BD,Bangladesh,2017,BD2017DHS,CN_NUTS_C_WH2,104236050,I,360005,1360050,Region,Dhaka before 2015,0,,0,1,CNNUTSCWH2,BDDHS2017360005,2017-18,DHS,2683.0,2114.0,,,
BGD,Dhaka,2673733,Children wasted,8.8,1,BD,Bangladesh,2017,BD2017DHS,CN_NUTS_C_WH2,104236050,I,360010,1360052,Region,..Dhaka,0,,0,1,CNNUTSCWH2,BDDHS2017360010,2017-18,DHS,1991.0,1148.0,,,1.0
BGD,Mymensingh,144464,Children wasted,9.0,1,BD,Bangladesh,2017,BD2017DHS,CN_NUTS_C_WH2,104236050,I,360011,1360055,Region,..Mymensingh,0,,0,1,CNNUTSCWH2,BDDHS2017360011,2017-18,DHS,692.0,966.0,,,1.0
BGD,Khulna,4155367,Children wasted,8.0,1,BD,Bangladesh,2017,BD2017DHS,CN_NUTS_C_WH2,104236050,I,360006,1360060,Region,Khulna,0,,0,1,CNNUTSCWH2,BDDHS2017360006,2017-18,DHS,769.0,860.0,,,1.0
BGD,Rajshahi/Rangpur,6019559,Children wasted,7.6,1,BD,Bangladesh,2017,BD2017DHS,CN_NUTS_C_WH2,104236050,I,360007,1360070,Region,Rajshahi/Rangpur,0,,0,1,CNNUTSCWH2,BDDHS2017360007,2017-18,DHS,1882.0,1810.0,,,
BGD,Rangpur,1381701,Children wasted,7.3,1,BD,Bangladesh,2017,BD2017DHS,CN_NUTS_C_WH2,104236050,I,360008,1360080,Region,..Rangpur,0,,0,1,CNNUTSCWH2,BDDHS2017360008,2017-18,DHS,915.0,952.0,,,1.0
BGD,Rajshahi,5432162,Children wasted,8.0,1,BD,Bangladesh,2017,BD2017DHS,CN_NUTS_C_WH2,104236050,I,360009,1360090,Region,..Rajshahi,0,,0,1,CNNUTSCWH2,BDDHS2017360009,2017-18,DHS,967.0,858.0,,,1.0
BGD,Barishal,4296329,Children overweight,2.8,1,BD,Bangladesh,2017,BD2017DHS,CN_NUTS_C_WHP,104236060,I,360001,1360010,Region,Barishal,0,,0,1,CNNUTSCWHP,BDDHS2017360001,2017-18,DHS,460.0,853.0,,,1.0
BGD,Chattogram/Sylhet,7180365,Children overweight,1.6,1,BD,Bangladesh,2017,BD2017DHS,CN_NUTS_C_WHP,104236060,I,360002,1360020,Region,Chattogram/Sylhet,0,,0,1,CNNUTSCWHP,BDDHS2017360002,2017-18,DHS,2318.0,2473.0,,,
BGD,Chattogram,3700258,Children overweight,1.9,1,BD,Bangladesh,2017,BD2017DHS,CN_NUTS_C_WHP,104236060,I,360003,1360030,Region,..Chattogram,0,,0,1,CNNUTSCWHP,BDDHS2017360003,2017-18,DHS,1655.0,1297.0,,,1.0
BGD,Sylhet,4909251,Children overweight,0.9,1,BD,Bangladesh,2017,BD2017DHS,CN_NUTS_C_WHP,104236060,I,360004,1360040,Region,..Sylhet,0,,0,1,CNNUTSCWHP,BDDHS2017360004,2017-18,DHS,663.0,1176.0,,,1.0
BGD,Dhaka before 2015,2586889,Children overweight,3.5,1,BD,Bangladesh,2017,BD2017DHS,CN_NUTS_C_WHP,104236060,I,360005,1360050,Region,Dhaka before 2015,0,,0,1,CNNUTSCWHP,BDDHS2017360005,2017-18,DHS,2683.0,2114.0,,,
BGD,Dhaka,2673734,Children overweight,4.0,1,BD,Bangladesh,2017,BD2017DHS,CN_NUTS_C_WHP,104236060,I,360010,1360052,Region,..Dhaka,0,,0,1,CNNUTSCWHP,BDDHS2017360010,2017-18,DHS,1991.0,1148.0,,,1.0
BGD,Mymensingh,144465,Children overweight,1.8,1,BD,Bangladesh,2017,BD2017DHS,CN_NUTS_C_WHP,104236060,I,360011,1360055,Region,..Mymensingh,0,,0,1,CNNUTSCWHP,BDDHS2017360011,2017-18,DHS,692.0,966.0,,,1.0
BGD,Khulna,4155374,Children overweight,1.7,1,BD,Bangladesh,2017,BD2017DHS,CN_NUTS_C_WHP,104236060,I,360006,1360060,Region,Khulna,0,,0,1,CNNUTSCWHP,BDDHS2017360006,2017-18,DHS,769.0,860.0,,,1.0
BGD,Rajshahi/Rangpur,6019584,Children overweight,1.1,1,BD,Bangladesh,2017,BD2017DHS,CN_NUTS_C_WHP,104236060,I,360007,1360070,Region,Rajshahi/Rangpur,0,,0,1,CNNUTSCWHP,BDDHS2017360007,2017-18,DHS,1882.0,1810.0,,,
BGD,Rangpur,1381702,Children overweight,1.1,1,BD,Bangladesh,2017,BD2017DHS,CN_NUTS_C_WHP,104236060,I,360008,1360080,Region,..Rangpur,0,,0,1,CNNUTSCWHP,BDDHS2017360008,2017-18,DHS,915.0,952.0,,,1.0
BGD,Rajshahi,5432163,Children overweight,1.1,1,BD,Bangladesh,2017,BD2017DHS,CN_NUTS_C_WHP,104236060,I,360009,1360090,Region,..Rajshahi,0,,0,1,CNNUTSCWHP,BDDHS2017360009,2017-18,DHS,967.0,858.0,,,1.0
BGD,Barishal,2404054,Own decision making about all three decisions,59.9,1,BD,Bangladesh,2017,BD2017DHS,WE_IDMH_W_RCH,176643040,I,360001,1360010,Region,Barishal,0,,0,1,WEIDMHWRCH,BDDHS2017360001,2017-18,DHS,993.0,1898.0,,,1.0
BGD,Chattogram/Sylhet,5567187,Own decision making about all three decisions,61.1,1,BD,Bangladesh,2017,BD2017DHS,WE_IDMH_W_RCH,176643040,I,360002,1360020,Region,Chattogram/Sylhet,0,,0,1,WEIDMHWRCH,BDDHS2017360002,2017-18,DHS,4193.0,4429.0,,,
BGD,Chattogram,730633,Own decision making about all three decisions,62.8,1,BD,Bangladesh,2017,BD2017DHS,WE_IDMH_W_RCH,176643040,I,360003,1360030,Region,..Chattogram,0,,0,1,WEIDMHWRCH,BDDHS2017360003,2017-18,DHS,3193.0,2557.0,,,1.0
BGD,Sylhet,4492413,Own decision making about all three decisions,55.7,1,BD,Bangladesh,2017,BD2017DHS,WE_IDMH_W_RCH,176643040,I,360004,1360040,Region,..Sylhet,0,,0,1,WEIDMHWRCH,BDDHS2017360004,2017-18,DHS,1000.0,1872.0,,,1.0
BGD,Dhaka before 2015,6776947,Own decision making about all three decisions,68.6,1,BD,Bangladesh,2017,BD2017DHS,WE_IDMH_W_RCH,176643040,I,360005,1360050,Region,Dhaka before 2015,0,,0,1,WEIDMHWRCH,BDDHS2017360005,2017-18,DHS,5926.0,4556.0,,,
BGD,Dhaka,4198177,Own decision making about all three decisions,67.9,1,BD,Bangladesh,2017,BD2017DHS,WE_IDMH_W_RCH,176643040,I,360010,1360052,Region,..Dhaka,0,,0,1,WEIDMHWRCH,BDDHS2017360010,2017-18,DHS,4560.0,2649.0,,,1.0
BGD,Mymensingh,4631565,Own decision making about all three decisions,70.9,1,BD,Bangladesh,2017,BD2017DHS,WE_IDMH_W_RCH,176643040,I,360011,1360055,Region,..Mymensingh,0,,0,1,WEIDMHWRCH,BDDHS2017360011,2017-18,DHS,1366.0,1907.0,,,1.0
BGD,Khulna,2417640,Own decision making about all three decisions,63.0,1,BD,Bangladesh,2017,BD2017DHS,WE_IDMH_W_RCH,176643040,I,360006,1360060,Region,Khulna,0,,0,1,WEIDMHWRCH,BDDHS2017360006,2017-18,DHS,2093.0,2359.0,,,1.0
BGD,Rajshahi/Rangpur,6969523,Own decision making about all three decisions,61.3,1,BD,Bangladesh,2017,BD2017DHS,WE_IDMH_W_RCH,176643040,I,360007,1360070,Region,Rajshahi/Rangpur,0,,0,1,WEIDMHWRCH,BDDHS2017360007,2017-18,DHS,4645.0,4525.0,,,
BGD,Rangpur,2425511,Own decision making about all three decisions,61.2,1,BD,Bangladesh,2017,BD2017DHS,WE_IDMH_W_RCH,176643040,I,360008,1360080,Region,..Rangpur,0,,0,1,WEIDMHWRCH,BDDHS2017360008,2017-18,DHS,2136.0,2220.0,,,1.0
BGD,Rajshahi,4554868,Own decision making about all three decisions,61.3,1,BD,Bangladesh,2017,BD2017DHS,WE_IDMH_W_RCH,176643040,I,360009,1360090,Region,..Rajshahi,0,,0,1,WEIDMHWRCH,BDDHS2017360009,2017-18,DHS,2509.0,2305.0,,,1.0
BGD,Barishal,4792289,Women who own a mobile phone,63.3,1,BD,Bangladesh,2017,BD2017DHS,CO_MOBB_W_MOB,181283020,I,360001,1360010,Region,Barishal,0,,0,1,COMOBBWMOB,BDDHS2017360001,2017-18,DHS,1125.0,2154.0,,,1.0
BGD,Chattogram/Sylhet,2953371,Women who own a mobile phone,66.6,1,BD,Bangladesh,2017,BD2017DHS,CO_MOBB_W_MOB,181283020,I,360002,1360020,Region,Chattogram/Sylhet,0,,0,1,COMOBBWMOB,BDDHS2017360002,2017-18,DHS,4814.0,5134.0,,,
BGD,Chattogram,3340568,Women who own a mobile phone,70.2,1,BD,Bangladesh,2017,BD2017DHS,CO_MOBB_W_MOB,181283020,I,360003,1360030,Region,..Chattogram,0,,0,1,COMOBBWMOB,BDDHS2017360003,2017-18,DHS,3622.0,2905.0,,,1.0
BGD,Sylhet,5979337,Women who own a mobile phone,55.6,1,BD,Bangladesh,2017,BD2017DHS,CO_MOBB_W_MOB,181283020,I,360004,1360040,Region,..Sylhet,0,,0,1,COMOBBWMOB,BDDHS2017360004,2017-18,DHS,1192.0,2229.0,,,1.0
BGD,Dhaka before 2015,3994249,Women who own a mobile phone,65.6,1,BD,Bangladesh,2017,BD2017DHS,CO_MOBB_W_MOB,181283020,I,360005,1360050,Region,Dhaka before 2015,0,,0,1,COMOBBWMOB,BDDHS2017360005,2017-18,DHS,6669.0,5141.0,,,
BGD,Dhaka,5290663,Women who own a mobile phone,69.2,1,BD,Bangladesh,2017,BD2017DHS,CO_MOBB_W_MOB,181283020,I,360010,1360052,Region,..Dhaka,0,,0,1,COMOBBWMOB,BDDHS2017360010,2017-18,DHS,5123.0,2974.0,,,1.0
BGD,Mymensingh,5651718,Women who own a mobile phone,53.5,1,BD,Bangladesh,2017,BD2017DHS,CO_MOBB_W_MOB,181283020,I,360011,1360055,Region,..Mymensingh,0,,0,1,COMOBBWMOB,BDDHS2017360011,2017-18,DHS,1546.0,2167.0,,,1.0
BGD,Khulna,5588839,Women who own a mobile phone,55.1,1,BD,Bangladesh,2017,BD2017DHS,CO_MOBB_W_MOB,181283020,I,360006,1360060,Region,Khulna,0,,0,1,COMOBBWMOB,BDDHS2017360006,2017-18,DHS,2336.0,2630.0,,,1.0
BGD,Rajshahi/Rangpur,4011707,Women who own a mobile phone,48.9,1,BD,Bangladesh,2017,BD2017DHS,CO_MOBB_W_MOB,181283020,I,360007,1360070,Region,Rajshahi/Rangpur,0,,0,1,COMOBBWMOB,BDDHS2017360007,2017-18,DHS,5182.0,5068.0,,,
BGD,Rangpur,737013,Women who own a mobile phone,46.6,1,BD,Bangladesh,2017,BD2017DHS,CO_MOBB_W_MOB,181283020,I,360008,1360080,Region,..Rangpur,0,,0,1,COMOBBWMOB,BDDHS2017360008,2017-18,DHS,2380.0,2492.0,,,1.0
BGD,Rajshahi,3567884,Women who own a mobile phone,50.8,1,BD,Bangladesh,2017,BD2017DHS,CO_MOBB_W_MOB,181283020,I,360009,1360090,Region,..Rajshahi,0,,0,1,COMOBBWMOB,BDDHS2017360009,2017-18,DHS,2802.0,2576.0,,,1.0
BGD,Barishal,5622173,Women who use a mobile phone for financial transactions,21.8,1,BD,Bangladesh,2017,BD2017DHS,CO_MOBB_W_MBF,181283050,I,360001,1360010,Region,Barishal,0,,0,1,COMOBBWMBF,BDDHS2017360001,2017-18,DHS,712.0,1390.0,,,1.0
BGD,Chattogram/Sylhet,2410314,Women who use a mobile phone for financial transactions,9.9,1,BD,Bangladesh,2017,BD2017DHS,CO_MOBB_W_MBF,181283050,I,360002,1360020,Region,Chattogram/Sylhet,0,,0,1,COMOBBWMBF,BDDHS2017360002,2017-18,DHS,3204.0,3334.0,,,
BGD,Chattogram,5411449,Women who use a mobile phone for financial transactions,10.6,1,BD,Bangladesh,2017,BD2017DHS,CO_MOBB_W_MBF,181283050,I,360003,1360030,Region,..Chattogram,0,,0,1,COMOBBWMBF,BDDHS2017360003,2017-18,DHS,2541.0,2047.0,,,1.0
BGD,Sylhet,784868,Women who use a mobile phone for financial transactions,7.1,1,BD,Bangladesh,2017,BD2017DHS,CO_MOBB_W_MBF,181283050,I,360004,1360040,Region,..Sylhet,0,,0,1,COMOBBWMBF,BDDHS2017360004,2017-18,DHS,663.0,1287.0,,,1.0
BGD,Dhaka before 2015,2931732,Women who use a mobile phone for financial transactions,14.1,1,BD,Bangladesh,2017,BD2017DHS,CO_MOBB_W_MBF,181283050,I,360005,1360050,Region,Dhaka before 2015,0,,0,1,COMOBBWMBF,BDDHS2017360005,2017-18,DHS,4372.0,3281.0,,,
BGD,Dhaka,4822469,Women who use a mobile phone for financial transactions,14.4,1,BD,Bangladesh,2017,BD2017DHS,CO_MOBB_W_MBF,181283050,I,360010,1360052,Region,..Dhaka,0,,0,1,COMOBBWMBF,BDDHS2017360010,2017-18,DHS,3545.0,2082.0,,,1.0
BGD,Mymensingh,2550041,Women who use a mobile phone for financial transactions,12.7,1,BD,Bangladesh,2017,BD2017DHS,CO_MOBB_W_MBF,181283050,I,360011,1360055,Region,..Mymensingh,0,,0,1,COMOBBWMBF,BDDHS2017360011,2017-18,DHS,828.0,1199.0,,,1.0
BGD,Khulna,6739388,Women who use a mobile phone for financial transactions,18.5,1,BD,Bangladesh,2017,BD2017DHS,CO_MOBB_W_MBF,181283050,I,360006,1360060,Region,Khulna,0,,0,1,COMOBBWMBF,BDDHS2017360006,2017-18,DHS,1288.0,1530.0,,,1.0
BGD,Rajshahi/Rangpur,2746421,Women who use a mobile phone for financial transactions,16.8,1,BD,Bangladesh,2017,BD2017DHS,CO_MOBB_W_MBF,181283050,I,360007,1360070,Region,Rajshahi/Rangpur,0,,0,1,COMOBBWMBF,BDDHS2017360007,2017-18,DHS,2533.0,2614.0,,,
BGD,Rangpur,7043421,Women who use a mobile phone for financial transactions,15.8,1,BD,Bangladesh,2017,BD2017DHS,CO_MOBB_W_MBF,181283050,I,360008,1360080,Region,..Rangpur,0,,0,1,COMOBBWMBF,BDDHS2017360008,2017-18,DHS,1109.0,1250.0,,,1.0
BGD,Rajshahi,2664483,Women who use a mobile phone for financial transactions,17.5,1,BD,Bangladesh,2017,BD2017DHS,CO_MOBB_W_MBF,181283050,I,360009,1360090,Region,..Rajshahi,0,,0,1,COMOBBWMBF,BDDHS2017360009,2017-18,DHS,1424.0,1364.0,,,1.0
BGD,Barishal,5929530,Children registered,25.1,1,BD,Bangladesh,2017,BD2017DHS,CP_BREG_C_REG,220906030,I,360001,1360010,Region,Barishal,0,,0,1,CPBREGCREG,BDDHS2017360001,2017-18,DHS,465.0,857.0,,,1.0
BGD,Chattogram/Sylhet,5538028,Children registered,31.0,1,BD,Bangladesh,2017,BD2017DHS,CP_BREG_C_REG,220906030,I,360002,1360020,Region,Chattogram/Sylhet,0,,0,1,CPBREGCREG,BDDHS2017360002,2017-18,DHS,2367.0,2525.0,,,
BGD,Chattogram,3697490,Children registered,30.0,1,BD,Bangladesh,2017,BD2017DHS,CP_BREG_C_REG,220906030,I,360003,1360030,Region,..Chattogram,0,,0,1,CPBREGCREG,BDDHS2017360003,2017-18,DHS,1702.0,1335.0,,,1.0
BGD,Sylhet,6845783,Children registered,33.5,1,BD,Bangladesh,2017,BD2017DHS,CP_BREG_C_REG,220906030,I,360004,1360040,Region,..Sylhet,0,,0,1,CPBREGCREG,BDDHS2017360004,2017-18,DHS,666.0,1190.0,,,1.0
BGD,Dhaka before 2015,4803908,Children registered,25.9,1,BD,Bangladesh,2017,BD2017DHS,CP_BREG_C_REG,220906030,I,360005,1360050,Region,Dhaka before 2015,0,,0,1,CPBREGCREG,BDDHS2017360005,2017-18,DHS,2805.0,2220.0,,,
BGD,Dhaka,4116974,Children registered,27.9,1,BD,Bangladesh,2017,BD2017DHS,CP_BREG_C_REG,220906030,I,360010,1360052,Region,..Dhaka,0,,0,1,CPBREGCREG,BDDHS2017360010,2017-18,DHS,2087.0,1221.0,,,1.0
BGD,Mymensingh,3400594,Children registered,20.1,1,BD,Bangladesh,2017,BD2017DHS,CP_BREG_C_REG,220906030,I,360011,1360055,Region,..Mymensingh,0,,0,1,CPBREGCREG,BDDHS2017360011,2017-18,DHS,718.0,999.0,,,1.0
BGD,Khulna,6217352,Children registered,21.0,1,BD,Bangladesh,2017,BD2017DHS,CP_BREG_C_REG,220906030,I,360006,1360060,Region,Khulna,0,,0,1,CPBREGCREG,BDDHS2017360006,2017-18,DHS,788.0,876.0,,,1.0
BGD,Rajshahi/Rangpur,5278831,Children registered,18.8,1,BD,Bangladesh,2017,BD2017DHS,CP_BREG_C_REG,220906030,I,360007,1360070,Region,Rajshahi/Rangpur,0,,0,1,CPBREGCREG,BDDHS2017360007,2017-18,DHS,1922.0,1848.0,,,
BGD,Rangpur,1381964,Children registered,21.1,1,BD,Bangladesh,2017,BD2017DHS,CP_BREG_C_REG,220906030,I,360008,1360080,Region,..Rangpur,0,,0,1,CPBREGCREG,BDDHS2017360008,2017-18,DHS,920.0,959.0,,,1.0
BGD,Rajshahi,5148097,Children registered,16.7,1,BD,Bangladesh,2017,BD2017DHS,CP_BREG_C_REG,220906030,I,360009,1360090,Region,..Rajshahi,0,,0,1,CPBREGCREG,BDDHS2017360009,2017-18,DHS,1002.0,889.0,,,1.0
BGD,Barishal,5383729,Population using open defecation,0.1,1,BD,Bangladesh,2017,BD2017DHS,WS_TLET_P_NFC,250262210,I,360001,1360010,Region,Barishal,0,,0,1,WSTLETPNFC,BDDHS2017360001,2017-18,DHS,4712.0,8872.0,,,1.0
BGD,Chattogram/Sylhet,5722640,Population using open defecation,0.2,1,BD,Bangladesh,2017,BD2017DHS,WS_TLET_P_NFC,250262210,I,360002,1360020,Region,Chattogram/Sylhet,0,,0,1,WSTLETPNFC,BDDHS2017360002,2017-18,DHS,21206.0,23103.0,,,
BGD,Chattogram,6013673,Population using open defecation,0.2,1,BD,Bangladesh,2017,BD2017DHS,WS_TLET_P_NFC,250262210,I,360003,1360030,Region,..Chattogram,0,,0,1,WSTLETPNFC,BDDHS2017360003,2017-18,DHS,15322.0,12200.0,,,1.0
BGD,Sylhet,6408521,Population using open defecation,0.3,1,BD,Bangladesh,2017,BD2017DHS,WS_TLET_P_NFC,250262210,I,360004,1360040,Region,..Sylhet,0,,0,1,WSTLETPNFC,BDDHS2017360004,2017-18,DHS,5883.0,10903.0,,,1.0
BGD,Dhaka before 2015,314486,Population using open defecation,0.3,1,BD,Bangladesh,2017,BD2017DHS,WS_TLET_P_NFC,250262210,I,360005,1360050,Region,Dhaka before 2015,0,,0,1,WSTLETPNFC,BDDHS2017360005,2017-18,DHS,27378.0,21567.0,,,
BGD,Dhaka,4049678,Population using open defecation,0.2,1,BD,Bangladesh,2017,BD2017DHS,WS_TLET_P_NFC,250262210,I,360010,1360052,Region,..Dhaka,0,,0,1,WSTLETPNFC,BDDHS2017360010,2017-18,DHS,20598.0,12093.0,,,1.0
BGD,Mymensingh,3553492,Population using open defecation,0.8,1,BD,Bangladesh,2017,BD2017DHS,WS_TLET_P_NFC,250262210,I,360011,1360055,Region,..Mymensingh,0,,0,1,WSTLETPNFC,BDDHS2017360011,2017-18,DHS,6780.0,9474.0,,,1.0
BGD,Khulna,6909498,Population using open defecation,0.1,1,BD,Bangladesh,2017,BD2017DHS,WS_TLET_P_NFC,250262210,I,360006,1360060,Region,Khulna,0,,0,1,WSTLETPNFC,BDDHS2017360006,2017-18,DHS,9252.0,10357.0,,,1.0
BGD,Rajshahi/Rangpur,1375053,Population using open defecation,4.1,1,BD,Bangladesh,2017,BD2017DHS,WS_TLET_P_NFC,250262210,I,360007,1360070,Region,Rajshahi/Rangpur,0,,0,1,WSTLETPNFC,BDDHS2017360007,2017-18,DHS,20824.0,20219.0,,,
BGD,Rangpur,5857705,Population using open defecation,7.1,1,BD,Bangladesh,2017,BD2017DHS,WS_TLET_P_NFC,250262210,I,360008,1360080,Region,..Rangpur,0,,0,1,WSTLETPNFC,BDDHS2017360008,2017-18,DHS,9719.0,10078.0,,,1.0
BGD,Rajshahi,6042477,Population using open defecation,1.4,1,BD,Bangladesh,2017,BD2017DHS,WS_TLET_P_NFC,250262210,I,360009,1360090,Region,..Rajshahi,0,,0,1,WSTLETPNFC,BDDHS2017360009,2017-18,DHS,11105.0,10141.0,,,1.0
BGD,Barishal,5383735,Population with basic sanitation service,48.6,1,BD,Bangladesh,2017,BD2017DHS,WS_TLET_P_BAS,250262300,I,360001,1360010,Region,Barishal,0,,0,1,WSTLETPBAS,BDDHS2017360001,2017-18,DHS,4712.0,8872.0,,,1.0
BGD,Chattogram/Sylhet,5722641,Population with basic sanitation service,53.8,1,BD,Bangladesh,2017,BD2017DHS,WS_TLET_P_BAS,250262300,I,360002,1360020,Region,Chattogram/Sylhet,0,,0,1,WSTLETPBAS,BDDHS2017360002,2017-18,DHS,21206.0,23103.0,,,
BGD,Chattogram,6013717,Population with basic sanitation service,56.1,1,BD,Bangladesh,2017,BD2017DHS,WS_TLET_P_BAS,250262300,I,360003,1360030,Region,..Chattogram,0,,0,1,WSTLETPBAS,BDDHS2017360003,2017-18,DHS,15322.0,12200.0,,,1.0
BGD,Sylhet,6408522,Population with basic sanitation service,47.6,1,BD,Bangladesh,2017,BD2017DHS,WS_TLET_P_BAS,250262300,I,360004,1360040,Region,..Sylhet,0,,0,1,WSTLETPBAS,BDDHS2017360004,2017-18,DHS,5883.0,10903.0,,,1.0
BGD,Dhaka before 2015,314487,Population with basic sanitation service,42.6,1,BD,Bangladesh,2017,BD2017DHS,WS_TLET_P_BAS,250262300,I,360005,1360050,Region,Dhaka before 2015,0,,0,1,WSTLETPBAS,BDDHS2017360005,2017-18,DHS,27378.0,21567.0,,,
BGD,Dhaka,4049679,Population with basic sanitation service,44.9,1,BD,Bangladesh,2017,BD2017DHS,WS_TLET_P_BAS,250262300,I,360010,1360052,Region,..Dhaka,0,,0,1,WSTLETPBAS,BDDHS2017360010,2017-18,DHS,20598.0,12093.0,,,1.0
BGD,Mymensingh,3553493,Population with basic sanitation service,35.5,1,BD,Bangladesh,2017,BD2017DHS,WS_TLET_P_BAS,250262300,I,360011,1360055,Region,..Mymensingh,0,,0,1,WSTLETPBAS,BDDHS2017360011,2017-18,DHS,6780.0,9474.0,,,1.0
BGD,Khulna,6909499,Population with basic sanitation service,53.1,1,BD,Bangladesh,2017,BD2017DHS,WS_TLET_P_BAS,250262300,I,360006,1360060,Region,Khulna,0,,0,1,WSTLETPBAS,BDDHS2017360006,2017-18,DHS,9252.0,10357.0,,,1.0
BGD,Rajshahi/Rangpur,1375056,Population with basic sanitation service,42.8,1,BD,Bangladesh,2017,BD2017DHS,WS_TLET_P_BAS,250262300,I,360007,1360070,Region,Rajshahi/Rangpur,0,,0,1,WSTLETPBAS,BDDHS2017360007,2017-18,DHS,20824.0,20219.0,,,
BGD,Rangpur,5857712,Population with basic sanitation service,41.8,1,BD,Bangladesh,2017,BD2017DHS,WS_TLET_P_BAS,250262300,I,360008,1360080,Region,..Rangpur,0,,0,1,WSTLETPBAS,BDDHS2017360008,2017-18,DHS,9719.0,10078.0,,,1.0
BGD,Rajshahi,6042478,Population with basic sanitation service,43.6,1,BD,Bangladesh,2017,BD2017DHS,WS_TLET_P_BAS,250262300,I,360009,1360090,Region,..Rajshahi,0,,0,1,WSTLETPBAS,BDDHS2017360009,2017-18,DHS,11105.0,10141.0,,,1.0
BGD,Barishal,3430082,"Population with a basic handwashing facility, with soap and water available",17.2,1,BD,Bangladesh,2017,BD2017DHS,WS_HNDW_P_BAS,250302150,I,360001,1360010,Region,Barishal,0,,0,1,WSHNDWPBAS,BDDHS2017360001,2017-18,DHS,4688.0,8838.0,,,1.0
BGD,Chattogram/Sylhet,4485386,"Population with a basic handwashing facility, with soap and water available",37.8,1,BD,Bangladesh,2017,BD2017DHS,WS_HNDW_P_BAS,250302150,I,360002,1360020,Region,Chattogram/Sylhet,0,,0,1,WSHNDWPBAS,BDDHS2017360002,2017-18,DHS,21146.0,23039.0,,,
BGD,Chattogram,7120519,"Population with a basic handwashing facility, with soap and water available",40.7,1,BD,Bangladesh,2017,BD2017DHS,WS_HNDW_P_BAS,250302150,I,360003,1360030,Region,..Chattogram,0,,0,1,WSHNDWPBAS,BDDHS2017360003,2017-18,DHS,15277.0,12169.0,,,1.0
BGD,Sylhet,3784380,"Population with a basic handwashing facility, with soap and water available",30.4,1,BD,Bangladesh,2017,BD2017DHS,WS_HNDW_P_BAS,250302150,I,360004,1360040,Region,..Sylhet,0,,0,1,WSHNDWPBAS,BDDHS2017360004,2017-18,DHS,5868.0,10870.0,,,1.0
BGD,Dhaka before 2015,5399018,"Population with a basic handwashing facility, with soap and water available",43.8,1,BD,Bangladesh,2017,BD2017DHS,WS_HNDW_P_BAS,250302150,I,360005,1360050,Region,Dhaka before 2015,0,,0,1,WSHNDWPBAS,BDDHS2017360005,2017-18,DHS,27366.0,21555.0,,,
BGD,Dhaka,5751945,"Population with a basic handwashing facility, with soap and water available",49.4,1,BD,Bangladesh,2017,BD2017DHS,WS_HNDW_P_BAS,250302150,I,360010,1360052,Region,..Dhaka,0,,0,1,WSHNDWPBAS,BDDHS2017360010,2017-18,DHS,20587.0,12083.0,,,1.0
BGD,Mymensingh,3694099,"Population with a basic handwashing facility, with soap and water available",26.5,1,BD,Bangladesh,2017,BD2017DHS,WS_HNDW_P_BAS,250302150,I,360011,1360055,Region,..Mymensingh,0,,0,1,WSHNDWPBAS,BDDHS2017360011,2017-18,DHS,6779.0,9472.0,,,1.0
BGD,Khulna,1375165,"Population with a basic handwashing facility, with soap and water available",33.9,1,BD,Bangladesh,2017,BD2017DHS,WS_HNDW_P_BAS,250302150,I,360006,1360060,Region,Khulna,0,,0,1,WSHNDWPBAS,BDDHS2017360006,2017-18,DHS,9240.0,10344.0,,,1.0
BGD,Rajshahi/Rangpur,4385092,"Population with a basic handwashing facility, with soap and water available",40.4,1,BD,Bangladesh,2017,BD2017DHS,WS_HNDW_P_BAS,250302150,I,360007,1360070,Region,Rajshahi/Rangpur,0,,0,1,WSHNDWPBAS,BDDHS2017360007,2017-18,DHS,20820.0,20211.0,,,
BGD,Rangpur,6562923,"Population with a basic handwashing facility, with soap and water available",40.6,1,BD,Bangladesh,2017,BD2017DHS,WS_HNDW_P_BAS,250302150,I,360008,1360080,Region,..Rangpur,0,,0,1,WSHNDWPBAS,BDDHS2017360008,2017-18,DHS,9717.0,10076.0,,,1.0
BGD,Rajshahi,4317935,"Population with a basic handwashing facility, with soap and water available",40.2,1,BD,Bangladesh,2017,BD2017DHS,WS_HNDW_P_BAS,250302150,I,360009,1360090,Region,..Rajshahi,0,,0,1,WSHNDWPBAS,BDDHS2017360009,2017-18,DHS,11104.0,10135.0,,,1.0
BGD,Barishal,6985803,Population with electricity,58.6,1,BD,Bangladesh,2017,BD2017DHS,HC_ELEC_P_ELC,260322010,I,360001,1360010,Region,Barishal,0,,0,1,HCELECPELC,BDDHS2017360001,2017-18,DHS,4712.0,8872.0,,,1.0
BGD,Chattogram/Sylhet,4078100,Population with electricity,81.3,1,BD,Bangladesh,2017,BD2017DHS,HC_ELEC_P_ELC,260322010,I,360002,1360020,Region,Chattogram/Sylhet,0,,0,1,HCELECPELC,BDDHS2017360002,2017-18,DHS,21206.0,23103.0,,,
BGD,Chattogram,1368116,Population with electricity,83.0,1,BD,Bangladesh,2017,BD2017DHS,HC_ELEC_P_ELC,260322010,I,360003,1360030,Region,..Chattogram,0,,0,1,HCELECPELC,BDDHS2017360003,2017-18,DHS,15322.0,12200.0,,,1.0
BGD,Sylhet,6208366,Population with electricity,76.9,1,BD,Bangladesh,2017,BD2017DHS,HC_ELEC_P_ELC,260322010,I,360004,1360040,Region,..Sylhet,0,,0,1,HCELECPELC,BDDHS2017360004,2017-18,DHS,5883.0,10903.0,,,1.0
BGD,Dhaka before 2015,4340622,Population with electricity,87.4,1,BD,Bangladesh,2017,BD2017DHS,HC_ELEC_P_ELC,260322010,I,360005,1360050,Region,Dhaka before 2015,0,,0,1,HCELECPELC,BDDHS2017360005,2017-18,DHS,27378.0,21567.0,,,
BGD,Dhaka,1361952,Population with electricity,91.0,1,BD,Bangladesh,2017,BD2017DHS,HC_ELEC_P_ELC,260322010,I,360010,1360052,Region,..Dhaka,0,,0,1,HCELECPELC,BDDHS2017360010,2017-18,DHS,20598.0,12093.0,,,1.0
BGD,Mymensingh,7205170,Population with electricity,76.5,1,BD,Bangladesh,2017,BD2017DHS,HC_ELEC_P_ELC,260322010,I,360011,1360055,Region,..Mymensingh,0,,0,1,HCELECPELC,BDDHS2017360011,2017-18,DHS,6780.0,9474.0,,,1.0
BGD,Khulna,6076031,Population with electricity,86.9,1,BD,Bangladesh,2017,BD2017DHS,HC_ELEC_P_ELC,260322010,I,360006,1360060,Region,Khulna,0,,0,1,HCELECPELC,BDDHS2017360006,2017-18,DHS,9252.0,10357.0,,,1.0
BGD,Rajshahi/Rangpur,3631880,Population with electricity,77.4,1,BD,Bangladesh,2017,BD2017DHS,HC_ELEC_P_ELC,260322010,I,360007,1360070,Region,Rajshahi/Rangpur,0,,0,1,HCELECPELC,BDDHS2017360007,2017-18,DHS,20824.0,20219.0,,,
BGD,Rangpur,6895081,Population with electricity,65.4,1,BD,Bangladesh,2017,BD2017DHS,HC_ELEC_P_ELC,260322010,I,360008,1360080,Region,..Rangpur,0,,0,1,HCELECPELC,BDDHS2017360008,2017-18,DHS,9719.0,10078.0,,,1.0
BGD,Rajshahi,2613296,Population with electricity,87.9,1,BD,Bangladesh,2017,BD2017DHS,HC_ELEC_P_ELC,260322010,I,360009,1360090,Region,..Rajshahi,0,,0,1,HCELECPELC,BDDHS2017360009,2017-18,DHS,11105.0,10141.0,,,1.0
BGD,Barishal,6985860,Population using clean fuel for cooking ,4.6,1,BD,Bangladesh,2017,BD2017DHS,HC_CKFL_P_CLN,260432150,I,360001,1360010,Region,Barishal,0,,0,1,HCCKFLPCLN,BDDHS2017360001,2017-18,DHS,4712.0,8872.0,,,1.0
BGD,Chattogram/Sylhet,4078073,Population using clean fuel for cooking ,19.8,1,BD,Bangladesh,2017,BD2017DHS,HC_CKFL_P_CLN,260432150,I,360002,1360020,Region,Chattogram/Sylhet,0,,0,1,HCCKFLPCLN,BDDHS2017360002,2017-18,DHS,21206.0,23103.0,,,
BGD,Chattogram,1368139,Population using clean fuel for cooking ,22.0,1,BD,Bangladesh,2017,BD2017DHS,HC_CKFL_P_CLN,260432150,I,360003,1360030,Region,..Chattogram,0,,0,1,HCCKFLPCLN,BDDHS2017360003,2017-18,DHS,15322.0,12200.0,,,1.0
BGD,Sylhet,6208383,Population using clean fuel for cooking ,14.1,1,BD,Bangladesh,2017,BD2017DHS,HC_CKFL_P_CLN,260432150,I,360004,1360040,Region,..Sylhet,0,,0,1,HCCKFLPCLN,BDDHS2017360004,2017-18,DHS,5883.0,10903.0,,,1.0
BGD,Dhaka before 2015,4340558,Population using clean fuel for cooking ,34.9,1,BD,Bangladesh,2017,BD2017DHS,HC_CKFL_P_CLN,260432150,I,360005,1360050,Region,Dhaka before 2015,0,,0,1,HCCKFLPCLN,BDDHS2017360005,2017-18,DHS,27378.0,21567.0,,,
BGD,Dhaka,1361949,Population using clean fuel for cooking ,44.0,1,BD,Bangladesh,2017,BD2017DHS,HC_CKFL_P_CLN,260432150,I,360010,1360052,Region,..Dhaka,0,,0,1,HCCKFLPCLN,BDDHS2017360010,2017-18,DHS,20598.0,12093.0,,,1.0
BGD,Mymensingh,7205186,Population using clean fuel for cooking ,7.0,1,BD,Bangladesh,2017,BD2017DHS,HC_CKFL_P_CLN,260432150,I,360011,1360055,Region,..Mymensingh,0,,0,1,HCCKFLPCLN,BDDHS2017360011,2017-18,DHS,6780.0,9474.0,,,1.0
BGD,Khulna,6076045,Population using clean fuel for cooking ,6.7,1,BD,Bangladesh,2017,BD2017DHS,HC_CKFL_P_CLN,260432150,I,360006,1360060,Region,Khulna,0,,0,1,HCCKFLPCLN,BDDHS2017360006,2017-18,DHS,9252.0,10357.0,,,1.0
BGD,Rajshahi/Rangpur,3631921,Population using clean fuel for cooking ,5.7,1,BD,Bangladesh,2017,BD2017DHS,HC_CKFL_P_CLN,260432150,I,360007,1360070,Region,Rajshahi/Rangpur,0,,0,1,HCCKFLPCLN,BDDHS2017360007,2017-18,DHS,20824.0,20219.0,,,
BGD,Rangpur,6895073,Population using clean fuel for cooking ,4.4,1,BD,Bangladesh,2017,BD2017DHS,HC_CKFL_P_CLN,260432150,I,360008,1360080,Region,..Rangpur,0,,0,1,HCCKFLPCLN,BDDHS2017360008,2017-18,DHS,9719.0,10078.0,,,1.0
BGD,Rajshahi,2613342,Population using clean fuel for cooking ,6.8,1,BD,Bangladesh,2017,BD2017DHS,HC_CKFL_P_CLN,260432150,I,360009,1360090,Region,..Rajshahi,0,,0,1,HCCKFLPCLN,BDDHS2017360009,2017-18,DHS,11105.0,10141.0,,,1.0
BGD,Barishal,2019251,Age specific fertility rate: 10-14,0.0,0,BD,Bangladesh,2022,BD2022DHS,FE_FRTR_W_A10,11763005,I,360001,1360010,Region,Barishal,0,,0,1,FEFRTRWA10,BDDHS2022360001,2022,DHS,,,,,1.0
BGD,Barishal,2019252,Age specific fertility rate: 10-14,0.0,0,BD,Bangladesh,2022,BD2022DHS,FE_FRTR_W_A10,11763005,I,360001,1360010,Region,Barishal,0,,0,1,FEFRTRWA10,BDDHS2022360001,2022,DHS,,,,,1.0
BGD,Chattogram/Sylhet,2019313,Age specific fertility rate: 10-14,1.0,0,BD,Bangladesh,2022,BD2022DHS,FE_FRTR_W_A10,11763005,I,360002,1360020,Region,Chattogram/Sylhet,0,,0,1,FEFRTRWA10,BDDHS2022360002,2022,DHS,,,,,
BGD,Chattogram,2019331,Age specific fertility rate: 10-14,1.0,0,BD,Bangladesh,2022,BD2022DHS,FE_FRTR_W_A10,11763005,I,360003,1360030,Region,..Chattogram,0,,0,1,FEFRTRWA10,BDDHS2022360003,2022,DHS,,,,,1.0
BGD,Chattogram,2019332,Age specific fertility rate: 10-14,1.0,0,BD,Bangladesh,2022,BD2022DHS,FE_FRTR_W_A10,11763005,I,360003,1360030,Region,..Chattogram,0,,0,1,FEFRTRWA10,BDDHS2022360003,2022,DHS,,,,,1.0
BGD,Sylhet,6207856,Age specific fertility rate: 10-14,0.0,0,BD,Bangladesh,2022,BD2022DHS,FE_FRTR_W_A10,11763005,I,360004,1360040,Region,..Sylhet,0,,0,1,FEFRTRWA10,BDDHS2022360004,2022,DHS,,,,,1.0
BGD,Sylhet,6207855,Age specific fertility rate: 10-14,0.0,0,BD,Bangladesh,2022,BD2022DHS,FE_FRTR_W_A10,11763005,I,360004,1360040,Region,..Sylhet,0,,0,1,FEFRTRWA10,BDDHS2022360004,2022,DHS,,,,,1.0
BGD,Dhaka before 2015,2026754,Age specific fertility rate: 10-14,3.0,0,BD,Bangladesh,2022,BD2022DHS,FE_FRTR_W_A10,11763005,I,360005,1360050,Region,Dhaka before 2015,0,,0,1,FEFRTRWA10,BDDHS2022360005,2022,DHS,,,,,
BGD,Dhaka,2026807,Age specific fertility rate: 10-14,2.0,0,BD,Bangladesh,2022,BD2022DHS,FE_FRTR_W_A10,11763005,I,360010,1360052,Region,..Dhaka,0,,0,1,FEFRTRWA10,BDDHS2022360010,2022,DHS,,,,,1.0
BGD,Dhaka,2026808,Age specific fertility rate: 10-14,2.0,0,BD,Bangladesh,2022,BD2022DHS,FE_FRTR_W_A10,11763005,I,360010,1360052,Region,..Dhaka,0,,0,1,FEFRTRWA10,BDDHS2022360010,2022,DHS,,,,,1.0
BGD,Mymensingh,2025919,Age specific fertility rate: 10-14,3.0,0,BD,Bangladesh,2022,BD2022DHS,FE_FRTR_W_A10,11763005,I,360011,1360055,Region,..Mymensingh,0,,0,1,FEFRTRWA10,BDDHS2022360011,2022,DHS,,,,,1.0
BGD,Mymensingh,2025920,Age specific fertility rate: 10-14,3.0,0,BD,Bangladesh,2022,BD2022DHS,FE_FRTR_W_A10,11763005,I,360011,1360055,Region,..Mymensingh,0,,0,1,FEFRTRWA10,BDDHS2022360011,2022,DHS,,,,,1.0
BGD,Khulna,2011942,Age specific fertility rate: 10-14,1.0,0,BD,Bangladesh,2022,BD2022DHS,FE_FRTR_W_A10,11763005,I,360006,1360060,Region,Khulna,0,,0,1,FEFRTRWA10,BDDHS2022360006,2022,DHS,,,,,1.0
BGD,Khulna,2011943,Age specific fertility rate: 10-14,1.0,0,BD,Bangladesh,2022,BD2022DHS,FE_FRTR_W_A10,11763005,I,360006,1360060,Region,Khulna,0,,0,1,FEFRTRWA10,BDDHS2022360006,2022,DHS,,,,,1.0
BGD,Rajshahi/Rangpur,2026769,Age specific fertility rate: 10-14,4.0,0,BD,Bangladesh,2022,BD2022DHS,FE_FRTR_W_A10,11763005,I,360007,1360070,Region,Rajshahi/Rangpur,0,,0,1,FEFRTRWA10,BDDHS2022360007,2022,DHS,,,,,
BGD,Rangpur,2011958,Age specific fertility rate: 10-14,4.0,0,BD,Bangladesh,2022,BD2022DHS,FE_FRTR_W_A10,11763005,I,360008,1360080,Region,..Rangpur,0,,0,1,FEFRTRWA10,BDDHS2022360008,2022,DHS,,,,,1.0
BGD,Rangpur,2011959,Age specific fertility rate: 10-14,4.0,0,BD,Bangladesh,2022,BD2022DHS,FE_FRTR_W_A10,11763005,I,360008,1360080,Region,..Rangpur,0,,0,1,FEFRTRWA10,BDDHS2022360008,2022,DHS,,,,,1.0
BGD,Rajshahi,6693905,Age specific fertility rate: 10-14,5.0,0,BD,Bangladesh,2022,BD2022DHS,FE_FRTR_W_A10,11763005,I,360009,1360090,Region,..Rajshahi,0,,0,1,FEFRTRWA10,BDDHS2022360009,2022,DHS,,,,,1.0
BGD,Rajshahi,6693906,Age specific fertility rate: 10-14,5.0,0,BD,Bangladesh,2022,BD2022DHS,FE_FRTR_W_A10,11763005,I,360009,1360090,Region,..Rajshahi,0,,0,1,FEFRTRWA10,BDDHS2022360009,2022,DHS,,,,,1.0
BGD,Barishal,2019253,Age specific fertility rate: 15-19,76.0,0,BD,Bangladesh,2022,BD2022DHS,FE_FRTR_W_A15,11763010,I,360001,1360010,Region,Barishal,0,,0,1,FEFRTRWA15,BDDHS2022360001,2022,DHS,,,,,1.0
BGD,Barishal,2019254,Age specific fertility rate: 15-19,76.0,0,BD,Bangladesh,2022,BD2022DHS,FE_FRTR_W_A15,11763010,I,360001,1360010,Region,Barishal,0,,0,1,FEFRTRWA15,BDDHS2022360001,2022,DHS,,,,,1.0
BGD,Chattogram/Sylhet,2019314,Age specific fertility rate: 15-19,83.0,0,BD,Bangladesh,2022,BD2022DHS,FE_FRTR_W_A15,11763010,I,360002,1360020,Region,Chattogram/Sylhet,0,,0,1,FEFRTRWA15,BDDHS2022360002,2022,DHS,,,,,
BGD,Chattogram,2019333,Age specific fertility rate: 15-19,94.0,0,BD,Bangladesh,2022,BD2022DHS,FE_FRTR_W_A15,11763010,I,360003,1360030,Region,..Chattogram,0,,0,1,FEFRTRWA15,BDDHS2022360003,2022,DHS,,,,,1.0
BGD,Chattogram,2019334,Age specific fertility rate: 15-19,94.0,0,BD,Bangladesh,2022,BD2022DHS,FE_FRTR_W_A15,11763010,I,360003,1360030,Region,..Chattogram,0,,0,1,FEFRTRWA15,BDDHS2022360003,2022,DHS,,,,,1.0
BGD,Sylhet,6207857,Age specific fertility rate: 15-19,54.0,0,BD,Bangladesh,2022,BD2022DHS,FE_FRTR_W_A15,11763010,I,360004,1360040,Region,..Sylhet,0,,0,1,FEFRTRWA15,BDDHS2022360004,2022,DHS,,,,,1.0
BGD,Sylhet,6207858,Age specific fertility rate: 15-19,54.0,0,BD,Bangladesh,2022,BD2022DHS,FE_FRTR_W_A15,11763010,I,360004,1360040,Region,..Sylhet,0,,0,1,FEFRTRWA15,BDDHS2022360004,2022,DHS,,,,,1.0
BGD,Dhaka before 2015,2026755,Age specific fertility rate: 15-19,90.0,0,BD,Bangladesh,2022,BD2022DHS,FE_FRTR_W_A15,11763010,I,360005,1360050,Region,Dhaka before 2015,0,,0,1,FEFRTRWA15,BDDHS2022360005,2022,DHS,,,,,
BGD,Dhaka,2026809,Age specific fertility rate: 15-19,91.0,0,BD,Bangladesh,2022,BD2022DHS,FE_FRTR_W_A15,11763010,I,360010,1360052,Region,..Dhaka,0,,0,1,FEFRTRWA15,BDDHS2022360010,2022,DHS,,,,,1.0
BGD,Dhaka,2026810,Age specific fertility rate: 15-19,91.0,0,BD,Bangladesh,2022,BD2022DHS,FE_FRTR_W_A15,11763010,I,360010,1360052,Region,..Dhaka,0,,0,1,FEFRTRWA15,BDDHS2022360010,2022,DHS,,,,,1.0
BGD,Mymensingh,2025921,Age specific fertility rate: 15-19,89.0,0,BD,Bangladesh,2022,BD2022DHS,FE_FRTR_W_A15,11763010,I,360011,1360055,Region,..Mymensingh,0,,0,1,FEFRTRWA15,BDDHS2022360011,2022,DHS,,,,,1.0
BGD,Mymensingh,2025922,Age specific fertility rate: 15-19,89.0,0,BD,Bangladesh,2022,BD2022DHS,FE_FRTR_W_A15,11763010,I,360011,1360055,Region,..Mymensingh,0,,0,1,FEFRTRWA15,BDDHS2022360011,2022,DHS,,,,,1.0
BGD,Khulna,2011944,Age specific fertility rate: 15-19,101.0,0,BD,Bangladesh,2022,BD2022DHS,FE_FRTR_W_A15,11763010,I,360006,1360060,Region,Khulna,0,,0,1,FEFRTRWA15,BDDHS2022360006,2022,DHS,,,,,1.0
BGD,Khulna,2011945,Age specific fertility rate: 15-19,101.0,0,BD,Bangladesh,2022,BD2022DHS,FE_FRTR_W_A15,11763010,I,360006,1360060,Region,Khulna,0,,0,1,FEFRTRWA15,BDDHS2022360006,2022,DHS,,,,,1.0
BGD,Rajshahi/Rangpur,2026770,Age specific fertility rate: 15-19,107.0,0,BD,Bangladesh,2022,BD2022DHS,FE_FRTR_W_A15,11763010,I,360007,1360070,Region,Rajshahi/Rangpur,0,,0,1,FEFRTRWA15,BDDHS2022360007,2022,DHS,,,,,
BGD,Rangpur,2011960,Age specific fertility rate: 15-19,113.0,0,BD,Bangladesh,2022,BD2022DHS,FE_FRTR_W_A15,11763010,I,360008,1360080,Region,..Rangpur,0,,0,1,FEFRTRWA15,BDDHS2022360008,2022,DHS,,,,,1.0
BGD,Rangpur,2011961,Age specific fertility rate: 15-19,113.0,0,BD,Bangladesh,2022,BD2022DHS,FE_FRTR_W_A15,11763010,I,360008,1360080,Region,..Rangpur,0,,0,1,FEFRTRWA15,BDDHS2022360008,2022,DHS,,,,,1.0
BGD,Rajshahi,6693907,Age specific fertility rate: 15-19,101.0,0,BD,Bangladesh,2022,BD2022DHS,FE_FRTR_W_A15,11763010,I,360009,1360090,Region,..Rajshahi,0,,0,1,FEFRTRWA15,BDDHS2022360009,2022,DHS,,,,,1.0
BGD,Rajshahi,6693908,Age specific fertility rate: 15-19,101.0,0,BD,Bangladesh,2022,BD2022DHS,FE_FRTR_W_A15,11763010,I,360009,1360090,Region,..Rajshahi,0,,0,1,FEFRTRWA15,BDDHS2022360009,2022,DHS,,,,,1.0
BGD,Barishal,5072333,Demand for family planning satisfied by modern methods,72.0,1,BD,Bangladesh,2022,BD2022DHS,FP_NADM_W_PDM,32933150,I,360001,1360010,Region,Barishal,0,,0,1,FPNADMWPDM,BDDHS2022360001,2022,DHS,865.0,1521.0,,,1.0
BGD,Barishal,5072334,Demand for family planning satisfied by modern methods,72.0,1,BD,Bangladesh,2022,BD2022DHS,FP_NADM_W_PDM,32933150,I,360001,1360010,Region,Barishal,0,,0,1,FPNADMWPDM,BDDHS2022360001,2022,DHS,865.0,1521.0,,,1.0
BGD,Chattogram/Sylhet,3458993,Demand for family planning satisfied by modern methods,67.0,1,BD,Bangladesh,2022,BD2022DHS,FP_NADM_W_PDM,32933150,I,360002,1360020,Region,Chattogram/Sylhet,0,,0,1,FPNADMWPDM,BDDHS2022360002,2022,DHS,3318.0,3427.0,,,
BGD,Chattogram,5557557,Demand for family planning satisfied by modern methods,67.0,1,BD,Bangladesh,2022,BD2022DHS,FP_NADM_W_PDM,32933150,I,360003,1360030,Region,..Chattogram,0,,0,1,FPNADMWPDM,BDDHS2022360003,2022,DHS,2604.0,2087.0,,,1.0
BGD,Chattogram,5557558,Demand for family planning satisfied by modern methods,67.0,1,BD,Bangladesh,2022,BD2022DHS,FP_NADM_W_PDM,32933150,I,360003,1360030,Region,..Chattogram,0,,0,1,FPNADMWPDM,BDDHS2022360003,2022,DHS,2604.0,2087.0,,,1.0
BGD,Sylhet,5870396,Demand for family planning satisfied by modern methods,67.0,1,BD,Bangladesh,2022,BD2022DHS,FP_NADM_W_PDM,32933150,I,360004,1360040,Region,..Sylhet,0,,0,1,FPNADMWPDM,BDDHS2022360004,2022,DHS,715.0,1340.0,,,1.0
BGD,Sylhet,5870397,Demand for family planning satisfied by modern methods,67.0,1,BD,Bangladesh,2022,BD2022DHS,FP_NADM_W_PDM,32933150,I,360004,1360040,Region,..Sylhet,0,,0,1,FPNADMWPDM,BDDHS2022360004,2022,DHS,715.0,1340.0,,,1.0
BGD,Dhaka before 2015,2107589,Demand for family planning satisfied by modern methods,74.4,1,BD,Bangladesh,2022,BD2022DHS,FP_NADM_W_PDM,32933150,I,360005,1360050,Region,Dhaka before 2015,0,,0,1,FPNADMWPDM,BDDHS2022360005,2022,DHS,4597.0,3618.0,,,
BGD,Dhaka,4367539,Demand for family planning satisfied by modern methods,72.8,1,BD,Bangladesh,2022,BD2022DHS,FP_NADM_W_PDM,32933150,I,360010,1360052,Region,..Dhaka,0,,0,1,FPNADMWPDM,BDDHS2022360010,2022,DHS,3522.0,2096.0,,,1.0
BGD,Dhaka,4367540,Demand for family planning satisfied by modern methods,72.8,1,BD,Bangladesh,2022,BD2022DHS,FP_NADM_W_PDM,32933150,I,360010,1360052,Region,..Dhaka,0,,0,1,FPNADMWPDM,BDDHS2022360010,2022,DHS,3522.0,2096.0,,,1.0
BGD,Mymensingh,5555535,Demand for family planning satisfied by modern methods,79.5,1,BD,Bangladesh,2022,BD2022DHS,FP_NADM_W_PDM,32933150,I,360011,1360055,Region,..Mymensingh,0,,0,1,FPNADMWPDM,BDDHS2022360011,2022,DHS,1076.0,1522.0,,,1.0
BGD,Mymensingh,5555536,Demand for family planning satisfied by modern methods,79.5,1,BD,Bangladesh,2022,BD2022DHS,FP_NADM_W_PDM,32933150,I,360011,1360055,Region,..Mymensingh,0,,0,1,FPNADMWPDM,BDDHS2022360011,2022,DHS,1076.0,1522.0,,,1.0
BGD,Khulna,6985130,Demand for family planning satisfied by modern methods,75.3,1,BD,Bangladesh,2022,BD2022DHS,FP_NADM_W_PDM,32933150,I,360006,1360060,Region,Khulna,0,,0,1,FPNADMWPDM,BDDHS2022360006,2022,DHS,1706.0,1851.0,,,1.0
BGD,Khulna,6985131,Demand for family planning satisfied by modern methods,75.3,1,BD,Bangladesh,2022,BD2022DHS,FP_NADM_W_PDM,32933150,I,360006,1360060,Region,Khulna,0,,0,1,FPNADMWPDM,BDDHS2022360006,2022,DHS,1706.0,1851.0,,,1.0
BGD,Rajshahi/Rangpur,3736566,Demand for family planning satisfied by modern methods,79.5,1,BD,Bangladesh,2022,BD2022DHS,FP_NADM_W_PDM,32933150,I,360007,1360070,Region,Rajshahi/Rangpur,0,,0,1,FPNADMWPDM,BDDHS2022360007,2022,DHS,3619.0,3645.0,,,
BGD,Rangpur,2113007,Demand for family planning satisfied by modern methods,79.1,1,BD,Bangladesh,2022,BD2022DHS,FP_NADM_W_PDM,32933150,I,360008,1360080,Region,..Rangpur,0,,0,1,FPNADMWPDM,BDDHS2022360008,2022,DHS,1704.0,1782.0,,,1.0
BGD,Rangpur,2113008,Demand for family planning satisfied by modern methods,79.1,1,BD,Bangladesh,2022,BD2022DHS,FP_NADM_W_PDM,32933150,I,360008,1360080,Region,..Rangpur,0,,0,1,FPNADMWPDM,BDDHS2022360008,2022,DHS,1704.0,1782.0,,,1.0
BGD,Rajshahi,7366792,Demand for family planning satisfied by modern methods,79.9,1,BD,Bangladesh,2022,BD2022DHS,FP_NADM_W_PDM,32933150,I,360009,1360090,Region,..Rajshahi,0,,0,1,FPNADMWPDM,BDDHS2022360009,2022,DHS,1916.0,1863.0,,,1.0
BGD,Rajshahi,7366793,Demand for family planning satisfied by modern methods,79.9,1,BD,Bangladesh,2022,BD2022DHS,FP_NADM_W_PDM,32933150,I,360009,1360090,Region,..Rajshahi,0,,0,1,FPNADMWPDM,BDDHS2022360009,2022,DHS,1916.0,1863.0,,,1.0
BGD,Barishal,1970701,Neonatal mortality rate,23.0,0,BD,Bangladesh,2022,BD2022DHS,CM_ECMR_C_NNR,63206010,I,360001,1360010,Region,Barishal,14003,Ten years preceding the survey,0,1,CMECMRCNNR,BDDHS2022360001,2022,DHS,,,17.0,29.0,1.0
BGD,Barishal,1970702,Neonatal mortality rate,23.0,0,BD,Bangladesh,2022,BD2022DHS,CM_ECMR_C_NNR,63206010,I,360001,1360010,Region,Barishal,14003,Ten years preceding the survey,0,1,CMECMRCNNR,BDDHS2022360001,2022,DHS,,,17.0,29.0,1.0
BGD,Chattogram/Sylhet,7971777,Neonatal mortality rate,26.0,0,BD,Bangladesh,2022,BD2022DHS,CM_ECMR_C_NNR,63206010,I,360002,1360020,Region,Chattogram/Sylhet,14003,Ten years preceding the survey,0,1,CMECMRCNNR,BDDHS2022360002,2022,DHS,,,21.0,30.0,
BGD,Chattogram,7459421,Neonatal mortality rate,22.0,0,BD,Bangladesh,2022,BD2022DHS,CM_ECMR_C_NNR,63206010,I,360003,1360030,Region,..Chattogram,14003,Ten years preceding the survey,0,1,CMECMRCNNR,BDDHS2022360003,2022,DHS,,,17.0,28.0,1.0
BGD,Chattogram,7459422,Neonatal mortality rate,22.0,0,BD,Bangladesh,2022,BD2022DHS,CM_ECMR_C_NNR,63206010,I,360003,1360030,Region,..Chattogram,14003,Ten years preceding the survey,0,1,CMECMRCNNR,BDDHS2022360003,2022,DHS,,,17.0,28.0,1.0
BGD,Sylhet,7838026,Neonatal mortality rate,36.0,0,BD,Bangladesh,2022,BD2022DHS,CM_ECMR_C_NNR,63206010,I,360004,1360040,Region,..Sylhet,14003,Ten years preceding the survey,0,1,CMECMRCNNR,BDDHS2022360004,2022,DHS,,,29.0,43.0,1.0
BGD,Sylhet,7838027,Neonatal mortality rate,36.0,0,BD,Bangladesh,2022,BD2022DHS,CM_ECMR_C_NNR,63206010,I,360004,1360040,Region,..Sylhet,14003,Ten years preceding the survey,0,1,CMECMRCNNR,BDDHS2022360004,2022,DHS,,,29.0,43.0,1.0
BGD,Dhaka before 2015,7955141,Neonatal mortality rate,27.0,0,BD,Bangladesh,2022,BD2022DHS,CM_ECMR_C_NNR,63206010,I,360005,1360050,Region,Dhaka before 2015,14003,Ten years preceding the survey,0,1,CMECMRCNNR,BDDHS2022360005,2022,DHS,,,22.0,32.0,
BGD,Dhaka,1959969,Neonatal mortality rate,26.0,0,BD,Bangladesh,2022,BD2022DHS,CM_ECMR_C_NNR,63206010,I,360010,1360052,Region,..Dhaka,14003,Ten years preceding the survey,0,1,CMECMRCNNR,BDDHS2022360010,2022,DHS,,,20.0,32.0,1.0
BGD,Dhaka,1959970,Neonatal mortality rate,26.0,0,BD,Bangladesh,2022,BD2022DHS,CM_ECMR_C_NNR,63206010,I,360010,1360052,Region,..Dhaka,14003,Ten years preceding the survey,0,1,CMECMRCNNR,BDDHS2022360010,2022,DHS,,,20.0,32.0,1.0
BGD,Mymensingh,7580618,Neonatal mortality rate,31.0,0,BD,Bangladesh,2022,BD2022DHS,CM_ECMR_C_NNR,63206010,I,360011,1360055,Region,..Mymensingh,14003,Ten years preceding the survey,0,1,CMECMRCNNR,BDDHS2022360011,2022,DHS,,,23.0,38.0,1.0
BGD,Mymensingh,7580619,Neonatal mortality rate,31.0,0,BD,Bangladesh,2022,BD2022DHS,CM_ECMR_C_NNR,63206010,I,360011,1360055,Region,..Mymensingh,14003,Ten years preceding the survey,0,1,CMECMRCNNR,BDDHS2022360011,2022,DHS,,,23.0,38.0,1.0
BGD,Khulna,7860621,Neonatal mortality rate,25.0,0,BD,Bangladesh,2022,BD2022DHS,CM_ECMR_C_NNR,63206010,I,360006,1360060,Region,Khulna,14003,Ten years preceding the survey,0,1,CMECMRCNNR,BDDHS2022360006,2022,DHS,,,18.0,32.0,1.0
BGD,Khulna,7860622,Neonatal mortality rate,25.0,0,BD,Bangladesh,2022,BD2022DHS,CM_ECMR_C_NNR,63206010,I,360006,1360060,Region,Khulna,14003,Ten years preceding the survey,0,1,CMECMRCNNR,BDDHS2022360006,2022,DHS,,,18.0,32.0,1.0
BGD,Rajshahi/Rangpur,7916057,Neonatal mortality rate,26.0,0,BD,Bangladesh,2022,BD2022DHS,CM_ECMR_C_NNR,63206010,I,360007,1360070,Region,Rajshahi/Rangpur,14003,Ten years preceding the survey,0,1,CMECMRCNNR,BDDHS2022360007,2022,DHS,,,21.0,31.0,
BGD,Rangpur,7930270,Neonatal mortality rate,32.0,0,BD,Bangladesh,2022,BD2022DHS,CM_ECMR_C_NNR,63206010,I,360008,1360080,Region,..Rangpur,14003,Ten years preceding the survey,0,1,CMECMRCNNR,BDDHS2022360008,2022,DHS,,,24.0,39.0,1.0
BGD,Rangpur,7930271,Neonatal mortality rate,32.0,0,BD,Bangladesh,2022,BD2022DHS,CM_ECMR_C_NNR,63206010,I,360008,1360080,Region,..Rangpur,14003,Ten years preceding the survey,0,1,CMECMRCNNR,BDDHS2022360008,2022,DHS,,,24.0,39.0,1.0
BGD,Rajshahi,7726198,Neonatal mortality rate,20.0,0,BD,Bangladesh,2022,BD2022DHS,CM_ECMR_C_NNR,63206010,I,360009,1360090,Region,..Rajshahi,14003,Ten years preceding the survey,0,1,CMECMRCNNR,BDDHS2022360009,2022,DHS,,,15.0,25.0,1.0
BGD,Rajshahi,7726199,Neonatal mortality rate,20.0,0,BD,Bangladesh,2022,BD2022DHS,CM_ECMR_C_NNR,63206010,I,360009,1360090,Region,..Rajshahi,14003,Ten years preceding the survey,0,1,CMECMRCNNR,BDDHS2022360009,2022,DHS,,,15.0,25.0,1.0
BGD,Barishal,7490714,Under-five mortality rate,43.0,0,BD,Bangladesh,2022,BD2022DHS,CM_ECMR_C_U5M,63206050,I,360001,1360010,Region,Barishal,14003,Ten years preceding the survey,0,1,CMECMRCU5M,BDDHS2022360001,2022,DHS,,,34.0,51.0,1.0
BGD,Barishal,7490715,Under-five mortality rate,43.0,0,BD,Bangladesh,2022,BD2022DHS,CM_ECMR_C_U5M,63206050,I,360001,1360010,Region,Barishal,14003,Ten years preceding the survey,0,1,CMECMRCU5M,BDDHS2022360001,2022,DHS,,,34.0,51.0,1.0
BGD,Chattogram/Sylhet,7697068,Under-five mortality rate,42.0,0,BD,Bangladesh,2022,BD2022DHS,CM_ECMR_C_U5M,63206050,I,360002,1360020,Region,Chattogram/Sylhet,14003,Ten years preceding the survey,0,1,CMECMRCU5M,BDDHS2022360002,2022,DHS,,,36.0,48.0,
BGD,Chattogram,7909406,Under-five mortality rate,36.0,0,BD,Bangladesh,2022,BD2022DHS,CM_ECMR_C_U5M,63206050,I,360003,1360030,Region,..Chattogram,14003,Ten years preceding the survey,0,1,CMECMRCU5M,BDDHS2022360003,2022,DHS,,,28.0,43.0,1.0
BGD,Chattogram,7909407,Under-five mortality rate,36.0,0,BD,Bangladesh,2022,BD2022DHS,CM_ECMR_C_U5M,63206050,I,360003,1360030,Region,..Chattogram,14003,Ten years preceding the survey,0,1,CMECMRCU5M,BDDHS2022360003,2022,DHS,,,28.0,43.0,1.0
BGD,Sylhet,7688684,Under-five mortality rate,61.0,0,BD,Bangladesh,2022,BD2022DHS,CM_ECMR_C_U5M,63206050,I,360004,1360040,Region,..Sylhet,14003,Ten years preceding the survey,0,1,CMECMRCU5M,BDDHS2022360004,2022,DHS,,,51.0,71.0,1.0
BGD,Sylhet,7688685,Under-five mortality rate,61.0,0,BD,Bangladesh,2022,BD2022DHS,CM_ECMR_C_U5M,63206050,I,360004,1360040,Region,..Sylhet,14003,Ten years preceding the survey,0,1,CMECMRCU5M,BDDHS2022360004,2022,DHS,,,51.0,71.0,1.0
BGD,Dhaka before 2015,7483230,Under-five mortality rate,38.0,0,BD,Bangladesh,2022,BD2022DHS,CM_ECMR_C_U5M,63206050,I,360005,1360050,Region,Dhaka before 2015,14003,Ten years preceding the survey,0,1,CMECMRCU5M,BDDHS2022360005,2022,DHS,,,32.0,44.0,
BGD,Dhaka,1959992,Under-five mortality rate,36.0,0,BD,Bangladesh,2022,BD2022DHS,CM_ECMR_C_U5M,63206050,I,360010,1360052,Region,..Dhaka,14003,Ten years preceding the survey,0,1,CMECMRCU5M,BDDHS2022360010,2022,DHS,,,28.0,43.0,1.0
BGD,Dhaka,1959993,Under-five mortality rate,36.0,0,BD,Bangladesh,2022,BD2022DHS,CM_ECMR_C_U5M,63206050,I,360010,1360052,Region,..Dhaka,14003,Ten years preceding the survey,0,1,CMECMRCU5M,BDDHS2022360010,2022,DHS,,,28.0,43.0,1.0
BGD,Mymensingh,7904087,Under-five mortality rate,44.0,0,BD,Bangladesh,2022,BD2022DHS,CM_ECMR_C_U5M,63206050,I,360011,1360055,Region,..Mymensingh,14003,Ten years preceding the survey,0,1,CMECMRCU5M,BDDHS2022360011,2022,DHS,,,36.0,53.0,1.0
BGD,Mymensingh,7904088,Under-five mortality rate,44.0,0,BD,Bangladesh,2022,BD2022DHS,CM_ECMR_C_U5M,63206050,I,360011,1360055,Region,..Mymensingh,14003,Ten years preceding the survey,0,1,CMECMRCU5M,BDDHS2022360011,2022,DHS,,,36.0,53.0,1.0
BGD,Khulna,7793071,Under-five mortality rate,31.0,0,BD,Bangladesh,2022,BD2022DHS,CM_ECMR_C_U5M,63206050,I,360006,1360060,Region,Khulna,14003,Ten years preceding the survey,0,1,CMECMRCU5M,BDDHS2022360006,2022,DHS,,,24.0,39.0,1.0
BGD,Khulna,7793072,Under-five mortality rate,31.0,0,BD,Bangladesh,2022,BD2022DHS,CM_ECMR_C_U5M,63206050,I,360006,1360060,Region,Khulna,14003,Ten years preceding the survey,0,1,CMECMRCU5M,BDDHS2022360006,2022,DHS,,,24.0,39.0,1.0
BGD,Rajshahi/Rangpur,1960029,Under-five mortality rate,37.0,0,BD,Bangladesh,2022,BD2022DHS,CM_ECMR_C_U5M,63206050,I,360007,1360070,Region,Rajshahi/Rangpur,14003,Ten years preceding the survey,0,1,CMECMRCU5M,BDDHS2022360007,2022,DHS,,,31.0,42.0,
BGD,Rangpur,1977739,Under-five mortality rate,46.0,0,BD,Bangladesh,2022,BD2022DHS,CM_ECMR_C_U5M,63206050,I,360008,1360080,Region,..Rangpur,14003,Ten years preceding the survey,0,1,CMECMRCU5M,BDDHS2022360008,2022,DHS,,,37.0,55.0,1.0
BGD,Rangpur,1977740,Under-five mortality rate,46.0,0,BD,Bangladesh,2022,BD2022DHS,CM_ECMR_C_U5M,63206050,I,360008,1360080,Region,..Rangpur,14003,Ten years preceding the survey,0,1,CMECMRCU5M,BDDHS2022360008,2022,DHS,,,37.0,55.0,1.0
BGD,Rajshahi,7698237,Under-five mortality rate,27.0,0,BD,Bangladesh,2022,BD2022DHS,CM_ECMR_C_U5M,63206050,I,360009,1360090,Region,..Rajshahi,14003,Ten years preceding the survey,0,1,CMECMRCU5M,BDDHS2022360009,2022,DHS,,,21.0,34.0,1.0
BGD,Rajshahi,7698238,Under-five mortality rate,27.0,0,BD,Bangladesh,2022,BD2022DHS,CM_ECMR_C_U5M,63206050,I,360009,1360090,Region,..Rajshahi,14003,Ten years preceding the survey,0,1,CMECMRCU5M,BDDHS2022360009,2022,DHS,,,21.0,34.0,1.0
BGD,Barishal,5966235,Assistance during delivery from a skilled provider,61.6,1,BD,Bangladesh,2022,BD2022DHS,RH_DELA_C_SKP,83606110,I,360001,1360010,Region,Barishal,14000,Three years preceding the survey,0,0,RHDELACSKP,BDDHS2022360001,2022,DHS,328.0,570.0,,,1.0
BGD,Barishal,5966236,Assistance during delivery from a skilled provider,61.6,1,BD,Bangladesh,2022,BD2022DHS,RH_DELA_C_SKP,83606110,I,360001,1360010,Region,Barishal,14000,Three years preceding the survey,0,0,RHDELACSKP,BDDHS2022360001,2022,DHS,328.0,570.0,,,1.0
BGD,Barishal,2300789,Assistance during delivery from a skilled provider,60.9,1,BD,Bangladesh,2022,BD2022DHS,RH_DELA_C_SKP,83606110,I,360001,1360010,Region,Barishal,14002,Two years preceding the survey,0,1,RHDELACSKP,BDDHS2022360001,2022,DHS,219.0,383.0,,,1.0
BGD,Barishal,2300790,Assistance during delivery from a skilled provider,60.9,1,BD,Bangladesh,2022,BD2022DHS,RH_DELA_C_SKP,83606110,I,360001,1360010,Region,Barishal,14002,Two years preceding the survey,0,1,RHDELACSKP,BDDHS2022360001,2022,DHS,219.0,383.0,,,1.0
BGD,Chattogram/Sylhet,5589689,Assistance during delivery from a skilled provider,63.4,1,BD,Bangladesh,2022,BD2022DHS,RH_DELA_C_SKP,83606110,I,360002,1360020,Region,Chattogram/Sylhet,14000,Three years preceding the survey,0,0,RHDELACSKP,BDDHS2022360002,2022,DHS,1562.0,1575.0,,,
BGD,Chattogram/Sylhet,4184199,Assistance during delivery from a skilled provider,64.7,1,BD,Bangladesh,2022,BD2022DHS,RH_DELA_C_SKP,83606110,I,360002,1360020,Region,Chattogram/Sylhet,14002,Two years preceding the survey,0,1,RHDELACSKP,BDDHS2022360002,2022,DHS,1033.0,1036.0,,,
BGD,Chattogram,67446,Assistance during delivery from a skilled provider,65.2,1,BD,Bangladesh,2022,BD2022DHS,RH_DELA_C_SKP,83606110,I,360003,1360030,Region,..Chattogram,14000,Three years preceding the survey,0,0,RHDELACSKP,BDDHS2022360003,2022,DHS,1199.0,932.0,,,1.0
BGD,Chattogram,67447,Assistance during delivery from a skilled provider,65.2,1,BD,Bangladesh,2022,BD2022DHS,RH_DELA_C_SKP,83606110,I,360003,1360030,Region,..Chattogram,14000,Three years preceding the survey,0,0,RHDELACSKP,BDDHS2022360003,2022,DHS,1199.0,932.0,,,1.0
BGD,Chattogram,7435317,Assistance during delivery from a skilled provider,66.4,1,BD,Bangladesh,2022,BD2022DHS,RH_DELA_C_SKP,83606110,I,360003,1360030,Region,..Chattogram,14002,Two years preceding the survey,0,1,RHDELACSKP,BDDHS2022360003,2022,DHS,793.0,613.0,,,1.0
BGD,Chattogram,7435318,Assistance during delivery from a skilled provider,66.4,1,BD,Bangladesh,2022,BD2022DHS,RH_DELA_C_SKP,83606110,I,360003,1360030,Region,..Chattogram,14002,Two years preceding the survey,0,1,RHDELACSKP,BDDHS2022360003,2022,DHS,793.0,613.0,,,1.0
BGD,Sylhet,4713130,Assistance during delivery from a skilled provider,57.6,1,BD,Bangladesh,2022,BD2022DHS,RH_DELA_C_SKP,83606110,I,360004,1360040,Region,..Sylhet,14000,Three years preceding the survey,0,0,RHDELACSKP,BDDHS2022360004,2022,DHS,363.0,643.0,,,1.0
BGD,Sylhet,4713131,Assistance during delivery from a skilled provider,57.6,1,BD,Bangladesh,2022,BD2022DHS,RH_DELA_C_SKP,83606110,I,360004,1360040,Region,..Sylhet,14000,Three years preceding the survey,0,0,RHDELACSKP,BDDHS2022360004,2022,DHS,363.0,643.0,,,1.0
BGD,Sylhet,3312879,Assistance during delivery from a skilled provider,59.3,1,BD,Bangladesh,2022,BD2022DHS,RH_DELA_C_SKP,83606110,I,360004,1360040,Region,..Sylhet,14002,Two years preceding the survey,0,1,RHDELACSKP,BDDHS2022360004,2022,DHS,240.0,423.0,,,1.0
BGD,Sylhet,3312880,Assistance during delivery from a skilled provider,59.3,1,BD,Bangladesh,2022,BD2022DHS,RH_DELA_C_SKP,83606110,I,360004,1360040,Region,..Sylhet,14002,Two years preceding the survey,0,1,RHDELACSKP,BDDHS2022360004,2022,DHS,240.0,423.0,,,1.0
BGD,Dhaka before 2015,828932,Assistance during delivery from a skilled provider,69.4,1,BD,Bangladesh,2022,BD2022DHS,RH_DELA_C_SKP,83606110,I,360005,1360050,Region,Dhaka before 2015,14000,Three years preceding the survey,0,0,RHDELACSKP,BDDHS2022360005,2022,DHS,1806.0,1460.0,,,
BGD,Dhaka before 2015,256098,Assistance during delivery from a skilled provider,71.1,1,BD,Bangladesh,2022,BD2022DHS,RH_DELA_C_SKP,83606110,I,360005,1360050,Region,Dhaka before 2015,14002,Two years preceding the survey,0,1,RHDELACSKP,BDDHS2022360005,2022,DHS,1259.0,1020.0,,,
BGD,Dhaka,217567,Assistance during delivery from a skilled provider,75.0,1,BD,Bangladesh,2022,BD2022DHS,RH_DELA_C_SKP,83606110,I,360010,1360052,Region,..Dhaka,14000,Three years preceding the survey,0,0,RHDELACSKP,BDDHS2022360010,2022,DHS,1331.0,796.0,,,1.0
BGD,Dhaka,217568,Assistance during delivery from a skilled provider,75.0,1,BD,Bangladesh,2022,BD2022DHS,RH_DELA_C_SKP,83606110,I,360010,1360052,Region,..Dhaka,14000,Three years preceding the survey,0,0,RHDELACSKP,BDDHS2022360010,2022,DHS,1331.0,796.0,,,1.0
BGD,Dhaka,5888761,Assistance during delivery from a skilled provider,76.1,1,BD,Bangladesh,2022,BD2022DHS,RH_DELA_C_SKP,83606110,I,360010,1360052,Region,..Dhaka,14002,Two years preceding the survey,0,1,RHDELACSKP,BDDHS2022360010,2022,DHS,926.0,556.0,,,1.0
BGD,Dhaka,5888762,Assistance during delivery from a skilled provider,76.1,1,BD,Bangladesh,2022,BD2022DHS,RH_DELA_C_SKP,83606110,I,360010,1360052,Region,..Dhaka,14002,Two years preceding the survey,0,1,RHDELACSKP,BDDHS2022360010,2022,DHS,926.0,556.0,,,1.0
BGD,Mymensingh,7338307,Assistance during delivery from a skilled provider,53.5,1,BD,Bangladesh,2022,BD2022DHS,RH_DELA_C_SKP,83606110,I,360011,1360055,Region,..Mymensingh,14000,Three years preceding the survey,0,0,RHDELACSKP,BDDHS2022360011,2022,DHS,475.0,664.0,,,1.0
BGD,Mymensingh,7338308,Assistance during delivery from a skilled provider,53.5,1,BD,Bangladesh,2022,BD2022DHS,RH_DELA_C_SKP,83606110,I,360011,1360055,Region,..Mymensingh,14000,Three years preceding the survey,0,0,RHDELACSKP,BDDHS2022360011,2022,DHS,475.0,664.0,,,1.0
BGD,Mymensingh,688852,Assistance during delivery from a skilled provider,57.1,1,BD,Bangladesh,2022,BD2022DHS,RH_DELA_C_SKP,83606110,I,360011,1360055,Region,..Mymensingh,14002,Two years preceding the survey,0,1,RHDELACSKP,BDDHS2022360011,2022,DHS,333.0,464.0,,,1.0
BGD,Mymensingh,688853,Assistance during delivery from a skilled provider,57.1,1,BD,Bangladesh,2022,BD2022DHS,RH_DELA_C_SKP,83606110,I,360011,1360055,Region,..Mymensingh,14002,Two years preceding the survey,0,1,RHDELACSKP,BDDHS2022360011,2022,DHS,333.0,464.0,,,1.0
BGD,Khulna,6092472,Assistance during delivery from a skilled provider,85.3,1,BD,Bangladesh,2022,BD2022DHS,RH_DELA_C_SKP,83606110,I,360006,1360060,Region,Khulna,14000,Three years preceding the survey,0,0,RHDELACSKP,BDDHS2022360006,2022,DHS,547.0,593.0,,,1.0
BGD,Khulna,6092473,Assistance during delivery from a skilled provider,85.3,1,BD,Bangladesh,2022,BD2022DHS,RH_DELA_C_SKP,83606110,I,360006,1360060,Region,Khulna,14000,Three years preceding the survey,0,0,RHDELACSKP,BDDHS2022360006,2022,DHS,547.0,593.0,,,1.0
BGD,Khulna,7090487,Assistance during delivery from a skilled provider,86.5,1,BD,Bangladesh,2022,BD2022DHS,RH_DELA_C_SKP,83606110,I,360006,1360060,Region,Khulna,14002,Two years preceding the survey,0,1,RHDELACSKP,BDDHS2022360006,2022,DHS,380.0,410.0,,,1.0
BGD,Khulna,7090488,Assistance during delivery from a skilled provider,86.5,1,BD,Bangladesh,2022,BD2022DHS,RH_DELA_C_SKP,83606110,I,360006,1360060,Region,Khulna,14002,Two years preceding the survey,0,1,RHDELACSKP,BDDHS2022360006,2022,DHS,380.0,410.0,,,1.0
BGD,Rajshahi/Rangpur,624106,Assistance during delivery from a skilled provider,69.0,1,BD,Bangladesh,2022,BD2022DHS,RH_DELA_C_SKP,83606110,I,360007,1360070,Region,Rajshahi/Rangpur,14000,Three years preceding the survey,0,0,RHDELACSKP,BDDHS2022360007,2022,DHS,1162.0,1144.0,,,
BGD,Rajshahi/Rangpur,3622368,Assistance during delivery from a skilled provider,69.2,1,BD,Bangladesh,2022,BD2022DHS,RH_DELA_C_SKP,83606110,I,360007,1360070,Region,Rajshahi/Rangpur,14002,Two years preceding the survey,0,1,RHDELACSKP,BDDHS2022360007,2022,DHS,800.0,786.0,,,
BGD,Rangpur,4436577,Assistance during delivery from a skilled provider,66.3,1,BD,Bangladesh,2022,BD2022DHS,RH_DELA_C_SKP,83606110,I,360008,1360080,Region,..Rangpur,14000,Three years preceding the survey,0,0,RHDELACSKP,BDDHS2022360008,2022,DHS,602.0,617.0,,,1.0
BGD,Rangpur,4436578,Assistance during delivery from a skilled provider,66.3,1,BD,Bangladesh,2022,BD2022DHS,RH_DELA_C_SKP,83606110,I,360008,1360080,Region,..Rangpur,14000,Three years preceding the survey,0,0,RHDELACSKP,BDDHS2022360008,2022,DHS,602.0,617.0,,,1.0
BGD,Rangpur,4710703,Assistance during delivery from a skilled provider,66.3,1,BD,Bangladesh,2022,BD2022DHS,RH_DELA_C_SKP,83606110,I,360008,1360080,Region,..Rangpur,14002,Two years preceding the survey,0,1,RHDELACSKP,BDDHS2022360008,2022,DHS,419.0,425.0,,,1.0
BGD,Rangpur,4710704,Assistance during delivery from a skilled provider,66.3,1,BD,Bangladesh,2022,BD2022DHS,RH_DELA_C_SKP,83606110,I,360008,1360080,Region,..Rangpur,14002,Two years preceding the survey,0,1,RHDELACSKP,BDDHS2022360008,2022,DHS,419.0,425.0,,,1.0
BGD,Rajshahi,2310548,Assistance during delivery from a skilled provider,71.9,1,BD,Bangladesh,2022,BD2022DHS,RH_DELA_C_SKP,83606110,I,360009,1360090,Region,..Rajshahi,14000,Three years preceding the survey,0,0,RHDELACSKP,BDDHS2022360009,2022,DHS,560.0,527.0,,,1.0
BGD,Rajshahi,2310549,Assistance during delivery from a skilled provider,71.9,1,BD,Bangladesh,2022,BD2022DHS,RH_DELA_C_SKP,83606110,I,360009,1360090,Region,..Rajshahi,14000,Three years preceding the survey,0,0,RHDELACSKP,BDDHS2022360009,2022,DHS,560.0,527.0,,,1.0
BGD,Rajshahi,6790789,Assistance during delivery from a skilled provider,72.3,1,BD,Bangladesh,2022,BD2022DHS,RH_DELA_C_SKP,83606110,I,360009,1360090,Region,..Rajshahi,14002,Two years preceding the survey,0,1,RHDELACSKP,BDDHS2022360009,2022,DHS,381.0,361.0,,,1.0
BGD,Rajshahi,6790790,Assistance during delivery from a skilled provider,72.3,1,BD,Bangladesh,2022,BD2022DHS,RH_DELA_C_SKP,83606110,I,360009,1360090,Region,..Rajshahi,14002,Two years preceding the survey,0,1,RHDELACSKP,BDDHS2022360009,2022,DHS,381.0,361.0,,,1.0
BGD,Barishal,2372564,Children stunted,24.9,1,BD,Bangladesh,2022,BD2022DHS,CN_NUTS_C_HA2,104236020,I,360001,1360010,Region,Barishal,0,,0,1,CNNUTSCHA2,BDDHS2022360001,2022,DHS,295.0,496.0,,,1.0
BGD,Barishal,2372565,Children stunted,24.9,1,BD,Bangladesh,2022,BD2022DHS,CN_NUTS_C_HA2,104236020,I,360001,1360010,Region,Barishal,0,,0,1,CNNUTSCHA2,BDDHS2022360001,2022,DHS,295.0,496.0,,,1.0
BGD,Chattogram/Sylhet,67783,Children stunted,27.0,1,BD,Bangladesh,2022,BD2022DHS,CN_NUTS_C_HA2,104236020,I,360002,1360020,Region,Chattogram/Sylhet,0,,0,1,CNNUTSCHA2,BDDHS2022360002,2022,DHS,1247.0,1278.0,,,
BGD,Chattogram,6527994,Children stunted,24.7,1,BD,Bangladesh,2022,BD2022DHS,CN_NUTS_C_HA2,104236020,I,360003,1360030,Region,..Chattogram,0,,0,1,CNNUTSCHA2,BDDHS2022360003,2022,DHS,935.0,732.0,,,1.0
BGD,Chattogram,6527995,Children stunted,24.7,1,BD,Bangladesh,2022,BD2022DHS,CN_NUTS_C_HA2,104236020,I,360003,1360030,Region,..Chattogram,0,,0,1,CNNUTSCHA2,BDDHS2022360003,2022,DHS,935.0,732.0,,,1.0
BGD,Sylhet,4575279,Children stunted,33.9,1,BD,Bangladesh,2022,BD2022DHS,CN_NUTS_C_HA2,104236020,I,360004,1360040,Region,..Sylhet,0,,0,1,CNNUTSCHA2,BDDHS2022360004,2022,DHS,312.0,546.0,,,1.0
BGD,Sylhet,4575280,Children stunted,33.9,1,BD,Bangladesh,2022,BD2022DHS,CN_NUTS_C_HA2,104236020,I,360004,1360040,Region,..Sylhet,0,,0,1,CNNUTSCHA2,BDDHS2022360004,2022,DHS,312.0,546.0,,,1.0
BGD,Dhaka before 2015,6140373,Children stunted,23.2,1,BD,Bangladesh,2022,BD2022DHS,CN_NUTS_C_HA2,104236020,I,360005,1360050,Region,Dhaka before 2015,0,,0,1,CNNUTSCHA2,BDDHS2022360005,2022,DHS,1384.0,1132.0,,,
BGD,Dhaka,6591465,Children stunted,21.5,1,BD,Bangladesh,2022,BD2022DHS,CN_NUTS_C_HA2,104236020,I,360010,1360052,Region,..Dhaka,0,,0,1,CNNUTSCHA2,BDDHS2022360010,2022,DHS,1012.0,607.0,,,1.0
BGD,Dhaka,6591466,Children stunted,21.5,1,BD,Bangladesh,2022,BD2022DHS,CN_NUTS_C_HA2,104236020,I,360010,1360052,Region,..Dhaka,0,,0,1,CNNUTSCHA2,BDDHS2022360010,2022,DHS,1012.0,607.0,,,1.0
BGD,Mymensingh,3036751,Children stunted,27.7,1,BD,Bangladesh,2022,BD2022DHS,CN_NUTS_C_HA2,104236020,I,360011,1360055,Region,..Mymensingh,0,,0,1,CNNUTSCHA2,BDDHS2022360011,2022,DHS,373.0,525.0,,,1.0
BGD,Mymensingh,3036752,Children stunted,27.7,1,BD,Bangladesh,2022,BD2022DHS,CN_NUTS_C_HA2,104236020,I,360011,1360055,Region,..Mymensingh,0,,0,1,CNNUTSCHA2,BDDHS2022360011,2022,DHS,373.0,525.0,,,1.0
BGD,Khulna,3808157,Children stunted,19.0,1,BD,Bangladesh,2022,BD2022DHS,CN_NUTS_C_HA2,104236020,I,360006,1360060,Region,Khulna,0,,0,1,CNNUTSCHA2,BDDHS2022360006,2022,DHS,422.0,450.0,,,1.0
BGD,Khulna,3808158,Children stunted,19.0,1,BD,Bangladesh,2022,BD2022DHS,CN_NUTS_C_HA2,104236020,I,360006,1360060,Region,Khulna,0,,0,1,CNNUTSCHA2,BDDHS2022360006,2022,DHS,422.0,450.0,,,1.0
BGD,Rajshahi/Rangpur,135685,Children stunted,21.1,1,BD,Bangladesh,2022,BD2022DHS,CN_NUTS_C_HA2,104236020,I,360007,1360070,Region,Rajshahi/Rangpur,0,,0,1,CNNUTSCHA2,BDDHS2022360007,2022,DHS,904.0,904.0,,,
BGD,Rangpur,3999897,Children stunted,22.1,1,BD,Bangladesh,2022,BD2022DHS,CN_NUTS_C_HA2,104236020,I,360008,1360080,Region,..Rangpur,0,,0,1,CNNUTSCHA2,BDDHS2022360008,2022,DHS,473.0,491.0,,,1.0
BGD,Rangpur,3999898,Children stunted,22.1,1,BD,Bangladesh,2022,BD2022DHS,CN_NUTS_C_HA2,104236020,I,360008,1360080,Region,..Rangpur,0,,0,1,CNNUTSCHA2,BDDHS2022360008,2022,DHS,473.0,491.0,,,1.0
BGD,Rajshahi,6864678,Children stunted,20.0,1,BD,Bangladesh,2022,BD2022DHS,CN_NUTS_C_HA2,104236020,I,360009,1360090,Region,..Rajshahi,0,,0,1,CNNUTSCHA2,BDDHS2022360009,2022,DHS,430.0,413.0,,,1.0
BGD,Rajshahi,6864679,Children stunted,20.0,1,BD,Bangladesh,2022,BD2022DHS,CN_NUTS_C_HA2,104236020,I,360009,1360090,Region,..Rajshahi,0,,0,1,CNNUTSCHA2,BDDHS2022360009,2022,DHS,430.0,413.0,,,1.0
BGD,Barishal,5528503,Children wasted,14.1,1,BD,Bangladesh,2022,BD2022DHS,CN_NUTS_C_WH2,104236050,I,360001,1360010,Region,Barishal,0,,0,1,CNNUTSCWH2,BDDHS2022360001,2022,DHS,295.0,496.0,,,1.0
BGD,Barishal,5528504,Children wasted,14.1,1,BD,Bangladesh,2022,BD2022DHS,CN_NUTS_C_WH2,104236050,I,360001,1360010,Region,Barishal,0,,0,1,CNNUTSCWH2,BDDHS2022360001,2022,DHS,295.0,496.0,,,1.0
BGD,Chattogram/Sylhet,2600198,Children wasted,11.6,1,BD,Bangladesh,2022,BD2022DHS,CN_NUTS_C_WH2,104236050,I,360002,1360020,Region,Chattogram/Sylhet,0,,0,1,CNNUTSCWH2,BDDHS2022360002,2022,DHS,1247.0,1278.0,,,
BGD,Chattogram,4559271,Children wasted,11.4,1,BD,Bangladesh,2022,BD2022DHS,CN_NUTS_C_WH2,104236050,I,360003,1360030,Region,..Chattogram,0,,0,1,CNNUTSCWH2,BDDHS2022360003,2022,DHS,935.0,732.0,,,1.0
BGD,Chattogram,4559272,Children wasted,11.4,1,BD,Bangladesh,2022,BD2022DHS,CN_NUTS_C_WH2,104236050,I,360003,1360030,Region,..Chattogram,0,,0,1,CNNUTSCWH2,BDDHS2022360003,2022,DHS,935.0,732.0,,,1.0
BGD,Sylhet,6604147,Children wasted,12.2,1,BD,Bangladesh,2022,BD2022DHS,CN_NUTS_C_WH2,104236050,I,360004,1360040,Region,..Sylhet,0,,0,1,CNNUTSCWH2,BDDHS2022360004,2022,DHS,312.0,546.0,,,1.0
BGD,Sylhet,6604148,Children wasted,12.2,1,BD,Bangladesh,2022,BD2022DHS,CN_NUTS_C_WH2,104236050,I,360004,1360040,Region,..Sylhet,0,,0,1,CNNUTSCWH2,BDDHS2022360004,2022,DHS,312.0,546.0,,,1.0
BGD,Dhaka before 2015,6538458,Children wasted,10.0,1,BD,Bangladesh,2022,BD2022DHS,CN_NUTS_C_WH2,104236050,I,360005,1360050,Region,Dhaka before 2015,0,,0,1,CNNUTSCWH2,BDDHS2022360005,2022,DHS,1387.0,1133.0,,,
BGD,Dhaka,2377902,Children wasted,8.9,1,BD,Bangladesh,2022,BD2022DHS,CN_NUTS_C_WH2,104236050,I,360010,1360052,Region,..Dhaka,0,,0,1,CNNUTSCWH2,BDDHS2022360010,2022,DHS,1014.0,608.0,,,1.0
BGD,Dhaka,2377903,Children wasted,8.9,1,BD,Bangladesh,2022,BD2022DHS,CN_NUTS_C_WH2,104236050,I,360010,1360052,Region,..Dhaka,0,,0,1,CNNUTSCWH2,BDDHS2022360010,2022,DHS,1014.0,608.0,,,1.0
BGD,Mymensingh,6298669,Children wasted,12.8,1,BD,Bangladesh,2022,BD2022DHS,CN_NUTS_C_WH2,104236050,I,360011,1360055,Region,..Mymensingh,0,,0,1,CNNUTSCWH2,BDDHS2022360011,2022,DHS,373.0,525.0,,,1.0
BGD,Mymensingh,6298670,Children wasted,12.8,1,BD,Bangladesh,2022,BD2022DHS,CN_NUTS_C_WH2,104236050,I,360011,1360055,Region,..Mymensingh,0,,0,1,CNNUTSCWH2,BDDHS2022360011,2022,DHS,373.0,525.0,,,1.0
BGD,Khulna,5622161,Children wasted,10.3,1,BD,Bangladesh,2022,BD2022DHS,CN_NUTS_C_WH2,104236050,I,360006,1360060,Region,Khulna,0,,0,1,CNNUTSCWH2,BDDHS2022360006,2022,DHS,422.0,450.0,,,1.0
BGD,Khulna,5622162,Children wasted,10.3,1,BD,Bangladesh,2022,BD2022DHS,CN_NUTS_C_WH2,104236050,I,360006,1360060,Region,Khulna,0,,0,1,CNNUTSCWH2,BDDHS2022360006,2022,DHS,422.0,450.0,,,1.0
BGD,Rajshahi/Rangpur,3851852,Children wasted,11.0,1,BD,Bangladesh,2022,BD2022DHS,CN_NUTS_C_WH2,104236050,I,360007,1360070,Region,Rajshahi/Rangpur,0,,0,1,CNNUTSCWH2,BDDHS2022360007,2022,DHS,903.0,903.0,,,
BGD,Rangpur,6981342,Children wasted,11.1,1,BD,Bangladesh,2022,BD2022DHS,CN_NUTS_C_WH2,104236050,I,360008,1360080,Region,..Rangpur,0,,0,1,CNNUTSCWH2,BDDHS2022360008,2022,DHS,474.0,491.0,,,1.0
BGD,Rangpur,6981343,Children wasted,11.1,1,BD,Bangladesh,2022,BD2022DHS,CN_NUTS_C_WH2,104236050,I,360008,1360080,Region,..Rangpur,0,,0,1,CNNUTSCWH2,BDDHS2022360008,2022,DHS,474.0,491.0,,,1.0
BGD,Rajshahi,2384954,Children wasted,11.0,1,BD,Bangladesh,2022,BD2022DHS,CN_NUTS_C_WH2,104236050,I,360009,1360090,Region,..Rajshahi,0,,0,1,CNNUTSCWH2,BDDHS2022360009,2022,DHS,430.0,412.0,,,1.0
BGD,Rajshahi,2384955,Children wasted,11.0,1,BD,Bangladesh,2022,BD2022DHS,CN_NUTS_C_WH2,104236050,I,360009,1360090,Region,..Rajshahi,0,,0,1,CNNUTSCWH2,BDDHS2022360009,2022,DHS,430.0,412.0,,,1.0
BGD,Barishal,5528505,Children overweight,1.7,1,BD,Bangladesh,2022,BD2022DHS,CN_NUTS_C_WHP,104236060,I,360001,1360010,Region,Barishal,0,,0,1,CNNUTSCWHP,BDDHS2022360001,2022,DHS,295.0,496.0,,,1.0
BGD,Barishal,5528506,Children overweight,1.7,1,BD,Bangladesh,2022,BD2022DHS,CN_NUTS_C_WHP,104236060,I,360001,1360010,Region,Barishal,0,,0,1,CNNUTSCWHP,BDDHS2022360001,2022,DHS,295.0,496.0,,,1.0
BGD,Chattogram/Sylhet,2600199,Children overweight,1.2,1,BD,Bangladesh,2022,BD2022DHS,CN_NUTS_C_WHP,104236060,I,360002,1360020,Region,Chattogram/Sylhet,0,,0,1,CNNUTSCWHP,BDDHS2022360002,2022,DHS,1247.0,1278.0,,,
BGD,Chattogram,4559273,Children overweight,1.4,1,BD,Bangladesh,2022,BD2022DHS,CN_NUTS_C_WHP,104236060,I,360003,1360030,Region,..Chattogram,0,,0,1,CNNUTSCWHP,BDDHS2022360003,2022,DHS,935.0,732.0,,,1.0
BGD,Chattogram,4559274,Children overweight,1.4,1,BD,Bangladesh,2022,BD2022DHS,CN_NUTS_C_WHP,104236060,I,360003,1360030,Region,..Chattogram,0,,0,1,CNNUTSCWHP,BDDHS2022360003,2022,DHS,935.0,732.0,,,1.0
BGD,Sylhet,6604149,Children overweight,0.5,1,BD,Bangladesh,2022,BD2022DHS,CN_NUTS_C_WHP,104236060,I,360004,1360040,Region,..Sylhet,0,,0,1,CNNUTSCWHP,BDDHS2022360004,2022,DHS,312.0,546.0,,,1.0
BGD,Sylhet,6604150,Children overweight,0.5,1,BD,Bangladesh,2022,BD2022DHS,CN_NUTS_C_WHP,104236060,I,360004,1360040,Region,..Sylhet,0,,0,1,CNNUTSCWHP,BDDHS2022360004,2022,DHS,312.0,546.0,,,1.0
BGD,Dhaka before 2015,6538459,Children overweight,1.7,1,BD,Bangladesh,2022,BD2022DHS,CN_NUTS_C_WHP,104236060,I,360005,1360050,Region,Dhaka before 2015,0,,0,1,CNNUTSCWHP,BDDHS2022360005,2022,DHS,1387.0,1133.0,,,
BGD,Dhaka,2377906,Children overweight,2.1,1,BD,Bangladesh,2022,BD2022DHS,CN_NUTS_C_WHP,104236060,I,360010,1360052,Region,..Dhaka,0,,0,1,CNNUTSCWHP,BDDHS2022360010,2022,DHS,1014.0,608.0,,,1.0
BGD,Dhaka,2377907,Children overweight,2.1,1,BD,Bangladesh,2022,BD2022DHS,CN_NUTS_C_WHP,104236060,I,360010,1360052,Region,..Dhaka,0,,0,1,CNNUTSCWHP,BDDHS2022360010,2022,DHS,1014.0,608.0,,,1.0
BGD,Mymensingh,6298671,Children overweight,0.6,1,BD,Bangladesh,2022,BD2022DHS,CN_NUTS_C_WHP,104236060,I,360011,1360055,Region,..Mymensingh,0,,0,1,CNNUTSCWHP,BDDHS2022360011,2022,DHS,373.0,525.0,,,1.0
BGD,Mymensingh,6298672,Children overweight,0.6,1,BD,Bangladesh,2022,BD2022DHS,CN_NUTS_C_WHP,104236060,I,360011,1360055,Region,..Mymensingh,0,,0,1,CNNUTSCWHP,BDDHS2022360011,2022,DHS,373.0,525.0,,,1.0
BGD,Khulna,5622163,Children overweight,1.4,1,BD,Bangladesh,2022,BD2022DHS,CN_NUTS_C_WHP,104236060,I,360006,1360060,Region,Khulna,0,,0,1,CNNUTSCWHP,BDDHS2022360006,2022,DHS,422.0,450.0,,,1.0
BGD,Khulna,5622164,Children overweight,1.4,1,BD,Bangladesh,2022,BD2022DHS,CN_NUTS_C_WHP,104236060,I,360006,1360060,Region,Khulna,0,,0,1,CNNUTSCWHP,BDDHS2022360006,2022,DHS,422.0,450.0,,,1.0
BGD,Rajshahi/Rangpur,3851853,Children overweight,1.7,1,BD,Bangladesh,2022,BD2022DHS,CN_NUTS_C_WHP,104236060,I,360007,1360070,Region,Rajshahi/Rangpur,0,,0,1,CNNUTSCWHP,BDDHS2022360007,2022,DHS,903.0,903.0,,,
BGD,Rangpur,6981344,Children overweight,1.5,1,BD,Bangladesh,2022,BD2022DHS,CN_NUTS_C_WHP,104236060,I,360008,1360080,Region,..Rangpur,0,,0,1,CNNUTSCWHP,BDDHS2022360008,2022,DHS,474.0,491.0,,,1.0
BGD,Rangpur,6981345,Children overweight,1.5,1,BD,Bangladesh,2022,BD2022DHS,CN_NUTS_C_WHP,104236060,I,360008,1360080,Region,..Rangpur,0,,0,1,CNNUTSCWHP,BDDHS2022360008,2022,DHS,474.0,491.0,,,1.0
BGD,Rajshahi,2384956,Children overweight,1.8,1,BD,Bangladesh,2022,BD2022DHS,CN_NUTS_C_WHP,104236060,I,360009,1360090,Region,..Rajshahi,0,,0,1,CNNUTSCWHP,BDDHS2022360009,2022,DHS,430.0,412.0,,,1.0
BGD,Rajshahi,2384957,Children overweight,1.8,1,BD,Bangladesh,2022,BD2022DHS,CN_NUTS_C_WHP,104236060,I,360009,1360090,Region,..Rajshahi,0,,0,1,CNNUTSCWHP,BDDHS2022360009,2022,DHS,430.0,412.0,,,1.0
BGD,Barishal,344623,Women who used the internet in the past 12 months,14.7,1,BD,Bangladesh,2022,BD2022DHS,CO_INUS_W_U12,181273020,I,360001,1360010,Region,Barishal,0,,0,1,COINUSWU12,BDDHS2022360001,2022,DHS,1825.0,,,,1.0
BGD,Barishal,344624,Women who used the internet in the past 12 months,14.7,1,BD,Bangladesh,2022,BD2022DHS,CO_INUS_W_U12,181273020,I,360001,1360010,Region,Barishal,0,,0,1,COINUSWU12,BDDHS2022360001,2022,DHS,1825.0,,,,1.0
BGD,Chattogram/Sylhet,5134727,Women who used the internet in the past 12 months,23.2,1,BD,Bangladesh,2022,BD2022DHS,CO_INUS_W_U12,181273020,I,360002,1360020,Region,Chattogram/Sylhet,0,,0,1,COINUSWU12,BDDHS2022360002,2022,DHS,7321.0,,,,
BGD,Chattogram,3109513,Women who used the internet in the past 12 months,24.8,1,BD,Bangladesh,2022,BD2022DHS,CO_INUS_W_U12,181273020,I,360003,1360030,Region,..Chattogram,0,,0,1,COINUSWU12,BDDHS2022360003,2022,DHS,5585.0,,,,1.0
BGD,Chattogram,3109514,Women who used the internet in the past 12 months,24.8,1,BD,Bangladesh,2022,BD2022DHS,CO_INUS_W_U12,181273020,I,360003,1360030,Region,..Chattogram,0,,0,1,COINUSWU12,BDDHS2022360003,2022,DHS,5585.0,,,,1.0
BGD,Sylhet,789400,Women who used the internet in the past 12 months,18.1,1,BD,Bangladesh,2022,BD2022DHS,CO_INUS_W_U12,181273020,I,360004,1360040,Region,..Sylhet,0,,0,1,COINUSWU12,BDDHS2022360004,2022,DHS,1736.0,,,,1.0
BGD,Sylhet,789399,Women who used the internet in the past 12 months,18.1,1,BD,Bangladesh,2022,BD2022DHS,CO_INUS_W_U12,181273020,I,360004,1360040,Region,..Sylhet,0,,0,1,COINUSWU12,BDDHS2022360004,2022,DHS,1736.0,,,,1.0
BGD,Dhaka before 2015,1959888,Women who used the internet in the past 12 months,23.4,1,BD,Bangladesh,2022,BD2022DHS,CO_INUS_W_U12,181273020,I,360005,1360050,Region,Dhaka before 2015,0,,0,1,COINUSWU12,BDDHS2022360005,2022,DHS,9942.0,,,,
BGD,Dhaka,3124479,Women who used the internet in the past 12 months,27.0,1,BD,Bangladesh,2022,BD2022DHS,CO_INUS_W_U12,181273020,I,360010,1360052,Region,..Dhaka,0,,0,1,COINUSWU12,BDDHS2022360010,2022,DHS,7637.0,,,,1.0
BGD,Dhaka,3124480,Women who used the internet in the past 12 months,27.0,1,BD,Bangladesh,2022,BD2022DHS,CO_INUS_W_U12,181273020,I,360010,1360052,Region,..Dhaka,0,,0,1,COINUSWU12,BDDHS2022360010,2022,DHS,7637.0,,,,1.0
BGD,Mymensingh,687662,Women who used the internet in the past 12 months,11.3,1,BD,Bangladesh,2022,BD2022DHS,CO_INUS_W_U12,181273020,I,360011,1360055,Region,..Mymensingh,0,,0,1,COINUSWU12,BDDHS2022360011,2022,DHS,2305.0,,,,1.0
BGD,Mymensingh,687663,Women who used the internet in the past 12 months,11.3,1,BD,Bangladesh,2022,BD2022DHS,CO_INUS_W_U12,181273020,I,360011,1360055,Region,..Mymensingh,0,,0,1,COINUSWU12,BDDHS2022360011,2022,DHS,2305.0,,,,1.0
BGD,Khulna,359203,Women who used the internet in the past 12 months,19.3,1,BD,Bangladesh,2022,BD2022DHS,CO_INUS_W_U12,181273020,I,360006,1360060,Region,Khulna,0,,0,1,COINUSWU12,BDDHS2022360006,2022,DHS,3602.0,,,,1.0
BGD,Khulna,359204,Women who used the internet in the past 12 months,19.3,1,BD,Bangladesh,2022,BD2022DHS,CO_INUS_W_U12,181273020,I,360006,1360060,Region,Khulna,0,,0,1,COINUSWU12,BDDHS2022360006,2022,DHS,3602.0,,,,1.0
BGD,Rajshahi/Rangpur,1959875,Women who used the internet in the past 12 months,12.4,1,BD,Bangladesh,2022,BD2022DHS,CO_INUS_W_U12,181273020,I,360007,1360070,Region,Rajshahi/Rangpur,0,,0,1,COINUSWU12,BDDHS2022360007,2022,DHS,7387.0,,,,
BGD,Rangpur,33833,Women who used the internet in the past 12 months,8.2,1,BD,Bangladesh,2022,BD2022DHS,CO_INUS_W_U12,181273020,I,360008,1360080,Region,..Rangpur,0,,0,1,COINUSWU12,BDDHS2022360008,2022,DHS,3452.0,,,,1.0
BGD,Rangpur,33834,Women who used the internet in the past 12 months,8.2,1,BD,Bangladesh,2022,BD2022DHS,CO_INUS_W_U12,181273020,I,360008,1360080,Region,..Rangpur,0,,0,1,COINUSWU12,BDDHS2022360008,2022,DHS,3452.0,,,,1.0
BGD,Rajshahi,2703655,Women who used the internet in the past 12 months,16.0,1,BD,Bangladesh,2022,BD2022DHS,CO_INUS_W_U12,181273020,I,360009,1360090,Region,..Rajshahi,0,,0,1,COINUSWU12,BDDHS2022360009,2022,DHS,3935.0,,,,1.0
BGD,Rajshahi,2703654,Women who used the internet in the past 12 months,16.0,1,BD,Bangladesh,2022,BD2022DHS,CO_INUS_W_U12,181273020,I,360009,1360090,Region,..Rajshahi,0,,0,1,COINUSWU12,BDDHS2022360009,2022,DHS,3935.0,,,,1.0
BGD,Barishal,6275189,Women who own a mobile phone,75.9,1,BD,Bangladesh,2022,BD2022DHS,CO_MOBB_W_MOB,181283020,I,360001,1360010,Region,Barishal,0,,0,1,COMOBBWMOB,BDDHS2022360001,2022,DHS,1199.0,2117.0,,,1.0
BGD,Barishal,6275190,Women who own a mobile phone,75.9,1,BD,Bangladesh,2022,BD2022DHS,CO_MOBB_W_MOB,181283020,I,360001,1360010,Region,Barishal,0,,0,1,COMOBBWMOB,BDDHS2022360001,2022,DHS,1199.0,2117.0,,,1.0
BGD,Chattogram/Sylhet,346280,Women who own a mobile phone,74.1,1,BD,Bangladesh,2022,BD2022DHS,CO_MOBB_W_MOB,181283020,I,360002,1360020,Region,Chattogram/Sylhet,0,,0,1,COMOBBWMOB,BDDHS2022360002,2022,DHS,4918.0,5139.0,,,
BGD,Chattogram,6216433,Women who own a mobile phone,77.2,1,BD,Bangladesh,2022,BD2022DHS,CO_MOBB_W_MOB,181283020,I,360003,1360030,Region,..Chattogram,0,,0,1,COMOBBWMOB,BDDHS2022360003,2022,DHS,3749.0,2983.0,,,1.0
BGD,Chattogram,6216432,Women who own a mobile phone,77.2,1,BD,Bangladesh,2022,BD2022DHS,CO_MOBB_W_MOB,181283020,I,360003,1360030,Region,..Chattogram,0,,0,1,COMOBBWMOB,BDDHS2022360003,2022,DHS,3749.0,2983.0,,,1.0
BGD,Sylhet,8764,Women who own a mobile phone,64.2,1,BD,Bangladesh,2022,BD2022DHS,CO_MOBB_W_MOB,181283020,I,360004,1360040,Region,..Sylhet,0,,0,1,COMOBBWMOB,BDDHS2022360004,2022,DHS,1169.0,2156.0,,,1.0
BGD,Sylhet,8765,Women who own a mobile phone,64.2,1,BD,Bangladesh,2022,BD2022DHS,CO_MOBB_W_MOB,181283020,I,360004,1360040,Region,..Sylhet,0,,0,1,COMOBBWMOB,BDDHS2022360004,2022,DHS,1169.0,2156.0,,,1.0
BGD,Dhaka before 2015,5664299,Women who own a mobile phone,73.0,1,BD,Bangladesh,2022,BD2022DHS,CO_MOBB_W_MOB,181283020,I,360005,1360050,Region,Dhaka before 2015,0,,0,1,COMOBBWMOB,BDDHS2022360005,2022,DHS,6607.0,5184.0,,,
BGD,Dhaka,7001557,Women who own a mobile phone,76.0,1,BD,Bangladesh,2022,BD2022DHS,CO_MOBB_W_MOB,181283020,I,360010,1360052,Region,..Dhaka,0,,0,1,COMOBBWMOB,BDDHS2022360010,2022,DHS,5080.0,3028.0,,,1.0
BGD,Dhaka,7001556,Women who own a mobile phone,76.0,1,BD,Bangladesh,2022,BD2022DHS,CO_MOBB_W_MOB,181283020,I,360010,1360052,Region,..Dhaka,0,,0,1,COMOBBWMOB,BDDHS2022360010,2022,DHS,5080.0,3028.0,,,1.0
BGD,Mymensingh,55253,Women who own a mobile phone,63.1,1,BD,Bangladesh,2022,BD2022DHS,CO_MOBB_W_MOB,181283020,I,360011,1360055,Region,..Mymensingh,0,,0,1,COMOBBWMOB,BDDHS2022360011,2022,DHS,1527.0,2156.0,,,1.0
BGD,Mymensingh,55254,Women who own a mobile phone,63.1,1,BD,Bangladesh,2022,BD2022DHS,CO_MOBB_W_MOB,181283020,I,360011,1360055,Region,..Mymensingh,0,,0,1,COMOBBWMOB,BDDHS2022360011,2022,DHS,1527.0,2156.0,,,1.0
BGD,Khulna,3615932,Women who own a mobile phone,65.8,1,BD,Bangladesh,2022,BD2022DHS,CO_MOBB_W_MOB,181283020,I,360006,1360060,Region,Khulna,0,,0,1,COMOBBWMOB,BDDHS2022360006,2022,DHS,2389.0,2602.0,,,1.0
BGD,Khulna,3615933,Women who own a mobile phone,65.8,1,BD,Bangladesh,2022,BD2022DHS,CO_MOBB_W_MOB,181283020,I,360006,1360060,Region,Khulna,0,,0,1,COMOBBWMOB,BDDHS2022360006,2022,DHS,2389.0,2602.0,,,1.0
BGD,Rajshahi/Rangpur,6309190,Women who own a mobile phone,60.9,1,BD,Bangladesh,2022,BD2022DHS,CO_MOBB_W_MOB,181283020,I,360007,1360070,Region,Rajshahi/Rangpur,0,,0,1,COMOBBWMOB,BDDHS2022360007,2022,DHS,4916.0,4945.0,,,
BGD,Rangpur,6603696,Women who own a mobile phone,58.5,1,BD,Bangladesh,2022,BD2022DHS,CO_MOBB_W_MOB,181283020,I,360008,1360080,Region,..Rangpur,0,,0,1,COMOBBWMOB,BDDHS2022360008,2022,DHS,2291.0,2399.0,,,1.0
BGD,Rangpur,6603697,Women who own a mobile phone,58.5,1,BD,Bangladesh,2022,BD2022DHS,CO_MOBB_W_MOB,181283020,I,360008,1360080,Region,..Rangpur,0,,0,1,COMOBBWMOB,BDDHS2022360008,2022,DHS,2291.0,2399.0,,,1.0
BGD,Rajshahi,496268,Women who own a mobile phone,63.0,1,BD,Bangladesh,2022,BD2022DHS,CO_MOBB_W_MOB,181283020,I,360009,1360090,Region,..Rajshahi,0,,0,1,COMOBBWMOB,BDDHS2022360009,2022,DHS,2625.0,2546.0,,,1.0
BGD,Rajshahi,496267,Women who own a mobile phone,63.0,1,BD,Bangladesh,2022,BD2022DHS,CO_MOBB_W_MOB,181283020,I,360009,1360090,Region,..Rajshahi,0,,0,1,COMOBBWMOB,BDDHS2022360009,2022,DHS,2625.0,2546.0,,,1.0
BGD,Barishal,2417716,Women who use a mobile phone for financial transactions,36.2,1,BD,Bangladesh,2022,BD2022DHS,CO_MOBB_W_MBF,181283050,I,360001,1360010,Region,Barishal,0,,0,1,COMOBBWMBF,BDDHS2022360001,2022,DHS,910.0,1637.0,,,1.0
BGD,Barishal,2417717,Women who use a mobile phone for financial transactions,36.2,1,BD,Bangladesh,2022,BD2022DHS,CO_MOBB_W_MBF,181283050,I,360001,1360010,Region,Barishal,0,,0,1,COMOBBWMBF,BDDHS2022360001,2022,DHS,910.0,1637.0,,,1.0
BGD,Chattogram/Sylhet,6850372,Women who use a mobile phone for financial transactions,34.2,1,BD,Bangladesh,2022,BD2022DHS,CO_MOBB_W_MBF,181283050,I,360002,1360020,Region,Chattogram/Sylhet,0,,0,1,COMOBBWMBF,BDDHS2022360002,2022,DHS,3643.0,3746.0,,,
BGD,Chattogram,803106,Women who use a mobile phone for financial transactions,34.3,1,BD,Bangladesh,2022,BD2022DHS,CO_MOBB_W_MBF,181283050,I,360003,1360030,Region,..Chattogram,0,,0,1,COMOBBWMBF,BDDHS2022360003,2022,DHS,2893.0,2317.0,,,1.0
BGD,Chattogram,803107,Women who use a mobile phone for financial transactions,34.3,1,BD,Bangladesh,2022,BD2022DHS,CO_MOBB_W_MBF,181283050,I,360003,1360030,Region,..Chattogram,0,,0,1,COMOBBWMBF,BDDHS2022360003,2022,DHS,2893.0,2317.0,,,1.0
BGD,Sylhet,2760831,Women who use a mobile phone for financial transactions,33.9,1,BD,Bangladesh,2022,BD2022DHS,CO_MOBB_W_MBF,181283050,I,360004,1360040,Region,..Sylhet,0,,0,1,COMOBBWMBF,BDDHS2022360004,2022,DHS,750.0,1429.0,,,1.0
BGD,Sylhet,2760830,Women who use a mobile phone for financial transactions,33.9,1,BD,Bangladesh,2022,BD2022DHS,CO_MOBB_W_MBF,181283050,I,360004,1360040,Region,..Sylhet,0,,0,1,COMOBBWMBF,BDDHS2022360004,2022,DHS,750.0,1429.0,,,1.0
BGD,Dhaka before 2015,7178207,Women who use a mobile phone for financial transactions,37.6,1,BD,Bangladesh,2022,BD2022DHS,CO_MOBB_W_MBF,181283050,I,360005,1360050,Region,Dhaka before 2015,0,,0,1,COMOBBWMBF,BDDHS2022360005,2022,DHS,4822.0,3664.0,,,
BGD,Dhaka,6540044,Women who use a mobile phone for financial transactions,39.5,1,BD,Bangladesh,2022,BD2022DHS,CO_MOBB_W_MBF,181283050,I,360010,1360052,Region,..Dhaka,0,,0,1,COMOBBWMBF,BDDHS2022360010,2022,DHS,3859.0,2281.0,,,1.0
BGD,Dhaka,6540045,Women who use a mobile phone for financial transactions,39.5,1,BD,Bangladesh,2022,BD2022DHS,CO_MOBB_W_MBF,181283050,I,360010,1360052,Region,..Dhaka,0,,0,1,COMOBBWMBF,BDDHS2022360010,2022,DHS,3859.0,2281.0,,,1.0
BGD,Mymensingh,2425591,Women who use a mobile phone for financial transactions,30.3,1,BD,Bangladesh,2022,BD2022DHS,CO_MOBB_W_MBF,181283050,I,360011,1360055,Region,..Mymensingh,0,,0,1,COMOBBWMBF,BDDHS2022360011,2022,DHS,963.0,1383.0,,,1.0
BGD,Mymensingh,2425592,Women who use a mobile phone for financial transactions,30.3,1,BD,Bangladesh,2022,BD2022DHS,CO_MOBB_W_MBF,181283050,I,360011,1360055,Region,..Mymensingh,0,,0,1,COMOBBWMBF,BDDHS2022360011,2022,DHS,963.0,1383.0,,,1.0
BGD,Khulna,2895206,Women who use a mobile phone for financial transactions,37.2,1,BD,Bangladesh,2022,BD2022DHS,CO_MOBB_W_MBF,181283050,I,360006,1360060,Region,Khulna,0,,0,1,COMOBBWMBF,BDDHS2022360006,2022,DHS,1572.0,1757.0,,,1.0
BGD,Khulna,2895207,Women who use a mobile phone for financial transactions,37.2,1,BD,Bangladesh,2022,BD2022DHS,CO_MOBB_W_MBF,181283050,I,360006,1360060,Region,Khulna,0,,0,1,COMOBBWMBF,BDDHS2022360006,2022,DHS,1572.0,1757.0,,,1.0
BGD,Rajshahi/Rangpur,4945119,Women who use a mobile phone for financial transactions,30.8,1,BD,Bangladesh,2022,BD2022DHS,CO_MOBB_W_MBF,181283050,I,360007,1360070,Region,Rajshahi/Rangpur,0,,0,1,COMOBBWMBF,BDDHS2022360007,2022,DHS,2993.0,3102.0,,,
BGD,Rangpur,2404113,Women who use a mobile phone for financial transactions,31.2,1,BD,Bangladesh,2022,BD2022DHS,CO_MOBB_W_MBF,181283050,I,360008,1360080,Region,..Rangpur,0,,0,1,COMOBBWMBF,BDDHS2022360008,2022,DHS,1340.0,1454.0,,,1.0
BGD,Rangpur,2404114,Women who use a mobile phone for financial transactions,31.2,1,BD,Bangladesh,2022,BD2022DHS,CO_MOBB_W_MBF,181283050,I,360008,1360080,Region,..Rangpur,0,,0,1,COMOBBWMBF,BDDHS2022360008,2022,DHS,1340.0,1454.0,,,1.0
BGD,Rajshahi,4979542,Women who use a mobile phone for financial transactions,30.6,1,BD,Bangladesh,2022,BD2022DHS,CO_MOBB_W_MBF,181283050,I,360009,1360090,Region,..Rajshahi,0,,0,1,COMOBBWMBF,BDDHS2022360009,2022,DHS,1653.0,1648.0,,,1.0
BGD,Rajshahi,4979543,Women who use a mobile phone for financial transactions,30.6,1,BD,Bangladesh,2022,BD2022DHS,CO_MOBB_W_MBF,181283050,I,360009,1360090,Region,..Rajshahi,0,,0,1,COMOBBWMBF,BDDHS2022360009,2022,DHS,1653.0,1648.0,,,1.0
BGD,Barishal,6991386,Children registered,43.0,1,BD,Bangladesh,2022,BD2022DHS,CP_BREG_C_REG,220906030,I,360001,1360010,Region,Barishal,0,,0,1,CPBREGCREG,BDDHS2022360001,2022,DHS,804.0,1374.0,,,1.0
BGD,Barishal,6991387,Children registered,43.0,1,BD,Bangladesh,2022,BD2022DHS,CP_BREG_C_REG,220906030,I,360001,1360010,Region,Barishal,0,,0,1,CPBREGCREG,BDDHS2022360001,2022,DHS,804.0,1374.0,,,1.0
BGD,Chattogram/Sylhet,1970136,Children registered,45.3,1,BD,Bangladesh,2022,BD2022DHS,CP_BREG_C_REG,220906030,I,360002,1360020,Region,Chattogram/Sylhet,0,,0,1,CPBREGCREG,BDDHS2022360002,2022,DHS,3503.0,3605.0,,,
BGD,Chattogram,4477750,Children registered,46.9,1,BD,Bangladesh,2022,BD2022DHS,CP_BREG_C_REG,220906030,I,360003,1360030,Region,..Chattogram,0,,0,1,CPBREGCREG,BDDHS2022360003,2022,DHS,2628.0,2061.0,,,1.0
BGD,Chattogram,4477751,Children registered,46.9,1,BD,Bangladesh,2022,BD2022DHS,CP_BREG_C_REG,220906030,I,360003,1360030,Region,..Chattogram,0,,0,1,CPBREGCREG,BDDHS2022360003,2022,DHS,2628.0,2061.0,,,1.0
BGD,Sylhet,6520347,Children registered,40.7,1,BD,Bangladesh,2022,BD2022DHS,CP_BREG_C_REG,220906030,I,360004,1360040,Region,..Sylhet,0,,0,1,CPBREGCREG,BDDHS2022360004,2022,DHS,875.0,1544.0,,,1.0
BGD,Sylhet,6520348,Children registered,40.7,1,BD,Bangladesh,2022,BD2022DHS,CP_BREG_C_REG,220906030,I,360004,1360040,Region,..Sylhet,0,,0,1,CPBREGCREG,BDDHS2022360004,2022,DHS,875.0,1544.0,,,1.0
BGD,Dhaka before 2015,6141536,Children registered,36.4,1,BD,Bangladesh,2022,BD2022DHS,CP_BREG_C_REG,220906030,I,360005,1360050,Region,Dhaka before 2015,0,,0,1,CPBREGCREG,BDDHS2022360005,2022,DHS,4257.0,3411.0,,,
BGD,Dhaka,7409210,Children registered,33.7,1,BD,Bangladesh,2022,BD2022DHS,CP_BREG_C_REG,220906030,I,360010,1360052,Region,..Dhaka,0,,0,1,CPBREGCREG,BDDHS2022360010,2022,DHS,3195.0,1927.0,,,1.0
BGD,Dhaka,7409211,Children registered,33.7,1,BD,Bangladesh,2022,BD2022DHS,CP_BREG_C_REG,220906030,I,360010,1360052,Region,..Dhaka,0,,0,1,CPBREGCREG,BDDHS2022360010,2022,DHS,3195.0,1927.0,,,1.0
BGD,Mymensingh,3071229,Children registered,44.4,1,BD,Bangladesh,2022,BD2022DHS,CP_BREG_C_REG,220906030,I,360011,1360055,Region,..Mymensingh,0,,0,1,CPBREGCREG,BDDHS2022360011,2022,DHS,1062.0,1484.0,,,1.0
BGD,Mymensingh,3071230,Children registered,44.4,1,BD,Bangladesh,2022,BD2022DHS,CP_BREG_C_REG,220906030,I,360011,1360055,Region,..Mymensingh,0,,0,1,CPBREGCREG,BDDHS2022360011,2022,DHS,1062.0,1484.0,,,1.0
BGD,Khulna,442461,Children registered,43.5,1,BD,Bangladesh,2022,BD2022DHS,CP_BREG_C_REG,220906030,I,360006,1360060,Region,Khulna,0,,0,1,CPBREGCREG,BDDHS2022360006,2022,DHS,1293.0,1404.0,,,1.0
BGD,Khulna,442462,Children registered,43.5,1,BD,Bangladesh,2022,BD2022DHS,CP_BREG_C_REG,220906030,I,360006,1360060,Region,Khulna,0,,0,1,CPBREGCREG,BDDHS2022360006,2022,DHS,1293.0,1404.0,,,1.0
BGD,Rajshahi/Rangpur,5144584,Children registered,44.3,1,BD,Bangladesh,2022,BD2022DHS,CP_BREG_C_REG,220906030,I,360007,1360070,Region,Rajshahi/Rangpur,0,,0,1,CPBREGCREG,BDDHS2022360007,2022,DHS,2798.0,2773.0,,,
BGD,Rangpur,4912140,Children registered,38.2,1,BD,Bangladesh,2022,BD2022DHS,CP_BREG_C_REG,220906030,I,360008,1360080,Region,..Rangpur,0,,0,1,CPBREGCREG,BDDHS2022360008,2022,DHS,1446.0,1487.0,,,1.0
BGD,Rangpur,4912141,Children registered,38.2,1,BD,Bangladesh,2022,BD2022DHS,CP_BREG_C_REG,220906030,I,360008,1360080,Region,..Rangpur,0,,0,1,CPBREGCREG,BDDHS2022360008,2022,DHS,1446.0,1487.0,,,1.0
BGD,Rajshahi,1976254,Children registered,50.8,1,BD,Bangladesh,2022,BD2022DHS,CP_BREG_C_REG,220906030,I,360009,1360090,Region,..Rajshahi,0,,0,1,CPBREGCREG,BDDHS2022360009,2022,DHS,1351.0,1286.0,,,1.0
BGD,Rajshahi,1976255,Children registered,50.8,1,BD,Bangladesh,2022,BD2022DHS,CP_BREG_C_REG,220906030,I,360009,1360090,Region,..Rajshahi,0,,0,1,CPBREGCREG,BDDHS2022360009,2022,DHS,1351.0,1286.0,,,1.0
BGD,Barishal,5217406,Population using open defecation,0.1,1,BD,Bangladesh,2022,BD2022DHS,WS_TLET_P_NFC,250262210,I,360001,1360010,Region,Barishal,0,,0,1,WSTLETPNFC,BDDHS2022360001,2022,DHS,7520.0,13192.0,,,1.0
BGD,Barishal,5217405,Population using open defecation,0.1,1,BD,Bangladesh,2022,BD2022DHS,WS_TLET_P_NFC,250262210,I,360001,1360010,Region,Barishal,0,,0,1,WSTLETPNFC,BDDHS2022360001,2022,DHS,7520.0,13192.0,,,1.0
BGD,Chattogram/Sylhet,3232280,Population using open defecation,0.1,1,BD,Bangladesh,2022,BD2022DHS,WS_TLET_P_NFC,250262210,I,360002,1360020,Region,Chattogram/Sylhet,0,,0,1,WSTLETPNFC,BDDHS2022360002,2022,DHS,31868.0,34186.0,,,
BGD,Chattogram,1969739,Population using open defecation,0.2,1,BD,Bangladesh,2022,BD2022DHS,WS_TLET_P_NFC,250262210,I,360003,1360030,Region,..Chattogram,0,,0,1,WSTLETPNFC,BDDHS2022360003,2022,DHS,23357.0,18649.0,,,1.0
BGD,Chattogram,1969740,Population using open defecation,0.2,1,BD,Bangladesh,2022,BD2022DHS,WS_TLET_P_NFC,250262210,I,360003,1360030,Region,..Chattogram,0,,0,1,WSTLETPNFC,BDDHS2022360003,2022,DHS,23357.0,18649.0,,,1.0
BGD,Sylhet,4350167,Population using open defecation,0.1,1,BD,Bangladesh,2022,BD2022DHS,WS_TLET_P_NFC,250262210,I,360004,1360040,Region,..Sylhet,0,,0,1,WSTLETPNFC,BDDHS2022360004,2022,DHS,8511.0,15537.0,,,1.0
BGD,Sylhet,4350168,Population using open defecation,0.1,1,BD,Bangladesh,2022,BD2022DHS,WS_TLET_P_NFC,250262210,I,360004,1360040,Region,..Sylhet,0,,0,1,WSTLETPNFC,BDDHS2022360004,2022,DHS,8511.0,15537.0,,,1.0
BGD,Dhaka before 2015,6423446,Population using open defecation,0.2,1,BD,Bangladesh,2022,BD2022DHS,WS_TLET_P_NFC,250262210,I,360005,1360050,Region,Dhaka before 2015,0,,0,1,WSTLETPNFC,BDDHS2022360005,2022,DHS,40740.0,32568.0,,,
BGD,Dhaka,3795522,Population using open defecation,0.0,1,BD,Bangladesh,2022,BD2022DHS,WS_TLET_P_NFC,250262210,I,360010,1360052,Region,..Dhaka,0,,0,1,WSTLETPNFC,BDDHS2022360010,2022,DHS,30762.0,18535.0,,,1.0
BGD,Dhaka,3795521,Population using open defecation,0.0,1,BD,Bangladesh,2022,BD2022DHS,WS_TLET_P_NFC,250262210,I,360010,1360052,Region,..Dhaka,0,,0,1,WSTLETPNFC,BDDHS2022360010,2022,DHS,30762.0,18535.0,,,1.0
BGD,Mymensingh,4440178,Population using open defecation,0.5,1,BD,Bangladesh,2022,BD2022DHS,WS_TLET_P_NFC,250262210,I,360011,1360055,Region,..Mymensingh,0,,0,1,WSTLETPNFC,BDDHS2022360011,2022,DHS,9978.0,14033.0,,,1.0
BGD,Mymensingh,4440179,Population using open defecation,0.5,1,BD,Bangladesh,2022,BD2022DHS,WS_TLET_P_NFC,250262210,I,360011,1360055,Region,..Mymensingh,0,,0,1,WSTLETPNFC,BDDHS2022360011,2022,DHS,9978.0,14033.0,,,1.0
BGD,Khulna,4164136,Population using open defecation,0.1,1,BD,Bangladesh,2022,BD2022DHS,WS_TLET_P_NFC,250262210,I,360006,1360060,Region,Khulna,0,,0,1,WSTLETPNFC,BDDHS2022360006,2022,DHS,14028.0,15340.0,,,1.0
BGD,Khulna,4164137,Population using open defecation,0.1,1,BD,Bangladesh,2022,BD2022DHS,WS_TLET_P_NFC,250262210,I,360006,1360060,Region,Khulna,0,,0,1,WSTLETPNFC,BDDHS2022360006,2022,DHS,14028.0,15340.0,,,1.0
BGD,Rajshahi/Rangpur,3763251,Population using open defecation,1.5,1,BD,Bangladesh,2022,BD2022DHS,WS_TLET_P_NFC,250262210,I,360007,1360070,Region,Rajshahi/Rangpur,0,,0,1,WSTLETPNFC,BDDHS2022360007,2022,DHS,30110.0,30276.0,,,
BGD,Rangpur,986711,Population using open defecation,2.8,1,BD,Bangladesh,2022,BD2022DHS,WS_TLET_P_NFC,250262210,I,360008,1360080,Region,..Rangpur,0,,0,1,WSTLETPNFC,BDDHS2022360008,2022,DHS,14436.0,15118.0,,,1.0
BGD,Rangpur,986712,Population using open defecation,2.8,1,BD,Bangladesh,2022,BD2022DHS,WS_TLET_P_NFC,250262210,I,360008,1360080,Region,..Rangpur,0,,0,1,WSTLETPNFC,BDDHS2022360008,2022,DHS,14436.0,15118.0,,,1.0
BGD,Rajshahi,3402595,Population using open defecation,0.2,1,BD,Bangladesh,2022,BD2022DHS,WS_TLET_P_NFC,250262210,I,360009,1360090,Region,..Rajshahi,0,,0,1,WSTLETPNFC,BDDHS2022360009,2022,DHS,15674.0,15158.0,,,1.0
BGD,Rajshahi,3402594,Population using open defecation,0.2,1,BD,Bangladesh,2022,BD2022DHS,WS_TLET_P_NFC,250262210,I,360009,1360090,Region,..Rajshahi,0,,0,1,WSTLETPNFC,BDDHS2022360009,2022,DHS,15674.0,15158.0,,,1.0
BGD,Barishal,5217407,Population with basic sanitation service,68.9,1,BD,Bangladesh,2022,BD2022DHS,WS_TLET_P_BAS,250262300,I,360001,1360010,Region,Barishal,0,,0,1,WSTLETPBAS,BDDHS2022360001,2022,DHS,7520.0,13192.0,,,1.0
BGD,Barishal,5217408,Population with basic sanitation service,68.9,1,BD,Bangladesh,2022,BD2022DHS,WS_TLET_P_BAS,250262300,I,360001,1360010,Region,Barishal,0,,0,1,WSTLETPBAS,BDDHS2022360001,2022,DHS,7520.0,13192.0,,,1.0
BGD,Chattogram/Sylhet,3232281,Population with basic sanitation service,64.9,1,BD,Bangladesh,2022,BD2022DHS,WS_TLET_P_BAS,250262300,I,360002,1360020,Region,Chattogram/Sylhet,0,,0,1,WSTLETPBAS,BDDHS2022360002,2022,DHS,31868.0,34186.0,,,
BGD,Chattogram,1969805,Population with basic sanitation service,66.5,1,BD,Bangladesh,2022,BD2022DHS,WS_TLET_P_BAS,250262300,I,360003,1360030,Region,..Chattogram,0,,0,1,WSTLETPBAS,BDDHS2022360003,2022,DHS,23357.0,18649.0,,,1.0
BGD,Chattogram,1969806,Population with basic sanitation service,66.5,1,BD,Bangladesh,2022,BD2022DHS,WS_TLET_P_BAS,250262300,I,360003,1360030,Region,..Chattogram,0,,0,1,WSTLETPBAS,BDDHS2022360003,2022,DHS,23357.0,18649.0,,,1.0
BGD,Sylhet,4350169,Population with basic sanitation service,60.4,1,BD,Bangladesh,2022,BD2022DHS,WS_TLET_P_BAS,250262300,I,360004,1360040,Region,..Sylhet,0,,0,1,WSTLETPBAS,BDDHS2022360004,2022,DHS,8511.0,15537.0,,,1.0
BGD,Sylhet,4350170,Population with basic sanitation service,60.4,1,BD,Bangladesh,2022,BD2022DHS,WS_TLET_P_BAS,250262300,I,360004,1360040,Region,..Sylhet,0,,0,1,WSTLETPBAS,BDDHS2022360004,2022,DHS,8511.0,15537.0,,,1.0
BGD,Dhaka before 2015,6423453,Population with basic sanitation service,57.9,1,BD,Bangladesh,2022,BD2022DHS,WS_TLET_P_BAS,250262300,I,360005,1360050,Region,Dhaka before 2015,0,,0,1,WSTLETPBAS,BDDHS2022360005,2022,DHS,40740.0,32568.0,,,
BGD,Dhaka,3795523,Population with basic sanitation service,59.4,1,BD,Bangladesh,2022,BD2022DHS,WS_TLET_P_BAS,250262300,I,360010,1360052,Region,..Dhaka,0,,0,1,WSTLETPBAS,BDDHS2022360010,2022,DHS,30762.0,18535.0,,,1.0
BGD,Dhaka,3795524,Population with basic sanitation service,59.4,1,BD,Bangladesh,2022,BD2022DHS,WS_TLET_P_BAS,250262300,I,360010,1360052,Region,..Dhaka,0,,0,1,WSTLETPBAS,BDDHS2022360010,2022,DHS,30762.0,18535.0,,,1.0
BGD,Mymensingh,4440180,Population with basic sanitation service,53.1,1,BD,Bangladesh,2022,BD2022DHS,WS_TLET_P_BAS,250262300,I,360011,1360055,Region,..Mymensingh,0,,0,1,WSTLETPBAS,BDDHS2022360011,2022,DHS,9978.0,14033.0,,,1.0
BGD,Mymensingh,4440181,Population with basic sanitation service,53.1,1,BD,Bangladesh,2022,BD2022DHS,WS_TLET_P_BAS,250262300,I,360011,1360055,Region,..Mymensingh,0,,0,1,WSTLETPBAS,BDDHS2022360011,2022,DHS,9978.0,14033.0,,,1.0
BGD,Khulna,4164138,Population with basic sanitation service,65.2,1,BD,Bangladesh,2022,BD2022DHS,WS_TLET_P_BAS,250262300,I,360006,1360060,Region,Khulna,0,,0,1,WSTLETPBAS,BDDHS2022360006,2022,DHS,14028.0,15340.0,,,1.0
BGD,Khulna,4164139,Population with basic sanitation service,65.2,1,BD,Bangladesh,2022,BD2022DHS,WS_TLET_P_BAS,250262300,I,360006,1360060,Region,Khulna,0,,0,1,WSTLETPBAS,BDDHS2022360006,2022,DHS,14028.0,15340.0,,,1.0
BGD,Rajshahi/Rangpur,3763252,Population with basic sanitation service,59.9,1,BD,Bangladesh,2022,BD2022DHS,WS_TLET_P_BAS,250262300,I,360007,1360070,Region,Rajshahi/Rangpur,0,,0,1,WSTLETPBAS,BDDHS2022360007,2022,DHS,30110.0,30276.0,,,
BGD,Rangpur,986713,Population with basic sanitation service,55.7,1,BD,Bangladesh,2022,BD2022DHS,WS_TLET_P_BAS,250262300,I,360008,1360080,Region,..Rangpur,0,,0,1,WSTLETPBAS,BDDHS2022360008,2022,DHS,14436.0,15118.0,,,1.0
BGD,Rangpur,986714,Population with basic sanitation service,55.7,1,BD,Bangladesh,2022,BD2022DHS,WS_TLET_P_BAS,250262300,I,360008,1360080,Region,..Rangpur,0,,0,1,WSTLETPBAS,BDDHS2022360008,2022,DHS,14436.0,15118.0,,,1.0
BGD,Rajshahi,3402597,Population with basic sanitation service,63.6,1,BD,Bangladesh,2022,BD2022DHS,WS_TLET_P_BAS,250262300,I,360009,1360090,Region,..Rajshahi,0,,0,1,WSTLETPBAS,BDDHS2022360009,2022,DHS,15674.0,15158.0,,,1.0
BGD,Rajshahi,3402596,Population with basic sanitation service,63.6,1,BD,Bangladesh,2022,BD2022DHS,WS_TLET_P_BAS,250262300,I,360009,1360090,Region,..Rajshahi,0,,0,1,WSTLETPBAS,BDDHS2022360009,2022,DHS,15674.0,15158.0,,,1.0
BGD,Barishal,1969823,"Population with a basic handwashing facility, with soap and water available",37.3,1,BD,Bangladesh,2022,BD2022DHS,WS_HNDW_P_BAS,250302150,I,360001,1360010,Region,Barishal,0,,0,1,WSHNDWPBAS,BDDHS2022360001,2022,DHS,7516.0,13184.0,,,1.0
BGD,Barishal,1969824,"Population with a basic handwashing facility, with soap and water available",37.3,1,BD,Bangladesh,2022,BD2022DHS,WS_HNDW_P_BAS,250302150,I,360001,1360010,Region,Barishal,0,,0,1,WSHNDWPBAS,BDDHS2022360001,2022,DHS,7516.0,13184.0,,,1.0
BGD,Chattogram/Sylhet,6271211,"Population with a basic handwashing facility, with soap and water available",54.1,1,BD,Bangladesh,2022,BD2022DHS,WS_HNDW_P_BAS,250302150,I,360002,1360020,Region,Chattogram/Sylhet,0,,0,1,WSHNDWPBAS,BDDHS2022360002,2022,DHS,31829.0,34125.0,,,
BGD,Chattogram,1969858,"Population with a basic handwashing facility, with soap and water available",56.7,1,BD,Bangladesh,2022,BD2022DHS,WS_HNDW_P_BAS,250302150,I,360003,1360030,Region,..Chattogram,0,,0,1,WSHNDWPBAS,BDDHS2022360003,2022,DHS,23332.0,18615.0,,,1.0
BGD,Chattogram,1969859,"Population with a basic handwashing facility, with soap and water available",56.7,1,BD,Bangladesh,2022,BD2022DHS,WS_HNDW_P_BAS,250302150,I,360003,1360030,Region,..Chattogram,0,,0,1,WSHNDWPBAS,BDDHS2022360003,2022,DHS,23332.0,18615.0,,,1.0
BGD,Sylhet,142990,"Population with a basic handwashing facility, with soap and water available",47.2,1,BD,Bangladesh,2022,BD2022DHS,WS_HNDW_P_BAS,250302150,I,360004,1360040,Region,..Sylhet,0,,0,1,WSHNDWPBAS,BDDHS2022360004,2022,DHS,8498.0,15510.0,,,1.0
BGD,Sylhet,142991,"Population with a basic handwashing facility, with soap and water available",47.2,1,BD,Bangladesh,2022,BD2022DHS,WS_HNDW_P_BAS,250302150,I,360004,1360040,Region,..Sylhet,0,,0,1,WSHNDWPBAS,BDDHS2022360004,2022,DHS,8498.0,15510.0,,,1.0
BGD,Dhaka before 2015,800580,"Population with a basic handwashing facility, with soap and water available",57.8,1,BD,Bangladesh,2022,BD2022DHS,WS_HNDW_P_BAS,250302150,I,360005,1360050,Region,Dhaka before 2015,0,,0,1,WSHNDWPBAS,BDDHS2022360005,2022,DHS,40664.0,32506.0,,,
BGD,Dhaka,5144471,"Population with a basic handwashing facility, with soap and water available",61.5,1,BD,Bangladesh,2022,BD2022DHS,WS_HNDW_P_BAS,250302150,I,360010,1360052,Region,..Dhaka,0,,0,1,WSHNDWPBAS,BDDHS2022360010,2022,DHS,30707.0,18498.0,,,1.0
BGD,Dhaka,5144472,"Population with a basic handwashing facility, with soap and water available",61.5,1,BD,Bangladesh,2022,BD2022DHS,WS_HNDW_P_BAS,250302150,I,360010,1360052,Region,..Dhaka,0,,0,1,WSHNDWPBAS,BDDHS2022360010,2022,DHS,30707.0,18498.0,,,1.0
BGD,Mymensingh,3000119,"Population with a basic handwashing facility, with soap and water available",46.2,1,BD,Bangladesh,2022,BD2022DHS,WS_HNDW_P_BAS,250302150,I,360011,1360055,Region,..Mymensingh,0,,0,1,WSHNDWPBAS,BDDHS2022360011,2022,DHS,9957.0,14008.0,,,1.0
BGD,Mymensingh,3000120,"Population with a basic handwashing facility, with soap and water available",46.2,1,BD,Bangladesh,2022,BD2022DHS,WS_HNDW_P_BAS,250302150,I,360011,1360055,Region,..Mymensingh,0,,0,1,WSHNDWPBAS,BDDHS2022360011,2022,DHS,9957.0,14008.0,,,1.0
BGD,Khulna,112031,"Population with a basic handwashing facility, with soap and water available",57.5,1,BD,Bangladesh,2022,BD2022DHS,WS_HNDW_P_BAS,250302150,I,360006,1360060,Region,Khulna,0,,0,1,WSHNDWPBAS,BDDHS2022360006,2022,DHS,14017.0,15320.0,,,1.0
BGD,Khulna,112032,"Population with a basic handwashing facility, with soap and water available",57.5,1,BD,Bangladesh,2022,BD2022DHS,WS_HNDW_P_BAS,250302150,I,360006,1360060,Region,Khulna,0,,0,1,WSHNDWPBAS,BDDHS2022360006,2022,DHS,14017.0,15320.0,,,1.0
BGD,Rajshahi/Rangpur,5859734,"Population with a basic handwashing facility, with soap and water available",61.9,1,BD,Bangladesh,2022,BD2022DHS,WS_HNDW_P_BAS,250302150,I,360007,1360070,Region,Rajshahi/Rangpur,0,,0,1,WSHNDWPBAS,BDDHS2022360007,2022,DHS,30084.0,30251.0,,,
BGD,Rangpur,4245054,"Population with a basic handwashing facility, with soap and water available",61.4,1,BD,Bangladesh,2022,BD2022DHS,WS_HNDW_P_BAS,250302150,I,360008,1360080,Region,..Rangpur,0,,0,1,WSHNDWPBAS,BDDHS2022360008,2022,DHS,14417.0,15098.0,,,1.0
BGD,Rangpur,4245055,"Population with a basic handwashing facility, with soap and water available",61.4,1,BD,Bangladesh,2022,BD2022DHS,WS_HNDW_P_BAS,250302150,I,360008,1360080,Region,..Rangpur,0,,0,1,WSHNDWPBAS,BDDHS2022360008,2022,DHS,14417.0,15098.0,,,1.0
BGD,Rajshahi,5055237,"Population with a basic handwashing facility, with soap and water available",62.4,1,BD,Bangladesh,2022,BD2022DHS,WS_HNDW_P_BAS,250302150,I,360009,1360090,Region,..Rajshahi,0,,0,1,WSHNDWPBAS,BDDHS2022360009,2022,DHS,15667.0,15153.0,,,1.0
BGD,Rajshahi,5055238,"Population with a basic handwashing facility, with soap and water available",62.4,1,BD,Bangladesh,2022,BD2022DHS,WS_HNDW_P_BAS,250302150,I,360009,1360090,Region,..Rajshahi,0,,0,1,WSHNDWPBAS,BDDHS2022360009,2022,DHS,15667.0,15153.0,,,1.0
BGD,Barishal,692437,Population with electricity,99.6,1,BD,Bangladesh,2022,BD2022DHS,HC_ELEC_P_ELC,260322010,I,360001,1360010,Region,Barishal,0,,0,1,HCELECPELC,BDDHS2022360001,2022,DHS,7520.0,13192.0,,,1.0
BGD,Barishal,692436,Population with electricity,99.6,1,BD,Bangladesh,2022,BD2022DHS,HC_ELEC_P_ELC,260322010,I,360001,1360010,Region,Barishal,0,,0,1,HCELECPELC,BDDHS2022360001,2022,DHS,7520.0,13192.0,,,1.0
BGD,Chattogram/Sylhet,2800519,Population with electricity,98.9,1,BD,Bangladesh,2022,BD2022DHS,HC_ELEC_P_ELC,260322010,I,360002,1360020,Region,Chattogram/Sylhet,0,,0,1,HCELECPELC,BDDHS2022360002,2022,DHS,31868.0,34186.0,,,
BGD,Chattogram,6046821,Population with electricity,98.8,1,BD,Bangladesh,2022,BD2022DHS,HC_ELEC_P_ELC,260322010,I,360003,1360030,Region,..Chattogram,0,,0,1,HCELECPELC,BDDHS2022360003,2022,DHS,23357.0,18649.0,,,1.0
BGD,Chattogram,6046822,Population with electricity,98.8,1,BD,Bangladesh,2022,BD2022DHS,HC_ELEC_P_ELC,260322010,I,360003,1360030,Region,..Chattogram,0,,0,1,HCELECPELC,BDDHS2022360003,2022,DHS,23357.0,18649.0,,,1.0
BGD,Sylhet,2708009,Population with electricity,99.0,1,BD,Bangladesh,2022,BD2022DHS,HC_ELEC_P_ELC,260322010,I,360004,1360040,Region,..Sylhet,0,,0,1,HCELECPELC,BDDHS2022360004,2022,DHS,8511.0,15537.0,,,1.0
BGD,Sylhet,2708008,Population with electricity,99.0,1,BD,Bangladesh,2022,BD2022DHS,HC_ELEC_P_ELC,260322010,I,360004,1360040,Region,..Sylhet,0,,0,1,HCELECPELC,BDDHS2022360004,2022,DHS,8511.0,15537.0,,,1.0
BGD,Dhaka before 2015,6920754,Population with electricity,99.7,1,BD,Bangladesh,2022,BD2022DHS,HC_ELEC_P_ELC,260322010,I,360005,1360050,Region,Dhaka before 2015,0,,0,1,HCELECPELC,BDDHS2022360005,2022,DHS,40740.0,32568.0,,,
BGD,Dhaka,5599837,Population with electricity,99.8,1,BD,Bangladesh,2022,BD2022DHS,HC_ELEC_P_ELC,260322010,I,360010,1360052,Region,..Dhaka,0,,0,1,HCELECPELC,BDDHS2022360010,2022,DHS,30762.0,18535.0,,,1.0
BGD,Dhaka,5599838,Population with electricity,99.8,1,BD,Bangladesh,2022,BD2022DHS,HC_ELEC_P_ELC,260322010,I,360010,1360052,Region,..Dhaka,0,,0,1,HCELECPELC,BDDHS2022360010,2022,DHS,30762.0,18535.0,,,1.0
BGD,Mymensingh,1976070,Population with electricity,99.4,1,BD,Bangladesh,2022,BD2022DHS,HC_ELEC_P_ELC,260322010,I,360011,1360055,Region,..Mymensingh,0,,0,1,HCELECPELC,BDDHS2022360011,2022,DHS,9978.0,14033.0,,,1.0
BGD,Mymensingh,1976071,Population with electricity,99.4,1,BD,Bangladesh,2022,BD2022DHS,HC_ELEC_P_ELC,260322010,I,360011,1360055,Region,..Mymensingh,0,,0,1,HCELECPELC,BDDHS2022360011,2022,DHS,9978.0,14033.0,,,1.0
BGD,Khulna,3859175,Population with electricity,99.6,1,BD,Bangladesh,2022,BD2022DHS,HC_ELEC_P_ELC,260322010,I,360006,1360060,Region,Khulna,0,,0,1,HCELECPELC,BDDHS2022360006,2022,DHS,14028.0,15340.0,,,1.0
BGD,Khulna,3859176,Population with electricity,99.6,1,BD,Bangladesh,2022,BD2022DHS,HC_ELEC_P_ELC,260322010,I,360006,1360060,Region,Khulna,0,,0,1,HCELECPELC,BDDHS2022360006,2022,DHS,14028.0,15340.0,,,1.0
BGD,Rajshahi/Rangpur,4855331,Population with electricity,99.4,1,BD,Bangladesh,2022,BD2022DHS,HC_ELEC_P_ELC,260322010,I,360007,1360070,Region,Rajshahi/Rangpur,0,,0,1,HCELECPELC,BDDHS2022360007,2022,DHS,30110.0,30276.0,,,
BGD,Rangpur,7336980,Population with electricity,99.1,1,BD,Bangladesh,2022,BD2022DHS,HC_ELEC_P_ELC,260322010,I,360008,1360080,Region,..Rangpur,0,,0,1,HCELECPELC,BDDHS2022360008,2022,DHS,14436.0,15118.0,,,1.0
BGD,Rangpur,7336979,Population with electricity,99.1,1,BD,Bangladesh,2022,BD2022DHS,HC_ELEC_P_ELC,260322010,I,360008,1360080,Region,..Rangpur,0,,0,1,HCELECPELC,BDDHS2022360008,2022,DHS,14436.0,15118.0,,,1.0
BGD,Rajshahi,1976052,Population with electricity,99.7,1,BD,Bangladesh,2022,BD2022DHS,HC_ELEC_P_ELC,260322010,I,360009,1360090,Region,..Rajshahi,0,,0,1,HCELECPELC,BDDHS2022360009,2022,DHS,15674.0,15158.0,,,1.0
BGD,Rajshahi,1976053,Population with electricity,99.7,1,BD,Bangladesh,2022,BD2022DHS,HC_ELEC_P_ELC,260322010,I,360009,1360090,Region,..Rajshahi,0,,0,1,HCELECPELC,BDDHS2022360009,2022,DHS,15674.0,15158.0,,,1.0
