ISO3,Location,DataId,Indicator,Value,Precision,DHS_CountryCode,CountryName,SurveyYear,SurveyId,IndicatorId,IndicatorOrder,IndicatorType,CharacteristicId,CharacteristicOrder,CharacteristicCategory,CharacteristicLabel,ByVariableId,ByVariableLabel,IsTotal,IsPreferred,SDRID,RegionId,SurveyYearLabel,SurveyType,DenominatorWeighted,DenominatorUnweighted,CILow,CIHigh,LevelRank
BGD,Barishal,7234047,Married women currently using any method of contraception,48.0,1,BD,Bangladesh,1994,BD1994DHS,FP_CUSM_W_ANY,32633010,I,360001,1360010,Region,Barishal,0,,0,1,FPCUSMWANY,BDDHS1994360001,1993-94,DHS,561,931,,,1.0
BGD,Chattogram/Sylhet,803033,Married women currently using any method of contraception,29.5,1,BD,Bangladesh,1994,BD1994DHS,FP_CUSM_W_ANY,32633010,I,360002,1360020,Region,Chattogram/Sylhet,0,,0,1,FPCUSMWANY,BDDHS1994360002,1993-94,DHS,2313,1833,,,1.0
BGD,Chattogram,1558529,Married women currently using any method of contraception,29.5,1,BD,Bangladesh,1994,BD1994DHS,FP_CUSM_W_ANY,32633010,I,360003,1360030,Region,..Chattogram,0,,0,1,FPCUSMWANY,BDDHS1994360003,1993-94,DHS,2313,1833,,,
BGD,Dhaka before 2015,3644518,Married women currently using any method of contraception,44.7,1,BD,Bangladesh,1994,BD1994DHS,FP_CUSM_W_ANY,32633010,I,360005,1360050,Region,Dhaka before 2015,0,,0,1,FPCUSMWANY,BDDHS1994360005,1993-94,DHS,2701,2531,,,1.0
BGD,Khulna,6759241,Married women currently using any method of contraception,55.7,1,BD,Bangladesh,1994,BD1994DHS,FP_CUSM_W_ANY,32633010,I,360006,1360060,Region,Khulna,0,,0,1,FPCUSMWANY,BDDHS1994360006,1993-94,DHS,1132,1167,,,1.0
BGD,Rajshahi/Rangpur,2785935,Married women currently using any method of contraception,55.4,1,BD,Bangladesh,1994,BD1994DHS,FP_CUSM_W_ANY,32633010,I,360007,1360070,Region,Rajshahi/Rangpur,0,,0,1,FPCUSMWANY,BDDHS1994360007,1993-94,DHS,2133,2384,,,1.0
BGD,Barishal,7234048,Married women currently using any modern method of contraception,38.1,1,BD,Bangladesh,1994,BD1994DHS,FP_CUSM_W_MOD,32633020,I,360001,1360010,Region,Barishal,0,,0,1,FPCUSMWMOD,BDDHS1994360001,1993-94,DHS,561,931,,,1.0
BGD,Chattogram/Sylhet,803034,Married women currently using any modern method of contraception,23.6,1,BD,Bangladesh,1994,BD1994DHS,FP_CUSM_W_MOD,32633020,I,360002,1360020,Region,Chattogram/Sylhet,0,,0,1,FPCUSMWMOD,BDDHS1994360002,1993-94,DHS,2313,1833,,,1.0
BGD,Chattogram,1558530,Married women currently using any modern method of contraception,23.6,1,BD,Bangladesh,1994,BD1994DHS,FP_CUSM_W_MOD,32633020,I,360003,1360030,Region,..Chattogram,0,,0,1,FPCUSMWMOD,BDDHS1994360003,1993-94,DHS,2313,1833,,,
BGD,Dhaka before 2015,3644519,Married women currently using any modern method of contraception,36.9,1,BD,Bangladesh,1994,BD1994DHS,FP_CUSM_W_MOD,32633020,I,360005,1360050,Region,Dhaka before 2015,0,,0,1,FPCUSMWMOD,BDDHS1994360005,1993-94,DHS,2701,2531,,,1.0
BGD,Khulna,6759242,Married women currently using any modern method of contraception,43.2,1,BD,Bangladesh,1994,BD1994DHS,FP_CUSM_W_MOD,32633020,I,360006,1360060,Region,Khulna,0,,0,1,FPCUSMWMOD,BDDHS1994360006,1993-94,DHS,1132,1167,,,1.0
BGD,Rajshahi/Rangpur,2785936,Married women currently using any modern method of contraception,46.5,1,BD,Bangladesh,1994,BD1994DHS,FP_CUSM_W_MOD,32633020,I,360007,1360070,Region,Rajshahi/Rangpur,0,,0,1,FPCUSMWMOD,BDDHS1994360007,1993-94,DHS,2133,2384,,,1.0
BGD,Barishal,820902,Unmet need for family planning,21.3,1,BD,Bangladesh,1994,BD1994DHS,FP_NADM_W_UNT,32933030,I,360001,1360010,Region,Barishal,0,,0,1,FPNADMWUNT,BDDHS1994360001,1993-94,DHS,561,931,,,1.0
BGD,Chattogram/Sylhet,978926,Unmet need for family planning,30.0,1,BD,Bangladesh,1994,BD1994DHS,FP_NADM_W_UNT,32933030,I,360002,1360020,Region,Chattogram/Sylhet,0,,0,1,FPNADMWUNT,BDDHS1994360002,1993-94,DHS,2313,1833,,,1.0
BGD,Chattogram,6381146,Unmet need for family planning,30.0,1,BD,Bangladesh,1994,BD1994DHS,FP_NADM_W_UNT,32933030,I,360003,1360030,Region,..Chattogram,0,,0,1,FPNADMWUNT,BDDHS1994360003,1993-94,DHS,2313,1833,,,
BGD,Dhaka before 2015,2737447,Unmet need for family planning,20.6,1,BD,Bangladesh,1994,BD1994DHS,FP_NADM_W_UNT,32933030,I,360005,1360050,Region,Dhaka before 2015,0,,0,1,FPNADMWUNT,BDDHS1994360005,1993-94,DHS,2701,2531,,,1.0
BGD,Khulna,111907,Unmet need for family planning,15.8,1,BD,Bangladesh,1994,BD1994DHS,FP_NADM_W_UNT,32933030,I,360006,1360060,Region,Khulna,0,,0,1,FPNADMWUNT,BDDHS1994360006,1993-94,DHS,1132,1167,,,1.0
BGD,Rajshahi/Rangpur,3148755,Unmet need for family planning,16.9,1,BD,Bangladesh,1994,BD1994DHS,FP_NADM_W_UNT,32933030,I,360007,1360070,Region,Rajshahi/Rangpur,0,,0,1,FPNADMWUNT,BDDHS1994360007,1993-94,DHS,2133,2384,,,1.0
BGD,Barishal,820942,"Met need for family planning (currently using), total",48.0,1,BD,Bangladesh,1994,BD1994DHS,FP_NADM_W_MNT,32933060,I,360001,1360010,Region,Barishal,0,,0,1,FPNADMWMNT,BDDHS1994360001,1993-94,DHS,561,931,,,1.0
BGD,Chattogram/Sylhet,978923,"Met need for family planning (currently using), total",29.5,1,BD,Bangladesh,1994,BD1994DHS,FP_NADM_W_MNT,32933060,I,360002,1360020,Region,Chattogram/Sylhet,0,,0,1,FPNADMWMNT,BDDHS1994360002,1993-94,DHS,2313,1833,,,1.0
BGD,Chattogram,6381125,"Met need for family planning (currently using), total",29.5,1,BD,Bangladesh,1994,BD1994DHS,FP_NADM_W_MNT,32933060,I,360003,1360030,Region,..Chattogram,0,,0,1,FPNADMWMNT,BDDHS1994360003,1993-94,DHS,2313,1833,,,
BGD,Dhaka before 2015,2737429,"Met need for family planning (currently using), total",44.7,1,BD,Bangladesh,1994,BD1994DHS,FP_NADM_W_MNT,32933060,I,360005,1360050,Region,Dhaka before 2015,0,,0,1,FPNADMWMNT,BDDHS1994360005,1993-94,DHS,2701,2531,,,1.0
BGD,Khulna,111901,"Met need for family planning (currently using), total",55.7,1,BD,Bangladesh,1994,BD1994DHS,FP_NADM_W_MNT,32933060,I,360006,1360060,Region,Khulna,0,,0,1,FPNADMWMNT,BDDHS1994360006,1993-94,DHS,1132,1167,,,1.0
BGD,Rajshahi/Rangpur,3148740,"Met need for family planning (currently using), total",55.4,1,BD,Bangladesh,1994,BD1994DHS,FP_NADM_W_MNT,32933060,I,360007,1360070,Region,Rajshahi/Rangpur,0,,0,1,FPNADMWMNT,BDDHS1994360007,1993-94,DHS,2133,2384,,,1.0
BGD,Barishal,820941,Total demand for family planning,69.3,1,BD,Bangladesh,1994,BD1994DHS,FP_NADM_W_TDT,32933090,I,360001,1360010,Region,Barishal,0,,0,1,FPNADMWTDT,BDDHS1994360001,1993-94,DHS,561,931,,,1.0
BGD,Chattogram/Sylhet,978928,Total demand for family planning,59.5,1,BD,Bangladesh,1994,BD1994DHS,FP_NADM_W_TDT,32933090,I,360002,1360020,Region,Chattogram/Sylhet,0,,0,1,FPNADMWTDT,BDDHS1994360002,1993-94,DHS,2313,1833,,,1.0
BGD,Chattogram,6381124,Total demand for family planning,59.5,1,BD,Bangladesh,1994,BD1994DHS,FP_NADM_W_TDT,32933090,I,360003,1360030,Region,..Chattogram,0,,0,1,FPNADMWTDT,BDDHS1994360003,1993-94,DHS,2313,1833,,,
BGD,Dhaka before 2015,2737426,Total demand for family planning,65.3,1,BD,Bangladesh,1994,BD1994DHS,FP_NADM_W_TDT,32933090,I,360005,1360050,Region,Dhaka before 2015,0,,0,1,FPNADMWTDT,BDDHS1994360005,1993-94,DHS,2701,2531,,,1.0
BGD,Khulna,111900,Total demand for family planning,71.5,1,BD,Bangladesh,1994,BD1994DHS,FP_NADM_W_TDT,32933090,I,360006,1360060,Region,Khulna,0,,0,1,FPNADMWTDT,BDDHS1994360006,1993-94,DHS,1132,1167,,,1.0
BGD,Rajshahi/Rangpur,3148744,Total demand for family planning,72.3,1,BD,Bangladesh,1994,BD1994DHS,FP_NADM_W_TDT,32933090,I,360007,1360070,Region,Rajshahi/Rangpur,0,,0,1,FPNADMWTDT,BDDHS1994360007,1993-94,DHS,2133,2384,,,1.0
BGD,Barishal,1565682,Demand for family planning satisfied by modern methods,54.9,1,BD,Bangladesh,1994,BD1994DHS,FP_NADM_W_PDM,32933150,I,360001,1360010,Region,Barishal,0,,0,1,FPNADMWPDM,BDDHS1994360001,1993-94,DHS,389,647,,,1.0
BGD,Chattogram/Sylhet,4930755,Demand for family planning satisfied by modern methods,39.7,1,BD,Bangladesh,1994,BD1994DHS,FP_NADM_W_PDM,32933150,I,360002,1360020,Region,Chattogram/Sylhet,0,,0,1,FPNADMWPDM,BDDHS1994360002,1993-94,DHS,1376,1099,,,1.0
BGD,Chattogram,3256181,Demand for family planning satisfied by modern methods,39.7,1,BD,Bangladesh,1994,BD1994DHS,FP_NADM_W_PDM,32933150,I,360003,1360030,Region,..Chattogram,0,,0,1,FPNADMWPDM,BDDHS1994360003,1993-94,DHS,1376,1099,,,
BGD,Dhaka before 2015,6123057,Demand for family planning satisfied by modern methods,56.4,1,BD,Bangladesh,1994,BD1994DHS,FP_NADM_W_PDM,32933150,I,360005,1360050,Region,Dhaka before 2015,0,,0,1,FPNADMWPDM,BDDHS1994360005,1993-94,DHS,1764,1652,,,1.0
BGD,Khulna,4056592,Demand for family planning satisfied by modern methods,60.4,1,BD,Bangladesh,1994,BD1994DHS,FP_NADM_W_PDM,32933150,I,360006,1360060,Region,Khulna,0,,0,1,FPNADMWPDM,BDDHS1994360006,1993-94,DHS,810,833,,,1.0
BGD,Rajshahi/Rangpur,7031735,Demand for family planning satisfied by modern methods,64.4,1,BD,Bangladesh,1994,BD1994DHS,FP_NADM_W_PDM,32933150,I,360007,1360070,Region,Rajshahi/Rangpur,0,,0,1,FPNADMWPDM,BDDHS1994360007,1993-94,DHS,1541,1724,,,1.0
BGD,Barishal,5808198,Married women currently using any method of contraception,49.9,1,BD,Bangladesh,1997,BD1997DHS,FP_CUSM_W_ANY,32633010,I,360001,1360010,Region,Barishal,0,,0,1,FPCUSMWANY,BDDHS1997360001,1996-97,DHS,550,864,,,1.0
BGD,Chattogram/Sylhet,1565954,Married women currently using any method of contraception,33.9,1,BD,Bangladesh,1997,BD1997DHS,FP_CUSM_W_ANY,32633010,I,360002,1360020,Region,Chattogram/Sylhet,0,,0,1,FPCUSMWANY,BDDHS1997360002,1996-97,DHS,2139,2056,,,
BGD,Chattogram,7319874,Married women currently using any method of contraception,37.6,1,BD,Bangladesh,1997,BD1997DHS,FP_CUSM_W_ANY,32633010,I,360003,1360030,Region,..Chattogram,0,,0,1,FPCUSMWANY,BDDHS1997360003,1996-97,DHS,1686,1248,,,1.0
BGD,Sylhet,2858754,Married women currently using any method of contraception,20.2,1,BD,Bangladesh,1997,BD1997DHS,FP_CUSM_W_ANY,32633010,I,360004,1360040,Region,..Sylhet,0,,0,1,FPCUSMWANY,BDDHS1997360004,1996-97,DHS,453,808,,,1.0
BGD,Dhaka before 2015,390924,Married women currently using any method of contraception,50.5,1,BD,Bangladesh,1997,BD1997DHS,FP_CUSM_W_ANY,32633010,I,360005,1360050,Region,Dhaka before 2015,0,,0,1,FPCUSMWANY,BDDHS1997360005,1996-97,DHS,2606,2290,,,1.0
BGD,Khulna,3682062,Married women currently using any method of contraception,62.5,1,BD,Bangladesh,1997,BD1997DHS,FP_CUSM_W_ANY,32633010,I,360006,1360060,Region,Khulna,0,,0,1,FPCUSMWANY,BDDHS1997360006,1996-97,DHS,1005,985,,,1.0
BGD,Rajshahi/Rangpur,5465021,Married women currently using any method of contraception,59.5,1,BD,Bangladesh,1997,BD1997DHS,FP_CUSM_W_ANY,32633010,I,360007,1360070,Region,Rajshahi/Rangpur,0,,0,1,FPCUSMWANY,BDDHS1997360007,1996-97,DHS,2006,2111,,,1.0
BGD,Barishal,5808199,Married women currently using any modern method of contraception,41.6,1,BD,Bangladesh,1997,BD1997DHS,FP_CUSM_W_MOD,32633020,I,360001,1360010,Region,Barishal,0,,0,1,FPCUSMWMOD,BDDHS1997360001,1996-97,DHS,550,864,,,1.0
BGD,Chattogram/Sylhet,1565955,Married women currently using any modern method of contraception,27.9,1,BD,Bangladesh,1997,BD1997DHS,FP_CUSM_W_MOD,32633020,I,360002,1360020,Region,Chattogram/Sylhet,0,,0,1,FPCUSMWMOD,BDDHS1997360002,1996-97,DHS,2139,2056,,,
BGD,Chattogram,7319875,Married women currently using any modern method of contraception,31.1,1,BD,Bangladesh,1997,BD1997DHS,FP_CUSM_W_MOD,32633020,I,360003,1360030,Region,..Chattogram,0,,0,1,FPCUSMWMOD,BDDHS1997360003,1996-97,DHS,1686,1248,,,1.0
BGD,Sylhet,2858755,Married women currently using any modern method of contraception,16.2,1,BD,Bangladesh,1997,BD1997DHS,FP_CUSM_W_MOD,32633020,I,360004,1360040,Region,..Sylhet,0,,0,1,FPCUSMWMOD,BDDHS1997360004,1996-97,DHS,453,808,,,1.0
BGD,Dhaka before 2015,390903,Married women currently using any modern method of contraception,42.7,1,BD,Bangladesh,1997,BD1997DHS,FP_CUSM_W_MOD,32633020,I,360005,1360050,Region,Dhaka before 2015,0,,0,1,FPCUSMWMOD,BDDHS1997360005,1996-97,DHS,2606,2290,,,1.0
BGD,Khulna,3682063,Married women currently using any modern method of contraception,51.7,1,BD,Bangladesh,1997,BD1997DHS,FP_CUSM_W_MOD,32633020,I,360006,1360060,Region,Khulna,0,,0,1,FPCUSMWMOD,BDDHS1997360006,1996-97,DHS,1005,985,,,1.0
BGD,Rajshahi/Rangpur,5465022,Married women currently using any modern method of contraception,51.9,1,BD,Bangladesh,1997,BD1997DHS,FP_CUSM_W_MOD,32633020,I,360007,1360070,Region,Rajshahi/Rangpur,0,,0,1,FPCUSMWMOD,BDDHS1997360007,1996-97,DHS,2006,2111,,,1.0
BGD,Barishal,3966508,Unmet need for family planning,21.5,1,BD,Bangladesh,1997,BD1997DHS,FP_NADM_W_UNT,32933030,I,360001,1360010,Region,Barishal,0,,0,1,FPNADMWUNT,BDDHS1997360001,1996-97,DHS,550,864,,,1.0
BGD,Chattogram/Sylhet,466738,Unmet need for family planning,26.9,1,BD,Bangladesh,1997,BD1997DHS,FP_NADM_W_UNT,32933030,I,360002,1360020,Region,Chattogram/Sylhet,0,,0,1,FPNADMWUNT,BDDHS1997360002,1996-97,DHS,2139,2056,,,
BGD,Chattogram,3875782,Unmet need for family planning,26.9,1,BD,Bangladesh,1997,BD1997DHS,FP_NADM_W_UNT,32933030,I,360003,1360030,Region,..Chattogram,0,,0,1,FPNADMWUNT,BDDHS1997360003,1996-97,DHS,1686,1248,,,1.0
BGD,Sylhet,4319075,Unmet need for family planning,27.0,1,BD,Bangladesh,1997,BD1997DHS,FP_NADM_W_UNT,32933030,I,360004,1360040,Region,..Sylhet,0,,0,1,FPNADMWUNT,BDDHS1997360004,1996-97,DHS,453,808,,,1.0
BGD,Dhaka before 2015,6693019,Unmet need for family planning,19.7,1,BD,Bangladesh,1997,BD1997DHS,FP_NADM_W_UNT,32933030,I,360005,1360050,Region,Dhaka before 2015,0,,0,1,FPNADMWUNT,BDDHS1997360005,1996-97,DHS,2606,2290,,,1.0
BGD,Khulna,4452848,Unmet need for family planning,12.8,1,BD,Bangladesh,1997,BD1997DHS,FP_NADM_W_UNT,32933030,I,360006,1360060,Region,Khulna,0,,0,1,FPNADMWUNT,BDDHS1997360006,1996-97,DHS,1005,985,,,1.0
BGD,Rajshahi/Rangpur,413395,Unmet need for family planning,14.8,1,BD,Bangladesh,1997,BD1997DHS,FP_NADM_W_UNT,32933030,I,360007,1360070,Region,Rajshahi/Rangpur,0,,0,1,FPNADMWUNT,BDDHS1997360007,1996-97,DHS,2006,2111,,,1.0
BGD,Barishal,3966501,"Met need for family planning (currently using), total",49.9,1,BD,Bangladesh,1997,BD1997DHS,FP_NADM_W_MNT,32933060,I,360001,1360010,Region,Barishal,0,,0,1,FPNADMWMNT,BDDHS1997360001,1996-97,DHS,550,864,,,1.0
BGD,Chattogram/Sylhet,466760,"Met need for family planning (currently using), total",33.9,1,BD,Bangladesh,1997,BD1997DHS,FP_NADM_W_MNT,32933060,I,360002,1360020,Region,Chattogram/Sylhet,0,,0,1,FPNADMWMNT,BDDHS1997360002,1996-97,DHS,2139,2056,,,
BGD,Chattogram,3875778,"Met need for family planning (currently using), total",37.6,1,BD,Bangladesh,1997,BD1997DHS,FP_NADM_W_MNT,32933060,I,360003,1360030,Region,..Chattogram,0,,0,1,FPNADMWMNT,BDDHS1997360003,1996-97,DHS,1686,1248,,,1.0
BGD,Sylhet,4319059,"Met need for family planning (currently using), total",20.2,1,BD,Bangladesh,1997,BD1997DHS,FP_NADM_W_MNT,32933060,I,360004,1360040,Region,..Sylhet,0,,0,1,FPNADMWMNT,BDDHS1997360004,1996-97,DHS,453,808,,,1.0
BGD,Dhaka before 2015,6693016,"Met need for family planning (currently using), total",50.5,1,BD,Bangladesh,1997,BD1997DHS,FP_NADM_W_MNT,32933060,I,360005,1360050,Region,Dhaka before 2015,0,,0,1,FPNADMWMNT,BDDHS1997360005,1996-97,DHS,2606,2290,,,1.0
BGD,Khulna,4452840,"Met need for family planning (currently using), total",62.6,1,BD,Bangladesh,1997,BD1997DHS,FP_NADM_W_MNT,32933060,I,360006,1360060,Region,Khulna,0,,0,1,FPNADMWMNT,BDDHS1997360006,1996-97,DHS,1005,985,,,1.0
BGD,Rajshahi/Rangpur,413387,"Met need for family planning (currently using), total",59.6,1,BD,Bangladesh,1997,BD1997DHS,FP_NADM_W_MNT,32933060,I,360007,1360070,Region,Rajshahi/Rangpur,0,,0,1,FPNADMWMNT,BDDHS1997360007,1996-97,DHS,2006,2111,,,1.0
BGD,Barishal,3966500,Total demand for family planning,71.4,1,BD,Bangladesh,1997,BD1997DHS,FP_NADM_W_TDT,32933090,I,360001,1360010,Region,Barishal,0,,0,1,FPNADMWTDT,BDDHS1997360001,1996-97,DHS,550,864,,,1.0
BGD,Chattogram/Sylhet,466759,Total demand for family planning,60.8,1,BD,Bangladesh,1997,BD1997DHS,FP_NADM_W_TDT,32933090,I,360002,1360020,Region,Chattogram/Sylhet,0,,0,1,FPNADMWTDT,BDDHS1997360002,1996-97,DHS,2139,2056,,,
BGD,Chattogram,3875777,Total demand for family planning,64.5,1,BD,Bangladesh,1997,BD1997DHS,FP_NADM_W_TDT,32933090,I,360003,1360030,Region,..Chattogram,0,,0,1,FPNADMWTDT,BDDHS1997360003,1996-97,DHS,1686,1248,,,1.0
BGD,Sylhet,4319058,Total demand for family planning,47.2,1,BD,Bangladesh,1997,BD1997DHS,FP_NADM_W_TDT,32933090,I,360004,1360040,Region,..Sylhet,0,,0,1,FPNADMWTDT,BDDHS1997360004,1996-97,DHS,453,808,,,1.0
BGD,Dhaka before 2015,6693061,Total demand for family planning,70.2,1,BD,Bangladesh,1997,BD1997DHS,FP_NADM_W_TDT,32933090,I,360005,1360050,Region,Dhaka before 2015,0,,0,1,FPNADMWTDT,BDDHS1997360005,1996-97,DHS,2606,2290,,,1.0
BGD,Khulna,4452842,Total demand for family planning,75.4,1,BD,Bangladesh,1997,BD1997DHS,FP_NADM_W_TDT,32933090,I,360006,1360060,Region,Khulna,0,,0,1,FPNADMWTDT,BDDHS1997360006,1996-97,DHS,1005,985,,,1.0
BGD,Rajshahi/Rangpur,413390,Total demand for family planning,74.4,1,BD,Bangladesh,1997,BD1997DHS,FP_NADM_W_TDT,32933090,I,360007,1360070,Region,Rajshahi/Rangpur,0,,0,1,FPNADMWTDT,BDDHS1997360007,1996-97,DHS,2006,2111,,,1.0
BGD,Barishal,540016,Demand for family planning satisfied by modern methods,58.2,1,BD,Bangladesh,1997,BD1997DHS,FP_NADM_W_PDM,32933150,I,360001,1360010,Region,Barishal,0,,0,1,FPNADMWPDM,BDDHS1997360001,1996-97,DHS,393,618,,,1.0
BGD,Chattogram/Sylhet,1566076,Demand for family planning satisfied by modern methods,45.9,1,BD,Bangladesh,1997,BD1997DHS,FP_NADM_W_PDM,32933150,I,360002,1360020,Region,Chattogram/Sylhet,0,,0,1,FPNADMWPDM,BDDHS1997360002,1996-97,DHS,1301,1201,,,
BGD,Chattogram,6866426,Demand for family planning satisfied by modern methods,48.2,1,BD,Bangladesh,1997,BD1997DHS,FP_NADM_W_PDM,32933150,I,360003,1360030,Region,..Chattogram,0,,0,1,FPNADMWPDM,BDDHS1997360003,1996-97,DHS,1087,813,,,1.0
BGD,Sylhet,4704712,Demand for family planning satisfied by modern methods,34.2,1,BD,Bangladesh,1997,BD1997DHS,FP_NADM_W_PDM,32933150,I,360004,1360040,Region,..Sylhet,0,,0,1,FPNADMWPDM,BDDHS1997360004,1996-97,DHS,214,388,,,1.0
BGD,Dhaka before 2015,5885356,Demand for family planning satisfied by modern methods,60.8,1,BD,Bangladesh,1997,BD1997DHS,FP_NADM_W_PDM,32933150,I,360005,1360050,Region,Dhaka before 2015,0,,0,1,FPNADMWPDM,BDDHS1997360005,1996-97,DHS,1829,1611,,,1.0
BGD,Khulna,543652,Demand for family planning satisfied by modern methods,68.6,1,BD,Bangladesh,1997,BD1997DHS,FP_NADM_W_PDM,32933150,I,360006,1360060,Region,Khulna,0,,0,1,FPNADMWPDM,BDDHS1997360006,1996-97,DHS,757,742,,,1.0
BGD,Rajshahi/Rangpur,1559068,Demand for family planning satisfied by modern methods,69.8,1,BD,Bangladesh,1997,BD1997DHS,FP_NADM_W_PDM,32933150,I,360007,1360070,Region,Rajshahi/Rangpur,0,,0,1,FPNADMWPDM,BDDHS1997360007,1996-97,DHS,1493,1568,,,1.0
BGD,Barishal,6023128,Married women currently using any method of contraception,59.5,1,BD,Bangladesh,2000,BD2000DHS,FP_CUSM_W_ANY,32633010,I,360001,1360010,Region,Barishal,0,,0,1,FPCUSMWANY,BDDHS2000360001,1999-00,DHS,629,902,,,1.0
BGD,Chattogram/Sylhet,7473626,Married women currently using any method of contraception,42.1,1,BD,Bangladesh,2000,BD2000DHS,FP_CUSM_W_ANY,32633010,I,360002,1360020,Region,Chattogram/Sylhet,0,,0,1,FPCUSMWANY,BDDHS2000360002,1999-00,DHS,2311,2745,,,
BGD,Chattogram,7919988,Married women currently using any method of contraception,44.6,1,BD,Bangladesh,2000,BD2000DHS,FP_CUSM_W_ANY,32633010,I,360003,1360030,Region,..Chattogram,0,,0,1,FPCUSMWANY,BDDHS2000360003,1999-00,DHS,1763,1752,,,1.0
BGD,Sylhet,2763976,Married women currently using any method of contraception,34.3,1,BD,Bangladesh,2000,BD2000DHS,FP_CUSM_W_ANY,32633010,I,360004,1360040,Region,..Sylhet,0,,0,1,FPCUSMWANY,BDDHS2000360004,1999-00,DHS,548,993,,,1.0
BGD,Dhaka before 2015,4862304,Married women currently using any method of contraception,54.3,1,BD,Bangladesh,2000,BD2000DHS,FP_CUSM_W_ANY,32633010,I,360005,1360050,Region,Dhaka before 2015,0,,0,1,FPCUSMWANY,BDDHS2000360005,1999-00,DHS,2968,2310,,,1.0
BGD,Khulna,7631642,Married women currently using any method of contraception,64.5,1,BD,Bangladesh,2000,BD2000DHS,FP_CUSM_W_ANY,32633010,I,360006,1360060,Region,Khulna,0,,0,1,FPCUSMWANY,BDDHS2000360006,1999-00,DHS,1169,1663,,,1.0
BGD,Rajshahi/Rangpur,2992194,Married women currently using any method of contraception,59.5,1,BD,Bangladesh,2000,BD2000DHS,FP_CUSM_W_ANY,32633010,I,360007,1360070,Region,Rajshahi/Rangpur,0,,0,1,FPCUSMWANY,BDDHS2000360007,1999-00,DHS,2462,1910,,,1.0
BGD,Barishal,6023129,Married women currently using any modern method of contraception,45.8,1,BD,Bangladesh,2000,BD2000DHS,FP_CUSM_W_MOD,32633020,I,360001,1360010,Region,Barishal,0,,0,1,FPCUSMWMOD,BDDHS2000360001,1999-00,DHS,629,902,,,1.0
BGD,Chattogram/Sylhet,7473627,Married women currently using any modern method of contraception,33.1,1,BD,Bangladesh,2000,BD2000DHS,FP_CUSM_W_MOD,32633020,I,360002,1360020,Region,Chattogram/Sylhet,0,,0,1,FPCUSMWMOD,BDDHS2000360002,1999-00,DHS,2311,2745,,,
BGD,Chattogram,7919989,Married women currently using any modern method of contraception,35.5,1,BD,Bangladesh,2000,BD2000DHS,FP_CUSM_W_MOD,32633020,I,360003,1360030,Region,..Chattogram,0,,0,1,FPCUSMWMOD,BDDHS2000360003,1999-00,DHS,1763,1752,,,1.0
BGD,Sylhet,2763977,Married women currently using any modern method of contraception,25.2,1,BD,Bangladesh,2000,BD2000DHS,FP_CUSM_W_MOD,32633020,I,360004,1360040,Region,..Sylhet,0,,0,1,FPCUSMWMOD,BDDHS2000360004,1999-00,DHS,548,993,,,1.0
BGD,Dhaka before 2015,4862305,Married women currently using any modern method of contraception,42.5,1,BD,Bangladesh,2000,BD2000DHS,FP_CUSM_W_MOD,32633020,I,360005,1360050,Region,Dhaka before 2015,0,,0,1,FPCUSMWMOD,BDDHS2000360005,1999-00,DHS,2968,2310,,,1.0
BGD,Khulna,7631643,Married women currently using any modern method of contraception,51.3,1,BD,Bangladesh,2000,BD2000DHS,FP_CUSM_W_MOD,32633020,I,360006,1360060,Region,Khulna,0,,0,1,FPCUSMWMOD,BDDHS2000360006,1999-00,DHS,1169,1663,,,1.0
BGD,Rajshahi/Rangpur,2992195,Married women currently using any modern method of contraception,51.9,1,BD,Bangladesh,2000,BD2000DHS,FP_CUSM_W_MOD,32633020,I,360007,1360070,Region,Rajshahi/Rangpur,0,,0,1,FPCUSMWMOD,BDDHS2000360007,1999-00,DHS,2462,1910,,,1.0
BGD,Barishal,865174,Unmet need for family planning,18.0,1,BD,Bangladesh,2000,BD2000DHS,FP_NADM_W_UNT,32933030,I,360001,1360010,Region,Barishal,0,,0,1,FPNADMWUNT,BDDHS2000360001,1999-00,DHS,629,902,,,1.0
BGD,Chattogram/Sylhet,7449395,Unmet need for family planning,22.8,1,BD,Bangladesh,2000,BD2000DHS,FP_NADM_W_UNT,32933030,I,360002,1360020,Region,Chattogram/Sylhet,0,,0,1,FPNADMWUNT,BDDHS2000360002,1999-00,DHS,2311,2745,,,
BGD,Chattogram,7919469,Unmet need for family planning,22.4,1,BD,Bangladesh,2000,BD2000DHS,FP_NADM_W_UNT,32933030,I,360003,1360030,Region,..Chattogram,0,,0,1,FPNADMWUNT,BDDHS2000360003,1999-00,DHS,1763,1752,,,1.0
BGD,Sylhet,1559120,Unmet need for family planning,24.2,1,BD,Bangladesh,2000,BD2000DHS,FP_NADM_W_UNT,32933030,I,360004,1360040,Region,..Sylhet,0,,0,1,FPNADMWUNT,BDDHS2000360004,1999-00,DHS,548,993,,,1.0
BGD,Dhaka before 2015,5107292,Unmet need for family planning,18.3,1,BD,Bangladesh,2000,BD2000DHS,FP_NADM_W_UNT,32933030,I,360005,1360050,Region,Dhaka before 2015,0,,0,1,FPNADMWUNT,BDDHS2000360005,1999-00,DHS,2968,2310,,,1.0
BGD,Khulna,7630758,Unmet need for family planning,13.7,1,BD,Bangladesh,2000,BD2000DHS,FP_NADM_W_UNT,32933030,I,360006,1360060,Region,Khulna,0,,0,1,FPNADMWUNT,BDDHS2000360006,1999-00,DHS,1169,1663,,,1.0
BGD,Rajshahi/Rangpur,5331165,Unmet need for family planning,16.0,1,BD,Bangladesh,2000,BD2000DHS,FP_NADM_W_UNT,32933030,I,360007,1360070,Region,Rajshahi/Rangpur,0,,0,1,FPNADMWUNT,BDDHS2000360007,1999-00,DHS,2462,1910,,,1.0
BGD,Barishal,865169,"Met need for family planning (currently using), total",59.5,1,BD,Bangladesh,2000,BD2000DHS,FP_NADM_W_MNT,32933060,I,360001,1360010,Region,Barishal,0,,0,1,FPNADMWMNT,BDDHS2000360001,1999-00,DHS,629,902,,,1.0
BGD,Chattogram/Sylhet,7449389,"Met need for family planning (currently using), total",42.1,1,BD,Bangladesh,2000,BD2000DHS,FP_NADM_W_MNT,32933060,I,360002,1360020,Region,Chattogram/Sylhet,0,,0,1,FPNADMWMNT,BDDHS2000360002,1999-00,DHS,2311,2745,,,
BGD,Chattogram,7919463,"Met need for family planning (currently using), total",44.6,1,BD,Bangladesh,2000,BD2000DHS,FP_NADM_W_MNT,32933060,I,360003,1360030,Region,..Chattogram,0,,0,1,FPNADMWMNT,BDDHS2000360003,1999-00,DHS,1763,1752,,,1.0
BGD,Sylhet,1559107,"Met need for family planning (currently using), total",34.3,1,BD,Bangladesh,2000,BD2000DHS,FP_NADM_W_MNT,32933060,I,360004,1360040,Region,..Sylhet,0,,0,1,FPNADMWMNT,BDDHS2000360004,1999-00,DHS,548,993,,,1.0
BGD,Dhaka before 2015,5107284,"Met need for family planning (currently using), total",54.3,1,BD,Bangladesh,2000,BD2000DHS,FP_NADM_W_MNT,32933060,I,360005,1360050,Region,Dhaka before 2015,0,,0,1,FPNADMWMNT,BDDHS2000360005,1999-00,DHS,2968,2310,,,1.0
BGD,Khulna,7630753,"Met need for family planning (currently using), total",64.5,1,BD,Bangladesh,2000,BD2000DHS,FP_NADM_W_MNT,32933060,I,360006,1360060,Region,Khulna,0,,0,1,FPNADMWMNT,BDDHS2000360006,1999-00,DHS,1169,1663,,,1.0
BGD,Rajshahi/Rangpur,5331161,"Met need for family planning (currently using), total",59.5,1,BD,Bangladesh,2000,BD2000DHS,FP_NADM_W_MNT,32933060,I,360007,1360070,Region,Rajshahi/Rangpur,0,,0,1,FPNADMWMNT,BDDHS2000360007,1999-00,DHS,2462,1910,,,1.0
BGD,Barishal,865166,Total demand for family planning,77.5,1,BD,Bangladesh,2000,BD2000DHS,FP_NADM_W_TDT,32933090,I,360001,1360010,Region,Barishal,0,,0,1,FPNADMWTDT,BDDHS2000360001,1999-00,DHS,629,902,,,1.0
BGD,Chattogram/Sylhet,7449386,Total demand for family planning,64.9,1,BD,Bangladesh,2000,BD2000DHS,FP_NADM_W_TDT,32933090,I,360002,1360020,Region,Chattogram/Sylhet,0,,0,1,FPNADMWTDT,BDDHS2000360002,1999-00,DHS,2311,2745,,,
BGD,Chattogram,7919462,Total demand for family planning,66.9,1,BD,Bangladesh,2000,BD2000DHS,FP_NADM_W_TDT,32933090,I,360003,1360030,Region,..Chattogram,0,,0,1,FPNADMWTDT,BDDHS2000360003,1999-00,DHS,1763,1752,,,1.0
BGD,Sylhet,1559106,Total demand for family planning,58.5,1,BD,Bangladesh,2000,BD2000DHS,FP_NADM_W_TDT,32933090,I,360004,1360040,Region,..Sylhet,0,,0,1,FPNADMWTDT,BDDHS2000360004,1999-00,DHS,548,993,,,1.0
BGD,Dhaka before 2015,5107287,Total demand for family planning,72.6,1,BD,Bangladesh,2000,BD2000DHS,FP_NADM_W_TDT,32933090,I,360005,1360050,Region,Dhaka before 2015,0,,0,1,FPNADMWTDT,BDDHS2000360005,1999-00,DHS,2968,2310,,,1.0
BGD,Khulna,7630752,Total demand for family planning,78.3,1,BD,Bangladesh,2000,BD2000DHS,FP_NADM_W_TDT,32933090,I,360006,1360060,Region,Khulna,0,,0,1,FPNADMWTDT,BDDHS2000360006,1999-00,DHS,1169,1663,,,1.0
BGD,Rajshahi/Rangpur,5331172,Total demand for family planning,75.6,1,BD,Bangladesh,2000,BD2000DHS,FP_NADM_W_TDT,32933090,I,360007,1360070,Region,Rajshahi/Rangpur,0,,0,1,FPNADMWTDT,BDDHS2000360007,1999-00,DHS,2462,1910,,,1.0
BGD,Barishal,3515545,Demand for family planning satisfied by modern methods,59.1,1,BD,Bangladesh,2000,BD2000DHS,FP_NADM_W_PDM,32933150,I,360001,1360010,Region,Barishal,0,,0,1,FPNADMWPDM,BDDHS2000360001,1999-00,DHS,488,699,,,1.0
BGD,Chattogram/Sylhet,7450336,Demand for family planning satisfied by modern methods,51.0,1,BD,Bangladesh,2000,BD2000DHS,FP_NADM_W_PDM,32933150,I,360002,1360020,Region,Chattogram/Sylhet,0,,0,1,FPNADMWPDM,BDDHS2000360002,1999-00,DHS,1500,1802,,,
BGD,Chattogram,7920923,Demand for family planning satisfied by modern methods,53.1,1,BD,Bangladesh,2000,BD2000DHS,FP_NADM_W_PDM,32933150,I,360003,1360030,Region,..Chattogram,0,,0,1,FPNADMWPDM,BDDHS2000360003,1999-00,DHS,1180,1199,,,1.0
BGD,Sylhet,645459,Demand for family planning satisfied by modern methods,43.0,1,BD,Bangladesh,2000,BD2000DHS,FP_NADM_W_PDM,32933150,I,360004,1360040,Region,..Sylhet,0,,0,1,FPNADMWPDM,BDDHS2000360004,1999-00,DHS,320,603,,,1.0
BGD,Dhaka before 2015,1559118,Demand for family planning satisfied by modern methods,58.5,1,BD,Bangladesh,2000,BD2000DHS,FP_NADM_W_PDM,32933150,I,360005,1360050,Region,Dhaka before 2015,0,,0,1,FPNADMWPDM,BDDHS2000360005,1999-00,DHS,2156,1687,,,1.0
BGD,Khulna,7631623,Demand for family planning satisfied by modern methods,65.5,1,BD,Bangladesh,2000,BD2000DHS,FP_NADM_W_PDM,32933150,I,360006,1360060,Region,Khulna,0,,0,1,FPNADMWPDM,BDDHS2000360006,1999-00,DHS,915,1299,,,1.0
BGD,Rajshahi/Rangpur,4787930,Demand for family planning satisfied by modern methods,68.8,1,BD,Bangladesh,2000,BD2000DHS,FP_NADM_W_PDM,32933150,I,360007,1360070,Region,Rajshahi/Rangpur,0,,0,1,FPNADMWPDM,BDDHS2000360007,1999-00,DHS,1860,1448,,,1.0
BGD,Barishal,6864884,Married women currently using any method of contraception,54.7,1,BD,Bangladesh,2004,BD2004DHS,FP_CUSM_W_ANY,32633010,I,360001,1360010,Region,Barishal,0,,0,1,FPCUSMWANY,BDDHS2004360001,2004,DHS,665,1254,,,1.0
BGD,Chattogram/Sylhet,6579888,Married women currently using any method of contraception,43.5,1,BD,Bangladesh,2004,BD2004DHS,FP_CUSM_W_ANY,32633010,I,360002,1360020,Region,Chattogram/Sylhet,0,,0,1,FPCUSMWANY,BDDHS2004360002,2004,DHS,2498,2901,,,
BGD,Chattogram,4160717,Married women currently using any method of contraception,47.4,1,BD,Bangladesh,2004,BD2004DHS,FP_CUSM_W_ANY,32633010,I,360003,1360030,Region,..Chattogram,0,,0,1,FPCUSMWANY,BDDHS2004360003,2004,DHS,1862,1883,,,1.0
BGD,Sylhet,7179558,Married women currently using any method of contraception,31.9,1,BD,Bangladesh,2004,BD2004DHS,FP_CUSM_W_ANY,32633010,I,360004,1360040,Region,..Sylhet,0,,0,1,FPCUSMWANY,BDDHS2004360004,2004,DHS,636,1018,,,1.0
BGD,Dhaka before 2015,2973864,Married women currently using any method of contraception,59.7,1,BD,Bangladesh,2004,BD2004DHS,FP_CUSM_W_ANY,32633010,I,360005,1360050,Region,Dhaka before 2015,0,,0,1,FPCUSMWANY,BDDHS2004360005,2004,DHS,3266,2364,,,1.0
BGD,Khulna,196123,Married women currently using any method of contraception,64.2,1,BD,Bangladesh,2004,BD2004DHS,FP_CUSM_W_ANY,32633010,I,360006,1360060,Region,Khulna,0,,0,1,FPCUSMWANY,BDDHS2004360006,2004,DHS,1274,1563,,,1.0
BGD,Rajshahi/Rangpur,4181335,Married women currently using any method of contraception,69.0,1,BD,Bangladesh,2004,BD2004DHS,FP_CUSM_W_ANY,32633010,I,360007,1360070,Region,Rajshahi/Rangpur,0,,0,1,FPCUSMWANY,BDDHS2004360007,2004,DHS,2735,2335,,,1.0
BGD,Barishal,6864885,Married women currently using any modern method of contraception,43.0,1,BD,Bangladesh,2004,BD2004DHS,FP_CUSM_W_MOD,32633020,I,360001,1360010,Region,Barishal,0,,0,1,FPCUSMWMOD,BDDHS2004360001,2004,DHS,665,1254,,,1.0
BGD,Chattogram/Sylhet,6579889,Married women currently using any modern method of contraception,33.7,1,BD,Bangladesh,2004,BD2004DHS,FP_CUSM_W_MOD,32633020,I,360002,1360020,Region,Chattogram/Sylhet,0,,0,1,FPCUSMWMOD,BDDHS2004360002,2004,DHS,2498,2901,,,
BGD,Chattogram,4160718,Married women currently using any modern method of contraception,37.7,1,BD,Bangladesh,2004,BD2004DHS,FP_CUSM_W_MOD,32633020,I,360003,1360030,Region,..Chattogram,0,,0,1,FPCUSMWMOD,BDDHS2004360003,2004,DHS,1862,1883,,,1.0
BGD,Sylhet,7179544,Married women currently using any modern method of contraception,22.1,1,BD,Bangladesh,2004,BD2004DHS,FP_CUSM_W_MOD,32633020,I,360004,1360040,Region,..Sylhet,0,,0,1,FPCUSMWMOD,BDDHS2004360004,2004,DHS,636,1018,,,1.0
BGD,Dhaka before 2015,2973865,Married women currently using any modern method of contraception,48.8,1,BD,Bangladesh,2004,BD2004DHS,FP_CUSM_W_MOD,32633020,I,360005,1360050,Region,Dhaka before 2015,0,,0,1,FPCUSMWMOD,BDDHS2004360005,2004,DHS,3266,2364,,,1.0
BGD,Khulna,196135,Married women currently using any modern method of contraception,51.1,1,BD,Bangladesh,2004,BD2004DHS,FP_CUSM_W_MOD,32633020,I,360006,1360060,Region,Khulna,0,,0,1,FPCUSMWMOD,BDDHS2004360006,2004,DHS,1274,1563,,,1.0
BGD,Rajshahi/Rangpur,4181336,Married women currently using any modern method of contraception,58.4,1,BD,Bangladesh,2004,BD2004DHS,FP_CUSM_W_MOD,32633020,I,360007,1360070,Region,Rajshahi/Rangpur,0,,0,1,FPCUSMWMOD,BDDHS2004360007,2004,DHS,2735,2335,,,1.0
BGD,Barishal,7084942,Unmet need for family planning,17.6,1,BD,Bangladesh,2004,BD2004DHS,FP_NADM_W_UNT,32933030,I,360001,1360010,Region,Barishal,0,,0,1,FPNADMWUNT,BDDHS2004360001,2004,DHS,665,1254,,,1.0
BGD,Chattogram/Sylhet,2738666,Unmet need for family planning,22.0,1,BD,Bangladesh,2004,BD2004DHS,FP_NADM_W_UNT,32933030,I,360002,1360020,Region,Chattogram/Sylhet,0,,0,1,FPNADMWUNT,BDDHS2004360002,2004,DHS,2498,2901,,,
BGD,Chattogram,5264235,Unmet need for family planning,21.3,1,BD,Bangladesh,2004,BD2004DHS,FP_NADM_W_UNT,32933030,I,360003,1360030,Region,..Chattogram,0,,0,1,FPNADMWUNT,BDDHS2004360003,2004,DHS,1862,1883,,,1.0
BGD,Sylhet,3534012,Unmet need for family planning,24.1,1,BD,Bangladesh,2004,BD2004DHS,FP_NADM_W_UNT,32933030,I,360004,1360040,Region,..Sylhet,0,,0,1,FPNADMWUNT,BDDHS2004360004,2004,DHS,636,1018,,,1.0
BGD,Dhaka before 2015,1559210,Unmet need for family planning,14.1,1,BD,Bangladesh,2004,BD2004DHS,FP_NADM_W_UNT,32933030,I,360005,1360050,Region,Dhaka before 2015,0,,0,1,FPNADMWUNT,BDDHS2004360005,2004,DHS,3266,2364,,,1.0
BGD,Khulna,6226534,Unmet need for family planning,12.6,1,BD,Bangladesh,2004,BD2004DHS,FP_NADM_W_UNT,32933030,I,360006,1360060,Region,Khulna,0,,0,1,FPNADMWUNT,BDDHS2004360006,2004,DHS,1274,1563,,,1.0
BGD,Rajshahi/Rangpur,1544699,Unmet need for family planning,10.2,1,BD,Bangladesh,2004,BD2004DHS,FP_NADM_W_UNT,32933030,I,360007,1360070,Region,Rajshahi/Rangpur,0,,0,1,FPNADMWUNT,BDDHS2004360007,2004,DHS,2735,2335,,,1.0
BGD,Barishal,7084935,"Met need for family planning (currently using), total",54.7,1,BD,Bangladesh,2004,BD2004DHS,FP_NADM_W_MNT,32933060,I,360001,1360010,Region,Barishal,0,,0,1,FPNADMWMNT,BDDHS2004360001,2004,DHS,665,1254,,,1.0
BGD,Chattogram/Sylhet,2738669,"Met need for family planning (currently using), total",43.5,1,BD,Bangladesh,2004,BD2004DHS,FP_NADM_W_MNT,32933060,I,360002,1360020,Region,Chattogram/Sylhet,0,,0,1,FPNADMWMNT,BDDHS2004360002,2004,DHS,2498,2901,,,
BGD,Chattogram,5264242,"Met need for family planning (currently using), total",47.4,1,BD,Bangladesh,2004,BD2004DHS,FP_NADM_W_MNT,32933060,I,360003,1360030,Region,..Chattogram,0,,0,1,FPNADMWMNT,BDDHS2004360003,2004,DHS,1862,1883,,,1.0
BGD,Sylhet,3534010,"Met need for family planning (currently using), total",31.9,1,BD,Bangladesh,2004,BD2004DHS,FP_NADM_W_MNT,32933060,I,360004,1360040,Region,..Sylhet,0,,0,1,FPNADMWMNT,BDDHS2004360004,2004,DHS,636,1018,,,1.0
BGD,Dhaka before 2015,1559218,"Met need for family planning (currently using), total",59.7,1,BD,Bangladesh,2004,BD2004DHS,FP_NADM_W_MNT,32933060,I,360005,1360050,Region,Dhaka before 2015,0,,0,1,FPNADMWMNT,BDDHS2004360005,2004,DHS,3266,2364,,,1.0
BGD,Khulna,6226530,"Met need for family planning (currently using), total",64.2,1,BD,Bangladesh,2004,BD2004DHS,FP_NADM_W_MNT,32933060,I,360006,1360060,Region,Khulna,0,,0,1,FPNADMWMNT,BDDHS2004360006,2004,DHS,1274,1563,,,1.0
BGD,Rajshahi/Rangpur,1544709,"Met need for family planning (currently using), total",69.0,1,BD,Bangladesh,2004,BD2004DHS,FP_NADM_W_MNT,32933060,I,360007,1360070,Region,Rajshahi/Rangpur,0,,0,1,FPNADMWMNT,BDDHS2004360007,2004,DHS,2735,2335,,,1.0
BGD,Barishal,7084934,Total demand for family planning,72.3,1,BD,Bangladesh,2004,BD2004DHS,FP_NADM_W_TDT,32933090,I,360001,1360010,Region,Barishal,0,,0,1,FPNADMWTDT,BDDHS2004360001,2004,DHS,665,1254,,,1.0
BGD,Chattogram/Sylhet,2738668,Total demand for family planning,65.5,1,BD,Bangladesh,2004,BD2004DHS,FP_NADM_W_TDT,32933090,I,360002,1360020,Region,Chattogram/Sylhet,0,,0,1,FPNADMWTDT,BDDHS2004360002,2004,DHS,2498,2901,,,
BGD,Chattogram,5264245,Total demand for family planning,68.8,1,BD,Bangladesh,2004,BD2004DHS,FP_NADM_W_TDT,32933090,I,360003,1360030,Region,..Chattogram,0,,0,1,FPNADMWTDT,BDDHS2004360003,2004,DHS,1862,1883,,,1.0
BGD,Sylhet,3534015,Total demand for family planning,56.0,1,BD,Bangladesh,2004,BD2004DHS,FP_NADM_W_TDT,32933090,I,360004,1360040,Region,..Sylhet,0,,0,1,FPNADMWTDT,BDDHS2004360004,2004,DHS,636,1018,,,1.0
BGD,Dhaka before 2015,1559217,Total demand for family planning,73.8,1,BD,Bangladesh,2004,BD2004DHS,FP_NADM_W_TDT,32933090,I,360005,1360050,Region,Dhaka before 2015,0,,0,1,FPNADMWTDT,BDDHS2004360005,2004,DHS,3266,2364,,,1.0
BGD,Khulna,6226528,Total demand for family planning,76.9,1,BD,Bangladesh,2004,BD2004DHS,FP_NADM_W_TDT,32933090,I,360006,1360060,Region,Khulna,0,,0,1,FPNADMWTDT,BDDHS2004360006,2004,DHS,1274,1563,,,1.0
BGD,Rajshahi/Rangpur,1544706,Total demand for family planning,79.2,1,BD,Bangladesh,2004,BD2004DHS,FP_NADM_W_TDT,32933090,I,360007,1360070,Region,Rajshahi/Rangpur,0,,0,1,FPNADMWTDT,BDDHS2004360007,2004,DHS,2735,2335,,,1.0
BGD,Barishal,1566142,Demand for family planning satisfied by modern methods,59.5,1,BD,Bangladesh,2004,BD2004DHS,FP_NADM_W_PDM,32933150,I,360001,1360010,Region,Barishal,0,,0,1,FPNADMWPDM,BDDHS2004360001,2004,DHS,480,923,,,1.0
BGD,Chattogram/Sylhet,5338299,Demand for family planning satisfied by modern methods,51.5,1,BD,Bangladesh,2004,BD2004DHS,FP_NADM_W_PDM,32933150,I,360002,1360020,Region,Chattogram/Sylhet,0,,0,1,FPNADMWPDM,BDDHS2004360002,2004,DHS,1637,1904,,,
BGD,Chattogram,6290372,Demand for family planning satisfied by modern methods,54.8,1,BD,Bangladesh,2004,BD2004DHS,FP_NADM_W_PDM,32933150,I,360003,1360030,Region,..Chattogram,0,,0,1,FPNADMWPDM,BDDHS2004360003,2004,DHS,1281,1310,,,1.0
BGD,Sylhet,6748804,Demand for family planning satisfied by modern methods,39.5,1,BD,Bangladesh,2004,BD2004DHS,FP_NADM_W_PDM,32933150,I,360004,1360040,Region,..Sylhet,0,,0,1,FPNADMWPDM,BDDHS2004360004,2004,DHS,356,594,,,1.0
BGD,Dhaka before 2015,6063009,Demand for family planning satisfied by modern methods,66.2,1,BD,Bangladesh,2004,BD2004DHS,FP_NADM_W_PDM,32933150,I,360005,1360050,Region,Dhaka before 2015,0,,0,1,FPNADMWPDM,BDDHS2004360005,2004,DHS,2410,1757,,,1.0
BGD,Khulna,3682130,Demand for family planning satisfied by modern methods,66.5,1,BD,Bangladesh,2004,BD2004DHS,FP_NADM_W_PDM,32933150,I,360006,1360060,Region,Khulna,0,,0,1,FPNADMWPDM,BDDHS2004360006,2004,DHS,979,1210,,,1.0
BGD,Rajshahi/Rangpur,7024601,Demand for family planning satisfied by modern methods,73.8,1,BD,Bangladesh,2004,BD2004DHS,FP_NADM_W_PDM,32933150,I,360007,1360070,Region,Rajshahi/Rangpur,0,,0,1,FPNADMWPDM,BDDHS2004360007,2004,DHS,2165,1848,,,1.0
BGD,Barishal,3027800,Married women currently using any method of contraception,56.3,1,BD,Bangladesh,2007,BD2007DHS,FP_CUSM_W_ANY,32633010,I,360001,1360010,Region,Barishal,0,,0,1,FPCUSMWANY,BDDHS2007360001,2007,DHS,626,1357,,,1.0
BGD,Chattogram/Sylhet,6457861,Married women currently using any method of contraception,40.8,1,BD,Bangladesh,2007,BD2007DHS,FP_CUSM_W_ANY,32633010,I,360002,1360020,Region,Chattogram/Sylhet,0,,0,1,FPCUSMWANY,BDDHS2007360002,2007,DHS,2512,3124,,,
BGD,Chattogram,2916713,Married women currently using any method of contraception,43.9,1,BD,Bangladesh,2007,BD2007DHS,FP_CUSM_W_ANY,32633010,I,360003,1360030,Region,..Chattogram,0,,0,1,FPCUSMWANY,BDDHS2007360003,2007,DHS,1877,1804,,,1.0
BGD,Sylhet,7871326,Married women currently using any method of contraception,31.5,1,BD,Bangladesh,2007,BD2007DHS,FP_CUSM_W_ANY,32633010,I,360004,1360040,Region,..Sylhet,0,,0,1,FPCUSMWANY,BDDHS2007360004,2007,DHS,635,1320,,,1.0
BGD,Dhaka before 2015,813450,Married women currently using any method of contraception,56.4,1,BD,Bangladesh,2007,BD2007DHS,FP_CUSM_W_ANY,32633010,I,360005,1360050,Region,Dhaka before 2015,0,,0,1,FPCUSMWANY,BDDHS2007360005,2007,DHS,3189,2174,,,1.0
BGD,Khulna,4257926,Married women currently using any method of contraception,63.1,1,BD,Bangladesh,2007,BD2007DHS,FP_CUSM_W_ANY,32633010,I,360006,1360060,Region,Khulna,0,,0,1,FPCUSMWANY,BDDHS2007360006,2007,DHS,1281,1564,,,1.0
BGD,Rajshahi/Rangpur,6517864,Married women currently using any method of contraception,65.9,1,BD,Bangladesh,2007,BD2007DHS,FP_CUSM_W_ANY,32633010,I,360007,1360070,Region,Rajshahi/Rangpur,0,,0,1,FPCUSMWANY,BDDHS2007360007,2007,DHS,2584,1927,,,1.0
BGD,Barishal,3027801,Married women currently using any modern method of contraception,47.1,1,BD,Bangladesh,2007,BD2007DHS,FP_CUSM_W_MOD,32633020,I,360001,1360010,Region,Barishal,0,,0,1,FPCUSMWMOD,BDDHS2007360001,2007,DHS,626,1357,,,1.0
BGD,Chattogram/Sylhet,6457862,Married women currently using any modern method of contraception,34.8,1,BD,Bangladesh,2007,BD2007DHS,FP_CUSM_W_MOD,32633020,I,360002,1360020,Region,Chattogram/Sylhet,0,,0,1,FPCUSMWMOD,BDDHS2007360002,2007,DHS,2512,3124,,,
BGD,Chattogram,2916714,Married women currently using any modern method of contraception,38.2,1,BD,Bangladesh,2007,BD2007DHS,FP_CUSM_W_MOD,32633020,I,360003,1360030,Region,..Chattogram,0,,0,1,FPCUSMWMOD,BDDHS2007360003,2007,DHS,1877,1804,,,1.0
BGD,Sylhet,7871327,Married women currently using any modern method of contraception,24.7,1,BD,Bangladesh,2007,BD2007DHS,FP_CUSM_W_MOD,32633020,I,360004,1360040,Region,..Sylhet,0,,0,1,FPCUSMWMOD,BDDHS2007360004,2007,DHS,635,1320,,,1.0
BGD,Dhaka before 2015,813451,Married women currently using any modern method of contraception,47.5,1,BD,Bangladesh,2007,BD2007DHS,FP_CUSM_W_MOD,32633020,I,360005,1360050,Region,Dhaka before 2015,0,,0,1,FPCUSMWMOD,BDDHS2007360005,2007,DHS,3189,2174,,,1.0
BGD,Khulna,4257927,Married women currently using any modern method of contraception,53.0,1,BD,Bangladesh,2007,BD2007DHS,FP_CUSM_W_MOD,32633020,I,360006,1360060,Region,Khulna,0,,0,1,FPCUSMWMOD,BDDHS2007360006,2007,DHS,1281,1564,,,1.0
BGD,Rajshahi/Rangpur,6517865,Married women currently using any modern method of contraception,57.1,1,BD,Bangladesh,2007,BD2007DHS,FP_CUSM_W_MOD,32633020,I,360007,1360070,Region,Rajshahi/Rangpur,0,,0,1,FPCUSMWMOD,BDDHS2007360007,2007,DHS,2584,1927,,,1.0
BGD,Barishal,5179446,Unmet need for family planning,19.6,1,BD,Bangladesh,2007,BD2007DHS,FP_NADM_W_UNT,32933030,I,360001,1360010,Region,Barishal,0,,0,1,FPNADMWUNT,BDDHS2007360001,2007,DHS,626,1357,,,1.0
BGD,Chattogram/Sylhet,6175333,Unmet need for family planning,23.5,1,BD,Bangladesh,2007,BD2007DHS,FP_NADM_W_UNT,32933030,I,360002,1360020,Region,Chattogram/Sylhet,0,,0,1,FPNADMWUNT,BDDHS2007360002,2007,DHS,2512,3124,,,
BGD,Chattogram,1556676,Unmet need for family planning,22.9,1,BD,Bangladesh,2007,BD2007DHS,FP_NADM_W_UNT,32933030,I,360003,1360030,Region,..Chattogram,0,,0,1,FPNADMWUNT,BDDHS2007360003,2007,DHS,1877,1804,,,1.0
BGD,Sylhet,7848716,Unmet need for family planning,25.4,1,BD,Bangladesh,2007,BD2007DHS,FP_NADM_W_UNT,32933030,I,360004,1360040,Region,..Sylhet,0,,0,1,FPNADMWUNT,BDDHS2007360004,2007,DHS,635,1320,,,1.0
BGD,Dhaka before 2015,1533043,Unmet need for family planning,17.0,1,BD,Bangladesh,2007,BD2007DHS,FP_NADM_W_UNT,32933030,I,360005,1360050,Region,Dhaka before 2015,0,,0,1,FPNADMWUNT,BDDHS2007360005,2007,DHS,3189,2174,,,1.0
BGD,Khulna,5003657,Unmet need for family planning,11.6,1,BD,Bangladesh,2007,BD2007DHS,FP_NADM_W_UNT,32933030,I,360006,1360060,Region,Khulna,0,,0,1,FPNADMWUNT,BDDHS2007360006,2007,DHS,1281,1564,,,1.0
BGD,Rajshahi/Rangpur,3582891,Unmet need for family planning,11.9,1,BD,Bangladesh,2007,BD2007DHS,FP_NADM_W_UNT,32933030,I,360007,1360070,Region,Rajshahi/Rangpur,0,,0,1,FPNADMWUNT,BDDHS2007360007,2007,DHS,2584,1927,,,1.0
BGD,Barishal,5179447,"Met need for family planning (currently using), total",56.3,1,BD,Bangladesh,2007,BD2007DHS,FP_NADM_W_MNT,32933060,I,360001,1360010,Region,Barishal,0,,0,1,FPNADMWMNT,BDDHS2007360001,2007,DHS,626,1357,,,1.0
BGD,Chattogram/Sylhet,6175348,"Met need for family planning (currently using), total",40.8,1,BD,Bangladesh,2007,BD2007DHS,FP_NADM_W_MNT,32933060,I,360002,1360020,Region,Chattogram/Sylhet,0,,0,1,FPNADMWMNT,BDDHS2007360002,2007,DHS,2512,3124,,,
BGD,Chattogram,1556668,"Met need for family planning (currently using), total",43.9,1,BD,Bangladesh,2007,BD2007DHS,FP_NADM_W_MNT,32933060,I,360003,1360030,Region,..Chattogram,0,,0,1,FPNADMWMNT,BDDHS2007360003,2007,DHS,1877,1804,,,1.0
BGD,Sylhet,7848709,"Met need for family planning (currently using), total",31.5,1,BD,Bangladesh,2007,BD2007DHS,FP_NADM_W_MNT,32933060,I,360004,1360040,Region,..Sylhet,0,,0,1,FPNADMWMNT,BDDHS2007360004,2007,DHS,635,1320,,,1.0
BGD,Dhaka before 2015,1533036,"Met need for family planning (currently using), total",56.4,1,BD,Bangladesh,2007,BD2007DHS,FP_NADM_W_MNT,32933060,I,360005,1360050,Region,Dhaka before 2015,0,,0,1,FPNADMWMNT,BDDHS2007360005,2007,DHS,3189,2174,,,1.0
BGD,Khulna,5003654,"Met need for family planning (currently using), total",63.1,1,BD,Bangladesh,2007,BD2007DHS,FP_NADM_W_MNT,32933060,I,360006,1360060,Region,Khulna,0,,0,1,FPNADMWMNT,BDDHS2007360006,2007,DHS,1281,1564,,,1.0
BGD,Rajshahi/Rangpur,3582886,"Met need for family planning (currently using), total",65.9,1,BD,Bangladesh,2007,BD2007DHS,FP_NADM_W_MNT,32933060,I,360007,1360070,Region,Rajshahi/Rangpur,0,,0,1,FPNADMWMNT,BDDHS2007360007,2007,DHS,2584,1927,,,1.0
BGD,Barishal,5179454,Total demand for family planning,75.9,1,BD,Bangladesh,2007,BD2007DHS,FP_NADM_W_TDT,32933090,I,360001,1360010,Region,Barishal,0,,0,1,FPNADMWTDT,BDDHS2007360001,2007,DHS,626,1357,,,1.0
BGD,Chattogram/Sylhet,6175330,Total demand for family planning,64.3,1,BD,Bangladesh,2007,BD2007DHS,FP_NADM_W_TDT,32933090,I,360002,1360020,Region,Chattogram/Sylhet,0,,0,1,FPNADMWTDT,BDDHS2007360002,2007,DHS,2512,3124,,,
BGD,Chattogram,1556673,Total demand for family planning,66.7,1,BD,Bangladesh,2007,BD2007DHS,FP_NADM_W_TDT,32933090,I,360003,1360030,Region,..Chattogram,0,,0,1,FPNADMWTDT,BDDHS2007360003,2007,DHS,1877,1804,,,1.0
BGD,Sylhet,7848708,Total demand for family planning,56.9,1,BD,Bangladesh,2007,BD2007DHS,FP_NADM_W_TDT,32933090,I,360004,1360040,Region,..Sylhet,0,,0,1,FPNADMWTDT,BDDHS2007360004,2007,DHS,635,1320,,,1.0
BGD,Dhaka before 2015,1533040,Total demand for family planning,73.4,1,BD,Bangladesh,2007,BD2007DHS,FP_NADM_W_TDT,32933090,I,360005,1360050,Region,Dhaka before 2015,0,,0,1,FPNADMWTDT,BDDHS2007360005,2007,DHS,3189,2174,,,1.0
BGD,Khulna,5003659,Total demand for family planning,74.7,1,BD,Bangladesh,2007,BD2007DHS,FP_NADM_W_TDT,32933090,I,360006,1360060,Region,Khulna,0,,0,1,FPNADMWTDT,BDDHS2007360006,2007,DHS,1281,1564,,,1.0
BGD,Rajshahi/Rangpur,3582885,Total demand for family planning,77.8,1,BD,Bangladesh,2007,BD2007DHS,FP_NADM_W_TDT,32933090,I,360007,1360070,Region,Rajshahi/Rangpur,0,,0,1,FPNADMWTDT,BDDHS2007360007,2007,DHS,2584,1927,,,1.0
BGD,Barishal,3156895,Demand for family planning satisfied by modern methods,62.1,1,BD,Bangladesh,2007,BD2007DHS,FP_NADM_W_PDM,32933150,I,360001,1360010,Region,Barishal,0,,0,1,FPNADMWPDM,BDDHS2007360001,2007,DHS,475,1027,,,1.0
BGD,Chattogram/Sylhet,6579681,Demand for family planning satisfied by modern methods,54.2,1,BD,Bangladesh,2007,BD2007DHS,FP_NADM_W_PDM,32933150,I,360002,1360020,Region,Chattogram/Sylhet,0,,0,1,FPNADMWPDM,BDDHS2007360002,2007,DHS,1614,2010,,,
BGD,Chattogram,4167515,Demand for family planning satisfied by modern methods,57.3,1,BD,Bangladesh,2007,BD2007DHS,FP_NADM_W_PDM,32933150,I,360003,1360030,Region,..Chattogram,0,,0,1,FPNADMWPDM,BDDHS2007360003,2007,DHS,1253,1224,,,1.0
BGD,Sylhet,7846877,Demand for family planning satisfied by modern methods,43.5,1,BD,Bangladesh,2007,BD2007DHS,FP_NADM_W_PDM,32933150,I,360004,1360040,Region,..Sylhet,0,,0,1,FPNADMWPDM,BDDHS2007360004,2007,DHS,362,786,,,1.0
BGD,Dhaka before 2015,5522825,Demand for family planning satisfied by modern methods,64.7,1,BD,Bangladesh,2007,BD2007DHS,FP_NADM_W_PDM,32933150,I,360005,1360050,Region,Dhaka before 2015,0,,0,1,FPNADMWPDM,BDDHS2007360005,2007,DHS,2340,1615,,,1.0
BGD,Khulna,3680767,Demand for family planning satisfied by modern methods,70.9,1,BD,Bangladesh,2007,BD2007DHS,FP_NADM_W_PDM,32933150,I,360006,1360060,Region,Khulna,0,,0,1,FPNADMWPDM,BDDHS2007360006,2007,DHS,958,1169,,,1.0
BGD,Rajshahi/Rangpur,6900325,Demand for family planning satisfied by modern methods,73.3,1,BD,Bangladesh,2007,BD2007DHS,FP_NADM_W_PDM,32933150,I,360007,1360070,Region,Rajshahi/Rangpur,0,,0,1,FPNADMWPDM,BDDHS2007360007,2007,DHS,2011,1496,,,1.0
BGD,Barishal,3917830,Married women currently using any method of contraception,64.7,1,BD,Bangladesh,2011,BD2011DHS,FP_CUSM_W_ANY,32633010,I,360001,1360010,Region,Barishal,0,,0,1,FPCUSMWANY,BDDHS2011360001,2011,DHS,952,1948,,,1.0
BGD,Chattogram/Sylhet,1542502,Married women currently using any method of contraception,49.9,1,BD,Bangladesh,2011,BD2011DHS,FP_CUSM_W_ANY,32633010,I,360002,1360020,Region,Chattogram/Sylhet,0,,0,1,FPCUSMWANY,BDDHS2011360002,2011,DHS,3899,4590,,,
BGD,Chattogram,5584687,Married women currently using any method of contraception,51.4,1,BD,Bangladesh,2011,BD2011DHS,FP_CUSM_W_ANY,32633010,I,360003,1360030,Region,..Chattogram,0,,0,1,FPCUSMWANY,BDDHS2011360003,2011,DHS,3015,2689,,,1.0
BGD,Sylhet,6157330,Married women currently using any method of contraception,44.8,1,BD,Bangladesh,2011,BD2011DHS,FP_CUSM_W_ANY,32633010,I,360004,1360040,Region,..Sylhet,0,,0,1,FPCUSMWANY,BDDHS2011360004,2011,DHS,884,1901,,,1.0
BGD,Dhaka before 2015,5404475,Married women currently using any method of contraception,61.0,1,BD,Bangladesh,2011,BD2011DHS,FP_CUSM_W_ANY,32633010,I,360005,1360050,Region,Dhaka before 2015,0,,0,1,FPCUSMWANY,BDDHS2011360005,2011,DHS,5334,2844,,,1.0
BGD,Khulna,2645640,Married women currently using any method of contraception,66.7,1,BD,Bangladesh,2011,BD2011DHS,FP_CUSM_W_ANY,32633010,I,360006,1360060,Region,Khulna,0,,0,1,FPCUSMWANY,BDDHS2011360006,2011,DHS,1996,2462,,,1.0
BGD,Rajshahi/Rangpur,6898587,Married women currently using any method of contraception,68.2,1,BD,Bangladesh,2011,BD2011DHS,FP_CUSM_W_ANY,32633010,I,360007,1360070,Region,Rajshahi/Rangpur,0,,0,1,FPCUSMWANY,BDDHS2011360007,2011,DHS,4454,4772,,,
BGD,Rangpur,6486548,Married women currently using any method of contraception,69.4,1,BD,Bangladesh,2011,BD2011DHS,FP_CUSM_W_ANY,32633010,I,360008,1360080,Region,..Rangpur,0,,0,1,FPCUSMWANY,BDDHS2011360008,2011,DHS,1927,2309,,,1.0
BGD,Rajshahi,2986087,Married women currently using any method of contraception,67.3,1,BD,Bangladesh,2011,BD2011DHS,FP_CUSM_W_ANY,32633010,I,360009,1360090,Region,..Rajshahi,0,,0,1,FPCUSMWANY,BDDHS2011360009,2011,DHS,2526,2463,,,1.0
BGD,Barishal,3917831,Married women currently using any modern method of contraception,54.5,1,BD,Bangladesh,2011,BD2011DHS,FP_CUSM_W_MOD,32633020,I,360001,1360010,Region,Barishal,0,,0,1,FPCUSMWMOD,BDDHS2011360001,2011,DHS,952,1948,,,1.0
BGD,Chattogram/Sylhet,1542503,Married women currently using any modern method of contraception,42.4,1,BD,Bangladesh,2011,BD2011DHS,FP_CUSM_W_MOD,32633020,I,360002,1360020,Region,Chattogram/Sylhet,0,,0,1,FPCUSMWMOD,BDDHS2011360002,2011,DHS,3899,4590,,,
BGD,Chattogram,5584688,Married women currently using any modern method of contraception,44.5,1,BD,Bangladesh,2011,BD2011DHS,FP_CUSM_W_MOD,32633020,I,360003,1360030,Region,..Chattogram,0,,0,1,FPCUSMWMOD,BDDHS2011360003,2011,DHS,3015,2689,,,1.0
BGD,Sylhet,6157331,Married women currently using any modern method of contraception,35.2,1,BD,Bangladesh,2011,BD2011DHS,FP_CUSM_W_MOD,32633020,I,360004,1360040,Region,..Sylhet,0,,0,1,FPCUSMWMOD,BDDHS2011360004,2011,DHS,884,1901,,,1.0
BGD,Dhaka before 2015,5404483,Married women currently using any modern method of contraception,51.1,1,BD,Bangladesh,2011,BD2011DHS,FP_CUSM_W_MOD,32633020,I,360005,1360050,Region,Dhaka before 2015,0,,0,1,FPCUSMWMOD,BDDHS2011360005,2011,DHS,5334,2844,,,1.0
BGD,Khulna,2645641,Married women currently using any modern method of contraception,56.1,1,BD,Bangladesh,2011,BD2011DHS,FP_CUSM_W_MOD,32633020,I,360006,1360060,Region,Khulna,0,,0,1,FPCUSMWMOD,BDDHS2011360006,2011,DHS,1996,2462,,,1.0
BGD,Rajshahi/Rangpur,6898588,Married women currently using any modern method of contraception,59.3,1,BD,Bangladesh,2011,BD2011DHS,FP_CUSM_W_MOD,32633020,I,360007,1360070,Region,Rajshahi/Rangpur,0,,0,1,FPCUSMWMOD,BDDHS2011360007,2011,DHS,4454,4772,,,
BGD,Rangpur,6486549,Married women currently using any modern method of contraception,60.7,1,BD,Bangladesh,2011,BD2011DHS,FP_CUSM_W_MOD,32633020,I,360008,1360080,Region,..Rangpur,0,,0,1,FPCUSMWMOD,BDDHS2011360008,2011,DHS,1927,2309,,,1.0
BGD,Rajshahi,2986088,Married women currently using any modern method of contraception,58.3,1,BD,Bangladesh,2011,BD2011DHS,FP_CUSM_W_MOD,32633020,I,360009,1360090,Region,..Rajshahi,0,,0,1,FPCUSMWMOD,BDDHS2011360009,2011,DHS,2526,2463,,,1.0
BGD,Barishal,2662355,Unmet need for family planning,12.1,1,BD,Bangladesh,2011,BD2011DHS,FP_NADM_W_UNT,32933030,I,360001,1360010,Region,Barishal,0,,0,1,FPNADMWUNT,BDDHS2011360001,2011,DHS,952,1948,,,1.0
BGD,Chattogram/Sylhet,4875517,Unmet need for family planning,19.9,1,BD,Bangladesh,2011,BD2011DHS,FP_NADM_W_UNT,32933030,I,360002,1360020,Region,Chattogram/Sylhet,0,,0,1,FPNADMWUNT,BDDHS2011360002,2011,DHS,3899,4590,,,
BGD,Chattogram,751702,Unmet need for family planning,20.7,1,BD,Bangladesh,2011,BD2011DHS,FP_NADM_W_UNT,32933030,I,360003,1360030,Region,..Chattogram,0,,0,1,FPNADMWUNT,BDDHS2011360003,2011,DHS,3015,2689,,,1.0
BGD,Sylhet,6363255,Unmet need for family planning,17.3,1,BD,Bangladesh,2011,BD2011DHS,FP_NADM_W_UNT,32933030,I,360004,1360040,Region,..Sylhet,0,,0,1,FPNADMWUNT,BDDHS2011360004,2011,DHS,884,1901,,,1.0
BGD,Dhaka before 2015,6024424,Unmet need for family planning,13.0,1,BD,Bangladesh,2011,BD2011DHS,FP_NADM_W_UNT,32933030,I,360005,1360050,Region,Dhaka before 2015,0,,0,1,FPNADMWUNT,BDDHS2011360005,2011,DHS,5334,2844,,,1.0
BGD,Khulna,2726183,Unmet need for family planning,9.5,1,BD,Bangladesh,2011,BD2011DHS,FP_NADM_W_UNT,32933030,I,360006,1360060,Region,Khulna,0,,0,1,FPNADMWUNT,BDDHS2011360006,2011,DHS,1996,2462,,,1.0
BGD,Rajshahi/Rangpur,6982051,Unmet need for family planning,10.4,1,BD,Bangladesh,2011,BD2011DHS,FP_NADM_W_UNT,32933030,I,360007,1360070,Region,Rajshahi/Rangpur,0,,0,1,FPNADMWUNT,BDDHS2011360007,2011,DHS,4454,4772,,,
BGD,Rangpur,1549178,Unmet need for family planning,9.7,1,BD,Bangladesh,2011,BD2011DHS,FP_NADM_W_UNT,32933030,I,360008,1360080,Region,..Rangpur,0,,0,1,FPNADMWUNT,BDDHS2011360008,2011,DHS,1927,2309,,,1.0
BGD,Rajshahi,4765161,Unmet need for family planning,11.0,1,BD,Bangladesh,2011,BD2011DHS,FP_NADM_W_UNT,32933030,I,360009,1360090,Region,..Rajshahi,0,,0,1,FPNADMWUNT,BDDHS2011360009,2011,DHS,2526,2463,,,1.0
BGD,Barishal,2662350,"Met need for family planning (currently using), total",64.7,1,BD,Bangladesh,2011,BD2011DHS,FP_NADM_W_MNT,32933060,I,360001,1360010,Region,Barishal,0,,0,1,FPNADMWMNT,BDDHS2011360001,2011,DHS,952,1948,,,1.0
BGD,Chattogram/Sylhet,4875579,"Met need for family planning (currently using), total",49.9,1,BD,Bangladesh,2011,BD2011DHS,FP_NADM_W_MNT,32933060,I,360002,1360020,Region,Chattogram/Sylhet,0,,0,1,FPNADMWMNT,BDDHS2011360002,2011,DHS,3899,4590,,,
BGD,Chattogram,751693,"Met need for family planning (currently using), total",51.4,1,BD,Bangladesh,2011,BD2011DHS,FP_NADM_W_MNT,32933060,I,360003,1360030,Region,..Chattogram,0,,0,1,FPNADMWMNT,BDDHS2011360003,2011,DHS,3015,2689,,,1.0
BGD,Sylhet,6363192,"Met need for family planning (currently using), total",44.8,1,BD,Bangladesh,2011,BD2011DHS,FP_NADM_W_MNT,32933060,I,360004,1360040,Region,..Sylhet,0,,0,1,FPNADMWMNT,BDDHS2011360004,2011,DHS,884,1901,,,1.0
BGD,Dhaka before 2015,6024418,"Met need for family planning (currently using), total",61.0,1,BD,Bangladesh,2011,BD2011DHS,FP_NADM_W_MNT,32933060,I,360005,1360050,Region,Dhaka before 2015,0,,0,1,FPNADMWMNT,BDDHS2011360005,2011,DHS,5334,2844,,,1.0
BGD,Khulna,2726207,"Met need for family planning (currently using), total",66.7,1,BD,Bangladesh,2011,BD2011DHS,FP_NADM_W_MNT,32933060,I,360006,1360060,Region,Khulna,0,,0,1,FPNADMWMNT,BDDHS2011360006,2011,DHS,1996,2462,,,1.0
BGD,Rajshahi/Rangpur,6982019,"Met need for family planning (currently using), total",68.2,1,BD,Bangladesh,2011,BD2011DHS,FP_NADM_W_MNT,32933060,I,360007,1360070,Region,Rajshahi/Rangpur,0,,0,1,FPNADMWMNT,BDDHS2011360007,2011,DHS,4454,4772,,,
BGD,Rangpur,1549182,"Met need for family planning (currently using), total",69.4,1,BD,Bangladesh,2011,BD2011DHS,FP_NADM_W_MNT,32933060,I,360008,1360080,Region,..Rangpur,0,,0,1,FPNADMWMNT,BDDHS2011360008,2011,DHS,1927,2309,,,1.0
BGD,Rajshahi,4765164,"Met need for family planning (currently using), total",67.3,1,BD,Bangladesh,2011,BD2011DHS,FP_NADM_W_MNT,32933060,I,360009,1360090,Region,..Rajshahi,0,,0,1,FPNADMWMNT,BDDHS2011360009,2011,DHS,2526,2463,,,1.0
BGD,Barishal,2662347,Total demand for family planning,76.8,1,BD,Bangladesh,2011,BD2011DHS,FP_NADM_W_TDT,32933090,I,360001,1360010,Region,Barishal,0,,0,1,FPNADMWTDT,BDDHS2011360001,2011,DHS,952,1948,,,1.0
BGD,Chattogram/Sylhet,4875514,Total demand for family planning,69.8,1,BD,Bangladesh,2011,BD2011DHS,FP_NADM_W_TDT,32933090,I,360002,1360020,Region,Chattogram/Sylhet,0,,0,1,FPNADMWTDT,BDDHS2011360002,2011,DHS,3899,4590,,,
BGD,Chattogram,751697,Total demand for family planning,72.1,1,BD,Bangladesh,2011,BD2011DHS,FP_NADM_W_TDT,32933090,I,360003,1360030,Region,..Chattogram,0,,0,1,FPNADMWTDT,BDDHS2011360003,2011,DHS,3015,2689,,,1.0
BGD,Sylhet,6363191,Total demand for family planning,62.1,1,BD,Bangladesh,2011,BD2011DHS,FP_NADM_W_TDT,32933090,I,360004,1360040,Region,..Sylhet,0,,0,1,FPNADMWTDT,BDDHS2011360004,2011,DHS,884,1901,,,1.0
BGD,Dhaka before 2015,6024416,Total demand for family planning,74.0,1,BD,Bangladesh,2011,BD2011DHS,FP_NADM_W_TDT,32933090,I,360005,1360050,Region,Dhaka before 2015,0,,0,1,FPNADMWTDT,BDDHS2011360005,2011,DHS,5334,2844,,,1.0
BGD,Khulna,2726178,Total demand for family planning,76.2,1,BD,Bangladesh,2011,BD2011DHS,FP_NADM_W_TDT,32933090,I,360006,1360060,Region,Khulna,0,,0,1,FPNADMWTDT,BDDHS2011360006,2011,DHS,1996,2462,,,1.0
BGD,Rajshahi/Rangpur,6982047,Total demand for family planning,78.7,1,BD,Bangladesh,2011,BD2011DHS,FP_NADM_W_TDT,32933090,I,360007,1360070,Region,Rajshahi/Rangpur,0,,0,1,FPNADMWTDT,BDDHS2011360007,2011,DHS,4454,4772,,,
BGD,Rangpur,1549173,Total demand for family planning,79.0,1,BD,Bangladesh,2011,BD2011DHS,FP_NADM_W_TDT,32933090,I,360008,1360080,Region,..Rangpur,0,,0,1,FPNADMWTDT,BDDHS2011360008,2011,DHS,1927,2309,,,1.0
BGD,Rajshahi,4765151,Total demand for family planning,78.4,1,BD,Bangladesh,2011,BD2011DHS,FP_NADM_W_TDT,32933090,I,360009,1360090,Region,..Rajshahi,0,,0,1,FPNADMWTDT,BDDHS2011360009,2011,DHS,2526,2463,,,1.0
BGD,Barishal,5185653,Demand for family planning satisfied by modern methods,71.0,1,BD,Bangladesh,2011,BD2011DHS,FP_NADM_W_PDM,32933150,I,360001,1360010,Region,Barishal,0,,0,1,FPNADMWPDM,BDDHS2011360001,2011,DHS,731,1501,,,1.0
BGD,Chattogram/Sylhet,3778062,Demand for family planning satisfied by modern methods,60.7,1,BD,Bangladesh,2011,BD2011DHS,FP_NADM_W_PDM,32933150,I,360002,1360020,Region,Chattogram/Sylhet,0,,0,1,FPNADMWPDM,BDDHS2011360002,2011,DHS,2722,3175,,,
BGD,Chattogram,3021545,Demand for family planning satisfied by modern methods,61.7,1,BD,Bangladesh,2011,BD2011DHS,FP_NADM_W_PDM,32933150,I,360003,1360030,Region,..Chattogram,0,,0,1,FPNADMWPDM,BDDHS2011360003,2011,DHS,2174,1960,,,1.0
BGD,Sylhet,6499988,Demand for family planning satisfied by modern methods,56.7,1,BD,Bangladesh,2011,BD2011DHS,FP_NADM_W_PDM,32933150,I,360004,1360040,Region,..Sylhet,0,,0,1,FPNADMWPDM,BDDHS2011360004,2011,DHS,549,1215,,,1.0
BGD,Dhaka before 2015,4743304,Demand for family planning satisfied by modern methods,69.1,1,BD,Bangladesh,2011,BD2011DHS,FP_NADM_W_PDM,32933150,I,360005,1360050,Region,Dhaka before 2015,0,,0,1,FPNADMWPDM,BDDHS2011360005,2011,DHS,3946,2102,,,1.0
BGD,Khulna,4538228,Demand for family planning satisfied by modern methods,73.6,1,BD,Bangladesh,2011,BD2011DHS,FP_NADM_W_PDM,32933150,I,360006,1360060,Region,Khulna,0,,0,1,FPNADMWPDM,BDDHS2011360006,2011,DHS,1522,1868,,,1.0
BGD,Rajshahi/Rangpur,3892879,Demand for family planning satisfied by modern methods,75.4,1,BD,Bangladesh,2011,BD2011DHS,FP_NADM_W_PDM,32933150,I,360007,1360070,Region,Rajshahi/Rangpur,0,,0,1,FPNADMWPDM,BDDHS2011360007,2011,DHS,3503,3753,,,
BGD,Rangpur,5830159,Demand for family planning satisfied by modern methods,76.8,1,BD,Bangladesh,2011,BD2011DHS,FP_NADM_W_PDM,32933150,I,360008,1360080,Region,..Rangpur,0,,0,1,FPNADMWPDM,BDDHS2011360008,2011,DHS,1523,1825,,,1.0
BGD,Rajshahi,5747015,Demand for family planning satisfied by modern methods,74.3,1,BD,Bangladesh,2011,BD2011DHS,FP_NADM_W_PDM,32933150,I,360009,1360090,Region,..Rajshahi,0,,0,1,FPNADMWPDM,BDDHS2011360009,2011,DHS,1980,1928,,,1.0
BGD,Barishal,4125530,Married women currently using any method of contraception,63.3,1,BD,Bangladesh,2014,BD2014DHS,FP_CUSM_W_ANY,32633010,I,360001,1360010,Region,Barishal,0,,0,1,FPCUSMWANY,BDDHS2014360001,2014,DHS,1051,2030,,,1.0
BGD,Chattogram/Sylhet,3210331,Married women currently using any method of contraception,53.1,1,BD,Bangladesh,2014,BD2014DHS,FP_CUSM_W_ANY,32633010,I,360002,1360020,Region,Chattogram/Sylhet,0,,0,1,FPCUSMWANY,BDDHS2014360002,2014,DHS,4269,4682,,,
BGD,Chattogram,775998,Married women currently using any method of contraception,55.0,1,BD,Bangladesh,2014,BD2014DHS,FP_CUSM_W_ANY,32633010,I,360003,1360030,Region,..Chattogram,0,,0,1,FPCUSMWANY,BDDHS2014360003,2014,DHS,3121,2707,,,1.0
BGD,Sylhet,5948366,Married women currently using any method of contraception,47.8,1,BD,Bangladesh,2014,BD2014DHS,FP_CUSM_W_ANY,32633010,I,360004,1360040,Region,..Sylhet,0,,0,1,FPCUSMWANY,BDDHS2014360004,2014,DHS,1147,1975,,,1.0
BGD,Dhaka before 2015,5790458,Married women currently using any method of contraception,63.0,1,BD,Bangladesh,2014,BD2014DHS,FP_CUSM_W_ANY,32633010,I,360005,1360050,Region,Dhaka before 2015,0,,0,1,FPCUSMWANY,BDDHS2014360005,2014,DHS,5857,2916,,,1.0
BGD,Khulna,1542543,Married women currently using any method of contraception,67.1,1,BD,Bangladesh,2014,BD2014DHS,FP_CUSM_W_ANY,32633010,I,360006,1360060,Region,Khulna,0,,0,1,FPCUSMWANY,BDDHS2014360006,2014,DHS,1729,2416,,,1.0
BGD,Rajshahi/Rangpur,33867,Married women currently using any method of contraception,69.6,1,BD,Bangladesh,2014,BD2014DHS,FP_CUSM_W_ANY,32633010,I,360007,1360070,Region,Rajshahi/Rangpur,0,,0,1,FPCUSMWANY,BDDHS2014360007,2014,DHS,3953,4786,,,
BGD,Rangpur,1556694,Married women currently using any method of contraception,69.8,1,BD,Bangladesh,2014,BD2014DHS,FP_CUSM_W_ANY,32633010,I,360008,1360080,Region,..Rangpur,0,,0,1,FPCUSMWANY,BDDHS2014360008,2014,DHS,1946,2397,,,1.0
BGD,Rajshahi,5553904,Married women currently using any method of contraception,69.4,1,BD,Bangladesh,2014,BD2014DHS,FP_CUSM_W_ANY,32633010,I,360009,1360090,Region,..Rajshahi,0,,0,1,FPCUSMWANY,BDDHS2014360009,2014,DHS,2007,2389,,,1.0
BGD,Barishal,4125531,Married women currently using any modern method of contraception,54.6,1,BD,Bangladesh,2014,BD2014DHS,FP_CUSM_W_MOD,32633020,I,360001,1360010,Region,Barishal,0,,0,1,FPCUSMWMOD,BDDHS2014360001,2014,DHS,1051,2030,,,1.0
BGD,Chattogram/Sylhet,3210332,Married women currently using any modern method of contraception,45.5,1,BD,Bangladesh,2014,BD2014DHS,FP_CUSM_W_MOD,32633020,I,360002,1360020,Region,Chattogram/Sylhet,0,,0,1,FPCUSMWMOD,BDDHS2014360002,2014,DHS,4269,4682,,,
BGD,Chattogram,775999,Married women currently using any modern method of contraception,47.2,1,BD,Bangladesh,2014,BD2014DHS,FP_CUSM_W_MOD,32633020,I,360003,1360030,Region,..Chattogram,0,,0,1,FPCUSMWMOD,BDDHS2014360003,2014,DHS,3121,2707,,,1.0
BGD,Sylhet,5948367,Married women currently using any modern method of contraception,40.9,1,BD,Bangladesh,2014,BD2014DHS,FP_CUSM_W_MOD,32633020,I,360004,1360040,Region,..Sylhet,0,,0,1,FPCUSMWMOD,BDDHS2014360004,2014,DHS,1147,1975,,,1.0
BGD,Dhaka before 2015,5790468,Married women currently using any modern method of contraception,54.2,1,BD,Bangladesh,2014,BD2014DHS,FP_CUSM_W_MOD,32633020,I,360005,1360050,Region,Dhaka before 2015,0,,0,1,FPCUSMWMOD,BDDHS2014360005,2014,DHS,5857,2916,,,1.0
BGD,Khulna,1542544,Married women currently using any modern method of contraception,56.4,1,BD,Bangladesh,2014,BD2014DHS,FP_CUSM_W_MOD,32633020,I,360006,1360060,Region,Khulna,0,,0,1,FPCUSMWMOD,BDDHS2014360006,2014,DHS,1729,2416,,,1.0
BGD,Rajshahi/Rangpur,33868,Married women currently using any modern method of contraception,61.9,1,BD,Bangladesh,2014,BD2014DHS,FP_CUSM_W_MOD,32633020,I,360007,1360070,Region,Rajshahi/Rangpur,0,,0,1,FPCUSMWMOD,BDDHS2014360007,2014,DHS,3953,4786,,,
BGD,Rangpur,1556695,Married women currently using any modern method of contraception,63.0,1,BD,Bangladesh,2014,BD2014DHS,FP_CUSM_W_MOD,32633020,I,360008,1360080,Region,..Rangpur,0,,0,1,FPCUSMWMOD,BDDHS2014360008,2014,DHS,1946,2397,,,1.0
BGD,Rajshahi,5553905,Married women currently using any modern method of contraception,60.7,1,BD,Bangladesh,2014,BD2014DHS,FP_CUSM_W_MOD,32633020,I,360009,1360090,Region,..Rajshahi,0,,0,1,FPCUSMWMOD,BDDHS2014360009,2014,DHS,2007,2389,,,1.0
BGD,Barishal,3157726,Unmet need for family planning,11.3,1,BD,Bangladesh,2014,BD2014DHS,FP_NADM_W_UNT,32933030,I,360001,1360010,Region,Barishal,0,,0,1,FPNADMWUNT,BDDHS2014360001,2014,DHS,1051,2030,,,1.0
BGD,Chattogram/Sylhet,6621391,Unmet need for family planning,17.5,1,BD,Bangladesh,2014,BD2014DHS,FP_NADM_W_UNT,32933030,I,360002,1360020,Region,Chattogram/Sylhet,0,,0,1,FPNADMWUNT,BDDHS2014360002,2014,DHS,4269,4682,,,
BGD,Chattogram,1542609,Unmet need for family planning,17.4,1,BD,Bangladesh,2014,BD2014DHS,FP_NADM_W_UNT,32933030,I,360003,1360030,Region,..Chattogram,0,,0,1,FPNADMWUNT,BDDHS2014360003,2014,DHS,3121,2707,,,1.0
BGD,Sylhet,6833251,Unmet need for family planning,17.8,1,BD,Bangladesh,2014,BD2014DHS,FP_NADM_W_UNT,32933030,I,360004,1360040,Region,..Sylhet,0,,0,1,FPNADMWUNT,BDDHS2014360004,2014,DHS,1147,1975,,,1.0
BGD,Dhaka before 2015,2974280,Unmet need for family planning,12.1,1,BD,Bangladesh,2014,BD2014DHS,FP_NADM_W_UNT,32933030,I,360005,1360050,Region,Dhaka before 2015,0,,0,1,FPNADMWUNT,BDDHS2014360005,2014,DHS,5857,2916,,,1.0
BGD,Khulna,1542620,Unmet need for family planning,9.5,1,BD,Bangladesh,2014,BD2014DHS,FP_NADM_W_UNT,32933030,I,360006,1360060,Region,Khulna,0,,0,1,FPNADMWUNT,BDDHS2014360006,2014,DHS,1729,2416,,,1.0
BGD,Rajshahi/Rangpur,7177263,Unmet need for family planning,7.3,1,BD,Bangladesh,2014,BD2014DHS,FP_NADM_W_UNT,32933030,I,360007,1360070,Region,Rajshahi/Rangpur,0,,0,1,FPNADMWUNT,BDDHS2014360007,2014,DHS,3953,4786,,,
BGD,Rangpur,4705015,Unmet need for family planning,6.8,1,BD,Bangladesh,2014,BD2014DHS,FP_NADM_W_UNT,32933030,I,360008,1360080,Region,..Rangpur,0,,0,1,FPNADMWUNT,BDDHS2014360008,2014,DHS,1946,2397,,,1.0
BGD,Rajshahi,6608083,Unmet need for family planning,7.7,1,BD,Bangladesh,2014,BD2014DHS,FP_NADM_W_UNT,32933030,I,360009,1360090,Region,..Rajshahi,0,,0,1,FPNADMWUNT,BDDHS2014360009,2014,DHS,2007,2389,,,1.0
BGD,Barishal,3157701,"Met need for family planning (currently using), total",63.3,1,BD,Bangladesh,2014,BD2014DHS,FP_NADM_W_MNT,32933060,I,360001,1360010,Region,Barishal,0,,0,1,FPNADMWMNT,BDDHS2014360001,2014,DHS,1051,2030,,,1.0
BGD,Chattogram/Sylhet,6621384,"Met need for family planning (currently using), total",53.1,1,BD,Bangladesh,2014,BD2014DHS,FP_NADM_W_MNT,32933060,I,360002,1360020,Region,Chattogram/Sylhet,0,,0,1,FPNADMWMNT,BDDHS2014360002,2014,DHS,4269,4682,,,
BGD,Chattogram,1542590,"Met need for family planning (currently using), total",55.0,1,BD,Bangladesh,2014,BD2014DHS,FP_NADM_W_MNT,32933060,I,360003,1360030,Region,..Chattogram,0,,0,1,FPNADMWMNT,BDDHS2014360003,2014,DHS,3121,2707,,,1.0
BGD,Sylhet,6833244,"Met need for family planning (currently using), total",47.8,1,BD,Bangladesh,2014,BD2014DHS,FP_NADM_W_MNT,32933060,I,360004,1360040,Region,..Sylhet,0,,0,1,FPNADMWMNT,BDDHS2014360004,2014,DHS,1147,1975,,,1.0
BGD,Dhaka before 2015,2974405,"Met need for family planning (currently using), total",63.0,1,BD,Bangladesh,2014,BD2014DHS,FP_NADM_W_MNT,32933060,I,360005,1360050,Region,Dhaka before 2015,0,,0,1,FPNADMWMNT,BDDHS2014360005,2014,DHS,5857,2916,,,1.0
BGD,Khulna,1542599,"Met need for family planning (currently using), total",67.1,1,BD,Bangladesh,2014,BD2014DHS,FP_NADM_W_MNT,32933060,I,360006,1360060,Region,Khulna,0,,0,1,FPNADMWMNT,BDDHS2014360006,2014,DHS,1729,2416,,,1.0
BGD,Rajshahi/Rangpur,7177255,"Met need for family planning (currently using), total",69.6,1,BD,Bangladesh,2014,BD2014DHS,FP_NADM_W_MNT,32933060,I,360007,1360070,Region,Rajshahi/Rangpur,0,,0,1,FPNADMWMNT,BDDHS2014360007,2014,DHS,3953,4786,,,
BGD,Rangpur,4705004,"Met need for family planning (currently using), total",69.8,1,BD,Bangladesh,2014,BD2014DHS,FP_NADM_W_MNT,32933060,I,360008,1360080,Region,..Rangpur,0,,0,1,FPNADMWMNT,BDDHS2014360008,2014,DHS,1946,2397,,,1.0
BGD,Rajshahi,6608087,"Met need for family planning (currently using), total",69.4,1,BD,Bangladesh,2014,BD2014DHS,FP_NADM_W_MNT,32933060,I,360009,1360090,Region,..Rajshahi,0,,0,1,FPNADMWMNT,BDDHS2014360009,2014,DHS,2007,2389,,,1.0
BGD,Barishal,3157700,Total demand for family planning,74.6,1,BD,Bangladesh,2014,BD2014DHS,FP_NADM_W_TDT,32933090,I,360001,1360010,Region,Barishal,0,,0,1,FPNADMWTDT,BDDHS2014360001,2014,DHS,1051,2030,,,1.0
BGD,Chattogram/Sylhet,6621383,Total demand for family planning,70.6,1,BD,Bangladesh,2014,BD2014DHS,FP_NADM_W_TDT,32933090,I,360002,1360020,Region,Chattogram/Sylhet,0,,0,1,FPNADMWTDT,BDDHS2014360002,2014,DHS,4269,4682,,,
BGD,Chattogram,1542611,Total demand for family planning,72.4,1,BD,Bangladesh,2014,BD2014DHS,FP_NADM_W_TDT,32933090,I,360003,1360030,Region,..Chattogram,0,,0,1,FPNADMWTDT,BDDHS2014360003,2014,DHS,3121,2707,,,1.0
BGD,Sylhet,6833243,Total demand for family planning,65.6,1,BD,Bangladesh,2014,BD2014DHS,FP_NADM_W_TDT,32933090,I,360004,1360040,Region,..Sylhet,0,,0,1,FPNADMWTDT,BDDHS2014360004,2014,DHS,1147,1975,,,1.0
BGD,Dhaka before 2015,2974404,Total demand for family planning,75.0,1,BD,Bangladesh,2014,BD2014DHS,FP_NADM_W_TDT,32933090,I,360005,1360050,Region,Dhaka before 2015,0,,0,1,FPNADMWTDT,BDDHS2014360005,2014,DHS,5857,2916,,,1.0
BGD,Khulna,1542604,Total demand for family planning,76.5,1,BD,Bangladesh,2014,BD2014DHS,FP_NADM_W_TDT,32933090,I,360006,1360060,Region,Khulna,0,,0,1,FPNADMWTDT,BDDHS2014360006,2014,DHS,1729,2416,,,1.0
BGD,Rajshahi/Rangpur,7177260,Total demand for family planning,76.9,1,BD,Bangladesh,2014,BD2014DHS,FP_NADM_W_TDT,32933090,I,360007,1360070,Region,Rajshahi/Rangpur,0,,0,1,FPNADMWTDT,BDDHS2014360007,2014,DHS,3953,4786,,,
BGD,Rangpur,4705003,Total demand for family planning,76.6,1,BD,Bangladesh,2014,BD2014DHS,FP_NADM_W_TDT,32933090,I,360008,1360080,Region,..Rangpur,0,,0,1,FPNADMWTDT,BDDHS2014360008,2014,DHS,1946,2397,,,1.0
BGD,Rajshahi,6608090,Total demand for family planning,77.1,1,BD,Bangladesh,2014,BD2014DHS,FP_NADM_W_TDT,32933090,I,360009,1360090,Region,..Rajshahi,0,,0,1,FPNADMWTDT,BDDHS2014360009,2014,DHS,2007,2389,,,1.0
BGD,Barishal,6471129,Demand for family planning satisfied by modern methods,73.1,1,BD,Bangladesh,2014,BD2014DHS,FP_NADM_W_PDM,32933150,I,360001,1360010,Region,Barishal,0,,0,1,FPNADMWPDM,BDDHS2014360001,2014,DHS,784,1504,,,1.0
BGD,Chattogram/Sylhet,2764230,Demand for family planning satisfied by modern methods,64.5,1,BD,Bangladesh,2014,BD2014DHS,FP_NADM_W_PDM,32933150,I,360002,1360020,Region,Chattogram/Sylhet,0,,0,1,FPNADMWPDM,BDDHS2014360002,2014,DHS,3012,3232,,,
BGD,Chattogram,4788281,Demand for family planning satisfied by modern methods,65.2,1,BD,Bangladesh,2014,BD2014DHS,FP_NADM_W_PDM,32933150,I,360003,1360030,Region,..Chattogram,0,,0,1,FPNADMWPDM,BDDHS2014360003,2014,DHS,2260,1948,,,1.0
BGD,Sylhet,1549247,Demand for family planning satisfied by modern methods,62.3,1,BD,Bangladesh,2014,BD2014DHS,FP_NADM_W_PDM,32933150,I,360004,1360040,Region,..Sylhet,0,,0,1,FPNADMWPDM,BDDHS2014360004,2014,DHS,752,1284,,,1.0
BGD,Dhaka before 2015,1533121,Demand for family planning satisfied by modern methods,72.3,1,BD,Bangladesh,2014,BD2014DHS,FP_NADM_W_PDM,32933150,I,360005,1360050,Region,Dhaka before 2015,0,,0,1,FPNADMWPDM,BDDHS2014360005,2014,DHS,4394,2169,,,1.0
BGD,Khulna,5854390,Demand for family planning satisfied by modern methods,73.7,1,BD,Bangladesh,2014,BD2014DHS,FP_NADM_W_PDM,32933150,I,360006,1360060,Region,Khulna,0,,0,1,FPNADMWPDM,BDDHS2014360006,2014,DHS,1323,1852,,,1.0
BGD,Rajshahi/Rangpur,6377962,Demand for family planning satisfied by modern methods,80.5,1,BD,Bangladesh,2014,BD2014DHS,FP_NADM_W_PDM,32933150,I,360007,1360070,Region,Rajshahi/Rangpur,0,,0,1,FPNADMWPDM,BDDHS2014360007,2014,DHS,3038,3691,,,
BGD,Rangpur,3520063,Demand for family planning satisfied by modern methods,82.3,1,BD,Bangladesh,2014,BD2014DHS,FP_NADM_W_PDM,32933150,I,360008,1360080,Region,..Rangpur,0,,0,1,FPNADMWPDM,BDDHS2014360008,2014,DHS,1491,1850,,,1.0
BGD,Rajshahi,2858656,Demand for family planning satisfied by modern methods,78.7,1,BD,Bangladesh,2014,BD2014DHS,FP_NADM_W_PDM,32933150,I,360009,1360090,Region,..Rajshahi,0,,0,1,FPNADMWPDM,BDDHS2014360009,2014,DHS,1547,1841,,,1.0
BGD,Barishal,4664593,Married women currently using any method of contraception,61.6,1,BD,Bangladesh,2017,BD2017DHS,FP_CUSM_W_ANY,32633010,I,360001,1360010,Region,Barishal,0,,0,1,FPCUSMWANY,BDDHS2017360001,2017-18,DHS,1056,2012,,,1.0
BGD,Chattogram/Sylhet,6368514,Married women currently using any method of contraception,54.1,1,BD,Bangladesh,2017,BD2017DHS,FP_CUSM_W_ANY,32633010,I,360002,1360020,Region,Chattogram/Sylhet,0,,0,1,FPCUSMWANY,BDDHS2017360002,2017-18,DHS,4498,4756,,,
BGD,Chattogram,475569,Married women currently using any method of contraception,53.7,1,BD,Bangladesh,2017,BD2017DHS,FP_CUSM_W_ANY,32633010,I,360003,1360030,Region,..Chattogram,0,,0,1,FPCUSMWANY,BDDHS2017360003,2017-18,DHS,3414,2731,,,1.0
BGD,Sylhet,1556876,Married women currently using any method of contraception,55.4,1,BD,Bangladesh,2017,BD2017DHS,FP_CUSM_W_ANY,32633010,I,360004,1360040,Region,..Sylhet,0,,0,1,FPCUSMWANY,BDDHS2017360004,2017-18,DHS,1085,2025,,,1.0
BGD,Dhaka before 2015,5140724,Married women currently using any method of contraception,62.4,1,BD,Bangladesh,2017,BD2017DHS,FP_CUSM_W_ANY,32633010,I,360005,1360050,Region,Dhaka before 2015,0,,0,1,FPCUSMWANY,BDDHS2017360005,2017-18,DHS,6332,4875,,,
BGD,Dhaka,4116720,Married women currently using any method of contraception,62.2,1,BD,Bangladesh,2017,BD2017DHS,FP_CUSM_W_ANY,32633010,I,360010,1360052,Region,..Dhaka,0,,0,1,FPCUSMWANY,BDDHS2017360010,2017-18,DHS,4864,2822,,,1.0
BGD,Mymensingh,3694744,Married women currently using any method of contraception,63.4,1,BD,Bangladesh,2017,BD2017DHS,FP_CUSM_W_ANY,32633010,I,360011,1360055,Region,..Mymensingh,0,,0,1,FPCUSMWANY,BDDHS2017360011,2017-18,DHS,1468,2053,,,1.0
BGD,Khulna,3157735,Married women currently using any method of contraception,64.6,1,BD,Bangladesh,2017,BD2017DHS,FP_CUSM_W_ANY,32633010,I,360006,1360060,Region,Khulna,0,,0,1,FPCUSMWANY,BDDHS2017360006,2017-18,DHS,2205,2480,,,1.0
BGD,Rajshahi/Rangpur,6558281,Married women currently using any method of contraception,67.0,1,BD,Bangladesh,2017,BD2017DHS,FP_CUSM_W_ANY,32633010,I,360007,1360070,Region,Rajshahi/Rangpur,0,,0,1,FPCUSMWANY,BDDHS2017360007,2017-18,DHS,4892,4772,,,
BGD,Rangpur,4356462,Married women currently using any method of contraception,69.8,1,BD,Bangladesh,2017,BD2017DHS,FP_CUSM_W_ANY,32633010,I,360008,1360080,Region,..Rangpur,0,,0,1,FPCUSMWANY,BDDHS2017360008,2017-18,DHS,2248,2346,,,1.0
BGD,Rajshahi,6070047,Married women currently using any method of contraception,64.7,1,BD,Bangladesh,2017,BD2017DHS,FP_CUSM_W_ANY,32633010,I,360009,1360090,Region,..Rajshahi,0,,0,1,FPCUSMWANY,BDDHS2017360009,2017-18,DHS,2645,2426,,,1.0
BGD,Barishal,4664594,Married women currently using any modern method of contraception,50.9,1,BD,Bangladesh,2017,BD2017DHS,FP_CUSM_W_MOD,32633020,I,360001,1360010,Region,Barishal,0,,0,1,FPCUSMWMOD,BDDHS2017360001,2017-18,DHS,1056,2012,,,1.0
BGD,Chattogram/Sylhet,6368515,Married women currently using any modern method of contraception,44.8,1,BD,Bangladesh,2017,BD2017DHS,FP_CUSM_W_MOD,32633020,I,360002,1360020,Region,Chattogram/Sylhet,0,,0,1,FPCUSMWMOD,BDDHS2017360002,2017-18,DHS,4498,4756,,,
BGD,Chattogram,475570,Married women currently using any modern method of contraception,44.8,1,BD,Bangladesh,2017,BD2017DHS,FP_CUSM_W_MOD,32633020,I,360003,1360030,Region,..Chattogram,0,,0,1,FPCUSMWMOD,BDDHS2017360003,2017-18,DHS,3414,2731,,,1.0
BGD,Sylhet,1556877,Married women currently using any modern method of contraception,44.8,1,BD,Bangladesh,2017,BD2017DHS,FP_CUSM_W_MOD,32633020,I,360004,1360040,Region,..Sylhet,0,,0,1,FPCUSMWMOD,BDDHS2017360004,2017-18,DHS,1085,2025,,,1.0
BGD,Dhaka before 2015,5140725,Married women currently using any modern method of contraception,53.2,1,BD,Bangladesh,2017,BD2017DHS,FP_CUSM_W_MOD,32633020,I,360005,1360050,Region,Dhaka before 2015,0,,0,1,FPCUSMWMOD,BDDHS2017360005,2017-18,DHS,6332,4875,,,
BGD,Dhaka,4116721,Married women currently using any modern method of contraception,52.6,1,BD,Bangladesh,2017,BD2017DHS,FP_CUSM_W_MOD,32633020,I,360010,1360052,Region,..Dhaka,0,,0,1,FPCUSMWMOD,BDDHS2017360010,2017-18,DHS,4864,2822,,,1.0
BGD,Mymensingh,3694745,Married women currently using any modern method of contraception,55.1,1,BD,Bangladesh,2017,BD2017DHS,FP_CUSM_W_MOD,32633020,I,360011,1360055,Region,..Mymensingh,0,,0,1,FPCUSMWMOD,BDDHS2017360011,2017-18,DHS,1468,2053,,,1.0
BGD,Khulna,3157736,Married women currently using any modern method of contraception,52.2,1,BD,Bangladesh,2017,BD2017DHS,FP_CUSM_W_MOD,32633020,I,360006,1360060,Region,Khulna,0,,0,1,FPCUSMWMOD,BDDHS2017360006,2017-18,DHS,2205,2480,,,1.0
BGD,Rajshahi/Rangpur,6558282,Married women currently using any modern method of contraception,56.8,1,BD,Bangladesh,2017,BD2017DHS,FP_CUSM_W_MOD,32633020,I,360007,1360070,Region,Rajshahi/Rangpur,0,,0,1,FPCUSMWMOD,BDDHS2017360007,2017-18,DHS,4892,4772,,,
BGD,Rangpur,4356463,Married women currently using any modern method of contraception,59.0,1,BD,Bangladesh,2017,BD2017DHS,FP_CUSM_W_MOD,32633020,I,360008,1360080,Region,..Rangpur,0,,0,1,FPCUSMWMOD,BDDHS2017360008,2017-18,DHS,2248,2346,,,1.0
BGD,Rajshahi,6070052,Married women currently using any modern method of contraception,55.0,1,BD,Bangladesh,2017,BD2017DHS,FP_CUSM_W_MOD,32633020,I,360009,1360090,Region,..Rajshahi,0,,0,1,FPCUSMWMOD,BDDHS2017360009,2017-18,DHS,2645,2426,,,1.0
BGD,Barishal,2845040,Unmet need for family planning,13.9,1,BD,Bangladesh,2017,BD2017DHS,FP_NADM_W_UNT,32933030,I,360001,1360010,Region,Barishal,0,,0,1,FPNADMWUNT,BDDHS2017360001,2017-18,DHS,1056,2012,,,1.0
BGD,Chattogram/Sylhet,4919846,Unmet need for family planning,17.0,1,BD,Bangladesh,2017,BD2017DHS,FP_NADM_W_UNT,32933030,I,360002,1360020,Region,Chattogram/Sylhet,0,,0,1,FPNADMWUNT,BDDHS2017360002,2017-18,DHS,4498,4756,,,
BGD,Chattogram,2978817,Unmet need for family planning,18.0,1,BD,Bangladesh,2017,BD2017DHS,FP_NADM_W_UNT,32933030,I,360003,1360030,Region,..Chattogram,0,,0,1,FPNADMWUNT,BDDHS2017360003,2017-18,DHS,3414,2731,,,1.0
BGD,Sylhet,6408552,Unmet need for family planning,13.8,1,BD,Bangladesh,2017,BD2017DHS,FP_NADM_W_UNT,32933030,I,360004,1360040,Region,..Sylhet,0,,0,1,FPNADMWUNT,BDDHS2017360004,2017-18,DHS,1085,2025,,,1.0
BGD,Dhaka before 2015,4258277,Unmet need for family planning,11.7,1,BD,Bangladesh,2017,BD2017DHS,FP_NADM_W_UNT,32933030,I,360005,1360050,Region,Dhaka before 2015,0,,0,1,FPNADMWUNT,BDDHS2017360005,2017-18,DHS,6332,4875,,,
BGD,Dhaka,1549307,Unmet need for family planning,12.3,1,BD,Bangladesh,2017,BD2017DHS,FP_NADM_W_UNT,32933030,I,360010,1360052,Region,..Dhaka,0,,0,1,FPNADMWUNT,BDDHS2017360010,2017-18,DHS,4864,2822,,,1.0
BGD,Mymensingh,6233191,Unmet need for family planning,9.5,1,BD,Bangladesh,2017,BD2017DHS,FP_NADM_W_UNT,32933030,I,360011,1360055,Region,..Mymensingh,0,,0,1,FPNADMWUNT,BDDHS2017360011,2017-18,DHS,1468,2053,,,1.0
BGD,Khulna,5015792,Unmet need for family planning,8.5,1,BD,Bangladesh,2017,BD2017DHS,FP_NADM_W_UNT,32933030,I,360006,1360060,Region,Khulna,0,,0,1,FPNADMWUNT,BDDHS2017360006,2017-18,DHS,2205,2480,,,1.0
BGD,Rajshahi/Rangpur,5067774,Unmet need for family planning,8.9,1,BD,Bangladesh,2017,BD2017DHS,FP_NADM_W_UNT,32933030,I,360007,1360070,Region,Rajshahi/Rangpur,0,,0,1,FPNADMWUNT,BDDHS2017360007,2017-18,DHS,4892,4772,,,
BGD,Rangpur,1556785,Unmet need for family planning,8.1,1,BD,Bangladesh,2017,BD2017DHS,FP_NADM_W_UNT,32933030,I,360008,1360080,Region,..Rangpur,0,,0,1,FPNADMWUNT,BDDHS2017360008,2017-18,DHS,2248,2346,,,1.0
BGD,Rajshahi,2592366,Unmet need for family planning,9.6,1,BD,Bangladesh,2017,BD2017DHS,FP_NADM_W_UNT,32933030,I,360009,1360090,Region,..Rajshahi,0,,0,1,FPNADMWUNT,BDDHS2017360009,2017-18,DHS,2645,2426,,,1.0
BGD,Barishal,2845033,"Met need for family planning (currently using), total",61.6,1,BD,Bangladesh,2017,BD2017DHS,FP_NADM_W_MNT,32933060,I,360001,1360010,Region,Barishal,0,,0,1,FPNADMWMNT,BDDHS2017360001,2017-18,DHS,1056,2012,,,1.0
BGD,Chattogram/Sylhet,4919850,"Met need for family planning (currently using), total",54.1,1,BD,Bangladesh,2017,BD2017DHS,FP_NADM_W_MNT,32933060,I,360002,1360020,Region,Chattogram/Sylhet,0,,0,1,FPNADMWMNT,BDDHS2017360002,2017-18,DHS,4498,4756,,,
BGD,Chattogram,2978819,"Met need for family planning (currently using), total",53.7,1,BD,Bangladesh,2017,BD2017DHS,FP_NADM_W_MNT,32933060,I,360003,1360030,Region,..Chattogram,0,,0,1,FPNADMWMNT,BDDHS2017360003,2017-18,DHS,3414,2731,,,1.0
BGD,Sylhet,6408548,"Met need for family planning (currently using), total",55.4,1,BD,Bangladesh,2017,BD2017DHS,FP_NADM_W_MNT,32933060,I,360004,1360040,Region,..Sylhet,0,,0,1,FPNADMWMNT,BDDHS2017360004,2017-18,DHS,1085,2025,,,1.0
BGD,Dhaka before 2015,4258129,"Met need for family planning (currently using), total",62.4,1,BD,Bangladesh,2017,BD2017DHS,FP_NADM_W_MNT,32933060,I,360005,1360050,Region,Dhaka before 2015,0,,0,1,FPNADMWMNT,BDDHS2017360005,2017-18,DHS,6332,4875,,,
BGD,Dhaka,1549303,"Met need for family planning (currently using), total",62.2,1,BD,Bangladesh,2017,BD2017DHS,FP_NADM_W_MNT,32933060,I,360010,1360052,Region,..Dhaka,0,,0,1,FPNADMWMNT,BDDHS2017360010,2017-18,DHS,4864,2822,,,1.0
BGD,Mymensingh,6233193,"Met need for family planning (currently using), total",63.4,1,BD,Bangladesh,2017,BD2017DHS,FP_NADM_W_MNT,32933060,I,360011,1360055,Region,..Mymensingh,0,,0,1,FPNADMWMNT,BDDHS2017360011,2017-18,DHS,1468,2053,,,1.0
BGD,Khulna,5015796,"Met need for family planning (currently using), total",64.6,1,BD,Bangladesh,2017,BD2017DHS,FP_NADM_W_MNT,32933060,I,360006,1360060,Region,Khulna,0,,0,1,FPNADMWMNT,BDDHS2017360006,2017-18,DHS,2205,2480,,,1.0
BGD,Rajshahi/Rangpur,5067770,"Met need for family planning (currently using), total",67.0,1,BD,Bangladesh,2017,BD2017DHS,FP_NADM_W_MNT,32933060,I,360007,1360070,Region,Rajshahi/Rangpur,0,,0,1,FPNADMWMNT,BDDHS2017360007,2017-18,DHS,4892,4772,,,
BGD,Rangpur,1556780,"Met need for family planning (currently using), total",69.8,1,BD,Bangladesh,2017,BD2017DHS,FP_NADM_W_MNT,32933060,I,360008,1360080,Region,..Rangpur,0,,0,1,FPNADMWMNT,BDDHS2017360008,2017-18,DHS,2248,2346,,,1.0
BGD,Rajshahi,2592341,"Met need for family planning (currently using), total",64.7,1,BD,Bangladesh,2017,BD2017DHS,FP_NADM_W_MNT,32933060,I,360009,1360090,Region,..Rajshahi,0,,0,1,FPNADMWMNT,BDDHS2017360009,2017-18,DHS,2645,2426,,,1.0
BGD,Barishal,2845035,Total demand for family planning,75.6,1,BD,Bangladesh,2017,BD2017DHS,FP_NADM_W_TDT,32933090,I,360001,1360010,Region,Barishal,0,,0,1,FPNADMWTDT,BDDHS2017360001,2017-18,DHS,1056,2012,,,1.0
BGD,Chattogram/Sylhet,4919843,Total demand for family planning,71.1,1,BD,Bangladesh,2017,BD2017DHS,FP_NADM_W_TDT,32933090,I,360002,1360020,Region,Chattogram/Sylhet,0,,0,1,FPNADMWTDT,BDDHS2017360002,2017-18,DHS,4498,4756,,,
BGD,Chattogram,2978823,Total demand for family planning,71.8,1,BD,Bangladesh,2017,BD2017DHS,FP_NADM_W_TDT,32933090,I,360003,1360030,Region,..Chattogram,0,,0,1,FPNADMWTDT,BDDHS2017360003,2017-18,DHS,3414,2731,,,1.0
BGD,Sylhet,6408554,Total demand for family planning,69.1,1,BD,Bangladesh,2017,BD2017DHS,FP_NADM_W_TDT,32933090,I,360004,1360040,Region,..Sylhet,0,,0,1,FPNADMWTDT,BDDHS2017360004,2017-18,DHS,1085,2025,,,1.0
BGD,Dhaka before 2015,4258127,Total demand for family planning,74.1,1,BD,Bangladesh,2017,BD2017DHS,FP_NADM_W_TDT,32933090,I,360005,1360050,Region,Dhaka before 2015,0,,0,1,FPNADMWTDT,BDDHS2017360005,2017-18,DHS,6332,4875,,,
BGD,Dhaka,1549302,Total demand for family planning,74.5,1,BD,Bangladesh,2017,BD2017DHS,FP_NADM_W_TDT,32933090,I,360010,1360052,Region,..Dhaka,0,,0,1,FPNADMWTDT,BDDHS2017360010,2017-18,DHS,4864,2822,,,1.0
BGD,Mymensingh,6233194,Total demand for family planning,72.9,1,BD,Bangladesh,2017,BD2017DHS,FP_NADM_W_TDT,32933090,I,360011,1360055,Region,..Mymensingh,0,,0,1,FPNADMWTDT,BDDHS2017360011,2017-18,DHS,1468,2053,,,1.0
BGD,Khulna,5015799,Total demand for family planning,73.2,1,BD,Bangladesh,2017,BD2017DHS,FP_NADM_W_TDT,32933090,I,360006,1360060,Region,Khulna,0,,0,1,FPNADMWTDT,BDDHS2017360006,2017-18,DHS,2205,2480,,,1.0
BGD,Rajshahi/Rangpur,5067767,Total demand for family planning,75.9,1,BD,Bangladesh,2017,BD2017DHS,FP_NADM_W_TDT,32933090,I,360007,1360070,Region,Rajshahi/Rangpur,0,,0,1,FPNADMWTDT,BDDHS2017360007,2017-18,DHS,4892,4772,,,
BGD,Rangpur,1556778,Total demand for family planning,77.9,1,BD,Bangladesh,2017,BD2017DHS,FP_NADM_W_TDT,32933090,I,360008,1360080,Region,..Rangpur,0,,0,1,FPNADMWTDT,BDDHS2017360008,2017-18,DHS,2248,2346,,,1.0
BGD,Rajshahi,2592340,Total demand for family planning,74.2,1,BD,Bangladesh,2017,BD2017DHS,FP_NADM_W_TDT,32933090,I,360009,1360090,Region,..Rajshahi,0,,0,1,FPNADMWTDT,BDDHS2017360009,2017-18,DHS,2645,2426,,,1.0
BGD,Barishal,1557037,Demand for family planning satisfied by modern methods,67.4,1,BD,Bangladesh,2017,BD2017DHS,FP_NADM_W_PDM,32933150,I,360001,1360010,Region,Barishal,0,,0,1,FPNADMWPDM,BDDHS2017360001,2017-18,DHS,798,1537,,,1.0
BGD,Chattogram/Sylhet,4824704,Demand for family planning satisfied by modern methods,62.9,1,BD,Bangladesh,2017,BD2017DHS,FP_NADM_W_PDM,32933150,I,360002,1360020,Region,Chattogram/Sylhet,0,,0,1,FPNADMWPDM,BDDHS2017360002,2017-18,DHS,3200,3375,,,
BGD,Chattogram,6603860,Demand for family planning satisfied by modern methods,62.4,1,BD,Bangladesh,2017,BD2017DHS,FP_NADM_W_PDM,32933150,I,360003,1360030,Region,..Chattogram,0,,0,1,FPNADMWPDM,BDDHS2017360003,2017-18,DHS,2450,1968,,,1.0
BGD,Sylhet,4353759,Demand for family planning satisfied by modern methods,64.8,1,BD,Bangladesh,2017,BD2017DHS,FP_NADM_W_PDM,32933150,I,360004,1360040,Region,..Sylhet,0,,0,1,FPNADMWPDM,BDDHS2017360004,2017-18,DHS,750,1407,,,1.0
BGD,Dhaka before 2015,6056931,Demand for family planning satisfied by modern methods,71.8,1,BD,Bangladesh,2017,BD2017DHS,FP_NADM_W_PDM,32933150,I,360005,1360050,Region,Dhaka before 2015,0,,0,1,FPNADMWPDM,BDDHS2017360005,2017-18,DHS,4694,3622,,,
BGD,Dhaka,3454536,Demand for family planning satisfied by modern methods,70.7,1,BD,Bangladesh,2017,BD2017DHS,FP_NADM_W_PDM,32933150,I,360010,1360052,Region,..Dhaka,0,,0,1,FPNADMWPDM,BDDHS2017360010,2017-18,DHS,3624,2107,,,1.0
BGD,Mymensingh,1557039,Demand for family planning satisfied by modern methods,75.6,1,BD,Bangladesh,2017,BD2017DHS,FP_NADM_W_PDM,32933150,I,360011,1360055,Region,..Mymensingh,0,,0,1,FPNADMWPDM,BDDHS2017360011,2017-18,DHS,1070,1515,,,1.0
BGD,Khulna,1542887,Demand for family planning satisfied by modern methods,71.3,1,BD,Bangladesh,2017,BD2017DHS,FP_NADM_W_PDM,32933150,I,360006,1360060,Region,Khulna,0,,0,1,FPNADMWPDM,BDDHS2017360006,2017-18,DHS,1613,1824,,,1.0
BGD,Rajshahi/Rangpur,5067769,Demand for family planning satisfied by modern methods,74.9,1,BD,Bangladesh,2017,BD2017DHS,FP_NADM_W_PDM,32933150,I,360007,1360070,Region,Rajshahi/Rangpur,0,,0,1,FPNADMWPDM,BDDHS2017360007,2017-18,DHS,3713,3628,,,
BGD,Rangpur,2692029,Demand for family planning satisfied by modern methods,75.7,1,BD,Bangladesh,2017,BD2017DHS,FP_NADM_W_PDM,32933150,I,360008,1360080,Region,..Rangpur,0,,0,1,FPNADMWPDM,BDDHS2017360008,2017-18,DHS,1750,1820,,,1.0
BGD,Rajshahi,6864421,Demand for family planning satisfied by modern methods,74.1,1,BD,Bangladesh,2017,BD2017DHS,FP_NADM_W_PDM,32933150,I,360009,1360090,Region,..Rajshahi,0,,0,1,FPNADMWPDM,BDDHS2017360009,2017-18,DHS,1963,1808,,,1.0
BGD,Barishal,5673378,Married women currently using any method of contraception,64.8,1,BD,Bangladesh,2022,BD2022DHS,FP_CUSM_W_ANY,32633010,I,360001,1360010,Region,Barishal,0,,0,1,FPCUSMWANY,BDDHS2022360001,2022,DHS,1153,2033,,,1.0
BGD,Barishal,5673379,Married women currently using any method of contraception,64.8,1,BD,Bangladesh,2022,BD2022DHS,FP_CUSM_W_ANY,32633010,I,360001,1360010,Region,Barishal,0,,0,1,FPCUSMWANY,BDDHS2022360001,2022,DHS,1153,2033,,,1.0
BGD,Chattogram/Sylhet,493794,Married women currently using any method of contraception,56.4,1,BD,Bangladesh,2022,BD2022DHS,FP_CUSM_W_ANY,32633010,I,360002,1360020,Region,Chattogram/Sylhet,0,,0,1,FPCUSMWANY,BDDHS2022360002,2022,DHS,4641,4817,,,
BGD,Chattogram,2119515,Married women currently using any method of contraception,57.5,1,BD,Bangladesh,2022,BD2022DHS,FP_CUSM_W_ANY,32633010,I,360003,1360030,Region,..Chattogram,0,,0,1,FPCUSMWANY,BDDHS2022360003,2022,DHS,3559,2821,,,1.0
BGD,Chattogram,2119516,Married women currently using any method of contraception,57.5,1,BD,Bangladesh,2022,BD2022DHS,FP_CUSM_W_ANY,32633010,I,360003,1360030,Region,..Chattogram,0,,0,1,FPCUSMWANY,BDDHS2022360003,2022,DHS,3559,2821,,,1.0
BGD,Sylhet,504008,Married women currently using any method of contraception,52.8,1,BD,Bangladesh,2022,BD2022DHS,FP_CUSM_W_ANY,32633010,I,360004,1360040,Region,..Sylhet,0,,0,1,FPCUSMWANY,BDDHS2022360004,2022,DHS,1082,1996,,,1.0
BGD,Sylhet,504009,Married women currently using any method of contraception,52.8,1,BD,Bangladesh,2022,BD2022DHS,FP_CUSM_W_ANY,32633010,I,360004,1360040,Region,..Sylhet,0,,0,1,FPCUSMWANY,BDDHS2022360004,2022,DHS,1082,1996,,,1.0
BGD,Dhaka before 2015,2107383,Married women currently using any method of contraception,63.7,1,BD,Bangladesh,2022,BD2022DHS,FP_CUSM_W_ANY,32633010,I,360005,1360050,Region,Dhaka before 2015,0,,0,1,FPCUSMWANY,BDDHS2022360005,2022,DHS,6267,4922,,,
BGD,Dhaka,5141260,Married women currently using any method of contraception,63.0,1,BD,Bangladesh,2022,BD2022DHS,FP_CUSM_W_ANY,32633010,I,360010,1360052,Region,..Dhaka,0,,0,1,FPCUSMWANY,BDDHS2022360010,2022,DHS,4817,2871,,,1.0
BGD,Dhaka,5141261,Married women currently using any method of contraception,63.0,1,BD,Bangladesh,2022,BD2022DHS,FP_CUSM_W_ANY,32633010,I,360010,1360052,Region,..Dhaka,0,,0,1,FPCUSMWANY,BDDHS2022360010,2022,DHS,4817,2871,,,1.0
BGD,Mymensingh,3413032,Married women currently using any method of contraception,66.1,1,BD,Bangladesh,2022,BD2022DHS,FP_CUSM_W_ANY,32633010,I,360011,1360055,Region,..Mymensingh,0,,0,1,FPCUSMWANY,BDDHS2022360011,2022,DHS,1450,2051,,,1.0
BGD,Mymensingh,3413033,Married women currently using any method of contraception,66.1,1,BD,Bangladesh,2022,BD2022DHS,FP_CUSM_W_ANY,32633010,I,360011,1360055,Region,..Mymensingh,0,,0,1,FPCUSMWANY,BDDHS2022360011,2022,DHS,1450,2051,,,1.0
BGD,Khulna,6235035,Married women currently using any method of contraception,66.5,1,BD,Bangladesh,2022,BD2022DHS,FP_CUSM_W_ANY,32633010,I,360006,1360060,Region,Khulna,0,,0,1,FPCUSMWANY,BDDHS2022360006,2022,DHS,2281,2478,,,1.0
BGD,Khulna,6235036,Married women currently using any method of contraception,66.5,1,BD,Bangladesh,2022,BD2022DHS,FP_CUSM_W_ANY,32633010,I,360006,1360060,Region,Khulna,0,,0,1,FPCUSMWANY,BDDHS2022360006,2022,DHS,2281,2478,,,1.0
BGD,Rajshahi/Rangpur,4145449,Married women currently using any method of contraception,70.3,1,BD,Bangladesh,2022,BD2022DHS,FP_CUSM_W_ANY,32633010,I,360007,1360070,Region,Rajshahi/Rangpur,0,,0,1,FPCUSMWANY,BDDHS2022360007,2022,DHS,4718,4737,,,
BGD,Rangpur,6464491,Married women currently using any method of contraception,70.7,1,BD,Bangladesh,2022,BD2022DHS,FP_CUSM_W_ANY,32633010,I,360008,1360080,Region,..Rangpur,0,,0,1,FPCUSMWANY,BDDHS2022360008,2022,DHS,2197,2298,,,1.0
BGD,Rangpur,6464492,Married women currently using any method of contraception,70.7,1,BD,Bangladesh,2022,BD2022DHS,FP_CUSM_W_ANY,32633010,I,360008,1360080,Region,..Rangpur,0,,0,1,FPCUSMWANY,BDDHS2022360008,2022,DHS,2197,2298,,,1.0
BGD,Rajshahi,4970239,Married women currently using any method of contraception,70.0,1,BD,Bangladesh,2022,BD2022DHS,FP_CUSM_W_ANY,32633010,I,360009,1360090,Region,..Rajshahi,0,,0,1,FPCUSMWANY,BDDHS2022360009,2022,DHS,2521,2439,,,1.0
BGD,Rajshahi,4970240,Married women currently using any method of contraception,70.0,1,BD,Bangladesh,2022,BD2022DHS,FP_CUSM_W_ANY,32633010,I,360009,1360090,Region,..Rajshahi,0,,0,1,FPCUSMWANY,BDDHS2022360009,2022,DHS,2521,2439,,,1.0
BGD,Barishal,5673380,Married women currently using any modern method of contraception,54.0,1,BD,Bangladesh,2022,BD2022DHS,FP_CUSM_W_MOD,32633020,I,360001,1360010,Region,Barishal,0,,0,1,FPCUSMWMOD,BDDHS2022360001,2022,DHS,1153,2033,,,1.0
BGD,Barishal,5673381,Married women currently using any modern method of contraception,54.0,1,BD,Bangladesh,2022,BD2022DHS,FP_CUSM_W_MOD,32633020,I,360001,1360010,Region,Barishal,0,,0,1,FPCUSMWMOD,BDDHS2022360001,2022,DHS,1153,2033,,,1.0
BGD,Chattogram/Sylhet,493795,Married women currently using any modern method of contraception,47.9,1,BD,Bangladesh,2022,BD2022DHS,FP_CUSM_W_MOD,32633020,I,360002,1360020,Region,Chattogram/Sylhet,0,,0,1,FPCUSMWMOD,BDDHS2022360002,2022,DHS,4641,4817,,,
BGD,Chattogram,2119517,Married women currently using any modern method of contraception,49.0,1,BD,Bangladesh,2022,BD2022DHS,FP_CUSM_W_MOD,32633020,I,360003,1360030,Region,..Chattogram,0,,0,1,FPCUSMWMOD,BDDHS2022360003,2022,DHS,3559,2821,,,1.0
BGD,Chattogram,2119518,Married women currently using any modern method of contraception,49.0,1,BD,Bangladesh,2022,BD2022DHS,FP_CUSM_W_MOD,32633020,I,360003,1360030,Region,..Chattogram,0,,0,1,FPCUSMWMOD,BDDHS2022360003,2022,DHS,3559,2821,,,1.0
BGD,Sylhet,504010,Married women currently using any modern method of contraception,44.3,1,BD,Bangladesh,2022,BD2022DHS,FP_CUSM_W_MOD,32633020,I,360004,1360040,Region,..Sylhet,0,,0,1,FPCUSMWMOD,BDDHS2022360004,2022,DHS,1082,1996,,,1.0
BGD,Sylhet,504011,Married women currently using any modern method of contraception,44.3,1,BD,Bangladesh,2022,BD2022DHS,FP_CUSM_W_MOD,32633020,I,360004,1360040,Region,..Sylhet,0,,0,1,FPCUSMWMOD,BDDHS2022360004,2022,DHS,1082,1996,,,1.0
BGD,Dhaka before 2015,2107384,Married women currently using any modern method of contraception,54.6,1,BD,Bangladesh,2022,BD2022DHS,FP_CUSM_W_MOD,32633020,I,360005,1360050,Region,Dhaka before 2015,0,,0,1,FPCUSMWMOD,BDDHS2022360005,2022,DHS,6267,4922,,,
BGD,Dhaka,5141262,Married women currently using any modern method of contraception,53.2,1,BD,Bangladesh,2022,BD2022DHS,FP_CUSM_W_MOD,32633020,I,360010,1360052,Region,..Dhaka,0,,0,1,FPCUSMWMOD,BDDHS2022360010,2022,DHS,4817,2871,,,1.0
BGD,Dhaka,5141263,Married women currently using any modern method of contraception,53.2,1,BD,Bangladesh,2022,BD2022DHS,FP_CUSM_W_MOD,32633020,I,360010,1360052,Region,..Dhaka,0,,0,1,FPCUSMWMOD,BDDHS2022360010,2022,DHS,4817,2871,,,1.0
BGD,Mymensingh,3413034,Married women currently using any modern method of contraception,59.0,1,BD,Bangladesh,2022,BD2022DHS,FP_CUSM_W_MOD,32633020,I,360011,1360055,Region,..Mymensingh,0,,0,1,FPCUSMWMOD,BDDHS2022360011,2022,DHS,1450,2051,,,1.0
BGD,Mymensingh,3413035,Married women currently using any modern method of contraception,59.0,1,BD,Bangladesh,2022,BD2022DHS,FP_CUSM_W_MOD,32633020,I,360011,1360055,Region,..Mymensingh,0,,0,1,FPCUSMWMOD,BDDHS2022360011,2022,DHS,1450,2051,,,1.0
BGD,Khulna,6235037,Married women currently using any modern method of contraception,56.3,1,BD,Bangladesh,2022,BD2022DHS,FP_CUSM_W_MOD,32633020,I,360006,1360060,Region,Khulna,0,,0,1,FPCUSMWMOD,BDDHS2022360006,2022,DHS,2281,2478,,,1.0
BGD,Khulna,6235038,Married women currently using any modern method of contraception,56.3,1,BD,Bangladesh,2022,BD2022DHS,FP_CUSM_W_MOD,32633020,I,360006,1360060,Region,Khulna,0,,0,1,FPCUSMWMOD,BDDHS2022360006,2022,DHS,2281,2478,,,1.0
BGD,Rajshahi/Rangpur,4145450,Married women currently using any modern method of contraception,61.0,1,BD,Bangladesh,2022,BD2022DHS,FP_CUSM_W_MOD,32633020,I,360007,1360070,Region,Rajshahi/Rangpur,0,,0,1,FPCUSMWMOD,BDDHS2022360007,2022,DHS,4718,4737,,,
BGD,Rangpur,6464493,Married women currently using any modern method of contraception,61.3,1,BD,Bangladesh,2022,BD2022DHS,FP_CUSM_W_MOD,32633020,I,360008,1360080,Region,..Rangpur,0,,0,1,FPCUSMWMOD,BDDHS2022360008,2022,DHS,2197,2298,,,1.0
BGD,Rangpur,6464494,Married women currently using any modern method of contraception,61.3,1,BD,Bangladesh,2022,BD2022DHS,FP_CUSM_W_MOD,32633020,I,360008,1360080,Region,..Rangpur,0,,0,1,FPCUSMWMOD,BDDHS2022360008,2022,DHS,2197,2298,,,1.0
BGD,Rajshahi,4970241,Married women currently using any modern method of contraception,60.8,1,BD,Bangladesh,2022,BD2022DHS,FP_CUSM_W_MOD,32633020,I,360009,1360090,Region,..Rajshahi,0,,0,1,FPCUSMWMOD,BDDHS2022360009,2022,DHS,2521,2439,,,1.0
BGD,Rajshahi,4970242,Married women currently using any modern method of contraception,60.8,1,BD,Bangladesh,2022,BD2022DHS,FP_CUSM_W_MOD,32633020,I,360009,1360090,Region,..Rajshahi,0,,0,1,FPCUSMWMOD,BDDHS2022360009,2022,DHS,2521,2439,,,1.0
BGD,Barishal,4870478,Unmet need for family planning,10.2,1,BD,Bangladesh,2022,BD2022DHS,FP_NADM_W_UNT,32933030,I,360001,1360010,Region,Barishal,0,,0,1,FPNADMWUNT,BDDHS2022360001,2022,DHS,1153,2033,,,1.0
BGD,Barishal,4870479,Unmet need for family planning,10.2,1,BD,Bangladesh,2022,BD2022DHS,FP_NADM_W_UNT,32933030,I,360001,1360010,Region,Barishal,0,,0,1,FPNADMWUNT,BDDHS2022360001,2022,DHS,1153,2033,,,1.0
BGD,Chattogram/Sylhet,4417120,Unmet need for family planning,15.1,1,BD,Bangladesh,2022,BD2022DHS,FP_NADM_W_UNT,32933030,I,360002,1360020,Region,Chattogram/Sylhet,0,,0,1,FPNADMWUNT,BDDHS2022360002,2022,DHS,4641,4817,,,
BGD,Chattogram,7166317,Unmet need for family planning,15.6,1,BD,Bangladesh,2022,BD2022DHS,FP_NADM_W_UNT,32933030,I,360003,1360030,Region,..Chattogram,0,,0,1,FPNADMWUNT,BDDHS2022360003,2022,DHS,3559,2821,,,1.0
BGD,Chattogram,7166318,Unmet need for family planning,15.6,1,BD,Bangladesh,2022,BD2022DHS,FP_NADM_W_UNT,32933030,I,360003,1360030,Region,..Chattogram,0,,0,1,FPNADMWUNT,BDDHS2022360003,2022,DHS,3559,2821,,,1.0
BGD,Sylhet,697730,Unmet need for family planning,13.2,1,BD,Bangladesh,2022,BD2022DHS,FP_NADM_W_UNT,32933030,I,360004,1360040,Region,..Sylhet,0,,0,1,FPNADMWUNT,BDDHS2022360004,2022,DHS,1082,1996,,,1.0
BGD,Sylhet,697731,Unmet need for family planning,13.2,1,BD,Bangladesh,2022,BD2022DHS,FP_NADM_W_UNT,32933030,I,360004,1360040,Region,..Sylhet,0,,0,1,FPNADMWUNT,BDDHS2022360004,2022,DHS,1082,1996,,,1.0
BGD,Dhaka before 2015,3677046,Unmet need for family planning,9.6,1,BD,Bangladesh,2022,BD2022DHS,FP_NADM_W_UNT,32933030,I,360005,1360050,Region,Dhaka before 2015,0,,0,1,FPNADMWUNT,BDDHS2022360005,2022,DHS,6267,4922,,,
BGD,Dhaka,7294394,Unmet need for family planning,10.1,1,BD,Bangladesh,2022,BD2022DHS,FP_NADM_W_UNT,32933030,I,360010,1360052,Region,..Dhaka,0,,0,1,FPNADMWUNT,BDDHS2022360010,2022,DHS,4817,2871,,,1.0
BGD,Dhaka,7294395,Unmet need for family planning,10.1,1,BD,Bangladesh,2022,BD2022DHS,FP_NADM_W_UNT,32933030,I,360010,1360052,Region,..Dhaka,0,,0,1,FPNADMWUNT,BDDHS2022360010,2022,DHS,4817,2871,,,1.0
BGD,Mymensingh,5510176,Unmet need for family planning,8.1,1,BD,Bangladesh,2022,BD2022DHS,FP_NADM_W_UNT,32933030,I,360011,1360055,Region,..Mymensingh,0,,0,1,FPNADMWUNT,BDDHS2022360011,2022,DHS,1450,2051,,,1.0
BGD,Mymensingh,5510177,Unmet need for family planning,8.1,1,BD,Bangladesh,2022,BD2022DHS,FP_NADM_W_UNT,32933030,I,360011,1360055,Region,..Mymensingh,0,,0,1,FPNADMWUNT,BDDHS2022360011,2022,DHS,1450,2051,,,1.0
BGD,Khulna,140784,Unmet need for family planning,8.3,1,BD,Bangladesh,2022,BD2022DHS,FP_NADM_W_UNT,32933030,I,360006,1360060,Region,Khulna,0,,0,1,FPNADMWUNT,BDDHS2022360006,2022,DHS,2281,2478,,,1.0
BGD,Khulna,140785,Unmet need for family planning,8.3,1,BD,Bangladesh,2022,BD2022DHS,FP_NADM_W_UNT,32933030,I,360006,1360060,Region,Khulna,0,,0,1,FPNADMWUNT,BDDHS2022360006,2022,DHS,2281,2478,,,1.0
BGD,Rajshahi/Rangpur,3966054,Unmet need for family planning,6.4,1,BD,Bangladesh,2022,BD2022DHS,FP_NADM_W_UNT,32933030,I,360007,1360070,Region,Rajshahi/Rangpur,0,,0,1,FPNADMWUNT,BDDHS2022360007,2022,DHS,4718,4737,,,
BGD,Rangpur,6545626,Unmet need for family planning,6.9,1,BD,Bangladesh,2022,BD2022DHS,FP_NADM_W_UNT,32933030,I,360008,1360080,Region,..Rangpur,0,,0,1,FPNADMWUNT,BDDHS2022360008,2022,DHS,2197,2298,,,1.0
BGD,Rangpur,6545627,Unmet need for family planning,6.9,1,BD,Bangladesh,2022,BD2022DHS,FP_NADM_W_UNT,32933030,I,360008,1360080,Region,..Rangpur,0,,0,1,FPNADMWUNT,BDDHS2022360008,2022,DHS,2197,2298,,,1.0
BGD,Rajshahi,4440432,Unmet need for family planning,6.0,1,BD,Bangladesh,2022,BD2022DHS,FP_NADM_W_UNT,32933030,I,360009,1360090,Region,..Rajshahi,0,,0,1,FPNADMWUNT,BDDHS2022360009,2022,DHS,2521,2439,,,1.0
BGD,Rajshahi,4440433,Unmet need for family planning,6.0,1,BD,Bangladesh,2022,BD2022DHS,FP_NADM_W_UNT,32933030,I,360009,1360090,Region,..Rajshahi,0,,0,1,FPNADMWUNT,BDDHS2022360009,2022,DHS,2521,2439,,,1.0
BGD,Barishal,4870469,"Met need for family planning (currently using), total",64.8,1,BD,Bangladesh,2022,BD2022DHS,FP_NADM_W_MNT,32933060,I,360001,1360010,Region,Barishal,0,,0,1,FPNADMWMNT,BDDHS2022360001,2022,DHS,1153,2033,,,1.0
BGD,Barishal,4870468,"Met need for family planning (currently using), total",64.8,1,BD,Bangladesh,2022,BD2022DHS,FP_NADM_W_MNT,32933060,I,360001,1360010,Region,Barishal,0,,0,1,FPNADMWMNT,BDDHS2022360001,2022,DHS,1153,2033,,,1.0
BGD,Chattogram/Sylhet,4417116,"Met need for family planning (currently using), total",56.4,1,BD,Bangladesh,2022,BD2022DHS,FP_NADM_W_MNT,32933060,I,360002,1360020,Region,Chattogram/Sylhet,0,,0,1,FPNADMWMNT,BDDHS2022360002,2022,DHS,4641,4817,,,
BGD,Chattogram,7166323,"Met need for family planning (currently using), total",57.5,1,BD,Bangladesh,2022,BD2022DHS,FP_NADM_W_MNT,32933060,I,360003,1360030,Region,..Chattogram,0,,0,1,FPNADMWMNT,BDDHS2022360003,2022,DHS,3559,2821,,,1.0
BGD,Chattogram,7166324,"Met need for family planning (currently using), total",57.5,1,BD,Bangladesh,2022,BD2022DHS,FP_NADM_W_MNT,32933060,I,360003,1360030,Region,..Chattogram,0,,0,1,FPNADMWMNT,BDDHS2022360003,2022,DHS,3559,2821,,,1.0
BGD,Sylhet,697716,"Met need for family planning (currently using), total",52.8,1,BD,Bangladesh,2022,BD2022DHS,FP_NADM_W_MNT,32933060,I,360004,1360040,Region,..Sylhet,0,,0,1,FPNADMWMNT,BDDHS2022360004,2022,DHS,1082,1996,,,1.0
BGD,Sylhet,697715,"Met need for family planning (currently using), total",52.8,1,BD,Bangladesh,2022,BD2022DHS,FP_NADM_W_MNT,32933060,I,360004,1360040,Region,..Sylhet,0,,0,1,FPNADMWMNT,BDDHS2022360004,2022,DHS,1082,1996,,,1.0
BGD,Dhaka before 2015,3676963,"Met need for family planning (currently using), total",63.7,1,BD,Bangladesh,2022,BD2022DHS,FP_NADM_W_MNT,32933060,I,360005,1360050,Region,Dhaka before 2015,0,,0,1,FPNADMWMNT,BDDHS2022360005,2022,DHS,6267,4922,,,
BGD,Dhaka,7294400,"Met need for family planning (currently using), total",63.0,1,BD,Bangladesh,2022,BD2022DHS,FP_NADM_W_MNT,32933060,I,360010,1360052,Region,..Dhaka,0,,0,1,FPNADMWMNT,BDDHS2022360010,2022,DHS,4817,2871,,,1.0
BGD,Dhaka,7294401,"Met need for family planning (currently using), total",63.0,1,BD,Bangladesh,2022,BD2022DHS,FP_NADM_W_MNT,32933060,I,360010,1360052,Region,..Dhaka,0,,0,1,FPNADMWMNT,BDDHS2022360010,2022,DHS,4817,2871,,,1.0
BGD,Mymensingh,5510171,"Met need for family planning (currently using), total",66.1,1,BD,Bangladesh,2022,BD2022DHS,FP_NADM_W_MNT,32933060,I,360011,1360055,Region,..Mymensingh,0,,0,1,FPNADMWMNT,BDDHS2022360011,2022,DHS,1450,2051,,,1.0
BGD,Mymensingh,5510170,"Met need for family planning (currently using), total",66.1,1,BD,Bangladesh,2022,BD2022DHS,FP_NADM_W_MNT,32933060,I,360011,1360055,Region,..Mymensingh,0,,0,1,FPNADMWMNT,BDDHS2022360011,2022,DHS,1450,2051,,,1.0
BGD,Khulna,140768,"Met need for family planning (currently using), total",66.5,1,BD,Bangladesh,2022,BD2022DHS,FP_NADM_W_MNT,32933060,I,360006,1360060,Region,Khulna,0,,0,1,FPNADMWMNT,BDDHS2022360006,2022,DHS,2281,2478,,,1.0
BGD,Khulna,140767,"Met need for family planning (currently using), total",66.5,1,BD,Bangladesh,2022,BD2022DHS,FP_NADM_W_MNT,32933060,I,360006,1360060,Region,Khulna,0,,0,1,FPNADMWMNT,BDDHS2022360006,2022,DHS,2281,2478,,,1.0
BGD,Rajshahi/Rangpur,3966043,"Met need for family planning (currently using), total",70.3,1,BD,Bangladesh,2022,BD2022DHS,FP_NADM_W_MNT,32933060,I,360007,1360070,Region,Rajshahi/Rangpur,0,,0,1,FPNADMWMNT,BDDHS2022360007,2022,DHS,4718,4737,,,
BGD,Rangpur,6545648,"Met need for family planning (currently using), total",70.7,1,BD,Bangladesh,2022,BD2022DHS,FP_NADM_W_MNT,32933060,I,360008,1360080,Region,..Rangpur,0,,0,1,FPNADMWMNT,BDDHS2022360008,2022,DHS,2197,2298,,,1.0
BGD,Rangpur,6545647,"Met need for family planning (currently using), total",70.7,1,BD,Bangladesh,2022,BD2022DHS,FP_NADM_W_MNT,32933060,I,360008,1360080,Region,..Rangpur,0,,0,1,FPNADMWMNT,BDDHS2022360008,2022,DHS,2197,2298,,,1.0
BGD,Rajshahi,4440441,"Met need for family planning (currently using), total",70.0,1,BD,Bangladesh,2022,BD2022DHS,FP_NADM_W_MNT,32933060,I,360009,1360090,Region,..Rajshahi,0,,0,1,FPNADMWMNT,BDDHS2022360009,2022,DHS,2521,2439,,,1.0
BGD,Rajshahi,4440440,"Met need for family planning (currently using), total",70.0,1,BD,Bangladesh,2022,BD2022DHS,FP_NADM_W_MNT,32933060,I,360009,1360090,Region,..Rajshahi,0,,0,1,FPNADMWMNT,BDDHS2022360009,2022,DHS,2521,2439,,,1.0
BGD,Barishal,4870342,Total demand for family planning,75.0,1,BD,Bangladesh,2022,BD2022DHS,FP_NADM_W_TDT,32933090,I,360001,1360010,Region,Barishal,0,,0,1,FPNADMWTDT,BDDHS2022360001,2022,DHS,1153,2033,,,1.0
BGD,Barishal,4870343,Total demand for family planning,75.0,1,BD,Bangladesh,2022,BD2022DHS,FP_NADM_W_TDT,32933090,I,360001,1360010,Region,Barishal,0,,0,1,FPNADMWTDT,BDDHS2022360001,2022,DHS,1153,2033,,,1.0
BGD,Chattogram/Sylhet,4417122,Total demand for family planning,71.5,1,BD,Bangladesh,2022,BD2022DHS,FP_NADM_W_TDT,32933090,I,360002,1360020,Region,Chattogram/Sylhet,0,,0,1,FPNADMWTDT,BDDHS2022360002,2022,DHS,4641,4817,,,
BGD,Chattogram,7166311,Total demand for family planning,73.2,1,BD,Bangladesh,2022,BD2022DHS,FP_NADM_W_TDT,32933090,I,360003,1360030,Region,..Chattogram,0,,0,1,FPNADMWTDT,BDDHS2022360003,2022,DHS,3559,2821,,,1.0
BGD,Chattogram,7166312,Total demand for family planning,73.2,1,BD,Bangladesh,2022,BD2022DHS,FP_NADM_W_TDT,32933090,I,360003,1360030,Region,..Chattogram,0,,0,1,FPNADMWTDT,BDDHS2022360003,2022,DHS,3559,2821,,,1.0
BGD,Sylhet,697742,Total demand for family planning,66.1,1,BD,Bangladesh,2022,BD2022DHS,FP_NADM_W_TDT,32933090,I,360004,1360040,Region,..Sylhet,0,,0,1,FPNADMWTDT,BDDHS2022360004,2022,DHS,1082,1996,,,1.0
BGD,Sylhet,697743,Total demand for family planning,66.1,1,BD,Bangladesh,2022,BD2022DHS,FP_NADM_W_TDT,32933090,I,360004,1360040,Region,..Sylhet,0,,0,1,FPNADMWTDT,BDDHS2022360004,2022,DHS,1082,1996,,,1.0
BGD,Dhaka before 2015,3676935,Total demand for family planning,73.4,1,BD,Bangladesh,2022,BD2022DHS,FP_NADM_W_TDT,32933090,I,360005,1360050,Region,Dhaka before 2015,0,,0,1,FPNADMWTDT,BDDHS2022360005,2022,DHS,6267,4922,,,
BGD,Dhaka,7294386,Total demand for family planning,73.1,1,BD,Bangladesh,2022,BD2022DHS,FP_NADM_W_TDT,32933090,I,360010,1360052,Region,..Dhaka,0,,0,1,FPNADMWTDT,BDDHS2022360010,2022,DHS,4817,2871,,,1.0
BGD,Dhaka,7294387,Total demand for family planning,73.1,1,BD,Bangladesh,2022,BD2022DHS,FP_NADM_W_TDT,32933090,I,360010,1360052,Region,..Dhaka,0,,0,1,FPNADMWTDT,BDDHS2022360010,2022,DHS,4817,2871,,,1.0
BGD,Mymensingh,5510190,Total demand for family planning,74.2,1,BD,Bangladesh,2022,BD2022DHS,FP_NADM_W_TDT,32933090,I,360011,1360055,Region,..Mymensingh,0,,0,1,FPNADMWTDT,BDDHS2022360011,2022,DHS,1450,2051,,,1.0
BGD,Mymensingh,5510191,Total demand for family planning,74.2,1,BD,Bangladesh,2022,BD2022DHS,FP_NADM_W_TDT,32933090,I,360011,1360055,Region,..Mymensingh,0,,0,1,FPNADMWTDT,BDDHS2022360011,2022,DHS,1450,2051,,,1.0
BGD,Khulna,140834,Total demand for family planning,74.8,1,BD,Bangladesh,2022,BD2022DHS,FP_NADM_W_TDT,32933090,I,360006,1360060,Region,Khulna,0,,0,1,FPNADMWTDT,BDDHS2022360006,2022,DHS,2281,2478,,,1.0
BGD,Khulna,140835,Total demand for family planning,74.8,1,BD,Bangladesh,2022,BD2022DHS,FP_NADM_W_TDT,32933090,I,360006,1360060,Region,Khulna,0,,0,1,FPNADMWTDT,BDDHS2022360006,2022,DHS,2281,2478,,,1.0
BGD,Rajshahi/Rangpur,3966042,Total demand for family planning,76.7,1,BD,Bangladesh,2022,BD2022DHS,FP_NADM_W_TDT,32933090,I,360007,1360070,Region,Rajshahi/Rangpur,0,,0,1,FPNADMWTDT,BDDHS2022360007,2022,DHS,4718,4737,,,
BGD,Rangpur,6545632,Total demand for family planning,77.5,1,BD,Bangladesh,2022,BD2022DHS,FP_NADM_W_TDT,32933090,I,360008,1360080,Region,..Rangpur,0,,0,1,FPNADMWTDT,BDDHS2022360008,2022,DHS,2197,2298,,,1.0
BGD,Rangpur,6545633,Total demand for family planning,77.5,1,BD,Bangladesh,2022,BD2022DHS,FP_NADM_W_TDT,32933090,I,360008,1360080,Region,..Rangpur,0,,0,1,FPNADMWTDT,BDDHS2022360008,2022,DHS,2197,2298,,,1.0
BGD,Rajshahi,4440421,Total demand for family planning,76.0,1,BD,Bangladesh,2022,BD2022DHS,FP_NADM_W_TDT,32933090,I,360009,1360090,Region,..Rajshahi,0,,0,1,FPNADMWTDT,BDDHS2022360009,2022,DHS,2521,2439,,,1.0
BGD,Rajshahi,4440422,Total demand for family planning,76.0,1,BD,Bangladesh,2022,BD2022DHS,FP_NADM_W_TDT,32933090,I,360009,1360090,Region,..Rajshahi,0,,0,1,FPNADMWTDT,BDDHS2022360009,2022,DHS,2521,2439,,,1.0
BGD,Barishal,5072333,Demand for family planning satisfied by modern methods,72.0,1,BD,Bangladesh,2022,BD2022DHS,FP_NADM_W_PDM,32933150,I,360001,1360010,Region,Barishal,0,,0,1,FPNADMWPDM,BDDHS2022360001,2022,DHS,865,1521,,,1.0
BGD,Barishal,5072334,Demand for family planning satisfied by modern methods,72.0,1,BD,Bangladesh,2022,BD2022DHS,FP_NADM_W_PDM,32933150,I,360001,1360010,Region,Barishal,0,,0,1,FPNADMWPDM,BDDHS2022360001,2022,DHS,865,1521,,,1.0
BGD,Chattogram/Sylhet,3458993,Demand for family planning satisfied by modern methods,67.0,1,BD,Bangladesh,2022,BD2022DHS,FP_NADM_W_PDM,32933150,I,360002,1360020,Region,Chattogram/Sylhet,0,,0,1,FPNADMWPDM,BDDHS2022360002,2022,DHS,3318,3427,,,
BGD,Chattogram,5557557,Demand for family planning satisfied by modern methods,67.0,1,BD,Bangladesh,2022,BD2022DHS,FP_NADM_W_PDM,32933150,I,360003,1360030,Region,..Chattogram,0,,0,1,FPNADMWPDM,BDDHS2022360003,2022,DHS,2604,2087,,,1.0
BGD,Chattogram,5557558,Demand for family planning satisfied by modern methods,67.0,1,BD,Bangladesh,2022,BD2022DHS,FP_NADM_W_PDM,32933150,I,360003,1360030,Region,..Chattogram,0,,0,1,FPNADMWPDM,BDDHS2022360003,2022,DHS,2604,2087,,,1.0
BGD,Sylhet,5870396,Demand for family planning satisfied by modern methods,67.0,1,BD,Bangladesh,2022,BD2022DHS,FP_NADM_W_PDM,32933150,I,360004,1360040,Region,..Sylhet,0,,0,1,FPNADMWPDM,BDDHS2022360004,2022,DHS,715,1340,,,1.0
BGD,Sylhet,5870397,Demand for family planning satisfied by modern methods,67.0,1,BD,Bangladesh,2022,BD2022DHS,FP_NADM_W_PDM,32933150,I,360004,1360040,Region,..Sylhet,0,,0,1,FPNADMWPDM,BDDHS2022360004,2022,DHS,715,1340,,,1.0
BGD,Dhaka before 2015,2107589,Demand for family planning satisfied by modern methods,74.4,1,BD,Bangladesh,2022,BD2022DHS,FP_NADM_W_PDM,32933150,I,360005,1360050,Region,Dhaka before 2015,0,,0,1,FPNADMWPDM,BDDHS2022360005,2022,DHS,4597,3618,,,
BGD,Dhaka,4367539,Demand for family planning satisfied by modern methods,72.8,1,BD,Bangladesh,2022,BD2022DHS,FP_NADM_W_PDM,32933150,I,360010,1360052,Region,..Dhaka,0,,0,1,FPNADMWPDM,BDDHS2022360010,2022,DHS,3522,2096,,,1.0
BGD,Dhaka,4367540,Demand for family planning satisfied by modern methods,72.8,1,BD,Bangladesh,2022,BD2022DHS,FP_NADM_W_PDM,32933150,I,360010,1360052,Region,..Dhaka,0,,0,1,FPNADMWPDM,BDDHS2022360010,2022,DHS,3522,2096,,,1.0
BGD,Mymensingh,5555535,Demand for family planning satisfied by modern methods,79.5,1,BD,Bangladesh,2022,BD2022DHS,FP_NADM_W_PDM,32933150,I,360011,1360055,Region,..Mymensingh,0,,0,1,FPNADMWPDM,BDDHS2022360011,2022,DHS,1076,1522,,,1.0
BGD,Mymensingh,5555536,Demand for family planning satisfied by modern methods,79.5,1,BD,Bangladesh,2022,BD2022DHS,FP_NADM_W_PDM,32933150,I,360011,1360055,Region,..Mymensingh,0,,0,1,FPNADMWPDM,BDDHS2022360011,2022,DHS,1076,1522,,,1.0
BGD,Khulna,6985130,Demand for family planning satisfied by modern methods,75.3,1,BD,Bangladesh,2022,BD2022DHS,FP_NADM_W_PDM,32933150,I,360006,1360060,Region,Khulna,0,,0,1,FPNADMWPDM,BDDHS2022360006,2022,DHS,1706,1851,,,1.0
BGD,Khulna,6985131,Demand for family planning satisfied by modern methods,75.3,1,BD,Bangladesh,2022,BD2022DHS,FP_NADM_W_PDM,32933150,I,360006,1360060,Region,Khulna,0,,0,1,FPNADMWPDM,BDDHS2022360006,2022,DHS,1706,1851,,,1.0
BGD,Rajshahi/Rangpur,3736566,Demand for family planning satisfied by modern methods,79.5,1,BD,Bangladesh,2022,BD2022DHS,FP_NADM_W_PDM,32933150,I,360007,1360070,Region,Rajshahi/Rangpur,0,,0,1,FPNADMWPDM,BDDHS2022360007,2022,DHS,3619,3645,,,
BGD,Rangpur,2113007,Demand for family planning satisfied by modern methods,79.1,1,BD,Bangladesh,2022,BD2022DHS,FP_NADM_W_PDM,32933150,I,360008,1360080,Region,..Rangpur,0,,0,1,FPNADMWPDM,BDDHS2022360008,2022,DHS,1704,1782,,,1.0
BGD,Rangpur,2113008,Demand for family planning satisfied by modern methods,79.1,1,BD,Bangladesh,2022,BD2022DHS,FP_NADM_W_PDM,32933150,I,360008,1360080,Region,..Rangpur,0,,0,1,FPNADMWPDM,BDDHS2022360008,2022,DHS,1704,1782,,,1.0
BGD,Rajshahi,7366792,Demand for family planning satisfied by modern methods,79.9,1,BD,Bangladesh,2022,BD2022DHS,FP_NADM_W_PDM,32933150,I,360009,1360090,Region,..Rajshahi,0,,0,1,FPNADMWPDM,BDDHS2022360009,2022,DHS,1916,1863,,,1.0
BGD,Rajshahi,7366793,Demand for family planning satisfied by modern methods,79.9,1,BD,Bangladesh,2022,BD2022DHS,FP_NADM_W_PDM,32933150,I,360009,1360090,Region,..Rajshahi,0,,0,1,FPNADMWPDM,BDDHS2022360009,2022,DHS,1916,1863,,,1.0
