ADM4_EN,ADM4_PCODE,ADM4_REF,ADM4ALT1_EN,ADM4ALT2_EN,ADM3_EN,ADM3_PCODE,ADM2_EN,ADM2_PCODE,ADM1_EN,ADM1_PCODE,ADM0_EN,ADM0_PCODE,DATE,VALIDON,VALIDTO,AREA_SQKM
Abaipur,BD40448010,,,,Shailkupa,BD404480,Jhenaidah,BD4044,Khulna,BD40,Bangladesh,BD,2015-01-01,2020-11-13,,21.9722983792455
Abdullahpur,BD30599411,,,,Tongibari,BD305994,Munshiganj,BD3059,Dhaka,BD30,Bangladesh,BD,2015-01-01,2020-11-13,,3.58025829642704
Abdullapur,BD10092513,,,,Char Fasson,BD100925,Bhola,BD1009,Barisal,BD10,Bangladesh,BD,2015-01-01,2020-11-13,,12.0520985638281
Abdullapur,BD20153311,,,,Fatikchhari,BD201533,Chittagong,BD2015,Chittagong,BD20,Bangladesh,BD,2015-01-01,2020-11-13,,1.95831234864291
Abdulpur,BD40507916,,,,Kushtia Sadar,BD405079,Kushtia,BD4050,Khulna,BD40,Bangladesh,BD,2015-01-01,2020-11-13,,25.2356683533468
Abdulpur,BD55273013,,,,Chirirbandar,BD552730,Dinajpur,BD5527,Rangpur,BD55,Bangladesh,BD,2015-01-01,2020-11-13,,35.8382741804367
Abu Bakarpur,BD10092511,,,,Char Fasson,BD100925,Bhola,BD1009,Barisal,BD10,Bangladesh,BD,2015-01-01,2020-11-13,,19.4546620597253
Achargaon,BD45617213,,,,Nandail,BD456172,Mymensingh,BD4561,Mymensingh,BD45,Bangladesh,BD,2015-01-01,2020-11-13,,29.6708329827088
Achim Patuli,BD45612011,,,,Fulbaria,BD456120,Mymensingh,BD4561,Mymensingh,BD45,Bangladesh,BD,2015-01-01,2020-11-13,,34.3314827642074
Achintapur,BD45612315,,,,Gauripur,BD456123,Mymensingh,BD4561,Mymensingh,BD45,Bangladesh,BD,2015-01-01,2020-11-13,,30.335326115554
Achmita,BD30484513,,,,Katiadi,BD304845,Kishoreganj,BD3048,Dhaka,BD30,Bangladesh,BD,2015-01-01,2020-11-13,,20.9665068773603
Adabaria,BD10783810,,,,Bauphal,BD107838,Patuakhali,BD1078,Barisal,BD10,Bangladesh,BD,2015-01-01,2020-11-13,,25.9419243440124
Adabaria,BD40503911,,,,Daulatpur,BD405039,Kushtia,BD4050,Khulna,BD40,Bangladesh,BD,2015-01-01,2020-11-13,,29.3567555917515
Adair,BD60367116,,,,Madhabpur,BD603671,Habiganj,BD6036,Sylhet,BD60,Bangladesh,BD,2015-01-01,2020-11-13,,14.0685782607145
Adam Dighi,BD50100613,,,,Adamdighi,BD501006,Bogra,BD5010,Rajshahi,BD50,Bangladesh,BD,2015-01-01,2020-11-13,,27.3911258141015
Adampur,BD30480211,,,,Austagram,BD304802,Kishoreganj,BD3048,Dhaka,BD30,Bangladesh,BD,2015-01-01,2020-11-13,,39.2861204656378
Adampur,BD60585617,,,,Kamalganj,BD605856,Maulvibazar,BD6058,Sylhet,BD60,Bangladesh,BD,2015-01-01,2020-11-13,,106.346443571782
Adarbhita,BD45395811,,,,Madarganj,BD453958,Jamalpur,BD4539,Mymensingh,BD45,Bangladesh,BD,2015-01-01,2020-11-13,,29.9608921498039
Adda,BD20190911,,,,Barura,BD201909,Comilla,BD2019,Chittagong,BD20,Bangladesh,BD,2015-01-01,2020-11-13,,17.460891683803
Adhaipur,BD50640610,,,,Badalgachhi,BD506406,Naogaon,BD5064,Rajshahi,BD50,Bangladesh,BD,2015-01-01,2020-11-13,,28.770088876419
Adhakha Nazrul Nagar,BD10092514,,,,Char Fasson,BD100925,Bhola,BD1009,Barisal,BD10,Bangladesh,BD,2015-01-01,2020-11-13,,39.0168345046033
Adhara,BD30595620,,,,Munshiganj Sadar,BD305956,Munshiganj,BD3059,Dhaka,BD30,Bangladesh,BD,2015-01-01,2020-11-13,,33.7964403788281
Adhunagar,BD20154713,,,,Lohagara,BD201547,Chittagong,BD2015,Chittagong,BD20,Bangladesh,BD,2015-01-01,2020-11-13,,26.1576196759267
Adiabad,BD30686412,,,,Roypura,BD306864,Narsingdi,BD3068,Dhaka,BD30,Bangladesh,BD,2015-01-01,2020-11-13,,11.0659573620782
Adra,BD20190912,,,,Barura,BD201909,Comilla,BD2019,Chittagong,BD20,Bangladesh,BD,2015-01-01,2020-11-13,,16.2932766783906
Adra,BD20198711,,,,Nangalkot,BD201987,Comilla,BD2019,Chittagong,BD20,Bangladesh,BD,2015-01-01,2020-11-13,,29.1176602763248
Adra,BD45396117,,,,Melandaha,BD453961,Jamalpur,BD4539,Mymensingh,BD45,Bangladesh,BD,2015-01-01,2020-11-13,,18.3690834490709
Adrabunia,BD10424331,,,,Kanthalia,BD104243,Jhalokati,BD1042,Barisal,BD10,Bangladesh,BD,2015-01-01,2020-11-13,,23.1030011763228
Adrarak Chara,BD20845813,,,,Langadu,BD208458,Rangamati,BD2084,Chittagong,BD20,Bangladesh,BD,2015-01-01,2020-11-13,,73.3518111593145
Aftabnagar,BD60908910,,,,Sunamganj Sadar,BD609089,Sunamganj,BD6090,Sylhet,BD60,Bangladesh,BD,2015-01-01,2020-11-13,,24.5490296926903
Aganagar,BD20190918,,,,Barura,BD201909,Comilla,BD2019,Chittagong,BD20,Bangladesh,BD,2015-01-01,2020-11-13,,15.7306954997538
Aganagar,BD30263811,,,,Keraniganj,BD302638,Dhaka,BD3026,Dhaka,BD30,Bangladesh,BD,2015-01-01,2020-11-13,,1.57115227108902
Aganagar,BD30481121,,,,Bhairab,BD304811,Kishoreganj,BD3048,Dhaka,BD30,Bangladesh,BD,2015-01-01,2020-11-13,,23.6581862013433
Agardari,BD40878213,,,,Satkhira Sadar,BD408782,Satkhira,BD4087,Khulna,BD40,Bangladesh,BD,2015-01-01,2020-11-13,,33.1677489589629
Agarpur,BD10060313,,,,Babuganj,BD100603,Barisal,BD1006,Barisal,BD10,Bangladesh,BD,2015-01-01,2020-11-13,,31.3250053981739
Agia,BD45728313,,,,Purbadhala,BD457283,Netrakona,BD4572,Mymensingh,BD45,Bangladesh,BD,2015-01-01,2020-11-13,,26.9336887642942
Agla,BD30266211,,,,Nawabganj,BD302662,Dhaka,BD3026,Dhaka,BD30,Bangladesh,BD,2015-01-01,2020-11-13,,14.7574252682411
Agra Digun,BD50642810,,,,Dhamoirhat,BD506428,Naogaon,BD5064,Rajshahi,BD50,Bangladesh,BD,2015-01-01,2020-11-13,,38.1136842675259
Ahammedpur,BD50768317,,,,Sujanagar,BD507683,Pabna,BD5076,Rajshahi,BD50,Bangladesh,BD,2015-01-01,2020-11-13,,33.2035829588523
Ahla Karaldanga,BD20151217,,,,Boalkhali,BD201512,Chittagong,BD2015,Chittagong,BD20,Bangladesh,BD,2015-01-01,2020-11-13,,37.4672208511969
Ahmadabad,BD60362613,,,,Chunarughat,BD603626,Habiganj,BD6036,Sylhet,BD60,Bangladesh,BD,2015-01-01,2020-11-13,,47.3662082786656
Ahmmedabad,BD50385838,,,,Kalai,BD503858,Joypurhat,BD5038,Rajshahi,BD50,Bangladesh,BD,2015-01-01,2020-11-13,,17.003700609366
Ahsanganj,BD50640310,,,,Atrai,BD506403,Naogaon,BD5064,Rajshahi,BD50,Bangladesh,BD,2015-01-01,2020-11-13,,27.1650305503634
Aiba Chhara,BD20842115,,,,Barkal,BD208421,Rangamati,BD2084,Chittagong,BD20,Bangladesh,BD,2015-01-01,2020-11-13,,115.048888564261
Aihai,BD50648617,,,,Sapahar,BD506486,Naogaon,BD5064,Rajshahi,BD50,Bangladesh,BD,2015-01-01,2020-11-13,,36.6814199736901
Aijganti,BD40477513,,,,Rupsa,BD404775,Khulna,BD4047,Khulna,BD40,Bangladesh,BD,2015-01-01,2020-11-13,,9.430046422881489
Ailchara,BD40507917,,,,Kushtia Sadar,BD405079,Kushtia,BD4050,Khulna,BD40,Bangladesh,BD,2015-01-01,2020-11-13,,20.435726547362
Ajgana,BD30936613,,,,Mirzapur,BD309366,Tangail,BD3093,Dhaka,BD30,Bangladesh,BD,2015-01-01,2020-11-13,,43.1476525130288
Ajgara,BD20197284,,,,Laksam,BD201972,Comilla,BD2019,Chittagong,BD20,Bangladesh,BD,2015-01-01,2020-11-13,,14.6463811373341
Ajmiriganj,BD60360213,,,,Ajmiriganj,BD603602,Habiganj,BD6036,Sylhet,BD60,Bangladesh,BD,2015-01-01,2020-11-13,,7.71125767570453
Ajmiriganj Paurashava,BD60360299,,,,Ajmiriganj,BD603602,Habiganj,BD6036,Sylhet,BD60,Bangladesh,BD,2015-01-01,2020-11-13,,12.2570571297574
Ajugara,BD40479413,,,,Terokhada,BD404794,Khulna,BD4047,Khulna,BD40,Bangladesh,BD,2015-01-01,2020-11-13,,13.5372042921603
Akbarpur,BD50647512,,,,Patnitala,BD506475,Naogaon,BD5064,Rajshahi,BD50,Bangladesh,BD,2015-01-01,2020-11-13,,34.53087364958731
Akcha,BD55949414,,,,Thakurgaon Sadar,BD559494,Thakurgaon,BD5594,Rangpur,BD55,Bangladesh,BD,2015-01-01,2020-11-13,,38.9048186349335
Akhailkura,BD60587413,,,,Maulvi Bazar Sadar,BD605874,Maulvibazar,BD6058,Sylhet,BD60,Bangladesh,BD,2015-01-01,2020-11-13,,27.8853568022295
Akhanagar,BD55949413,,,,Thakurgaon Sadar,BD559494,Thakurgaon,BD5594,Rangpur,BD55,Bangladesh,BD,2015-01-01,2020-11-13,,36.2503293754675
Akhaura Paurashava,BD20120299,,,,Akhaura,BD201202,Brahamanbaria,BD2012,Chittagong,BD20,Bangladesh,BD,2015-01-01,2020-11-13,,4.893117168344681
Akkelpur Paurashava,BD50381399,,,,Akkelpur,BD503813,Joypurhat,BD5038,Rajshahi,BD50,Bangladesh,BD,2015-01-01,2020-11-13,,16.8571952087161
Akter Char,BD30298415,,,,Sadarpur,BD302984,Faridpur,BD3029,Dhaka,BD30,Bangladesh,BD,2015-01-01,2020-11-13,,32.0174697409993
Akua,BD45615223,,,,Mymensingh Sadar,BD456152,Mymensingh,BD4561,Mymensingh,BD45,Bangladesh,BD,2015-01-01,2020-11-13,,13.5558150537925
Akubpur,BD20198110,,,,Muradnagar,BD201981,Comilla,BD2019,Chittagong,BD20,Bangladesh,BD,2015-01-01,2020-11-13,,27.1510849163349
Aladipur,BD55273825,,,,Fulbari,BD552738,Dinajpur,BD5527,Rangpur,BD55,Bangladesh,BD,2015-01-01,2020-11-13,,31.9801255544664
Alam Biditar,BD55852716,,,,Gangachara,BD558527,Rangpur,BD5585,Rangpur,BD55,Bangladesh,BD,2015-01-01,2020-11-13,,29.6720931589401
Alamdanga Paurashava,BD40180799,,,,Alamdanga,BD401807,Chuadanga,BD4018,Khulna,BD40,Bangladesh,BD,2015-01-01,2020-11-13,,9.73669308210737
Alamnagar,BD30933817,,,,Gopalpur,BD309338,Tangail,BD3093,Dhaka,BD30,Bangladesh,BD,2015-01-01,2020-11-13,,19.8032885223274
Alampur,BD40507918,,,,Kushtia Sadar,BD405079,Kushtia,BD4050,Khulna,BD40,Bangladesh,BD,2015-01-01,2020-11-13,,27.1749300425375
Alampur,BD50386115,,,,Khetlal,BD503861,Joypurhat,BD5038,Rajshahi,BD50,Bangladesh,BD,2015-01-01,2020-11-13,,29.0310978823311
Alampur,BD50642821,,,,Dhamoirhat,BD506428,Naogaon,BD5064,Rajshahi,BD50,Bangladesh,BD,2015-01-01,2020-11-13,,41.9246978182728
Alampur,BD55859225,,,,Taraganj,BD558592,Rangpur,BD5585,Rangpur,BD55,Bangladesh,BD,2015-01-01,2020-11-13,,26.5926130078276
Alankari,BD60912010,,,,Bishwanath,BD609120,Sylhet,BD6091,Sylhet,BD60,Bangladesh,BD,2015-01-01,2020-11-13,,23.0852583733897
Alatuli,BD50706617,,,,Nawabganj Sadar,BD507066,Nawabganj,BD5070,Rajshahi,BD50,Bangladesh,BD,2015-01-01,2020-11-13,,42.935713999754
Alfadanga,BD30290310,,,,Alfadanga,BD302903,Faridpur,BD3029,Dhaka,BD30,Bangladesh,BD,2015-01-01,2020-11-13,,17.7718348325411
Algi,BD30291013,,,,Bhanga,BD302910,Faridpur,BD3029,Dhaka,BD30,Bangladesh,BD,2015-01-01,2020-11-13,,28.1168067431319
Ali Akbar Deil,BD20224513,,,,Kutubdia,BD202245,Cox's Bazar,BD2022,Chittagong,BD20,Bangladesh,BD,2015-01-01,2020-11-13,,17.1353625258599
Aliabad,BD30294713,,,,Faridpur Sadar,BD302947,Faridpur,BD3029,Dhaka,BD30,Bangladesh,BD,2015-01-01,2020-11-13,,27.6748149574751
Alihat,BD55274713,,,,Hakimpur,BD552747,Dinajpur,BD5527,Rangpur,BD55,Bangladesh,BD,2015-01-01,2020-11-13,,40.9822671968198
Alikadam,BD20030431,,,,Alikadam,BD200304,Bandarban,BD2003,Chittagong,BD20,Bangladesh,BD,2015-01-01,2020-11-13,,171.678331265415
Alikhong,BD20038919,,,,Rowangchhari,BD200389,Bandarban,BD2003,Chittagong,BD20,Bangladesh,BD,2015-01-01,2020-11-13,,156.536661873216
Alimabad,BD10066213,,,,Mehendiganj,BD100662,Barisal,BD1006,Barisal,BD10,Bangladesh,BD,2015-01-01,2020-11-13,,33.1143928223264
Alinagar,BD10091812,,,,Bhola Sadar,BD100918,Bhola,BD1009,Barisal,BD10,Bangladesh,BD,2015-01-01,2020-11-13,,11.7061087077999
Alinagar,BD30544011,,,,Kalkini,BD305440,Madaripur,BD3054,Dhaka,BD30,Bangladesh,BD,2015-01-01,2020-11-13,,20.9029403738266
Alinagar,BD50703710,,,,Gomastapur,BD507037,Nawabganj,BD5070,Rajshahi,BD50,Bangladesh,BD,2015-01-01,2020-11-13,,7.64075498568587
Alinagar,BD60585619,,,,Kamalganj,BD605856,Maulvibazar,BD6058,Sylhet,BD60,Bangladesh,BD,2015-01-01,2020-11-13,,36.2492361201693
Alinagar,BD60911711,,,,Beani Bazar,BD609117,Sylhet,BD6091,Sylhet,BD60,Bangladesh,BD,2015-01-01,2020-11-13,,23.5172527352516
Alipur,BD10785210,,,,Dashmina,BD107852,Patuakhali,BD1078,Barisal,BD10,Bangladesh,BD,2015-01-01,2020-11-13,,35.6597280025424
Alipur,BD30827612,,,,Rajbari Sadar,BD308276,Rajbari,BD3082,Dhaka,BD30,Bangladesh,BD,2015-01-01,2020-11-13,,19.880747120928
Alipur,BD40878216,,,,Satkhira Sadar,BD408782,Satkhira,BD4087,Khulna,BD40,Bangladesh,BD,2015-01-01,2020-11-13,,32.464764378923
Alipura,BD30686414,,,,Roypura,BD306864,Narsingdi,BD3068,Dhaka,BD30,Bangladesh,BD,2015-01-01,2020-11-13,,9.48556086859741
Alir Tek,BD30675820,,,,Narayanganj Sadar,BD306758,Narayanganj,BD3067,Dhaka,BD30,Bangladesh,BD,2015-01-01,2020-11-13,,9.345512592979839
Alirgaon,BD60914110,,,,Gowainghat,BD609141,Sylhet,BD6091,Sylhet,BD60,Bangladesh,BD,2015-01-01,2020-11-13,,88.48153555695879
Alkara,BD20193110,,,,Chauddagram,BD201931,Comilla,BD2019,Chittagong,BD20,Bangladesh,BD,2015-01-01,2020-11-13,,20.5941778284296
Alokbali,BD30686020,,,,Narsingdi Sadar,BD306860,Narsingdi,BD3068,Dhaka,BD30,Bangladesh,BD,2015-01-01,2020-11-13,,23.2664389502613
Alokdia,BD30935721,,,,Madhupur,BD309357,Tangail,BD3093,Dhaka,BD30,Bangladesh,BD,2015-01-01,2020-11-13,,31.066888169259
Alokdia,BD40182311,,,,Chuadanga Sadar,BD401823,Chuadanga,BD4018,Khulna,BD40,Bangladesh,BD,2015-01-01,2020-11-13,,18.9712489912989
Alokdihi,BD55273015,,,,Chirirbandar,BD552730,Dinajpur,BD5527,Rangpur,BD55,Bangladesh,BD,2015-01-01,2020-11-13,,11.3048726085328
Alokjhari,BD55276015,,,,Khansama,BD552760,Dinajpur,BD5527,Rangpur,BD55,Bangladesh,BD,2015-01-01,2020-11-13,,34.7935674769937
Alowa Khowa,BD55770413,,,,Atwari,BD557704,Panchagarh,BD5577,Rangpur,BD55,Bangladesh,BD,2015-01-01,2020-11-13,,37.1725636424143
Alyerapur,BD20750710,,,,Begumganj,BD207507,Noakhali,BD2075,Chittagong,BD20,Bangladesh,BD,2015-01-01,2020-11-13,,15.4488622036647
Amadi,BD40475310,,,,Koyra,BD404753,Khulna,BD4047,Khulna,BD40,Bangladesh,BD,2015-01-01,2020-11-13,,41.7519212882768
Amair,BD50647517,,,,Patnitala,BD506475,Naogaon,BD5064,Rajshahi,BD50,Bangladesh,BD,2015-01-01,2020-11-13,,37.3763723243675
Amalsar,BD40559510,,,,Sreepur,BD405595,Magura,BD4055,Khulna,BD40,Bangladesh,BD,2015-01-01,2020-11-13,,28.9178635005813
Amanullah,BD20157811,,,,Sandwip,BD201578,Chittagong,BD2015,Chittagong,BD20,Bangladesh,BD,2015-01-01,2020-11-13,,1.96978687933924
Amanullapur,BD20750712,,,,Begumganj,BD207507,Noakhali,BD2075,Chittagong,BD20,Bangladesh,BD,2015-01-01,2020-11-13,,10.8808056606387
Amarkhana,BD55777311,,,,Panchagarh Sadar,BD557773,Panchagarh,BD5577,Rangpur,BD55,Bangladesh,BD,2015-01-01,2020-11-13,,33.839096444515
Amarpur,BD55273023,,,,Chirirbandar,BD552730,Dinajpur,BD5527,Rangpur,BD55,Bangladesh,BD,2015-01-01,2020-11-13,,32.1857527660755
Ambaria,BD40506317,,,,Khoksa,BD405063,Kushtia,BD4050,Khulna,BD40,Bangladesh,BD,2015-01-01,2020-11-13,,7.46568257217707
Ambaria,BD40509413,,,,Mirpur,BD405094,Kushtia,BD4050,Khulna,BD40,Bangladesh,BD,2015-01-01,2020-11-13,,19.5526030883927
Ambarnagar,BD20758313,,,,Sonaimuri,BD207583,Noakhali,BD2075,Chittagong,BD20,Bangladesh,BD,2015-01-01,2020-11-13,,11.5040395143857
Ambikapur,BD30294715,,,,Faridpur Sadar,BD302947,Faridpur,BD3029,Dhaka,BD30,Bangladesh,BD,2015-01-01,2020-11-13,,19.625750153573
Amchia,BD20151219,,,,Boalkhali,BD201512,Chittagong,BD2015,Chittagong,BD20,Bangladesh,BD,2015-01-01,2020-11-13,,13.5616807770964
Amda,BD40578714,,,,Meherpur Sadar,BD405787,Meherpur,BD4057,Khulna,BD40,Bangladesh,BD,2015-01-01,2020-11-13,,31.4203795383712
Amdai,BD50384717,,,,Joypurhat Sadar,BD503847,Joypurhat,BD5038,Rajshahi,BD50,Bangladesh,BD,2015-01-01,2020-11-13,,28.3196076766897
Amdia,BD30686021,,,,Narsingdi Sadar,BD306860,Narsingdi,BD3068,Dhaka,BD30,Bangladesh,BD,2015-01-01,2020-11-13,,17.8928558441694
Amgaon,BD55945113,,,,Haripur,BD559451,Thakurgaon,BD5594,Rangpur,BD55,Bangladesh,BD,2015-01-01,2020-11-13,,33.7621599471548
Amgram,BD30548013,,,,Rajoir,BD305480,Madaripur,BD3054,Dhaka,BD30,Bangladesh,BD,2015-01-01,2020-11-13,,39.5271176319265
Amilais,BD20158212,,,,Satkania,BD201582,Chittagong,BD2015,Chittagong,BD20,Bangladesh,BD,2015-01-01,2020-11-13,,4.44219129313787
Amin Bazar,BD30267215,,,,Savar,BD302672,Dhaka,BD3026,Dhaka,BD30,Bangladesh,BD,2015-01-01,2020-11-13,,7.883241785900871
Aminabad,BD10092515,,,,Char Fasson,BD100925,Bhola,BD1009,Barisal,BD10,Bangladesh,BD,2015-01-01,2020-11-13,,18.7892956436141
Amirabad,BD20154710,,,,Lohagara,BD201547,Chittagong,BD2015,Chittagong,BD20,Bangladesh,BD,2015-01-01,2020-11-13,,17.2550638900302
Amirabad,BD20309415,,,,Sonagazi,BD203094,Feni,BD2030,Chittagong,BD20,Bangladesh,BD,2015-01-01,2020-11-13,,26.0285660432637
Amirabari,BD45619413,,,,Trishal,BD456194,Mymensingh,BD4561,Mymensingh,BD45,Bangladesh,BD,2015-01-01,2020-11-13,,21.0270291183085
Amirganj,BD30686410,,,,Roypura,BD306864,Narsingdi,BD3068,Dhaka,BD30,Bangladesh,BD,2015-01-01,2020-11-13,,15.0037580923112
Amirpur,BD40471211,,,,Batiaghata,BD404712,Khulna,BD4047,Khulna,BD40,Bangladesh,BD,2015-01-01,2020-11-13,,19.0861334668352
Amisha Para,BD20758315,,,,Sonaimuri,BD207583,Noakhali,BD2075,Chittagong,BD20,Bangladesh,BD,2015-01-01,2020-11-13,,20.32215259863
Amjadhat,BD20304113,,,,Fulgazi,BD203041,Feni,BD2030,Chittagong,BD20,Bangladesh,BD,2015-01-01,2020-11-13,,22.5773933406077
Amjankhore,BD55940810,,,,Baliadangi,BD559408,Thakurgaon,BD5594,Rangpur,BD55,Bangladesh,BD,2015-01-01,2020-11-13,,37.078984140378
Amjhupi,BD40578719,,,,Meherpur Sadar,BD405787,Meherpur,BD4057,Khulna,BD40,Bangladesh,BD,2015-01-01,2020-11-13,,62.96880783318
Amkhola,BD10785711,,,,Galachipa,BD107857,Patuakhali,BD1078,Barisal,BD10,Bangladesh,BD,2015-01-01,2020-11-13,,46.1651755114956
Amla,BD40509414,,,,Mirpur,BD405094,Kushtia,BD4050,Khulna,BD40,Bangladesh,BD,2015-01-01,2020-11-13,,27.52769340024
Amlaba,BD30680711,,,,Belabo,BD306807,Narsingdi,BD3068,Dhaka,BD30,Bangladesh,BD,2015-01-01,2020-11-13,,17.7173516147232
Amragachhia,BD10787613,,,,Mirzaganj,BD107876,Patuakhali,BD1078,Barisal,BD10,Bangladesh,BD,2015-01-01,2020-11-13,,30.5554098675696
Amragachhia,BD10795815,,,,Mathbaria,BD107958,Pirojpur,BD1079,Barisal,BD10,Bangladesh,BD,2015-01-01,2020-11-13,,33.3772093814365
Amrajuri,BD10794715,,,,Kawkhali,BD107947,Pirojpur,BD1079,Barisal,BD10,Bangladesh,BD,2015-01-01,2020-11-13,,13.5338699895399
Amratali,BD20196722,,,,Comilla Adarsha Sadar,BD201967,Comilla,BD2019,Chittagong,BD20,Bangladesh,BD,2015-01-01,2020-11-13,,20.4970753677827
Amrool,BD50108516,,,,Shajahanpur,BD501085,Bogra,BD5010,Rajshahi,BD50,Bangladesh,BD,2015-01-01,2020-11-13,,24.66525354145
Amta,BD30261410,,,,Dhamrai,BD302614,Dhaka,BD3026,Dhaka,BD30,Bangladesh,BD,2015-01-01,2020-11-13,,10.3667562828193
Amtail,BD45612417,,,,Haluaghat,BD456124,Mymensingh,BD4561,Mymensingh,BD45,Bangladesh,BD,2015-01-01,2020-11-13,,20.8851831625173
Amtail,BD60587414,,,,Maulvi Bazar Sadar,BD605874,Maulvibazar,BD6058,Sylhet,BD60,Bangladesh,BD,2015-01-01,2020-11-13,,28.6841507527149
Amtala,BD45727413,,,,Netrokona Sadar,BD457274,Netrakona,BD4572,Mymensingh,BD45,Bangladesh,BD,2015-01-01,2020-11-13,,25.0976316850952
Amtali,BD10040913,,,,Amtali,BD100409,Barguna,BD1004,Barisal,BD10,Bangladesh,BD,2015-01-01,2020-11-13,,41.1889928493414
Amtali,BD20467013,,,,Matiranga,BD204670,Khagrachhari,BD2046,Chittagong,BD20,Bangladesh,BD,2015-01-01,2020-11-13,,25.5706507580029
Amtali,BD20840710,,,,Baghai Chhari,BD208407,Rangamati,BD2084,Chittagong,BD20,Bangladesh,BD,2015-01-01,2020-11-13,,9.33396738187429
Amtali,BD30355113,,,,Kotali Para,BD303551,Gopalganj,BD3035,Dhaka,BD30,Bangladesh,BD,2015-01-01,2020-11-13,,17.1357267640809
Amua,BD10424315,,,,Kanthalia,BD104243,Jhalokati,BD1042,Barisal,BD10,Bangladesh,BD,2015-01-01,2020-11-13,,24.7840967117175
Amura,BD60913813,,,,Golabganj,BD609138,Sylhet,BD6091,Sylhet,BD60,Bangladesh,BD,2015-01-01,2020-11-13,,20.8010608834037
Anaitara,BD30936615,,,,Mirzapur,BD309366,Tangail,BD3093,Dhaka,BD30,Bangladesh,BD,2015-01-01,2020-11-13,,23.0431871061853
Anandapur,BD20304127,,,,Fulgazi,BD203041,Feni,BD2030,Chittagong,BD20,Bangladesh,BD,2015-01-01,2020-11-13,,11.6554793666176
Anderchar,BD20758721,,,,Noakhali Sadar (Sudharam),BD207587,Noakhali,BD2075,Chittagong,BD20,Bangladesh,BD,2015-01-01,2020-11-13,,23.0605051659543
Andhar Manik,BD10066215,,,,Mehendiganj,BD100662,Barisal,BD1006,Barisal,BD10,Bangladesh,BD,2015-01-01,2020-11-13,,23.5366685918352
Andhari Jhar,BD55490613,,,,Bhurungamari,BD554906,Kurigram,BD5549,Rangpur,BD55,Bangladesh,BD,2015-01-01,2020-11-13,,27.7364220556936
Andikot,BD20198111,,,,Muradnagar,BD201981,Comilla,BD2019,Chittagong,BD20,Bangladesh,BD,2015-01-01,2020-11-13,,28.7507806283061
Andiurauk,BD60367177,,,,Madhabpur,BD603671,Habiganj,BD6036,Sylhet,BD60,Bangladesh,BD,2015-01-01,2020-11-13,,20.7995042309051
Andulbaria,BD40185519,,,,Jiban Nagar,BD401855,Chuadanga,BD4018,Khulna,BD40,Bangladesh,BD,2015-01-01,2020-11-13,,35.8250963773813
Anehola,BD30932815,,,,Ghatail,BD309328,Tangail,BD3093,Dhaka,BD30,Bangladesh,BD,2015-01-01,2020-11-13,,22.8147297501336
Angar Para,BD55276031,,,,Khansama,BD552760,Dinajpur,BD5527,Rangpur,BD55,Bangladesh,BD,2015-01-01,2020-11-13,,27.3091632034603
Angaria,BD10785519,,,,Dumki,BD107855,Patuakhali,BD1078,Barisal,BD10,Bangladesh,BD,2015-01-01,2020-11-13,,16.3160018718267
Angaria,BD30866917,,,,Shariatpur Sadar,BD308669,Shariatpur,BD3086,Dhaka,BD30,Bangladesh,BD,2015-01-01,2020-11-13,,21.6775304332248
Annadanagar,BD55857317,,,,Pirgachha,BD558573,Rangpur,BD5585,Rangpur,BD55,Bangladesh,BD,2015-01-01,2020-11-13,,27.2804514727341
Anowara,BD20150415,,,,Anowara,BD201504,Chittagong,BD2015,Chittagong,BD20,Bangladesh,BD,2015-01-01,2020-11-13,,8.21361295670577
Anulia,BD40870415,,,,Assasuni,BD408704,Satkhira,BD4087,Khulna,BD40,Bangladesh,BD,2015-01-01,2020-11-13,,28.7380064007712
Aolai,BD50387410,,,,Panchbibi,BD503874,Joypurhat,BD5038,Rajshahi,BD50,Bangladesh,BD,2015-01-01,2020-11-13,,48.14338543371129
Aona,BD45398510,,,,Sarishabari,BD453985,Jamalpur,BD4539,Mymensingh,BD45,Bangladesh,BD,2015-01-01,2020-11-13,,31.9637806659218
Aorail,BD20129413,,,,Sarail,BD201294,Brahamanbaria,BD2012,Chittagong,BD20,Bangladesh,BD,2015-01-01,2020-11-13,,27.1159746275894
Arabpur,BD40414710,,,,Kotwali,BD404147,Jessore,BD4041,Khulna,BD40,Bangladesh,BD,2015-01-01,2020-11-13,,22.8572008700552
Araibaria,BD30482713,,,,Hossainpur,BD304827,Kishoreganj,BD3048,Dhaka,BD30,Bangladesh,BD,2015-01-01,2020-11-13,,11.2771031613409
Araihazar,BD30670223,,,,Araihazar,BD306702,Narayanganj,BD3067,Dhaka,BD30,Bangladesh,BD,2015-01-01,2020-11-13,,9.16711978712762
Araisidha,BD20123312,,,,Ashuganj,BD201233,Brahamanbaria,BD2012,Chittagong,BD20,Bangladesh,BD,2015-01-01,2020-11-13,,6.65273036159458
Aranagar,BD50642831,,,,Dhamoirhat,BD506428,Naogaon,BD5064,Rajshahi,BD50,Bangladesh,BD,2015-01-01,2020-11-13,,38.58401920144929
Aranghata,BD40472110,,,,Daulatpur,BD404721,Khulna,BD4047,Khulna,BD40,Bangladesh,BD,2015-01-01,2020-11-13,,3.23594063910892
Arani,BD50811021,,,,Bagha,BD508110,Rajshahi,BD5081,Rajshahi,BD50,Bangladesh,BD,2015-01-01,2020-11-13,,14.1569521694948
Arani Paurashava,BD50811000,,,,Bagha,BD508110,Rajshahi,BD5081,Rajshahi,BD50,Bangladesh,BD,2015-01-01,2020-11-13,,6.60983225066001
Arankhola,BD30935724,,,,Madhupur,BD309357,Tangail,BD3093,Dhaka,BD30,Bangladesh,BD,2015-01-01,2020-11-13,,162.274971353029
Arbab,BD50694417,,,,Lalpur,BD506944,Natore,BD5069,Rajshahi,BD50,Bangladesh,BD,2015-01-01,2020-11-13,,43.1785383463269
Aria,BD40503913,,,,Daulatpur,BD405039,Kushtia,BD4050,Khulna,BD40,Bangladesh,BD,2015-01-01,2020-11-13,,33.093450235852
Aria,BD50108517,,,,Shajahanpur,BD501085,Bogra,BD5010,Rajshahi,BD50,Bangladesh,BD,2015-01-01,2020-11-13,,25.1805081493658
Arial,BD30599415,,,,Tongibari,BD305994,Munshiganj,BD3059,Dhaka,BD30,Bangladesh,BD,2015-01-01,2020-11-13,,16.2465661947959
Arjuna,BD30931913,,,,Bhuapur,BD309319,Tangail,BD3093,Dhaka,BD30,Bangladesh,BD,2015-01-01,2020-11-13,,41.003207586376
Arjunpur Boromhati,BD50694457,,,,Lalpur,BD506944,Natore,BD5069,Rajshahi,BD50,Bangladesh,BD,2015-01-01,2020-11-13,,23.0530989895828
Arjuntala,BD20758013,,,,Senbagh,BD207580,Noakhali,BD2075,Chittagong,BD20,Bangladesh,BD,2015-01-01,2020-11-13,,14.6581276844942
Arpangashia,BD10040915,,,,Amtali,BD100409,Barguna,BD1004,Barisal,BD10,Bangladesh,BD,2015-01-01,2020-11-13,,23.060797218116
Arpara,BD40558511,,,,Shalikha,BD405585,Magura,BD4055,Khulna,BD40,Bangladesh,BD,2015-01-01,2020-11-13,,26.6072138353064
Arshi Nagar,BD30861412,,,,Bhedarganj,BD308614,Shariatpur,BD3086,Dhaka,BD30,Bangladesh,BD,2015-01-01,2020-11-13,,20.9028838703296
Arua,BD30567811,,,,Shibalaya,BD305678,Manikganj,BD3056,Dhaka,BD30,Bangladesh,BD,2015-01-01,2020-11-13,,19.0455037898111
Asad Pur,BD20195415,,,,Homna,BD201954,Comilla,BD2019,Chittagong,BD20,Bangladesh,BD,2015-01-01,2020-11-13,,12.5796396994277
Asekpur,BD50108518,,,,Shajahanpur,BD501085,Bogra,BD5010,Rajshahi,BD50,Bangladesh,BD,2015-01-01,2020-11-13,,25.7101278878926
Asharkandi,BD60904717,,,,Jagannathpur,BD609047,Sunamganj,BD6090,Sylhet,BD60,Bangladesh,BD,2015-01-01,2020-11-13,,51.3162535876896
Ashidron,BD60588315,,,,Sreemangal,BD605883,Maulvibazar,BD6058,Sylhet,BD60,Bangladesh,BD,2015-01-01,2020-11-13,,50.37184540995001
Ashikati,BD20132218,,,,Chandpur Sadar,BD201322,Chandpur,BD2013,Chittagong,BD20,Bangladesh,BD,2015-01-01,2020-11-13,,12.3092140503252
Ashrafpur,BD20135813,,,,Kachua,BD201358,Chandpur,BD2013,Chittagong,BD20,Bangladesh,BD,2015-01-01,2020-11-13,,21.5560728406185
Ashta Manisha,BD50761915,,,,Bhangura,BD507619,Pabna,BD5076,Rajshahi,BD50,Bangladesh,BD,2015-01-01,2020-11-13,,18.4549148168957
Ashtadhar,BD45615225,,,,Mymensingh Sadar,BD456152,Mymensingh,BD4561,Mymensingh,BD45,Bangladesh,BD,2015-01-01,2020-11-13,,26.6424746455942
Ashtamir Char,BD55490911,,,,Chilmari,BD554909,Kurigram,BD5549,Rangpur,BD55,Bangladesh,BD,2015-01-01,2020-11-13,,75.0971554881591
Ashugang,BD20123314,,,,Ashuganj,BD201233,Brahamanbaria,BD2012,Chittagong,BD20,Bangladesh,BD,2015-01-01,2020-11-13,,10.9934569614404
Ashulia,BD30267218,,,,Savar,BD302672,Dhaka,BD3026,Dhaka,BD30,Bangladesh,BD,2015-01-01,2020-11-13,,27.1699671786393
Ashwadia,BD20758723,,,,Noakhali Sadar (Sudharam),BD207587,Noakhali,BD2075,Chittagong,BD20,Bangladesh,BD,2015-01-01,2020-11-13,,19.7551408914339
Asia,BD20156112,,,,Patiya,BD201561,Chittagong,BD2015,Chittagong,BD20,Bangladesh,BD,2015-01-01,2020-11-13,,7.04203734073368
Askarpur,BD55276416,,,,Dinajpur Sadar,BD552764,Dinajpur,BD5527,Rangpur,BD55,Bangladesh,BD,2015-01-01,2020-11-13,,30.8279771137196
Aslampur,BD10092519,,,,Char Fasson,BD100925,Bhola,BD1009,Barisal,BD10,Bangladesh,BD,2015-01-01,2020-11-13,,34.3995999182028
Asma,BD45720911,,,,Barhatta,BD457209,Netrakona,BD4572,Mymensingh,BD45,Bangladesh,BD,2015-01-01,2020-11-13,,30.9411044700601
Assasuni,BD40870417,,,,Assasuni,BD408704,Satkhira,BD4087,Khulna,BD40,Bangladesh,BD,2015-01-01,2020-11-13,,34.7490780590302
Asujia,BD45724711,,,,Kendua,BD457247,Netrakona,BD4572,Mymensingh,BD45,Bangladesh,BD,2015-01-01,2020-11-13,,22.5310450532169
Atabaha,BD30333213,,,,Kaliakair,BD303332,Gazipur,BD3033,Dhaka,BD30,Bangladesh,BD,2015-01-01,2020-11-13,,23.608949216947
Ataikola,BD50765516,,,,Pabna Sadar,BD507655,Pabna,BD5076,Rajshahi,BD50,Bangladesh,BD,2015-01-01,2020-11-13,,33.4355526879391
Ataikola,BD50767215,,,,Santhia,BD507672,Pabna,BD5076,Rajshahi,BD50,Bangladesh,BD,2015-01-01,2020-11-13,,38.2476063997616
Atapur,BD50387421,,,,Panchbibi,BD503874,Joypurhat,BD5038,Rajshahi,BD50,Bangladesh,BD,2015-01-01,2020-11-13,,36.7374252428379
Atbar Pur (Paschim Chandina),BD20192747,,,,Chandina,BD201927,Comilla,BD2019,Chittagong,BD20,Bangladesh,BD,2015-01-01,2020-11-13,,6.88801645726542
Atgaon,BD55272113,,,,Bochaganj,BD552721,Dinajpur,BD5527,Rangpur,BD55,Bangladesh,BD,2015-01-01,2020-11-13,,36.0784346780141
Atgaon,BD60908623,,,,Sulla,BD609086,Sunamganj,BD6090,Sylhet,BD60,Bangladesh,BD,2015-01-01,2020-11-13,,65.2818370190818
Atghar,BD30299010,,,,Saltha,BD302990,Faridpur,BD3029,Dhaka,BD30,Bangladesh,BD,2015-01-01,2020-11-13,,28.3725257861487
Atghar Kuriana,BD10798717,,,,Nesarabad (Swarupkati),BD107987,Pirojpur,BD1079,Barisal,BD10,Bangladesh,BD,2015-01-01,2020-11-13,,19.5733837989621
Atgharia Paurashava,BD50760599,,,,Atgharia,BD507605,Pabna,BD5076,Rajshahi,BD50,Bangladesh,BD,2015-01-01,2020-11-13,,2.64034587684087
Atharabari,BD45613111,,,,Ishwarganj,BD456131,Mymensingh,BD4561,Mymensingh,BD45,Bangladesh,BD,2015-01-01,2020-11-13,,20.210697895424
Atharagashia,BD10040923,,,,Amtali,BD100409,Barguna,BD1004,Barisal,BD10,Bangladesh,BD,2015-01-01,2020-11-13,,34.4401933025852
Atharakhada,BD40555721,,,,Magura Sadar,BD405557,Magura,BD4055,Khulna,BD40,Bangladesh,BD,2015-01-01,2020-11-13,,30.304437861858
Atia,BD30932311,,,,Delduar,BD309323,Tangail,BD3093,Dhaka,BD30,Bangladesh,BD,2015-01-01,2020-11-13,,23.0673434086348
Atigram,BD30564613,,,,Manikganj Sadar,BD305646,Manikganj,BD3056,Dhaka,BD30,Bangladesh,BD,2015-01-01,2020-11-13,,21.3682088685565
Atjuri,BD40015617,,,,Mollahat,BD400156,Bagerhat,BD4001,Khulna,BD40,Bangladesh,BD,2015-01-01,2020-11-13,,31.7482522435987
Atlia,BD40473011,,,,Dumuria,BD404730,Khulna,BD4047,Khulna,BD40,Bangladesh,BD,2015-01-01,2020-11-13,,41.8940276295633
Atmul,BD50109411,,,,Shibganj,BD501094,Bogra,BD5010,Rajshahi,BD50,Bangladesh,BD,2015-01-01,2020-11-13,,28.9010326554181
Atpara,BD30598411,,,,Sreenagar,BD305984,Munshiganj,BD3059,Dhaka,BD30,Bangladesh,BD,2015-01-01,2020-11-13,,9.373087813850141
Atra Gilatala,BD40474819,,,,Khan Jahan Ali,BD404748,Khulna,BD4047,Khulna,BD40,Bangladesh,BD,2015-01-01,2020-11-13,,17.4647631552603
Atulia,BD40878611,,,,Shyamnagar,BD408786,Satkhira,BD4087,Khulna,BD40,Bangladesh,BD,2015-01-01,2020-11-13,,42.47119977789951
Auch Para,BD50811220,,,,Baghmara,BD508112,Rajshahi,BD5081,Rajshahi,BD50,Bangladesh,BD,2015-01-01,2020-11-13,,26.2150942687737
Aulia Pukur,BD55273031,,,,Chirirbandar,BD552730,Dinajpur,BD5527,Rangpur,BD55,Bangladesh,BD,2015-01-01,2020-11-13,,33.9186023094849
Auliapur,BD10789510,,,,Patuakhali Sadar,BD107895,Patuakhali,BD1078,Barisal,BD10,Bangladesh,BD,2015-01-01,2020-11-13,,28.0539632496407
Auliapur,BD55276417,,,,Dinajpur Sadar,BD552764,Dinajpur,BD5527,Rangpur,BD55,Bangladesh,BD,2015-01-01,2020-11-13,,34.7961375649087
Auliapur,BD55949415,,,,Thakurgaon Sadar,BD559494,Thakurgaon,BD5594,Rangpur,BD55,Bangladesh,BD,2015-01-01,2020-11-13,,36.6103680407704
Auria,BD40657611,,,,Narail Sadar,BD406576,Narail,BD4065,Khulna,BD40,Bangladesh,BD,2015-01-01,2020-11-13,,31.9663064933166
Auskandi,BD60367713,,,,Nabiganj,BD603677,Habiganj,BD6036,Sylhet,BD60,Bangladesh,BD,2015-01-01,2020-11-13,,23.782200278762
Ausnara,BD30935728,,,,Madhupur,BD309357,Tangail,BD3093,Dhaka,BD30,Bangladesh,BD,2015-01-01,2020-11-13,,69.8573609858572
Austagram,BD30480223,,,,Austagram,BD304802,Kishoreganj,BD3048,Dhaka,BD30,Bangladesh,BD,2015-01-01,2020-11-13,,13.4860606533972
Autshahi,BD30599423,,,,Tongibari,BD305994,Munshiganj,BD3059,Dhaka,BD30,Bangladesh,BD,2015-01-01,2020-11-13,,10.5069379312346
Ayla Patakata,BD10042817,,,,Barguna Sadar,BD100428,Barguna,BD1004,Barisal,BD10,Bangladesh,BD,2015-01-01,2020-11-13,,32.2114877492413
Aymarasulpur,BD50387431,,,,Panchbibi,BD503874,Joypurhat,BD5038,Rajshahi,BD50,Bangladesh,BD,2015-01-01,2020-11-13,,28.7438048067795
Ayubpur,BD30687610,,,,Shibpur,BD306876,Narsingdi,BD3068,Dhaka,BD30,Bangladesh,BD,2015-01-01,2020-11-13,,16.683099860415
Azampur,BD40447110,,,,Maheshpur,BD404471,Jhenaidah,BD4044,Khulna,BD40,Bangladesh,BD,2015-01-01,2020-11-13,,33.6450299753485
Azimnagar,BD30291015,,,,Bhanga,BD302910,Faridpur,BD3029,Dhaka,BD30,Bangladesh,BD,2015-01-01,2020-11-13,,11.3481105768799
Azimnagar,BD30562811,,,,Harirampur,BD305628,Manikganj,BD3056,Dhaka,BD30,Bangladesh,BD,2015-01-01,2020-11-13,,17.8137042205464
Azimpur,BD20157813,,,,Sandwip,BD201578,Chittagong,BD2015,Chittagong,BD20,Bangladesh,BD,2015-01-01,2020-11-13,,19.353346831944
Azimpur,BD55271713,,,,Biral,BD552717,Dinajpur,BD5527,Rangpur,BD55,Bangladesh,BD,2015-01-01,2020-11-13,,31.5049955964124
Aziznagar,BD20035115,,,,Lama,BD200351,Bandarban,BD2003,Chittagong,BD20,Bangladesh,BD,2015-01-01,2020-11-13,,26.0968181790596
Babra Hachla,BD40652813,,,,Kalia,BD406528,Narail,BD4065,Khulna,BD40,Bangladesh,BD,2015-01-01,2020-11-13,,13.6392153462466
Babuchhara,BD20464315,,,,Dighinala,BD204643,Khagrachhari,BD2046,Chittagong,BD20,Bangladesh,BD,2015-01-01,2020-11-13,,597.601330681512
Babukhali,BD40556610,,,,Mohammadpur,BD405566,Magura,BD4055,Khulna,BD40,Bangladesh,BD,2015-01-01,2020-11-13,,36.5867038582744
Babupara,BD30827375,,,,Pangsha,BD308273,Rajbari,BD3082,Dhaka,BD30,Bangladesh,BD,2015-01-01,2020-11-13,,8.10486917904924
Babuti Para,BD20198172,,,,Muradnagar,BD201981,Comilla,BD2019,Chittagong,BD20,Bangladesh,BD,2015-01-01,2020-11-13,,14.1495566555633
Bachamara,BD30561017,,,,Daulatpur,BD305610,Manikganj,BD3056,Dhaka,BD30,Bangladesh,BD,2015-01-01,2020-11-13,,35.5231709865395
Bachor,BD55948615,,,,Ranisankail,BD559486,Thakurgaon,BD5594,Rangpur,BD55,Bangladesh,BD,2015-01-01,2020-11-13,,35.3011541485689
Badair,BD20126318,,,,Kasba,BD201263,Brahamanbaria,BD2012,Chittagong,BD20,Bangladesh,BD,2015-01-01,2020-11-13,,12.1716289451418
Badalgachhi,BD50640621,,,,Badalgachhi,BD506406,Naogaon,BD5064,Rajshahi,BD50,Bangladesh,BD,2015-01-01,2020-11-13,,37.1668895051897
Badalkut,BD20751017,,,,Chatkhil,BD207510,Noakhali,BD2075,Chittagong,BD20,Bangladesh,BD,2015-01-01,2020-11-13,,18.2209130003655
Badalpur,BD60360227,,,,Ajmiriganj,BD603602,Habiganj,BD6036,Sylhet,BD60,Bangladesh,BD,2015-01-01,2020-11-13,,68.45792914677409
Badar Pasha,BD30548019,,,,Rajoir,BD305480,Madaripur,BD3054,Dhaka,BD30,Bangladesh,BD,2015-01-01,2020-11-13,,20.9990558601435
Badarganj,BD55850316,,,,Badarganj,BD558503,Rangpur,BD5585,Rangpur,BD55,Bangladesh,BD,2015-01-01,2020-11-13,,29.0982465572984
Badarkhali,BD10042819,,,,Barguna Sadar,BD100428,Barguna,BD1004,Barisal,BD10,Bangladesh,BD,2015-01-01,2020-11-13,,31.9299962756969
Badarkhali,BD20221610,,,,Chakaria,BD202216,Cox's Bazar,BD2022,Chittagong,BD20,Bangladesh,BD,2015-01-01,2020-11-13,,21.5449559620667
Badarpur,BD10095416,,,,Lalmohan,BD100954,Bhola,BD1009,Barisal,BD10,Bangladesh,BD,2015-01-01,2020-11-13,,37.8207831652564
Badarpur,BD10789511,,,,Patuakhali Sadar,BD107895,Patuakhali,BD1078,Barisal,BD10,Bangladesh,BD,2015-01-01,2020-11-13,,22.1461314973133
Badda,BD30260413,,,,Badda,BD302604,Dhaka,BD3026,Dhaka,BD30,Bangladesh,BD,2015-01-01,2020-11-13,,3.37349416415254
Badhair,BD50819427,,,,Tanore,BD508194,Rajshahi,BD5081,Rajshahi,BD50,Bangladesh,BD,2015-01-01,2020-11-13,,44.3708265130544
Badhal,BD40013815,,,,Kachua,BD400138,Bagerhat,BD4001,Khulna,BD40,Bangladesh,BD,2015-01-01,2020-11-13,,21.7861686934521
Badiakhali,BD55322412,,,,Gaibandha Sadar,BD553224,Gaibandha,BD5532,Rangpur,BD55,Bangladesh,BD,2015-01-01,2020-11-13,,22.8366430146085
Badla,BD30483317,,,,Itna,BD304833,Kishoreganj,BD3048,Dhaka,BD30,Bangladesh,BD,2015-01-01,2020-11-13,,56.9403463663369
Baga,BD10783811,,,,Bauphal,BD107838,Patuakhali,BD1078,Barisal,BD10,Bangladesh,BD,2015-01-01,2020-11-13,,27.6224431495033
Bagachra,BD40419013,,,,Sharsha,BD404190,Jessore,BD4041,Khulna,BD40,Bangladesh,BD,2015-01-01,2020-11-13,,28.1937111052895
Bagadana,BD20309419,,,,Sonagazi,BD203094,Feni,BD2030,Chittagong,BD20,Bangladesh,BD,2015-01-01,2020-11-13,,11.9039029244595
Bagali,BD40475311,,,,Koyra,BD404753,Khulna,BD4047,Khulna,BD40,Bangladesh,BD,2015-01-01,2020-11-13,,48.1835664095945
Bagan Bazar,BD20153313,,,,Fatikchhari,BD201533,Chittagong,BD2015,Chittagong,BD20,Bangladesh,BD,2015-01-01,2020-11-13,,191.690500706687
Baganbari,BD20137911,,,,Matlab Uttar,BD201379,Chandpur,BD2013,Chittagong,BD20,Bangladesh,BD,2015-01-01,2020-11-13,,17.5944407228015
Bagar Char,BD45390711,,,,Bakshiganj,BD453907,Jamalpur,BD4539,Mymensingh,BD45,Bangladesh,BD,2015-01-01,2020-11-13,,35.5068348192561
Bagasura,BD60367117,,,,Madhabpur,BD603671,Habiganj,BD6036,Sylhet,BD60,Bangladesh,BD,2015-01-01,2020-11-13,,24.0288681516046
Bagat,BD30295610,,,,Madhukhali,BD302956,Faridpur,BD3029,Dhaka,BD30,Bangladesh,BD,2015-01-01,2020-11-13,,15.676071721974
Bagati Para,BD50690919,,,,Bagati Para,BD506909,Natore,BD5069,Rajshahi,BD50,Bangladesh,BD,2015-01-01,2020-11-13,,19.2462543471774
Bagatipara Paurashava,BD50690999,,,,Bagati Para,BD506909,Natore,BD5069,Rajshahi,BD50,Bangladesh,BD,2015-01-01,2020-11-13,,10.430034426514
Bagdha,BD10060213,,,,Agailjhara,BD100602,Barisal,BD1006,Barisal,BD10,Bangladesh,BD,2015-01-01,2020-11-13,,33.8784006641777
Bagerhat Paurashava,BD40010899,,,,Bagerhat Sadar,BD400108,Bagerhat,BD4001,Khulna,BD40,Bangladesh,BD,2015-01-01,2020-11-13,,6.92688989727255
Bagha,BD60913815,,,,Golabganj,BD609138,Sylhet,BD6091,Sylhet,BD60,Bangladesh,BD,2015-01-01,2020-11-13,,41.6464132506015
Bagha Paurashava,BD50811099,,,,Bagha,BD508110,Rajshahi,BD5081,Rajshahi,BD50,Bangladesh,BD,2015-01-01,2020-11-13,,5.73427610595043
Baghaba,BD30687621,,,,Shibpur,BD306876,Narsingdi,BD3068,Dhaka,BD30,Bangladesh,BD,2015-01-01,2020-11-13,,23.5683675993471
Baghadi,BD20132222,,,,Chandpur Sadar,BD201322,Chandpur,BD2013,Chittagong,BD20,Bangladesh,BD,2015-01-01,2020-11-13,,17.4700498473248
Baghai Chhari,BD20840711,,,,Baghai Chhari,BD208407,Rangamati,BD2084,Chittagong,BD20,Bangladesh,BD,2015-01-01,2020-11-13,,75.8186581487408
Baghaichhari Paurashava,BD20840799,,,,Baghai Chhari,BD208407,Rangamati,BD2084,Chittagong,BD20,Bangladesh,BD,2015-01-01,2020-11-13,,13.4054798186284
Baghbati,BD50887816,,,,Sirajganj Sadar,BD508878,Sirajganj,BD5088,Rajshahi,BD50,Bangladesh,BD,2015-01-01,2020-11-13,,25.7537381023078
Baghber,BD45611610,,,,Dhobaura,BD456116,Mymensingh,BD4561,Mymensingh,BD45,Bangladesh,BD,2015-01-01,2020-11-13,,43.0101329680694
Baghber,BD45897030,,,,Nalitabari,BD458970,Sherpur,BD4589,Mymensingh,BD45,Bangladesh,BD,2015-01-01,2020-11-13,,27.1402754080231
Bagher Para Paurashava,BD40410999,,,,Bagher Para,BD404109,Jessore,BD4041,Khulna,BD40,Bangladesh,BD,2015-01-01,2020-11-13,,16.1510191108045
Baghil,BD30939537,,,,Tangail Sadar,BD309395,Tangail,BD3093,Dhaka,BD30,Bangladesh,BD,2015-01-01,2020-11-13,,21.3260311740193
Baghmara,BD20193312,,,,Comilla Sadar Dakshin,BD201933,Comilla,BD2019,Chittagong,BD20,Bangladesh,BD,2015-01-01,2020-11-13,,20.8859303052025
Baghmara Uttar,BD20193313,,,,Comilla Sadar Dakshin,BD201933,Comilla,BD2019,Chittagong,BD20,Bangladesh,BD,2015-01-01,2020-11-13,,5.90344033403903
Baghra,BD30598413,,,,Sreenagar,BD305984,Munshiganj,BD3059,Dhaka,BD30,Bangladesh,BD,2015-01-01,2020-11-13,,19.7948604461464
Baghutia,BD30561019,,,,Daulatpur,BD305610,Manikganj,BD3056,Dhaka,BD30,Bangladesh,BD,2015-01-01,2020-11-13,,47.7474609554633
Baghutia,BD40410410,,,,Abhaynagar,BD404104,Jessore,BD4041,Khulna,BD40,Bangladesh,BD,2015-01-01,2020-11-13,,22.5853130921021
Bagia,BD40555725,,,,Magura Sadar,BD405557,Magura,BD4055,Khulna,BD40,Bangladesh,BD,2015-01-01,2020-11-13,,17.7390605032905
Bagjana,BD50387442,,,,Panchbibi,BD503874,Joypurhat,BD5038,Rajshahi,BD50,Bangladesh,BD,2015-01-01,2020-11-13,,26.1613034646616
Bagoan,BD20157411,,,,Raozan,BD201574,Chittagong,BD2015,Chittagong,BD20,Bangladesh,BD,2015-01-01,2020-11-13,,10.6263411156131
Bagoan,BD40576028,,,,Mujib Nagar,BD405760,Meherpur,BD4057,Khulna,BD40,Bangladesh,BD,2015-01-01,2020-11-13,,46.0677215484306
Bagulat,BD40507116,,,,Kumarkhali,BD405071,Kushtia,BD4050,Khulna,BD40,Bangladesh,BD,2015-01-01,2020-11-13,,27.5480620530399
Bagura,BD40448012,,,,Shailkupa,BD404480,Jhenaidah,BD4044,Khulna,BD40,Bangladesh,BD,2015-01-01,2020-11-13,,24.3945393230579
Bagutia,BD50882721,,,,Chauhali,BD508827,Sirajganj,BD5088,Rajshahi,BD50,Bangladesh,BD,2015-01-01,2020-11-13,,18.3017581430968
Bahadurabad,BD45391517,,,,Dewanganj,BD453915,Jamalpur,BD4539,Mymensingh,BD45,Bangladesh,BD,2015-01-01,2020-11-13,,42.9303986216853
Bahadurpur,BD30545410,,,,Madaripur Sadar,BD305454,Madaripur,BD3054,Dhaka,BD30,Bangladesh,BD,2015-01-01,2020-11-13,,5.40978706531767
Bahadurpur,BD30827316,,,,Pangsha,BD308273,Rajbari,BD3082,Dhaka,BD30,Bangladesh,BD,2015-01-01,2020-11-13,,28.7237899501417
Bahadurpur,BD40419017,,,,Sharsha,BD404190,Jessore,BD4041,Khulna,BD40,Bangladesh,BD,2015-01-01,2020-11-13,,34.9333945029294
Bahadurpur,BD40501513,,,,Bheramara,BD405015,Kushtia,BD4050,Khulna,BD40,Bangladesh,BD,2015-01-01,2020-11-13,,16.022231156169
Bahadurpur,BD50646910,,,,Niamatpur,BD506469,Naogaon,BD5064,Rajshahi,BD50,Bangladesh,BD,2015-01-01,2020-11-13,,58.8658394891893
Bahadursadi,BD30333415,,,,Kaliganj,BD303334,Gazipur,BD3033,Dhaka,BD30,Bangladesh,BD,2015-01-01,2020-11-13,,13.9984909124513
Bahagili,BD55734517,,,,Kishoreganj,BD557345,Nilphamari,BD5573,Rangpur,BD55,Bangladesh,BD,2015-01-01,2020-11-13,,23.4773894915061
Bahalbaria,BD40509421,,,,Mirpur,BD405094,Kushtia,BD4050,Khulna,BD40,Bangladesh,BD,2015-01-01,2020-11-13,,20.621645082322
Bahara,BD60367125,,,,Madhabpur,BD603671,Habiganj,BD6036,Sylhet,BD60,Bangladesh,BD,2015-01-01,2020-11-13,,28.7054316710018
Bahara,BD60908647,,,,Sulla,BD609086,Sunamganj,BD6090,Sylhet,BD60,Bangladesh,BD,2015-01-01,2020-11-13,,62.2808870141353
Baharbunia,BD40016010,,,,Morrelganj,BD400160,Bagerhat,BD4001,Khulna,BD40,Bangladesh,BD,2015-01-01,2020-11-13,,32.1441218990554
Baharchhara,BD20150811,,,,Banshkhali,BD201508,Chittagong,BD2015,Chittagong,BD20,Bangladesh,BD,2015-01-01,2020-11-13,,20.4005927339918
Baharchhara,BD20229015,,,,Teknaf,BD202290,Cox's Bazar,BD2022,Chittagong,BD20,Bangladesh,BD,2015-01-01,2020-11-13,,19.1061985787597
Baharpur,BD30820717,,,,Balia Kandi,BD308207,Rajbari,BD3082,Dhaka,BD30,Bangladesh,BD,2015-01-01,2020-11-13,,39.821040300214
Baheratail,BD30938513,,,,Sakhipur,BD309385,Tangail,BD3093,Dhaka,BD30,Bangladesh,BD,2015-01-01,2020-11-13,,45.502152037009
Bahir Char,BD40501527,,,,Bheramara,BD405015,Kushtia,BD4050,Khulna,BD40,Bangladesh,BD,2015-01-01,2020-11-13,,34.2278661133148
Bahirdia Mansa,BD40013410,,,,Fakirhat,BD400134,Bagerhat,BD4001,Khulna,BD40,Bangladesh,BD,2015-01-01,2020-11-13,,16.7546596700265
Bahrampur,BD10785221,,,,Dashmina,BD107852,Patuakhali,BD1078,Barisal,BD10,Bangladesh,BD,2015-01-01,2020-11-13,,22.158435975182
Bahubal,BD60360511,,,,Bahubal,BD603605,Habiganj,BD6036,Sylhet,BD60,Bangladesh,BD,2015-01-01,2020-11-13,,20.2695739082378
Bahugram,BD30355811,,,,Muksudpur,BD303558,Gopalganj,BD3035,Dhaka,BD30,Bangladesh,BD,2015-01-01,2020-11-13,,16.1680068300978
Bahuli,BD50887817,,,,Sirajganj Sadar,BD508878,Sirajganj,BD5088,Rajshahi,BD50,Bangladesh,BD,2015-01-01,2020-11-13,,23.6404519834635
Bahuria,BD30936623,,,,Mirzapur,BD309366,Tangail,BD3093,Dhaka,BD30,Bangladesh,BD,2015-01-01,2020-11-13,,20.3931978867543
Baidyer Bazar,BD30670424,,,,Sonargaon,BD306704,Narayanganj,BD3067,Dhaka,BD30,Bangladesh,BD,2015-01-01,2020-11-13,,14.6118636628758
Baikari,BD40878220,,,,Satkhira Sadar,BD408782,Satkhira,BD4087,Khulna,BD40,Bangladesh,BD,2015-01-01,2020-11-13,,25.3931837239798
Bailar,BD45619415,,,,Trishal,BD456194,Mymensingh,BD4561,Mymensingh,BD45,Bangladesh,BD,2015-01-01,2020-11-13,,25.7460976211711
Bailchhari,BD20150812,,,,Banshkhali,BD201508,Chittagong,BD2015,Chittagong,BD20,Bangladesh,BD,2015-01-01,2020-11-13,,12.1012285815736
Bailtali,BD20151813,,,,Chandanaish,BD201518,Chittagong,BD2015,Chittagong,BD20,Bangladesh,BD,2015-01-01,2020-11-13,,9.54260054845305
Baintala,BD40017310,,,,Rampal,BD400173,Bagerhat,BD4001,Khulna,BD40,Bangladesh,BD,2015-01-01,2020-11-13,,35.75909142697829
Baira (kewatkhali),BD45615227,,,,Mymensingh Sadar,BD456152,Mymensingh,BD4561,Mymensingh,BD45,Bangladesh,BD,2015-01-01,2020-11-13,,5.70124665890962
Bairag,BD20150419,,,,Anowara,BD201504,Chittagong,BD2015,Chittagong,BD20,Bangladesh,BD,2015-01-01,2020-11-13,,15.7498721184832
Bairati,BD30485911,,,,Mithamain,BD304859,Kishoreganj,BD3048,Dhaka,BD30,Bangladesh,BD,2015-01-01,2020-11-13,,14.9078608953686
Bairati,BD45728315,,,,Purbadhala,BD457283,Netrakona,BD4572,Mymensingh,BD45,Bangladesh,BD,2015-01-01,2020-11-13,,24.5277425991878
Bairchuna,BD55948223,,,,Pirganj,BD559482,Thakurgaon,BD5594,Rangpur,BD55,Bangladesh,BD,2015-01-01,2020-11-13,,36.8562935254158
Baisakanda,BD30261411,,,,Dhamrai,BD302614,Dhaka,BD3026,Dhaka,BD30,Bangladesh,BD,2015-01-01,2020-11-13,,18.298418467212
Baisari Para,BD10061021,,,,Banari Para,BD100610,Barisal,BD1006,Barisal,BD10,Bangladesh,BD,2015-01-01,2020-11-13,,10.528444399804
Baishari,BD20037319,,,,Naikhongchhari,BD200373,Bandarban,BD2003,Chittagong,BD20,Bangladesh,BD,2015-01-01,2020-11-13,,98.368239241887
Baishgaon,BD20197413,,,,Manoharganj,BD201974,Comilla,BD2019,Chittagong,BD20,Bangladesh,BD,2015-01-01,2020-11-13,,17.0234054634696
Bajitkhila,BD45898811,,,,Sherpur Sadar,BD458988,Sherpur,BD4589,Mymensingh,BD45,Bangladesh,BD,2015-01-01,2020-11-13,,15.8887851244711
Bajitpur,BD30548028,,,,Rajoir,BD305480,Madaripur,BD3054,Dhaka,BD30,Bangladesh,BD,2015-01-01,2020-11-13,,21.6381388864431
Bajitpur Paurashava,BD30480699,,,,Bajitpur,BD304806,Kishoreganj,BD3048,Dhaka,BD30,Bangladesh,BD,2015-01-01,2020-11-13,,11.5078904234945
Bajnaba,BD30680713,,,,Belabo,BD306807,Narsingdi,BD3068,Dhaka,BD30,Bangladesh,BD,2015-01-01,2020-11-13,,13.4726477906563
Bajra Jogini,BD30595622,,,,Munshiganj Sadar,BD305956,Munshiganj,BD3059,Dhaka,BD30,Bangladesh,BD,2015-01-01,2020-11-13,,9.71092319547017
Bajua,BD40471710,,,,Dacope,BD404717,Khulna,BD4047,Khulna,BD40,Bangladesh,BD,2015-01-01,2020-11-13,,29.9518157962575
Bajubagha,BD50811022,,,,Bagha,BD508110,Rajshahi,BD5081,Rajshahi,BD50,Bangladesh,BD,2015-01-01,2020-11-13,,17.3037559438429
Bakai,BD20197217,,,,Laksam,BD201972,Comilla,BD2019,Chittagong,BD20,Bangladesh,BD,2015-01-01,2020-11-13,,27.7010471912595
Bakal,BD10060215,,,,Agailjhara,BD100602,Barisal,BD1006,Barisal,BD10,Bangladesh,BD,2015-01-01,2020-11-13,,32.3677102205967
Bakaljora,BD45721812,,,,Durgapur,BD457218,Netrakona,BD4572,Mymensingh,BD45,Bangladesh,BD,2015-01-01,2020-11-13,,36.0115927921899
Bakila,BD20134975,,,,Hajiganj,BD201349,Chandpur,BD2013,Chittagong,BD20,Bangladesh,BD,2015-01-01,2020-11-13,,15.2879842960529
Baksh Mohammad,BD20305140,,,,Parshuram,BD203051,Feni,BD2030,Chittagong,BD20,Bangladesh,BD,2015-01-01,2020-11-13,,30.12166079135
Bakshaganj,BD20198734,,,,Nangalkot,BD201987,Comilla,BD2019,Chittagong,BD20,Bangladesh,BD,2015-01-01,2020-11-13,,13.59572356032
Bakshanagar,BD30266213,,,,Nawabganj,BD302662,Dhaka,BD3026,Dhaka,BD30,Bangladesh,BD,2015-01-01,2020-11-13,,9.27328277432882
Bakshiganj,BD45390723,,,,Bakshiganj,BD453907,Jamalpur,BD4539,Mymensingh,BD45,Bangladesh,BD,2015-01-01,2020-11-13,,31.0580398609956
Bakshimail,BD50815313,,,,Mohanpur,BD508153,Rajshahi,BD5081,Rajshahi,BD50,Bangladesh,BD,2015-01-01,2020-11-13,,22.6685091861304
Baksimail,BD20191811,,,,Burichang,BD201918,Comilla,BD2019,Chittagong,BD20,Bangladesh,BD,2015-01-01,2020-11-13,,25.5521315566261
Bakta,BD45612017,,,,Fulbaria,BD456120,Mymensingh,BD4561,Mymensingh,BD45,Bangladesh,BD,2015-01-01,2020-11-13,,30.3645463615834
Baktaballi,BD30675825,,,,Narayanganj Sadar,BD306758,Narayanganj,BD3067,Dhaka,BD30,Bangladesh,BD,2015-01-01,2020-11-13,,22.8638465849682
Baktapur,BD20153314,,,,Fatikchhari,BD201533,Chittagong,BD2015,Chittagong,BD20,Bangladesh,BD,2015-01-01,2020-11-13,,4.29848735703546
Baktarpur,BD30333417,,,,Kaliganj,BD303334,Gazipur,BD3033,Dhaka,BD30,Bangladesh,BD,2015-01-01,2020-11-13,,34.1584250707083
Baktiarpur,BD50646013,,,,Naogaon Sadar,BD506460,Naogaon,BD5064,Rajshahi,BD50,Bangladesh,BD,2015-01-01,2020-11-13,,18.4002625620606
Bakua,BD55945127,,,,Haripur,BD559451,Thakurgaon,BD5594,Rangpur,BD55,Bangladesh,BD,2015-01-01,2020-11-13,,37.3953551232401
Bakulbaria,BD10785722,,,,Galachipa,BD107857,Patuakhali,BD1078,Barisal,BD10,Bangladesh,BD,2015-01-01,2020-11-13,,23.7607692254583
Bala Para,BD55731213,,,,Dimla,BD557312,Nilphamari,BD5573,Rangpur,BD55,Bangladesh,BD,2015-01-01,2020-11-13,,40.9473261452022
Balaganj,BD60910811,,,,Balaganj,BD609108,Sylhet,BD6091,Sylhet,BD60,Bangladesh,BD,2015-01-01,2020-11-13,,36.1792642388291
Balagram,BD55733613,,,,Jaldhaka,BD557336,Nilphamari,BD5573,Rangpur,BD55,Bangladesh,BD,2015-01-01,2020-11-13,,28.2460233233508
Balaibunia,BD40016011,,,,Morrelganj,BD400160,Bagerhat,BD4001,Khulna,BD40,Bangladesh,BD,2015-01-01,2020-11-13,,15.5213555628541
Balair Char,BD45898813,,,,Sherpur Sadar,BD458988,Sherpur,BD4589,Mymensingh,BD45,Bangladesh,BD,2015-01-01,2020-11-13,,24.2468867247013
Balaishimul,BD45724713,,,,Kendua,BD457247,Netrakona,BD4572,Mymensingh,BD45,Bangladesh,BD,2015-01-01,2020-11-13,,28.91687928336
Balara,BD30562821,,,,Harirampur,BD305628,Manikganj,BD3056,Dhaka,BD30,Bangladesh,BD,2015-01-01,2020-11-13,,10.9313830924411
Balarampur,BD20199410,,,,Titas,BD201994,Comilla,BD2019,Chittagong,BD20,Bangladesh,BD,2015-01-01,2020-11-13,,11.1803172894534
Balarampur,BD55770427,,,,Atwari,BD557704,Panchagarh,BD5577,Rangpur,BD55,Bangladesh,BD,2015-01-01,2020-11-13,,30.2302636662095
Balarhat,BD55855832,,,,Mitha Pukur,BD558558,Rangpur,BD5585,Rangpur,BD55,Bangladesh,BD,2015-01-01,2020-11-13,,23.0065527873056
Baldhara,BD30568217,,,,Singair,BD305682,Manikganj,BD3056,Dhaka,BD30,Bangladesh,BD,2015-01-01,2020-11-13,,29.6895317034532
Baldia,BD10798719,,,,Nesarabad (Swarupkati),BD107987,Pirojpur,BD1079,Barisal,BD10,Bangladesh,BD,2015-01-01,2020-11-13,,21.0158708071027
Bali Para,BD10799015,,,,Zianagar,BD107990,Pirojpur,BD1079,Barisal,BD10,Bangladesh,BD,2015-01-01,2020-11-13,,42.0158593806137
Bali Para,BD45619419,,,,Trishal,BD456194,Mymensingh,BD4561,Mymensingh,BD45,Bangladesh,BD,2015-01-01,2020-11-13,,30.1776040943199
Balia,BD20132227,,,,Chandpur Sadar,BD201322,Chandpur,BD2013,Chittagong,BD20,Bangladesh,BD,2015-01-01,2020-11-13,,19.2328006968983
Balia,BD30261417,,,,Dhamrai,BD302614,Dhaka,BD3026,Dhaka,BD30,Bangladesh,BD,2015-01-01,2020-11-13,,15.1789945798057
Balia,BD45618111,,,,Phulpur,BD456181,Mymensingh,BD4561,Mymensingh,BD45,Bangladesh,BD,2015-01-01,2020-11-13,,26.6344192689207
Balia,BD55949421,,,,Thakurgaon Sadar,BD559494,Thakurgaon,BD5594,Rangpur,BD55,Bangladesh,BD,2015-01-01,2020-11-13,,37.62462287002749
Balia Dighi,BD50104011,,,,Gabtali,BD501040,Bogra,BD5010,Rajshahi,BD50,Bangladesh,BD,2015-01-01,2020-11-13,,21.8208462830253
Baliadanga,BD40471223,,,,Batiaghata,BD404712,Khulna,BD4047,Khulna,BD40,Bangladesh,BD,2015-01-01,2020-11-13,,20.7291136271314
Baliakandi,BD30820719,,,,Balia Kandi,BD308207,Rajbari,BD3082,Dhaka,BD30,Bangladesh,BD,2015-01-01,2020-11-13,,29.8124941551237
Baliakhora,BD30562211,,,,Ghior,BD305622,Manikganj,BD3056,Dhaka,BD30,Bangladesh,BD,2015-01-01,2020-11-13,,23.6392441990178
Balian,BD45612023,,,,Fulbaria,BD456120,Mymensingh,BD4561,Mymensingh,BD45,Bangladesh,BD,2015-01-01,2020-11-13,,26.9633846453362
Baliardi,BD30480617,,,,Bajitpur,BD304806,Kishoreganj,BD3048,Dhaka,BD30,Bangladesh,BD,2015-01-01,2020-11-13,,7.93374841647013
Baliatali,BD10786610,,,,Kala Para,BD107866,Patuakhali,BD1078,Barisal,BD10,Bangladesh,BD,2015-01-01,2020-11-13,,41.5691088127937
Baliati,BD30567019,,,,Saturia,BD305670,Manikganj,BD3056,Dhaka,BD30,Bangladesh,BD,2015-01-01,2020-11-13,,11.1379180374173
Balibhadra,BD30932521,,,,Dhanbari,BD309325,Tangail,BD3093,Dhaka,BD30,Bangladesh,BD,2015-01-01,2020-11-13,,11.4787664382848
Balidanga,BD50706618,,,,Nawabganj Sadar,BD507066,Nawabganj,BD5070,Rajshahi,BD50,Bangladesh,BD,2015-01-01,2020-11-13,,34.7989010156602
Balidia,BD40556621,,,,Mohammadpur,BD405566,Magura,BD4055,Khulna,BD40,Bangladesh,BD,2015-01-01,2020-11-13,,30.7730971126149
Baligaon,BD20302920,,,,Feni Sadar,BD203029,Feni,BD2030,Chittagong,BD20,Bangladesh,BD,2015-01-01,2020-11-13,,17.3393835389182
Balighata,BD50387452,,,,Panchbibi,BD503874,Joypurhat,BD5038,Rajshahi,BD50,Bangladesh,BD,2015-01-01,2020-11-13,,23.8133524763602
Baligram,BD30544012,,,,Kalkini,BD305440,Madaripur,BD3054,Dhaka,BD30,Bangladesh,BD,2015-01-01,2020-11-13,,24.7414702973444
Balihar,BD50646014,,,,Naogaon Sadar,BD506460,Naogaon,BD5064,Rajshahi,BD50,Bangladesh,BD,2015-01-01,2020-11-13,,22.9870626993385
Balijuri,BD45395823,,,,Madarganj,BD453958,Jamalpur,BD4539,Mymensingh,BD45,Bangladesh,BD,2015-01-01,2020-11-13,,33.3261080351522
Balijuri,BD60909210,,,,Tahirpur,BD609092,Sunamganj,BD6090,Sylhet,BD60,Bangladesh,BD,2015-01-01,2020-11-13,,19.3092348385446
Balikhan,BD45618112,,,,Phulpur,BD456181,Mymensingh,BD4561,Mymensingh,BD45,Bangladesh,BD,2015-01-01,2020-11-13,,27.7946492903274
Balipara,BD20039519,,,,Thanchi,BD200395,Bandarban,BD2003,Chittagong,BD20,Bangladesh,BD,2015-01-01,2020-11-13,,83.9161182948375
Balla,BD30562814,,,,Harirampur,BD305628,Manikganj,BD3056,Dhaka,BD30,Bangladesh,BD,2015-01-01,2020-11-13,,18.4861181926901
Balla,BD30934712,,,,Kalihati,BD309347,Tangail,BD3093,Dhaka,BD30,Bangladesh,BD,2015-01-01,2020-11-13,,13.7250327838053
Ballabhdi,BD30299011,,,,Saltha,BD302990,Faridpur,BD3029,Dhaka,BD30,Bangladesh,BD,2015-01-01,2020-11-13,,22.2828136052912
Ballabher Khas,BD55496111,,,,Nageshwari,BD554961,Kurigram,BD5549,Rangpur,BD55,Bangladesh,BD,2015-01-01,2020-11-13,,32.8494877140475
Ballamjhar,BD55322414,,,,Gaibandha Sadar,BD553224,Gaibandha,BD5532,Rangpur,BD55,Bangladesh,BD,2015-01-01,2020-11-13,,31.2275470490709
Balli,BD40878227,,,,Satkhira Sadar,BD408782,Satkhira,BD4087,Khulna,BD40,Bangladesh,BD,2015-01-01,2020-11-13,,16.6609468436092
Balua,BD50109510,,,,Sonatola,BD501095,Bogra,BD5010,Rajshahi,BD50,Bangladesh,BD,2015-01-01,2020-11-13,,23.7909859182269
Balua Masimpur,BD55855817,,,,Mitha Pukur,BD558558,Rangpur,BD5585,Rangpur,BD55,Bangladesh,BD,2015-01-01,2020-11-13,,30.5831008877835
Baluakandi,BD30592410,,,,Gazaria,BD305924,Munshiganj,BD3059,Dhaka,BD30,Bangladesh,BD,2015-01-01,2020-11-13,,14.0517576126356
Balubhara,BD50640631,,,,Badalgachhi,BD506406,Naogaon,BD5064,Rajshahi,BD50,Bangladesh,BD,2015-01-01,2020-11-13,,22.2162064784195
Baluhar,BD40444213,,,,Kotchandpur,BD404442,Jhenaidah,BD4044,Khulna,BD40,Bangladesh,BD,2015-01-01,2020-11-13,,28.5946466504379
Balukhali,BD20848727,,,,Rangamati Sadar,BD208487,Rangamati,BD2084,Chittagong,BD20,Bangladesh,BD,2015-01-01,2020-11-13,,188.677401842245
Balur Char,BD30597411,,,,Serajdikhan,BD305974,Munshiganj,BD3059,Dhaka,BD30,Bangladesh,BD,2015-01-01,2020-11-13,,20.3566324195598
Bamai,BD60366813,,,,Lakhai,BD603668,Habiganj,BD6036,Sylhet,BD60,Bangladesh,BD,2015-01-01,2020-11-13,,28.1848989610121
Bamandanga,BD55329111,,,,Sundarganj,BD553291,Gaibandha,BD5532,Rangpur,BD55,Bangladesh,BD,2015-01-01,2020-11-13,,34.5257881298696
Bamandanga,BD55496112,,,,Nageshwari,BD554961,Kurigram,BD5549,Rangpur,BD55,Bangladesh,BD,2015-01-01,2020-11-13,,23.2860875541216
Bamandi,BD40574710,,,,Gangni,BD405747,Meherpur,BD4057,Khulna,BD40,Bangladesh,BD,2015-01-01,2020-11-13,,27.8312508273528
Bambu,BD50384719,,,,Joypurhat Sadar,BD503847,Joypurhat,BD5038,Rajshahi,BD50,Bangladesh,BD,2015-01-01,2020-11-13,,24.7323099327745
Bamna,BD10041923,,,,Bamna,BD100419,Barguna,BD1004,Barisal,BD10,Bangladesh,BD,2015-01-01,2020-11-13,,23.5238635193093
Bamni,BD20515811,,,,Roypur,BD205158,Lakshmipur,BD2051,Chittagong,BD20,Bangladesh,BD,2015-01-01,2020-11-13,,11.6120525868362
Bamo Bilchari,BD20221612,,,,Chakaria,BD202216,Cox's Bazar,BD2022,Chittagong,BD20,Bangladesh,BD,2015-01-01,2020-11-13,,13.3108133476807
Bamrail,BD10069410,,,,Wazirpur,BD100694,Barisal,BD1006,Barisal,BD10,Bangladesh,BD,2015-01-01,2020-11-13,,27.4842147671437
Bamunia,BD55731517,,,,Domar,BD557315,Nilphamari,BD5573,Rangpur,BD55,Bangladesh,BD,2015-01-01,2020-11-13,,20.0419253394333
Bana,BD30290321,,,,Alfadanga,BD302903,Faridpur,BD3029,Dhaka,BD30,Bangladesh,BD,2015-01-01,2020-11-13,,19.9896240677729
Banagram,BD30267222,,,,Savar,BD302672,Dhaka,BD3026,Dhaka,BD30,Bangladesh,BD,2015-01-01,2020-11-13,,16.8943162759147
Banagram,BD30484519,,,,Katiadi,BD304845,Kishoreganj,BD3048,Dhaka,BD30,Bangladesh,BD,2015-01-01,2020-11-13,,28.222907494467
Banagram,BD40016017,,,,Morrelganj,BD400160,Bagerhat,BD4001,Khulna,BD40,Bangladesh,BD,2015-01-01,2020-11-13,,16.10580230312
Banagram,BD55328213,,,,Sadullapur,BD553282,Gaibandha,BD5532,Rangpur,BD55,Bangladesh,BD,2015-01-01,2020-11-13,,18.4975048738104
Banail,BD30936631,,,,Mirzapur,BD309366,Tangail,BD3093,Dhaka,BD30,Bangladesh,BD,2015-01-01,2020-11-13,,21.7498375234476
Banari Para,BD10061010,,,,Banari Para,BD100610,Barisal,BD1006,Barisal,BD10,Bangladesh,BD,2015-01-01,2020-11-13,,12.0629191790433
Bandaber,BD55497911,,,,Raumari,BD554979,Kurigram,BD5549,Rangpur,BD55,Bangladesh,BD,2015-01-01,2020-11-13,,60.0957878074664
Bandabilla,BD40410919,,,,Bagher Para,BD404109,Jessore,BD4041,Khulna,BD40,Bangladesh,BD,2015-01-01,2020-11-13,,34.0028807822668
Bandar,BD30670615,,,,Bandar,BD306706,Narayanganj,BD3067,Dhaka,BD30,Bangladesh,BD,2015-01-01,2020-11-13,,7.6287681948838
Bandarban,BD20031415,,,,Bandarban Sadar,BD200314,Bandarban,BD2003,Chittagong,BD20,Bangladesh,BD,2015-01-01,2020-11-13,,26.5239911680383
Bandarban Paurashava,BD20031499,,,,Bandarban Sadar,BD200314,Bandarban,BD2003,Chittagong,BD20,Bangladesh,BD,2015-01-01,2020-11-13,,57.06195204346241
Bandarkhola,BD30548711,,,,Shib Char,BD305487,Madaripur,BD3054,Dhaka,BD30,Bangladesh,BD,2015-01-01,2020-11-13,,13.8368088176915
Bandhabari,BD30355115,,,,Kotali Para,BD303551,Gopalganj,BD3035,Dhaka,BD30,Bangladesh,BD,2015-01-01,2020-11-13,,17.1955317566322
Banduk Bhanga,BD20848713,,,,Rangamati Sadar,BD208487,Rangamati,BD2084,Chittagong,BD20,Bangladesh,BD,2015-01-01,2020-11-13,,95.0581003634422
Bandura,BD30266220,,,,Nawabganj,BD302662,Dhaka,BD3026,Dhaka,BD30,Bangladesh,BD,2015-01-01,2020-11-13,,14.9691371928062
Baneshwar,BD50818213,,,,Puthia,BD508182,Rajshahi,BD5081,Rajshahi,BD50,Bangladesh,BD,2015-01-01,2020-11-13,,26.6217458939473
Baneshwardi,BD45896717,,,,Nakla,BD458967,Sherpur,BD4589,Mymensingh,BD45,Bangladesh,BD,2015-01-01,2020-11-13,,18.2474594018472
Bangakha,BD20514313,,,,Lakshmipur Sadar,BD205143,Lakshmipur,BD2051,Chittagong,BD20,Bangladesh,BD,2015-01-01,2020-11-13,,17.5337058172315
Bangal Para,BD30480235,,,,Austagram,BD304802,Kishoreganj,BD3048,Dhaka,BD30,Bangladesh,BD,2015-01-01,2020-11-13,,29.9973382271151
Bangala,BD50889412,,,,Ullah Para,BD508894,Sirajganj,BD5088,Rajshahi,BD50,Bangladesh,BD,2015-01-01,2020-11-13,,31.7724010189435
Bangalhalia,BD20847823,,,,Rajasthali,BD208478,Rangamati,BD2084,Chittagong,BD20,Bangladesh,BD,2015-01-01,2020-11-13,,39.1558333237647
Bangalipur,BD55738523,,,,Saidpur,BD557385,Nilphamari,BD5573,Rangpur,BD55,Bangladesh,BD,2015-01-01,2020-11-13,,18.6753421085893
Bangaltali,BD20840723,,,,Baghai Chhari,BD208407,Rangamati,BD2084,Chittagong,BD20,Bangladesh,BD,2015-01-01,2020-11-13,,36.9171647136426
Bangasonahat,BD55490638,,,,Bhurungamari,BD554906,Kurigram,BD5549,Rangpur,BD55,Bangladesh,BD,2015-01-01,2020-11-13,,22.4616687328066
Bangla Bazar,BD30595623,,,,Munshiganj Sadar,BD305956,Munshiganj,BD3059,Dhaka,BD30,Bangladesh,BD,2015-01-01,2020-11-13,,19.3608570400027
Bangla Bazar,BD60903386,,,,Dowarabazar,BD609033,Sunamganj,BD6090,Sylhet,BD60,Bangladesh,BD,2015-01-01,2020-11-13,,30.680225402967
Banglabandha,BD55779013,,,,Tentulia,BD557790,Panchagarh,BD5577,Rangpur,BD55,Bangladesh,BD,2015-01-01,2020-11-13,,21.0795585401892
Bangodda,BD20198717,,,,Nangalkot,BD201987,Comilla,BD2019,Chittagong,BD20,Bangladesh,BD,2015-01-01,2020-11-13,,12.7529490541988
Bangra,BD30934714,,,,Kalihati,BD309347,Tangail,BD3093,Dhaka,BD30,Bangladesh,BD,2015-01-01,2020-11-13,,20.1399060568724
Baniajan,BD30932525,,,,Dhanbari,BD309325,Tangail,BD3093,Dhaka,BD30,Bangladesh,BD,2015-01-01,2020-11-13,,13.7448523026667
Baniajan,BD45720411,,,,Atpara,BD457204,Netrakona,BD4572,Mymensingh,BD45,Bangladesh,BD,2015-01-01,2020-11-13,,24.0000235984512
Baniajuri,BD30562223,,,,Ghior,BD305622,Manikganj,BD3056,Dhaka,BD30,Bangladesh,BD,2015-01-01,2020-11-13,,20.0885935565736
Banibaha,BD30827614,,,,Rajbari Sadar,BD308276,Rajbari,BD3082,Dhaka,BD30,Bangladesh,BD,2015-01-01,2020-11-13,,22.6413218515122
Banihala,BD45618113,,,,Phulpur,BD456181,Mymensingh,BD4561,Mymensingh,BD45,Bangladesh,BD,2015-01-01,2020-11-13,,24.9262352682123
Banishanta,BD40471713,,,,Dacope,BD404717,Khulna,BD4047,Khulna,BD40,Bangladesh,BD,2015-01-01,2020-11-13,,28.1048885438082
Banjugi Chhara,BD20844719,,,,Jurai Chhari,BD208447,Rangamati,BD2084,Chittagong,BD20,Bangladesh,BD,2015-01-01,2020-11-13,,88.9975843235117
Banka,BD40185538,,,,Jiban Nagar,BD401855,Chuadanga,BD4018,Khulna,BD40,Bangladesh,BD,2015-01-01,2020-11-13,,65.2766664841852
Bankra,BD40412325,,,,Jhikargachha,BD404123,Jessore,BD4041,Khulna,BD40,Bangladesh,BD,2015-01-01,2020-11-13,,27.3250531887906
Banpara Paurashava,BD50691500,,,,Baraigram,BD506915,Natore,BD5069,Rajshahi,BD50,Bangladesh,BD,2015-01-01,2020-11-13,,5.23009266035084
Banshbaria,BD10785231,,,,Dashmina,BD107852,Patuakhali,BD1078,Barisal,BD10,Bangladesh,BD,2015-01-01,2020-11-13,,35.02739455610951
Banshbaria,BD20158616,,,,Sitakunda,BD201586,Chittagong,BD2015,Chittagong,BD20,Bangladesh,BD,2015-01-01,2020-11-13,,21.382931039103
Banshbaria,BD30355816,,,,Muksudpur,BD303558,Gopalganj,BD3035,Dhaka,BD30,Bangladesh,BD,2015-01-01,2020-11-13,,12.956811739077
Banshbaria,BD40447111,,,,Maheshpur,BD404471,Jhenaidah,BD4044,Khulna,BD40,Bangladesh,BD,2015-01-01,2020-11-13,,36.6722052501684
Banshchara,BD45393613,,,,Jamalpur Sadar,BD453936,Jamalpur,BD4539,Mymensingh,BD45,Bangladesh,BD,2015-01-01,2020-11-13,,36.7218069885448
Banshdaha,BD40878233,,,,Satkhira Sadar,BD408782,Satkhira,BD4087,Khulna,BD40,Bangladesh,BD,2015-01-01,2020-11-13,,22.2450001346069
Banshgari,BD30544018,,,,Kalkini,BD305440,Madaripur,BD3054,Dhaka,BD30,Bangladesh,BD,2015-01-01,2020-11-13,,27.0224381244285
Banshgari,BD30686416,,,,Roypura,BD306864,Narsingdi,BD3068,Dhaka,BD30,Bangladesh,BD,2015-01-01,2020-11-13,,13.580724069945
Banshgram,BD40657613,,,,Narail Sadar,BD406576,Narail,BD4065,Khulna,BD40,Bangladesh,BD,2015-01-01,2020-11-13,,38.0413336351292
Banshkandi,BD30548713,,,,Shib Char,BD305487,Madaripur,BD3054,Dhaka,BD30,Bangladesh,BD,2015-01-01,2020-11-13,,19.3174372911277
Banshkhali Paurashava,BD20150899,,,,Banshkhali,BD201508,Chittagong,BD2015,Chittagong,BD20,Bangladesh,BD,2015-01-01,2020-11-13,,28.1324352636694
Banshtail,BD30936634,,,,Mirzapur,BD309366,Tangail,BD3093,Dhaka,BD30,Bangladesh,BD,2015-01-01,2020-11-13,,49.7940482761272
Banshtali,BD40017311,,,,Rampal,BD400173,Bagerhat,BD4001,Khulna,BD40,Bangladesh,BD,2015-01-01,2020-11-13,,21.7639089767851
Banwarinagar,BD50763310,,,,Faridpur,BD507633,Pabna,BD5076,Rajshahi,BD50,Bangladesh,BD,2015-01-01,2020-11-13,,11.6656109150994
Baola,BD45618127,,,,Phulpur,BD456181,Mymensingh,BD4561,Mymensingh,BD45,Bangladesh,BD,2015-01-01,2020-11-13,,28.8754963737374
Bapta,BD10091814,,,,Bhola Sadar,BD100918,Bhola,BD1009,Barisal,BD10,Bangladesh,BD,2015-01-01,2020-11-13,,17.9036615555863
Bara Alampur,BD55857616,,,,Pirganj,BD558576,Rangpur,BD5585,Rangpur,BD55,Bangladesh,BD,2015-01-01,2020-11-13,,32.5005320718765
Bara Baisdia,BD10785727,,,,Galachipa,BD107857,Patuakhali,BD1078,Barisal,BD10,Bangladesh,BD,2015-01-01,2020-11-13,,93.4724470379494
Bara Bakia,BD20225611,,,,Pekua,BD202256,Cox's Bazar,BD2022,Chittagong,BD20,Bangladesh,BD,2015-01-01,2020-11-13,,13.4397585926605
Bara Baria,BD40011419,,,,Chitalmari,BD400114,Bagerhat,BD4001,Khulna,BD40,Bangladesh,BD,2015-01-01,2020-11-13,,35.2825091573109
Bara Bazar,BD40443310,,,,Kaliganj,BD404433,Jhenaidah,BD4044,Khulna,BD40,Bangladesh,BD,2015-01-01,2020-11-13,,36.8101588807078
Bara Bhita,BD55491813,,,,Phulbari,BD554918,Kurigram,BD5549,Rangpur,BD55,Bangladesh,BD,2015-01-01,2020-11-13,,33.7976081188481
Bara Bighai,BD10789531,,,,Patuakhali Sadar,BD107895,Patuakhali,BD1078,Barisal,BD10,Bangladesh,BD,2015-01-01,2020-11-13,,34.4644089265777
Bara Bihanali,BD50811222,,,,Baghmara,BD508112,Rajshahi,BD5081,Rajshahi,BD50,Bangladesh,BD,2015-01-01,2020-11-13,,15.0464519073321
Bara Chapa,BD30685221,,,,Manohardi,BD306852,Narsingdi,BD3068,Dhaka,BD30,Bangladesh,BD,2015-01-01,2020-11-13,,21.6163847906857
Bara Chatul,BD60915913,,,,Kanaighat,BD609159,Sylhet,BD6091,Sylhet,BD60,Bangladesh,BD,2015-01-01,2020-11-13,,46.8617613905533
Bara Dargah,BD55857622,,,,Pirganj,BD558576,Rangpur,BD5585,Rangpur,BD55,Bangladesh,BD,2015-01-01,2020-11-13,,24.1714012353041
Bara Dhul,BD50881113,,,,Belkuchi,BD508811,Sirajganj,BD5088,Rajshahi,BD50,Bangladesh,BD,2015-01-01,2020-11-13,,30.1846446376072
Bara Gopalpur,BD30869412,,,,Zanjira,BD308694,Shariatpur,BD3086,Dhaka,BD30,Bangladesh,BD,2015-01-01,2020-11-13,,8.47045503424473
Bara Harina,BD20842131,,,,Barkal,BD208421,Rangamati,BD2084,Chittagong,BD20,Bangladesh,BD,2015-01-01,2020-11-13,,158.30219368947
Bara Harishpur,BD50696320,,,,Natore Sadar,BD506963,Natore,BD5069,Rajshahi,BD50,Bangladesh,BD,2015-01-01,2020-11-13,,35.71786915111819
Bara Hazratpur,BD55855826,,,,Mitha Pukur,BD558558,Rangpur,BD5585,Rangpur,BD55,Bangladesh,BD,2015-01-01,2020-11-13,,33.3929323115947
Bara Jalia,BD10063613,,,,Hizla,BD100636,Barisal,BD1006,Barisal,BD10,Bangladesh,BD,2015-01-01,2020-11-13,,22.0128683822622
Bara Karai (uttar Bara Karai),BD20192723,,,,Chandina,BD201927,Comilla,BD2019,Chittagong,BD20,Bangladesh,BD,2015-01-01,2020-11-13,,15.3169882770581
Bara Kharpan,BD45724011,,,,Kalmakanda,BD457240,Netrakona,BD4572,Mymensingh,BD45,Bangladesh,BD,2015-01-01,2020-11-13,,42.07769321636901
Bara Kheri,BD20517313,,,,Ramgati,BD205173,Lakshmipur,BD2051,Chittagong,BD20,Bangladesh,BD,2015-01-01,2020-11-13,,5.357692252047531
Bara Kotha,BD10069421,,,,Wazirpur,BD100694,Barisal,BD1006,Barisal,BD10,Bangladesh,BD,2015-01-01,2020-11-13,,21.354906616462
Bara Krishnagar,BD30869421,,,,Zanjira,BD308694,Shariatpur,BD3086,Dhaka,BD30,Bangladesh,BD,2015-01-01,2020-11-13,,10.8435024260289
Bara Machhua,BD10795817,,,,Mathbaria,BD107958,Pirojpur,BD1079,Barisal,BD10,Bangladesh,BD,2015-01-01,2020-11-13,,23.8113728463497
Bara Maheskhali,BD20224911,,,,Maheshkhali,BD202249,Cox's Bazar,BD2022,Chittagong,BD20,Bangladesh,BD,2015-01-01,2020-11-13,,13.5034493009131
Bara Malancha,BD10099119,,,,Tazumuddin,BD100991,Bhola,BD1009,Barisal,BD10,Bangladesh,BD,2015-01-01,2020-11-13,,15.6657903978412
Bara Manika,BD10092116,,,,Burhanuddin,BD100921,Bhola,BD1009,Barisal,BD10,Bangladesh,BD,2015-01-01,2020-11-13,,27.2858925698827
Bara Palashbari,BD55940831,,,,Baliadangi,BD559408,Thakurgaon,BD5594,Rangpur,BD55,Bangladesh,BD,2015-01-01,2020-11-13,,38.6184349985735
Bara Pangashi,BD50889421,,,,Ullah Para,BD508894,Sirajganj,BD5088,Rajshahi,BD50,Bangladesh,BD,2015-01-01,2020-11-13,,30.4436371638522
Bara Para,BD20193324,,,,Comilla Sadar Dakshin,BD201933,Comilla,BD2019,Chittagong,BD20,Bangladesh,BD,2015-01-01,2020-11-13,,23.4758715418408
Bara Shalghar,BD20194010,,,,Debidwar,BD201940,Comilla,BD2019,Chittagong,BD20,Bangladesh,BD,2015-01-01,2020-11-13,,14.851675756052
Bara Shashi,BD55772512,,,,Boda,BD557725,Panchagarh,BD5577,Rangpur,BD55,Bangladesh,BD,2015-01-01,2020-11-13,,39.7041700410715
Bara Thakuri,BD60919419,,,,Zakiganj,BD609194,Sylhet,BD6091,Sylhet,BD60,Bangladesh,BD,2015-01-01,2020-11-13,,19.8853295951522
Bara Uthan,BD20156118,,,,Patiya,BD201561,Chittagong,BD2015,Chittagong,BD20,Bangladesh,BD,2015-01-01,2020-11-13,,14.8653746810584
Barabagi,BD10040939,,,,Amtali,BD100409,Barguna,BD1004,Barisal,BD10,Bangladesh,BD,2015-01-01,2020-11-13,,42.7992928949355
Barabala,BD55855821,,,,Mitha Pukur,BD558558,Rangpur,BD5585,Rangpur,BD55,Bangladesh,BD,2015-01-01,2020-11-13,,24.0803717208465
Barabari,BD55525520,,,,Lalmonirhat Sadar,BD555255,Lalmonirhat,BD5552,Rangpur,BD55,Bangladesh,BD,2015-01-01,2020-11-13,,21.2417963638107
Barabari,BD55940821,,,,Baliadangi,BD559408,Thakurgaon,BD5594,Rangpur,BD55,Bangladesh,BD,2015-01-01,2020-11-13,,33.0983447621003
Barabaria,BD45612211,,,,Gaffargaon,BD456122,Mymensingh,BD4561,Mymensingh,BD45,Bangladesh,BD,2015-01-01,2020-11-13,,12.1642585545867
Barabhita,BD55734525,,,,Kishoreganj,BD557345,Nilphamari,BD5573,Rangpur,BD55,Bangladesh,BD,2015-01-01,2020-11-13,,22.304919017473
Barabil,BD55852719,,,,Gangachara,BD558527,Rangpur,BD5585,Rangpur,BD55,Bangladesh,BD,2015-01-01,2020-11-13,,33.5864534189048
Barabkunda,BD20158619,,,,Sitakunda,BD201586,Chittagong,BD2015,Chittagong,BD20,Bangladesh,BD,2015-01-01,2020-11-13,,24.151343515174
Baradal,BD40870425,,,,Assasuni,BD408704,Satkhira,BD4087,Khulna,BD40,Bangladesh,BD,2015-01-01,2020-11-13,,36.0410412647521
Baradi,BD30670427,,,,Sonargaon,BD306704,Narayanganj,BD3067,Dhaka,BD30,Bangladesh,BD,2015-01-01,2020-11-13,,21.5252515767226
Baradi,BD40180715,,,,Alamdanga,BD401807,Chuadanga,BD4018,Khulna,BD40,Bangladesh,BD,2015-01-01,2020-11-13,,21.5927691527858
Baragachhi,BD50817227,,,,Paba,BD508172,Rajshahi,BD5081,Rajshahi,BD50,Bangladesh,BD,2015-01-01,2020-11-13,,36.4484697749307
Baragaon,BD20758317,,,,Sonaimuri,BD207583,Noakhali,BD2075,Chittagong,BD20,Bangladesh,BD,2015-01-01,2020-11-13,,16.8600957210257
Baragaon,BD55949426,,,,Thakurgaon Sadar,BD559494,Thakurgaon,BD5594,Rangpur,BD55,Bangladesh,BD,2015-01-01,2020-11-13,,30.6927076223943
Baragharia,BD30484213,,,,Karimganj,BD304842,Kishoreganj,BD3048,Dhaka,BD30,Bangladesh,BD,2015-01-01,2020-11-13,,11.8346254394678
Baragharia,BD50706619,,,,Nawabganj Sadar,BD507066,Nawabganj,BD5070,Rajshahi,BD50,Bangladesh,BD,2015-01-01,2020-11-13,,3.34372366017811
Baraghop,BD20224527,,,,Kutubdia,BD202245,Cox's Bazar,BD2022,Chittagong,BD20,Bangladesh,BD,2015-01-01,2020-11-13,,9.7278101391708
Baragram,BD45616516,,,,Muktagachha,BD456165,Mymensingh,BD4561,Mymensingh,BD45,Bangladesh,BD,2015-01-01,2020-11-13,,27.4401990673858
Barahal,BD60919415,,,,Zakiganj,BD609194,Sylhet,BD6091,Sylhet,BD60,Bangladesh,BD,2015-01-01,2020-11-13,,45.3866662794047
Barahar,BD50889414,,,,Ullah Para,BD508894,Sirajganj,BD5088,Rajshahi,BD50,Bangladesh,BD,2015-01-01,2020-11-13,,32.1618707270005
Barahatia,BD20154718,,,,Lohagara,BD201547,Chittagong,BD2015,Chittagong,BD20,Bangladesh,BD,2015-01-01,2020-11-13,,30.4837335706773
Barahit,BD45613113,,,,Ishwarganj,BD456131,Mymensingh,BD4561,Mymensingh,BD45,Bangladesh,BD,2015-01-01,2020-11-13,,23.3399744571702
Barai Para,BD40010817,,,,Bagerhat Sadar,BD400108,Bagerhat,BD4001,Khulna,BD40,Bangladesh,BD,2015-01-01,2020-11-13,,33.9726066091578
Baraid,BD30567028,,,,Saturia,BD305670,Manikganj,BD3056,Dhaka,BD30,Bangladesh,BD,2015-01-01,2020-11-13,,19.013134368085
Baraigram,BD50691521,,,,Baraigram,BD506915,Natore,BD5069,Rajshahi,BD50,Bangladesh,BD,2015-01-01,2020-11-13,,34.5623715103467
Baraigram Paurashava,BD50691599,,,,Baraigram,BD506915,Natore,BD5069,Rajshahi,BD50,Bangladesh,BD,2015-01-01,2020-11-13,,19.6835601976476
Baraikandi,BD60913136,,,,Dakshin Surma,BD609131,Sylhet,BD6091,Sylhet,BD60,Bangladesh,BD,2015-01-01,2020-11-13,,7.074537666863519
Baraikhali,BD30598420,,,,Sreenagar,BD305984,Munshiganj,BD3059,Dhaka,BD30,Bangladesh,BD,2015-01-01,2020-11-13,,26.115090563595
Baraikhali,BD40016023,,,,Morrelganj,BD400160,Bagerhat,BD4001,Khulna,BD40,Bangladesh,BD,2015-01-01,2020-11-13,,20.3793474362645
Barail,BD20128581,,,,Nabinagar,BD201285,Brahamanbaria,BD2012,Chittagong,BD20,Bangladesh,BD,2015-01-01,2020-11-13,,10.5152525118806
Barail,BD50386128,,,,Khetlal,BD503861,Joypurhat,BD5038,Rajshahi,BD50,Bangladesh,BD,2015-01-01,2020-11-13,,23.3756158553794
Baraitali,BD20221616,,,,Chakaria,BD202216,Cox's Bazar,BD2022,Chittagong,BD20,Bangladesh,BD,2015-01-01,2020-11-13,,25.5094605695233
Baraiuri,BD60361131,,,,Baniachong,BD603611,Habiganj,BD6036,Sylhet,BD60,Bangladesh,BD,2015-01-01,2020-11-13,,35.3182606504437
Barakanda,BD20197512,,,,Meghna,BD201975,Comilla,BD2019,Chittagong,BD20,Bangladesh,BD,2015-01-01,2020-11-13,,20.5510680854967
Barakandi,BD30869414,,,,Zanjira,BD308694,Shariatpur,BD3086,Dhaka,BD30,Bangladesh,BD,2015-01-01,2020-11-13,,23.5908536001312
Barakhada,BD40507925,,,,Kushtia Sadar,BD405079,Kushtia,BD4050,Khulna,BD40,Bangladesh,BD,2015-01-01,2020-11-13,,16.7829779552009
Barakhain,BD20150428,,,,Anowara,BD201504,Chittagong,BD2015,Chittagong,BD20,Bangladesh,BD,2015-01-01,2020-11-13,,16.5735159173327
Barakhata,BD55523315,,,,Hatibandha,BD555233,Lalmonirhat,BD5552,Rangpur,BD55,Bangladesh,BD,2015-01-01,2020-11-13,,23.6549295388452
Barakpur,BD40474017,,,,Dighalia,BD404740,Khulna,BD4047,Khulna,BD40,Bangladesh,BD,2015-01-01,2020-11-13,,24.5817429592206
Baralia,BD20156115,,,,Patiya,BD201561,Chittagong,BD2015,Chittagong,BD20,Bangladesh,BD,2015-01-01,2020-11-13,,10.3965509659529
Barama,BD20151828,,,,Chandanaish,BD201518,Chittagong,BD2015,Chittagong,BD20,Bangladesh,BD,2015-01-01,2020-11-13,,9.37366200657983
Baramchal,BD60586511,,,,Kulaura,BD605865,Maulvibazar,BD6058,Sylhet,BD60,Bangladesh,BD,2015-01-01,2020-11-13,,29.8705002116023
Baranala,BD20467017,,,,Matiranga,BD204670,Khagrachhari,BD2046,Chittagong,BD20,Bangladesh,BD,2015-01-01,2020-11-13,,21.7217871087003
Barapara,BD20193690,,,,Daudkandi,BD201936,Comilla,BD2019,Chittagong,BD20,Bangladesh,BD,2015-01-01,2020-11-13,,9.852564635542059
Barasat,BD20150438,,,,Anowara,BD201504,Chittagong,BD2015,Chittagong,BD20,Bangladesh,BD,2015-01-01,2020-11-13,,13.2293495883069
Barasat,BD40479427,,,,Terokhada,BD404794,Khulna,BD4047,Khulna,BD40,Bangladesh,BD,2015-01-01,2020-11-13,,41.6632362794167
Barat,BD30827621,,,,Rajbari Sadar,BD308276,Rajbari,BD3082,Dhaka,BD30,Bangladesh,BD,2015-01-01,2020-11-13,,16.840042555689
Baratali Banihari,BD45726321,,,,Mohanganj,BD457263,Netrakona,BD4572,Mymensingh,BD45,Bangladesh,BD,2015-01-01,2020-11-13,,25.5001170912817
Baratia,BD30562235,,,,Ghior,BD305622,Manikganj,BD3056,Dhaka,BD30,Bangladesh,BD,2015-01-01,2020-11-13,,20.8371579486535
Barera,BD20192715,,,,Chandina,BD201927,Comilla,BD2019,Chittagong,BD20,Bangladesh,BD,2015-01-01,2020-11-13,,12.6464453724235
Bargachha,BD50648510,,,,Raninagar,BD506485,Naogaon,BD5064,Rajshahi,BD50,Bangladesh,BD,2015-01-01,2020-11-13,,45.7994897351573
Barguna,BD10042828,,,,Barguna Sadar,BD100428,Barguna,BD1004,Barisal,BD10,Bangladesh,BD,2015-01-01,2020-11-13,,21.815931116036
Barhatta,BD45720923,,,,Barhatta,BD457209,Netrakona,BD4572,Mymensingh,BD45,Bangladesh,BD,2015-01-01,2020-11-13,,37.6572142891953
Baria,BD30333025,,,,Gazipur Sadar,BD303330,Gazipur,BD3033,Dhaka,BD30,Bangladesh,BD,2015-01-01,2020-11-13,,41.696925334771
Bariadyala,BD20158628,,,,Sitakunda,BD201586,Chittagong,BD2015,Chittagong,BD20,Bangladesh,BD,2015-01-01,2020-11-13,,28.4998982540015
Baribari,BD30483325,,,,Itna,BD304833,Kishoreganj,BD3048,Dhaka,BD30,Bangladesh,BD,2015-01-01,2020-11-13,,34.7700739868538
Barikandi,BD20128512,,,,Nabinagar,BD201285,Brahamanbaria,BD2012,Chittagong,BD20,Bangladesh,BD,2015-01-01,2020-11-13,,15.4549970388697
Barisal,BD55326713,,,,Palashbari,BD553267,Gaibandha,BD5532,Rangpur,BD55,Bangladesh,BD,2015-01-01,2020-11-13,,20.6465408389959
Barishaba,BD30333613,,,,Kapasia,BD303336,Gazipur,BD3033,Dhaka,BD30,Bangladesh,BD,2015-01-01,2020-11-13,,39.3297030979982
Barkait (purba Chandina Uni),BD20192739,,,,Chandina,BD201927,Comilla,BD2019,Chittagong,BD20,Bangladesh,BD,2015-01-01,2020-11-13,,16.3144406810656
Barkal,BD20151819,,,,Chandanaish,BD201518,Chittagong,BD2015,Chittagong,BD20,Bangladesh,BD,2015-01-01,2020-11-13,,12.45549697615
Barkal,BD20842147,,,,Barkal,BD208421,Rangamati,BD2084,Chittagong,BD20,Bangladesh,BD,2015-01-01,2020-11-13,,120.783967864176
Barkamta,BD20194023,,,,Debidwar,BD201940,Comilla,BD2019,Chittagong,BD20,Bangladesh,BD,2015-01-01,2020-11-13,,12.8824679694862
Barkashia Biramp,BD45726310,,,,Mohanganj,BD457263,Netrakona,BD4572,Mymensingh,BD45,Bangladesh,BD,2015-01-01,2020-11-13,,19.4161867332704
Barlekha,BD60581413,,,,Barlekha,BD605814,Maulvibazar,BD6058,Sylhet,BD60,Bangladesh,BD,2015-01-01,2020-11-13,,14.6926384436643
Barlekha Paurashava,BD60581499,,,,Barlekha,BD605814,Maulvibazar,BD6058,Sylhet,BD60,Bangladesh,BD,2015-01-01,2020-11-13,,28.9999204996286
Barmachhari,BD20466123,,,,Lakshmichhari,BD204661,Khagrachhari,BD2046,Chittagong,BD20,Bangladesh,BD,2015-01-01,2020-11-13,,53.79091330769349
Barmi,BD30338621,,,,Sreepur,BD303386,Gazipur,BD3033,Dhaka,BD30,Bangladesh,BD,2015-01-01,2020-11-13,,51.7659418823828
Barni,BD30359119,,,,Tungi Para,BD303591,Gopalganj,BD3035,Dhaka,BD30,Bangladesh,BD,2015-01-01,2020-11-13,,13.3227058531267
Barni,BD60581415,,,,Barlekha,BD605814,Maulvibazar,BD6058,Sylhet,BD60,Bangladesh,BD,2015-01-01,2020-11-13,,15.0027011072988
Baroiar Hat Paurashava,BD20155300,,,,Mirsharai,BD201553,Chittagong,BD2015,Chittagong,BD20,Bangladesh,BD,2015-01-01,2020-11-13,,9.467972086555921
Barrah,BD30266227,,,,Nawabganj,BD302662,Dhaka,BD3026,Dhaka,BD30,Bangladesh,BD,2015-01-01,2020-11-13,,17.2272936737879
Barshail,BD50646021,,,,Naogaon Sadar,BD506460,Naogaon,BD5064,Rajshahi,BD50,Bangladesh,BD,2015-01-01,2020-11-13,,14.0973428206164
Barthi,BD10063223,,,,Gaurnadi,BD100632,Barisal,BD1006,Barisal,BD10,Bangladesh,BD,2015-01-01,2020-11-13,,21.2839072160996
Baruakhali,BD30266233,,,,Nawabganj,BD302662,Dhaka,BD3026,Dhaka,BD30,Bangladesh,BD,2015-01-01,2020-11-13,,11.1171115922056
Barudia,BD30487915,,,,Pakundia,BD304879,Kishoreganj,BD3048,Dhaka,BD30,Bangladesh,BD,2015-01-01,2020-11-13,,18.4730886875163
Baruhas,BD50888910,,,,Tarash,BD508889,Sirajganj,BD5088,Rajshahi,BD50,Bangladesh,BD,2015-01-01,2020-11-13,,48.05193181041719
Barui Para,BD40509429,,,,Mirpur,BD405094,Kushtia,BD4050,Khulna,BD40,Bangladesh,BD,2015-01-01,2020-11-13,,26.8301282660569
Baruia,BD10428413,,,,Rajapur,BD104284,Jhalokati,BD1042,Barisal,BD10,Bangladesh,BD,2015-01-01,2020-11-13,,25.7279045973319
Barura Paurashava,BD20190999,,,,Barura,BD201909,Comilla,BD2019,Chittagong,BD20,Bangladesh,BD,2015-01-01,2020-11-13,,20.2958499133082
Basail,BD30597413,,,,Serajdikhan,BD305974,Munshiganj,BD3059,Dhaka,BD30,Bangladesh,BD,2015-01-01,2020-11-13,,17.3084333809825
Basail,BD30930911,,,,Basail,BD309309,Tangail,BD3093,Dhaka,BD30,Bangladesh,BD,2015-01-01,2020-11-13,,27.5761828639495
Basan,BD30333023,,,,Gazipur Sadar,BD303330,Gazipur,BD3033,Dhaka,BD30,Bangladesh,BD,2015-01-01,2020-11-13,,36.81227763531
Basanda,BD10424017,,,,Jhalokati Sadar,BD104240,Jhalokati,BD1042,Barisal,BD10,Bangladesh,BD,2015-01-01,2020-11-13,,21.123909625474
Basantapur,BD30827629,,,,Rajbari Sadar,BD308276,Rajbari,BD3082,Dhaka,BD30,Bangladesh,BD,2015-01-01,2020-11-13,,31.9710603583494
Basati,BD45616517,,,,Muktagachha,BD456165,Mymensingh,BD4561,Mymensingh,BD45,Bangladesh,BD,2015-01-01,2020-11-13,,30.3437951987053
Basikpur,BD20514314,,,,Lakshmipur Sadar,BD205143,Lakshmipur,BD2051,Chittagong,BD20,Bangladesh,BD,2015-01-01,2020-11-13,,18.6885677351345
Basta,BD30263813,,,,Keraniganj,BD302638,Dhaka,BD3026,Dhaka,BD30,Bangladesh,BD,2015-01-01,2020-11-13,,23.2494263188884
Basu Para,BD50811224,,,,Baghmara,BD508112,Rajshahi,BD5081,Rajshahi,BD50,Bangladesh,BD,2015-01-01,2020-11-13,,29.5963057736324
Basuari,BD40410915,,,,Bagher Para,BD404109,Jessore,BD4041,Khulna,BD40,Bangladesh,BD,2015-01-01,2020-11-13,,26.9982079953696
Basudeb,BD20121317,,,,Brahmanbaria Sadar,BD201213,Brahamanbaria,BD2012,Chittagong,BD20,Bangladesh,BD,2015-01-01,2020-11-13,,25.5044584591184
Basudebpur,BD50813422,,,,Godagari,BD508134,Rajshahi,BD5081,Rajshahi,BD50,Bangladesh,BD,2015-01-01,2020-11-13,,19.1446868840823
Basundia,BD40414711,,,,Kotwali,BD404147,Jessore,BD4041,Khulna,BD40,Bangladesh,BD,2015-01-01,2020-11-13,,32.2077225023021
Basurhat Paurashava,BD20752199,,,,Companiganj,BD207521,Noakhali,BD2075,Chittagong,BD20,Bangladesh,BD,2015-01-01,2020-11-13,,3.21321977690188
Bataiya,BD20754723,,,,Kabirhat,BD207547,Noakhali,BD2075,Chittagong,BD20,Bangladesh,BD,2015-01-01,2020-11-13,,15.4809046140062
Batajore,BD10063231,,,,Gaurnadi,BD100632,Barisal,BD1006,Barisal,BD10,Bangladesh,BD,2015-01-01,2020-11-13,,21.9490667938062
Batakashi (purba Silpur),BD20192787,,,,Chandina,BD201927,Comilla,BD2019,Chittagong,BD20,Bangladesh,BD,2015-01-01,2020-11-13,,14.9132193377405
Batamara,BD10066911,,,,Muladi,BD100669,Barisal,BD1006,Barisal,BD10,Bangladesh,BD,2015-01-01,2020-11-13,,27.3796379196665
Batara,BD50386119,,,,Khetlal,BD503861,Joypurhat,BD5038,Rajshahi,BD50,Bangladesh,BD,2015-01-01,2020-11-13,,33.7983004277963
Batiaghata,BD40471235,,,,Batiaghata,BD404712,Khulna,BD4047,Khulna,BD40,Bangladesh,BD,2015-01-01,2020-11-13,,34.1391431849502
Batikamari,BD30355822,,,,Muksudpur,BD303558,Gopalganj,BD3035,Dhaka,BD30,Bangladesh,BD,2015-01-01,2020-11-13,,16.7199551092515
Batisha,BD20193115,,,,Chauddagram,BD201931,Comilla,BD2019,Chittagong,BD20,Bangladesh,BD,2015-01-01,2020-11-13,,17.3069028874029
Batnatali,BD20466719,,,,Manikchhari,BD204667,Khagrachhari,BD2046,Chittagong,BD20,Bangladesh,BD,2015-01-01,2020-11-13,,34.9335411068239
Battajore,BD45390735,,,,Bakshiganj,BD453907,Jamalpur,BD4539,Mymensingh,BD45,Bangladesh,BD,2015-01-01,2020-11-13,,25.4375336068306
Battali,BD20150457,,,,Anowara,BD201504,Chittagong,BD2015,Chittagong,BD20,Bangladesh,BD,2015-01-01,2020-11-13,,11.8036735180372
Bauisena,BD40652815,,,,Kalia,BD406528,Narail,BD4065,Khulna,BD40,Bangladesh,BD,2015-01-01,2020-11-13,,30.7489865170795
Baulai,BD30484917,,,,Kishoreganj Sadar,BD304849,Kishoreganj,BD3048,Dhaka,BD30,Bangladesh,BD,2015-01-01,2020-11-13,,19.334017514961
Baultali,BD30353213,,,,Gopalganj Sadar,BD303532,Gopalganj,BD3035,Dhaka,BD30,Bangladesh,BD,2015-01-01,2020-11-13,,16.8319136495772
Baultali,BD30594415,,,,Lohajang,BD305944,Munshiganj,BD3059,Dhaka,BD30,Bangladesh,BD,2015-01-01,2020-11-13,,8.531532113489469
Bauphal,BD10783829,,,,Bauphal,BD107838,Patuakhali,BD1078,Barisal,BD10,Bangladesh,BD,2015-01-01,2020-11-13,,16.8397339837309
Baura,BD55527013,,,,Patgram,BD555270,Lalmonirhat,BD5552,Rangpur,BD55,Bangladesh,BD,2015-01-01,2020-11-13,,37.3315645866654
Bauria,BD20157820,,,,Sandwip,BD201578,Chittagong,BD2015,Chittagong,BD20,Bangladesh,BD,2015-01-01,2020-11-13,,21.8073734843615
Bausa,BD50811023,,,,Bagha,BD508110,Rajshahi,BD5081,Rajshahi,BD50,Bangladesh,BD,2015-01-01,2020-11-13,,32.1936222488324
Bausha,BD60367714,,,,Nabiganj,BD603677,Habiganj,BD6036,Sylhet,BD60,Bangladesh,BD,2015-01-01,2020-11-13,,45.3075836779933
Baushi,BD45720935,,,,Barhatta,BD457209,Netrakona,BD4572,Mymensingh,BD45,Bangladesh,BD,2015-01-01,2020-11-13,,31.815651342745
Bausia,BD30592421,,,,Gazaria,BD305924,Munshiganj,BD3059,Dhaka,BD30,Bangladesh,BD,2015-01-01,2020-11-13,,24.883731121048
Bayaragadi,BD30597420,,,,Serajdikhan,BD305974,Munshiganj,BD3059,Dhaka,BD30,Bangladesh,BD,2015-01-01,2020-11-13,,9.94844905039951
Bayek,BD20126331,,,,Kasba,BD201263,Brahamanbaria,BD2012,Chittagong,BD20,Bangladesh,BD,2015-01-01,2020-11-13,,23.9358797670842
Bayratala Dakshin,BD30548715,,,,Shib Char,BD305487,Madaripur,BD3054,Dhaka,BD30,Bangladesh,BD,2015-01-01,2020-11-13,,9.0159305137116
Bayratala Uttar,BD30548718,,,,Shib Char,BD305487,Madaripur,BD3054,Dhaka,BD30,Bangladesh,BD,2015-01-01,2020-11-13,,12.9767896910955
Bazalia,BD20158221,,,,Satkania,BD201582,Chittagong,BD2015,Chittagong,BD20,Bangladesh,BD,2015-01-01,2020-11-13,,20.6817042308701
Bazra,BD20758321,,,,Sonaimuri,BD207583,Noakhali,BD2075,Chittagong,BD20,Bangladesh,BD,2015-01-01,2020-11-13,,14.19054802967
Bazra,BD55499416,,,,Ulipur,BD554994,Kurigram,BD5549,Rangpur,BD55,Bangladesh,BD,2015-01-01,2020-11-13,,32.505810809216
Beani Bazar,BD60911717,,,,Beani Bazar,BD609117,Sylhet,BD6091,Sylhet,BD60,Bangladesh,BD,2015-01-01,2020-11-13,,3.02315793356616
Beani Bazar Paurashava,BD60911799,,,,Beani Bazar,BD609117,Sylhet,BD6091,Sylhet,BD60,Bangladesh,BD,2015-01-01,2020-11-13,,7.70658986207804
Begampur,BD40182323,,,,Chuadanga Sadar,BD401823,Chuadanga,BD4018,Khulna,BD40,Bangladesh,BD,2015-01-01,2020-11-13,,57.8927204567443
Begumganj,BD20750724,,,,Begumganj,BD207507,Noakhali,BD2075,Chittagong,BD20,Bangladesh,BD,2015-01-01,2020-11-13,,7.30120537069719
Begumganj,BD55499414,,,,Ulipur,BD554994,Kurigram,BD5549,Rangpur,BD55,Bangladesh,BD,2015-01-01,2020-11-13,,49.7199184341064
Begunbari,BD55949417,,,,Thakurgaon Sadar,BD559494,Thakurgaon,BD5594,Rangpur,BD55,Bangladesh,BD,2015-01-01,2020-11-13,,33.56676731086471
Beheli,BD60905013,,,,Jamalganj,BD609050,Sunamganj,BD6090,Sylhet,BD60,Bangladesh,BD,2015-01-01,2020-11-13,,80.0398985268019
Beimar,BD20467035,,,,Matiranga,BD204670,Khagrachhari,BD2046,Chittagong,BD20,Bangladesh,BD,2015-01-01,2020-11-13,,78.37214452551889
Bejgaon,BD30594413,,,,Lohajang,BD305944,Munshiganj,BD3059,Dhaka,BD30,Bangladesh,BD,2015-01-01,2020-11-13,,7.57482029708264
Bejoybagh,BD20758019,,,,Senbagh,BD207580,Noakhali,BD2075,Chittagong,BD20,Bangladesh,BD,2015-01-01,2020-11-13,,14.4353102760262
Bekra,BD30937610,,,,Nagarpur,BD309376,Tangail,BD3093,Dhaka,BD30,Bangladesh,BD,2015-01-01,2020-11-13,,6.11922527735859
Belabo,BD30680720,,,,Belabo,BD306807,Narsingdi,BD3068,Dhaka,BD30,Bangladesh,BD,2015-01-01,2020-11-13,,10.1686958124699
Belai Chhari,BD20842923,,,,Belai Chhari,BD208429,Rangamati,BD2084,Chittagong,BD20,Bangladesh,BD,2015-01-01,2020-11-13,,87.1523543435016
Belaichandi,BD55277716,,,,Parbatipur,BD552777,Dinajpur,BD5527,Rangpur,BD55,Bangladesh,BD,2015-01-01,2020-11-13,,38.0697834238303
Belchhari,BD20467023,,,,Matiranga,BD204670,Khagrachhari,BD2046,Chittagong,BD20,Bangladesh,BD,2015-01-01,2020-11-13,,39.221217123506
Belgachha,BD45392913,,,,Islampur,BD453929,Jamalpur,BD4539,Mymensingh,BD45,Bangladesh,BD,2015-01-01,2020-11-13,,36.8944738120755
Belgachha,BD55495217,,,,Kurigram Sadar,BD554952,Kurigram,BD5549,Rangpur,BD55,Bangladesh,BD,2015-01-01,2020-11-13,,17.3488643304845
Belgachhi,BD40180713,,,,Alamdanga,BD401807,Chuadanga,BD4018,Khulna,BD40,Bangladesh,BD,2015-01-01,2020-11-13,,19.5668979063152
Belghar,BD20193328,,,,Comilla Sadar Dakshin,BD201933,Comilla,BD2019,Chittagong,BD20,Bangladesh,BD,2015-01-01,2020-11-13,,20.9989394419283
Belghar Uttar,BD20193329,,,,Comilla Sadar Dakshin,BD201933,Comilla,BD2019,Chittagong,BD20,Bangladesh,BD,2015-01-01,2020-11-13,,6.13762337032797
Belka,BD55329112,,,,Sundarganj,BD553291,Gaibandha,BD5532,Rangpur,BD55,Bangladesh,BD,2015-01-01,2020-11-13,,21.3342352901777
Belkuchi,BD50881127,,,,Belkuchi,BD508811,Sirajganj,BD5088,Rajshahi,BD50,Bangladesh,BD,2015-01-01,2020-11-13,,20.1246742818328
Belkuchi Paurashava,BD50881199,,,,Belkuchi,BD508811,Sirajganj,BD5088,Rajshahi,BD50,Bangladesh,BD,2015-01-01,2020-11-13,,7.46338842444167
Belpukuria,BD50818227,,,,Puthia,BD508182,Rajshahi,BD5081,Rajshahi,BD50,Bangladesh,BD,2015-01-01,2020-11-13,,29.1093739919987
Beltail,BD50886712,,,,Shahjadpur,BD508867,Sirajganj,BD5088,Rajshahi,BD50,Bangladesh,BD,2015-01-01,2020-11-13,,22.1690784566768
Bemarta,BD40010825,,,,Bagerhat Sadar,BD400108,Bagerhat,BD4001,Khulna,BD40,Bangladesh,BD,2015-01-01,2020-11-13,,39.672743523013
Benail,BD55271011,,,,Birampur,BD552710,Dinajpur,BD5527,Rangpur,BD55,Bangladesh,BD,2015-01-01,2020-11-13,,37.8386640742755
Benapole,BD40419025,,,,Sharsha,BD404190,Jessore,BD4041,Khulna,BD40,Bangladesh,BD,2015-01-01,2020-11-13,,18.6357860298477
Benapole Paurashava,BD40419099,,,,Sharsha,BD404190,Jessore,BD4041,Khulna,BD40,Bangladesh,BD,2015-01-01,2020-11-13,,11.7081768512204
Benghari Banagram,BD55772514,,,,Boda,BD557725,Panchagarh,BD5577,Rangpur,BD55,Bangladesh,BD,2015-01-01,2020-11-13,,36.7258277563932
Bera Paurashava,BD50761699,,,,Bera,BD507616,Pabna,BD5076,Rajshahi,BD50,Bangladesh,BD,2015-01-01,2020-11-13,,19.1433843108982
Beraid,BD30260419,,,,Badda,BD302604,Dhaka,BD3026,Dhaka,BD30,Bangladesh,BD,2015-01-01,2020-11-13,,12.624756447579
Berubari,BD55496118,,,,Nageshwari,BD554961,Kurigram,BD5549,Rangpur,BD55,Bangladesh,BD,2015-01-01,2020-11-13,,19.7595981578847
Betaga,BD40013421,,,,Fakirhat,BD400134,Bagerhat,BD4001,Khulna,BD40,Bangladesh,BD,2015-01-01,2020-11-13,,18.41773962091
Betagair,BD45617215,,,,Nandail,BD456172,Mymensingh,BD4561,Mymensingh,BD45,Bangladesh,BD,2015-01-01,2020-11-13,,36.3474226264311
Betagi,BD10044711,,,,Betagi,BD100447,Barguna,BD1004,Barisal,BD10,Bangladesh,BD,2015-01-01,2020-11-13,,15.4832893741024
Betagi,BD20157015,,,,Rangunia,BD201570,Chittagong,BD2015,Chittagong,BD20,Bangladesh,BD,2015-01-01,2020-11-13,,17.4972752331665
Betagi Sankipura,BD10785242,,,,Dashmina,BD107852,Patuakhali,BD1078,Barisal,BD10,Bangladesh,BD,2015-01-01,2020-11-13,,30.4163034570287
Betbaria,BD40506325,,,,Khoksa,BD405063,Kushtia,BD4050,Khulna,BD40,Bangladesh,BD,2015-01-01,2020-11-13,,12.1433596205113
Betbunia,BD20842519,,,,Kawkhali (Betbunia),BD208425,Rangamati,BD2084,Chittagong,BD20,Bangladesh,BD,2015-01-01,2020-11-13,,34.0664923552967
Betdighi,BD55273828,,,,Fulbari,BD552738,Dinajpur,BD5527,Rangpur,BD55,Bangladesh,BD,2015-01-01,2020-11-13,,34.8681205676366
Betgari,BD55852721,,,,Gangachara,BD558527,Rangpur,BD5585,Rangpur,BD55,Bangladesh,BD,2015-01-01,2020-11-13,,22.2343493415239
Bethuri,BD30354311,,,,Kashiani,BD303543,Gopalganj,BD3035,Dhaka,BD30,Bangladesh,BD,2015-01-01,2020-11-13,,19.9951736417087
Betila Mitara,BD30564611,,,,Manikganj Sadar,BD305646,Manikganj,BD3056,Dhaka,BD30,Bangladesh,BD,2015-01-01,2020-11-13,,17.3780671842282
Betka,BD30599431,,,,Tongibari,BD305994,Munshiganj,BD3059,Dhaka,BD30,Bangladesh,BD,2015-01-01,2020-11-13,,8.999719053980499
Betkapa,BD55326719,,,,Palashbari,BD553267,Gaibandha,BD5532,Rangpur,BD55,Bangladesh,BD,2015-01-01,2020-11-13,,20.5729642233116
Betmari Ghughurakandi,BD45898815,,,,Sherpur Sadar,BD458988,Sherpur,BD4589,Mymensingh,BD45,Bangladesh,BD,2015-01-01,2020-11-13,,27.3160178404822
Betmore Rajpara,BD10795825,,,,Mathbaria,BD107958,Pirojpur,BD1079,Barisal,BD10,Bangladesh,BD,2015-01-01,2020-11-13,,31.1861898830859
Bhabaniganj,BD20514315,,,,Lakshmipur Sadar,BD205143,Lakshmipur,BD2051,Chittagong,BD20,Bangladesh,BD,2015-01-01,2020-11-13,,21.2938675454552
Bhabanigonj Paurashava,BD50811299,,,,Baghmara,BD508112,Rajshahi,BD5081,Rajshahi,BD50,Bangladesh,BD,2015-01-01,2020-11-13,,13.2423777526527
Bhabanipur,BD10092916,,,,Daulatkhan,BD100929,Bhola,BD1009,Barisal,BD10,Bangladesh,BD,2015-01-01,2020-11-13,,1.35507758288637
Bhabanipur,BD20190925,,,,Barura,BD201909,Comilla,BD2019,Chittagong,BD20,Bangladesh,BD,2015-01-01,2020-11-13,,14.9061996056893
Bhabanipur,BD45612029,,,,Fulbaria,BD456120,Mymensingh,BD4561,Mymensingh,BD45,Bangladesh,BD,2015-01-01,2020-11-13,,29.6305435797759
Bhabanipur,BD50108817,,,,Sherpur,BD501088,Bogra,BD5010,Rajshahi,BD50,Bangladesh,BD,2015-01-01,2020-11-13,,36.7712735110761
Bhaber Char,BD30592431,,,,Gazaria,BD305924,Munshiganj,BD3059,Dhaka,BD30,Bangladesh,BD,2015-01-01,2020-11-13,,8.939574148294579
Bhabicha,BD50646921,,,,Niamatpur,BD506469,Naogaon,BD5064,Rajshahi,BD50,Bangladesh,BD,2015-01-01,2020-11-13,,49.4223801737981
Bhabkhali,BD45615229,,,,Mymensingh Sadar,BD456152,Mymensingh,BD4561,Mymensingh,BD45,Bangladesh,BD,2015-01-01,2020-11-13,,31.6881434460142
Bhabki,BD55276047,,,,Khansama,BD552760,Dinajpur,BD5527,Rangpur,BD55,Bangladesh,BD,2015-01-01,2020-11-13,,29.1326287637324
Bhabrasur,BD30355810,,,,Muksudpur,BD303558,Gopalganj,BD3035,Dhaka,BD30,Bangladesh,BD,2015-01-01,2020-11-13,,15.5255207657623
Bhadai,BD55520210,,,,Aditmari,BD555202,Lalmonirhat,BD5552,Rangpur,BD55,Bangladesh,BD,2015-01-01,2020-11-13,,21.6766400144768
Bhadeshwar,BD60360523,,,,Bahubal,BD603605,Habiganj,BD6036,Sylhet,BD60,Bangladesh,BD,2015-01-01,2020-11-13,,63.4221081162574
Bhadeshwar,BD60913817,,,,Golabganj,BD609138,Sylhet,BD6091,Sylhet,BD60,Bangladesh,BD,2015-01-01,2020-11-13,,30.3582595755167
Bhadra,BD30937612,,,,Nagarpur,BD309376,Tangail,BD3093,Dhaka,BD30,Bangladesh,BD,2015-01-01,2020-11-13,,21.4186253926138
Bhadrabila,BD40657620,,,,Narail Sadar,BD406576,Narail,BD4065,Khulna,BD40,Bangladesh,BD,2015-01-01,2020-11-13,,23.9322680849267
Bhadraghat,BD50884419,,,,Kamarkhanda,BD508844,Sirajganj,BD5088,Rajshahi,BD50,Bangladesh,BD,2015-01-01,2020-11-13,,23.696553323113
Bhadrasan,BD30548721,,,,Shib Char,BD305487,Madaripur,BD3054,Dhaka,BD30,Bangladesh,BD,2015-01-01,2020-11-13,,9.551776797337311
Bhadsa,BD50384728,,,,Joypurhat Sadar,BD503847,Joypurhat,BD5038,Rajshahi,BD50,Bangladesh,BD,2015-01-01,2020-11-13,,30.1721397489791
Bhadur,BD20516513,,,,Ramganj,BD205165,Lakshmipur,BD2051,Chittagong,BD20,Bangladesh,BD,2015-01-01,2020-11-13,,9.621279759574751
Bhaduria,BD55276913,,,,Nawabganj,BD552769,Dinajpur,BD5527,Rangpur,BD55,Bangladesh,BD,2015-01-01,2020-11-13,,37.9017665848833
Bhagyakul,BD30598427,,,,Sreenagar,BD305984,Munshiganj,BD3059,Dhaka,BD30,Bangladesh,BD,2015-01-01,2020-11-13,,17.7317905809629
Bhaibonchhara,BD20464915,,,,Khagrachhari Sadar,BD204649,Khagrachhari,BD2046,Chittagong,BD20,Bangladesh,BD,2015-01-01,2020-11-13,,103.103102018809
Bhairab Paurashava,BD30481199,,,,Bhairab,BD304811,Kishoreganj,BD3048,Dhaka,BD30,Bangladesh,BD,2015-01-01,2020-11-13,,18.1673001874523
Bhaitkandi,BD45618118,,,,Phulpur,BD456181,Mymensingh,BD4561,Mymensingh,BD45,Bangladesh,BD,2015-01-01,2020-11-13,,24.5019103483778
Bhakurta,BD30267227,,,,Savar,BD302672,Dhaka,BD3026,Dhaka,BD30,Bangladesh,BD,2015-01-01,2020-11-13,,18.4616360545356
Bhalaguri,BD55523319,,,,Hatibandha,BD555233,Lalmonirhat,BD5552,Rangpur,BD55,Bangladesh,BD,2015-01-01,2020-11-13,,26.8199002232372
Bhalain,BD50644712,,,,Manda,BD506447,Naogaon,BD5064,Rajshahi,BD50,Bangladesh,BD,2015-01-01,2020-11-13,,28.530607511557
Bhaluka,BD45611314,,,,Bhaluka,BD456113,Mymensingh,BD4561,Mymensingh,BD45,Bangladesh,BD,2015-01-01,2020-11-13,,25.7268352056373
Bhaluka Paurashava,BD45611399,,,,Bhaluka,BD456113,Mymensingh,BD4561,Mymensingh,BD45,Bangladesh,BD,2015-01-01,2020-11-13,,6.17250539165374
Bhalukgachhi,BD50818240,,,,Puthia,BD508182,Rajshahi,BD5081,Rajshahi,BD50,Bangladesh,BD,2015-01-01,2020-11-13,,33.8339894400666
Bhandar Para,BD40473013,,,,Dumuria,BD404730,Khulna,BD4047,Khulna,BD40,Bangladesh,BD,2015-01-01,2020-11-13,,36.1240591160009
Bhandara,BD55271719,,,,Biral,BD552717,Dinajpur,BD5527,Rangpur,BD55,Bangladesh,BD,2015-01-01,2020-11-13,,38.7574291949243
Bhandarbari,BD50102715,,,,Dhunat,BD501027,Bogra,BD5010,Rajshahi,BD50,Bangladesh,BD,2015-01-01,2020-11-13,,23.6210583501933
Bhandaria,BD10791411,,,,Bhandaria,BD107914,Pirojpur,BD1079,Barisal,BD10,Bangladesh,BD,2015-01-01,2020-11-13,,11.7374249825161
Bhandarikandi,BD30548726,,,,Shib Char,BD305487,Madaripur,BD3054,Dhaka,BD30,Bangladesh,BD,2015-01-01,2020-11-13,,13.3644175458686
Bhanderkote,BD40471247,,,,Batiaghata,BD404712,Khulna,BD4047,Khulna,BD40,Bangladesh,BD,2015-01-01,2020-11-13,,28.7102706639606
Bhanga Paurashava,BD30291099,,,,Bhanga,BD302910,Faridpur,BD3029,Dhaka,BD30,Bangladesh,BD,2015-01-01,2020-11-13,,8.630169479736448
Bhangabari,BD50881140,,,,Belkuchi,BD508811,Sirajganj,BD5088,Rajshahi,BD50,Bangladesh,BD,2015-01-01,2020-11-13,,25.4168555993173
Bhangabaria,BD40180723,,,,Alamdanga,BD401807,Chuadanga,BD4018,Khulna,BD40,Bangladesh,BD,2015-01-01,2020-11-13,,27.1325442870228
Bhangabaria,BD50703721,,,,Gomastapur,BD507037,Nawabganj,BD5070,Rajshahi,BD50,Bangladesh,BD,2015-01-01,2020-11-13,,24.0740209148464
Bhangamon,BD55491827,,,,Phulbari,BD554918,Kurigram,BD5549,Rangpur,BD55,Bangladesh,BD,2015-01-01,2020-11-13,,27.0545677201101
Bhangnamari,BD45612318,,,,Gauripur,BD456123,Mymensingh,BD4561,Mymensingh,BD45,Bangladesh,BD,2015-01-01,2020-11-13,,29.1294412051112
Bhangni,BD55855837,,,,Mitha Pukur,BD558558,Rangpur,BD5585,Rangpur,BD55,Bangladesh,BD,2015-01-01,2020-11-13,,27.8829386110148
Bhangura,BD50761931,,,,Bhangura,BD507619,Pabna,BD5076,Rajshahi,BD50,Bangladesh,BD,2015-01-01,2020-11-13,,18.119871606213
Bhangura Paurashava,BD50761999,,,,Bhangura,BD507619,Pabna,BD5076,Rajshahi,BD50,Bangladesh,BD,2015-01-01,2020-11-13,,8.62735732494412
Bhani,BD20194083,,,,Debidwar,BD201940,Comilla,BD2019,Chittagong,BD20,Bangladesh,BD,2015-01-01,2020-11-13,,15.0547380840854
Bhanor,BD55940842,,,,Baliadangi,BD559408,Thakurgaon,BD5594,Rangpur,BD55,Bangladesh,BD,2015-01-01,2020-11-13,,35.5110040744373
Bhaora,BD30936636,,,,Mirzapur,BD309366,Tangail,BD3093,Dhaka,BD30,Bangladesh,BD,2015-01-01,2020-11-13,,14.0646531083443
Bhar Pasha,BD10060712,,,,Bakerganj,BD100607,Barisal,BD1006,Barisal,BD10,Bangladesh,BD,2015-01-01,2020-11-13,,30.8696270266883
Bhara,BD30937614,,,,Nagarpur,BD309376,Tangail,BD3093,Dhaka,BD30,Bangladesh,BD,2015-01-01,2020-11-13,,34.1519448851494
Bhara Simla,BD40874713,,,,Kaliganj,BD408747,Satkhira,BD4087,Khulna,BD40,Bangladesh,BD,2015-01-01,2020-11-13,,22.470683057254
Bharabpasha,BD10427313,,,,Nalchity,BD104273,Jhalokati,BD1042,Barisal,BD10,Bangladesh,BD,2015-01-01,2020-11-13,,15.13215453854
Bharadoba,BD45611317,,,,Bhaluka,BD456113,Mymensingh,BD4561,Mymensingh,BD45,Bangladesh,BD,2015-01-01,2020-11-13,,23.8838487481956
Bharara,BD50765517,,,,Pabna Sadar,BD507655,Pabna,BD5076,Rajshahi,BD50,Bangladesh,BD,2015-01-01,2020-11-13,,96.4372511549697
Bhararia,BD30261423,,,,Dhamrai,BD302614,Dhaka,BD3026,Dhaka,BD30,Bangladesh,BD,2015-01-01,2020-11-13,,15.6751008572933
Bhararia,BD30564615,,,,Manikganj Sadar,BD305646,Manikganj,BD3056,Dhaka,BD30,Bangladesh,BD,2015-01-01,2020-11-13,,18.9461434971003
Bharella,BD20191812,,,,Burichang,BD201918,Comilla,BD2019,Chittagong,BD20,Bangladesh,BD,2015-01-01,2020-11-13,,20.6574906113619
Bharso,BD50644713,,,,Manda,BD506447,Naogaon,BD5064,Rajshahi,BD50,Bangladesh,BD,2015-01-01,2020-11-13,,49.21167335896401
Bhartkhali,BD55328813,,,,Saghatta,BD553288,Gaibandha,BD5532,Rangpur,BD55,Bangladesh,BD,2015-01-01,2020-11-13,,14.5986550320822
Bharuakhali,BD20222420,,,,Cox's Bazar Sadar,BD202224,Cox's Bazar,BD2022,Chittagong,BD20,Bangladesh,BD,2015-01-01,2020-11-13,,15.4651797380298
Bhasan Char,BD10066223,,,,Mehendiganj,BD100662,Barisal,BD1006,Barisal,BD10,Bangladesh,BD,2015-01-01,2020-11-13,,20.0724007338899
Bhasania,BD20195420,,,,Homna,BD201954,Comilla,BD2019,Chittagong,BD20,Bangladesh,BD,2015-01-01,2020-11-13,,12.7996830044519
Bhasanya Adam,BD20845827,,,,Langadu,BD208458,Rangamati,BD2084,Chittagong,BD20,Bangladesh,BD,2015-01-01,2020-11-13,,83.4386327471202
Bhashanchar,BD30298419,,,,Sadarpur,BD302984,Faridpur,BD3029,Dhaka,BD30,Bangladesh,BD,2015-01-01,2020-11-13,,31.4470682309413
Bhatara,BD30260457,,,,Badda,BD302604,Dhaka,BD3026,Dhaka,BD30,Bangladesh,BD,2015-01-01,2020-11-13,,6.340072958329681
Bhatara,BD45398521,,,,Sarishabari,BD453985,Jamalpur,BD4539,Mymensingh,BD45,Bangladesh,BD,2015-01-01,2020-11-13,,30.5799121667745
Bhatera,BD60586513,,,,Kulaura,BD605865,Maulvibazar,BD6058,Sylhet,BD60,Bangladesh,BD,2015-01-01,2020-11-13,,31.3137877186006
Bhatgaon,BD60902311,,,,Chhatak,BD609023,Sunamganj,BD6090,Sylhet,BD60,Bangladesh,BD,2015-01-01,2020-11-13,,50.3650650601332
Bhatgram,BD30936639,,,,Mirzapur,BD309366,Tangail,BD3093,Dhaka,BD30,Bangladesh,BD,2015-01-01,2020-11-13,,19.1504602118301
Bhatgram,BD50106710,,,,Nandigram,BD501067,Bogra,BD5010,Rajshahi,BD50,Bangladesh,BD,2015-01-01,2020-11-13,,50.3391286551633
Bhatgram,BD55328217,,,,Sadullapur,BD553282,Gaibandha,BD5532,Rangpur,BD55,Bangladesh,BD,2015-01-01,2020-11-13,,20.9211179357735
Bhati Para,BD60902917,,,,Derai,BD609029,Sunamganj,BD6090,Sylhet,BD60,Bangladesh,BD,2015-01-01,2020-11-13,,32.5918705132349
Bhatiari,BD20158638,,,,Sitakunda,BD201586,Chittagong,BD2015,Chittagong,BD20,Bangladesh,BD,2015-01-01,2020-11-13,,17.8462941222334
Bhatikhain,BD20156119,,,,Patiya,BD201561,Chittagong,BD2015,Chittagong,BD20,Bangladesh,BD,2015-01-01,2020-11-13,,4.89856581551211
Bhatra,BD20516514,,,,Ramganj,BD205165,Lakshmipur,BD2051,Chittagong,BD20,Bangladesh,BD,2015-01-01,2020-11-13,,18.7569161075207
Bhatra,BD50106721,,,,Nandigram,BD501067,Bogra,BD5010,Rajshahi,BD50,Bangladesh,BD,2015-01-01,2020-11-13,,56.9335932219861
Bhatsala,BD45898820,,,,Sherpur Sadar,BD458988,Sherpur,BD4589,Mymensingh,BD45,Bangladesh,BD,2015-01-01,2020-11-13,,26.508725337736
Bhaturia,BD55945140,,,,Haripur,BD559451,Thakurgaon,BD5594,Rangpur,BD55,Bangladesh,BD,2015-01-01,2020-11-13,,30.7273916923431
Bhawal,BD30299016,,,,Saltha,BD302990,Faridpur,BD3029,Dhaka,BD30,Bangladesh,BD,2015-01-01,2020-11-13,,20.070385871514
Bhaya Lakshmipur,BD50812531,,,,Charghat,BD508125,Rajshahi,BD5081,Rajshahi,BD50,Bangladesh,BD,2015-01-01,2020-11-13,,28.798470049401
Bhayna,BD40441410,,,,Harinakunda,BD404414,Jhenaidah,BD4044,Khulna,BD40,Bangladesh,BD,2015-01-01,2020-11-13,,24.2665069301483
Bhedarganj Paurashava,BD30861499,,,,Bhedarganj,BD308614,Shariatpur,BD3086,Dhaka,BD30,Bangladesh,BD,2015-01-01,2020-11-13,,3.35687596576302
Bhedaria,BD10091887,,,,Bhola Sadar,BD100918,Bhola,BD1009,Barisal,BD10,Bangladesh,BD,2015-01-01,2020-11-13,,42.1684680244384
Bhelabari,BD50108111,,,,Sariakandi,BD501081,Bogra,BD5010,Rajshahi,BD50,Bangladesh,BD,2015-01-01,2020-11-13,,14.6884006886743
Bhelabari,BD55520211,,,,Aditmari,BD555202,Lalmonirhat,BD5552,Rangpur,BD55,Bangladesh,BD,2015-01-01,2020-11-13,,23.898005982391
Bhelu Miah,BD10091894,,,,Bhola Sadar,BD100918,Bhola,BD1009,Barisal,BD10,Bangladesh,BD,2015-01-01,2020-11-13,,48.1554290500665
Bhelua,BD45899015,,,,Sreebardi,BD458990,Sherpur,BD4589,Mymensingh,BD45,Bangladesh,BD,2015-01-01,2020-11-13,,26.1562375194906
Bhendabari,BD55857628,,,,Pirganj,BD558576,Rangpur,BD5585,Rangpur,BD55,Bangladesh,BD,2015-01-01,2020-11-13,,22.1409420691815
Bheola Manik Char,BD20221622,,,,Chakaria,BD202216,Cox's Bazar,BD2022,Chittagong,BD20,Bangladesh,BD,2015-01-01,2020-11-13,,13.9153482100875
Bheramara Paurashava,BD40501599,,,,Bheramara,BD405015,Kushtia,BD4050,Khulna,BD40,Bangladesh,BD,2015-01-01,2020-11-13,,4.660860794984631
Bherbheri,BD55276063,,,,Khansama,BD552760,Dinajpur,BD5527,Rangpur,BD55,Bangladesh,BD,2015-01-01,2020-11-13,,28.8864559336029
Bhiail,BD55273039,,,,Chirirbandar,BD552730,Dinajpur,BD5527,Rangpur,BD55,Bangladesh,BD,2015-01-01,2020-11-13,,40.0501363982434
Bhimpur,BD50645015,,,,Mahadebpur,BD506450,Naogaon,BD5064,Rajshahi,BD50,Bangladesh,BD,2015-01-01,2020-11-13,,33.5252861944796
Bhitabaria,BD10791423,,,,Bhandaria,BD107914,Pirojpur,BD1079,Barisal,BD10,Bangladesh,BD,2015-01-01,2020-11-13,,19.172659949919
Bhitarband,BD55496125,,,,Nageshwari,BD554961,Kurigram,BD5549,Rangpur,BD55,Bangladesh,BD,2015-01-01,2020-11-13,,18.4906729867606
Bhogdabari,BD55731519,,,,Domar,BD557315,Nilphamari,BD5573,Rangpur,BD55,Bangladesh,BD,2015-01-01,2020-11-13,,37.0901143283576
Bhogdanga,BD55495219,,,,Kurigram Sadar,BD554952,Kurigram,BD5549,Rangpur,BD55,Bangladesh,BD,2015-01-01,2020-11-13,,34.7590571078257
Bhognagar,BD55271213,,,,Birganj,BD552712,Dinajpur,BD5527,Rangpur,BD55,Bangladesh,BD,2015-01-01,2020-11-13,,37.9942301398461
Bhojanpur,BD55779027,,,,Tentulia,BD557790,Panchagarh,BD5577,Rangpur,BD55,Bangladesh,BD,2015-01-01,2020-11-13,,14.5433786653225
Bhojanpur Debnagar,BD55779040,,,,Tentulia,BD557790,Panchagarh,BD5577,Rangpur,BD55,Bangladesh,BD,2015-01-01,2020-11-13,,32.5709979240289
Bhojeshwar,BD30866511,,,,Naria,BD308665,Shariatpur,BD3086,Dhaka,BD30,Bangladesh,BD,2015-01-01,2020-11-13,,11.3427205777931
Bhojgati,BD40416110,,,,Manirampur,BD404161,Jessore,BD4041,Khulna,BD40,Bangladesh,BD,2015-01-01,2020-11-13,,11.7541966743157
Bhojpatia,BD40017317,,,,Rampal,BD400173,Bagerhat,BD4001,Khulna,BD40,Bangladesh,BD,2015-01-01,2020-11-13,,23.5464437781908
Bholaba,BD30676822,,,,Rupganj,BD306768,Narayanganj,BD3067,Dhaka,BD30,Bangladesh,BD,2015-01-01,2020-11-13,,16.8594802899128
Bholahat,BD50701818,,,,Bholahat,BD507018,Nawabganj,BD5070,Rajshahi,BD50,Bangladesh,BD,2015-01-01,2020-11-13,,22.6245689037093
Bholain (Dakshin),BD20193331,,,,Comilla Sadar Dakshin,BD201933,Comilla,BD2019,Chittagong,BD20,Bangladesh,BD,2015-01-01,2020-11-13,,14.0612676394931
Bholain (Uttar),BD20193333,,,,Comilla Sadar Dakshin,BD201933,Comilla,BD2019,Chittagong,BD20,Bangladesh,BD,2015-01-01,2020-11-13,,11.668483609826
Bholakot,BD20516519,,,,Ramganj,BD205165,Lakshmipur,BD2051,Chittagong,BD20,Bangladesh,BD,2015-01-01,2020-11-13,,17.5275151276923
Bhomra,BD40878240,,,,Satkhira Sadar,BD408782,Satkhira,BD4087,Khulna,BD40,Bangladesh,BD,2015-01-01,2020-11-13,,28.8782236406758
Bhomradaha,BD55948225,,,,Pirganj,BD559482,Thakurgaon,BD5594,Rangpur,BD55,Bangladesh,BD,2015-01-01,2020-11-13,,27.3017676895912
Bhopara,BD50640321,,,,Atrai,BD506403,Naogaon,BD5064,Rajshahi,BD50,Bangladesh,BD,2015-01-01,2020-11-13,,35.9120295269902
Bhotemari,BD55523917,,,,Kaliganj,BD555239,Lalmonirhat,BD5552,Rangpur,BD55,Bangladesh,BD,2015-01-01,2020-11-13,,36.1672490243071
Bhuapur Paurashava,BD30931999,,,,Bhuapur,BD309319,Tangail,BD3093,Dhaka,BD30,Bangladesh,BD,2015-01-01,2020-11-13,,12.3645777455373
Bhubankura,BD45612420,,,,Haluaghat,BD456124,Mymensingh,BD4561,Mymensingh,BD45,Bangladesh,BD,2015-01-01,2020-11-13,,31.2854335966426
Bhujpur,BD20153319,,,,Fatikchhari,BD201533,Chittagong,BD2015,Chittagong,BD20,Bangladesh,BD,2015-01-01,2020-11-13,,55.3518765187161
Bhukshimail,BD60586510,,,,Kulaura,BD605865,Maulvibazar,BD6058,Sylhet,BD60,Bangladesh,BD,2015-01-01,2020-11-13,,49.779367495449
Bhulbaria,BD50767217,,,,Santhia,BD507672,Pabna,BD5076,Rajshahi,BD50,Bangladesh,BD,2015-01-01,2020-11-13,,29.8683904961249
Bhumkhara,BD30866512,,,,Naria,BD308665,Shariatpur,BD3086,Dhaka,BD30,Bangladesh,BD,2015-01-01,2020-11-13,,11.8593620440244
Bhunabir,BD60588319,,,,Sreemangal,BD605883,Maulvibazar,BD6058,Sylhet,BD60,Bangladesh,BD,2015-01-01,2020-11-13,,34.4288569281156
Bhurulia,BD40878615,,,,Shyamnagar,BD408786,Satkhira,BD4087,Khulna,BD40,Bangladesh,BD,2015-01-01,2020-11-13,,24.8789423204686
Bhurungamari,BD55490619,,,,Bhurungamari,BD554906,Kurigram,BD5549,Rangpur,BD55,Bangladesh,BD,2015-01-01,2020-11-13,,28.2794198240503
Bhushan Chhara,BD20842163,,,,Barkal,BD208421,Rangamati,BD2084,Chittagong,BD20,Bangladesh,BD,2015-01-01,2020-11-13,,137.45536653046
Biaghat,BD50694113,,,,Gurudaspur,BD506941,Natore,BD5069,Rajshahi,BD50,Bangladesh,BD,2015-01-01,2020-11-13,,25.7115078989384
Bibichini,BD10044723,,,,Betagi,BD100447,Barguna,BD1004,Barisal,BD10,Bangladesh,BD,2015-01-01,2020-11-13,,22.9677046402054
Bichhali,BD40657627,,,,Narail Sadar,BD406576,Narail,BD4065,Khulna,BD40,Bangladesh,BD,2015-01-01,2020-11-13,,35.7791031655897
Biddyakut,BD20128513,,,,Nabinagar,BD201285,Brahamanbaria,BD2012,Chittagong,BD20,Bangladesh,BD,2015-01-01,2020-11-13,,24.8019148534738
Bidyananda,BD55497710,,,,Rajarhat,BD554977,Kurigram,BD5549,Rangpur,BD55,Bangladesh,BD,2015-01-01,2020-11-13,,21.3683878508243
Bidyanandakati,BD40413817,,,,Keshabpur,BD404138,Jessore,BD4041,Khulna,BD40,Bangladesh,BD,2015-01-01,2020-11-13,,32.6655758527217
Bidyanandapur,BD10066231,,,,Mehendiganj,BD100662,Barisal,BD1006,Barisal,BD10,Bangladesh,BD,2015-01-01,2020-11-13,,21.3666749456616
Bihar,BD50109415,,,,Shibganj,BD501094,Bogra,BD5010,Rajshahi,BD50,Bangladesh,BD,2015-01-01,2020-11-13,,18.7994511928473
Bijhari,BD30866518,,,,Naria,BD308665,Shariatpur,BD3086,Dhaka,BD30,Bangladesh,BD,2015-01-01,2020-11-13,,14.5385943226507
Bijora,BD55271738,,,,Biral,BD552717,Dinajpur,BD5527,Rangpur,BD55,Bangladesh,BD,2015-01-01,2020-11-13,,38.6126394817954
Bijoypur,BD20193335,,,,Comilla Sadar Dakshin,BD201933,Comilla,BD2019,Chittagong,BD20,Bangladesh,BD,2015-01-01,2020-11-13,,43.3477628664699
Bilasbari,BD50640642,,,,Badalgachhi,BD506406,Naogaon,BD5064,Rajshahi,BD50,Bangladesh,BD,2015-01-01,2020-11-13,,29.6959777208883
Bilaspur,BD30261813,,,,Dohar,BD302618,Dhaka,BD3026,Dhaka,BD30,Bangladesh,BD,2015-01-01,2020-11-13,,10.1321513273008
Bilaspur,BD30869429,,,,Zanjira,BD308694,Shariatpur,BD3086,Dhaka,BD30,Bangladesh,BD,2015-01-01,2020-11-13,,16.8787943973303
Bilchalan,BD50762213,,,,Chatmohar,BD507622,Pabna,BD5076,Rajshahi,BD50,Bangladesh,BD,2015-01-01,2020-11-13,,14.4760249905399
Bildora,BD45612421,,,,Haluaghat,BD456124,Mymensingh,BD4561,Mymensingh,BD45,Bangladesh,BD,2015-01-01,2020-11-13,,28.594808813684
Bilmaria,BD50694419,,,,Lalpur,BD506944,Natore,BD5069,Rajshahi,BD50,Bangladesh,BD,2015-01-01,2020-11-13,,36.8578063163527
Binajuri,BD20157412,,,,Raozan,BD201574,Chittagong,BD2015,Chittagong,BD20,Bangladesh,BD,2015-01-01,2020-11-13,,10.1056410497869
Binauti,BD20126337,,,,Kasba,BD201263,Brahamanbaria,BD2012,Chittagong,BD20,Bangladesh,BD,2015-01-01,2020-11-13,,23.0698556549423
Binnati,BD30484916,,,,Kishoreganj Sadar,BD304849,Kishoreganj,BD3048,Dhaka,BD30,Bangladesh,BD,2015-01-01,2020-11-13,,11.6370972649398
Binodepur,BD40556631,,,,Mohammadpur,BD405566,Magura,BD4055,Khulna,BD40,Bangladesh,BD,2015-01-01,2020-11-13,,28.2141285117254
Binodnagar,BD55276917,,,,Nawabganj,BD552769,Dinajpur,BD5527,Rangpur,BD55,Bangladesh,BD,2015-01-01,2020-11-13,,40.76643926312521
Binodpur,BD20758725,,,,Noakhali Sadar (Sudharam),BD207587,Noakhali,BD2075,Chittagong,BD20,Bangladesh,BD,2015-01-01,2020-11-13,,11.5830708800381
Binodpur,BD30866919,,,,Shariatpur Sadar,BD308669,Shariatpur,BD3086,Dhaka,BD30,Bangladesh,BD,2015-01-01,2020-11-13,,14.9683280848908
Binodpur,BD50708810,,,,Shibganj,BD507088,Nawabganj,BD5070,Rajshahi,BD50,Bangladesh,BD,2015-01-01,2020-11-13,,27.9406733389047
Binoykati,BD10424019,,,,Jhalokati Sadar,BD104240,Jhalokati,BD1042,Barisal,BD10,Bangladesh,BD,2015-01-01,2020-11-13,,25.2096740373996
Binyabaid,BD30680725,,,,Belabo,BD306807,Narsingdi,BD3068,Dhaka,BD30,Bangladesh,BD,2015-01-01,2020-11-13,,19.2029668628819
Bipra Belgharia,BD50696323,,,,Natore Sadar,BD506963,Natore,BD5069,Rajshahi,BD50,Bangladesh,BD,2015-01-01,2020-11-13,,33.3080040394715
Bipulasar,BD20197417,,,,Manoharganj,BD201974,Comilla,BD2019,Chittagong,BD20,Bangladesh,BD,2015-01-01,2020-11-13,,13.8802921958441
Bir Basunda,BD30934721,,,,Kalihati,BD309347,Tangail,BD3093,Dhaka,BD30,Bangladesh,BD,2015-01-01,2020-11-13,,16.9338973069473
Bir Kedar,BD50105413,,,,Kahaloo,BD501054,Bogra,BD5010,Rajshahi,BD50,Bangladesh,BD,2015-01-01,2020-11-13,,21.6017130803333
Birail Palita,BD40555723,,,,Magura Sadar,BD405557,Magura,BD4055,Khulna,BD40,Bangladesh,BD,2015-01-01,2020-11-13,,28.2431714733863
Biral,BD55271728,,,,Biral,BD552717,Dinajpur,BD5527,Rangpur,BD55,Bangladesh,BD,2015-01-01,2020-11-13,,38.6067532322875
Biralia,BD30267233,,,,Savar,BD302672,Dhaka,BD3026,Dhaka,BD30,Bangladesh,BD,2015-01-01,2020-11-13,,29.5227733983798
Birasree,BD60919428,,,,Zakiganj,BD609194,Sylhet,BD6091,Sylhet,BD60,Bangladesh,BD,2015-01-01,2020-11-13,,28.1605787277591
Birgaon,BD20128518,,,,Nabinagar,BD201285,Brahamanbaria,BD2012,Chittagong,BD20,Bangladesh,BD,2015-01-01,2020-11-13,,12.7288851319775
Birhati,BD30931927,,,,Bhuapur,BD309319,Tangail,BD3093,Dhaka,BD30,Bangladesh,BD,2015-01-01,2020-11-13,,21.2775939950004
Birisiri,BD45721817,,,,Durgapur,BD457218,Netrakona,BD4572,Mymensingh,BD45,Bangladesh,BD,2015-01-01,2020-11-13,,23.2462325607693
Birtara,BD30598433,,,,Sreenagar,BD305984,Munshiganj,BD3059,Dhaka,BD30,Bangladesh,BD,2015-01-01,2020-11-13,,8.298292169200769
Birtara,BD30932538,,,,Dhanbari,BD309325,Tangail,BD3093,Dhaka,BD30,Bangladesh,BD,2015-01-01,2020-11-13,,13.5522611276981
Birunia,BD45611325,,,,Bhaluka,BD456113,Mymensingh,BD4561,Mymensingh,BD45,Bangladesh,BD,2015-01-01,2020-11-13,,27.8252063490287
Bisarkandi,BD10061031,,,,Banari Para,BD100610,Barisal,BD1006,Barisal,BD10,Bangladesh,BD,2015-01-01,2020-11-13,,19.7251792611337
Bisha,BD50640331,,,,Atrai,BD506403,Naogaon,BD5064,Rajshahi,BD50,Bangladesh,BD,2015-01-01,2020-11-13,,42.9992490139646
Bishalpur,BD50108819,,,,Sherpur,BD501088,Bogra,BD5010,Rajshahi,BD50,Bangladesh,BD,2015-01-01,2020-11-13,,54.0744214926453
Bishka,BD45618122,,,,Phulpur,BD456181,Mymensingh,BD4561,Mymensingh,BD45,Bangladesh,BD,2015-01-01,2020-11-13,,35.2551778545198
Bishkakuni,BD45728323,,,,Purbadhala,BD457283,Netrakona,BD4572,Mymensingh,BD45,Bangladesh,BD,2015-01-01,2020-11-13,,28.7872497633194
Bishnandi,BD30670226,,,,Araihazar,BD306702,Narayanganj,BD3067,Dhaka,BD30,Bangladesh,BD,2015-01-01,2020-11-13,,20.0993962603447
Bishnupur,BD20120796,,,,Bijoynagar,BD201207,Brahamanbaria,BD2012,Chittagong,BD20,Bangladesh,BD,2015-01-01,2020-11-13,,18.1637233332245
Bishnupur,BD20132231,,,,Chandpur Sadar,BD201322,Chandpur,BD2013,Chittagong,BD20,Bangladesh,BD,2015-01-01,2020-11-13,,17.6229134623395
Bishnupur,BD40010834,,,,Bagerhat Sadar,BD400108,Bagerhat,BD4001,Khulna,BD40,Bangladesh,BD,2015-01-01,2020-11-13,,29.1788883439295
Bishnupur,BD40874715,,,,Kaliganj,BD408747,Satkhira,BD4087,Khulna,BD40,Bangladesh,BD,2015-01-01,2020-11-13,,17.0184401052861
Bishnupur,BD50644720,,,,Manda,BD506447,Naogaon,BD5064,Rajshahi,BD50,Bangladesh,BD,2015-01-01,2020-11-13,,24.3854007631099
Bishnupur,BD55850318,,,,Badarganj,BD558503,Rangpur,BD5585,Rangpur,BD55,Bangladesh,BD,2015-01-01,2020-11-13,,28.9944851020427
Bishwanath,BD60912021,,,,Bishwanath,BD609120,Sylhet,BD6091,Sylhet,BD60,Bangladesh,BD,2015-01-01,2020-11-13,,24.7708464782821
Bitara,BD20135815,,,,Kachua,BD201358,Chandpur,BD2013,Chittagong,BD20,Bangladesh,BD,2015-01-01,2020-11-13,,27.6570557250976
Biteshwar,BD20193625,,,,Daudkandi,BD201936,Comilla,BD2019,Chittagong,BD20,Bangladesh,BD,2015-01-01,2020-11-13,,17.5650629518687
Bitghar (tiara),BD20128522,,,,Nabinagar,BD201285,Brahamanbaria,BD2012,Chittagong,BD20,Bangladesh,BD,2015-01-01,2020-11-13,,17.7213403917782
Bitikandi,BD20199417,,,,Titas,BD201994,Comilla,BD2019,Chittagong,BD20,Bangladesh,BD,2015-01-01,2020-11-13,,11.4158257683816
Boaldar,BD55274740,,,,Hakimpur,BD552747,Dinajpur,BD5527,Rangpur,BD55,Bangladesh,BD,2015-01-01,2020-11-13,,26.4836493045476
Boali,BD30333219,,,,Kaliakair,BD303332,Gazipur,BD3033,Dhaka,BD30,Bangladesh,BD,2015-01-01,2020-11-13,,37.876769780425
Boali,BD55322421,,,,Gaibandha Sadar,BD553224,Gaibandha,BD5532,Rangpur,BD55,Bangladesh,BD,2015-01-01,2020-11-13,,24.638373386321
Boalia,BD30824718,,,,Kalukhali,BD308247,Rajbari,BD3082,Dhaka,BD30,Bangladesh,BD,2015-01-01,2020-11-13,,22.4750165129402
Boalia,BD40503920,,,,Daulatpur,BD405039,Kushtia,BD4050,Khulna,BD40,Bangladesh,BD,2015-01-01,2020-11-13,,25.2983962294599
Boalia,BD50646029,,,,Naogaon Sadar,BD506460,Naogaon,BD5064,Rajshahi,BD50,Bangladesh,BD,2015-01-01,2020-11-13,,9.063403595453549
Boalia,BD50703731,,,,Gomastapur,BD507037,Nawabganj,BD5070,Rajshahi,BD50,Bangladesh,BD,2015-01-01,2020-11-13,,30.4194835770734
Boaljur Bazar,BD60910813,,,,Balaganj,BD609108,Sylhet,BD6091,Sylhet,BD60,Bangladesh,BD,2015-01-01,2020-11-13,,24.2675988279815
Boalkhali,BD20464331,,,,Dighinala,BD204643,Khagrachhari,BD2046,Chittagong,BD20,Bangladesh,BD,2015-01-01,2020-11-13,,56.8342520560625
Boalmari,BD30291815,,,,Boalmari,BD302918,Faridpur,BD3029,Dhaka,BD30,Bangladesh,BD,2015-01-01,2020-11-13,,11.507039144337
Boalmari Paurashava,BD30291899,,,,Boalmari,BD302918,Faridpur,BD3029,Dhaka,BD30,Bangladesh,BD,2015-01-01,2020-11-13,,4.33846597138003
Boda,BD55772521,,,,Boda,BD557725,Panchagarh,BD5577,Rangpur,BD55,Bangladesh,BD,2015-01-01,2020-11-13,,19.6481075078724
Bogachatar,BD20845840,,,,Langadu,BD208458,Rangamati,BD2084,Chittagong,BD20,Bangladesh,BD,2015-01-01,2020-11-13,,58.8789895075798
Bogra Paurashava,BD50102099,,,,Bogra Sadar,BD501020,Bogra,BD5010,Rajshahi,BD50,Bangladesh,BD,2015-01-01,2020-11-13,,5.37194256510349
Bohail,BD50108112,,,,Sariakandi,BD501081,Bogra,BD5010,Rajshahi,BD50,Bangladesh,BD,2015-01-01,2020-11-13,,59.4840121985776
Bokainagar,BD45612322,,,,Gauripur,BD456123,Mymensingh,BD4561,Mymensingh,BD45,Bangladesh,BD,2015-01-01,2020-11-13,,29.6100436030294
Bolakot,BD20129017,,,,Nasirnagar,BD201290,Brahamanbaria,BD2012,Chittagong,BD20,Bangladesh,BD,2015-01-01,2020-11-13,,31.9782392254912
Boldia,BD55490628,,,,Bhurungamari,BD554906,Kurigram,BD5549,Rangpur,BD55,Bangladesh,BD,2015-01-01,2020-11-13,,25.8903186723968
Bonar Para,BD55328819,,,,Saghatta,BD553288,Gaibandha,BD5532,Rangpur,BD55,Bangladesh,BD,2015-01-01,2020-11-13,,23.3967444058258
Boragari,BD55731528,,,,Domar,BD557315,Nilphamari,BD5573,Rangpur,BD55,Bangladesh,BD,2015-01-01,2020-11-13,,30.0319606668615
Boranal Eliasabad,BD40652814,,,,Kalia,BD406528,Narail,BD4065,Khulna,BD40,Bangladesh,BD,2015-01-01,2020-11-13,,23.3929747208492
Borar Char,BD45615231,,,,Mymensingh Sadar,BD456152,Mymensingh,BD4561,Mymensingh,BD45,Bangladesh,BD,2015-01-01,2020-11-13,,33.5093465324033
Borasi,BD30353211,,,,Gopalganj Sadar,BD303532,Gopalganj,BD3035,Dhaka,BD30,Bangladesh,BD,2015-01-01,2020-11-13,,7.072004447039751
Bothlagari,BD55738527,,,,Saidpur,BD557385,Nilphamari,BD5573,Rangpur,BD55,Bangladesh,BD,2015-01-01,2020-11-13,,27.2282718875428
Bougla Bazar,BD60903321,,,,Dowarabazar,BD609033,Sunamganj,BD6090,Sylhet,BD60,Bangladesh,BD,2015-01-01,2020-11-13,,17.0480532072561
Boyra,BD30562829,,,,Harirampur,BD305628,Manikganj,BD3056,Dhaka,BD30,Bangladesh,BD,2015-01-01,2020-11-13,,16.1530871219563
Boyra,BD30568219,,,,Singair,BD305682,Manikganj,BD3056,Dhaka,BD30,Bangladesh,BD,2015-01-01,2020-11-13,,13.7914985863753
Brahma Rajpur,BD40878247,,,,Satkhira Sadar,BD408782,Satkhira,BD4087,Khulna,BD40,Bangladesh,BD,2015-01-01,2020-11-13,,23.4529742414479
Brahmagachha,BD50886113,,,,Royganj,BD508861,Sirajganj,BD5088,Rajshahi,BD50,Bangladesh,BD,2015-01-01,2020-11-13,,29.4395454869559
Brahman Bazar,BD60586517,,,,Kulaura,BD605865,Maulvibazar,BD6058,Sylhet,BD60,Bangladesh,BD,2015-01-01,2020-11-13,,43.5534412791118
Brahman Para,BD20191518,,,,Brahman Para,BD201915,Comilla,BD2019,Chittagong,BD20,Bangladesh,BD,2015-01-01,2020-11-13,,14.5865639584651
Brahmanbaria Paurashava,BD20121399,,,,Brahmanbaria Sadar,BD201213,Brahamanbaria,BD2012,Chittagong,BD20,Bangladesh,BD,2015-01-01,2020-11-13,,17.5298850732915
Brahmandi,BD30670229,,,,Araihazar,BD306702,Narayanganj,BD3067,Dhaka,BD30,Bangladesh,BD,2015-01-01,2020-11-13,,17.0411800040328
Brahmapur,BD50696326,,,,Natore Sadar,BD506963,Natore,BD5069,Rajshahi,BD50,Bangladesh,BD,2015-01-01,2020-11-13,,22.5358440582285
Bri-lahiribari,BD50763331,,,,Faridpur,BD507633,Pabna,BD5076,Rajshahi,BD50,Bangladesh,BD,2015-01-01,2020-11-13,,25.2196458654456
Budbari Bazar,BD60913820,,,,Golabganj,BD609138,Sylhet,BD6091,Sylhet,BD60,Bangladesh,BD,2015-01-01,2020-11-13,,11.721981136787
Budhal,BD20121394,,,,Brahmanbaria Sadar,BD201213,Brahamanbaria,BD2012,Chittagong,BD20,Bangladesh,BD,2015-01-01,2020-11-13,,8.62038303006118
Budhanti,BD20120728,,,,Bijoynagar,BD201207,Brahamanbaria,BD2012,Chittagong,BD20,Bangladesh,BD,2015-01-01,2020-11-13,,23.4615639048531
Budhhata,BD40870434,,,,Assasuni,BD408704,Satkhira,BD4087,Khulna,BD40,Bangladesh,BD,2015-01-01,2020-11-13,,33.5870460123219
Bukabunia,BD10041947,,,,Bamna,BD100419,Barguna,BD1004,Barisal,BD10,Bangladesh,BD,2015-01-01,2020-11-13,,23.8701971651187
Bulakipur,BD55274319,,,,Ghoraghat,BD552743,Dinajpur,BD5527,Rangpur,BD55,Bangladesh,BD,2015-01-01,2020-11-13,,34.4223879648559
Bulla,BD60366827,,,,Lakhai,BD603668,Habiganj,BD6036,Sylhet,BD60,Bangladesh,BD,2015-01-01,2020-11-13,,50.2785442524531
Bulla,BD60367134,,,,Madhabpur,BD603671,Habiganj,BD6036,Sylhet,BD60,Bangladesh,BD,2015-01-01,2020-11-13,,25.0928706126093
Bulta,BD30676825,,,,Rupganj,BD306768,Narayanganj,BD3067,Dhaka,BD30,Bangladesh,BD,2015-01-01,2020-11-13,,9.85904075329014
Bunagati,BD40558523,,,,Shalikha,BD405585,Magura,BD4055,Khulna,BD40,Bangladesh,BD,2015-01-01,2020-11-13,,21.8945482978128
Bura Mazumdar,BD10044735,,,,Betagi,BD100447,Barguna,BD1004,Barisal,BD10,Bangladesh,BD,2015-01-01,2020-11-13,,24.7017551251205
Buraburi,BD55499422,,,,Ulipur,BD554994,Kurigram,BD5549,Rangpur,BD55,Bangladesh,BD,2015-01-01,2020-11-13,,38.985478321738
Buraburi,BD55779054,,,,Tentulia,BD557790,Panchagarh,BD5577,Rangpur,BD55,Bangladesh,BD,2015-01-01,2020-11-13,,31.8961303165196
Buraich,BD30290331,,,,Alfadanga,BD302903,Faridpur,BD3029,Dhaka,BD30,Bangladesh,BD,2015-01-01,2020-11-13,,26.4684907214621
Burail,BD50106731,,,,Nandigram,BD501067,Bogra,BD5010,Rajshahi,BD50,Bangladesh,BD,2015-01-01,2020-11-13,,58.1823286000415
Buri Goalini,BD40878623,,,,Shyamnagar,BD408786,Satkhira,BD4087,Khulna,BD40,Bangladesh,BD,2015-01-01,2020-11-13,,42.2678038997721
Burichang,BD20191831,,,,Burichang,BD201918,Comilla,BD2019,Chittagong,BD20,Bangladesh,BD,2015-01-01,2020-11-13,,15.5441107254395
Buriganj,BD50109423,,,,Shibganj,BD501094,Bogra,BD5010,Rajshahi,BD50,Bangladesh,BD,2015-01-01,2020-11-13,,20.9554350644447
Burighat,BD20847519,,,,Naniarchar,BD208475,Rangamati,BD2084,Chittagong,BD20,Bangladesh,BD,2015-01-01,2020-11-13,,95.8897722655289
Burimari,BD55527015,,,,Patgram,BD555270,Lalmonirhat,BD5552,Rangpur,BD55,Bangladesh,BD,2015-01-01,2020-11-13,,24.1448077802569
Buripota,BD40578738,,,,Meherpur Sadar,BD405787,Meherpur,BD4057,Khulna,BD40,Bangladesh,BD,2015-01-01,2020-11-13,,41.8500638438515
Burir Char,BD10042838,,,,Barguna Sadar,BD100428,Barguna,BD1004,Barisal,BD10,Bangladesh,BD,2015-01-01,2020-11-13,,34.6327183778019
Burir Char,BD20153710,,,,Hathazari,BD201537,Chittagong,BD2015,Chittagong,BD20,Bangladesh,BD,2015-01-01,2020-11-13,,4.163346921855569
Burir Char,BD20753615,,,,Hatiya,BD207536,Noakhali,BD2075,Chittagong,BD20,Bangladesh,BD,2015-01-01,2020-11-13,,74.2144291071343
Burirdanga,BD40015827,,,,Mongla,BD400158,Bagerhat,BD4001,Khulna,BD40,Bangladesh,BD,2015-01-01,2020-11-13,,28.6392684561642
Burishwar,BD20129014,,,,Nasirnagar,BD201290,Brahamanbaria,BD2012,Chittagong,BD20,Bangladesh,BD,2015-01-01,2020-11-13,,32.8114863682762
Burumchhara,BD20150447,,,,Anowara,BD201504,Chittagong,BD2015,Chittagong,BD20,Bangladesh,BD,2015-01-01,2020-11-13,,14.9278028436948
Burunga,BD60910820,,,,Balaganj,BD609108,Sylhet,BD6091,Sylhet,BD60,Bangladesh,BD,2015-01-01,2020-11-13,,17.3700310406856
Chaitrakul,BD55857635,,,,Pirganj,BD558576,Rangpur,BD5585,Rangpur,BD55,Bangladesh,BD,2015-01-01,2020-11-13,,29.9861092058813
Chak Barkat,BD50384732,,,,Joypurhat Sadar,BD503847,Joypurhat,BD5038,Rajshahi,BD50,Bangladesh,BD,2015-01-01,2020-11-13,,16.9253506951494
Chak Kirti,BD50708811,,,,Shibganj,BD507088,Nawabganj,BD5070,Rajshahi,BD50,Bangladesh,BD,2015-01-01,2020-11-13,,34.9345332449655
Chak Mirpur,BD30561028,,,,Daulatpur,BD305610,Manikganj,BD3056,Dhaka,BD30,Bangladesh,BD,2015-01-01,2020-11-13,,21.4528345349654
Chak Radha,BD30687631,,,,Shibpur,BD306876,Narsingdi,BD3068,Dhaka,BD30,Bangladesh,BD,2015-01-01,2020-11-13,,19.8753816579751
Chakamaiya,BD10786611,,,,Kala Para,BD107866,Patuakhali,BD1078,Barisal,BD10,Bangladesh,BD,2015-01-01,2020-11-13,,35.7685218924077
Chakaria Paurashava,BD20221699,,,,Chakaria,BD202216,Cox's Bazar,BD2022,Chittagong,BD20,Bangladesh,BD,2015-01-01,2020-11-13,,4.274031832768981
Chakhar,BD10061042,,,,Banari Para,BD100610,Barisal,BD1006,Barisal,BD10,Bangladesh,BD,2015-01-01,2020-11-13,,16.0110478335006
Chakirpashar,BD55497721,,,,Rajarhat,BD554977,Kurigram,BD5549,Rangpur,BD55,Bangladesh,BD,2015-01-01,2020-11-13,,23.274329872146
Chakla,BD50761615,,,,Bera,BD507616,Pabna,BD5076,Rajshahi,BD50,Bangladesh,BD,2015-01-01,2020-11-13,,17.7183112359488
Chaklarhat,BD55777323,,,,Panchagarh Sadar,BD557773,Panchagarh,BD5577,Rangpur,BD55,Bangladesh,BD,2015-01-01,2020-11-13,,41.1358050894978
Chakmarkul,BD20226613,,,,Ramu,BD202266,Cox's Bazar,BD2022,Chittagong,BD20,Bangladesh,BD,2015-01-01,2020-11-13,,7.48258634352146
Chakua,BD45723813,,,,Khaliajuri,BD457238,Netrakona,BD4572,Mymensingh,BD45,Bangladesh,BD,2015-01-01,2020-11-13,,77.51133677298351
Chala,BD30562836,,,,Harirampur,BD305628,Manikganj,BD3056,Dhaka,BD30,Bangladesh,BD,2015-01-01,2020-11-13,,21.0593379224585
Chalak Char,BD30685227,,,,Manohardi,BD306852,Narsingdi,BD3068,Dhaka,BD30,Bangladesh,BD,2015-01-01,2020-11-13,,13.9035547564455
Chalbala,BD55523923,,,,Kaliganj,BD555239,Lalmonirhat,BD5552,Rangpur,BD55,Bangladesh,BD,2015-01-01,2020-11-13,,27.3816515947221
Chalibhanga,BD20197521,,,,Meghna,BD201975,Comilla,BD2019,Chittagong,BD20,Bangladesh,BD,2015-01-01,2020-11-13,,17.0032102454196
Chalishia,BD40410452,,,,Abhaynagar,BD404104,Jessore,BD4041,Khulna,BD40,Bangladesh,BD,2015-01-01,2020-11-13,,25.6907703244905
Chalitabunia,BD10785732,,,,Galachipa,BD107857,Patuakhali,BD1078,Barisal,BD10,Bangladesh,BD,2015-01-01,2020-11-13,,30.7167367552101
Chalitadanga,BD50885017,,,,Kazipur,BD508850,Sirajganj,BD5088,Rajshahi,BD50,Bangladesh,BD,2015-01-01,2020-11-13,,27.9231989342704
Challisha,BD45727415,,,,Netrokona Sadar,BD457274,Netrakona,BD4572,Mymensingh,BD45,Bangladesh,BD,2015-01-01,2020-11-13,,25.7753368041119
Chalna Paurashava,BD40471799,,,,Dacope,BD404717,Khulna,BD4047,Khulna,BD40,Bangladesh,BD,2015-01-01,2020-11-13,,2.67328315831024
Chaluabari,BD50108119,,,,Sariakandi,BD501081,Bogra,BD5010,Rajshahi,BD50,Bangladesh,BD,2015-01-01,2020-11-13,,62.2243841739913
Chaluahati,BD40416111,,,,Manirampur,BD404161,Jessore,BD4041,Khulna,BD40,Bangladesh,BD,2015-01-01,2020-11-13,,27.3875028429853
Chamardani,BD60903223,,,,Dharampasha,BD609032,Sunamganj,BD6090,Sylhet,BD60,Bangladesh,BD,2015-01-01,2020-11-13,,68.953273625332
Chamari,BD50699112,,,,Singra,BD506991,Natore,BD5069,Rajshahi,BD50,Bangladesh,BD,2015-01-01,2020-11-13,,31.3436314043438
Chambal,BD20150818,,,,Banshkhali,BD201508,Chittagong,BD2015,Chittagong,BD20,Bangladesh,BD,2015-01-01,2020-11-13,,36.4310436293156
Champaknagar,BD20120743,,,,Bijoynagar,BD201207,Brahamanbaria,BD2012,Chittagong,BD20,Bangladesh,BD,2015-01-01,2020-11-13,,12.9480644720616
Champaphul,BD40874723,,,,Kaliganj,BD408747,Satkhira,BD4087,Khulna,BD40,Bangladesh,BD,2015-01-01,2020-11-13,,29.7757501939525
Champapur,BD50100627,,,,Adamdighi,BD501006,Bogra,BD5010,Rajshahi,BD50,Bangladesh,BD,2015-01-01,2020-11-13,,31.6517253511886
Chamrul,BD50103313,,,,Dhupchanchia,BD501033,Bogra,BD5010,Rajshahi,BD50,Bangladesh,BD,2015-01-01,2020-11-13,,32.9634088243823
Chamta,BD30866525,,,,Naria,BD308665,Shariatpur,BD3086,Dhaka,BD30,Bangladesh,BD,2015-01-01,2020-11-13,,11.334294163946
Chanchari,BD40652831,,,,Kalia,BD406528,Narail,BD4065,Khulna,BD40,Bangladesh,BD,2015-01-01,2020-11-13,,22.3644142671532
Chanchra,BD10099138,,,,Tazumuddin,BD100991,Bhola,BD1009,Barisal,BD10,Bangladesh,BD,2015-01-01,2020-11-13,,19.5376959958119
Chanchra,BD40414723,,,,Kotwali,BD404147,Jessore,BD4041,Khulna,BD40,Bangladesh,BD,2015-01-01,2020-11-13,,28.7049194541292
Chandaikona,BD50886119,,,,Royganj,BD508861,Sirajganj,BD5088,Rajshahi,BD50,Bangladesh,BD,2015-01-01,2020-11-13,,32.7227960274236
Chandan Baisha,BD50108125,,,,Sariakandi,BD501081,Bogra,BD5010,Rajshahi,BD50,Bangladesh,BD,2015-01-01,2020-11-13,,13.0254996535121
Chandan Nagar,BD50646931,,,,Niamatpur,BD506469,Naogaon,BD5064,Rajshahi,BD50,Bangladesh,BD,2015-01-01,2020-11-13,,51.7759578892886
Chandanaish Paurashava,BD20151899,,,,Chandanaish,BD201518,Chittagong,BD2015,Chittagong,BD20,Bangladesh,BD,2015-01-01,2020-11-13,,12.1511982284135
Chandanbari,BD30685233,,,,Manohardi,BD306852,Narsingdi,BD3068,Dhaka,BD30,Bangladesh,BD,2015-01-01,2020-11-13,,10.6418554562802
Chandanbari,BD55772529,,,,Boda,BD557725,Panchagarh,BD5577,Rangpur,BD55,Bangladesh,BD,2015-01-01,2020-11-13,,25.8630252933512
Chandani,BD30827632,,,,Rajbari Sadar,BD308276,Rajbari,BD3082,Dhaka,BD30,Bangladesh,BD,2015-01-01,2020-11-13,,21.4662051530457
Chandanpat,BD55854917,,,,Rangpur Sadar,BD558549,Rangpur,BD5585,Rangpur,BD55,Bangladesh,BD,2015-01-01,2020-11-13,,28.8137662446981
Chandanpur,BD20197519,,,,Meghna,BD201975,Comilla,BD2019,Chittagong,BD20,Bangladesh,BD,2015-01-01,2020-11-13,,14.377420293927
Chandanpur,BD40874313,,,,Kalaroa,BD408743,Satkhira,BD4087,Khulna,BD40,Bangladesh,BD,2015-01-01,2020-11-13,,26.7091783017274
Chandas,BD50645019,,,,Mahadebpur,BD506450,Naogaon,BD5064,Rajshahi,BD50,Bangladesh,BD,2015-01-01,2020-11-13,,31.3512223551646
Chandba,BD50760515,,,,Atgharia,BD507605,Pabna,BD5076,Rajshahi,BD50,Bangladesh,BD,2015-01-01,2020-11-13,,30.4403711040685
Chander Char,BD20195428,,,,Homna,BD201954,Comilla,BD2019,Chittagong,BD20,Bangladesh,BD,2015-01-01,2020-11-13,,17.0940730711008
Chanderkandi,BD30686423,,,,Roypura,BD306864,Narsingdi,BD3068,Dhaka,BD30,Bangladesh,BD,2015-01-01,2020-11-13,,10.7869530535222
Chandgaon,BD45725631,,,,Madan,BD457256,Netrakona,BD4572,Mymensingh,BD45,Bangladesh,BD,2015-01-01,2020-11-13,,9.307965647384771
Chandgram,BD40501540,,,,Bheramara,BD405015,Kushtia,BD4050,Khulna,BD40,Bangladesh,BD,2015-01-01,2020-11-13,,9.47660229802086
Chandhar,BD30568225,,,,Singair,BD305682,Manikganj,BD3056,Dhaka,BD30,Bangladesh,BD,2015-01-01,2020-11-13,,30.6277503081682
Chandi,BD50691523,,,,Baraigram,BD506915,Natore,BD5069,Rajshahi,BD50,Bangladesh,BD,2015-01-01,2020-11-13,,32.2246334201085
Chandi Pasha,BD30487919,,,,Pakundia,BD304879,Kishoreganj,BD3048,Dhaka,BD30,Bangladesh,BD,2015-01-01,2020-11-13,,14.0358822067591
Chandibarpur,BD40657633,,,,Narail Sadar,BD406576,Narail,BD4065,Khulna,BD40,Bangladesh,BD,2015-01-01,2020-11-13,,24.2095542177044
Chandigarh,BD45721825,,,,Durgapur,BD457218,Netrakona,BD4572,Mymensingh,BD45,Bangladesh,BD,2015-01-01,2020-11-13,,49.9554614329356
Chandighat,BD60587421,,,,Maulvi Bazar Sadar,BD605874,Maulvibazar,BD6058,Sylhet,BD60,Bangladesh,BD,2015-01-01,2020-11-13,,28.6914679563835
Chandina Paurashava,BD20192799,,,,Chandina,BD201927,Comilla,BD2019,Chittagong,BD20,Bangladesh,BD,2015-01-01,2020-11-13,,9.66693501525427
Chandipasha,BD45617223,,,,Nandail,BD456172,Mymensingh,BD4561,Mymensingh,BD45,Bangladesh,BD,2015-01-01,2020-11-13,,27.4217331167032
Chandipur,BD20516523,,,,Ramganj,BD205165,Lakshmipur,BD2051,Chittagong,BD20,Bangladesh,BD,2015-01-01,2020-11-13,,18.5250185170012
Chandipur,BD50646043,,,,Naogaon Sadar,BD506460,Naogaon,BD5064,Rajshahi,BD50,Bangladesh,BD,2015-01-01,2020-11-13,,13.302832667239
Chandipur,BD55277717,,,,Parbatipur,BD552777,Dinajpur,BD5527,Rangpur,BD55,Bangladesh,BD,2015-01-01,2020-11-13,,39.1258980846132
Chandipur,BD55329118,,,,Sundarganj,BD553291,Gaibandha,BD5532,Rangpur,BD55,Bangladesh,BD,2015-01-01,2020-11-13,,21.7129529984544
Chandkhali,BD40476416,,,,Paikgachha,BD404764,Khulna,BD4047,Khulna,BD40,Bangladesh,BD,2015-01-01,2020-11-13,,45.5406917861717
Chandkhana,BD55734534,,,,Kishoreganj,BD557345,Nilphamari,BD5573,Rangpur,BD55,Bangladesh,BD,2015-01-01,2020-11-13,,22.8801966527663
Chandla,BD20191544,,,,Brahman Para,BD201915,Comilla,BD2019,Chittagong,BD20,Bangladesh,BD,2015-01-01,2020-11-13,,14.3576257366447
Chandnandi,BD20753619,,,,Hatiya,BD207536,Noakhali,BD2075,Chittagong,BD20,Bangladesh,BD,2015-01-01,2020-11-13,,103.232199353812
Chandpai Range,BD40015897,,,,Mongla,BD400158,Bagerhat,BD4001,Khulna,BD40,Bangladesh,BD,2015-01-01,2020-11-13,,1087.1166715901
Chandpasha,BD10060327,,,,Babuganj,BD100603,Barisal,BD1006,Barisal,BD10,Bangladesh,BD,2015-01-01,2020-11-13,,25.6493608120737
Chandpi,BD40015823,,,,Mongla,BD400158,Bagerhat,BD4001,Khulna,BD40,Bangladesh,BD,2015-01-01,2020-11-13,,20.5884697487572
Chandpur,BD10065132,,,,Barisal Sadar (Kotwali),BD100651,Barisal,BD1006,Barisal,BD10,Bangladesh,BD,2015-01-01,2020-11-13,,22.5800370755429
Chandpur,BD10066239,,,,Mehendiganj,BD100662,Barisal,BD1006,Barisal,BD10,Bangladesh,BD,2015-01-01,2020-11-13,,16.5702907179861
Chandpur,BD10099157,,,,Tazumuddin,BD100991,Bhola,BD1009,Barisal,BD10,Bangladesh,BD,2015-01-01,2020-11-13,,32.2919262501347
Chandpur,BD30291820,,,,Boalmari,BD302918,Faridpur,BD3029,Dhaka,BD30,Bangladesh,BD,2015-01-01,2020-11-13,,16.6203464668658
Chandpur,BD30333617,,,,Kapasia,BD303336,Gazipur,BD3033,Dhaka,BD30,Bangladesh,BD,2015-01-01,2020-11-13,,35.6402245141622
Chandpur,BD30484528,,,,Katiadi,BD304845,Kishoreganj,BD3048,Dhaka,BD30,Bangladesh,BD,2015-01-01,2020-11-13,,25.6206892379746
Chandpur,BD30686427,,,,Roypura,BD306864,Narsingdi,BD3068,Dhaka,BD30,Bangladesh,BD,2015-01-01,2020-11-13,,26.3836636076796
Chandpur,BD40441421,,,,Harinakunda,BD404414,Jhenaidah,BD4044,Khulna,BD40,Bangladesh,BD,2015-01-01,2020-11-13,,35.1109405521889
Chandpur,BD40507117,,,,Kumarkhali,BD405071,Kushtia,BD4050,Khulna,BD40,Bangladesh,BD,2015-01-01,2020-11-13,,27.7226563497546
Chandpur Paurashava,BD20132299,,,,Chandpur Sadar,BD201322,Chandpur,BD2013,Chittagong,BD20,Bangladesh,BD,2015-01-01,2020-11-13,,5.07798315786634
Chandra,BD20132254,,,,Chandpur Sadar,BD201322,Chandpur,BD2013,Chittagong,BD20,Bangladesh,BD,2015-01-01,2020-11-13,,13.1044482241491
Chandra,BD30291031,,,,Bhanga,BD302910,Faridpur,BD3029,Dhaka,BD30,Bangladesh,BD,2015-01-01,2020-11-13,,15.894739655213
Chandra Dighalia,BD30353215,,,,Gopalganj Sadar,BD303532,Gopalganj,BD3035,Dhaka,BD30,Bangladesh,BD,2015-01-01,2020-11-13,,11.0979003911558
Chandra Mohan,BD10065133,,,,Barisal Sadar (Kotwali),BD100651,Barisal,BD1006,Barisal,BD10,Bangladesh,BD,2015-01-01,2020-11-13,,20.0104402132195
Chandraganj,BD20514320,,,,Lakshmipur Sadar,BD205143,Lakshmipur,BD2051,Chittagong,BD20,Bangladesh,BD,2015-01-01,2020-11-13,,17.6600498139709
Chandraghona,BD20843619,,,,Kaptai,BD208436,Rangamati,BD2084,Chittagong,BD20,Bangladesh,BD,2015-01-01,2020-11-13,,11.8310310262394
Chandraghona Kadamtali,BD20157017,,,,Rangunia,BD201570,Chittagong,BD2015,Chittagong,BD20,Bangladesh,BD,2015-01-01,2020-11-13,,11.1175995676698
Chandrakona,BD45896719,,,,Nakla,BD458967,Sherpur,BD4589,Mymensingh,BD45,Bangladesh,BD,2015-01-01,2020-11-13,,21.0160602515259
Chandrapur,BD30866928,,,,Shariatpur Sadar,BD308669,Shariatpur,BD3086,Dhaka,BD30,Bangladesh,BD,2015-01-01,2020-11-13,,16.9429299961171
Chandrapur,BD55523929,,,,Kaliganj,BD555239,Lalmonirhat,BD5552,Rangpur,BD55,Bangladesh,BD,2015-01-01,2020-11-13,,31.293881727894
Chandshi,BD10063238,,,,Gaurnadi,BD100632,Barisal,BD1006,Barisal,BD10,Bangladesh,BD,2015-01-01,2020-11-13,,7.21373497843034
Chandura,BD20120732,,,,Bijoynagar,BD201207,Brahamanbaria,BD2012,Chittagong,BD20,Bangladesh,BD,2015-01-01,2020-11-13,,18.1716542814701
Chanduria,BD50819440,,,,Tanore,BD508194,Rajshahi,BD5081,Rajshahi,BD50,Bangladesh,BD,2015-01-01,2020-11-13,,16.8454579075082
Changdhupail,BD50694428,,,,Lalpur,BD506944,Natore,BD5069,Rajshahi,BD50,Bangladesh,BD,2015-01-01,2020-11-13,,35.820481249817
Chanhara,BD20156121,,,,Patiya,BD201561,Chittagong,BD2015,Chittagong,BD20,Bangladesh,BD,2015-01-01,2020-11-13,,10.3890715645931
Chaora Bargachha,BD55736418,,,,Nilphamari Sadar,BD557364,Nilphamari,BD5573,Rangpur,BD55,Bangladesh,BD,2015-01-01,2020-11-13,,31.5560478575418
Chapai Nababganj Paurashava,BD50706699,,,,Nawabganj Sadar,BD507066,Nawabganj,BD5070,Rajshahi,BD50,Bangladesh,BD,2015-01-01,2020-11-13,,30.007667679672
Chapair,BD30333228,,,,Kaliakair,BD303332,Gazipur,BD3033,Dhaka,BD30,Bangladesh,BD,2015-01-01,2020-11-13,,34.5449696128995
Chapartala,BD20129021,,,,Nasirnagar,BD201290,Brahamanbaria,BD2012,Chittagong,BD20,Bangladesh,BD,2015-01-01,2020-11-13,,11.6876786962766
Chapila,BD50694127,,,,Gurudaspur,BD506941,Natore,BD5069,Rajshahi,BD50,Bangladesh,BD,2015-01-01,2020-11-13,,35.61303502396211
Chapitala,BD20198122,,,,Muradnagar,BD201981,Comilla,BD2019,Chittagong,BD20,Bangladesh,BD,2015-01-01,2020-11-13,,11.7438385384442
Chapra,BD40507125,,,,Kumarkhali,BD405071,Kushtia,BD4050,Khulna,BD40,Bangladesh,BD,2015-01-01,2020-11-13,,21.3192809897391
Chapra Saramjani,BD55736411,,,,Nilphamari Sadar,BD557364,Nilphamari,BD5573,Rangpur,BD55,Bangladesh,BD,2015-01-01,2020-11-13,,23.3112745108767
Chaprashirhat,BD20754727,,,,Kabirhat,BD207547,Noakhali,BD2075,Chittagong,BD20,Bangladesh,BD,2015-01-01,2020-11-13,,25.3064276926109
Char Abdullah,BD20517315,,,,Ramgati,BD205173,Lakshmipur,BD2051,Chittagong,BD20,Bangladesh,BD,2015-01-01,2020-11-13,,28.0869931778041
Char Alexandar,BD20517323,,,,Ramgati,BD205173,Lakshmipur,BD2051,Chittagong,BD20,Bangladesh,BD,2015-01-01,2020-11-13,,34.45598675187929
Char Algi,BD20517331,,,,Ramgati,BD205173,Lakshmipur,BD2051,Chittagong,BD20,Bangladesh,BD,2015-01-01,2020-11-13,,19.3788699771269
Char Algi,BD45612212,,,,Gaffargaon,BD456122,Mymensingh,BD4561,Mymensingh,BD45,Bangladesh,BD,2015-01-01,2020-11-13,,32.0728109798918
Char Amaddi,BD10060720,,,,Bakerganj,BD100607,Barisal,BD1006,Barisal,BD10,Bangladesh,BD,2015-01-01,2020-11-13,,24.142281800144
Char Amanullah,BD20758529,,,,Subarnachar,BD207585,Noakhali,BD2075,Chittagong,BD20,Bangladesh,BD,2015-01-01,2020-11-13,,28.2917299482114
Char Anupnagar,BD50706620,,,,Nawabganj Sadar,BD507066,Nawabganj,BD5070,Rajshahi,BD50,Bangladesh,BD,2015-01-01,2020-11-13,,14.40492420972
Char Aomkhaoa,BD45391529,,,,Dewanganj,BD453915,Jamalpur,BD4539,Mymensingh,BD45,Bangladesh,BD,2015-01-01,2020-11-13,,35.5353483207869
Char Aralia,BD30686430,,,,Roypura,BD306864,Narsingdi,BD3068,Dhaka,BD30,Bangladesh,BD,2015-01-01,2020-11-13,,11.3021325123489
Char Ashariadaha,BD50813425,,,,Godagari,BD508134,Rajshahi,BD5081,Rajshahi,BD50,Bangladesh,BD,2015-01-01,2020-11-13,,59.08390643194861
Char Ashtadhar,BD45896728,,,,Nakla,BD458967,Sherpur,BD4589,Mymensingh,BD45,Bangladesh,BD,2015-01-01,2020-11-13,,23.2328997732762
Char Atra,BD30866531,,,,Naria,BD308665,Shariatpur,BD3086,Dhaka,BD30,Bangladesh,BD,2015-01-01,2020-11-13,,21.8941399317701
Char Bagdanga,BD50706622,,,,Nawabganj Sadar,BD507066,Nawabganj,BD5070,Rajshahi,BD50,Bangladesh,BD,2015-01-01,2020-11-13,,37.046911549112
Char Baniari,BD40011415,,,,Chitalmari,BD400114,Bagerhat,BD4001,Khulna,BD40,Bangladesh,BD,2015-01-01,2020-11-13,,23.3979458080533
Char Banipakuri,BD45396119,,,,Melandaha,BD453961,Jamalpur,BD4539,Mymensingh,BD45,Bangladesh,BD,2015-01-01,2020-11-13,,23.9177214505255
Char Baria,BD10065134,,,,Barisal Sadar (Kotwali),BD100651,Barisal,BD1006,Barisal,BD10,Bangladesh,BD,2015-01-01,2020-11-13,,19.4750684433414
Char Bata,BD20758531,,,,Subarnachar,BD207585,Noakhali,BD2075,Chittagong,BD20,Bangladesh,BD,2015-01-01,2020-11-13,,37.53879118665439
Char Bedam,BD20517339,,,,Ramgati,BD205173,Lakshmipur,BD2051,Chittagong,BD20,Bangladesh,BD,2015-01-01,2020-11-13,,35.3157134702547
Char Bhadrasan,BD30292119,,,,Char Bhadrasan,BD302921,Faridpur,BD3029,Dhaka,BD30,Bangladesh,BD,2015-01-01,2020-11-13,,33.4292797237769
Char Bhaga,BD30861415,,,,Bhedarganj,BD308614,Shariatpur,BD3086,Dhaka,BD30,Bangladesh,BD,2015-01-01,2020-11-13,,19.1782803574752
Char Bhairabi,BD20134735,,,,Haim Char,BD201347,Chandpur,BD2013,Chittagong,BD20,Bangladesh,BD,2015-01-01,2020-11-13,,11.1355491633448
Char Bhurungamari,BD55490647,,,,Bhurungamari,BD554906,Kurigram,BD5549,Rangpur,BD55,Bangladesh,BD,2015-01-01,2020-11-13,,19.4652697003067
Char Bhuta,BD10095419,,,,Lalmohan,BD100954,Bhola,BD1009,Barisal,BD10,Bangladesh,BD,2015-01-01,2020-11-13,,28.2234498940932
Char Bishnupur,BD30298428,,,,Sadarpur,BD302984,Faridpur,BD3029,Dhaka,BD30,Bangladesh,BD,2015-01-01,2020-11-13,,33.8719765576472
Char Biswas,BD10785737,,,,Galachipa,BD107857,Patuakhali,BD1078,Barisal,BD10,Bangladesh,BD,2015-01-01,2020-11-13,,50.7284348677328
Char Census,BD30861428,,,,Bhedarganj,BD308614,Shariatpur,BD3086,Dhaka,BD30,Bangladesh,BD,2015-01-01,2020-11-13,,18.2613877174061
Char Chandia,BD20309428,,,,Sonagazi,BD203094,Feni,BD2030,Chittagong,BD20,Bangladesh,BD,2015-01-01,2020-11-13,,11.2474540393192
Char Chartala,BD20123326,,,,Ashuganj,BD201233,Brahamanbaria,BD2012,Chittagong,BD20,Bangladesh,BD,2015-01-01,2020-11-13,,10.5956837471171
Char Clerk,BD20758533,,,,Subarnachar,BD207585,Noakhali,BD2075,Chittagong,BD20,Bangladesh,BD,2015-01-01,2020-11-13,,179.899647912875
Char Darbesh,BD20309438,,,,Sonagazi,BD203094,Feni,BD2030,Chittagong,BD20,Bangladesh,BD,2015-01-01,2020-11-13,,36.3930153814875
Char Daulat Khan,BD30544025,,,,Kalkini,BD305440,Madaripur,BD3054,Dhaka,BD30,Bangladesh,BD,2015-01-01,2020-11-13,,10.9198719608231
Char Dighaldi,BD30686023,,,,Narsingdi Sadar,BD306860,Narsingdi,BD3068,Dhaka,BD30,Bangladesh,BD,2015-01-01,2020-11-13,,20.238484439664
Char Duanti,BD10048511,,,,Patharghata,BD100485,Barguna,BD1004,Barisal,BD10,Bangladesh,BD,2015-01-01,2020-11-13,,36.2277503028937
Char Ekkaria,BD10066247,,,,Mehendiganj,BD100662,Barisal,BD1006,Barisal,BD10,Bangladesh,BD,2015-01-01,2020-11-13,,34.4756542015722
Char Elahi,BD20752110,,,,Companiganj,BD207521,Noakhali,BD2075,Chittagong,BD20,Bangladesh,BD,2015-01-01,2020-11-13,,115.850832136786
Char Fakira,BD20752111,,,,Companiganj,BD207521,Noakhali,BD2075,Chittagong,BD20,Bangladesh,BD,2015-01-01,2020-11-13,,41.5817885074526
Char Falcon,BD20513347,,,,Kamalnagar,BD205133,Lakshmipur,BD2051,Chittagong,BD20,Bangladesh,BD,2015-01-01,2020-11-13,,11.341671765388
Char Faradi,BD30487928,,,,Pakundia,BD304879,Kishoreganj,BD3048,Dhaka,BD30,Bangladesh,BD,2015-01-01,2020-11-13,,16.0324005004402
Char Gazi,BD20517355,,,,Ramgati,BD205173,Lakshmipur,BD2051,Chittagong,BD20,Bangladesh,BD,2015-01-01,2020-11-13,,6.19058470689498
Char Girish,BD50885015,,,,Kazipur,BD508850,Sirajganj,BD5088,Rajshahi,BD50,Bangladesh,BD,2015-01-01,2020-11-13,,40.1972118203615
Char Goalini,BD45392915,,,,Islampur,BD453929,Jamalpur,BD4539,Mymensingh,BD45,Bangladesh,BD,2015-01-01,2020-11-13,,14.5865243716769
Char Gopalpur,BD10066255,,,,Mehendiganj,BD100662,Barisal,BD1006,Barisal,BD10,Bangladesh,BD,2015-01-01,2020-11-13,,15.2517279084602
Char Harirampur,BD30292138,,,,Char Bhadrasan,BD302921,Faridpur,BD3029,Dhaka,BD30,Bangladesh,BD,2015-01-01,2020-11-13,,64.3169314007706
Char Hazari,BD20752123,,,,Companiganj,BD207521,Noakhali,BD2075,Chittagong,BD20,Bangladesh,BD,2015-01-01,2020-11-13,,14.8946654403521
Char Ishwar,BD20753628,,,,Hatiya,BD207536,Noakhali,BD2075,Chittagong,BD20,Bangladesh,BD,2015-01-01,2020-11-13,,68.29601936852511
Char Ishwardia,BD45615233,,,,Mymensingh Sadar,BD456152,Mymensingh,BD4561,Mymensingh,BD45,Bangladesh,BD,2015-01-01,2020-11-13,,31.4172253139465
Char Islmapur,BD20120736,,,,Bijoynagar,BD201207,Brahamanbaria,BD2012,Chittagong,BD20,Bangladesh,BD,2015-01-01,2020-11-13,,22.1176530241202
Char Jabbar,BD20758535,,,,Subarnachar,BD207585,Noakhali,BD2075,Chittagong,BD20,Bangladesh,BD,2015-01-01,2020-11-13,,51.0312409937282
Char Janajat,BD30548731,,,,Shib Char,BD305487,Madaripur,BD3054,Dhaka,BD30,Bangladesh,BD,2015-01-01,2020-11-13,,37.1606071988967
Char Jasordi,BD30296222,,,,Nagarkanda,BD302962,Faridpur,BD3029,Dhaka,BD30,Bangladesh,BD,2015-01-01,2020-11-13,,31.3214838584666
Char Jhaukanda,BD30292157,,,,Char Bhadrasan,BD302921,Faridpur,BD3029,Dhaka,BD30,Bangladesh,BD,2015-01-01,2020-11-13,,21.0526034391717
Char Jubille,BD20758536,,,,Subarnachar,BD207585,Noakhali,BD2075,Chittagong,BD20,Bangladesh,BD,2015-01-01,2020-11-13,,60.1732353491994
Char Kadira,BD20513363,,,,Kamalnagar,BD205133,Lakshmipur,BD2051,Chittagong,BD20,Bangladesh,BD,2015-01-01,2020-11-13,,44.82516902893941
Char Kajal,BD10785739,,,,Galachipa,BD107857,Patuakhali,BD1078,Barisal,BD10,Bangladesh,BD,2015-01-01,2020-11-13,,88.62299842617591
Char Kakra,BD20752135,,,,Companiganj,BD207521,Noakhali,BD2075,Chittagong,BD20,Bangladesh,BD,2015-01-01,2020-11-13,,24.1406505903473
Char Kalekhan,BD10066923,,,,Muladi,BD100669,Barisal,BD1006,Barisal,BD10,Bangladesh,BD,2015-01-01,2020-11-13,,20.523243705222
Char Kalkini,BD20513371,,,,Kamalnagar,BD205133,Lakshmipur,BD2051,Chittagong,BD20,Bangladesh,BD,2015-01-01,2020-11-13,,15.537688609651
Char Kalmi,BD10092528,,,,Char Fasson,BD100925,Bhola,BD1009,Barisal,BD10,Bangladesh,BD,2015-01-01,2020-11-13,,45.9975943518529
Char Kewar,BD30595628,,,,Munshiganj Sadar,BD305956,Munshiganj,BD3059,Dhaka,BD30,Bangladesh,BD,2015-01-01,2020-11-13,,24.5087359629397
Char Khalifa,BD10092919,,,,Daulatkhan,BD100929,Bhola,BD1009,Barisal,BD10,Bangladesh,BD,2015-01-01,2020-11-13,,17.8820356059934
Char King,BD20753638,,,,Hatiya,BD207536,Noakhali,BD2075,Chittagong,BD20,Bangladesh,BD,2015-01-01,2020-11-13,,31.0749281469532
Char Kowa,BD10065143,,,,Barisal Sadar (Kotwali),BD100651,Barisal,BD1006,Barisal,BD10,Bangladesh,BD,2015-01-01,2020-11-13,,31.6409817261431
Char Kukri Mukri,BD10092570,,,,Char Fasson,BD100925,Bhola,BD1009,Barisal,BD10,Bangladesh,BD,2015-01-01,2020-11-13,,56.4119450862089
Char Kumaria,BD30861417,,,,Bhedarganj,BD308614,Shariatpur,BD3086,Dhaka,BD30,Bangladesh,BD,2015-01-01,2020-11-13,,17.7388717798324
Char Lakshya,BD20156124,,,,Patiya,BD201561,Chittagong,BD2015,Chittagong,BD20,Bangladesh,BD,2015-01-01,2020-11-13,,10.3570798864253
Char Lawrence,BD20513379,,,,Kamalnagar,BD205133,Lakshmipur,BD2051,Chittagong,BD20,Bangladesh,BD,2015-01-01,2020-11-13,,43.6755723756508
Char Madhabdia,BD30294723,,,,Faridpur Sadar,BD302947,Faridpur,BD3029,Dhaka,BD30,Bangladesh,BD,2015-01-01,2020-11-13,,26.2951573595924
Char Madhua,BD30686433,,,,Roypura,BD306864,Narsingdi,BD3068,Dhaka,BD30,Bangladesh,BD,2015-01-01,2020-11-13,,11.3030220136376
Char Madras,BD10092538,,,,Char Fasson,BD100925,Bhola,BD1009,Barisal,BD10,Bangladesh,BD,2015-01-01,2020-11-13,,34.6012995711969
Char Majlishpur,BD20309447,,,,Sonagazi,BD203094,Feni,BD2030,Chittagong,BD20,Bangladesh,BD,2015-01-01,2020-11-13,,15.6158370725261
Char Manair,BD30298438,,,,Sadarpur,BD302984,Faridpur,BD3029,Dhaka,BD30,Bangladesh,BD,2015-01-01,2020-11-13,,16.5485130776395
Char Mandalia,BD30685240,,,,Manohardi,BD306852,Narsingdi,BD3068,Dhaka,BD30,Bangladesh,BD,2015-01-01,2020-11-13,,17.650622921281
Char Manika,BD10092547,,,,Char Fasson,BD100925,Bhola,BD1009,Barisal,BD10,Bangladesh,BD,2015-01-01,2020-11-13,,115.147675096969
Char Martin,BD20513381,,,,Kamalnagar,BD205133,Lakshmipur,BD2051,Chittagong,BD20,Bangladesh,BD,2015-01-01,2020-11-13,,18.5859049334669
Char Matua,BD20758740,,,,Noakhali Sadar (Sudharam),BD207587,Noakhali,BD2075,Chittagong,BD20,Bangladesh,BD,2015-01-01,2020-11-13,,16.3337781839527
Char Mohana,BD20515847,,,,Roypur,BD205158,Lakshmipur,BD2051,Chittagong,BD20,Bangladesh,BD,2015-01-01,2020-11-13,,23.3030660289869
Char Monai,BD10065151,,,,Barisal Sadar (Kotwali),BD100651,Barisal,BD1006,Barisal,BD10,Bangladesh,BD,2015-01-01,2020-11-13,,36.00463122936269
Char Montaz,BD10785734,,,,Galachipa,BD107857,Patuakhali,BD1078,Barisal,BD10,Bangladesh,BD,2015-01-01,2020-11-13,,127.064743389903
Char Mucharia,BD45898827,,,,Sherpur Sadar,BD458988,Sherpur,BD4589,Mymensingh,BD45,Bangladesh,BD,2015-01-01,2020-11-13,,26.0063579526125
Char Nasirpur,BD30298447,,,,Sadarpur,BD302984,Faridpur,BD3029,Dhaka,BD30,Bangladesh,BD,2015-01-01,2020-11-13,,29.3787565205085
Char Nilakshmia,BD45615240,,,,Mymensingh Sadar,BD456152,Mymensingh,BD4561,Mymensingh,BD45,Bangladesh,BD,2015-01-01,2020-11-13,,32.7088212202698
Char Pakerdaha,BD45395835,,,,Madarganj,BD453958,Jamalpur,BD4539,Mymensingh,BD45,Bangladesh,BD,2015-01-01,2020-11-13,,32.6893058435171
Char Pakshimari,BD45898833,,,,Sherpur Sadar,BD458988,Sherpur,BD4589,Mymensingh,BD45,Bangladesh,BD,2015-01-01,2020-11-13,,32.7799105434897
Char Parbati,BD20752147,,,,Companiganj,BD207521,Noakhali,BD2075,Chittagong,BD20,Bangladesh,BD,2015-01-01,2020-11-13,,15.0115305316164
Char Pata,BD10092928,,,,Daulatkhan,BD100929,Bhola,BD1009,Barisal,BD10,Bangladesh,BD,2015-01-01,2020-11-13,,21.6398712886404
Char Pata,BD20515852,,,,Roypur,BD205158,Lakshmipur,BD2051,Chittagong,BD20,Bangladesh,BD,2015-01-01,2020-11-13,,8.411910918831591
Char Patharghata,BD20156127,,,,Patiya,BD201561,Chittagong,BD2015,Chittagong,BD20,Bangladesh,BD,2015-01-01,2020-11-13,,4.5710717822388
Char Poragacha,BD20517365,,,,Ramgati,BD205173,Lakshmipur,BD2051,Chittagong,BD20,Bangladesh,BD,2015-01-01,2020-11-13,,21.9285578946244
Char Putimari,BD45392923,,,,Islampur,BD453929,Jamalpur,BD4539,Mymensingh,BD45,Bangladesh,BD,2015-01-01,2020-11-13,,27.943932098653
Char Rajibpur,BD55490819,,,,Char Rajibpur,BD554908,Kurigram,BD5549,Rangpur,BD55,Bangladesh,BD,2015-01-01,2020-11-13,,35.1422670015077
Char Ramani Mohan,BD20514323,,,,Lakshmipur Sadar,BD205143,Lakshmipur,BD2051,Chittagong,BD20,Bangladesh,BD,2015-01-01,2020-11-13,,63.8813406647024
Char Ramiz,BD20517387,,,,Ramgati,BD205173,Lakshmipur,BD2051,Chittagong,BD20,Bangladesh,BD,2015-01-01,2020-11-13,,25.6531486703085
Char Ruhita,BD20514330,,,,Lakshmipur Sadar,BD205143,Lakshmipur,BD2051,Chittagong,BD20,Bangladesh,BD,2015-01-01,2020-11-13,,27.7123595530483
Char Samaia,BD10091821,,,,Bhola Sadar,BD100918,Bhola,BD1009,Barisal,BD10,Bangladesh,BD,2015-01-01,2020-11-13,,15.1851341897561
Char Sherpur,BD45898840,,,,Sherpur Sadar,BD458988,Sherpur,BD4589,Mymensingh,BD45,Bangladesh,BD,2015-01-01,2020-11-13,,28.8650137353769
Char Shibpur,BD10091829,,,,Bhola Sadar,BD100918,Bhola,BD1009,Barisal,BD10,Bangladesh,BD,2015-01-01,2020-11-13,,10.890738016071
Char Sindur,BD30686315,,,,Palash,BD306863,Narsingdi,BD3068,Dhaka,BD30,Bangladesh,BD,2015-01-01,2020-11-13,,20.2434343418542
Char Subuddi,BD30686437,,,,Roypura,BD306864,Narsingdi,BD3068,Dhaka,BD30,Bangladesh,BD,2015-01-01,2020-11-13,,8.37814330256545
Char Tarapur,BD50765525,,,,Pabna Sadar,BD507655,Pabna,BD5076,Rajshahi,BD50,Bangladesh,BD,2015-01-01,2020-11-13,,30.7658966670642
Char Ujilaba,BD30680731,,,,Belabo,BD306807,Narsingdi,BD3068,Dhaka,BD30,Bangladesh,BD,2015-01-01,2020-11-13,,5.999724999205149
Char Wapda,BD20758537,,,,Subarnachar,BD207585,Noakhali,BD2075,Chittagong,BD20,Bangladesh,BD,2015-01-01,2020-11-13,,97.9415140034652
Charadi,BD10060713,,,,Bakerganj,BD100607,Barisal,BD1006,Barisal,BD10,Bangladesh,BD,2015-01-01,2020-11-13,,23.0918189895721
Charaikhola,BD55736412,,,,Nilphamari Sadar,BD557364,Nilphamari,BD5573,Rangpur,BD55,Bangladesh,BD,2015-01-01,2020-11-13,,23.4092562368066
Charamba,BD20154725,,,,Lohagara,BD201547,Chittagong,BD2015,Chittagong,BD20,Bangladesh,BD,2015-01-01,2020-11-13,,32.3410784442413
Charandwip,BD20151228,,,,Boalkhali,BD201512,Chittagong,BD2015,Chittagong,BD20,Bangladesh,BD,2015-01-01,2020-11-13,,4.64840962048149
Charati,BD20158229,,,,Satkania,BD201582,Chittagong,BD2015,Chittagong,BD20,Bangladesh,BD,2015-01-01,2020-11-13,,22.2630424470466
Charghat,BD50812539,,,,Charghat,BD508125,Rajshahi,BD5081,Rajshahi,BD50,Bangladesh,BD,2015-01-01,2020-11-13,,23.5063202402752
Charghat Paurashava,BD50812599,,,,Charghat,BD508125,Rajshahi,BD5081,Rajshahi,BD50,Bangladesh,BD,2015-01-01,2020-11-13,,21.6562318343358
Charigram,BD30568234,,,,Singair,BD305682,Manikganj,BD3056,Dhaka,BD30,Bangladesh,BD,2015-01-01,2020-11-13,,11.376129997277
Charikata,BD60915327,,,,Jaintiapur,BD609153,Sylhet,BD6091,Sylhet,BD60,Bangladesh,BD,2015-01-01,2020-11-13,,50.8031716730007
Charkatari,BD30561038,,,,Daulatpur,BD305610,Manikganj,BD3056,Dhaka,BD30,Bangladesh,BD,2015-01-01,2020-11-13,,22.9277420019645
Charkhai,BD60911725,,,,Beani Bazar,BD609117,Sylhet,BD6091,Sylhet,BD60,Bangladesh,BD,2015-01-01,2020-11-13,,36.7234815036884
Charmohalla Union,BD60902314,,,,Chhatak,BD609023,Sunamganj,BD6090,Sylhet,BD60,Bangladesh,BD,2015-01-01,2020-11-13,,29.7808661246812
Charnar Char,BD60902919,,,,Derai,BD609029,Sunamganj,BD6090,Sylhet,BD60,Bangladesh,BD,2015-01-01,2020-11-13,,44.6662636988057
Charol,BD55940852,,,,Baliadangi,BD559408,Thakurgaon,BD5594,Rangpur,BD55,Bangladesh,BD,2015-01-01,2020-11-13,,32.9286970049202
Charsai,BD20514325,,,,Lakshmipur Sadar,BD205143,Lakshmipur,BD2051,Chittagong,BD20,Bangladesh,BD,2015-01-01,2020-11-13,,18.0296096494664
Chashirhat,BD20758331,,,,Sonaimuri,BD207583,Noakhali,BD2075,Chittagong,BD20,Bangladesh,BD,2015-01-01,2020-11-13,,8.20765091977479
Chatalpar,BD20129029,,,,Nasirnagar,BD201290,Brahamanbaria,BD2012,Chittagong,BD20,Bangladesh,BD,2015-01-01,2020-11-13,,26.4850473528632
Chatari,BD20150466,,,,Anowara,BD201504,Chittagong,BD2015,Chittagong,BD20,Bangladesh,BD,2015-01-01,2020-11-13,,13.3077792712807
Chatkhil Paurashava,BD20751099,,,,Chatkhil,BD207510,Noakhali,BD2075,Chittagong,BD20,Bangladesh,BD,2015-01-01,2020-11-13,,16.0381916583489
Chatmohar Paurashava,BD50762299,,,,Chatmohar,BD507622,Pabna,BD5076,Rajshahi,BD50,Bangladesh,BD,2015-01-01,2020-11-13,,3.62446817982816
Chatra,BD55857641,,,,Pirganj,BD558576,Rangpur,BD5585,Rangpur,BD55,Bangladesh,BD,2015-01-01,2020-11-13,,34.7500804705809
Chatul,BD30291825,,,,Boalmari,BD302918,Faridpur,BD3029,Dhaka,BD30,Bangladesh,BD,2015-01-01,2020-11-13,,29.495593118594
Chauddagram,BD20193123,,,,Chauddagram,BD201931,Comilla,BD2019,Chittagong,BD20,Bangladesh,BD,2015-01-01,2020-11-13,,2.76200068653348
Chauddagram Paurashava,BD20193199,,,,Chauddagram,BD201931,Comilla,BD2019,Chittagong,BD20,Bangladesh,BD,2015-01-01,2020-11-13,,11.6138126933156
Chauddasata,BD30484925,,,,Kishoreganj Sadar,BD304849,Kishoreganj,BD3048,Dhaka,BD30,Bangladesh,BD,2015-01-01,2020-11-13,,26.3305093564805
Chaufaldandi,BD20222422,,,,Cox's Bazar Sadar,BD202224,Cox's Bazar,BD2022,Chittagong,BD20,Bangladesh,BD,2015-01-01,2020-11-13,,15.372268748325
Chaugachha,BD40411114,,,,Chaugachha,BD404111,Jessore,BD4041,Khulna,BD40,Bangladesh,BD,2015-01-01,2020-11-13,,16.4508214866594
Chaugachha Paurashava,BD40411199,,,,Chaugachha,BD404111,Jessore,BD4041,Khulna,BD40,Bangladesh,BD,2015-01-01,2020-11-13,,12.121285974782
Chauganga,BD30483326,,,,Itna,BD304833,Kishoreganj,BD3048,Dhaka,BD30,Bangladesh,BD,2015-01-01,2020-11-13,,11.4605433453878
Chaugram,BD50699123,,,,Singra,BD506991,Natore,BD5069,Rajshahi,BD50,Bangladesh,BD,2015-01-01,2020-11-13,,45.0271382555944
Chauhat,BD30261429,,,,Dhamrai,BD302614,Dhaka,BD3026,Dhaka,BD30,Bangladesh,BD,2015-01-01,2020-11-13,,20.750498071272
Chaukibari,BD50102719,,,,Dhunat,BD501027,Bogra,BD5010,Rajshahi,BD50,Bangladesh,BD,2015-01-01,2020-11-13,,29.6511462961107
Chaulia,BD40555727,,,,Magura Sadar,BD405557,Magura,BD4055,Khulna,BD40,Bangladesh,BD,2015-01-01,2020-11-13,,26.386300962696
Chaumohani Paurashava,BD20750799,,,,Begumganj,BD207507,Noakhali,BD2075,Chittagong,BD20,Bangladesh,BD,2015-01-01,2020-11-13,,10.8256550354471
Chehelgazi,BD55276425,,,,Dinajpur Sadar,BD552764,Dinajpur,BD5527,Rangpur,BD55,Bangladesh,BD,2015-01-01,2020-11-13,,41.8490071242177
Chenchri Rampur,BD10424347,,,,Kanthalia,BD104243,Jhalokati,BD1042,Barisal,BD10,Bangladesh,BD,2015-01-01,2020-11-13,,35.3435154741035
Chengi,BD20467719,,,,Panchhari,BD204677,Khagrachhari,BD2046,Chittagong,BD20,Bangladesh,BD,2015-01-01,2020-11-13,,70.4422780277148
Chengmari,BD55855843,,,,Mitha Pukur,BD558558,Rangpur,BD5585,Rangpur,BD55,Bangladesh,BD,2015-01-01,2020-11-13,,30.5558036280181
Cheora,BD20193119,,,,Chauddagram,BD201931,Comilla,BD2019,Chittagong,BD20,Bangladesh,BD,2015-01-01,2020-11-13,,23.4396293869616
Cheragpur,BD50645028,,,,Mahadebpur,BD506450,Naogaon,BD5064,Rajshahi,BD50,Bangladesh,BD,2015-01-01,2020-11-13,,41.4809772088674
Chhagalnaiya Paurashava,BD20301499,,,,Chhagalnaiya,BD203014,Feni,BD2030,Chittagong,BD20,Bangladesh,BD,2015-01-01,2020-11-13,,23.2173964611021
Chhaikhola,BD50762211,,,,Chatmohar,BD507622,Pabna,BD5076,Rajshahi,BD50,Bangladesh,BD,2015-01-01,2020-11-13,,26.3114674967185
Chhaliakandi,BD20198131,,,,Muradnagar,BD201981,Comilla,BD2019,Chittagong,BD20,Bangladesh,BD,2015-01-01,2020-11-13,,11.1616854781003
Chhangachha,BD50887894,,,,Sirajganj Sadar,BD508878,Sirajganj,BD5088,Rajshahi,BD50,Bangladesh,BD,2015-01-01,2020-11-13,,26.212022545491
Chhanua,BD20150825,,,,Banshkhali,BD201508,Chittagong,BD2015,Chittagong,BD20,Bangladesh,BD,2015-01-01,2020-11-13,,20.85466863302
Chhaola,BD55857319,,,,Pirgachha,BD558573,Rangpur,BD5585,Rangpur,BD55,Bangladesh,BD,2015-01-01,2020-11-13,,37.1167866747148
Chhaor,BD50647915,,,,Porsha,BD506479,Naogaon,BD5064,Rajshahi,BD50,Bangladesh,BD,2015-01-01,2020-11-13,,44.0659888296047
Chhaparhati,BD55329125,,,,Sundarganj,BD553291,Gaibandha,BD5532,Rangpur,BD55,Bangladesh,BD,2015-01-01,2020-11-13,,26.6757386362775
Chhatail,BD55272127,,,,Bochaganj,BD552721,Dinajpur,BD5527,Rangpur,BD55,Bangladesh,BD,2015-01-01,2020-11-13,,39.2677370697804
Chhatak,BD60902313,,,,Chhatak,BD609023,Sunamganj,BD6090,Sylhet,BD60,Bangladesh,BD,2015-01-01,2020-11-13,,14.0353873804976
Chhatak Paurashava,BD60902399,,,,Chhatak,BD609023,Sunamganj,BD6090,Sylhet,BD60,Bangladesh,BD,2015-01-01,2020-11-13,,5.16316443956166
Chhatar Dighi,BD50699115,,,,Singra,BD506991,Natore,BD5069,Rajshahi,BD50,Bangladesh,BD,2015-01-01,2020-11-13,,40.987940096783
Chhatarpaia,BD20758028,,,,Senbagh,BD207580,Noakhali,BD2075,Chittagong,BD20,Bangladesh,BD,2015-01-01,2020-11-13,,19.4429358251307
Chhatiain,BD60367143,,,,Madhabpur,BD603671,Habiganj,BD6036,Sylhet,BD60,Bangladesh,BD,2015-01-01,2020-11-13,,20.2035876365477
Chhatian,BD40509436,,,,Mirpur,BD405094,Kushtia,BD4050,Khulna,BD40,Bangladesh,BD,2015-01-01,2020-11-13,,25.4585514873293
Chhatiangram,BD50100640,,,,Adamdighi,BD501006,Bogra,BD5010,Rajshahi,BD50,Bangladesh,BD,2015-01-01,2020-11-13,,28.3117018472742
Chhatir Char,BD30487623,,,,Nikli,BD304876,Kishoreganj,BD3048,Dhaka,BD30,Bangladesh,BD,2015-01-01,2020-11-13,,5.677668131295381
Chhatni,BD50696329,,,,Natore Sadar,BD506963,Natore,BD5069,Rajshahi,BD50,Bangladesh,BD,2015-01-01,2020-11-13,,35.43052257507
Chhayani,BD20750728,,,,Begumganj,BD207507,Noakhali,BD2075,Chittagong,BD20,Bangladesh,BD,2015-01-01,2020-11-13,,20.6099207093649
Chhaygaon,BD30861425,,,,Bhedarganj,BD308614,Shariatpur,BD3086,Dhaka,BD30,Bangladesh,BD,2015-01-01,2020-11-13,,14.9109541332281
Chhaysuti,BD30485411,,,,Kuliar Char,BD304854,Kishoreganj,BD3048,Dhaka,BD30,Bangladesh,BD,2015-01-01,2020-11-13,,20.661545681511
Chhibatali,BD20153711,,,,Hathazari,BD201537,Chittagong,BD2015,Chittagong,BD20,Bangladesh,BD,2015-01-01,2020-11-13,,4.59734459583471
Chhinai,BD55497731,,,,Rajarhat,BD554977,Kurigram,BD5549,Rangpur,BD55,Bangladesh,BD,2015-01-01,2020-11-13,,24.7694843763569
Chhiram,BD45720947,,,,Barhatta,BD457209,Netrakona,BD4572,Mymensingh,BD45,Bangladesh,BD,2015-01-01,2020-11-13,,28.7481147773578
Chhota Bagi,BD10040943,,,,Amtali,BD100409,Barguna,BD1004,Barisal,BD10,Bangladesh,BD,2015-01-01,2020-11-13,,27.748519163018
Chhota Baisdia,BD10785744,,,,Galachipa,BD107857,Patuakhali,BD1078,Barisal,BD10,Bangladesh,BD,2015-01-01,2020-11-13,,69.9304824528455
Chhota Bhakla,BD30822919,,,,Goalandaghat,BD308229,Rajbari,BD3082,Dhaka,BD30,Bangladesh,BD,2015-01-01,2020-11-13,,9.441055260690279
Chhota Bighai,BD10789513,,,,Patuakhali Sadar,BD107895,Patuakhali,BD1078,Barisal,BD10,Bangladesh,BD,2015-01-01,2020-11-13,,29.7736770242818
Chhotamohes Khali,BD20224918,,,,Maheshkhali,BD202249,Cox's Bazar,BD2022,Chittagong,BD20,Bangladesh,BD,2015-01-01,2020-11-13,,10.1514284075314
Chikajani,BD45391536,,,,Dewanganj,BD453915,Jamalpur,BD4539,Mymensingh,BD45,Bangladesh,BD,2015-01-01,2020-11-13,,34.665675502125
Chikandandi,BD20153717,,,,Hathazari,BD201537,Chittagong,BD2015,Chittagong,BD20,Bangladesh,BD,2015-01-01,2020-11-13,,10.6737455898855
Chikandi,BD30866938,,,,Shariatpur Sadar,BD308669,Shariatpur,BD3086,Dhaka,BD30,Bangladesh,BD,2015-01-01,2020-11-13,,15.0404819448925
Chikashi,BD50102728,,,,Dhunat,BD501027,Bogra,BD5010,Rajshahi,BD50,Bangladesh,BD,2015-01-01,2020-11-13,,26.3694934476586
Chikdair,BD20157418,,,,Raozan,BD201574,Chittagong,BD2015,Chittagong,BD20,Bangladesh,BD,2015-01-01,2020-11-13,,8.57409203620608
Chiknagul,BD60915329,,,,Jaintiapur,BD609153,Sylhet,BD6091,Sylhet,BD60,Bangladesh,BD,2015-01-01,2020-11-13,,33.3561457334173
Chiknikandi,BD10785750,,,,Galachipa,BD107857,Patuakhali,BD1078,Barisal,BD10,Bangladesh,BD,2015-01-01,2020-11-13,,24.1426143127198
Chila,BD40015829,,,,Mongla,BD400158,Bagerhat,BD4001,Khulna,BD40,Bangladesh,BD,2015-01-01,2020-11-13,,29.6761413031371
Chilahati,BD55773419,,,,Debiganj,BD557734,Panchagarh,BD5577,Rangpur,BD55,Bangladesh,BD,2015-01-01,2020-11-13,,48.7265223251651
Chilar Char,BD30545411,,,,Madaripur Sadar,BD305454,Madaripur,BD3054,Dhaka,BD30,Bangladesh,BD,2015-01-01,2020-11-13,,22.5912488493972
Chilarang,BD55949431,,,,Thakurgaon Sadar,BD559494,Thakurgaon,BD5594,Rangpur,BD55,Bangladesh,BD,2015-01-01,2020-11-13,,34.5252716643509
Chilmari,BD40503927,,,,Daulatpur,BD405039,Kushtia,BD4050,Khulna,BD40,Bangladesh,BD,2015-01-01,2020-11-13,,55.9056048914391
Chilmari,BD55490923,,,,Chilmari,BD554909,Kurigram,BD5549,Rangpur,BD55,Bangladesh,BD,2015-01-01,2020-11-13,,26.7601928065134
Chinadulli,BD45392931,,,,Islampur,BD453929,Jamalpur,BD4539,Mymensingh,BD45,Bangladesh,BD,2015-01-01,2020-11-13,,24.1806797639985
Chingrakhali,BD40016029,,,,Morrelganj,BD400160,Bagerhat,BD4001,Khulna,BD40,Bangladesh,BD,2015-01-01,2020-11-13,,22.3603737491051
Chinishpur,BD30686025,,,,Narsingdi Sadar,BD306860,Narsingdi,BD3068,Dhaka,BD30,Bangladesh,BD,2015-01-01,2020-11-13,,6.93487809288201
Chira Para Parsaturia,BD10794731,,,,Kawkhali,BD107947,Pirojpur,BD1079,Barisal,BD10,Bangladesh,BD,2015-01-01,2020-11-13,,16.0346915146383
Chirang,BD45724720,,,,Kendua,BD457247,Netrakona,BD4572,Mymensingh,BD45,Bangladesh,BD,2015-01-01,2020-11-13,,20.8891579253281
Chiringa,BD20221627,,,,Chakaria,BD202216,Cox's Bazar,BD2022,Chittagong,BD20,Bangladesh,BD,2015-01-01,2020-11-13,,48.25554934588629
Chitadda,BD20190950,,,,Barura,BD201909,Comilla,BD2019,Chittagong,BD20,Bangladesh,BD,2015-01-01,2020-11-13,,13.2531256438512
Chitalia,BD30866947,,,,Shariatpur Sadar,BD308669,Shariatpur,BD3086,Dhaka,BD30,Bangladesh,BD,2015-01-01,2020-11-13,,12.2951313119338
Chitalmari,BD40011431,,,,Chitalmari,BD400114,Bagerhat,BD4001,Khulna,BD40,Bangladesh,BD,2015-01-01,2020-11-13,,52.8905171674639
Chithalia,BD20305123,,,,Parshuram,BD203051,Feni,BD2030,Chittagong,BD20,Bangladesh,BD,2015-01-01,2020-11-13,,25.1461823007987
Chithla,BD40180727,,,,Alamdanga,BD401807,Chuadanga,BD4018,Khulna,BD40,Bangladesh,BD,2015-01-01,2020-11-13,,27.4220773122332
Chithulia,BD40509443,,,,Mirpur,BD405094,Kushtia,BD4050,Khulna,BD40,Bangladesh,BD,2015-01-01,2020-11-13,,32.2579303230208
Chitmaram,BD20843638,,,,Kaptai,BD208436,Rangamati,BD2084,Chittagong,BD20,Bangladesh,BD,2015-01-01,2020-11-13,,78.5514760260138
Chitrakot,BD30597427,,,,Serajdikhan,BD305974,Munshiganj,BD3059,Dhaka,BD30,Bangladesh,BD,2015-01-01,2020-11-13,,15.6561711609057
Chokhyong,BD20030463,,,,Alikadam,BD200304,Bandarban,BD2003,Chittagong,BD20,Bangladesh,BD,2015-01-01,2020-11-13,,610.7187529533351
Chopinagar,BD50108519,,,,Shajahanpur,BD501085,Bogra,BD5010,Rajshahi,BD50,Bangladesh,BD,2015-01-01,2020-11-13,,16.6724500022111
Chouara,BD20193339,,,,Comilla Sadar Dakshin,BD201933,Comilla,BD2019,Chittagong,BD20,Bangladesh,BD,2015-01-01,2020-11-13,,11.0350765734418
Chowdala,BD50703742,,,,Gomastapur,BD507037,Nawabganj,BD5070,Rajshahi,BD50,Bangladesh,BD,2015-01-01,2020-11-13,,18.668443811976
Chowmohani,BD60367151,,,,Madhabpur,BD603671,Habiganj,BD6036,Sylhet,BD60,Bangladesh,BD,2015-01-01,2020-11-13,,32.4996614553567
Chowra,BD10040947,,,,Amtali,BD100409,Barguna,BD1004,Barisal,BD10,Bangladesh,BD,2015-01-01,2020-11-13,,32.3405042124621
Chuadanga Paurashava,BD40182399,,,,Chuadanga Sadar,BD401823,Chuadanga,BD4018,Khulna,BD40,Bangladesh,BD,2015-01-01,2020-11-13,,35.9292034757996
Chukaibari,BD45391543,,,,Dewanganj,BD453915,Jamalpur,BD4539,Mymensingh,BD45,Bangladesh,BD,2015-01-01,2020-11-13,,28.4223076253057
Chumordi,BD30291025,,,,Bhanga,BD302910,Faridpur,BD3029,Dhaka,BD30,Bangladesh,BD,2015-01-01,2020-11-13,,9.34097353927252
Chunarughat,BD60362619,,,,Chunarughat,BD603626,Habiganj,BD6036,Sylhet,BD60,Bangladesh,BD,2015-01-01,2020-11-13,,15.9911674200239
Chunarughat Paurashava,BD60362699,,,,Chunarughat,BD603626,Habiganj,BD6036,Sylhet,BD60,Bangladesh,BD,2015-01-01,2020-11-13,,3.64927147802772
Chunati,BD20154732,,,,Lohagara,BD201547,Chittagong,BD2015,Chittagong,BD20,Bangladesh,BD,2015-01-01,2020-11-13,,54.4718581521854
Chunkhola,BD40015628,,,,Mollahat,BD400156,Bagerhat,BD4001,Khulna,BD40,Bangladesh,BD,2015-01-01,2020-11-13,,20.5296028056601
Chunta,BD20129419,,,,Sarail,BD201294,Brahamanbaria,BD2012,Chittagong,BD20,Bangladesh,BD,2015-01-01,2020-11-13,,26.3988028942736
Churain,BD30266240,,,,Nawabganj,BD302662,Dhaka,BD3026,Dhaka,BD30,Bangladesh,BD,2015-01-01,2020-11-13,,21.2178355248042
Churamankati,BD40414729,,,,Kotwali,BD404147,Jessore,BD4041,Khulna,BD40,Bangladesh,BD,2015-01-01,2020-11-13,,32.6024552829747
Comilla Dakshin Paurashava,BD20193399,,,,Comilla Sadar Dakshin,BD201933,Comilla,BD2019,Chittagong,BD20,Bangladesh,BD,2015-01-01,2020-11-13,,30.8836278422127
Comilla Paurashava,BD20196799,,,,Comilla Adarsha Sadar,BD201967,Comilla,BD2019,Chittagong,BD20,Bangladesh,BD,2015-01-01,2020-11-13,,12.7319108501769
Cox's Bazar Paurashava,BD20222499,Coxs Bazar Paurashava,,,Cox's Bazar Sadar,BD202224,Cox's Bazar,BD2022,Chittagong,BD20,Bangladesh,BD,2015-01-01,2020-11-13,,4.50348618693474
Dabar,BD55275615,,,,Kaharole,BD552756,Dinajpur,BD5527,Rangpur,BD55,Bangladesh,BD,2015-01-01,2020-11-13,,34.0844787654381
Dabua,BD20157425,,,,Raozan,BD201574,Chittagong,BD2015,Chittagong,BD20,Bangladesh,BD,2015-01-01,2020-11-13,,21.7956161765047
Dacope,BD40471742,,,,Dacope,BD404717,Khulna,BD4047,Khulna,BD40,Bangladesh,BD,2015-01-01,2020-11-13,,16.1811845702961
Dadpur,BD20758745,,,,Noakhali Sadar (Sudharam),BD207587,Noakhali,BD2075,Chittagong,BD20,Bangladesh,BD,2015-01-01,2020-11-13,,13.545526966382
Dadpur,BD30291830,,,,Boalmari,BD302918,Faridpur,BD3029,Dhaka,BD30,Bangladesh,BD,2015-01-01,2020-11-13,,28.1655174348855
Dadshi,BD30827636,,,,Rajbari Sadar,BD308276,Rajbari,BD3082,Dhaka,BD30,Bangladesh,BD,2015-01-01,2020-11-13,,16.5306034385686
Daganbhuiyan,BD20302512,,,,Daganbhuiyan,BD203025,Feni,BD2030,Chittagong,BD20,Bangladesh,BD,2015-01-01,2020-11-13,,14.2328664025589
Daganbhuiyan Paurashava,BD20302599,,,,Daganbhuiyan,BD203025,Feni,BD2030,Chittagong,BD20,Bangladesh,BD,2015-01-01,2020-11-13,,5.66867349357056
Dahabanda,BD55329131,,,,Sundarganj,BD553291,Gaibandha,BD5532,Rangpur,BD55,Bangladesh,BD,2015-01-01,2020-11-13,,7.57486822689713
Dahagram,BD55527019,,,,Patgram,BD555270,Lalmonirhat,BD5552,Rangpur,BD55,Bangladesh,BD,2015-01-01,2020-11-13,,19.0209031455489
Dahia,BD50699131,,,,Singra,BD506991,Natore,BD5069,Rajshahi,BD50,Bangladesh,BD,2015-01-01,2020-11-13,,77.9083943774691
Daibagnyahati,BD40016035,,,,Morrelganj,BD400160,Bagerhat,BD4001,Khulna,BD40,Bangladesh,BD,2015-01-01,2020-11-13,,20.7202669736159
Daihari,BD10798728,,,,Nesarabad (Swarupkati),BD107987,Pirojpur,BD1079,Barisal,BD10,Bangladesh,BD,2015-01-01,2020-11-13,,15.9461794056778
Daipukuria,BD50708817,,,,Shibganj,BD507088,Nawabganj,BD5070,Rajshahi,BD50,Bangladesh,BD,2015-01-01,2020-11-13,,42.9015055005069
Dakatia,BD45611334,,,,Bhaluka,BD456113,Mymensingh,BD4561,Mymensingh,BD45,Bangladesh,BD,2015-01-01,2020-11-13,,65.045120201144
Dakhin D.bhurshi,BD20156191,,,,Patiya,BD201561,Chittagong,BD2015,Chittagong,BD20,Bangladesh,BD,2015-01-01,2020-11-13,,4.97442768398675
Dakhsin Nayergaon,BD20137682,,,,Matlab Dakshin,BD201376,Chandpur,BD2013,Chittagong,BD20,Bangladesh,BD,2015-01-01,2020-11-13,,14.9357050934487
Dakshin  Sukhairrajapur,BD60903221,,,,Dharampasha,BD609032,Sunamganj,BD6090,Sylhet,BD60,Bangladesh,BD,2015-01-01,2020-11-13,,52.4591261213915
Dakshin Akhaura,BD20120219,,,,Akhaura,BD201202,Brahamanbaria,BD2012,Chittagong,BD20,Bangladesh,BD,2015-01-01,2020-11-13,,13.2488450854449
Dakshin Algi Durgapur,BD20134723,,,,Haim Char,BD201347,Chandpur,BD2013,Chittagong,BD20,Bangladesh,BD,2015-01-01,2020-11-13,,17.2588947288511
Dakshin Badaghat,BD60901817,,,,Bishwambarpur,BD609018,Sunamganj,BD6090,Sylhet,BD60,Bangladesh,BD,2015-01-01,2020-11-13,,35.2980324018135
Dakshin Badal,BD60909243,,,,Tahirpur,BD609092,Sunamganj,BD6090,Sylhet,BD60,Bangladesh,BD,2015-01-01,2020-11-13,,17.3784011708887
Dakshin Banchharampur,BD20120414,,,,Banchharampur,BD201204,Brahamanbaria,BD2012,Chittagong,BD20,Bangladesh,BD,2015-01-01,2020-11-13,,13.1501880261658
Dakshin Banigram,BD60915919,,,,Kanaighat,BD609159,Sylhet,BD6091,Sylhet,BD60,Bangladesh,BD,2015-01-01,2020-11-13,,35.8349845042533
Dakshin Bedkashi,BD40475322,,,,Koyra,BD404753,Khulna,BD4047,Khulna,BD40,Bangladesh,BD,2015-01-01,2020-11-13,,24.9408011487456
Dakshin Bishiura,BD45727423,,,,Netrokona Sadar,BD457274,Netrakona,BD4572,Mymensingh,BD45,Bangladesh,BD,2015-01-01,2020-11-13,,21.7211743882266
Dakshin Bongshikunda,BD60903235,,,,Dharampasha,BD609032,Sunamganj,BD6090,Sylhet,BD60,Bangladesh,BD,2015-01-01,2020-11-13,,75.3532899535437
Dakshin Dakshinbhagh,BD60581431,,,,Barlekha,BD605814,Maulvibazar,BD6058,Sylhet,BD60,Bangladesh,BD,2015-01-01,2020-11-13,,35.4610719567658
Dakshin Dhamti,BD20194041,,,,Debidwar,BD201940,Comilla,BD2019,Chittagong,BD20,Bangladesh,BD,2015-01-01,2020-11-13,,15.3902677121892
Dakshin Dhurung,BD20224540,,,,Kutubdia,BD202245,Cox's Bazar,BD2022,Chittagong,BD20,Bangladesh,BD,2015-01-01,2020-11-13,,9.08640860805112
Dakshin Dighaldi,BD10091880,,,,Bhola Sadar,BD100918,Bhola,BD1009,Barisal,BD10,Bangladesh,BD,2015-01-01,2020-11-13,,18.7617802189667
Dakshin Dowarabazar,BD60903327,,,,Dowarabazar,BD609033,Sunamganj,BD6090,Sylhet,BD60,Bangladesh,BD,2015-01-01,2020-11-13,,38.1405389906835
Dakshin Durgapur,BD20196751,,,,Comilla Adarsha Sadar,BD201967,Comilla,BD2019,Chittagong,BD20,Bangladesh,BD,2015-01-01,2020-11-13,,7.49018363113569
Dakshin Elliotganj,BD20193634,,,,Daudkandi,BD201936,Comilla,BD2019,Chittagong,BD20,Bangladesh,BD,2015-01-01,2020-11-13,,13.3949328417642
Dakshin Faridganj,BD20134535,,,,Faridganj,BD201345,Chandpur,BD2013,Chittagong,BD20,Bangladesh,BD,2015-01-01,2020-11-13,,17.8042347702565
Dakshin Gandharbapur,BD20134930,,,,Hajiganj,BD201349,Chandpur,BD2013,Chittagong,BD20,Bangladesh,BD,2015-01-01,2020-11-13,,15.8872085634723
Dakshin Gobindapur,BD20134547,,,,Faridganj,BD201345,Chandpur,BD2013,Chittagong,BD20,Bangladesh,BD,2015-01-01,2020-11-13,,14.2907273873381
Dakshin Gohat,BD20135831,,,,Kachua,BD201358,Chandpur,BD2013,Chittagong,BD20,Bangladesh,BD,2015-01-01,2020-11-13,,12.1931887122402
Dakshin Gunaighar,BD20194059,,,,Debidwar,BD201940,Comilla,BD2019,Chittagong,BD20,Bangladesh,BD,2015-01-01,2020-11-13,,13.7694878187252
Dakshin Hamchadi,BD20514390,,,,Lakshmipur Sadar,BD205143,Lakshmipur,BD2051,Chittagong,BD20,Bangladesh,BD,2015-01-01,2020-11-13,,15.1596187700816
Dakshin Islampur,BD60902347,,,,Chhatak,BD609023,Sunamganj,BD6090,Sylhet,BD60,Bangladesh,BD,2015-01-01,2020-11-13,,41.424271504446
Dakshin Jhalam,BD20197445,,,,Manoharganj,BD201974,Comilla,BD2019,Chittagong,BD20,Bangladesh,BD,2015-01-01,2020-11-13,,13.0361824185828
Dakshin Joynagar,BD10092985,,,,Daulatkhan,BD100929,Bhola,BD1009,Barisal,BD10,Bangladesh,BD,2015-01-01,2020-11-13,,14.7451958267981
Dakshin Kachua,BD20135847,,,,Kachua,BD201358,Chandpur,BD2013,Chittagong,BD20,Bangladesh,BD,2015-01-01,2020-11-13,,10.9384760192058
Dakshin Kalocho,BD20134955,,,,Hajiganj,BD201349,Chandpur,BD2013,Chittagong,BD20,Bangladesh,BD,2015-01-01,2020-11-13,,15.6386990785201
Dakshin Khali Union,BD40017776,,,,Sarankhola,BD400177,Bagerhat,BD4001,Khulna,BD40,Bangladesh,BD,2015-01-01,2020-11-13,,36.9146944825598
Dakshin Khosbas,BD20190969,,,,Barura,BD201909,Comilla,BD2019,Chittagong,BD20,Bangladesh,BD,2015-01-01,2020-11-13,,14.4189620670354
Dakshin Khurma,BD60902342,,,,Chhatak,BD609023,Sunamganj,BD6090,Sylhet,BD60,Bangladesh,BD,2015-01-01,2020-11-13,,33.16654778345031
Dakshin Madarsha,BD20153723,,,,Hathazari,BD201537,Chittagong,BD2015,Chittagong,BD20,Bangladesh,BD,2015-01-01,2020-11-13,,9.718500682523269
Dakshin Maij Para,BD45611631,,,,Dhobaura,BD456116,Mymensingh,BD4561,Mymensingh,BD45,Bangladesh,BD,2015-01-01,2020-11-13,,45.624407640722
Dakshin Meher,BD20139565,,,,Shahrasti,BD201395,Chandpur,BD2013,Chittagong,BD20,Bangladesh,BD,2015-01-01,2020-11-13,,17.8478751389724
Dakshin Mithachhari,BD20226685,,,,Ramu,BD202266,Cox's Bazar,BD2022,Chittagong,BD20,Bangladesh,BD,2015-01-01,2020-11-13,,43.0744449789968
Dakshin Natai,BD20121348,,,,Brahmanbaria Sadar,BD201213,Brahamanbaria,BD2012,Chittagong,BD20,Bangladesh,BD,2015-01-01,2020-11-13,,12.4825914373873
Dakshin Paik Para,BD20134571,,,,Faridganj,BD201345,Chandpur,BD2013,Chittagong,BD20,Bangladesh,BD,2015-01-01,2020-11-13,,11.9619003667112
Dakshin Paschim Baniyachang,BD60361125,,,,Baniachong,BD603611,Habiganj,BD6036,Sylhet,BD60,Bangladesh,BD,2015-01-01,2020-11-13,,19.0143645304697
Dakshin Purba Baniyachang,BD60361118,,,,Baniachong,BD603611,Habiganj,BD6036,Sylhet,BD60,Bangladesh,BD,2015-01-01,2020-11-13,,16.948746819981
Dakshin Ramchandrapur,BD20198190,,,,Muradnagar,BD201981,Comilla,BD2019,Chittagong,BD20,Bangladesh,BD,2015-01-01,2020-11-13,,12.2997079274499
Dakshin Roysree,BD20139582,,,,Shahrasti,BD201395,Chandpur,BD2013,Chittagong,BD20,Bangladesh,BD,2015-01-01,2020-11-13,,15.2649402396526
Dakshin Rupsa,BD20134583,,,,Faridganj,BD201345,Chandpur,BD2013,Chittagong,BD20,Bangladesh,BD,2015-01-01,2020-11-13,,11.5940106921277
Dakshin Sakuchia,BD10096521,,,,Manpura,BD100965,Bhola,BD1009,Barisal,BD10,Bangladesh,BD,2015-01-01,2020-11-13,,51.433520551695
Dakshin Shahabajpur,BD60581429,,,,Barlekha,BD605814,Maulvibazar,BD6058,Sylhet,BD60,Bangladesh,BD,2015-01-01,2020-11-13,,61.7820207628861
Dakshin Shilmuri,BD20190994,,,,Barura,BD201909,Comilla,BD2019,Chittagong,BD20,Bangladesh,BD,2015-01-01,2020-11-13,,16.7418283123634
Dakshin Shuhilpur,BD20121350,,,,Brahmanbaria Sadar,BD201213,Brahamanbaria,BD2012,Chittagong,BD20,Bangladesh,BD,2015-01-01,2020-11-13,,23.8935361048541
Dakshin Singerbil,BD20120752,,,,Bijoynagar,BD201207,Brahamanbaria,BD2012,Chittagong,BD20,Bangladesh,BD,2015-01-01,2020-11-13,,13.5932916148661
Dakshin Sreepur,BD40874731,,,,Kaliganj,BD408747,Satkhira,BD4087,Khulna,BD40,Bangladesh,BD,2015-01-01,2020-11-13,,18.9376336247977
Dakshin Sreepur,BD60909233,,,,Tahirpur,BD609092,Sunamganj,BD6090,Sylhet,BD60,Bangladesh,BD,2015-01-01,2020-11-13,,82.1283636384189
Dakshin Suchi Para,BD20139590,,,,Shahrasti,BD201395,Chandpur,BD2013,Chittagong,BD20,Bangladesh,BD,2015-01-01,2020-11-13,,18.8176943755192
Dakshin Upadi,BD20137686,,,,Matlab Dakshin,BD201376,Chandpur,BD2013,Chittagong,BD20,Bangladesh,BD,2015-01-01,2020-11-13,,15.5771430331648
Dakshingaon (Part),BD30263660,,,,Khilgaon,BD302636,Dhaka,BD3026,Dhaka,BD30,Bangladesh,BD,2015-01-01,2020-11-13,,3.54769630920718
Dakshingaon (Part),BD30266860,,,,Sabujbagh,BD302668,Dhaka,BD3026,Dhaka,BD30,Bangladesh,BD,2015-01-01,2020-11-13,,2.06516207004966
Dakshinkhan (part),BD30260638,,,,Biman Bandar,BD302606,Dhaka,BD3026,Dhaka,BD30,Bangladesh,BD,2015-01-01,2020-11-13,,2.37689022527131
Dakshinkhan (part),BD30263738,,,,Khilkhet,BD302637,Dhaka,BD3026,Dhaka,BD30,Bangladesh,BD,2015-01-01,2020-11-13,,6.22015693365532
Dakshinkhan (Part),BD30261038,,,,Dakshinkhan,BD302610,Dhaka,BD3026,Dhaka,BD30,Bangladesh,BD,2015-01-01,2020-11-13,,8.02510166819612
Dakshinpara Union,BD50104017,,,,Gabtali,BD501040,Bogra,BD5010,Rajshahi,BD50,Bangladesh,BD,2015-01-01,2020-11-13,,17.2916756081601
Dakua,BD10785755,,,,Galachipa,BD107857,Patuakhali,BD1078,Barisal,BD10,Bangladesh,BD,2015-01-01,2020-11-13,,32.8169782114396
Dalagram,BD55523935,,,,Kaliganj,BD555239,Lalmonirhat,BD5552,Rangpur,BD55,Bangladesh,BD,2015-01-01,2020-11-13,,26.9343788231725
Dalal Bazar,BD20514335,,,,Lakshmipur Sadar,BD205143,Lakshmipur,BD2051,Chittagong,BD20,Bangladesh,BD,2015-01-01,2020-11-13,,15.5010876498519
Dalbuganj,BD10786615,,,,Kala Para,BD107866,Patuakhali,BD1078,Barisal,BD10,Bangladesh,BD,2015-01-01,2020-11-13,,24.720651787841
Daldali,BD50701837,,,,Bholahat,BD507018,Nawabganj,BD5070,Rajshahi,BD50,Bangladesh,BD,2015-01-01,2020-11-13,,32.4908533153948
Daldalia,BD55499433,,,,Ulipur,BD554994,Kurigram,BD5549,Rangpur,BD55,Bangladesh,BD,2015-01-01,2020-11-13,,22.4415914115968
Dalpa,BD45724727,,,,Kendua,BD457247,Netrakona,BD4572,Mymensingh,BD45,Bangladesh,BD,2015-01-01,2020-11-13,,20.9794787294002
Damiha,BD30489213,,,,Tarail,BD304892,Kishoreganj,BD3048,Dhaka,BD30,Bangladesh,BD,2015-01-01,2020-11-13,,25.9434712589769
Damkur,BD50817235,,,,Paba,BD508172,Rajshahi,BD5081,Rajshahi,BD50,Bangladesh,BD,2015-01-01,2020-11-13,,17.2579177812074
Damodar,BD40476938,,,,Phultala,BD404769,Khulna,BD4047,Khulna,BD40,Bangladesh,BD,2015-01-01,2020-11-13,,21.1712639912401
Damodarpur,BD55328225,,,,Sadullapur,BD553282,Gaibandha,BD5532,Rangpur,BD55,Bangladesh,BD,2015-01-01,2020-11-13,,26.3065792447385
Damodarpur,BD55850325,,,,Badarganj,BD558503,Rangpur,BD5585,Rangpur,BD55,Bangladesh,BD,2015-01-01,2020-11-13,,34.583109405166
Dampara,BD30487627,,,,Nikli,BD304876,Kishoreganj,BD3048,Dhaka,BD30,Bangladesh,BD,2015-01-01,2020-11-13,,27.3422673898164
Damudya Paurashava,BD30862599,,,,Damudya,BD308625,Shariatpur,BD3086,Dhaka,BD30,Bangladesh,BD,2015-01-01,2020-11-13,,7.257180756226919
Damurhuda,BD40183111,,,,Damurhuda,BD401831,Chuadanga,BD4018,Khulna,BD40,Bangladesh,BD,2015-01-01,2020-11-13,,36.244012930173
Dana Patali,BD30484934,,,,Kishoreganj Sadar,BD304849,Kishoreganj,BD3048,Dhaka,BD30,Bangladesh,BD,2015-01-01,2020-11-13,,11.1754934389152
Dandapal,BD55773428,,,,Debiganj,BD557734,Panchagarh,BD5577,Rangpur,BD55,Bangladesh,BD,2015-01-01,2020-11-13,,25.3259152948719
Danga,BD30686331,,,,Palash,BD306863,Narsingdi,BD3068,Dhaka,BD30,Bangladesh,BD,2015-01-01,2020-11-13,,17.1764251770134
Dangdhara,BD45391551,,,,Dewanganj,BD453915,Jamalpur,BD4539,Mymensingh,BD45,Bangladesh,BD,2015-01-01,2020-11-13,,34.46916332043831
Dangi,BD30296227,,,,Nagarkanda,BD302962,Faridpur,BD3029,Dhaka,BD30,Bangladesh,BD,2015-01-01,2020-11-13,,24.4833873739541
Dangi Para,BD55945154,,,,Haripur,BD559451,Thakurgaon,BD5594,Rangpur,BD55,Bangladesh,BD,2015-01-01,2020-11-13,,29.8856756317385
Dantbhanga,BD55497923,,,,Raumari,BD554979,Kurigram,BD5549,Rangpur,BD55,Bangladesh,BD,2015-01-01,2020-11-13,,44.4984714886523
Danthia Bamangram,BD50762225,,,,Chatmohar,BD507622,Pabna,BD5076,Rajshahi,BD50,Bangladesh,BD,2015-01-01,2020-11-13,,37.4828442703214
Dantmara,BD20153323,,,,Fatikchhari,BD201533,Chittagong,BD2015,Chittagong,BD20,Bangladesh,BD,2015-01-01,2020-11-13,,53.4661702228967
Danya,BD30939539,,,,Tangail Sadar,BD309395,Tangail,BD3093,Dhaka,BD30,Bangladesh,BD,2015-01-01,2020-11-13,,22.2800902363104
Daoabari,BD55523328,,,,Hatibandha,BD555233,Lalmonirhat,BD5552,Rangpur,BD55,Bangladesh,BD,2015-01-01,2020-11-13,,39.9466140088868
Daoabari,BD55733614,,,,Jaldhaka,BD557336,Nilphamari,BD5573,Rangpur,BD55,Bangladesh,BD,2015-01-01,2020-11-13,,22.9487505028337
Daogaon,BD45616525,,,,Muktagachha,BD456165,Mymensingh,BD4561,Mymensingh,BD45,Bangladesh,BD,2015-01-01,2020-11-13,,35.3604156731143
Dapdapia,BD10427315,,,,Nalchity,BD104273,Jhalokati,BD1042,Barisal,BD10,Bangladesh,BD,2015-01-01,2020-11-13,,29.4732204610005
Dapunia,BD45615247,,,,Mymensingh Sadar,BD456152,Mymensingh,BD4561,Mymensingh,BD45,Bangladesh,BD,2015-01-01,2020-11-13,,29.6817132699658
Dapunia,BD50765534,,,,Pabna Sadar,BD507655,Pabna,BD5076,Rajshahi,BD50,Bangladesh,BD,2015-01-01,2020-11-13,,32.740083771431
Daragram,BD30567038,,,,Saturia,BD305670,Manikganj,BD3056,Dhaka,BD30,Bangladesh,BD,2015-01-01,2020-11-13,,16.6850059177222
Darajhat,BD40410928,,,,Bagher Para,BD404109,Jessore,BD4041,Khulna,BD40,Bangladesh,BD,2015-01-01,2020-11-13,,18.3943243130132
Darbarpur,BD20304154,,,,Fulgazi,BD203041,Feni,BD2030,Chittagong,BD20,Bangladesh,BD,2015-01-01,2020-11-13,,9.592017859051449
Darbasta,BD55323010,,,,Gobindaganj,BD553230,Gaibandha,BD5532,Rangpur,BD55,Bangladesh,BD,2015-01-01,2020-11-13,,33.9853103499171
Darbasta,BD60915331,,,,Jaintiapur,BD609153,Sylhet,BD6091,Sylhet,BD60,Bangladesh,BD,2015-01-01,2020-11-13,,78.1557974749804
Darbeshpur,BD20516533,,,,Ramganj,BD205165,Lakshmipur,BD2051,Chittagong,BD20,Bangladesh,BD,2015-01-01,2020-11-13,,8.82668904217688
Dari Char Khajuria,BD10066263,,,,Mehendiganj,BD100662,Barisal,BD1006,Barisal,BD10,Bangladesh,BD,2015-01-01,2020-11-13,,8.19031767495925
Dariadaulat,BD20120423,,,,Banchharampur,BD201204,Brahamanbaria,BD2012,Chittagong,BD20,Bangladesh,BD,2015-01-01,2020-11-13,,17.1297486044798
Darial,BD10060727,,,,Bakerganj,BD100607,Barisal,BD1006,Barisal,BD10,Bangladesh,BD,2015-01-01,2020-11-13,,35.9256242677997
Dariapur,BD40559521,,,,Sreepur,BD405595,Magura,BD4055,Khulna,BD40,Bangladesh,BD,2015-01-01,2020-11-13,,16.5967319964533
Dariapur,BD40576047,,,,Mujib Nagar,BD405760,Meherpur,BD4057,Khulna,BD40,Bangladesh,BD,2015-01-01,2020-11-13,,24.1423797452867
Darora,BD20198127,,,,Muradnagar,BD201981,Comilla,BD2019,Chittagong,BD20,Bangladesh,BD,2015-01-01,2020-11-13,,11.7992637776634
Darshan Para,BD50817243,,,,Paba,BD508172,Rajshahi,BD5081,Rajshahi,BD50,Bangladesh,BD,2015-01-01,2020-11-13,,14.2894328325241
Darshana,BD55854919,,,,Rangpur Sadar,BD558549,Rangpur,BD5585,Rangpur,BD55,Bangladesh,BD,2015-01-01,2020-11-13,,12.5236242283781
Darshana Paurashava,BD40183199,,,,Damurhuda,BD401831,Chuadanga,BD4018,Khulna,BD40,Bangladesh,BD,2015-01-01,2020-11-13,,11.9624866484313
Darul Aman,BD30862523,,,,Damudya,BD308625,Shariatpur,BD3086,Dhaka,BD30,Bangladesh,BD,2015-01-01,2020-11-13,,5.24202516991794
Dasar,BD30544031,,,,Kalkini,BD305440,Madaripur,BD3054,Dhaka,BD30,Bangladesh,BD,2015-01-01,2020-11-13,,16.1805678074143
Dasghar,BD60912052,,,,Bishwanath,BD609120,Sylhet,BD6091,Sylhet,BD60,Bangladesh,BD,2015-01-01,2020-11-13,,22.4257044383804
Dasher Bazar,BD60581439,,,,Barlekha,BD605814,Maulvibazar,BD6058,Sylhet,BD60,Bangladesh,BD,2015-01-01,2020-11-13,,22.2223832301841
Dashkia,BD30934725,,,,Kalihati,BD309347,Tangail,BD3093,Dhaka,BD30,Bangladesh,BD,2015-01-01,2020-11-13,,10.9796240164541
Dashmina,BD10785252,,,,Dashmina,BD107852,Patuakhali,BD1078,Barisal,BD10,Bangladesh,BD,2015-01-01,2020-11-13,,39.7712899838967
Dashuria,BD50763921,,,,Ishwardi,BD507639,Pabna,BD5076,Rajshahi,BD50,Bangladesh,BD,2015-01-01,2020-11-13,,28.0692736571904
Daspara,BD10783835,,,,Bauphal,BD107838,Patuakhali,BD1078,Barisal,BD10,Bangladesh,BD,2015-01-01,2020-11-13,,22.7797700531801
Datta Para,BD20514340,,,,Lakshmipur Sadar,BD205143,Lakshmipur,BD2051,Chittagong,BD20,Bangladesh,BD,2015-01-01,2020-11-13,,19.4267303616866
Datta Para,BD30548736,,,,Shib Char,BD305487,Madaripur,BD3054,Dhaka,BD30,Bangladesh,BD,2015-01-01,2020-11-13,,23.8654027073522
Datter Bazar,BD45612218,,,,Gaffargaon,BD456122,Mymensingh,BD4561,Mymensingh,BD45,Bangladesh,BD,2015-01-01,2020-11-13,,30.8919033091434
Dauatala,BD10041971,,,,Bamna,BD100419,Barguna,BD1004,Barisal,BD10,Bangladesh,BD,2015-01-01,2020-11-13,,29.4636989408809
Daudkandi Paurashava,BD20193699,,,,Daudkandi,BD201936,Comilla,BD2019,Chittagong,BD20,Bangladesh,BD,2015-01-01,2020-11-13,,13.7212559698109
Daudkhali,BD10795834,,,,Mathbaria,BD107958,Pirojpur,BD1079,Barisal,BD10,Bangladesh,BD,2015-01-01,2020-11-13,,30.1875820886838
Daudpur,BD30676831,,,,Rupganj,BD306768,Narayanganj,BD3067,Dhaka,BD30,Bangladesh,BD,2015-01-01,2020-11-13,,29.1294023872915
Daudpur,BD55276925,,,,Nawabganj,BD552769,Dinajpur,BD5527,Rangpur,BD55,Bangladesh,BD,2015-01-01,2020-11-13,,39.7378173894829
Daudpur,BD60913130,,,,Dakshin Surma,BD609131,Sylhet,BD6091,Sylhet,BD60,Bangladesh,BD,2015-01-01,2020-11-13,,27.6994739617642
Daukar Char,BD30686440,,,,Roypura,BD306864,Narsingdi,BD3068,Dhaka,BD30,Bangladesh,BD,2015-01-01,2020-11-13,,4.629061195905369
Dauki,BD40180731,,,,Alamdanga,BD401807,Chuadanga,BD4018,Khulna,BD40,Bangladesh,BD,2015-01-01,2020-11-13,,24.5725800719994
Daulatdia,BD30822938,,,,Goalandaghat,BD308229,Rajbari,BD3082,Dhaka,BD30,Bangladesh,BD,2015-01-01,2020-11-13,,67.8862957810218
Daulatpur,BD20153338,,,,Fatikchhari,BD201533,Chittagong,BD2015,Chittagong,BD20,Bangladesh,BD,2015-01-01,2020-11-13,,11.070530326364
Daulatpur,BD30685247,,,,Manohardi,BD306852,Narsingdi,BD3068,Dhaka,BD30,Bangladesh,BD,2015-01-01,2020-11-13,,14.6389033543303
Daulatpur,BD40441431,,,,Harinakunda,BD404414,Jhenaidah,BD4044,Khulna,BD40,Bangladesh,BD,2015-01-01,2020-11-13,,36.7202534929227
Daulatpur,BD40503933,,,,Daulatpur,BD405039,Kushtia,BD4050,Khulna,BD40,Bangladesh,BD,2015-01-01,2020-11-13,,30.7759085195583
Daulatpur,BD50881154,,,,Belkuchi,BD508811,Sirajganj,BD5088,Rajshahi,BD50,Bangladesh,BD,2015-01-01,2020-11-13,,22.935819284208
Daulatpur,BD55273838,,,,Fulbari,BD552738,Dinajpur,BD5527,Rangpur,BD55,Bangladesh,BD,2015-01-01,2020-11-13,,20.2789383671298
Daulatpur,BD55948234,,,,Pirganj,BD559482,Thakurgaon,BD5594,Rangpur,BD55,Bangladesh,BD,2015-01-01,2020-11-13,,28.6446094728074
Daulatpur,BD60361137,,,,Baniachong,BD603611,Habiganj,BD6036,Sylhet,BD60,Bangladesh,BD,2015-01-01,2020-11-13,,28.6544243136031
Daulatpur,BD60912031,,,,Bishwanath,BD609120,Sylhet,BD6091,Sylhet,BD60,Bangladesh,BD,2015-01-01,2020-11-13,,33.1969760698112
Daulatpur (Purba Panchgachh),BD20193682,,,,Daudkandi,BD201936,Comilla,BD2019,Chittagong,BD20,Bangladesh,BD,2015-01-01,2020-11-13,,14.8324220249416
Daulkhar,BD20198751,,,,Nangalkot,BD201987,Comilla,BD2019,Chittagong,BD20,Bangladesh,BD,2015-01-01,2020-11-13,,29.9042818055896
Dayamir,BD60910827,,,,Balaganj,BD609108,Sylhet,BD6091,Sylhet,BD60,Bangladesh,BD,2015-01-01,2020-11-13,,30.0861349970574
Dayarampur,BD50690938,,,,Bagati Para,BD506909,Natore,BD5069,Rajshahi,BD50,Bangladesh,BD,2015-01-01,2020-11-13,,25.4859674147039
Debagram,BD30822957,,,,Goalandaghat,BD308229,Rajbari,BD3082,Dhaka,BD30,Bangladesh,BD,2015-01-01,2020-11-13,,25.8590870604124
Debhata,BD40872515,,,,Debhata,BD408725,Satkhira,BD4087,Khulna,BD40,Bangladesh,BD,2015-01-01,2020-11-13,,20.0517061789711
Debidoba,BD55773438,,,,Debiganj,BD557734,Panchagarh,BD5577,Rangpur,BD55,Bangladesh,BD,2015-01-01,2020-11-13,,34.822678784402
Debidwar,BD20194029,,,,Debidwar,BD201940,Comilla,BD2019,Chittagong,BD20,Bangladesh,BD,2015-01-01,2020-11-13,,0.253299623555678
Debidwar Paurashava,BD20194099,,,,Debidwar,BD201940,Comilla,BD2019,Chittagong,BD20,Bangladesh,BD,2015-01-01,2020-11-13,,19.3741465979975
Debiganj,BD55773447,,,,Debiganj,BD557734,Panchagarh,BD5577,Rangpur,BD55,Bangladesh,BD,2015-01-01,2020-11-13,,26.6480560205041
Debinagar,BD50706627,,,,Nawabganj Sadar,BD507066,Nawabganj,BD5070,Rajshahi,BD50,Bangladesh,BD,2015-01-01,2020-11-13,,31.9884079215834
Debipur,BD55949436,,,,Thakurgaon Sadar,BD559494,Thakurgaon,BD5594,Rangpur,BD55,Bangladesh,BD,2015-01-01,2020-11-13,,37.8612030907865
Debottar,BD50760531,,,,Atgharia,BD507605,Pabna,BD5076,Rajshahi,BD50,Bangladesh,BD,2015-01-01,2020-11-13,,37.0549289633721
Debpara,BD60367721,,,,Nabiganj,BD603677,Habiganj,BD6036,Sylhet,BD60,Bangladesh,BD,2015-01-01,2020-11-13,,34.0210368978257
Decreerchar,BD30294731,,,,Faridpur Sadar,BD302947,Faridpur,BD3029,Dhaka,BD30,Bangladesh,BD,2015-01-01,2020-11-13,,22.0630108659625
Dehergati,BD10060340,,,,Babuganj,BD100603,Barisal,BD1006,Barisal,BD10,Bangladesh,BD,2015-01-01,2020-11-13,,25.8875866491846
Dehunda,BD30484217,,,,Karimganj,BD304842,Kishoreganj,BD3048,Dhaka,BD30,Bangladesh,BD,2015-01-01,2020-11-13,,8.94112609274864
Delduar,BD30932323,,,,Delduar,BD309323,Tangail,BD3093,Dhaka,BD30,Bangladesh,BD,2015-01-01,2020-11-13,,22.8332502150251
Deluabari,BD50813111,,,,Durgapur,BD508131,Rajshahi,BD5081,Rajshahi,BD50,Bangladesh,BD,2015-01-01,2020-11-13,,27.9648475878967
Deluti,BD40476427,,,,Paikgachha,BD404764,Khulna,BD4047,Khulna,BD40,Bangladesh,BD,2015-01-01,2020-11-13,,45.9714475160867
Dema,BD40010835,,,,Bagerhat Sadar,BD400108,Bagerhat,BD4001,Khulna,BD40,Bangladesh,BD,2015-01-01,2020-11-13,,42.975300577028
Demra,BD50763342,,,,Faridpur,BD507633,Pabna,BD5076,Rajshahi,BD50,Bangladesh,BD,2015-01-01,2020-11-13,,15.554696595697
Demra (part),BD30261265,,,,Demra,BD302612,Dhaka,BD3026,Dhaka,BD30,Bangladesh,BD,2015-01-01,2020-11-13,,12.9316093178954
Demusia,BD20221631,,,,Chakaria,BD202216,Cox's Bazar,BD2022,Chittagong,BD20,Bangladesh,BD,2015-01-01,2020-11-13,,8.92091847719589
Deoghar,BD30480247,,,,Austagram,BD304802,Kishoreganj,BD3048,Dhaka,BD30,Bangladesh,BD,2015-01-01,2020-11-13,,50.5685987247354
Deokalas,BD60912042,,,,Bishwanath,BD609120,Sylhet,BD6091,Sylhet,BD60,Bangladesh,BD,2015-01-01,2020-11-13,,22.6882301316241
Deokhola,BD45612035,,,,Fulbaria,BD456120,Mymensingh,BD4561,Mymensingh,BD45,Bangladesh,BD,2015-01-01,2020-11-13,,13.5620334364934
Deoli,BD30932335,,,,Delduar,BD309323,Tangail,BD3093,Dhaka,BD30,Bangladesh,BD,2015-01-01,2020-11-13,,16.2294020605259
Deopara,BD30932825,,,,Ghatail,BD309328,Tangail,BD3093,Dhaka,BD30,Bangladesh,BD,2015-01-01,2020-11-13,,38.8535801847326
Deopara,BD50813428,,,,Godagari,BD508134,Rajshahi,BD5081,Rajshahi,BD50,Bangladesh,BD,2015-01-01,2020-11-13,,55.1439403023588
Deor,BD55271035,,,,Birampur,BD552710,Dinajpur,BD5527,Rangpur,BD55,Bangladesh,BD,2015-01-01,2020-11-13,,35.1861160585196
Deora,BD20190937,,,,Barura,BD201909,Comilla,BD2019,Chittagong,BD20,Bangladesh,BD,2015-01-01,2020-11-13,,9.4873998518914
Deorgachh,BD60362628,,,,Chunarughat,BD603626,Habiganj,BD6036,Sylhet,BD60,Bangladesh,BD,2015-01-01,2020-11-13,,47.2198351647714
Deoti,BD20758335,,,,Sonaimuri,BD207583,Noakhali,BD2075,Chittagong,BD20,Bangladesh,BD,2015-01-01,2020-11-13,,19.1751931825369
Derai Paurashava,BD60902999,,,,Derai,BD609029,Sunamganj,BD6090,Sylhet,BD60,Bangladesh,BD,2015-01-01,2020-11-13,,11.9597255925675
Derai Sarmangal,BD60902928,,,,Derai,BD609029,Sunamganj,BD6090,Sylhet,BD60,Bangladesh,BD,2015-01-01,2020-11-13,,27.9518004486454
Deshigram,BD50888921,,,,Tarash,BD508889,Sirajganj,BD5088,Rajshahi,BD50,Bangladesh,BD,2015-01-01,2020-11-13,,36.3832315693977
Deula,BD10092119,,,,Burhanuddin,BD100921,Bhola,BD1009,Barisal,BD10,Bangladesh,BD,2015-01-01,2020-11-13,,26.1183438632398
Deulabari,BD30932817,,,,Ghatail,BD309328,Tangail,BD3093,Dhaka,BD30,Bangladesh,BD,2015-01-01,2020-11-13,,26.3393786312592
Deuli,BD50109431,,,,Shibganj,BD501094,Bogra,BD5010,Rajshahi,BD50,Bangladesh,BD,2015-01-01,2020-11-13,,23.0393491686625
Deuli Subidkhali,BD10787627,,,,Mirzaganj,BD107876,Patuakhali,BD1078,Barisal,BD10,Bangladesh,BD,2015-01-01,2020-11-13,,26.658101852303
Dewan Bazar,BD60910833,,,,Balaganj,BD609108,Sylhet,BD6091,Sylhet,BD60,Bangladesh,BD,2015-01-01,2020-11-13,,48.1691481313547
Dewanganj,BD45391558,,,,Dewanganj,BD453915,Jamalpur,BD4539,Mymensingh,BD45,Bangladesh,BD,2015-01-01,2020-11-13,,17.5322984948763
Dewanganj Paurashava,BD45391599,,,,Dewanganj,BD453915,Jamalpur,BD4539,Mymensingh,BD45,Bangladesh,BD,2015-01-01,2020-11-13,,6.93063135331736
Dhainagar,BD50708823,,,,Shibganj,BD507088,Nawabganj,BD5070,Rajshahi,BD50,Bangladesh,BD,2015-01-01,2020-11-13,,27.787575609762
Dhaka Dakshin,BD60913825,,,,Golabganj,BD609138,Sylhet,BD6091,Sylhet,BD60,Bangladesh,BD,2015-01-01,2020-11-13,,26.8511895073523
Dhakhin Tarabunia,BD30861432,,,,Bhedarganj,BD308614,Shariatpur,BD3086,Dhaka,BD30,Bangladesh,BD,2015-01-01,2020-11-13,,8.29390608934333
Dhaki,BD30485913,,,,Mithamain,BD304859,Kishoreganj,BD3048,Dhaka,BD30,Bangladesh,BD,2015-01-01,2020-11-13,,46.4503331742049
Dhakkamara,BD55777336,,,,Panchagarh Sadar,BD557773,Panchagarh,BD5577,Rangpur,BD55,Bangladesh,BD,2015-01-01,2020-11-13,,28.165100967837
Dhakua,BD45618131,,,,Phulpur,BD456181,Mymensingh,BD4561,Mymensingh,BD45,Bangladesh,BD,2015-01-01,2020-11-13,,28.1751584603219
Dhakuria,BD40416116,,,,Manirampur,BD404161,Jessore,BD4041,Khulna,BD40,Bangladesh,BD,2015-01-01,2020-11-13,,32.2016214713687
Dhal Char,BD10092551,,,,Char Fasson,BD100925,Bhola,BD1009,Barisal,BD10,Bangladesh,BD,2015-01-01,2020-11-13,,28.1917801538955
Dhala,BD30489227,,,,Tarail,BD304892,Kishoreganj,BD3048,Dhaka,BD30,Bangladesh,BD,2015-01-01,2020-11-13,,19.2841922038498
Dhala,BD45898847,,,,Sherpur Sadar,BD458988,Sherpur,BD4589,Mymensingh,BD45,Bangladesh,BD,2015-01-01,2020-11-13,,17.5018864467926
Dhala Mulgaon,BD45728331,,,,Purbadhala,BD457283,Netrakona,BD4572,Mymensingh,BD45,Bangladesh,BD,2015-01-01,2020-11-13,,35.6163649411622
Dhala Para,BD30932834,,,,Ghatail,BD309328,Tangail,BD3093,Dhaka,BD30,Bangladesh,BD,2015-01-01,2020-11-13,,74.7928980991843
Dhalahar,BD50384738,,,,Joypurhat Sadar,BD503847,Joypurhat,BD5038,Rajshahi,BD50,Bangladesh,BD,2015-01-01,2020-11-13,,16.6647368411452
Dhalai,BD20153729,,,,Hathazari,BD201537,Chittagong,BD2015,Chittagong,BD20,Bangladesh,BD,2015-01-01,2020-11-13,,16.7475605389965
Dhalar Char,BD50761621,,,,Bera,BD507616,Pabna,BD5076,Rajshahi,BD50,Bangladesh,BD,2015-01-01,2020-11-13,,45.5232084598979
Dhalbaria,BD40874739,,,,Kaliganj,BD408747,Satkhira,BD4087,Khulna,BD40,Bangladesh,BD,2015-01-01,2020-11-13,,32.7590635144521
Dhalghat,BD20156130,,,,Patiya,BD201561,Chittagong,BD2015,Chittagong,BD20,Bangladesh,BD,2015-01-01,2020-11-13,,12.6570848000501
Dhalghata,BD20224923,,,,Maheshkhali,BD202249,Cox's Bazar,BD2022,Chittagong,BD20,Bangladesh,BD,2015-01-01,2020-11-13,,17.4263151668591
Dhalgram,BD40410938,,,,Bagher Para,BD404109,Jessore,BD4041,Khulna,BD40,Bangladesh,BD,2015-01-01,2020-11-13,,27.1653537950684
Dhalhara Chandra,BD40448018,,,,Shailkupa,BD404480,Jhenaidah,BD4044,Khulna,BD40,Bangladesh,BD,2015-01-01,2020-11-13,,26.2881973157422
Dhali Gaurnagar,BD10095428,,,,Lalmohan,BD100954,Bhola,BD1009,Barisal,BD10,Bangladesh,BD,2015-01-01,2020-11-13,,38.09487536875859
Dhalia,BD20302922,,,,Feni Sadar,BD203029,Feni,BD2030,Chittagong,BD20,Bangladesh,BD,2015-01-01,2020-11-13,,16.1373902488551
Dhaljora,BD30333238,,,,Kaliakair,BD303332,Gazipur,BD3033,Dhaka,BD30,Bangladesh,BD,2015-01-01,2020-11-13,,19.0982266544885
Dhalla,BD30568243,,,,Singair,BD305682,Manikganj,BD3056,Dhaka,BD30,Bangladesh,BD,2015-01-01,2020-11-13,,20.859769360351
Dhalua,BD10042847,,,,Barguna Sadar,BD100428,Barguna,BD1004,Barisal,BD10,Bangladesh,BD,2015-01-01,2020-11-13,,31.8666295039451
Dhalua,BD20198743,,,,Nangalkot,BD201987,Comilla,BD2019,Chittagong,BD20,Bangladesh,BD,2015-01-01,2020-11-13,,25.8872861819091
Dhamainagar,BD50886128,,,,Royganj,BD508861,Sirajganj,BD5088,Rajshahi,BD50,Bangladesh,BD,2015-01-01,2020-11-13,,38.6176203485485
Dhamair,BD55271747,,,,Biral,BD552717,Dinajpur,BD5527,Rangpur,BD55,Bangladesh,BD,2015-01-01,2020-11-13,,31.8085762115327
Dhamalia,BD40473020,,,,Dumuria,BD404730,Khulna,BD4047,Khulna,BD40,Bangladesh,BD,2015-01-01,2020-11-13,,23.4720223867509
Dhamgar,BD30670631,,,,Bandar,BD306706,Narayanganj,BD3067,Dhaka,BD30,Bangladesh,BD,2015-01-01,2020-11-13,,5.11319327239752
Dhamghar,BD20198136,,,,Muradnagar,BD201981,Comilla,BD2019,Chittagong,BD20,Bangladesh,BD,2015-01-01,2020-11-13,,23.8805283101265
Dhamoirhat,BD50642842,,,,Dhamoirhat,BD506428,Naogaon,BD5064,Rajshahi,BD50,Bangladesh,BD,2015-01-01,2020-11-13,,38.2121846380459
Dhamoirhat Paurashava,BD50642899,,,,Dhamoirhat,BD506428,Naogaon,BD5064,Rajshahi,BD50,Bangladesh,BD,2015-01-01,2020-11-13,,6.070327823032399
Dhamor,BD55770440,,,,Atwari,BD557704,Panchagarh,BD5577,Rangpur,BD55,Bangladesh,BD,2015-01-01,2020-11-13,,34.8042094053659
Dhamrai,BD30261435,,,,Dhamrai,BD302614,Dhaka,BD3026,Dhaka,BD30,Bangladesh,BD,2015-01-01,2020-11-13,,5.56486908575851
Dhamrai Paurashava,BD30261499,,,,Dhamrai,BD302614,Dhaka,BD3026,Dhaka,BD30,Bangladesh,BD,2015-01-01,2020-11-13,,5.74615894491299
Dhamsana,BD30267239,,,,Savar,BD302672,Dhaka,BD3026,Dhaka,BD30,Bangladesh,BD,2015-01-01,2020-11-13,,33.494917735108
Dhamsar,BD30561057,,,,Daulatpur,BD305610,Manikganj,BD3056,Dhaka,BD30,Bangladesh,BD,2015-01-01,2020-11-13,,23.6874645051257
Dhamserni,BD55499439,,,,Ulipur,BD554994,Kurigram,BD5549,Rangpur,BD55,Bangladesh,BD,2015-01-01,2020-11-13,,18.8728985340342
Dhan Shalik,BD20754735,,,,Kabirhat,BD207547,Noakhali,BD2075,Chittagong,BD20,Bangladesh,BD,2015-01-01,2020-11-13,,14.617967430935
Dhan Siri,BD20754745,,,,Kabirhat,BD207547,Noakhali,BD2075,Chittagong,BD20,Bangladesh,BD,2015-01-01,2020-11-13,,10.6450629118556
Dhanbari,BD30932547,,,,Dhanbari,BD309325,Tangail,BD3093,Dhaka,BD30,Bangladesh,BD,2015-01-01,2020-11-13,,25.054396962433
Dhanbari Paurashava,BD30932599,,,,Dhanbari,BD309325,Tangail,BD3093,Dhaka,BD30,Bangladesh,BD,2015-01-01,2020-11-13,,20.9583649099826
Dhandia,BD40879011,,,,Tala,BD408790,Satkhira,BD4087,Khulna,BD40,Bangladesh,BD,2015-01-01,2020-11-13,,23.3799666135808
Dhaneshwargati,BD40558535,,,,Shalikha,BD405585,Magura,BD4055,Khulna,BD40,Bangladesh,BD,2015-01-01,2020-11-13,,43.9618911054514
Dhangara,BD50886138,,,,Royganj,BD508861,Sirajganj,BD5088,Rajshahi,BD50,Bangladesh,BD,2015-01-01,2020-11-13,,25.4100377426538
Dhania,BD10091836,,,,Bhola Sadar,BD100918,Bhola,BD1009,Barisal,BD10,Bangladesh,BD,2015-01-01,2020-11-13,,14.4826856561898
Dhania (part),BD30262935,,,,Jatrabari,BD302629,Dhaka,BD3026,Dhaka,BD30,Bangladesh,BD,2015-01-01,2020-11-13,,0.952267441332589
Dhania (part),BD30263235,,,,Kadamtali,BD302632,Dhaka,BD3026,Dhaka,BD30,Bangladesh,BD,2015-01-01,2020-11-13,,1.5579429932811
Dhanikhola,BD45619428,,,,Trishal,BD456194,Mymensingh,BD4561,Mymensingh,BD45,Bangladesh,BD,2015-01-01,2020-11-13,,32.4390724088381
Dhanisafa,BD10795843,,,,Mathbaria,BD107958,Pirojpur,BD1079,Barisal,BD10,Bangladesh,BD,2015-01-01,2020-11-13,,30.9374979761992
Dhankati,BD30862535,,,,Damudya,BD308625,Shariatpur,BD3086,Dhaka,BD30,Bangladesh,BD,2015-01-01,2020-11-13,,24.3414702638365
Dhankhali,BD10786655,,,,Kala Para,BD107866,Patuakhali,BD1078,Barisal,BD10,Bangladesh,BD,2015-01-01,2020-11-13,,54.564457520324
Dhankhola,BD40574721,,,,Gangni,BD405747,Meherpur,BD4057,Khulna,BD40,Bangladesh,BD,2015-01-01,2020-11-13,,61.3941925833693
Dhankora,BD30567057,,,,Saturia,BD305670,Manikganj,BD3056,Dhaka,BD30,Bangladesh,BD,2015-01-01,2020-11-13,,18.6257983214701
Dhanpur,BD30483343,,,,Itna,BD304833,Kishoreganj,BD3048,Dhaka,BD30,Bangladesh,BD,2015-01-01,2020-11-13,,68.43237174957
Dhansagar,BD40017719,,,,Sarankhola,BD400177,Bagerhat,BD4001,Khulna,BD40,Bangladesh,BD,2015-01-01,2020-11-13,,33.9848712623829
Dhanshail,BD45893712,,,,Jhenaigati,BD458937,Sherpur,BD4589,Mymensingh,BD45,Bangladesh,BD,2015-01-01,2020-11-13,,29.7633640205685
Dhantala,BD55940863,,,,Baliadangi,BD559408,Thakurgaon,BD5594,Rangpur,BD55,Bangladesh,BD,2015-01-01,2020-11-13,,35.7922868394941
Dhanua,BD45390747,,,,Bakshiganj,BD453907,Jamalpur,BD4539,Mymensingh,BD45,Bangladesh,BD,2015-01-01,2020-11-13,,29.8839356995441
Dhaoa,BD10791435,,,,Bhandaria,BD107914,Pirojpur,BD1079,Barisal,BD10,Bangladesh,BD,2015-01-01,2020-11-13,,22.6589817669544
Dhaperhat,BD55328234,,,,Sadullapur,BD553282,Gaibandha,BD5532,Rangpur,BD55,Bangladesh,BD,2015-01-01,2020-11-13,,25.1488964197233
Dhar Mandal,BD20129036,,,,Nasirnagar,BD201290,Brahamanbaria,BD2012,Chittagong,BD20,Bangladesh,BD,2015-01-01,2020-11-13,,18.0403456679926
Dhara,BD45612433,,,,Haluaghat,BD456124,Mymensingh,BD4561,Mymensingh,BD45,Bangladesh,BD,2015-01-01,2020-11-13,,26.1257058396485
Dharabarisha,BD50694140,,,,Gurudaspur,BD506941,Natore,BD5069,Rajshahi,BD50,Bangladesh,BD,2015-01-01,2020-11-13,,36.4097527846824
Dharampur,BD40501554,,,,Bheramara,BD405015,Kushtia,BD4050,Khulna,BD40,Bangladesh,BD,2015-01-01,2020-11-13,,20.9867912992767
Dharanibari,BD55499444,,,,Ulipur,BD554994,Kurigram,BD5549,Rangpur,BD55,Bangladesh,BD,2015-01-01,2020-11-13,,23.0757476001387
Dharanji,BD50387463,,,,Panchbibi,BD503874,Joypurhat,BD5038,Rajshahi,BD50,Bangladesh,BD,2015-01-01,2020-11-13,,28.8883317830272
Dharkhar,BD20120257,,,,Akhaura,BD201202,Brahamanbaria,BD2012,Chittagong,BD20,Bangladesh,BD,2015-01-01,2020-11-13,,24.2741166967124
Dharmagarh,BD55948631,,,,Ranisankail,BD559486,Thakurgaon,BD5594,Rangpur,BD55,Bangladesh,BD,2015-01-01,2020-11-13,,54.4086183506512
Dharmaghar,BD60367160,,,,Madhabpur,BD603671,Habiganj,BD6036,Sylhet,BD60,Bangladesh,BD,2015-01-01,2020-11-13,,26.8807169794276
Dharmapal,BD55733621,,,,Jaldhaka,BD557336,Nilphamari,BD5573,Rangpur,BD55,Bangladesh,BD,2015-01-01,2020-11-13,,27.1298577013545
Dharmapasha,BD60903238,,,,Dharampasha,BD609032,Sunamganj,BD6090,Sylhet,BD60,Bangladesh,BD,2015-01-01,2020-11-13,,37.0289035391628
Dharmapur,BD20153328,,,,Fatikchhari,BD201533,Chittagong,BD2015,Chittagong,BD20,Bangladesh,BD,2015-01-01,2020-11-13,,13.1293967913909
Dharmapur,BD20158240,,,,Satkania,BD201582,Chittagong,BD2015,Chittagong,BD20,Bangladesh,BD,2015-01-01,2020-11-13,,6.34160633785468
Dharmapur,BD20302923,,,,Feni Sadar,BD203029,Feni,BD2030,Chittagong,BD20,Bangladesh,BD,2015-01-01,2020-11-13,,14.9291894523216
Dharmapur,BD20758747,,,,Noakhali Sadar (Sudharam),BD207587,Noakhali,BD2075,Chittagong,BD20,Bangladesh,BD,2015-01-01,2020-11-13,,5.690413721923201
Dharmapur,BD55271757,,,,Biral,BD552717,Dinajpur,BD5527,Rangpur,BD55,Bangladesh,BD,2015-01-01,2020-11-13,,42.2339186921622
Dharmapur (Pananagar),BD50813123,,,,Durgapur,BD508131,Rajshahi,BD5081,Rajshahi,BD50,Bangladesh,BD,2015-01-01,2020-11-13,,23.3505670500337
Dhemsa,BD20158236,,,,Satkania,BD201582,Chittagong,BD2015,Chittagong,BD20,Bangladesh,BD,2015-01-01,2020-11-13,,5.67641217575897
Dheukhali,BD30298457,,,,Sadarpur,BD302984,Faridpur,BD3029,Dhaka,BD30,Bangladesh,BD,2015-01-01,2020-11-13,,29.39291860522
Dhipur,BD30599439,,,,Tongibari,BD305994,Munshiganj,BD3059,Dhaka,BD30,Bangladesh,BD,2015-01-01,2020-11-13,,10.4382371317369
Dhitpur,BD45611343,,,,Bhaluka,BD456113,Mymensingh,BD4561,Mymensingh,BD45,Bangladesh,BD,2015-01-01,2020-11-13,,24.0038182562145
Dhonpur,BD60901820,,,,Bishwambarpur,BD609018,Sunamganj,BD6090,Sylhet,BD60,Bangladesh,BD,2015-01-01,2020-11-13,,42.5000160434459
Dhopachhari,BD20151838,,,,Chandanaish,BD201518,Chittagong,BD2015,Chittagong,BD20,Bangladesh,BD,2015-01-01,2020-11-13,,61.1674665995479
Dhopadaha,BD50767225,,,,Santhia,BD507672,Pabna,BD5076,Rajshahi,BD50,Bangladesh,BD,2015-01-01,2020-11-13,,25.7546375995092
Dhopadanga,BD55329137,,,,Sundarganj,BD553291,Gaibandha,BD5532,Rangpur,BD55,Bangladesh,BD,2015-01-01,2020-11-13,,21.4054430374285
Dhopakandi,BD30933821,,,,Gopalpur,BD309338,Tangail,BD3093,Dhaka,BD30,Bangladesh,BD,2015-01-01,2020-11-13,,23.2938951089164
Dhopakhali,BD30932557,,,,Dhanbari,BD309325,Tangail,BD3093,Dhaka,BD30,Bangladesh,BD,2015-01-01,2020-11-13,,15.2939268053969
Dhopakhali,BD40013828,,,,Kachua,BD400138,Bagerhat,BD4001,Khulna,BD40,Bangladesh,BD,2015-01-01,2020-11-13,,13.4988626393557
Dhubaria,BD30937636,,,,Nagarpur,BD309376,Tangail,BD3093,Dhaka,BD30,Bangladesh,BD,2015-01-01,2020-11-13,,12.0593763522621
Dhubil,BD50886147,,,,Royganj,BD508861,Sirajganj,BD5088,Rajshahi,BD50,Bangladesh,BD,2015-01-01,2020-11-13,,27.2959716376164
Dhukaria Bera,BD50881167,,,,Belkuchi,BD508811,Sirajganj,BD5088,Rajshahi,BD50,Bangladesh,BD,2015-01-01,2020-11-13,,27.7719994556775
Dhulasar,BD10786629,,,,Kala Para,BD107866,Patuakhali,BD1078,Barisal,BD10,Bangladesh,BD,2015-01-01,2020-11-13,,41.83120200129611
Dhulauri,BD50767234,,,,Santhia,BD507672,Pabna,BD5076,Rajshahi,BD50,Bangladesh,BD,2015-01-01,2020-11-13,,29.2590582800048
Dhulia,BD10783841,,,,Bauphal,BD107838,Patuakhali,BD1078,Barisal,BD10,Bangladesh,BD,2015-01-01,2020-11-13,,24.580124162545
Dhuliani,BD40411117,,,,Chaugachha,BD404111,Jessore,BD4041,Khulna,BD40,Bangladesh,BD,2015-01-01,2020-11-13,,14.5224323913772
Dhulihar,BD40878254,,,,Satkhira Sadar,BD408782,Satkhira,BD4087,Khulna,BD40,Bangladesh,BD,2015-01-01,2020-11-13,,37.8352509036535
Dhulkhola,BD10063627,,,,Hizla,BD100636,Barisal,BD1006,Barisal,BD10,Bangladesh,BD,2015-01-01,2020-11-13,,17.9893898800007
Dhulsunra,BD30562843,,,,Harirampur,BD305628,Manikganj,BD3056,Dhaka,BD30,Bangladesh,BD,2015-01-01,2020-11-13,,17.0399209348216
Dhum,BD20155322,,,,Mirsharai,BD201553,Chittagong,BD2015,Chittagong,BD20,Bangladesh,BD,2015-01-01,2020-11-13,,15.6591953981545
Dhunat,BD50102738,,,,Dhunat,BD501027,Bogra,BD5010,Rajshahi,BD50,Bangladesh,BD,2015-01-01,2020-11-13,,15.5523236887669
Dhunat Paurashava,BD50102799,,,,Dhunat,BD501027,Bogra,BD5010,Rajshahi,BD50,Bangladesh,BD,2015-01-01,2020-11-13,,11.2272409196725
Dhupchanchia,BD50103327,,,,Dhupchanchia,BD501033,Bogra,BD5010,Rajshahi,BD50,Bangladesh,BD,2015-01-01,2020-11-13,,17.4130526523235
Dhupchanchia Paurashava,BD50103399,,,,Dhupchanchia,BD501033,Bogra,BD5010,Rajshahi,BD50,Bangladesh,BD,2015-01-01,2020-11-13,,10.3147983918605
Dhurail,BD30545417,,,,Madaripur Sadar,BD305454,Madaripur,BD3054,Dhaka,BD30,Bangladesh,BD,2015-01-01,2020-11-13,,17.6460657477807
Dhurail,BD45612440,,,,Haluaghat,BD456124,Mymensingh,BD4561,Mymensingh,BD45,Bangladesh,BD,2015-01-01,2020-11-13,,28.4585248354452
Dhurail,BD50815327,,,,Mohanpur,BD508153,Rajshahi,BD5081,Rajshahi,BD50,Bangladesh,BD,2015-01-01,2020-11-13,,26.4736933334768
Dhurung,BD20153333,,,,Fatikchhari,BD201533,Chittagong,BD2015,Chittagong,BD20,Bangladesh,BD,2015-01-01,2020-11-13,,5.32118363997283
Diara,BD40414735,,,,Kotwali,BD404147,Jessore,BD4041,Khulna,BD40,Bangladesh,BD,2015-01-01,2020-11-13,,34.3824137816528
Diara,BD40874315,,,,Kalaroa,BD408743,Satkhira,BD4087,Khulna,BD40,Bangladesh,BD,2015-01-01,2020-11-13,,20.1921850458587
Dibar,BD50647525,,,,Patnitala,BD506475,Naogaon,BD5064,Rajshahi,BD50,Bangladesh,BD,2015-01-01,2020-11-13,,31.9700972998823
Digalkandi,BD30932843,,,,Ghatail,BD309328,Tangail,BD3093,Dhaka,BD30,Bangladesh,BD,2015-01-01,2020-11-13,,27.0797832800652
Digar,BD30932851,,,,Ghatail,BD309328,Tangail,BD3093,Dhaka,BD30,Bangladesh,BD,2015-01-01,2020-11-13,,27.9129618760364
Digar Mahishkhali,BD30861443,,,,Bhedarganj,BD308614,Shariatpur,BD3086,Dhaka,BD30,Bangladesh,BD,2015-01-01,2020-11-13,,23.2052535119462
Digdair,BD30489240,,,,Tarail,BD304892,Kishoreganj,BD3048,Dhaka,BD30,Bangladesh,BD,2015-01-01,2020-11-13,,20.5875775230535
Digdair,BD50109531,,,,Sonatola,BD501095,Bogra,BD5010,Rajshahi,BD50,Bangladesh,BD,2015-01-01,2020-11-13,,25.9564698879308
Digghapar,BD20157825,,,,Sandwip,BD201578,Chittagong,BD2015,Chittagong,BD20,Bangladesh,BD,2015-01-01,2020-11-13,,3.38332084114391
Digha,BD40556642,,,,Mohammadpur,BD405566,Magura,BD4055,Khulna,BD40,Bangladesh,BD,2015-01-01,2020-11-13,,23.552316239088
Dighalbak,BD60367729,,,,Nabiganj,BD603677,Habiganj,BD6036,Sylhet,BD60,Bangladesh,BD,2015-01-01,2020-11-13,,34.9912355773748
Dighali,BD20514345,,,,Lakshmipur Sadar,BD205143,Lakshmipur,BD2051,Chittagong,BD20,Bangladesh,BD,2015-01-01,2020-11-13,,17.3383148875317
Dighalia,BD30567047,,,,Saturia,BD305670,Manikganj,BD3056,Dhaka,BD30,Bangladesh,BD,2015-01-01,2020-11-13,,12.9833578443355
Dighalia,BD40474057,,,,Dighalia,BD404740,Khulna,BD4047,Khulna,BD40,Bangladesh,BD,2015-01-01,2020-11-13,,15.6192109737258
Dighalia,BD40655215,,,,Lohagara,BD406552,Narail,BD4065,Khulna,BD40,Bangladesh,BD,2015-01-01,2020-11-13,,27.4350713936465
Dighapatia,BD50696336,,,,Natore Sadar,BD506963,Natore,BD5069,Rajshahi,BD50,Bangladesh,BD,2015-01-01,2020-11-13,,33.7874068924521
Dighi,BD30564623,,,,Manikganj Sadar,BD305646,Manikganj,BD3056,Dhaka,BD30,Bangladesh,BD,2015-01-01,2020-11-13,,11.9464829822199
Dighinala,BD20464347,,,,Dighinala,BD204643,Khagrachhari,BD2046,Chittagong,BD20,Bangladesh,BD,2015-01-01,2020-11-13,,49.74715797631561
Dighir Para,BD30599447,,,,Tongibari,BD305994,Munshiganj,BD3059,Dhaka,BD30,Bangladesh,BD,2015-01-01,2020-11-13,,7.01438284773894
Dighirpar,BD30480625,,,,Bajitpur,BD304806,Kishoreganj,BD3048,Dhaka,BD30,Bangladesh,BD,2015-01-01,2020-11-13,,15.6497991673876
Dignagar,BD30355827,,,,Muksudpur,BD303558,Gopalganj,BD3035,Dhaka,BD30,Bangladesh,BD,2015-01-01,2020-11-13,,26.0338379799402
Dignagar,BD40448025,,,,Shailkupa,BD404480,Jhenaidah,BD4044,Khulna,BD40,Bangladesh,BD,2015-01-01,2020-11-13,,20.844675761687
Digpaith,BD45393619,,,,Jamalpur Sadar,BD453936,Jamalpur,BD4539,Mymensingh,BD45,Bangladesh,BD,2015-01-01,2020-11-13,,27.5545090144832
Dihi,BD40419034,,,,Sharsha,BD404190,Jessore,BD4041,Khulna,BD40,Bangladesh,BD,2015-01-01,2020-11-13,,34.9914527023902
Dil Pasar,BD50761947,,,,Bhangura,BD507619,Pabna,BD5076,Rajshahi,BD50,Bangladesh,BD,2015-01-01,2020-11-13,,20.3409839220491
Dilalpur,BD30480634,,,,Bajitpur,BD304806,Kishoreganj,BD3048,Dhaka,BD30,Bangladesh,BD,2015-01-01,2020-11-13,,11.1334659886467
Dimla,BD55731219,,,,Dimla,BD557312,Nilphamari,BD5573,Rangpur,BD55,Bangladesh,BD,2015-01-01,2020-11-13,,43.114077464083
Dinga Manik,BD30866537,,,,Naria,BD308665,Shariatpur,BD3086,Dhaka,BD30,Bangladesh,BD,2015-01-01,2020-11-13,,14.4245440980603
Dirgha,BD10797610,,,,Nazirpur,BD107976,Pirojpur,BD1079,Barisal,BD10,Bangladesh,BD,2015-01-01,2020-11-13,,24.6233806398553
Ditiyakhanda,BD30548742,,,,Shib Char,BD305487,Madaripur,BD3054,Dhaka,BD30,Bangladesh,BD,2015-01-01,2020-11-13,,7.49354151506459
Doail,BD45398531,,,,Sarishabari,BD453985,Jamalpur,BD4539,Mymensingh,BD45,Bangladesh,BD,2015-01-01,2020-11-13,,33.3418555198531
Dobaura,BD45611636,,,,Dhobaura,BD456116,Mymensingh,BD4561,Mymensingh,BD45,Bangladesh,BD,2015-01-01,2020-11-13,,39.6806976555977
Dobhag,BD60911734,,,,Beani Bazar,BD609117,Sylhet,BD6091,Sylhet,BD60,Bangladesh,BD,2015-01-01,2020-11-13,,24.2743383843583
Dochhari,BD20037338,,,,Naikhongchhari,BD200373,Bandarban,BD2003,Chittagong,BD20,Bangladesh,BD,2015-01-01,2020-11-13,,206.985445915729
Dogachhi,BD40441911,,,,Jhenaidah Sadar,BD404419,Jhenaidah,BD4044,Khulna,BD40,Bangladesh,BD,2015-01-01,2020-11-13,,17.992338613309
Dogachhi,BD50384747,,,,Joypurhat Sadar,BD503847,Joypurhat,BD5038,Rajshahi,BD50,Bangladesh,BD,2015-01-01,2020-11-13,,32.4809604836913
Dogachhi,BD50765543,,,,Pabna Sadar,BD507655,Pabna,BD5076,Rajshahi,BD50,Bangladesh,BD,2015-01-01,2020-11-13,,51.8437462712511
Dohakula,BD40410947,,,,Bagher Para,BD404109,Jessore,BD4041,Khulna,BD40,Bangladesh,BD,2015-01-01,2020-11-13,,27.7305795697373
Dohar Paurashava,BD30261899,,,,Dohar,BD302618,Dhaka,BD3026,Dhaka,BD30,Bangladesh,BD,2015-01-01,2020-11-13,,12.8817971034062
Dohazari,BD20151847,,,,Chandanaish,BD201518,Chittagong,BD2015,Chittagong,BD20,Bangladesh,BD,2015-01-01,2020-11-13,,28.4340815620021
Dollai Nowabab Pur,BD20192763,,,,Chandina,BD201927,Comilla,BD2019,Chittagong,BD20,Bangladesh,BD,2015-01-01,2020-11-13,,10.2240842157077
Domar,BD55731538,,,,Domar,BD557315,Nilphamari,BD5573,Rangpur,BD55,Bangladesh,BD,2015-01-01,2020-11-13,,6.99399145688066
Domsar,BD30866957,,,,Shariatpur Sadar,BD308669,Shariatpur,BD3086,Dhaka,BD30,Bangladesh,BD,2015-01-01,2020-11-13,,12.8761439391253
Dora,BD40444227,,,,Kotchandpur,BD404442,Jhenaidah,BD4044,Khulna,BD40,Bangladesh,BD,2015-01-01,2020-11-13,,38.5994049820621
Dowhakhala,BD45612327,,,,Gauripur,BD456123,Mymensingh,BD4561,Mymensingh,BD45,Bangladesh,BD,2015-01-01,2020-11-13,,24.9639808448906
Duaria,BD50694438,,,,Lalpur,BD506944,Natore,BD5069,Rajshahi,BD50,Bangladesh,BD,2015-01-01,2020-11-13,,29.7970487765617
Duaz,BD45720423,,,,Atpara,BD457204,Netrakona,BD4572,Mymensingh,BD45,Bangladesh,BD,2015-01-01,2020-11-13,,24.2407337274496
Dubail,BD30932341,,,,Delduar,BD309323,Tangail,BD3093,Dhaka,BD30,Bangladesh,BD,2015-01-01,2020-11-13,,18.5043877586482
Dubalhati,BD50646051,,,,Naogaon Sadar,BD506460,Naogaon,BD5064,Rajshahi,BD50,Bangladesh,BD,2015-01-01,2020-11-13,,30.4747691072489
Dudhal,BD10060733,,,,Bakerganj,BD100607,Barisal,BD1006,Barisal,BD10,Bangladesh,BD,2015-01-01,2020-11-13,,30.0226433053557
Dudhsar,BD40448031,,,,Shailkupa,BD404480,Jhenaidah,BD4044,Khulna,BD40,Bangladesh,BD,2015-01-01,2020-11-13,,28.6291916202212
Dudkhali,BD30545423,,,,Madaripur Sadar,BD305454,Madaripur,BD3054,Dhaka,BD30,Bangladesh,BD,2015-01-01,2020-11-13,,14.925995685113
Duhalia,BD60903332,,,,Dowarabazar,BD609033,Sunamganj,BD6090,Sylhet,BD60,Bangladesh,BD,2015-01-01,2020-11-13,,29.6312717576924
Dulahazara,BD20221633,,,,Chakaria,BD202216,Cox's Bazar,BD2022,Chittagong,BD20,Bangladesh,BD,2015-01-01,2020-11-13,,40.51911874074801
Dulai,BD50768319,,,,Sujanagar,BD507683,Pabna,BD5076,Rajshahi,BD50,Bangladesh,BD,2015-01-01,2020-11-13,,29.2497366701964
Dulal Pur,BD20195422,,,,Homna,BD201954,Comilla,BD2019,Chittagong,BD20,Bangladesh,BD,2015-01-01,2020-11-13,,12.6497341335522
Dulalpur,BD20191530,,,,Brahman Para,BD201915,Comilla,BD2019,Chittagong,BD20,Bangladesh,BD,2015-01-01,2020-11-13,,13.2453242435702
Dulalpur,BD30687642,,,,Shibpur,BD306876,Narsingdi,BD3068,Dhaka,BD30,Bangladesh,BD,2015-01-01,2020-11-13,,26.0074091454282
Dular Bazar,BD60902338,,,,Chhatak,BD609023,Sunamganj,BD6090,Sylhet,BD60,Bangladesh,BD,2015-01-01,2020-11-13,,43.199720019647
Dulla,BD45616534,,,,Muktagachha,BD456165,Mymensingh,BD4561,Mymensingh,BD45,Bangladesh,BD,2015-01-01,2020-11-13,,41.8534999128947
Dulyatali,BD20466147,,,,Lakshmichhari,BD204661,Khagrachhari,BD2046,Chittagong,BD20,Bangladesh,BD,2015-01-01,2020-11-13,,76.5825300712069
Dumain,BD30295621,,,,Madhukhali,BD302956,Faridpur,BD3029,Dhaka,BD30,Bangladesh,BD,2015-01-01,2020-11-13,,23.8851206899035
Dumdumya,BD20844738,,,,Jurai Chhari,BD208447,Rangamati,BD2084,Chittagong,BD20,Bangladesh,BD,2015-01-01,2020-11-13,,83.98407316925301
Dumni,BD30263749,,,,Khilkhet,BD302637,Dhaka,BD3026,Dhaka,BD30,Bangladesh,BD,2015-01-01,2020-11-13,,5.12404979369081
Dumuria,BD20758038,,,,Senbagh,BD207580,Noakhali,BD2075,Chittagong,BD20,Bangladesh,BD,2015-01-01,2020-11-13,,24.0003971495785
Dumuria,BD30359128,,,,Tungi Para,BD303591,Gopalganj,BD3035,Dhaka,BD30,Bangladesh,BD,2015-01-01,2020-11-13,,30.4943734285951
Dumuria,BD40473027,,,,Dumuria,BD404730,Khulna,BD4047,Khulna,BD40,Bangladesh,BD,2015-01-01,2020-11-13,,18.6352244721551
Duosuo,BD55940873,,,,Baliadangi,BD559408,Thakurgaon,BD5594,Rangpur,BD55,Bangladesh,BD,2015-01-01,2020-11-13,,32.6554742942838
Duptara,BD30670231,,,,Araihazar,BD306702,Narayanganj,BD3067,Dhaka,BD30,Bangladesh,BD,2015-01-01,2020-11-13,,16.6220366143929
Duptiair,BD30937621,,,,Nagarpur,BD309376,Tangail,BD3093,Dhaka,BD30,Bangladesh,BD,2015-01-01,2020-11-13,,25.0397938369132
Durbadanga,BD40416122,,,,Manirampur,BD404161,Jessore,BD4041,Khulna,BD40,Bangladesh,BD,2015-01-01,2020-11-13,,25.978532764349
Durduria,BD50694447,,,,Lalpur,BD506944,Natore,BD5069,Rajshahi,BD50,Bangladesh,BD,2015-01-01,2020-11-13,,26.9907405600153
Durga Pasha,BD10060740,,,,Bakerganj,BD100607,Barisal,BD1006,Barisal,BD10,Bangladesh,BD,2015-01-01,2020-11-13,,15.7826296351837
Durgahata,BD50104027,,,,Gabtali,BD501040,Bogra,BD5010,Rajshahi,BD50,Bangladesh,BD,2015-01-01,2020-11-13,,28.0044399243914
Durganagar,BD50889429,,,,Ullah Para,BD508894,Sirajganj,BD5088,Rajshahi,BD50,Bangladesh,BD,2015-01-01,2020-11-13,,32.6177601648926
Durgapasha,BD60902711,,,,Dakshin Sunamganj,BD609027,Sunamganj,BD6090,Sylhet,BD60,Bangladesh,BD,2015-01-01,2020-11-13,,38.4594665548289
Durgapur,BD10798017,,,,Pirojpur Sadar,BD107980,Pirojpur,BD1079,Barisal,BD10,Bangladesh,BD,2015-01-01,2020-11-13,,18.2730710100845
Durgapur,BD20123338,,,,Ashuganj,BD201233,Brahamanbaria,BD2012,Chittagong,BD20,Bangladesh,BD,2015-01-01,2020-11-13,,12.450873173567
Durgapur,BD20137915,,,,Matlab Uttar,BD201379,Chandpur,BD2013,Chittagong,BD20,Bangladesh,BD,2015-01-01,2020-11-13,,25.6754885132856
Durgapur,BD20155324,,,,Mirsharai,BD201553,Chittagong,BD2015,Chittagong,BD20,Bangladesh,BD,2015-01-01,2020-11-13,,16.5645101326081
Durgapur,BD20750738,,,,Begumganj,BD207507,Noakhali,BD2075,Chittagong,BD20,Bangladesh,BD,2015-01-01,2020-11-13,,11.4789079521383
Durgapur,BD30333625,,,,Kapasia,BD303336,Gazipur,BD3033,Dhaka,BD30,Bangladesh,BD,2015-01-01,2020-11-13,,37.1599481559744
Durgapur,BD30353217,,,,Gopalganj Sadar,BD303532,Gopalganj,BD3035,Dhaka,BD30,Bangladesh,BD,2015-01-01,2020-11-13,,18.3814098396986
Durgapur,BD30934729,,,,Kalihati,BD309347,Tangail,BD3093,Dhaka,BD30,Bangladesh,BD,2015-01-01,2020-11-13,,12.5630145108998
Durgapur,BD40870443,,,,Assasuni,BD408704,Satkhira,BD4087,Khulna,BD40,Bangladesh,BD,2015-01-01,2020-11-13,,24.1748445116645
Durgapur,BD45721851,,,,Durgapur,BD457218,Netrakona,BD4572,Mymensingh,BD45,Bangladesh,BD,2015-01-01,2020-11-13,,31.5561330049633
Durgapur,BD50105419,,,,Kahaloo,BD501054,Bogra,BD5010,Rajshahi,BD50,Bangladesh,BD,2015-01-01,2020-11-13,,30.6814340575426
Durgapur,BD55499450,,,,Ulipur,BD554994,Kurigram,BD5549,Rangpur,BD55,Bangladesh,BD,2015-01-01,2020-11-13,,24.2337393331175
Durgapur,BD55520241,,,,Aditmari,BD555202,Lalmonirhat,BD5552,Rangpur,BD55,Bangladesh,BD,2015-01-01,2020-11-13,,36.4746656242103
Durgapur,BD55855849,,,,Mitha Pukur,BD558558,Rangpur,BD5585,Rangpur,BD55,Bangladesh,BD,2015-01-01,2020-11-13,,36.0035300929068
Durgapur Paurashava,BD45721899,,,,Durgapur,BD457218,Netrakona,BD4572,Mymensingh,BD45,Bangladesh,BD,2015-01-01,2020-11-13,,15.6337487984721
Durgapur Paurashava,BD50813199,,,,Durgapur,BD508131,Rajshahi,BD5081,Rajshahi,BD50,Bangladesh,BD,2015-01-01,2020-11-13,,20.3086140720752
Durlabhpur,BD50708829,,,,Shibganj,BD507088,Nawabganj,BD5070,Rajshahi,BD50,Bangladesh,BD,2015-01-01,2020-11-13,,50.7915754002484
Durmut,BD45396128,,,,Melandaha,BD453961,Jamalpur,BD4539,Mymensingh,BD45,Bangladesh,BD,2015-01-01,2020-11-13,,17.4597493087678
Dwippur,BD50811231,,,,Baghmara,BD508112,Rajshahi,BD5081,Rajshahi,BD50,Bangladesh,BD,2015-01-01,2020-11-13,,13.9204525182287
East Chitasi,BD20139515,,,,Shahrasti,BD201395,Chandpur,BD2013,Chittagong,BD20,Bangladesh,BD,2015-01-01,2020-11-13,,15.2865927321708
Egarasindur,BD30487938,,,,Pakundia,BD304879,Kishoreganj,BD3048,Dhaka,BD30,Bangladesh,BD,2015-01-01,2020-11-13,,25.5736405065253
Ekarchali,BD55859247,,,,Taraganj,BD558592,Rangpur,BD5585,Rangpur,BD55,Bangladesh,BD,2015-01-01,2020-11-13,,22.6232897766894
Ekatuna,BD60587429,,,,Maulvi Bazar Sadar,BD605874,Maulvibazar,BD6058,Sylhet,BD60,Bangladesh,BD,2015-01-01,2020-11-13,,20.7274732551359
Ekdala,BD50648521,,,,Raninagar,BD506485,Naogaon,BD5064,Rajshahi,BD50,Bangladesh,BD,2015-01-01,2020-11-13,,46.994259461341
Ekdanta,BD50760547,,,,Atgharia,BD507605,Pabna,BD5076,Rajshahi,BD50,Bangladesh,BD,2015-01-01,2020-11-13,,36.41625617990429
Ekduaria,BD30685254,,,,Manohardi,BD306852,Narsingdi,BD3068,Dhaka,BD30,Bangladesh,BD,2015-01-01,2020-11-13,,16.3162106900182
Eklashpur,BD20750742,,,,Begumganj,BD207507,Noakhali,BD2075,Chittagong,BD20,Bangladesh,BD,2015-01-01,2020-11-13,,18.4063219913158
Eklaspur,BD20137921,,,,Matlab Uttar,BD201379,Chandpur,BD2013,Chittagong,BD20,Bangladesh,BD,2015-01-01,2020-11-13,,29.2658283160901
Elahabad,BD20194071,,,,Debidwar,BD201940,Comilla,BD2019,Chittagong,BD20,Bangladesh,BD,2015-01-01,2020-11-13,,16.6938331253494
Elangi,BD40444240,,,,Kotchandpur,BD404442,Jhenaidah,BD4044,Khulna,BD40,Bangladesh,BD,2015-01-01,2020-11-13,,25.8215486039034
Elangi,BD50102747,,,,Dhunat,BD501027,Bogra,BD5010,Rajshahi,BD50,Bangladesh,BD,2015-01-01,2020-11-13,,19.7753106517749
Elasin,BD30932347,,,,Delduar,BD309323,Tangail,BD3093,Dhaka,BD30,Bangladesh,BD,2015-01-01,2020-11-13,,22.3835374950392
Elenga,BD30934736,,,,Kalihati,BD309347,Tangail,BD3093,Dhaka,BD30,Bangladesh,BD,2015-01-01,2020-11-13,,20.8241249696077
Elongjuri,BD30483347,,,,Itna,BD304833,Kishoreganj,BD3048,Dhaka,BD30,Bangladesh,BD,2015-01-01,2020-11-13,,35.0633242577278
Eluary,BD55273847,,,,Fulbari,BD552738,Dinajpur,BD5527,Rangpur,BD55,Bangladesh,BD,2015-01-01,2020-11-13,,41.4040976175206
Emadpur,BD55855854,,,,Mitha Pukur,BD558558,Rangpur,BD5585,Rangpur,BD55,Bangladesh,BD,2015-01-01,2020-11-13,,38.2570411498855
Enayetnagar,BD30544037,,,,Kalkini,BD305440,Madaripur,BD3054,Dhaka,BD30,Bangladesh,BD,2015-01-01,2020-11-13,,23.2680029849277
Enayetnagar,BD30675831,,,,Narayanganj Sadar,BD306758,Narayanganj,BD3067,Dhaka,BD30,Bangladesh,BD,2015-01-01,2020-11-13,,6.020375577011159
Enayetpur,BD45612041,,,,Fulbaria,BD456120,Mymensingh,BD4561,Mymensingh,BD45,Bangladesh,BD,2015-01-01,2020-11-13,,38.2518029840108
Enayetpur,BD50645038,,,,Mahadebpur,BD506450,Naogaon,BD5064,Rajshahi,BD50,Bangladesh,BD,2015-01-01,2020-11-13,,46.154294933873
Eochia,BD20158214,,,,Satkania,BD201582,Chittagong,BD2015,Chittagong,BD20,Bangladesh,BD,2015-01-01,2020-11-13,,23.5655517700117
Erendabari,BD55322111,,,,Fulchhari,BD553221,Gaibandha,BD5532,Rangpur,BD55,Bangladesh,BD,2015-01-01,2020-11-13,,89.9514631755836
Erulia,BD50102023,,,,Bogra Sadar,BD501020,Bogra,BD5010,Rajshahi,BD50,Bangladesh,BD,2015-01-01,2020-11-13,,18.7149586620273
Ewajpur,BD10092553,,,,Char Fasson,BD100925,Bhola,BD1009,Barisal,BD10,Bangladesh,BD,2015-01-01,2020-11-13,,25.4535844948659
Ewazbalia,BD20758750,,,,Noakhali Sadar (Sudharam),BD207587,Noakhali,BD2075,Chittagong,BD20,Bangladesh,BD,2015-01-01,2020-11-13,,45.0159595859474
Failjana,BD50762234,,,,Chatmohar,BD507622,Pabna,BD5076,Rajshahi,BD50,Bangladesh,BD,2015-01-01,2020-11-13,,35.3146346454127
Faitang,BD20035127,,,,Lama,BD200351,Bandarban,BD2003,Chittagong,BD20,Bangladesh,BD,2015-01-01,2020-11-13,,36.7863115396816
Fakir Para,BD55523331,,,,Hatibandha,BD555233,Lalmonirhat,BD5552,Rangpur,BD55,Bangladesh,BD,2015-01-01,2020-11-13,,21.7031679343814
Fakirhat,BD40013431,,,,Fakirhat,BD400134,Bagerhat,BD4001,Khulna,BD40,Bangladesh,BD,2015-01-01,2020-11-13,,26.7616915411971
Falda,BD30931940,,,,Bhuapur,BD309319,Tangail,BD3093,Dhaka,BD30,Bangladesh,BD,2015-01-01,2020-11-13,,18.5773402941612
Fandauk,BD20129043,,,,Nasirnagar,BD201290,Brahamanbaria,BD2012,Chittagong,BD20,Bangladesh,BD,2015-01-01,2020-11-13,,17.0289194185457
Fapore,BD50102025,,,,Bogra Sadar,BD501020,Bogra,BD5010,Rajshahi,BD50,Bangladesh,BD,2015-01-01,2020-11-13,,18.1778182160209
Farajikandi,BD20137913,,,,Matlab Uttar,BD201379,Chandpur,BD2013,Chittagong,BD20,Bangladesh,BD,2015-01-01,2020-11-13,,18.8812873017206
Farakkabad,BD55271766,,,,Biral,BD552717,Dinajpur,BD5527,Rangpur,BD55,Bangladesh,BD,2015-01-01,2020-11-13,,26.9192026765115
Farazganj,BD10095438,,,,Lalmohan,BD100954,Bhola,BD1009,Barisal,BD10,Bangladesh,BD,2015-01-01,2020-11-13,,19.5870720303506
Farhadnagar,BD20302925,,,,Feni Sadar,BD203029,Feni,BD2030,Chittagong,BD20,Bangladesh,BD,2015-01-01,2020-11-13,,17.6525822758787
Faridganj Paurashava,BD20134599,,,,Faridganj,BD201345,Chandpur,BD2013,Chittagong,BD20,Bangladesh,BD,2015-01-01,2020-11-13,,20.74543017699
Faridpur,BD10060747,,,,Bakerganj,BD100607,Barisal,BD1006,Barisal,BD10,Bangladesh,BD,2015-01-01,2020-11-13,,21.7894743289616
Faridpur,BD30485423,,,,Kuliar Char,BD304854,Kishoreganj,BD3048,Dhaka,BD30,Bangladesh,BD,2015-01-01,2020-11-13,,7.41959432169913
Faridpur,BD50763352,,,,Faridpur,BD507633,Pabna,BD5076,Rajshahi,BD50,Bangladesh,BD,2015-01-01,2020-11-13,,22.9248763522653
Faridpur,BD55328243,,,,Sadullapur,BD553282,Gaibandha,BD5532,Rangpur,BD55,Bangladesh,BD,2015-01-01,2020-11-13,,21.6001192779224
Faridpur Paurashava,BD30294799,,,,Faridpur Sadar,BD302947,Faridpur,BD3029,Dhaka,BD30,Bangladesh,BD,2015-01-01,2020-11-13,,14.2553739496471
Faridpur Paurashava,BD50763399,,,,Faridpur,BD507633,Pabna,BD5076,Rajshahi,BD50,Bangladesh,BD,2015-01-01,2020-11-13,,3.46367111275653
Farua,BD20842947,,,,Belai Chhari,BD208429,Rangamati,BD2084,Chittagong,BD20,Bangladesh,BD,2015-01-01,2020-11-13,,927.948309987306
Fasiakhali,BD20221644,,,,Chakaria,BD202216,Cox's Bazar,BD2022,Chittagong,BD20,Bangladesh,BD,2015-01-01,2020-11-13,,14.6439278024643
Fasyakhali,BD20035131,,,,Lama,BD200351,Bandarban,BD2003,Chittagong,BD20,Bangladesh,BD,2015-01-01,2020-11-13,,116.720709808413
Fateh Jangapur,BD30866544,,,,Naria,BD308665,Shariatpur,BD3086,Dhaka,BD30,Bangladesh,BD,2015-01-01,2020-11-13,,9.98726948558969
Fatehabad,BD20194047,,,,Debidwar,BD201940,Comilla,BD2019,Chittagong,BD20,Bangladesh,BD,2015-01-01,2020-11-13,,23.0464526340821
Fatehjanapur,BD55273047,,,,Chirirbandar,BD552730,Dinajpur,BD5527,Rangpur,BD55,Bangladesh,BD,2015-01-01,2020-11-13,,24.7779442451851
Fatehpur,BD20153735,,,,Hathazari,BD201537,Chittagong,BD2015,Chittagong,BD20,Bangladesh,BD,2015-01-01,2020-11-13,,20.2833737034877
Fatehpur,BD30670239,,,,Araihazar,BD306702,Narayanganj,BD3067,Dhaka,BD30,Bangladesh,BD,2015-01-01,2020-11-13,,9.54528234734239
Fatehpur,BD30936647,,,,Mirzapur,BD309366,Tangail,BD3093,Dhaka,BD30,Bangladesh,BD,2015-01-01,2020-11-13,,22.4002717085913
Fatehpur,BD40447117,,,,Maheshpur,BD404471,Jhenaidah,BD4044,Khulna,BD40,Bangladesh,BD,2015-01-01,2020-11-13,,24.6909662782805
Fatehpur,BD45725610,,,,Madan,BD457256,Netrakona,BD4572,Mymensingh,BD45,Bangladesh,BD,2015-01-01,2020-11-13,,36.445230176082
Fatehpur,BD50705619,,,,Nachole,BD507056,Nawabganj,BD5070,Rajshahi,BD50,Bangladesh,BD,2015-01-01,2020-11-13,,75.5562886382187
Fatehpur,BD60588010,,,,Rajnagar,BD605880,Maulvibazar,BD6058,Sylhet,BD60,Bangladesh,BD,2015-01-01,2020-11-13,,87.74177359600779
Fatehpur,BD60901834,,,,Bishwambarpur,BD609018,Sunamganj,BD6090,Sylhet,BD60,Bangladesh,BD,2015-01-01,2020-11-13,,28.2753076039165
Fatehpur,BD60914121,,,,Gowainghat,BD609141,Sylhet,BD6091,Sylhet,BD60,Bangladesh,BD,2015-01-01,2020-11-13,,37.3155321897264
Fatehpur,BD60915345,,,,Jaintiapur,BD609153,Sylhet,BD6091,Sylhet,BD60,Bangladesh,BD,2015-01-01,2020-11-13,,32.6881416717529
Fatekharkul,BD20226615,,,,Ramu,BD202266,Cox's Bazar,BD2022,Chittagong,BD20,Bangladesh,BD,2015-01-01,2020-11-13,,9.75833811958879
Fathehpur,BD40414741,,,,Kotwali,BD404147,Jessore,BD4041,Khulna,BD40,Bangladesh,BD,2015-01-01,2020-11-13,,28.3639054665989
Fatik Chhari,BD20842538,,,,Kawkhali (Betbunia),BD208425,Rangamati,BD2084,Chittagong,BD20,Bangladesh,BD,2015-01-01,2020-11-13,,57.5881668808574
Fatullah (part),BD30675837,,,,Narayanganj Sadar,BD306758,Narayanganj,BD3067,Dhaka,BD30,Bangladesh,BD,2015-01-01,2020-11-13,,7.47961392837228
Fazilhati,BD30932359,,,,Delduar,BD309323,Tangail,BD3093,Dhaka,BD30,Bangladesh,BD,2015-01-01,2020-11-13,,17.5375966068479
Fazilpur,BD20302930,,,,Feni Sadar,BD203029,Feni,BD2030,Chittagong,BD20,Bangladesh,BD,2015-01-01,2020-11-13,,15.4667759397505
Fazilpur,BD55276434,,,,Dinajpur Sadar,BD552764,Dinajpur,BD5527,Rangpur,BD55,Bangladesh,BD,2015-01-01,2020-11-13,,35.1978032919996
Fazlupur,BD55322123,,,,Fulchhari,BD553221,Gaibandha,BD5532,Rangpur,BD55,Bangladesh,BD,2015-01-01,2020-11-13,,74.1434389702422
Fenarbak,BD60905054,,,,Jamalganj,BD609050,Sunamganj,BD6090,Sylhet,BD60,Bangladesh,BD,2015-01-01,2020-11-13,,127.197632826607
Fenchuganj,BD60913523,,,,Fenchuganj,BD609135,Sylhet,BD6091,Sylhet,BD60,Bangladesh,BD,2015-01-01,2020-11-13,,33.5725722816105
Feni Paurashava,BD20302999,,,,Feni Sadar,BD203029,Feni,BD2030,Chittagong,BD20,Bangladesh,BD,2015-01-01,2020-11-13,,18.6187997026894
Fhaguradiar,BD50690942,,,,Bagati Para,BD506909,Natore,BD5069,Rajshahi,BD50,Bangladesh,BD,2015-01-01,2020-11-13,,20.4392242879816
Fingri,BD40878251,,,,Satkhira Sadar,BD408782,Satkhira,BD4087,Khulna,BD40,Bangladesh,BD,2015-01-01,2020-11-13,,31.0472918835999
Forhadabad,BD20153741,,,,Hathazari,BD201537,Chittagong,BD2015,Chittagong,BD20,Bangladesh,BD,2015-01-01,2020-11-13,,51.2964585386186
Fukura,BD30354313,,,,Kashiani,BD303543,Gopalganj,BD3035,Dhaka,BD30,Bangladesh,BD,2015-01-01,2020-11-13,,29.3528266971709
Fukurhati,BD30567066,,,,Saturia,BD305670,Manikganj,BD3056,Dhaka,BD30,Bangladesh,BD,2015-01-01,2020-11-13,,15.2747019481395
Fulbari,BD50108131,,,,Sariakandi,BD501081,Bogra,BD5010,Rajshahi,BD50,Bangladesh,BD,2015-01-01,2020-11-13,,23.4115319186121
Fulbari,BD55323011,,,,Gobindaganj,BD553230,Gaibandha,BD5532,Rangpur,BD55,Bangladesh,BD,2015-01-01,2020-11-13,,16.7568660077483
Fulbari,BD60913843,,,,Golabganj,BD609138,Sylhet,BD6091,Sylhet,BD60,Bangladesh,BD,2015-01-01,2020-11-13,,21.8148863549224
Fulbaria,BD30333247,,,,Kaliakair,BD303332,Gazipur,BD3033,Dhaka,BD30,Bangladesh,BD,2015-01-01,2020-11-13,,74.2358217883745
Fulbaria,BD40509473,,,,Mirpur,BD405094,Kushtia,BD4050,Khulna,BD40,Bangladesh,BD,2015-01-01,2020-11-13,,11.8297245116191
Fulbaria,BD45612047,,,,Fulbaria,BD456120,Mymensingh,BD4561,Mymensingh,BD45,Bangladesh,BD,2015-01-01,2020-11-13,,32.087970619555
Fulbaria Paurashava,BD45612099,,,,Fulbaria,BD456120,Mymensingh,BD4561,Mymensingh,BD45,Bangladesh,BD,2015-01-01,2020-11-13,,3.89452182155024
Fulchhari,BD55322135,,,,Fulchhari,BD553221,Gaibandha,BD5532,Rangpur,BD55,Bangladesh,BD,2015-01-01,2020-11-13,,49.7974835583388
Fulgazi,BD20304167,,,,Fulgazi,BD203041,Feni,BD2030,Chittagong,BD20,Bangladesh,BD,2015-01-01,2020-11-13,,30.2490920812513
Fulhari,BD40448044,,,,Shailkupa,BD404480,Jhenaidah,BD4044,Khulna,BD40,Bangladesh,BD,2015-01-01,2020-11-13,,21.4451530294714
Fulki,BD30930935,,,,Basail,BD309309,Tangail,BD3093,Dhaka,BD30,Bangladesh,BD,2015-01-01,2020-11-13,,32.9996218091908
Fulkocha,BD45396138,,,,Melandaha,BD453961,Jamalpur,BD4539,Mymensingh,BD45,Bangladesh,BD,2015-01-01,2020-11-13,,20.442144731705
Fultala,BD60583523,,,,Juri,BD605835,Maulvibazar,BD6058,Sylhet,BD60,Bangladesh,BD,2015-01-01,2020-11-13,,28.7794064737889
Fursandi,BD40441913,,,,Jhenaidah Sadar,BD404419,Jhenaidah,BD4044,Khulna,BD40,Bangladesh,BD,2015-01-01,2020-11-13,,29.2626352865669
G.M.Hat,BD20304174,,,,Fulgazi,BD203041,Feni,BD2030,Chittagong,BD20,Bangladesh,BD,2015-01-01,2020-11-13,,11.7561665083014
Gabha Ramchandrapur,BD10424038,,,,Jhalokati Sadar,BD104240,Jhalokati,BD1042,Barisal,BD10,Bangladesh,BD,2015-01-01,2020-11-13,,20.6572212661584
Gabkhan Dhansiri,BD10424028,,,,Jhalokati Sadar,BD104240,Jhalokati,BD1042,Barisal,BD10,Bangladesh,BD,2015-01-01,2020-11-13,,20.2474968208646
Gabsara,BD30931954,,,,Bhuapur,BD309319,Tangail,BD3093,Dhaka,BD30,Bangladesh,BD,2015-01-01,2020-11-13,,76.7963900045502
Gabtali,BD50104033,,,,Gabtali,BD501040,Bogra,BD5010,Rajshahi,BD50,Bangladesh,BD,2015-01-01,2020-11-13,,15.6298352098525
Gabtali Paurashava,BD50104099,,,,Gabtali,BD501040,Bogra,BD5010,Rajshahi,BD50,Bangladesh,BD,2015-01-01,2020-11-13,,5.15697274275239
Gabura,BD40878631,,,,Shyamnagar,BD408786,Satkhira,BD4087,Khulna,BD40,Bangladesh,BD,2015-01-01,2020-11-13,,41.4661665544325
Gachha,BD30333031,,,,Gazipur Sadar,BD303330,Gazipur,BD3033,Dhaka,BD30,Bangladesh,BD,2015-01-01,2020-11-13,,28.0634547149516
Gachhua,BD10066935,,,,Muladi,BD100669,Barisal,BD1006,Barisal,BD10,Bangladesh,BD,2015-01-01,2020-11-13,,24.0149919550292
Gachhua,BD20157830,,,,Sandwip,BD201578,Chittagong,BD2015,Chittagong,BD20,Bangladesh,BD,2015-01-01,2020-11-13,,12.2757464280293
Gadaipur,BD40476433,,,,Paikgachha,BD404764,Khulna,BD4047,Khulna,BD40,Bangladesh,BD,2015-01-01,2020-11-13,,20.3347444037335
Gadkhali,BD40412335,,,,Jhikargachha,BD404123,Jessore,BD4041,Khulna,BD40,Bangladesh,BD,2015-01-01,2020-11-13,,21.1667498758086
Gaffargaon,BD45612225,,,,Gaffargaon,BD456122,Mymensingh,BD4561,Mymensingh,BD45,Bangladesh,BD,2015-01-01,2020-11-13,,23.6679090291685
Gaffargaon Paurashava,BD45612299,,,,Gaffargaon,BD456122,Mymensingh,BD4561,Mymensingh,BD45,Bangladesh,BD,2015-01-01,2020-11-13,,8.7909940219379
Gaglajur,BD45726331,,,,Mohanganj,BD457263,Netrakona,BD4572,Mymensingh,BD45,Bangladesh,BD,2015-01-01,2020-11-13,,43.88904601473
Gahira,BD20157437,,,,Raozan,BD201574,Chittagong,BD2015,Chittagong,BD20,Bangladesh,BD,2015-01-01,2020-11-13,,14.9449041301551
Gaibandha,BD45392939,,,,Islampur,BD453929,Jamalpur,BD4539,Mymensingh,BD45,Bangladesh,BD,2015-01-01,2020-11-13,,35.735082656136
Gaila,BD10060247,,,,Agailjhara,BD100602,Barisal,BD1006,Barisal,BD10,Bangladesh,BD,2015-01-01,2020-11-13,,25.8672956407081
Gainda,BD20847871,,,,Rajasthali,BD208478,Rangamati,BD2084,Chittagong,BD20,Bangladesh,BD,2015-01-01,2020-11-13,,40.2397919213033
Gajaghanta,BD55852742,,,,Gangachara,BD558527,Rangpur,BD5585,Rangpur,BD55,Bangladesh,BD,2015-01-01,2020-11-13,,21.188541515748
Gajalia,BD20035147,,,,Lama,BD200351,Bandarban,BD2003,Chittagong,BD20,Bangladesh,BD,2015-01-01,2020-11-13,,173.811962469848
Gajna,BD30295631,,,,Madhukhali,BD302956,Faridpur,BD3029,Dhaka,BD30,Bangladesh,BD,2015-01-01,2020-11-13,,35.7090783865246
Gajra,BD20137923,,,,Matlab Uttar,BD201379,Chandpur,BD2013,Chittagong,BD20,Bangladesh,BD,2015-01-01,2020-11-13,,2.75340961169013
Gala,BD30562851,,,,Harirampur,BD305628,Manikganj,BD3056,Dhaka,BD30,Bangladesh,BD,2015-01-01,2020-11-13,,17.2986898362173
Gala,BD30939541,,,,Tangail Sadar,BD309395,Tangail,BD3093,Dhaka,BD30,Bangladesh,BD,2015-01-01,2020-11-13,,16.0255956326093
Gala,BD50886714,,,,Shahjadpur,BD508867,Sirajganj,BD5088,Rajshahi,BD50,Bangladesh,BD,2015-01-01,2020-11-13,,28.8641970620326
Galachipa,BD10785767,,,,Galachipa,BD107857,Patuakhali,BD1078,Barisal,BD10,Bangladesh,BD,2015-01-01,2020-11-13,,27.0568712061414
Galagaon,BD45618136,,,,Phulpur,BD456181,Mymensingh,BD4561,Mymensingh,BD45,Bangladesh,BD,2015-01-01,2020-11-13,,30.2406448911948
Galiara,BD20193358,,,,Comilla Sadar Dakshin,BD201933,Comilla,BD2019,Chittagong,BD20,Bangladesh,BD,2015-01-01,2020-11-13,,22.567723282738
Galimpur,BD20190944,,,,Barura,BD201909,Comilla,BD2019,Chittagong,BD20,Bangladesh,BD,2015-01-01,2020-11-13,,34.31367073014059
Galimpur,BD30266247,,,,Nawabganj,BD302662,Dhaka,BD3026,Dhaka,BD30,Bangladesh,BD,2015-01-01,2020-11-13,,9.48544163138571
Gallai (uttar Gallai Union),BD20192755,,,,Chandina,BD201927,Comilla,BD2019,Chittagong,BD20,Bangladesh,BD,2015-01-01,2020-11-13,,20.23174024478
Galua,BD10428427,,,,Rajapur,BD104284,Jhalokati,BD1042,Barisal,BD10,Bangladesh,BD,2015-01-01,2020-11-13,,30.7977663427959
Gamaritala,BD45611642,,,,Dhobaura,BD456116,Mymensingh,BD4561,Mymensingh,BD45,Bangladesh,BD,2015-01-01,2020-11-13,,32.3815743704747
Ganapaddi,BD45896738,,,,Nakla,BD458967,Sherpur,BD4589,Mymensingh,BD45,Bangladesh,BD,2015-01-01,2020-11-13,,20.3198207437843
Ganda,BD45724740,,,,Kendua,BD457247,Netrakona,BD4572,Mymensingh,BD45,Bangladesh,BD,2015-01-01,2020-11-13,,18.8541705402013
Gandail,BD50885025,,,,Kazipur,BD508850,Sirajganj,BD5088,Rajshahi,BD50,Bangladesh,BD,2015-01-01,2020-11-13,,22.3974741161302
Gandamara,BD20150831,,,,Banshkhali,BD201508,Chittagong,BD2015,Chittagong,BD20,Bangladesh,BD,2015-01-01,2020-11-13,,25.0320046213306
Ganeshpur,BD50644727,,,,Manda,BD506447,Naogaon,BD5064,Rajshahi,BD50,Bangladesh,BD,2015-01-01,2020-11-13,,25.7411538323173
Gangachara,BD55852731,,,,Gangachara,BD558527,Rangpur,BD5585,Rangpur,BD55,Bangladesh,BD,2015-01-01,2020-11-13,,25.7985679629622
Gangail,BD45617231,,,,Nandail,BD456172,Mymensingh,BD4561,Mymensingh,BD45,Bangladesh,BD,2015-01-01,2020-11-13,,24.0092847043327
Ganganandapur,BD40412329,,,,Jhikargachha,BD404123,Jessore,BD4041,Khulna,BD40,Bangladesh,BD,2015-01-01,2020-11-13,,31.1324393127565
Gangapur,BD10092128,,,,Burhanuddin,BD100921,Bhola,BD1009,Barisal,BD10,Bangladesh,BD,2015-01-01,2020-11-13,,40.0749746612188
Gangarampur,BD40471259,,,,Batiaghata,BD404712,Khulna,BD4047,Khulna,BD40,Bangladesh,BD,2015-01-01,2020-11-13,,38.0074447054039
Gangarampur,BD40558547,,,,Shalikha,BD405585,Magura,BD4055,Khulna,BD40,Bangladesh,BD,2015-01-01,2020-11-13,,28.4678731233928
Gangni,BD40015638,,,,Mollahat,BD400156,Bagerhat,BD4001,Khulna,BD40,Bangladesh,BD,2015-01-01,2020-11-13,,15.1975841658365
Gangni,BD40180739,,,,Alamdanga,BD401807,Chuadanga,BD4018,Khulna,BD40,Bangladesh,BD,2015-01-01,2020-11-13,,25.2159878804508
Gangni Paurashava,BD40574799,,,,Gangni,BD405747,Meherpur,BD4057,Khulna,BD40,Bangladesh,BD,2015-01-01,2020-11-13,,16.8498839901805
Ganguria,BD50647923,,,,Porsha,BD506479,Naogaon,BD5064,Rajshahi,BD50,Bangladesh,BD,2015-01-01,2020-11-13,,33.0811835365419
Gangutia,BD30261441,,,,Dhamrai,BD302614,Dhaka,BD3026,Dhaka,BD30,Bangladesh,BD,2015-01-01,2020-11-13,,13.9247184678285
Ganipur,BD50811250,,,,Baghmara,BD508112,Rajshahi,BD5081,Rajshahi,BD50,Bangladesh,BD,2015-01-01,2020-11-13,,37.0342174559274
Ganna,BD40441915,,,,Jhenaidah Sadar,BD404419,Jhenaidah,BD4044,Khulna,BD40,Bangladesh,BD,2015-01-01,2020-11-13,,32.6467056149507
Gaodia,BD30594431,,,,Lohajang,BD305944,Munshiganj,BD3059,Dhaka,BD30,Bangladesh,BD,2015-01-01,2020-11-13,,26.0717800192529
Gaokandia,BD45721869,,,,Durgapur,BD457218,Netrakona,BD4572,Mymensingh,BD45,Bangladesh,BD,2015-01-01,2020-11-13,,46.3160824998845
Gaola,BD40015647,,,,Mollahat,BD400156,Bagerhat,BD4001,Khulna,BD40,Bangladesh,BD,2015-01-01,2020-11-13,,40.0827457956241
Garadaha,BD50886721,,,,Shahjadpur,BD508867,Sirajganj,BD5088,Rajshahi,BD50,Bangladesh,BD,2015-01-01,2020-11-13,,16.7863594978593
Garadoba,BD45724733,,,,Kendua,BD457247,Netrakona,BD4572,Mymensingh,BD45,Bangladesh,BD,2015-01-01,2020-11-13,,24.5331442824469
Garagram,BD55734543,,,,Kishoreganj,BD557345,Nilphamari,BD5573,Rangpur,BD55,Bangladesh,BD,2015-01-01,2020-11-13,,23.1071908813334
Garduara,BD20153747,,,,Hathazari,BD201537,Chittagong,BD2015,Chittagong,BD20,Bangladesh,BD,2015-01-01,2020-11-13,,5.28550731301921
Gareya,BD55949442,,,,Thakurgaon Sadar,BD559494,Thakurgaon,BD5594,Rangpur,BD55,Bangladesh,BD,2015-01-01,2020-11-13,,39.6965269387642
Gargari,BD50811055,,,,Bagha,BD508110,Rajshahi,BD5081,Rajshahi,BD50,Bangladesh,BD,2015-01-01,2020-11-13,,50.378465493443
Gariber Char,BD30863611,,,,Gosairhat,BD308636,Shariatpur,BD3086,Dhaka,BD30,Bangladesh,BD,2015-01-01,2020-11-13,,25.8719491046312
Garidaha,BD50108828,,,,Sherpur,BD501088,Bogra,BD5010,Rajshahi,BD50,Bangladesh,BD,2015-01-01,2020-11-13,,26.1109426504766
Garinabari,BD55777343,,,,Panchagarh Sadar,BD557773,Panchagarh,BD5577,Rangpur,BD55,Bangladesh,BD,2015-01-01,2020-11-13,,23.0104694786083
Garjania,BD20226619,,,,Ramu,BD202266,Cox's Bazar,BD2022,Chittagong,BD20,Bangladesh,BD,2015-01-01,2020-11-13,,69.58035894030081
Garjaripa,BD45899031,,,,Sreebardi,BD458990,Sherpur,BD4589,Mymensingh,BD45,Bangladesh,BD,2015-01-01,2020-11-13,,15.4838473094351
Garmora,BD20195450,,,,Homna,BD201954,Comilla,BD2019,Chittagong,BD20,Bangladesh,BD,2015-01-01,2020-11-13,,21.3702034635965
Garpara,BD30564631,,,,Manikganj Sadar,BD305646,Manikganj,BD3056,Dhaka,BD30,Bangladesh,BD,2015-01-01,2020-11-13,,14.35778479013
Garuikhali,BD40476439,,,,Paikgachha,BD404764,Khulna,BD4047,Khulna,BD40,Bangladesh,BD,2015-01-01,2020-11-13,,42.7510242107076
Garuria,BD10060754,,,,Bakerganj,BD100607,Barisal,BD1006,Barisal,BD10,Bangladesh,BD,2015-01-01,2020-11-13,,30.4345090961279
Gatti,BD30299039,,,,Saltha,BD302990,Faridpur,BD3029,Dhaka,BD30,Bangladesh,BD,2015-01-01,2020-11-13,,34.1276583761456
Gaurambha,BD40017341,,,,Rampal,BD400173,Bagerhat,BD4001,Khulna,BD40,Bangladesh,BD,2015-01-01,2020-11-13,,32.613781263854
Gaurichanna,BD10042866,,,,Barguna Sadar,BD100428,Barguna,BD1004,Barisal,BD10,Bangladesh,BD,2015-01-01,2020-11-13,,23.4059986234408
Gaurighona,BD40413819,,,,Keshabpur,BD404138,Jessore,BD4041,Khulna,BD40,Bangladesh,BD,2015-01-01,2020-11-13,,25.7536219127975
Gaurigram,BD50767243,,,,Santhia,BD507672,Pabna,BD5076,Rajshahi,BD50,Bangladesh,BD,2015-01-01,2020-11-13,,31.4190254575703
Gauripur,BD10791447,,,,Bhandaria,BD107914,Pirojpur,BD1079,Barisal,BD10,Bangladesh,BD,2015-01-01,2020-11-13,,26.0160824676044
Gauripur,BD20193651,,,,Daudkandi,BD201936,Comilla,BD2019,Chittagong,BD20,Bangladesh,BD,2015-01-01,2020-11-13,,8.66878256391089
Gauripur,BD45612331,,,,Gauripur,BD456123,Mymensingh,BD4561,Mymensingh,BD45,Bangladesh,BD,2015-01-01,2020-11-13,,23.9140218202706
Gauripur,BD45893715,,,,Jhenaigati,BD458937,Sherpur,BD4589,Mymensingh,BD45,Bangladesh,BD,2015-01-01,2020-11-13,,23.4681243815294
Gauripur Paurashava,BD45612399,,,,Gauripur,BD456123,Mymensingh,BD4561,Mymensingh,BD45,Bangladesh,BD,2015-01-01,2020-11-13,,6.77913939646616
Gayabari,BD55731228,,,,Dimla,BD557312,Nilphamari,BD5573,Rangpur,BD55,Bangladesh,BD,2015-01-01,2020-11-13,,20.8207150634907
Gayeshpur,BD40559531,,,,Sreepur,BD405595,Magura,BD4055,Khulna,BD40,Bangladesh,BD,2015-01-01,2020-11-13,,21.8326040118357
Gayeshpur,BD50765551,,,,Pabna Sadar,BD507655,Pabna,BD5076,Rajshahi,BD50,Bangladesh,BD,2015-01-01,2020-11-13,,31.966786479642
Gayhata,BD30937643,,,,Nagarpur,BD309376,Tangail,BD3093,Dhaka,BD30,Bangladesh,BD,2015-01-01,2020-11-13,,21.204354205722
Gazalia,BD10785769,,,,Galachipa,BD107857,Patuakhali,BD1078,Barisal,BD10,Bangladesh,BD,2015-01-01,2020-11-13,,21.4294331533168
Gazalia,BD40013838,,,,Kachua,BD400138,Bagerhat,BD4001,Khulna,BD40,Bangladesh,BD,2015-01-01,2020-11-13,,19.6870851723601
Gazaria,BD30481135,,,,Bhairab,BD304811,Kishoreganj,BD3048,Dhaka,BD30,Bangladesh,BD,2015-01-01,2020-11-13,,19.5558667296707
Gazaria,BD30592442,,,,Gazaria,BD305924,Munshiganj,BD3059,Dhaka,BD30,Bangladesh,BD,2015-01-01,2020-11-13,,18.1226213256465
Gazaria,BD30686347,,,,Palash,BD306863,Narsingdi,BD3068,Dhaka,BD30,Bangladesh,BD,2015-01-01,2020-11-13,,14.2604437695245
Gazaria,BD30938527,,,,Sakhipur,BD309385,Tangail,BD3093,Dhaka,BD30,Bangladesh,BD,2015-01-01,2020-11-13,,78.9061777280383
Gazaria,BD55322147,,,,Fulchhari,BD553221,Gaibandha,BD5532,Rangpur,BD55,Bangladesh,BD,2015-01-01,2020-11-13,,28.5061321565617
Gazipur,BD20134759,,,,Haim Char,BD201347,Chandpur,BD2013,Chittagong,BD20,Bangladesh,BD,2015-01-01,2020-11-13,,0.485353127945339
Gazipur,BD30338625,,,,Sreepur,BD303386,Gazipur,BD3033,Dhaka,BD30,Bangladesh,BD,2015-01-01,2020-11-13,,45.2403227412464
Gazipur,BD45723827,,,,Khaliajuri,BD457238,Netrakona,BD4572,Mymensingh,BD45,Bangladesh,BD,2015-01-01,2020-11-13,,47.98587398641961
Gazipur,BD60362638,,,,Chunarughat,BD603626,Habiganj,BD6036,Sylhet,BD60,Bangladesh,BD,2015-01-01,2020-11-13,,45.7045352044056
Gazipur Paurashava,BD30333099,,,,Gazipur Sadar,BD303330,Gazipur,BD3033,Dhaka,BD30,Bangladesh,BD,2015-01-01,2020-11-13,,42.9178728402727
Gazir Bhita,BD45612447,,,,Haluaghat,BD456124,Mymensingh,BD4561,Mymensingh,BD45,Bangladesh,BD,2015-01-01,2020-11-13,,31.7191908105474
Gazir Char,BD30480643,,,,Bajitpur,BD304806,Kishoreganj,BD3048,Dhaka,BD30,Bangladesh,BD,2015-01-01,2020-11-13,,7.52862123810275
Gazir Hat,BD40474066,,,,Dighalia,BD404740,Khulna,BD4047,Khulna,BD40,Bangladesh,BD,2015-01-01,2020-11-13,,26.2920676677008
Gazirtek,BD30292176,,,,Char Bhadrasan,BD302921,Faridpur,BD3029,Dhaka,BD30,Bangladesh,BD,2015-01-01,2020-11-13,,33.0956762227911
Gaznapur,BD60367743,,,,Nabiganj,BD603677,Habiganj,BD6036,Sylhet,BD60,Bangladesh,BD,2015-01-01,2020-11-13,,49.1899442413668
Gedura,BD55945167,,,,Haripur,BD559451,Thakurgaon,BD5594,Rangpur,BD55,Bangladesh,BD,2015-01-01,2020-11-13,,37.1840540438604
Ghagar,BD30355123,,,,Kotali Para,BD303551,Gopalganj,BD3035,Dhaka,BD30,Bangladesh,BD,2015-01-01,2020-11-13,,9.08113559281889
Ghagoa,BD55322436,,,,Gaibandha Sadar,BD553224,Gaibandha,BD5532,Rangpur,BD55,Bangladesh,BD,2015-01-01,2020-11-13,,15.9651780455432
Ghagotia,BD30333634,,,,Kapasia,BD303336,Gazipur,BD3033,Dhaka,BD30,Bangladesh,BD,2015-01-01,2020-11-13,,20.9966691918727
Ghagra,BD20842557,,,,Kawkhali (Betbunia),BD208425,Rangamati,BD2084,Chittagong,BD20,Bangladesh,BD,2015-01-01,2020-11-13,,96.5923442907465
Ghagra,BD30485927,,,,Mithamain,BD304859,Kishoreganj,BD3048,Dhaka,BD30,Bangladesh,BD,2015-01-01,2020-11-13,,30.294733289047
Ghagra,BD45615254,,,,Mymensingh Sadar,BD456152,Mymensingh,BD4561,Mymensingh,BD45,Bangladesh,BD,2015-01-01,2020-11-13,,34.1711194331249
Ghagra,BD45728339,,,,Purbadhala,BD457283,Netrakona,BD4572,Mymensingh,BD45,Bangladesh,BD,2015-01-01,2020-11-13,,37.4092048587214
Ghagutia,BD20195447,,,,Homna,BD201954,Comilla,BD2019,Chittagong,BD20,Bangladesh,BD,2015-01-01,2020-11-13,,13.8434250770678
Ghalangya,BD20039119,,,,Ruma,BD200391,Bandarban,BD2003,Chittagong,BD20,Bangladesh,BD,2015-01-01,2020-11-13,,145.099859956522
Ghandung,BD20037357,,,,Naikhongchhari,BD200373,Bandarban,BD2003,Chittagong,BD20,Bangladesh,BD,2015-01-01,2020-11-13,,91.30940082772369
Gharialdanga,BD55497742,,,,Rajarhat,BD554977,Kurigram,BD5549,Rangpur,BD55,Bangladesh,BD,2015-01-01,2020-11-13,,24.9654938980378
Gharinda,BD30939547,,,,Tangail Sadar,BD309395,Tangail,BD3093,Dhaka,BD30,Bangladesh,BD,2015-01-01,2020-11-13,,21.6209632331
Gharisar,BD30866550,,,,Naria,BD308665,Shariatpur,BD3086,Dhaka,BD30,Bangladesh,BD,2015-01-01,2020-11-13,,26.4097262160337
Gharjan,BD50882723,,,,Chauhali,BD508827,Sirajganj,BD5088,Rajshahi,BD50,Bangladesh,BD,2015-01-01,2020-11-13,,32.5653203555136
Gharua,BD30291039,,,,Bhanga,BD302910,Faridpur,BD3029,Dhaka,BD30,Bangladesh,BD,2015-01-01,2020-11-13,,24.2761088013538
Ghasigram,BD50815340,,,,Mohanpur,BD508153,Rajshahi,BD5081,Rajshahi,BD50,Bangladesh,BD,2015-01-01,2020-11-13,,22.7989812383886
Ghatail,BD30932860,,,,Ghatail,BD309328,Tangail,BD3093,Dhaka,BD30,Bangladesh,BD,2015-01-01,2020-11-13,,15.6893934614428
Ghatail Paurashava,BD30932899,,,,Ghatail,BD309328,Tangail,BD3093,Dhaka,BD30,Bangladesh,BD,2015-01-01,2020-11-13,,8.876023024764091
Ghatbhogh,BD40477527,,,,Rupsa,BD404775,Khulna,BD4047,Khulna,BD40,Bangladesh,BD,2015-01-01,2020-11-13,,51.0087805643841
Ghatmajhi,BD30545429,,,,Madaripur Sadar,BD305454,Madaripur,BD3054,Dhaka,BD30,Bangladesh,BD,2015-01-01,2020-11-13,,19.3939554060822
Ghatnagar,BD50647931,,,,Porsha,BD506479,Naogaon,BD5064,Rajshahi,BD50,Bangladesh,BD,2015-01-01,2020-11-13,,45.5389797145091
Ghazir Khamar,BD45898854,,,,Sherpur Sadar,BD458988,Sherpur,BD4589,Mymensingh,BD45,Bangladesh,BD,2015-01-01,2020-11-13,,17.1588082540018
Ghila Chhari,BD20847538,,,,Naniarchar,BD208475,Rangamati,BD2084,Chittagong,BD20,Bangladesh,BD,2015-01-01,2020-11-13,,76.3980895108394
Ghila Chhari,BD20847846,,,,Rajasthali,BD208478,Rangamati,BD2084,Chittagong,BD20,Bangladesh,BD,2015-01-01,2020-11-13,,70.164345959767
Ghior,BD30562247,,,,Ghior,BD305622,Manikganj,BD3056,Dhaka,BD30,Bangladesh,BD,2015-01-01,2020-11-13,,18.4158844845699
Ghoga,BD45616543,,,,Muktagachha,BD456165,Mymensingh,BD4561,Mymensingh,BD45,Bangladesh,BD,2015-01-01,2020-11-13,,26.9235077033092
Ghogadaha,BD55495228,,,,Kurigram Sadar,BD554952,Kurigram,BD5549,Rangpur,BD55,Bangladesh,BD,2015-01-01,2020-11-13,,25.8771963588132
Gholpasha,BD20193138,,,,Chauddagram,BD201931,Comilla,BD2019,Chittagong,BD20,Bangladesh,BD,2015-01-01,2020-11-13,,16.0161421930354
Ghona,BD40878261,,,,Satkhira Sadar,BD408782,Satkhira,BD4087,Khulna,BD40,Bangladesh,BD,2015-01-01,2020-11-13,,16.9552238646592
Ghoradhap,BD45393617,,,,Jamalpur Sadar,BD453936,Jamalpur,BD4539,Mymensingh,BD45,Bangladesh,BD,2015-01-01,2020-11-13,,29.4839702396902
Ghoraghat,BD55274338,,,,Ghoraghat,BD552743,Dinajpur,BD5527,Rangpur,BD55,Bangladesh,BD,2015-01-01,2020-11-13,,15.1010442716576
Ghorapakhia,BD50708835,,,,Shibganj,BD507088,Nawabganj,BD5070,Rajshahi,BD50,Bangladesh,BD,2015-01-01,2020-11-13,,18.6803067562162
Ghorashal Paurashava,BD30686399,,,,Palash,BD306863,Narsingdi,BD3068,Dhaka,BD30,Bangladesh,BD,2015-01-01,2020-11-13,,22.000624235931
Ghorshal,BD40441921,,,,Jhenaidah Sadar,BD404419,Jhenaidah,BD4044,Khulna,BD40,Bangladesh,BD,2015-01-01,2020-11-13,,25.7694196119922
Ghoshbagh,BD20754755,,,,Kabirhat,BD207547,Noakhali,BD2075,Chittagong,BD20,Bangladesh,BD,2015-01-01,2020-11-13,,20.5654603220792
Ghosher Para,BD45396147,,,,Melandaha,BD453961,Jamalpur,BD4539,Mymensingh,BD45,Bangladesh,BD,2015-01-01,2020-11-13,,31.9536967843665
Ghoshgaon,BD45611652,,,,Dhobaura,BD456116,Mymensingh,BD4561,Mymensingh,BD45,Bangladesh,BD,2015-01-01,2020-11-13,,28.0848618564929
Ghoshnagar,BD50647534,,,,Patnitala,BD506475,Naogaon,BD5064,Rajshahi,BD50,Bangladesh,BD,2015-01-01,2020-11-13,,31.2159595267276
Ghoshpur,BD30291835,,,,Boalmari,BD302918,Faridpur,BD3029,Dhaka,BD30,Bangladesh,BD,2015-01-01,2020-11-13,,24.2814797096895
Ghuridaha,BD55328828,,,,Saghatta,BD553288,Gaibandha,BD5532,Rangpur,BD55,Bangladesh,BD,2015-01-01,2020-11-13,,20.5882107961138
Ghurka,BD50886157,,,,Royganj,BD508861,Sirajganj,BD5088,Rajshahi,BD50,Bangladesh,BD,2015-01-01,2020-11-13,,26.9160348058042
Giasnagar,BD60587436,,,,Maulvi Bazar Sadar,BD605874,Maulvibazar,BD6058,Sylhet,BD60,Bangladesh,BD,2015-01-01,2020-11-13,,45.76178324228771
Gidari,BD55322443,,,,Gaibandha Sadar,BD553224,Gaibandha,BD5532,Rangpur,BD55,Bangladesh,BD,2015-01-01,2020-11-13,,23.1221617579061
Gilachhara,BD60913547,,,,Fenchuganj,BD609135,Sylhet,BD6091,Sylhet,BD60,Bangladesh,BD,2015-01-01,2020-11-13,,51.3426573982906
Goala,BD50648639,,,,Sapahar,BD506486,Naogaon,BD5064,Rajshahi,BD50,Bangladesh,BD,2015-01-01,2020-11-13,,59.85186448869
Goalandaghat Paurashava,BD30822999,,,,Goalandaghat,BD308229,Rajbari,BD3082,Dhaka,BD30,Bangladesh,BD,2015-01-01,2020-11-13,,2.69147835264518
Goalbari,BD60583529,,,,Juri,BD605835,Maulvibazar,BD6058,Sylhet,BD60,Bangladesh,BD,2015-01-01,2020-11-13,,53.09268972581511
Goaldihi,BD55276079,,,,Khansama,BD552760,Dinajpur,BD5527,Rangpur,BD55,Bangladesh,BD,2015-01-01,2020-11-13,,30.7384316258634
Goaler Char,BD45392947,,,,Islampur,BD453929,Jamalpur,BD4539,Mymensingh,BD45,Bangladesh,BD,2015-01-01,2020-11-13,,25.1316272324904
Goalkandi,BD50811237,,,,Baghmara,BD508112,Rajshahi,BD5081,Rajshahi,BD50,Bangladesh,BD,2015-01-01,2020-11-13,,24.6693608954445
Goalmari,BD20193638,,,,Daudkandi,BD201936,Comilla,BD2019,Chittagong,BD20,Bangladesh,BD,2015-01-01,2020-11-13,,12.9412223086652
Goalnagar,BD20129051,,,,Nasirnagar,BD201290,Brahamanbaria,BD2012,Chittagong,BD20,Bangladesh,BD,2015-01-01,2020-11-13,,30.2403965063518
Gobaria Abdullahpur,BD30485435,,,,Kuliar Char,BD304854,Kishoreganj,BD3048,Dhaka,BD30,Bangladesh,BD,2015-01-01,2020-11-13,,20.6760584084563
Gobinda Para,BD50811244,,,,Baghmara,BD508112,Rajshahi,BD5081,Rajshahi,BD50,Bangladesh,BD,2015-01-01,2020-11-13,,26.1439861475709
Gobindapur,BD10066240,,,,Mehendiganj,BD100662,Barisal,BD1006,Barisal,BD10,Bangladesh,BD,2015-01-01,2020-11-13,,10.2437923247237
Gobindapur,BD20197235,,,,Laksam,BD201972,Comilla,BD2019,Chittagong,BD20,Bangladesh,BD,2015-01-01,2020-11-13,,15.423692985661
Gobindapur,BD20197543,,,,Meghna,BD201975,Comilla,BD2019,Chittagong,BD20,Bangladesh,BD,2015-01-01,2020-11-13,,19.8222750581686
Gobindapur,BD30355833,,,,Muksudpur,BD303558,Gopalganj,BD3035,Dhaka,BD30,Bangladesh,BD,2015-01-01,2020-11-13,,27.0868991319181
Gobindapur,BD30482727,,,,Hossainpur,BD304827,Kishoreganj,BD3048,Dhaka,BD30,Bangladesh,BD,2015-01-01,2020-11-13,,30.6270436731974
Gobindapur,BD50103340,,,,Dhupchanchia,BD501033,Bogra,BD5010,Rajshahi,BD50,Bangladesh,BD,2015-01-01,2020-11-13,,29.400773585544
Gobindasi,BD30931967,,,,Bhuapur,BD309319,Tangail,BD3093,Dhaka,BD30,Bangladesh,BD,2015-01-01,2020-11-13,,17.3197486105
Gobindasree,BD45725621,,,,Madan,BD457256,Netrakona,BD4572,Mymensingh,BD45,Bangladesh,BD,2015-01-01,2020-11-13,,36.4027340055267
Gobra,BD30353221,,,,Gopalganj Sadar,BD303532,Gopalganj,BD3035,Dhaka,BD30,Bangladesh,BD,2015-01-01,2020-11-13,,15.9301110034868
Gobratala,BD50706633,,,,Nawabganj Sadar,BD507066,Nawabganj,BD5070,Rajshahi,BD50,Bangladesh,BD,2015-01-01,2020-11-13,,35.83293098912321
Godagari,BD50813438,,,,Godagari,BD508134,Rajshahi,BD5081,Rajshahi,BD50,Bangladesh,BD,2015-01-01,2020-11-13,,31.0657720378945
Godagari Paurashava,BD50813499,,,,Godagari,BD508134,Rajshahi,BD5081,Rajshahi,BD50,Bangladesh,BD,2015-01-01,2020-11-13,,17.9409735619985
Goddimari,BD55523338,,,,Hatibandha,BD555233,Lalmonirhat,BD5552,Rangpur,BD55,Bangladesh,BD,2015-01-01,2020-11-13,,25.1717135530041
Goga,BD40419043,,,,Sharsha,BD404190,Jessore,BD4041,Khulna,BD40,Bangladesh,BD,2015-01-01,2020-11-13,,32.3182495076323
Gognagar,BD30675847,,,,Narayanganj Sadar,BD306758,Narayanganj,BD3067,Dhaka,BD30,Bangladesh,BD,2015-01-01,2020-11-13,,2.2753076288781
Gogram,BD50813447,,,,Godagari,BD508134,Rajshahi,BD5081,Rajshahi,BD50,Bangladesh,BD,2015-01-01,2020-11-13,,57.5338885670152
Gohail,BD50108530,,,,Shajahanpur,BD501085,Bogra,BD5010,Rajshahi,BD50,Bangladesh,BD,2015-01-01,2020-11-13,,34.3610924641807
Gohala,BD30355839,,,,Muksudpur,BD303558,Gopalganj,BD3035,Dhaka,BD30,Bangladesh,BD,2015-01-01,2020-11-13,,15.0620671838169
Gohalakanda,BD45728355,,,,Purbadhala,BD457283,Netrakona,BD4572,Mymensingh,BD45,Bangladesh,BD,2015-01-01,2020-11-13,,24.2513729803738
Gohalbari,BD50701856,,,,Bholahat,BD507018,Nawabganj,BD5070,Rajshahi,BD50,Bangladesh,BD,2015-01-01,2020-11-13,,50.78238948634041
Gohaliabari,BD30934743,,,,Kalihati,BD309347,Tangail,BD3093,Dhaka,BD30,Bangladesh,BD,2015-01-01,2020-11-13,,43.9604010505503
Gokarna,BD20129058,,,,Nasirnagar,BD201290,Brahamanbaria,BD2012,Chittagong,BD20,Bangladesh,BD,2015-01-01,2020-11-13,,39.449656969349
Gokul,BD50102034,,,,Bogra Sadar,BD501020,Bogra,BD5010,Rajshahi,BD50,Bangladesh,BD,2015-01-01,2020-11-13,,13.3725861573166
Gokunda,BD55525529,,,,Lalmonirhat Sadar,BD555255,Lalmonirhat,BD5552,Rangpur,BD55,Bangladesh,BD,2015-01-01,2020-11-13,,26.4952699063167
Golabari,BD20464925,,,,Khagrachhari Sadar,BD204649,Khagrachhari,BD2046,Chittagong,BD20,Bangladesh,BD,2015-01-01,2020-11-13,,22.0212180533832
Golabari,BD30935766,,,,Madhupur,BD309357,Tangail,BD3093,Dhaka,BD30,Bangladesh,BD,2015-01-01,2020-11-13,,26.1726494093761
Golabganj,BD60913851,,,,Golabganj,BD609138,Sylhet,BD6091,Sylhet,BD60,Bangladesh,BD,2015-01-01,2020-11-13,,14.9290730602607
Golakandail,BD30676839,,,,Rupganj,BD306768,Narayanganj,BD3067,Dhaka,BD30,Bangladesh,BD,2015-01-01,2020-11-13,,16.983986218624
Golapganj,BD55276943,,,,Nawabganj,BD552769,Dinajpur,BD5527,Rangpur,BD55,Bangladesh,BD,2015-01-01,2020-11-13,,42.9323063884229
Golapganj Paurashava,BD60913899,,,,Golabganj,BD609138,Sylhet,BD6091,Sylhet,BD60,Bangladesh,BD,2015-01-01,2020-11-13,,9.17836469179107
Golkhali,BD10785772,,,,Galachipa,BD107857,Patuakhali,BD1078,Barisal,BD10,Bangladesh,BD,2015-01-01,2020-11-13,,61.2573068198599
Golmunda,BD55733629,,,,Jaldhaka,BD557336,Nilphamari,BD5573,Rangpur,BD55,Bangladesh,BD,2015-01-01,2020-11-13,,15.849749714378
Golna,BD55733636,,,,Jaldhaka,BD557336,Nilphamari,BD5573,Rangpur,BD55,Bangladesh,BD,2015-01-01,2020-11-13,,30.8627042404102
Gomastapur,BD50703752,,,,Gomastapur,BD507037,Nawabganj,BD5070,Rajshahi,BD50,Bangladesh,BD,2015-01-01,2020-11-13,,27.2314327738561
Gomnati,BD55731547,,,,Domar,BD557315,Nilphamari,BD5573,Rangpur,BD55,Bangladesh,BD,2015-01-01,2020-11-13,,28.4331007318722
Gona,BD50648531,,,,Raninagar,BD506485,Naogaon,BD5064,Rajshahi,BD50,Bangladesh,BD,2015-01-01,2020-11-13,,24.5119206839761
Gopagram,BD40506331,,,,Khoksa,BD405063,Kushtia,BD4050,Khulna,BD40,Bangladesh,BD,2015-01-01,2020-11-13,,7.10311484835215
Gopal,BD20301447,,,,Chhagalnaiya,BD203014,Feni,BD2030,Chittagong,BD20,Bangladesh,BD,2015-01-01,2020-11-13,,18.9339137895883
Gopalganj Paurashava,BD30353299,,,,Gopalganj Sadar,BD303532,Gopalganj,BD3035,Dhaka,BD30,Bangladesh,BD,2015-01-01,2020-11-13,,16.606031459403
Gopalgram,BD40555733,,,,Magura Sadar,BD405557,Magura,BD4055,Khulna,BD40,Bangladesh,BD,2015-01-01,2020-11-13,,17.3123165476411
Gopalnagar,BD50102757,,,,Dhunat,BD501027,Bogra,BD5010,Rajshahi,BD50,Bangladesh,BD,2015-01-01,2020-11-13,,24.1327591967192
Gopalpur,BD20750745,,,,Begumganj,BD207507,Noakhali,BD2075,Chittagong,BD20,Bangladesh,BD,2015-01-01,2020-11-13,,16.8553128329579
Gopalpur,BD30290342,,,,Alfadanga,BD302903,Faridpur,BD3029,Dhaka,BD30,Bangladesh,BD,2015-01-01,2020-11-13,,18.9572448699898
Gopalpur,BD30359138,,,,Tungi Para,BD303591,Gopalganj,BD3035,Dhaka,BD30,Bangladesh,BD,2015-01-01,2020-11-13,,37.5935968432802
Gopalpur,BD30544044,,,,Kalkini,BD305440,Madaripur,BD3054,Dhaka,BD30,Bangladesh,BD,2015-01-01,2020-11-13,,7.13901228724265
Gopalpur,BD40013847,,,,Kachua,BD400138,Bagerhat,BD4001,Khulna,BD40,Bangladesh,BD,2015-01-01,2020-11-13,,13.7972221471339
Gopalpur,BD50691535,,,,Baraigram,BD506915,Natore,BD5069,Rajshahi,BD50,Bangladesh,BD,2015-01-01,2020-11-13,,28.5095654731262
Gopalpur,BD55850331,,,,Badarganj,BD558503,Rangpur,BD5585,Rangpur,BD55,Bangladesh,BD,2015-01-01,2020-11-13,,20.6900428081098
Gopalpur,BD55855860,,,,Mitha Pukur,BD558558,Rangpur,BD5585,Rangpur,BD55,Bangladesh,BD,2015-01-01,2020-11-13,,28.2087315587438
Gopalpur (Lalpur) Paurashav,BD50694499,,,,Lalpur,BD506944,Natore,BD5069,Rajshahi,BD50,Bangladesh,BD,2015-01-01,2020-11-13,,14.6436799987676
Gopalpur Paurashava,BD30933899,,,,Gopalpur,BD309338,Tangail,BD3093,Dhaka,BD30,Bangladesh,BD,2015-01-01,2020-11-13,,23.22072794233
Gopaya,BD60364422,,,,Habiganj Sadar,BD603644,Habiganj,BD6036,Sylhet,BD60,Bangladesh,BD,2015-01-01,2020-11-13,,21.970308657028
Gopedighi,BD30485940,,,,Mithamain,BD304859,Kishoreganj,BD3048,Dhaka,BD30,Bangladesh,BD,2015-01-01,2020-11-13,,41.6770333642984
Gopinathpur,BD20126350,,,,Kasba,BD201263,Brahamanbaria,BD2012,Chittagong,BD20,Bangladesh,BD,2015-01-01,2020-11-13,,28.6120809326298
Gopinathpur,BD30353230,,,,Gopalganj Sadar,BD303532,Gopalganj,BD3035,Dhaka,BD30,Bangladesh,BD,2015-01-01,2020-11-13,,16.5303253387665
Gopinathpur,BD30562858,,,,Harirampur,BD305628,Manikganj,BD3056,Dhaka,BD30,Bangladesh,BD,2015-01-01,2020-11-13,,17.232607676168
Gopinathpur,BD50381315,,,,Akkelpur,BD503813,Joypurhat,BD5038,Rajshahi,BD50,Bangladesh,BD,2015-01-01,2020-11-13,,27.0041964603241
Gopinathpur,BD55850337,,,,Badarganj,BD558503,Rangpur,BD5585,Rangpur,BD55,Bangladesh,BD,2015-01-01,2020-11-13,,27.8222119657976
Gorai,BD30936655,,,,Mirzapur,BD309366,Tangail,BD3093,Dhaka,BD30,Bangladesh,BD,2015-01-01,2020-11-13,,28.4826590165001
Goral,BD55523947,,,,Kaliganj,BD555239,Lalmonirhat,BD5552,Rangpur,BD55,Bangladesh,BD,2015-01-01,2020-11-13,,23.1524988320156
Gorgram,BD55736425,,,,Nilphamari Sadar,BD557364,Nilphamari,BD5573,Rangpur,BD55,Bangladesh,BD,2015-01-01,2020-11-13,,27.1183306587641
Gosainbari,BD50102766,,,,Dhunat,BD501027,Bogra,BD5010,Rajshahi,BD50,Bangladesh,BD,2015-01-01,2020-11-13,,21.6825489882523
Gosaipur,BD45899039,,,,Sreebardi,BD458990,Sherpur,BD4589,Mymensingh,BD45,Bangladesh,BD,2015-01-01,2020-11-13,,20.0351392390264
Gosairhat,BD30863623,,,,Gosairhat,BD308636,Shariatpur,BD3086,Dhaka,BD30,Bangladesh,BD,2015-01-01,2020-11-13,,16.6694808226269
Gosind Durgapur,BD40507931,,,,Kushtia Sadar,BD405079,Kushtia,BD4050,Khulna,BD40,Bangladesh,BD,2015-01-01,2020-11-13,,22.5597181551949
Gosinga,BD30338628,,,,Sreepur,BD303386,Gazipur,BD3033,Dhaka,BD30,Bangladesh,BD,2015-01-01,2020-11-13,,54.3884882942903
Gota Para,BD40010851,,,,Bagerhat Sadar,BD400108,Bagerhat,BD4001,Khulna,BD40,Bangladesh,BD,2015-01-01,2020-11-13,,29.6342234501213
Gotamari,BD55523347,,,,Hatibandha,BD555233,Lalmonirhat,BD5552,Rangpur,BD55,Bangladesh,BD,2015-01-01,2020-11-13,,21.4556143538224
Gotashia,BD30685261,,,,Manohardi,BD306852,Narsingdi,BD3068,Dhaka,BD30,Bangladesh,BD,2015-01-01,2020-11-13,,21.9376013115935
Goula Bazar,BD60910840,,,,Balaganj,BD609108,Sylhet,BD6091,Sylhet,BD60,Bangladesh,BD,2015-01-01,2020-11-13,,20.2261165502275
Gourararang,BD60908927,,,,Sunamganj Sadar,BD609089,Sunamganj,BD6090,Sylhet,BD60,Bangladesh,BD,2015-01-01,2020-11-13,,46.1065707337748
Gourdwar,BD45896747,,,,Nakla,BD458967,Sherpur,BD4589,Mymensingh,BD45,Bangladesh,BD,2015-01-01,2020-11-13,,18.9203264402259
Greda,BD30294739,,,,Faridpur Sadar,BD302947,Faridpur,BD3029,Dhaka,BD30,Bangladesh,BD,2015-01-01,2020-11-13,,24.0402768629202
Guabaria,BD10063654,,,,Hizla,BD100636,Barisal,BD1006,Barisal,BD10,Bangladesh,BD,2015-01-01,2020-11-13,,28.6270144342823
Guagachhia,BD30592452,,,,Gazaria,BD305924,Munshiganj,BD3059,Dhaka,BD30,Bangladesh,BD,2015-01-01,2020-11-13,,18.085719578556
Guarekha,BD10798738,,,,Nesarabad (Swarupkati),BD107987,Pirojpur,BD1079,Barisal,BD10,Bangladesh,BD,2015-01-01,2020-11-13,,26.877472189401
Guatala,BD45611647,,,,Dhobaura,BD456116,Mymensingh,BD4561,Mymensingh,BD45,Bangladesh,BD,2015-01-01,2020-11-13,,30.8611501714748
Gujadia,BD30484234,,,,Karimganj,BD304842,Kishoreganj,BD3048,Dhaka,BD30,Bangladesh,BD,2015-01-01,2020-11-13,,26.4740268010256
Gulisakhali,BD10040963,,,,Amtali,BD100409,Barguna,BD1004,Barisal,BD10,Bangladesh,BD,2015-01-01,2020-11-13,,46.266301372842
Gulishakhali,BD10795851,,,,Mathbaria,BD107958,Pirojpur,BD1079,Barisal,BD10,Bangladesh,BD,2015-01-01,2020-11-13,,28.3346591149499
Gulshakhali,BD20845854,,,,Langadu,BD208458,Rangamati,BD2084,Chittagong,BD20,Bangladesh,BD,2015-01-01,2020-11-13,,79.0808407111733
Guman Mardan,BD20153753,,,,Hathazari,BD201537,Chittagong,BD2015,Chittagong,BD20,Bangladesh,BD,2015-01-01,2020-11-13,,12.2288194259424
Gumaniganj,BD55323016,,,,Gobindaganj,BD553230,Gaibandha,BD5532,Rangpur,BD55,Bangladesh,BD,2015-01-01,2020-11-13,,30.6645072020437
Gumti,BD20467047,,,,Matiranga,BD204670,Khagrachhari,BD2046,Chittagong,BD20,Bangladesh,BD,2015-01-01,2020-11-13,,50.4709614046643
Gunabati,BD20193142,,,,Chauddagram,BD201931,Comilla,BD2019,Chittagong,BD20,Bangladesh,BD,2015-01-01,2020-11-13,,25.5128766748499
Gunahar,BD50103354,,,,Dhupchanchia,BD501033,Bogra,BD5010,Rajshahi,BD50,Bangladesh,BD,2015-01-01,2020-11-13,,29.0016689901123
Gunaigachh,BD55499455,,,,Ulipur,BD554994,Kurigram,BD5549,Rangpur,BD55,Bangladesh,BD,2015-01-01,2020-11-13,,30.919826948452
Gunaigachha,BD50762243,,,,Chatmohar,BD507622,Pabna,BD5076,Rajshahi,BD50,Bangladesh,BD,2015-01-01,2020-11-13,,12.1761229017245
Gunaritala,BD45395847,,,,Madarganj,BD453958,Jamalpur,BD4539,Mymensingh,BD45,Bangladesh,BD,2015-01-01,2020-11-13,,32.779006470657
Gunbaha,BD30291840,,,,Boalmari,BD302918,Faridpur,BD3029,Dhaka,BD30,Bangladesh,BD,2015-01-01,2020-11-13,,19.8010188251308
Gundhar,BD30484225,,,,Karimganj,BD304842,Kishoreganj,BD3048,Dhaka,BD30,Bangladesh,BD,2015-01-01,2020-11-13,,27.419431468505
Guniak,BD20129065,,,,Nasirnagar,BD201290,Brahamanbaria,BD2012,Chittagong,BD20,Bangladesh,BD,2015-01-01,2020-11-13,,12.0096982570295
Gurai,BD30487638,,,,Nikli,BD304876,Kishoreganj,BD3048,Dhaka,BD30,Bangladesh,BD,2015-01-01,2020-11-13,,37.4990155591514
Gurudaspur Paurashava,BD50694199,,,,Gurudaspur,BD506941,Natore,BD5069,Rajshahi,BD50,Bangladesh,BD,2015-01-01,2020-11-13,,11.3674346726729
Guthia,BD10069431,,,,Wazirpur,BD100694,Barisal,BD1006,Barisal,BD10,Bangladesh,BD,2015-01-01,2020-11-13,,29.0712267501802
Gutudia,BD40473033,,,,Dumuria,BD404730,Khulna,BD4047,Khulna,BD40,Bangladesh,BD,2015-01-01,2020-11-13,,59.8343398976359
Habakhali,BD40657640,,,,Narail Sadar,BD406576,Narail,BD4065,Khulna,BD40,Bangladesh,BD,2015-01-01,2020-11-13,,23.9786775572736
Habaspur,BD30827320,,,,Pangsha,BD308273,Rajbari,BD3082,Dhaka,BD30,Bangladesh,BD,2015-01-01,2020-11-13,,48.9636783017019
Habibpur,BD60908671,,,,Sulla,BD609086,Sunamganj,BD6090,Sylhet,BD60,Bangladesh,BD,2015-01-01,2020-11-13,,77.9795548394549
Habibulla Nagar,BD50886787,,,,Shahjadpur,BD508867,Sirajganj,BD5088,Rajshahi,BD50,Bangladesh,BD,2015-01-01,2020-11-13,,7.85755792076529
Habiganj Paurashava,BD60364499,,,,Habiganj Sadar,BD603644,Habiganj,BD6036,Sylhet,BD60,Bangladesh,BD,2015-01-01,2020-11-13,,5.21765223957835
Habilas Dwip,BD20156139,,,,Patiya,BD201561,Chittagong,BD2015,Chittagong,BD20,Bangladesh,BD,2015-01-01,2020-11-13,,10.0522625891987
Habirbari,BD45611351,,,,Bhaluka,BD456113,Mymensingh,BD4561,Mymensingh,BD45,Bangladesh,BD,2015-01-01,2020-11-13,,60.1965581108547
Habla,BD30930947,,,,Basail,BD309309,Tangail,BD3093,Dhaka,BD30,Bangladesh,BD,2015-01-01,2020-11-13,,24.4078386500349
Habra,BD55277725,,,,Parbatipur,BD552777,Dinajpur,BD5527,Rangpur,BD55,Bangladesh,BD,2015-01-01,2020-11-13,,46.7362193789108
Hadal,BD50763363,,,,Faridpur,BD507633,Pabna,BD5076,Rajshahi,BD50,Bangladesh,BD,2015-01-01,2020-11-13,,33.7577337405999
Hadira,BD30933858,,,,Gopalpur,BD309338,Tangail,BD3093,Dhaka,BD30,Bangladesh,BD,2015-01-01,2020-11-13,,24.2708546021116
Hafizabad,BD55777335,,,,Panchagarh Sadar,BD557773,Panchagarh,BD5577,Rangpur,BD55,Bangladesh,BD,2015-01-01,2020-11-13,,31.7110090515018
Haibatpur,BD40414747,,,,Kotwali,BD404147,Jessore,BD4041,Khulna,BD40,Bangladesh,BD,2015-01-01,2020-11-13,,37.401093670492
Haidgaon,BD20156142,,,,Patiya,BD201561,Chittagong,BD2015,Chittagong,BD20,Bangladesh,BD,2015-01-01,2020-11-13,,39.467615624138
Haildhar,BD20150476,,,,Anowara,BD201504,Chittagong,BD2015,Chittagong,BD20,Bangladesh,BD,2015-01-01,2020-11-13,,14.7211903201167
Haim Char,BD20134747,,,,Haim Char,BD201347,Chandpur,BD2013,Chittagong,BD20,Bangladesh,BD,2015-01-01,2020-11-13,,18.2923039592316
Hairmara,BD30686444,,,,Roypura,BD306864,Narsingdi,BD3068,Dhaka,BD30,Bangladesh,BD,2015-01-01,2020-11-13,,6.919263228311159
Haitkandi,BD20155327,,,,Mirsharai,BD201553,Chittagong,BD2015,Chittagong,BD20,Bangladesh,BD,2015-01-01,2020-11-13,,15.2716926566552
Haizadi,BD30670247,,,,Araihazar,BD306702,Narayanganj,BD3067,Dhaka,BD30,Bangladesh,BD,2015-01-01,2020-11-13,,15.3770286216093
Hajiganj,BD20134935,,,,Hajiganj,BD201349,Chandpur,BD2013,Chittagong,BD20,Bangladesh,BD,2015-01-01,2020-11-13,,23.8551426739514
Hajiganj Paurashava,BD20134999,,,,Hajiganj,BD201349,Chandpur,BD2013,Chittagong,BD20,Bangladesh,BD,2015-01-01,2020-11-13,,16.3593162658543
Hajinagar,BD50646942,,,,Niamatpur,BD506469,Naogaon,BD5064,Rajshahi,BD50,Bangladesh,BD,2015-01-01,2020-11-13,,61.3078276465933
Hajipur,BD10092938,,,,Daulatkhan,BD100929,Bhola,BD1009,Barisal,BD10,Bangladesh,BD,2015-01-01,2020-11-13,,2.18682268038086
Hajipur,BD20750752,,,,Begumganj,BD207507,Noakhali,BD2075,Chittagong,BD20,Bangladesh,BD,2015-01-01,2020-11-13,,12.7507978798436
Hajipur,BD30686029,,,,Narsingdi Sadar,BD306860,Narsingdi,BD3068,Dhaka,BD30,Bangladesh,BD,2015-01-01,2020-11-13,,6.50179388367314
Hajipur,BD55948243,,,,Pirganj,BD559482,Thakurgaon,BD5594,Rangpur,BD55,Bangladesh,BD,2015-01-01,2020-11-13,,34.1523617554606
Hajipur,BD60586535,,,,Kulaura,BD605865,Maulvibazar,BD6058,Sylhet,BD60,Bangladesh,BD,2015-01-01,2020-11-13,,29.638438855365
Hajir Para,BD20514350,,,,Lakshmipur Sadar,BD205143,Lakshmipur,BD2051,Chittagong,BD20,Bangladesh,BD,2015-01-01,2020-11-13,,13.1849130761531
Hajirbagh,BD40412341,,,,Jhikargachha,BD404123,Jessore,BD4041,Khulna,BD40,Bangladesh,BD,2015-01-01,2020-11-13,,27.7939760757975
Hajirhat,BD10096523,,,,Manpura,BD100965,Bhola,BD1009,Barisal,BD10,Bangladesh,BD,2015-01-01,2020-11-13,,62.1315725791491
Hajirhat,BD20513383,,,,Kamalnagar,BD205133,Lakshmipur,BD2051,Chittagong,BD20,Bangladesh,BD,2015-01-01,2020-11-13,,21.1899171910015
Hakimpur,BD40411125,,,,Chaugachha,BD404111,Jessore,BD4041,Khulna,BD40,Bangladesh,BD,2015-01-01,2020-11-13,,26.7197610038041
Hakimpur,BD40448050,,,,Shailkupa,BD404480,Jhenaidah,BD4044,Khulna,BD40,Bangladesh,BD,2015-01-01,2020-11-13,,24.0400610828621
Haladia,BD20157444,,,,Raozan,BD201574,Chittagong,BD2015,Chittagong,BD20,Bangladesh,BD,2015-01-01,2020-11-13,,45.82834164246849
Haldia,BD10040971,,,,Amtali,BD100409,Barguna,BD1004,Barisal,BD10,Bangladesh,BD,2015-01-01,2020-11-13,,69.646397500091
Haldia,BD30594439,,,,Lohajang,BD305944,Munshiganj,BD3059,Dhaka,BD30,Bangladesh,BD,2015-01-01,2020-11-13,,7.783111431595739
Haldia,BD55328838,,,,Saghatta,BD553288,Gaibandha,BD5532,Rangpur,BD55,Bangladesh,BD,2015-01-01,2020-11-13,,46.4984328755958
Haldia Palong,BD20229415,,,,Ukhia,BD202294,Cox's Bazar,BD2022,Chittagong,BD20,Bangladesh,BD,2015-01-01,2020-11-13,,35.4708786737346
Haldipur,BD60904719,,,,Jagannathpur,BD609047,Sunamganj,BD6090,Sylhet,BD60,Bangladesh,BD,2015-01-01,2020-11-13,,64.41369456265039
Halidhani,BD40441926,,,,Jhenaidah Sadar,BD404419,Jhenaidah,BD4044,Khulna,BD40,Bangladesh,BD,2015-01-01,2020-11-13,,20.3174060989035
Halimpur,BD30480651,,,,Bajitpur,BD304806,Kishoreganj,BD3048,Dhaka,BD30,Bangladesh,BD,2015-01-01,2020-11-13,,12.2059553688174
Halsa,BD50696343,,,,Natore Sadar,BD506963,Natore,BD5069,Rajshahi,BD50,Bangladesh,BD,2015-01-01,2020-11-13,,25.0834753037258
Haluaghat,BD45612461,,,,Haluaghat,BD456124,Mymensingh,BD4561,Mymensingh,BD45,Bangladesh,BD,2015-01-01,2020-11-13,,42.5439258065803
Hamidpur,BD40652823,,,,Kalia,BD406528,Narail,BD4065,Khulna,BD40,Bangladesh,BD,2015-01-01,2020-11-13,,18.7831104317669
Hamidpur,BD55277734,,,,Parbatipur,BD552777,Dinajpur,BD5527,Rangpur,BD55,Bangladesh,BD,2015-01-01,2020-11-13,,41.8965849272069
Hamir Kutsha,BD50811256,,,,Baghmara,BD508112,Rajshahi,BD5081,Rajshahi,BD50,Bangladesh,BD,2015-01-01,2020-11-13,,22.7794950502428
Hamirdi,BD30291047,,,,Bhanga,BD302910,Faridpur,BD3029,Dhaka,BD30,Bangladesh,BD,2015-01-01,2020-11-13,,14.2318827177114
Hanar Char,BD20132258,,,,Chandpur Sadar,BD201322,Chandpur,BD2013,Chittagong,BD20,Bangladesh,BD,2015-01-01,2020-11-13,,4.65105551798232
Handial,BD50762251,,,,Chatmohar,BD507622,Pabna,BD5076,Rajshahi,BD50,Bangladesh,BD,2015-01-01,2020-11-13,,36.1363565408856
Hapania,BD50646058,,,,Naogaon Sadar,BD506460,Naogaon,BD5064,Rajshahi,BD50,Bangladesh,BD,2015-01-01,2020-11-13,,19.627986156789
Hapchhari,BD20468038,,,,Ramgarh,BD204680,Khagrachhari,BD2046,Chittagong,BD20,Bangladesh,BD,2015-01-01,2020-11-13,,100.928167188455
Haragachh,BD55854223,,,,Kaunia,BD558542,Rangpur,BD5585,Rangpur,BD55,Bangladesh,BD,2015-01-01,2020-11-13,,11.7855856314629
Haragram,BD50817251,,,,Paba,BD508172,Rajshahi,BD5081,Rajshahi,BD50,Bangladesh,BD,2015-01-01,2020-11-13,,16.0784605618217
Haramia,BD20157835,,,,Sandwip,BD201578,Chittagong,BD2015,Chittagong,BD20,Bangladesh,BD,2015-01-01,2020-11-13,,15.4443144319543
Harashpur,BD20120756,,,,Bijoynagar,BD201207,Brahamanbaria,BD2012,Chittagong,BD20,Bangladesh,BD,2015-01-01,2020-11-13,,27.2526352020129
Harati,BD55525536,,,,Lalmonirhat Sadar,BD555255,Lalmonirhat,BD5552,Rangpur,BD55,Bangladesh,BD,2015-01-01,2020-11-13,,24.0113789495143
Harbang,BD20221650,,,,Chakaria,BD202216,Cox's Bazar,BD2022,Chittagong,BD20,Bangladesh,BD,2015-01-01,2020-11-13,,65.2792719683345
Hardi,BD40180747,,,,Alamdanga,BD401807,Chuadanga,BD4018,Khulna,BD40,Bangladesh,BD,2015-01-01,2020-11-13,,26.2928251662784
Hargaz,BD30567076,,,,Saturia,BD305670,Manikganj,BD3056,Dhaka,BD30,Bangladesh,BD,2015-01-01,2020-11-13,,12.324776279941
Harian,BD50817254,,,,Paba,BD508172,Rajshahi,BD5081,Rajshahi,BD50,Bangladesh,BD,2015-01-01,2020-11-13,,65.39274027104611
Hariarkuti,BD55859263,,,,Taraganj,BD558592,Rangpur,BD5585,Rangpur,BD55,Bangladesh,BD,2015-01-01,2020-11-13,,31.535785416398
Haribhasa,BD55777347,,,,Panchagarh Sadar,BD557773,Panchagarh,BD5577,Rangpur,BD55,Bangladesh,BD,2015-01-01,2020-11-13,,42.2643945955602
Haridasdi Mahendradi,BD30548031,,,,Rajoir,BD305480,Madaripur,BD3054,Dhaka,BD30,Bangladesh,BD,2015-01-01,2020-11-13,,13.1618033763435
Haridaskati,BD40416127,,,,Manirampur,BD404161,Jessore,BD4041,Khulna,BD40,Bangladesh,BD,2015-01-01,2020-11-13,,29.7096024177736
Haridaspur,BD30353234,,,,Gopalganj Sadar,BD303532,Gopalganj,BD3035,Dhaka,BD30,Bangladesh,BD,2015-01-01,2020-11-13,,13.179375609351
Haridebpur,BD55854923,,,,Rangpur Sadar,BD558549,Rangpur,BD5585,Rangpur,BD55,Bangladesh,BD,2015-01-01,2020-11-13,,29.2381817555567
Haridhali,BD40476444,,,,Paikgachha,BD404764,Khulna,BD4047,Khulna,BD40,Bangladesh,BD,2015-01-01,2020-11-13,,19.6858537688085
Hariharnagar,BD40416133,,,,Manirampur,BD404161,Jessore,BD4041,Khulna,BD40,Bangladesh,BD,2015-01-01,2020-11-13,,31.0177254889619
Harinakunda Paurashava,BD40441499,,,,Harinakunda,BD404414,Jhenaidah,BD4044,Khulna,BD40,Bangladesh,BD,2015-01-01,2020-11-13,,9.61943962264589
Harinarayanpur,BD40507937,,,,Kushtia Sadar,BD405079,Kushtia,BD4050,Khulna,BD40,Bangladesh,BD,2015-01-01,2020-11-13,,14.4120337190677
Harinathpur,BD10063667,,,,Hizla,BD100636,Barisal,BD1006,Barisal,BD10,Bangladesh,BD,2015-01-01,2020-11-13,,40.6560886322504
Harinathpur,BD55326728,,,,Palashbari,BD553267,Gaibandha,BD5532,Rangpur,BD55,Bangladesh,BD,2015-01-01,2020-11-13,,19.0512922043279
Harinchara,BD55731557,,,,Domar,BD557315,Nilphamari,BD5573,Rangpur,BD55,Bangladesh,BD,2015-01-01,2020-11-13,,18.1666107631288
Haripur,BD20129073,,,,Nasirnagar,BD201290,Brahamanbaria,BD2012,Chittagong,BD20,Bangladesh,BD,2015-01-01,2020-11-13,,20.7201475185456
Haripur,BD50762260,,,,Chatmohar,BD507622,Pabna,BD5076,Rajshahi,BD50,Bangladesh,BD,2015-01-01,2020-11-13,,34.6328642948372
Haripur,BD50817261,,,,Paba,BD508172,Rajshahi,BD5081,Rajshahi,BD50,Bangladesh,BD,2015-01-01,2020-11-13,,45.9663744849288
Haripur,BD55329144,,,,Sundarganj,BD553291,Gaibandha,BD5532,Rangpur,BD55,Bangladesh,BD,2015-01-01,2020-11-13,,33.8713308990873
Haripur,BD55945181,,,,Haripur,BD559451,Thakurgaon,BD5594,Rangpur,BD55,Bangladesh,BD,2015-01-01,2020-11-13,,31.512533061293
Harirampur,BD45619438,,,,Trishal,BD456194,Mymensingh,BD4561,Mymensingh,BD45,Bangladesh,BD,2015-01-01,2020-11-13,,23.8649396616383
Harirampur,BD55277743,,,,Parbatipur,BD552777,Dinajpur,BD5527,Rangpur,BD55,Bangladesh,BD,2015-01-01,2020-11-13,,47.4644919890351
Harirampur,BD55323022,,,,Gobindaganj,BD553230,Gaibandha,BD5532,Rangpur,BD55,Bangladesh,BD,2015-01-01,2020-11-13,,29.0055784074538
Harirampur (Part),BD30269351,,,,Turag,BD302693,Dhaka,BD3026,Dhaka,BD30,Bangladesh,BD,2015-01-01,2020-11-13,,25.110258592404
Harishankarpur,BD40441931,,,,Jhenaidah Sadar,BD404419,Jhenaidah,BD4044,Khulna,BD40,Bangladesh,BD,2015-01-01,2020-11-13,,26.9297055104826
Harispur,BD20157840,,,,Sandwip,BD201578,Chittagong,BD2015,Chittagong,BD20,Bangladesh,BD,2015-01-01,2020-11-13,,0.595906198004278
Harni,BD20753647,,,,Hatiya,BD207536,Noakhali,BD2075,Chittagong,BD20,Bangladesh,BD,2015-01-01,2020-11-13,,79.1722626791352
Harta,BD10069442,,,,Wazirpur,BD100694,Barisal,BD1006,Barisal,BD10,Bangladesh,BD,2015-01-01,2020-11-13,,27.2439759861103
Harukandi,BD30562865,,,,Harirampur,BD305628,Manikganj,BD3056,Dhaka,BD30,Bangladesh,BD,2015-01-01,2020-11-13,,17.6639440318031
Harwalchhari,BD20153342,,,,Fatikchhari,BD201533,Chittagong,BD2015,Chittagong,BD20,Bangladesh,BD,2015-01-01,2020-11-13,,55.5502687475993
Hasail Banari,BD30599455,,,,Tongibari,BD305994,Munshiganj,BD3059,Dhaka,BD30,Bangladesh,BD,2015-01-01,2020-11-13,,18.1657078877758
Hasara,BD30598440,,,,Sreenagar,BD305984,Munshiganj,BD3059,Dhaka,BD30,Bangladesh,BD,2015-01-01,2020-11-13,,15.3033209286216
Hashaighari,BD50646065,,,,Naogaon Sadar,BD506460,Naogaon,BD5064,Rajshahi,BD50,Bangladesh,BD,2015-01-01,2020-11-13,,23.3314976032021
Hashimpur,BD20151866,,,,Chandanaish,BD201518,Chittagong,BD2015,Chittagong,BD20,Bangladesh,BD,2015-01-01,2020-11-13,,25.6464842564429
Hasnabad,BD20197431,,,,Manoharganj,BD201974,Comilla,BD2019,Chittagong,BD20,Bangladesh,BD,2015-01-01,2020-11-13,,13.253112265898
Hasnabad,BD55496131,,,,Nageshwari,BD554961,Kurigram,BD5549,Rangpur,BD55,Bangladesh,BD,2015-01-01,2020-11-13,,18.2572203717171
Hassan Nagar,BD10092138,,,,Burhanuddin,BD100921,Bhola,BD1009,Barisal,BD10,Bangladesh,BD,2015-01-01,2020-11-13,,7.41692388599165
Hat Sherpur,BD50108137,,,,Sariakandi,BD501081,Bogra,BD5010,Rajshahi,BD50,Bangladesh,BD,2015-01-01,2020-11-13,,27.5502666583002
Hatas Haripur,BD40507944,,,,Kushtia Sadar,BD405079,Kushtia,BD4050,Khulna,BD40,Bangladesh,BD,2015-01-01,2020-11-13,,29.4095300590941
Hatebhanga,BD45391565,,,,Dewanganj,BD453915,Jamalpur,BD4539,Mymensingh,BD45,Bangladesh,BD,2015-01-01,2020-11-13,,18.5741185848985
Hathazari,BD20153759,,,,Hathazari,BD201537,Chittagong,BD2015,Chittagong,BD20,Bangladesh,BD,2015-01-01,2020-11-13,,27.1561996846998
Hati Para,BD30564639,,,,Manikganj Sadar,BD305646,Manikganj,BD3056,Dhaka,BD30,Bangladesh,BD,2015-01-01,2020-11-13,,23.626005474736
Hatia,BD55499461,,,,Ulipur,BD554994,Kurigram,BD5549,Rangpur,BD55,Bangladesh,BD,2015-01-01,2020-11-13,,30.7746202012359
Hatiandaha,BD50699139,,,,Singra,BD506991,Natore,BD5069,Rajshahi,BD50,Bangladesh,BD,2015-01-01,2020-11-13,,33.1623493171879
Hatiara,BD30354320,,,,Kashiani,BD303543,Gopalganj,BD3035,Dhaka,BD30,Bangladesh,BD,2015-01-01,2020-11-13,,12.6247360925628
Hatibandha,BD30938540,,,,Sakhipur,BD309385,Tangail,BD3093,Dhaka,BD30,Bangladesh,BD,2015-01-01,2020-11-13,,62.0590519654095
Hatibandha Malijhikanda,BD45893717,,,,Jhenaigati,BD458937,Sherpur,BD4589,Mymensingh,BD45,Bangladesh,BD,2015-01-01,2020-11-13,,15.3719754066028
Hatikumrul,BD50889436,,,,Ullah Para,BD508894,Sirajganj,BD5088,Rajshahi,BD50,Bangladesh,BD,2015-01-01,2020-11-13,,36.8015839977287
Hatila Purba,BD20134965,,,,Hajiganj,BD201349,Chandpur,BD2013,Chittagong,BD20,Bangladesh,BD,2015-01-01,2020-11-13,,17.1271885639375
Hatiya Paurashava,BD20753699,,,,Hatiya,BD207536,Noakhali,BD2075,Chittagong,BD20,Bangladesh,BD,2015-01-01,2020-11-13,,48.70721264340531
Hatkalu Para,BD50640342,,,,Atrai,BD506403,Naogaon,BD5064,Rajshahi,BD50,Bangladesh,BD,2015-01-01,2020-11-13,,26.6048861327843
Hatkhali,BD50768328,,,,Sujanagar,BD507683,Pabna,BD5076,Rajshahi,BD50,Bangladesh,BD,2015-01-01,2020-11-13,,26.0029074803979
Hatkhola,BD60916232,,,,Sylhet Sadar,BD609162,Sylhet,BD6091,Sylhet,BD60,Bangladesh,BD,2015-01-01,2020-11-13,,35.6447294962367
Hatpukuria Ghatlabag,BD20751019,,,,Chatkhil,BD207510,Noakhali,BD2075,Chittagong,BD20,Bangladesh,BD,2015-01-01,2020-11-13,,2.5211876214647
Hatur,BD50645047,,,,Mahadebpur,BD506450,Naogaon,BD5064,Rajshahi,BD50,Bangladesh,BD,2015-01-01,2020-11-13,,48.5765816061041
Haturia Nakalia,BD50761631,,,,Bera,BD507616,Pabna,BD5076,Rajshahi,BD50,Bangladesh,BD,2015-01-01,2020-11-13,,32.316128825192
Hazariganj,BD10092557,,,,Char Fasson,BD100925,Bhola,BD1009,Barisal,BD10,Bangladesh,BD,2015-01-01,2020-11-13,,29.4722079718204
Hazipur,BD40555740,,,,Magura Sadar,BD405557,Magura,BD4055,Khulna,BD40,Bangladesh,BD,2015-01-01,2020-11-13,,38.7280217784791
Hazradanga,BD55773453,,,,Debiganj,BD557734,Panchagarh,BD5577,Rangpur,BD55,Bangladesh,BD,2015-01-01,2020-11-13,,26.7277127420188
Hazrapur,BD40555747,,,,Magura Sadar,BD405557,Magura,BD4055,Khulna,BD40,Bangladesh,BD,2015-01-01,2020-11-13,,25.6799413764904
Hazratpur,BD30263817,,,,Keraniganj,BD302638,Dhaka,BD3026,Dhaka,BD30,Bangladesh,BD,2015-01-01,2020-11-13,,21.2395836243011
Helatala,BD40874331,,,,Kalaroa,BD408743,Satkhira,BD4087,Khulna,BD40,Bangladesh,BD,2015-01-01,2020-11-13,,18.4218018843924
Hemayetpur,BD50765560,,,,Pabna Sadar,BD507655,Pabna,BD5076,Rajshahi,BD50,Bangladesh,BD,2015-01-01,2020-11-13,,48.76763789478539
Hemnagar,BD30933865,,,,Gopalpur,BD309338,Tangail,BD3093,Dhaka,BD30,Bangladesh,BD,2015-01-01,2020-11-13,,22.4131065628881
Hesakhal,BD20198757,,,,Nangalkot,BD201987,Comilla,BD2019,Chittagong,BD20,Bangladesh,BD,2015-01-01,2020-11-13,,8.750479104548269
Hilachia,BD30480660,,,,Bajitpur,BD304806,Kishoreganj,BD3048,Dhaka,BD30,Bangladesh,BD,2015-01-01,2020-11-13,,21.4419249006718
Hinguli,BD20155328,,,,Mirsharai,BD201553,Chittagong,BD2015,Chittagong,BD20,Bangladesh,BD,2015-01-01,2020-11-13,,10.5044696820172
Hiran,BD30355131,,,,Kotali Para,BD303551,Gopalganj,BD3035,Dhaka,BD30,Bangladesh,BD,2015-01-01,2020-11-13,,19.0699723364552
Hizla,BD40011447,,,,Chitalmari,BD400114,Bagerhat,BD4001,Khulna,BD40,Bangladesh,BD,2015-01-01,2020-11-13,,25.3166319341718
Hizla Gaurabdi,BD10063681,,,,Hizla,BD100636,Barisal,BD1006,Barisal,BD10,Bangladesh,BD,2015-01-01,2020-11-13,,54.26560369886671
Hoanak,BD20224947,,,,Maheshkhali,BD202249,Cox's Bazar,BD2022,Chittagong,BD20,Bangladesh,BD,2015-01-01,2020-11-13,,83.1054005576447
Hogalbaria,BD40503940,,,,Daulatpur,BD405039,Kushtia,BD4050,Khulna,BD40,Bangladesh,BD,2015-01-01,2020-11-13,,30.2483191388967
Hogla,BD45728363,,,,Purbadhala,BD457283,Netrakona,BD4572,Mymensingh,BD45,Bangladesh,BD,2015-01-01,2020-11-13,,34.0869628670265
Hogla Pasha,BD40016047,,,,Morrelganj,BD400160,Bagerhat,BD4001,Khulna,BD40,Bangladesh,BD,2015-01-01,2020-11-13,,16.4155369529971
Hoglabunia,BD40016041,,,,Morrelganj,BD400160,Bagerhat,BD4001,Khulna,BD40,Bangladesh,BD,2015-01-01,2020-11-13,,23.647786971529
Holokhana,BD55495238,,,,Kurigram Sadar,BD554952,Kurigram,BD5549,Rangpur,BD55,Bangladesh,BD,2015-01-01,2020-11-13,,38.13766895425979
Homna Paurashava,BD20195499,,,,Homna,BD201954,Comilla,BD2019,Chittagong,BD20,Bangladesh,BD,2015-01-01,2020-11-13,,12.7199362679698
Homna Union,BD20195466,,,,Homna,BD201954,Comilla,BD2019,Chittagong,BD20,Bangladesh,BD,2015-01-01,2020-11-13,,3.47030195511382
Hosendi,BD30487947,,,,Pakundia,BD304879,Kishoreganj,BD3048,Dhaka,BD30,Bangladesh,BD,2015-01-01,2020-11-13,,11.3221206620936
Hosnabad,BD10044747,,,,Betagi,BD100447,Barguna,BD1004,Barisal,BD10,Bangladesh,BD,2015-01-01,2020-11-13,,25.4962933310141
Hosnabad,BD20157025,,,,Rangunia,BD201570,Chittagong,BD2015,Chittagong,BD20,Bangladesh,BD,2015-01-01,2020-11-13,,22.8896076785139
Hossain Gaon,BD55948647,,,,Ranisankail,BD559486,Thakurgaon,BD5594,Rangpur,BD55,Bangladesh,BD,2015-01-01,2020-11-13,,32.8821702336069
Hossaindi,BD30592463,,,,Gazaria,BD305924,Munshiganj,BD3059,Dhaka,BD30,Bangladesh,BD,2015-01-01,2020-11-13,,22.3399856737371
Hossainpur,BD30548038,,,,Rajoir,BD305480,Madaripur,BD3054,Dhaka,BD30,Bangladesh,BD,2015-01-01,2020-11-13,,8.798618640921651
Hossainpur,BD55326738,,,,Palashbari,BD553267,Gaibandha,BD5532,Rangpur,BD55,Bangladesh,BD,2015-01-01,2020-11-13,,23.1022133080086
Hossainpur Paurashava,BD30482799,,,,Hossainpur,BD304827,Kishoreganj,BD3048,Dhaka,BD30,Bangladesh,BD,2015-01-01,2020-11-13,,1.07941092137048
Howli,BD40183135,,,,Damurhuda,BD401831,Chuadanga,BD4018,Khulna,BD40,Bangladesh,BD,2015-01-01,2020-11-13,,51.0899692560885
Hugra,BD30939553,,,,Tangail Sadar,BD309395,Tangail,BD3093,Dhaka,BD30,Bangladesh,BD,2015-01-01,2020-11-13,,36.9114112151549
Hujuri Para,BD50817265,,,,Paba,BD508172,Rajshahi,BD5081,Rajshahi,BD50,Bangladesh,BD,2015-01-01,2020-11-13,,27.8249596376193
Humaipur,BD30480669,,,,Bajitpur,BD304806,Kishoreganj,BD3048,Dhaka,BD30,Bangladesh,BD,2015-01-01,2020-11-13,,29.2905158651277
Hurka,BD40017347,,,,Rampal,BD400173,Bagerhat,BD4001,Khulna,BD40,Bangladesh,BD,2015-01-01,2020-11-13,,17.3423367361563
Ibrahimpur,BD20128527,,,,Nabinagar,BD201285,Brahamanbaria,BD2012,Chittagong,BD20,Bangladesh,BD,2015-01-01,2020-11-13,,14.70162798883
Ibrahimpur,BD20132263,,,,Chandpur Sadar,BD201322,Chandpur,BD2013,Chittagong,BD20,Bangladesh,BD,2015-01-01,2020-11-13,,3.34316006097515
Ichhakhali,BD20155329,,,,Mirsharai,BD201553,Chittagong,BD2015,Chittagong,BD20,Bangladesh,BD,2015-01-01,2020-11-13,,54.8234199474527
Ichhali,BD40414753,,,,Kotwali,BD404147,Jessore,BD4041,Khulna,BD40,Bangladesh,BD,2015-01-01,2020-11-13,,31.170218037334
Ichhapur,BD20516538,,,,Ramganj,BD205165,Lakshmipur,BD2051,Chittagong,BD20,Bangladesh,BD,2015-01-01,2020-11-13,,16.226759892267
Ichhapur,BD30597433,,,,Serajdikhan,BD305974,Munshiganj,BD3059,Dhaka,BD30,Bangladesh,BD,2015-01-01,2020-11-13,,9.23579715929565
Idgaon,BD20222435,,,,Cox's Bazar Sadar,BD202224,Cox's Bazar,BD2022,Chittagong,BD20,Bangladesh,BD,2015-01-01,2020-11-13,,37.7073932126531
Idgar,BD20226628,,,,Ramu,BD202266,Cox's Bazar,BD2022,Chittagong,BD20,Bangladesh,BD,2015-01-01,2020-11-13,,49.353721425533
Idilpur,BD30863635,,,,Gosairhat,BD308636,Shariatpur,BD3086,Dhaka,BD30,Bangladesh,BD,2015-01-01,2020-11-13,,28.5637222653196
Idilpur,BD55328251,,,,Sadullapur,BD553282,Gaibandha,BD5532,Rangpur,BD55,Bangladesh,BD,2015-01-01,2020-11-13,,23.7575364000777
Ikri,BD10791459,,,,Bhandaria,BD107914,Pirojpur,BD1079,Barisal,BD10,Bangladesh,BD,2015-01-01,2020-11-13,,29.3436701354152
Illisha,BD10091851,,,,Bhola Sadar,BD100918,Bhola,BD1009,Barisal,BD10,Bangladesh,BD,2015-01-01,2020-11-13,,32.733098960168
Iluhar,BD10061052,,,,Banari Para,BD100610,Barisal,BD1006,Barisal,BD10,Bangladesh,BD,2015-01-01,2020-11-13,,15.2603107050619
Imampur,BD30592473,,,,Gazaria,BD305924,Munshiganj,BD3059,Dhaka,BD30,Bangladesh,BD,2015-01-01,2020-11-13,,26.2541044638979
Inathganj,BD60367751,,,,Nabiganj,BD603677,Habiganj,BD6036,Sylhet,BD60,Bangladesh,BD,2015-01-01,2020-11-13,,21.8116837872986
Isab Pur,BD20194011,,,,Debidwar,BD201940,Comilla,BD2019,Chittagong,BD20,Bangladesh,BD,2015-01-01,2020-11-13,,12.3642712869699
Isabpur,BD50642852,,,,Dhamoirhat,BD506428,Naogaon,BD5064,Rajshahi,BD50,Bangladesh,BD,2015-01-01,2020-11-13,,38.51842780632951
Isabpur,BD55273055,,,,Chirirbandar,BD552730,Dinajpur,BD5527,Rangpur,BD55,Bangladesh,BD,2015-01-01,2020-11-13,,27.2628233809692
Ishakalas,BD60912717,,,,Companiganj,BD609127,Sylhet,BD6091,Sylhet,BD60,Bangladesh,BD,2015-01-01,2020-11-13,,39.1311794972479
Ishan Gopalpur,BD30294747,,,,Faridpur Sadar,BD302947,Faridpur,BD3029,Dhaka,BD30,Bangladesh,BD,2015-01-01,2020-11-13,,29.2565238922058
Ishania,BD55272140,,,,Bochaganj,BD552721,Dinajpur,BD5527,Rangpur,BD55,Bangladesh,BD,2015-01-01,2020-11-13,,35.8370721666439
Ishwardi,BD50694466,,,,Lalpur,BD506944,Natore,BD5069,Rajshahi,BD50,Bangladesh,BD,2015-01-01,2020-11-13,,21.2973705191736
Ishwardi Paurashava,BD50763999,,,,Ishwardi,BD507639,Pabna,BD5076,Rajshahi,BD50,Bangladesh,BD,2015-01-01,2020-11-13,,18.5039848331667
Ishwarganj,BD45613140,,,,Ishwarganj,BD456131,Mymensingh,BD4561,Mymensingh,BD45,Bangladesh,BD,2015-01-01,2020-11-13,,12.7810942023248
Ishwarganj Paurashava,BD45613199,,,,Ishwarganj,BD456131,Mymensingh,BD4561,Mymensingh,BD45,Bangladesh,BD,2015-01-01,2020-11-13,,15.050397212718
Ishwaripur,BD40878639,,,,Shyamnagar,BD408786,Satkhira,BD4087,Khulna,BD40,Bangladesh,BD,2015-01-01,2020-11-13,,41.8406437091863
Isibpur,BD30548047,,,,Rajoir,BD305480,Madaripur,BD3054,Dhaka,BD30,Bangladesh,BD,2015-01-01,2020-11-13,,18.5249829872874
Islam Pur,BD30862540,,,,Damudya,BD308625,Shariatpur,BD3086,Dhaka,BD30,Bangladesh,BD,2015-01-01,2020-11-13,,9.146712778445641
Islamabad,BD20137925,,,,Matlab Uttar,BD201379,Chandpur,BD2013,Chittagong,BD20,Bangladesh,BD,2015-01-01,2020-11-13,,13.1732852762236
Islamabad,BD20222442,,,,Cox's Bazar Sadar,BD202224,Cox's Bazar,BD2022,Chittagong,BD20,Bangladesh,BD,2015-01-01,2020-11-13,,10.9935658950442
Islamkati,BD40879015,,,,Tala,BD408790,Satkhira,BD4087,Khulna,BD40,Bangladesh,BD,2015-01-01,2020-11-13,,22.1145448590619
Islampur,BD20157021,,,,Rangunia,BD201570,Chittagong,BD2015,Chittagong,BD20,Bangladesh,BD,2015-01-01,2020-11-13,,35.77386192295999
Islampur,BD20222438,,,,Cox's Bazar Sadar,BD202224,Cox's Bazar,BD2022,Chittagong,BD20,Bangladesh,BD,2015-01-01,2020-11-13,,10.4185659606973
Islampur,BD30820747,,,,Balia Kandi,BD308207,Rajbari,BD3082,Dhaka,BD30,Bangladesh,BD,2015-01-01,2020-11-13,,34.8960191951651
Islampur,BD45392955,,,,Islampur,BD453929,Jamalpur,BD4539,Mymensingh,BD45,Bangladesh,BD,2015-01-01,2020-11-13,,14.562665225261
Islampur,BD50706639,,,,Nawabganj Sadar,BD507066,Nawabganj,BD5070,Rajshahi,BD50,Bangladesh,BD,2015-01-01,2020-11-13,,23.5015521371712
Islampur,BD60585628,,,,Kamalganj,BD605856,Maulvibazar,BD6058,Sylhet,BD60,Bangladesh,BD,2015-01-01,2020-11-13,,38.0589376362668
Islampur Paschim,BD60912711,,,,Companiganj,BD609127,Sylhet,BD6091,Sylhet,BD60,Bangladesh,BD,2015-01-01,2020-11-13,,32.8864211491152
Islampur Paurashava,BD45392999,,,,Islampur,BD453929,Jamalpur,BD4539,Mymensingh,BD45,Bangladesh,BD,2015-01-01,2020-11-13,,15.2662266056603
Islampur Purba,BD60912713,,,,Companiganj,BD609127,Sylhet,BD6091,Sylhet,BD60,Bangladesh,BD,2015-01-01,2020-11-13,,38.85882449078969
Itabaria,BD10789520,,,,Patuakhali Sadar,BD107895,Patuakhali,BD1078,Barisal,BD10,Bangladesh,BD,2015-01-01,2020-11-13,,28.3397186183714
Itail,BD45393623,,,,Jamalpur Sadar,BD453936,Jamalpur,BD4539,Mymensingh,BD45,Bangladesh,BD,2015-01-01,2020-11-13,,25.4609927426186
Itakhola,BD55736431,,,,Nilphamari Sadar,BD557364,Nilphamari,BD5573,Rangpur,BD55,Bangladesh,BD,2015-01-01,2020-11-13,,22.8025002438128
Itakumari,BD55857328,,,,Pirgachha,BD558573,Rangpur,BD5585,Rangpur,BD55,Bangladesh,BD,2015-01-01,2020-11-13,,23.4161350718351
Italy,BD50699147,,,,Singra,BD506991,Natore,BD5069,Rajshahi,BD50,Bangladesh,BD,2015-01-01,2020-11-13,,62.5521059195797
Itna,BD30483351,,,,Itna,BD304833,Kishoreganj,BD3048,Dhaka,BD30,Bangladesh,BD,2015-01-01,2020-11-13,,46.6548526408324
Itna,BD40655218,,,,Lohagara,BD406552,Narail,BD4065,Khulna,BD40,Bangladesh,BD,2015-01-01,2020-11-13,,36.3494640805687
Jabarhat,BD55948251,,,,Pirganj,BD559482,Thakurgaon,BD5594,Rangpur,BD55,Bangladesh,BD,2015-01-01,2020-11-13,,39.3937138056801
Jadabpur,BD30261447,,,,Dhamrai,BD302614,Dhaka,BD3026,Dhaka,BD30,Bangladesh,BD,2015-01-01,2020-11-13,,19.5070394844889
Jadabpur,BD30938554,,,,Sakhipur,BD309385,Tangail,BD3093,Dhaka,BD30,Bangladesh,BD,2015-01-01,2020-11-13,,111.86311532646
Jadabpur,BD40447123,,,,Maheshpur,BD404471,Jhenaidah,BD4044,Khulna,BD40,Bangladesh,BD,2015-01-01,2020-11-13,,38.6694624602645
Jadu Boyra,BD40507134,,,,Kumarkhali,BD405071,Kushtia,BD4050,Khulna,BD40,Bangladesh,BD,2015-01-01,2020-11-13,,23.3839730569498
Jadunandi,BD30299044,,,,Saltha,BD302990,Faridpur,BD3029,Dhaka,BD30,Bangladesh,BD,2015-01-01,2020-11-13,,23.3840936568842
Jadur Char,BD55497935,,,,Raumari,BD554979,Kurigram,BD5549,Rangpur,BD55,Bangladesh,BD,2015-01-01,2020-11-13,,35.7228704143344
Jafarabad,BD30484243,,,,Karimganj,BD304842,Kishoreganj,BD3048,Dhaka,BD30,Bangladesh,BD,2015-01-01,2020-11-13,,10.775087263093
Jafarganj,BD20194065,,,,Debidwar,BD201940,Comilla,BD2019,Chittagong,BD20,Bangladesh,BD,2015-01-01,2020-11-13,,11.7539797387387
Jafarnagar,BD20153347,,,,Fatikchhari,BD201533,Chittagong,BD2015,Chittagong,BD20,Bangladesh,BD,2015-01-01,2020-11-13,,6.25233083496461
Jagaddal,BD60902938,,,,Derai,BD609029,Sunamganj,BD6090,Sylhet,BD60,Bangladesh,BD,2015-01-01,2020-11-13,,52.06025133100231
Jagadishpur,BD40411134,,,,Chaugachha,BD404111,Jessore,BD4041,Khulna,BD40,Bangladesh,BD,2015-01-01,2020-11-13,,19.6729027719021
Jagadishpur,BD60367169,,,,Madhabpur,BD603671,Habiganj,BD6036,Sylhet,BD60,Bangladesh,BD,2015-01-01,2020-11-13,,24.8326966078344
Jagannath Dighi,BD20193147,,,,Chauddagram,BD201931,Comilla,BD2019,Chittagong,BD20,Bangladesh,BD,2015-01-01,2020-11-13,,16.1035508088251
Jagannathpur,BD20196765,,,,Comilla Adarsha Sadar,BD201967,Comilla,BD2019,Chittagong,BD20,Bangladesh,BD,2015-01-01,2020-11-13,,20.9375169120363
Jagannathpur,BD40507143,,,,Kumarkhali,BD405071,Kushtia,BD4050,Khulna,BD40,Bangladesh,BD,2015-01-01,2020-11-13,,17.5833716032665
Jagannathpur,BD55949447,,,,Thakurgaon Sadar,BD559494,Thakurgaon,BD5594,Rangpur,BD55,Bangladesh,BD,2015-01-01,2020-11-13,,41.1028108303869
Jagannathpur Paurashava,BD60904799,,,,Jagannathpur,BD609047,Sunamganj,BD6090,Sylhet,BD60,Bangladesh,BD,2015-01-01,2020-11-13,,24.0700072482104
Jagatber,BD55527027,,,,Patgram,BD555270,Lalmonirhat,BD5552,Rangpur,BD55,Bangladesh,BD,2015-01-01,2020-11-13,,38.0647072946482
Jagati,BD40507950,,,,Kushtia Sadar,BD405079,Kushtia,BD4050,Khulna,BD40,Bangladesh,BD,2015-01-01,2020-11-13,,20.8544409061139
Jagatpur,BD20199435,,,,Titas,BD201994,Comilla,BD2019,Chittagong,BD20,Bangladesh,BD,2015-01-01,2020-11-13,,14.9450147017692
Jagdal,BD40555754,,,,Magura Sadar,BD405557,Magura,BD4055,Khulna,BD40,Bangladesh,BD,2015-01-01,2020-11-13,,31.5157448447117
Jagua,BD10065160,,,,Barisal Sadar (Kotwali),BD100651,Barisal,BD1006,Barisal,BD10,Bangladesh,BD,2015-01-01,2020-11-13,,8.608677981289679
Jahajmara,BD20753657,,,,Hatiya,BD207536,Noakhali,BD2075,Chittagong,BD20,Bangladesh,BD,2015-01-01,2020-11-13,,99.7460210690851
Jahanabad,BD50815354,,,,Mohanpur,BD508153,Rajshahi,BD5081,Rajshahi,BD50,Bangladesh,BD,2015-01-01,2020-11-13,,28.8102245842875
Jahangirnagar,BD60908933,,,,Sunamganj Sadar,BD609089,Sunamganj,BD6090,Sylhet,BD60,Bangladesh,BD,2015-01-01,2020-11-13,,10.3412685646533
Jahangirpur,BD45617239,,,,Nandail,BD456172,Mymensingh,BD4561,Mymensingh,BD45,Bangladesh,BD,2015-01-01,2020-11-13,,28.2321162452363
Jahanpur,BD10092563,,,,Char Fasson,BD100925,Bhola,BD1009,Barisal,BD10,Bangladesh,BD,2015-01-01,2020-11-13,,18.6349075287503
Jahanpur,BD50642863,,,,Dhamoirhat,BD506428,Naogaon,BD5064,Rajshahi,BD50,Bangladesh,BD,2015-01-01,2020-11-13,,33.7469323174851
Jahapur,BD20198140,,,,Muradnagar,BD201981,Comilla,BD2019,Chittagong,BD20,Bangladesh,BD,2015-01-01,2020-11-13,,17.2837701817465
Jahapur,BD30295637,,,,Madhukhali,BD302956,Faridpur,BD3029,Dhaka,BD30,Bangladesh,BD,2015-01-01,2020-11-13,,15.1836901413691
Jaharpur,BD40410966,,,,Bagher Para,BD404109,Jessore,BD4041,Khulna,BD40,Bangladesh,BD,2015-01-01,2020-11-13,,27.9149586871555
Jahirabad,BD20137930,,,,Matlab Uttar,BD201379,Chandpur,BD2013,Chittagong,BD20,Bangladesh,BD,2015-01-01,2020-11-13,,8.89563043789869
Jaifarnagar,BD60583547,,,,Juri,BD605835,Maulvibazar,BD6058,Sylhet,BD60,Bangladesh,BD,2015-01-01,2020-11-13,,54.06858307553649
Jaigir,BD30564655,,,,Manikganj Sadar,BD305646,Manikganj,BD3056,Dhaka,BD30,Bangladesh,BD,2015-01-01,2020-11-13,,17.684016013013
Jailashkara,BD20302538,,,,Daganbhuiyan,BD203025,Feni,BD2030,Chittagong,BD20,Bangladesh,BD,2015-01-01,2020-11-13,,21.24426006932
Jainkati,BD10789527,,,,Patuakhali Sadar,BD107895,Patuakhali,BD1078,Barisal,BD10,Bangladesh,BD,2015-01-01,2020-11-13,,32.2938708526789
Jainsar,BD30597440,,,,Serajdikhan,BD305974,Munshiganj,BD3059,Dhaka,BD30,Bangladesh,BD,2015-01-01,2020-11-13,,13.2667171926519
Jaintapur,BD60915352,,,,Jaintiapur,BD609153,Sylhet,BD6091,Sylhet,BD60,Bangladesh,BD,2015-01-01,2020-11-13,,47.1506797371127
Jalabari,BD10798747,,,,Nesarabad (Swarupkati),BD107987,Pirojpur,BD1079,Barisal,BD10,Bangladesh,BD,2015-01-01,2020-11-13,,26.8363667905413
Jalalabad,BD20222445,,,,Cox's Bazar Sadar,BD202224,Cox's Bazar,BD2022,Chittagong,BD20,Bangladesh,BD,2015-01-01,2020-11-13,,5.47995116548962
Jalalabad,BD30353238,,,,Gopalganj Sadar,BD303532,Gopalganj,BD3035,Dhaka,BD30,Bangladesh,BD,2015-01-01,2020-11-13,,19.6624495650111
Jalalabad,BD60916234,,,,Sylhet Sadar,BD609162,Sylhet,BD6091,Sylhet,BD60,Bangladesh,BD,2015-01-01,2020-11-13,,34.8369248255614
Jalalpur,BD30484538,,,,Katiadi,BD304845,Kishoreganj,BD3048,Dhaka,BD30,Bangladesh,BD,2015-01-01,2020-11-13,,11.9251003582334
Jalalpur,BD40879023,,,,Tala,BD408790,Satkhira,BD4087,Khulna,BD40,Bangladesh,BD,2015-01-01,2020-11-13,,24.1118468125758
Jalalpur,BD50886729,,,,Shahjadpur,BD508867,Sirajganj,BD5088,Rajshahi,BD50,Bangladesh,BD,2015-01-01,2020-11-13,,16.6880775391281
Jalalpur,BD60913137,,,,Dakshin Surma,BD609131,Sylhet,BD6091,Sylhet,BD60,Bangladesh,BD,2015-01-01,2020-11-13,,32.5239387321157
Jalam,BD20190956,,,,Barura,BD201909,Comilla,BD2019,Chittagong,BD20,Bangladesh,BD,2015-01-01,2020-11-13,,14.4229257172044
Jalia Palong,BD20229431,,,,Ukhia,BD202294,Cox's Bazar,BD2022,Chittagong,BD20,Bangladesh,BD,2015-01-01,2020-11-13,,26.8110786102806
Jalirpar,BD30355844,,,,Muksudpur,BD303558,Gopalganj,BD3035,Dhaka,BD30,Bangladesh,BD,2015-01-01,2020-11-13,,15.1514194100515
Jalla,BD10069452,,,,Wazirpur,BD100694,Barisal,BD1006,Barisal,BD10,Bangladesh,BD,2015-01-01,2020-11-13,,26.1682075290775
Jallabad,BD40874339,,,,Kalaroa,BD408743,Satkhira,BD4087,Khulna,BD40,Bangladesh,BD,2015-01-01,2020-11-13,,18.5044292221868
Jalma,BD40471271,,,,Batiaghata,BD404712,Khulna,BD4047,Khulna,BD40,Bangladesh,BD,2015-01-01,2020-11-13,,50.7756860695997
Jalsuka,BD60360254,,,,Ajmiriganj,BD603602,Habiganj,BD6036,Sylhet,BD60,Bangladesh,BD,2015-01-01,2020-11-13,,24.3690355882837
Jamal,BD40443320,,,,Kaliganj,BD404433,Jhenaidah,BD4044,Khulna,BD40,Bangladesh,BD,2015-01-01,2020-11-13,,25.8715158309314
Jamalganj,BD60905067,,,,Jamalganj,BD609050,Sunamganj,BD6090,Sylhet,BD60,Bangladesh,BD,2015-01-01,2020-11-13,,57.9143735471279
Jamalpur,BD30333460,,,,Kaliganj,BD303334,Gazipur,BD3033,Dhaka,BD30,Bangladesh,BD,2015-01-01,2020-11-13,,19.922886042127
Jamalpur,BD30820757,,,,Balia Kandi,BD308207,Rajbari,BD3082,Dhaka,BD30,Bangladesh,BD,2015-01-01,2020-11-13,,40.8474956485356
Jamalpur,BD50384766,,,,Joypurhat Sadar,BD503847,Joypurhat,BD5038,Rajshahi,BD50,Bangladesh,BD,2015-01-01,2020-11-13,,20.5932860289054
Jamalpur,BD55328260,,,,Sadullapur,BD553282,Gaibandha,BD5532,Rangpur,BD55,Bangladesh,BD,2015-01-01,2020-11-13,,22.8557738234216
Jamalpur,BD55949452,,,,Thakurgaon Sadar,BD559494,Thakurgaon,BD5594,Rangpur,BD55,Bangladesh,BD,2015-01-01,2020-11-13,,37.537587150953
Jamalpur Paurashava,BD45393699,,,,Jamalpur Sadar,BD453936,Jamalpur,BD4539,Mymensingh,BD45,Bangladesh,BD,2015-01-01,2020-11-13,,54.0059643051417
Jambaria,BD50701875,,,,Bholahat,BD507018,Nawabganj,BD5070,Rajshahi,BD50,Bangladesh,BD,2015-01-01,2020-11-13,,19.0887702297705
Jamdia,BD40410957,,,,Bagher Para,BD404109,Jessore,BD4041,Khulna,BD40,Bangladesh,BD,2015-01-01,2020-11-13,,30.4346066353902
Jamgaon,BD50105428,,,,Kahaloo,BD501054,Bogra,BD5010,Rajshahi,BD50,Bangladesh,BD,2015-01-01,2020-11-13,,31.7335966421506
Jamira,BD40476957,,,,Phultala,BD404769,Khulna,BD4047,Khulna,BD40,Bangladesh,BD,2015-01-01,2020-11-13,,20.1404653993115
Jamirta,BD30568260,,,,Singair,BD305682,Manikganj,BD3056,Dhaka,BD30,Bangladesh,BD,2015-01-01,2020-11-13,,18.3977955337832
Jamjami,BD40180755,,,,Alamdanga,BD401807,Chuadanga,BD4018,Khulna,BD40,Bangladesh,BD,2015-01-01,2020-11-13,,21.8204245465021
Jamnagar,BD50690976,,,,Bagati Para,BD506909,Natore,BD5069,Rajshahi,BD50,Bangladesh,BD,2015-01-01,2020-11-13,,31.2815983174408
Jampur,BD30670434,,,,Sonargaon,BD306704,Narayanganj,BD3067,Dhaka,BD30,Bangladesh,BD,2015-01-01,2020-11-13,,19.5032924619082
Jamsha,BD30568269,,,,Singair,BD305682,Manikganj,BD3056,Dhaka,BD30,Bangladesh,BD,2015-01-01,2020-11-13,,20.4777387135172
Jamtail,BD50884438,,,,Kamarkhanda,BD508844,Sirajganj,BD5088,Rajshahi,BD50,Bangladesh,BD,2015-01-01,2020-11-13,,24.3042330495666
Jamuria,BD30932869,,,,Ghatail,BD309328,Tangail,BD3093,Dhaka,BD30,Bangladesh,BD,2015-01-01,2020-11-13,,25.2178787119722
Jamurki,BD30936663,,,,Mirzapur,BD309366,Tangail,BD3093,Dhaka,BD30,Bangladesh,BD,2015-01-01,2020-11-13,,19.606635952574
Jangal,BD30820766,,,,Balia Kandi,BD308207,Rajbari,BD3082,Dhaka,BD30,Bangladesh,BD,2015-01-01,2020-11-13,,31.7877257467345
Jangalia,BD10066271,,,,Mehendiganj,BD100662,Barisal,BD1006,Barisal,BD10,Bangladesh,BD,2015-01-01,2020-11-13,,28.6847495369003
Jangalia,BD30333469,,,,Kaliganj,BD303334,Gazipur,BD3033,Dhaka,BD30,Bangladesh,BD,2015-01-01,2020-11-13,,37.4346983209073
Jangalia,BD30487957,,,,Pakundia,BD304879,Kishoreganj,BD3048,Dhaka,BD30,Bangladesh,BD,2015-01-01,2020-11-13,,25.9254507580116
Janglukhain,BD20156152,,,,Patiya,BD201561,Chittagong,BD2015,Chittagong,BD20,Bangladesh,BD,2015-01-01,2020-11-13,,6.54784221705035
Janipur,BD40506337,,,,Khoksa,BD405063,Kushtia,BD4050,Khulna,BD40,Bangladesh,BD,2015-01-01,2020-11-13,,13.8751618659579
Jantrail,BD30266254,,,,Nawabganj,BD302662,Dhaka,BD3026,Dhaka,BD30,Bangladesh,BD,2015-01-01,2020-11-13,,19.1429131157794
Japsa,BD30866556,,,,Naria,BD308665,Shariatpur,BD3086,Dhaka,BD30,Bangladesh,BD,2015-01-01,2020-11-13,,11.2175804089482
Jaraitala,BD30487647,,,,Nikli,BD304876,Kishoreganj,BD3048,Dhaka,BD30,Bangladesh,BD,2015-01-01,2020-11-13,,19.5368540344971
Jaria,BD45728371,,,,Purbadhala,BD457283,Netrakona,BD4572,Mymensingh,BD45,Bangladesh,BD,2015-01-01,2020-11-13,,31.5263966189519
Jashai,BD30827325,,,,Pangsha,BD308273,Rajbari,BD3082,Dhaka,BD30,Bangladesh,BD,2015-01-01,2020-11-13,,17.5398001582355
Jashalong,BD30599463,,,,Tongibari,BD305994,Munshiganj,BD3059,Dhaka,BD30,Bangladesh,BD,2015-01-01,2020-11-13,,9.56529863658484
Jasodal,BD30484943,,,,Kishoreganj Sadar,BD304849,Kishoreganj,BD3048,Dhaka,BD30,Bangladesh,BD,2015-01-01,2020-11-13,,15.1725708269074
Jatia,BD45613145,,,,Ishwarganj,BD456131,Mymensingh,BD4561,Mymensingh,BD45,Bangladesh,BD,2015-01-01,2020-11-13,,23.1908108754715
Jatrapur,BD20198145,,,,Muradnagar,BD201981,Comilla,BD2019,Chittagong,BD20,Bangladesh,BD,2015-01-01,2020-11-13,,13.3767826218069
Jatrapur,BD40010860,,,,Bagerhat Sadar,BD400108,Bagerhat,BD4001,Khulna,BD40,Bangladesh,BD,2015-01-01,2020-11-13,,25.5056545152914
Jatrapur,BD55495247,,,,Kurigram Sadar,BD554952,Kurigram,BD5549,Rangpur,BD55,Bangladesh,BD,2015-01-01,2020-11-13,,68.79101996211679
Jatsakhni,BD50761642,,,,Bera,BD507616,Pabna,BD5076,Rajshahi,BD50,Bangladesh,BD,2015-01-01,2020-11-13,,33.858425480214
Jawar,BD30489254,,,,Tarail,BD304892,Kishoreganj,BD3048,Dhaka,BD30,Bangladesh,BD,2015-01-01,2020-11-13,,18.4175901738663
Jawar Bazar,BD60902352,,,,Chhatak,BD609023,Sunamganj,BD6090,Sylhet,BD60,Bangladesh,BD,2015-01-01,2020-11-13,,36.3793929861527
Jayag,BD20758359,,,,Sonaimuri,BD207583,Noakhali,BD2075,Chittagong,BD20,Bangladesh,BD,2015-01-01,2020-11-13,,21.0564531175045
Jayanti Hajra,BD40506343,,,,Khoksa,BD405063,Kushtia,BD4050,Khulna,BD40,Bangladesh,BD,2015-01-01,2020-11-13,,13.6368764667514
Jehala,BD40180763,,,,Alamdanga,BD401807,Chuadanga,BD4018,Khulna,BD40,Bangladesh,BD,2015-01-01,2020-11-13,,20.3837016624442
Jeopara,BD50818254,,,,Puthia,BD508182,Rajshahi,BD5081,Rajshahi,BD50,Bangladesh,BD,2015-01-01,2020-11-13,,34.6177182748758
Jessora,BD45612231,,,,Gaffargaon,BD456122,Mymensingh,BD4561,Mymensingh,BD45,Bangladesh,BD,2015-01-01,2020-11-13,,22.1067859232415
Jessore Paurashava,BD40414799,,,,Kotwali,BD404147,Jessore,BD4041,Khulna,BD40,Bangladesh,BD,2015-01-01,2020-11-13,,24.9506069936769
Jhalaishalsiri,BD55772551,,,,Boda,BD557725,Panchagarh,BD5577,Rangpur,BD55,Bangladesh,BD,2015-01-01,2020-11-13,,29.4840493035274
Jhaluka,BD50813135,,,,Durgapur,BD508131,Rajshahi,BD5081,Rajshahi,BD50,Bangladesh,BD,2015-01-01,2020-11-13,,26.1150981190455
Jhanpa,BD40416139,,,,Manirampur,BD404161,Jessore,BD4041,Khulna,BD40,Bangladesh,BD,2015-01-01,2020-11-13,,30.023677415329
Jhaudanga,BD40878267,,,,Satkhira Sadar,BD408782,Satkhira,BD4087,Khulna,BD40,Bangladesh,BD,2015-01-01,2020-11-13,,26.3856456370544
Jhaudi,BD30545435,,,,Madaripur Sadar,BD305454,Madaripur,BD3054,Dhaka,BD30,Bangladesh,BD,2015-01-01,2020-11-13,,22.9032817414896
Jhaudia,BD40507963,,,,Kushtia Sadar,BD405079,Kushtia,BD4050,Khulna,BD40,Bangladesh,BD,2015-01-01,2020-11-13,,25.2753031522639
Jhaugara,BD45396157,,,,Melandaha,BD453961,Jamalpur,BD4539,Mymensingh,BD45,Bangladesh,BD,2015-01-01,2020-11-13,,22.16219715854
Jhawail,BD30933873,,,,Gopalpur,BD309338,Tangail,BD3093,Dhaka,BD30,Bangladesh,BD,2015-01-01,2020-11-13,,27.9312723236195
Jhawail,BD50884457,,,,Kamarkhanda,BD508844,Sirajganj,BD5088,Rajshahi,BD50,Bangladesh,BD,2015-01-01,2020-11-13,,21.1445367057255
Jhenaidah Paurashava,BD40441999,,,,Jhenaidah Sadar,BD404419,Jhenaidah,BD4044,Khulna,BD40,Bangladesh,BD,2015-01-01,2020-11-13,,31.0592566373742
Jhenaigati,BD45893725,,,,Jhenaigati,BD458937,Sherpur,BD4589,Mymensingh,BD45,Bangladesh,BD,2015-01-01,2020-11-13,,33.7163384747869
Jhikargachha,BD40412347,,,,Jhikargachha,BD404123,Jessore,BD4041,Khulna,BD40,Bangladesh,BD,2015-01-01,2020-11-13,,25.832167771863
Jhikargachha Paurashava,BD40412399,,,,Jhikargachha,BD404123,Jessore,BD4041,Khulna,BD40,Bangladesh,BD,2015-01-01,2020-11-13,,11.0052100894553
Jhikra,BD50811263,,,,Baghmara,BD508112,Rajshahi,BD5081,Rajshahi,BD50,Bangladesh,BD,2015-01-01,2020-11-13,,25.8169508672089
Jhilim,BD50706644,,,,Nawabganj Sadar,BD507066,Nawabganj,BD5070,Rajshahi,BD50,Bangladesh,BD,2015-01-01,2020-11-13,,66.7348393061537
Jhilwanja,BD20222447,,,,Cox's Bazar Sadar,BD202224,Cox's Bazar,BD2022,Chittagong,BD20,Bangladesh,BD,2015-01-01,2020-11-13,,30.7037109358266
Jhingrabari,BD60915938,,,,Kanaighat,BD609159,Sylhet,BD6091,Sylhet,BD60,Bangladesh,BD,2015-01-01,2020-11-13,,63.22107027191949
Jhunagachh Chapani,BD55731238,,,,Dimla,BD557312,Nilphamari,BD5573,Rangpur,BD55,Bangladesh,BD,2015-01-01,2020-11-13,,47.10483377041781
Jiarakhi,BD40507956,,,,Kushtia Sadar,BD405079,Kushtia,BD4050,Khulna,BD40,Bangladesh,BD,2015-01-01,2020-11-13,,22.5810019199097
Jiarkandi,BD20199445,,,,Titas,BD201994,Comilla,BD2019,Chittagong,BD20,Bangladesh,BD,2015-01-01,2020-11-13,,10.447161149535
Jiban Nagar Paurashava,BD40185599,,,,Jiban Nagar,BD401855,Chuadanga,BD4018,Khulna,BD40,Bangladesh,BD,2015-01-01,2020-11-13,,9.9612669992026
Jibtali,BD20848740,,,,Rangamati Sadar,BD208487,Rangamati,BD2084,Chittagong,BD20,Bangladesh,BD,2015-01-01,2020-11-13,,45.8684773166819
Jinardi,BD30686379,,,,Palash,BD306863,Narsingdi,BD3068,Dhaka,BD30,Bangladesh,BD,2015-01-01,2020-11-13,,23.6520612481947
Jinari,BD30482740,,,,Hossainpur,BD304827,Kishoreganj,BD3048,Dhaka,BD30,Bangladesh,BD,2015-01-01,2020-11-13,,22.3777639852566
Jinglatali,BD20193647,,,,Daudkandi,BD201936,Comilla,BD2019,Chittagong,BD20,Bangladesh,BD,2015-01-01,2020-11-13,,12.974906303388
Jinnaghar,BD10092566,,,,Char Fasson,BD100925,Bhola,BD1009,Barisal,BD10,Bangladesh,BD,2015-01-01,2020-11-13,,19.1931138798889
Jiri,BD20156194,,,,Patiya,BD201561,Chittagong,BD2015,Chittagong,BD20,Bangladesh,BD,2015-01-01,2020-11-13,,14.2715528849106
Jirtali,BD20750756,,,,Begumganj,BD207507,Noakhali,BD2075,Chittagong,BD20,Bangladesh,BD,2015-01-01,2020-11-13,,15.8438103906261
Jiudhara,BD40016053,,,,Morrelganj,BD400160,Bagerhat,BD4001,Khulna,BD40,Bangladesh,BD,2015-01-01,2020-11-13,,53.5474438856406
Jiyanpur,BD30561066,,,,Daulatpur,BD305610,Manikganj,BD3056,Dhaka,BD30,Bangladesh,BD,2015-01-01,2020-11-13,,20.4314623856625
Joara,BD20151876,,,,Chandanaish,BD201518,Chittagong,BD2015,Chittagong,BD20,Bangladesh,BD,2015-01-01,2020-11-13,,6.61401134644118
Joari,BD50691547,,,,Baraigram,BD506915,Natore,BD5069,Rajshahi,BD50,Bangladesh,BD,2015-01-01,2020-11-13,,45.8416612805545
Joarianala,BD20226638,,,,Ramu,BD202266,Cox's Bazar,BD2022,Chittagong,BD20,Bangladesh,BD,2015-01-01,2020-11-13,,27.782295773726
Jodda,BD20198760,,,,Nangalkot,BD201987,Comilla,BD2019,Chittagong,BD20,Bangladesh,BD,2015-01-01,2020-11-13,,26.0535052300637
Jogania,BD45897034,,,,Nalitabari,BD458970,Sherpur,BD4589,Mymensingh,BD45,Bangladesh,BD,2015-01-01,2020-11-13,,20.3091829878528
Jogi Para,BD50811269,,,,Baghmara,BD508112,Rajshahi,BD5081,Rajshahi,BD50,Bangladesh,BD,2015-01-01,2020-11-13,,29.5037371477325
Jogikhali,BD40874355,,,,Kalaroa,BD408743,Satkhira,BD4087,Khulna,BD40,Bangladesh,BD,2015-01-01,2020-11-13,,17.7708617170544
Jonail,BD50691559,,,,Baraigram,BD506915,Natore,BD5069,Rajshahi,BD50,Bangladesh,BD,2015-01-01,2020-11-13,,39.525866103498
Jongra,BD55527040,,,,Patgram,BD555270,Lalmonirhat,BD5552,Rangpur,BD55,Bangladesh,BD,2015-01-01,2020-11-13,,37.0948278887635
Jorabari,BD55731566,,,,Domar,BD557315,Nilphamari,BD5573,Rangpur,BD55,Bangladesh,BD,2015-01-01,2020-11-13,,22.2781371497453
Joradaha,BD40441452,,,,Harinakunda,BD404414,Jhenaidah,BD4044,Khulna,BD40,Bangladesh,BD,2015-01-01,2020-11-13,,14.4161955376989
Jorekhali,BD45395859,,,,Madarganj,BD453958,Jamalpur,BD4539,Mymensingh,BD45,Bangladesh,BD,2015-01-01,2020-11-13,,43.1192387158653
Jorgachha,BD50109542,,,,Sonatola,BD501095,Bogra,BD5010,Rajshahi,BD50,Bangladesh,BD,2015-01-01,2020-11-13,,29.0932750545516
Josar,BD30687652,,,,Shibpur,BD306876,Narsingdi,BD3068,Dhaka,BD30,Bangladesh,BD,2015-01-01,2020-11-13,,22.7344473229227
Jotbani,BD55271047,,,,Birampur,BD552710,Dinajpur,BD5527,Rangpur,BD55,Bangladesh,BD,2015-01-01,2020-11-13,,38.4307972341796
Joy Mantap,BD30568251,,,,Singair,BD305682,Manikganj,BD3056,Dhaka,BD30,Bangladesh,BD,2015-01-01,2020-11-13,,15.116501916212
Joy Siddhi,BD30483360,,,,Itna,BD304833,Kishoreganj,BD3048,Dhaka,BD30,Bangladesh,BD,2015-01-01,2020-11-13,,40.3836586607618
Joyag (dakshin Bara Karai),BD20192731,,,,Chandina,BD201927,Comilla,BD2019,Chittagong,BD20,Bangladesh,BD,2015-01-01,2020-11-13,,14.2272954614805
Joychandi,BD60586541,,,,Kulaura,BD605865,Maulvibazar,BD6058,Sylhet,BD60,Bangladesh,BD,2015-01-01,2020-11-13,,38.9231477101493
Joyka,BD30484251,,,,Karimganj,BD304842,Kishoreganj,BD3048,Dhaka,BD30,Bangladesh,BD,2015-01-01,2020-11-13,,28.1530283054667
Joykalas,BD60902733,,,,Dakshin Sunamganj,BD609027,Sunamganj,BD6090,Sylhet,BD60,Bangladesh,BD,2015-01-01,2020-11-13,,48.6919597869275
Joykrishnapur,BD30266261,,,,Nawabganj,BD302662,Dhaka,BD3026,Dhaka,BD30,Bangladesh,BD,2015-01-01,2020-11-13,,16.367983580594
Joymanirhat,BD55490657,,,,Bhurungamari,BD554906,Kurigram,BD5549,Rangpur,BD55,Bangladesh,BD,2015-01-01,2020-11-13,,17.3801361806408
Joynagar,BD30687663,,,,Shibpur,BD306876,Narsingdi,BD3068,Dhaka,BD30,Bangladesh,BD,2015-01-01,2020-11-13,,38.7522567650624
Joynagar,BD30869443,,,,Zanjira,BD308694,Shariatpur,BD3086,Dhaka,BD30,Bangladesh,BD,2015-01-01,2020-11-13,,14.2775365838712
Joynagar,BD40652839,,,,Kalia,BD406528,Narail,BD4065,Khulna,BD40,Bangladesh,BD,2015-01-01,2020-11-13,,20.3457467804178
Joynagar,BD40874347,,,,Kalaroa,BD408743,Satkhira,BD4087,Khulna,BD40,Bangladesh,BD,2015-01-01,2020-11-13,,16.0662460341152
Joynagar,BD50813147,,,,Durgapur,BD508131,Rajshahi,BD5081,Rajshahi,BD50,Bangladesh,BD,2015-01-01,2020-11-13,,29.0238690796038
Joypur,BD20195425,,,,Homna,BD201954,Comilla,BD2019,Chittagong,BD20,Bangladesh,BD,2015-01-01,2020-11-13,,5.51922544963935
Joypur,BD40655223,,,,Lohagara,BD406552,Narail,BD4065,Khulna,BD40,Bangladesh,BD,2015-01-01,2020-11-13,,23.2248487790107
Joypur,BD55276951,,,,Nawabganj,BD552769,Dinajpur,BD5527,Rangpur,BD55,Bangladesh,BD,2015-01-01,2020-11-13,,36.7568867405352
Joypurhat Paurashava,BD50384799,,,,Joypurhat Sadar,BD503847,Joypurhat,BD5038,Rajshahi,BD50,Bangladesh,BD,2015-01-01,2020-11-13,,15.7008605202127
Joysree,BD60903247,,,,Dharampasha,BD609032,Sunamganj,BD6090,Sylhet,BD60,Bangladesh,BD,2015-01-01,2020-11-13,,56.6379731385844
Juggachhala,BD20466742,,,,Manikchhari,BD204667,Khagrachhari,BD2046,Chittagong,BD20,Bangladesh,BD,2015-01-01,2020-11-13,,16.0352250246656
Jugipole,BD40474875,,,,Khan Jahan Ali,BD404748,Khulna,BD4047,Khulna,BD40,Bangladesh,BD,2015-01-01,2020-11-13,,6.930129511352471
Jugli,BD45612467,,,,Haluaghat,BD456124,Mymensingh,BD4561,Mymensingh,BD45,Bangladesh,BD,2015-01-01,2020-11-13,,35.349619736498
Juidandi,BD20150481,,,,Anowara,BD201504,Chittagong,BD2015,Chittagong,BD20,Bangladesh,BD,2015-01-01,2020-11-13,,6.795149075946919
Juldha,BD20156155,,,,Patiya,BD201561,Chittagong,BD2015,Chittagong,BD20,Bangladesh,BD,2015-01-01,2020-11-13,,9.57633772904113
Jummerbari,BD55328847,,,,Saghatta,BD553288,Gaibandha,BD5532,Rangpur,BD55,Bangladesh,BD,2015-01-01,2020-11-13,,18.778624608156
Junedpur,BD20128536,,,,Nabinagar,BD201285,Brahamanbaria,BD2012,Chittagong,BD20,Bangladesh,BD,2015-01-01,2020-11-13,,13.6262749393478
Juniadaha,BD40501567,,,,Bheramara,BD405015,Kushtia,BD4050,Khulna,BD40,Bangladesh,BD,2015-01-01,2020-11-13,,30.7697542769756
Jurai Chhari,BD20844757,,,,Jurai Chhari,BD208447,Rangamati,BD2084,Chittagong,BD20,Bangladesh,BD,2015-01-01,2020-11-13,,126.468438861999
Juranpur,BD40183147,,,,Damurhuda,BD401831,Chuadanga,BD4018,Khulna,BD40,Bangladesh,BD,2015-01-01,2020-11-13,,47.023316997465
Kabai,BD10060761,,,,Bakerganj,BD100607,Barisal,BD1006,Barisal,BD10,Bangladesh,BD,2015-01-01,2020-11-13,,29.2727438775303
Kabakhali,BD20464363,,,,Dighinala,BD204643,Khagrachhari,BD2046,Chittagong,BD20,Bangladesh,BD,2015-01-01,2020-11-13,,62.0893462973455
Kabilpur,BD20758047,,,,Senbagh,BD207580,Noakhali,BD2075,Chittagong,BD20,Bangladesh,BD,2015-01-01,2020-11-13,,16.9337288558863
Kabilpur,BD55857647,,,,Pirganj,BD558576,Rangpur,BD5585,Rangpur,BD55,Bangladesh,BD,2015-01-01,2020-11-13,,29.4618869995848
Kabirajpur,BD30548057,,,,Rajoir,BD305480,Madaripur,BD3054,Dhaka,BD30,Bangladesh,BD,2015-01-01,2020-11-13,,11.2920998886951
Kabirhat Paurashava,BD20754799,,,,Kabirhat,BD207547,Noakhali,BD2075,Chittagong,BD20,Bangladesh,BD,2015-01-01,2020-11-13,,12.3894625270175
Kachakata,BD55496137,,,,Nageshwari,BD554961,Kurigram,BD5549,Rangpur,BD55,Bangladesh,BD,2015-01-01,2020-11-13,,27.8230730808663
Kachhapia,BD20226647,,,,Ramu,BD202266,Cox's Bazar,BD2022,Chittagong,BD20,Bangladesh,BD,2015-01-01,2020-11-13,,44.2203490168545
Kachhari Kayali Para,BD50811272,,,,Baghmara,BD508112,Rajshahi,BD5081,Rajshahi,BD50,Bangladesh,BD,2015-01-01,2020-11-13,,7.73278323666522
Kachia,BD10091858,,,,Bhola Sadar,BD100918,Bhola,BD1009,Barisal,BD10,Bangladesh,BD,2015-01-01,2020-11-13,,7.80479216093305
Kachia,BD10092147,,,,Burhanuddin,BD100921,Bhola,BD1009,Barisal,BD10,Bangladesh,BD,2015-01-01,2020-11-13,,36.6882069855987
Kachikata,BD30861451,,,,Bhedarganj,BD308614,Shariatpur,BD3086,Dhaka,BD30,Bangladesh,BD,2015-01-01,2020-11-13,,52.9069627822065
Kachina,BD45611360,,,,Bhaluka,BD456113,Mymensingh,BD4561,Mymensingh,BD45,Bangladesh,BD,2015-01-01,2020-11-13,,56.8470480046191
Kachpur,BD30670443,,,,Sonargaon,BD306704,Narayanganj,BD3067,Dhaka,BD30,Bangladesh,BD,2015-01-01,2020-11-13,,12.7564348778934
Kachua,BD40013857,,,,Kachua,BD400138,Bagerhat,BD4001,Khulna,BD40,Bangladesh,BD,2015-01-01,2020-11-13,,16.004370933346
Kachua,BD40414771,,,,Kotwali,BD404147,Jessore,BD4041,Khulna,BD40,Bangladesh,BD,2015-01-01,2020-11-13,,25.3566597203113
Kachua,BD55328857,,,,Saghatta,BD553288,Gaibandha,BD5532,Rangpur,BD55,Bangladesh,BD,2015-01-01,2020-11-13,,21.1794897767399
Kachua Paurashava,BD20135899,,,,Kachua,BD201358,Chandpur,BD2013,Chittagong,BD20,Bangladesh,BD,2015-01-01,2020-11-13,,3.85686219108562
Kachuai,BD20156158,,,,Patiya,BD201561,Chittagong,BD2015,Chittagong,BD20,Bangladesh,BD,2015-01-01,2020-11-13,,48.8239479787973
Kachukata,BD55736437,,,,Nilphamari Sadar,BD557364,Nilphamari,BD5573,Rangpur,BD55,Bangladesh,BD,2015-01-01,2020-11-13,,22.1089683187336
Kadakati,BD40870456,,,,Assasuni,BD408704,Satkhira,BD4087,Khulna,BD40,Bangladesh,BD,2015-01-01,2020-11-13,,28.154308507642
Kadalpur,BD20157450,,,,Raozan,BD201574,Chittagong,BD2015,Chittagong,BD20,Bangladesh,BD,2015-01-01,2020-11-13,,15.2964571308589
Kadam Chilan,BD50694476,,,,Lalpur,BD506944,Natore,BD5069,Rajshahi,BD50,Bangladesh,BD,2015-01-01,2020-11-13,,23.8069879950584
Kadam Rasul Paurashava,BD30670699,,,,Bandar,BD306706,Narayanganj,BD3067,Dhaka,BD30,Bangladesh,BD,2015-01-01,2020-11-13,,17.0657261203424
Kadambari,BD30548066,,,,Rajoir,BD305480,Madaripur,BD3054,Dhaka,BD30,Bangladesh,BD,2015-01-01,2020-11-13,,42.9266427141562
Kadamtala,BD10798025,,,,Pirojpur Sadar,BD107980,Pirojpur,BD1079,Barisal,BD10,Bangladesh,BD,2015-01-01,2020-11-13,,23.3113258372414
Kadir Hanif,BD20758760,,,,Noakhali Sadar (Sudharam),BD207587,Noakhali,BD2075,Chittagong,BD20,Bangladesh,BD,2015-01-01,2020-11-13,,11.368382973987
Kadir Jangal,BD30484260,,,,Karimganj,BD304842,Kishoreganj,BD3048,Dhaka,BD30,Bangladesh,BD,2015-01-01,2020-11-13,,22.1914840311885
Kadir Para,BD40559542,,,,Sreepur,BD405595,Magura,BD4055,Khulna,BD40,Bangladesh,BD,2015-01-01,2020-11-13,,16.290353721822
Kadirpur,BD20750763,,,,Begumganj,BD207507,Noakhali,BD2075,Chittagong,BD20,Bangladesh,BD,2015-01-01,2020-11-13,,14.7493062314892
Kadirpur,BD30548747,,,,Shib Char,BD305487,Madaripur,BD3054,Dhaka,BD30,Bangladesh,BD,2015-01-01,2020-11-13,,21.5349938473425
Kadirpur,BD60586553,,,,Kulaura,BD605865,Maulvibazar,BD6058,Sylhet,BD60,Bangladesh,BD,2015-01-01,2020-11-13,,20.6721449581571
Kadla,BD20135855,,,,Kachua,BD201358,Chandpur,BD2013,Chittagong,BD20,Bangladesh,BD,2015-01-01,2020-11-13,,26.6803686589739
Kadra,BD20758057,,,,Senbagh,BD207580,Noakhali,BD2075,Chittagong,BD20,Bangladesh,BD,2015-01-01,2020-11-13,,11.5114310158303
Kafrikhal,BD55855862,,,,Mitha Pukur,BD558558,Rangpur,BD5585,Rangpur,BD55,Bangladesh,BD,2015-01-01,2020-11-13,,35.76619243198721
Kafuria,BD50696351,,,,Natore Sadar,BD506963,Natore,BD5069,Rajshahi,BD50,Bangladesh,BD,2015-01-01,2020-11-13,,31.7349284285081
Kagail,BD50104047,,,,Gabtali,BD501040,Bogra,BD5010,Rajshahi,BD50,Bangladesh,BD,2015-01-01,2020-11-13,,16.2902617240858
Kagapasha,BD60361144,,,,Baniachong,BD603611,Habiganj,BD6036,Sylhet,BD60,Bangladesh,BD,2015-01-01,2020-11-13,,86.73814897818
Kahaloo,BD50105438,,,,Kahaloo,BD501054,Bogra,BD5010,Rajshahi,BD50,Bangladesh,BD,2015-01-01,2020-11-13,,21.5823928657431
Kahaloo Paurashava,BD50105499,,,,Kahaloo,BD501054,Bogra,BD5010,Rajshahi,BD50,Bangladesh,BD,2015-01-01,2020-11-13,,6.45841613102342
Kaiarbil,BD20221661,,,,Chakaria,BD202216,Cox's Bazar,BD2022,Chittagong,BD20,Bangladesh,BD,2015-01-01,2020-11-13,,8.25737824112205
Kaichail,BD30296250,,,,Nagarkanda,BD302962,Faridpur,BD3029,Dhaka,BD30,Bangladesh,BD,2015-01-01,2020-11-13,,12.6753627419624
Kaichapur,BD45612474,,,,Haluaghat,BD456124,Mymensingh,BD4561,Mymensingh,BD45,Bangladesh,BD,2015-01-01,2020-11-13,,26.2600407513908
Kaijuri,BD30294755,,,,Faridpur Sadar,BD302947,Faridpur,BD3029,Dhaka,BD30,Bangladesh,BD,2015-01-01,2020-11-13,,41.4392574149117
Kaijuri,BD50886736,,,,Shahjadpur,BD508867,Sirajganj,BD5088,Rajshahi,BD50,Bangladesh,BD,2015-01-01,2020-11-13,,28.9746078186508
Kaikhali,BD40878647,,,,Shyamnagar,BD408786,Satkhira,BD4087,Khulna,BD40,Bangladesh,BD,2015-01-01,2020-11-13,,43.1901518921995
Kaikuri,BD55857338,,,,Pirgachha,BD558573,Rangpur,BD5585,Rangpur,BD55,Bangladesh,BD,2015-01-01,2020-11-13,,29.4363627848767
Kaila,BD40874387,,,,Kalaroa,BD408743,Satkhira,BD4087,Khulna,BD40,Bangladesh,BD,2015-01-01,2020-11-13,,14.1136515253097
Kailag,BD30480672,,,,Bajitpur,BD304806,Kishoreganj,BD3048,Dhaka,BD30,Bangladesh,BD,2015-01-01,2020-11-13,,9.78958929377845
Kailail,BD30266267,,,,Nawabganj,BD302662,Dhaka,BD3026,Dhaka,BD30,Bangladesh,BD,2015-01-01,2020-11-13,,35.0832595398671
Kailasganj,BD40471752,,,,Dacope,BD404717,Khulna,BD4047,Khulna,BD40,Bangladesh,BD,2015-01-01,2020-11-13,,29.1929329103201
Kailati,BD45724023,,,,Kalmakanda,BD457240,Netrakona,BD4572,Mymensingh,BD45,Bangladesh,BD,2015-01-01,2020-11-13,,54.435253831574
Kailati,BD45727431,,,,Netrokona Sadar,BD457274,Netrakona,BD4572,Mymensingh,BD45,Bangladesh,BD,2015-01-01,2020-11-13,,25.8255772563944
Kaimari,BD55733651,,,,Jaldhaka,BD557336,Nilphamari,BD5573,Rangpur,BD55,Bangladesh,BD,2015-01-01,2020-11-13,,35.8931116014473
Kaimpur,BD20126356,,,,Kasba,BD201263,Brahamanbaria,BD2012,Chittagong,BD20,Bangladesh,BD,2015-01-01,2020-11-13,,18.1151380280258
Kaitail,BD45725642,,,,Madan,BD457256,Netrakona,BD4572,Mymensingh,BD45,Bangladesh,BD,2015-01-01,2020-11-13,,31.9518743512248
Kaitala Dakshin,BD20128540,,,,Nabinagar,BD201285,Brahamanbaria,BD2012,Chittagong,BD20,Bangladesh,BD,2015-01-01,2020-11-13,,10.3134674313268
Kaitala Uttar,BD20128542,,,,Nabinagar,BD201285,Brahamanbaria,BD2012,Chittagong,BD20,Bangladesh,BD,2015-01-01,2020-11-13,,10.6561103101516
Kaiyarbil,BD20224554,,,,Kutubdia,BD202245,Cox's Bazar,BD2022,Chittagong,BD20,Bangladesh,BD,2015-01-01,2020-11-13,,6.72905164631148
Kajal Dighi Kaliganj,BD55772558,,,,Boda,BD557725,Panchagarh,BD5577,Rangpur,BD55,Bangladesh,BD,2015-01-01,2020-11-13,,35.301219472519
Kajalshar,BD60919447,,,,Zakiganj,BD609194,Sylhet,BD6091,Sylhet,BD60,Bangladesh,BD,2015-01-01,2020-11-13,,39.15817430780641
Kajulia,BD30353243,,,,Gopalganj Sadar,BD303532,Gopalganj,BD3035,Dhaka,BD30,Bangladesh,BD,2015-01-01,2020-11-13,,32.8415245441656
Kakailseo,BD60360267,,,,Ajmiriganj,BD603602,Habiganj,BD6036,Sylhet,BD60,Bangladesh,BD,2015-01-01,2020-11-13,,32.7433498158882
Kakairgara,BD45721877,,,,Durgapur,BD457218,Netrakona,BD4572,Mymensingh,BD45,Bangladesh,BD,2015-01-01,2020-11-13,,41.7439306697047
Kakanhat Paurashava,BD50813400,,,,Godagari,BD508134,Rajshahi,BD5081,Rajshahi,BD50,Bangladesh,BD,2015-01-01,2020-11-13,,17.817488701414
Kakarkandi,BD45897038,,,,Nalitabari,BD458970,Sherpur,BD4589,Mymensingh,BD45,Bangladesh,BD,2015-01-01,2020-11-13,,26.0462370512327
Kakchira,BD10048523,,,,Patharghata,BD100485,Barguna,BD1004,Barisal,BD10,Bangladesh,BD,2015-01-01,2020-11-13,,21.7473335764785
Kakhara,BD20221655,,,,Chakaria,BD202216,Cox's Bazar,BD2022,Chittagong,BD20,Bangladesh,BD,2015-01-01,2020-11-13,,28.6386124344641
Kakilakura,BD45899047,,,,Sreebardi,BD458990,Sherpur,BD4589,Mymensingh,BD45,Bangladesh,BD,2015-01-01,2020-11-13,,26.2328872821406
Kakina,BD55523953,,,,Kaliganj,BD555239,Lalmonirhat,BD5552,Rangpur,BD55,Bangladesh,BD,2015-01-01,2020-11-13,,25.1901898087219
Kakni,BD45618140,,,,Phulpur,BD456181,Mymensingh,BD4561,Mymensingh,BD45,Bangladesh,BD,2015-01-01,2020-11-13,,26.0028026967418
Kakrajan,BD30938567,,,,Sakhipur,BD309385,Tangail,BD3093,Dhaka,BD30,Bangladesh,BD,2015-01-01,2020-11-13,,66.4427235417149
Kakua,BD30939571,,,,Tangail Sadar,BD309395,Tangail,BD3093,Dhaka,BD30,Bangladesh,BD,2015-01-01,2020-11-13,,41.6224231575008
Kala Kandi,BD20199462,,,,Titas,BD201994,Comilla,BD2019,Chittagong,BD20,Bangladesh,BD,2015-01-01,2020-11-13,,10.9054441381774
Kala Paharia,BD30670255,,,,Araihazar,BD306702,Narayanganj,BD3067,Dhaka,BD30,Bangladesh,BD,2015-01-01,2020-11-13,,28.794961447962
Kalabari,BD30355139,,,,Kotali Para,BD303551,Gopalganj,BD3035,Dhaka,BD30,Bangladesh,BD,2015-01-01,2020-11-13,,48.3242224275318
Kalabaria,BD40652847,,,,Kalia,BD406528,Narail,BD4065,Khulna,BD40,Bangladesh,BD,2015-01-01,2020-11-13,,30.4006575971388
Kaladaha,BD45612053,,,,Fulbaria,BD456120,Mymensingh,BD4561,Mymensingh,BD45,Bangladesh,BD,2015-01-01,2020-11-13,,25.6970955096083
Kaladaraf,BD20758765,,,,Noakhali Sadar (Sudharam),BD207587,Noakhali,BD2075,Chittagong,BD20,Bangladesh,BD,2015-01-01,2020-11-13,,55.653083487141
Kalagachhia,BD30670647,,,,Bandar,BD306706,Narayanganj,BD3067,Dhaka,BD30,Bangladesh,BD,2015-01-01,2020-11-13,,11.9588852082099
Kalai Majh Para,BD50105447,,,,Kahaloo,BD501054,Bogra,BD5010,Rajshahi,BD50,Bangladesh,BD,2015-01-01,2020-11-13,,20.2205882546082
Kalai Paurashava,BD50385899,,,,Kalai,BD503858,Joypurhat,BD5038,Rajshahi,BD50,Bangladesh,BD,2015-01-01,2020-11-13,,16.4192551095439
Kalair Banga,BD60367758,,,,Nabiganj,BD603677,Habiganj,BD6036,Sylhet,BD60,Bangladesh,BD,2015-01-01,2020-11-13,,23.0772971556719
Kalaiya,BD10783853,,,,Bauphal,BD107838,Patuakhali,BD1078,Barisal,BD10,Bangladesh,BD,2015-01-01,2020-11-13,,71.20928074886
Kalakanda,BD20137932,,,,Matlab Uttar,BD201379,Chandpur,BD2013,Chittagong,BD20,Bangladesh,BD,2015-01-01,2020-11-13,,9.43337007128483
Kalakhali,BD10798034,,,,Pirojpur Sadar,BD107980,Pirojpur,BD1079,Barisal,BD10,Bangladesh,BD,2015-01-01,2020-11-13,,15.7684757212597
Kalakopa,BD30266274,,,,Nawabganj,BD302662,Dhaka,BD3026,Dhaka,BD30,Bangladesh,BD,2015-01-01,2020-11-13,,6.275861628742669
Kalam,BD50699155,,,,Singra,BD506991,Natore,BD5069,Rajshahi,BD50,Bangladesh,BD,2015-01-01,2020-11-13,,26.4004270878157
Kalampati,BD20842576,,,,Kawkhali (Betbunia),BD208425,Rangamati,BD2084,Chittagong,BD20,Bangladesh,BD,2015-01-01,2020-11-13,,46.4864096082066
Kalamridha,BD30291055,,,,Bhanga,BD302910,Faridpur,BD3029,Dhaka,BD30,Bangladesh,BD,2015-01-01,2020-11-13,,14.4295057578468
Kalapakurjya,BD20845860,,,,Langadu,BD208458,Rangamati,BD2084,Chittagong,BD20,Bangladesh,BD,2015-01-01,2020-11-13,,24.2385063877099
Kalapania,BD20157855,,,,Sandwip,BD201578,Chittagong,BD2015,Chittagong,BD20,Bangladesh,BD,2015-01-01,2020-11-13,,11.9219123711756
Kalapur,BD60588328,,,,Sreemangal,BD605883,Maulvibazar,BD6058,Sylhet,BD60,Bangladesh,BD,2015-01-01,2020-11-13,,78.1060654555383
Kalarmarchhara,BD20224959,,,,Maheshkhali,BD202249,Cox's Bazar,BD2022,Chittagong,BD20,Bangladesh,BD,2015-01-01,2020-11-13,,27.3047602690375
Kalaroa Paurashava,BD40874399,,,,Kalaroa,BD408743,Satkhira,BD4087,Khulna,BD40,Bangladesh,BD,2015-01-01,2020-11-13,,6.10256299617411
Kalaruka,BD60902357,,,,Chhatak,BD609023,Sunamganj,BD6090,Sylhet,BD60,Bangladesh,BD,2015-01-01,2020-11-13,,36.472753302864
Kalaskati,BD10060767,,,,Bakerganj,BD100607,Barisal,BD1006,Barisal,BD10,Bangladesh,BD,2015-01-01,2020-11-13,,26.1991549310489
Kalaspur,BD45897041,,,,Nalitabari,BD458970,Sherpur,BD4589,Mymensingh,BD45,Bangladesh,BD,2015-01-01,2020-11-13,,38.8546754794681
Kalatala,BD40011466,,,,Chitalmari,BD400114,Bagerhat,BD4001,Khulna,BD40,Bangladesh,BD,2015-01-01,2020-11-13,,27.1049571483106
Kalatia,BD30263825,,,,Keraniganj,BD302638,Dhaka,BD3026,Dhaka,BD30,Bangladesh,BD,2015-01-01,2020-11-13,,19.3270386181049
Kalauzan,BD20154743,,,,Lohagara,BD201547,Chittagong,BD2015,Chittagong,BD20,Bangladesh,BD,2015-01-01,2020-11-13,,15.8399812428996
Kaler Para,BD50102776,,,,Dhunat,BD501027,Bogra,BD5010,Rajshahi,BD50,Bangladesh,BD,2015-01-01,2020-11-13,,22.9342896629569
Kalia,BD30561076,,,,Daulatpur,BD305610,Manikganj,BD3056,Dhaka,BD30,Bangladesh,BD,2015-01-01,2020-11-13,,23.7829756282584
Kalia,BD30938581,,,,Sakhipur,BD309385,Tangail,BD3093,Dhaka,BD30,Bangladesh,BD,2015-01-01,2020-11-13,,41.3189852905125
Kalia Haripur,BD50887825,,,,Sirajganj Sadar,BD508878,Sirajganj,BD5088,Rajshahi,BD50,Bangladesh,BD,2015-01-01,2020-11-13,,32.2234862232529
Kalia Paurashava,BD40652899,,,,Kalia,BD406528,Narail,BD4065,Khulna,BD40,Bangladesh,BD,2015-01-01,2020-11-13,,19.4427329556164
Kaliais,BD20158247,,,,Satkania,BD201582,Chittagong,BD2015,Chittagong,BD20,Bangladesh,BD,2015-01-01,2020-11-13,,8.37474331058031
Kaliakair Paurashava,BD30333299,,,,Kaliakair,BD303332,Gazipur,BD3033,Dhaka,BD30,Bangladesh,BD,2015-01-01,2020-11-13,,4.05128214453905
Kaliara Gabragat,BD45727439,,,,Netrokona Sadar,BD457274,Netrakona,BD4572,Mymensingh,BD45,Bangladesh,BD,2015-01-01,2020-11-13,,41.0702006999167
Kalicharanpur,BD40441942,,,,Jhenaidah Sadar,BD404419,Jhenaidah,BD4044,Khulna,BD40,Bangladesh,BD,2015-01-01,2020-11-13,,16.2268180263983
Kalidah,BD20302943,,,,Feni Sadar,BD203029,Feni,BD2030,Chittagong,BD20,Bangladesh,BD,2015-01-01,2020-11-13,,20.8020391746745
Kalidashpur,BD40180751,,,,Alamdanga,BD401807,Chuadanga,BD4018,Khulna,BD40,Bangladesh,BD,2015-01-01,2020-11-13,,20.3960653836508
Kaliganj,BD30333499,,,,Kaliganj,BD303334,Gazipur,BD3033,Dhaka,BD30,Bangladesh,BD,2015-01-01,2020-11-13,,19.8745715618391
Kaliganj,BD55496144,,,,Nageshwari,BD554961,Kurigram,BD5549,Rangpur,BD55,Bangladesh,BD,2015-01-01,2020-11-13,,24.2457896143371
Kaliganj Paurashava,BD40443399,,,,Kaliganj,BD404433,Jhenaidah,BD4044,Khulna,BD40,Bangladesh,BD,2015-01-01,2020-11-13,,16.6585583296488
Kalighat,BD60588338,,,,Sreemangal,BD605883,Maulvibazar,BD6058,Sylhet,BD60,Bangladesh,BD,2015-01-01,2020-11-13,,45.51677787846531
Kaligram,BD50648542,,,,Raninagar,BD506485,Naogaon,BD5064,Rajshahi,BD50,Bangladesh,BD,2015-01-01,2020-11-13,,36.9473165992968
Kalihati Paurashava,BD30934799,,,,Kalihati,BD309347,Tangail,BD3093,Dhaka,BD30,Bangladesh,BD,2015-01-01,2020-11-13,,14.8323566171569
Kalika Prasad,BD30481147,,,,Bhairab,BD304811,Kishoreganj,BD3048,Dhaka,BD30,Bangladesh,BD,2015-01-01,2020-11-13,,14.7064171066777
Kalikachchha,BD20129428,,,,Sarail,BD201294,Brahamanbaria,BD2012,Chittagong,BD20,Bangladesh,BD,2015-01-01,2020-11-13,,26.9240987817864
Kalikapur,BD10789533,,,,Patuakhali Sadar,BD107895,Patuakhali,BD1078,Barisal,BD10,Bangladesh,BD,2015-01-01,2020-11-13,,14.5234868044489
Kalikapur,BD20193152,,,,Chauddagram,BD201931,Comilla,BD2019,Chittagong,BD20,Bangladesh,BD,2015-01-01,2020-11-13,,12.7258134092477
Kalikapur,BD30545441,,,,Madaripur Sadar,BD305454,Madaripur,BD3054,Dhaka,BD30,Bangladesh,BD,2015-01-01,2020-11-13,,21.5559337981828
Kalikapur,BD30824730,,,,Kalukhali,BD308247,Rajbari,BD3082,Dhaka,BD30,Bangladesh,BD,2015-01-01,2020-11-13,,12.8452962158183
Kalikapur,BD50640352,,,,Atrai,BD506403,Naogaon,BD5064,Rajshahi,BD50,Bangladesh,BD,2015-01-01,2020-11-13,,29.3851215226063
Kalikapur,BD50644733,,,,Manda,BD506447,Naogaon,BD5064,Rajshahi,BD50,Bangladesh,BD,2015-01-01,2020-11-13,,29.0924083136002
Kalimahar,BD30827335,,,,Pangsha,BD308273,Rajbari,BD3082,Dhaka,BD30,Bangladesh,BD,2015-01-01,2020-11-13,,20.8067128582581
Kalindi,BD30263834,,,,Keraniganj,BD302638,Dhaka,BD3026,Dhaka,BD30,Bangladesh,BD,2015-01-01,2020-11-13,,7.01508473978719
Kalipur,BD20150844,,,,Banshkhali,BD201508,Chittagong,BD2015,Chittagong,BD20,Bangladesh,BD,2015-01-01,2020-11-13,,23.4027767999263
Kalir Bazar (Dakshin),BD20196768,,,,Comilla Adarsha Sadar,BD201967,Comilla,BD2019,Chittagong,BD20,Bangladesh,BD,2015-01-01,2020-11-13,,10.9029906580642
Kalir Bazar (Uttar),BD20196773,,,,Comilla Adarsha Sadar,BD201967,Comilla,BD2019,Chittagong,BD20,Bangladesh,BD,2015-01-01,2020-11-13,,15.5773587925217
Kalisuri,BD10783859,,,,Bauphal,BD107838,Patuakhali,BD1078,Barisal,BD10,Bangladesh,BD,2015-01-01,2020-11-13,,26.901071982418
Kalkalia,BD60904738,,,,Jagannathpur,BD609047,Sunamganj,BD6090,Sylhet,BD60,Bangladesh,BD,2015-01-01,2020-11-13,,53.8430145851195
Kalkini Paurashava,BD30544099,,,,Kalkini,BD305440,Madaripur,BD3054,Dhaka,BD30,Bangladesh,BD,2015-01-01,2020-11-13,,23.7162063762307
Kalma,BD10095447,,,,Lalmohan,BD100954,Bhola,BD1009,Barisal,BD10,Bangladesh,BD,2015-01-01,2020-11-13,,33.8223496986577
Kalma,BD30480259,,,,Austagram,BD304802,Kishoreganj,BD3048,Dhaka,BD30,Bangladesh,BD,2015-01-01,2020-11-13,,29.4032365791541
Kalma,BD30594447,,,,Lohajang,BD305944,Munshiganj,BD3059,Dhaka,BD30,Bangladesh,BD,2015-01-01,2020-11-13,,24.8341093898289
Kalma,BD50819454,,,,Tanore,BD508194,Rajshahi,BD5081,Rajshahi,BD50,Bangladesh,BD,2015-01-01,2020-11-13,,52.413169545145
Kalmakanda,BD45724035,,,,Kalmakanda,BD457240,Netrakona,BD4572,Mymensingh,BD45,Bangladesh,BD,2015-01-01,2020-11-13,,62.0421455849629
Kalmegha,BD10048535,,,,Patharghata,BD100485,Barguna,BD1004,Barisal,BD10,Bangladesh,BD,2015-01-01,2020-11-13,,35.17914456901899
Kalora,BD40657647,,,,Narail Sadar,BD406576,Narail,BD4065,Khulna,BD40,Bangladesh,BD,2015-01-01,2020-11-13,,28.1509357213177
Kalyani,BD55857347,,,,Pirgachha,BD558573,Rangpur,BD5585,Rangpur,BD55,Bangladesh,BD,2015-01-01,2020-11-13,,19.7669055627904
Kalyankalas,BD10785775,,,,Galachipa,BD107857,Patuakhali,BD1078,Barisal,BD10,Bangladesh,BD,2015-01-01,2020-11-13,,27.8945276601064
Kalyanpur,BD20132220,,,,Chandpur Sadar,BD201322,Chandpur,BD2013,Chittagong,BD20,Bangladesh,BD,2015-01-01,2020-11-13,,8.33045519716275
Kamalabari,BD55520259,,,,Aditmari,BD555202,Lalmonirhat,BD5552,Rangpur,BD55,Bangladesh,BD,2015-01-01,2020-11-13,,24.2407638805794
Kamalapur,BD10789540,,,,Patuakhali Sadar,BD107895,Patuakhali,BD1078,Barisal,BD10,Bangladesh,BD,2015-01-01,2020-11-13,,46.2629358640792
Kamalchhari,BD20464947,,,,Khagrachhari Sadar,BD204649,Khagrachhari,BD2046,Chittagong,BD20,Bangladesh,BD,2015-01-01,2020-11-13,,44.8433815925171
Kamaler Para,BD55328866,,,,Saghatta,BD553288,Gaibandha,BD5532,Rangpur,BD55,Bangladesh,BD,2015-01-01,2020-11-13,,25.110357487951
Kamalganj,BD60585638,,,,Kamalganj,BD605856,Maulvibazar,BD6058,Sylhet,BD60,Bangladesh,BD,2015-01-01,2020-11-13,,50.9926382644941
Kamalganj Paurashava,BD60585699,,,,Kamalganj,BD605856,Maulvibazar,BD6058,Sylhet,BD60,Bangladesh,BD,2015-01-01,2020-11-13,,2.17406814299228
Kamalpur,BD50108144,,,,Sariakandi,BD501081,Bogra,BD5010,Rajshahi,BD50,Bangladesh,BD,2015-01-01,2020-11-13,,21.6475714302884
Kamalpur,BD55276443,,,,Dinajpur Sadar,BD552764,Dinajpur,BD5527,Rangpur,BD55,Bangladesh,BD,2015-01-01,2020-11-13,,33.7754256934986
Kamalpur,BD60587443,,,,Maulvi Bazar Sadar,BD605874,Maulvibazar,BD6058,Sylhet,BD60,Bangladesh,BD,2015-01-01,2020-11-13,,17.0526172763682
Kamar Chak,BD60588021,,,,Rajnagar,BD605880,Maulvibazar,BD6058,Sylhet,BD60,Bangladesh,BD,2015-01-01,2020-11-13,,37.7745928660479
Kamar Pukur,BD55738540,,,,Saidpur,BD557385,Nilphamari,BD5573,Rangpur,BD55,Bangladesh,BD,2015-01-01,2020-11-13,,20.1257057435777
Kamardaha,BD55323027,,,,Gobindaganj,BD553230,Gaibandha,BD5532,Rangpur,BD55,Bangladesh,BD,2015-01-01,2020-11-13,,25.6121611015971
Kamarer Char,BD45898861,,,,Sherpur Sadar,BD458988,Sherpur,BD4589,Mymensingh,BD45,Bangladesh,BD,2015-01-01,2020-11-13,,27.7043871154801
Kamargaon,BD45618145,,,,Phulpur,BD456181,Mymensingh,BD4561,Mymensingh,BD45,Bangladesh,BD,2015-01-01,2020-11-13,,26.306960940907
Kamargaon,BD50819457,,,,Tanore,BD508194,Rajshahi,BD5081,Rajshahi,BD50,Bangladesh,BD,2015-01-01,2020-11-13,,38.05668092422501
Kamaria,BD45618149,,,,Phulpur,BD456181,Mymensingh,BD4561,Mymensingh,BD45,Bangladesh,BD,2015-01-01,2020-11-13,,29.9813201294863
Kamaria,BD45898867,,,,Sherpur Sadar,BD458988,Sherpur,BD4589,Mymensingh,BD45,Bangladesh,BD,2015-01-01,2020-11-13,,30.697732941541
Kamarjani,BD55322451,,,,Gaibandha Sadar,BD553224,Gaibandha,BD5532,Rangpur,BD55,Bangladesh,BD,2015-01-01,2020-11-13,,31.8748686711136
Kamarkhali,BD30295642,,,,Madhukhali,BD302956,Faridpur,BD3029,Dhaka,BD30,Bangladesh,BD,2015-01-01,2020-11-13,,20.2907297372259
Kamarkhara,BD30599471,,,,Tongibari,BD305994,Munshiganj,BD3059,Dhaka,BD30,Bangladesh,BD,2015-01-01,2020-11-13,,10.1779566120992
Kamarkhola,BD40471763,,,,Dacope,BD404717,Khulna,BD4047,Khulna,BD40,Bangladesh,BD,2015-01-01,2020-11-13,,29.3108463780609
Kamat Kajal Dighi,BD55777359,,,,Panchagarh Sadar,BD557773,Panchagarh,BD5577,Rangpur,BD55,Bangladesh,BD,2015-01-01,2020-11-13,,24.8946009862322
Kamdia,BD55323033,,,,Gobindaganj,BD553230,Gaibandha,BD5532,Rangpur,BD55,Bangladesh,BD,2015-01-01,2020-11-13,,38.1903587857927
Kamrabad,BD45398542,,,,Sarishabari,BD453985,Jamalpur,BD4539,Mymensingh,BD45,Bangladesh,BD,2015-01-01,2020-11-13,,18.6449237409466
Kanaighat,BD60915947,,,,Kanaighat,BD609159,Sylhet,BD6091,Sylhet,BD60,Bangladesh,BD,2015-01-01,2020-11-13,,23.5490137150153
Kanaighat Paurashava,BD60915999,,,,Kanaighat,BD609159,Sylhet,BD6091,Sylhet,BD60,Bangladesh,BD,2015-01-01,2020-11-13,,19.3860503301142
Kanaipur,BD30294763,,,,Faridpur Sadar,BD302947,Faridpur,BD3029,Dhaka,BD30,Bangladesh,BD,2015-01-01,2020-11-13,,37.6203572606381
Kanakdia,BD10783865,,,,Bauphal,BD107838,Patuakhali,BD1078,Barisal,BD10,Bangladesh,BD,2015-01-01,2020-11-13,,25.8150326754783
Kanakpur,BD60587451,,,,Maulvi Bazar Sadar,BD605874,Maulvibazar,BD6058,Sylhet,BD60,Bangladesh,BD,2015-01-01,2020-11-13,,28.0313340837051
Kanaksar,BD30594455,,,,Lohajang,BD305944,Munshiganj,BD3059,Dhaka,BD30,Bangladesh,BD,2015-01-01,2020-11-13,,7.00998412106572
Kanalla,BD20198149,,,,Muradnagar,BD201981,Comilla,BD2019,Chittagong,BD20,Bangladesh,BD,2015-01-01,2020-11-13,,13.1480918823512
Kanchan Nagar,BD20153352,,,,Fatikchhari,BD201533,Chittagong,BD2015,Chittagong,BD20,Bangladesh,BD,2015-01-01,2020-11-13,,59.6751177790732
Kanchan Paurashava,BD30676800,,,,Rupganj,BD306768,Narayanganj,BD3067,Dhaka,BD30,Bangladesh,BD,2015-01-01,2020-11-13,,21.1720826625847
Kanchana,BD20158251,,,,Satkania,BD201582,Chittagong,BD2015,Chittagong,BD20,Bangladesh,BD,2015-01-01,2020-11-13,,13.2487379321496
Kanchanabad,BD20151885,,,,Chandanaish,BD201518,Chittagong,BD2015,Chittagong,BD20,Bangladesh,BD,2015-01-01,2020-11-13,,24.3811634796433
Kanchanpur,BD20516542,,,,Ramganj,BD205165,Lakshmipur,BD2051,Chittagong,BD20,Bangladesh,BD,2015-01-01,2020-11-13,,16.2883690649078
Kanchanpur,BD30562873,,,,Harirampur,BD305628,Manikganj,BD3056,Dhaka,BD30,Bangladesh,BD,2015-01-01,2020-11-13,,19.5757762974587
Kanchanpur,BD30930959,,,,Basail,BD309309,Tangail,BD3093,Dhaka,BD30,Bangladesh,BD,2015-01-01,2020-11-13,,30.1413716098388
Kancherkol,BD40448056,,,,Shailkupa,BD404480,Jhenaidah,BD4044,Khulna,BD40,Bangladesh,BD,2015-01-01,2020-11-13,,21.0976980777031
Kanchi Para,BD10783847,,,,Bauphal,BD107838,Patuakhali,BD1078,Barisal,BD10,Bangladesh,BD,2015-01-01,2020-11-13,,26.0725621994146
Kanchi Para,BD55322159,,,,Fulchhari,BD553221,Gaibandha,BD5532,Rangpur,BD55,Bangladesh,BD,2015-01-01,2020-11-13,,27.3923136699418
Kanchibari,BD55329150,,,,Sundarganj,BD553291,Gaibandha,BD5532,Rangpur,BD55,Bangladesh,BD,2015-01-01,2020-11-13,,21.0737567805594
Kanchikata,BD30685267,,,,Manohardi,BD306852,Narsingdi,BD3068,Dhaka,BD30,Bangladesh,BD,2015-01-01,2020-11-13,,19.4672621673271
Kandhurkhil,BD20151247,,,,Boalkhali,BD201512,Chittagong,BD2015,Chittagong,BD20,Bangladesh,BD,2015-01-01,2020-11-13,,8.54334118744117
Kandi,BD30355147,,,,Kotali Para,BD303551,Gopalganj,BD3035,Dhaka,BD30,Bangladesh,BD,2015-01-01,2020-11-13,,53.6871496534855
Kandi,BD55857357,,,,Pirgachha,BD558573,Rangpur,BD5585,Rangpur,BD55,Bangladesh,BD,2015-01-01,2020-11-13,,23.6770957407518
Kandigaon,BD60916238,,,,Sylhet Sadar,BD609162,Sylhet,BD6091,Sylhet,BD60,Bangladesh,BD,2015-01-01,2020-11-13,,23.7362218843074
Kandirpar,BD20197277,,,,Laksam,BD201972,Comilla,BD2019,Chittagong,BD20,Bangladesh,BD,2015-01-01,2020-11-13,,21.7082156850171
Kandiura,BD45724747,,,,Kendua,BD457247,Netrakona,BD4572,Mymensingh,BD45,Bangladesh,BD,2015-01-01,2020-11-13,,18.7125233496183
Kaneshwar,BD30862547,,,,Damudya,BD308625,Shariatpur,BD3086,Dhaka,BD30,Bangladesh,BD,2015-01-01,2020-11-13,,11.8634156419561
Kangara Chhari,BD20842971,,,,Belai Chhari,BD208429,Rangamati,BD2084,Chittagong,BD20,Bangladesh,BD,2015-01-01,2020-11-13,,32.7027187027901
Kangsha,BD45893743,,,,Jhenaigati,BD458937,Sherpur,BD4589,Mymensingh,BD45,Bangladesh,BD,2015-01-01,2020-11-13,,53.1589820628977
Kanihari,BD45619447,,,,Trishal,BD456194,Mymensingh,BD4561,Mymensingh,BD45,Bangladesh,BD,2015-01-01,2020-11-13,,32.5888297788446
Kankapait,BD20193157,,,,Chauddagram,BD201931,Comilla,BD2019,Chittagong,BD20,Bangladesh,BD,2015-01-01,2020-11-13,,15.2764656809169
Kansat,BD50708841,,,,Shibganj,BD507088,Nawabganj,BD5070,Rajshahi,BD50,Bangladesh,BD,2015-01-01,2020-11-13,,29.9645359759369
Kanso Para,BD50644740,,,,Manda,BD506447,Naogaon,BD5064,Rajshahi,BD50,Bangladesh,BD,2015-01-01,2020-11-13,,28.5482408229519
Kanthal,BD45619457,,,,Trishal,BD456194,Mymensingh,BD4561,Mymensingh,BD45,Bangladesh,BD,2015-01-01,2020-11-13,,24.5349425444219
Kanthalbari,BD30548752,,,,Shib Char,BD305487,Madaripur,BD3054,Dhaka,BD30,Bangladesh,BD,2015-01-01,2020-11-13,,44.3484939464308
Kanthalbari,BD55495257,,,,Kurigram Sadar,BD554952,Kurigram,BD5549,Rangpur,BD55,Bangladesh,BD,2015-01-01,2020-11-13,,18.6469772845508
Kanthali,BD55733658,,,,Jaldhaka,BD557336,Nilphamari,BD5573,Rangpur,BD55,Bangladesh,BD,2015-01-01,2020-11-13,,21.0773402000189
Kanthalia,BD10424363,,,,Kanthalia,BD104243,Jhalokati,BD1042,Barisal,BD10,Bangladesh,BD,2015-01-01,2020-11-13,,20.2882946383074
Kanthalia,BD30686047,,,,Narsingdi Sadar,BD306860,Narsingdi,BD3068,Dhaka,BD30,Bangladesh,BD,2015-01-01,2020-11-13,,11.2657952588268
Kanthaltali,BD10048547,,,,Patharghata,BD100485,Barguna,BD1004,Barisal,BD10,Bangladesh,BD,2015-01-01,2020-11-13,,34.951180332503
Kaoakola,BD50887834,,,,Sirajganj Sadar,BD508878,Sirajganj,BD5088,Rajshahi,BD50,Bangladesh,BD,2015-01-01,2020-11-13,,29.9011529447802
Kaoaljani,BD30930983,,,,Basail,BD309309,Tangail,BD3093,Dhaka,BD30,Bangladesh,BD,2015-01-01,2020-11-13,,23.5140983621113
Kaolibera,BD30291063,,,,Bhanga,BD302910,Faridpur,BD3029,Dhaka,BD30,Bangladesh,BD,2015-01-01,2020-11-13,,19.2775251190427
Kaoraid,BD30338638,,,,Sreepur,BD303386,Gazipur,BD3033,Dhaka,BD30,Bangladesh,BD,2015-01-01,2020-11-13,,54.63015893437139
Kapasadanga,BD40183159,,,,Damurhuda,BD401831,Chuadanga,BD4018,Khulna,BD40,Bangladesh,BD,2015-01-01,2020-11-13,,43.3515417752546
Kapashati,BD40441463,,,,Harinakunda,BD404414,Jhenaidah,BD4044,Khulna,BD40,Bangladesh,BD,2015-01-01,2020-11-13,,36.6072425064291
Kapasia,BD30333643,,,,Kapasia,BD303336,Gazipur,BD3033,Dhaka,BD30,Bangladesh,BD,2015-01-01,2020-11-13,,39.6140579460027
Kapasia,BD55329156,,,,Sundarganj,BD553291,Gaibandha,BD5532,Rangpur,BD55,Bangladesh,BD,2015-01-01,2020-11-13,,65.12967554896339
Kapilmuni,BD40476450,,,,Paikgachha,BD404764,Khulna,BD4047,Khulna,BD40,Bangladesh,BD,2015-01-01,2020-11-13,,37.9028309826302
Kaptai,BD20843657,,,,Kaptai,BD208436,Rangamati,BD2084,Chittagong,BD20,Bangladesh,BD,2015-01-01,2020-11-13,,49.7932489211748
Kara Para,BD40010869,,,,Bagerhat Sadar,BD400108,Bagerhat,BD4001,Khulna,BD40,Bangladesh,BD,2015-01-01,2020-11-13,,25.3733903958199
Karab,BD60366840,,,,Lakhai,BD603668,Habiganj,BD6036,Sylhet,BD60,Bangladesh,BD,2015-01-01,2020-11-13,,28.1769958538212
Karabunia,BD10787640,,,,Mirzaganj,BD107876,Patuakhali,BD1078,Barisal,BD10,Bangladesh,BD,2015-01-01,2020-11-13,,29.0457819062517
Karaia,BD20135863,,,,Kachua,BD201358,Chandpur,BD2013,Chittagong,BD20,Bangladesh,BD,2015-01-01,2020-11-13,,25.7605804409899
Karaibaria,BD10040979,,,,Amtali,BD100409,Barguna,BD1004,Barisal,BD10,Bangladesh,BD,2015-01-01,2020-11-13,,31.5574355919376
Karaichara,BD45395871,,,,Madarganj,BD453958,Jamalpur,BD4539,Mymensingh,BD45,Bangladesh,BD,2015-01-01,2020-11-13,,29.7576320461983
Karanja,BD50767251,,,,Santhia,BD507672,Pabna,BD5076,Rajshahi,BD50,Bangladesh,BD,2015-01-01,2020-11-13,,33.0396066490539
Karatia,BD30939559,,,,Tangail Sadar,BD309395,Tangail,BD3093,Dhaka,BD30,Bangladesh,BD,2015-01-01,2020-11-13,,21.1510882207559
Karerhat,BD20155335,,,,Mirsharai,BD201553,Chittagong,BD2015,Chittagong,BD20,Bangladesh,BD,2015-01-01,2020-11-13,,151.482156965266
Kargaon,BD30484547,,,,Katiadi,BD304845,Kishoreganj,BD3048,Dhaka,BD30,Bangladesh,BD,2015-01-01,2020-11-13,,33.1022416043644
Kargaon,BD60367765,,,,Nabiganj,BD603677,Habiganj,BD6036,Sylhet,BD60,Bangladesh,BD,2015-01-01,2020-11-13,,57.47588570628319
Karihata,BD30333651,,,,Kapasia,BD303336,Gazipur,BD3033,Dhaka,BD30,Bangladesh,BD,2015-01-01,2020-11-13,,25.2243669345313
Karikandi,BD20199467,,,,Titas,BD201994,Comilla,BD2019,Chittagong,BD20,Bangladesh,BD,2015-01-01,2020-11-13,,12.3711015068692
Karimganj Paurashava,BD30484299,,,,Karimganj,BD304842,Kishoreganj,BD3048,Dhaka,BD30,Bangladesh,BD,2015-01-01,2020-11-13,,6.45567875949072
Karimpur,BD30686041,,,,Narsingdi Sadar,BD306860,Narsingdi,BD3068,Dhaka,BD30,Bangladesh,BD,2015-01-01,2020-11-13,,18.0002962065959
Karimpur,BD60902947,,,,Derai,BD609029,Sunamganj,BD6090,Sylhet,BD60,Bangladesh,BD,2015-01-01,2020-11-13,,46.2513622448939
Karmadha,BD60586559,,,,Kulaura,BD605865,Maulvibazar,BD6058,Sylhet,BD60,Bangladesh,BD,2015-01-01,2020-11-13,,120.883119966395
Karnibari,BD50108156,,,,Sariakandi,BD501081,Bogra,BD5010,Rajshahi,BD50,Bangladesh,BD,2015-01-01,2020-11-13,,56.1165133630089
Karpara,BD20516547,,,,Ramganj,BD205165,Lakshmipur,BD2051,Chittagong,BD20,Bangladesh,BD,2015-01-01,2020-11-13,,16.2869905962424
Karpara,BD30353247,,,,Gopalganj Sadar,BD303532,Gopalganj,BD3035,Dhaka,BD30,Bangladesh,BD,2015-01-01,2020-11-13,,28.6402030145791
Karpasha,BD30487657,,,,Nikli,BD304876,Kishoreganj,BD3048,Dhaka,BD30,Bangladesh,BD,2015-01-01,2020-11-13,,16.9665022404285
Kasalia,BD30355850,,,,Muksudpur,BD303558,Gopalganj,BD3035,Dhaka,BD30,Bangladesh,BD,2015-01-01,2020-11-13,,17.6349815937428
Kasba,BD20126363,,,,Kasba,BD201263,Brahamanbaria,BD2012,Chittagong,BD20,Bangladesh,BD,2015-01-01,2020-11-13,,17.9451128752135
Kasba,BD50705638,,,,Nachole,BD507056,Nawabganj,BD5070,Rajshahi,BD50,Bangladesh,BD,2015-01-01,2020-11-13,,59.58021053917361
Kasba Majhail,BD30827340,,,,Pangsha,BD308273,Rajbari,BD3082,Dhaka,BD30,Bangladesh,BD,2015-01-01,2020-11-13,,29.7953686943139
Kasba Paurashava,BD20126399,,,,Kasba,BD201263,Brahamanbaria,BD2012,Chittagong,BD20,Bangladesh,BD,2015-01-01,2020-11-13,,3.03032125018571
Kashab,BD50644747,,,,Manda,BD506447,Naogaon,BD5064,Rajshahi,BD50,Bangladesh,BD,2015-01-01,2020-11-13,,22.2190000622346
Kashiani,BD30354327,,,,Kashiani,BD303543,Gopalganj,BD3035,Dhaka,BD30,Bangladesh,BD,2015-01-01,2020-11-13,,21.0588652676637
Kashil,BD30930971,,,,Basail,BD309309,Tangail,BD3093,Dhaka,BD30,Bangladesh,BD,2015-01-01,2020-11-13,,26.8084304466377
Kashimari,BD40878655,,,,Shyamnagar,BD408786,Satkhira,BD4087,Khulna,BD40,Bangladesh,BD,2015-01-01,2020-11-13,,34.295024658449
Kashimnagar,BD40416144,,,,Manirampur,BD404161,Jessore,BD4041,Khulna,BD40,Bangladesh,BD,2015-01-01,2020-11-13,,15.7257702707076
Kashimpur,BD30333047,,,,Gazipur Sadar,BD303330,Gazipur,BD3033,Dhaka,BD30,Bangladesh,BD,2015-01-01,2020-11-13,,41.1580458049407
Kashimpur,BD40414765,,,,Kotwali,BD404147,Jessore,BD4041,Khulna,BD40,Bangladesh,BD,2015-01-01,2020-11-13,,30.6185445203578
Kashimpur,BD45616551,,,,Muktagachha,BD456165,Mymensingh,BD4561,Mymensingh,BD45,Bangladesh,BD,2015-01-01,2020-11-13,,31.3189468671881
Kashimpur,BD50648552,,,,Raninagar,BD506485,Naogaon,BD5064,Rajshahi,BD50,Bangladesh,BD,2015-01-01,2020-11-13,,7.99944057974579
Kashinagar,BD20193161,,,,Chauddagram,BD201931,Comilla,BD2019,Chittagong,BD20,Bangladesh,BD,2015-01-01,2020-11-13,,26.9444537246673
Kashinathpur,BD50767260,,,,Santhia,BD507672,Pabna,BD5076,Rajshahi,BD50,Bangladesh,BD,2015-01-01,2020-11-13,,35.5701214058275
Kashipur,BD10065169,,,,Barisal Sadar (Kotwali),BD100651,Barisal,BD1006,Barisal,BD10,Bangladesh,BD,2015-01-01,2020-11-13,,12.1999998557542
Kashipur,BD30675863,,,,Narayanganj Sadar,BD306758,Narayanganj,BD3067,Dhaka,BD30,Bangladesh,BD,2015-01-01,2020-11-13,,5.99564804352275
Kashipur,BD40655231,,,,Lohagara,BD406552,Narail,BD4065,Khulna,BD40,Bangladesh,BD,2015-01-01,2020-11-13,,19.8672723951214
Kashipur,BD55491854,,,,Phulbari,BD554918,Kurigram,BD5549,Rangpur,BD55,Bangladesh,BD,2015-01-01,2020-11-13,,28.4146453406978
Kashipur,BD55948655,,,,Ranisankail,BD559486,Thakurgaon,BD5594,Rangpur,BD55,Bangladesh,BD,2015-01-01,2020-11-13,,15.1106629377807
Kashtabhanga,BD40443340,,,,Kaliganj,BD404433,Jhenaidah,BD4044,Khulna,BD40,Bangladesh,BD,2015-01-01,2020-11-13,,25.9004249196508
Kasiais,BD20156164,,,,Patiya,BD201561,Chittagong,BD2015,Chittagong,BD20,Bangladesh,BD,2015-01-01,2020-11-13,,9.402111169941179
Kastail,BD30480271,,,,Austagram,BD304802,Kishoreganj,BD3048,Dhaka,BD30,Bangladesh,BD,2015-01-01,2020-11-13,,42.846789719637
Kasundi,BD40555761,,,,Magura Sadar,BD405557,Magura,BD4055,Khulna,BD40,Bangladesh,BD,2015-01-01,2020-11-13,,9.34800450338601
Katabari,BD55323039,,,,Gobindaganj,BD553230,Gaibandha,BD5532,Rangpur,BD55,Bangladesh,BD,2015-01-01,2020-11-13,,29.4760663436175
Katachhara,BD20155341,,,,Mirsharai,BD201553,Chittagong,BD2015,Chittagong,BD20,Bangladesh,BD,2015-01-01,2020-11-13,,13.3458220282956
Katair,BD60908936,,,,Sunamganj Sadar,BD609089,Sunamganj,BD6090,Sylhet,BD60,Bangladesh,BD,2015-01-01,2020-11-13,,37.6589211669857
Katakhali Paurashava,BD50817200,,,,Paba,BD508172,Rajshahi,BD5081,Rajshahi,BD50,Bangladesh,BD,2015-01-01,2020-11-13,,9.02661332650789
Kathadia Shimulia,BD30599479,,,,Tongibari,BD305994,Munshiganj,BD3059,Dhaka,BD30,Bangladesh,BD,2015-01-01,2020-11-13,,8.00612257030625
Katharia,BD20150850,,,,Banshkhali,BD201508,Chittagong,BD2015,Chittagong,BD20,Bangladesh,BD,2015-01-01,2020-11-13,,10.8789172192052
Kathuli,BD40574742,,,,Gangni,BD405747,Meherpur,BD4057,Khulna,BD40,Bangladesh,BD,2015-01-01,2020-11-13,,33.3814067887178
Kati,BD30353251,,,,Gopalganj Sadar,BD303532,Gopalganj,BD3035,Dhaka,BD30,Bangladesh,BD,2015-01-01,2020-11-13,,18.2934783831083
Katiadi,BD30484557,,,,Katiadi,BD304845,Kishoreganj,BD3048,Dhaka,BD30,Bangladesh,BD,2015-01-01,2020-11-13,,4.14296857967479
Katiadi Paurashava,BD30484599,,,,Katiadi,BD304845,Kishoreganj,BD3048,Dhaka,BD30,Bangladesh,BD,2015-01-01,2020-11-13,,17.4456808479911
Katla,BD55271059,,,,Birampur,BD552710,Dinajpur,BD5527,Rangpur,BD55,Bangladesh,BD,2015-01-01,2020-11-13,,15.4220170393166
Katuli,BD30939565,,,,Tangail Sadar,BD309395,Tangail,BD3093,Dhaka,BD30,Bangladesh,BD,2015-01-01,2020-11-13,,34.0376743284789
Kauarkhop,BD20226666,,,,Ramu,BD202266,Cox's Bazar,BD2022,Chittagong,BD20,Bangladesh,BD,2015-01-01,2020-11-13,,33.6992179064533
Kaundia,BD30267250,,,,Savar,BD302672,Dhaka,BD3026,Dhaka,BD30,Bangladesh,BD,2015-01-01,2020-11-13,,12.3604254179379
Kaunia Bala Para,BD55854227,,,,Kaunia,BD558542,Rangpur,BD5585,Rangpur,BD55,Bangladesh,BD,2015-01-01,2020-11-13,,27.458012186418
Kawkhali,BD10794747,,,,Kawkhali,BD107947,Pirojpur,BD1079,Barisal,BD10,Bangladesh,BD,2015-01-01,2020-11-13,,21.06944746618
Kaya,BD40507151,,,,Kumarkhali,BD405071,Kushtia,BD4050,Khulna,BD40,Bangladesh,BD,2015-01-01,2020-11-13,,18.8734561457292
Kayain,BD30597447,,,,Serajdikhan,BD305974,Munshiganj,BD3059,Dhaka,BD30,Bangladesh,BD,2015-01-01,2020-11-13,,17.6837652987458
Kayaltia,BD30333054,,,,Gazipur Sadar,BD303330,Gazipur,BD3033,Dhaka,BD30,Bangladesh,BD,2015-01-01,2020-11-13,,70.2877182498018
Kayangghat,BD20466515,,,,Mahalchhari,BD204665,Khagrachhari,BD2046,Chittagong,BD20,Bangladesh,BD,2015-01-01,2020-11-13,,55.3141804300823
Kayaria,BD30544056,,,,Kalkini,BD305440,Madaripur,BD3054,Dhaka,BD30,Bangladesh,BD,2015-01-01,2020-11-13,,21.5877196521616
Kayba,BD40419051,,,,Sharsha,BD404190,Jessore,BD4041,Khulna,BD40,Bangladesh,BD,2015-01-01,2020-11-13,,31.0236551838531
Kayempur,BD50886743,,,,Shahjadpur,BD508867,Sirajganj,BD5088,Rajshahi,BD50,Bangladesh,BD,2015-01-01,2020-11-13,,35.85652427053149
Kayet Para,BD30676855,,,,Rupganj,BD306768,Narayanganj,BD3067,Dhaka,BD30,Bangladesh,BD,2015-01-01,2020-11-13,,26.089567946569
Kazibakai,BD30544063,,,,Kalkini,BD305440,Madaripur,BD3054,Dhaka,BD30,Bangladesh,BD,2015-01-01,2020-11-13,,9.57192081893952
Kazihal,BD55273866,,,,Fulbari,BD552738,Dinajpur,BD5527,Rangpur,BD55,Bangladesh,BD,2015-01-01,2020-11-13,,36.796236699198
Kazipur,BD40574752,,,,Gangni,BD405747,Meherpur,BD4057,Khulna,BD40,Bangladesh,BD,2015-01-01,2020-11-13,,35.752739699949
Kazipur,BD50885034,,,,Kazipur,BD508850,Sirajganj,BD5088,Rajshahi,BD50,Bangladesh,BD,2015-01-01,2020-11-13,,23.0517819545777
Kazipur Paurashava,BD50885099,,,,Kazipur,BD508850,Sirajganj,BD5088,Rajshahi,BD50,Bangladesh,BD,2015-01-01,2020-11-13,,7.026821642028541
Kazir Char,BD10066947,,,,Muladi,BD100669,Barisal,BD1006,Barisal,BD10,Bangladesh,BD,2015-01-01,2020-11-13,,33.2031861336187
Kazirabad,BD10044759,,,,Betagi,BD100447,Barguna,BD1004,Barisal,BD10,Bangladesh,BD,2015-01-01,2020-11-13,,20.0694444549286
Kazirbag,BD20302947,,,,Feni Sadar,BD203029,Feni,BD2030,Chittagong,BD20,Bangladesh,BD,2015-01-01,2020-11-13,,17.084107132609
Kazirber,BD40447129,,,,Maheshpur,BD404471,Jhenaidah,BD4044,Khulna,BD40,Bangladesh,BD,2015-01-01,2020-11-13,,33.0132161908667
Kazla,BD50108155,,,,Sariakandi,BD501081,Bogra,BD5010,Rajshahi,BD50,Bangladesh,BD,2015-01-01,2020-11-13,,67.342381791328
Kedar,BD55496150,,,,Nageshwari,BD554961,Kurigram,BD5549,Rangpur,BD55,Bangladesh,BD,2015-01-01,2020-11-13,,26.0241591839391
Kedarmara,BD20840747,,,,Baghai Chhari,BD208407,Rangamati,BD2084,Chittagong,BD20,Bangladesh,BD,2015-01-01,2020-11-13,,94.8242477098127
Kedarpur,BD10060354,,,,Babuganj,BD100603,Barisal,BD1006,Barisal,BD10,Bangladesh,BD,2015-01-01,2020-11-13,,26.9889129266861
Kedarpur,BD30866563,,,,Naria,BD308665,Shariatpur,BD3086,Dhaka,BD30,Bangladesh,BD,2015-01-01,2020-11-13,,10.4712236926142
Kelishahar,BD20156167,,,,Patiya,BD201561,Chittagong,BD2015,Chittagong,BD20,Bangladesh,BD,2015-01-01,2020-11-13,,24.2729931878055
Kendua,BD30545447,,,,Madaripur Sadar,BD305454,Madaripur,BD3054,Dhaka,BD30,Bangladesh,BD,2015-01-01,2020-11-13,,24.6367209753136
Kendua,BD45393635,,,,Jamalpur Sadar,BD453936,Jamalpur,BD4539,Mymensingh,BD45,Bangladesh,BD,2015-01-01,2020-11-13,,27.7379159768417
Kendua Paurashava,BD45724799,,,,Kendua,BD457247,Netrakona,BD4572,Mymensingh,BD45,Bangladesh,BD,2015-01-01,2020-11-13,,10.2235135796597
Keochia,BD20158254,,,,Satkania,BD201582,Chittagong,BD2015,Chittagong,BD20,Bangladesh,BD,2015-01-01,2020-11-13,,16.8780628387604
Keora,BD10424057,,,,Jhalokati Sadar,BD104240,Jhalokati,BD1042,Barisal,BD10,Bangladesh,BD,2015-01-01,2020-11-13,,13.0546714622207
Keorabunia,BD10042876,,,,Barguna Sadar,BD100428,Barguna,BD1004,Barisal,BD10,Bangladesh,BD,2015-01-01,2020-11-13,,23.244135345437
Keorjori,BD30485967,,,,Mithamain,BD304859,Kishoreganj,BD3048,Dhaka,BD30,Bangladesh,BD,2015-01-01,2020-11-13,,30.4413236314986
Keragachhi,BD40874363,,,,Kalaroa,BD408743,Satkhira,BD4087,Khulna,BD40,Bangladesh,BD,2015-01-01,2020-11-13,,18.9886431410554
Keralkata,BD40874371,,,,Kalaroa,BD408743,Satkhira,BD4087,Khulna,BD40,Bangladesh,BD,2015-01-01,2020-11-13,,24.9338194508002
Keran Khal,BD20192713,,,,Chandina,BD201927,Comilla,BD2019,Chittagong,BD20,Bangladesh,BD,2015-01-01,2020-11-13,,8.28806925082119
Keroa,BD20515859,,,,Roypur,BD205158,Lakshmipur,BD2051,Chittagong,BD20,Bangladesh,BD,2015-01-01,2020-11-13,,19.9289008458981
Keshabpur,BD10783871,,,,Bauphal,BD107838,Patuakhali,BD1078,Barisal,BD10,Bangladesh,BD,2015-01-01,2020-11-13,,39.418885605066
Keshabpur,BD40413828,,,,Keshabpur,BD404138,Jessore,BD4041,Khulna,BD40,Bangladesh,BD,2015-01-01,2020-11-13,,21.9664219185304
Keshabpur Paurashava,BD40413899,,,,Keshabpur,BD404138,Jessore,BD4041,Khulna,BD40,Bangladesh,BD,2015-01-01,2020-11-13,,10.7781928548587
Kesharhat Paurashava,BD50815399,,,,Mohanpur,BD508153,Rajshahi,BD5081,Rajshahi,BD50,Bangladesh,BD,2015-01-01,2020-11-13,,15.1083364951897
Kesharpar,BD20758066,,,,Senbagh,BD207580,Noakhali,BD2075,Chittagong,BD20,Bangladesh,BD,2015-01-01,2020-11-13,,18.9776695301447
Ketkibari,BD55731576,,,,Domar,BD557315,Nilphamari,BD5573,Rangpur,BD55,Bangladesh,BD,2015-01-01,2020-11-13,,19.4440923973364
Khadergaon,BD20137634,,,,Matlab Dakshin,BD201376,Chandpur,BD2013,Chittagong,BD20,Bangladesh,BD,2015-01-01,2020-11-13,,13.4976644286851
Khadim Para,BD60916242,,,,Sylhet Sadar,BD609162,Sylhet,BD6091,Sylhet,BD60,Bangladesh,BD,2015-01-01,2020-11-13,,38.57243707219801
Khadimnagar,BD60916240,,,,Sylhet Sadar,BD609162,Sylhet,BD6091,Sylhet,BD60,Bangladesh,BD,2015-01-01,2020-11-13,,79.38457851236481
Khadimpur,BD40180771,,,,Alamdanga,BD401807,Chuadanga,BD4018,Khulna,BD40,Bangladesh,BD,2015-01-01,2020-11-13,,24.2510380897867
Khagakanda,BD30670263,,,,Araihazar,BD306702,Narayanganj,BD3067,Dhaka,BD30,Bangladesh,BD,2015-01-01,2020-11-13,,19.5513074709972
Khagaria,BD20158258,,,,Satkania,BD201582,Chittagong,BD2015,Chittagong,BD20,Bangladesh,BD,2015-01-01,2020-11-13,,8.32831547472133
Khagaura,BD60361150,,,,Baniachong,BD603611,Habiganj,BD6036,Sylhet,BD60,Bangladesh,BD,2015-01-01,2020-11-13,,26.3440657251159
Khagdahar,BD45615267,,,,Mymensingh Sadar,BD456152,Mymensingh,BD4561,Mymensingh,BD45,Bangladesh,BD,2015-01-01,2020-11-13,,31.888985826107
Khagrachhari,BD20464963,,,,Khagrachhari Sadar,BD204649,Khagrachhari,BD2046,Chittagong,BD20,Bangladesh,BD,2015-01-01,2020-11-13,,30.5215848483788
Khagrachhari Paurashava,BD20464999,,,,Khagrachhari Sadar,BD204649,Khagrachhari,BD2046,Chittagong,BD20,Bangladesh,BD,2015-01-01,2020-11-13,,27.7917363211755
Khaiyachhara,BD20155347,,,,Mirsharai,BD201553,Chittagong,BD2015,Chittagong,BD20,Bangladesh,BD,2015-01-01,2020-11-13,,16.8926519255997
Khajra,BD40870460,,,,Assasuni,BD408704,Satkhira,BD4087,Khulna,BD40,Bangladesh,BD,2015-01-01,2020-11-13,,37.1840843901636
Khajur,BD50645057,,,,Mahadebpur,BD506450,Naogaon,BD5064,Rajshahi,BD50,Bangladesh,BD,2015-01-01,2020-11-13,,44.6165840043522
Khajuria,BD50696358,,,,Natore Sadar,BD506963,Natore,BD5069,Rajshahi,BD50,Bangladesh,BD,2015-01-01,2020-11-13,,41.2312143611191
Khaleya,BD55852752,,,,Gangachara,BD558527,Rangpur,BD5585,Rangpur,BD55,Bangladesh,BD,2015-01-01,2020-11-13,,24.1221977213364
Khalia,BD30548076,,,,Rajoir,BD305480,Madaripur,BD3054,Dhaka,BD30,Bangladesh,BD,2015-01-01,2020-11-13,,21.418950811626
Khaliajuri,BD45723840,,,,Khaliajuri,BD457238,Netrakona,BD4572,Mymensingh,BD45,Bangladesh,BD,2015-01-01,2020-11-13,,52.3034437631142
Khalilnagar,BD40879031,,,,Tala,BD408790,Satkhira,BD4087,Khulna,BD40,Bangladesh,BD,2015-01-01,2020-11-13,,32.4568803222905
Khalilpur,BD60587458,,,,Maulvi Bazar Sadar,BD605874,Maulvibazar,BD6058,Sylhet,BD60,Bangladesh,BD,2015-01-01,2020-11-13,,28.7101644265456
Khalisa Chapani,BD55731247,,,,Dimla,BD557312,Nilphamari,BD5573,Rangpur,BD55,Bangladesh,BD,2015-01-01,2020-11-13,,40.53768645253101
Khalishakundi,BD40503947,,,,Daulatpur,BD405039,Kushtia,BD4050,Khulna,BD40,Bangladesh,BD,2015-01-01,2020-11-13,,24.0354090090363
Khalishaur,BD45728379,,,,Purbadhala,BD457283,Netrakona,BD4572,Mymensingh,BD45,Bangladesh,BD,2015-01-01,2020-11-13,,28.8964544913637
Khalishkhali,BD40879039,,,,Tala,BD408790,Satkhira,BD4087,Khulna,BD40,Bangladesh,BD,2015-01-01,2020-11-13,,37.8701982610789
Khalsi,BD30561085,,,,Daulatpur,BD305610,Manikganj,BD3056,Dhaka,BD30,Bangladesh,BD,2015-01-01,2020-11-13,,22.9864964029335
Khamar Para,BD55276094,,,,Khansama,BD552760,Dinajpur,BD5527,Rangpur,BD55,Bangladesh,BD,2015-01-01,2020-11-13,,29.4578001022461
Khamarkandi,BD50108838,,,,Sherpur,BD501088,Bogra,BD5010,Rajshahi,BD50,Bangladesh,BD,2015-01-01,2020-11-13,,22.5243483153599
Khan Marich,BD50761963,,,,Bhangura,BD507619,Pabna,BD5076,Rajshahi,BD50,Bangladesh,BD,2015-01-01,2020-11-13,,30.1129077743335
Khandarpar,BD30355855,,,,Muksudpur,BD303558,Gopalganj,BD3035,Dhaka,BD30,Bangladesh,BD,2015-01-01,2020-11-13,,13.6724998726213
Khanganj,BD30827645,,,,Rajbari Sadar,BD308276,Rajbari,BD3082,Dhaka,BD30,Bangladesh,BD,2015-01-01,2020-11-13,,19.9116035043503
Khangaon,BD55948260,,,,Pirganj,BD559482,Thakurgaon,BD5594,Rangpur,BD55,Bangladesh,BD,2015-01-01,2020-11-13,,33.0752540214696
Khanjapur,BD10063255,,,,Gaurnadi,BD100632,Barisal,BD1006,Barisal,BD10,Bangladesh,BD,2015-01-01,2020-11-13,,21.0711569252681
Khankhanabad,BD20150856,,,,Banshkhali,BD201508,Chittagong,BD2015,Chittagong,BD20,Bangladesh,BD,2015-01-01,2020-11-13,,18.3987958334433
Khankhanapur,BD30827643,,,,Rajbari Sadar,BD308276,Rajbari,BD3082,Dhaka,BD30,Bangladesh,BD,2015-01-01,2020-11-13,,16.8096672891891
Khanpur,BD40010877,,,,Bagerhat Sadar,BD400108,Bagerhat,BD4001,Khulna,BD40,Bangladesh,BD,2015-01-01,2020-11-13,,21.420235764976
Khanpur,BD40416150,,,,Manirampur,BD404161,Jessore,BD4041,Khulna,BD40,Bangladesh,BD,2015-01-01,2020-11-13,,26.4054711950912
Khanpur,BD50108847,,,,Sherpur,BD501088,Bogra,BD5010,Rajshahi,BD50,Bangladesh,BD,2015-01-01,2020-11-13,,29.8317073910107
Khanpur,BD55271071,,,,Birampur,BD552710,Dinajpur,BD5527,Rangpur,BD55,Bangladesh,BD,2015-01-01,2020-11-13,,39.4811230017818
Khaprabhanga,BD10786623,,,,Kala Para,BD107866,Patuakhali,BD1078,Barisal,BD10,Bangladesh,BD,2015-01-01,2020-11-13,,25.9714347488931
Kharana,BD20156170,,,,Patiya,BD201561,Chittagong,BD2015,Chittagong,BD20,Bangladesh,BD,2015-01-01,2020-11-13,,6.13442300956357
Kharia Kazir Char,BD45899055,,,,Sreebardi,BD458990,Sherpur,BD4589,Mymensingh,BD45,Bangladesh,BD,2015-01-01,2020-11-13,,23.1647256603995
Kharna,BD50108538,,,,Shajahanpur,BD501085,Bogra,BD5010,Rajshahi,BD50,Bangladesh,BD,2015-01-01,2020-11-13,,37.6548089707313
Kharnai,BD45724047,,,,Kalmakanda,BD457240,Netrakona,BD4572,Mymensingh,BD45,Bangladesh,BD,2015-01-01,2020-11-13,,41.2927630059176
Kharnia,BD40473040,,,,Dumuria,BD404730,Khulna,BD4047,Khulna,BD40,Bangladesh,BD,2015-01-01,2020-11-13,,21.1584779160191
Kharua,BD45617247,,,,Nandail,BD456172,Mymensingh,BD4561,Mymensingh,BD45,Bangladesh,BD,2015-01-01,2020-11-13,,24.4561469921561
Khas Kanakpur,BD60919438,,,,Zakiganj,BD609194,Sylhet,BD6091,Sylhet,BD60,Bangladesh,BD,2015-01-01,2020-11-13,,18.8082158628309
Khas Kaulia,BD50882727,,,,Chauhali,BD508827,Sirajganj,BD5088,Rajshahi,BD50,Bangladesh,BD,2015-01-01,2020-11-13,,20.2083225769589
Khas Pukuria,BD50882731,,,,Chauhali,BD508827,Sirajganj,BD5088,Rajshahi,BD50,Bangladesh,BD,2015-01-01,2020-11-13,,20.9897281175382
Khas Rajbari,BD50885043,,,,Kazipur,BD508850,Sirajganj,BD5088,Rajshahi,BD50,Bangladesh,BD,2015-01-01,2020-11-13,,36.6950380059938
Khasial,BD40652863,,,,Kalia,BD406528,Narail,BD4065,Khulna,BD40,Bangladesh,BD,2015-01-01,2020-11-13,,20.0006933843236
Khaskara,BD40180779,,,,Alamdanga,BD401807,Chuadanga,BD4018,Khulna,BD40,Bangladesh,BD,2015-01-01,2020-11-13,,28.279966043105
Khata Madhupur,BD55738554,,,,Saidpur,BD557385,Nilphamari,BD5573,Rangpur,BD55,Bangladesh,BD,2015-01-01,2020-11-13,,20.0300619923749
Khatkhal,BD30485954,,,,Mithamain,BD304859,Kishoreganj,BD3048,Dhaka,BD30,Bangladesh,BD,2015-01-01,2020-11-13,,25.080071283964
Khatta Madhab Para,BD55274781,,,,Hakimpur,BD552747,Dinajpur,BD5527,Rangpur,BD55,Bangladesh,BD,2015-01-01,2020-11-13,,16.5691394603283
Khatu Para,BD50767269,,,,Santhia,BD507672,Pabna,BD5076,Rajshahi,BD50,Bangladesh,BD,2015-01-01,2020-11-13,,36.5668471671353
Khayerbari,BD55273876,,,,Fulbari,BD552738,Dinajpur,BD5527,Rangpur,BD55,Bangladesh,BD,2015-01-01,2020-11-13,,13.6621534597755
Khayerpur Abdullahpur,BD30480283,,,,Austagram,BD304802,Kishoreganj,BD3048,Dhaka,BD30,Bangladesh,BD,2015-01-01,2020-11-13,,57.6758350298708
Khazanchigaon,BD60912063,,,,Bishwanath,BD609120,Sylhet,BD6091,Sylhet,BD60,Bangladesh,BD,2015-01-01,2020-11-13,,33.2245554115855
Kheda Para,BD40416155,,,,Manirampur,BD404161,Jessore,BD4041,Khulna,BD40,Bangladesh,BD,2015-01-01,2020-11-13,,32.8594270440846
Khelna,BD50642877,,,,Dhamoirhat,BD506428,Naogaon,BD5064,Rajshahi,BD50,Bangladesh,BD,2015-01-01,2020-11-13,,35.8486758907663
Kherera,BD20126365,,,,Kasba,BD201263,Brahamanbaria,BD2012,Chittagong,BD20,Bangladesh,BD,2015-01-01,2020-11-13,,12.0739999529052
Kheruajani,BD45616560,,,,Muktagachha,BD456165,Mymensingh,BD4561,Mymensingh,BD45,Bangladesh,BD,2015-01-01,2020-11-13,,28.7192429493522
Khesra,BD40879047,,,,Tala,BD408790,Satkhira,BD4087,Khulna,BD40,Bangladesh,BD,2015-01-01,2020-11-13,,47.8758819057751
Khetlal,BD50386147,,,,Khetlal,BD503861,Joypurhat,BD5038,Rajshahi,BD50,Bangladesh,BD,2015-01-01,2020-11-13,,22.4570320673923
Khidir Para,BD30594463,,,,Lohajang,BD305944,Munshiganj,BD3059,Dhaka,BD30,Bangladesh,BD,2015-01-01,2020-11-13,,15.786257475171
Khidirpur,BD30685274,,,,Manohardi,BD306852,Narsingdi,BD3068,Dhaka,BD30,Bangladesh,BD,2015-01-01,2020-11-13,,20.2948417191207
Khil Para,BD20751028,,,,Chatkhil,BD207510,Noakhali,BD2075,Chittagong,BD20,Bangladesh,BD,2015-01-01,2020-11-13,,16.9715485744879
Khila,BD20197453,,,,Manoharganj,BD201974,Comilla,BD2019,Chittagong,BD20,Bangladesh,BD,2015-01-01,2020-11-13,,16.2754902638695
Khiram,BD20153355,,,,Fatikchhari,BD201533,Chittagong,BD2015,Chittagong,BD20,Bangladesh,BD,2015-01-01,2020-11-13,,30.3012723215825
Khoajpur,BD30545453,,,,Madaripur Sadar,BD305454,Madaripur,BD3054,Dhaka,BD30,Bangladesh,BD,2015-01-01,2020-11-13,,26.480771918216
Khoga Kharibari,BD55731257,,,,Dimla,BD557312,Nilphamari,BD5573,Rangpur,BD55,Bangladesh,BD,2015-01-01,2020-11-13,,23.139713009319
Khoksa,BD40506347,,,,Khoksa,BD405063,Kushtia,BD4050,Khulna,BD40,Bangladesh,BD,2015-01-01,2020-11-13,,3.61457882745231
Khoksa Paurashava,BD40506399,,,,Khoksa,BD405063,Kushtia,BD4050,Khulna,BD40,Bangladesh,BD,2015-01-01,2020-11-13,,10.3608139643162
Khoksabari,BD50887843,,,,Sirajganj Sadar,BD508878,Sirajganj,BD5088,Rajshahi,BD50,Bangladesh,BD,2015-01-01,2020-11-13,,18.0070787523869
Khokshabari,BD55736444,,,,Nilphamari Sadar,BD557364,Nilphamari,BD5573,Rangpur,BD55,Bangladesh,BD,2015-01-01,2020-11-13,,27.3789120026495
Kholachhara,BD60919457,,,,Zakiganj,BD609194,Sylhet,BD6091,Sylhet,BD60,Bangladesh,BD,2015-01-01,2020-11-13,,31.5515171315674
Kholahati,BD55322458,,,,Gaibandha Sadar,BD553224,Gaibandha,BD5532,Rangpur,BD55,Bangladesh,BD,2015-01-01,2020-11-13,,18.5838154684984
Khontakata,BD40017738,,,,Sarankhola,BD400177,Bagerhat,BD4001,Khulna,BD40,Bangladesh,BD,2015-01-01,2020-11-13,,38.251174187483
Khoragachh,BD55855865,,,,Mitha Pukur,BD558558,Rangpur,BD5585,Rangpur,BD55,Bangladesh,BD,2015-01-01,2020-11-13,,34.885726921961
Khotta Para,BD50108543,,,,Shajahanpur,BD501085,Bogra,BD5010,Rajshahi,BD50,Bangladesh,BD,2015-01-01,2020-11-13,,15.1533843097973
Khubjipur,BD50694160,,,,Gurudaspur,BD506941,Natore,BD5069,Rajshahi,BD50,Bangladesh,BD,2015-01-01,2020-11-13,,21.0722498871199
Khukni,BD50886751,,,,Shahjadpur,BD508867,Sirajganj,BD5088,Rajshahi,BD50,Bangladesh,BD,2015-01-01,2020-11-13,,13.6454243927775
Khulna Range,BD40471797,,,,Dacope,BD404717,Khulna,BD4047,Khulna,BD40,Bangladesh,BD,2015-01-01,2020-11-13,,501.83967691637
Khuniagachh,BD55525543,,,,Lalmonirhat Sadar,BD555255,Lalmonirhat,BD5552,Rangpur,BD55,Bangladesh,BD,2015-01-01,2020-11-13,,26.9944329212787
Khuniapalong,BD20226657,,,,Ramu,BD202266,Cox's Bazar,BD2022,Chittagong,BD20,Bangladesh,BD,2015-01-01,2020-11-13,,75.47176840296561
Khuntakhali,BD20221667,,,,Chakaria,BD202216,Cox's Bazar,BD2022,Chittagong,BD20,Bangladesh,BD,2015-01-01,2020-11-13,,81.0861728184202
Khuolia,BD40016059,,,,Morrelganj,BD400160,Bagerhat,BD4001,Khulna,BD40,Bangladesh,BD,2015-01-01,2020-11-13,,42.9622476032025
Khurda Kamarpur,BD55328269,,,,Sadullapur,BD553282,Gaibandha,BD5532,Rangpur,BD55,Bangladesh,BD,2015-01-01,2020-11-13,,12.1640001628126
Khurushkul,BD20222459,,,,Cox's Bazar Sadar,BD202224,Cox's Bazar,BD2022,Chittagong,BD20,Bangladesh,BD,2015-01-01,2020-11-13,,27.8841568594369
Khutamara,BD55733665,,,,Jaldhaka,BD557336,Nilphamari,BD5573,Rangpur,BD55,Bangladesh,BD,2015-01-01,2020-11-13,,28.6275883784532
Kichak,BD50109439,,,,Shibganj,BD501094,Bogra,BD5010,Rajshahi,BD50,Bangladesh,BD,2015-01-01,2020-11-13,,27.7925525721617
Kiratan,BD30484271,,,,Karimganj,BD304842,Kishoreganj,BD3048,Dhaka,BD30,Bangladesh,BD,2015-01-01,2020-11-13,,5.1776367933362
Kirtipasha,BD10424066,,,,Jhalokati Sadar,BD104240,Jhalokati,BD1042,Barisal,BD10,Bangladesh,BD,2015-01-01,2020-11-13,,18.8510538183705
Kirtipur,BD50646073,,,,Naogaon Sadar,BD506460,Naogaon,BD5064,Rajshahi,BD50,Bangladesh,BD,2015-01-01,2020-11-13,,17.0436198522512
Kishoreganj,BD55734551,,,,Kishoreganj,BD557345,Nilphamari,BD5573,Rangpur,BD55,Bangladesh,BD,2015-01-01,2020-11-13,,24.0875440236409
Kishoreganj Paurashava,BD30484999,,,,Kishoreganj Sadar,BD304849,Kishoreganj,BD3048,Dhaka,BD30,Bangladesh,BD,2015-01-01,2020-11-13,,15.8718175056988
Kishoregari,BD55326747,,,,Palashbari,BD553267,Gaibandha,BD5532,Rangpur,BD55,Bangladesh,BD,2015-01-01,2020-11-13,,33.9629970821901
Kismat Gankair,BD50813159,,,,Durgapur,BD508131,Rajshahi,BD5081,Rajshahi,BD50,Bangladesh,BD,2015-01-01,2020-11-13,,22.7414042414356
Kochasahar,BD55323044,,,,Gobindaganj,BD553230,Gaibandha,BD5532,Rangpur,BD55,Bangladesh,BD,2015-01-01,2020-11-13,,19.6854903247441
Kodailkati,BD55490857,,,,Char Rajibpur,BD554908,Kurigram,BD5549,Rangpur,BD55,Bangladesh,BD,2015-01-01,2020-11-13,,26.2078195985383
Kodala,BD20157030,,,,Rangunia,BD201570,Chittagong,BD2015,Chittagong,BD20,Bangladesh,BD,2015-01-01,2020-11-13,,24.3730176320893
Kodalia,BD40015676,,,,Mollahat,BD400156,Bagerhat,BD4001,Khulna,BD40,Bangladesh,BD,2015-01-01,2020-11-13,,29.9456437060338
Kodalia Shohidnagar,BD30296267,,,,Nagarkanda,BD302962,Faridpur,BD3029,Dhaka,BD30,Bangladesh,BD,2015-01-01,2020-11-13,,15.3354166697112
Kodalpur,BD30863647,,,,Gosairhat,BD308636,Shariatpur,BD3086,Dhaka,BD30,Bangladesh,BD,2015-01-01,2020-11-13,,19.3967169879743
Kok Dahara,BD30934758,,,,Kalihati,BD309347,Tangail,BD3093,Dhaka,BD30,Bangladesh,BD,2015-01-01,2020-11-13,,20.5891426105015
Kola,BD30597454,,,,Serajdikhan,BD305974,Munshiganj,BD3059,Dhaka,BD30,Bangladesh,BD,2015-01-01,2020-11-13,,7.057795983138799
Kola,BD40443347,,,,Kaliganj,BD404433,Jhenaidah,BD4044,Khulna,BD40,Bangladesh,BD,2015-01-01,2020-11-13,,32.6947243732681
Kola,BD50640663,,,,Badalgachhi,BD506406,Naogaon,BD5064,Rajshahi,BD50,Bangladesh,BD,2015-01-01,2020-11-13,,20.921109345871
Kola Para,BD30598447,,,,Sreenagar,BD305984,Munshiganj,BD3059,Dhaka,BD30,Bangladesh,BD,2015-01-01,2020-11-13,,10.2615799830455
Kolagaon,BD20156173,,,,Patiya,BD201561,Chittagong,BD2015,Chittagong,BD20,Bangladesh,BD,2015-01-01,2020-11-13,,10.7444484923283
Kolkanda,BD55852763,,,,Gangachara,BD558527,Rangpur,BD5585,Rangpur,BD55,Bangladesh,BD,2015-01-01,2020-11-13,,32.5261773876934
Konabari,BD30333060,,,,Gazipur Sadar,BD303330,Gazipur,BD3033,Dhaka,BD30,Bangladesh,BD,2015-01-01,2020-11-13,,18.2117115427226
Konakhali,BD20221669,,,,Chakaria,BD202216,Cox's Bazar,BD2022,Chittagong,BD20,Bangladesh,BD,2015-01-01,2020-11-13,,9.59709175177627
Konda,BD30263843,,,,Keraniganj,BD302638,Dhaka,BD3026,Dhaka,BD30,Bangladesh,BD,2015-01-01,2020-11-13,,28.7292619885276
Korsha Kariail,BD30484951,,,,Kishoreganj Sadar,BD304849,Kishoreganj,BD3048,Dhaka,BD30,Bangladesh,BD,2015-01-01,2020-11-13,,16.4770022670121
Kotakul,BD40655239,,,,Lohagara,BD406552,Narail,BD4065,Khulna,BD40,Bangladesh,BD,2015-01-01,2020-11-13,,16.8751387485918
Kotalipara Paurashava,BD30355199,,,,Kotali Para,BD303551,Gopalganj,BD3035,Dhaka,BD30,Bangladesh,BD,2015-01-01,2020-11-13,,1.78926611079613
Kotchandpur Paurashava,BD40444299,,,,Kotchandpur,BD404442,Jhenaidah,BD4044,Khulna,BD40,Bangladesh,BD,2015-01-01,2020-11-13,,18.0055393846631
Koyra,BD40475355,,,,Koyra,BD404753,Khulna,BD4047,Khulna,BD40,Bangladesh,BD,2015-01-01,2020-11-13,,32.7776130350701
Krishnanagar,BD20128545,,,,Nabinagar,BD201285,Brahamanbaria,BD2012,Chittagong,BD20,Bangladesh,BD,2015-01-01,2020-11-13,,22.873891282655
Krishnanagar,BD30294771,,,,Faridpur Sadar,BD302947,Faridpur,BD3029,Dhaka,BD30,Bangladesh,BD,2015-01-01,2020-11-13,,41.6846134404552
Krishnanagar,BD40874747,,,,Kaliganj,BD408747,Satkhira,BD4087,Khulna,BD40,Bangladesh,BD,2015-01-01,2020-11-13,,26.1401827509682
Krishnapur,BD30298466,,,,Sadarpur,BD302984,Faridpur,BD3029,Dhaka,BD30,Bangladesh,BD,2015-01-01,2020-11-13,,28.2672040295915
Krishnapur,BD30564671,,,,Manikganj Sadar,BD305646,Manikganj,BD3056,Dhaka,BD30,Bangladesh,BD,2015-01-01,2020-11-13,,30.1490763973538
Krishnapur,BD45723854,,,,Khaliajuri,BD457238,Netrakona,BD4572,Mymensingh,BD45,Bangladesh,BD,2015-01-01,2020-11-13,,24.9621115199852
Krishnapur,BD50647543,,,,Patnitala,BD506475,Naogaon,BD5064,Rajshahi,BD50,Bangladesh,BD,2015-01-01,2020-11-13,,40.2790189457711
Kuchai,BD60913145,,,,Dakshin Surma,BD609131,Sylhet,BD6091,Sylhet,BD60,Bangladesh,BD,2015-01-01,2020-11-13,,14.5685858123784
Kuchaipatti,BD30863651,,,,Gosairhat,BD308636,Shariatpur,BD3086,Dhaka,BD30,Bangladesh,BD,2015-01-01,2020-11-13,,20.9432977691278
Kuchiamora,BD40555767,,,,Magura Sadar,BD405557,Magura,BD4055,Khulna,BD40,Bangladesh,BD,2015-01-01,2020-11-13,,38.8863657998484
Kuchlibari,BD55527054,,,,Patgram,BD555270,Lalmonirhat,BD5552,Rangpur,BD55,Bangladesh,BD,2015-01-01,2020-11-13,,28.1732672732068
Kuhalong,BD20031431,,,,Bandarban Sadar,BD200314,Bandarban,BD2003,Chittagong,BD20,Bangladesh,BD,2015-01-01,2020-11-13,,73.9279295312251
Kukua,BD10040987,,,,Amtali,BD100409,Barguna,BD1004,Barisal,BD10,Bangladesh,BD,2015-01-01,2020-11-13,,36.0604370962667
Kukutia,BD30598454,,,,Sreenagar,BD305984,Munshiganj,BD3059,Dhaka,BD30,Bangladesh,BD,2015-01-01,2020-11-13,,17.0159897479106
Kulaghat,BD55525551,,,,Lalmonirhat Sadar,BD555255,Lalmonirhat,BD5552,Rangpur,BD55,Bangladesh,BD,2015-01-01,2020-11-13,,29.9112906754018
Kulanj,BD60902957,,,,Derai,BD609029,Sunamganj,BD6090,Sylhet,BD60,Bangladesh,BD,2015-01-01,2020-11-13,,55.2146905043657
Kulaura,BD60586565,,,,Kulaura,BD605865,Maulvibazar,BD6058,Sylhet,BD60,Bangladesh,BD,2015-01-01,2020-11-13,,22.5953070699034
Kulaura Paurashava,BD60586599,,,,Kulaura,BD605865,Maulvibazar,BD6058,Sylhet,BD60,Bangladesh,BD,2015-01-01,2020-11-13,,7.93025354215378
Kulia,BD40015685,,,,Mollahat,BD400156,Bagerhat,BD4001,Khulna,BD40,Bangladesh,BD,2015-01-01,2020-11-13,,17.76308664761
Kulia,BD40872531,,,,Debhata,BD408725,Satkhira,BD4087,Khulna,BD40,Bangladesh,BD,2015-01-01,2020-11-13,,56.7220888417679
Kulia,BD45396166,,,,Melandaha,BD453961,Jamalpur,BD4539,Mymensingh,BD45,Bangladesh,BD,2015-01-01,2020-11-13,,21.4683226684591
Kuliar Char Paurashava,BD30485499,,,,Kuliar Char,BD304854,Kishoreganj,BD3048,Dhaka,BD30,Bangladesh,BD,2015-01-01,2020-11-13,,8.19448834713652
Kulkandi,BD45392963,,,,Islampur,BD453929,Jamalpur,BD4539,Mymensingh,BD45,Bangladesh,BD,2015-01-01,2020-11-13,,28.5015790586948
Kulkati,BD10427321,,,,Nalchity,BD104273,Jhalokati,BD1042,Barisal,BD10,Bangladesh,BD,2015-01-01,2020-11-13,,19.2649858484518
Kulla,BD30261453,,,,Dhamrai,BD302614,Dhaka,BD3026,Dhaka,BD30,Bangladesh,BD,2015-01-01,2020-11-13,,34.683669598506
Kulla,BD40870469,,,,Assasuni,BD408704,Satkhira,BD4087,Khulna,BD40,Bangladesh,BD,2015-01-01,2020-11-13,,32.5108549454875
Kullagora,BD45721886,,,,Durgapur,BD457218,Netrakona,BD4572,Mymensingh,BD45,Bangladesh,BD,2015-01-01,2020-11-13,,37.5767861696085
Kultia,BD40416161,,,,Manirampur,BD404161,Jessore,BD4041,Khulna,BD40,Bangladesh,BD,2015-01-01,2020-11-13,,29.6534595234497
Kumar Para,BD55328277,,,,Sadullapur,BD553282,Gaibandha,BD5532,Rangpur,BD55,Bangladesh,BD,2015-01-01,2020-11-13,,20.6658822567878
Kumarbhog,BD30594471,,,,Lohajang,BD305944,Munshiganj,BD3059,Dhaka,BD30,Bangladesh,BD,2015-01-01,2020-11-13,,10.3093096198774
Kumarghata,BD45616569,,,,Muktagachha,BD456165,Mymensingh,BD4561,Mymensingh,BD45,Bangladesh,BD,2015-01-01,2020-11-13,,25.9448207435306
Kumari,BD40180787,,,,Alamdanga,BD401807,Chuadanga,BD4018,Khulna,BD40,Bangladesh,BD,2015-01-01,2020-11-13,,20.2713261431329
Kumarkhali Paurashava,BD40507199,,,,Kumarkhali,BD405071,Kushtia,BD4050,Khulna,BD40,Bangladesh,BD,2015-01-01,2020-11-13,,3.12845893197449
Kumedpur,BD55857654,,,,Pirganj,BD558576,Rangpur,BD5585,Rangpur,BD55,Bangladesh,BD,2015-01-01,2020-11-13,,22.7882684591592
Kumira,BD20158647,,,,Sitakunda,BD201586,Chittagong,BD2015,Chittagong,BD20,Bangladesh,BD,2015-01-01,2020-11-13,,33.1630800092141
Kumira,BD40879055,,,,Tala,BD408790,Satkhira,BD4087,Khulna,BD40,Bangladesh,BD,2015-01-01,2020-11-13,,19.357998527717
Kumrabaria,BD40441947,,,,Jhenaidah Sadar,BD404419,Jhenaidah,BD4044,Khulna,BD40,Bangladesh,BD,2015-01-01,2020-11-13,,23.2547466415056
Kunda,BD20129080,,,,Nasirnagar,BD201290,Brahamanbaria,BD2012,Chittagong,BD20,Bangladesh,BD,2015-01-01,2020-11-13,,30.8596144317882
Kunda Pukur,BD55736450,,,,Nilphamari Sadar,BD557364,Nilphamari,BD5573,Rangpur,BD55,Bangladesh,BD,2015-01-01,2020-11-13,,27.018919042318
Kundagram,BD50100654,,,,Adamdighi,BD501006,Bogra,BD5010,Rajshahi,BD50,Bangladesh,BD,2015-01-01,2020-11-13,,30.1900375194823
Kunder Char,BD30869451,,,,Zanjira,BD308694,Shariatpur,BD3086,Dhaka,BD30,Bangladesh,BD,2015-01-01,2020-11-13,,38.09545702460201
Kunia,BD30545459,,,,Madaripur Sadar,BD305454,Madaripur,BD3054,Dhaka,BD30,Bangladesh,BD,2015-01-01,2020-11-13,,15.9705153748595
Kuptala,BD55322465,,,,Gaibandha Sadar,BD553224,Gaibandha,BD5532,Rangpur,BD55,Bangladesh,BD,2015-01-01,2020-11-13,,21.6522882397718
Kuralgachhi,BD40183171,,,,Damurhuda,BD401831,Chuadanga,BD4018,Khulna,BD40,Bangladesh,BD,2015-01-01,2020-11-13,,37.9986869216157
Kurar Bazar,BD60911743,,,,Beani Bazar,BD609117,Sylhet,BD6091,Sylhet,BD60,Bangladesh,BD,2015-01-01,2020-11-13,,15.4236448809238
Kurikahania,BD45899063,,,,Sreebardi,BD458990,Sherpur,BD4589,Mymensingh,BD45,Bangladesh,BD,2015-01-01,2020-11-13,,17.1213759865857
Kursha,BD40509458,,,,Mirpur,BD405094,Kushtia,BD4050,Khulna,BD40,Bangladesh,BD,2015-01-01,2020-11-13,,24.4919543737362
Kursha,BD55854240,,,,Kaunia,BD558542,Rangpur,BD5585,Rangpur,BD55,Bangladesh,BD,2015-01-01,2020-11-13,,28.7662638819619
Kursha,BD55859271,,,,Taraganj,BD558592,Rangpur,BD5585,Rangpur,BD55,Bangladesh,BD,2015-01-01,2020-11-13,,23.6926519900508
Kurshi,BD60367773,,,,Nabiganj,BD603677,Habiganj,BD6036,Sylhet,BD60,Bangladesh,BD,2015-01-01,2020-11-13,,29.9114776417374
Kusanghal,BD10427331,,,,Nalchity,BD104273,Jhalokati,BD1042,Barisal,BD10,Bangladesh,BD,2015-01-01,2020-11-13,,18.0712925940395
Kusha Raniganj,BD55948269,,,,Pirganj,BD559482,Thakurgaon,BD5594,Rangpur,BD55,Bangladesh,BD,2015-01-01,2020-11-13,,34.3757778455377
Kushadanga,BD40874379,,,,Kalaroa,BD408743,Satkhira,BD4087,Khulna,BD40,Bangladesh,BD,2015-01-01,2020-11-13,,20.134735398822
Kushakhali,BD20514355,,,,Lakshmipur Sadar,BD205143,Lakshmipur,BD2051,Chittagong,BD20,Bangladesh,BD,2015-01-01,2020-11-13,,30.9626384644076
Kushdaha,BD55276969,,,,Nawabganj,BD552769,Dinajpur,BD5527,Rangpur,BD55,Bangladesh,BD,2015-01-01,2020-11-13,,45.2154749868983
Kushiram Belpukur,BD55738567,,,,Saidpur,BD557385,Nilphamari,BD5573,Rangpur,BD55,Bangladesh,BD,2015-01-01,2020-11-13,,21.6808095946333
Kushla,BD30355155,,,,Kotali Para,BD303551,Gopalganj,BD3035,Dhaka,BD30,Bangladesh,BD,2015-01-01,2020-11-13,,27.264639278688
Kushli,BD30359166,,,,Tungi Para,BD303591,Gopalganj,BD3035,Dhaka,BD30,Bangladesh,BD,2015-01-01,2020-11-13,,17.5214856653763
Kushlia,BD40874755,,,,Kaliganj,BD408747,Satkhira,BD4087,Khulna,BD40,Bangladesh,BD,2015-01-01,2020-11-13,,21.3498338528749
Kushmail,BD45612059,,,,Fulbaria,BD456120,Mymensingh,BD4561,Mymensingh,BD45,Bangladesh,BD,2015-01-01,2020-11-13,,31.3935556991998
Kushna,BD40444267,,,,Kotchandpur,BD404442,Jhenaidah,BD4044,Khulna,BD40,Bangladesh,BD,2015-01-01,2020-11-13,,33.692234009527
Kushtia,BD45615274,,,,Mymensingh Sadar,BD456152,Mymensingh,BD4561,Mymensingh,BD45,Bangladesh,BD,2015-01-01,2020-11-13,,26.2188657701394
Kushtia Paurashava,BD40507999,,,,Kushtia Sadar,BD405079,Kushtia,BD4050,Khulna,BD40,Bangladesh,BD,2015-01-01,2020-11-13,,11.9560445149677
Kushumhati,BD30261821,,,,Dohar,BD302618,Dhaka,BD3026,Dhaka,BD30,Bangladesh,BD,2015-01-01,2020-11-13,,18.054989645687
Kushura,BD30261459,,,,Dhamrai,BD302614,Dhaka,BD3026,Dhaka,BD30,Bangladesh,BD,2015-01-01,2020-11-13,,24.5134365051558
Kuskhali,BD40878274,,,,Satkhira Sadar,BD408782,Satkhira,BD4087,Khulna,BD40,Bangladesh,BD,2015-01-01,2020-11-13,,25.077102827538
Kusumba,BD50387473,,,,Panchbibi,BD503874,Joypurhat,BD5038,Rajshahi,BD50,Bangladesh,BD,2015-01-01,2020-11-13,,50.6397280556488
Kusumba,BD50644754,,,,Manda,BD506447,Naogaon,BD5064,Rajshahi,BD50,Bangladesh,BD,2015-01-01,2020-11-13,,29.5714768348955
Kusumbi,BD50108857,,,,Sherpur,BD501088,Bogra,BD5010,Rajshahi,BD50,Bangladesh,BD,2015-01-01,2020-11-13,,40.5106206320273
Kusumpura,BD20156176,,,,Patiya,BD201561,Chittagong,BD2015,Chittagong,BD20,Bangladesh,BD,2015-01-01,2020-11-13,,9.971532695286989
Kutba,BD10092157,,,,Burhanuddin,BD100921,Bhola,BD1009,Barisal,BD10,Bangladesh,BD,2015-01-01,2020-11-13,,15.5449803156831
Kuti,BD20126369,,,,Kasba,BD201263,Brahamanbaria,BD2012,Chittagong,BD20,Bangladesh,BD,2015-01-01,2020-11-13,,10.215965927324
Kutubjom,BD20224962,,,,Maheshkhali,BD202249,Cox's Bazar,BD2022,Chittagong,BD20,Bangladesh,BD,2015-01-01,2020-11-13,,30.5083096125137
Kutubpur,BD20750766,,,,Begumganj,BD207507,Noakhali,BD2075,Chittagong,BD20,Bangladesh,BD,2015-01-01,2020-11-13,,11.9831880757506
Kutubpur,BD30548758,,,,Shib Char,BD305487,Madaripur,BD3054,Dhaka,BD30,Bangladesh,BD,2015-01-01,2020-11-13,,15.1864176471493
Kutubpur,BD30675879,,,,Narayanganj Sadar,BD306758,Narayanganj,BD3067,Dhaka,BD30,Bangladesh,BD,2015-01-01,2020-11-13,,13.6661494685066
Kutubpur,BD40182347,,,,Chuadanga Sadar,BD401823,Chuadanga,BD4018,Khulna,BD40,Bangladesh,BD,2015-01-01,2020-11-13,,42.4819602742148
Kutubpur,BD40578757,,,,Meherpur Sadar,BD405787,Meherpur,BD4057,Khulna,BD40,Bangladesh,BD,2015-01-01,2020-11-13,,55.6014227850563
Kutubpur,BD50108163,,,,Sariakandi,BD501081,Bogra,BD5010,Rajshahi,BD50,Bangladesh,BD,2015-01-01,2020-11-13,,19.6243636304537
Kutubpur,BD55850363,,,,Badarganj,BD558503,Rangpur,BD5585,Rangpur,BD55,Bangladesh,BD,2015-01-01,2020-11-13,,27.4726105169787
Kutuk Chhari,BD20848754,,,,Rangamati Sadar,BD208487,Rangamati,BD2084,Chittagong,BD20,Bangladesh,BD,2015-01-01,2020-11-13,,55.8993918887401
Kytola,BD50761647,,,,Bera,BD507616,Pabna,BD5076,Rajshahi,BD50,Bangladesh,BD,2015-01-01,2020-11-13,,10.1530423252581
Labsa,BD40878281,,,,Satkhira Sadar,BD408782,Satkhira,BD4087,Khulna,BD40,Bangladesh,BD,2015-01-01,2020-11-13,,21.7067990433311
Laharkandi,BD20514360,,,,Lakshmipur Sadar,BD205143,Lakshmipur,BD2051,Chittagong,BD20,Bangladesh,BD,2015-01-01,2020-11-13,,20.3955351758067
Lahiri Para,BD50102047,,,,Bogra Sadar,BD501020,Bogra,BD5010,Rajshahi,BD50,Bangladesh,BD,2015-01-01,2020-11-13,,17.9864784957954
Lahuria,BD40655247,,,,Lohagara,BD406552,Narail,BD4065,Khulna,BD40,Bangladesh,BD,2015-01-01,2020-11-13,,32.0837654603223
Lakhai,BD60366854,,,,Lakhai,BD603668,Habiganj,BD6036,Sylhet,BD60,Bangladesh,BD,2015-01-01,2020-11-13,,48.17269791231
Lakher Para,BD30932877,,,,Ghatail,BD309328,Tangail,BD3093,Dhaka,BD30,Bangladesh,BD,2015-01-01,2020-11-13,,18.3526135889968
Lakhpur,BD40013442,,,,Fakirhat,BD400134,Bagerhat,BD4001,Khulna,BD40,Bangladesh,BD,2015-01-01,2020-11-13,,19.0181080950632
Lakhyarchar,BD20221672,,,,Chakaria,BD202216,Cox's Bazar,BD2022,Chittagong,BD20,Bangladesh,BD,2015-01-01,2020-11-13,,4.67939827662979
Laksam,BD20197252,,,,Laksam,BD201972,Comilla,BD2019,Chittagong,BD20,Bangladesh,BD,2015-01-01,2020-11-13,,11.2813596172932
Laksam Paurashava,BD20197299,,,,Laksam,BD201972,Comilla,BD2019,Chittagong,BD20,Bangladesh,BD,2015-01-01,2020-11-13,,20.0516015296265
Lakshanaband,BD60913869,,,,Golabganj,BD609138,Sylhet,BD6091,Sylhet,BD60,Bangladesh,BD,2015-01-01,2020-11-13,,37.9366039879143
Lakshmanpur,BD20197459,,,,Manoharganj,BD201974,Comilla,BD2019,Chittagong,BD20,Bangladesh,BD,2015-01-01,2020-11-13,,11.7404385936038
Lakshmanpur,BD40419060,,,,Sharsha,BD404190,Jessore,BD4041,Khulna,BD40,Bangladesh,BD,2015-01-01,2020-11-13,,26.0422924576683
Lakshmanpur,BD45898874,,,,Sherpur Sadar,BD458988,Sherpur,BD4589,Mymensingh,BD45,Bangladesh,BD,2015-01-01,2020-11-13,,18.8949665861484
Lakshmansree,BD60908939,,,,Sunamganj Sadar,BD609089,Sunamganj,BD6090,Sylhet,BD60,Bangladesh,BD,2015-01-01,2020-11-13,,33.6795212946574
Lakshmi Chap,BD55736473,,,,Nilphamari Sadar,BD557364,Nilphamari,BD5573,Rangpur,BD55,Bangladesh,BD,2015-01-01,2020-11-13,,22.9664365176518
Lakshmi Pasha,BD60913860,,,,Golabganj,BD609138,Sylhet,BD6091,Sylhet,BD60,Bangladesh,BD,2015-01-01,2020-11-13,,18.9456621725193
Lakshmichhari,BD20466171,,,,Lakshmichhari,BD204661,Khagrachhari,BD2046,Chittagong,BD20,Bangladesh,BD,2015-01-01,2020-11-13,,89.6031912091984
Lakshmiganj,BD45727447,,,,Netrokona Sadar,BD457274,Netrakona,BD4572,Mymensingh,BD45,Bangladesh,BD,2015-01-01,2020-11-13,,20.7683710731458
Lakshmikundi,BD50763931,,,,Ishwardi,BD507639,Pabna,BD5076,Rajshahi,BD50,Bangladesh,BD,2015-01-01,2020-11-13,,67.0911202255182
Lakshmipasha,BD40655255,,,,Lohagara,BD406552,Narail,BD4065,Khulna,BD40,Bangladesh,BD,2015-01-01,2020-11-13,,20.4241840914158
Lakshmipur,BD20190982,,,,Barura,BD201909,Comilla,BD2019,Chittagong,BD20,Bangladesh,BD,2015-01-01,2020-11-13,,13.1435420130394
Lakshmipur,BD30544069,,,,Kalkini,BD305440,Madaripur,BD3054,Dhaka,BD30,Bangladesh,BD,2015-01-01,2020-11-13,,21.0837345791001
Lakshmipur,BD50760563,,,,Atgharia,BD507605,Pabna,BD5076,Rajshahi,BD50,Bangladesh,BD,2015-01-01,2020-11-13,,41.2202051230907
Lakshmipur,BD55322473,,,,Gaibandha Sadar,BD553224,Gaibandha,BD5532,Rangpur,BD55,Bangladesh,BD,2015-01-01,2020-11-13,,22.3935956683019
Lakshmipur,BD60903361,,,,Dowarabazar,BD609033,Sunamganj,BD6090,Sylhet,BD60,Bangladesh,BD,2015-01-01,2020-11-13,,32.4818742550828
Lakshmipur Kholabaria,BD50696365,,,,Natore Sadar,BD506963,Natore,BD5069,Rajshahi,BD50,Bangladesh,BD,2015-01-01,2020-11-13,,26.9621402330482
Lakshmipur Paurashava,BD20514399,,,,Lakshmipur Sadar,BD205143,Lakshmipur,BD2051,Chittagong,BD20,Bangladesh,BD,2015-01-01,2020-11-13,,17.2812161386866
Lakshmir Char,BD45393641,,,,Jamalpur Sadar,BD453936,Jamalpur,BD4539,Mymensingh,BD45,Bangladesh,BD,2015-01-01,2020-11-13,,27.7664233446008
Lakshmitari,BD55852773,,,,Gangachara,BD558527,Rangpur,BD5585,Rangpur,BD55,Bangladesh,BD,2015-01-01,2020-11-13,,25.8955087162613
Lal Pur,BD20123342,,,,Ashuganj,BD201233,Brahamanbaria,BD2012,Chittagong,BD20,Bangladesh,BD,2015-01-01,2020-11-13,,7.46052300066487
Lala Bazar,BD60913150,,,,Dakshin Surma,BD609131,Sylhet,BD6091,Sylhet,BD60,Bangladesh,BD,2015-01-01,2020-11-13,,20.622363150456
Lalanagar,BD20157032,,,,Rangunia,BD201570,Chittagong,BD2015,Chittagong,BD20,Bangladesh,BD,2015-01-01,2020-11-13,,6.229415971140551
Lalmohan,BD10095457,,,,Lalmohan,BD100954,Bhola,BD1009,Barisal,BD10,Bangladesh,BD,2015-01-01,2020-11-13,,12.7536774599919
Lalore,BD50699163,,,,Singra,BD506991,Natore,BD5069,Rajshahi,BD50,Bangladesh,BD,2015-01-01,2020-11-13,,30.2303708888207
Lalpur,BD50694485,,,,Lalpur,BD506944,Natore,BD5069,Rajshahi,BD50,Bangladesh,BD,2015-01-01,2020-11-13,,45.6336996369287
Lalua,BD10786635,,,,Kala Para,BD107866,Patuakhali,BD1078,Barisal,BD10,Bangladesh,BD,2015-01-01,2020-11-13,,44.27866404099591
Lama,BD20035163,,,,Lama,BD200351,Bandarban,BD2003,Chittagong,BD20,Bangladesh,BD,2015-01-01,2020-11-13,,117.670308117495
Lama Kazi,BD60912073,,,,Bishwanath,BD609120,Sylhet,BD6091,Sylhet,BD60,Bangladesh,BD,2015-01-01,2020-11-13,,26.4094167833139
Lama Paurashava,BD20035199,,,,Lama,BD200351,Bandarban,BD2003,Chittagong,BD20,Bangladesh,BD,2015-01-01,2020-11-13,,7.586878535537291
Lamatashi,BD60360535,,,,Bahubal,BD603605,Habiganj,BD6036,Sylhet,BD60,Bangladesh,BD,2015-01-01,2020-11-13,,22.3881246059136
Lamchar,BD20516557,,,,Ramganj,BD205165,Lakshmipur,BD2051,Chittagong,BD20,Bangladesh,BD,2015-01-01,2020-11-13,,16.0999725570187
Langadu,BD20845867,,,,Langadu,BD208458,Rangamati,BD2084,Chittagong,BD20,Bangladesh,BD,2015-01-01,2020-11-13,,111.408521555869
Langair,BD45612237,,,,Gaffargaon,BD456122,Mymensingh,BD4561,Mymensingh,BD45,Bangladesh,BD,2015-01-01,2020-11-13,,27.2423959630129
Laskar,BD40476461,,,,Paikgachha,BD404764,Khulna,BD4047,Khulna,BD40,Bangladesh,BD,2015-01-01,2020-11-13,,42.0458249570851
Laskardia,BD30296255,,,,Nagarkanda,BD302962,Faridpur,BD3029,Dhaka,BD30,Bangladesh,BD,2015-01-01,2020-11-13,,26.4944521536172
Laskarpur,BD60364424,,,,Habiganj Sadar,BD603644,Habiganj,BD6036,Sylhet,BD60,Bangladesh,BD,2015-01-01,2020-11-13,,13.0671132603097
Lata,BD10066279,,,,Mehendiganj,BD100662,Barisal,BD1006,Barisal,BD10,Bangladesh,BD,2015-01-01,2020-11-13,,26.0139707339218
Lata,BD40476467,,,,Paikgachha,BD404764,Khulna,BD4047,Khulna,BD40,Bangladesh,BD,2015-01-01,2020-11-13,,48.1151313774347
Lata Chapli,BD10786647,,,,Kala Para,BD107866,Patuakhali,BD1078,Barisal,BD10,Bangladesh,BD,2015-01-01,2020-11-13,,51.6478458498496
Latabdi,BD30597461,,,,Serajdikhan,BD305974,Munshiganj,BD3059,Dhaka,BD30,Bangladesh,BD,2015-01-01,2020-11-13,,14.8664446787975
Latibabad,BD30484960,,,,Kishoreganj Sadar,BD304849,Kishoreganj,BD3048,Dhaka,BD30,Bangladesh,BD,2015-01-01,2020-11-13,,11.1917712922452
Latiban,BD20467738,,,,Panchhari,BD204677,Khagrachhari,BD2046,Chittagong,BD20,Bangladesh,BD,2015-01-01,2020-11-13,,74.0446395999235
Latifpur,BD30353256,,,,Gopalganj Sadar,BD303532,Gopalganj,BD3035,Dhaka,BD30,Bangladesh,BD,2015-01-01,2020-11-13,,6.38316124761916
Latifpur,BD30936667,,,,Mirzapur,BD309366,Tangail,BD3093,Dhaka,BD30,Bangladesh,BD,2015-01-01,2020-11-13,,15.8704383584333
Latifpur,BD55855867,,,,Mitha Pukur,BD558558,Rangpur,BD5585,Rangpur,BD55,Bangladesh,BD,2015-01-01,2020-11-13,,30.9116515182427
Laudubi,BD40471721,,,,Dacope,BD404717,Khulna,BD4047,Khulna,BD40,Bangladesh,BD,2015-01-01,2020-11-13,,13.3786345576751
Lauhati,BD30932365,,,,Delduar,BD309323,Tangail,BD3093,Dhaka,BD30,Bangladesh,BD,2015-01-01,2020-11-13,,26.0631319668757
Laukati,BD10789561,,,,Patuakhali Sadar,BD107895,Patuakhali,BD1078,Barisal,BD10,Bangladesh,BD,2015-01-01,2020-11-13,,32.0539802579342
Laur Fatehpur,BD20128547,,,,Nabinagar,BD201285,Brahamanbaria,BD2012,Chittagong,BD20,Bangladesh,BD,2015-01-01,2020-11-13,,16.3992876448918
Lauta,BD60911751,,,,Beani Bazar,BD609117,Sylhet,BD6091,Sylhet,BD60,Bangladesh,BD,2015-01-01,2020-11-13,,20.2212148163359
Lebukhali,BD10785547,,,,Dumki,BD107855,Patuakhali,BD1078,Barisal,BD10,Bangladesh,BD,2015-01-01,2020-11-13,,28.6108715868465
Lebutala,BD30685281,,,,Manohardi,BD306852,Narsingdi,BD3068,Dhaka,BD30,Bangladesh,BD,2015-01-01,2020-11-13,,21.793835453264
Lebutala,BD40414777,,,,Kotwali,BD404147,Jessore,BD4041,Khulna,BD40,Bangladesh,BD,2015-01-01,2020-11-13,,22.6262867333015
Lehemba,BD55948663,,,,Ranisankail,BD559486,Thakurgaon,BD5594,Rangpur,BD55,Bangladesh,BD,2015-01-01,2020-11-13,,35.6110951281364
Lelang,BD20153357,,,,Fatikchhari,BD201533,Chittagong,BD2015,Chittagong,BD20,Bangladesh,BD,2015-01-01,2020-11-13,,43.29134181549649
Lemsikhali,BD20224567,,,,Kutubdia,BD202245,Cox's Bazar,BD2022,Chittagong,BD20,Bangladesh,BD,2015-01-01,2020-11-13,,14.6358680956765
Lemua,BD20302951,,,,Feni Sadar,BD203029,Feni,BD2030,Chittagong,BD20,Bangladesh,BD,2015-01-01,2020-11-13,,13.6763574636259
Lengura,BD45724059,,,,Kalmakanda,BD457240,Netrakona,BD4572,Mymensingh,BD45,Bangladesh,BD,2015-01-01,2020-11-13,,35.0030523024869
Lengura,BD60914152,,,,Gowainghat,BD609141,Sylhet,BD6091,Sylhet,BD60,Bangladesh,BD,2015-01-01,2020-11-13,,81.1276130122336
Lesraganj,BD30562880,,,,Harirampur,BD305628,Manikganj,BD3056,Dhaka,BD30,Bangladesh,BD,2015-01-01,2020-11-13,,37.9062104124006
Logang,BD20467757,,,,Panchhari,BD204677,Khagrachhari,BD2046,Chittagong,BD20,Bangladesh,BD,2015-01-01,2020-11-13,,130.849983838005
Lohagara,BD20154762,,,,Lohagara,BD201547,Chittagong,BD2015,Chittagong,BD20,Bangladesh,BD,2015-01-01,2020-11-13,,11.2006840603324
Lohagara,BD40655263,,,,Lohagara,BD406552,Narail,BD4065,Khulna,BD40,Bangladesh,BD,2015-01-01,2020-11-13,,5.71351969484566
Lohagara Paurashava,BD40655299,,,,Lohagara,BD406552,Narail,BD4065,Khulna,BD40,Bangladesh,BD,2015-01-01,2020-11-13,,6.04991361150332
Lohajang Teotia,BD30594494,,,,Lohajang,BD305944,Munshiganj,BD3059,Dhaka,BD30,Bangladesh,BD,2015-01-01,2020-11-13,,13.7963069264516
Lohajuri,BD30484566,,,,Katiadi,BD304845,Kishoreganj,BD3048,Dhaka,BD30,Bangladesh,BD,2015-01-01,2020-11-13,,12.7306993011836
Lohalia,BD10789554,,,,Patuakhali Sadar,BD107895,Patuakhali,BD1078,Barisal,BD10,Bangladesh,BD,2015-01-01,2020-11-13,,29.6344572001416
Lohani Para,BD55850369,,,,Badarganj,BD558503,Rangpur,BD5585,Rangpur,BD55,Bangladesh,BD,2015-01-01,2020-11-13,,35.0126346253602
Loneshwar,BD45720435,,,,Atpara,BD457204,Netrakona,BD4572,Mymensingh,BD45,Bangladesh,BD,2015-01-01,2020-11-13,,31.2715142760542
Lord Hardinje,BD10095466,,,,Lalmohan,BD100954,Bhola,BD1009,Barisal,BD10,Bangladesh,BD,2015-01-01,2020-11-13,,38.8962198272871
Lukhra,BD60364428,,,,Habiganj Sadar,BD603644,Habiganj,BD6036,Sylhet,BD60,Bangladesh,BD,2015-01-01,2020-11-13,,32.874309100138
Luter Char,BD20197553,,,,Meghna,BD201975,Comilla,BD2019,Chittagong,BD20,Bangladesh,BD,2015-01-01,2020-11-13,,12.3478325535195
M.Baliatali,BD10042885,,,,Barguna Sadar,BD100428,Barguna,BD1004,Barisal,BD10,Bangladesh,BD,2015-01-01,2020-11-13,,55.0684124903305
Machh Para,BD30827350,,,,Pangsha,BD308273,Rajbari,BD3082,Dhaka,BD30,Bangladesh,BD,2015-01-01,2020-11-13,,20.0579169653407
Machhihata,BD20121359,,,,Brahmanbaria Sadar,BD201213,Brahamanbaria,BD2012,Chittagong,BD20,Bangladesh,BD,2015-01-01,2020-11-13,,32.6422641316665
Madan,BD45725652,,,,Madan,BD457256,Netrakona,BD4572,Mymensingh,BD45,Bangladesh,BD,2015-01-01,2020-11-13,,24.9725554760501
Madan Paurashava,BD45725699,,,,Madan,BD457256,Netrakona,BD4572,Mymensingh,BD45,Bangladesh,BD,2015-01-01,2020-11-13,,9.21885153601262
Madankhali,BD55857656,,,,Pirganj,BD558576,Rangpur,BD5585,Rangpur,BD55,Bangladesh,BD,2015-01-01,2020-11-13,,28.9533364973722
Madanpur,BD10092947,,,,Daulatkhan,BD100929,Bhola,BD1009,Barisal,BD10,Bangladesh,BD,2015-01-01,2020-11-13,,12.7794427957987
Madanpur,BD30670663,,,,Bandar,BD306706,Narayanganj,BD3067,Dhaka,BD30,Bangladesh,BD,2015-01-01,2020-11-13,,7.27567038346431
Madanpur,BD45727454,,,,Netrokona Sadar,BD457274,Netrakona,BD4572,Mymensingh,BD45,Bangladesh,BD,2015-01-01,2020-11-13,,20.6771217534618
Madanpura,BD10783877,,,,Bauphal,BD107838,Patuakhali,BD1078,Barisal,BD10,Bangladesh,BD,2015-01-01,2020-11-13,,21.5311948977167
Madapur,BD30824760,,,,Kalukhali,BD308247,Rajbari,BD3082,Dhaka,BD30,Bangladesh,BD,2015-01-01,2020-11-13,,22.1048985572719
Madarbunia,BD10789567,,,,Patuakhali Sadar,BD107895,Patuakhali,BD1078,Barisal,BD10,Bangladesh,BD,2015-01-01,2020-11-13,,30.5845392384477
Madarganj Paurashava,BD45395899,,,,Madarganj,BD453958,Jamalpur,BD4539,Mymensingh,BD45,Bangladesh,BD,2015-01-01,2020-11-13,,12.4685042018328
Madaripur Paurashava,BD30545499,,,,Madaripur Sadar,BD305454,Madaripur,BD3054,Dhaka,BD30,Bangladesh,BD,2015-01-01,2020-11-13,,9.703609588009911
Madarsa,BD20158265,,,,Satkania,BD201582,Chittagong,BD2015,Chittagong,BD20,Bangladesh,BD,2015-01-01,2020-11-13,,21.1570603650224
Madati,BD55523965,,,,Kaliganj,BD555239,Lalmonirhat,BD5552,Rangpur,BD55,Bangladesh,BD,2015-01-01,2020-11-13,,36.683620441347
Madhab Pasha,BD10060367,,,,Babuganj,BD100603,Barisal,BD1006,Barisal,BD10,Bangladesh,BD,2015-01-01,2020-11-13,,28.2614118812652
Madhabdi Paurashava,BD30686000,,,,Narsingdi Sadar,BD306860,Narsingdi,BD3068,Dhaka,BD30,Bangladesh,BD,2015-01-01,2020-11-13,,6.73964594318316
Madhabkhali,BD10787654,,,,Mirzaganj,BD107876,Patuakhali,BD1078,Barisal,BD10,Bangladesh,BD,2015-01-01,2020-11-13,,29.2458361791315
Madhabpur,BD20191556,,,,Brahman Para,BD201915,Comilla,BD2019,Chittagong,BD20,Bangladesh,BD,2015-01-01,2020-11-13,,27.5237396743431
Madhabpur,BD60585647,,,,Kamalganj,BD605856,Maulvibazar,BD6058,Sylhet,BD60,Bangladesh,BD,2015-01-01,2020-11-13,,63.3232077675218
Madhabpur Paurashava,BD60367199,,,,Madhabpur,BD603671,Habiganj,BD6036,Sylhet,BD60,Bangladesh,BD,2015-01-01,2020-11-13,,4.73325277696074
Madhainagar,BD50888931,,,,Tarash,BD508889,Sirajganj,BD5088,Rajshahi,BD50,Bangladesh,BD,2015-01-01,2020-11-13,,33.8695789026012
Madhnagar,BD50696373,,,,Natore Sadar,BD506963,Natore,BD5069,Rajshahi,BD50,Bangladesh,BD,2015-01-01,2020-11-13,,30.3437226381842
Madhuhati,BD40441952,,,,Jhenaidah Sadar,BD404419,Jhenaidah,BD4044,Khulna,BD40,Bangladesh,BD,2015-01-01,2020-11-13,,36.8231348645275
Madhukhali,BD30295652,,,,Madhukhali,BD302956,Faridpur,BD3029,Dhaka,BD30,Bangladesh,BD,2015-01-01,2020-11-13,,27.652494529702
Madhupur,BD40479440,,,,Terokhada,BD404794,Khulna,BD4047,Khulna,BD40,Bangladesh,BD,2015-01-01,2020-11-13,,48.8694519255074
Madhupur,BD50109552,,,,Sonatola,BD501095,Bogra,BD5010,Rajshahi,BD50,Bangladesh,BD,2015-01-01,2020-11-13,,16.9250237009671
Madhupur,BD55850375,,,,Badarganj,BD558503,Rangpur,BD5585,Rangpur,BD55,Bangladesh,BD,2015-01-01,2020-11-13,,27.7719521713102
Madhupur Paurashava,BD30935799,,,,Madhupur,BD309357,Tangail,BD3093,Dhaka,BD30,Bangladesh,BD,2015-01-01,2020-11-13,,22.7339927364344
Madhya (mechachal Union),BD20192771,,,,Chandina,BD201927,Comilla,BD2019,Chittagong,BD20,Bangladesh,BD,2015-01-01,2020-11-13,,14.7293266550402
Madhyanagar,BD60903257,,,,Dharampasha,BD609032,Sunamganj,BD6090,Sylhet,BD60,Bangladesh,BD,2015-01-01,2020-11-13,,44.3957515972484
Madhyapara,BD30333257,,,,Kaliakair,BD303332,Gazipur,BD3033,Dhaka,BD30,Bangladesh,BD,2015-01-01,2020-11-13,,34.8365316859198
Madhyapara,BD30597467,,,,Serajdikhan,BD305974,Munshiganj,BD3059,Dhaka,BD30,Bangladesh,BD,2015-01-01,2020-11-13,,7.311990550315929
Madla,BD50108551,,,,Shajahanpur,BD501085,Bogra,BD5010,Rajshahi,BD50,Bangladesh,BD,2015-01-01,2020-11-13,,19.4457129401767
Magar,BD10427342,,,,Nalchity,BD104273,Jhalokati,BD1042,Barisal,BD10,Bangladesh,BD,2015-01-01,2020-11-13,,16.9546782845655
Magban,BD20848767,,,,Rangamati Sadar,BD208487,Rangamati,BD2084,Chittagong,BD20,Bangladesh,BD,2015-01-01,2020-11-13,,92.698239737932
Magdhara,BD20157865,,,,Sandwip,BD201578,Chittagong,BD2015,Chittagong,BD20,Bangladesh,BD,2015-01-01,2020-11-13,,79.7226873053225
Maghadia,BD20155371,,,,Mirsharai,BD201553,Chittagong,BD2015,Chittagong,BD20,Bangladesh,BD,2015-01-01,2020-11-13,,1.41714718538804
Maghan,BD45725663,,,,Madan,BD457256,Netrakona,BD4572,Mymensingh,BD45,Bangladesh,BD,2015-01-01,2020-11-13,,33.5597545633048
Maghan Siadhar,BD45726342,,,,Mohanganj,BD457263,Netrakona,BD4572,Mymensingh,BD45,Bangladesh,BD,2015-01-01,2020-11-13,,35.3981802343584
Maghi,BD40555774,,,,Magura Sadar,BD405557,Magura,BD4055,Khulna,BD40,Bangladesh,BD,2015-01-01,2020-11-13,,35.3102872602024
Maghia,BD40013866,,,,Kachua,BD400138,Bagerhat,BD4001,Khulna,BD40,Bangladesh,BD,2015-01-01,2020-11-13,,21.600784877948
Magnama,BD20225678,,,,Pekua,BD202256,Cox's Bazar,BD2022,Chittagong,BD20,Bangladesh,BD,2015-01-01,2020-11-13,,20.9728120361463
Magra,BD30939577,,,,Tangail Sadar,BD309395,Tangail,BD3093,Dhaka,BD30,Bangladesh,BD,2015-01-01,2020-11-13,,20.7060605958949
Magtala,BD45613163,,,,Ishwarganj,BD456131,Mymensingh,BD4561,Mymensingh,BD45,Bangladesh,BD,2015-01-01,2020-11-13,,23.8879842916863
Magura,BD40412353,,,,Jhikargachha,BD404123,Jessore,BD4041,Khulna,BD40,Bangladesh,BD,2015-01-01,2020-11-13,,31.0972622661396
Magura,BD40879063,,,,Tala,BD408790,Satkhira,BD4087,Khulna,BD40,Bangladesh,BD,2015-01-01,2020-11-13,,26.0282489700796
Magura,BD55734560,,,,Kishoreganj,BD557345,Nilphamari,BD5573,Rangpur,BD55,Bangladesh,BD,2015-01-01,2020-11-13,,21.6864564095235
Magura,BD55777365,,,,Panchagarh Sadar,BD557773,Panchagarh,BD5577,Rangpur,BD55,Bangladesh,BD,2015-01-01,2020-11-13,,32.9935754191724
Magura Binod,BD50888942,,,,Tarash,BD508889,Sirajganj,BD5088,Rajshahi,BD50,Bangladesh,BD,2015-01-01,2020-11-13,,35.6154564760105
Magura Paurashava,BD40555799,,,,Magura Sadar,BD405557,Magura,BD4055,Khulna,BD40,Bangladesh,BD,2015-01-01,2020-11-13,,48.9217733426407
Maguraghona,BD40473054,,,,Dumuria,BD404730,Khulna,BD4047,Khulna,BD40,Bangladesh,BD,2015-01-01,2020-11-13,,21.1203664545807
Magurkhali,BD40473047,,,,Dumuria,BD404730,Khulna,BD4047,Khulna,BD40,Bangladesh,BD,2015-01-01,2020-11-13,,41.5477343632151
Mahadan,BD45398552,,,,Sarishabari,BD453985,Jamalpur,BD4539,Mymensingh,BD45,Bangladesh,BD,2015-01-01,2020-11-13,,28.8751438871559
Mahadebpur,BD50645066,,,,Mahadebpur,BD506450,Naogaon,BD5064,Rajshahi,BD50,Bangladesh,BD,2015-01-01,2020-11-13,,40.4656247950309
Mahajanpur,BD40576076,,,,Mujib Nagar,BD405760,Meherpur,BD4057,Khulna,BD40,Bangladesh,BD,2015-01-01,2020-11-13,,26.2709779351173
Mahakali,BD30595647,,,,Munshiganj Sadar,BD305956,Munshiganj,BD3059,Dhaka,BD30,Bangladesh,BD,2015-01-01,2020-11-13,,9.849552052371491
Mahalchhari,BD20466531,,,,Mahalchhari,BD204665,Khagrachhari,BD2046,Chittagong,BD20,Bangladesh,BD,2015-01-01,2020-11-13,,58.611242243056
Mahamudnagar,BD30939580,,,,Tangail Sadar,BD309395,Tangail,BD3093,Dhaka,BD30,Bangladesh,BD,2015-01-01,2020-11-13,,16.7729846652448
Maharajpur,BD30355861,,,,Muksudpur,BD303558,Gopalganj,BD3035,Dhaka,BD30,Bangladesh,BD,2015-01-01,2020-11-13,,21.3612996288445
Maharajpur,BD40475372,,,,Koyra,BD404753,Khulna,BD4047,Khulna,BD40,Bangladesh,BD,2015-01-01,2020-11-13,,42.4416637843149
Maharajpur,BD50706655,,,,Nawabganj Sadar,BD507066,Nawabganj,BD5070,Rajshahi,BD50,Bangladesh,BD,2015-01-01,2020-11-13,,6.36303117556493
Mahendranagar,BD55525573,,,,Lalmonirhat Sadar,BD555255,Lalmonirhat,BD5552,Rangpur,BD55,Bangladesh,BD,2015-01-01,2020-11-13,,32.8464400154045
Mahera,BD30936671,,,,Mirzapur,BD309366,Tangail,BD3093,Dhaka,BD30,Bangladesh,BD,2015-01-01,2020-11-13,,17.3060482349609
Maheshkhali Paurashava,BD20224999,,,,Maheshkhali,BD202249,Cox's Bazar,BD2022,Chittagong,BD20,Bangladesh,BD,2015-01-01,2020-11-13,,7.68719186484984
Maheshpur,BD30354340,,,,Kashiani,BD303543,Gopalganj,BD3035,Dhaka,BD30,Bangladesh,BD,2015-01-01,2020-11-13,,35.6652113218867
Maheshpur,BD30686447,,,,Roypura,BD306864,Narsingdi,BD3068,Dhaka,BD30,Bangladesh,BD,2015-01-01,2020-11-13,,9.41515538319886
Maheshpur Paurashava,BD40447199,,,,Maheshpur,BD404471,Jhenaidah,BD4044,Khulna,BD40,Bangladesh,BD,2015-01-01,2020-11-13,,11.765122086697
Maheshwaripur,BD40475378,,,,Koyra,BD404753,Khulna,BD4047,Khulna,BD40,Bangladesh,BD,2015-01-01,2020-11-13,,51.8866568816341
Mahichal,BD20192720,,,,Chandina,BD201927,Comilla,BD2019,Chittagong,BD20,Bangladesh,BD,2015-01-01,2020-11-13,,14.7746314184827
Mahilara,BD10063263,,,,Gaurnadi,BD100632,Barisal,BD1006,Barisal,BD10,Bangladesh,BD,2015-01-01,2020-11-13,,13.5225464181802
Mahimaganj,BD55323050,,,,Gobindaganj,BD553230,Gaibandha,BD5532,Rangpur,BD55,Bangladesh,BD,2015-01-01,2020-11-13,,24.2475031544619
Mahinanda,BD30484969,,,,Kishoreganj Sadar,BD304849,Kishoreganj,BD3048,Dhaka,BD30,Bangladesh,BD,2015-01-01,2020-11-13,,10.9643540195483
Mahisar,BD30861460,,,,Bhedarganj,BD308614,Shariatpur,BD3086,Dhaka,BD30,Bangladesh,BD,2015-01-01,2020-11-13,,10.8169126160124
Mahishaban,BD50104054,,,,Gabtali,BD501040,Bogra,BD5010,Rajshahi,BD50,Bangladesh,BD,2015-01-01,2020-11-13,,23.6028840657706
Mahishasura,BD30686059,,,,Narsingdi Sadar,BD306860,Narsingdi,BD3068,Dhaka,BD30,Bangladesh,BD,2015-01-01,2020-11-13,,15.3622000066222
Mahishkhocha,BD55520271,,,,Aditmari,BD555202,Lalmonirhat,BD5552,Rangpur,BD55,Bangladesh,BD,2015-01-01,2020-11-13,,21.8388449763949
Mahmudpur,BD30261831,,,,Dohar,BD302618,Dhaka,BD3026,Dhaka,BD30,Bangladesh,BD,2015-01-01,2020-11-13,,37.03299858755771
Mahmudpur,BD30670271,,,,Araihazar,BD306702,Narayanganj,BD3067,Dhaka,BD30,Bangladesh,BD,2015-01-01,2020-11-13,,10.4905006760409
Mahmudpur,BD45396176,,,,Melandaha,BD453961,Jamalpur,BD4539,Mymensingh,BD45,Bangladesh,BD,2015-01-01,2020-11-13,,34.0285181052724
Mahmudpur,BD55276977,,,,Nawabganj,BD552769,Dinajpur,BD5527,Rangpur,BD55,Bangladesh,BD,2015-01-01,2020-11-13,,37.559111181896
Maidan Dighi,BD55772573,,,,Boda,BD557725,Panchagarh,BD5577,Rangpur,BD55,Bangladesh,BD,2015-01-01,2020-11-13,,29.1303238569986
Maidang,BD20844776,,,,Jurai Chhari,BD208447,Rangamati,BD2084,Chittagong,BD20,Bangladesh,BD,2015-01-01,2020-11-13,,136.153884421146
Maidanhata,BD50109447,,,,Shibganj,BD501094,Bogra,BD5010,Rajshahi,BD50,Bangladesh,BD,2015-01-01,2020-11-13,,25.7569458878236
Maij Char,BD30480677,,,,Bajitpur,BD304806,Kishoreganj,BD3048,Dhaka,BD30,Bangladesh,BD,2015-01-01,2020-11-13,,25.4010017650494
Maij Khapan,BD30484977,,,,Kishoreganj Sadar,BD304849,Kishoreganj,BD3048,Dhaka,BD30,Bangladesh,BD,2015-01-01,2020-11-13,,19.9268544560765
Maij Para Union,BD40657654,,,,Narail Sadar,BD406576,Narail,BD4065,Khulna,BD40,Bangladesh,BD,2015-01-01,2020-11-13,,30.2127995070714
Maijbagh,BD45613154,,,,Ishwarganj,BD456131,Mymensingh,BD4561,Mymensingh,BD45,Bangladesh,BD,2015-01-01,2020-11-13,,31.162695022926
Maijbari,BD50885051,,,,Kazipur,BD508850,Sirajganj,BD5088,Rajshahi,BD50,Bangladesh,BD,2015-01-01,2020-11-13,,18.1823783618675
Maijgaon,BD60913571,,,,Fenchuganj,BD609135,Sylhet,BD6091,Sylhet,BD60,Bangladesh,BD,2015-01-01,2020-11-13,,28.3798186425211
Maijkhara,BD20192779,,,,Chandina,BD201927,Comilla,BD2019,Chittagong,BD20,Bangladesh,BD,2015-01-01,2020-11-13,,30.0506856926823
Mailakanda,BD45612349,,,,Gauripur,BD456123,Mymensingh,BD4561,Mymensingh,BD45,Bangladesh,BD,2015-01-01,2020-11-13,,25.2526599032095
Mainamati,BD20191863,,,,Burichang,BD201918,Comilla,BD2019,Chittagong,BD20,Bangladesh,BD,2015-01-01,2020-11-13,,20.6521393885429
Mainani,BD50644761,,,,Manda,BD506447,Naogaon,BD5064,Rajshahi,BD50,Bangladesh,BD,2015-01-01,2020-11-13,,24.6187070541127
Maisatua,BD20197463,,,,Manoharganj,BD201974,Comilla,BD2019,Chittagong,BD20,Bangladesh,BD,2015-01-01,2020-11-13,,16.1636664937378
Maishadi,BD20132267,,,,Chandpur Sadar,BD201322,Chandpur,BD2013,Chittagong,BD20,Bangladesh,BD,2015-01-01,2020-11-13,,11.4903205790751
Maitbhanga,BD20157870,,,,Sandwip,BD201578,Chittagong,BD2015,Chittagong,BD20,Bangladesh,BD,2015-01-01,2020-11-13,,11.4860069846096
Majchar,BD30294779,,,,Faridpur Sadar,BD302947,Faridpur,BD3029,Dhaka,BD30,Bangladesh,BD,2015-01-01,2020-11-13,,28.4677636242201
Majgaon,BD50691571,,,,Baraigram,BD506915,Natore,BD5069,Rajshahi,BD50,Bangladesh,BD,2015-01-01,2020-11-13,,43.3909762396532
Majh Para,BD50760579,,,,Atgharia,BD507605,Pabna,BD5076,Rajshahi,BD50,Bangladesh,BD,2015-01-01,2020-11-13,,40.4740697674759
Majhardia,BD30299061,,,,Saltha,BD302990,Faridpur,BD3029,Dhaka,BD30,Bangladesh,BD,2015-01-01,2020-11-13,,19.4867339345094
Majhbari,BD30824755,,,,Kalukhali,BD308247,Rajbari,BD3082,Dhaka,BD30,Bangladesh,BD,2015-01-01,2020-11-13,,20.8835265880874
Majhigati,BD30353260,,,,Gopalganj Sadar,BD303532,Gopalganj,BD3035,Dhaka,BD30,Bangladesh,BD,2015-01-01,2020-11-13,,11.2715143035237
Majhihatta,BD50109455,,,,Shibganj,BD501094,Bogra,BD5010,Rajshahi,BD50,Bangladesh,BD,2015-01-01,2020-11-13,,28.496772634762
Majhira,BD50108556,,,,Shajahanpur,BD501085,Bogra,BD5010,Rajshahi,BD50,Bangladesh,BD,2015-01-01,2020-11-13,,11.8010652519807
Majidbari,BD10787667,,,,Mirzaganj,BD107876,Patuakhali,BD1078,Barisal,BD10,Bangladesh,BD,2015-01-01,2020-11-13,,28.7892611915489
Majidpur,BD20199469,,,,Titas,BD201994,Comilla,BD2019,Chittagong,BD20,Bangladesh,BD,2015-01-01,2020-11-13,,18.1466726106337
Majidpur,BD40413838,,,,Keshabpur,BD404138,Jessore,BD4041,Khulna,BD40,Bangladesh,BD,2015-01-01,2020-11-13,,24.31979212968
Majlishpur,BD20121361,,,,Brahmanbaria Sadar,BD201213,Brahamanbaria,BD2012,Chittagong,BD20,Bangladesh,BD,2015-01-01,2020-11-13,,18.9364057690332
Makrampur,BD60361156,,,,Baniachong,BD603611,Habiganj,BD6036,Sylhet,BD60,Bangladesh,BD,2015-01-01,2020-11-13,,35.5401263246521
Malancha,BD50105457,,,,Kahaloo,BD501054,Bogra,BD5010,Rajshahi,BD50,Bangladesh,BD,2015-01-01,2020-11-13,,35.9299347248242
Malanchi,BD50765569,,,,Pabna Sadar,BD507655,Pabna,BD5076,Rajshahi,BD50,Bangladesh,BD,2015-01-01,2020-11-13,,25.2993491883824
Malapara,BD20191562,,,,Brahman Para,BD201915,Comilla,BD2019,Chittagong,BD20,Bangladesh,BD,2015-01-01,2020-11-13,,10.4375822836594
Maliat,BD40443354,,,,Kaliganj,BD404433,Jhenaidah,BD4044,Khulna,BD40,Bangladesh,BD,2015-01-01,2020-11-13,,23.6836527289376
Malibari,BD55322480,,,,Gaibandha Sadar,BD553224,Gaibandha,BD5532,Rangpur,BD55,Bangladesh,BD,2015-01-01,2020-11-13,,21.5394161373282
Maligachha,BD50765577,,,,Pabna Sadar,BD507655,Pabna,BD5076,Rajshahi,BD50,Bangladesh,BD,2015-01-01,2020-11-13,,34.2089424623119
Malihad,BD40509465,,,,Mirpur,BD405094,Kushtia,BD4050,Khulna,BD40,Bangladesh,BD,2015-01-01,2020-11-13,,31.7808111380567
Malijhikanda,BD45893750,,,,Jhenaigati,BD458937,Sherpur,BD4589,Mymensingh,BD45,Bangladesh,BD,2015-01-01,2020-11-13,,20.3084886134392
Malikhali,BD10797631,,,,Nazirpur,BD107976,Pirojpur,BD1079,Barisal,BD10,Bangladesh,BD,2015-01-01,2020-11-13,,30.956162422423
Malkhanagar,BD30597474,,,,Serajdikhan,BD305974,Munshiganj,BD3059,Dhaka,BD30,Bangladesh,BD,2015-01-01,2020-11-13,,4.489265486953919
Mallikbari,BD45611369,,,,Bhaluka,BD456113,Mymensingh,BD4561,Mymensingh,BD45,Bangladesh,BD,2015-01-01,2020-11-13,,45.166138256956
Malliker Ber,BD40017353,,,,Rampal,BD400173,Bagerhat,BD4001,Khulna,BD40,Bangladesh,BD,2015-01-01,2020-11-13,,27.5374104099247
Mallikpur,BD40655271,,,,Lohagara,BD406552,Narail,BD4065,Khulna,BD40,Bangladesh,BD,2015-01-01,2020-11-13,,19.2271013233533
Mamudnagar,BD30937658,,,,Nagarpur,BD309376,Tangail,BD3093,Dhaka,BD30,Bangladesh,BD,2015-01-01,2020-11-13,,33.1479225941967
Mamudpur,BD30354333,,,,Kashiani,BD303543,Gopalganj,BD3035,Dhaka,BD30,Bangladesh,BD,2015-01-01,2020-11-13,,15.7123840450357
Mamudpur,BD50386157,,,,Khetlal,BD503861,Joypurhat,BD5038,Rajshahi,BD50,Bangladesh,BD,2015-01-01,2020-11-13,,30.8445163347277
Manakosa,BD50708853,,,,Shibganj,BD507088,Nawabganj,BD5070,Rajshahi,BD50,Bangladesh,BD,2015-01-01,2020-11-13,,46.67540465857979
Manda,BD30266882,,,,Sabujbagh,BD302668,Dhaka,BD3026,Dhaka,BD30,Bangladesh,BD,2015-01-01,2020-11-13,,1.37332809745183
Manda,BD50644767,,,,Manda,BD506447,Naogaon,BD5064,Rajshahi,BD50,Bangladesh,BD,2015-01-01,2020-11-13,,25.7798325097476
Mandari,BD20514370,,,,Lakshmipur Sadar,BD205143,Lakshmipur,BD2051,Chittagong,BD20,Bangladesh,BD,2015-01-01,2020-11-13,,21.9263304477199
Mandari,BD60361163,,,,Baniachong,BD603611,Habiganj,BD6036,Sylhet,BD60,Bangladesh,BD,2015-01-01,2020-11-13,,34.1764833998545
Manderbari,BD40447135,,,,Maheshpur,BD404471,Jhenaidah,BD4044,Khulna,BD40,Bangladesh,BD,2015-01-01,2020-11-13,,29.1428251278583
Mangalkandi,BD20309457,,,,Sonagazi,BD203094,Feni,BD2030,Chittagong,BD20,Bangladesh,BD,2015-01-01,2020-11-13,,13.2311105908743
Mangalkot,BD40413847,,,,Keshabpur,BD404138,Jessore,BD4041,Khulna,BD40,Bangladesh,BD,2015-01-01,2020-11-13,,23.8380723150157
Mangalpur,BD55271776,,,,Biral,BD552717,Dinajpur,BD5527,Rangpur,BD55,Bangladesh,BD,2015-01-01,2020-11-13,,30.1346915456533
Maniand,BD20120276,,,,Akhaura,BD201202,Brahamanbaria,BD2012,Chittagong,BD20,Bangladesh,BD,2015-01-01,2020-11-13,,21.8675880588375
Maniari,BD50640363,,,,Atrai,BD506403,Naogaon,BD5064,Rajshahi,BD50,Bangladesh,BD,2015-01-01,2020-11-13,,49.8387706362121
Manigram,BD50811063,,,,Bagha,BD508110,Rajshahi,BD5081,Rajshahi,BD50,Bangladesh,BD,2015-01-01,2020-11-13,,37.7746182465086
Manikchhari,BD20466763,,,,Manikchhari,BD204667,Khagrachhari,BD2046,Chittagong,BD20,Bangladesh,BD,2015-01-01,2020-11-13,,68.0680865207074
Manikdaha,BD30291071,,,,Bhanga,BD302910,Faridpur,BD3029,Dhaka,BD30,Bangladesh,BD,2015-01-01,2020-11-13,,19.244120797713
Maniker Char,BD20197571,,,,Meghna,BD201975,Comilla,BD2019,Chittagong,BD20,Bangladesh,BD,2015-01-01,2020-11-13,,9.88596792945328
Manikganj Paurashava,BD30564699,,,,Manikganj Sadar,BD305646,Manikganj,BD3056,Dhaka,BD30,Bangladesh,BD,2015-01-01,2020-11-13,,22.4097916586486
Manikhat,BD50768338,,,,Sujanagar,BD507683,Pabna,BD5076,Rajshahi,BD50,Bangladesh,BD,2015-01-01,2020-11-13,,26.656320988453
Manikpur,BD60919466,,,,Zakiganj,BD609194,Sylhet,BD6091,Sylhet,BD60,Bangladesh,BD,2015-01-01,2020-11-13,,38.7779230771731
Manirampur,BD40416167,,,,Manirampur,BD404161,Jessore,BD4041,Khulna,BD40,Bangladesh,BD,2015-01-01,2020-11-13,,15.9096136430618
Manirampur Paurashava,BD40416199,,,,Manirampur,BD404161,Jessore,BD4041,Khulna,BD40,Bangladesh,BD,2015-01-01,2020-11-13,,13.9987482282168
Mankon,BD45616577,,,,Muktagachha,BD456165,Mymensingh,BD4561,Mymensingh,BD45,Bangladesh,BD,2015-01-01,2020-11-13,,30.9099627288116
Manmathapur,BD55277751,,,,Parbatipur,BD552777,Dinajpur,BD5527,Rangpur,BD55,Bangladesh,BD,2015-01-01,2020-11-13,,38.2382518392046
Mannargaon,BD60903367,,,,Dowarabazar,BD609033,Sunamganj,BD6090,Sylhet,BD60,Bangladesh,BD,2015-01-01,2020-11-13,,35.3148885930404
Manohardi Paurashava,BD30685299,,,,Manohardi,BD306852,Narsingdi,BD3068,Dhaka,BD30,Bangladesh,BD,2015-01-01,2020-11-13,,5.22972396302269
Manohardia,BD40507982,,,,Kushtia Sadar,BD405079,Kushtia,BD4050,Khulna,BD40,Bangladesh,BD,2015-01-01,2020-11-13,,21.3759959301243
Manoharpur,BD40416172,,,,Manirampur,BD404161,Jessore,BD4041,Khulna,BD40,Bangladesh,BD,2015-01-01,2020-11-13,,17.3505179191145
Manoharpur,BD40448037,,,,Shailkupa,BD404480,Jhenaidah,BD4044,Khulna,BD40,Bangladesh,BD,2015-01-01,2020-11-13,,19.4066393627788
Manoharpur,BD55326766,,,,Palashbari,BD553267,Gaibandha,BD5532,Rangpur,BD55,Bangladesh,BD,2015-01-01,2020-11-13,,20.8729386774441
Manpura,BD10096547,,,,Manpura,BD100965,Bhola,BD1009,Barisal,BD10,Bangladesh,BD,2015-01-01,2020-11-13,,45.9270184856041
Mansur Nagar,BD50885056,,,,Kazipur,BD508850,Sirajganj,BD5088,Rajshahi,BD50,Bangladesh,BD,2015-01-01,2020-11-13,,38.287216140645
Mansurnagar,BD60588031,,,,Rajnagar,BD605880,Maulvibazar,BD6058,Sylhet,BD60,Bangladesh,BD,2015-01-01,2020-11-13,,18.5396289944673
Manumukh,BD60587465,,,,Maulvi Bazar Sadar,BD605874,Maulvibazar,BD6058,Sylhet,BD60,Bangladesh,BD,2015-01-01,2020-11-13,,17.2182585188621
Maoha,BD45612358,,,,Gauripur,BD456123,Mymensingh,BD4561,Mymensingh,BD45,Bangladesh,BD,2015-01-01,2020-11-13,,27.1344239192051
Maona,BD30338647,,,,Sreepur,BD303386,Gazipur,BD3033,Dhaka,BD30,Bangladesh,BD,2015-01-01,2020-11-13,,79.4882276851639
Marania,BD55852784,,,,Gangachara,BD558527,Rangpur,BD5585,Rangpur,BD55,Bangladesh,BD,2015-01-01,2020-11-13,,19.6753566680246
Marea Bamanhat,BD55772580,,,,Boda,BD557725,Panchagarh,BD5577,Rangpur,BD55,Bangladesh,BD,2015-01-01,2020-11-13,,29.7544784090088
Maria,BD30484986,,,,Kishoreganj Sadar,BD304849,Kishoreganj,BD3048,Dhaka,BD30,Bangladesh,BD,2015-01-01,2020-11-13,,12.4900714726811
Maria,BD50811275,,,,Baghmara,BD508112,Rajshahi,BD5081,Rajshahi,BD50,Bangladesh,BD,2015-01-01,2020-11-13,,19.9472546883458
Maria,BD50813171,,,,Durgapur,BD508131,Rajshahi,BD5081,Rajshahi,BD50,Bangladesh,BD,2015-01-01,2020-11-13,,16.0835018717145
Mariamnagar,BD20157034,,,,Rangunia,BD201570,Chittagong,BD2015,Chittagong,BD20,Bangladesh,BD,2015-01-01,2020-11-13,,5.47908096284259
Maricha,BD40503954,,,,Daulatpur,BD405039,Kushtia,BD4050,Khulna,BD40,Bangladesh,BD,2015-01-01,2020-11-13,,48.7067724333837
Maricha,BD55271217,,,,Birganj,BD552712,Dinajpur,BD5527,Rangpur,BD55,Bangladesh,BD,2015-01-01,2020-11-13,,37.6254347856098
Marichbunia,BD10789574,,,,Patuakhali Sadar,BD107895,Patuakhali,BD1078,Barisal,BD10,Bangladesh,BD,2015-01-01,2020-11-13,,28.1172208018328
Marichpura,BD45897072,,,,Nalitabari,BD458970,Sherpur,BD4589,Mymensingh,BD45,Bangladesh,BD,2015-01-01,2020-11-13,,22.6820386450336
Marishya,BD20840759,,,,Baghai Chhari,BD208407,Rangamati,BD2084,Chittagong,BD20,Bangladesh,BD,2015-01-01,2020-11-13,,48.5537239169418
Marjal,BD30686450,,,,Roypura,BD306864,Narsingdi,BD3068,Dhaka,BD30,Bangladesh,BD,2015-01-01,2020-11-13,,12.7609770285094
Maruka,BD20193664,,,,Daudkandi,BD201936,Comilla,BD2019,Chittagong,BD20,Bangladesh,BD,2015-01-01,2020-11-13,,12.5061223254126
Maschhari,BD20466547,,,,Mahalchhari,BD204665,Khagrachhari,BD2046,Chittagong,BD20,Bangladesh,BD,2015-01-01,2020-11-13,,31.0133577714297
Mashakhali,BD45612244,,,,Gaffargaon,BD456122,Mymensingh,BD4561,Mymensingh,BD45,Bangladesh,BD,2015-01-01,2020-11-13,,30.9972255567702
Mashka,BD45724761,,,,Kendua,BD457247,Netrakona,BD4572,Mymensingh,BD45,Bangladesh,BD,2015-01-01,2020-11-13,,23.1551119559427
Masidpur,BD50647947,,,,Porsha,BD506479,Naogaon,BD5064,Rajshahi,BD50,Bangladesh,BD,2015-01-01,2020-11-13,,40.6848731527813
Masimpur,BD30687673,,,,Shibpur,BD306876,Narsingdi,BD3068,Dhaka,BD30,Bangladesh,BD,2015-01-01,2020-11-13,,22.8529331547451
Masua,BD30484576,,,,Katiadi,BD304845,Kishoreganj,BD3048,Dhaka,BD30,Bangladesh,BD,2015-01-01,2020-11-13,,20.6819720421476
Masundia,BD50761652,,,,Bera,BD507616,Pabna,BD5076,Rajshahi,BD50,Bangladesh,BD,2015-01-01,2020-11-13,,29.5195110641116
Maswimnagar,BD40416178,,,,Manirampur,BD404161,Jessore,BD4041,Khulna,BD40,Bangladesh,BD,2015-01-01,2020-11-13,,30.4134923607576
Matabi,BD20302960,,,,Feni Sadar,BD203029,Feni,BD2030,Chittagong,BD20,Bangladesh,BD,2015-01-01,2020-11-13,,15.4400685731326
Matarbari,BD20224971,,,,Maheshkhali,BD202249,Cox's Bazar,BD2022,Chittagong,BD20,Bangladesh,BD,2015-01-01,2020-11-13,,26.006373705928
Matbarer Char,BD30548763,,,,Shib Char,BD305487,Madaripur,BD3054,Dhaka,BD30,Bangladesh,BD,2015-01-01,2020-11-13,,20.8560331728017
Mathabanga,BD20195476,,,,Homna,BD201954,Comilla,BD2019,Chittagong,BD20,Bangladesh,BD,2015-01-01,2020-11-13,,13.4468770932939
Mathbari,BD10428440,,,,Rajapur,BD104284,Jhalokati,BD1042,Barisal,BD10,Bangladesh,BD,2015-01-01,2020-11-13,,25.3333392731689
Mathbari,BD45619461,,,,Trishal,BD456194,Mymensingh,BD4561,Mymensingh,BD45,Bangladesh,BD,2015-01-01,2020-11-13,,37.6579176148858
Mathbaria,BD10795860,,,,Mathbaria,BD107958,Pirojpur,BD1079,Barisal,BD10,Bangladesh,BD,2015-01-01,2020-11-13,,21.4036047546001
Mathiura,BD60911760,,,,Beani Bazar,BD609117,Sylhet,BD6091,Sylhet,BD60,Bangladesh,BD,2015-01-01,2020-11-13,,14.7442896687128
Mathu Bhuiyan,BD20302556,,,,Daganbhuiyan,BD203025,Feni,BD2030,Chittagong,BD20,Bangladesh,BD,2015-01-01,2020-11-13,,13.2839577231016
Mathurapur,BD40503961,,,,Daulatpur,BD405039,Kushtia,BD4050,Khulna,BD40,Bangladesh,BD,2015-01-01,2020-11-13,,25.1196649580873
Mathurapur,BD50102785,,,,Dhunat,BD501027,Bogra,BD5010,Rajshahi,BD50,Bangladesh,BD,2015-01-01,2020-11-13,,27.5462371813379
Mathurapur,BD50640673,,,,Badalgachhi,BD506406,Naogaon,BD5064,Rajshahi,BD50,Bangladesh,BD,2015-01-01,2020-11-13,,26.6073634818865
Mathureshpur,BD40874763,,,,Kaliganj,BD408747,Satkhira,BD4087,Khulna,BD40,Bangladesh,BD,2015-01-01,2020-11-13,,33.0946201936461
Matibhanga,BD10797642,,,,Nazirpur,BD107976,Pirojpur,BD1079,Barisal,BD10,Bangladesh,BD,2015-01-01,2020-11-13,,23.8123759934086
Matiganj,BD20309466,,,,Sonagazi,BD203094,Feni,BD2030,Chittagong,BD20,Bangladesh,BD,2015-01-01,2020-11-13,,12.6837431481839
Matikata,BD50813457,,,,Godagari,BD508134,Rajshahi,BD5081,Rajshahi,BD50,Bangladesh,BD,2015-01-01,2020-11-13,,30.964846091322
Matindhar,BD50647551,,,,Patnitala,BD506475,Naogaon,BD5064,Rajshahi,BD50,Bangladesh,BD,2015-01-01,2020-11-13,,38.2666449643248
Matiranga,BD20467059,,,,Matiranga,BD204670,Khagrachhari,BD2046,Chittagong,BD20,Bangladesh,BD,2015-01-01,2020-11-13,,130.816224989071
Matiranga Paurashava,BD20467099,,,,Matiranga,BD204670,Khagrachhari,BD2046,Chittagong,BD20,Bangladesh,BD,2015-01-01,2020-11-13,,13.6324512220607
Matlab Paurashava,BD20137699,,,,Matlab Dakshin,BD201376,Chandpur,BD2013,Chittagong,BD20,Bangladesh,BD,2015-01-01,2020-11-13,,30.5915771758604
Matmura,BD40574763,,,,Gangni,BD405747,Meherpur,BD4057,Khulna,BD40,Bangladesh,BD,2015-01-01,2020-11-13,,47.3433339187503
Matrai,BD50385866,,,,Kalai,BD503858,Joypurhat,BD5038,Rajshahi,BD50,Bangladesh,BD,2015-01-01,2020-11-13,,38.8391855330253
Matuail (part),BD30261280,,,,Demra,BD302612,Dhaka,BD3026,Dhaka,BD30,Bangladesh,BD,2015-01-01,2020-11-13,,1.95511159265479
Matuail (part),BD30262980,,,,Jatrabari,BD302629,Dhaka,BD3026,Dhaka,BD30,Bangladesh,BD,2015-01-01,2020-11-13,,8.58095460391141
Matuail (part),BD30263280,,,,Kadamtali,BD302632,Dhaka,BD3026,Dhaka,BD30,Bangladesh,BD,2015-01-01,2020-11-13,,1.4312861361934
Maugachhi,BD50815367,,,,Mohanpur,BD508153,Rajshahi,BD5081,Rajshahi,BD50,Bangladesh,BD,2015-01-01,2020-11-13,,30.4098048779696
Maugati,BD45727463,,,,Netrokona Sadar,BD457274,Netrakona,BD4572,Mymensingh,BD45,Bangladesh,BD,2015-01-01,2020-11-13,,28.8113238026729
Mauli,BD40652871,,,,Kalia,BD406528,Narail,BD4065,Khulna,BD40,Bangladesh,BD,2015-01-01,2020-11-13,,18.6847223120806
Maulvibazar Paurashava,BD60587499,,,,Maulvi Bazar Sadar,BD605874,Maulvibazar,BD6058,Sylhet,BD60,Bangladesh,BD,2015-01-01,2020-11-13,,3.67260450992878
Maurat,BD30827365,,,,Pangsha,BD308273,Rajbari,BD3082,Dhaka,BD30,Bangladesh,BD,2015-01-01,2020-11-13,,22.9163264719759
Mautala,BD40874771,,,,Kaliganj,BD408747,Satkhira,BD4087,Khulna,BD40,Bangladesh,BD,2015-01-01,2020-11-13,,16.939241887407
Mayani,BD20155353,,,,Mirsharai,BD201553,Chittagong,BD2015,Chittagong,BD20,Bangladesh,BD,2015-01-01,2020-11-13,,7.553861357695659
Mayanimukh,BD20845881,,,,Langadu,BD208458,Rangamati,BD2084,Chittagong,BD20,Bangladesh,BD,2015-01-01,2020-11-13,,64.7257449249865
Mayenpur,BD55855883,,,,Mitha Pukur,BD558558,Rangpur,BD5585,Rangpur,BD55,Bangladesh,BD,2015-01-01,2020-11-13,,30.8016945703198
Mazampur,BD40507975,,,,Kushtia Sadar,BD405079,Kushtia,BD4050,Khulna,BD40,Bangladesh,BD,2015-01-01,2020-11-13,,9.40402537107472
Mechhra,BD50887851,,,,Sirajganj Sadar,BD508878,Sirajganj,BD5088,Rajshahi,BD50,Bangladesh,BD,2015-01-01,2020-11-13,,51.9550001974597
Medini Mandal,BD30594487,,,,Lohajang,BD305944,Munshiganj,BD3059,Dhaka,BD30,Bangladesh,BD,2015-01-01,2020-11-13,,18.1234575250623
Medni,BD45727455,,,,Netrokona Sadar,BD457274,Netrakona,BD4572,Mymensingh,BD45,Bangladesh,BD,2015-01-01,2020-11-13,,26.2648595884235
Medua,BD10092957,,,,Daulatkhan,BD100929,Bhola,BD1009,Barisal,BD10,Bangladesh,BD,2015-01-01,2020-11-13,,5.181030014101459
Meduary,BD45611377,,,,Bhaluka,BD456113,Mymensingh,BD4561,Mymensingh,BD45,Bangladesh,BD,2015-01-01,2020-11-13,,34.9000067658026
Megchami,BD30295663,,,,Madhukhali,BD302956,Faridpur,BD3029,Dhaka,BD30,Bangladesh,BD,2015-01-01,2020-11-13,,29.6726133873166
Mehari,BD20126382,,,,Kasba,BD201263,Brahamanbaria,BD2012,Chittagong,BD20,Bangladesh,BD,2015-01-01,2020-11-13,,33.8351133029622
Mehendiganj,BD10066287,,,,Mehendiganj,BD100662,Barisal,BD1006,Barisal,BD10,Bangladesh,BD,2015-01-01,2020-11-13,,11.0526786995335
Meher Para,BD30686065,,,,Narsingdi Sadar,BD306860,Narsingdi,BD3068,Dhaka,BD30,Bangladesh,BD,2015-01-01,2020-11-13,,9.2108323944465
Meherpur Paurashava,BD40578799,,,,Meherpur Sadar,BD405787,Meherpur,BD4057,Khulna,BD40,Bangladesh,BD,2015-01-01,2020-11-13,,13.6742120208219
Mekhal,BD20153765,,,,Hathazari,BD201537,Chittagong,BD2015,Chittagong,BD20,Bangladesh,BD,2015-01-01,2020-11-13,,11.073615279576
Melandaha Paurashava,BD45396199,,,,Melandaha,BD453961,Jamalpur,BD4539,Mymensingh,BD45,Bangladesh,BD,2015-01-01,2020-11-13,,12.9201435116427
Memania,BD10063694,,,,Hizla,BD100636,Barisal,BD1006,Barisal,BD10,Bangladesh,BD,2015-01-01,2020-11-13,,32.5151018337153
Mendipur,BD45723867,,,,Khaliajuri,BD457238,Netrakona,BD4572,Mymensingh,BD45,Bangladesh,BD,2015-01-01,2020-11-13,,49.48619901309529
Merung,BD20464379,,,,Dighinala,BD204643,Khagrachhari,BD2046,Chittagong,BD20,Bangladesh,BD,2015-01-01,2020-11-13,,132.128849988744
Merur Char,BD45390759,,,,Bakshiganj,BD453907,Jamalpur,BD4539,Mymensingh,BD45,Bangladesh,BD,2015-01-01,2020-11-13,,37.9496478866689
Meshta,BD45393647,,,,Jamalpur Sadar,BD453936,Jamalpur,BD4539,Mymensingh,BD45,Bangladesh,BD,2015-01-01,2020-11-13,,26.4303720889797
Milanpur,BD55855872,,,,Mitha Pukur,BD558558,Rangpur,BD5585,Rangpur,BD55,Bangladesh,BD,2015-01-01,2020-11-13,,24.6629514456217
Mir Warishpur,BD20750770,,,,Begumganj,BD207507,Noakhali,BD2075,Chittagong,BD20,Bangladesh,BD,2015-01-01,2020-11-13,,11.4518130857623
Mirahi,BD60362647,,,,Chunarughat,BD603626,Habiganj,BD6036,Sylhet,BD60,Bangladesh,BD,2015-01-01,2020-11-13,,28.0163074315262
Mirat,BD50648563,,,,Raninagar,BD506485,Naogaon,BD5064,Rajshahi,BD50,Bangladesh,BD,2015-01-01,2020-11-13,,27.7547411720323
Mirganj,BD55733680,,,,Jaldhaka,BD557336,Nilphamari,BD5573,Rangpur,BD55,Bangladesh,BD,2015-01-01,2020-11-13,,20.4711644825436
Mirkadim Paurashava,BD30595600,,,,Munshiganj Sadar,BD305956,Munshiganj,BD3059,Dhaka,BD30,Bangladesh,BD,2015-01-01,2020-11-13,,5.25894278602508
Mirpur,BD60360547,,,,Bahubal,BD603605,Habiganj,BD6036,Sylhet,BD60,Bangladesh,BD,2015-01-01,2020-11-13,,12.6100863968178
Mirpur,BD60904747,,,,Jagannathpur,BD609047,Sunamganj,BD6090,Sylhet,BD60,Bangladesh,BD,2015-01-01,2020-11-13,,27.6832777037924
Mirpur Paurashava,BD40509499,,,,Mirpur,BD405094,Kushtia,BD4050,Khulna,BD40,Bangladesh,BD,2015-01-01,2020-11-13,,11.5935348666483
Mirsharai,BD20155359,,,,Mirsharai,BD201553,Chittagong,BD2015,Chittagong,BD20,Bangladesh,BD,2015-01-01,2020-11-13,,16.6289750261605
Mirsharai Paurashava,BD20155399,,,,Mirsharai,BD201553,Chittagong,BD2015,Chittagong,BD20,Bangladesh,BD,2015-01-01,2020-11-13,,15.6078781400564
Mirukhali,BD10795869,,,,Mathbaria,BD107958,Pirojpur,BD1079,Barisal,BD10,Bangladesh,BD,2015-01-01,2020-11-13,,32.3795146853062
Mirzabari,BD30935778,,,,Madhupur,BD309357,Tangail,BD3093,Dhaka,BD30,Bangladesh,BD,2015-01-01,2020-11-13,,18.8941487546676
Mirzaganj,BD10787681,,,,Mirzaganj,BD107876,Patuakhali,BD1078,Barisal,BD10,Bangladesh,BD,2015-01-01,2020-11-13,,33.0125509289363
Mirzanagar,BD20305147,,,,Parshuram,BD203051,Feni,BD2030,Chittagong,BD20,Bangladesh,BD,2015-01-01,2020-11-13,,25.4964110435573
Mirzanagar,BD30686454,,,,Roypura,BD306864,Narsingdi,BD3068,Dhaka,BD30,Bangladesh,BD,2015-01-01,2020-11-13,,9.51366291547876
Mirzapur,BD20153771,,,,Hathazari,BD201537,Chittagong,BD2015,Chittagong,BD20,Bangladesh,BD,2015-01-01,2020-11-13,,34.2119164532629
Mirzapur,BD30333067,,,,Gazipur Sadar,BD303330,Gazipur,BD3033,Dhaka,BD30,Bangladesh,BD,2015-01-01,2020-11-13,,96.9520347455923
Mirzapur,BD30686457,,,,Roypura,BD306864,Narsingdi,BD3068,Dhaka,BD30,Bangladesh,BD,2015-01-01,2020-11-13,,12.6216952372427
Mirzapur,BD30933880,,,,Gopalpur,BD309338,Tangail,BD3093,Dhaka,BD30,Bangladesh,BD,2015-01-01,2020-11-13,,22.823703652272
Mirzapur,BD40448063,,,,Shailkupa,BD404480,Jhenaidah,BD4044,Khulna,BD40,Bangladesh,BD,2015-01-01,2020-11-13,,35.1891769947139
Mirzapur,BD50108866,,,,Sherpur,BD501088,Bogra,BD5010,Rajshahi,BD50,Bangladesh,BD,2015-01-01,2020-11-13,,23.0409003335354
Mirzapur,BD55770454,,,,Atwari,BD557704,Panchagarh,BD5577,Rangpur,BD55,Bangladesh,BD,2015-01-01,2020-11-13,,36.3274570935006
Mirzapur,BD55855878,,,,Mitha Pukur,BD558558,Rangpur,BD5585,Rangpur,BD55,Bangladesh,BD,2015-01-01,2020-11-13,,30.9779095117346
Mirzapur,BD60588347,,,,Sreemangal,BD605883,Maulvibazar,BD6058,Sylhet,BD60,Bangladesh,BD,2015-01-01,2020-11-13,,44.14686716439481
Mirzapur Paurashava,BD30936699,,,,Mirzapur,BD309366,Tangail,BD3093,Dhaka,BD30,Bangladesh,BD,2015-01-01,2020-11-13,,7.18707164683638
Mirzar Char,BD30686461,,,,Roypura,BD306864,Narsingdi,BD3068,Dhaka,BD30,Bangladesh,BD,2015-01-01,2020-11-13,,8.90823574625325
Mithaganj,BD10786659,,,,Kala Para,BD107866,Patuakhali,BD1078,Barisal,BD10,Bangladesh,BD,2015-01-01,2020-11-13,,30.8902719221888
Mithakhali,BD40015859,,,,Mongla,BD400158,Bagerhat,BD4001,Khulna,BD40,Bangladesh,BD,2015-01-01,2020-11-13,,34.5471580195
Mithamain,BD30485981,,,,Mithamain,BD304859,Kishoreganj,BD3048,Dhaka,BD30,Bangladesh,BD,2015-01-01,2020-11-13,,36.7454361930447
Mithanala,BD20155365,,,,Mirsharai,BD201553,Chittagong,BD2015,Chittagong,BD20,Bangladesh,BD,2015-01-01,2020-11-13,,21.7411065857584
Mithapur,BD50640684,,,,Badalgachhi,BD506406,Naogaon,BD5064,Rajshahi,BD50,Bangladesh,BD,2015-01-01,2020-11-13,,20.834825565359
Mithapur,BD55857658,,,,Pirganj,BD558576,Rangpur,BD5585,Rangpur,BD55,Bangladesh,BD,2015-01-01,2020-11-13,,27.8054781690854
Mizanpur,BD30827651,,,,Rajbari Sadar,BD308276,Rajbari,BD3082,Dhaka,BD30,Bangladesh,BD,2015-01-01,2020-11-13,,58.7246409199972
Moazzempur,BD45617255,,,,Nandail,BD456172,Mymensingh,BD4561,Mymensingh,BD45,Bangladesh,BD,2015-01-01,2020-11-13,,26.2532965045222
Mobarakpur,BD50708847,,,,Shibganj,BD507088,Nawabganj,BD5070,Rajshahi,BD50,Bangladesh,BD,2015-01-01,2020-11-13,,30.8059664313881
Mochna,BD30355867,,,,Muksudpur,BD303558,Gopalganj,BD3035,Dhaka,BD30,Bangladesh,BD,2015-01-01,2020-11-13,,16.0224003650542
Mogalbachha,BD55495276,,,,Kurigram Sadar,BD554952,Kurigram,BD5549,Rangpur,BD55,Bangladesh,BD,2015-01-01,2020-11-13,,32.6183421982683
Mogalgaon,BD60916255,,,,Sylhet Sadar,BD609162,Sylhet,BD6091,Sylhet,BD60,Bangladesh,BD,2015-01-01,2020-11-13,,41.899268868152
Mogalhat,BD55525565,,,,Lalmonirhat Sadar,BD555255,Lalmonirhat,BD5552,Rangpur,BD55,Bangladesh,BD,2015-01-01,2020-11-13,,32.7581285184895
Mogla Bazar,BD60913160,,,,Dakshin Surma,BD609131,Sylhet,BD6091,Sylhet,BD60,Bangladesh,BD,2015-01-01,2020-11-13,,39.1805582233451
Mogra,BD20120285,,,,Akhaura,BD201202,Brahamanbaria,BD2012,Chittagong,BD20,Bangladesh,BD,2015-01-01,2020-11-13,,20.4085643520826
Mohadebpur,BD30567823,,,,Shibalaya,BD305678,Manikganj,BD3056,Dhaka,BD30,Bangladesh,BD,2015-01-01,2020-11-13,,22.5108069895106
Mohadipur,BD55326757,,,,Palashbari,BD553267,Gaibandha,BD5532,Rangpur,BD55,Bangladesh,BD,2015-01-01,2020-11-13,,20.1709745759301
Mohamadpur,BD50387484,,,,Panchbibi,BD503874,Joypurhat,BD5038,Rajshahi,BD50,Bangladesh,BD,2015-01-01,2020-11-13,,36.6733724778932
Mohamaya,BD20301457,,,,Chhagalnaiya,BD203014,Feni,BD2030,Chittagong,BD20,Bangladesh,BD,2015-01-01,2020-11-13,,23.2258988277457
Mohammadabad,BD50384776,,,,Joypurhat Sadar,BD503847,Joypurhat,BD5038,Rajshahi,BD50,Bangladesh,BD,2015-01-01,2020-11-13,,11.9078165382376
Mohammadpur,BD20751038,,,,Chatkhil,BD207510,Noakhali,BD2075,Chittagong,BD20,Bangladesh,BD,2015-01-01,2020-11-13,,22.9130684064733
Mohammadpur,BD20758076,,,,Senbagh,BD207580,Noakhali,BD2075,Chittagong,BD20,Bangladesh,BD,2015-01-01,2020-11-13,,5.08957216352308
Mohammadpur,BD20758543,,,,Subarnachar,BD207585,Noakhali,BD2075,Chittagong,BD20,Bangladesh,BD,2015-01-01,2020-11-13,,52.8030448089097
Mohammadpur,BD30866962,,,,Shariatpur Sadar,BD308669,Shariatpur,BD3086,Dhaka,BD30,Bangladesh,BD,2015-01-01,2020-11-13,,8.16234193235532
Mohammadpur,BD40556652,,,,Mohammadpur,BD405566,Magura,BD4055,Khulna,BD40,Bangladesh,BD,2015-01-01,2020-11-13,,22.2089273004968
Mohammadpur,BD55271225,,,,Birganj,BD552712,Dinajpur,BD5527,Rangpur,BD55,Bangladesh,BD,2015-01-01,2020-11-13,,31.5573428540963
Mohammadpur,BD55949458,,,,Thakurgaon Sadar,BD559494,Thakurgaon,BD5594,Rangpur,BD55,Bangladesh,BD,2015-01-01,2020-11-13,,26.8066168638728
Mohammadpur Paschim,BD20193673,,,,Daudkandi,BD201936,Comilla,BD2019,Chittagong,BD20,Bangladesh,BD,2015-01-01,2020-11-13,,14.2231059006168
Mohammadpur Purba,BD20193684,,,,Daudkandi,BD201936,Comilla,BD2019,Chittagong,BD20,Bangladesh,BD,2015-01-01,2020-11-13,,13.1246061549345
Mohan Pur,BD20194017,,,,Debidwar,BD201940,Comilla,BD2019,Chittagong,BD20,Bangladesh,BD,2015-01-01,2020-11-13,,14.0831769936824
Mohanganj,BD55490876,,,,Char Rajibpur,BD554908,Kurigram,BD5549,Rangpur,BD55,Bangladesh,BD,2015-01-01,2020-11-13,,58.6162211831632
Mohanganj Paurashava,BD45726399,,,,Mohanganj,BD457263,Netrakona,BD4572,Mymensingh,BD45,Bangladesh,BD,2015-01-01,2020-11-13,,6.19438549630946
Mohanpur,BD20137938,,,,Matlab Uttar,BD201379,Chandpur,BD2013,Chittagong,BD20,Bangladesh,BD,2015-01-01,2020-11-13,,29.2221918205461
Mohanpur,BD50813466,,,,Godagari,BD508134,Rajshahi,BD5081,Rajshahi,BD50,Bangladesh,BD,2015-01-01,2020-11-13,,98.7648029135895
Mohanpur,BD50889443,,,,Ullah Para,BD508894,Sirajganj,BD5088,Rajshahi,BD50,Bangladesh,BD,2015-01-01,2020-11-13,,36.0977703255418
Mohanpur,BD55271234,,,,Birganj,BD552712,Dinajpur,BD5527,Rangpur,BD55,Bangladesh,BD,2015-01-01,2020-11-13,,37.4171253121041
Mohanpur,BD60908950,,,,Sunamganj Sadar,BD609089,Sunamganj,BD6090,Sylhet,BD60,Bangladesh,BD,2015-01-01,2020-11-13,,17.1374575899858
Moharajpur,BD40441958,,,,Jhenaidah Sadar,BD404419,Jhenaidah,BD4044,Khulna,BD40,Bangladesh,BD,2015-01-01,2020-11-13,,35.7388184188487
Mokam,BD20191869,,,,Burichang,BD201918,Comilla,BD2019,Chittagong,BD20,Bangladesh,BD,2015-01-01,2020-11-13,,23.7622826719543
Mokamia,BD10044771,,,,Betagi,BD100447,Barguna,BD1004,Barisal,BD10,Bangladesh,BD,2015-01-01,2020-11-13,,21.1288189686362
Mokamtala,BD50109463,,,,Shibganj,BD501094,Bogra,BD5010,Rajshahi,BD50,Bangladesh,BD,2015-01-01,2020-11-13,,25.8938017323238
Mokara,BD20198769,,,,Nangalkot,BD201987,Comilla,BD2019,Chittagong,BD20,Bangladesh,BD,2015-01-01,2020-11-13,,23.7165893315199
Mokarimpur,BD40501581,,,,Bheramara,BD405015,Kushtia,BD4050,Khulna,BD40,Bangladesh,BD,2015-01-01,2020-11-13,,39.7540506218615
Mokhna,BD30937665,,,,Nagarpur,BD309376,Tangail,BD3093,Dhaka,BD30,Bangladesh,BD,2015-01-01,2020-11-13,,23.7422228241627
Mokrabpur,BD20198773,,,,Nangalkot,BD201987,Comilla,BD2019,Chittagong,BD20,Bangladesh,BD,2015-01-01,2020-11-13,,10.1074307080726
Mokshapur,BD45619463,,,,Trishal,BD456194,Mymensingh,BD4561,Mymensingh,BD45,Bangladesh,BD,2015-01-01,2020-11-13,,27.3945123518142
Moktarpur,BD30333494,,,,Kaliganj,BD303334,Gazipur,BD3033,Dhaka,BD30,Bangladesh,BD,2015-01-01,2020-11-13,,38.7059155543383
Mollah Para,BD60908955,,,,Sunamganj Sadar,BD609089,Sunamganj,BD6090,Sylhet,BD60,Bangladesh,BD,2015-01-01,2020-11-13,,30.4107073192459
Mollahat,BD10427336,,,,Nalchity,BD104273,Jhalokati,BD1042,Barisal,BD10,Bangladesh,BD,2015-01-01,2020-11-13,,19.3077568297562
Mollahkandi,BD30595657,,,,Munshiganj Sadar,BD305956,Munshiganj,BD3059,Dhaka,BD30,Bangladesh,BD,2015-01-01,2020-11-13,,16.6278152801543
Mollahpur,BD60911714,,,,Beani Bazar,BD609117,Sylhet,BD6091,Sylhet,BD60,Bangladesh,BD,2015-01-01,2020-11-13,,15.3129827106665
Mollar Char,BD55322485,,,,Gaibandha Sadar,BD553224,Gaibandha,BD5532,Rangpur,BD55,Bangladesh,BD,2015-01-01,2020-11-13,,28.4170910253486
Mollargaon,BD60913165,,,,Dakshin Surma,BD609131,Sylhet,BD6091,Sylhet,BD60,Bangladesh,BD,2015-01-01,2020-11-13,,11.6225151162768
Mominpur,BD40182359,,,,Chuadanga Sadar,BD401823,Chuadanga,BD4018,Khulna,BD40,Bangladesh,BD,2015-01-01,2020-11-13,,17.3656037120094
Mominpur,BD55277760,,,,Parbatipur,BD552777,Dinajpur,BD5527,Rangpur,BD55,Bangladesh,BD,2015-01-01,2020-11-13,,31.1968754793337
Mominpur,BD55854931,,,,Rangpur Sadar,BD558549,Rangpur,BD5585,Rangpur,BD55,Bangladesh,BD,2015-01-01,2020-11-13,,28.5410234501679
Monakhali,BD40576085,,,,Mujib Nagar,BD405760,Meherpur,BD4057,Khulna,BD40,Bangladesh,BD,2015-01-01,2020-11-13,,19.7765676219761
Mongla Port Paurashava,BD40015899,,,,Mongla,BD400158,Bagerhat,BD4001,Khulna,BD40,Bangladesh,BD,2015-01-01,2020-11-13,,17.3260594445502
Morrelganj,BD40016065,,,,Morrelganj,BD400160,Bagerhat,BD4001,Khulna,BD40,Bangladesh,BD,2015-01-01,2020-11-13,,12.2974077627734
Morrelganj Paurashava,BD40016099,,,,Morrelganj,BD400160,Bagerhat,BD4001,Khulna,BD40,Bangladesh,BD,2015-01-01,2020-11-13,,21.1442061947746
Moshinda,BD50694167,,,,Gurudaspur,BD506941,Natore,BD5069,Rajshahi,BD50,Bangladesh,BD,2015-01-01,2020-11-13,,23.1559191255205
Mostafapur,BD55277769,,,,Parbatipur,BD552777,Dinajpur,BD5527,Rangpur,BD55,Bangladesh,BD,2015-01-01,2020-11-13,,34.7978000160023
Mostafapur,BD60587480,,,,Maulvi Bazar Sadar,BD605874,Maulvibazar,BD6058,Sylhet,BD60,Bangladesh,BD,2015-01-01,2020-11-13,,20.1417889444819
Mothurapur,BD50762270,,,,Chatmohar,BD507622,Pabna,BD5076,Rajshahi,BD50,Bangladesh,BD,2015-01-01,2020-11-13,,15.6485289594956
Mouchak,BD30333266,,,,Kaliakair,BD303332,Gazipur,BD3033,Dhaka,BD30,Bangladesh,BD,2015-01-01,2020-11-13,,55.1442105404828
Moyna,BD30291860,,,,Boalmari,BD302918,Faridpur,BD3029,Dhaka,BD30,Bangladesh,BD,2015-01-01,2020-11-13,,27.7793888649111
Mriga,BD30483386,,,,Itna,BD304833,Kishoreganj,BD3048,Dhaka,BD30,Bangladesh,BD,2015-01-01,2020-11-13,,48.5266345692486
Mrigi,BD30824770,,,,Kalukhali,BD308247,Rajbari,BD3082,Dhaka,BD30,Bangladesh,BD,2015-01-01,2020-11-13,,23.8938937272406
Mubachhari,BD20466563,,,,Mahalchhari,BD204665,Khagrachhari,BD2046,Chittagong,BD20,Bangladesh,BD,2015-01-01,2020-11-13,,49.7743429388025
Mudafarganj,BD20197263,,,,Laksam,BD201972,Comilla,BD2019,Chittagong,BD20,Bangladesh,BD,2015-01-01,2020-11-13,,27.1358430534416
Mugra Para,BD30670451,,,,Sonargaon,BD306704,Narayanganj,BD3067,Dhaka,BD30,Bangladesh,BD,2015-01-01,2020-11-13,,9.272953966333072
Mujib Nagar,BD10092573,,,,Char Fasson,BD100925,Bhola,BD1009,Barisal,BD10,Bangladesh,BD,2015-01-01,2020-11-13,,9.16325247843208
Muksudpur,BD30261842,,,,Dohar,BD302618,Dhaka,BD3026,Dhaka,BD30,Bangladesh,BD,2015-01-01,2020-11-13,,15.1142030531511
Muksudpur Paurashava,BD30355899,,,,Muksudpur,BD303558,Gopalganj,BD3035,Dhaka,BD30,Bangladesh,BD,2015-01-01,2020-11-13,,17.7442027023528
Muktagachha Paurashava,BD45616599,,,,Muktagachha,BD456165,Mymensingh,BD4561,Mymensingh,BD45,Bangladesh,BD,2015-01-01,2020-11-13,,5.629924901756371
Muktanagar,BD55328895,,,,Saghatta,BD553288,Gaibandha,BD5532,Rangpur,BD55,Bangladesh,BD,2015-01-01,2020-11-13,,14.53958480435
Muktarer Char,BD30866569,,,,Naria,BD308665,Shariatpur,BD3086,Dhaka,BD30,Bangladesh,BD,2015-01-01,2020-11-13,,16.1378076423525
Mukundapur,BD55271023,,,,Birampur,BD552710,Dinajpur,BD5527,Rangpur,BD55,Bangladesh,BD,2015-01-01,2020-11-13,,15.0615877066667
Mukundapur,BD55275631,,,,Kaharole,BD552756,Dinajpur,BD5527,Rangpur,BD55,Bangladesh,BD,2015-01-01,2020-11-13,,33.69765812610969
Muladi,BD10066959,,,,Muladi,BD100669,Barisal,BD1006,Barisal,BD10,Bangladesh,BD,2015-01-01,2020-11-13,,32.7049450637042
Muladuli,BD50763942,,,,Ishwardi,BD507639,Pabna,BD5076,Rajshahi,BD50,Bangladesh,BD,2015-01-01,2020-11-13,,42.2764544240806
Mulghar,BD30827658,,,,Rajbari Sadar,BD308276,Rajbari,BD3082,Dhaka,BD30,Bangladesh,BD,2015-01-01,2020-11-13,,19.7119445238349
Mulghar,BD40013452,,,,Fakirhat,BD400134,Bagerhat,BD4001,Khulna,BD40,Bangladesh,BD,2015-01-01,2020-11-13,,17.3092029214875
Mulgram,BD20126394,,,,Kasba,BD201263,Brahamanbaria,BD2012,Chittagong,BD20,Bangladesh,BD,2015-01-01,2020-11-13,,30.4037823934401
Mulgram,BD50762277,,,,Chatmohar,BD507622,Pabna,BD5076,Rajshahi,BD50,Bangladesh,BD,2015-01-01,2020-11-13,,32.7420905256793
Mulia,BD40657661,,,,Narail Sadar,BD406576,Narail,BD4065,Khulna,BD40,Bangladesh,BD,2015-01-01,2020-11-13,,11.7179261446341
Mulna,BD30869458,,,,Zanjira,BD308694,Shariatpur,BD3086,Dhaka,BD30,Bangladesh,BD,2015-01-01,2020-11-13,,13.8052168357007
Mumurdia,BD30484585,,,,Katiadi,BD304845,Kishoreganj,BD3048,Dhaka,BD30,Bangladesh,BD,2015-01-01,2020-11-13,,21.4694845944495
Mundumala Paurashava,BD50819400,,,,Tanore,BD508194,Rajshahi,BD5081,Rajshahi,BD50,Bangladesh,BD,2015-01-01,2020-11-13,,32.3952760424531
Munotosh,BD50761919,,,,Bhangura,BD507619,Pabna,BD5076,Rajshahi,BD50,Bangladesh,BD,2015-01-01,2020-11-13,,11.388883649307
Munshi Bazar,BD60585657,,,,Kamalganj,BD605856,Maulvibazar,BD6058,Sylhet,BD60,Bangladesh,BD,2015-01-01,2020-11-13,,14.9177386933561
Munshi Bazar,BD60588042,,,,Rajnagar,BD605880,Maulvibazar,BD6058,Sylhet,BD60,Bangladesh,BD,2015-01-01,2020-11-13,,47.481498351948
Munshiganj,BD40878663,,,,Shyamnagar,BD408786,Satkhira,BD4087,Khulna,BD40,Bangladesh,BD,2015-01-01,2020-11-13,,49.9215198269659
Munshiganj Paurashava,BD30595699,,,,Munshiganj Sadar,BD305956,Munshiganj,BD3059,Dhaka,BD30,Bangladesh,BD,2015-01-01,2020-11-13,,10.6258108343985
Munshirhat,BD20193171,,,,Chauddagram,BD201931,Comilla,BD2019,Chittagong,BD20,Bangladesh,BD,2015-01-01,2020-11-13,,21.3703352791443
Munshirhat,BD20304181,,,,Fulgazi,BD203041,Feni,BD2030,Chittagong,BD20,Bangladesh,BD,2015-01-01,2020-11-13,,15.706227941363
Mura Para,BD30676863,,,,Rupganj,BD306768,Narayanganj,BD3067,Dhaka,BD30,Bangladesh,BD,2015-01-01,2020-11-13,,10.933101050479
Muradia,BD10785581,,,,Dumki,BD107855,Patuakhali,BD1078,Barisal,BD10,Bangladesh,BD,2015-01-01,2020-11-13,,28.1190644609409
Muradnagar,BD20198154,,,,Muradnagar,BD201981,Comilla,BD2019,Chittagong,BD20,Bangladesh,BD,2015-01-01,2020-11-13,,20.9180201406677
Muradpur,BD20158657,,,,Sitakunda,BD201586,Chittagong,BD2015,Chittagong,BD20,Bangladesh,BD,2015-01-01,2020-11-13,,23.3573232517866
Muradpur,BD60361169,,,,Baniachong,BD603611,Habiganj,BD6036,Sylhet,BD60,Bangladesh,BD,2015-01-01,2020-11-13,,25.985996681463
Murakari,BD60366867,,,,Lakhai,BD603668,Habiganj,BD6036,Sylhet,BD60,Bangladesh,BD,2015-01-01,2020-11-13,,16.9559167451384
Muria,BD60911777,,,,Beani Bazar,BD609117,Sylhet,BD6091,Sylhet,BD60,Bangladesh,BD,2015-01-01,2020-11-13,,35.5141670848684
Muriauk,BD60366881,,,,Lakhai,BD603668,Habiganj,BD6036,Sylhet,BD60,Bangladesh,BD,2015-01-01,2020-11-13,,19.0281185248669
Musapur,BD20157875,,,,Sandwip,BD201578,Chittagong,BD2015,Chittagong,BD20,Bangladesh,BD,2015-01-01,2020-11-13,,22.5871828029065
Musapur,BD20752159,,,,Companiganj,BD207521,Noakhali,BD2075,Chittagong,BD20,Bangladesh,BD,2015-01-01,2020-11-13,,40.7733432094689
Musapur,BD30670679,,,,Bandar,BD306706,Narayanganj,BD3067,Dhaka,BD30,Bangladesh,BD,2015-01-01,2020-11-13,,10.8645206934272
Musapur,BD30686464,,,,Roypura,BD306864,Narsingdi,BD3068,Dhaka,BD30,Bangladesh,BD,2015-01-01,2020-11-13,,15.058708871009
Mushidhat,BD55272154,,,,Bochaganj,BD552721,Dinajpur,BD5527,Rangpur,BD55,Bangladesh,BD,2015-01-01,2020-11-13,,27.093490259073
Mustafapur,BD30545471,,,,Madaripur Sadar,BD305454,Madaripur,BD3054,Dhaka,BD30,Bangladesh,BD,2015-01-01,2020-11-13,,19.0781129350657
Musuddi,BD30932580,,,,Dhanbari,BD309325,Tangail,BD3093,Dhaka,BD30,Bangladesh,BD,2015-01-01,2020-11-13,,12.0570256890586
Musuli,BD45617263,,,,Nandail,BD456172,Mymensingh,BD4561,Mymensingh,BD45,Bangladesh,BD,2015-01-01,2020-11-13,,28.2175649548784
Muzaffarpur,BD45724767,,,,Kendua,BD457247,Netrakona,BD4572,Mymensingh,BD45,Bangladesh,BD,2015-01-01,2020-11-13,,25.8423816381281
Mymensingh Paurashava,BD45615299,,,,Mymensingh Sadar,BD456152,Mymensingh,BD4561,Mymensingh,BD45,Bangladesh,BD,2015-01-01,2020-11-13,,22.3778990505256
Nabagram,BD10424076,,,,Jhalokati Sadar,BD104240,Jhalokati,BD1042,Barisal,BD10,Bangladesh,BD,2015-01-01,2020-11-13,,20.0785732346035
Nabagram,BD30544075,,,,Kalkini,BD305440,Madaripur,BD3054,Dhaka,BD30,Bangladesh,BD,2015-01-01,2020-11-13,,20.5601287861147
Nabagram,BD30564687,,,,Manikganj Sadar,BD305646,Manikganj,BD3056,Dhaka,BD30,Bangladesh,BD,2015-01-01,2020-11-13,,14.9644947928848
Nabharan,BD40412359,,,,Jhikargachha,BD404123,Jessore,BD4041,Khulna,BD40,Bangladesh,BD,2015-01-01,2020-11-13,,26.0460853449609
Nabiganj,BD60367780,,,,Nabiganj,BD603677,Habiganj,BD6036,Sylhet,BD60,Bangladesh,BD,2015-01-01,2020-11-13,,27.4003933288039
Nabiganj Paurashava,BD60367799,,,,Nabiganj,BD603677,Habiganj,BD6036,Sylhet,BD60,Bangladesh,BD,2015-01-01,2020-11-13,,6.78907630816547
Nabinagar Paurashava,BD20128599,,,,Nabinagar,BD201285,Brahamanbaria,BD2012,Chittagong,BD20,Bangladesh,BD,2015-01-01,2020-11-13,,13.760158318394
Nabipur,BD20758085,,,,Senbagh,BD207580,Noakhali,BD2075,Chittagong,BD20,Bangladesh,BD,2015-01-01,2020-11-13,,16.1375404404675
Nachan Mohal,BD10427352,,,,Nalchity,BD104273,Jhalokati,BD1042,Barisal,BD10,Bangladesh,BD,2015-01-01,2020-11-13,,16.6669061701104
Nachna Para,BD10048559,,,,Patharghata,BD100485,Barguna,BD1004,Barisal,BD10,Bangladesh,BD,2015-01-01,2020-11-13,,23.6825880850365
Nachole,BD50705657,,,,Nachole,BD507056,Nawabganj,BD5070,Rajshahi,BD50,Bangladesh,BD,2015-01-01,2020-11-13,,60.5468911679288
Nachole Paurashava,BD50705699,,,,Nachole,BD507056,Nawabganj,BD5070,Rajshahi,BD50,Bangladesh,BD,2015-01-01,2020-11-13,,11.101319111349
Nadana,BD20758373,,,,Sonaimuri,BD207583,Noakhali,BD2075,Chittagong,BD20,Bangladesh,BD,2015-01-01,2020-11-13,,23.71242632062
Nafanagar,BD55272167,,,,Bochaganj,BD552721,Dinajpur,BD5527,Rangpur,BD55,Bangladesh,BD,2015-01-01,2020-11-13,,36.5134575197907
Nagar,BD45723881,,,,Khaliajuri,BD457238,Netrakona,BD4572,Mymensingh,BD45,Bangladesh,BD,2015-01-01,2020-11-13,,38.2734319211073
Nagar,BD50691583,,,,Baraigram,BD506915,Natore,BD5069,Rajshahi,BD50,Bangladesh,BD,2015-01-01,2020-11-13,,50.8868008076201
Nagarghata,BD40879071,,,,Tala,BD408790,Satkhira,BD4087,Khulna,BD40,Bangladesh,BD,2015-01-01,2020-11-13,,24.0839946539164
Nagari,BD30333496,,,,Kaliganj,BD303334,Gazipur,BD3033,Dhaka,BD30,Bangladesh,BD,2015-01-01,2020-11-13,,36.8997460508878
Nagarkanda Paurashava,BD30296299,,,,Nagarkanda,BD302962,Faridpur,BD3029,Dhaka,BD30,Bangladesh,BD,2015-01-01,2020-11-13,,7.286996495545219
Nagarpur,BD30937673,,,,Nagarpur,BD309376,Tangail,BD3093,Dhaka,BD30,Bangladesh,BD,2015-01-01,2020-11-13,,17.5066713770466
Nagbari,BD30934765,,,,Kalihati,BD309347,Tangail,BD3093,Dhaka,BD30,Bangladesh,BD,2015-01-01,2020-11-13,,24.1898826171629
Nagda Simla,BD30933894,,,,Gopalpur,BD309338,Tangail,BD3093,Dhaka,BD30,Bangladesh,BD,2015-01-01,2020-11-13,,26.5135564109885
Nagdaha,BD40180794,,,,Alamdanga,BD401807,Chuadanga,BD4018,Khulna,BD40,Bangladesh,BD,2015-01-01,2020-11-13,,48.60515454781621
Nagdemra,BD50767277,,,,Santhia,BD507672,Pabna,BD5076,Rajshahi,BD50,Bangladesh,BD,2015-01-01,2020-11-13,,25.347473822259
Nager Para,BD30863659,,,,Gosairhat,BD308636,Shariatpur,BD3086,Dhaka,BD30,Bangladesh,BD,2015-01-01,2020-11-13,,23.9318622909855
Nahata,BD40556663,,,,Mohammadpur,BD405566,Magura,BD4055,Khulna,BD40,Bangladesh,BD,2015-01-01,2020-11-13,,36.9675934132651
Naihati,BD40477554,,,,Rupsa,BD404775,Khulna,BD4047,Khulna,BD40,Bangladesh,BD,2015-01-01,2020-11-13,,27.0841226035924
Naikhongchhari,BD20037376,,,,Naikhongchhari,BD200373,Bandarban,BD2003,Chittagong,BD20,Bangladesh,BD,2015-01-01,2020-11-13,,78.3384689151196
Nakai,BD55323055,,,,Gobindaganj,BD553230,Gaibandha,BD5532,Rangpur,BD55,Bangladesh,BD,2015-01-01,2020-11-13,,24.7452775255428
Nakla,BD45896757,,,,Nakla,BD458967,Sherpur,BD4589,Mymensingh,BD45,Bangladesh,BD,2015-01-01,2020-11-13,,15.3285949005729
Nakla Paurashava,BD45896799,,,,Nakla,BD458967,Sherpur,BD4589,Mymensingh,BD45,Bangladesh,BD,2015-01-01,2020-11-13,,5.20070871292938
Nakol,BD40559552,,,,Sreepur,BD405595,Magura,BD4055,Khulna,BD40,Bangladesh,BD,2015-01-01,2020-11-13,,22.9553300502989
Nalchira,BD10063271,,,,Gaurnadi,BD100632,Barisal,BD1006,Barisal,BD10,Bangladesh,BD,2015-01-01,2020-11-13,,21.2912682538621
Nalchira,BD20753666,,,,Hatiya,BD207536,Noakhali,BD2075,Chittagong,BD20,Bangladesh,BD,2015-01-01,2020-11-13,,10.2364430098076
Naldanga,BD40441963,,,,Jhenaidah Sadar,BD404419,Jhenaidah,BD4044,Khulna,BD40,Bangladesh,BD,2015-01-01,2020-11-13,,35.7104832911584
Naldanga,BD55328286,,,,Sadullapur,BD553282,Gaibandha,BD5532,Rangpur,BD55,Bangladesh,BD,2015-01-01,2020-11-13,,20.7062298053595
Naldanga Paurashava,BD50696300,,,,Natore Sadar,BD506963,Natore,BD5069,Rajshahi,BD50,Bangladesh,BD,2015-01-01,2020-11-13,,6.76060417934713
Naldha Maubhog,BD40013463,,,,Fakirhat,BD400134,Bagerhat,BD4001,Khulna,BD40,Bangladesh,BD,2015-01-01,2020-11-13,,13.7117875588938
Naldi,BD40655279,,,,Lohagara,BD406552,Narail,BD4065,Khulna,BD40,Bangladesh,BD,2015-01-01,2020-11-13,,41.568487342414
Nali,BD30562259,,,,Ghior,BD305622,Manikganj,BD3056,Dhaka,BD30,Bangladesh,BD,2015-01-01,2020-11-13,,19.8387097106812
Nalian Range,BD40475397,,,,Koyra,BD404753,Khulna,BD4047,Khulna,BD40,Bangladesh,BD,2015-01-01,2020-11-13,,989.449549882504
Nalitabari,BD45897051,,,,Nalitabari,BD458970,Sherpur,BD4589,Mymensingh,BD45,Bangladesh,BD,2015-01-01,2020-11-13,,13.4644573842966
Nalitabari Paurashava,BD45897099,,,,Nalitabari,BD458970,Sherpur,BD4589,Mymensingh,BD45,Bangladesh,BD,2015-01-01,2020-11-13,,19.7511375924033
Nalka,BD50886166,,,,Royganj,BD508861,Sirajganj,BD5088,Rajshahi,BD50,Bangladesh,BD,2015-01-01,2020-11-13,,30.0045500243982
Nalkura,BD45893760,,,,Jhenaigati,BD458937,Sherpur,BD4589,Mymensingh,BD45,Bangladesh,BD,2015-01-01,2020-11-13,,33.9519439859519
Nalmuri,BD30863671,,,,Gosairhat,BD308636,Shariatpur,BD3086,Dhaka,BD30,Bangladesh,BD,2015-01-01,2020-11-13,,10.4000867149171
Nalta,BD40874779,,,,Kaliganj,BD408747,Satkhira,BD4087,Khulna,BD40,Bangladesh,BD,2015-01-01,2020-11-13,,40.59698012911301
Naltona,BD10042895,,,,Barguna Sadar,BD100428,Barguna,BD1004,Barisal,BD10,Bangladesh,BD,2015-01-01,2020-11-13,,35.2636030035039
Nalua,BD10060774,,,,Bakerganj,BD100607,Barisal,BD1006,Barisal,BD10,Bangladesh,BD,2015-01-01,2020-11-13,,15.5573783534971
Nalua,BD20158269,,,,Satkania,BD201582,Chittagong,BD2015,Chittagong,BD20,Bangladesh,BD,2015-01-01,2020-11-13,,12.1658820976305
Namuja,BD50102060,,,,Bogra Sadar,BD501020,Bogra,BD5010,Rajshahi,BD50,Bangladesh,BD,2015-01-01,2020-11-13,,17.0633564020478
Nandail,BD45617271,,,,Nandail,BD456172,Mymensingh,BD4561,Mymensingh,BD45,Bangladesh,BD,2015-01-01,2020-11-13,,21.3180598895045
Nandail Paurashava,BD45617299,,,,Nandail,BD456172,Mymensingh,BD4561,Mymensingh,BD45,Bangladesh,BD,2015-01-01,2020-11-13,,8.59561181983638
Nandalalpur,BD40507169,,,,Kumarkhali,BD405071,Kushtia,BD4050,Khulna,BD40,Bangladesh,BD,2015-01-01,2020-11-13,,26.2450283528572
Nandanpur,BD50767286,,,,Santhia,BD507672,Pabna,BD5076,Rajshahi,BD50,Bangladesh,BD,2015-01-01,2020-11-13,,29.37189180183
Nandigram,BD50106773,,,,Nandigram,BD501067,Bogra,BD5010,Rajshahi,BD50,Bangladesh,BD,2015-01-01,2020-11-13,,28.7658982146022
Nandigram Paurashava,BD50106799,,,,Nandigram,BD501067,Bogra,BD5010,Rajshahi,BD50,Bangladesh,BD,2015-01-01,2020-11-13,,19.8250305190467
Nandirgaon,BD60914163,,,,Gowainghat,BD609141,Sylhet,BD6091,Sylhet,BD60,Bangladesh,BD,2015-01-01,2020-11-13,,43.9915478197865
Nangalkot,BD20198777,,,,Nangalkot,BD201987,Comilla,BD2019,Chittagong,BD20,Bangladesh,BD,2015-01-01,2020-11-13,,0.716070012044569
Nangalkot Paurashava,BD20198799,,,,Nangalkot,BD201987,Comilla,BD2019,Chittagong,BD20,Bangladesh,BD,2015-01-01,2020-11-13,,9.43885587163384
Nangalmora,BD20153777,,,,Hathazari,BD201537,Chittagong,BD2015,Chittagong,BD20,Bangladesh,BD,2015-01-01,2020-11-13,,1.79650110616984
Nangalthara,BD40874323,,,,Kalaroa,BD408743,Satkhira,BD4087,Khulna,BD40,Bangladesh,BD,2015-01-01,2020-11-13,,12.4367708742336
Nangla,BD45396185,,,,Melandaha,BD453961,Jamalpur,BD4539,Mymensingh,BD45,Bangladesh,BD,2015-01-01,2020-11-13,,21.2603174837778
Naniarchar,BD20847557,,,,Naniarchar,BD208475,Rangamati,BD2084,Chittagong,BD20,Bangladesh,BD,2015-01-01,2020-11-13,,82.913572514549
Nanikshir,BD30355872,,,,Muksudpur,BD303558,Gopalganj,BD3035,Dhaka,BD30,Bangladesh,BD,2015-01-01,2020-11-13,,15.706735506343
Nannar,BD30261465,,,,Dhamrai,BD302614,Dhaka,BD3026,Dhaka,BD30,Bangladesh,BD,2015-01-01,2020-11-13,,16.3072970132338
Nanupur,BD20153361,,,,Fatikchhari,BD201533,Chittagong,BD2015,Chittagong,BD20,Bangladesh,BD,2015-01-01,2020-11-13,,19.6765256435464
Naodanga,BD55491867,,,,Phulbari,BD554918,Kurigram,BD5549,Rangpur,BD55,Bangladesh,BD,2015-01-01,2020-11-13,,25.6775625448318
Naodoba,BD30869465,,,,Zanjira,BD308694,Shariatpur,BD3086,Dhaka,BD30,Bangladesh,BD,2015-01-01,2020-11-13,,16.659432420353
Naogaon,BD45612077,,,,Fulbaria,BD456120,Mymensingh,BD4561,Mymensingh,BD45,Bangladesh,BD,2015-01-01,2020-11-13,,28.1495888513579
Naogaon,BD50888952,,,,Tarash,BD508889,Sirajganj,BD5088,Rajshahi,BD50,Bangladesh,BD,2015-01-01,2020-11-13,,30.1998440332223
Naogaon Paurashava,BD50646099,,,,Naogaon Sadar,BD506460,Naogaon,BD5064,Rajshahi,BD50,Bangladesh,BD,2015-01-01,2020-11-13,,33.2041803762542
Naotara,BD55731266,,,,Dimla,BD557312,Nilphamari,BD5573,Rangpur,BD55,Bangladesh,BD,2015-01-01,2020-11-13,,37.4354962149372
Narahatta,BD50105476,,,,Kahaloo,BD501054,Bogra,BD5010,Rajshahi,BD50,Bangladesh,BD,2015-01-01,2020-11-13,,22.5361093449476
Narail,BD45612481,,,,Haluaghat,BD456124,Mymensingh,BD4561,Mymensingh,BD45,Bangladesh,BD,2015-01-01,2020-11-13,,36.4423895835742
Narail Paurashava,BD40657699,,,,Narail Sadar,BD406576,Narail,BD4065,Khulna,BD40,Bangladesh,BD,2015-01-01,2020-11-13,,27.8102834173187
Narandi,BD30487966,,,,Pakundia,BD304879,Kishoreganj,BD3048,Dhaka,BD30,Bangladesh,BD,2015-01-01,2020-11-13,,14.2439561069029
Narandia,BD30934773,,,,Kalihati,BD309347,Tangail,BD3093,Dhaka,BD30,Bangladesh,BD,2015-01-01,2020-11-13,,25.447565266557
Narandia,BD45728387,,,,Purbadhala,BD457283,Netrakona,BD4572,Mymensingh,BD45,Bangladesh,BD,2015-01-01,2020-11-13,,22.0643470181589
Narayandia,BD20199477,,,,Titas,BD201994,Comilla,BD2019,Chittagong,BD20,Bangladesh,BD,2015-01-01,2020-11-13,,9.42776533683371
Narayanganj Paurashava,BD30675899,,,,Narayanganj Sadar,BD306758,Narayanganj,BD3067,Dhaka,BD30,Bangladesh,BD,2015-01-01,2020-11-13,,6.661893388306271
Narayanhat,BD20153366,,,,Fatikchhari,BD201533,Chittagong,BD2015,Chittagong,BD20,Bangladesh,BD,2015-01-01,2020-11-13,,60.8310191345567
Narayanpur,BD20137643,,,,Matlab Dakshin,BD201376,Chandpur,BD2013,Chittagong,BD20,Bangladesh,BD,2015-01-01,2020-11-13,,22.5514975224611
Narayanpur,BD30680759,,,,Belabo,BD306807,Narsingdi,BD3068,Dhaka,BD30,Bangladesh,BD,2015-01-01,2020-11-13,,19.6783701153736
Narayanpur,BD30861469,,,,Bhedarganj,BD308614,Shariatpur,BD3086,Dhaka,BD30,Bangladesh,BD,2015-01-01,2020-11-13,,5.10553307584467
Narayanpur,BD40411151,,,,Chaugachha,BD404111,Jessore,BD4041,Khulna,BD40,Bangladesh,BD,2015-01-01,2020-11-13,,30.7469764913956
Narayanpur,BD50706667,,,,Nawabganj Sadar,BD507066,Nawabganj,BD5070,Rajshahi,BD50,Bangladesh,BD,2015-01-01,2020-11-13,,42.8744794517585
Narayanpur,BD55496163,,,,Nageshwari,BD554961,Kurigram,BD5549,Rangpur,BD55,Bangladesh,BD,2015-01-01,2020-11-13,,54.587376619206
Narchi,BD50108175,,,,Sariakandi,BD501081,Bogra,BD5010,Rajshahi,BD50,Bangladesh,BD,2015-01-01,2020-11-13,,15.6514680863657
Nardas,BD50811282,,,,Baghmara,BD508112,Rajshahi,BD5081,Rajshahi,BD50,Bangladesh,BD,2015-01-01,2020-11-13,,21.0599908926638
Narendrapur,BD40414783,,,,Kotwali,BD404147,Jessore,BD4041,Khulna,BD40,Bangladesh,BD,2015-01-01,2020-11-13,,25.1224094762494
Nargun,BD55949463,,,,Thakurgaon Sadar,BD559494,Thakurgaon,BD5594,Rangpur,BD55,Bangladesh,BD,2015-01-01,2020-11-13,,37.0081503400139
Naria Paurashava,BD30866599,,,,Naria,BD308665,Shariatpur,BD3086,Dhaka,BD30,Bangladesh,BD,2015-01-01,2020-11-13,,10.4399028304245
Narikelbaria,BD30298476,,,,Sadarpur,BD302984,Faridpur,BD3029,Dhaka,BD30,Bangladesh,BD,2015-01-01,2020-11-13,,59.1895242509684
Narikelbaria,BD40410976,,,,Bagher Para,BD404109,Jessore,BD4041,Khulna,BD40,Bangladesh,BD,2015-01-01,2020-11-13,,33.5222969429327
Narisha,BD30261852,,,,Dohar,BD302618,Dhaka,BD3026,Dhaka,BD30,Bangladesh,BD,2015-01-01,2020-11-13,,18.4304816870917
Narnia,BD50886758,,,,Shahjadpur,BD508867,Sirajganj,BD5088,Rajshahi,BD50,Bangladesh,BD,2015-01-01,2020-11-13,,10.2069591377657
Narottampur,BD20750749,,,,Begumganj,BD207507,Noakhali,BD2075,Chittagong,BD20,Bangladesh,BD,2015-01-01,2020-11-13,,6.74263833490564
Narottampur,BD20754770,,,,Kabirhat,BD207547,Noakhali,BD2075,Chittagong,BD20,Bangladesh,BD,2015-01-01,2020-11-13,,16.5030557297902
Narsing Pur,BD60903392,,,,Dowarabazar,BD609033,Sunamganj,BD6090,Sylhet,BD60,Bangladesh,BD,2015-01-01,2020-11-13,,44.6908475951452
Narsingdi Paurashava,BD30686099,,,,Narsingdi Sadar,BD306860,Narsingdi,BD3068,Dhaka,BD30,Bangladesh,BD,2015-01-01,2020-11-13,,8.95159102095527
Narua,BD30820785,,,,Balia Kandi,BD308207,Rajbari,BD3082,Dhaka,BD30,Bangladesh,BD,2015-01-01,2020-11-13,,22.0611246155894
Naruamala,BD50104061,,,,Gabtali,BD501040,Bogra,BD5010,Rajshahi,BD50,Bangladesh,BD,2015-01-01,2020-11-13,,20.3281715318659
Narundi,BD45393653,,,,Jamalpur Sadar,BD453936,Jamalpur,BD4539,Mymensingh,BD45,Bangladesh,BD,2015-01-01,2020-11-13,,25.580767401009
Nasasan,BD30866582,,,,Naria,BD308665,Shariatpur,BD3086,Dhaka,BD30,Bangladesh,BD,2015-01-01,2020-11-13,,8.51862321258343
Nasipur,BD50104067,,,,Gabtali,BD501040,Bogra,BD5010,Rajshahi,BD50,Bangladesh,BD,2015-01-01,2020-11-13,,17.0985889047897
Nasirabad,BD30263685,,,,Khilgaon,BD302636,Dhaka,BD3026,Dhaka,BD30,Bangladesh,BD,2015-01-01,2020-11-13,,6.36177326817326
Nasirabad,BD30291079,,,,Bhanga,BD302910,Faridpur,BD3029,Dhaka,BD30,Bangladesh,BD,2015-01-01,2020-11-13,,14.2874316413553
Nasirnagar,BD20129087,,,,Nasirnagar,BD201290,Brahamanbaria,BD2012,Chittagong,BD20,Bangladesh,BD,2015-01-01,2020-11-13,,29.0020605269795
Nasratpur,BD50100667,,,,Adamdighi,BD501006,Bogra,BD5010,Rajshahi,BD50,Bangladesh,BD,2015-01-01,2020-11-13,,24.2586041239842
Nasratpur,BD55273063,,,,Chirirbandar,BD552730,Dinajpur,BD5527,Rangpur,BD55,Bangladesh,BD,2015-01-01,2020-11-13,,11.3233022820396
Nateshwar,BD20758377,,,,Sonaimuri,BD207583,Noakhali,BD2075,Chittagong,BD20,Bangladesh,BD,2015-01-01,2020-11-13,,15.963288312737
Natghar,BD20128558,,,,Nabinagar,BD201285,Brahamanbaria,BD2012,Chittagong,BD20,Bangladesh,BD,2015-01-01,2020-11-13,,29.1248635879608
Nather Petua,BD20197470,,,,Manoharganj,BD201974,Comilla,BD2019,Chittagong,BD20,Bangladesh,BD,2015-01-01,2020-11-13,,13.1462559792732
Nathullabad,BD10424063,,,,Jhalokati Sadar,BD104240,Jhalokati,BD1042,Barisal,BD10,Bangladesh,BD,2015-01-01,2020-11-13,,13.2565248902825
Natima,BD40447153,,,,Maheshpur,BD404471,Jhenaidah,BD4044,Khulna,BD40,Bangladesh,BD,2015-01-01,2020-11-13,,38.6753129156505
Natipota,BD40183183,,,,Damurhuda,BD401831,Chuadanga,BD4018,Khulna,BD40,Bangladesh,BD,2015-01-01,2020-11-13,,49.7603147183036
Natore Paurashava,BD50696399,,,,Natore Sadar,BD506963,Natore,BD5069,Rajshahi,BD50,Bangladesh,BD,2015-01-01,2020-11-13,,9.263936815451359
Natuar Para,BD50885060,,,,Kazipur,BD508850,Sirajganj,BD5088,Rajshahi,BD50,Bangladesh,BD,2015-01-01,2020-11-13,,30.2252827559315
Nawabpur,BD20309476,,,,Sonagazi,BD203094,Feni,BD2030,Chittagong,BD20,Bangladesh,BD,2015-01-01,2020-11-13,,11.1289875617474
Nawabpur,BD30820795,,,,Balia Kandi,BD308207,Rajbari,BD3082,Dhaka,BD30,Bangladesh,BD,2015-01-01,2020-11-13,,40.1606096690383
Naya Naobhanga,BD50708859,,,,Shibganj,BD507088,Nawabganj,BD5070,Rajshahi,BD50,Bangladesh,BD,2015-01-01,2020-11-13,,23.4373276765913
Nayabari,BD30261863,,,,Dohar,BD302618,Dhaka,BD3026,Dhaka,BD30,Bangladesh,BD,2015-01-01,2020-11-13,,13.2479609705824
Nayabil,BD45897055,,,,Nalitabari,BD458970,Sherpur,BD4589,Mymensingh,BD45,Bangladesh,BD,2015-01-01,2020-11-13,,31.2018633303049
Nayakhola,BD20751047,,,,Chatkhil,BD207510,Noakhali,BD2075,Chittagong,BD20,Bangladesh,BD,2015-01-01,2020-11-13,,14.7882766360472
Nayanagar,BD45396195,,,,Melandaha,BD453961,Jamalpur,BD4539,Mymensingh,BD45,Bangladesh,BD,2015-01-01,2020-11-13,,20.8818487233791
Nayansree,BD30266281,,,,Nawabganj,BD302662,Dhaka,BD3026,Dhaka,BD30,Bangladesh,BD,2015-01-01,2020-11-13,,23.0773846417972
Nayekpur,BD45725673,,,,Madan,BD457256,Netrakona,BD4572,Mymensingh,BD45,Bangladesh,BD,2015-01-01,2020-11-13,,25.7943513111802
Nayerhat,BD55490947,,,,Chilmari,BD554909,Kurigram,BD5549,Rangpur,BD55,Bangladesh,BD,2015-01-01,2020-11-13,,57.98464565474011
Nazarpur,BD30686077,,,,Narsingdi Sadar,BD306860,Narsingdi,BD3068,Dhaka,BD30,Bangladesh,BD,2015-01-01,2020-11-13,,26.7609086639781
Nazimkhan,BD55497752,,,,Rajarhat,BD554977,Kurigram,BD5549,Rangpur,BD55,Bangladesh,BD,2015-01-01,2020-11-13,,17.7769220642361
Nazipur,BD50647560,,,,Patnitala,BD506475,Naogaon,BD5064,Rajshahi,BD50,Bangladesh,BD,2015-01-01,2020-11-13,,20.1177158705658
Nazirabad,BD60587487,,,,Maulvi Bazar Sadar,BD605874,Maulvibazar,BD6058,Sylhet,BD60,Bangladesh,BD,2015-01-01,2020-11-13,,45.2612479512548
Nazirganj,BD50768347,,,,Sujanagar,BD507683,Pabna,BD5076,Rajshahi,BD50,Bangladesh,BD,2015-01-01,2020-11-13,,36.9898324957148
Nazirpur,BD10066971,,,,Muladi,BD100669,Barisal,BD1006,Barisal,BD10,Bangladesh,BD,2015-01-01,2020-11-13,,32.1073277192281
Nazirpur,BD10783889,,,,Bauphal,BD107838,Patuakhali,BD1078,Barisal,BD10,Bangladesh,BD,2015-01-01,2020-11-13,,55.3216914818762
Nazirpur,BD10797652,,,,Nazirpur,BD107976,Pirojpur,BD1079,Barisal,BD10,Bangladesh,BD,2015-01-01,2020-11-13,,21.2910161669295
Nazirpur,BD45724071,,,,Kalmakanda,BD457240,Netrakona,BD4572,Mymensingh,BD45,Bangladesh,BD,2015-01-01,2020-11-13,,44.957640948251
Nazirpur,BD50694181,,,,Gurudaspur,BD506941,Natore,BD5069,Rajshahi,BD50,Bangladesh,BD,2015-01-01,2020-11-13,,43.3864967356342
Nehalpur,BD40416183,,,,Manirampur,BD404161,Jessore,BD4041,Khulna,BD40,Bangladesh,BD,2015-01-01,2020-11-13,,14.3429027244607
Nekmarad,BD55948679,,,,Ranisankail,BD559486,Thakurgaon,BD5594,Rangpur,BD55,Bangladesh,BD,2015-01-01,2020-11-13,,39.6429642650155
Nepa,BD40447159,,,,Maheshpur,BD404471,Jhenaidah,BD4044,Khulna,BD40,Bangladesh,BD,2015-01-01,2020-11-13,,35.6114204587496
Nepaltali,BD50104074,,,,Gabtali,BD501040,Bogra,BD5010,Rajshahi,BD50,Bangladesh,BD,2015-01-01,2020-11-13,,35.1712279315606
Nesarabad (Swarupkati),BD10798795,,,,Nesarabad (Swarupkati),BD107987,Pirojpur,BD1079,Barisal,BD10,Bangladesh,BD,2015-01-01,2020-11-13,,7.857462892471831
Netrokona Paurashava,BD45727499,,,,Netrokona Sadar,BD457274,Netrakona,BD4572,Mymensingh,BD45,Bangladesh,BD,2015-01-01,2020-11-13,,14.2658572144004
Newashi,BD55496169,,,,Nageshwari,BD554961,Kurigram,BD5549,Rangpur,BD55,Bangladesh,BD,2015-01-01,2020-11-13,,14.226978437377
Nhilla,BD20229031,,,,Teknaf,BD202290,Cox's Bazar,BD2022,Chittagong,BD20,Bangladesh,BD,2015-01-01,2020-11-13,,55.6106570462114
Niamati,BD10060781,,,,Bakerganj,BD100607,Barisal,BD1006,Barisal,BD10,Bangladesh,BD,2015-01-01,2020-11-13,,26.4078105240482
Niamatpur,BD30484277,,,,Karimganj,BD304842,Kishoreganj,BD3048,Dhaka,BD30,Bangladesh,BD,2015-01-01,2020-11-13,,11.5115008129036
Niamatpur,BD40443361,,,,Kaliganj,BD404433,Jhenaidah,BD4044,Khulna,BD40,Bangladesh,BD,2015-01-01,2020-11-13,,22.2527687773385
Niamatpur,BD50646952,,,,Niamatpur,BD506469,Naogaon,BD5064,Rajshahi,BD50,Bangladesh,BD,2015-01-01,2020-11-13,,42.443511085244
Niazpur,BD20758775,,,,Noakhali Sadar (Sudharam),BD207587,Noakhali,BD2075,Chittagong,BD20,Bangladesh,BD,2015-01-01,2020-11-13,,15.7014358911094
Nibaskhola,BD40412365,,,,Jhikargachha,BD404123,Jessore,BD4041,Khulna,BD40,Bangladesh,BD,2015-01-01,2020-11-13,,26.9599879443804
Nigair,BD45612250,,,,Gaffargaon,BD456122,Mymensingh,BD4561,Mymensingh,BD45,Bangladesh,BD,2015-01-01,2020-11-13,,38.4430432473754
Nij Bahadurpur,BD60581463,,,,Barlekha,BD605814,Maulvibazar,BD6058,Sylhet,BD60,Bangladesh,BD,2015-01-01,2020-11-13,,24.833174550439
Nijamkandi,BD30354347,,,,Kashiani,BD303543,Gopalganj,BD3035,Dhaka,BD30,Bangladesh,BD,2015-01-01,2020-11-13,,21.1280906988762
Nijpara,BD55271243,,,,Birganj,BD552712,Dinajpur,BD5527,Rangpur,BD55,Bangladesh,BD,2015-01-01,2020-11-13,,39.4686093732025
Nijpat,BD60915363,,,,Jaintiapur,BD609153,Sylhet,BD6091,Sylhet,BD60,Bangladesh,BD,2015-01-01,2020-11-13,,30.4871691697854
Nijum Dip,BD20753669,,,,Hatiya,BD207536,Noakhali,BD2075,Chittagong,BD20,Bangladesh,BD,2015-01-01,2020-11-13,,51.2982943862215
Nikli,BD30487676,,,,Nikli,BD304876,Kishoreganj,BD3048,Dhaka,BD30,Bangladesh,BD,2015-01-01,2020-11-13,,32.9926927445937
Nikrail,BD30931981,,,,Bhuapur,BD309319,Tangail,BD3093,Dhaka,BD30,Bangladesh,BD,2015-01-01,2020-11-13,,44.9947310499659
Nilakhi,BD20195485,,,,Homna,BD201954,Comilla,BD2019,Chittagong,BD20,Bangladesh,BD,2015-01-01,2020-11-13,,3.75888169313652
Nilakhi,BD30548768,,,,Shib Char,BD305487,Madaripur,BD3054,Dhaka,BD30,Bangladesh,BD,2015-01-01,2020-11-13,,5.210147103947389
Nilakhya,BD30686471,,,,Roypura,BD306864,Narsingdi,BD3068,Dhaka,BD30,Bangladesh,BD,2015-01-01,2020-11-13,,22.46449998387
Nilakshmia,BD45390771,,,,Bakshiganj,BD453907,Jamalpur,BD4539,Mymensingh,BD45,Bangladesh,BD,2015-01-01,2020-11-13,,21.7833745851238
Nilganj,BD10786671,,,,Kala Para,BD107866,Patuakhali,BD1078,Barisal,BD10,Bangladesh,BD,2015-01-01,2020-11-13,,57.8608485411051
Nilkamal,BD10092576,,,,Char Fasson,BD100925,Bhola,BD1009,Barisal,BD10,Bangladesh,BD,2015-01-01,2020-11-13,,40.3758511536609
Nilkamal,BD20134771,,,,Haim Char,BD201347,Chandpur,BD2013,Chittagong,BD20,Bangladesh,BD,2015-01-01,2020-11-13,,26.5604004828275
Nimaichara,BD50762286,,,,Chatmohar,BD507622,Pabna,BD5076,Rajshahi,BD50,Bangladesh,BD,2015-01-01,2020-11-13,,26.9676768812692
Nimgachhi,BD50102795,,,,Dhunat,BD501027,Bogra,BD5010,Rajshahi,BD50,Bangladesh,BD,2015-01-01,2020-11-13,,26.0212532586892
Nimpara,BD50812571,,,,Charghat,BD508125,Rajshahi,BD5081,Rajshahi,BD50,Bangladesh,BD,2015-01-01,2020-11-13,,36.2027782144961
Nirmail,BD50647569,,,,Patnitala,BD506475,Naogaon,BD5064,Rajshahi,BD50,Bangladesh,BD,2015-01-01,2020-11-13,,36.8883902342597
Nishanbaria,BD10040991,,,,Amtali,BD100409,Barguna,BD1004,Barisal,BD10,Bangladesh,BD,2015-01-01,2020-11-13,,50.8243205593158
Nishanbaria,BD40016071,,,,Morrelganj,BD400160,Bagerhat,BD4001,Khulna,BD40,Bangladesh,BD,2015-01-01,2020-11-13,,51.2767830202916
Nishchintapur,BD50885069,,,,Kazipur,BD508850,Sirajganj,BD5088,Rajshahi,BD50,Bangladesh,BD,2015-01-01,2020-11-13,,30.0978909152288
Nishindara,BD50102064,,,,Bogra Sadar,BD501020,Bogra,BD5010,Rajshahi,BD50,Bangladesh,BD,2015-01-01,2020-11-13,,14.1369784305602
Nitai,BD55734569,,,,Kishoreganj,BD557345,Nilphamari,BD5573,Rangpur,BD55,Bangladesh,BD,2015-01-01,2020-11-13,,21.9044233536317
Nithpur,BD50647955,,,,Porsha,BD506479,Naogaon,BD5064,Rajshahi,BD50,Bangladesh,BD,2015-01-01,2020-11-13,,59.69520256002789
Nityanandapur,BD40448069,,,,Shailkupa,BD404480,Jhenaidah,BD4044,Khulna,BD40,Bangladesh,BD,2015-01-01,2020-11-13,,32.3198968004226
Nizampur,BD40419069,,,,Sharsha,BD404190,Jessore,BD4041,Khulna,BD40,Bangladesh,BD,2015-01-01,2020-11-13,,25.8497007625326
Nizampur,BD50705676,,,,Nachole,BD507056,Nawabganj,BD5070,Rajshahi,BD50,Bangladesh,BD,2015-01-01,2020-11-13,,76.47414318777
Nizampur,BD60364438,,,,Habiganj Sadar,BD603644,Habiganj,BD6036,Sylhet,BD60,Bangladesh,BD,2015-01-01,2020-11-13,,17.0472328028752
Nizra,BD30353264,,,,Gopalganj Sadar,BD303532,Gopalganj,BD3035,Dhaka,BD30,Bangladesh,BD,2015-01-01,2020-11-13,,11.8036701892923
Noa Para,BD20157463,,,,Raozan,BD201574,Chittagong,BD2015,Chittagong,BD20,Bangladesh,BD,2015-01-01,2020-11-13,,13.5608016617319
Noabad,BD30484286,,,,Karimganj,BD304842,Kishoreganj,BD3048,Dhaka,BD30,Bangladesh,BD,2015-01-01,2020-11-13,,11.7369080078232
Noagaon,BD20129438,,,,Sarail,BD201294,Brahamanbaria,BD2012,Chittagong,BD20,Bangladesh,BD,2015-01-01,2020-11-13,,27.6523370106181
Noagaon,BD20516566,,,,Ramganj,BD205165,Lakshmipur,BD2051,Chittagong,BD20,Bangladesh,BD,2015-01-01,2020-11-13,,16.7495771956389
Noagaon,BD30670460,,,,Sonargaon,BD306704,Narayanganj,BD3067,Dhaka,BD30,Bangladesh,BD,2015-01-01,2020-11-13,,10.3669976447292
Noagram,BD40655287,,,,Lohagara,BD406552,Narail,BD4065,Khulna,BD40,Bangladesh,BD,2015-01-01,2020-11-13,,26.8080097326491
Noahata Paurashava,BD50817299,,,,Paba,BD508172,Rajshahi,BD5081,Rajshahi,BD50,Bangladesh,BD,2015-01-01,2020-11-13,,39.4341412523452
Noajispur,BD20157456,,,,Raozan,BD201574,Chittagong,BD2015,Chittagong,BD20,Bangladesh,BD,2015-01-01,2020-11-13,,6.28020543720908
Noakhali,BD20758780,,,,Noakhali Sadar (Sudharam),BD207587,Noakhali,BD2075,Chittagong,BD20,Bangladesh,BD,2015-01-01,2020-11-13,,105.759347932548
Noakhali Paurashava,BD20758799,,,,Noakhali Sadar (Sudharam),BD207587,Noakhali,BD2075,Chittagong,BD20,Bangladesh,BD,2015-01-01,2020-11-13,,13.2994986625552
Noamala,BD10783883,,,,Bauphal,BD107838,Patuakhali,BD1078,Barisal,BD10,Bangladesh,BD,2015-01-01,2020-11-13,,25.8337213847339
Noannai,BD20758785,,,,Noakhali Sadar (Sudharam),BD207587,Noakhali,BD2075,Chittagong,BD20,Bangladesh,BD,2015-01-01,2020-11-13,,14.8420939192916
Noapara,BD30295673,,,,Madhukhali,BD302956,Faridpur,BD3029,Dhaka,BD30,Bangladesh,BD,2015-01-01,2020-11-13,,23.5043162113175
Noapara,BD30866588,,,,Naria,BD308665,Shariatpur,BD3086,Dhaka,BD30,Bangladesh,BD,2015-01-01,2020-11-13,,48.8411452029742
Noapara,BD40414789,,,,Kotwali,BD404147,Jessore,BD4041,Khulna,BD40,Bangladesh,BD,2015-01-01,2020-11-13,,23.974583679911
Noapara,BD40872547,,,,Debhata,BD408725,Satkhira,BD4087,Khulna,BD40,Bangladesh,BD,2015-01-01,2020-11-13,,36.5784516290158
Noapara,BD45724774,,,,Kendua,BD457247,Netrakona,BD4572,Mymensingh,BD45,Bangladesh,BD,2015-01-01,2020-11-13,,22.2099470077164
Noapara,BD50813183,,,,Durgapur,BD508131,Rajshahi,BD5081,Rajshahi,BD50,Bangladesh,BD,2015-01-01,2020-11-13,,28.2693634251785
Noapara,BD60367186,,,,Madhabpur,BD603671,Habiganj,BD6036,Sylhet,BD60,Bangladesh,BD,2015-01-01,2020-11-13,,31.861708912893
Noapara Paurashava,BD40410499,,,,Abhaynagar,BD404104,Jessore,BD4041,Khulna,BD40,Bangladesh,BD,2015-01-01,2020-11-13,,32.958610283097
Noarai,BD60902376,,,,Chhatak,BD609023,Sunamganj,BD6090,Sylhet,BD60,Bangladesh,BD,2015-01-01,2020-11-13,,33.8369776903954
Noarpara,BD45392971,,,,Islampur,BD453929,Jamalpur,BD4539,Mymensingh,BD45,Bangladesh,BD,2015-01-01,2020-11-13,,38.18851169166579
Nohali,BD55852777,,,,Gangachara,BD558527,Rangpur,BD5585,Rangpur,BD55,Bangladesh,BD,2015-01-01,2020-11-13,,31.7529087236405
Nonduar,BD55948671,,,,Ranisankail,BD559486,Thakurgaon,BD5594,Rangpur,BD55,Bangladesh,BD,2015-01-01,2020-11-13,,38.522390767118
Noongola,BD50102069,,,,Bogra Sadar,BD501020,Bogra,BD5010,Rajshahi,BD50,Bangladesh,BD,2015-01-01,2020-11-13,,15.3360007213819
Noonkhawa,BD55496175,,,,Nageshwari,BD554961,Kurigram,BD5549,Rangpur,BD55,Bangladesh,BD,2015-01-01,2020-11-13,,36.9245955379785
North Char Ababil,BD20515823,,,,Roypur,BD205158,Lakshmipur,BD2051,Chittagong,BD20,Bangladesh,BD,2015-01-01,2020-11-13,,14.414224646866
North Char Bangshi,BD20515835,,,,Roypur,BD205158,Lakshmipur,BD2051,Chittagong,BD20,Bangladesh,BD,2015-01-01,2020-11-13,,49.6603376692545
Nowa Patang,BD20038938,,,,Rowangchhari,BD200389,Bandarban,BD2003,Chittagong,BD20,Bangladesh,BD,2015-01-01,2020-11-13,,92.7883662132716
Nowdabash,BD55523357,,,,Hatibandha,BD555233,Lalmonirhat,BD5552,Rangpur,BD55,Bangladesh,BD,2015-01-01,2020-11-13,,19.3116626903029
Nozipur Paurashava,BD50647599,,,,Patnitala,BD506475,Naogaon,BD5064,Rajshahi,BD50,Bangladesh,BD,2015-01-01,2020-11-13,,11.3895363427466
Nudmulla,BD10791471,,,,Bhandaria,BD107914,Pirojpur,BD1079,Barisal,BD10,Bangladesh,BD,2015-01-01,2020-11-13,,23.2515452676469
Nunni,BD45897069,,,,Nalitabari,BD458970,Sherpur,BD4589,Mymensingh,BD45,Bangladesh,BD,2015-01-01,2020-11-13,,23.3681025631353
Nurabad,BD10092585,,,,Char Fasson,BD100925,Bhola,BD1009,Barisal,BD10,Bangladesh,BD,2015-01-01,2020-11-13,,52.9575331401508
Nuralla Pur U/C,BD30686053,,,,Narsingdi Sadar,BD306860,Narsingdi,BD3068,Dhaka,BD30,Bangladesh,BD,2015-01-01,2020-11-13,,6.83356189882657
Nurnagar,BD40878671,,,,Shyamnagar,BD408786,Satkhira,BD4087,Khulna,BD40,Bangladesh,BD,2015-01-01,2020-11-13,,27.5905276980607
Nurpur,BD60364447,,,,Habiganj Sadar,BD603644,Habiganj,BD6036,Sylhet,BD60,Bangladesh,BD,2015-01-01,2020-11-13,,31.9601592033881
Nurullabad,BD50644774,,,,Manda,BD506447,Naogaon,BD5064,Rajshahi,BD50,Bangladesh,BD,2015-01-01,2020-11-13,,29.0082182672549
Nurullaganj,BD30291087,,,,Bhanga,BD302910,Faridpur,BD3029,Dhaka,BD30,Bangladesh,BD,2015-01-01,2020-11-13,,21.1635174874736
Nutan Bharenga,BD50761663,,,,Bera,BD507616,Pabna,BD5076,Rajshahi,BD50,Bangladesh,BD,2015-01-01,2020-11-13,,14.9618226962714
Omar,BD50642884,,,,Dhamoirhat,BD506428,Naogaon,BD5064,Rajshahi,BD50,Bangladesh,BD,2015-01-01,2020-11-13,,33.3478845033456
Omar Majid,BD55497784,,,,Rajarhat,BD554977,Kurigram,BD5549,Rangpur,BD55,Bangladesh,BD,2015-01-01,2020-11-13,,23.2986882882555
Omarpur,BD50882737,,,,Chauhali,BD508827,Sirajganj,BD5088,Rajshahi,BD50,Bangladesh,BD,2015-01-01,2020-11-13,,59.5476283978467
Omarpur,BD60910851,,,,Balaganj,BD609108,Sylhet,BD6091,Sylhet,BD60,Bangladesh,BD,2015-01-01,2020-11-13,,33.5258308342886
Orakandi,BD30354354,,,,Kashiani,BD303543,Gopalganj,BD3035,Dhaka,BD30,Bangladesh,BD,2015-01-01,2020-11-13,,17.7678739129582
Osmanganj,BD10092595,,,,Char Fasson,BD100925,Bhola,BD1009,Barisal,BD10,Bangladesh,BD,2015-01-01,2020-11-13,,19.0970011562504
Osmanpur,BD20155377,,,,Mirsharai,BD201553,Chittagong,BD2015,Chittagong,BD20,Bangladesh,BD,2015-01-01,2020-11-13,,14.8139726061759
Osmanpur,BD30485459,,,,Kuliar Char,BD304854,Kishoreganj,BD3048,Dhaka,BD30,Bangladesh,BD,2015-01-01,2020-11-13,,11.1939248478992
Osmanpur,BD40506357,,,,Khoksa,BD405063,Kushtia,BD4050,Khulna,BD40,Bangladesh,BD,2015-01-01,2020-11-13,,15.7335291789505
Osmanpur,BD60910855,,,,Balaganj,BD609108,Sylhet,BD6091,Sylhet,BD60,Bangladesh,BD,2015-01-01,2020-11-13,,28.3269062408289
Otra,BD10069463,,,,Wazirpur,BD100694,Barisal,BD1006,Barisal,BD10,Bangladesh,BD,2015-01-01,2020-11-13,,23.8046516270682
Pabna Paurashava,BD50765599,,,,Pabna Sadar,BD507655,Pabna,BD5076,Rajshahi,BD50,Bangladesh,BD,2015-01-01,2020-11-13,,7.977721970614231
Pabnapur,BD55326776,,,,Palashbari,BD553267,Gaibandha,BD5532,Rangpur,BD55,Bangladesh,BD,2015-01-01,2020-11-13,,16.6527762394791
Pachandar,BD50819470,,,,Tanore,BD508194,Rajshahi,BD5081,Rajshahi,BD50,Bangladesh,BD,2015-01-01,2020-11-13,,45.1669228868813
Pachim Hatila,BD20134960,,,,Hajiganj,BD201349,Chandpur,BD2013,Chittagong,BD20,Bangladesh,BD,2015-01-01,2020-11-13,,9.07613090057607
Padma Pukur,BD40878679,,,,Shyamnagar,BD408786,Satkhira,BD4087,Khulna,BD40,Bangladesh,BD,2015-01-01,2020-11-13,,40.5195689694517
Padmabila,BD40182362,,,,Chuadanga Sadar,BD401823,Chuadanga,BD4018,Khulna,BD40,Bangladesh,BD,2015-01-01,2020-11-13,,22.6771715825877
Padmakar,BD40441968,,,,Jhenaidah Sadar,BD404419,Jhenaidah,BD4044,Khulna,BD40,Bangladesh,BD,2015-01-01,2020-11-13,,17.0608486426399
Padri Shibpur,BD10060788,,,,Bakerganj,BD100607,Barisal,BD1006,Barisal,BD10,Bangladesh,BD,2015-01-01,2020-11-13,,32.9375146977783
Padua,BD20154773,,,,Lohagara,BD201547,Chittagong,BD2015,Chittagong,BD20,Bangladesh,BD,2015-01-01,2020-11-13,,25.6010528472995
Padua,BD20157043,,,,Rangunia,BD201570,Chittagong,BD2015,Chittagong,BD20,Bangladesh,BD,2015-01-01,2020-11-13,,64.4106071837798
Padua,BD20193685,,,,Daudkandi,BD201936,Comilla,BD2019,Chittagong,BD20,Bangladesh,BD,2015-01-01,2020-11-13,,12.7556217856609
Padumsahar,BD55328876,,,,Saghatta,BD553288,Gaibandha,BD5532,Rangpur,BD55,Bangladesh,BD,2015-01-01,2020-11-13,,17.7534697724895
Paglakanai,BD40441973,,,,Jhenaidah Sadar,BD404419,Jhenaidah,BD4044,Khulna,BD40,Bangladesh,BD,2015-01-01,2020-11-13,,19.3576348106084
Pahar Pur,BD50640652,,,,Badalgachhi,BD506406,Naogaon,BD5064,Rajshahi,BD50,Bangladesh,BD,2015-01-01,2020-11-13,,25.2640297014138
Pahardanga,BD40652879,,,,Kalia,BD406528,Narail,BD4065,Khulna,BD40,Bangladesh,BD,2015-01-01,2020-11-13,,22.0198464031267
Pahariakandi,BD20120430,,,,Banchharampur,BD201204,Brahamanbaria,BD2012,Chittagong,BD20,Bangladesh,BD,2015-01-01,2020-11-13,,13.8033226772697
Paharpur,BD20120766,,,,Bijoynagar,BD201207,Brahamanbaria,BD2012,Chittagong,BD20,Bangladesh,BD,2015-01-01,2020-11-13,,35.3520887749558
Paharpur,BD20198167,,,,Muradnagar,BD201981,Comilla,BD2019,Chittagong,BD20,Bangladesh,BD,2015-01-01,2020-11-13,,13.3447990135634
Pahartali,BD20157469,,,,Raozan,BD201574,Chittagong,BD2015,Chittagong,BD20,Bangladesh,BD,2015-01-01,2020-11-13,,15.8752844641941
Paik Para,BD30548085,,,,Rajoir,BD305480,Madaripur,BD3054,Dhaka,BD30,Bangladesh,BD,2015-01-01,2020-11-13,,15.3268710657982
Paik Para,BD60362657,,,,Chunarughat,BD603626,Habiganj,BD6036,Sylhet,BD60,Bangladesh,BD,2015-01-01,2020-11-13,,56.0112704811595
Paikar,BD50105485,,,,Kahaloo,BD501054,Bogra,BD5010,Rajshahi,BD50,Bangladesh,BD,2015-01-01,2020-11-13,,24.4509575721815
Paikar Char,BD30686083,,,,Narsingdi Sadar,BD306860,Narsingdi,BD3068,Dhaka,BD30,Bangladesh,BD,2015-01-01,2020-11-13,,13.9961858609102
Paikara,BD30934780,,,,Kalihati,BD309347,Tangail,BD3093,Dhaka,BD30,Bangladesh,BD,2015-01-01,2020-11-13,,18.0795924749229
Paiker Chhara,BD55490666,,,,Bhurungamari,BD554906,Kurigram,BD5549,Rangpur,BD55,Bangladesh,BD,2015-01-01,2020-11-13,,22.9288592282799
Paikgachha Paurashava,BD40476499,,,,Paikgachha,BD404764,Khulna,BD4047,Khulna,BD40,Bangladesh,BD,2015-01-01,2020-11-13,,4.798588126771429
Paikkandi,BD30353269,,,,Gopalganj Sadar,BD303532,Gopalganj,BD3035,Dhaka,BD30,Bangladesh,BD,2015-01-01,2020-11-13,,15.7100125178803
Paikura,BD45724781,,,,Kendua,BD457247,Netrakona,BD4572,Mymensingh,BD45,Bangladesh,BD,2015-01-01,2020-11-13,,23.9611387926078
Paikurati,BD60903266,,,,Dharampasha,BD609032,Sunamganj,BD6090,Sylhet,BD60,Bangladesh,BD,2015-01-01,2020-11-13,,61.5356601545684
Paila,BD30562271,,,,Ghior,BD305622,Manikganj,BD3056,Dhaka,BD30,Bangladesh,BD,2015-01-01,2020-11-13,,20.9583390744025
Pailarkandi,BD60361175,,,,Baniachong,BD603611,Habiganj,BD6036,Sylhet,BD60,Bangladesh,BD,2015-01-01,2020-11-13,,26.9822608108343
Pailgaon,BD60904757,,,,Jagannathpur,BD609047,Sunamganj,BD6090,Sylhet,BD60,Bangladesh,BD,2015-01-01,2020-11-13,,44.3688486619341
Paindanga,BD20153371,,,,Fatikchhari,BD201533,Chittagong,BD2015,Chittagong,BD20,Bangladesh,BD,2015-01-01,2020-11-13,,27.9914308740402
Paindu,BD20039138,,,,Ruma,BD200391,Bandarban,BD2003,Chittagong,BD20,Bangladesh,BD,2015-01-01,2020-11-13,,172.375478370807
Pairaband,BD55855889,,,,Mitha Pukur,BD558558,Rangpur,BD5585,Rangpur,BD55,Bangladesh,BD,2015-01-01,2020-11-13,,29.1520235369053
Paiska,BD30932585,,,,Dhanbari,BD309325,Tangail,BD3093,Dhaka,BD30,Bangladesh,BD,2015-01-01,2020-11-13,,16.8348545624906
Paithal,BD45612256,,,,Gaffargaon,BD456122,Mymensingh,BD4561,Mymensingh,BD45,Bangladesh,BD,2015-01-01,2020-11-13,,25.5101532984204
Paitkabari,BD40507988,,,,Kushtia Sadar,BD405079,Kushtia,BD4050,Khulna,BD40,Bangladesh,BD,2015-01-01,2020-11-13,,19.036423897036
Pak Shimul,BD20129447,,,,Sarail,BD201294,Brahamanbaria,BD2012,Chittagong,BD20,Bangladesh,BD,2015-01-01,2020-11-13,,31.0128629949109
Pakri,BD50813476,,,,Godagari,BD508134,Rajshahi,BD5081,Rajshahi,BD50,Bangladesh,BD,2015-01-01,2020-11-13,,56.1426439826639
Pakshi,BD50763952,,,,Ishwardi,BD507639,Pabna,BD5076,Rajshahi,BD50,Bangladesh,BD,2015-01-01,2020-11-13,,22.7126868554268
Pakshia,BD10092166,,,,Burhanuddin,BD100921,Bhola,BD1009,Barisal,BD10,Bangladesh,BD,2015-01-01,2020-11-13,,20.8263296429321
Pakulla,BD50109581,,,,Sonatola,BD501095,Bogra,BD5010,Rajshahi,BD50,Bangladesh,BD,2015-01-01,2020-11-13,,24.8831009240888
Pakundia,BD30487976,,,,Pakundia,BD304879,Kishoreganj,BD3048,Dhaka,BD30,Bangladesh,BD,2015-01-01,2020-11-13,,6.55219486411319
Pakundia Paurashava,BD30487999,,,,Pakundia,BD304879,Kishoreganj,BD3048,Dhaka,BD30,Bangladesh,BD,2015-01-01,2020-11-13,,2.74043628188341
Pakuria,BD45898881,,,,Sherpur Sadar,BD458988,Sherpur,BD4589,Mymensingh,BD45,Bangladesh,BD,2015-01-01,2020-11-13,,25.7504724267161
Pakuria,BD50811079,,,,Bagha,BD508110,Rajshahi,BD5081,Rajshahi,BD50,Bangladesh,BD,2015-01-01,2020-11-13,,35.3488748343302
Pakutia,BD30937680,,,,Nagarpur,BD309376,Tangail,BD3093,Dhaka,BD30,Bangladesh,BD,2015-01-01,2020-11-13,,17.3595194989427
Palash,BD60901877,,,,Bishwambarpur,BD609018,Sunamganj,BD6090,Sylhet,BD60,Bangladesh,BD,2015-01-01,2020-11-13,,43.2857997195387
Palashbari,BD55271251,,,,Birganj,BD552712,Dinajpur,BD5527,Rangpur,BD55,Bangladesh,BD,2015-01-01,2020-11-13,,37.42143192255909
Palashbari,BD55277777,,,,Parbatipur,BD552777,Dinajpur,BD5527,Rangpur,BD55,Bangladesh,BD,2015-01-01,2020-11-13,,38.9958801348731
Palashbari,BD55326785,,,,Palashbari,BD553267,Gaibandha,BD5532,Rangpur,BD55,Bangladesh,BD,2015-01-01,2020-11-13,,14.8062078435375
Palashbari,BD55736469,,,,Nilphamari Sadar,BD557364,Nilphamari,BD5573,Rangpur,BD55,Bangladesh,BD,2015-01-01,2020-11-13,,23.4759852141317
Palashbaria,BD40556673,,,,Mohammadpur,BD405566,Magura,BD4055,Khulna,BD40,Bangladesh,BD,2015-01-01,2020-11-13,,33.7310942275201
Palashi,BD55520277,,,,Aditmari,BD555202,Lalmonirhat,BD5552,Rangpur,BD55,Bangladesh,BD,2015-01-01,2020-11-13,,25.8932849502066
Palashtali,BD30686474,,,,Roypura,BD306864,Narsingdi,BD3068,Dhaka,BD30,Bangladesh,BD,2015-01-01,2020-11-13,,17.1559483587149
Palbandha,BD45392979,,,,Islampur,BD453929,Jamalpur,BD4539,Mymensingh,BD45,Bangladesh,BD,2015-01-01,2020-11-13,,12.2403460840265
Paler Char,BD30869473,,,,Zanjira,BD308694,Shariatpur,BD3086,Dhaka,BD30,Bangladesh,BD,2015-01-01,2020-11-13,,49.096353227397
Pali Prayagpur,BD55271083,,,,Birampur,BD552710,Dinajpur,BD5527,Rangpur,BD55,Bangladesh,BD,2015-01-01,2020-11-13,,15.2450094547444
Palong,BD30866966,,,,Shariatpur Sadar,BD308669,Shariatpur,BD3086,Dhaka,BD30,Bangladesh,BD,2015-01-01,2020-11-13,,5.755307639872481
Palong Khali,BD20229479,,,,Ukhia,BD202294,Cox's Bazar,BD2022,Chittagong,BD20,Bangladesh,BD,2015-01-01,2020-11-13,,136.852313553769
Palsa,BD55274357,,,,Ghoraghat,BD552743,Dinajpur,BD5527,Rangpur,BD55,Bangladesh,BD,2015-01-01,2020-11-13,,40.0473718346699
Palsi,BD40441442,,,,Harinakunda,BD404414,Jhenaidah,BD4044,Khulna,BD40,Bangladesh,BD,2015-01-01,2020-11-13,,15.2157650758944
Paltapur,BD55271260,,,,Birganj,BD552712,Dinajpur,BD5527,Rangpur,BD55,Bangladesh,BD,2015-01-01,2020-11-13,,38.0641542249473
Pamuli,BD55773457,,,,Debiganj,BD557734,Panchagarh,BD5577,Rangpur,BD55,Bangladesh,BD,2015-01-01,2020-11-13,,22.52047506231
Panch Char,BD30548773,,,,Shib Char,BD305487,Madaripur,BD3054,Dhaka,BD30,Bangladesh,BD,2015-01-01,2020-11-13,,14.4079782248833
Panch Pukur,BD55736463,,,,Nilphamari Sadar,BD557364,Nilphamari,BD5573,Rangpur,BD55,Bangladesh,BD,2015-01-01,2020-11-13,,17.0376252935799
Pancha Koralia,BD10040994,,,,Amtali,BD100409,Barguna,BD1004,Barisal,BD10,Bangladesh,BD,2015-01-01,2020-11-13,,24.9294049814961
Pancha Krushi,BD50889451,,,,Ullah Para,BD508894,Sirajganj,BD5088,Rajshahi,BD50,Bangladesh,BD,2015-01-01,2020-11-13,,27.3999646955094
Panchagarh,BD55777371,,,,Panchagarh Sadar,BD557773,Panchagarh,BD5577,Rangpur,BD55,Bangladesh,BD,2015-01-01,2020-11-13,,33.5564511853868
Panchagram,BD55525583,,,,Lalmonirhat Sadar,BD555255,Lalmonirhat,BD5552,Rangpur,BD55,Bangladesh,BD,2015-01-01,2020-11-13,,27.3925324310675
Panchakaran,BD40016077,,,,Morrelganj,BD400160,Bagerhat,BD4001,Khulna,BD40,Bangladesh,BD,2015-01-01,2020-11-13,,27.9672646810959
Panchasar,BD30595676,,,,Munshiganj Sadar,BD305956,Munshiganj,BD3059,Dhaka,BD30,Bangladesh,BD,2015-01-01,2020-11-13,,11.2260020745153
Panchbhag,BD45612263,,,,Gaffargaon,BD456122,Mymensingh,BD4561,Mymensingh,BD45,Bangladesh,BD,2015-01-01,2020-11-13,,26.5262437035676
Panchbibi Paurashava,BD50387499,,,,Panchbibi,BD503874,Joypurhat,BD5038,Rajshahi,BD50,Bangladesh,BD,2015-01-01,2020-11-13,,9.80045095187431
Panchdona,BD30686089,,,,Narsingdi Sadar,BD306860,Narsingdi,BD3068,Dhaka,BD30,Bangladesh,BD,2015-01-01,2020-11-13,,13.2777553285583
Panchgachha,BD55857663,,,,Pirganj,BD558576,Rangpur,BD5585,Rangpur,BD55,Bangladesh,BD,2015-01-01,2020-11-13,,26.0713496035299
Panchgachhiya,BD20302964,,,,Feni Sadar,BD203029,Feni,BD2030,Chittagong,BD20,Bangladesh,BD,2015-01-01,2020-11-13,,17.1179895450402
Panchgaon,BD20751057,,,,Chatkhil,BD207510,Noakhali,BD2075,Chittagong,BD20,Bangladesh,BD,2015-01-01,2020-11-13,,5.35822222940608
Panchgaon,BD30599487,,,,Tongibari,BD305994,Munshiganj,BD3059,Dhaka,BD30,Bangladesh,BD,2015-01-01,2020-11-13,,12.6450761928627
Panchgaon,BD60588052,,,,Rajnagar,BD605880,Maulvibazar,BD6058,Sylhet,BD60,Bangladesh,BD,2015-01-01,2020-11-13,,30.9417843075433
Panchhari,BD20467776,,,,Panchhari,BD204677,Khagrachhari,BD2046,Chittagong,BD20,Bangladesh,BD,2015-01-01,2020-11-13,,62.9997976190491
Panchkhola,BD30545477,,,,Madaripur Sadar,BD305454,Madaripur,BD3054,Dhaka,BD30,Bangladesh,BD,2015-01-01,2020-11-13,,24.6271654657756
Panchpir,BD55772587,,,,Boda,BD557725,Panchagarh,BD5577,Rangpur,BD55,Bangladesh,BD,2015-01-01,2020-11-13,,26.516403487628
Panchthubi,BD20196790,,,,Comilla Adarsha Sadar,BD201967,Comilla,BD2019,Chittagong,BD20,Bangladesh,BD,2015-01-01,2020-11-13,,21.5702270758162
Panchupur,BD50640373,,,,Atrai,BD506403,Naogaon,BD5064,Rajshahi,BD50,Bangladesh,BD,2015-01-01,2020-11-13,,27.9426045401502
Panchuria,BD30290352,,,,Alfadanga,BD302903,Faridpur,BD3029,Dhaka,BD30,Bangladesh,BD,2015-01-01,2020-11-13,,17.5299527413147
Panchuria,BD30827665,,,,Rajbari Sadar,BD308276,Rajbari,BD3082,Dhaka,BD30,Bangladesh,BD,2015-01-01,2020-11-13,,12.2042039114324
Pandergaon,BD60903378,,,,Dowarabazar,BD609033,Sunamganj,BD6090,Sylhet,BD60,Bangladesh,BD,2015-01-01,2020-11-13,,38.0131999251081
Pandul,BD55499472,,,,Ulipur,BD554994,Kurigram,BD5549,Rangpur,BD55,Bangladesh,BD,2015-01-01,2020-11-13,,17.5557307941581
Panga Matukpur,BD55731585,,,,Domar,BD557315,Nilphamari,BD5573,Rangpur,BD55,Bangladesh,BD,2015-01-01,2020-11-13,,24.8989210387463
Pangashi,BD50886176,,,,Royganj,BD508861,Sirajganj,BD5088,Rajshahi,BD50,Bangladesh,BD,2015-01-01,2020-11-13,,26.5618834525103
Pangashia,BD10785588,,,,Dumki,BD107855,Patuakhali,BD1078,Barisal,BD10,Bangladesh,BD,2015-01-01,2020-11-13,,20.5151020046048
Pangsha Paurashava,BD30827399,,,,Pangsha,BD308273,Rajbari,BD3082,Dhaka,BD30,Bangladesh,BD,2015-01-01,2020-11-13,,16.3272745141598
Panisara,BD40412371,,,,Jhikargachha,BD404123,Jessore,BD4041,Khulna,BD40,Bangladesh,BD,2015-01-01,2020-11-13,,27.7052973893344
Paniunda,BD60367787,,,,Nabiganj,BD603677,Habiganj,BD6036,Sylhet,BD60,Bangladesh,BD,2015-01-01,2020-11-13,,31.6771293004084
Panjia,BD40413857,,,,Keshabpur,BD404138,Jessore,BD4041,Khulna,BD40,Bangladesh,BD,2015-01-01,2020-11-13,,28.6653266606445
Panka,BD50690957,,,,Bagati Para,BD506909,Natore,BD5069,Rajshahi,BD50,Bangladesh,BD,2015-01-01,2020-11-13,,31.5577215696811
Panka,BD50708865,,,,Shibganj,BD507088,Nawabganj,BD5070,Rajshahi,BD50,Bangladesh,BD,2015-01-01,2020-11-13,,59.596246477319
Pankhali,BD40471769,,,,Dacope,BD404717,Khulna,BD4047,Khulna,BD40,Bangladesh,BD,2015-01-01,2020-11-13,,42.4655599450032
Panpatty,BD10785778,,,,Galachipa,BD107857,Patuakhali,BD1078,Barisal,BD10,Bangladesh,BD,2015-01-01,2020-11-13,,21.6228169177009
Pantha Para,BD40447165,,,,Maheshpur,BD404471,Jhenaidah,BD4044,Khulna,BD40,Bangladesh,BD,2015-01-01,2020-11-13,,35.0302396409543
Panti,BD40507177,,,,Kumarkhali,BD405071,Kushtia,BD4050,Khulna,BD40,Bangladesh,BD,2015-01-01,2020-11-13,,25.230404316839
Par Ramrampur,BD45391587,,,,Dewanganj,BD453915,Jamalpur,BD4539,Mymensingh,BD45,Bangladesh,BD,2015-01-01,2020-11-13,,37.7042118950925
Paraikora,BD20150485,,,,Anowara,BD201504,Chittagong,BD2015,Chittagong,BD20,Bangladesh,BD,2015-01-01,2020-11-13,,15.8270571745059
Parail,BD50646963,,,,Niamatpur,BD506469,Naogaon,BD5064,Rajshahi,BD50,Bangladesh,BD,2015-01-01,2020-11-13,,62.3612281194622
Parail,BD50648573,,,,Raninagar,BD506485,Naogaon,BD5064,Rajshahi,BD50,Bangladesh,BD,2015-01-01,2020-11-13,,40.2845620816474
Parameshwardi,BD30291875,,,,Boalmari,BD302918,Faridpur,BD3029,Dhaka,BD30,Bangladesh,BD,2015-01-01,2020-11-13,,25.7471926683384
Paranganj,BD45615288,,,,Mymensingh Sadar,BD456152,Mymensingh,BD4561,Mymensingh,BD45,Bangladesh,BD,2015-01-01,2020-11-13,,29.4619909696566
Paranpur,BD50644781,,,,Manda,BD506447,Naogaon,BD5064,Rajshahi,BD50,Bangladesh,BD,2015-01-01,2020-11-13,,30.4923277879991
Paratali,BD30686478,,,,Roypura,BD306864,Narsingdi,BD3068,Dhaka,BD30,Bangladesh,BD,2015-01-01,2020-11-13,,21.4803252722392
Parbatinagar,BD20514380,,,,Lakshmipur Sadar,BD205143,Lakshmipur,BD2051,Chittagong,BD20,Bangladesh,BD,2015-01-01,2020-11-13,,11.466303900237
Parbatipur,BD50703763,,,,Gomastapur,BD507037,Nawabganj,BD5070,Rajshahi,BD50,Bangladesh,BD,2015-01-01,2020-11-13,,78.4371174019469
Parbhanguria,BD50761979,,,,Bhangura,BD507619,Pabna,BD5076,Rajshahi,BD50,Bangladesh,BD,2015-01-01,2020-11-13,,20.5713571438492
Parerhat,BD10799043,,,,Zianagar,BD107990,Pirojpur,BD1079,Barisal,BD10,Bangladesh,BD,2015-01-01,2020-11-13,,22.7141846515489
Paria,BD55940884,,,,Baliadangi,BD559408,Thakurgaon,BD5594,Rangpur,BD55,Bangladesh,BD,2015-01-01,2020-11-13,,37.4161256138405
Parila,BD50817287,,,,Paba,BD508172,Rajshahi,BD5081,Rajshahi,BD50,Bangladesh,BD,2015-01-01,2020-11-13,,32.5015591704896
Parki,BD30934783,,,,Kalihati,BD309347,Tangail,BD3093,Dhaka,BD30,Bangladesh,BD,2015-01-01,2020-11-13,,18.5538295750651
Parkote,BD20751066,,,,Chatkhil,BD207510,Noakhali,BD2075,Chittagong,BD20,Bangladesh,BD,2015-01-01,2020-11-13,,13.3992698129093
Parshadanga,BD50762294,,,,Chatmohar,BD507622,Pabna,BD5076,Rajshahi,BD50,Bangladesh,BD,2015-01-01,2020-11-13,,31.6096001148662
Parshuram Paurashava,BD20305199,,,,Parshuram,BD203051,Feni,BD2030,Chittagong,BD20,Bangladesh,BD,2015-01-01,2020-11-13,,21.2131833631076
Parua,BD20157051,,,,Rangunia,BD201570,Chittagong,BD2015,Chittagong,BD20,Bangladesh,BD,2015-01-01,2020-11-13,,34.2439131213921
Parul,BD55857366,,,,Pirgachha,BD558573,Rangpur,BD5585,Rangpur,BD55,Bangladesh,BD,2015-01-01,2020-11-13,,33.9074722455699
Parulia,BD30354361,,,,Kashiani,BD303543,Gopalganj,BD3035,Dhaka,BD30,Bangladesh,BD,2015-01-01,2020-11-13,,17.4808952551056
Parulia,BD40872563,,,,Debhata,BD408725,Satkhira,BD4087,Khulna,BD40,Bangladesh,BD,2015-01-01,2020-11-13,,44.0667044124784
Pasargati,BD30355878,,,,Muksudpur,BD303558,Gopalganj,BD3035,Dhaka,BD30,Bangladesh,BD,2015-01-01,2020-11-13,,15.866029971382
Paschim Baluthupa,BD20134511,,,,Faridganj,BD201345,Chandpur,BD2013,Chittagong,BD20,Bangladesh,BD,2015-01-01,2020-11-13,,16.6134637556573
Paschim Bangara,BD20198118,,,,Muradnagar,BD201981,Comilla,BD2019,Chittagong,BD20,Bangladesh,BD,2015-01-01,2020-11-13,,16.9626185978016
Paschim Bara Bhakhair,BD60367794,,,,Nabiganj,BD603677,Habiganj,BD6036,Sylhet,BD60,Bangladesh,BD,2015-01-01,2020-11-13,,28.1906474657571
Paschim Bara Bheola,BD20221694,,,,Chakaria,BD202216,Cox's Bazar,BD2022,Chittagong,BD20,Bangladesh,BD,2015-01-01,2020-11-13,,20.7344422818184
Paschim Barkul,BD20134920,,,,Hajiganj,BD201349,Chandpur,BD2013,Chittagong,BD20,Bangladesh,BD,2015-01-01,2020-11-13,,12.8504070509645
Paschim Birgaon,BD60902789,,,,Dakshin Sunamganj,BD609027,Sunamganj,BD6090,Sylhet,BD60,Bangladesh,BD,2015-01-01,2020-11-13,,34.42191446409259
Paschim Char Dukhia,BD20134523,,,,Faridganj,BD201345,Chandpur,BD2013,Chittagong,BD20,Bangladesh,BD,2015-01-01,2020-11-13,,11.206577555979
Paschim Char Umed,BD10095470,,,,Lalmohan,BD100954,Bhola,BD1009,Barisal,BD10,Bangladesh,BD,2015-01-01,2020-11-13,,26.7224924003866
Paschim Chhatnai,BD55731276,,,,Dimla,BD557312,Nilphamari,BD5573,Rangpur,BD55,Bangladesh,BD,2015-01-01,2020-11-13,,27.4419188192013
Paschim Dhemsa,BD20158294,,,,Satkania,BD201582,Chittagong,BD2015,Chittagong,BD20,Bangladesh,BD,2015-01-01,2020-11-13,,2.02364921188428
Paschim Dighirpar,BD60915970,,,,Kanaighat,BD609159,Sylhet,BD6091,Sylhet,BD60,Bangladesh,BD,2015-01-01,2020-11-13,,21.0808565623422
Paschim Fatehpur,BD20137994,,,,Matlab Uttar,BD201379,Chandpur,BD2013,Chittagong,BD20,Bangladesh,BD,2015-01-01,2020-11-13,,21.3574787373446
Paschim Gauripur,BD60910860,,,,Balaganj,BD609108,Sylhet,BD6091,Sylhet,BD60,Bangladesh,BD,2015-01-01,2020-11-13,,24.5043968500511
Paschim Gomdandi,BD20151250,,,,Boalkhali,BD201512,Chittagong,BD2015,Chittagong,BD20,Bangladesh,BD,2015-01-01,2020-11-13,,12.8461193108983
Paschim Gupti,BD20134559,,,,Faridganj,BD201345,Chandpur,BD2013,Chittagong,BD20,Bangladesh,BD,2015-01-01,2020-11-13,,11.2990217950011
Paschim Guzara,BD20157494,,,,Raozan,BD201574,Chittagong,BD2015,Chittagong,BD20,Bangladesh,BD,2015-01-01,2020-11-13,,9.180376954608809
Paschim Illisha,BD10091855,,,,Bhola Sadar,BD100918,Bhola,BD1009,Barisal,BD10,Bangladesh,BD,2015-01-01,2020-11-13,,29.2858317612223
Paschim Jaflong,BD60914142,,,,Gowainghat,BD609141,Sylhet,BD6091,Sylhet,BD60,Bangladesh,BD,2015-01-01,2020-11-13,,60.4688597878048
Paschim Jorekaran,BD20193380,,,,Comilla Sadar Dakshin,BD201933,Comilla,BD2019,Chittagong,BD20,Bangladesh,BD,2015-01-01,2020-11-13,,13.2267308826617
Paschim Juri,BD60583555,,,,Juri,BD605835,Maulvibazar,BD6058,Sylhet,BD60,Bangladesh,BD,2015-01-01,2020-11-13,,23.7774817576318
Paschim Lakshmip Rasad,BD60915966,,,,Kanaighat,BD609159,Sylhet,BD6091,Sylhet,BD60,Bangladesh,BD,2015-01-01,2020-11-13,,38.53774808463429
Paschim Nabinagar,BD20128560,,,,Nabinagar,BD201285,Brahamanbaria,BD2012,Chittagong,BD20,Bangladesh,BD,2015-01-01,2020-11-13,,12.2522513417841
Paschim Nabipur,BD20198163,,,,Muradnagar,BD201981,Comilla,BD2019,Chittagong,BD20,Bangladesh,BD,2015-01-01,2020-11-13,,7.16951490949406
Paschim Pagla,BD60902790,,,,Dakshin Sunamganj,BD609027,Sunamganj,BD6090,Sylhet,BD60,Bangladesh,BD,2015-01-01,2020-11-13,,17.6757725359949
Paschim Pailanpur,BD60910864,,,,Balaganj,BD609108,Sylhet,BD6091,Sylhet,BD60,Bangladesh,BD,2015-01-01,2020-11-13,,21.62894245225
Paschim Panchgachhia,BD20193686,,,,Daudkandi,BD201936,Comilla,BD2019,Chittagong,BD20,Bangladesh,BD,2015-01-01,2020-11-13,,11.7914268972978
Paschim Purbadhair,BD20198181,,,,Muradnagar,BD201981,Comilla,BD2019,Chittagong,BD20,Bangladesh,BD,2015-01-01,2020-11-13,,10.8764985119109
Paschim Rupasdi,BD20120445,,,,Banchharampur,BD201204,Brahamanbaria,BD2012,Chittagong,BD20,Bangladesh,BD,2015-01-01,2020-11-13,,9.06346492018527
Paschim Sahadebpur,BD20135894,,,,Kachua,BD201358,Chandpur,BD2013,Chittagong,BD20,Bangladesh,BD,2015-01-01,2020-11-13,,17.0889445297433
Paschim Saifullakandi,BD20120436,,,,Banchharampur,BD201204,Brahamanbaria,BD2012,Chittagong,BD20,Bangladesh,BD,2015-01-01,2020-11-13,,16.2763712866813
Paschim Subidpur,BD20134595,,,,Faridganj,BD201345,Chandpur,BD2013,Chittagong,BD20,Bangladesh,BD,2015-01-01,2020-11-13,,14.3209132899912
Paschim Talsahar,BD20123374,,,,Ashuganj,BD201233,Brahamanbaria,BD2012,Chittagong,BD20,Bangladesh,BD,2015-01-01,2020-11-13,,11.6678135753825
Paschim Ujan Char,BD20120454,,,,Banchharampur,BD201204,Brahamanbaria,BD2012,Chittagong,BD20,Bangladesh,BD,2015-01-01,2020-11-13,,20.3417586346505
Pashapole,BD40411160,,,,Chaugachha,BD404111,Jessore,BD4041,Khulna,BD40,Bangladesh,BD,2015-01-01,2020-11-13,,26.3995127770662
Pashuram,BD55854939,,,,Rangpur Sadar,BD558549,Rangpur,BD5585,Rangpur,BD55,Bangladesh,BD,2015-01-01,2020-11-13,,22.5639555966891
Patabhog,BD30598461,,,,Sreenagar,BD305984,Munshiganj,BD3059,Dhaka,BD30,Bangladesh,BD,2015-01-01,2020-11-13,,8.196407296646061
Patali,BD60904766,,,,Jagannathpur,BD609047,Sunamganj,BD6090,Sylhet,BD60,Bangladesh,BD,2015-01-01,2020-11-13,,30.8612553811769
Patali Machhuakhali,BD20222471,,,,Cox's Bazar Sadar,BD202224,Cox's Bazar,BD2022,Chittagong,BD20,Bangladesh,BD,2015-01-01,2020-11-13,,27.327090716935
Patanushar,BD60585666,,,,Kamalganj,BD605856,Maulvibazar,BD6058,Sylhet,BD60,Bangladesh,BD,2015-01-01,2020-11-13,,26.8218135835659
Patarir Hat,BD20513387,,,,Kamalnagar,BD205133,Lakshmipur,BD2051,Chittagong,BD20,Bangladesh,BD,2015-01-01,2020-11-13,,15.0256153402229
Patgati,BD30359176,,,,Tungi Para,BD303591,Gopalganj,BD3035,Dhaka,BD30,Bangladesh,BD,2015-01-01,2020-11-13,,21.8062368023016
Patgram,BD55527067,,,,Patgram,BD555270,Lalmonirhat,BD5552,Rangpur,BD55,Bangladesh,BD,2015-01-01,2020-11-13,,39.861200414513
Pathachhara,BD20468057,,,,Ramgarh,BD204680,Khagrachhari,BD2046,Chittagong,BD20,Bangladesh,BD,2015-01-01,2020-11-13,,80.9870805809643
Pathair,BD20135879,,,,Kachua,BD201358,Chandpur,BD2013,Chittagong,BD20,Bangladesh,BD,2015-01-01,2020-11-13,,13.7486932081253
Pathakata,BD45896766,,,,Nakla,BD458967,Sherpur,BD4589,Mymensingh,BD45,Bangladesh,BD,2015-01-01,2020-11-13,,17.8072584735942
Pathalia (part),BD30267272,,,,Savar,BD302672,Dhaka,BD3026,Dhaka,BD30,Bangladesh,BD,2015-01-01,2020-11-13,,29.0329406998508
Pathannagar,BD20301476,,,,Chhagalnaiya,BD203014,Feni,BD2030,Chittagong,BD20,Bangladesh,BD,2015-01-01,2020-11-13,,26.1448089323194
Pathardubi,BD55490676,,,,Bhurungamari,BD554906,Kurigram,BD5549,Rangpur,BD55,Bangladesh,BD,2015-01-01,2020-11-13,,33.1227269012572
Patharghata,BD10048571,,,,Patharghata,BD100485,Barguna,BD1004,Barisal,BD10,Bangladesh,BD,2015-01-01,2020-11-13,,56.1628563926811
Pathari,BD50648663,,,,Sapahar,BD506486,Naogaon,BD5064,Rajshahi,BD50,Bangladesh,BD,2015-01-01,2020-11-13,,26.215634439406
Patharia,BD60902761,,,,Dakshin Sunamganj,BD609027,Sunamganj,BD6090,Sylhet,BD60,Bangladesh,BD,2015-01-01,2020-11-13,,38.2801317127045
Patharsi,BD45392987,,,,Islampur,BD453929,Jamalpur,BD4539,Mymensingh,BD45,Bangladesh,BD,2015-01-01,2020-11-13,,21.5539876596497
Pathrail,BD30932371,,,,Delduar,BD309323,Tangail,BD3093,Dhaka,BD30,Bangladesh,BD,2015-01-01,2020-11-13,,21.6071519399989
Patibila,BD40411169,,,,Chaugachha,BD404111,Jessore,BD4041,Khulna,BD40,Bangladesh,BD,2015-01-01,2020-11-13,,17.8684291120666
Patichara,BD50647577,,,,Patnitala,BD506475,Naogaon,BD5064,Rajshahi,BD50,Bangladesh,BD,2015-01-01,2020-11-13,,31.200557314
Patika Para,BD55523366,,,,Hatibandha,BD555233,Lalmonirhat,BD5552,Rangpur,BD55,Bangladesh,BD,2015-01-01,2020-11-13,,22.5936029789247
Patiya Paurashava,BD20156199,,,,Patiya,BD201561,Chittagong,BD2015,Chittagong,BD20,Bangladesh,BD,2015-01-01,2020-11-13,,9.18148788297253
Patkelghata,BD10424379,,,,Kanthalia,BD104243,Jhalokati,BD1042,Barisal,BD10,Bangladesh,BD,2015-01-01,2020-11-13,,18.0528306239256
Patnitala,BD50647586,,,,Patnitala,BD506475,Naogaon,BD5064,Rajshahi,BD50,Bangladesh,BD,2015-01-01,2020-11-13,,37.0354809907417
Patta,BD30827380,,,,Pangsha,BD308273,Rajbari,BD3082,Dhaka,BD30,Bangladesh,BD,2015-01-01,2020-11-13,,20.5350739395193
Pattan,BD20120772,,,,Bijoynagar,BD201207,Brahamanbaria,BD2012,Chittagong,BD20,Bangladesh,BD,2015-01-01,2020-11-13,,33.376891554225
Pattashi,BD10799051,,,,Zianagar,BD107990,Pirojpur,BD1079,Barisal,BD10,Bangladesh,BD,2015-01-01,2020-11-13,,35.9846301099135
Patuabhanga,BD30487985,,,,Pakundia,BD304879,Kishoreganj,BD3048,Dhaka,BD30,Bangladesh,BD,2015-01-01,2020-11-13,,27.5497087234159
Patuli,BD30680771,,,,Belabo,BD306807,Narsingdi,BD3068,Dhaka,BD30,Bangladesh,BD,2015-01-01,2020-11-13,,21.542979814396
Paurashava,BD10040999,,,,Amtali,BD100409,Barguna,BD1004,Barisal,BD10,Bangladesh,BD,2015-01-01,2020-11-13,,7.802115680089949
Paurashava,BD10042899,,,,Barguna Sadar,BD100428,Barguna,BD1004,Barisal,BD10,Bangladesh,BD,2015-01-01,2020-11-13,,14.6239925336645
Paurashava,BD10044799,,,,Betagi,BD100447,Barguna,BD1004,Barisal,BD10,Bangladesh,BD,2015-01-01,2020-11-13,,7.634860112899569
Paurashava,BD10048599,,,,Patharghata,BD100485,Barguna,BD1004,Barisal,BD10,Bangladesh,BD,2015-01-01,2020-11-13,,6.85073325847154
Paurashava,BD10060799,,,,Bakerganj,BD100607,Barisal,BD1006,Barisal,BD10,Bangladesh,BD,2015-01-01,2020-11-13,,1.71992653286688
Paurashava,BD10061099,,,,Banari Para,BD100610,Barisal,BD1006,Barisal,BD10,Bangladesh,BD,2015-01-01,2020-11-13,,1.55273632904521
Paurashava,BD10063299,,,,Gaurnadi,BD100632,Barisal,BD1006,Barisal,BD10,Bangladesh,BD,2015-01-01,2020-11-13,,17.7416104462787
Paurashava,BD10066299,,,,Mehendiganj,BD100662,Barisal,BD1006,Barisal,BD10,Bangladesh,BD,2015-01-01,2020-11-13,,16.6275294610791
Paurashava,BD10066999,,,,Muladi,BD100669,Barisal,BD1006,Barisal,BD10,Bangladesh,BD,2015-01-01,2020-11-13,,10.8105536722296
Paurashava,BD10091899,,,,Bhola Sadar,BD100918,Bhola,BD1009,Barisal,BD10,Bangladesh,BD,2015-01-01,2020-11-13,,3.48802924592383
Paurashava,BD10092199,,,,Burhanuddin,BD100921,Bhola,BD1009,Barisal,BD10,Bangladesh,BD,2015-01-01,2020-11-13,,8.08729338310518
Paurashava,BD10092599,,,,Char Fasson,BD100925,Bhola,BD1009,Barisal,BD10,Bangladesh,BD,2015-01-01,2020-11-13,,17.9437377677548
Paurashava,BD10092999,,,,Daulatkhan,BD100929,Bhola,BD1009,Barisal,BD10,Bangladesh,BD,2015-01-01,2020-11-13,,2.2868375667432
Paurashava,BD10095499,,,,Lalmohan,BD100954,Bhola,BD1009,Barisal,BD10,Bangladesh,BD,2015-01-01,2020-11-13,,8.986111875577619
Paurashava,BD10424099,,,,Jhalokati Sadar,BD104240,Jhalokati,BD1042,Barisal,BD10,Bangladesh,BD,2015-01-01,2020-11-13,,4.03208988027593
Paurashava,BD10427399,,,,Nalchity,BD104273,Jhalokati,BD1042,Barisal,BD10,Bangladesh,BD,2015-01-01,2020-11-13,,21.1611687547333
Paurashava,BD10783899,,,,Bauphal,BD107838,Patuakhali,BD1078,Barisal,BD10,Bangladesh,BD,2015-01-01,2020-11-13,,13.4973134813636
Paurashava,BD10785799,,,,Galachipa,BD107857,Patuakhali,BD1078,Barisal,BD10,Bangladesh,BD,2015-01-01,2020-11-13,,6.92167858538285
Paurashava,BD10786699,,,,Kala Para,BD107866,Patuakhali,BD1078,Barisal,BD10,Bangladesh,BD,2015-01-01,2020-11-13,,8.662081790425889
Paurashava,BD10789599,,,,Patuakhali Sadar,BD107895,Patuakhali,BD1078,Barisal,BD10,Bangladesh,BD,2015-01-01,2020-11-13,,10.2762472838064
Paurashava,BD10795899,,,,Mathbaria,BD107958,Pirojpur,BD1079,Barisal,BD10,Bangladesh,BD,2015-01-01,2020-11-13,,7.4624175958282
Paurashava,BD10798099,,,,Pirojpur Sadar,BD107980,Pirojpur,BD1079,Barisal,BD10,Bangladesh,BD,2015-01-01,2020-11-13,,15.1934721065442
Paurashava,BD10798799,,,,Nesarabad (Swarupkati),BD107987,Pirojpur,BD1079,Barisal,BD10,Bangladesh,BD,2015-01-01,2020-11-13,,5.40380415404853
Paurashava,BD50108599,,,,Shajahanpur,BD501085,Bogra,BD5010,Rajshahi,BD50,Bangladesh,BD,2015-01-01,2020-11-13,,9.78384059291585
Paurashava,BD55271099,,,,Birampur,BD552710,Dinajpur,BD5527,Rangpur,BD55,Bangladesh,BD,2015-01-01,2020-11-13,,18.5014097857333
Paurashava,BD55271299,,,,Birganj,BD552712,Dinajpur,BD5527,Rangpur,BD55,Bangladesh,BD,2015-01-01,2020-11-13,,15.4871684326797
Paurashava,BD55273899,,,,Fulbari,BD552738,Dinajpur,BD5527,Rangpur,BD55,Bangladesh,BD,2015-01-01,2020-11-13,,15.6694156576063
Paurashava,BD55274399,,,,Ghoraghat,BD552743,Dinajpur,BD5527,Rangpur,BD55,Bangladesh,BD,2015-01-01,2020-11-13,,23.1914562908857
Paurashava,BD55274799,,,,Hakimpur,BD552747,Dinajpur,BD5527,Rangpur,BD55,Bangladesh,BD,2015-01-01,2020-11-13,,15.5386873742235
Paurashava,BD55276499,,,,Dinajpur Sadar,BD552764,Dinajpur,BD5527,Rangpur,BD55,Bangladesh,BD,2015-01-01,2020-11-13,,12.8676839822634
Paurashava,BD55277799,,,,Parbatipur,BD552777,Dinajpur,BD5527,Rangpur,BD55,Bangladesh,BD,2015-01-01,2020-11-13,,5.66022206333013
Paurashava,BD55322499,,,,Gaibandha Sadar,BD553224,Gaibandha,BD5532,Rangpur,BD55,Bangladesh,BD,2015-01-01,2020-11-13,,17.2001647007868
Paurashava,BD55323099,,,,Gobindaganj,BD553230,Gaibandha,BD5532,Rangpur,BD55,Bangladesh,BD,2015-01-01,2020-11-13,,12.6792510240797
Paurashava,BD55495299,,,,Kurigram Sadar,BD554952,Kurigram,BD5549,Rangpur,BD55,Bangladesh,BD,2015-01-01,2020-11-13,,9.62268827716806
Paurashava,BD55496199,,,,Nageshwari,BD554961,Kurigram,BD5549,Rangpur,BD55,Bangladesh,BD,2015-01-01,2020-11-13,,45.5367269473013
Paurashava,BD55499499,,,,Ulipur,BD554994,Kurigram,BD5549,Rangpur,BD55,Bangladesh,BD,2015-01-01,2020-11-13,,20.2359677217979
Paurashava,BD55525599,,,,Lalmonirhat Sadar,BD555255,Lalmonirhat,BD5552,Rangpur,BD55,Bangladesh,BD,2015-01-01,2020-11-13,,17.9649343428873
Paurashava,BD55527099,,,,Patgram,BD555270,Lalmonirhat,BD5552,Rangpur,BD55,Bangladesh,BD,2015-01-01,2020-11-13,,7.31301053166534
Paurashava,BD55731599,,,,Domar,BD557315,Nilphamari,BD5573,Rangpur,BD55,Bangladesh,BD,2015-01-01,2020-11-13,,14.2646349935285
Paurashava,BD55733699,,,,Jaldhaka,BD557336,Nilphamari,BD5573,Rangpur,BD55,Bangladesh,BD,2015-01-01,2020-11-13,,27.2569334228527
Paurashava,BD55736499,,,,Nilphamari Sadar,BD557364,Nilphamari,BD5573,Rangpur,BD55,Bangladesh,BD,2015-01-01,2020-11-13,,21.7356554470443
Paurashava,BD55738599,,,,Saidpur,BD557385,Nilphamari,BD5573,Rangpur,BD55,Bangladesh,BD,2015-01-01,2020-11-13,,11.6143293648188
Paurashava,BD55772599,,,,Boda,BD557725,Panchagarh,BD5577,Rangpur,BD55,Bangladesh,BD,2015-01-01,2020-11-13,,11.5605569028269
Paurashava,BD55777399,,,,Panchagarh Sadar,BD557773,Panchagarh,BD5577,Rangpur,BD55,Bangladesh,BD,2015-01-01,2020-11-13,,10.3101126580734
Paurashava,BD55850399,,,,Badarganj,BD558503,Rangpur,BD5585,Rangpur,BD55,Bangladesh,BD,2015-01-01,2020-11-13,,4.12142798120485
Paurashava,BD55854299,,,,Kaunia,BD558542,Rangpur,BD5585,Rangpur,BD55,Bangladesh,BD,2015-01-01,2020-11-13,,14.1465917503773
Paurashava,BD55854999,,,,Rangpur Sadar,BD558549,Rangpur,BD5585,Rangpur,BD55,Bangladesh,BD,2015-01-01,2020-11-13,,37.0646462154217
Paurashava,BD55948299,,,,Pirganj,BD559482,Thakurgaon,BD5594,Rangpur,BD55,Bangladesh,BD,2015-01-01,2020-11-13,,21.5848253636797
Paurashava,BD55948699,,,,Ranisankail,BD559486,Thakurgaon,BD5594,Rangpur,BD55,Bangladesh,BD,2015-01-01,2020-11-13,,5.5502484951035
Paurashava,BD55949499,,,,Thakurgaon Sadar,BD559494,Thakurgaon,BD5594,Rangpur,BD55,Bangladesh,BD,2015-01-01,2020-11-13,,3.11281503942752
Payari,BD45618154,,,,Phulpur,BD456181,Mymensingh,BD4561,Mymensingh,BD45,Bangladesh,BD,2015-01-01,2020-11-13,,26.7644924345356
Payra,BD40410442,,,,Abhaynagar,BD404104,Jessore,BD4041,Khulna,BD40,Bangladesh,BD,2015-01-01,2020-11-13,,26.0075144436854
Pearpur,BD30545483,,,,Madaripur Sadar,BD305454,Madaripur,BD3054,Dhaka,BD30,Bangladesh,BD,2015-01-01,2020-11-13,,14.4101707139146
Pearpur,BD40503967,,,,Daulatpur,BD405039,Kushtia,BD4050,Khulna,BD40,Bangladesh,BD,2015-01-01,2020-11-13,,32.3942791676334
Pekua,BD20225683,,,,Pekua,BD202256,Cox's Bazar,BD2022,Chittagong,BD20,Bangladesh,BD,2015-01-01,2020-11-13,,27.068555018981
Perachhara,BD20464975,,,,Khagrachhari Sadar,BD204649,Khagrachhari,BD2046,Chittagong,BD20,Bangladesh,BD,2015-01-01,2020-11-13,,48.957110537426
Peria,BD20198780,,,,Nangalkot,BD201987,Comilla,BD2019,Chittagong,BD20,Bangladesh,BD,2015-01-01,2020-11-13,,14.8655083088829
Perikhali,BD40017371,,,,Rampal,BD400173,Bagerhat,BD4001,Khulna,BD40,Bangladesh,BD,2015-01-01,2020-11-13,,21.7227827903883
Perkrishnapur Madna,BD40183123,,,,Damurhuda,BD401831,Chuadanga,BD4018,Khulna,BD40,Bangladesh,BD,2015-01-01,2020-11-13,,28.4986872192873
Perul (Dakshin),BD20193383,,,,Comilla Sadar Dakshin,BD201933,Comilla,BD2019,Chittagong,BD20,Bangladesh,BD,2015-01-01,2020-11-13,,11.6862663287904
Perul (Uttar),BD20193387,,,,Comilla Sadar Dakshin,BD201933,Comilla,BD2019,Chittagong,BD20,Bangladesh,BD,2015-01-01,2020-11-13,,14.049653447774
Peruli,BD40652887,,,,Kalia,BD406528,Narail,BD4065,Khulna,BD40,Bangladesh,BD,2015-01-01,2020-11-13,,33.4656768864929
Philipnagar,BD40503974,,,,Daulatpur,BD405039,Kushtia,BD4050,Khulna,BD40,Bangladesh,BD,2015-01-01,2020-11-13,,21.9808097878917
Phulbari,BD55491840,,,,Phulbari,BD554918,Kurigram,BD5549,Rangpur,BD55,Bangladesh,BD,2015-01-01,2020-11-13,,30.4074186821773
Phuljhury,BD10042857,,,,Barguna Sadar,BD100428,Barguna,BD1004,Barisal,BD10,Bangladesh,BD,2015-01-01,2020-11-13,,20.9234238192398
Phulpur,BD45618158,,,,Phulpur,BD456181,Mymensingh,BD4561,Mymensingh,BD45,Bangladesh,BD,2015-01-01,2020-11-13,,22.8760907068872
Phulpur Paurashava,BD45618199,,,,Phulpur,BD456181,Mymensingh,BD4561,Mymensingh,BD45,Bangladesh,BD,2015-01-01,2020-11-13,,6.730440645974
Phulsara,BD40411177,,,,Chaugachha,BD404111,Jessore,BD4041,Khulna,BD40,Bangladesh,BD,2015-01-01,2020-11-13,,27.503729688623
Phulsuti,BD30296233,,,,Nagarkanda,BD302962,Faridpur,BD3029,Dhaka,BD30,Bangladesh,BD,2015-01-01,2020-11-13,,8.571802687631351
Phultala,BD40476976,,,,Phultala,BD404769,Khulna,BD4047,Khulna,BD40,Bangladesh,BD,2015-01-01,2020-11-13,,15.1450826772209
Piljanga,BD40013473,,,,Fakirhat,BD400134,Bagerhat,BD4001,Khulna,BD40,Bangladesh,BD,2015-01-01,2020-11-13,,23.3986175749463
Pingna,BD45398563,,,,Sarishabari,BD453985,Jamalpur,BD4539,Mymensingh,BD45,Bangladesh,BD,2015-01-01,2020-11-13,,37.1390462641213
Pinjuri,BD30355163,,,,Kotali Para,BD303551,Gopalganj,BD3035,Dhaka,BD30,Bangladesh,BD,2015-01-01,2020-11-13,,33.8529227415395
Piprul,BD50696387,,,,Natore Sadar,BD506963,Natore,BD5069,Rajshahi,BD50,Bangladesh,BD,2015-01-01,2020-11-13,,40.4856233537836
Pir Jatrapur,BD20191872,,,,Burichang,BD201918,Comilla,BD2019,Chittagong,BD20,Bangladesh,BD,2015-01-01,2020-11-13,,12.6205875584466
Pirab,BD50109471,,,,Shibganj,BD501094,Bogra,BD5010,Rajshahi,BD50,Bangladesh,BD,2015-01-01,2020-11-13,,23.2356315451471
Pirgachha,BD55857376,,,,Pirgachha,BD558573,Rangpur,BD5585,Rangpur,BD55,Bangladesh,BD,2015-01-01,2020-11-13,,33.0796267797359
Pirganj,BD55857669,,,,Pirganj,BD558576,Rangpur,BD5585,Rangpur,BD55,Bangladesh,BD,2015-01-01,2020-11-13,,23.58332537947
Pirganj,BD55948277,,,,Pirganj,BD559482,Thakurgaon,BD5594,Rangpur,BD55,Bangladesh,BD,2015-01-01,2020-11-13,,22.702568313347
Pirijpur,BD30480686,,,,Bajitpur,BD304806,Kishoreganj,BD3048,Dhaka,BD30,Bangladesh,BD,2015-01-01,2020-11-13,,24.7592525458523
Pirijpur,BD30670469,,,,Sonargaon,BD306704,Narayanganj,BD3067,Dhaka,BD30,Bangladesh,BD,2015-01-01,2020-11-13,,21.5328500558653
Pirojpur,BD40578795,,,,Meherpur Sadar,BD405787,Meherpur,BD4057,Khulna,BD40,Bangladesh,BD,2015-01-01,2020-11-13,,56.8376144497194
Pogaldigha,BD45398573,,,,Sarishabari,BD453985,Jamalpur,BD4539,Mymensingh,BD45,Bangladesh,BD,2015-01-01,2020-11-13,,39.0275965915701
Pogla,BD45724083,,,,Kalmakanda,BD457240,Netrakona,BD4572,Mymensingh,BD45,Bangladesh,BD,2015-01-01,2020-11-13,,46.0735467546249
Poil,BD60364457,,,,Habiganj Sadar,BD603644,Habiganj,BD6036,Sylhet,BD60,Bangladesh,BD,2015-01-01,2020-11-13,,29.1706285312272
Pokkhali,BD20222483,,,,Cox's Bazar Sadar,BD202224,Cox's Bazar,BD2022,Chittagong,BD20,Bangladesh,BD,2015-01-01,2020-11-13,,23.9462227561948
Pomara,BD20157060,,,,Rangunia,BD201570,Chittagong,BD2015,Chittagong,BD20,Bangladesh,BD,2015-01-01,2020-11-13,,19.8672831935443
Ponabalia,BD10424085,,,,Jhalokati Sadar,BD104240,Jhalokati,BD1042,Barisal,BD10,Bangladesh,BD,2015-01-01,2020-11-13,,20.2873055558088
Popadia,BD20151257,,,,Boalkhali,BD201512,Chittagong,BD2015,Chittagong,BD20,Bangladesh,BD,2015-01-01,2020-11-13,,10.5934377648968
Pora Kandulia,BD45611673,,,,Dhobaura,BD456116,Mymensingh,BD4561,Mymensingh,BD45,Bangladesh,BD,2015-01-01,2020-11-13,,33.2738294031954
Porabari,BD30939590,,,,Tangail Sadar,BD309395,Tangail,BD3093,Dhaka,BD30,Bangladesh,BD,2015-01-01,2020-11-13,,16.3496943505946
Poradaha,BD40509480,,,,Mirpur,BD405094,Kushtia,BD4050,Khulna,BD40,Bangladesh,BD,2015-01-01,2020-11-13,,28.35116373814
Poragaon,BD45897075,,,,Nalitabari,BD458970,Sherpur,BD4589,Mymensingh,BD45,Bangladesh,BD,2015-01-01,2020-11-13,,28.2906666324524
Porahati,BD40441979,,,,Jhenaidah Sadar,BD404419,Jhenaidah,BD4044,Khulna,BD40,Bangladesh,BD,2015-01-01,2020-11-13,,33.60657642528361
Porjana,BD50886765,,,,Shahjadpur,BD508867,Sirajganj,BD5088,Rajshahi,BD50,Bangladesh,BD,2015-01-01,2020-11-13,,28.1271115072767
Potajia,BD50886773,,,,Shahjadpur,BD508867,Sirajganj,BD5088,Rajshahi,BD50,Bangladesh,BD,2015-01-01,2020-11-13,,32.3313888733775
Prahladpur,BD30338657,,,,Sreepur,BD303386,Gazipur,BD3033,Dhaka,BD30,Bangladesh,BD,2015-01-01,2020-11-13,,40.9156707537605
Prambag,BD40410421,,,,Abhaynagar,BD404104,Jessore,BD4041,Khulna,BD40,Bangladesh,BD,2015-01-01,2020-11-13,,23.5838202853082
Prasadpur,BD50644788,,,,Manda,BD506447,Naogaon,BD5064,Rajshahi,BD50,Bangladesh,BD,2015-01-01,2020-11-13,,29.3686336781939
Pratap Nagar,BD40870477,,,,Assasuni,BD408704,Satkhira,BD4087,Khulna,BD40,Bangladesh,BD,2015-01-01,2020-11-13,,33.3670664135484
Prayagpur,BD40503981,,,,Daulatpur,BD405039,Kushtia,BD4050,Khulna,BD40,Bangladesh,BD,2015-01-01,2020-11-13,,26.2639592014471
Prithim Pasha,BD60586571,,,,Kulaura,BD605865,Maulvibazar,BD6058,Sylhet,BD60,Bangladesh,BD,2015-01-01,2020-11-13,,31.9121152095871
Pubail,BD30333081,,,,Gazipur Sadar,BD303330,Gazipur,BD3033,Dhaka,BD30,Bangladesh,BD,2015-01-01,2020-11-13,,48.7135393335134
Puichhari,BD20150863,,,,Banshkhali,BD201508,Chittagong,BD2015,Chittagong,BD20,Bangladesh,BD,2015-01-01,2020-11-13,,43.9376617183279
Puisur,BD30354367,,,,Kashiani,BD303543,Gopalganj,BD3035,Dhaka,BD30,Bangladesh,BD,2015-01-01,2020-11-13,,16.149372921469
Pukhra,BD60361182,,,,Baniachong,BD603611,Habiganj,BD6036,Sylhet,BD60,Bangladesh,BD,2015-01-01,2020-11-13,,40.84818885039
Pukuria,BD20150869,,,,Banshkhali,BD201508,Chittagong,BD2015,Chittagong,BD20,Bangladesh,BD,2015-01-01,2020-11-13,,29.3242548750171
Pumdi,BD30482754,,,,Hossainpur,BD304827,Kishoreganj,BD3048,Dhaka,BD30,Bangladesh,BD,2015-01-01,2020-11-13,,17.801529033393
Punat,BD50385876,,,,Kalai,BD503858,Joypurhat,BD5038,Rajshahi,BD50,Bangladesh,BD,2015-01-01,2020-11-13,,30.9576413286536
Punatti,BD55273071,,,,Chirirbandar,BD552730,Dinajpur,BD5527,Rangpur,BD55,Bangladesh,BD,2015-01-01,2020-11-13,,38.4314813293946
Punchgachhi,BD55495285,,,,Kurigram Sadar,BD554952,Kurigram,BD5549,Rangpur,BD55,Bangladesh,BD,2015-01-01,2020-11-13,,23.9090594964155
Pungali,BD50763384,,,,Faridpur,BD507633,Pabna,BD5076,Rajshahi,BD50,Bangladesh,BD,2015-01-01,2020-11-13,,32.5184105415916
Pura Para,BD30296272,,,,Nagarkanda,BD302962,Faridpur,BD3029,Dhaka,BD30,Bangladesh,BD,2015-01-01,2020-11-13,,17.4891981224775
Puran Bharenga,BD50761673,,,,Bera,BD507616,Pabna,BD5076,Rajshahi,BD50,Bangladesh,BD,2015-01-01,2020-11-13,,26.1346450601101
Puranagar,BD20158276,,,,Satkania,BD201582,Chittagong,BD2015,Chittagong,BD20,Bangladesh,BD,2015-01-01,2020-11-13,,27.3970297082465
Puranapail,BD50384785,,,,Joypurhat Sadar,BD503847,Joypurhat,BD5038,Rajshahi,BD50,Bangladesh,BD,2015-01-01,2020-11-13,,28.9913351756934
Purba Austagram,BD30480291,,,,Austagram,BD304802,Kishoreganj,BD3048,Dhaka,BD30,Bangladesh,BD,2015-01-01,2020-11-13,,37.387155876074
Purba Baluthupa,BD20134513,,,,Faridganj,BD201345,Chandpur,BD2013,Chittagong,BD20,Bangladesh,BD,2015-01-01,2020-11-13,,16.8704069501064
Purba Bangara,BD20198113,,,,Muradnagar,BD201981,Comilla,BD2019,Chittagong,BD20,Bangladesh,BD,2015-01-01,2020-11-13,,9.159328565545419
Purba Bara Bakhair,BD60367790,,,,Nabiganj,BD603677,Habiganj,BD6036,Sylhet,BD60,Bangladesh,BD,2015-01-01,2020-11-13,,20.0113420066375
Purba Barabheola,BD20221639,,,,Chakaria,BD202216,Cox's Bazar,BD2022,Chittagong,BD20,Bangladesh,BD,2015-01-01,2020-11-13,,9.54531116425873
Purba Barkul,BD20134918,,,,Hajiganj,BD201349,Chandpur,BD2013,Chittagong,BD20,Bangladesh,BD,2015-01-01,2020-11-13,,15.6850493538948
Purba Birgoan,BD60902792,,,,Dakshin Sunamganj,BD609027,Sunamganj,BD6090,Sylhet,BD60,Bangladesh,BD,2015-01-01,2020-11-13,,25.0764970934337
Purba Chandrapur,BD20302569,,,,Daganbhuiyan,BD203025,Feni,BD2030,Chittagong,BD20,Bangladesh,BD,2015-01-01,2020-11-13,,18.0076415387211
Purba Char Bata,BD20758547,,,,Subarnachar,BD207585,Noakhali,BD2075,Chittagong,BD20,Bangladesh,BD,2015-01-01,2020-11-13,,1.31249347713523
Purba Char Dukhia,BD20134517,,,,Faridganj,BD201345,Chandpur,BD2013,Chittagong,BD20,Bangladesh,BD,2015-01-01,2020-11-13,,16.5814838879996
Purba Char Matua,BD20758790,,,,Noakhali Sadar (Sudharam),BD207587,Noakhali,BD2075,Chittagong,BD20,Bangladesh,BD,2015-01-01,2020-11-13,,20.7131916971071
Purba Chhatnai,BD55731285,,,,Dimla,BD557312,Nilphamari,BD5573,Rangpur,BD55,Bangladesh,BD,2015-01-01,2020-11-13,,19.1732719395199
Purba Damudya,BD30862559,,,,Damudya,BD308625,Shariatpur,BD3086,Dhaka,BD30,Bangladesh,BD,2015-01-01,2020-11-13,,21.4887678901122
Purba Deulbaridobra,BD10797621,,,,Nazirpur,BD107976,Pirojpur,BD1079,Barisal,BD10,Bangladesh,BD,2015-01-01,2020-11-13,,49.1788865303299
Purba Dighirpar,BD60915976,,,,Kanaighat,BD609159,Sylhet,BD6091,Sylhet,BD60,Bangladesh,BD,2015-01-01,2020-11-13,,34.4791240623909
Purba Fatehpur,BD20137917,,,,Matlab Uttar,BD201379,Chandpur,BD2013,Chittagong,BD20,Bangladesh,BD,2015-01-01,2020-11-13,,15.5124532600586
Purba Gauripur,BD60910870,,,,Balaganj,BD609108,Sylhet,BD6091,Sylhet,BD60,Bangladesh,BD,2015-01-01,2020-11-13,,18.2397152865053
Purba Gomdandi,BD20151238,,,,Boalkhali,BD201512,Chittagong,BD2015,Chittagong,BD20,Bangladesh,BD,2015-01-01,2020-11-13,,6.62840708402067
Purba Gupti,BD20134553,,,,Faridganj,BD201345,Chandpur,BD2013,Chittagong,BD20,Bangladesh,BD,2015-01-01,2020-11-13,,14.9774851461181
Purba Guzara,BD20157431,,,,Raozan,BD201574,Chittagong,BD2015,Chittagong,BD20,Bangladesh,BD,2015-01-01,2020-11-13,,26.6529644710613
Purba Jaflong,BD60914131,,,,Gowainghat,BD609141,Sylhet,BD6091,Sylhet,BD60,Bangladesh,BD,2015-01-01,2020-11-13,,47.9687231391332
Purba Jorekaran,BD20193373,,,,Comilla Sadar Dakshin,BD201933,Comilla,BD2019,Chittagong,BD20,Bangladesh,BD,2015-01-01,2020-11-13,,15.1228877071903
Purba Juri,BD60583567,,,,Juri,BD605835,Maulvibazar,BD6058,Sylhet,BD60,Bangladesh,BD,2015-01-01,2020-11-13,,47.5924009191908
Purba Lakshmi Prasad,BD60915972,,,,Kanaighat,BD609159,Sylhet,BD6091,Sylhet,BD60,Bangladesh,BD,2015-01-01,2020-11-13,,66.9959460270082
Purba Nabinagar,BD20128562,,,,Nabinagar,BD201285,Brahamanbaria,BD2012,Chittagong,BD20,Bangladesh,BD,2015-01-01,2020-11-13,,11.273423650752
Purba Nabipur,BD20198158,,,,Muradnagar,BD201981,Comilla,BD2019,Chittagong,BD20,Bangladesh,BD,2015-01-01,2020-11-13,,12.3013796277607
Purba Naodoba,BD30869480,,,,Zanjira,BD308694,Shariatpur,BD3086,Dhaka,BD30,Bangladesh,BD,2015-01-01,2020-11-13,,28.4434207923394
Purba Pagla,BD60902794,,,,Dakshin Sunamganj,BD609027,Sunamganj,BD6090,Sylhet,BD60,Bangladesh,BD,2015-01-01,2020-11-13,,70.5616547329504
Purba Pailanpur,BD60910867,,,,Balaganj,BD609108,Sylhet,BD6091,Sylhet,BD60,Bangladesh,BD,2015-01-01,2020-11-13,,21.2411965398262
Purba Purbadhair,BD20198176,,,,Muradnagar,BD201981,Comilla,BD2019,Chittagong,BD20,Bangladesh,BD,2015-01-01,2020-11-13,,13.4866439504582
Purba Rupasdi,BD20120468,,,,Banchharampur,BD201204,Brahamanbaria,BD2012,Chittagong,BD20,Bangladesh,BD,2015-01-01,2020-11-13,,12.8588998149968
Purba Sahadebpur,BD20135887,,,,Kachua,BD201358,Chandpur,BD2013,Chittagong,BD20,Bangladesh,BD,2015-01-01,2020-11-13,,16.4130433374488
Purba Saifullakandi,BD20120459,,,,Banchharampur,BD201204,Brahamanbaria,BD2012,Chittagong,BD20,Bangladesh,BD,2015-01-01,2020-11-13,,8.81470089200487
Purba Subidpur,BD20134589,,,,Faridganj,BD201345,Chandpur,BD2013,Chittagong,BD20,Bangladesh,BD,2015-01-01,2020-11-13,,15.814118547242
Purba Talsahar,BD20121381,,,,Brahmanbaria Sadar,BD201213,Brahamanbaria,BD2012,Chittagong,BD20,Bangladesh,BD,2015-01-01,2020-11-13,,12.2228252685316
Purba Ujan Char,BD20120477,,,,Banchharampur,BD201204,Brahamanbaria,BD2012,Chittagong,BD20,Bangladesh,BD,2015-01-01,2020-11-13,,14.255237427732
Purbabagh,BD20129094,,,,Nasirnagar,BD201290,Brahamanbaria,BD2012,Chittagong,BD20,Bangladesh,BD,2015-01-01,2020-11-13,,16.0257302598173
Purbadhala,BD45728394,,,,Purbadhala,BD457283,Netrakona,BD4572,Mymensingh,BD45,Bangladesh,BD,2015-01-01,2020-11-13,,16.0550381906109
Purbadhala Paurashava,BD45728399,,,,Purbadhala,BD457283,Netrakona,BD4572,Mymensingh,BD45,Bangladesh,BD,2015-01-01,2020-11-13,,7.77439646704018
Purnimaganti,BD50889458,,,,Ullah Para,BD508894,Sirajganj,BD5088,Rajshahi,BD50,Bangladesh,BD,2015-01-01,2020-11-13,,33.5624162631218
Purulia,BD40652894,,,,Kalia,BD406528,Narail,BD4065,Khulna,BD40,Bangladesh,BD,2015-01-01,2020-11-13,,25.7839258800398
Putail,BD30564694,,,,Manikganj Sadar,BD305646,Manikganj,BD3056,Dhaka,BD30,Bangladesh,BD,2015-01-01,2020-11-13,,21.7545876322173
Puthia,BD50818267,,,,Puthia,BD508182,Rajshahi,BD5081,Rajshahi,BD50,Bangladesh,BD,2015-01-01,2020-11-13,,20.0113121000361
Puthia Paurashava,BD50818299,,,,Puthia,BD508182,Rajshahi,BD5081,Rajshahi,BD50,Bangladesh,BD,2015-01-01,2020-11-13,,10.0135110541808
Putia,BD30687684,,,,Shibpur,BD306876,Narsingdi,BD3068,Dhaka,BD30,Bangladesh,BD,2015-01-01,2020-11-13,,22.3556427059591
Putibila,BD20154780,,,,Lohagara,BD201547,Chittagong,BD2015,Chittagong,BD20,Bangladesh,BD,2015-01-01,2020-11-13,,44.1249763376367
Putijana,BD45612083,,,,Fulbaria,BD456120,Mymensingh,BD4561,Mymensingh,BD45,Bangladesh,BD,2015-01-01,2020-11-13,,31.2306492615524
Putijuri,BD60360559,,,,Bahubal,BD603605,Habiganj,BD6036,Sylhet,BD60,Bangladesh,BD,2015-01-01,2020-11-13,,54.851842742645
Putikhali,BD40016083,,,,Morrelganj,BD400160,Bagerhat,BD4001,Khulna,BD40,Bangladesh,BD,2015-01-01,2020-11-13,,22.3664045328225
Putimara,BD55276986,,,,Nawabganj,BD552769,Dinajpur,BD5527,Rangpur,BD55,Bangladesh,BD,2015-01-01,2020-11-13,,21.5083299375296
Putimari,BD55734586,,,,Kishoreganj,BD557345,Nilphamari,BD5573,Rangpur,BD55,Bangladesh,BD,2015-01-01,2020-11-13,,23.2935684952335
Putkhali,BD40419077,,,,Sharsha,BD404190,Jessore,BD4041,Khulna,BD40,Bangladesh,BD,2015-01-01,2020-11-13,,30.7692188740092
Radhaganj,BD30355171,,,,Kotali Para,BD303551,Gopalganj,BD3035,Dhaka,BD30,Bangladesh,BD,2015-01-01,2020-11-13,,29.1925804273163
Radhakanai,BD45612089,,,,Fulbaria,BD456120,Mymensingh,BD4561,Mymensingh,BD45,Bangladesh,BD,2015-01-01,2020-11-13,,38.15739911629331
Radhanagar,BD20197595,,,,Meghna,BD201975,Comilla,BD2019,Chittagong,BD20,Bangladesh,BD,2015-01-01,2020-11-13,,12.5085391035074
Radhanagar,BD20301485,,,,Chhagalnaiya,BD203014,Feni,BD2030,Chittagong,BD20,Bangladesh,BD,2015-01-01,2020-11-13,,22.4173749141865
Radhanagar,BD30686481,,,,Roypura,BD306864,Narsingdi,BD3068,Dhaka,BD30,Bangladesh,BD,2015-01-01,2020-11-13,,9.89974997348431
Radhanagar,BD50703773,,,,Gomastapur,BD507037,Nawabganj,BD5070,Rajshahi,BD50,Bangladesh,BD,2015-01-01,2020-11-13,,79.6581364740911
Radhanagar,BD55770467,,,,Atwari,BD557704,Panchagarh,BD5577,Rangpur,BD55,Bangladesh,BD,2015-01-01,2020-11-13,,36.53405963429901
Radhanagar,BD55850382,,,,Badarganj,BD558503,Rangpur,BD5585,Rangpur,BD55,Bangladesh,BD,2015-01-01,2020-11-13,,22.3160163264749
Rafinagar,BD60902966,,,,Derai,BD609029,Sunamganj,BD6090,Sylhet,BD60,Bangladesh,BD,2015-01-01,2020-11-13,,53.96111027469109
Raghab Dair,BD40555788,,,,Magura Sadar,BD405557,Magura,BD4055,Khulna,BD40,Bangladesh,BD,2015-01-01,2020-11-13,,40.94519677745451
Raghdi,BD30355883,,,,Muksudpur,BD303558,Gopalganj,BD3035,Dhaka,BD30,Bangladesh,BD,2015-01-01,2020-11-13,,17.8818865866481
Raghunathpur,BD30353273,,,,Gopalganj Sadar,BD303532,Gopalganj,BD3035,Dhaka,BD30,Bangladesh,BD,2015-01-01,2020-11-13,,23.1563715717193
Raghunathpur,BD40441473,,,,Harinakunda,BD404414,Jhenaidah,BD4044,Khulna,BD40,Bangladesh,BD,2015-01-01,2020-11-13,,29.1353022509962
Raghunathpur,BD40473061,,,,Dumuria,BD404730,Khulna,BD4047,Khulna,BD40,Bangladesh,BD,2015-01-01,2020-11-13,,34.7938608510809
Rahanpur Paurashava,BD50703799,,,,Gomastapur,BD507037,Nawabganj,BD5070,Rajshahi,BD50,Bangladesh,BD,2015-01-01,2020-11-13,,10.9574233891313
Rahimanpur,BD55949468,,,,Thakurgaon Sadar,BD559494,Thakurgaon,BD5594,Rangpur,BD55,Bangladesh,BD,2015-01-01,2020-11-13,,33.67955206823849
Rahimganj,BD45618163,,,,Phulpur,BD456181,Mymensingh,BD4561,Mymensingh,BD45,Bangladesh,BD,2015-01-01,2020-11-13,,30.2065198447434
Rahimpur,BD60585676,,,,Kamalganj,BD605856,Maulvibazar,BD6058,Sylhet,BD60,Bangladesh,BD,2015-01-01,2020-11-13,,46.6977059720646
Rahmatpur,BD10060381,,,,Babuganj,BD100603,Barisal,BD1006,Barisal,BD10,Bangladesh,BD,2015-01-01,2020-11-13,,21.5901596882957
Rahmatpur,BD20157885,,,,Sandwip,BD201578,Chittagong,BD2015,Chittagong,BD20,Bangladesh,BD,2015-01-01,2020-11-13,,6.4131438954284
Raihanpur,BD10048583,,,,Patharghata,BD100485,Barguna,BD1004,Barisal,BD10,Bangladesh,BD,2015-01-01,2020-11-13,,24.1628115916136
Raikali,BD50381331,,,,Akkelpur,BD503813,Joypurhat,BD5038,Rajshahi,BD50,Bangladesh,BD,2015-01-01,2020-11-13,,28.1792967148173
Raikhali,BD20843676,,,,Kaptai,BD208436,Rangamati,BD2084,Chittagong,BD20,Bangladesh,BD,2015-01-01,2020-11-13,,65.0035363189335
Raipur,BD30295684,,,,Madhukhali,BD302956,Faridpur,BD3029,Dhaka,BD30,Bangladesh,BD,2015-01-01,2020-11-13,,32.9634153882116
Raituti,BD30483394,,,,Itna,BD304833,Kishoreganj,BD3048,Dhaka,BD30,Bangladesh,BD,2015-01-01,2020-11-13,,43.759404331258
Raja Palong,BD20229447,,,,Ukhia,BD202294,Cox's Bazar,BD2022,Chittagong,BD20,Bangladesh,BD,2015-01-01,2020-11-13,,39.070178159535
Rajabari,BD30338666,,,,Sreepur,BD303386,Gazipur,BD3033,Dhaka,BD30,Bangladesh,BD,2015-01-01,2020-11-13,,52.2820892961128
Rajaganj,BD60915985,,,,Kanaighat,BD609159,Sylhet,BD6091,Sylhet,BD60,Bangladesh,BD,2015-01-01,2020-11-13,,52.8700773393654
Rajagaon,BD55949479,,,,Thakurgaon Sadar,BD559494,Thakurgaon,BD5594,Rangpur,BD55,Bangladesh,BD,2015-01-01,2020-11-13,,34.8266206130355
Rajahar,BD55323061,,,,Gobindaganj,BD553230,Gaibandha,BD5532,Rangpur,BD55,Bangladesh,BD,2015-01-01,2020-11-13,,27.3412164411945
Rajai,BD45611386,,,,Bhaluka,BD456113,Mymensingh,BD4561,Mymensingh,BD45,Bangladesh,BD,2015-01-01,2020-11-13,,33.6227402172213
Rajakhali,BD20225689,,,,Pekua,BD202256,Cox's Bazar,BD2022,Chittagong,BD20,Bangladesh,BD,2015-01-01,2020-11-13,,16.4359310240628
Rajamehar,BD20194077,,,,Debidwar,BD201940,Comilla,BD2019,Chittagong,BD20,Bangladesh,BD,2015-01-01,2020-11-13,,14.5605241114863
Rajanagar,BD20157069,,,,Rangunia,BD201570,Chittagong,BD2015,Chittagong,BD20,Bangladesh,BD,2015-01-01,2020-11-13,,25.735729406897
Rajanagar,BD30597481,,,,Serajdikhan,BD305974,Munshiganj,BD3059,Dhaka,BD30,Bangladesh,BD,2015-01-01,2020-11-13,,13.1002185488116
Rajanagar,BD60902976,,,,Derai,BD609029,Sunamganj,BD6090,Sylhet,BD60,Bangladesh,BD,2015-01-01,2020-11-13,,42.73462045002699
Rajapur,BD10091873,,,,Bhola Sadar,BD100918,Bhola,BD1009,Barisal,BD10,Bangladesh,BD,2015-01-01,2020-11-13,,50.8165169821811
Rajapur,BD10428454,,,,Rajapur,BD104284,Jhalokati,BD1042,Barisal,BD10,Bangladesh,BD,2015-01-01,2020-11-13,,28.9740549639384
Rajapur,BD20191875,,,,Burichang,BD201918,Comilla,BD2019,Chittagong,BD20,Bangladesh,BD,2015-01-01,2020-11-13,,20.0229045485746
Rajapur,BD20302573,,,,Daganbhuiyan,BD203025,Feni,BD2030,Chittagong,BD20,Bangladesh,BD,2015-01-01,2020-11-13,,16.8433954333704
Rajapur,BD40556684,,,,Mohammadpur,BD405566,Magura,BD4055,Khulna,BD40,Bangladesh,BD,2015-01-01,2020-11-13,,18.5642197881893
Rajapur,BD50102073,,,,Bogra Sadar,BD501020,Bogra,BD5010,Rajshahi,BD50,Bangladesh,BD,2015-01-01,2020-11-13,,11.9755038300667
Rajapur,BD50881181,,,,Belkuchi,BD508811,Sirajganj,BD5088,Rajshahi,BD50,Bangladesh,BD,2015-01-01,2020-11-13,,29.9428450239741
Rajarhat,BD55497773,,,,Rajarhat,BD554977,Kurigram,BD5549,Rangpur,BD55,Bangladesh,BD,2015-01-01,2020-11-13,,29.7492365868359
Rajarkul,BD20226676,,,,Ramu,BD202266,Cox's Bazar,BD2022,Chittagong,BD20,Bangladesh,BD,2015-01-01,2020-11-13,,11.548873412453
Rajbari Paurashava,BD30827699,,,,Rajbari Sadar,BD308276,Rajbari,BD3082,Dhaka,BD30,Bangladesh,BD,2015-01-01,2020-11-13,,7.91017835298766
Rajbila,BD20031447,,,,Bandarban Sadar,BD200314,Bandarban,BD2003,Chittagong,BD20,Bangladesh,BD,2015-01-01,2020-11-13,,92.5134612780057
Rajendrapur,BD55854947,,,,Rangpur Sadar,BD558549,Rangpur,BD5585,Rangpur,BD55,Bangladesh,BD,2015-01-01,2020-11-13,,25.8763540252229
Rajganj,BD20750780,,,,Begumganj,BD207507,Noakhali,BD2075,Chittagong,BD20,Bangladesh,BD,2015-01-01,2020-11-13,,17.9853413183624
Rajgati,BD45617279,,,,Nandail,BD456172,Mymensingh,BD4561,Mymensingh,BD45,Bangladesh,BD,2015-01-01,2020-11-13,,25.545380474548
Rajghat,BD60588357,,,,Sreemangal,BD605883,Maulvibazar,BD6058,Sylhet,BD60,Bangladesh,BD,2015-01-01,2020-11-13,,55.0884972786589
Rajibpur,BD45613167,,,,Ishwarganj,BD456131,Mymensingh,BD4561,Mymensingh,BD45,Bangladesh,BD,2015-01-01,2020-11-13,,32.1305397518655
Rajiher,BD10060279,,,,Agailjhara,BD100602,Barisal,BD1006,Barisal,BD10,Bangladesh,BD,2015-01-01,2020-11-13,,37.0956068262981
Rajnagar,BD30866594,,,,Naria,BD308665,Shariatpur,BD3086,Dhaka,BD30,Bangladesh,BD,2015-01-01,2020-11-13,,13.8366848866635
Rajnagar,BD40017377,,,,Rampal,BD400173,Bagerhat,BD4001,Khulna,BD40,Bangladesh,BD,2015-01-01,2020-11-13,,31.6620108824982
Rajnagar,BD45897077,,,,Nalitabari,BD458970,Sherpur,BD4589,Mymensingh,BD45,Bangladesh,BD,2015-01-01,2020-11-13,,26.1855530600434
Rajnagar,BD60588063,,,,Rajnagar,BD605880,Maulvibazar,BD6058,Sylhet,BD60,Bangladesh,BD,2015-01-01,2020-11-13,,23.8692715337101
Rajoir,BD30548095,,,,Rajoir,BD305480,Madaripur,BD3054,Dhaka,BD30,Bangladesh,BD,2015-01-01,2020-11-13,,15.7918329796611
Rajpat,BD30354374,,,,Kashiani,BD303543,Gopalganj,BD3035,Dhaka,BD30,Bangladesh,BD,2015-01-01,2020-11-13,,16.3503671974944
Rajpur,BD55525594,,,,Lalmonirhat Sadar,BD555255,Lalmonirhat,BD5552,Rangpur,BD55,Bangladesh,BD,2015-01-01,2020-11-13,,28.4086090774208
Rajrajeshwar,BD20132276,,,,Chandpur Sadar,BD201322,Chandpur,BD2013,Chittagong,BD20,Bangladesh,BD,2015-01-01,2020-11-13,,9.27222585000798
Rakhal Buruz,BD55323067,,,,Gobindaganj,BD553230,Gaibandha,BD5532,Rangpur,BD55,Bangladesh,BD,2015-01-01,2020-11-13,,23.4294559700034
Rakhalgachhi,BD40010886,,,,Bagerhat Sadar,BD400108,Bagerhat,BD4001,Khulna,BD40,Bangladesh,BD,2015-01-01,2020-11-13,,19.4828169720836
Rakhalgachhi,BD40443381,,,,Kaliganj,BD404433,Jhenaidah,BD4044,Khulna,BD40,Bangladesh,BD,2015-01-01,2020-11-13,,32.8156689772442
Ramananda Khajura,BD50699171,,,,Singra,BD506991,Natore,BD5069,Rajshahi,BD50,Bangladesh,BD,2015-01-01,2020-11-13,,55.9543165458989
Rambhadrapur,BD30861477,,,,Bhedarganj,BD308614,Shariatpur,BD3086,Dhaka,BD30,Bangladesh,BD,2015-01-01,2020-11-13,,14.1983261177794
Rambhadrapur,BD45618167,,,,Phulpur,BD456181,Mymensingh,BD4561,Mymensingh,BD45,Bangladesh,BD,2015-01-01,2020-11-13,,30.4405763992546
Ramchandrakura Mandalia,BD45897086,,,,Nalitabari,BD458970,Sherpur,BD4589,Mymensingh,BD45,Bangladesh,BD,2015-01-01,2020-11-13,,27.7026292589051
Ramchandrapur,BD40016089,,,,Morrelganj,BD400160,Bagerhat,BD4001,Khulna,BD40,Bangladesh,BD,2015-01-01,2020-11-13,,24.6353556749037
Ramchandrapur,BD55275647,,,,Kaharole,BD552756,Dinajpur,BD5527,Rangpur,BD55,Bangladesh,BD,2015-01-01,2020-11-13,,33.10729534402
Ramchandrapur,BD55322487,,,,Gaibandha Sadar,BD553224,Gaibandha,BD5532,Rangpur,BD55,Bangladesh,BD,2015-01-01,2020-11-13,,21.2001760292415
Ramdi,BD30485471,,,,Kuliar Char,BD304854,Kishoreganj,BD3048,Dhaka,BD30,Bangladesh,BD,2015-01-01,2020-11-13,,19.3315637845269
Rameshwarpur,BD50104081,,,,Gabtali,BD501040,Bogra,BD5010,Rajshahi,BD50,Bangladesh,BD,2015-01-01,2020-11-13,,17.3097848375966
Ramganj,BD10095476,,,,Lalmohan,BD100954,Bhola,BD1009,Barisal,BD10,Bangladesh,BD,2015-01-01,2020-11-13,,24.7981610510065
Ramganj Paurashava,BD20516599,,,,Ramganj,BD205165,Lakshmipur,BD2051,Chittagong,BD20,Bangladesh,BD,2015-01-01,2020-11-13,,23.0286483012147
Ramgarh,BD20468076,,,,Ramgarh,BD204680,Khagrachhari,BD2046,Chittagong,BD20,Bangladesh,BD,2015-01-01,2020-11-13,,32.0215137932095
Ramgarh Paurashava,BD20468099,,,,Ramgarh,BD204680,Khagrachhari,BD2046,Chittagong,BD20,Bangladesh,BD,2015-01-01,2020-11-13,,32.6797254919068
Ramgati Paurashava,BD20517399,,,,Ramgati,BD205173,Lakshmipur,BD2051,Chittagong,BD20,Bangladesh,BD,2015-01-01,2020-11-13,,4.414750962316639
Ramgopalpur,BD45612372,,,,Gauripur,BD456123,Mymensingh,BD4561,Mymensingh,BD45,Bangladesh,BD,2015-01-01,2020-11-13,,31.8458854956576
Ramjan Nagar,BD40878687,,,,Shyamnagar,BD408786,Satkhira,BD4087,Khulna,BD40,Bangladesh,BD,2015-01-01,2020-11-13,,37.51552017828951
Ramjanpur,BD30544082,,,,Kalkini,BD305440,Madaripur,BD3054,Dhaka,BD30,Bangladesh,BD,2015-01-01,2020-11-13,,18.8238218009251
Ramjiban,BD55329163,,,,Sundarganj,BD553291,Gaibandha,BD5532,Rangpur,BD55,Bangladesh,BD,2015-01-01,2020-11-13,,20.4226295538241
Ramkantapur,BD30299078,,,,Saltha,BD302990,Faridpur,BD3029,Dhaka,BD30,Bangladesh,BD,2015-01-01,2020-11-13,,16.8526364260831
Ramkantapur,BD30827680,,,,Rajbari Sadar,BD308276,Rajbari,BD3082,Dhaka,BD30,Bangladesh,BD,2015-01-01,2020-11-13,,17.9811388815777
Ramkhana,BD55496188,,,,Nageshwari,BD554961,Kurigram,BD5549,Rangpur,BD55,Bangladesh,BD,2015-01-01,2020-11-13,,26.7407036851987
Ramkrishnapur,BD30562887,,,,Harirampur,BD305628,Manikganj,BD3056,Dhaka,BD30,Bangladesh,BD,2015-01-01,2020-11-13,,15.4337752335352
Ramkrishnapur,BD40503988,,,,Daulatpur,BD405039,Kushtia,BD4050,Khulna,BD40,Bangladesh,BD,2015-01-01,2020-11-13,,47.9468583066307
Ramkrishnapur,BD50889465,,,,Ullah Para,BD508894,Sirajganj,BD5088,Rajshahi,BD50,Bangladesh,BD,2015-01-01,2020-11-13,,29.8741517625214
Ramna,BD10041995,,,,Bamna,BD100419,Barguna,BD1004,Barisal,BD10,Bangladesh,BD,2015-01-01,2020-11-13,,24.211953487881
Ramna,BD55490959,,,,Chilmari,BD554909,Kurigram,BD5549,Rangpur,BD55,Bangladesh,BD,2015-01-01,2020-11-13,,20.9494161382259
Ramnagar,BD20302577,,,,Daganbhuiyan,BD203025,Feni,BD2030,Chittagong,BD20,Bangladesh,BD,2015-01-01,2020-11-13,,11.8296090949516
Ramnagar,BD30296283,,,,Nagarkanda,BD302962,Faridpur,BD3029,Dhaka,BD30,Bangladesh,BD,2015-01-01,2020-11-13,,25.8247113169598
Ramnagar,BD40414792,,,,Kotwali,BD404147,Jessore,BD4041,Khulna,BD40,Bangladesh,BD,2015-01-01,2020-11-13,,30.2464410479389
Ramnagar,BD55736475,,,,Nilphamari Sadar,BD557364,Nilphamari,BD5573,Rangpur,BD55,Bangladesh,BD,2015-01-01,2020-11-13,,20.6291698024203
Ramnarayanpur,BD20751076,,,,Chatkhil,BD207510,Noakhali,BD2075,Chittagong,BD20,Bangladesh,BD,2015-01-01,2020-11-13,,12.688760352295
Ramnathpur,BD55850388,,,,Badarganj,BD558503,Rangpur,BD5585,Rangpur,BD55,Bangladesh,BD,2015-01-01,2020-11-13,,32.4370011554112
Ramnathpur,BD55857682,,,,Pirganj,BD558576,Rangpur,BD5585,Rangpur,BD55,Bangladesh,BD,2015-01-01,2020-11-13,,35.2090898763504
Rampal,BD30595685,,,,Munshiganj Sadar,BD305956,Munshiganj,BD3059,Dhaka,BD30,Bangladesh,BD,2015-01-01,2020-11-13,,6.741615061407599
Rampal,BD40017383,,,,Rampal,BD400173,Bagerhat,BD4001,Khulna,BD40,Bangladesh,BD,2015-01-01,2020-11-13,,36.0421204612853
Rampasha,BD60912084,,,,Bishwanath,BD609120,Sylhet,BD6091,Sylhet,BD60,Bangladesh,BD,2015-01-01,2020-11-13,,24.2377505200547
Rampur,BD20132285,,,,Chandpur Sadar,BD201322,Chandpur,BD2013,Chittagong,BD20,Bangladesh,BD,2015-01-01,2020-11-13,,12.1839827054146
Rampur,BD20752171,,,,Companiganj,BD207521,Noakhali,BD2075,Chittagong,BD20,Bangladesh,BD,2015-01-01,2020-11-13,,18.9958401942575
Rampur,BD45618172,,,,Phulpur,BD456181,Mymensingh,BD4561,Mymensingh,BD45,Bangladesh,BD,2015-01-01,2020-11-13,,25.9244809165253
Rampur,BD45619466,,,,Trishal,BD456194,Mymensingh,BD4561,Mymensingh,BD45,Bangladesh,BD,2015-01-01,2020-11-13,,27.5710364452101
Rampur,BD55277786,,,,Parbatipur,BD552777,Dinajpur,BD5527,Rangpur,BD55,Bangladesh,BD,2015-01-01,2020-11-13,,32.737487074948
Ramrail,BD20121383,,,,Brahmanbaria Sadar,BD201213,Brahamanbaria,BD2012,Chittagong,BD20,Bangladesh,BD,2015-01-01,2020-11-13,,15.0293464410192
Ramshil,BD30355179,,,,Kotali Para,BD303551,Gopalganj,BD3035,Dhaka,BD30,Bangladesh,BD,2015-01-01,2020-11-13,,29.900685225564
Ranachandi,BD55734594,,,,Kishoreganj,BD557345,Nilphamari,BD5573,Rangpur,BD55,Bangladesh,BD,2015-01-01,2020-11-13,,22.5299876308854
Ranagachha,BD45393659,,,,Jamalpur Sadar,BD453936,Jamalpur,BD4539,Mymensingh,BD45,Bangladesh,BD,2015-01-01,2020-11-13,,28.8095052215799
Ranapasha,BD10427373,,,,Nalchity,BD104273,Jhalokati,BD1042,Barisal,BD10,Bangladesh,BD,2015-01-01,2020-11-13,,19.0465235617056
Rangabali,BD10785783,,,,Galachipa,BD107857,Patuakhali,BD1078,Barisal,BD10,Bangladesh,BD,2015-01-01,2020-11-13,,86.4034422587038
Rangamati Paurashava,BD20848799,,,,Rangamati Sadar,BD208487,Rangamati,BD2084,Chittagong,BD20,Bangladesh,BD,2015-01-01,2020-11-13,,38.91640476027391
Rangamatia,BD20153376,,,,Fatikchhari,BD201533,Chittagong,BD2015,Chittagong,BD20,Bangladesh,BD,2015-01-01,2020-11-13,,18.6348083773304
Rangamatia,BD45612094,,,,Fulbaria,BD456120,Mymensingh,BD4561,Mymensingh,BD45,Bangladesh,BD,2015-01-01,2020-11-13,,34.41426563266
Rangaon,BD55272181,,,,Bochaganj,BD552721,Dinajpur,BD5527,Rangpur,BD55,Bangladesh,BD,2015-01-01,2020-11-13,,38.5044222650424
Rangar Char,BD60908972,,,,Sunamganj Sadar,BD609089,Sunamganj,BD6090,Sylhet,BD60,Bangladesh,BD,2015-01-01,2020-11-13,,43.7962436065771
Rangasree,BD10060794,,,,Bakerganj,BD100607,Barisal,BD1006,Barisal,BD10,Bangladesh,BD,2015-01-01,2020-11-13,,29.9354803127283
Rangchhati,BD45724095,,,,Kalmakanda,BD457240,Netrakona,BD4572,Mymensingh,BD45,Bangladesh,BD,2015-01-01,2020-11-13,,57.7218776290667
Rangopaldi,BD10785284,,,,Dashmina,BD107852,Patuakhali,BD1078,Barisal,BD10,Bangladesh,BD,2015-01-01,2020-11-13,,59.1043225134614
Rangpur,BD40473067,,,,Dumuria,BD404730,Khulna,BD4047,Khulna,BD40,Bangladesh,BD,2015-01-01,2020-11-13,,34.6597071379303
Rangunia,BD20157077,,,,Rangunia,BD201570,Chittagong,BD2015,Chittagong,BD20,Bangladesh,BD,2015-01-01,2020-11-13,,5.85757948084033
Rangunia Paurashava,BD20157099,,,,Rangunia,BD201570,Chittagong,BD2015,Chittagong,BD20,Bangladesh,BD,2015-01-01,2020-11-13,,8.32094581731789
Rani Pukur,BD55271785,,,,Biral,BD552717,Dinajpur,BD5527,Rangpur,BD55,Bangladesh,BD,2015-01-01,2020-11-13,,33.826276975032
Rani Pukur,BD55855894,,,,Mitha Pukur,BD558558,Rangpur,BD5585,Rangpur,BD55,Bangladesh,BD,2015-01-01,2020-11-13,,29.7535722195645
Rani Shimul,BD45899071,,,,Sreebardi,BD458990,Sherpur,BD4589,Mymensingh,BD45,Bangladesh,BD,2015-01-01,2020-11-13,,41.7580381969245
Raniganj,BD55490971,,,,Chilmari,BD554909,Kurigram,BD5549,Rangpur,BD55,Bangladesh,BD,2015-01-01,2020-11-13,,25.796233209175
Raniganj,BD60904776,,,,Jagannathpur,BD609047,Sunamganj,BD6090,Sylhet,BD60,Bangladesh,BD,2015-01-01,2020-11-13,,53.0991500628916
Ranigaon,BD60362666,,,,Chunarughat,BD603626,Habiganj,BD6036,Sylhet,BD60,Bangladesh,BD,2015-01-01,2020-11-13,,89.7404756608256
Ranihati,BD50706683,,,,Nawabganj Sadar,BD507066,Nawabganj,BD5070,Rajshahi,BD50,Bangladesh,BD,2015-01-01,2020-11-13,,8.403414889183729
Ranikhai Dakshin,BD60912747,,,,Companiganj,BD609127,Sylhet,BD6091,Sylhet,BD60,Bangladesh,BD,2015-01-01,2020-11-13,,55.5005152348811
Ranikhai Uttar,BD60912757,,,,Companiganj,BD609127,Sylhet,BD6091,Sylhet,BD60,Bangladesh,BD,2015-01-01,2020-11-13,,45.0611669378333
Raninagar,BD50648584,,,,Raninagar,BD506485,Naogaon,BD5064,Rajshahi,BD50,Bangladesh,BD,2015-01-01,2020-11-13,,15.1499060519018
Raninagar,BD50768357,,,,Sujanagar,BD507683,Pabna,BD5076,Rajshahi,BD50,Bangladesh,BD,2015-01-01,2020-11-13,,34.912366600583
Raona,BD45612275,,,,Gaffargaon,BD456122,Mymensingh,BD4561,Mymensingh,BD45,Bangladesh,BD,2015-01-01,2020-11-13,,28.3683265453497
Raozan,BD20157475,,,,Raozan,BD201574,Chittagong,BD2015,Chittagong,BD20,Bangladesh,BD,2015-01-01,2020-11-13,,24.3385556199535
Raozan Paurashava,BD20157499,,,,Raozan,BD201574,Chittagong,BD2015,Chittagong,BD20,Bangladesh,BD,2015-01-01,2020-11-13,,11.4651919995219
Rari Para,BD40013876,,,,Kachua,BD400138,Bagerhat,BD4001,Khulna,BD40,Bangladesh,BD,2015-01-01,2020-11-13,,22.1722921918709
Rarikhal,BD30598467,,,,Sreenagar,BD305984,Munshiganj,BD3059,Dhaka,BD30,Bangladesh,BD,2015-01-01,2020-11-13,,13.6388075047485
Raruli,BD40476483,,,,Paikgachha,BD404764,Khulna,BD4047,Khulna,BD40,Bangladesh,BD,2015-01-01,2020-11-13,,25.2926681661474
Rashid Nagar,BD20226670,,,,Ramu,BD202266,Cox's Bazar,BD2022,Chittagong,BD20,Bangladesh,BD,2015-01-01,2020-11-13,,15.7218705012469
Rashidabad,BD30484994,,,,Kishoreganj Sadar,BD304849,Kishoreganj,BD3048,Dhaka,BD30,Bangladesh,BD,2015-01-01,2020-11-13,,19.1724742064361
Rashidpur,BD45393665,,,,Jamalpur Sadar,BD453936,Jamalpur,BD4539,Mymensingh,BD45,Bangladesh,BD,2015-01-01,2020-11-13,,26.6445324617728
Rasti,BD30545489,,,,Madaripur Sadar,BD305454,Madaripur,BD3054,Dhaka,BD30,Bangladesh,BD,2015-01-01,2020-11-13,,8.71676014567659
Rasul Pur,BD10092588,,,,Char Fasson,BD100925,Bhola,BD1009,Barisal,BD10,Bangladesh,BD,2015-01-01,2020-11-13,,43.3026557915869
Rasullabad,BD20128567,,,,Nabinagar,BD201285,Brahamanbaria,BD2012,Chittagong,BD20,Bangladesh,BD,2015-01-01,2020-11-13,,15.3043028739146
Rasulpur,BD20194089,,,,Debidwar,BD201940,Comilla,BD2019,Chittagong,BD20,Bangladesh,BD,2015-01-01,2020-11-13,,12.4514547103527
Rasulpur,BD20750784,,,,Begumganj,BD207507,Noakhali,BD2075,Chittagong,BD20,Bangladesh,BD,2015-01-01,2020-11-13,,18.7155760231608
Rasulpur,BD30932886,,,,Ghatail,BD309328,Tangail,BD3093,Dhaka,BD30,Bangladesh,BD,2015-01-01,2020-11-13,,92.5530158260659
Rasulpur,BD45612269,,,,Gaffargaon,BD456122,Mymensingh,BD4561,Mymensingh,BD45,Bangladesh,BD,2015-01-01,2020-11-13,,21.5097106773435
Rasulpur,BD50646973,,,,Niamatpur,BD506469,Naogaon,BD5064,Rajshahi,BD50,Bangladesh,BD,2015-01-01,2020-11-13,,73.7773292749622
Rasulpur,BD55275663,,,,Kaharole,BD552756,Dinajpur,BD5527,Rangpur,BD55,Bangladesh,BD,2015-01-01,2020-11-13,,35.1715871928517
Rasulpur,BD55328294,,,,Sadullapur,BD553282,Gaibandha,BD5532,Rangpur,BD55,Bangladesh,BD,2015-01-01,2020-11-13,,20.933227223858
Rasunia,BD30597488,,,,Serajdikhan,BD305974,Munshiganj,BD3059,Dhaka,BD30,Bangladesh,BD,2015-01-01,2020-11-13,,12.3083622422216
Ratail,BD30354381,,,,Kashiani,BD303543,Gopalganj,BD3035,Dhaka,BD30,Bangladesh,BD,2015-01-01,2020-11-13,,25.9410639347026
Ratandi Taltali,BD10785794,,,,Galachipa,BD107857,Patuakhali,BD1078,Barisal,BD10,Bangladesh,BD,2015-01-01,2020-11-13,,27.1942986127353
Ratandia,BD30824785,,,,Kalukhali,BD308247,Rajbari,BD3082,Dhaka,BD30,Bangladesh,BD,2015-01-01,2020-11-13,,35.9891438511837
Ratankandi,BD50887860,,,,Sirajganj Sadar,BD508878,Sirajganj,BD5088,Rajshahi,BD50,Bangladesh,BD,2015-01-01,2020-11-13,,34.4637792872184
Ratanpur,BD20128572,,,,Nabinagar,BD201285,Brahamanbaria,BD2012,Chittagong,BD20,Bangladesh,BD,2015-01-01,2020-11-13,,25.4876798470201
Ratanpur,BD40874787,,,,Kaliganj,BD408747,Satkhira,BD4087,Khulna,BD40,Bangladesh,BD,2015-01-01,2020-11-13,,28.6477913008751
Ratna Palong,BD20229463,,,,Ukhia,BD202294,Cox's Bazar,BD2022,Chittagong,BD20,Bangladesh,BD,2015-01-01,2020-11-13,,21.1784140158034
Ratnapur,BD10060287,,,,Agailjhara,BD100602,Barisal,BD1006,Barisal,BD10,Bangladesh,BD,2015-01-01,2020-11-13,,26.868309865147
Rator,BD55948687,,,,Ranisankail,BD559486,Thakurgaon,BD5594,Rangpur,BD55,Bangladesh,BD,2015-01-01,2020-11-13,,32.4040490261496
Rauha,BD45727479,,,,Netrokona Sadar,BD457274,Netrakona,BD4572,Mymensingh,BD45,Bangladesh,BD,2015-01-01,2020-11-13,,26.6717400268043
Rauha Betmari,BD45898888,,,,Sherpur Sadar,BD458988,Sherpur,BD4589,Mymensingh,BD45,Bangladesh,BD,2015-01-01,2020-11-13,,15.8853743183992
Raumari,BD55497971,,,,Raumari,BD554979,Kurigram,BD5549,Rangpur,BD55,Bangladesh,BD,2015-01-01,2020-11-13,,36.9497045075551
Rauti,BD30489267,,,,Tarail,BD304892,Kishoreganj,BD3048,Dhaka,BD30,Bangladesh,BD,2015-01-01,2020-11-13,,24.8139906737178
Rayed,BD30333660,,,,Kapasia,BD303336,Gazipur,BD3033,Dhaka,BD30,Bangladesh,BD,2015-01-01,2020-11-13,,36.0254544524125
Raziura,BD60364466,,,,Habiganj Sadar,BD603644,Habiganj,BD6036,Sylhet,BD60,Bangladesh,BD,2015-01-01,2020-11-13,,21.9251955114241
Refayetpur,BD40503994,,,,Daulatpur,BD405039,Kushtia,BD4050,Khulna,BD40,Bangladesh,BD,2015-01-01,2020-11-13,,32.3792517839369
Remakri Pransa,BD20039157,,,,Ruma,BD200391,Bandarban,BD2003,Chittagong,BD20,Bangladesh,BD,2015-01-01,2020-11-13,,235.932259372686
Remakry,BD20039538,,,,Thanchi,BD200395,Bandarban,BD2003,Chittagong,BD20,Bangladesh,BD,2015-01-01,2020-11-13,,591.593495669456
Richi,BD60364476,,,,Habiganj Sadar,BD603644,Habiganj,BD6036,Sylhet,BD60,Bangladesh,BD,2015-01-01,2020-11-13,,18.2446960989198
Rishikul,BD50813485,,,,Godagari,BD508134,Rajshahi,BD5081,Rajshahi,BD50,Bangladesh,BD,2015-01-01,2020-11-13,,48.373125488917
Roailbari,BD45724788,,,,Kendua,BD457247,Netrakona,BD4572,Mymensingh,BD45,Bangladesh,BD,2015-01-01,2020-11-13,,22.8364045816678
Rohanpur,BD50703784,,,,Gomastapur,BD507037,Nawabganj,BD5070,Rajshahi,BD50,Bangladesh,BD,2015-01-01,2020-11-13,,43.6339955212473
Rohita,BD40416189,,,,Manirampur,BD404161,Jessore,BD4041,Khulna,BD40,Bangladesh,BD,2015-01-01,2020-11-13,,30.6799890901786
Roushangiri,BD20153380,,,,Fatikchhari,BD201533,Chittagong,BD2015,Chittagong,BD20,Bangladesh,BD,2015-01-01,2020-11-13,,6.67165261464985
Routhgaon,BD60586577,,,,Kulaura,BD605865,Maulvibazar,BD6058,Sylhet,BD60,Bangladesh,BD,2015-01-01,2020-11-13,,15.471299486785
Rowail,BD30261471,,,,Dhamrai,BD302614,Dhaka,BD3026,Dhaka,BD30,Bangladesh,BD,2015-01-01,2020-11-13,,25.0374782967573
Rowangchhari,BD20038957,,,,Rowangchhari,BD200389,Bandarban,BD2003,Chittagong,BD20,Bangladesh,BD,2015-01-01,2020-11-13,,123.461556560613
Roy Daulatpur,BD50884476,,,,Kamarkhanda,BD508844,Sirajganj,BD5088,Rajshahi,BD50,Bangladesh,BD,2015-01-01,2020-11-13,,26.5020114520936
Roy Pasha Karapur,BD10065177,,,,Barisal Sadar (Kotwali),BD100651,Barisal,BD1006,Barisal,BD10,Bangladesh,BD,2015-01-01,2020-11-13,,19.8242062729617
Royenda,BD40017757,,,,Sarankhola,BD400177,Bagerhat,BD4001,Khulna,BD40,Bangladesh,BD,2015-01-01,2020-11-13,,38.4380038359889
Royganj,BD55496182,,,,Nageshwari,BD554961,Kurigram,BD5549,Rangpur,BD55,Bangladesh,BD,2015-01-01,2020-11-13,,24.2174441412025
Royganj Paurashava,BD50886199,,,,Royganj,BD508861,Sirajganj,BD5088,Rajshahi,BD50,Bangladesh,BD,2015-01-01,2020-11-13,,4.64494209736844
Roygaon,BD50645076,,,,Mahadebpur,BD506450,Naogaon,BD5064,Rajshahi,BD50,Bangladesh,BD,2015-01-01,2020-11-13,,40.814705424685
Royghati,BD50815381,,,,Mohanpur,BD508153,Rajshahi,BD5081,Rajshahi,BD50,Bangladesh,BD,2015-01-01,2020-11-13,,13.0978938601181
Roygram,BD40443374,,,,Kaliganj,BD404433,Jhenaidah,BD4044,Khulna,BD40,Bangladesh,BD,2015-01-01,2020-11-13,,28.0073579197234
Royipur,BD20515871,,,,Roypur,BD205158,Lakshmipur,BD2051,Chittagong,BD20,Bangladesh,BD,2015-01-01,2020-11-13,,7.60269091027679
Roykot,BD20198786,,,,Nangalkot,BD201987,Comilla,BD2019,Chittagong,BD20,Bangladesh,BD,2015-01-01,2020-11-13,,23.3380655924951
Roynagar,BD50109479,,,,Shibganj,BD501094,Bogra,BD5010,Rajshahi,BD50,Bangladesh,BD,2015-01-01,2020-11-13,,17.6050223387505
Roypara,BD30261873,,,,Dohar,BD302618,Dhaka,BD3026,Dhaka,BD30,Bangladesh,BD,2015-01-01,2020-11-13,,4.61738668317092
Roypur,BD20150495,,,,Anowara,BD201504,Chittagong,BD2015,Chittagong,BD20,Bangladesh,BD,2015-01-01,2020-11-13,,15.2231055688327
Roypur,BD40410985,,,,Bagher Para,BD404109,Jessore,BD4041,Khulna,BD40,Bangladesh,BD,2015-01-01,2020-11-13,,31.3717439783804
Roypur,BD40574769,,,,Gangni,BD405747,Meherpur,BD4057,Khulna,BD40,Bangladesh,BD,2015-01-01,2020-11-13,,28.5377212825333
Roypur,BD45720959,,,,Barhatta,BD457209,Netrakona,BD4572,Mymensingh,BD45,Bangladesh,BD,2015-01-01,2020-11-13,,31.3684865544958
Roypur,BD55857675,,,,Pirganj,BD558576,Rangpur,BD5585,Rangpur,BD55,Bangladesh,BD,2015-01-01,2020-11-13,,22.1777590445296
Roypur,BD55949473,,,,Thakurgaon Sadar,BD559494,Thakurgaon,BD5594,Rangpur,BD55,Bangladesh,BD,2015-01-01,2020-11-13,,39.3542117900613
Roypur Paurashava,BD20515899,,,,Roypur,BD205158,Lakshmipur,BD2051,Chittagong,BD20,Bangladesh,BD,2015-01-01,2020-11-13,,9.20901365619302
Roypura,BD30686484,,,,Roypura,BD306864,Narsingdi,BD3068,Dhaka,BD30,Bangladesh,BD,2015-01-01,2020-11-13,,8.82583515984569
Roypura Paurashava,BD30686499,,,,Roypura,BD306864,Narsingdi,BD3068,Dhaka,BD30,Bangladesh,BD,2015-01-01,2020-11-13,,5.51720249555262
Rudaghara,BD40473074,,,,Dumuria,BD404730,Khulna,BD4047,Khulna,BD40,Bangladesh,BD,2015-01-01,2020-11-13,,28.5827378752092
Rudrakar,BD30866976,,,,Shariatpur Sadar,BD308669,Shariatpur,BD3086,Dhaka,BD30,Bangladesh,BD,2015-01-01,2020-11-13,,23.580731424162
Ruhea,BD55949484,,,,Thakurgaon Sadar,BD559494,Thakurgaon,BD5594,Rangpur,BD55,Bangladesh,BD,2015-01-01,2020-11-13,,37.3096017256168
Ruhitpur,BD30263851,,,,Keraniganj,BD302638,Dhaka,BD3026,Dhaka,BD30,Bangladesh,BD,2015-01-01,2020-11-13,,18.0577533286733
Rukindipur,BD50381347,,,,Akkelpur,BD503813,Joypurhat,BD5038,Rajshahi,BD50,Bangladesh,BD,2015-01-01,2020-11-13,,22.6390963273204
Ruma,BD20039176,,,,Ruma,BD200391,Bandarban,BD2003,Chittagong,BD20,Bangladesh,BD,2015-01-01,2020-11-13,,133.108121263096
Rupabati,BD50886780,,,,Shahjadpur,BD508867,Sirajganj,BD5088,Rajshahi,BD50,Bangladesh,BD,2015-01-01,2020-11-13,,30.1306649100276
Rupakari,BD20840771,,,,Baghai Chhari,BD208407,Rangamati,BD2084,Chittagong,BD20,Bangladesh,BD,2015-01-01,2020-11-13,,33.883948832334
Rupapat,BD30291885,,,,Boalmari,BD302918,Faridpur,BD3029,Dhaka,BD30,Bangladesh,BD,2015-01-01,2020-11-13,,26.1017255742542
Rupasi,BD45618176,,,,Phulpur,BD456181,Mymensingh,BD4561,Mymensingh,BD45,Bangladesh,BD,2015-01-01,2020-11-13,,27.6623893035333
Rupganj,BD30676879,,,,Rupganj,BD306768,Narayanganj,BD3067,Dhaka,BD30,Bangladesh,BD,2015-01-01,2020-11-13,,30.1363987609214
Rupnarayankura,BD45897094,,,,Nalitabari,BD458970,Sherpur,BD4589,Mymensingh,BD45,Bangladesh,BD,2015-01-01,2020-11-13,,22.3749208871086
Ruppur,BD50761684,,,,Bera,BD507616,Pabna,BD5076,Rajshahi,BD50,Bangladesh,BD,2015-01-01,2020-11-13,,29.6918316714955
Rupshipara,BD20035168,,,,Lama,BD200351,Bandarban,BD2003,Chittagong,BD20,Bangladesh,BD,2015-01-01,2020-11-13,,70.88743439126851
Rustampur,BD60914173,,,,Gowainghat,BD609141,Sylhet,BD6091,Sylhet,BD60,Bangladesh,BD,2015-01-01,2020-11-13,,68.27054314813019
S.k.b.(sundarpur),BD40447183,,,,Maheshpur,BD404471,Jhenaidah,BD4044,Khulna,BD40,Bangladesh,BD,2015-01-01,2020-11-13,,23.2083684990083
Sabdalpur,BD40444281,,,,Kotchandpur,BD404442,Jhenaidah,BD4044,Khulna,BD40,Bangladesh,BD,2015-01-01,2020-11-13,,26.8354617715783
Sabdalpur,BD40559563,,,,Sreepur,BD405595,Magura,BD4055,Khulna,BD40,Bangladesh,BD,2015-01-01,2020-11-13,,24.0697156171077
Sabekhyong,BD20847576,,,,Naniarchar,BD208475,Rangamati,BD2084,Chittagong,BD20,Bangladesh,BD,2015-01-01,2020-11-13,,68.24938038571041
Sabrang,BD20229047,,,,Teknaf,BD202290,Cox's Bazar,BD2022,Chittagong,BD20,Bangladesh,BD,2015-01-01,2020-11-13,,34.8078480670222
Sachar,BD20135871,,,,Kachua,BD201358,Chandpur,BD2013,Chittagong,BD20,Bangladesh,BD,2015-01-01,2020-11-13,,16.2063952364256
Sachiadah,BD40479454,,,,Terokhada,BD404794,Khulna,BD4047,Khulna,BD40,Bangladesh,BD,2015-01-01,2020-11-13,,34.8176506071299
Sachna Bazar,BD60905081,,,,Jamalganj,BD609050,Sunamganj,BD6090,Sylhet,BD60,Bangladesh,BD,2015-01-01,2020-11-13,,26.8972715653985
Sachra,BD10092176,,,,Burhanuddin,BD100921,Bhola,BD1009,Barisal,BD10,Bangladesh,BD,2015-01-01,2020-11-13,,18.7630246434702
Sadaha,BD20158283,,,,Satkania,BD201582,Chittagong,BD2015,Chittagong,BD20,Bangladesh,BD,2015-01-01,2020-11-13,,30.4670920647376
Sadaki,BD40507186,,,,Kumarkhali,BD405071,Kushtia,BD4050,Khulna,BD40,Bangladesh,BD,2015-01-01,2020-11-13,,23.6540333639005
Sadakpur,BD30481159,,,,Bhairab,BD304811,Kishoreganj,BD3048,Dhaka,BD30,Bangladesh,BD,2015-01-01,2020-11-13,,13.9203356663109
Sadarpur,BD30298485,,,,Sadarpur,BD302984,Faridpur,BD3029,Dhaka,BD30,Bangladesh,BD,2015-01-01,2020-11-13,,17.3700462645568
Sadasardi,BD30670279,,,,Araihazar,BD306702,Narayanganj,BD3067,Dhaka,BD30,Bangladesh,BD,2015-01-01,2020-11-13,,9.98507553105339
Sadekpur,BD20121386,,,,Brahmanbaria Sadar,BD201213,Brahamanbaria,BD2012,Chittagong,BD20,Bangladesh,BD,2015-01-01,2020-11-13,,12.6370582648748
Sadhanpur,BD20150875,,,,Banshkhali,BD201508,Chittagong,BD2015,Chittagong,BD20,Bangladesh,BD,2015-01-01,2020-11-13,,26.7309744900597
Sadhar Char,BD30687694,,,,Shibpur,BD306876,Narsingdi,BD3068,Dhaka,BD30,Bangladesh,BD,2015-01-01,2020-11-13,,15.6353388534193
Sadhuhati,BD40441989,,,,Jhenaidah Sadar,BD404419,Jhenaidah,BD4044,Khulna,BD40,Bangladesh,BD,2015-01-01,2020-11-13,,24.453510822156
Sadhur Para,BD45390783,,,,Bakshiganj,BD453907,Jamalpur,BD4539,Mymensingh,BD45,Bangladesh,BD,2015-01-01,2020-11-13,,26.0030935227131
Sadia Chandpur,BD50882747,,,,Chauhali,BD508827,Sirajganj,BD5088,Rajshahi,BD50,Bangladesh,BD,2015-01-01,2020-11-13,,45.1192602533234
Sadipur,BD30670477,,,,Sonargaon,BD306704,Narayanganj,BD3067,Dhaka,BD30,Bangladesh,BD,2015-01-01,2020-11-13,,16.34686100771
Sadipur,BD40507190,,,,Kumarkhali,BD405071,Kushtia,BD4050,Khulna,BD40,Bangladesh,BD,2015-01-01,2020-11-13,,28.4129093873372
Sadipur,BD60910881,,,,Balaganj,BD609108,Sylhet,BD6091,Sylhet,BD60,Bangladesh,BD,2015-01-01,2020-11-13,,43.3607547382392
Sadullahpur,BD50765594,,,,Pabna Sadar,BD507655,Pabna,BD5076,Rajshahi,BD50,Bangladesh,BD,2015-01-01,2020-11-13,,34.0264362111676
Sadullapur,BD20137964,,,,Matlab Uttar,BD201379,Chandpur,BD2013,Chittagong,BD20,Bangladesh,BD,2015-01-01,2020-11-13,,18.5543376072596
Sadullapur,BD30355187,,,,Kotali Para,BD303551,Gopalganj,BD3035,Dhaka,BD30,Bangladesh,BD,2015-01-01,2020-11-13,,59.5226190329074
Sadya Pushkarni,BD55854963,,,,Rangpur Sadar,BD558549,Rangpur,BD5585,Rangpur,BD55,Bangladesh,BD,2015-01-01,2020-11-13,,36.9379686440106
Safapur,BD50645085,,,,Mahadebpur,BD506450,Naogaon,BD5064,Rajshahi,BD50,Bangladesh,BD,2015-01-01,2020-11-13,,30.9811294345787
Safipur,BD10066983,,,,Muladi,BD100669,Barisal,BD1006,Barisal,BD10,Bangladesh,BD,2015-01-01,2020-11-13,,39.8507751149036
Saflapur,BD20224983,,,,Maheshkhali,BD202249,Cox's Bazar,BD2022,Chittagong,BD20,Bangladesh,BD,2015-01-01,2020-11-13,,96.6364019757642
Saganna,BD40441984,,,,Jhenaidah Sadar,BD404419,Jhenaidah,BD4044,Khulna,BD40,Bangladesh,BD,2015-01-01,2020-11-13,,19.1938867955639
Sagardari,BD40413866,,,,Keshabpur,BD404138,Jessore,BD4041,Khulna,BD40,Bangladesh,BD,2015-01-01,2020-11-13,,28.7015570461798
Sagarkandi,BD50768366,,,,Sujanagar,BD507683,Pabna,BD5076,Rajshahi,BD50,Bangladesh,BD,2015-01-01,2020-11-13,,48.185762185394
Sagarnal,BD60583583,,,,Juri,BD605835,Maulvibazar,BD6058,Sylhet,BD60,Bangladesh,BD,2015-01-01,2020-11-13,,37.021268827445
Sagladah,BD40479467,,,,Terokhada,BD404794,Khulna,BD4047,Khulna,BD40,Bangladesh,BD,2015-01-01,2020-11-13,,24.7286530353915
Saguna,BD50888963,,,,Tarash,BD508889,Sirajganj,BD5088,Rajshahi,BD50,Bangladesh,BD,2015-01-01,2020-11-13,,46.9355212698814
Saha Para,BD55322494,,,,Gaibandha Sadar,BD553224,Gaibandha,BD5532,Rangpur,BD55,Bangladesh,BD,2015-01-01,2020-11-13,,17.9669705035395
Sahabad Union,BD40657674,,,,Narail Sadar,BD406576,Narail,BD4065,Khulna,BD40,Bangladesh,BD,2015-01-01,2020-11-13,,19.2279872838493
Sahabajpur,BD45393671,,,,Jamalpur Sadar,BD453936,Jamalpur,BD4539,Mymensingh,BD45,Bangladesh,BD,2015-01-01,2020-11-13,,35.32898000233551
Sahabatpur,BD30937687,,,,Nagarpur,BD309376,Tangail,BD3093,Dhaka,BD30,Bangladesh,BD,2015-01-01,2020-11-13,,19.9641537572462
Sahadebpur,BD30934794,,,,Kalihati,BD309347,Tangail,BD3093,Dhaka,BD30,Bangladesh,BD,2015-01-01,2020-11-13,,18.6311239207178
Sahagola,BD50640384,,,,Atrai,BD506403,Naogaon,BD5064,Rajshahi,BD50,Bangladesh,BD,2015-01-01,2020-11-13,,24.1322895299851
Sahanati,BD45612381,,,,Gauripur,BD456123,Mymensingh,BD4561,Mymensingh,BD45,Bangladesh,BD,2015-01-01,2020-11-13,,27.424384638099
Sahapur,BD20751085,,,,Chatkhil,BD207510,Noakhali,BD2075,Chittagong,BD20,Bangladesh,BD,2015-01-01,2020-11-13,,14.109520967503
Sahapur,BD30353277,,,,Gopalganj Sadar,BD303532,Gopalganj,BD3035,Dhaka,BD30,Bangladesh,BD,2015-01-01,2020-11-13,,18.4884651290294
Sahapur,BD50763963,,,,Ishwardi,BD507639,Pabna,BD5076,Rajshahi,BD50,Bangladesh,BD,2015-01-01,2020-11-13,,28.363706572599
Saharbil,BD20221680,,,,Chakaria,BD202216,Cox's Bazar,BD2022,Chittagong,BD20,Bangladesh,BD,2015-01-01,2020-11-13,,42.1147923997471
Sahargram,BD55271795,,,,Biral,BD552717,Dinajpur,BD5527,Rangpur,BD55,Bangladesh,BD,2015-01-01,2020-11-13,,38.9524925760298
Sahas,BD40473081,,,,Dumuria,BD404730,Khulna,BD4047,Khulna,BD40,Bangladesh,BD,2015-01-01,2020-11-13,,25.0085896442366
Sahata,BD45720971,,,,Barhatta,BD457209,Netrakona,BD4572,Mymensingh,BD45,Bangladesh,BD,2015-01-01,2020-11-13,,37.5556855667994
Sahebabad,BD20191582,,,,Brahman Para,BD201915,Comilla,BD2019,Chittagong,BD20,Bangladesh,BD,2015-01-01,2020-11-13,,10.1156627630801
Saheber Alga,BD55499475,,,,Ulipur,BD554994,Kurigram,BD5549,Rangpur,BD55,Bangladesh,BD,2015-01-01,2020-11-13,,99.0254152304474
Saheberhat,BD20513395,,,,Kamalnagar,BD205133,Lakshmipur,BD2051,Chittagong,BD20,Bangladesh,BD,2015-01-01,2020-11-13,,19.7830285363421
Sahebrampur,BD30544088,,,,Kalkini,BD305440,Madaripur,BD3054,Dhaka,BD30,Bangladesh,BD,2015-01-01,2020-11-13,,22.5113845628114
Sahedal,BD30482767,,,,Hossainpur,BD304827,Kishoreganj,BD3048,Dhaka,BD30,Bangladesh,BD,2015-01-01,2020-11-13,,10.4235469712327
Saherkhali,BD20155383,,,,Mirsharai,BD201553,Chittagong,BD2015,Chittagong,BD20,Bangladesh,BD,2015-01-01,2020-11-13,,40.01549819115159
Saidabad,BD50887869,,,,Sirajganj Sadar,BD508878,Sirajganj,BD5088,Rajshahi,BD50,Bangladesh,BD,2015-01-01,2020-11-13,,30.3410345159728
Saidergaon,BD60902385,,,,Chhatak,BD609023,Sunamganj,BD6090,Sylhet,BD60,Bangladesh,BD,2015-01-01,2020-11-13,,19.0378411304619
Saidkati,BD10061073,,,,Banari Para,BD100610,Barisal,BD1006,Barisal,BD10,Bangladesh,BD,2015-01-01,2020-11-13,,29.085189779835
Saidpur,BD10092995,,,,Daulatkhan,BD100929,Bhola,BD1009,Barisal,BD10,Bangladesh,BD,2015-01-01,2020-11-13,,12.5481762411075
Saidpur,BD20158695,,,,Sitakunda,BD201586,Chittagong,BD2015,Chittagong,BD20,Bangladesh,BD,2015-01-01,2020-11-13,,37.763937263053
Saidpur,BD50109487,,,,Shibganj,BD501094,Bogra,BD5010,Rajshahi,BD50,Bangladesh,BD,2015-01-01,2020-11-13,,26.8783206556847
Saidpur,BD55948286,,,,Pirganj,BD559482,Thakurgaon,BD5594,Rangpur,BD55,Bangladesh,BD,2015-01-01,2020-11-13,,35.2701317743464
Saila Afzalabad,BD60902390,,,,Chhatak,BD609023,Sunamganj,BD6090,Sylhet,BD60,Bangladesh,BD,2015-01-01,2020-11-13,,32.6383533930344
Sailgachhi,BD50646036,,,,Naogaon Sadar,BD506460,Naogaon,BD5064,Rajshahi,BD50,Bangladesh,BD,2015-01-01,2020-11-13,,13.0390166265838
Saintara,BD55273079,,,,Chirirbandar,BD552730,Dinajpur,BD5527,Rangpur,BD55,Bangladesh,BD,2015-01-01,2020-11-13,,31.1759923327896
Saista,BD30568277,,,,Singair,BD305682,Manikganj,BD3056,Dhaka,BD30,Bangladesh,BD,2015-01-01,2020-11-13,,17.4316195111317
Saistaganj,BD60364485,,,,Habiganj Sadar,BD603644,Habiganj,BD6036,Sylhet,BD60,Bangladesh,BD,2015-01-01,2020-11-13,,9.67053453416078
Sajail,BD30354388,,,,Kashiani,BD303543,Gopalganj,BD3035,Dhaka,BD30,Bangladesh,BD,2015-01-01,2020-11-13,,24.8154262188596
Sajek,BD20840783,,,,Baghai Chhari,BD208407,Rangamati,BD2084,Chittagong,BD20,Bangladesh,BD,2015-01-01,2020-11-13,,1230.96470576671
Sakhipur,BD30861486,,,,Bhedarganj,BD308614,Shariatpur,BD3086,Dhaka,BD30,Bangladesh,BD,2015-01-01,2020-11-13,,22.0900771505083
Sakhipur,BD40872579,,,,Debhata,BD408725,Satkhira,BD4087,Khulna,BD40,Bangladesh,BD,2015-01-01,2020-11-13,,18.017460456389
Sakhipur Paurashava,BD30938599,,,,Sakhipur,BD309385,Tangail,BD3093,Dhaka,BD30,Bangladesh,BD,2015-01-01,2020-11-13,,30.5399084404509
Sakhua,BD20132290,,,,Chandpur Sadar,BD201322,Chandpur,BD2013,Chittagong,BD20,Bangladesh,BD,2015-01-01,2020-11-13,,12.8620688752475
Sakhua,BD45619476,,,,Trishal,BD456194,Mymensingh,BD4561,Mymensingh,BD45,Bangladesh,BD,2015-01-01,2020-11-13,,17.8015236234841
Sakoa,BD55772594,,,,Boda,BD557725,Panchagarh,BD5577,Rangpur,BD55,Bangladesh,BD,2015-01-01,2020-11-13,,24.6823164870842
Sakpura,BD20151276,,,,Boalkhali,BD201512,Chittagong,BD2015,Chittagong,BD20,Bangladesh,BD,2015-01-01,2020-11-13,,8.06817536345215
Sakta,BD30263860,,,,Keraniganj,BD302638,Dhaka,BD3026,Dhaka,BD30,Bangladesh,BD,2015-01-01,2020-11-13,,18.3130716726976
Sakuai,BD45612484,,,,Haluaghat,BD456124,Mymensingh,BD4561,Mymensingh,BD45,Bangladesh,BD,2015-01-01,2020-11-13,,21.3130531458957
Salamabad,BD40652895,,,,Kalia,BD406528,Narail,BD4065,Khulna,BD40,Bangladesh,BD,2015-01-01,2020-11-13,,12.3892527655853
Salandar,BD55949489,,,,Thakurgaon Sadar,BD559494,Thakurgaon,BD5594,Rangpur,BD55,Bangladesh,BD,2015-01-01,2020-11-13,,39.91788699086059
Salanga,BD50889473,,,,Ullah Para,BD508894,Sirajganj,BD5088,Rajshahi,BD50,Bangladesh,BD,2015-01-01,2020-11-13,,36.5494043888222
Salap,BD50889480,,,,Ullah Para,BD508894,Sirajganj,BD5088,Rajshahi,BD50,Bangladesh,BD,2015-01-01,2020-11-13,,24.0815181172994
Salbahan,BD55779067,,,,Tentulia,BD557790,Panchagarh,BD5577,Rangpur,BD55,Bangladesh,BD,2015-01-01,2020-11-13,,32.1679198592124
Saldanga,BD55773466,,,,Debiganj,BD557734,Panchagarh,BD5577,Rangpur,BD55,Bangladesh,BD,2015-01-01,2020-11-13,,29.1561223243268
Salia Bakpur,BD10061063,,,,Banari Para,BD100610,Barisal,BD1006,Barisal,BD10,Bangladesh,BD,2015-01-01,2020-11-13,,14.6294190581731
Salimabad,BD20120481,,,,Banchharampur,BD201204,Brahamanbaria,BD2012,Chittagong,BD20,Bangladesh,BD,2015-01-01,2020-11-13,,24.9369630713835
Salimabad,BD30937694,,,,Nagarpur,BD309376,Tangail,BD3093,Dhaka,BD30,Bangladesh,BD,2015-01-01,2020-11-13,,16.5910724475612
Salimganj,BD20128575,,,,Nabinagar,BD201285,Brahamanbaria,BD2012,Chittagong,BD20,Bangladesh,BD,2015-01-01,2020-11-13,,8.24529691906863
Salimpur,BD20158666,,,,Sitakunda,BD201586,Chittagong,BD2015,Chittagong,BD20,Bangladesh,BD,2015-01-01,2020-11-13,,17.8896627980746
Salla,BD30934787,,,,Kalihati,BD309347,Tangail,BD3093,Dhaka,BD30,Bangladesh,BD,2015-01-01,2020-11-13,,15.6972432365737
Sallabad,BD30680783,,,,Belabo,BD306807,Narsingdi,BD3068,Dhaka,BD30,Bangladesh,BD,2015-01-01,2020-11-13,,14.9469765262613
Saltia,BD45612282,,,,Gaffargaon,BD456122,Mymensingh,BD4561,Mymensingh,BD45,Bangladesh,BD,2015-01-01,2020-11-13,,15.1644605145163
Salua,BD30485483,,,,Kuliar Char,BD304854,Kishoreganj,BD3048,Dhaka,BD30,Bangladesh,BD,2015-01-01,2020-11-13,,15.5037790816721
Salua,BD50812587,,,,Charghat,BD508125,Rajshahi,BD5081,Rajshahi,BD50,Bangladesh,BD,2015-01-01,2020-11-13,,26.2522873620599
Samaj Sahildeo,BD45726363,,,,Mohanganj,BD457263,Netrakona,BD4572,Mymensingh,BD45,Bangladesh,BD,2015-01-01,2020-11-13,,32.9031237848475
Samantasar,BD30863683,,,,Gosairhat,BD308636,Shariatpur,BD3086,Dhaka,BD30,Bangladesh,BD,2015-01-01,2020-11-13,,8.36035171092471
Samaspur,BD40506371,,,,Khoksa,BD405063,Kushtia,BD4050,Khulna,BD40,Bangladesh,BD,2015-01-01,2020-11-13,,8.61967806071148
Samitirhat,BD20153390,,,,Fatikchhari,BD201533,Chittagong,BD2015,Chittagong,BD20,Bangladesh,BD,2015-01-01,2020-11-13,,10.2696967986896
Samudaykati,BD10798757,,,,Nesarabad (Swarupkati),BD107987,Pirojpur,BD1079,Barisal,BD10,Bangladesh,BD,2015-01-01,2020-11-13,,26.357889517938
Sandhanpur,BD30932894,,,,Ghatail,BD309328,Tangail,BD3093,Dhaka,BD30,Bangladesh,BD,2015-01-01,2020-11-13,,73.9137325446849
Sandhara,BD45618181,,,,Phulpur,BD456181,Mymensingh,BD4561,Mymensingh,BD45,Bangladesh,BD,2015-01-01,2020-11-13,,24.9768127563442
Sandikona,BD45724794,,,,Kendua,BD457247,Netrakona,BD4572,Mymensingh,BD45,Bangladesh,BD,2015-01-01,2020-11-13,,20.941008372744
Sandwip Paurashava,BD20157899,,,,Sandwip,BD201578,Chittagong,BD2015,Chittagong,BD20,Bangladesh,BD,2015-01-01,2020-11-13,,7.98071161571886
Sangalshi,BD55736482,,,,Nilphamari Sadar,BD557364,Nilphamari,BD5573,Rangpur,BD55,Bangladesh,BD,2015-01-01,2020-11-13,,19.333965696873
Saniajan,BD55523374,,,,Hatibandha,BD555233,Lalmonirhat,BD5552,Rangpur,BD55,Bangladesh,BD,2015-01-01,2020-11-13,,22.4987285203091
Sankhola,BD60362676,,,,Chunarughat,BD603626,Habiganj,BD6036,Sylhet,BD60,Bangladesh,BD,2015-01-01,2020-11-13,,84.024453565616
Sanmandi,BD30670494,,,,Sonargaon,BD306704,Narayanganj,BD3067,Dhaka,BD30,Bangladesh,BD,2015-01-01,2020-11-13,,25.205186304695
Sanmania,BD30333669,,,,Kapasia,BD303336,Gazipur,BD3033,Dhaka,BD30,Bangladesh,BD,2015-01-01,2020-11-13,,23.0623055512182
Sannyasir Char,BD30548779,,,,Shib Char,BD305487,Madaripur,BD3054,Dhaka,BD30,Bangladesh,BD,2015-01-01,2020-11-13,,18.1631496154098
Sanora,BD30261477,,,,Dhamrai,BD302614,Dhaka,BD3026,Dhaka,BD30,Bangladesh,BD,2015-01-01,2020-11-13,,17.6928148966747
Santahar Paurashava,BD50100699,,,,Adamdighi,BD501006,Bogra,BD5010,Rajshahi,BD50,Bangladesh,BD,2015-01-01,2020-11-13,,12.928871013485
Santhia Paurashava,BD50767299,,,,Santhia,BD507672,Pabna,BD5076,Rajshahi,BD50,Bangladesh,BD,2015-01-01,2020-11-13,,23.8921864729124
Santoshpur,BD20157890,,,,Sandwip,BD201578,Chittagong,BD2015,Chittagong,BD20,Bangladesh,BD,2015-01-01,2020-11-13,,23.7281525063777
Santoshpur,BD40011463,,,,Chitalmari,BD400114,Bagerhat,BD4001,Khulna,BD40,Bangladesh,BD,2015-01-01,2020-11-13,,20.2767378762193
Santoshpur,BD55496194,,,,Nageshwari,BD554961,Kurigram,BD5549,Rangpur,BD55,Bangladesh,BD,2015-01-01,2020-11-13,,29.776032862954
Sanua,BD20302982,,,,Feni Sadar,BD203029,Feni,BD2030,Chittagong,BD20,Bangladesh,BD,2015-01-01,2020-11-13,,11.896108429278
Saorail,BD30824795,,,,Kalukhali,BD308247,Rajbari,BD3082,Dhaka,BD30,Bangladesh,BD,2015-01-01,2020-11-13,,26.7149892626679
Sapahar,BD50648671,,,,Sapahar,BD506486,Naogaon,BD5064,Rajshahi,BD50,Bangladesh,BD,2015-01-01,2020-11-13,,41.420751075907
Sapchhari,BD20848781,,,,Rangamati Sadar,BD208487,Rangamati,BD2084,Chittagong,BD20,Bangladesh,BD,2015-01-01,2020-11-13,,68.5162082879678
Sapdhari,BD45392994,,,,Islampur,BD453929,Jamalpur,BD4539,Mymensingh,BD45,Bangladesh,BD,2015-01-01,2020-11-13,,38.3967384975324
Sapleza,BD10795877,,,,Mathbaria,BD107958,Pirojpur,BD1079,Barisal,BD10,Bangladesh,BD,2015-01-01,2020-11-13,,59.3183483612392
Sapmara,BD55323078,,,,Gobindaganj,BD553230,Gaibandha,BD5532,Rangpur,BD55,Bangladesh,BD,2015-01-01,2020-11-13,,27.9163677182027
Saptibari,BD55520283,,,,Aditmari,BD555202,Lalmonirhat,BD5552,Rangpur,BD55,Bangladesh,BD,2015-01-01,2020-11-13,,19.1922643368848
Sara,BD50763984,,,,Ishwardi,BD507639,Pabna,BD5076,Rajshahi,BD50,Bangladesh,BD,2015-01-01,2020-11-13,,23.3290524578141
Sarai,BD20035179,,,,Lama,BD200351,Bandarban,BD2003,Chittagong,BD20,Bangladesh,BD,2015-01-01,2020-11-13,,95.8507362971651
Sarai,BD55854254,,,,Kaunia,BD558542,Rangpur,BD5585,Rangpur,BD55,Bangladesh,BD,2015-01-01,2020-11-13,,13.8048803816997
Sarail,BD20129476,,,,Sarail,BD201294,Brahamanbaria,BD2012,Chittagong,BD20,Bangladesh,BD,2015-01-01,2020-11-13,,14.2818694598663
Saral,BD20150882,,,,Banshkhali,BD201508,Chittagong,BD2015,Chittagong,BD20,Bangladesh,BD,2015-01-01,2020-11-13,,33.031343358573
Saralia,BD30261293,,,,Demra,BD302612,Dhaka,BD3026,Dhaka,BD30,Bangladesh,BD,2015-01-01,2020-11-13,,7.50623493443651
Saranjai,BD50819477,,,,Tanore,BD508194,Rajshahi,BD5081,Rajshahi,BD50,Bangladesh,BD,2015-01-01,2020-11-13,,15.9782129370535
Sarapbhata,BD20157086,,,,Rangunia,BD201570,Chittagong,BD2015,Chittagong,BD20,Bangladesh,BD,2015-01-01,2020-11-13,,25.8114472697313
Sarappur,BD40473088,,,,Dumuria,BD404730,Khulna,BD4047,Khulna,BD40,Bangladesh,BD,2015-01-01,2020-11-13,,24.2502572773141
Sarar Char,BD30480694,,,,Bajitpur,BD304806,Kishoreganj,BD3048,Dhaka,BD30,Bangladesh,BD,2015-01-01,2020-11-13,,13.0652442438032
Sarashpur,BD20197482,,,,Manoharganj,BD201974,Comilla,BD2019,Chittagong,BD20,Bangladesh,BD,2015-01-01,2020-11-13,,17.2609034895693
Sarbananda,BD55329175,,,,Sundarganj,BD553291,Gaibandha,BD5532,Rangpur,BD55,Bangladesh,BD,2015-01-01,2020-11-13,,24.9702591831176
Sarboatali,BD20840735,,,,Baghai Chhari,BD208407,Rangamati,BD2084,Chittagong,BD20,Bangladesh,BD,2015-01-01,2020-11-13,,72.42090213147699
Sardah,BD50812594,,,,Charghat,BD508125,Rajshahi,BD5081,Rajshahi,BD50,Bangladesh,BD,2015-01-01,2020-11-13,,17.7213070409037
Sardarpur,BD40509487,,,,Mirpur,BD405094,Kushtia,BD4050,Khulna,BD40,Bangladesh,BD,2015-01-01,2020-11-13,,30.7109084250709
Sarengkati,BD10798766,,,,Nesarabad (Swarupkati),BD107987,Pirojpur,BD1079,Barisal,BD10,Bangladesh,BD,2015-01-01,2020-11-13,,13.5735549867794
Sariakandi,BD50108188,,,,Sariakandi,BD501081,Bogra,BD5010,Rajshahi,BD50,Bangladesh,BD,2015-01-01,2020-11-13,,19.6421590153686
Sariakandi Paurashava,BD50108199,,,,Sariakandi,BD501081,Bogra,BD5010,Rajshahi,BD50,Bangladesh,BD,2015-01-01,2020-11-13,,5.7575886881887
Sarikait,BD20157892,,,,Sandwip,BD201578,Chittagong,BD2015,Chittagong,BD20,Bangladesh,BD,2015-01-01,2020-11-13,,13.5733365735114
Sarikal,BD10063294,,,,Gaurnadi,BD100632,Barisal,BD1006,Barisal,BD10,Bangladesh,BD,2015-01-01,2020-11-13,,24.7998416963119
Sarikkhali,BD10040995,,,,Amtali,BD100409,Barguna,BD1004,Barisal,BD10,Bangladesh,BD,2015-01-01,2020-11-13,,22.7183227975964
Sariktala,BD10798077,,,,Pirojpur Sadar,BD107980,Pirojpur,BD1079,Barisal,BD10,Bangladesh,BD,2015-01-01,2020-11-13,,24.4334910956584
Sarisha,BD30827390,,,,Pangsha,BD308273,Rajbari,BD3082,Dhaka,BD30,Bangladesh,BD,2015-01-01,2020-11-13,,21.3590358109073
Sarisha,BD45613176,,,,Ishwarganj,BD456131,Mymensingh,BD4561,Mymensingh,BD45,Bangladesh,BD,2015-01-01,2020-11-13,,21.5343992301835
Sarishabari Paurashava,BD45398599,,,,Sarishabari,BD453985,Jamalpur,BD4539,Mymensingh,BD45,Bangladesh,BD,2015-01-01,2020-11-13,,13.2996221375504
Sarishadi,BD20302986,,,,Feni Sadar,BD203029,Feni,BD2030,Chittagong,BD20,Bangladesh,BD,2015-01-01,2020-11-13,,18.4876865800971
Sarishamuri,BD10044783,,,,Betagi,BD100447,Barguna,BD1004,Barisal,BD10,Bangladesh,BD,2015-01-01,2020-11-13,,27.5069471518524
Sarmaisa,BD45720447,,,,Atpara,BD457204,Netrakona,BD4572,Mymensingh,BD45,Bangladesh,BD,2015-01-01,2020-11-13,,29.7754749149121
Saroatali,BD20151266,,,,Boalkhali,BD201512,Chittagong,BD2015,Chittagong,BD20,Bangladesh,BD,2015-01-01,2020-11-13,,11.3367161183277
Sarpukur,BD55520289,,,,Aditmari,BD555202,Lalmonirhat,BD5552,Rangpur,BD55,Bangladesh,BD,2015-01-01,2020-11-13,,24.4806801498588
Sarulia,BD40879079,,,,Tala,BD408790,Satkhira,BD4087,Khulna,BD40,Bangladesh,BD,2015-01-01,2020-11-13,,27.0857527218817
Sarutia,BD40448075,,,,Shailkupa,BD404480,Jhenaidah,BD4044,Khulna,BD40,Bangladesh,BD,2015-01-01,2020-11-13,,27.5933567539032
Satair,BD30291890,,,,Boalmari,BD302918,Faridpur,BD3029,Dhaka,BD30,Bangladesh,BD,2015-01-01,2020-11-13,,32.6988805757393
Satair,BD55271277,,,,Birganj,BD552712,Dinajpur,BD5527,Rangpur,BD55,Bangladesh,BD,2015-01-01,2020-11-13,,39.2814450243451
Satani,BD20199485,,,,Titas,BD201994,Comilla,BD2019,Chittagong,BD20,Bangladesh,BD,2015-01-01,2020-11-13,,9.10750571612024
Satarkul,BD30260482,,,,Badda,BD302604,Dhaka,BD3026,Dhaka,BD30,Bangladesh,BD,2015-01-01,2020-11-13,,9.475684271586939
Satbaria,BD20151895,,,,Chandanaish,BD201518,Chittagong,BD2015,Chittagong,BD20,Bangladesh,BD,2015-01-01,2020-11-13,,11.5601935042617
Satbaria,BD20198794,,,,Nangalkot,BD201987,Comilla,BD2019,Chittagong,BD20,Bangladesh,BD,2015-01-01,2020-11-13,,7.26350417864614
Satbaria,BD50768376,,,,Sujanagar,BD507683,Pabna,BD5076,Rajshahi,BD50,Bangladesh,BD,2015-01-01,2020-11-13,,35.78729239498099
Satgara,BD55854971,,,,Rangpur Sadar,BD558549,Rangpur,BD5585,Rangpur,BD55,Bangladesh,BD,2015-01-01,2020-11-13,,21.5432919096484
Satgoan,BD60588366,,,,Sreemangal,BD605883,Maulvibazar,BD6058,Sylhet,BD60,Bangladesh,BD,2015-01-01,2020-11-13,,24.8867586319235
Satgram,BD30670287,,,,Araihazar,BD306702,Narayanganj,BD3067,Dhaka,BD30,Bangladesh,BD,2015-01-01,2020-11-13,,18.1780724516923
Satkania,BD20158287,,,,Satkania,BD201582,Chittagong,BD2015,Chittagong,BD20,Bangladesh,BD,2015-01-01,2020-11-13,,10.9722917276368
Satkania Paurashava,BD20158299,,,,Satkania,BD201582,Chittagong,BD2015,Chittagong,BD20,Bangladesh,BD,2015-01-01,2020-11-13,,13.6788485280827
Satkapan,BD60360571,,,,Bahubal,BD603605,Habiganj,BD6036,Sylhet,BD60,Bangladesh,BD,2015-01-01,2020-11-13,,44.0940252932183
Satkhira Paurashava,BD40878299,,,,Satkhira Sadar,BD408782,Satkhira,BD4087,Khulna,BD40,Bangladesh,BD,2015-01-01,2020-11-13,,32.9320255676971
Satkhira Range,BD40878697,,,,Shyamnagar,BD408786,Satkhira,BD4087,Khulna,BD40,Bangladesh,BD,2015-01-01,2020-11-13,,1087.29743543235
Satla,BD10069473,,,,Wazirpur,BD100694,Barisal,BD1006,Barisal,BD10,Bangladesh,BD,2015-01-01,2020-11-13,,49.8080237103091
Satmara,BD55777383,,,,Panchagarh Sadar,BD557773,Panchagarh,BD5577,Rangpur,BD55,Bangladesh,BD,2015-01-01,2020-11-13,,45.3278705093196
Satmura,BD20128583,,,,Nabinagar,BD201285,Brahamanbaria,BD2012,Chittagong,BD20,Bangladesh,BD,2015-01-01,2020-11-13,,14.3576276428872
Satnal,BD20137973,,,,Matlab Uttar,BD201379,Chandpur,BD2013,Chittagong,BD20,Bangladesh,BD,2015-01-01,2020-11-13,,21.8769124919966
Satnala,BD55273087,,,,Chirirbandar,BD552730,Dinajpur,BD5527,Rangpur,BD55,Bangladesh,BD,2015-01-01,2020-11-13,,16.5835234488354
Satpar,BD30353282,,,,Gopalganj Sadar,BD303532,Gopalganj,BD3035,Dhaka,BD30,Bangladesh,BD,2015-01-01,2020-11-13,,31.635021134425
Satpoa,BD45398584,,,,Sarishabari,BD453985,Jamalpur,BD4539,Mymensingh,BD45,Bangladesh,BD,2015-01-01,2020-11-13,,40.4282024976544
Satrujitpur,BD40555794,,,,Magura Sadar,BD405557,Magura,BD4055,Khulna,BD40,Bangladesh,BD,2015-01-01,2020-11-13,,16.841700078806
Satrujitpur,BD50708871,,,,Shibganj,BD507088,Nawabganj,BD5070,Rajshahi,BD50,Bangladesh,BD,2015-01-01,2020-11-13,,11.2778261728521
Saturia,BD10428467,,,,Rajapur,BD104284,Jhalokati,BD1042,Barisal,BD10,Bangladesh,BD,2015-01-01,2020-11-13,,23.5019356565623
Saturia,BD30567085,,,,Saturia,BD305670,Manikganj,BD3056,Dhaka,BD30,Bangladesh,BD,2015-01-01,2020-11-13,,13.6794780361367
Sauljalia,BD10424394,,,,Kanthalia,BD104243,Jhalokati,BD1042,Barisal,BD10,Bangladesh,BD,2015-01-01,2020-11-13,,37.1355534482031
Saulmari,BD55497983,,,,Raumari,BD554979,Kurigram,BD5549,Rangpur,BD55,Bangladesh,BD,2015-01-01,2020-11-13,,24.4047136364304
Saulmari,BD55733694,,,,Jaldhaka,BD557336,Nilphamari,BD5573,Rangpur,BD55,Bangladesh,BD,2015-01-01,2020-11-13,,23.6895105907625
Savar,BD30267278,,,,Savar,BD302672,Dhaka,BD3026,Dhaka,BD30,Bangladesh,BD,2015-01-01,2020-11-13,,7.72502867680224
Savar Paurashava,BD30267299,,,,Savar,BD302672,Dhaka,BD3026,Dhaka,BD30,Bangladesh,BD,2015-01-01,2020-11-13,,20.1206360272896
Sayar,BD55859279,,,,Taraganj,BD558592,Rangpur,BD5585,Rangpur,BD55,Bangladesh,BD,2015-01-01,2020-11-13,,27.3518450018273
Sayna Raghunathpur,BD10794763,,,,Kawkhali,BD107947,Pirojpur,BD1079,Barisal,BD10,Bangladesh,BD,2015-01-01,2020-11-13,,13.6561659527853
Sekharnagar,BD30597494,,,,Serajdikhan,BD305974,Munshiganj,BD3059,Dhaka,BD30,Bangladesh,BD,2015-01-01,2020-11-13,,11.2960315377021
Sekherhat,BD10424095,,,,Jhalokati Sadar,BD104240,Jhalokati,BD1042,Barisal,BD10,Bangladesh,BD,2015-01-01,2020-11-13,,24.5629028727132
Sekherkhil,BD20150888,,,,Banshkhali,BD201508,Chittagong,BD2015,Chittagong,BD20,Bangladesh,BD,2015-01-01,2020-11-13,,10.1360193750494
Sekherkola,BD50102086,,,,Bogra Sadar,BD501020,Bogra,BD5010,Rajshahi,BD50,Bangladesh,BD,2015-01-01,2020-11-13,,14.6110333802864
Sekherpur,BD50646087,,,,Naogaon Sadar,BD506460,Naogaon,BD5064,Rajshahi,BD50,Bangladesh,BD,2015-01-01,2020-11-13,,33.8683478154245
Sekhmatia,BD10797663,,,,Nazirpur,BD107976,Pirojpur,BD1079,Barisal,BD10,Bangladesh,BD,2015-01-01,2020-11-13,,27.2174279220284
Sekhpura,BD55276477,,,,Dinajpur Sadar,BD552764,Dinajpur,BD5527,Rangpur,BD55,Bangladesh,BD,2015-01-01,2020-11-13,,32.2937420880444
Selborash,BD60903276,,,,Dharampasha,BD609032,Sunamganj,BD6090,Sylhet,BD60,Bangladesh,BD,2015-01-01,2020-11-13,,31.9162761269669
Senbagh Paurashava,BD20758099,,,,Senbagh,BD207580,Noakhali,BD2075,Chittagong,BD20,Bangladesh,BD,2015-01-01,2020-11-13,,20.1125587700614
Sener Char,BD30869487,,,,Zanjira,BD308694,Shariatpur,BD3086,Dhaka,BD30,Bangladesh,BD,2015-01-01,2020-11-13,,17.8429093588334
Sengaon,BD55948294,,,,Pirganj,BD559482,Thakurgaon,BD5594,Rangpur,BD55,Bangladesh,BD,2015-01-01,2020-11-13,,34.542918504661
Sengarchar Paurashava,BD20137999,,,,Matlab Uttar,BD201379,Chandpur,BD2013,Chittagong,BD20,Bangladesh,BD,2015-01-01,2020-11-13,,23.6444196308039
Senhati,BD40474085,,,,Dighalia,BD404740,Khulna,BD4047,Khulna,BD40,Bangladesh,BD,2015-01-01,2020-11-13,,10.7284606072529
Setabganj Paurashava,BD55272199,,,,Bochaganj,BD552721,Dinajpur,BD5527,Rangpur,BD55,Bangladesh,BD,2015-01-01,2020-11-13,,10.063960722591
Shabgram,BD50102077,,,,Bogra Sadar,BD501020,Bogra,BD5010,Rajshahi,BD50,Bangladesh,BD,2015-01-01,2020-11-13,,19.6261529074715
Shah- Bandegi,BD50108877,,,,Sherpur,BD501088,Bogra,BD5010,Rajshahi,BD50,Bangladesh,BD,2015-01-01,2020-11-13,,16.1101431452658
Shah Mahmudpur,BD20132281,,,,Chandpur Sadar,BD201322,Chandpur,BD2013,Chittagong,BD20,Bangladesh,BD,2015-01-01,2020-11-13,,13.2220848809654
Shaharbati,BD40574773,,,,Gangni,BD405747,Meherpur,BD4057,Khulna,BD40,Bangladesh,BD,2015-01-01,2020-11-13,,28.2786508459996
Shahasram Dhuldia,BD30484595,,,,Katiadi,BD304845,Kishoreganj,BD3048,Dhaka,BD30,Bangladesh,BD,2015-01-01,2020-11-13,,25.1852040574615
Shahbajpur,BD50708877,,,,Shibganj,BD507088,Nawabganj,BD5070,Rajshahi,BD50,Bangladesh,BD,2015-01-01,2020-11-13,,50.9580156765728
Shahbazpur,BD20129485,,,,Sarail,BD201294,Brahamanbaria,BD2012,Chittagong,BD20,Bangladesh,BD,2015-01-01,2020-11-13,,20.3434497618296
Shahid Wahabpur,BD30827687,,,,Rajbari Sadar,BD308276,Rajbari,BD3082,Dhaka,BD30,Bangladesh,BD,2015-01-01,2020-11-13,,17.5718570727801
Shahidbagh,BD55854267,,,,Kaunia,BD558542,Rangpur,BD5585,Rangpur,BD55,Bangladesh,BD,2015-01-01,2020-11-13,,12.22387051767
Shahjadapur,BD20129490,,,,Sarail,BD201294,Brahamanbaria,BD2012,Chittagong,BD20,Bangladesh,BD,2015-01-01,2020-11-13,,31.5019630325886
Shahjadpur Paurashava,BD50886799,,,,Shahjadpur,BD508867,Sirajganj,BD5088,Rajshahi,BD50,Bangladesh,BD,2015-01-01,2020-11-13,,19.8298098177355
Shahjahanpur,BD50706689,,,,Nawabganj Sadar,BD507066,Nawabganj,BD5070,Rajshahi,BD50,Bangladesh,BD,2015-01-01,2020-11-13,,21.7431014309158
Shahjahanpur,BD60367194,,,,Madhabpur,BD603671,Habiganj,BD6036,Sylhet,BD60,Bangladesh,BD,2015-01-01,2020-11-13,,41.4633680963885
Shahrasti Paurashava,BD20139599,,,,Shahrasti,BD201395,Chandpur,BD2013,Chittagong,BD20,Bangladesh,BD,2015-01-01,2020-11-13,,7.88270737581208
Shaikhati,BD40657681,,,,Narail Sadar,BD406576,Narail,BD4065,Khulna,BD40,Bangladesh,BD,2015-01-01,2020-11-13,,35.54435718205431
Shailkupa Paurashava,BD40448099,,,,Shailkupa,BD404480,Jhenaidah,BD4044,Khulna,BD40,Bangladesh,BD,2015-01-01,2020-11-13,,22.0130702381877
Shak Char,BD20514385,,,,Lakshmipur Sadar,BD205143,Lakshmipur,BD2051,Chittagong,BD20,Bangladesh,BD,2015-01-01,2020-11-13,,9.19800711172601
Shakhahar,BD55323083,,,,Gobindaganj,BD553230,Gaibandha,BD5532,Rangpur,BD55,Bangladesh,BD,2015-01-01,2020-11-13,,35.8254713965722
Shakharia,BD50102082,,,,Bogra Sadar,BD501020,Bogra,BD5010,Rajshahi,BD50,Bangladesh,BD,2015-01-01,2020-11-13,,9.79455240041619
Shalikha,BD40558559,,,,Shalikha,BD405585,Magura,BD4055,Khulna,BD40,Bangladesh,BD,2015-01-01,2020-11-13,,21.9736704839064
Shalkhuria,BD55276994,,,,Nawabganj,BD552769,Dinajpur,BD5527,Rangpur,BD55,Bangladesh,BD,2015-01-01,2020-11-13,,15.3343790886104
Shalmara,BD55323072,,,,Gobindaganj,BD553230,Gaibandha,BD5532,Rangpur,BD55,Bangladesh,BD,2015-01-01,2020-11-13,,23.0675309386956
Shalnagar,BD40655294,,,,Lohagara,BD406552,Narail,BD4065,Khulna,BD40,Bangladesh,BD,2015-01-01,2020-11-13,,23.296123625871
Shambhupur,BD10099185,,,,Tazumuddin,BD100991,Bhola,BD1009,Barisal,BD10,Bangladesh,BD,2015-01-01,2020-11-13,,37.4843279068793
Shambhupura,BD30670486,,,,Sonargaon,BD306704,Narayanganj,BD3067,Dhaka,BD30,Bangladesh,BD,2015-01-01,2020-11-13,,19.4994216845907
Shamshernagar,BD60585685,,,,Kamalganj,BD605856,Maulvibazar,BD6058,Sylhet,BD60,Bangladesh,BD,2015-01-01,2020-11-13,,32.0565926318217
Shanerhat,BD55857688,,,,Pirganj,BD558576,Rangpur,BD5585,Rangpur,BD55,Bangladesh,BD,2015-01-01,2020-11-13,,25.5761866922641
Shankar Chandra,BD40182371,,,,Chuadanga Sadar,BD401823,Chuadanga,BD4018,Khulna,BD40,Bangladesh,BD,2015-01-01,2020-11-13,,48.2681953984402
Shankarpasha,BD10798069,,,,Pirojpur Sadar,BD107980,Pirojpur,BD1079,Barisal,BD10,Bangladesh,BD,2015-01-01,2020-11-13,,25.9095912017667
Shankarpur,BD40412383,,,,Jhikargachha,BD404123,Jessore,BD4041,Khulna,BD40,Bangladesh,BD,2015-01-01,2020-11-13,,25.0626336382819
Shankarpur,BD55276460,,,,Dinajpur Sadar,BD552764,Dinajpur,BD5527,Rangpur,BD55,Bangladesh,BD,2015-01-01,2020-11-13,,36.20698961264871
Shankharikati,BD10797673,,,,Nazirpur,BD107976,Pirojpur,BD1079,Barisal,BD10,Bangladesh,BD,2015-01-01,2020-11-13,,24.667028442763
Shantahar,BD50100681,,,,Adamdighi,BD501006,Bogra,BD5010,Rajshahi,BD50,Bangladesh,BD,2015-01-01,2020-11-13,,18.3888030122237
Shantiram,BD55329169,,,,Sundarganj,BD553291,Gaibandha,BD5532,Rangpur,BD55,Bangladesh,BD,2015-01-01,2020-11-13,,20.827845330988
Sharankhola Range,BD40017797,,,,Sarankhola,BD400177,Bagerhat,BD4001,Khulna,BD40,Bangladesh,BD,2015-01-01,2020-11-13,,533.015530028916
Shariatpur Paurashava,BD30866999,,,,Shariatpur Sadar,BD308669,Shariatpur,BD3086,Dhaka,BD30,Bangladesh,BD,2015-01-01,2020-11-13,,24.3501440527831
Sharifpur,BD20123377,,,,Ashuganj,BD201233,Brahamanbaria,BD2012,Chittagong,BD20,Bangladesh,BD,2015-01-01,2020-11-13,,6.32945753587026
Sharifpur,BD20750787,,,,Begumganj,BD207507,Noakhali,BD2075,Chittagong,BD20,Bangladesh,BD,2015-01-01,2020-11-13,,14.815546222075
Sharifpur,BD45393677,,,,Jamalpur Sadar,BD453936,Jamalpur,BD4539,Mymensingh,BD45,Bangladesh,BD,2015-01-01,2020-11-13,,31.5485685509276
Sharifpur,BD60586589,,,,Kulaura,BD605865,Maulvibazar,BD6058,Sylhet,BD60,Bangladesh,BD,2015-01-01,2020-11-13,,30.4990638823036
Sharsha,BD40419086,,,,Sharsha,BD404190,Jessore,BD4041,Khulna,BD40,Bangladesh,BD,2015-01-01,2020-11-13,,30.047145831117
Shashara,BD55276469,,,,Dinajpur Sadar,BD552764,Dinajpur,BD5527,Rangpur,BD55,Bangladesh,BD,2015-01-01,2020-11-13,,27.412679380308
Shashidal,BD20191588,,,,Brahman Para,BD201915,Comilla,BD2019,Chittagong,BD20,Bangladesh,BD,2015-01-01,2020-11-13,,26.4242390547171
Shat Gambuj,BD40010894,,,,Bagerhat Sadar,BD400108,Bagerhat,BD4001,Khulna,BD40,Bangladesh,BD,2015-01-01,2020-11-13,,36.4742465583886
Shatagram,BD55271269,,,,Birganj,BD552712,Dinajpur,BD5527,Rangpur,BD55,Bangladesh,BD,2015-01-01,2020-11-13,,37.505046195649
Shatakhali,BD40558571,,,,Shalikha,BD405585,Magura,BD4055,Khulna,BD40,Bangladesh,BD,2015-01-01,2020-11-13,,40.5711382484487
Shatiajuri,BD60362685,,,,Chunarughat,BD603626,Habiganj,BD6036,Sylhet,BD60,Bangladesh,BD,2015-01-01,2020-11-13,,34.8211775181638
Shaul Para,BD30866985,,,,Shariatpur Sadar,BD308669,Shariatpur,BD3086,Dhaka,BD30,Bangladesh,BD,2015-01-01,2020-11-13,,11.5752964590398
Shayestabad,BD10065186,,,,Barisal Sadar (Kotwali),BD100651,Barisal,BD1006,Barisal,BD10,Bangladesh,BD,2015-01-01,2020-11-13,,45.1275747568796
Shayestagang Paurashava,BD60364400,,,,Habiganj Sadar,BD603644,Habiganj,BD6036,Sylhet,BD60,Bangladesh,BD,2015-01-01,2020-11-13,,11.096966838349
Shaympur,BD45396197,,,,Melandaha,BD453961,Jamalpur,BD4539,Mymensingh,BD45,Bangladesh,BD,2015-01-01,2020-11-13,,17.6203345070776
Shekhar,BD30291895,,,,Boalmari,BD302918,Faridpur,BD3029,Dhaka,BD30,Bangladesh,BD,2015-01-01,2020-11-13,,27.1095202247204
Shelaidaha,BD40507194,,,,Kumarkhali,BD405071,Kushtia,BD4050,Khulna,BD40,Bangladesh,BD,2015-01-01,2020-11-13,,27.7549036677911
Sheola,BD60911786,,,,Beani Bazar,BD609117,Sylhet,BD6091,Sylhet,BD60,Bangladesh,BD,2015-01-01,2020-11-13,,28.551349416594
Sherkole,BD50699179,,,,Singra,BD506991,Natore,BD5069,Rajshahi,BD50,Bangladesh,BD,2015-01-01,2020-11-13,,33.6109727905977
Sherpur,BD45617287,,,,Nandail,BD456172,Mymensingh,BD4561,Mymensingh,BD45,Bangladesh,BD,2015-01-01,2020-11-13,,24.9499155517706
Sherpur Paurashava,BD45898899,,,,Sherpur Sadar,BD458988,Sherpur,BD4589,Mymensingh,BD45,Bangladesh,BD,2015-01-01,2020-11-13,,23.1448774846517
Sherpur Paurashava,BD50108899,,,,Sherpur,BD501088,Bogra,BD5010,Rajshahi,BD50,Bangladesh,BD,2015-01-01,2020-11-13,,3.34409699127716
Shialkati,BD10794779,,,,Kawkhali,BD107947,Pirojpur,BD1079,Barisal,BD10,Bangladesh,BD,2015-01-01,2020-11-13,,15.9516173517096
Shialkul,BD50887877,,,,Sirajganj Sadar,BD508878,Sirajganj,BD5088,Rajshahi,BD50,Bangladesh,BD,2015-01-01,2020-11-13,,23.0168134610966
Shib Char Paurashava,BD30548799,,,,Shib Char,BD305487,Madaripur,BD3054,Dhaka,BD30,Bangladesh,BD,2015-01-01,2020-11-13,,5.957610863655289
Shibalaya,BD30567847,,,,Shibalaya,BD305678,Manikganj,BD3056,Dhaka,BD30,Bangladesh,BD,2015-01-01,2020-11-13,,21.8135917001998
Shibchar,BD30548784,,,,Shib Char,BD305487,Madaripur,BD3054,Dhaka,BD30,Bangladesh,BD,2015-01-01,2020-11-13,,5.41923911210682
Shibganj,BD50109494,,,,Shibganj,BD501094,Bogra,BD5010,Rajshahi,BD50,Bangladesh,BD,2015-01-01,2020-11-13,,33.68212393926409
Shibganj Paurashava,BD50109499,,,,Shibganj,BD501094,Bogra,BD5010,Rajshahi,BD50,Bangladesh,BD,2015-01-01,2020-11-13,,11.7956808260714
Shibganj Paurashava,BD50708899,,,,Shibganj,BD507088,Nawabganj,BD5070,Rajshahi,BD50,Bangladesh,BD,2015-01-01,2020-11-13,,20.567893008557
Shibnagar,BD55273884,,,,Fulbari,BD552738,Dinajpur,BD5527,Rangpur,BD55,Bangladesh,BD,2015-01-01,2020-11-13,,36.9944248229369
Shibpasha,BD60360281,,,,Ajmiriganj,BD603602,Habiganj,BD6036,Sylhet,BD60,Bangladesh,BD,2015-01-01,2020-11-13,,38.9167397295106
Shibpur,BD20128586,,,,Nabinagar,BD201285,Brahamanbaria,BD2012,Chittagong,BD20,Bangladesh,BD,2015-01-01,2020-11-13,,25.4812878019317
Shibpur,BD30481171,,,,Bhairab,BD304811,Kishoreganj,BD3048,Dhaka,BD30,Bangladesh,BD,2015-01-01,2020-11-13,,8.94184990864513
Shibpur,BD40011479,,,,Chitalmari,BD400114,Bagerhat,BD4001,Khulna,BD40,Bangladesh,BD,2015-01-01,2020-11-13,,13.1710544265308
Shibpur,BD40878294,,,,Satkhira Sadar,BD408782,Satkhira,BD4087,Khulna,BD40,Bangladesh,BD,2015-01-01,2020-11-13,,23.765682063485
Shibpur,BD55323089,,,,Gobindaganj,BD553230,Gaibandha,BD5532,Rangpur,BD55,Bangladesh,BD,2015-01-01,2020-11-13,,17.2803323772432
Shibpur Paurashava,BD30687699,,,,Shibpur,BD306876,Narsingdi,BD3068,Dhaka,BD30,Bangladesh,BD,2015-01-01,2020-11-13,,5.93028075212737
Shibrampur,BD55271286,,,,Birganj,BD552712,Dinajpur,BD5527,Rangpur,BD55,Bangladesh,BD,2015-01-01,2020-11-13,,38.2163184399114
Shihara,BD50647594,,,,Patnitala,BD506475,Naogaon,BD5064,Rajshahi,BD50,Bangladesh,BD,2015-01-01,2020-11-13,,37.1055063783642
Shikar Mangal,BD30544094,,,,Kalkini,BD305440,Madaripur,BD3054,Dhaka,BD30,Bangladesh,BD,2015-01-01,2020-11-13,,14.8411114240597
Shikari Para,BD30266288,,,,Nawabganj,BD302662,Dhaka,BD3026,Dhaka,BD30,Bangladesh,BD,2015-01-01,2020-11-13,,11.6387635307039
Shikarpur,BD10069484,,,,Wazirpur,BD100694,Barisal,BD1006,Barisal,BD10,Bangladesh,BD,2015-01-01,2020-11-13,,20.4694411489785
Shikarpur,BD20153789,,,,Hathazari,BD201537,Chittagong,BD2015,Chittagong,BD20,Bangladesh,BD,2015-01-01,2020-11-13,,6.38447094786155
Shilkhali,BD20225693,,,,Pekua,BD202256,Cox's Bazar,BD2022,Chittagong,BD20,Bangladesh,BD,2015-01-01,2020-11-13,,7.59796855493134
Shilkhuri,BD55490685,,,,Bhurungamari,BD554906,Kurigram,BD5549,Rangpur,BD55,Bangladesh,BD,2015-01-01,2020-11-13,,27.3845532587624
Shimabari,BD50108885,,,,Sherpur,BD501088,Bogra,BD5010,Rajshahi,BD50,Bangladesh,BD,2015-01-01,2020-11-13,,20.7065813675026
Shimulbak,BD60902778,,,,Dakshin Sunamganj,BD609027,Sunamganj,BD6090,Sylhet,BD60,Bangladesh,BD,2015-01-01,2020-11-13,,33.4190053327899
Shimulbari,BD55491881,,,,Phulbari,BD554918,Kurigram,BD5549,Rangpur,BD55,Bangladesh,BD,2015-01-01,2020-11-13,,20.0671877619654
Shimulbari,BD55733687,,,,Jaldhaka,BD557336,Nilphamari,BD5573,Rangpur,BD55,Bangladesh,BD,2015-01-01,2020-11-13,,23.7997665748335
Shimulia,BD30267283,,,,Savar,BD302672,Dhaka,BD3026,Dhaka,BD30,Bangladesh,BD,2015-01-01,2020-11-13,,36.42993078362181
Shimulia,BD30567835,,,,Shibalaya,BD305678,Manikganj,BD3056,Dhaka,BD30,Bangladesh,BD,2015-01-01,2020-11-13,,28.1262945466997
Shimulia,BD40412389,,,,Jhikargachha,BD404123,Jessore,BD4041,Khulna,BD40,Bangladesh,BD,2015-01-01,2020-11-13,,28.2648788577886
Shimulia,BD40506377,,,,Khoksa,BD405063,Kushtia,BD4050,Khulna,BD40,Bangladesh,BD,2015-01-01,2020-11-13,,14.5696728208799
Shimulkandi,BD30481183,,,,Bhairab,BD304811,Kishoreganj,BD3048,Dhaka,BD30,Bangladesh,BD,2015-01-01,2020-11-13,,11.8511036344667
Shingimari,BD55523376,,,,Hatibandha,BD555233,Lalmonirhat,BD5552,Rangpur,BD55,Bangladesh,BD,2015-01-01,2020-11-13,,22.4823982065453
Shiranti,BD50648679,,,,Sapahar,BD506486,Naogaon,BD5064,Rajshahi,BD50,Bangladesh,BD,2015-01-01,2020-11-13,,42.1041457621565
Shola Taka,BD40574784,,,,Gangni,BD405747,Meherpur,BD4057,Khulna,BD40,Bangladesh,BD,2015-01-01,2020-11-13,,29.4607991051478
Sholadana,BD40476489,,,,Paikgachha,BD404764,Khulna,BD4047,Khulna,BD40,Bangladesh,BD,2015-01-01,2020-11-13,,49.1905015497316
Sholaghar,BD30598481,,,,Sreenagar,BD305984,Munshiganj,BD3059,Dhaka,BD30,Bangladesh,BD,2015-01-01,2020-11-13,,14.0700496060659
Sholak,BD10069494,,,,Wazirpur,BD100694,Barisal,BD1006,Barisal,BD10,Bangladesh,BD,2015-01-01,2020-11-13,,26.7949918824087
Sholanal,BD20191894,,,,Burichang,BD201918,Comilla,BD2019,Chittagong,BD20,Bangladesh,BD,2015-01-01,2020-11-13,,24.3158523443303
Sholla,BD30266294,,,,Nawabganj,BD302662,Dhaka,BD3026,Dhaka,BD30,Bangladesh,BD,2015-01-01,2020-11-13,,40.3454863027967
Sholukabad,BD60901880,,,,Bishwambarpur,BD609018,Sunamganj,BD6090,Sylhet,BD60,Bangladesh,BD,2015-01-01,2020-11-13,,40.253675488078
Shorifgonj,BD60913836,,,,Golabganj,BD609138,Sylhet,BD6091,Sylhet,BD60,Bangladesh,BD,2015-01-01,2020-11-13,,19.4689574219933
Shubhapur,BD20193185,,,,Chauddagram,BD201931,Comilla,BD2019,Chittagong,BD20,Bangladesh,BD,2015-01-01,2020-11-13,,26.251633511359
Shublong,BD20842179,,,,Barkal,BD208421,Rangamati,BD2084,Chittagong,BD20,Bangladesh,BD,2015-01-01,2020-11-13,,121.809747258499
Shukundi,BD30685294,,,,Manohardi,BD306852,Narsingdi,BD3068,Dhaka,BD30,Bangladesh,BD,2015-01-01,2020-11-13,,12.1871758505824
Shyamgram,BD20128588,,,,Nabinagar,BD201285,Brahamanbaria,BD2012,Chittagong,BD20,Bangladesh,BD,2015-01-01,2020-11-13,,23.9615787843933
Shyamkur,BD40416194,,,,Manirampur,BD404161,Jessore,BD4041,Khulna,BD40,Bangladesh,BD,2015-01-01,2020-11-13,,29.1372431660427
Shyamkur,BD40447177,,,,Maheshpur,BD404471,Jhenaidah,BD4044,Khulna,BD40,Bangladesh,BD,2015-01-01,2020-11-13,,32.6890574309922
Shyamnagar,BD40878694,,,,Shyamnagar,BD408786,Satkhira,BD4087,Khulna,BD40,Bangladesh,BD,2015-01-01,2020-11-13,,31.1324468189275
Shyampur,BD30263295,,,,Kadamtali,BD302632,Dhaka,BD3026,Dhaka,BD30,Bangladesh,BD,2015-01-01,2020-11-13,,4.802096972138569
Shyampur,BD50708889,,,,Shibganj,BD507088,Nawabganj,BD5070,Rajshahi,BD50,Bangladesh,BD,2015-01-01,2020-11-13,,28.8433674078034
Shyamsiddhi,BD30598488,,,,Sreenagar,BD305984,Munshiganj,BD3059,Dhaka,BD30,Bangladesh,BD,2015-01-01,2020-11-13,,19.7008093279611
Siddhakati,BD10427384,,,,Nalchity,BD104273,Jhalokati,BD1042,Barisal,BD10,Bangladesh,BD,2015-01-01,2020-11-13,,27.7551161083464
Siddhipasha,BD40410463,,,,Abhaynagar,BD404104,Jessore,BD4041,Khulna,BD40,Bangladesh,BD,2015-01-01,2020-11-13,,32.2863486703352
Siddirganj Paurashava,BD30675800,,,,Narayanganj Sadar,BD306758,Narayanganj,BD3067,Dhaka,BD30,Bangladesh,BD,2015-01-01,2020-11-13,,25.6213679555441
Sidhla,BD30482781,,,,Hossainpur,BD304827,Kishoreganj,BD3048,Dhaka,BD30,Bangladesh,BD,2015-01-01,2020-11-13,,25.7072050169985
Sidhla,BD45612385,,,,Gauripur,BD456123,Mymensingh,BD4561,Mymensingh,BD45,Bangladesh,BD,2015-01-01,2020-11-13,,28.0123951504806
Sidhuli,BD45395883,,,,Madarganj,BD453958,Jamalpur,BD4539,Mymensingh,BD45,Bangladesh,BD,2015-01-01,2020-11-13,,21.4918667099845
Sidlai,BD20191550,,,,Brahman Para,BD201915,Comilla,BD2019,Chittagong,BD20,Bangladesh,BD,2015-01-01,2020-11-13,,15.8270333250771
Sidulkura,BD30862571,,,,Damudya,BD308625,Shariatpur,BD3086,Dhaka,BD30,Bangladesh,BD,2015-01-01,2020-11-13,,12.3290961530835
Sidya,BD30862583,,,,Damudya,BD308625,Shariatpur,BD3086,Dhaka,BD30,Bangladesh,BD,2015-01-01,2020-11-13,,4.70504548763844
Sikalbaha,BD20156185,,,,Patiya,BD201561,Chittagong,BD2015,Chittagong,BD20,Bangladesh,BD,2015-01-01,2020-11-13,,8.67388082325556
Sikdar Mallik,BD10798086,,,,Pirojpur Sadar,BD107980,Pirojpur,BD1079,Barisal,BD10,Bangladesh,BD,2015-01-01,2020-11-13,,23.5644241844269
Silai,BD30595638,,,,Munshiganj Sadar,BD305956,Munshiganj,BD3059,Dhaka,BD30,Bangladesh,BD,2015-01-01,2020-11-13,,6.19243206986544
Silam,BD60913175,,,,Dakshin Surma,BD609131,Sylhet,BD6091,Sylhet,BD60,Bangladesh,BD,2015-01-01,2020-11-13,,20.1797904976663
Silimpur,BD30939583,,,,Tangail Sadar,BD309395,Tangail,BD3093,Dhaka,BD30,Bangladesh,BD,2015-01-01,2020-11-13,,19.8066900722838
Silimpur,BD50763973,,,,Ishwardi,BD507639,Pabna,BD5076,Rajshahi,BD50,Bangladesh,BD,2015-01-01,2020-11-13,,37.2613020605259
Silkup,BD20150894,,,,Banshkhali,BD201508,Chittagong,BD2015,Chittagong,BD20,Bangladesh,BD,2015-01-01,2020-11-13,,11.4282998752999
Silmandi,BD30686095,,,,Narsingdi Sadar,BD306860,Narsingdi,BD3068,Dhaka,BD30,Bangladesh,BD,2015-01-01,2020-11-13,,14.5932730665032
Silmaria,BD50818281,,,,Puthia,BD508182,Rajshahi,BD5081,Rajshahi,BD50,Bangladesh,BD,2015-01-01,2020-11-13,,42.3356632620646
Silok,BD20157094,,,,Rangunia,BD201570,Chittagong,BD2015,Chittagong,BD20,Bangladesh,BD,2015-01-01,2020-11-13,,12.3794082658882
Simanta,BD40185557,,,,Jiban Nagar,BD401855,Chuadanga,BD4018,Khulna,BD40,Bangladesh,BD,2015-01-01,2020-11-13,,36.9446821241438
Simla Rokonpur,BD40443388,,,,Kaliganj,BD404433,Jhenaidah,BD4044,Khulna,BD40,Bangladesh,BD,2015-01-01,2020-11-13,,17.2990090476577
Sindukchari,BD20466579,,,,Mahalchhari,BD204665,Khagrachhari,BD2046,Chittagong,BD20,Bangladesh,BD,2015-01-01,2020-11-13,,39.02875498121369
Sindurkhan,BD60588376,,,,Sreemangal,BD605883,Maulvibazar,BD6058,Sylhet,BD60,Bangladesh,BD,2015-01-01,2020-11-13,,59.8771529650435
Sindurna,BD55523385,,,,Hatibandha,BD555233,Lalmonirhat,BD5552,Rangpur,BD55,Bangladesh,BD,2015-01-01,2020-11-13,,19.9042325588596
Sindurpur,BD20302590,,,,Daganbhuiyan,BD203025,Feni,BD2030,Chittagong,BD20,Bangladesh,BD,2015-01-01,2020-11-13,,25.6457878515317
Sing Chapair,BD60902392,,,,Chhatak,BD609023,Sunamganj,BD6090,Sylhet,BD60,Bangladesh,BD,2015-01-01,2020-11-13,,33.2778184229685
Singa,BD30354394,,,,Kashiani,BD303543,Gopalganj,BD3035,Dhaka,BD30,Bangladesh,BD,2015-01-01,2020-11-13,,14.9445795277928
Singa Baruna,BD45899079,,,,Sreebardi,BD458990,Sherpur,BD4589,Mymensingh,BD45,Bangladesh,BD,2015-01-01,2020-11-13,,36.0664654036404
Singair,BD30568286,,,,Singair,BD305682,Manikganj,BD3056,Dhaka,BD30,Bangladesh,BD,2015-01-01,2020-11-13,,11.1896487845017
Singair Paurashava,BD30568299,,,,Singair,BD305682,Manikganj,BD3056,Dhaka,BD30,Bangladesh,BD,2015-01-01,2020-11-13,,8.36216630748349
Singasolpur,BD40657688,,,,Narail Sadar,BD406576,Narail,BD4065,Khulna,BD40,Bangladesh,BD,2015-01-01,2020-11-13,,19.5236163907887
Singasree,BD30333677,,,,Kapasia,BD303336,Gazipur,BD3033,Dhaka,BD30,Bangladesh,BD,2015-01-01,2020-11-13,,25.9361039605106
Singdha,BD45720983,,,,Barhatta,BD457209,Netrakona,BD4572,Mymensingh,BD45,Bangladesh,BD,2015-01-01,2020-11-13,,32.5746175570348
Singhajhuli,BD40411186,,,,Chaugachha,BD404111,Jessore,BD4041,Khulna,BD40,Bangladesh,BD,2015-01-01,2020-11-13,,14.1992873564914
Singhar Bangla,BD45727487,,,,Netrokona Sadar,BD457274,Netrakona,BD4572,Mymensingh,BD45,Bangladesh,BD,2015-01-01,2020-11-13,,25.939801164859
Singheshwar,BD45618190,,,,Phulpur,BD456181,Mymensingh,BD4561,Mymensingh,BD45,Bangladesh,BD,2015-01-01,2020-11-13,,37.54933729305981
Singjuri,BD30562283,,,,Ghior,BD305622,Manikganj,BD3056,Dhaka,BD30,Bangladesh,BD,2015-01-01,2020-11-13,,21.0405153479602
Singpur,BD30487685,,,,Nikli,BD304876,Kishoreganj,BD3048,Dhaka,BD30,Bangladesh,BD,2015-01-01,2020-11-13,,46.0125300290443
Singra,BD55274376,,,,Ghoraghat,BD552743,Dinajpur,BD5527,Rangpur,BD55,Bangladesh,BD,2015-01-01,2020-11-13,,37.3968128657492
Singra Paurashava,BD50699199,,,,Singra,BD506991,Natore,BD5069,Rajshahi,BD50,Bangladesh,BD,2015-01-01,2020-11-13,,11.6603286819034
Singrail,BD45617294,,,,Nandail,BD456172,Mymensingh,BD4561,Mymensingh,BD45,Bangladesh,BD,2015-01-01,2020-11-13,,24.1949897199434
Sirajganj Paurashava,BD50887899,,,,Sirajganj Sadar,BD508878,Sirajganj,BD5088,Rajshahi,BD50,Bangladesh,BD,2015-01-01,2020-11-13,,18.816196545496
Sirajpur,BD20752183,,,,Companiganj,BD207521,Noakhali,BD2075,Chittagong,BD20,Bangladesh,BD,2015-01-01,2020-11-13,,14.1801329492545
Sirkhara,BD30545494,,,,Madaripur Sadar,BD305454,Madaripur,BD3054,Dhaka,BD30,Bangladesh,BD,2015-01-01,2020-11-13,,22.149499366798
Sirta,BD45615294,,,,Mymensingh Sadar,BD456152,Mymensingh,BD4561,Mymensingh,BD45,Bangladesh,BD,2015-01-01,2020-11-13,,29.3924984318148
Siruail,BD30548789,,,,Shib Char,BD305487,Madaripur,BD3054,Dhaka,BD30,Bangladesh,BD,2015-01-01,2020-11-13,,15.5526998289981
Sitakunda Paurashava,BD20158699,,,,Sitakunda,BD201586,Chittagong,BD2015,Chittagong,BD20,Bangladesh,BD,2015-01-01,2020-11-13,,28.9197555582617
Snanghat,BD60360583,,,,Bahubal,BD603605,Habiganj,BD6036,Sylhet,BD60,Bangladesh,BD,2015-01-01,2020-11-13,,47.09245899679789
Sobhana,BD40473094,,,,Dumuria,BD404730,Khulna,BD4047,Khulna,BD40,Bangladesh,BD,2015-01-01,2020-11-13,,45.3303662499493
Sobhandandi,BD20156188,,,,Patiya,BD201561,Chittagong,BD2015,Chittagong,BD20,Bangladesh,BD,2015-01-01,2020-11-13,,11.7226809048475
Sobhnali,BD40870486,,,,Assasuni,BD408704,Satkhira,BD4087,Khulna,BD40,Bangladesh,BD,2015-01-01,2020-11-13,,46.2519919288274
Sohagdal,BD10798776,,,,Nesarabad (Swarupkati),BD107987,Pirojpur,BD1079,Barisal,BD10,Bangladesh,BD,2015-01-01,2020-11-13,,10.1368788143429
Sohagi,BD45613185,,,,Ishwarganj,BD456131,Mymensingh,BD4561,Mymensingh,BD45,Bangladesh,BD,2015-01-01,2020-11-13,,21.7864368262743
Solakuri,BD30935792,,,,Madhupur,BD309357,Tangail,BD3093,Dhaka,BD30,Bangladesh,BD,2015-01-01,2020-11-13,,35.00342224947691
Sombhag,BD30261483,,,,Dhamrai,BD302614,Dhaka,BD3026,Dhaka,BD30,Bangladesh,BD,2015-01-01,2020-11-13,,21.7965054131657
Sonabaria,BD40874394,,,,Kalaroa,BD408743,Satkhira,BD4087,Khulna,BD40,Bangladesh,BD,2015-01-01,2020-11-13,,18.5744850068529
Sonadanga,BD50811285,,,,Baghmara,BD508112,Rajshahi,BD5081,Rajshahi,BD50,Bangladesh,BD,2015-01-01,2020-11-13,,9.60288705881462
Sonadia,BD20753676,,,,Hatiya,BD207536,Noakhali,BD2075,Chittagong,BD20,Bangladesh,BD,2015-01-01,2020-11-13,,41.0067681451959
Sonagazi,BD20309485,,,,Sonagazi,BD203094,Feni,BD2030,Chittagong,BD20,Bangladesh,BD,2015-01-01,2020-11-13,,39.0354021537764
Sonagazi Paurashava,BD20309499,,,,Sonagazi,BD203094,Feni,BD2030,Chittagong,BD20,Bangladesh,BD,2015-01-01,2020-11-13,,32.0503204558827
Sonahar Mallikadaha,BD55773476,,,,Debiganj,BD557734,Panchagarh,BD5577,Rangpur,BD55,Bangladesh,BD,2015-01-01,2020-11-13,,37.4681477167257
Sonai,BD45720471,,,,Atpara,BD457204,Netrakona,BD4572,Mymensingh,BD45,Bangladesh,BD,2015-01-01,2020-11-13,,25.640728647541
Sonaichhari,BD20158685,,,,Sitakunda,BD201586,Chittagong,BD2015,Chittagong,BD20,Bangladesh,BD,2015-01-01,2020-11-13,,31.5594895683835
Sonaimuri Paurashava,BD20758399,,,,Sonaimuri,BD207583,Noakhali,BD2075,Chittagong,BD20,Bangladesh,BD,2015-01-01,2020-11-13,,10.0886169948051
Sonakania,BD20158291,,,,Satkania,BD201582,Chittagong,BD2015,Chittagong,BD20,Bangladesh,BD,2015-01-01,2020-11-13,,26.0395870548793
Sonakata,BD10040996,,,,Amtali,BD100409,Barguna,BD1004,Barisal,BD10,Bangladesh,BD,2015-01-01,2020-11-13,,24.2579322865393
Sonakhara,BD50886185,,,,Royganj,BD508861,Sirajganj,BD5088,Rajshahi,BD50,Bangladesh,BD,2015-01-01,2020-11-13,,26.2181013363855
Sonamukhi,BD50381363,,,,Akkelpur,BD503813,Joypurhat,BD5038,Rajshahi,BD50,Bangladesh,BD,2015-01-01,2020-11-13,,17.5644831214632
Sonamukhi,BD50885077,,,,Kazipur,BD508850,Sirajganj,BD5088,Rajshahi,BD50,Bangladesh,BD,2015-01-01,2020-11-13,,28.3951373421202
Sonapur,BD10099176,,,,Tazumuddin,BD100991,Bhola,BD1009,Barisal,BD10,Bangladesh,BD,2015-01-01,2020-11-13,,56.5426909539322
Sonapur,BD20515883,,,,Roypur,BD205158,Lakshmipur,BD2051,Chittagong,BD20,Bangladesh,BD,2015-01-01,2020-11-13,,9.3663716336552
Sonapur,BD20758394,,,,Sonaimuri,BD207583,Noakhali,BD2075,Chittagong,BD20,Bangladesh,BD,2015-01-01,2020-11-13,,14.2636982352546
Sonapur,BD30299089,,,,Saltha,BD302990,Faridpur,BD3029,Dhaka,BD30,Bangladesh,BD,2015-01-01,2020-11-13,,27.0177761532768
Sonarai,BD50104088,,,,Gabtali,BD501040,Bogra,BD5010,Rajshahi,BD50,Bangladesh,BD,2015-01-01,2020-11-13,,28.8913142164712
Sonarampur,BD20120483,,,,Banchharampur,BD201204,Brahamanbaria,BD2012,Chittagong,BD20,Bangladesh,BD,2015-01-01,2020-11-13,,26.5987307440068
Sonarang Tongibari,BD30599494,,,,Tongibari,BD305994,Munshiganj,BD3059,Dhaka,BD30,Bangladesh,BD,2015-01-01,2020-11-13,,6.94741574652572
Sonargaon Paurashava,BD30670499,,,,Sonargaon,BD306704,Narayanganj,BD3067,Dhaka,BD30,Bangladesh,BD,2015-01-01,2020-11-13,,8.57245221862102
Sonaroy,BD55329182,,,,Sundarganj,BD553291,Gaibandha,BD5532,Rangpur,BD55,Bangladesh,BD,2015-01-01,2020-11-13,,20.4360652296721
Sonaroy,BD55731595,,,,Domar,BD557315,Nilphamari,BD5573,Rangpur,BD55,Bangladesh,BD,2015-01-01,2020-11-13,,28.5796731789164
Sonaroy,BD55736488,,,,Nilphamari Sadar,BD557364,Nilphamari,BD5573,Rangpur,BD55,Bangladesh,BD,2015-01-01,2020-11-13,,24.8533902140222
Sonatala,BD50109573,,,,Sonatola,BD501095,Bogra,BD5010,Rajshahi,BD50,Bangladesh,BD,2015-01-01,2020-11-13,,11.6342750507651
Sonatani,BD50886794,,,,Shahjadpur,BD508867,Sirajganj,BD5088,Rajshahi,BD50,Bangladesh,BD,2015-01-01,2020-11-13,,31.5928014477958
Sonatola Paurashava,BD50109599,,,,Sonatola,BD501095,Bogra,BD5010,Rajshahi,BD50,Bangladesh,BD,2015-01-01,2020-11-13,,8.0884075299841
South Char Ababil,BD20515828,,,,Roypur,BD205158,Lakshmipur,BD2051,Chittagong,BD20,Bangladesh,BD,2015-01-01,2020-11-13,,17.4673758706748
South Char Bangshi Union,BD20515838,,,,Roypur,BD205158,Lakshmipur,BD2051,Chittagong,BD20,Bangladesh,BD,2015-01-01,2020-11-13,,26.159385624281
South Rajanagar,BD20157027,,,,Rangunia,BD201570,Chittagong,BD2015,Chittagong,BD20,Bangladesh,BD,2015-01-01,2020-11-13,,18.7831018125118
Sreebardi,BD45899086,,,,Sreebardi,BD458990,Sherpur,BD4589,Mymensingh,BD45,Bangladesh,BD,2015-01-01,2020-11-13,,17.6272967362839
Sreebardi Paurashava,BD45899099,,,,Sreebardi,BD458990,Sherpur,BD4589,Mymensingh,BD45,Bangladesh,BD,2015-01-01,2020-11-13,,5.201610843040879
Sreedharpur,BD40410473,,,,Abhaynagar,BD404104,Jessore,BD4041,Khulna,BD40,Bangladesh,BD,2015-01-01,2020-11-13,,34.3075589884068
Sreefaltala,BD40477567,,,,Rupsa,BD404775,Khulna,BD4047,Khulna,BD40,Bangladesh,BD,2015-01-01,2020-11-13,,15.3298931438974
Sreefaltali,BD30333276,,,,Kaliakair,BD303332,Gazipur,BD3033,Dhaka,BD30,Bangladesh,BD,2015-01-01,2020-11-13,,14.6449264467434
Sreekail,BD20198194,,,,Muradnagar,BD201981,Comilla,BD2019,Chittagong,BD20,Bangladesh,BD,2015-01-01,2020-11-13,,33.8787075297208
Sreekol,BD40559573,,,,Sreepur,BD405595,Magura,BD4055,Khulna,BD40,Bangladesh,BD,2015-01-01,2020-11-13,,30.2298587707923
Sreemangal,BD60588385,,,,Sreemangal,BD605883,Maulvibazar,BD6058,Sylhet,BD60,Bangladesh,BD,2015-01-01,2020-11-13,,37.2733398931801
Sreemangal Paurashava,BD60588399,,,,Sreemangal,BD605883,Maulvibazar,BD6058,Sylhet,BD60,Bangladesh,BD,2015-01-01,2020-11-13,,1.36607225435068
Sreemantapur,BD50646984,,,,Niamatpur,BD506469,Naogaon,BD5064,Rajshahi,BD50,Bangladesh,BD,2015-01-01,2020-11-13,,46.2571884382739
Sreenagar,BD30481185,,,,Bhairab,BD304811,Kishoreganj,BD3048,Dhaka,BD30,Bangladesh,BD,2015-01-01,2020-11-13,,10.6999859204766
Sreenagar,BD30598474,,,,Sreenagar,BD305984,Munshiganj,BD3059,Dhaka,BD30,Bangladesh,BD,2015-01-01,2020-11-13,,9.44533648261204
Sreenagar,BD30686491,,,,Roypura,BD306864,Narsingdi,BD3068,Dhaka,BD30,Bangladesh,BD,2015-01-01,2020-11-13,,27.7143714370001
Sreepur,BD20193190,,,,Chauddagram,BD201931,Comilla,BD2019,Chittagong,BD20,Bangladesh,BD,2015-01-01,2020-11-13,,20.5084379807425
Sreepur,BD40559584,,,,Sreepur,BD405595,Magura,BD4055,Khulna,BD40,Bangladesh,BD,2015-01-01,2020-11-13,,21.7385783633852
Sreepur,BD45393683,,,,Jamalpur Sadar,BD453936,Jamalpur,BD4539,Mymensingh,BD45,Bangladesh,BD,2015-01-01,2020-11-13,,29.9960934870524
Sreepur,BD50811288,,,,Baghmara,BD508112,Rajshahi,BD5081,Rajshahi,BD50,Bangladesh,BD,2015-01-01,2020-11-13,,11.5231738981334
Sreepur,BD55329188,,,,Sundarganj,BD553291,Gaibandha,BD5532,Rangpur,BD55,Bangladesh,BD,2015-01-01,2020-11-13,,30.1701644326063
Sreepur Kharandwip,BD20151285,,,,Boalkhali,BD201512,Chittagong,BD2015,Chittagong,BD20,Bangladesh,BD,2015-01-01,2020-11-13,,17.4422185615669
Sreepur Paurashava,BD30338699,,,,Sreepur,BD303386,Gazipur,BD3033,Dhaka,BD30,Bangladesh,BD,2015-01-01,2020-11-13,,43.0913314369547
Sreeramkati,BD10797684,,,,Nazirpur,BD107976,Pirojpur,BD1079,Barisal,BD10,Bangladesh,BD,2015-01-01,2020-11-13,,25.1205112304871
Sreerampur,BD20128590,,,,Nabinagar,BD201285,Brahamanbaria,BD2012,Chittagong,BD20,Bangladesh,BD,2015-01-01,2020-11-13,,14.9514737027695
Sreerampur,BD55527081,,,,Patgram,BD555270,Lalmonirhat,BD5552,Rangpur,BD55,Bangladesh,BD,2015-01-01,2020-11-13,,41.5563779077507
Sreeula,BD40870494,,,,Assasuni,BD408704,Satkhira,BD4087,Khulna,BD40,Bangladesh,BD,2015-01-01,2020-11-13,,43.5268749457424
St.Martin Dwip,BD20229039,,,,Teknaf,BD202290,Cox's Bazar,BD2022,Chittagong,BD20,Bangladesh,BD,2015-01-01,2020-11-13,,2.94703000040975
Sthal,BD50882771,,,,Chauhali,BD508827,Sirajganj,BD5088,Rajshahi,BD50,Bangladesh,BD,2015-01-01,2020-11-13,,43.4071708027545
Suabil,BD20153385,,,,Fatikchhari,BD201533,Chittagong,BD2015,Chittagong,BD20,Bangladesh,BD,2015-01-01,2020-11-13,,71.08274724218451
Suagram,BD30355194,,,,Kotali Para,BD303551,Gopalganj,BD3035,Dhaka,BD30,Bangladesh,BD,2015-01-01,2020-11-13,,18.8946162227602
Suair,BD45726373,,,,Mohanganj,BD457263,Netrakona,BD4572,Mymensingh,BD45,Bangladesh,BD,2015-01-01,2020-11-13,,38.0770719328396
Suapur,BD30261488,,,,Dhamrai,BD302614,Dhaka,BD3026,Dhaka,BD30,Bangladesh,BD,2015-01-01,2020-11-13,,14.6100601532766
Subha Para,BD40410484,,,,Abhaynagar,BD404104,Jessore,BD4041,Khulna,BD40,Bangladesh,BD,2015-01-01,2020-11-13,,34.6523778042834
Subhadanga,BD50811294,,,,Baghmara,BD508112,Rajshahi,BD5081,Rajshahi,BD50,Bangladesh,BD,2015-01-01,2020-11-13,,25.5737954930832
Subhadia,BD40013484,,,,Fakirhat,BD400134,Bagerhat,BD4001,Khulna,BD40,Bangladesh,BD,2015-01-01,2020-11-13,,25.6567799037223
Subhadya (Part),BD30263869,,,,Keraniganj,BD302638,Dhaka,BD3026,Dhaka,BD30,Bangladesh,BD,2015-01-01,2020-11-13,,12.7533962970409
Subhagachha,BD50885086,,,,Kazipur,BD508850,Sirajganj,BD5088,Rajshahi,BD50,Bangladesh,BD,2015-01-01,2020-11-13,,31.0050721210138
Subhapur,BD20301495,,,,Chhagalnaiya,BD203014,Feni,BD2030,Chittagong,BD20,Bangladesh,BD,2015-01-01,2020-11-13,,23.2781688994842
Subidpur,BD10427394,,,,Nalchity,BD104273,Jhalokati,BD1042,Barisal,BD10,Bangladesh,BD,2015-01-01,2020-11-13,,16.9828736356698
Subidpur,BD60361194,,,,Baniachong,BD603611,Habiganj,BD6036,Sylhet,BD60,Bangladesh,BD,2015-01-01,2020-11-13,,33.0905840123448
Subil,BD20194095,,,,Debidwar,BD201940,Comilla,BD2019,Chittagong,BD20,Bangladesh,BD,2015-01-01,2020-11-13,,13.9481483043368
Sufalakati,BD40413876,,,,Keshabpur,BD404138,Jessore,BD4041,Khulna,BD40,Bangladesh,BD,2015-01-01,2020-11-13,,26.0073895515356
Sughat,BD50108895,,,,Sherpur,BD501088,Bogra,BD5010,Rajshahi,BD50,Bangladesh,BD,2015-01-01,2020-11-13,,24.2722139849168
Sughatta,BD55328885,,,,Saghatta,BD553288,Gaibandha,BD5532,Rangpur,BD55,Bangladesh,BD,2015-01-01,2020-11-13,,24.3421223068563
Suhilpur (paschim Silpur),BD20192794,,,,Chandina,BD201927,Comilla,BD2019,Chittagong,BD20,Bangladesh,BD,2015-01-01,2020-11-13,,14.1730508160347
Sujalpur,BD55271294,,,,Birganj,BD552712,Dinajpur,BD5527,Rangpur,BD55,Bangladesh,BD,2015-01-01,2020-11-13,,25.2012873319965
Sujanagar,BD50768385,,,,Sujanagar,BD507683,Pabna,BD5076,Rajshahi,BD50,Bangladesh,BD,2015-01-01,2020-11-13,,24.2680700193734
Sujanagar,BD60581477,,,,Barlekha,BD605814,Maulvibazar,BD6058,Sylhet,BD60,Bangladesh,BD,2015-01-01,2020-11-13,,21.4320917203923
Sujanagar Paurashava,BD50768399,,,,Sujanagar,BD507683,Pabna,BD5076,Rajshahi,BD50,Bangladesh,BD,2015-01-01,2020-11-13,,10.7328017733731
Sujatpur,BD60361188,,,,Baniachong,BD603611,Habiganj,BD6036,Sylhet,BD60,Bangladesh,BD,2015-01-01,2020-11-13,,39.4322482612648
Sukash,BD50699194,,,,Singra,BD506991,Natore,BD5069,Rajshahi,BD50,Bangladesh,BD,2015-01-01,2020-11-13,,57.3935175911615
Sukh Char,BD20753685,,,,Hatiya,BD207536,Noakhali,BD2075,Chittagong,BD20,Bangladesh,BD,2015-01-01,2020-11-13,,11.7417830267364
Sukhanpukhari,BD55949494,,,,Thakurgaon Sadar,BD559494,Thakurgaon,BD5594,Rangpur,BD55,Bangladesh,BD,2015-01-01,2020-11-13,,36.9174754985785
Sukhari,BD45720459,,,,Atpara,BD457204,Netrakona,BD4572,Mymensingh,BD45,Bangladesh,BD,2015-01-01,2020-11-13,,29.2406069931023
Sukhia,BD30487995,,,,Pakundia,BD304879,Kishoreganj,BD3048,Dhaka,BD30,Bangladesh,BD,2015-01-01,2020-11-13,,14.0152252213218
Sukpukhuria,BD40411194,,,,Chaugachha,BD404111,Jessore,BD4041,Khulna,BD40,Bangladesh,BD,2015-01-01,2020-11-13,,37.41825187843629
Suktagarh,BD10428481,,,,Rajapur,BD104284,Jhalokati,BD1042,Barisal,BD10,Bangladesh,BD,2015-01-01,2020-11-13,,24.531519470224
Suktail,BD30353286,,,,Gopalganj Sadar,BD303532,Gopalganj,BD3035,Dhaka,BD30,Bangladesh,BD,2015-01-01,2020-11-13,,21.6717190005676
Sulla,BD60908695,,,,Sulla,BD609086,Sunamganj,BD6090,Sylhet,BD60,Bangladesh,BD,2015-01-01,2020-11-13,,58.163892020211
Sultanabad,BD20137990,,,,Matlab Uttar,BD201379,Chandpur,BD2013,Chittagong,BD20,Bangladesh,BD,2015-01-01,2020-11-13,,14.7982346835088
Sultanganj,BD30263451,,,,Kamrangir Char,BD302634,Dhaka,BD3026,Dhaka,BD30,Bangladesh,BD,2015-01-01,2020-11-13,,1.61132067059241
Sultanganj (Part),BD50108590,,,,Shajahanpur,BD501085,Bogra,BD5010,Rajshahi,BD50,Bangladesh,BD,2015-01-01,2020-11-13,,3.44048697468591
Sultanpur,BD20121388,,,,Brahmanbaria Sadar,BD201213,Brahamanbaria,BD2012,Chittagong,BD20,Bangladesh,BD,2015-01-01,2020-11-13,,29.8871917498616
Sultanpur,BD30827694,,,,Rajbari Sadar,BD308276,Rajbari,BD3082,Dhaka,BD30,Bangladesh,BD,2015-01-01,2020-11-13,,26.129340559813
Sultanpur,BD60919476,,,,Zakiganj,BD609194,Sylhet,BD6091,Sylhet,BD60,Bangladesh,BD,2015-01-01,2020-11-13,,22.3272573342192
Sunamganj Paurashava,BD60908999,,,,Sunamganj Sadar,BD609089,Sunamganj,BD6090,Sylhet,BD60,Bangladesh,BD,2015-01-01,2020-11-13,,4.63081249796966
Sundalpur,BD20193694,,,,Daudkandi,BD201936,Comilla,BD2019,Chittagong,BD20,Bangladesh,BD,2015-01-01,2020-11-13,,10.5975607893992
Sundalpur,BD20754795,,,,Kabirhat,BD207547,Noakhali,BD2075,Chittagong,BD20,Bangladesh,BD,2015-01-01,2020-11-13,,20.0270585677809
Sundar Dighi,BD55773485,,,,Debiganj,BD557734,Panchagarh,BD5577,Rangpur,BD55,Bangladesh,BD,2015-01-01,2020-11-13,,23.06196184225
Sundarban,BD40015889,,,,Mongla,BD400158,Bagerhat,BD4001,Khulna,BD40,Bangladesh,BD,2015-01-01,2020-11-13,,34.8952298339921
Sundarban,BD55276486,,,,Dinajpur Sadar,BD552764,Dinajpur,BD5527,Rangpur,BD55,Bangladesh,BD,2015-01-01,2020-11-13,,37.4620730033133
Sundarganj Paurashava,BD55329199,,,,Sundarganj,BD553291,Gaibandha,BD5532,Rangpur,BD55,Bangladesh,BD,2015-01-01,2020-11-13,,15.4808082231567
Sundarpur,BD20153395,,,,Fatikchhari,BD201533,Chittagong,BD2015,Chittagong,BD20,Bangladesh,BD,2015-01-01,2020-11-13,,10.0857676885527
Sundarpur,BD50706694,,,,Nawabganj Sadar,BD507066,Nawabganj,BD5070,Rajshahi,BD50,Bangladesh,BD,2015-01-01,2020-11-13,,33.1409290677186
Sundarpur,BD55275679,,,,Kaharole,BD552756,Dinajpur,BD5527,Rangpur,BD55,Bangladesh,BD,2015-01-01,2020-11-13,,33.4134935625939
Sundarpur Durgapur,BD40443333,,,,Kaliganj,BD404433,Jhenaidah,BD4044,Khulna,BD40,Bangladesh,BD,2015-01-01,2020-11-13,,21.1141318706541
Sundoli,BD40410427,,,,Abhaynagar,BD404104,Jessore,BD4041,Khulna,BD40,Bangladesh,BD,2015-01-01,2020-11-13,,14.8748046783908
Suniltala,BD40015883,,,,Mongla,BD400158,Bagerhat,BD4001,Khulna,BD40,Bangladesh,BD,2015-01-01,2020-11-13,,15.6844649089599
Surajpur Manikpur,BD20221687,,,,Chakaria,BD202216,Cox's Bazar,BD2022,Chittagong,BD20,Bangladesh,BD,2015-01-01,2020-11-13,,17.3790893996813
Surat,BD40441994,,,,Jhenaidah Sadar,BD404419,Jhenaidah,BD4044,Khulna,BD40,Bangladesh,BD,2015-01-01,2020-11-13,,16.3556706497544
Surjyamani,BD10783895,,,,Bauphal,BD107838,Patuakhali,BD1078,Barisal,BD10,Bangladesh,BD,2015-01-01,2020-11-13,,22.6983046084735
Surkhali,BD40471283,,,,Batiaghata,BD404712,Khulna,BD4047,Khulna,BD40,Bangladesh,BD,2015-01-01,2020-11-13,,43.4198678495767
Surma,BD60903381,,,,Dowarabazar,BD609033,Sunamganj,BD6090,Sylhet,BD60,Bangladesh,BD,2015-01-01,2020-11-13,,27.8533994559876
Surma,BD60908977,,,,Sunamganj Sadar,BD609089,Sunamganj,BD6090,Sylhet,BD60,Bangladesh,BD,2015-01-01,2020-11-13,,30.0008352396164
Sutalari,BD30562894,,,,Harirampur,BD305628,Manikganj,BD3056,Dhaka,BD30,Bangladesh,BD,2015-01-01,2020-11-13,,16.119926098835
Sutar Para,BD30261884,,,,Dohar,BD302618,Dhaka,BD3026,Dhaka,BD30,Bangladesh,BD,2015-01-01,2020-11-13,,15.7541947021157
Sutar Para,BD30484294,,,,Karimganj,BD304842,Kishoreganj,BD3048,Dhaka,BD30,Bangladesh,BD,2015-01-01,2020-11-13,,32.0464146437968
Sutarkhali,BD40471773,,,,Dacope,BD404717,Khulna,BD4047,Khulna,BD40,Bangladesh,BD,2015-01-01,2020-11-13,,47.588104718717
Suti Para,BD30261494,,,,Dhamrai,BD302614,Dhaka,BD3026,Dhaka,BD30,Bangladesh,BD,2015-01-01,2020-11-13,,24.0592487831628
Sutiakati,BD10798785,,,,Nesarabad (Swarupkati),BD107987,Pirojpur,BD1079,Barisal,BD10,Bangladesh,BD,2015-01-01,2020-11-13,,12.065864526581
Sutrapur,BD30333285,,,,Kaliakair,BD303332,Gazipur,BD3033,Dhaka,BD30,Bangladesh,BD,2015-01-01,2020-11-13,,15.087638126433
Swadeshi,BD45612494,,,,Haluaghat,BD456124,Mymensingh,BD4561,Mymensingh,BD45,Bangladesh,BD,2015-01-01,2020-11-13,,27.3438356416065
Swalak,BD20031463,,,,Bandarban Sadar,BD200314,Bandarban,BD2003,Chittagong,BD20,Bangladesh,BD,2015-01-01,2020-11-13,,61.0332452024094
Swarupdaha,BD40411143,,,,Chaugachha,BD404111,Jessore,BD4041,Khulna,BD40,Bangladesh,BD,2015-01-01,2020-11-13,,34.5557507911212
Swaruppur,BD40447189,,,,Maheshpur,BD404471,Jhenaidah,BD4044,Khulna,BD40,Bangladesh,BD,2015-01-01,2020-11-13,,32.6813603719318
Syed Pur,BD60904785,,,,Jagannathpur,BD609047,Sunamganj,BD6090,Sylhet,BD60,Bangladesh,BD,2015-01-01,2020-11-13,,21.6053422333954
T. S. Bahirdia,BD40477581,,,,Rupsa,BD404775,Khulna,BD4047,Khulna,BD40,Bangladesh,BD,2015-01-01,2020-11-13,,16.8812276726995
Tabakpur,BD55499478,,,,Ulipur,BD554994,Kurigram,BD5549,Rangpur,BD55,Bangladesh,BD,2015-01-01,2020-11-13,,25.3747824108983
Tabgi,BD10092195,,,,Burhanuddin,BD100921,Bhola,BD1009,Barisal,BD10,Bangladesh,BD,2015-01-01,2020-11-13,,26.1427844089708
Tagarbanda,BD30290384,,,,Alfadanga,BD302903,Faridpur,BD3029,Dhaka,BD30,Bangladesh,BD,2015-01-01,2020-11-13,,31.4171439542891
Taherhuda,BD40441484,,,,Harinakunda,BD404414,Jhenaidah,BD4044,Khulna,BD40,Bangladesh,BD,2015-01-01,2020-11-13,,27.7253613791764
Tahirpur,BD60909264,,,,Tahirpur,BD609092,Sunamganj,BD6090,Sylhet,BD60,Bangladesh,BD,2015-01-01,2020-11-13,,52.73483070213361
Tahirpur Paurashava,BD50811200,,,,Baghmara,BD508112,Rajshahi,BD5081,Rajshahi,BD50,Bangladesh,BD,2015-01-01,2020-11-13,,10.7381513028664
Taindang,BD20467083,,,,Matiranga,BD204670,Khagrachhari,BD2046,Chittagong,BD20,Bangladesh,BD,2015-01-01,2020-11-13,,84.2963236336232
Taitong,BD20225696,,,,Pekua,BD202256,Cox's Bazar,BD2022,Chittagong,BD20,Bangladesh,BD,2015-01-01,2020-11-13,,19.1340693424544
Tajpur,BD50699187,,,,Singra,BD506991,Natore,BD5069,Rajshahi,BD50,Bangladesh,BD,2015-01-01,2020-11-13,,30.7647657336572
Tajpur,BD60910888,,,,Balaganj,BD609108,Sylhet,BD6091,Sylhet,BD60,Bangladesh,BD,2015-01-01,2020-11-13,,20.1052219984553
Tala,BD40879087,,,,Tala,BD408790,Satkhira,BD4087,Khulna,BD40,Bangladesh,BD,2015-01-01,2020-11-13,,24.7046351968114
Talam,BD50888973,,,,Tarash,BD508889,Sirajganj,BD5088,Rajshahi,BD50,Bangladesh,BD,2015-01-01,2020-11-13,,39.5111572820339
Talanda,BD50819481,,,,Tanore,BD508194,Rajshahi,BD5081,Rajshahi,BD50,Bangladesh,BD,2015-01-01,2020-11-13,,20.3657698450039
Talbaria,BD40509494,,,,Mirpur,BD405094,Kushtia,BD4050,Khulna,BD40,Bangladesh,BD,2015-01-01,2020-11-13,,21.6698282053307
Talganga,BD30489281,,,,Tarail,BD304892,Kishoreganj,BD3048,Dhaka,BD30,Bangladesh,BD,2015-01-01,2020-11-13,,18.4743537631
Talibpur,BD30568294,,,,Singair,BD305682,Manikganj,BD3056,Dhaka,BD30,Bangladesh,BD,2015-01-01,2020-11-13,,14.874524740613
Talimpur,BD60581494,,,,Barlekha,BD605814,Maulvibazar,BD6058,Sylhet,BD60,Bangladesh,BD,2015-01-01,2020-11-13,,82.92327928957761
Talkhari,BD40558583,,,,Shalikha,BD405585,Magura,BD4055,Khulna,BD40,Bangladesh,BD,2015-01-01,2020-11-13,,45.8966607451332
Talki,BD45896776,,,,Nakla,BD458967,Sherpur,BD4589,Mymensingh,BD45,Bangladesh,BD,2015-01-01,2020-11-13,,14.7059173882378
Talma,BD30296294,,,,Nagarkanda,BD302962,Faridpur,BD3029,Dhaka,BD30,Bangladesh,BD,2015-01-01,2020-11-13,,28.3071129874837
Talora,BD50103367,,,,Dhupchanchia,BD501033,Bogra,BD5010,Rajshahi,BD50,Bangladesh,BD,2015-01-01,2020-11-13,,23.222322998111
Taluk Kanupur,BD55323094,,,,Gobindaganj,BD553230,Gaibandha,BD5532,Rangpur,BD55,Bangladesh,BD,2015-01-01,2020-11-13,,28.3293459879228
Tamaruddin,BD20753695,,,,Hatiya,BD207536,Noakhali,BD2075,Chittagong,BD20,Bangladesh,BD,2015-01-01,2020-11-13,,43.7705753378508
Tambulpur,BD55857385,,,,Pirgachha,BD558573,Rangpur,BD5585,Rangpur,BD55,Bangladesh,BD,2015-01-01,2020-11-13,,35.344998980559
Tamphat,BD55854979,,,,Rangpur Sadar,BD558549,Rangpur,BD5585,Rangpur,BD55,Bangladesh,BD,2015-01-01,2020-11-13,,27.1767460008295
Tamta Paschim,BD20139593,,,,Shahrasti,BD201395,Chandpur,BD2013,Chittagong,BD20,Bangladesh,BD,2015-01-01,2020-11-13,,14.009036647818
Tamta Purba,BD20139595,,,,Shahrasti,BD201395,Chandpur,BD2013,Chittagong,BD20,Bangladesh,BD,2015-01-01,2020-11-13,,14.0104389128807
Tangail Paurashava,BD30939599,,,,Tangail Sadar,BD309395,Tangail,BD3093,Dhaka,BD30,Bangladesh,BD,2015-01-01,2020-11-13,,31.3385752500446
Tangbhanga,BD55523395,,,,Hatibandha,BD555233,Lalmonirhat,BD5552,Rangpur,BD55,Bangladesh,BD,2015-01-01,2020-11-13,,26.475301900099
Tankabati,BD20031479,,,,Bandarban Sadar,BD200314,Bandarban,BD2003,Chittagong,BD20,Bangladesh,BD,2015-01-01,2020-11-13,,133.78909078069
Tanki,BD20198191,,,,Muradnagar,BD201981,Comilla,BD2019,Chittagong,BD20,Bangladesh,BD,2015-01-01,2020-11-13,,9.10248332825372
Tanore Paurashava,BD50819499,,,,Tanore,BD508194,Rajshahi,BD5081,Rajshahi,BD50,Bangladesh,BD,2015-01-01,2020-11-13,,31.8106383476508
Tantar,BD30598494,,,,Sreenagar,BD305984,Munshiganj,BD3059,Dhaka,BD30,Bangladesh,BD,2015-01-01,2020-11-13,,10.0125015938356
Tantibanda,BD50768395,,,,Sujanagar,BD507683,Pabna,BD5076,Rajshahi,BD50,Bangladesh,BD,2015-01-01,2020-11-13,,22.880538779042
Tantihati,BD45899094,,,,Sreebardi,BD458990,Sherpur,BD4589,Mymensingh,BD45,Bangladesh,BD,2015-01-01,2020-11-13,,27.3945662171153
Tapodhan,BD55854987,,,,Rangpur Sadar,BD558549,Rangpur,BD5585,Rangpur,BD55,Bangladesh,BD,2015-01-01,2020-11-13,,27.5141636439229
Tarabo Paurashava,BD30676899,,,,Rupganj,BD306768,Narayanganj,BD3067,Dhaka,BD30,Bangladesh,BD,2015-01-01,2020-11-13,,21.4373723022723
Tarabunia,BD30861494,,,,Bhedarganj,BD308614,Shariatpur,BD3086,Dhaka,BD30,Bangladesh,BD,2015-01-01,2020-11-13,,29.4906984873206
Tarachha,BD20038976,,,,Rowangchhari,BD200389,Bandarban,BD2003,Chittagong,BD20,Bangladesh,BD,2015-01-01,2020-11-13,,109.386541760534
Tarafpur,BD30936687,,,,Mirzapur,BD309366,Tangail,BD3093,Dhaka,BD30,Bangladesh,BD,2015-01-01,2020-11-13,,32.2070160873386
Tarail Sachail,BD30489294,,,,Tarail,BD304892,Kishoreganj,BD3048,Dhaka,BD30,Bangladesh,BD,2015-01-01,2020-11-13,,15.2313678004143
Tarakanda,BD45618194,,,,Phulpur,BD456181,Mymensingh,BD4561,Mymensingh,BD45,Bangladesh,BD,2015-01-01,2020-11-13,,26.4556210751771
Taral,BD60902985,,,,Derai,BD609029,Sunamganj,BD6090,Sylhet,BD60,Bangladesh,BD,2015-01-01,2020-11-13,,39.1467283288832
Tarali,BD40874794,,,,Kaliganj,BD408747,Satkhira,BD4087,Khulna,BD40,Bangladesh,BD,2015-01-01,2020-11-13,,38.5589949812
Taranagar,BD30263877,,,,Keraniganj,BD302638,Dhaka,BD3026,Dhaka,BD30,Bangladesh,BD,2015-01-01,2020-11-13,,19.1300983782763
Tarapur,BD55329194,,,,Sundarganj,BD553291,Gaibandha,BD5532,Rangpur,BD55,Bangladesh,BD,2015-01-01,2020-11-13,,29.3807952468648
Tarash,BD50888984,,,,Tarash,BD508889,Sirajganj,BD5088,Rajshahi,BD50,Bangladesh,BD,2015-01-01,2020-11-13,,30.6845117552287
Tarati,BD45616594,,,,Muktagachha,BD456165,Mymensingh,BD4561,Mymensingh,BD45,Bangladesh,BD,2015-01-01,2020-11-13,,34.4026665098343
Targaon,BD30333686,,,,Kapasia,BD303336,Gazipur,BD3033,Dhaka,BD30,Bangladesh,BD,2015-01-01,2020-11-13,,36.4628256563022
Targaon,BD55275694,,,,Kaharole,BD552756,Dinajpur,BD5527,Rangpur,BD55,Bangladesh,BD,2015-01-01,2020-11-13,,36.1946939462745
Taria,BD55770481,,,,Atwari,BD557704,Panchagarh,BD5577,Rangpur,BD55,Bangladesh,BD,2015-01-01,2020-11-13,,32.4188961400852
Tarpur Chandi,BD20132294,,,,Chandpur Sadar,BD201322,Chandpur,BD2013,Chittagong,BD20,Bangladesh,BD,2015-01-01,2020-11-13,,9.05275738416414
Tarua,BD20123383,,,,Ashuganj,BD201233,Brahamanbaria,BD2012,Chittagong,BD20,Bangladesh,BD,2015-01-01,2020-11-13,,6.42405779788969
Tarundia,BD45613190,,,,Ishwarganj,BD456131,Mymensingh,BD4561,Mymensingh,BD45,Bangladesh,BD,2015-01-01,2020-11-13,,27.8831265050467
Tebaria,BD50696394,,,,Natore Sadar,BD506963,Natore,BD5069,Rajshahi,BD50,Bangladesh,BD,2015-01-01,2020-11-13,,30.6003997435976
Tegharia,BD30263886,,,,Keraniganj,BD302638,Dhaka,BD3026,Dhaka,BD30,Bangladesh,BD,2015-01-01,2020-11-13,,18.9961804430406
Tegharia,BD60364495,,,,Habiganj Sadar,BD603644,Habiganj,BD6036,Sylhet,BD60,Bangladesh,BD,2015-01-01,2020-11-13,,28.7352372900089
Tekani,BD50885094,,,,Kazipur,BD508850,Sirajganj,BD5088,Rajshahi,BD50,Bangladesh,BD,2015-01-01,2020-11-13,,40.1116477173906
Tekani Chukainagar,BD50109584,,,,Sonatola,BD501095,Bogra,BD5010,Rajshahi,BD50,Bangladesh,BD,2015-01-01,2020-11-13,,16.2727021025443
Teknaf,BD20229063,,,,Teknaf,BD202290,Cox's Bazar,BD2022,Chittagong,BD20,Bangladesh,BD,2015-01-01,2020-11-13,,88.9985929735477
Teknaf Paurashava,BD20229099,,,,Teknaf,BD202290,Cox's Bazar,BD2022,Chittagong,BD20,Bangladesh,BD,2015-01-01,2020-11-13,,6.59369858632101
Teligati,BD40016095,,,,Morrelganj,BD400160,Bagerhat,BD4001,Khulna,BD40,Bangladesh,BD,2015-01-01,2020-11-13,,20.6128240118072
Teligati,BD45720483,,,,Atpara,BD457204,Netrakona,BD4572,Mymensingh,BD45,Bangladesh,BD,2015-01-01,2020-11-13,,24.8055652560818
Telihati,BD30338685,,,,Sreepur,BD303386,Gazipur,BD3033,Dhaka,BD30,Bangladesh,BD,2015-01-01,2020-11-13,,44.8150937040934
Telikhal,BD60912771,,,,Companiganj,BD609127,Sylhet,BD6091,Sylhet,BD60,Bangladesh,BD,2015-01-01,2020-11-13,,48.2753517025046
Telikhali,BD10791483,,,,Bhandaria,BD107914,Pirojpur,BD1079,Barisal,BD10,Bangladesh,BD,2015-01-01,2020-11-13,,31.1321756847624
Tengaba,BD45612288,,,,Gaffargaon,BD456122,Mymensingh,BD4561,Mymensingh,BD45,Bangladesh,BD,2015-01-01,2020-11-13,,36.3085177799528
Tenger Char,BD30592484,,,,Gazaria,BD305924,Munshiganj,BD3059,Dhaka,BD30,Bangladesh,BD,2015-01-01,2020-11-13,,11.1438495994533
Tengra,BD60588073,,,,Rajnagar,BD605880,Maulvibazar,BD6058,Sylhet,BD60,Bangladesh,BD,2015-01-01,2020-11-13,,38.7594498581309
Tentulbaria,BD40574794,,,,Gangni,BD405747,Meherpur,BD4057,Khulna,BD40,Bangladesh,BD,2015-01-01,2020-11-13,,35.0845496613043
Tentulia,BD40879094,,,,Tala,BD408790,Satkhira,BD4087,Khulna,BD40,Bangladesh,BD,2015-01-01,2020-11-13,,26.0178709247607
Tentulia,BD45726384,,,,Mohanganj,BD457263,Netrakona,BD4572,Mymensingh,BD45,Bangladesh,BD,2015-01-01,2020-11-13,,39.4870711840424
Tentulia,BD50644794,,,,Manda,BD506447,Naogaon,BD5064,Rajshahi,BD50,Bangladesh,BD,2015-01-01,2020-11-13,,39.2098882330182
Tentulia,BD50647987,,,,Porsha,BD506479,Naogaon,BD5064,Rajshahi,BD50,Bangladesh,BD,2015-01-01,2020-11-13,,43.2908390730694
Tentulia,BD55273094,,,,Chirirbandar,BD552730,Dinajpur,BD5527,Rangpur,BD55,Bangladesh,BD,2015-01-01,2020-11-13,,14.5012755636473
Tentulia,BD55779081,,,,Tentulia,BD557790,Panchagarh,BD5577,Rangpur,BD55,Bangladesh,BD,2015-01-01,2020-11-13,,25.8104131326933
Teota,BD30567859,,,,Shibalaya,BD305678,Manikganj,BD3056,Dhaka,BD30,Bangladesh,BD,2015-01-01,2020-11-13,,64.0974883919809
Tepa Kharibari,BD55731295,,,,Dimla,BD557312,Nilphamari,BD5573,Rangpur,BD55,Bangladesh,BD,2015-01-01,2020-11-13,,31.8520296236131
Tepa Madhupur,BD55854281,,,,Kaunia,BD558542,Rangpur,BD5585,Rangpur,BD55,Bangladesh,BD,2015-01-01,2020-11-13,,34.3865377761269
Tepriganj,BD55773495,,,,Debiganj,BD557734,Panchagarh,BD5577,Rangpur,BD55,Bangladesh,BD,2015-01-01,2020-11-13,,36.9734993824794
Terokhada,BD40479481,,,,Terokhada,BD404794,Khulna,BD4047,Khulna,BD40,Bangladesh,BD,2015-01-01,2020-11-13,,20.5513993266425
Tetli,BD60913185,,,,Dakshin Surma,BD609131,Sylhet,BD6091,Sylhet,BD60,Bangladesh,BD,2015-01-01,2020-11-13,,17.4989223048743
Tetuljhora,BD30267289,,,,Savar,BD302672,Dhaka,BD3026,Dhaka,BD30,Bangladesh,BD,2015-01-01,2020-11-13,,20.0914296789674
Tezkhali,BD20120488,,,,Banchharampur,BD201204,Brahamanbaria,BD2012,Chittagong,BD20,Bangladesh,BD,2015-01-01,2020-11-13,,14.1581005000485
Thakurakona,BD45727494,,,,Netrokona Sadar,BD457274,Netrakona,BD4572,Mymensingh,BD45,Bangladesh,BD,2015-01-01,2020-11-13,,31.9834452016133
Thalta Majhgram,BD50106784,,,,Nandigram,BD501067,Bogra,BD5010,Rajshahi,BD50,Bangladesh,BD,2015-01-01,2020-11-13,,50.7149497474075
Thanahat,BD55490983,,,,Chilmari,BD554909,Kurigram,BD5549,Rangpur,BD55,Bangladesh,BD,2015-01-01,2020-11-13,,25.9170515409094
Thanchi,BD20039557,,,,Thanchi,BD200395,Bandarban,BD2003,Chittagong,BD20,Bangladesh,BD,2015-01-01,2020-11-13,,226.369238550342
Thetroy,BD55499483,,,,Ulipur,BD554994,Kurigram,BD5549,Rangpur,BD55,Bangladesh,BD,2015-01-01,2020-11-13,,27.2933371317598
Tiakhali,BD10786683,,,,Kala Para,BD107866,Patuakhali,BD1078,Barisal,BD10,Bangladesh,BD,2015-01-01,2020-11-13,,26.8478239993914
Tiariganj,BD20514387,,,,Lakshmipur Sadar,BD205143,Lakshmipur,BD2051,Chittagong,BD20,Bangladesh,BD,2015-01-01,2020-11-13,,39.4246429600311
Tiasree,BD45725684,,,,Madan,BD457256,Netrakona,BD4572,Mymensingh,BD45,Bangladesh,BD,2015-01-01,2020-11-13,,22.6571758768253
Tikikata,BD10795886,,,,Mathbaria,BD107958,Pirojpur,BD1079,Barisal,BD10,Bangladesh,BD,2015-01-01,2020-11-13,,30.8686674031244
Tilagaon,BD60586595,,,,Kulaura,BD605865,Maulvibazar,BD6058,Sylhet,BD60,Bangladesh,BD,2015-01-01,2020-11-13,,43.00973692750249
Tilai,BD55490695,,,,Bhurungamari,BD554906,Kurigram,BD5549,Rangpur,BD55,Bangladesh,BD,2015-01-01,2020-11-13,,12.8387818794735
Tilakpur,BD50381379,,,,Akkelpur,BD503813,Joypurhat,BD5038,Rajshahi,BD50,Bangladesh,BD,2015-01-01,2020-11-13,,28.8209956789145
Tilakpur,BD50646094,,,,Naogaon Sadar,BD506460,Naogaon,BD5064,Rajshahi,BD50,Bangladesh,BD,2015-01-01,2020-11-13,,22.0889951762531
Tildanga,BD40471784,,,,Dacope,BD404717,Khulna,BD4047,Khulna,BD40,Bangladesh,BD,2015-01-01,2020-11-13,,44.40759616441539
Tilli,BD30567095,,,,Saturia,BD305670,Manikganj,BD3056,Dhaka,BD30,Bangladesh,BD,2015-01-01,2020-11-13,,21.2989559630777
Tilna,BD50648694,,,,Sapahar,BD506486,Naogaon,BD5064,Rajshahi,BD50,Bangladesh,BD,2015-01-01,2020-11-13,,38.95162619875379
Tilpara,BD60911794,,,,Beani Bazar,BD609117,Sylhet,BD6091,Sylhet,BD60,Bangladesh,BD,2015-01-01,2020-11-13,,21.8831349104623
Tindu,BD20039576,,,,Thanchi,BD200395,Bandarban,BD2003,Chittagong,BD20,Bangladesh,BD,2015-01-01,2020-11-13,,177.032947092207
Tintahari,BD20466787,,,,Manikchhari,BD204667,Khagrachhari,BD2046,Chittagong,BD20,Bangladesh,BD,2015-01-01,2020-11-13,,16.629711827318
Tirnaihat,BD55779094,,,,Tentulia,BD557790,Panchagarh,BD5577,Rangpur,BD55,Bangladesh,BD,2015-01-01,2020-11-13,,30.5546437530426
Titpalla,BD45393689,,,,Jamalpur Sadar,BD453936,Jamalpur,BD4539,Mymensingh,BD45,Bangladesh,BD,2015-01-01,2020-11-13,,28.0463096830372
Titudaha,BD40182383,,,,Chuadanga Sadar,BD401823,Chuadanga,BD4018,Khulna,BD40,Bangladesh,BD,2015-01-01,2020-11-13,,46.3586397551889
Toke,BD30333694,,,,Kapasia,BD303336,Gazipur,BD3033,Dhaka,BD30,Bangladesh,BD,2015-01-01,2020-11-13,,35.6076530649478
Tona,BD10798094,,,,Pirojpur Sadar,BD107980,Pirojpur,BD1079,Barisal,BD10,Bangladesh,BD,2015-01-01,2020-11-13,,16.051694936623
Tongi Paurashava,BD30333000,,,,Gazipur Sadar,BD303330,Gazipur,BD3033,Dhaka,BD30,Bangladesh,BD,2015-01-01,2020-11-13,,32.7521471576768
Torabgang,BD20513391,,,,Kamalnagar,BD205133,Lakshmipur,BD2051,Chittagong,BD20,Bangladesh,BD,2015-01-01,2020-11-13,,30.880222958168
Towakul,BD60914184,,,,Gowainghat,BD609141,Sylhet,BD6091,Sylhet,BD60,Bangladesh,BD,2015-01-01,2020-11-13,,49.4413550396788
Tribeni,BD40448088,,,,Shailkupa,BD404480,Jhenaidah,BD4044,Khulna,BD40,Bangladesh,BD,2015-01-01,2020-11-13,,19.0759783726014
Trilochanpur,BD40443394,,,,Kaliganj,BD404433,Jhenaidah,BD4044,Khulna,BD40,Bangladesh,BD,2015-01-01,2020-11-13,,30.2398441850053
Trimohini,BD40413885,,,,Keshabpur,BD404138,Jessore,BD4041,Khulna,BD40,Bangladesh,BD,2015-01-01,2020-11-13,,34.6309177255412
Trishal,BD45619485,,,,Trishal,BD456194,Mymensingh,BD4561,Mymensingh,BD45,Bangladesh,BD,2015-01-01,2020-11-13,,28.833882286574
Trishal Paurashava,BD45619499,,,,Trishal,BD456194,Mymensingh,BD4561,Mymensingh,BD45,Bangladesh,BD,2015-01-01,2020-11-13,,7.11941465482417
Tubalchhari,BD20467076,,,,Matiranga,BD204670,Khagrachhari,BD2046,Chittagong,BD20,Bangladesh,BD,2015-01-01,2020-11-13,,19.0677570672922
Tuker Bazar,BD60916290,,,,Sylhet Sadar,BD609162,Sylhet,BD6091,Sylhet,BD60,Bangladesh,BD,2015-01-01,2020-11-13,,27.0512940242671
Tukuria,BD55857695,,,,Pirganj,BD558576,Rangpur,BD5585,Rangpur,BD55,Bangladesh,BD,2015-01-01,2020-11-13,,24.6531293813222
Tularampur,BD40657694,,,,Narail Sadar,BD406576,Narail,BD4065,Khulna,BD40,Bangladesh,BD,2015-01-01,2020-11-13,,35.26355817168589
Tulasar,BD30866995,,,,Shariatpur Sadar,BD308669,Shariatpur,BD3086,Dhaka,BD30,Bangladesh,BD,2015-01-01,2020-11-13,,8.32948299939812
Tulsir Char,BD45393695,,,,Jamalpur Sadar,BD453936,Jamalpur,BD4539,Mymensingh,BD45,Bangladesh,BD,2015-01-01,2020-11-13,,35.6138841810174
Tultikar,BD60916295,,,,Sylhet Sadar,BD609162,Sylhet,BD6091,Sylhet,BD60,Bangladesh,BD,2015-01-01,2020-11-13,,9.89552988533872
Tum Char,BD20514389,,,,Lakshmipur Sadar,BD205143,Lakshmipur,BD2051,Chittagong,BD20,Bangladesh,BD,2015-01-01,2020-11-13,,13.3218373331673
Tumulia,BD30333497,,,,Kaliganj,BD303334,Gazipur,BD3033,Dhaka,BD30,Bangladesh,BD,2015-01-01,2020-11-13,,23.7728659472982
Tungibaria,BD10065194,,,,Barisal Sadar (Kotwali),BD100651,Barisal,BD1006,Barisal,BD10,Bangladesh,BD,2015-01-01,2020-11-13,,20.1124165046023
Tungipara Paurashava,BD30359199,,,,Tungi Para,BD303591,Gopalganj,BD3035,Dhaka,BD30,Bangladesh,BD,2015-01-01,2020-11-13,,5.67857031811611
Tupamari,BD55736494,,,,Nilphamari Sadar,BD557364,Nilphamari,BD5573,Rangpur,BD55,Bangladesh,BD,2015-01-01,2020-11-13,,20.8950343214411
Tushbhandar,BD55523995,,,,Kaliganj,BD555239,Lalmonirhat,BD5552,Rangpur,BD55,Bangladesh,BD,2015-01-01,2020-11-13,,37.8118111124901
Tushkhali,BD10795894,,,,Mathbaria,BD107958,Pirojpur,BD1079,Barisal,BD10,Bangladesh,BD,2015-01-01,2020-11-13,,21.2892536773434
Tuzarpur,BD30291094,,,,Bhanga,BD302910,Faridpur,BD3029,Dhaka,BD30,Bangladesh,BD,2015-01-01,2020-11-13,,14.5940625968041
Uarsi,BD30936694,,,,Mirzapur,BD309366,Tangail,BD3093,Dhaka,BD30,Bangladesh,BD,2015-01-01,2020-11-13,,28.2866519635259
Ubahata,BD60362695,,,,Chunarughat,BD603626,Habiganj,BD6036,Sylhet,BD60,Bangladesh,BD,2015-01-01,2020-11-13,,23.6764700913603
Uchakhila,BD45613194,,,,Ishwarganj,BD456131,Mymensingh,BD4561,Mymensingh,BD45,Bangladesh,BD,2015-01-01,2020-11-13,,25.0070353779205
Uchitpur,BD30670294,,,,Araihazar,BD306702,Narayanganj,BD3067,Dhaka,BD30,Bangladesh,BD,2015-01-01,2020-11-13,,7.06425246789051
Udakhali,BD55322171,,,,Fulchhari,BD553221,Gaibandha,BD5532,Rangpur,BD55,Bangladesh,BD,2015-01-01,2020-11-13,,20.4747864576732
Udaykati,BD10061084,,,,Banari Para,BD100610,Barisal,BD1006,Barisal,BD10,Bangladesh,BD,2015-01-01,2020-11-13,,12.2275367781506
Udaypur,BD40015695,,,,Mollahat,BD400156,Bagerhat,BD4001,Khulna,BD40,Bangladesh,BD,2015-01-01,2020-11-13,,21.4064029917342
Udaypur,BD50385885,,,,Kalai,BD503858,Joypurhat,BD5038,Rajshahi,BD50,Bangladesh,BD,2015-01-01,2020-11-13,,33.8695048525238
Udhunia,BD50889487,,,,Ullah Para,BD508894,Sirajganj,BD5088,Rajshahi,BD50,Bangladesh,BD,2015-01-01,2020-11-13,,40.8248210135611
Ujalkur,BD40017394,,,,Rampal,BD400173,Bagerhat,BD4001,Khulna,BD40,Bangladesh,BD,2015-01-01,2020-11-13,,30.7059750731479
Ujan Char,BD30822976,,,,Goalandaghat,BD308229,Rajbari,BD3082,Dhaka,BD30,Bangladesh,BD,2015-01-01,2020-11-13,,47.6507486125629
Ujangram,BD40507994,,,,Kushtia Sadar,BD405079,Kushtia,BD4050,Khulna,BD40,Bangladesh,BD,2015-01-01,2020-11-13,,18.1754974722723
Ujani,BD30355894,,,,Muksudpur,BD303558,Gopalganj,BD3035,Dhaka,BD30,Bangladesh,BD,2015-01-01,2020-11-13,,29.1145145042798
Ujantia,BD20225655,,,,Pekua,BD202256,Cox's Bazar,BD2022,Chittagong,BD20,Bangladesh,BD,2015-01-01,2020-11-13,,32.302735207063
Ujirpur,BD20193195,,,,Chauddagram,BD201931,Comilla,BD2019,Chittagong,BD20,Bangladesh,BD,2015-01-01,2020-11-13,,17.1672540599348
Ulail,BD30567871,,,,Shibalaya,BD305678,Manikganj,BD3056,Dhaka,BD30,Bangladesh,BD,2015-01-01,2020-11-13,,20.8362325824037
Ulania,BD10066294,,,,Mehendiganj,BD100662,Barisal,BD1006,Barisal,BD10,Bangladesh,BD,2015-01-01,2020-11-13,,24.6155969569782
Ulashi,BD40419094,,,,Sharsha,BD404190,Jessore,BD4041,Khulna,BD40,Bangladesh,BD,2015-01-01,2020-11-13,,34.3644052606067
Ullah Para,BD50889494,,,,Ullah Para,BD508894,Sirajganj,BD5088,Rajshahi,BD50,Bangladesh,BD,2015-01-01,2020-11-13,,13.2022799464299
Ullah Para Paurashava,BD50889499,,,,Ullah Para,BD508894,Sirajganj,BD5088,Rajshahi,BD50,Bangladesh,BD,2015-01-01,2020-11-13,,9.21540446557713
Ulpur,BD30353290,,,,Gopalganj Sadar,BD303532,Gopalganj,BD3035,Dhaka,BD30,Bangladesh,BD,2015-01-01,2020-11-13,,19.348984570735
Ulta Chari,BD20467789,,,,Panchhari,BD204677,Khagrachhari,BD2046,Chittagong,BD20,Bangladesh,BD,2015-01-01,2020-11-13,,42.3975462332676
Umedpur,BD30548794,,,,Shib Char,BD305487,Madaripur,BD3054,Dhaka,BD30,Bangladesh,BD,2015-01-01,2020-11-13,,19.5780780917892
Umedpur,BD40448094,,,,Shailkupa,BD404480,Jhenaidah,BD4044,Khulna,BD40,Bangladesh,BD,2015-01-01,2020-11-13,,30.8278812632333
Upasahar,BD40414795,,,,Kotwali,BD404147,Jessore,BD4041,Khulna,BD40,Bangladesh,BD,2015-01-01,2020-11-13,,5.38975875303449
Upper Kagabala,BD60587494,,,,Maulvi Bazar Sadar,BD605874,Maulvibazar,BD6058,Sylhet,BD60,Bangladesh,BD,2015-01-01,2020-11-13,,38.0122282616015
Urafi,BD30353294,,,,Gopalganj Sadar,BD303532,Gopalganj,BD3035,Dhaka,BD30,Bangladesh,BD,2015-01-01,2020-11-13,,11.3653193687127
Urail,BD50105466,,,,Kahaloo,BD501054,Bogra,BD5010,Rajshahi,BD50,Bangladesh,BD,2015-01-01,2020-11-13,,26.3272099431338
Uria,BD55322183,,,,Fulchhari,BD553221,Gaibandha,BD5532,Rangpur,BD55,Bangladesh,BD,2015-01-01,2020-11-13,,24.287767707915
Urirchar,BD20157896,,,,Sandwip,BD201578,Chittagong,BD2015,Chittagong,BD20,Bangladesh,BD,2015-01-01,2020-11-13,,82.41890769333399
Urkirchar,BD20157488,,,,Raozan,BD201574,Chittagong,BD2015,Chittagong,BD20,Bangladesh,BD,2015-01-01,2020-11-13,,5.2914862387899
Urpha,BD45896785,,,,Nakla,BD458967,Sherpur,BD4589,Mymensingh,BD45,Bangladesh,BD,2015-01-01,2020-11-13,,19.5541353152697
Usthi,BD45612294,,,,Gaffargaon,BD456122,Mymensingh,BD4561,Mymensingh,BD45,Bangladesh,BD,2015-01-01,2020-11-13,,19.6521067745237
Uthali,BD30567883,,,,Shibalaya,BD305678,Manikganj,BD3056,Dhaka,BD30,Bangladesh,BD,2015-01-01,2020-11-13,,23.9718112240226
Uthali,BD40185576,,,,Jiban Nagar,BD401855,Chuadanga,BD4018,Khulna,BD40,Bangladesh,BD,2015-01-01,2020-11-13,,55.6801515587129
Uthrail,BD55276494,,,,Dinajpur Sadar,BD552764,Dinajpur,BD5527,Rangpur,BD55,Bangladesh,BD,2015-01-01,2020-11-13,,34.9935929753667
Uthura,BD45611394,,,,Bhaluka,BD456113,Mymensingh,BD4561,Mymensingh,BD45,Bangladesh,BD,2015-01-01,2020-11-13,,44.4254987979176
Uttam,BD55854994,,,,Rangpur Sadar,BD558549,Rangpur,BD5585,Rangpur,BD55,Bangladesh,BD,2015-01-01,2020-11-13,,23.3137773580172
Uttar Akhaura,BD20120290,,,,Akhaura,BD201202,Brahamanbaria,BD2012,Chittagong,BD20,Bangladesh,BD,2015-01-01,2020-11-13,,7.31630680832736
Uttar Algi Durgapur,BD20134711,,,,Haim Char,BD201347,Chandpur,BD2013,Chittagong,BD20,Bangladesh,BD,2015-01-01,2020-11-13,,11.8085996240685
Uttar Badaghat,BD60909271,,,,Tahirpur,BD609092,Sunamganj,BD6090,Sylhet,BD60,Bangladesh,BD,2015-01-01,2020-11-13,,38.6340591448264
Uttar Badal,BD60909282,,,,Tahirpur,BD609092,Sunamganj,BD6090,Sylhet,BD60,Bangladesh,BD,2015-01-01,2020-11-13,,33.7484549657868
Uttar Bade Pasha,BD60913877,,,,Golabganj,BD609138,Sylhet,BD6091,Sylhet,BD60,Bangladesh,BD,2015-01-01,2020-11-13,,22.3113151049249
Uttar Bakharnagar,BD30686494,,,,Roypura,BD306864,Narsingdi,BD3068,Dhaka,BD30,Bangladesh,BD,2015-01-01,2020-11-13,,7.65224129251352
Uttar Banchharampur,BD20120494,,,,Banchharampur,BD201204,Brahamanbaria,BD2012,Chittagong,BD20,Bangladesh,BD,2015-01-01,2020-11-13,,13.9873151536714
Uttar Bangshikunda,BD60903290,,,,Dharampasha,BD609032,Sunamganj,BD6090,Sylhet,BD60,Bangladesh,BD,2015-01-01,2020-11-13,,36.2803352986065
Uttar Bedkashi,BD40475394,,,,Koyra,BD404753,Khulna,BD4047,Khulna,BD40,Bangladesh,BD,2015-01-01,2020-11-13,,23.8100613473897
Uttar Channel,BD30294787,,,,Faridpur Sadar,BD302947,Faridpur,BD3029,Dhaka,BD30,Bangladesh,BD,2015-01-01,2020-11-13,,67.3508595565566
Uttar Dakshinbhag,BD60581480,,,,Barlekha,BD605814,Maulvibazar,BD6058,Sylhet,BD60,Bangladesh,BD,2015-01-01,2020-11-13,,40.6849044745803
Uttar Daudkandi,BD20193621,,,,Daudkandi,BD201936,Comilla,BD2019,Chittagong,BD20,Bangladesh,BD,2015-01-01,2020-11-13,,21.5390208235704
Uttar Dhamti,BD20194035,,,,Debidwar,BD201940,Comilla,BD2019,Chittagong,BD20,Bangladesh,BD,2015-01-01,2020-11-13,,14.6557481004732
Uttar Dhurung,BD20224581,,,,Kutubdia,BD202245,Cox's Bazar,BD2022,Chittagong,BD20,Bangladesh,BD,2015-01-01,2020-11-13,,14.3096069824665
Uttar Dighaldi,BD10091865,,,,Bhola Sadar,BD100918,Bhola,BD1009,Barisal,BD10,Bangladesh,BD,2015-01-01,2020-11-13,,18.2096526860204
Uttar Durgapur,BD20196794,,,,Comilla Adarsha Sadar,BD201967,Comilla,BD2019,Chittagong,BD20,Bangladesh,BD,2015-01-01,2020-11-13,,11.0000849630356
Uttar Elliotganj,BD20193630,,,,Daudkandi,BD201936,Comilla,BD2019,Chittagong,BD20,Bangladesh,BD,2015-01-01,2020-11-13,,13.6798920408953
Uttar Gandharabpur,BD20134925,,,,Hajiganj,BD201349,Chandpur,BD2013,Chittagong,BD20,Bangladesh,BD,2015-01-01,2020-11-13,,16.3659726465767
Uttar Gobindapur,BD20134541,,,,Faridganj,BD201345,Chandpur,BD2013,Chittagong,BD20,Bangladesh,BD,2015-01-01,2020-11-13,,13.6330243833563
Uttar Gohat,BD20135823,,,,Kachua,BD201358,Chandpur,BD2013,Chittagong,BD20,Bangladesh,BD,2015-01-01,2020-11-13,,14.4951234123947
Uttar Gunaighar,BD20194053,,,,Debidwar,BD201940,Comilla,BD2019,Chittagong,BD20,Bangladesh,BD,2015-01-01,2020-11-13,,12.7707429644025
Uttar Hamchadi,BD20514375,,,,Lakshmipur Sadar,BD205143,Lakshmipur,BD2051,Chittagong,BD20,Bangladesh,BD,2015-01-01,2020-11-13,,23.3982704974586
Uttar Hawla,BD20197494,,,,Manoharganj,BD201974,Comilla,BD2019,Chittagong,BD20,Bangladesh,BD,2015-01-01,2020-11-13,,17.19995787181
Uttar Ichhapur,BD20120791,,,,Bijoynagar,BD201207,Brahamanbaria,BD2012,Chittagong,BD20,Bangladesh,BD,2015-01-01,2020-11-13,,13.4898150683436
Uttar Jhalam,BD20197442,,,,Manoharganj,BD201974,Comilla,BD2019,Chittagong,BD20,Bangladesh,BD,2015-01-01,2020-11-13,,13.0457492346482
Uttar Joynagar,BD10092976,,,,Daulatkhan,BD100929,Bhola,BD1009,Barisal,BD10,Bangladesh,BD,2015-01-01,2020-11-13,,20.2693562563039
Uttar Joypur,BD20514395,,,,Lakshmipur Sadar,BD205143,Lakshmipur,BD2051,Chittagong,BD20,Bangladesh,BD,2015-01-01,2020-11-13,,14.2473925760843
Uttar Kachua,BD20135839,,,,Kachua,BD201358,Chandpur,BD2013,Chittagong,BD20,Bangladesh,BD,2015-01-01,2020-11-13,,19.190199592834
Uttar Kalocho,BD20134950,,,,Hajiganj,BD201349,Chandpur,BD2013,Chittagong,BD20,Bangladesh,BD,2015-01-01,2020-11-13,,15.3570303364291
Uttar Khan,BD30269676,,,,Uttar Khan,BD302696,Dhaka,BD3026,Dhaka,BD30,Bangladesh,BD,2015-01-01,2020-11-13,,20.253603245679
Uttar Khosbas,BD20190963,,,,Barura,BD201909,Comilla,BD2019,Chittagong,BD20,Bangladesh,BD,2015-01-01,2020-11-13,,12.0531602763917
Uttar Khurma,BD60902394,,,,Chhatak,BD609023,Sunamganj,BD6090,Sylhet,BD60,Bangladesh,BD,2015-01-01,2020-11-13,,24.9158622287252
Uttar Madarsa,BD20153795,,,,Hathazari,BD201537,Chittagong,BD2015,Chittagong,BD20,Bangladesh,BD,2015-01-01,2020-11-13,,12.5006377787676
Uttar Meher,BD20139560,,,,Shahrasti,BD201395,Chandpur,BD2013,Chittagong,BD20,Bangladesh,BD,2015-01-01,2020-11-13,,8.62422901939492
Uttar Natai,BD20121393,,,,Brahmanbaria Sadar,BD201213,Brahamanbaria,BD2012,Chittagong,BD20,Bangladesh,BD,2015-01-01,2020-11-13,,10.3189590740867
Uttar Nayergaon,BD20137656,,,,Matlab Dakshin,BD201376,Chandpur,BD2013,Chittagong,BD20,Bangladesh,BD,2015-01-01,2020-11-13,,12.5875703353319
Uttar Paikpara,BD20134565,,,,Faridganj,BD201345,Chandpur,BD2013,Chittagong,BD20,Bangladesh,BD,2015-01-01,2020-11-13,,16.2850402961034
Uttar Panisar,BD20129494,,,,Sarail,BD201294,Brahamanbaria,BD2012,Chittagong,BD20,Bangladesh,BD,2015-01-01,2020-11-13,,16.1194326465627
Uttar Paschim Baniyachang,BD60361112,,,,Baniachong,BD603611,Habiganj,BD6036,Sylhet,BD60,Bangladesh,BD,2015-01-01,2020-11-13,,21.1167222212218
Uttar Payalgachha,BD20190975,,,,Barura,BD201909,Comilla,BD2019,Chittagong,BD20,Bangladesh,BD,2015-01-01,2020-11-13,,16.8149972990509
Uttar Purba Baniachang,BD60361111,,,,Baniachong,BD603611,Habiganj,BD6036,Sylhet,BD60,Bangladesh,BD,2015-01-01,2020-11-13,,26.253953365776
Uttar Rajargaon,BD20134970,,,,Hajiganj,BD201349,Chandpur,BD2013,Chittagong,BD20,Bangladesh,BD,2015-01-01,2020-11-13,,19.3622416512914
Uttar Ramchandrapur,BD20198185,,,,Muradnagar,BD201981,Comilla,BD2019,Chittagong,BD20,Bangladesh,BD,2015-01-01,2020-11-13,,11.052562730364
Uttar Roysree,BD20139580,,,,Shahrasti,BD201395,Chandpur,BD2013,Chittagong,BD20,Bangladesh,BD,2015-01-01,2020-11-13,,12.0284866059599
Uttar Rupsa,BD20134577,,,,Faridganj,BD201345,Chandpur,BD2013,Chittagong,BD20,Bangladesh,BD,2015-01-01,2020-11-13,,16.5935513692722
Uttar Sakuchia,BD10096571,,,,Manpura,BD100965,Bhola,BD1009,Barisal,BD10,Bangladesh,BD,2015-01-01,2020-11-13,,18.7528455263932
Uttar Shahabajpur,BD60581485,,,,Barlekha,BD605814,Maulvibazar,BD6058,Sylhet,BD60,Bangladesh,BD,2015-01-01,2020-11-13,,37.6898297868423
Uttar Shilmuri,BD20190988,,,,Barura,BD201909,Comilla,BD2019,Chittagong,BD20,Bangladesh,BD,2015-01-01,2020-11-13,,12.1934013248752
Uttar Sreepur,BD60909292,,,,Tahirpur,BD609092,Sunamganj,BD6090,Sylhet,BD60,Bangladesh,BD,2015-01-01,2020-11-13,,72.6177533793899
Uttar Suchi Para,BD20139585,,,,Shahrasti,BD201395,Chandpur,BD2013,Chittagong,BD20,Bangladesh,BD,2015-01-01,2020-11-13,,18.1504727778074
Uttar Sukhair Rajapur,BD60903285,,,,Dharampasha,BD609032,Sunamganj,BD6090,Sylhet,BD60,Bangladesh,BD,2015-01-01,2020-11-13,,36.781932275969
Uttar Upadi,BD20137660,,,,Matlab Dakshin,BD201376,Chandpur,BD2013,Chittagong,BD20,Bangladesh,BD,2015-01-01,2020-11-13,,16.5227643138606
Uttarbhag,BD60588084,,,,Rajnagar,BD605880,Maulvibazar,BD6058,Sylhet,BD60,Bangladesh,BD,2015-01-01,2020-11-13,,49.0432491607584
Uttardah,BD20197287,,,,Laksam,BD201972,Comilla,BD2019,Chittagong,BD20,Bangladesh,BD,2015-01-01,2020-11-13,,14.8110579923654
Uttargram,BD50645095,,,,Mahadebpur,BD506450,Naogaon,BD5064,Rajshahi,BD50,Bangladesh,BD,2015-01-01,2020-11-13,,29.1949181628511
Uzirpur,BD50708895,,,,Shibganj,BD507088,Nawabganj,BD5070,Rajshahi,BD50,Bangladesh,BD,2015-01-01,2020-11-13,,18.2243542073582
Vimkhali,BD60905027,,,,Jamalganj,BD609050,Sunamganj,BD6090,Sylhet,BD60,Bangladesh,BD,2015-01-01,2020-11-13,,40.0765636490624
Wagga,BD20843686,,,,Kaptai,BD208436,Rangamati,BD2084,Chittagong,BD20,Bangladesh,BD,2015-01-01,2020-11-13,,16.3483280001911
Wahedpur,BD20155389,,,,Mirsharai,BD201553,Chittagong,BD2015,Chittagong,BD20,Bangladesh,BD,2015-01-01,2020-11-13,,18.9651019312331
Walia,BD50694495,,,,Lalpur,BD506944,Natore,BD5069,Rajshahi,BD50,Bangladesh,BD,2015-01-01,2020-11-13,,28.0308384227084
Ward No-01,BD10065101,,,,Barisal Sadar (Kotwali),BD100651,Barisal,BD1006,Barisal,BD10,Bangladesh,BD,2015-01-01,2020-11-13,,1.76701147289392
Ward No-01,BD20150601,,,,Bayejid Bostami,BD201506,Chittagong,BD2015,Chittagong,BD20,Bangladesh,BD,2015-01-01,2020-11-13,,23.150298081403
Ward No-01,BD30260601,,,,Biman Bandar,BD302606,Dhaka,BD3026,Dhaka,BD30,Bangladesh,BD,2015-01-01,2020-11-13,,0.145652299952265
Ward No-01,BD30269501,,,,Uttara,BD302695,Dhaka,BD3026,Dhaka,BD30,Bangladesh,BD,2015-01-01,2020-11-13,,7.00288997546261
Ward No-01,BD40472101,,,,Daulatpur,BD404721,Khulna,BD4047,Khulna,BD40,Bangladesh,BD,2015-01-01,2020-11-13,,1.94623001149145
Ward No-01,BD50818501,,,,Rajpara,BD508185,Rajshahi,BD5081,Rajshahi,BD50,Bangladesh,BD,2015-01-01,2020-11-13,,6.730392505845351
Ward No-01,BD60916201,,,,Sylhet Sadar,BD609162,Sylhet,BD6091,Sylhet,BD60,Bangladesh,BD,2015-01-01,2020-11-13,,0.517856204108013
Ward No-02,BD10065102,,,,Barisal Sadar (Kotwali),BD100651,Barisal,BD1006,Barisal,BD10,Bangladesh,BD,2015-01-01,2020-11-13,,0.574763797370226
Ward No-02,BD20150602,,,,Bayejid Bostami,BD201506,Chittagong,BD2015,Chittagong,BD20,Bangladesh,BD,2015-01-01,2020-11-13,,14.4239939613027
Ward No-02,BD30266402,,,,Pallabi,BD302664,Dhaka,BD3026,Dhaka,BD30,Bangladesh,BD,2015-01-01,2020-11-13,,2.51100615621327
Ward No-02,BD60916202,,,,Sylhet Sadar,BD609162,Sylhet,BD6091,Sylhet,BD60,Bangladesh,BD,2015-01-01,2020-11-13,,0.285398403693405
Ward No-02 (part),BD40472102,,,,Daulatpur,BD404721,Khulna,BD4047,Khulna,BD40,Bangladesh,BD,2015-01-01,2020-11-13,,0.792273059644987
Ward No-02 (part),BD40474802,,,,Khan Jahan Ali,BD404748,Khulna,BD4047,Khulna,BD40,Bangladesh,BD,2015-01-01,2020-11-13,,1.43783447021488
Ward No-03,BD10065103,,,,Barisal Sadar (Kotwali),BD100651,Barisal,BD1006,Barisal,BD10,Bangladesh,BD,2015-01-01,2020-11-13,,1.93917385855333
Ward No-03,BD20150603,,,,Bayejid Bostami,BD201506,Chittagong,BD2015,Chittagong,BD20,Bangladesh,BD,2015-01-01,2020-11-13,,5.58361394002972
Ward No-03,BD30266403,,,,Pallabi,BD302664,Dhaka,BD3026,Dhaka,BD30,Bangladesh,BD,2015-01-01,2020-11-13,,0.982344463337891
Ward No-03,BD40472103,,,,Daulatpur,BD404721,Khulna,BD4047,Khulna,BD40,Bangladesh,BD,2015-01-01,2020-11-13,,3.91643251431428
Ward No-03,BD50818503,,,,Rajpara,BD508185,Rajshahi,BD5081,Rajshahi,BD50,Bangladesh,BD,2015-01-01,2020-11-13,,1.02660838892667
Ward No-03,BD60916203,,,,Sylhet Sadar,BD609162,Sylhet,BD6091,Sylhet,BD60,Bangladesh,BD,2015-01-01,2020-11-13,,0.833750976512383
Ward No-04,BD10065104,,,,Barisal Sadar (Kotwali),BD100651,Barisal,BD1006,Barisal,BD10,Bangladesh,BD,2015-01-01,2020-11-13,,1.87415078723371
Ward No-04,BD20151904,,,,Chandgaon,BD201519,Chittagong,BD2015,Chittagong,BD20,Bangladesh,BD,2015-01-01,2020-11-13,,9.71098554913472
Ward No-04,BD30263004,,,,Kafrul,BD302630,Dhaka,BD3026,Dhaka,BD30,Bangladesh,BD,2015-01-01,2020-11-13,,1.55552513753855
Ward No-04,BD40472104,,,,Daulatpur,BD404721,Khulna,BD4047,Khulna,BD40,Bangladesh,BD,2015-01-01,2020-11-13,,2.01614812629504
Ward No-04,BD60916204,,,,Sylhet Sadar,BD609162,Sylhet,BD6091,Sylhet,BD60,Bangladesh,BD,2015-01-01,2020-11-13,,0.461249173576303
Ward No-05,BD10065105,,,,Barisal Sadar (Kotwali),BD100651,Barisal,BD1006,Barisal,BD10,Bangladesh,BD,2015-01-01,2020-11-13,,0.580860841931225
Ward No-05,BD20151905,,,,Chandgaon,BD201519,Chittagong,BD2015,Chittagong,BD20,Bangladesh,BD,2015-01-01,2020-11-13,,7.90681126225323
Ward No-05,BD30266405,,,,Pallabi,BD302664,Dhaka,BD3026,Dhaka,BD30,Bangladesh,BD,2015-01-01,2020-11-13,,1.37275156135835
Ward No-05,BD40472105,,,,Daulatpur,BD404721,Khulna,BD4047,Khulna,BD40,Bangladesh,BD,2015-01-01,2020-11-13,,0.77742633761946
Ward No-05,BD50818505,,,,Rajpara,BD508185,Rajshahi,BD5081,Rajshahi,BD50,Bangladesh,BD,2015-01-01,2020-11-13,,0.77642850503173
Ward No-05,BD60916205,,,,Sylhet Sadar,BD609162,Sylhet,BD6091,Sylhet,BD60,Bangladesh,BD,2015-01-01,2020-11-13,,0.7763153308345421
Ward No-06,BD10065106,,,,Barisal Sadar (Kotwali),BD100651,Barisal,BD1006,Barisal,BD10,Bangladesh,BD,2015-01-01,2020-11-13,,0.600227950066037
Ward No-06,BD20151906,,,,Chandgaon,BD201519,Chittagong,BD2015,Chittagong,BD20,Bangladesh,BD,2015-01-01,2020-11-13,,2.40193291968338
Ward No-06,BD30266406,,,,Pallabi,BD302664,Dhaka,BD3026,Dhaka,BD30,Bangladesh,BD,2015-01-01,2020-11-13,,4.47378538363392
Ward No-06,BD40472106,,,,Daulatpur,BD404721,Khulna,BD4047,Khulna,BD40,Bangladesh,BD,2015-01-01,2020-11-13,,2.18603036535359
Ward No-06,BD50818506,,,,Rajpara,BD508185,Rajshahi,BD5081,Rajshahi,BD50,Bangladesh,BD,2015-01-01,2020-11-13,,0.6582566042884079
Ward No-06,BD60916206,,,,Sylhet Sadar,BD609162,Sylhet,BD6091,Sylhet,BD60,Bangladesh,BD,2015-01-01,2020-11-13,,0.282707558282005
Ward No-07,BD10065107,,,,Barisal Sadar (Kotwali),BD100651,Barisal,BD1006,Barisal,BD10,Bangladesh,BD,2015-01-01,2020-11-13,,0.795659531645016
Ward No-07,BD20155707,,,,Panchlaish,BD201557,Chittagong,BD2015,Chittagong,BD20,Bangladesh,BD,2015-01-01,2020-11-13,,3.1525060118803
Ward No-07,BD40474507,,,,Khalishpur,BD404745,Khulna,BD4047,Khulna,BD40,Bangladesh,BD,2015-01-01,2020-11-13,,0.5125336463312731
Ward No-07,BD50818507,,,,Rajpara,BD508185,Rajshahi,BD5081,Rajshahi,BD50,Bangladesh,BD,2015-01-01,2020-11-13,,1.85796154601034
Ward No-07,BD60916207,,,,Sylhet Sadar,BD609162,Sylhet,BD6091,Sylhet,BD60,Bangladesh,BD,2015-01-01,2020-11-13,,1.20999272095449
Ward No-07 (Part),BD30264807,,,,Mirpur,BD302648,Dhaka,BD3026,Dhaka,BD30,Bangladesh,BD,2015-01-01,2020-11-13,,0.9767544123781671
Ward No-08,BD10065108,,,,Barisal Sadar (Kotwali),BD100651,Barisal,BD1006,Barisal,BD10,Bangladesh,BD,2015-01-01,2020-11-13,,0.220028992074202
Ward No-08,BD30267408,,,,Shah Ali,BD302674,Dhaka,BD3026,Dhaka,BD30,Bangladesh,BD,2015-01-01,2020-11-13,,3.77684264596859
Ward No-08,BD40474508,,,,Khalishpur,BD404745,Khulna,BD4047,Khulna,BD40,Bangladesh,BD,2015-01-01,2020-11-13,,1.1027091509964
Ward No-08,BD50812208,,,,Boalia,BD508122,Rajshahi,BD5081,Rajshahi,BD50,Bangladesh,BD,2015-01-01,2020-11-13,,0.5363392847352649
Ward No-08,BD60916208,,,,Sylhet Sadar,BD609162,Sylhet,BD6091,Sylhet,BD60,Bangladesh,BD,2015-01-01,2020-11-13,,1.59019474987664
Ward No-08 (part),BD20154308,,,,Khulshi,BD201543,Chittagong,BD2015,Chittagong,BD20,Bangladesh,BD,2015-01-01,2020-11-13,,2.46179598127234
Ward No-08 (part),BD20155708,,,,Panchlaish,BD201557,Chittagong,BD2015,Chittagong,BD20,Bangladesh,BD,2015-01-01,2020-11-13,,2.8496753364226
Ward No-09,BD10065109,,,,Barisal Sadar (Kotwali),BD100651,Barisal,BD1006,Barisal,BD10,Bangladesh,BD,2015-01-01,2020-11-13,,0.389169140653343
Ward No-09,BD30261109,,,,Darus Salam,BD302611,Dhaka,BD3026,Dhaka,BD30,Bangladesh,BD,2015-01-01,2020-11-13,,2.04116554467295
Ward No-09,BD40474509,,,,Khalishpur,BD404745,Khulna,BD4047,Khulna,BD40,Bangladesh,BD,2015-01-01,2020-11-13,,3.57361721821868
Ward No-09,BD50812209,,,,Boalia,BD508122,Rajshahi,BD5081,Rajshahi,BD50,Bangladesh,BD,2015-01-01,2020-11-13,,0.476066067154806
Ward No-09,BD60916209,,,,Sylhet Sadar,BD609162,Sylhet,BD6091,Sylhet,BD60,Bangladesh,BD,2015-01-01,2020-11-13,,1.50263554852029
Ward No-09 (Part),BD20154309,,,,Khulshi,BD201543,Chittagong,BD2015,Chittagong,BD20,Bangladesh,BD,2015-01-01,2020-11-13,,6.00945555985661
Ward No-09 (Part),BD20155509,,,,Pahartali,BD201555,Chittagong,BD2015,Chittagong,BD20,Bangladesh,BD,2015-01-01,2020-11-13,,0.479584455888951
Ward No-10,BD10065110,,,,Barisal Sadar (Kotwali),BD100651,Barisal,BD1006,Barisal,BD10,Bangladesh,BD,2015-01-01,2020-11-13,,0.824631005421984
Ward No-10,BD20155510,,,,Pahartali,BD201555,Chittagong,BD2015,Chittagong,BD20,Bangladesh,BD,2015-01-01,2020-11-13,,5.5815325102207
Ward No-10,BD30261110,,,,Darus Salam,BD302611,Dhaka,BD3026,Dhaka,BD30,Bangladesh,BD,2015-01-01,2020-11-13,,1.84108001524624
Ward No-10,BD40474510,,,,Khalishpur,BD404745,Khulna,BD4047,Khulna,BD40,Bangladesh,BD,2015-01-01,2020-11-13,,0.813264445897155
Ward No-10,BD60916210,,,,Sylhet Sadar,BD609162,Sylhet,BD6091,Sylhet,BD60,Bangladesh,BD,2015-01-01,2020-11-13,,1.92643761149545
Ward No-10 (part),BD50812210,,,,Boalia,BD508122,Rajshahi,BD5081,Rajshahi,BD50,Bangladesh,BD,2015-01-01,2020-11-13,,0.222818333891763
Ward No-10 (part),BD50818510,,,,Rajpara,BD508185,Rajshahi,BD5081,Rajshahi,BD50,Bangladesh,BD,2015-01-01,2020-11-13,,0.498796264317801
Ward No-11,BD10065111,,,,Barisal Sadar (Kotwali),BD100651,Barisal,BD1006,Barisal,BD10,Bangladesh,BD,2015-01-01,2020-11-13,,0.764693686995234
Ward No-11,BD30264811,,,,Mirpur,BD302648,Dhaka,BD3026,Dhaka,BD30,Bangladesh,BD,2015-01-01,2020-11-13,,1.01692893665357
Ward No-11,BD40474511,,,,Khalishpur,BD404745,Khulna,BD4047,Khulna,BD40,Bangladesh,BD,2015-01-01,2020-11-13,,0.373589354244653
Ward No-11,BD50812211,,,,Boalia,BD508122,Rajshahi,BD5081,Rajshahi,BD50,Bangladesh,BD,2015-01-01,2020-11-13,,0.271865553887281
Ward No-11,BD60916211,,,,Sylhet Sadar,BD609162,Sylhet,BD6091,Sylhet,BD60,Bangladesh,BD,2015-01-01,2020-11-13,,0.6579961150106249
Ward No-11 (Part),BD20153511,,,,Halishahar,BD201535,Chittagong,BD2015,Chittagong,BD20,Bangladesh,BD,2015-01-01,2020-11-13,,1.98846933874734
Ward No-11 (Part),BD20155511,,,,Pahartali,BD201555,Chittagong,BD2015,Chittagong,BD20,Bangladesh,BD,2015-01-01,2020-11-13,,1.81538287212902
Ward No-12,BD10065112,,,,Barisal Sadar (Kotwali),BD100651,Barisal,BD1006,Barisal,BD10,Bangladesh,BD,2015-01-01,2020-11-13,,1.33170407580086
Ward No-12,BD30264812,,,,Mirpur,BD302648,Dhaka,BD3026,Dhaka,BD30,Bangladesh,BD,2015-01-01,2020-11-13,,1.61006399412905
Ward No-12,BD40474512,,,,Khalishpur,BD404745,Khulna,BD4047,Khulna,BD40,Bangladesh,BD,2015-01-01,2020-11-13,,0.667249777445135
Ward No-12,BD50812212,,,,Boalia,BD508122,Rajshahi,BD5081,Rajshahi,BD50,Bangladesh,BD,2015-01-01,2020-11-13,,0.446943188857535
Ward No-12,BD60916212,,,,Sylhet Sadar,BD609162,Sylhet,BD6091,Sylhet,BD60,Bangladesh,BD,2015-01-01,2020-11-13,,0.5287176950827011
Ward No-12 (Part),BD20152812,,,,Double Mooring,BD201528,Chittagong,BD2015,Chittagong,BD20,Bangladesh,BD,2015-01-01,2020-11-13,,0.779903990602417
Ward No-12 (Part),BD20155512,,,,Pahartali,BD201555,Chittagong,BD2015,Chittagong,BD20,Bangladesh,BD,2015-01-01,2020-11-13,,1.61506621209848
Ward No-13,BD10065113,,,,Barisal Sadar (Kotwali),BD100651,Barisal,BD1006,Barisal,BD10,Bangladesh,BD,2015-01-01,2020-11-13,,0.5305116267159761
Ward No-13,BD20154313,,,,Khulshi,BD201543,Chittagong,BD2015,Chittagong,BD20,Bangladesh,BD,2015-01-01,2020-11-13,,3.25307214634716
Ward No-13,BD30264813,,,,Mirpur,BD302648,Dhaka,BD3026,Dhaka,BD30,Bangladesh,BD,2015-01-01,2020-11-13,,2.07426317498099
Ward No-13,BD40474513,,,,Khalishpur,BD404745,Khulna,BD4047,Khulna,BD40,Bangladesh,BD,2015-01-01,2020-11-13,,1.18157282545065
Ward No-13,BD50812213,,,,Boalia,BD508122,Rajshahi,BD5081,Rajshahi,BD50,Bangladesh,BD,2015-01-01,2020-11-13,,0.469124012133174
Ward No-13,BD60916213,,,,Sylhet Sadar,BD609162,Sylhet,BD6091,Sylhet,BD60,Bangladesh,BD,2015-01-01,2020-11-13,,0.489815090196513
Ward No-14,BD10065114,,,,Barisal Sadar (Kotwali),BD100651,Barisal,BD1006,Barisal,BD10,Bangladesh,BD,2015-01-01,2020-11-13,,0.43928087835221
Ward No-14,BD20154314,,,,Khulshi,BD201543,Chittagong,BD2015,Chittagong,BD20,Bangladesh,BD,2015-01-01,2020-11-13,,1.23742704424525
Ward No-14,BD40474514,,,,Khalishpur,BD404745,Khulna,BD4047,Khulna,BD40,Bangladesh,BD,2015-01-01,2020-11-13,,2.69862376605217
Ward No-14,BD50812214,,,,Boalia,BD508122,Rajshahi,BD5081,Rajshahi,BD50,Bangladesh,BD,2015-01-01,2020-11-13,,2.37803853176708
Ward No-14,BD60916214,,,,Sylhet Sadar,BD609162,Sylhet,BD6091,Sylhet,BD60,Bangladesh,BD,2015-01-01,2020-11-13,,0.725155417638256
Ward No-14 (part),BD30263014,,,,Kafrul,BD302630,Dhaka,BD3026,Dhaka,BD30,Bangladesh,BD,2015-01-01,2020-11-13,,1.09471405513902
Ward No-14 (part),BD30264814,,,,Mirpur,BD302648,Dhaka,BD3026,Dhaka,BD30,Bangladesh,BD,2015-01-01,2020-11-13,,0.776906277015188
Ward No-15,BD10065115,,,,Barisal Sadar (Kotwali),BD100651,Barisal,BD1006,Barisal,BD10,Bangladesh,BD,2015-01-01,2020-11-13,,0.567711381348099
Ward No-15,BD40474515,,,,Khalishpur,BD404745,Khulna,BD4047,Khulna,BD40,Bangladesh,BD,2015-01-01,2020-11-13,,1.5878979111534
Ward No-15,BD50812215,,,,Boalia,BD508122,Rajshahi,BD5081,Rajshahi,BD50,Bangladesh,BD,2015-01-01,2020-11-13,,0.75365267675091
Ward No-15,BD60916215,,,,Sylhet Sadar,BD609162,Sylhet,BD6091,Sylhet,BD60,Bangladesh,BD,2015-01-01,2020-11-13,,0.619176850784821
Ward No-15 (part),BD30260815,,,,Cantonment,BD302608,Dhaka,BD3026,Dhaka,BD30,Bangladesh,BD,2015-01-01,2020-11-13,,3.29549743242189
Ward No-15 (part),BD30263015,,,,Kafrul,BD302630,Dhaka,BD3026,Dhaka,BD30,Bangladesh,BD,2015-01-01,2020-11-13,,2.77861770992594
Ward No-15 (part),BD30266415,,,,Pallabi,BD302664,Dhaka,BD3026,Dhaka,BD30,Bangladesh,BD,2015-01-01,2020-11-13,,1.47479458362552
Ward No-15 (Part),BD20154115,,,,Kotwali,BD201541,Chittagong,BD2015,Chittagong,BD20,Bangladesh,BD,2015-01-01,2020-11-13,,1.68834880663138
Ward No-15 (Part),BD20155715,,,,Panchlaish,BD201557,Chittagong,BD2015,Chittagong,BD20,Bangladesh,BD,2015-01-01,2020-11-13,,0.377190248005111
Ward No-16,BD10065116,,,,Barisal Sadar (Kotwali),BD100651,Barisal,BD1006,Barisal,BD10,Bangladesh,BD,2015-01-01,2020-11-13,,0.353422666917069
Ward No-16,BD20154116,,,,Kotwali,BD201541,Chittagong,BD2015,Chittagong,BD20,Bangladesh,BD,2015-01-01,2020-11-13,,2.03391706504781
Ward No-16,BD30263016,,,,Kafrul,BD302630,Dhaka,BD3026,Dhaka,BD30,Bangladesh,BD,2015-01-01,2020-11-13,,3.87139075409981
Ward No-16,BD40478516,,,,Sonadanga,BD404785,Khulna,BD4047,Khulna,BD40,Bangladesh,BD,2015-01-01,2020-11-13,,2.33750975696406
Ward No-16,BD50812216,,,,Boalia,BD508122,Rajshahi,BD5081,Rajshahi,BD50,Bangladesh,BD,2015-01-01,2020-11-13,,1.59992173534708
Ward No-16,BD60916216,,,,Sylhet Sadar,BD609162,Sylhet,BD6091,Sylhet,BD60,Bangladesh,BD,2015-01-01,2020-11-13,,0.446970999940525
Ward No-17,BD10065117,,,,Barisal Sadar (Kotwali),BD100651,Barisal,BD1006,Barisal,BD10,Bangladesh,BD,2015-01-01,2020-11-13,,0.275591655615502
Ward No-17,BD20151017,,,,Bakalia,BD201510,Chittagong,BD2015,Chittagong,BD20,Bangladesh,BD,2015-01-01,2020-11-13,,1.85391275885464
Ward No-17,BD40478517,,,,Sonadanga,BD404785,Khulna,BD4047,Khulna,BD40,Bangladesh,BD,2015-01-01,2020-11-13,,2.30818399655476
Ward No-17,BD50819017,,,,Shah Makhdum,BD508190,Rajshahi,BD5081,Rajshahi,BD50,Bangladesh,BD,2015-01-01,2020-11-13,,6.578132870131171
Ward No-17,BD60916217,,,,Sylhet Sadar,BD609162,Sylhet,BD6091,Sylhet,BD60,Bangladesh,BD,2015-01-01,2020-11-13,,0.880868922213777
Ward No-17 (Part),BD30260417,,,,Badda,BD302604,Dhaka,BD3026,Dhaka,BD30,Bangladesh,BD,2015-01-01,2020-11-13,,3.22504563447483
Ward No-17 (Part),BD30263717,,,,Khilkhet,BD302637,Dhaka,BD3026,Dhaka,BD30,Bangladesh,BD,2015-01-01,2020-11-13,,4.3133057062253
Ward No-18,BD10065118,,,,Barisal Sadar (Kotwali),BD100651,Barisal,BD1006,Barisal,BD10,Bangladesh,BD,2015-01-01,2020-11-13,,0.38963803042816
Ward No-18,BD20151018,,,,Bakalia,BD201510,Chittagong,BD2015,Chittagong,BD20,Bangladesh,BD,2015-01-01,2020-11-13,,4.01651457259536
Ward No-18,BD30262618,,,,Gulshan,BD302626,Dhaka,BD3026,Dhaka,BD30,Bangladesh,BD,2015-01-01,2020-11-13,,1.41529352054412
Ward No-18,BD40478518,,,,Sonadanga,BD404785,Khulna,BD4047,Khulna,BD40,Bangladesh,BD,2015-01-01,2020-11-13,,1.69704582023384
Ward No-18,BD60916218,,,,Sylhet Sadar,BD609162,Sylhet,BD6091,Sylhet,BD60,Bangladesh,BD,2015-01-01,2020-11-13,,0.752719893382506
Ward No-18 (part),BD50812218,,,,Boalia,BD508122,Rajshahi,BD5081,Rajshahi,BD50,Bangladesh,BD,2015-01-01,2020-11-13,,0.115050319348692
Ward No-18 (part),BD50819018,,,,Shah Makhdum,BD508190,Rajshahi,BD5081,Rajshahi,BD50,Bangladesh,BD,2015-01-01,2020-11-13,,1.26230478205503
Ward No-19,BD10065119,,,,Barisal Sadar (Kotwali),BD100651,Barisal,BD1006,Barisal,BD10,Bangladesh,BD,2015-01-01,2020-11-13,,0.540316148039534
Ward No-19,BD20151019,,,,Bakalia,BD201510,Chittagong,BD2015,Chittagong,BD20,Bangladesh,BD,2015-01-01,2020-11-13,,0.7904543158320599
Ward No-19,BD30262619,,,,Gulshan,BD302626,Dhaka,BD3026,Dhaka,BD30,Bangladesh,BD,2015-01-01,2020-11-13,,5.41183337732995
Ward No-19,BD40478519,,,,Sonadanga,BD404785,Khulna,BD4047,Khulna,BD40,Bangladesh,BD,2015-01-01,2020-11-13,,0.505587332070189
Ward No-19,BD50812219,,,,Boalia,BD508122,Rajshahi,BD5081,Rajshahi,BD50,Bangladesh,BD,2015-01-01,2020-11-13,,2.18889887145486
Ward No-19,BD60916219,,,,Sylhet Sadar,BD609162,Sylhet,BD6091,Sylhet,BD60,Bangladesh,BD,2015-01-01,2020-11-13,,0.746198809096559
Ward No-20,BD10065120,,,,Barisal Sadar (Kotwali),BD100651,Barisal,BD1006,Barisal,BD10,Bangladesh,BD,2015-01-01,2020-11-13,,0.7838069460309209
Ward No-20,BD20154120,,,,Kotwali,BD201541,Chittagong,BD2015,Chittagong,BD20,Bangladesh,BD,2015-01-01,2020-11-13,,0.434816882546412
Ward No-20,BD40478520,,,,Sonadanga,BD404785,Khulna,BD4047,Khulna,BD40,Bangladesh,BD,2015-01-01,2020-11-13,,0.483841096588775
Ward No-20,BD50812220,,,,Boalia,BD508122,Rajshahi,BD5081,Rajshahi,BD50,Bangladesh,BD,2015-01-01,2020-11-13,,0.40708704311862
Ward No-20,BD60916220,,,,Sylhet Sadar,BD609162,Sylhet,BD6091,Sylhet,BD60,Bangladesh,BD,2015-01-01,2020-11-13,,0.8528630026940031
Ward No-20 (Part),BD30262620,,,,Gulshan,BD302626,Dhaka,BD3026,Dhaka,BD30,Bangladesh,BD,2015-01-01,2020-11-13,,1.87694662091996
Ward No-20 (Part),BD30269220,,,,Tejgaon Ind. Area,BD302692,Dhaka,BD3026,Dhaka,BD30,Bangladesh,BD,2015-01-01,2020-11-13,,0.06351990103112891
Ward No-21,BD10065121,,,,Barisal Sadar (Kotwali),BD100651,Barisal,BD1006,Barisal,BD10,Bangladesh,BD,2015-01-01,2020-11-13,,0.549747426164139
Ward No-21,BD20154121,,,,Kotwali,BD201541,Chittagong,BD2015,Chittagong,BD20,Bangladesh,BD,2015-01-01,2020-11-13,,0.776679658685019
Ward No-21,BD30260421,,,,Badda,BD302604,Dhaka,BD3026,Dhaka,BD30,Bangladesh,BD,2015-01-01,2020-11-13,,1.54895769993872
Ward No-21,BD40475121,,,,Khulna Sadar,BD404751,Khulna,BD4047,Khulna,BD40,Bangladesh,BD,2015-01-01,2020-11-13,,1.94273421371868
Ward No-21,BD50812221,,,,Boalia,BD508122,Rajshahi,BD5081,Rajshahi,BD50,Bangladesh,BD,2015-01-01,2020-11-13,,0.418951048222725
Ward No-21,BD60916221,,,,Sylhet Sadar,BD609162,Sylhet,BD6091,Sylhet,BD60,Bangladesh,BD,2015-01-01,2020-11-13,,1.04384745075795
Ward No-22,BD10065122,,,,Barisal Sadar (Kotwali),BD100651,Barisal,BD1006,Barisal,BD10,Bangladesh,BD,2015-01-01,2020-11-13,,1.43447564023897
Ward No-22,BD20154122,,,,Kotwali,BD201541,Chittagong,BD2015,Chittagong,BD20,Bangladesh,BD,2015-01-01,2020-11-13,,0.796020678693047
Ward No-22,BD30266722,,,,Rampura,BD302667,Dhaka,BD3026,Dhaka,BD30,Bangladesh,BD,2015-01-01,2020-11-13,,2.29880216828186
Ward No-22,BD40475122,,,,Khulna Sadar,BD404751,Khulna,BD4047,Khulna,BD40,Bangladesh,BD,2015-01-01,2020-11-13,,0.889682563095319
Ward No-22,BD50812222,,,,Boalia,BD508122,Rajshahi,BD5081,Rajshahi,BD50,Bangladesh,BD,2015-01-01,2020-11-13,,0.335024137560184
Ward No-22,BD60916222,,,,Sylhet Sadar,BD609162,Sylhet,BD6091,Sylhet,BD60,Bangladesh,BD,2015-01-01,2020-11-13,,0.948076403796534
Ward No-23,BD10065123,,,,Barisal Sadar (Kotwali),BD100651,Barisal,BD1006,Barisal,BD10,Bangladesh,BD,2015-01-01,2020-11-13,,4.58278079504263
Ward No-23,BD20152823,,,,Double Mooring,BD201528,Chittagong,BD2015,Chittagong,BD20,Bangladesh,BD,2015-01-01,2020-11-13,,0.574688582959338
Ward No-23,BD30266723,,,,Rampura,BD302667,Dhaka,BD3026,Dhaka,BD30,Bangladesh,BD,2015-01-01,2020-11-13,,0.7799783653892141
Ward No-23,BD40475123,,,,Khulna Sadar,BD404751,Khulna,BD4047,Khulna,BD40,Bangladesh,BD,2015-01-01,2020-11-13,,0.500823132336474
Ward No-23,BD50812223,,,,Boalia,BD508122,Rajshahi,BD5081,Rajshahi,BD50,Bangladesh,BD,2015-01-01,2020-11-13,,0.487717722453121
Ward No-23,BD60916223,,,,Sylhet Sadar,BD609162,Sylhet,BD6091,Sylhet,BD60,Bangladesh,BD,2015-01-01,2020-11-13,,0.95943303006977
Ward No-24,BD10065124,,,,Barisal Sadar (Kotwali),BD100651,Barisal,BD1006,Barisal,BD10,Bangladesh,BD,2015-01-01,2020-11-13,,4.11837783544823
Ward No-24,BD30263624,,,,Khilgaon,BD302636,Dhaka,BD3026,Dhaka,BD30,Bangladesh,BD,2015-01-01,2020-11-13,,0.925738468104276
Ward No-24,BD40475124,,,,Khulna Sadar,BD404751,Khulna,BD4047,Khulna,BD40,Bangladesh,BD,2015-01-01,2020-11-13,,1.49164921481578
Ward No-24,BD50812224,,,,Boalia,BD508122,Rajshahi,BD5081,Rajshahi,BD50,Bangladesh,BD,2015-01-01,2020-11-13,,0.32418376656043
Ward No-24,BD60916224,,,,Sylhet Sadar,BD609162,Sylhet,BD6091,Sylhet,BD60,Bangladesh,BD,2015-01-01,2020-11-13,,1.86873209018827
Ward No-24 (part),BD20152824,,,,Double Mooring,BD201528,Chittagong,BD2015,Chittagong,BD20,Bangladesh,BD,2015-01-01,2020-11-13,,2.03520863821384
Ward No-24 (part),BD20153524,,,,Halishahar,BD201535,Chittagong,BD2015,Chittagong,BD20,Bangladesh,BD,2015-01-01,2020-11-13,,0.567120783266214
Ward No-25,BD10065125,,,,Barisal Sadar (Kotwali),BD100651,Barisal,BD1006,Barisal,BD10,Bangladesh,BD,2015-01-01,2020-11-13,,3.70002731614282
Ward No-25,BD20153525,,,,Halishahar,BD201535,Chittagong,BD2015,Chittagong,BD20,Bangladesh,BD,2015-01-01,2020-11-13,,1.52188967737253
Ward No-25,BD30263625,,,,Khilgaon,BD302636,Dhaka,BD3026,Dhaka,BD30,Bangladesh,BD,2015-01-01,2020-11-13,,0.950455285732816
Ward No-25,BD40478525,,,,Sonadanga,BD404785,Khulna,BD4047,Khulna,BD40,Bangladesh,BD,2015-01-01,2020-11-13,,0.73398411776035
Ward No-25,BD50812225,,,,Boalia,BD508122,Rajshahi,BD5081,Rajshahi,BD50,Bangladesh,BD,2015-01-01,2020-11-13,,0.624575178809323
Ward No-25,BD60916225,,,,Sylhet Sadar,BD609162,Sylhet,BD6091,Sylhet,BD60,Bangladesh,BD,2015-01-01,2020-11-13,,1.43217310634478
Ward No-26,BD10065126,,,,Barisal Sadar (Kotwali),BD100651,Barisal,BD1006,Barisal,BD10,Bangladesh,BD,2015-01-01,2020-11-13,,8.0517550382615
Ward No-26,BD20153526,,,,Halishahar,BD201535,Chittagong,BD2015,Chittagong,BD20,Bangladesh,BD,2015-01-01,2020-11-13,,7.9608184316021
Ward No-26,BD30263626,,,,Khilgaon,BD302636,Dhaka,BD3026,Dhaka,BD30,Bangladesh,BD,2015-01-01,2020-11-13,,2.03527320173035
Ward No-26,BD40478526,,,,Sonadanga,BD404785,Khulna,BD4047,Khulna,BD40,Bangladesh,BD,2015-01-01,2020-11-13,,0.662740565811607
Ward No-26,BD50812226,,,,Boalia,BD508122,Rajshahi,BD5081,Rajshahi,BD50,Bangladesh,BD,2015-01-01,2020-11-13,,4.272564408975531
Ward No-26,BD60916226,,,,Sylhet Sadar,BD609162,Sylhet,BD6091,Sylhet,BD60,Bangladesh,BD,2015-01-01,2020-11-13,,1.8112444758235
Ward No-27,BD10065127,,,,Barisal Sadar (Kotwali),BD100651,Barisal,BD1006,Barisal,BD10,Bangladesh,BD,2015-01-01,2020-11-13,,6.0288463603783
Ward No-27,BD20152827,,,,Double Mooring,BD201528,Chittagong,BD2015,Chittagong,BD20,Bangladesh,BD,2015-01-01,2020-11-13,,1.43105754221487
Ward No-27,BD30266827,,,,Sabujbagh,BD302668,Dhaka,BD3026,Dhaka,BD30,Bangladesh,BD,2015-01-01,2020-11-13,,0.980837694506095
Ward No-27,BD40475127,,,,Khulna Sadar,BD404751,Khulna,BD4047,Khulna,BD40,Bangladesh,BD,2015-01-01,2020-11-13,,0.8269011845919111
Ward No-27,BD50812227,,,,Boalia,BD508122,Rajshahi,BD5081,Rajshahi,BD50,Bangladesh,BD,2015-01-01,2020-11-13,,2.5016120824319
Ward No-27,BD60916227,,,,Sylhet Sadar,BD609162,Sylhet,BD6091,Sylhet,BD60,Bangladesh,BD,2015-01-01,2020-11-13,,2.53204488947257
Ward No-28,BD10065128,,,,Barisal Sadar (Kotwali),BD100651,Barisal,BD1006,Barisal,BD10,Bangladesh,BD,2015-01-01,2020-11-13,,3.1846590051811
Ward No-28,BD20152828,,,,Double Mooring,BD201528,Chittagong,BD2015,Chittagong,BD20,Bangladesh,BD,2015-01-01,2020-11-13,,1.15598696809125
Ward No-28,BD30266828,,,,Sabujbagh,BD302668,Dhaka,BD3026,Dhaka,BD30,Bangladesh,BD,2015-01-01,2020-11-13,,1.08050458135434
Ward No-28,BD40475128,,,,Khulna Sadar,BD404751,Khulna,BD4047,Khulna,BD40,Bangladesh,BD,2015-01-01,2020-11-13,,0.7761675902088581
Ward No-28,BD50814028,,,,Matihar,BD508140,Rajshahi,BD5081,Rajshahi,BD50,Bangladesh,BD,2015-01-01,2020-11-13,,1.68580213406667
Ward No-29,BD10065129,,,,Barisal Sadar (Kotwali),BD100651,Barisal,BD1006,Barisal,BD10,Bangladesh,BD,2015-01-01,2020-11-13,,2.42735646316949
Ward No-29,BD20152829,,,,Double Mooring,BD201528,Chittagong,BD2015,Chittagong,BD20,Bangladesh,BD,2015-01-01,2020-11-13,,0.648573917883567
Ward No-29,BD30266829,,,,Sabujbagh,BD302668,Dhaka,BD3026,Dhaka,BD30,Bangladesh,BD,2015-01-01,2020-11-13,,0.610914139568779
Ward No-29,BD40475129,,,,Khulna Sadar,BD404751,Khulna,BD4047,Khulna,BD40,Bangladesh,BD,2015-01-01,2020-11-13,,0.662404456551498
Ward No-29,BD50814029,,,,Matihar,BD508140,Rajshahi,BD5081,Rajshahi,BD50,Bangladesh,BD,2015-01-01,2020-11-13,,1.39944187468362
Ward No-30,BD10065130,,,,Barisal Sadar (Kotwali),BD100651,Barisal,BD1006,Barisal,BD10,Bangladesh,BD,2015-01-01,2020-11-13,,5.875338670654989
Ward No-30,BD30266830,,,,Sabujbagh,BD302668,Dhaka,BD3026,Dhaka,BD30,Bangladesh,BD,2015-01-01,2020-11-13,,0.415187044760667
Ward No-30,BD40475130,,,,Khulna Sadar,BD404751,Khulna,BD4047,Khulna,BD40,Bangladesh,BD,2015-01-01,2020-11-13,,1.30308135718793
Ward No-30,BD50814030,,,,Matihar,BD508140,Rajshahi,BD5081,Rajshahi,BD50,Bangladesh,BD,2015-01-01,2020-11-13,,5.758338011340141
Ward No-30 (Part),BD20152830,,,,Double Mooring,BD201528,Chittagong,BD2015,Chittagong,BD20,Bangladesh,BD,2015-01-01,2020-11-13,,0.194448684733742
Ward No-30 (Part),BD20154130,,,,Kotwali,BD201541,Chittagong,BD2015,Chittagong,BD20,Bangladesh,BD,2015-01-01,2020-11-13,,0.756639516581431
Ward No-31,BD20154131,,,,Kotwali,BD201541,Chittagong,BD2015,Chittagong,BD20,Bangladesh,BD,2015-01-01,2020-11-13,,0.641437760413533
Ward No-31,BD30265431,,,,Motijheel,BD302654,Dhaka,BD3026,Dhaka,BD30,Bangladesh,BD,2015-01-01,2020-11-13,,0.976397989726289
Ward No-31,BD40475131,,,,Khulna Sadar,BD404751,Khulna,BD4047,Khulna,BD40,Bangladesh,BD,2015-01-01,2020-11-13,,3.981513428928
Ward No-32,BD20154132,,,,Kotwali,BD201541,Chittagong,BD2015,Chittagong,BD20,Bangladesh,BD,2015-01-01,2020-11-13,,0.76531049310094
Ward No-32,BD30265432,,,,Motijheel,BD302654,Dhaka,BD3026,Dhaka,BD30,Bangladesh,BD,2015-01-01,2020-11-13,,1.04796437216665
Ward No-33,BD20154133,,,,Kotwali,BD201541,Chittagong,BD2015,Chittagong,BD20,Bangladesh,BD,2015-01-01,2020-11-13,,0.446658257794392
Ward No-33,BD30265433,,,,Motijheel,BD302654,Dhaka,BD3026,Dhaka,BD30,Bangladesh,BD,2015-01-01,2020-11-13,,0.429606282606187
Ward No-34,BD20154134,,,,Kotwali,BD201541,Chittagong,BD2015,Chittagong,BD20,Bangladesh,BD,2015-01-01,2020-11-13,,0.796119056765536
Ward No-34,BD30265434,,,,Motijheel,BD302654,Dhaka,BD3026,Dhaka,BD30,Bangladesh,BD,2015-01-01,2020-11-13,,0.742283341101248
Ward No-35,BD30265435,,,,Motijheel,BD302654,Dhaka,BD3026,Dhaka,BD30,Bangladesh,BD,2015-01-01,2020-11-13,,0.5257679867446109
Ward No-35 (part),BD20151035,,,,Bakalia,BD201510,Chittagong,BD2015,Chittagong,BD20,Bangladesh,BD,2015-01-01,2020-11-13,,1.66859819987496
Ward No-35 (part),BD20154135,,,,Kotwali,BD201541,Chittagong,BD2015,Chittagong,BD20,Bangladesh,BD,2015-01-01,2020-11-13,,0.256773381041769
Ward No-36,BD30266536,,,,Paltan,BD302665,Dhaka,BD3026,Dhaka,BD30,Bangladesh,BD,2015-01-01,2020-11-13,,1.27076971398839
Ward No-36 (Part),BD20152036,,,,Chittagong Port,BD201520,Chittagong,BD2015,Chittagong,BD20,Bangladesh,BD,2015-01-01,2020-11-13,,1.02823056189468
Ward No-36 (Part),BD20152836,,,,Double Mooring,BD201528,Chittagong,BD2015,Chittagong,BD20,Bangladesh,BD,2015-01-01,2020-11-13,,0.604054825312553
Ward No-37,BD20152037,,,,Chittagong Port,BD201520,Chittagong,BD2015,Chittagong,BD20,Bangladesh,BD,2015-01-01,2020-11-13,,3.77589376210916
Ward No-37,BD30269237,,,,Tejgaon Ind. Area,BD302692,Dhaka,BD3026,Dhaka,BD30,Bangladesh,BD,2015-01-01,2020-11-13,,2.88129537658078
Ward No-38,BD20152038,,,,Chittagong Port,BD201520,Chittagong,BD2015,Chittagong,BD20,Bangladesh,BD,2015-01-01,2020-11-13,,4.84581245242346
Ward No-38 (Part),BD30269038,,,,Tejgaon,BD302690,Dhaka,BD3026,Dhaka,BD30,Bangladesh,BD,2015-01-01,2020-11-13,,0.8867365494853601
Ward No-38 (Part),BD30269238,,,,Tejgaon Ind. Area,BD302692,Dhaka,BD3026,Dhaka,BD30,Bangladesh,BD,2015-01-01,2020-11-13,,0.341810256053334
Ward No-39,BD30269039,,,,Tejgaon,BD302690,Dhaka,BD3026,Dhaka,BD30,Bangladesh,BD,2015-01-01,2020-11-13,,1.14697887807006
Ward No-39 (Part),BD20152039,,,,Chittagong Port,BD201520,Chittagong,BD2015,Chittagong,BD20,Bangladesh,BD,2015-01-01,2020-11-13,,2.71106035553652
Ward No-39 (Part),BD20156539,,,,Patenga,BD201565,Chittagong,BD2015,Chittagong,BD20,Bangladesh,BD,2015-01-01,2020-11-13,,5.07555962412634
Ward No-40,BD20156540,,,,Patenga,BD201565,Chittagong,BD2015,Chittagong,BD20,Bangladesh,BD,2015-01-01,2020-11-13,,11.1658860628794
Ward No-40 (Part),BD30268040,,,,Sher-e-bangla Nagar,BD302680,Dhaka,BD3026,Dhaka,BD30,Bangladesh,BD,2015-01-01,2020-11-13,,2.92122606533434
Ward No-40 (Part),BD30269040,,,,Tejgaon,BD302690,Dhaka,BD3026,Dhaka,BD30,Bangladesh,BD,2015-01-01,2020-11-13,,0.432195299233629
Ward No-41,BD20156541,,,,Patenga,BD201565,Chittagong,BD2015,Chittagong,BD20,Bangladesh,BD,2015-01-01,2020-11-13,,11.9809676580012
Ward No-41,BD30268041,,,,Sher-e-bangla Nagar,BD302680,Dhaka,BD3026,Dhaka,BD30,Bangladesh,BD,2015-01-01,2020-11-13,,1.49491769508137
Ward No-42,BD30265042,,,,Mohammadpur,BD302650,Dhaka,BD3026,Dhaka,BD30,Bangladesh,BD,2015-01-01,2020-11-13,,0.607097148192962
Ward No-43,BD30260243,,,,Adabor,BD302602,Dhaka,BD3026,Dhaka,BD30,Bangladesh,BD,2015-01-01,2020-11-13,,1.81951143605378
Ward No-44,BD30265044,,,,Mohammadpur,BD302650,Dhaka,BD3026,Dhaka,BD30,Bangladesh,BD,2015-01-01,2020-11-13,,0.5477266323559831
Ward No-45,BD30265045,,,,Mohammadpur,BD302650,Dhaka,BD3026,Dhaka,BD30,Bangladesh,BD,2015-01-01,2020-11-13,,1.35432334816624
Ward No-46,BD30260246,,,,Adabor,BD302602,Dhaka,BD3026,Dhaka,BD30,Bangladesh,BD,2015-01-01,2020-11-13,,0.467872613915465
Ward No-46,BD30265046,,,,Mohammadpur,BD302650,Dhaka,BD3026,Dhaka,BD30,Bangladesh,BD,2015-01-01,2020-11-13,,3.11946210851536
Ward No-46 (Part),BD30262846,,,,Hazaribagh,BD302628,Dhaka,BD3026,Dhaka,BD30,Bangladesh,BD,2015-01-01,2020-11-13,,1.48929153495522
Ward No-47 (part),BD30265047,,,,Mohammadpur,BD302650,Dhaka,BD3026,Dhaka,BD30,Bangladesh,BD,2015-01-01,2020-11-13,,0.978721147761539
Ward No-47 (Part),BD30261647,,,,Dhanmondi,BD302616,Dhaka,BD3026,Dhaka,BD30,Bangladesh,BD,2015-01-01,2020-11-13,,0.344708143950234
Ward No-48 (Part),BD30261648,,,,Dhanmondi,BD302616,Dhaka,BD3026,Dhaka,BD30,Bangladesh,BD,2015-01-01,2020-11-13,,0.393202517835205
Ward No-48 (Part),BD30262848,,,,Hazaribagh,BD302628,Dhaka,BD3026,Dhaka,BD30,Bangladesh,BD,2015-01-01,2020-11-13,,2.67234043041261
Ward No-49,BD30261649,,,,Dhanmondi,BD302616,Dhaka,BD3026,Dhaka,BD30,Bangladesh,BD,2015-01-01,2020-11-13,,2.12854803988181
Ward No-50,BD30263350,,,,Kalabagan,BD302633,Dhaka,BD3026,Dhaka,BD30,Bangladesh,BD,2015-01-01,2020-11-13,,0.707155849441816
Ward No-51 (part),BD30265051,,,,Mohammadpur,BD302650,Dhaka,BD3026,Dhaka,BD30,Bangladesh,BD,2015-01-01,2020-11-13,,0.439900404238787
Ward No-51 (Part),BD30263351,,,,Kalabagan,BD302633,Dhaka,BD3026,Dhaka,BD30,Bangladesh,BD,2015-01-01,2020-11-13,,0.610072396687011
Ward No-52,BD30266352,,,,New Market,BD302663,Dhaka,BD3026,Dhaka,BD30,Bangladesh,BD,2015-01-01,2020-11-13,,1.64000046669813
Ward No-53,BD30266653,,,,Ramna,BD302666,Dhaka,BD3026,Dhaka,BD30,Bangladesh,BD,2015-01-01,2020-11-13,,1.74423104880933
Ward No-54,BD30266654,,,,Ramna,BD302666,Dhaka,BD3026,Dhaka,BD30,Bangladesh,BD,2015-01-01,2020-11-13,,0.933604073336176
Ward No-55,BD30266655,,,,Ramna,BD302666,Dhaka,BD3026,Dhaka,BD30,Bangladesh,BD,2015-01-01,2020-11-13,,0.7472455962300569
Ward No-56 (part),BD30267556,,,,Shahbagh,BD302675,Dhaka,BD3026,Dhaka,BD30,Bangladesh,BD,2015-01-01,2020-11-13,,2.79176240723381
Ward No-56 (Part),BD30264256,,,,Lalbagh,BD302642,Dhaka,BD3026,Dhaka,BD30,Bangladesh,BD,2015-01-01,2020-11-13,,0.06394532741638051
Ward No-57,BD30267557,,,,Shahbagh,BD302675,Dhaka,BD3026,Dhaka,BD30,Bangladesh,BD,2015-01-01,2020-11-13,,1.22709404313316
Ward No-58,BD30262858,,,,Hazaribagh,BD302628,Dhaka,BD3026,Dhaka,BD30,Bangladesh,BD,2015-01-01,2020-11-13,,1.49107797741563
Ward No-59,BD30264259,,,,Lalbagh,BD302642,Dhaka,BD3026,Dhaka,BD30,Bangladesh,BD,2015-01-01,2020-11-13,,0.526568577267492
Ward No-60,BD30264260,,,,Lalbagh,BD302642,Dhaka,BD3026,Dhaka,BD30,Bangladesh,BD,2015-01-01,2020-11-13,,0.431996379424302
Ward No-61,BD30264261,,,,Lalbagh,BD302642,Dhaka,BD3026,Dhaka,BD30,Bangladesh,BD,2015-01-01,2020-11-13,,0.405063013386687
Ward No-62,BD30264262,,,,Lalbagh,BD302642,Dhaka,BD3026,Dhaka,BD30,Bangladesh,BD,2015-01-01,2020-11-13,,0.901294743478646
Ward No-63 (Part),BD30260563,,,,Bangshal,BD302605,Dhaka,BD3026,Dhaka,BD30,Bangladesh,BD,2015-01-01,2020-11-13,,0.0824580600271947
Ward No-63 (Part),BD30260963,,,,Chak Bazar,BD302609,Dhaka,BD3026,Dhaka,BD30,Bangladesh,BD,2015-01-01,2020-11-13,,0.324054487178577
Ward No-64,BD30260964,,,,Chak Bazar,BD302609,Dhaka,BD3026,Dhaka,BD30,Bangladesh,BD,2015-01-01,2020-11-13,,0.228829657530337
Ward No-65,BD30260965,,,,Chak Bazar,BD302609,Dhaka,BD3026,Dhaka,BD30,Bangladesh,BD,2015-01-01,2020-11-13,,0.5434759809587261
Ward No-66 (Part),BD30260566,,,,Bangshal,BD302605,Dhaka,BD3026,Dhaka,BD30,Bangladesh,BD,2015-01-01,2020-11-13,,0.0857913900402355
Ward No-66 (Part),BD30260966,,,,Chak Bazar,BD302609,Dhaka,BD3026,Dhaka,BD30,Bangladesh,BD,2015-01-01,2020-11-13,,0.2556458475493
Ward No-67 (part),BD30260567,,,,Bangshal,BD302605,Dhaka,BD3026,Dhaka,BD30,Bangladesh,BD,2015-01-01,2020-11-13,,0.172348044056248
Ward No-67 (Part),BD30260967,,,,Chak Bazar,BD302609,Dhaka,BD3026,Dhaka,BD30,Bangladesh,BD,2015-01-01,2020-11-13,,0.282998513564262
Ward No-68 (part),BD30260568,,,,Bangshal,BD302605,Dhaka,BD3026,Dhaka,BD30,Bangladesh,BD,2015-01-01,2020-11-13,,0.148011897129283
Ward No-68 (Part),BD30264068,,,,Kotwali,BD302640,Dhaka,BD3026,Dhaka,BD30,Bangladesh,BD,2015-01-01,2020-11-13,,0.182534893340121
Ward No-69,BD30260569,,,,Bangshal,BD302605,Dhaka,BD3026,Dhaka,BD30,Bangladesh,BD,2015-01-01,2020-11-13,,0.370829288088214
Ward No-70,BD30260570,,,,Bangshal,BD302605,Dhaka,BD3026,Dhaka,BD30,Bangladesh,BD,2015-01-01,2020-11-13,,0.337967869903644
Ward No-71 (Part),BD30260571,,,,Bangshal,BD302605,Dhaka,BD3026,Dhaka,BD30,Bangladesh,BD,2015-01-01,2020-11-13,,0.245832592256269
Ward No-71 (Part),BD30264071,,,,Kotwali,BD302640,Dhaka,BD3026,Dhaka,BD30,Bangladesh,BD,2015-01-01,2020-11-13,,0.0268386461977092
Ward No-72,BD30264072,,,,Kotwali,BD302640,Dhaka,BD3026,Dhaka,BD30,Bangladesh,BD,2015-01-01,2020-11-13,,0.18661389588393
Ward No-73,BD30264073,,,,Kotwali,BD302640,Dhaka,BD3026,Dhaka,BD30,Bangladesh,BD,2015-01-01,2020-11-13,,0.365305144930638
Ward No-74,BD30268874,,,,Sutrapur,BD302688,Dhaka,BD3026,Dhaka,BD30,Bangladesh,BD,2015-01-01,2020-11-13,,0.423008560432326
Ward No-75,BD30268875,,,,Sutrapur,BD302688,Dhaka,BD3026,Dhaka,BD30,Bangladesh,BD,2015-01-01,2020-11-13,,0.524753893737005
Ward No-76 (Part),BD30262476,,,,Gendaria,BD302624,Dhaka,BD3026,Dhaka,BD30,Bangladesh,BD,2015-01-01,2020-11-13,,0.481841018374404
Ward No-76 (Part),BD30262976,,,,Jatrabari,BD302629,Dhaka,BD3026,Dhaka,BD30,Bangladesh,BD,2015-01-01,2020-11-13,,0.0574880401674706
Ward No-77,BD30268877,,,,Sutrapur,BD302688,Dhaka,BD3026,Dhaka,BD30,Bangladesh,BD,2015-01-01,2020-11-13,,0.400701892280331
Ward No-78,BD30268878,,,,Sutrapur,BD302688,Dhaka,BD3026,Dhaka,BD30,Bangladesh,BD,2015-01-01,2020-11-13,,0.278286547854429
Ward No-79,BD30268879,,,,Sutrapur,BD302688,Dhaka,BD3026,Dhaka,BD30,Bangladesh,BD,2015-01-01,2020-11-13,,0.4457269616621
Ward No-80 (Part),BD30262480,,,,Gendaria,BD302624,Dhaka,BD3026,Dhaka,BD30,Bangladesh,BD,2015-01-01,2020-11-13,,0.060056073902656
Ward No-80 (Part),BD30268880,,,,Sutrapur,BD302688,Dhaka,BD3026,Dhaka,BD30,Bangladesh,BD,2015-01-01,2020-11-13,,0.120795481574304
Ward No-81,BD30262481,,,,Gendaria,BD302624,Dhaka,BD3026,Dhaka,BD30,Bangladesh,BD,2015-01-01,2020-11-13,,0.594389402835296
Ward No-82,BD30262482,,,,Gendaria,BD302624,Dhaka,BD3026,Dhaka,BD30,Bangladesh,BD,2015-01-01,2020-11-13,,0.411960805324417
Ward No-83,BD30267683,,,,Shyampur,BD302676,Dhaka,BD3026,Dhaka,BD30,Bangladesh,BD,2015-01-01,2020-11-13,,0.684298757197646
Ward No-84,BD30262984,,,,Jatrabari,BD302629,Dhaka,BD3026,Dhaka,BD30,Bangladesh,BD,2015-01-01,2020-11-13,,0.723154124567064
Ward No-85,BD30262985,,,,Jatrabari,BD302629,Dhaka,BD3026,Dhaka,BD30,Bangladesh,BD,2015-01-01,2020-11-13,,1.16743339963744
Ward No-86,BD30262986,,,,Jatrabari,BD302629,Dhaka,BD3026,Dhaka,BD30,Bangladesh,BD,2015-01-01,2020-11-13,,0.792576315453509
Ward No-87,BD30267687,,,,Shyampur,BD302676,Dhaka,BD3026,Dhaka,BD30,Bangladesh,BD,2015-01-01,2020-11-13,,0.6555806962836049
Ward No-88,BD30263288,,,,Kadamtali,BD302632,Dhaka,BD3026,Dhaka,BD30,Bangladesh,BD,2015-01-01,2020-11-13,,0.438994539967295
Ward No-89,BD30263289,,,,Kadamtali,BD302632,Dhaka,BD3026,Dhaka,BD30,Bangladesh,BD,2015-01-01,2020-11-13,,0.654588866320424
Ward No-90,BD30267690,,,,Shyampur,BD302676,Dhaka,BD3026,Dhaka,BD30,Bangladesh,BD,2015-01-01,2020-11-13,,0.9558098929099269
Ward No-91,BD30264291,,,,Lalbagh,BD302642,Dhaka,BD3026,Dhaka,BD30,Bangladesh,BD,2015-01-01,2020-11-13,,1.21855435575518
Ward No-92,BD30264292,,,,Lalbagh,BD302642,Dhaka,BD3026,Dhaka,BD30,Bangladesh,BD,2015-01-01,2020-11-13,,0.712158670483608
Ward No-98 (rest. Area),BD30260698,,,,Biman Bandar,BD302606,Dhaka,BD3026,Dhaka,BD30,Bangladesh,BD,2015-01-01,2020-11-13,,5.51307573501584
Ward No-98 (Rest. Area),BD30260898,,,,Cantonment,BD302608,Dhaka,BD3026,Dhaka,BD30,Bangladesh,BD,2015-01-01,2020-11-13,,7.6417872807551
West Chitasi,BD20139520,,,,Shahrasti,BD201395,Chandpur,BD2013,Chittagong,BD20,Bangladesh,BD,2015-01-01,2020-11-13,,16.6164836618556
Whykong,BD20229079,,,,Teknaf,BD202290,Cox's Bazar,BD2022,Chittagong,BD20,Bangladesh,BD,2015-01-01,2020-11-13,,108.92450154921
Yakubpur,BD20302594,,,,Daganbhuiyan,BD203025,Feni,BD2030,Chittagong,BD20,Bangladesh,BD,2015-01-01,2020-11-13,,15.4433049061836
Yearpur,BD30267294,,,,Savar,BD302672,Dhaka,BD3026,Dhaka,BD30,Bangladesh,BD,2015-01-01,2020-11-13,,26.4243002893479
Yusufpur,BD50812547,,,,Charghat,BD508125,Rajshahi,BD5081,Rajshahi,BD50,Bangladesh,BD,2015-01-01,2020-11-13,,24.2127090816337
Zakiganj,BD60919485,,,,Zakiganj,BD609194,Sylhet,BD6091,Sylhet,BD60,Bangladesh,BD,2015-01-01,2020-11-13,,14.7583185970791
Zakiganj Paurashava,BD60919499,,,,Zakiganj,BD609194,Sylhet,BD6091,Sylhet,BD60,Bangladesh,BD,2015-01-01,2020-11-13,,4.77511206522708
Zanjira,BD30869494,,,,Zanjira,BD308694,Shariatpur,BD3086,Dhaka,BD30,Bangladesh,BD,2015-01-01,2020-11-13,,8.45064431994466
Zanjira Paurashava,BD30869499,,,,Zanjira,BD308694,Shariatpur,BD3086,Dhaka,BD30,Bangladesh,BD,2015-01-01,2020-11-13,,11.9659363526424
Zianagar,BD50103381,,,,Dhupchanchia,BD501033,Bogra,BD5010,Rajshahi,BD50,Bangladesh,BD,2015-01-01,2020-11-13,,22.7884766505599
Zindarpur,BD50385895,,,,Kalai,BD503858,Joypurhat,BD5038,Rajshahi,BD50,Bangladesh,BD,2015-01-01,2020-11-13,,26.4990512752379
Zinjira,BD30263894,,,,Keraniganj,BD302638,Dhaka,BD3026,Dhaka,BD30,Bangladesh,BD,2015-01-01,2020-11-13,,2.44474355393109
Zorwarganj,BD20155395,,,,Mirsharai,BD201553,Chittagong,BD2015,Chittagong,BD20,Bangladesh,BD,2015-01-01,2020-11-13,,18.5980993477478
