ISO3,Location,DataId,Indicator,Value,Precision,DHS_CountryCode,CountryName,SurveyYear,SurveyId,IndicatorId,IndicatorOrder,IndicatorType,CharacteristicId,CharacteristicOrder,CharacteristicCategory,CharacteristicLabel,ByVariableId,ByVariableLabel,IsTotal,IsPreferred,SDRID,RegionId,SurveyYearLabel,SurveyType,DenominatorWeighted,DenominatorUnweighted,CILow,CIHigh,LevelRank
BGD,Barishal,7515286,Neonatal mortality rate,63,0,BD,Bangladesh,1994,BD1994DHS,CM_ECMR_C_NNR,63206010,I,360001,1360010,Region,Barishal,14003,Ten years preceding the survey,0,1,CMECMRCNNR,BDDHS1994360001,1993-94,DHS,,,50.0,77.0,1.0
BGD,Chattogram/Sylhet,7610611,Neonatal mortality rate,65,0,BD,Bangladesh,1994,BD1994DHS,CM_ECMR_C_NNR,63206010,I,360002,1360020,Region,Chattogram/Sylhet,14003,Ten years preceding the survey,0,1,CMECMRCNNR,BDDHS1994360002,1993-94,DHS,,,56.0,75.0,1.0
BGD,Chattogram,872791,Neonatal mortality rate,65,0,BD,Bangladesh,1994,BD1994DHS,CM_ECMR_C_NNR,63206010,I,360003,1360030,Region,..Chattogram,14003,Ten years preceding the survey,0,1,CMECMRCNNR,BDDHS1994360003,1993-94,DHS,,,56.0,75.0,
BGD,Dhaka before 2015,7766996,Neonatal mortality rate,62,0,BD,Bangladesh,1994,BD1994DHS,CM_ECMR_C_NNR,63206010,I,360005,1360050,Region,Dhaka before 2015,14003,Ten years preceding the survey,0,1,CMECMRCNNR,BDDHS1994360005,1993-94,DHS,,,54.0,71.0,1.0
BGD,Khulna,7560853,Neonatal mortality rate,59,0,BD,Bangladesh,1994,BD1994DHS,CM_ECMR_C_NNR,63206010,I,360006,1360060,Region,Khulna,14003,Ten years preceding the survey,0,1,CMECMRCNNR,BDDHS1994360006,1993-94,DHS,,,47.0,71.0,1.0
BGD,Rajshahi/Rangpur,7650127,Neonatal mortality rate,65,0,BD,Bangladesh,1994,BD1994DHS,CM_ECMR_C_NNR,63206010,I,360007,1360070,Region,Rajshahi/Rangpur,14003,Ten years preceding the survey,0,1,CMECMRCNNR,BDDHS1994360007,1993-94,DHS,,,55.0,75.0,1.0
BGD,Barishal,7852394,Postneonatal mortality rate,39,0,BD,Bangladesh,1994,BD1994DHS,CM_ECMR_C_PNR,63206020,I,360001,1360010,Region,Barishal,14003,Ten years preceding the survey,0,1,CMECMRCPNR,BDDHS1994360001,1993-94,DHS,,,28.0,50.0,1.0
BGD,Chattogram/Sylhet,1722190,Postneonatal mortality rate,38,0,BD,Bangladesh,1994,BD1994DHS,CM_ECMR_C_PNR,63206020,I,360002,1360020,Region,Chattogram/Sylhet,14003,Ten years preceding the survey,0,1,CMECMRCPNR,BDDHS1994360002,1993-94,DHS,,,31.0,45.0,1.0
BGD,Chattogram,1734744,Postneonatal mortality rate,38,0,BD,Bangladesh,1994,BD1994DHS,CM_ECMR_C_PNR,63206020,I,360003,1360030,Region,..Chattogram,14003,Ten years preceding the survey,0,1,CMECMRCPNR,BDDHS1994360003,1993-94,DHS,,,31.0,45.0,
BGD,Dhaka before 2015,1734589,Postneonatal mortality rate,43,0,BD,Bangladesh,1994,BD1994DHS,CM_ECMR_C_PNR,63206020,I,360005,1360050,Region,Dhaka before 2015,14003,Ten years preceding the survey,0,1,CMECMRCPNR,BDDHS1994360005,1993-94,DHS,,,35.0,51.0,1.0
BGD,Khulna,7964780,Postneonatal mortality rate,31,0,BD,Bangladesh,1994,BD1994DHS,CM_ECMR_C_PNR,63206020,I,360006,1360060,Region,Khulna,14003,Ten years preceding the survey,0,1,CMECMRCPNR,BDDHS1994360006,1993-94,DHS,,,22.0,40.0,1.0
BGD,Rajshahi/Rangpur,1728466,Postneonatal mortality rate,30,0,BD,Bangladesh,1994,BD1994DHS,CM_ECMR_C_PNR,63206020,I,360007,1360070,Region,Rajshahi/Rangpur,14003,Ten years preceding the survey,0,1,CMECMRCPNR,BDDHS1994360007,1993-94,DHS,,,24.0,37.0,1.0
BGD,Barishal,7817013,Infant mortality rate,102,0,BD,Bangladesh,1994,BD1994DHS,CM_ECMR_C_IMR,63206030,I,360001,1360010,Region,Barishal,14003,Ten years preceding the survey,0,1,CMECMRCIMR,BDDHS1994360001,1993-94,DHS,,,84.0,120.0,1.0
BGD,Chattogram/Sylhet,7942693,Infant mortality rate,103,0,BD,Bangladesh,1994,BD1994DHS,CM_ECMR_C_IMR,63206030,I,360002,1360020,Region,Chattogram/Sylhet,14003,Ten years preceding the survey,0,1,CMECMRCIMR,BDDHS1994360002,1993-94,DHS,,,90.0,116.0,1.0
BGD,Chattogram,1734599,Infant mortality rate,103,0,BD,Bangladesh,1994,BD1994DHS,CM_ECMR_C_IMR,63206030,I,360003,1360030,Region,..Chattogram,14003,Ten years preceding the survey,0,1,CMECMRCIMR,BDDHS1994360003,1993-94,DHS,,,90.0,116.0,
BGD,Dhaka before 2015,1734557,Infant mortality rate,105,0,BD,Bangladesh,1994,BD1994DHS,CM_ECMR_C_IMR,63206030,I,360005,1360050,Region,Dhaka before 2015,14003,Ten years preceding the survey,0,1,CMECMRCIMR,BDDHS1994360005,1993-94,DHS,,,94.0,116.0,1.0
BGD,Khulna,7756784,Infant mortality rate,90,0,BD,Bangladesh,1994,BD1994DHS,CM_ECMR_C_IMR,63206030,I,360006,1360060,Region,Khulna,14003,Ten years preceding the survey,0,1,CMECMRCIMR,BDDHS1994360006,1993-94,DHS,,,76.0,105.0,1.0
BGD,Rajshahi/Rangpur,1728566,Infant mortality rate,95,0,BD,Bangladesh,1994,BD1994DHS,CM_ECMR_C_IMR,63206030,I,360007,1360070,Region,Rajshahi/Rangpur,14003,Ten years preceding the survey,0,1,CMECMRCIMR,BDDHS1994360007,1993-94,DHS,,,81.0,109.0,1.0
BGD,Barishal,7638632,Child mortality rate,50,0,BD,Bangladesh,1994,BD1994DHS,CM_ECMR_C_CMR,63206040,I,360001,1360010,Region,Barishal,14003,Ten years preceding the survey,0,1,CMECMRCCMR,BDDHS1994360001,1993-94,DHS,,,41.0,58.0,1.0
BGD,Chattogram/Sylhet,7724178,Child mortality rate,71,0,BD,Bangladesh,1994,BD1994DHS,CM_ECMR_C_CMR,63206040,I,360002,1360020,Region,Chattogram/Sylhet,14003,Ten years preceding the survey,0,1,CMECMRCCMR,BDDHS1994360002,1993-94,DHS,,,60.0,83.0,1.0
BGD,Chattogram,7591380,Child mortality rate,71,0,BD,Bangladesh,1994,BD1994DHS,CM_ECMR_C_CMR,63206040,I,360003,1360030,Region,..Chattogram,14003,Ten years preceding the survey,0,1,CMECMRCCMR,BDDHS1994360003,1993-94,DHS,,,60.0,83.0,
BGD,Dhaka before 2015,7531242,Child mortality rate,58,0,BD,Bangladesh,1994,BD1994DHS,CM_ECMR_C_CMR,63206040,I,360005,1360050,Region,Dhaka before 2015,14003,Ten years preceding the survey,0,1,CMECMRCCMR,BDDHS1994360005,1993-94,DHS,,,48.0,67.0,1.0
BGD,Khulna,7645067,Child mortality rate,25,0,BD,Bangladesh,1994,BD1994DHS,CM_ECMR_C_CMR,63206040,I,360006,1360060,Region,Khulna,14003,Ten years preceding the survey,0,1,CMECMRCCMR,BDDHS1994360006,1993-94,DHS,,,16.0,34.0,1.0
BGD,Rajshahi/Rangpur,7978408,Child mortality rate,44,0,BD,Bangladesh,1994,BD1994DHS,CM_ECMR_C_CMR,63206040,I,360007,1360070,Region,Rajshahi/Rangpur,14003,Ten years preceding the survey,0,1,CMECMRCCMR,BDDHS1994360007,1993-94,DHS,,,36.0,52.0,1.0
BGD,Barishal,7471097,Under-five mortality rate,147,0,BD,Bangladesh,1994,BD1994DHS,CM_ECMR_C_U5M,63206050,I,360001,1360010,Region,Barishal,14003,Ten years preceding the survey,0,1,CMECMRCU5M,BDDHS1994360001,1993-94,DHS,,,126.0,167.0,1.0
BGD,Chattogram/Sylhet,7807483,Under-five mortality rate,167,0,BD,Bangladesh,1994,BD1994DHS,CM_ECMR_C_U5M,63206050,I,360002,1360020,Region,Chattogram/Sylhet,14003,Ten years preceding the survey,0,1,CMECMRCU5M,BDDHS1994360002,1993-94,DHS,,,149.0,186.0,1.0
BGD,Chattogram,7926541,Under-five mortality rate,167,0,BD,Bangladesh,1994,BD1994DHS,CM_ECMR_C_U5M,63206050,I,360003,1360030,Region,..Chattogram,14003,Ten years preceding the survey,0,1,CMECMRCU5M,BDDHS1994360003,1993-94,DHS,,,149.0,186.0,
BGD,Dhaka before 2015,7924325,Under-five mortality rate,157,0,BD,Bangladesh,1994,BD1994DHS,CM_ECMR_C_U5M,63206050,I,360005,1360050,Region,Dhaka before 2015,14003,Ten years preceding the survey,0,1,CMECMRCU5M,BDDHS1994360005,1993-94,DHS,,,142.0,172.0,1.0
BGD,Khulna,1734649,Under-five mortality rate,113,0,BD,Bangladesh,1994,BD1994DHS,CM_ECMR_C_U5M,63206050,I,360006,1360060,Region,Khulna,14003,Ten years preceding the survey,0,1,CMECMRCU5M,BDDHS1994360006,1993-94,DHS,,,96.0,130.0,1.0
BGD,Rajshahi/Rangpur,7741958,Under-five mortality rate,135,0,BD,Bangladesh,1994,BD1994DHS,CM_ECMR_C_U5M,63206050,I,360007,1360070,Region,Rajshahi/Rangpur,14003,Ten years preceding the survey,0,1,CMECMRCU5M,BDDHS1994360007,1993-94,DHS,,,117.0,153.0,1.0
BGD,Barishal,1739729,Stillbirths,12,0,BD,Bangladesh,1994,BD1994DHS,CM_PNMR_C_NSB,63236010,I,360001,1360010,Region,Barishal,0,,0,1,CMPNMRCNSB,BDDHS1994360001,1993-94,DHS,,,,,1.0
BGD,Chattogram/Sylhet,1722218,Stillbirths,65,0,BD,Bangladesh,1994,BD1994DHS,CM_PNMR_C_NSB,63236010,I,360002,1360020,Region,Chattogram/Sylhet,0,,0,1,CMPNMRCNSB,BDDHS1994360002,1993-94,DHS,,,,,1.0
BGD,Chattogram,1734629,Stillbirths,65,0,BD,Bangladesh,1994,BD1994DHS,CM_PNMR_C_NSB,63236010,I,360003,1360030,Region,..Chattogram,0,,0,1,CMPNMRCNSB,BDDHS1994360003,1993-94,DHS,,,,,
BGD,Dhaka before 2015,1734664,Stillbirths,59,0,BD,Bangladesh,1994,BD1994DHS,CM_PNMR_C_NSB,63236010,I,360005,1360050,Region,Dhaka before 2015,0,,0,1,CMPNMRCNSB,BDDHS1994360005,1993-94,DHS,,,,,1.0
BGD,Khulna,1734635,Stillbirths,23,0,BD,Bangladesh,1994,BD1994DHS,CM_PNMR_C_NSB,63236010,I,360006,1360060,Region,Khulna,0,,0,1,CMPNMRCNSB,BDDHS1994360006,1993-94,DHS,,,,,1.0
BGD,Rajshahi/Rangpur,6399622,Stillbirths,47,0,BD,Bangladesh,1994,BD1994DHS,CM_PNMR_C_NSB,63236010,I,360007,1360070,Region,Rajshahi/Rangpur,0,,0,1,CMPNMRCNSB,BDDHS1994360007,1993-94,DHS,,,,,1.0
BGD,Barishal,1739732,Early neonatal deaths,13,0,BD,Bangladesh,1994,BD1994DHS,CM_PNMR_C_NEN,63236020,I,360001,1360010,Region,Barishal,0,,0,1,CMPNMRCNEN,BDDHS1994360001,1993-94,DHS,,,,,1.0
BGD,Chattogram/Sylhet,1722219,Early neonatal deaths,74,0,BD,Bangladesh,1994,BD1994DHS,CM_PNMR_C_NEN,63236020,I,360002,1360020,Region,Chattogram/Sylhet,0,,0,1,CMPNMRCNEN,BDDHS1994360002,1993-94,DHS,,,,,1.0
BGD,Chattogram,1734630,Early neonatal deaths,74,0,BD,Bangladesh,1994,BD1994DHS,CM_PNMR_C_NEN,63236020,I,360003,1360030,Region,..Chattogram,0,,0,1,CMPNMRCNEN,BDDHS1994360003,1993-94,DHS,,,,,
BGD,Dhaka before 2015,1734665,Early neonatal deaths,66,0,BD,Bangladesh,1994,BD1994DHS,CM_PNMR_C_NEN,63236020,I,360005,1360050,Region,Dhaka before 2015,0,,0,1,CMPNMRCNEN,BDDHS1994360005,1993-94,DHS,,,,,1.0
BGD,Khulna,1734636,Early neonatal deaths,21,0,BD,Bangladesh,1994,BD1994DHS,CM_PNMR_C_NEN,63236020,I,360006,1360060,Region,Khulna,0,,0,1,CMPNMRCNEN,BDDHS1994360006,1993-94,DHS,,,,,1.0
BGD,Rajshahi/Rangpur,6399623,Early neonatal deaths,58,0,BD,Bangladesh,1994,BD1994DHS,CM_PNMR_C_NEN,63236020,I,360007,1360070,Region,Rajshahi/Rangpur,0,,0,1,CMPNMRCNEN,BDDHS1994360007,1993-94,DHS,,,,,1.0
BGD,Barishal,4582726,Perinatal mortality rate (5 years),54,0,BD,Bangladesh,1994,BD1994DHS,CM_PNMR_C_PMR,63236030,I,360001,1360010,Region,Barishal,0,,0,1,CMPNMRCPMR,BDDHS1994360001,1993-94,DHS,473.0,776.0,,,1.0
BGD,Chattogram/Sylhet,7249242,Perinatal mortality rate (5 years),62,0,BD,Bangladesh,1994,BD1994DHS,CM_PNMR_C_PMR,63236030,I,360002,1360020,Region,Chattogram/Sylhet,0,,0,1,CMPNMRCPMR,BDDHS1994360002,1993-94,DHS,2245.0,1769.0,,,1.0
BGD,Chattogram,276448,Perinatal mortality rate (5 years),62,0,BD,Bangladesh,1994,BD1994DHS,CM_PNMR_C_PMR,63236030,I,360003,1360030,Region,..Chattogram,0,,0,1,CMPNMRCPMR,BDDHS1994360003,1993-94,DHS,2245.0,1769.0,,,
BGD,Dhaka before 2015,4938451,Perinatal mortality rate (5 years),56,0,BD,Bangladesh,1994,BD1994DHS,CM_PNMR_C_PMR,63236030,I,360005,1360050,Region,Dhaka before 2015,0,,0,1,CMPNMRCPMR,BDDHS1994360005,1993-94,DHS,2225.0,2078.0,,,1.0
BGD,Khulna,3139534,Perinatal mortality rate (5 years),58,0,BD,Bangladesh,1994,BD1994DHS,CM_PNMR_C_PMR,63236030,I,360006,1360060,Region,Khulna,0,,0,1,CMPNMRCPMR,BDDHS1994360006,1993-94,DHS,776.0,790.0,,,1.0
BGD,Rajshahi/Rangpur,6773681,Perinatal mortality rate (5 years),65,0,BD,Bangladesh,1994,BD1994DHS,CM_PNMR_C_PMR,63236030,I,360007,1360070,Region,Rajshahi/Rangpur,0,,0,1,CMPNMRCPMR,BDDHS1994360007,1993-94,DHS,1620.0,1820.0,,,1.0
BGD,Barishal,4629405,Number of pregnancies of 7+ months duration,473,0,BD,Bangladesh,1994,BD1994DHS,CM_PNMR_C_NUM,63236040,D,360001,1360010,Region,Barishal,0,,0,1,CMPNMRCNUM,BDDHS1994360001,1993-94,DHS,,776.0,,,1.0
BGD,Chattogram/Sylhet,7247155,Number of pregnancies of 7+ months duration,2245,0,BD,Bangladesh,1994,BD1994DHS,CM_PNMR_C_NUM,63236040,D,360002,1360020,Region,Chattogram/Sylhet,0,,0,1,CMPNMRCNUM,BDDHS1994360002,1993-94,DHS,,1769.0,,,1.0
BGD,Chattogram,1734648,Number of pregnancies of 7+ months duration,2245,0,BD,Bangladesh,1994,BD1994DHS,CM_PNMR_C_NUM,63236040,D,360003,1360030,Region,..Chattogram,0,,0,1,CMPNMRCNUM,BDDHS1994360003,1993-94,DHS,,1769.0,,,
BGD,Dhaka before 2015,4996644,Number of pregnancies of 7+ months duration,2225,0,BD,Bangladesh,1994,BD1994DHS,CM_PNMR_C_NUM,63236040,D,360005,1360050,Region,Dhaka before 2015,0,,0,1,CMPNMRCNUM,BDDHS1994360005,1993-94,DHS,,2078.0,,,1.0
BGD,Khulna,1734638,Number of pregnancies of 7+ months duration,776,0,BD,Bangladesh,1994,BD1994DHS,CM_PNMR_C_NUM,63236040,D,360006,1360060,Region,Khulna,0,,0,1,CMPNMRCNUM,BDDHS1994360006,1993-94,DHS,,790.0,,,1.0
BGD,Rajshahi/Rangpur,6831262,Number of pregnancies of 7+ months duration,1620,0,BD,Bangladesh,1994,BD1994DHS,CM_PNMR_C_NUM,63236040,D,360007,1360070,Region,Rajshahi/Rangpur,0,,0,1,CMPNMRCNUM,BDDHS1994360007,1993-94,DHS,,1820.0,,,1.0
BGD,Barishal,2988875,Number of pregnancies of 7+ months duration (unweighted),776,0,BD,Bangladesh,1994,BD1994DHS,CM_PNMR_C_UNW,63236050,U,360001,1360010,Region,Barishal,0,,0,1,CMPNMRCUNW,BDDHS1994360001,1993-94,DHS,473.0,,,,1.0
BGD,Chattogram/Sylhet,3323260,Number of pregnancies of 7+ months duration (unweighted),1769,0,BD,Bangladesh,1994,BD1994DHS,CM_PNMR_C_UNW,63236050,U,360002,1360020,Region,Chattogram/Sylhet,0,,0,1,CMPNMRCUNW,BDDHS1994360002,1993-94,DHS,2245.0,,,,1.0
BGD,Chattogram,276419,Number of pregnancies of 7+ months duration (unweighted),1769,0,BD,Bangladesh,1994,BD1994DHS,CM_PNMR_C_UNW,63236050,U,360003,1360030,Region,..Chattogram,0,,0,1,CMPNMRCUNW,BDDHS1994360003,1993-94,DHS,2245.0,,,,
BGD,Dhaka before 2015,329697,Number of pregnancies of 7+ months duration (unweighted),2078,0,BD,Bangladesh,1994,BD1994DHS,CM_PNMR_C_UNW,63236050,U,360005,1360050,Region,Dhaka before 2015,0,,0,1,CMPNMRCUNW,BDDHS1994360005,1993-94,DHS,2225.0,,,,1.0
BGD,Khulna,3139535,Number of pregnancies of 7+ months duration (unweighted),790,0,BD,Bangladesh,1994,BD1994DHS,CM_PNMR_C_UNW,63236050,U,360006,1360060,Region,Khulna,0,,0,1,CMPNMRCUNW,BDDHS1994360006,1993-94,DHS,776.0,,,,1.0
BGD,Rajshahi/Rangpur,6429275,Number of pregnancies of 7+ months duration (unweighted),1820,0,BD,Bangladesh,1994,BD1994DHS,CM_PNMR_C_UNW,63236050,U,360007,1360070,Region,Rajshahi/Rangpur,0,,0,1,CMPNMRCUNW,BDDHS1994360007,1993-94,DHS,1620.0,,,,1.0
BGD,Barishal,6200513,Neonatal mortality rate,53,0,BD,Bangladesh,1997,BD1997DHS,CM_ECMR_C_NNR,63206010,I,360001,1360010,Region,Barishal,14003,Ten years preceding the survey,0,1,CMECMRCNNR,BDDHS1997360001,1996-97,DHS,,,40.0,66.0,1.0
BGD,Chattogram/Sylhet,7638633,Neonatal mortality rate,51,0,BD,Bangladesh,1997,BD1997DHS,CM_ECMR_C_NNR,63206010,I,360002,1360020,Region,Chattogram/Sylhet,14003,Ten years preceding the survey,0,1,CMECMRCNNR,BDDHS1997360002,1996-97,DHS,,,42.0,61.0,
BGD,Chattogram,7698231,Neonatal mortality rate,42,0,BD,Bangladesh,1997,BD1997DHS,CM_ECMR_C_NNR,63206010,I,360003,1360030,Region,..Chattogram,14003,Ten years preceding the survey,0,1,CMECMRCNNR,BDDHS1997360003,1996-97,DHS,,,32.0,52.0,1.0
BGD,Sylhet,7470039,Neonatal mortality rate,85,0,BD,Bangladesh,1997,BD1997DHS,CM_ECMR_C_NNR,63206010,I,360004,1360040,Region,..Sylhet,14003,Ten years preceding the survey,0,1,CMECMRCNNR,BDDHS1997360004,1996-97,DHS,,,66.0,105.0,1.0
BGD,Dhaka before 2015,7452889,Neonatal mortality rate,52,0,BD,Bangladesh,1997,BD1997DHS,CM_ECMR_C_NNR,63206010,I,360005,1360050,Region,Dhaka before 2015,14003,Ten years preceding the survey,0,1,CMECMRCNNR,BDDHS1997360005,1996-97,DHS,,,43.0,61.0,1.0
BGD,Khulna,7784574,Neonatal mortality rate,52,0,BD,Bangladesh,1997,BD1997DHS,CM_ECMR_C_NNR,63206010,I,360006,1360060,Region,Khulna,14003,Ten years preceding the survey,0,1,CMECMRCNNR,BDDHS1997360006,1996-97,DHS,,,39.0,65.0,1.0
BGD,Rajshahi/Rangpur,7639731,Neonatal mortality rate,64,0,BD,Bangladesh,1997,BD1997DHS,CM_ECMR_C_NNR,63206010,I,360007,1360070,Region,Rajshahi/Rangpur,14003,Ten years preceding the survey,0,1,CMECMRCNNR,BDDHS1997360007,1996-97,DHS,,,55.0,73.0,1.0
BGD,Barishal,7976004,Postneonatal mortality rate,33,0,BD,Bangladesh,1997,BD1997DHS,CM_ECMR_C_PNR,63206020,I,360001,1360010,Region,Barishal,14003,Ten years preceding the survey,0,1,CMECMRCPNR,BDDHS1997360001,1996-97,DHS,,,21.0,45.0,1.0
BGD,Chattogram/Sylhet,7799188,Postneonatal mortality rate,39,0,BD,Bangladesh,1997,BD1997DHS,CM_ECMR_C_PNR,63206020,I,360002,1360020,Region,Chattogram/Sylhet,14003,Ten years preceding the survey,0,1,CMECMRCPNR,BDDHS1997360002,1996-97,DHS,,,31.0,47.0,
BGD,Chattogram,1739814,Postneonatal mortality rate,35,0,BD,Bangladesh,1997,BD1997DHS,CM_ECMR_C_PNR,63206020,I,360003,1360030,Region,..Chattogram,14003,Ten years preceding the survey,0,1,CMECMRCPNR,BDDHS1997360003,1996-97,DHS,,,25.0,44.0,1.0
BGD,Sylhet,7470888,Postneonatal mortality rate,53,0,BD,Bangladesh,1997,BD1997DHS,CM_ECMR_C_PNR,63206020,I,360004,1360040,Region,..Sylhet,14003,Ten years preceding the survey,0,1,CMECMRCPNR,BDDHS1997360004,1996-97,DHS,,,41.0,65.0,1.0
BGD,Dhaka before 2015,7513118,Postneonatal mortality rate,39,0,BD,Bangladesh,1997,BD1997DHS,CM_ECMR_C_PNR,63206020,I,360005,1360050,Region,Dhaka before 2015,14003,Ten years preceding the survey,0,1,CMECMRCPNR,BDDHS1997360005,1996-97,DHS,,,32.0,46.0,1.0
BGD,Khulna,7710847,Postneonatal mortality rate,23,0,BD,Bangladesh,1997,BD1997DHS,CM_ECMR_C_PNR,63206020,I,360006,1360060,Region,Khulna,14003,Ten years preceding the survey,0,1,CMECMRCPNR,BDDHS1997360006,1996-97,DHS,,,15.0,32.0,1.0
BGD,Rajshahi/Rangpur,7657500,Postneonatal mortality rate,30,0,BD,Bangladesh,1997,BD1997DHS,CM_ECMR_C_PNR,63206020,I,360007,1360070,Region,Rajshahi/Rangpur,14003,Ten years preceding the survey,0,1,CMECMRCPNR,BDDHS1997360007,1996-97,DHS,,,22.0,39.0,1.0
BGD,Barishal,7583550,Infant mortality rate,86,0,BD,Bangladesh,1997,BD1997DHS,CM_ECMR_C_IMR,63206030,I,360001,1360010,Region,Barishal,14003,Ten years preceding the survey,0,1,CMECMRCIMR,BDDHS1997360001,1996-97,DHS,,,72.0,101.0,1.0
BGD,Chattogram/Sylhet,7745485,Infant mortality rate,90,0,BD,Bangladesh,1997,BD1997DHS,CM_ECMR_C_IMR,63206030,I,360002,1360020,Region,Chattogram/Sylhet,14003,Ten years preceding the survey,0,1,CMECMRCIMR,BDDHS1997360002,1996-97,DHS,,,78.0,102.0,
BGD,Chattogram,7523807,Infant mortality rate,77,0,BD,Bangladesh,1997,BD1997DHS,CM_ECMR_C_IMR,63206030,I,360003,1360030,Region,..Chattogram,14003,Ten years preceding the survey,0,1,CMECMRCIMR,BDDHS1997360003,1996-97,DHS,,,65.0,89.0,1.0
BGD,Sylhet,878206,Infant mortality rate,138,0,BD,Bangladesh,1997,BD1997DHS,CM_ECMR_C_IMR,63206030,I,360004,1360040,Region,..Sylhet,14003,Ten years preceding the survey,0,1,CMECMRCIMR,BDDHS1997360004,1996-97,DHS,,,114.0,162.0,1.0
BGD,Dhaka before 2015,7611104,Infant mortality rate,91,0,BD,Bangladesh,1997,BD1997DHS,CM_ECMR_C_IMR,63206030,I,360005,1360050,Region,Dhaka before 2015,14003,Ten years preceding the survey,0,1,CMECMRCIMR,BDDHS1997360005,1996-97,DHS,,,80.0,102.0,1.0
BGD,Khulna,7850291,Infant mortality rate,75,0,BD,Bangladesh,1997,BD1997DHS,CM_ECMR_C_IMR,63206030,I,360006,1360060,Region,Khulna,14003,Ten years preceding the survey,0,1,CMECMRCIMR,BDDHS1997360006,1996-97,DHS,,,61.0,90.0,1.0
BGD,Rajshahi/Rangpur,7864688,Infant mortality rate,94,0,BD,Bangladesh,1997,BD1997DHS,CM_ECMR_C_IMR,63206030,I,360007,1360070,Region,Rajshahi/Rangpur,14003,Ten years preceding the survey,0,1,CMECMRCIMR,BDDHS1997360007,1996-97,DHS,,,82.0,107.0,1.0
BGD,Barishal,7650892,Child mortality rate,36,0,BD,Bangladesh,1997,BD1997DHS,CM_ECMR_C_CMR,63206040,I,360001,1360010,Region,Barishal,14003,Ten years preceding the survey,0,1,CMECMRCCMR,BDDHS1997360001,1996-97,DHS,,,28.0,45.0,1.0
BGD,Chattogram/Sylhet,7888020,Child mortality rate,57,0,BD,Bangladesh,1997,BD1997DHS,CM_ECMR_C_CMR,63206040,I,360002,1360020,Region,Chattogram/Sylhet,14003,Ten years preceding the survey,0,1,CMECMRCCMR,BDDHS1997360002,1996-97,DHS,,,47.0,67.0,
BGD,Chattogram,7886153,Child mortality rate,59,0,BD,Bangladesh,1997,BD1997DHS,CM_ECMR_C_CMR,63206040,I,360003,1360030,Region,..Chattogram,14003,Ten years preceding the survey,0,1,CMECMRCCMR,BDDHS1997360003,1996-97,DHS,,,47.0,71.0,1.0
BGD,Sylhet,7556507,Child mortality rate,48,0,BD,Bangladesh,1997,BD1997DHS,CM_ECMR_C_CMR,63206040,I,360004,1360040,Region,..Sylhet,14003,Ten years preceding the survey,0,1,CMECMRCCMR,BDDHS1997360004,1996-97,DHS,,,35.0,60.0,1.0
BGD,Dhaka before 2015,7743705,Child mortality rate,44,0,BD,Bangladesh,1997,BD1997DHS,CM_ECMR_C_CMR,63206040,I,360005,1360050,Region,Dhaka before 2015,14003,Ten years preceding the survey,0,1,CMECMRCCMR,BDDHS1997360005,1996-97,DHS,,,35.0,52.0,1.0
BGD,Khulna,7464817,Child mortality rate,13,0,BD,Bangladesh,1997,BD1997DHS,CM_ECMR_C_CMR,63206040,I,360006,1360060,Region,Khulna,14003,Ten years preceding the survey,0,1,CMECMRCCMR,BDDHS1997360006,1996-97,DHS,,,7.0,19.0,1.0
BGD,Rajshahi/Rangpur,7897921,Child mortality rate,35,0,BD,Bangladesh,1997,BD1997DHS,CM_ECMR_C_CMR,63206040,I,360007,1360070,Region,Rajshahi/Rangpur,14003,Ten years preceding the survey,0,1,CMECMRCCMR,BDDHS1997360007,1996-97,DHS,,,26.0,44.0,1.0
BGD,Barishal,7742229,Under-five mortality rate,120,0,BD,Bangladesh,1997,BD1997DHS,CM_ECMR_C_U5M,63206050,I,360001,1360010,Region,Barishal,14003,Ten years preceding the survey,0,1,CMECMRCU5M,BDDHS1997360001,1996-97,DHS,,,105.0,134.0,1.0
BGD,Chattogram/Sylhet,7975609,Under-five mortality rate,142,0,BD,Bangladesh,1997,BD1997DHS,CM_ECMR_C_U5M,63206050,I,360002,1360020,Region,Chattogram/Sylhet,14003,Ten years preceding the survey,0,1,CMECMRCU5M,BDDHS1997360002,1996-97,DHS,,,126.0,158.0,
BGD,Chattogram,7885657,Under-five mortality rate,131,0,BD,Bangladesh,1997,BD1997DHS,CM_ECMR_C_U5M,63206050,I,360003,1360030,Region,..Chattogram,14003,Ten years preceding the survey,0,1,CMECMRCU5M,BDDHS1997360003,1996-97,DHS,,,112.0,150.0,1.0
BGD,Sylhet,1739794,Under-five mortality rate,179,0,BD,Bangladesh,1997,BD1997DHS,CM_ECMR_C_U5M,63206050,I,360004,1360040,Region,..Sylhet,14003,Ten years preceding the survey,0,1,CMECMRCU5M,BDDHS1997360004,1996-97,DHS,,,152.0,206.0,1.0
BGD,Dhaka before 2015,7746144,Under-five mortality rate,131,0,BD,Bangladesh,1997,BD1997DHS,CM_ECMR_C_U5M,63206050,I,360005,1360050,Region,Dhaka before 2015,14003,Ten years preceding the survey,0,1,CMECMRCU5M,BDDHS1997360005,1996-97,DHS,,,117.0,144.0,1.0
BGD,Khulna,7585170,Under-five mortality rate,87,0,BD,Bangladesh,1997,BD1997DHS,CM_ECMR_C_U5M,63206050,I,360006,1360060,Region,Khulna,14003,Ten years preceding the survey,0,1,CMECMRCU5M,BDDHS1997360006,1996-97,DHS,,,73.0,101.0,1.0
BGD,Rajshahi/Rangpur,7447557,Under-five mortality rate,126,0,BD,Bangladesh,1997,BD1997DHS,CM_ECMR_C_U5M,63206050,I,360007,1360070,Region,Rajshahi/Rangpur,14003,Ten years preceding the survey,0,1,CMECMRCU5M,BDDHS1997360007,1996-97,DHS,,,111.0,141.0,1.0
BGD,Barishal,1728493,Stillbirths,10,0,BD,Bangladesh,1997,BD1997DHS,CM_PNMR_C_NSB,63236010,I,360001,1360010,Region,Barishal,0,,0,1,CMPNMRCNSB,BDDHS1997360001,1996-97,DHS,,,,,1.0
BGD,Chattogram/Sylhet,2666721,Stillbirths,62,0,BD,Bangladesh,1997,BD1997DHS,CM_PNMR_C_NSB,63236010,I,360002,1360020,Region,Chattogram/Sylhet,0,,0,1,CMPNMRCNSB,BDDHS1997360002,1996-97,DHS,,,,,
BGD,Chattogram,1739836,Stillbirths,43,0,BD,Bangladesh,1997,BD1997DHS,CM_PNMR_C_NSB,63236010,I,360003,1360030,Region,..Chattogram,0,,0,1,CMPNMRCNSB,BDDHS1997360003,1996-97,DHS,,,,,1.0
BGD,Sylhet,1739810,Stillbirths,18,0,BD,Bangladesh,1997,BD1997DHS,CM_PNMR_C_NSB,63236010,I,360004,1360040,Region,..Sylhet,0,,0,1,CMPNMRCNSB,BDDHS1997360004,1996-97,DHS,,,,,1.0
BGD,Dhaka before 2015,1739812,Stillbirths,59,0,BD,Bangladesh,1997,BD1997DHS,CM_PNMR_C_NSB,63236010,I,360005,1360050,Region,Dhaka before 2015,0,,0,1,CMPNMRCNSB,BDDHS1997360005,1996-97,DHS,,,,,1.0
BGD,Khulna,1728519,Stillbirths,24,0,BD,Bangladesh,1997,BD1997DHS,CM_PNMR_C_NSB,63236010,I,360006,1360060,Region,Khulna,0,,0,1,CMPNMRCNSB,BDDHS1997360006,1996-97,DHS,,,,,1.0
BGD,Rajshahi/Rangpur,1734689,Stillbirths,48,0,BD,Bangladesh,1997,BD1997DHS,CM_PNMR_C_NSB,63236010,I,360007,1360070,Region,Rajshahi/Rangpur,0,,0,1,CMPNMRCNSB,BDDHS1997360007,1996-97,DHS,,,,,1.0
BGD,Barishal,1728494,Early neonatal deaths,12,0,BD,Bangladesh,1997,BD1997DHS,CM_PNMR_C_NEN,63236020,I,360001,1360010,Region,Barishal,0,,0,1,CMPNMRCNEN,BDDHS1997360001,1996-97,DHS,,,,,1.0
BGD,Chattogram/Sylhet,2666722,Early neonatal deaths,48,0,BD,Bangladesh,1997,BD1997DHS,CM_PNMR_C_NEN,63236020,I,360002,1360020,Region,Chattogram/Sylhet,0,,0,1,CMPNMRCNEN,BDDHS1997360002,1996-97,DHS,,,,,
BGD,Chattogram,1739837,Early neonatal deaths,27,0,BD,Bangladesh,1997,BD1997DHS,CM_PNMR_C_NEN,63236020,I,360003,1360030,Region,..Chattogram,0,,0,1,CMPNMRCNEN,BDDHS1997360003,1996-97,DHS,,,,,1.0
BGD,Sylhet,1739811,Early neonatal deaths,20,0,BD,Bangladesh,1997,BD1997DHS,CM_PNMR_C_NEN,63236020,I,360004,1360040,Region,..Sylhet,0,,0,1,CMPNMRCNEN,BDDHS1997360004,1996-97,DHS,,,,,1.0
BGD,Dhaka before 2015,1739813,Early neonatal deaths,48,0,BD,Bangladesh,1997,BD1997DHS,CM_PNMR_C_NEN,63236020,I,360005,1360050,Region,Dhaka before 2015,0,,0,1,CMPNMRCNEN,BDDHS1997360005,1996-97,DHS,,,,,1.0
BGD,Khulna,1728520,Early neonatal deaths,22,0,BD,Bangladesh,1997,BD1997DHS,CM_PNMR_C_NEN,63236020,I,360006,1360060,Region,Khulna,0,,0,1,CMPNMRCNEN,BDDHS1997360006,1996-97,DHS,,,,,1.0
BGD,Rajshahi/Rangpur,1734690,Early neonatal deaths,43,0,BD,Bangladesh,1997,BD1997DHS,CM_PNMR_C_NEN,63236020,I,360007,1360070,Region,Rajshahi/Rangpur,0,,0,1,CMPNMRCNEN,BDDHS1997360007,1996-97,DHS,,,,,1.0
BGD,Barishal,7095201,Perinatal mortality rate (5 years),54,0,BD,Bangladesh,1997,BD1997DHS,CM_PNMR_C_PMR,63236030,I,360001,1360010,Region,Barishal,0,,0,1,CMPNMRCPMR,BDDHS1997360001,1996-97,DHS,418.0,655.0,,,1.0
BGD,Chattogram/Sylhet,5743162,Perinatal mortality rate (5 years),54,0,BD,Bangladesh,1997,BD1997DHS,CM_PNMR_C_PMR,63236030,I,360002,1360020,Region,Chattogram/Sylhet,0,,0,1,CMPNMRCPMR,BDDHS1997360002,1996-97,DHS,2033.0,1949.0,,,
BGD,Chattogram,1739845,Perinatal mortality rate (5 years),45,0,BD,Bangladesh,1997,BD1997DHS,CM_PNMR_C_PMR,63236030,I,360003,1360030,Region,..Chattogram,0,,0,1,CMPNMRCPMR,BDDHS1997360003,1996-97,DHS,1581.0,1151.0,,,1.0
BGD,Sylhet,6269069,Perinatal mortality rate (5 years),86,0,BD,Bangladesh,1997,BD1997DHS,CM_PNMR_C_PMR,63236030,I,360004,1360040,Region,..Sylhet,0,,0,1,CMPNMRCPMR,BDDHS1997360004,1996-97,DHS,452.0,798.0,,,1.0
BGD,Dhaka before 2015,1739848,Perinatal mortality rate (5 years),55,0,BD,Bangladesh,1997,BD1997DHS,CM_PNMR_C_PMR,63236030,I,360005,1360050,Region,Dhaka before 2015,0,,0,1,CMPNMRCPMR,BDDHS1997360005,1996-97,DHS,1952.0,1710.0,,,1.0
BGD,Khulna,311306,Perinatal mortality rate (5 years),71,0,BD,Bangladesh,1997,BD1997DHS,CM_PNMR_C_PMR,63236030,I,360006,1360060,Region,Khulna,0,,0,1,CMPNMRCPMR,BDDHS1997360006,1996-97,DHS,635.0,615.0,,,1.0
BGD,Rajshahi/Rangpur,1734725,Perinatal mortality rate (5 years),66,0,BD,Bangladesh,1997,BD1997DHS,CM_PNMR_C_PMR,63236030,I,360007,1360070,Region,Rajshahi/Rangpur,0,,0,1,CMPNMRCPMR,BDDHS1997360007,1996-97,DHS,1374.0,1443.0,,,1.0
BGD,Barishal,7098149,Number of pregnancies of 7+ months duration,418,0,BD,Bangladesh,1997,BD1997DHS,CM_PNMR_C_NUM,63236040,D,360001,1360010,Region,Barishal,0,,0,1,CMPNMRCNUM,BDDHS1997360001,1996-97,DHS,,655.0,,,1.0
BGD,Chattogram/Sylhet,5801902,Number of pregnancies of 7+ months duration,2033,0,BD,Bangladesh,1997,BD1997DHS,CM_PNMR_C_NUM,63236040,D,360002,1360020,Region,Chattogram/Sylhet,0,,0,1,CMPNMRCNUM,BDDHS1997360002,1996-97,DHS,,1949.0,,,
BGD,Chattogram,1739841,Number of pregnancies of 7+ months duration,1581,0,BD,Bangladesh,1997,BD1997DHS,CM_PNMR_C_NUM,63236040,D,360003,1360030,Region,..Chattogram,0,,0,1,CMPNMRCNUM,BDDHS1997360003,1996-97,DHS,,1151.0,,,1.0
BGD,Sylhet,6383627,Number of pregnancies of 7+ months duration,452,0,BD,Bangladesh,1997,BD1997DHS,CM_PNMR_C_NUM,63236040,D,360004,1360040,Region,..Sylhet,0,,0,1,CMPNMRCNUM,BDDHS1997360004,1996-97,DHS,,798.0,,,1.0
BGD,Dhaka before 2015,1739839,Number of pregnancies of 7+ months duration,1952,0,BD,Bangladesh,1997,BD1997DHS,CM_PNMR_C_NUM,63236040,D,360005,1360050,Region,Dhaka before 2015,0,,0,1,CMPNMRCNUM,BDDHS1997360005,1996-97,DHS,,1710.0,,,1.0
BGD,Khulna,1728523,Number of pregnancies of 7+ months duration,635,0,BD,Bangladesh,1997,BD1997DHS,CM_PNMR_C_NUM,63236040,D,360006,1360060,Region,Khulna,0,,0,1,CMPNMRCNUM,BDDHS1997360006,1996-97,DHS,,615.0,,,1.0
BGD,Rajshahi/Rangpur,1734807,Number of pregnancies of 7+ months duration,1374,0,BD,Bangladesh,1997,BD1997DHS,CM_PNMR_C_NUM,63236040,D,360007,1360070,Region,Rajshahi/Rangpur,0,,0,1,CMPNMRCNUM,BDDHS1997360007,1996-97,DHS,,1443.0,,,1.0
BGD,Barishal,3066411,Number of pregnancies of 7+ months duration (unweighted),655,0,BD,Bangladesh,1997,BD1997DHS,CM_PNMR_C_UNW,63236050,U,360001,1360010,Region,Barishal,0,,0,1,CMPNMRCUNW,BDDHS1997360001,1996-97,DHS,418.0,,,,1.0
BGD,Chattogram/Sylhet,650236,Number of pregnancies of 7+ months duration (unweighted),1949,0,BD,Bangladesh,1997,BD1997DHS,CM_PNMR_C_UNW,63236050,U,360002,1360020,Region,Chattogram/Sylhet,0,,0,1,CMPNMRCUNW,BDDHS1997360002,1996-97,DHS,2033.0,,,,
BGD,Chattogram,1739846,Number of pregnancies of 7+ months duration (unweighted),1151,0,BD,Bangladesh,1997,BD1997DHS,CM_PNMR_C_UNW,63236050,U,360003,1360030,Region,..Chattogram,0,,0,1,CMPNMRCUNW,BDDHS1997360003,1996-97,DHS,1581.0,,,,1.0
BGD,Sylhet,3431445,Number of pregnancies of 7+ months duration (unweighted),798,0,BD,Bangladesh,1997,BD1997DHS,CM_PNMR_C_UNW,63236050,U,360004,1360040,Region,..Sylhet,0,,0,1,CMPNMRCUNW,BDDHS1997360004,1996-97,DHS,452.0,,,,1.0
BGD,Dhaka before 2015,1741044,Number of pregnancies of 7+ months duration (unweighted),1710,0,BD,Bangladesh,1997,BD1997DHS,CM_PNMR_C_UNW,63236050,U,360005,1360050,Region,Dhaka before 2015,0,,0,1,CMPNMRCUNW,BDDHS1997360005,1996-97,DHS,1952.0,,,,1.0
BGD,Khulna,311296,Number of pregnancies of 7+ months duration (unweighted),615,0,BD,Bangladesh,1997,BD1997DHS,CM_PNMR_C_UNW,63236050,U,360006,1360060,Region,Khulna,0,,0,1,CMPNMRCUNW,BDDHS1997360006,1996-97,DHS,635.0,,,,1.0
BGD,Rajshahi/Rangpur,1736065,Number of pregnancies of 7+ months duration (unweighted),1443,0,BD,Bangladesh,1997,BD1997DHS,CM_PNMR_C_UNW,63236050,U,360007,1360070,Region,Rajshahi/Rangpur,0,,0,1,CMPNMRCUNW,BDDHS1997360007,1996-97,DHS,1374.0,,,,1.0
BGD,Barishal,7552798,Neonatal mortality rate,47,0,BD,Bangladesh,2000,BD2000DHS,CM_ECMR_C_NNR,63206010,I,360001,1360010,Region,Barishal,14003,Ten years preceding the survey,0,1,CMECMRCNNR,BDDHS2000360001,1999-00,DHS,,,32.0,63.0,1.0
BGD,Chattogram/Sylhet,1734756,Neonatal mortality rate,51,0,BD,Bangladesh,2000,BD2000DHS,CM_ECMR_C_NNR,63206010,I,360002,1360020,Region,Chattogram/Sylhet,14003,Ten years preceding the survey,0,1,CMECMRCNNR,BDDHS2000360002,1999-00,DHS,,,43.0,60.0,
BGD,Chattogram,7779839,Neonatal mortality rate,41,0,BD,Bangladesh,2000,BD2000DHS,CM_ECMR_C_NNR,63206010,I,360003,1360030,Region,..Chattogram,14003,Ten years preceding the survey,0,1,CMECMRCNNR,BDDHS2000360003,1999-00,DHS,,,32.0,49.0,1.0
BGD,Sylhet,871058,Neonatal mortality rate,82,0,BD,Bangladesh,2000,BD2000DHS,CM_ECMR_C_NNR,63206010,I,360004,1360040,Region,..Sylhet,14003,Ten years preceding the survey,0,1,CMECMRCNNR,BDDHS2000360004,1999-00,DHS,,,65.0,98.0,1.0
BGD,Dhaka before 2015,7928753,Neonatal mortality rate,52,0,BD,Bangladesh,2000,BD2000DHS,CM_ECMR_C_NNR,63206010,I,360005,1360050,Region,Dhaka before 2015,14003,Ten years preceding the survey,0,1,CMECMRCNNR,BDDHS2000360005,1999-00,DHS,,,41.0,62.0,1.0
BGD,Khulna,7776313,Neonatal mortality rate,47,0,BD,Bangladesh,2000,BD2000DHS,CM_ECMR_C_NNR,63206010,I,360006,1360060,Region,Khulna,14003,Ten years preceding the survey,0,1,CMECMRCNNR,BDDHS2000360006,1999-00,DHS,,,37.0,58.0,1.0
BGD,Rajshahi/Rangpur,1722297,Neonatal mortality rate,50,0,BD,Bangladesh,2000,BD2000DHS,CM_ECMR_C_NNR,63206010,I,360007,1360070,Region,Rajshahi/Rangpur,14003,Ten years preceding the survey,0,1,CMECMRCNNR,BDDHS2000360007,1999-00,DHS,,,41.0,58.0,1.0
BGD,Barishal,7945224,Postneonatal mortality rate,28,0,BD,Bangladesh,2000,BD2000DHS,CM_ECMR_C_PNR,63206020,I,360001,1360010,Region,Barishal,14003,Ten years preceding the survey,0,1,CMECMRCPNR,BDDHS2000360001,1999-00,DHS,,,17.0,40.0,1.0
BGD,Chattogram/Sylhet,7771432,Postneonatal mortality rate,33,0,BD,Bangladesh,2000,BD2000DHS,CM_ECMR_C_PNR,63206020,I,360002,1360020,Region,Chattogram/Sylhet,14003,Ten years preceding the survey,0,1,CMECMRCPNR,BDDHS2000360002,1999-00,DHS,,,27.0,39.0,
BGD,Chattogram,1728568,Postneonatal mortality rate,29,0,BD,Bangladesh,2000,BD2000DHS,CM_ECMR_C_PNR,63206020,I,360003,1360030,Region,..Chattogram,14003,Ten years preceding the survey,0,1,CMECMRCPNR,BDDHS2000360003,1999-00,DHS,,,22.0,35.0,1.0
BGD,Sylhet,7592790,Postneonatal mortality rate,45,0,BD,Bangladesh,2000,BD2000DHS,CM_ECMR_C_PNR,63206020,I,360004,1360040,Region,..Sylhet,14003,Ten years preceding the survey,0,1,CMECMRCPNR,BDDHS2000360004,1999-00,DHS,,,35.0,56.0,1.0
BGD,Dhaka before 2015,7620167,Postneonatal mortality rate,32,0,BD,Bangladesh,2000,BD2000DHS,CM_ECMR_C_PNR,63206020,I,360005,1360050,Region,Dhaka before 2015,14003,Ten years preceding the survey,0,1,CMECMRCPNR,BDDHS2000360005,1999-00,DHS,,,26.0,39.0,1.0
BGD,Khulna,1722289,Postneonatal mortality rate,17,0,BD,Bangladesh,2000,BD2000DHS,CM_ECMR_C_PNR,63206020,I,360006,1360060,Region,Khulna,14003,Ten years preceding the survey,0,1,CMECMRCPNR,BDDHS2000360006,1999-00,DHS,,,10.0,24.0,1.0
BGD,Rajshahi/Rangpur,7972984,Postneonatal mortality rate,27,0,BD,Bangladesh,2000,BD2000DHS,CM_ECMR_C_PNR,63206020,I,360007,1360070,Region,Rajshahi/Rangpur,14003,Ten years preceding the survey,0,1,CMECMRCPNR,BDDHS2000360007,1999-00,DHS,,,19.0,34.0,1.0
BGD,Barishal,1722317,Infant mortality rate,76,0,BD,Bangladesh,2000,BD2000DHS,CM_ECMR_C_IMR,63206030,I,360001,1360010,Region,Barishal,14003,Ten years preceding the survey,0,1,CMECMRCIMR,BDDHS2000360001,1999-00,DHS,,,56.0,95.0,1.0
BGD,Chattogram/Sylhet,7623470,Infant mortality rate,84,0,BD,Bangladesh,2000,BD2000DHS,CM_ECMR_C_IMR,63206030,I,360002,1360020,Region,Chattogram/Sylhet,14003,Ten years preceding the survey,0,1,CMECMRCIMR,BDDHS2000360002,1999-00,DHS,,,74.0,95.0,
BGD,Chattogram,1728524,Infant mortality rate,69,0,BD,Bangladesh,2000,BD2000DHS,CM_ECMR_C_IMR,63206030,I,360003,1360030,Region,..Chattogram,14003,Ten years preceding the survey,0,1,CMECMRCIMR,BDDHS2000360003,1999-00,DHS,,,59.0,79.0,1.0
BGD,Sylhet,7478138,Infant mortality rate,127,0,BD,Bangladesh,2000,BD2000DHS,CM_ECMR_C_IMR,63206030,I,360004,1360040,Region,..Sylhet,14003,Ten years preceding the survey,0,1,CMECMRCIMR,BDDHS2000360004,1999-00,DHS,,,106.0,148.0,1.0
BGD,Dhaka before 2015,7901533,Infant mortality rate,84,0,BD,Bangladesh,2000,BD2000DHS,CM_ECMR_C_IMR,63206030,I,360005,1360050,Region,Dhaka before 2015,14003,Ten years preceding the survey,0,1,CMECMRCIMR,BDDHS2000360005,1999-00,DHS,,,72.0,96.0,1.0
BGD,Khulna,1722328,Infant mortality rate,64,0,BD,Bangladesh,2000,BD2000DHS,CM_ECMR_C_IMR,63206030,I,360006,1360060,Region,Khulna,14003,Ten years preceding the survey,0,1,CMECMRCIMR,BDDHS2000360006,1999-00,DHS,,,51.0,78.0,1.0
BGD,Rajshahi/Rangpur,7832683,Infant mortality rate,76,0,BD,Bangladesh,2000,BD2000DHS,CM_ECMR_C_IMR,63206030,I,360007,1360070,Region,Rajshahi/Rangpur,14003,Ten years preceding the survey,0,1,CMECMRCIMR,BDDHS2000360007,1999-00,DHS,,,66.0,87.0,1.0
BGD,Barishal,7883616,Child mortality rate,36,0,BD,Bangladesh,2000,BD2000DHS,CM_ECMR_C_CMR,63206040,I,360001,1360010,Region,Barishal,14003,Ten years preceding the survey,0,1,CMECMRCCMR,BDDHS2000360001,1999-00,DHS,,,24.0,48.0,1.0
BGD,Chattogram/Sylhet,7655552,Child mortality rate,43,0,BD,Bangladesh,2000,BD2000DHS,CM_ECMR_C_CMR,63206040,I,360002,1360020,Region,Chattogram/Sylhet,14003,Ten years preceding the survey,0,1,CMECMRCCMR,BDDHS2000360002,1999-00,DHS,,,34.0,51.0,
BGD,Chattogram,7820231,Child mortality rate,44,0,BD,Bangladesh,2000,BD2000DHS,CM_ECMR_C_CMR,63206040,I,360003,1360030,Region,..Chattogram,14003,Ten years preceding the survey,0,1,CMECMRCCMR,BDDHS2000360003,1999-00,DHS,,,33.0,54.0,1.0
BGD,Sylhet,7508383,Child mortality rate,40,0,BD,Bangladesh,2000,BD2000DHS,CM_ECMR_C_CMR,63206040,I,360004,1360040,Region,..Sylhet,14003,Ten years preceding the survey,0,1,CMECMRCCMR,BDDHS2000360004,1999-00,DHS,,,28.0,53.0,1.0
BGD,Dhaka before 2015,1734817,Child mortality rate,34,0,BD,Bangladesh,2000,BD2000DHS,CM_ECMR_C_CMR,63206040,I,360005,1360050,Region,Dhaka before 2015,14003,Ten years preceding the survey,0,1,CMECMRCCMR,BDDHS2000360005,1999-00,DHS,,,27.0,41.0,1.0
BGD,Khulna,7610407,Child mortality rate,16,0,BD,Bangladesh,2000,BD2000DHS,CM_ECMR_C_CMR,63206040,I,360006,1360060,Region,Khulna,14003,Ten years preceding the survey,0,1,CMECMRCCMR,BDDHS2000360006,1999-00,DHS,,,8.0,23.0,1.0
BGD,Rajshahi/Rangpur,7608720,Child mortality rate,27,0,BD,Bangladesh,2000,BD2000DHS,CM_ECMR_C_CMR,63206040,I,360007,1360070,Region,Rajshahi/Rangpur,14003,Ten years preceding the survey,0,1,CMECMRCCMR,BDDHS2000360007,1999-00,DHS,,,19.0,35.0,1.0
BGD,Barishal,7697235,Under-five mortality rate,109,0,BD,Bangladesh,2000,BD2000DHS,CM_ECMR_C_U5M,63206050,I,360001,1360010,Region,Barishal,14003,Ten years preceding the survey,0,1,CMECMRCU5M,BDDHS2000360001,1999-00,DHS,,,88.0,130.0,1.0
BGD,Chattogram/Sylhet,1734755,Under-five mortality rate,123,0,BD,Bangladesh,2000,BD2000DHS,CM_ECMR_C_U5M,63206050,I,360002,1360020,Region,Chattogram/Sylhet,14003,Ten years preceding the survey,0,1,CMECMRCU5M,BDDHS2000360002,1999-00,DHS,,,110.0,136.0,
BGD,Chattogram,7893757,Under-five mortality rate,110,0,BD,Bangladesh,2000,BD2000DHS,CM_ECMR_C_U5M,63206050,I,360003,1360030,Region,..Chattogram,14003,Ten years preceding the survey,0,1,CMECMRCU5M,BDDHS2000360003,1999-00,DHS,,,95.0,125.0,1.0
BGD,Sylhet,1734855,Under-five mortality rate,162,0,BD,Bangladesh,2000,BD2000DHS,CM_ECMR_C_U5M,63206050,I,360004,1360040,Region,..Sylhet,14003,Ten years preceding the survey,0,1,CMECMRCU5M,BDDHS2000360004,1999-00,DHS,,,140.0,184.0,1.0
BGD,Dhaka before 2015,1734881,Under-five mortality rate,115,0,BD,Bangladesh,2000,BD2000DHS,CM_ECMR_C_U5M,63206050,I,360005,1360050,Region,Dhaka before 2015,14003,Ten years preceding the survey,0,1,CMECMRCU5M,BDDHS2000360005,1999-00,DHS,,,102.0,129.0,1.0
BGD,Khulna,7697220,Under-five mortality rate,79,0,BD,Bangladesh,2000,BD2000DHS,CM_ECMR_C_U5M,63206050,I,360006,1360060,Region,Khulna,14003,Ten years preceding the survey,0,1,CMECMRCU5M,BDDHS2000360006,1999-00,DHS,,,66.0,93.0,1.0
BGD,Rajshahi/Rangpur,1722342,Under-five mortality rate,101,0,BD,Bangladesh,2000,BD2000DHS,CM_ECMR_C_U5M,63206050,I,360007,1360070,Region,Rajshahi/Rangpur,14003,Ten years preceding the survey,0,1,CMECMRCU5M,BDDHS2000360007,1999-00,DHS,,,88.0,114.0,1.0
BGD,Barishal,1722312,Stillbirths,7,0,BD,Bangladesh,2000,BD2000DHS,CM_PNMR_C_NSB,63236010,I,360001,1360010,Region,Barishal,0,,0,1,CMPNMRCNSB,BDDHS2000360001,1999-00,DHS,,,,,1.0
BGD,Chattogram/Sylhet,7450202,Stillbirths,63,0,BD,Bangladesh,2000,BD2000DHS,CM_PNMR_C_NSB,63236010,I,360002,1360020,Region,Chattogram/Sylhet,0,,0,1,CMPNMRCNSB,BDDHS2000360002,1999-00,DHS,,,,,
BGD,Chattogram,7934038,Stillbirths,39,0,BD,Bangladesh,2000,BD2000DHS,CM_PNMR_C_NSB,63236010,I,360003,1360030,Region,..Chattogram,0,,0,1,CMPNMRCNSB,BDDHS2000360003,1999-00,DHS,,,,,1.0
BGD,Sylhet,1734821,Stillbirths,24,0,BD,Bangladesh,2000,BD2000DHS,CM_PNMR_C_NSB,63236010,I,360004,1360040,Region,..Sylhet,0,,0,1,CMPNMRCNSB,BDDHS2000360004,1999-00,DHS,,,,,1.0
BGD,Dhaka before 2015,1734793,Stillbirths,49,0,BD,Bangladesh,2000,BD2000DHS,CM_PNMR_C_NSB,63236010,I,360005,1360050,Region,Dhaka before 2015,0,,0,1,CMPNMRCNSB,BDDHS2000360005,1999-00,DHS,,,,,1.0
BGD,Khulna,7629726,Stillbirths,24,0,BD,Bangladesh,2000,BD2000DHS,CM_PNMR_C_NSB,63236010,I,360006,1360060,Region,Khulna,0,,0,1,CMPNMRCNSB,BDDHS2000360006,1999-00,DHS,,,,,1.0
BGD,Rajshahi/Rangpur,1722368,Stillbirths,54,0,BD,Bangladesh,2000,BD2000DHS,CM_PNMR_C_NSB,63236010,I,360007,1360070,Region,Rajshahi/Rangpur,0,,0,1,CMPNMRCNSB,BDDHS2000360007,1999-00,DHS,,,,,1.0
BGD,Barishal,1722313,Early neonatal deaths,11,0,BD,Bangladesh,2000,BD2000DHS,CM_PNMR_C_NEN,63236020,I,360001,1360010,Region,Barishal,0,,0,1,CMPNMRCNEN,BDDHS2000360001,1999-00,DHS,,,,,1.0
BGD,Chattogram/Sylhet,7450203,Early neonatal deaths,57,0,BD,Bangladesh,2000,BD2000DHS,CM_PNMR_C_NEN,63236020,I,360002,1360020,Region,Chattogram/Sylhet,0,,0,1,CMPNMRCNEN,BDDHS2000360002,1999-00,DHS,,,,,
BGD,Chattogram,7934045,Early neonatal deaths,33,0,BD,Bangladesh,2000,BD2000DHS,CM_PNMR_C_NEN,63236020,I,360003,1360030,Region,..Chattogram,0,,0,1,CMPNMRCNEN,BDDHS2000360003,1999-00,DHS,,,,,1.0
BGD,Sylhet,1734822,Early neonatal deaths,24,0,BD,Bangladesh,2000,BD2000DHS,CM_PNMR_C_NEN,63236020,I,360004,1360040,Region,..Sylhet,0,,0,1,CMPNMRCNEN,BDDHS2000360004,1999-00,DHS,,,,,1.0
BGD,Dhaka before 2015,1734813,Early neonatal deaths,65,0,BD,Bangladesh,2000,BD2000DHS,CM_PNMR_C_NEN,63236020,I,360005,1360050,Region,Dhaka before 2015,0,,0,1,CMPNMRCNEN,BDDHS2000360005,1999-00,DHS,,,,,1.0
BGD,Khulna,7629727,Early neonatal deaths,19,0,BD,Bangladesh,2000,BD2000DHS,CM_PNMR_C_NEN,63236020,I,360006,1360060,Region,Khulna,0,,0,1,CMPNMRCNEN,BDDHS2000360006,1999-00,DHS,,,,,1.0
BGD,Rajshahi/Rangpur,1722370,Early neonatal deaths,50,0,BD,Bangladesh,2000,BD2000DHS,CM_PNMR_C_NEN,63236020,I,360007,1360070,Region,Rajshahi/Rangpur,0,,0,1,CMPNMRCNEN,BDDHS2000360007,1999-00,DHS,,,,,1.0
BGD,Barishal,3925777,Perinatal mortality rate (5 years),40,0,BD,Bangladesh,2000,BD2000DHS,CM_PNMR_C_PMR,63236030,I,360001,1360010,Region,Barishal,0,,0,1,CMPNMRCPMR,BDDHS2000360001,1999-00,DHS,441.0,618.0,,,1.0
BGD,Chattogram/Sylhet,7473743,Perinatal mortality rate (5 years),57,0,BD,Bangladesh,2000,BD2000DHS,CM_PNMR_C_PMR,63236030,I,360002,1360020,Region,Chattogram/Sylhet,0,,0,1,CMPNMRCPMR,BDDHS2000360002,1999-00,DHS,2093.0,2445.0,,,
BGD,Chattogram,7938344,Perinatal mortality rate (5 years),46,0,BD,Bangladesh,2000,BD2000DHS,CM_PNMR_C_PMR,63236030,I,360003,1360030,Region,..Chattogram,0,,0,1,CMPNMRCPMR,BDDHS2000360003,1999-00,DHS,1557.0,1517.0,,,1.0
BGD,Sylhet,554915,Perinatal mortality rate (5 years),89,0,BD,Bangladesh,2000,BD2000DHS,CM_PNMR_C_PMR,63236030,I,360004,1360040,Region,..Sylhet,0,,0,1,CMPNMRCPMR,BDDHS2000360004,1999-00,DHS,536.0,928.0,,,1.0
BGD,Dhaka before 2015,2842314,Perinatal mortality rate (5 years),53,0,BD,Bangladesh,2000,BD2000DHS,CM_PNMR_C_PMR,63236030,I,360005,1360050,Region,Dhaka before 2015,0,,0,1,CMPNMRCPMR,BDDHS2000360005,1999-00,DHS,2174.0,1648.0,,,1.0
BGD,Khulna,7631145,Perinatal mortality rate (5 years),58,0,BD,Bangladesh,2000,BD2000DHS,CM_PNMR_C_PMR,63236030,I,360006,1360060,Region,Khulna,0,,0,1,CMPNMRCPMR,BDDHS2000360006,1999-00,DHS,737.0,1033.0,,,1.0
BGD,Rajshahi/Rangpur,7223834,Perinatal mortality rate (5 years),62,0,BD,Bangladesh,2000,BD2000DHS,CM_PNMR_C_PMR,63236030,I,360007,1360070,Region,Rajshahi/Rangpur,0,,0,1,CMPNMRCPMR,BDDHS2000360007,1999-00,DHS,1670.0,1271.0,,,1.0
BGD,Barishal,4007986,Number of pregnancies of 7+ months duration,441,0,BD,Bangladesh,2000,BD2000DHS,CM_PNMR_C_NUM,63236040,D,360001,1360010,Region,Barishal,0,,0,1,CMPNMRCNUM,BDDHS2000360001,1999-00,DHS,,618.0,,,1.0
BGD,Chattogram/Sylhet,7473754,Number of pregnancies of 7+ months duration,2093,0,BD,Bangladesh,2000,BD2000DHS,CM_PNMR_C_NUM,63236040,D,360002,1360020,Region,Chattogram/Sylhet,0,,0,1,CMPNMRCNUM,BDDHS2000360002,1999-00,DHS,,2445.0,,,
BGD,Chattogram,7936920,Number of pregnancies of 7+ months duration,1557,0,BD,Bangladesh,2000,BD2000DHS,CM_PNMR_C_NUM,63236040,D,360003,1360030,Region,..Chattogram,0,,0,1,CMPNMRCNUM,BDDHS2000360003,1999-00,DHS,,1517.0,,,1.0
BGD,Sylhet,1734823,Number of pregnancies of 7+ months duration,536,0,BD,Bangladesh,2000,BD2000DHS,CM_PNMR_C_NUM,63236040,D,360004,1360040,Region,..Sylhet,0,,0,1,CMPNMRCNUM,BDDHS2000360004,1999-00,DHS,,928.0,,,1.0
BGD,Dhaka before 2015,1734814,Number of pregnancies of 7+ months duration,2174,0,BD,Bangladesh,2000,BD2000DHS,CM_PNMR_C_NUM,63236040,D,360005,1360050,Region,Dhaka before 2015,0,,0,1,CMPNMRCNUM,BDDHS2000360005,1999-00,DHS,,1648.0,,,1.0
BGD,Khulna,7631138,Number of pregnancies of 7+ months duration,737,0,BD,Bangladesh,2000,BD2000DHS,CM_PNMR_C_NUM,63236040,D,360006,1360060,Region,Khulna,0,,0,1,CMPNMRCNUM,BDDHS2000360006,1999-00,DHS,,1033.0,,,1.0
BGD,Rajshahi/Rangpur,7247143,Number of pregnancies of 7+ months duration,1670,0,BD,Bangladesh,2000,BD2000DHS,CM_PNMR_C_NUM,63236040,D,360007,1360070,Region,Rajshahi/Rangpur,0,,0,1,CMPNMRCNUM,BDDHS2000360007,1999-00,DHS,,1271.0,,,1.0
BGD,Barishal,3075639,Number of pregnancies of 7+ months duration (unweighted),618,0,BD,Bangladesh,2000,BD2000DHS,CM_PNMR_C_UNW,63236050,U,360001,1360010,Region,Barishal,0,,0,1,CMPNMRCUNW,BDDHS2000360001,1999-00,DHS,441.0,,,,1.0
BGD,Chattogram/Sylhet,7449419,Number of pregnancies of 7+ months duration (unweighted),2445,0,BD,Bangladesh,2000,BD2000DHS,CM_PNMR_C_UNW,63236050,U,360002,1360020,Region,Chattogram/Sylhet,0,,0,1,CMPNMRCUNW,BDDHS2000360002,1999-00,DHS,2093.0,,,,
BGD,Chattogram,7921541,Number of pregnancies of 7+ months duration (unweighted),1517,0,BD,Bangladesh,2000,BD2000DHS,CM_PNMR_C_UNW,63236050,U,360003,1360030,Region,..Chattogram,0,,0,1,CMPNMRCUNW,BDDHS2000360003,1999-00,DHS,1557.0,,,,1.0
BGD,Sylhet,554916,Number of pregnancies of 7+ months duration (unweighted),928,0,BD,Bangladesh,2000,BD2000DHS,CM_PNMR_C_UNW,63236050,U,360004,1360040,Region,..Sylhet,0,,0,1,CMPNMRCUNW,BDDHS2000360004,1999-00,DHS,536.0,,,,1.0
BGD,Dhaka before 2015,2842269,Number of pregnancies of 7+ months duration (unweighted),1648,0,BD,Bangladesh,2000,BD2000DHS,CM_PNMR_C_UNW,63236050,U,360005,1360050,Region,Dhaka before 2015,0,,0,1,CMPNMRCUNW,BDDHS2000360005,1999-00,DHS,2174.0,,,,1.0
BGD,Khulna,7630746,Number of pregnancies of 7+ months duration (unweighted),1033,0,BD,Bangladesh,2000,BD2000DHS,CM_PNMR_C_UNW,63236050,U,360006,1360060,Region,Khulna,0,,0,1,CMPNMRCUNW,BDDHS2000360006,1999-00,DHS,737.0,,,,1.0
BGD,Rajshahi/Rangpur,2569492,Number of pregnancies of 7+ months duration (unweighted),1271,0,BD,Bangladesh,2000,BD2000DHS,CM_PNMR_C_UNW,63236050,U,360007,1360070,Region,Rajshahi/Rangpur,0,,0,1,CMPNMRCUNW,BDDHS2000360007,1999-00,DHS,1670.0,,,,1.0
BGD,Barishal,7674384,Neonatal mortality rate,32,0,BD,Bangladesh,2004,BD2004DHS,CM_ECMR_C_NNR,63206010,I,360001,1360010,Region,Barishal,14003,Ten years preceding the survey,0,1,CMECMRCNNR,BDDHS2004360001,2004,DHS,,,21.0,43.0,1.0
BGD,Chattogram/Sylhet,1739855,Neonatal mortality rate,47,0,BD,Bangladesh,2004,BD2004DHS,CM_ECMR_C_NNR,63206010,I,360002,1360020,Region,Chattogram/Sylhet,14003,Ten years preceding the survey,0,1,CMECMRCNNR,BDDHS2004360002,2004,DHS,,,40.0,54.0,
BGD,Chattogram,7964093,Neonatal mortality rate,41,0,BD,Bangladesh,2004,BD2004DHS,CM_ECMR_C_NNR,63206010,I,360003,1360030,Region,..Chattogram,14003,Ten years preceding the survey,0,1,CMECMRCNNR,BDDHS2004360003,2004,DHS,,,33.0,49.0,1.0
BGD,Sylhet,1728543,Neonatal mortality rate,63,0,BD,Bangladesh,2004,BD2004DHS,CM_ECMR_C_NNR,63206010,I,360004,1360040,Region,..Sylhet,14003,Ten years preceding the survey,0,1,CMECMRCNNR,BDDHS2004360004,2004,DHS,,,51.0,76.0,1.0
BGD,Dhaka before 2015,7810238,Neonatal mortality rate,47,0,BD,Bangladesh,2004,BD2004DHS,CM_ECMR_C_NNR,63206010,I,360005,1360050,Region,Dhaka before 2015,14003,Ten years preceding the survey,0,1,CMECMRCNNR,BDDHS2004360005,2004,DHS,,,38.0,55.0,1.0
BGD,Khulna,7895012,Neonatal mortality rate,47,0,BD,Bangladesh,2004,BD2004DHS,CM_ECMR_C_NNR,63206010,I,360006,1360060,Region,Khulna,14003,Ten years preceding the survey,0,1,CMECMRCNNR,BDDHS2004360006,2004,DHS,,,34.0,60.0,1.0
BGD,Rajshahi/Rangpur,7494513,Neonatal mortality rate,48,0,BD,Bangladesh,2004,BD2004DHS,CM_ECMR_C_NNR,63206010,I,360007,1360070,Region,Rajshahi/Rangpur,14003,Ten years preceding the survey,0,1,CMECMRCNNR,BDDHS2004360007,2004,DHS,,,38.0,59.0,1.0
BGD,Barishal,7828341,Postneonatal mortality rate,29,0,BD,Bangladesh,2004,BD2004DHS,CM_ECMR_C_PNR,63206020,I,360001,1360010,Region,Barishal,14003,Ten years preceding the survey,0,1,CMECMRCPNR,BDDHS2004360001,2004,DHS,,,18.0,41.0,1.0
BGD,Chattogram/Sylhet,7471096,Postneonatal mortality rate,30,0,BD,Bangladesh,2004,BD2004DHS,CM_ECMR_C_PNR,63206020,I,360002,1360020,Region,Chattogram/Sylhet,14003,Ten years preceding the survey,0,1,CMECMRCPNR,BDDHS2004360002,2004,DHS,,,24.0,35.0,
BGD,Chattogram,1734808,Postneonatal mortality rate,27,0,BD,Bangladesh,2004,BD2004DHS,CM_ECMR_C_PNR,63206020,I,360003,1360030,Region,..Chattogram,14003,Ten years preceding the survey,0,1,CMECMRCPNR,BDDHS2004360003,2004,DHS,,,21.0,33.0,1.0
BGD,Sylhet,7936195,Postneonatal mortality rate,37,0,BD,Bangladesh,2004,BD2004DHS,CM_ECMR_C_PNR,63206020,I,360004,1360040,Region,..Sylhet,14003,Ten years preceding the survey,0,1,CMECMRCPNR,BDDHS2004360004,2004,DHS,,,26.0,47.0,1.0
BGD,Dhaka before 2015,1734858,Postneonatal mortality rate,28,0,BD,Bangladesh,2004,BD2004DHS,CM_ECMR_C_PNR,63206020,I,360005,1360050,Region,Dhaka before 2015,14003,Ten years preceding the survey,0,1,CMECMRCPNR,BDDHS2004360005,2004,DHS,,,22.0,34.0,1.0
BGD,Khulna,7712125,Postneonatal mortality rate,19,0,BD,Bangladesh,2004,BD2004DHS,CM_ECMR_C_PNR,63206020,I,360006,1360060,Region,Khulna,14003,Ten years preceding the survey,0,1,CMECMRCPNR,BDDHS2004360006,2004,DHS,,,9.0,29.0,1.0
BGD,Rajshahi/Rangpur,1722318,Postneonatal mortality rate,22,0,BD,Bangladesh,2004,BD2004DHS,CM_ECMR_C_PNR,63206020,I,360007,1360070,Region,Rajshahi/Rangpur,14003,Ten years preceding the survey,0,1,CMECMRCPNR,BDDHS2004360007,2004,DHS,,,15.0,28.0,1.0
BGD,Barishal,7452888,Infant mortality rate,61,0,BD,Bangladesh,2004,BD2004DHS,CM_ECMR_C_IMR,63206030,I,360001,1360010,Region,Barishal,14003,Ten years preceding the survey,0,1,CMECMRCIMR,BDDHS2004360001,2004,DHS,,,45.0,78.0,1.0
BGD,Chattogram/Sylhet,7664123,Infant mortality rate,76,0,BD,Bangladesh,2004,BD2004DHS,CM_ECMR_C_IMR,63206030,I,360002,1360020,Region,Chattogram/Sylhet,14003,Ten years preceding the survey,0,1,CMECMRCIMR,BDDHS2004360002,2004,DHS,,,68.0,85.0,
BGD,Chattogram,1734786,Infant mortality rate,67,0,BD,Bangladesh,2004,BD2004DHS,CM_ECMR_C_IMR,63206030,I,360003,1360030,Region,..Chattogram,14003,Ten years preceding the survey,0,1,CMECMRCIMR,BDDHS2004360003,2004,DHS,,,59.0,76.0,1.0
BGD,Sylhet,7892206,Infant mortality rate,100,0,BD,Bangladesh,2004,BD2004DHS,CM_ECMR_C_IMR,63206030,I,360004,1360040,Region,..Sylhet,14003,Ten years preceding the survey,0,1,CMECMRCIMR,BDDHS2004360004,2004,DHS,,,80.0,120.0,1.0
BGD,Dhaka before 2015,1734761,Infant mortality rate,75,0,BD,Bangladesh,2004,BD2004DHS,CM_ECMR_C_IMR,63206030,I,360005,1360050,Region,Dhaka before 2015,14003,Ten years preceding the survey,0,1,CMECMRCIMR,BDDHS2004360005,2004,DHS,,,63.0,86.0,1.0
BGD,Khulna,7824255,Infant mortality rate,66,0,BD,Bangladesh,2004,BD2004DHS,CM_ECMR_C_IMR,63206030,I,360006,1360060,Region,Khulna,14003,Ten years preceding the survey,0,1,CMECMRCIMR,BDDHS2004360006,2004,DHS,,,52.0,80.0,1.0
BGD,Rajshahi/Rangpur,1722322,Infant mortality rate,70,0,BD,Bangladesh,2004,BD2004DHS,CM_ECMR_C_IMR,63206030,I,360007,1360070,Region,Rajshahi/Rangpur,14003,Ten years preceding the survey,0,1,CMECMRCIMR,BDDHS2004360007,2004,DHS,,,57.0,83.0,1.0
BGD,Barishal,7637197,Child mortality rate,32,0,BD,Bangladesh,2004,BD2004DHS,CM_ECMR_C_CMR,63206040,I,360001,1360010,Region,Barishal,14003,Ten years preceding the survey,0,1,CMECMRCCMR,BDDHS2004360001,2004,DHS,,,23.0,41.0,1.0
BGD,Chattogram/Sylhet,7828336,Child mortality rate,36,0,BD,Bangladesh,2004,BD2004DHS,CM_ECMR_C_CMR,63206040,I,360002,1360020,Region,Chattogram/Sylhet,14003,Ten years preceding the survey,0,1,CMECMRCCMR,BDDHS2004360002,2004,DHS,,,28.0,44.0,
BGD,Chattogram,7861603,Child mortality rate,39,0,BD,Bangladesh,2004,BD2004DHS,CM_ECMR_C_CMR,63206040,I,360003,1360030,Region,..Chattogram,14003,Ten years preceding the survey,0,1,CMECMRCCMR,BDDHS2004360003,2004,DHS,,,29.0,48.0,1.0
BGD,Sylhet,7465130,Child mortality rate,29,0,BD,Bangladesh,2004,BD2004DHS,CM_ECMR_C_CMR,63206040,I,360004,1360040,Region,..Sylhet,14003,Ten years preceding the survey,0,1,CMECMRCCMR,BDDHS2004360004,2004,DHS,,,16.0,42.0,1.0
BGD,Dhaka before 2015,7701726,Child mortality rate,27,0,BD,Bangladesh,2004,BD2004DHS,CM_ECMR_C_CMR,63206040,I,360005,1360050,Region,Dhaka before 2015,14003,Ten years preceding the survey,0,1,CMECMRCCMR,BDDHS2004360005,2004,DHS,,,19.0,34.0,1.0
BGD,Khulna,7649419,Child mortality rate,13,0,BD,Bangladesh,2004,BD2004DHS,CM_ECMR_C_CMR,63206040,I,360006,1360060,Region,Khulna,14003,Ten years preceding the survey,0,1,CMECMRCCMR,BDDHS2004360006,2004,DHS,,,8.0,18.0,1.0
BGD,Rajshahi/Rangpur,7968120,Child mortality rate,17,0,BD,Bangladesh,2004,BD2004DHS,CM_ECMR_C_CMR,63206040,I,360007,1360070,Region,Rajshahi/Rangpur,14003,Ten years preceding the survey,0,1,CMECMRCCMR,BDDHS2004360007,2004,DHS,,,12.0,23.0,1.0
BGD,Barishal,1739877,Under-five mortality rate,92,0,BD,Bangladesh,2004,BD2004DHS,CM_ECMR_C_U5M,63206050,I,360001,1360010,Region,Barishal,14003,Ten years preceding the survey,0,1,CMECMRCU5M,BDDHS2004360001,2004,DHS,,,73.0,110.0,1.0
BGD,Chattogram/Sylhet,7555162,Under-five mortality rate,110,0,BD,Bangladesh,2004,BD2004DHS,CM_ECMR_C_U5M,63206050,I,360002,1360020,Region,Chattogram/Sylhet,14003,Ten years preceding the survey,0,1,CMECMRCU5M,BDDHS2004360002,2004,DHS,,,99.0,121.0,
BGD,Chattogram,7962685,Under-five mortality rate,103,0,BD,Bangladesh,2004,BD2004DHS,CM_ECMR_C_U5M,63206050,I,360003,1360030,Region,..Chattogram,14003,Ten years preceding the survey,0,1,CMECMRCU5M,BDDHS2004360003,2004,DHS,,,92.0,115.0,1.0
BGD,Sylhet,1728544,Under-five mortality rate,126,0,BD,Bangladesh,2004,BD2004DHS,CM_ECMR_C_U5M,63206050,I,360004,1360040,Region,..Sylhet,14003,Ten years preceding the survey,0,1,CMECMRCU5M,BDDHS2004360004,2004,DHS,,,101.0,151.0,1.0
BGD,Dhaka before 2015,7863649,Under-five mortality rate,99,0,BD,Bangladesh,2004,BD2004DHS,CM_ECMR_C_U5M,63206050,I,360005,1360050,Region,Dhaka before 2015,14003,Ten years preceding the survey,0,1,CMECMRCU5M,BDDHS2004360005,2004,DHS,,,85.0,114.0,1.0
BGD,Khulna,3014141,Under-five mortality rate,78,0,BD,Bangladesh,2004,BD2004DHS,CM_ECMR_C_U5M,63206050,I,360006,1360060,Region,Khulna,14003,Ten years preceding the survey,0,1,CMECMRCU5M,BDDHS2004360006,2004,DHS,,,63.0,93.0,1.0
BGD,Rajshahi/Rangpur,7774220,Under-five mortality rate,86,0,BD,Bangladesh,2004,BD2004DHS,CM_ECMR_C_U5M,63206050,I,360007,1360070,Region,Rajshahi/Rangpur,14003,Ten years preceding the survey,0,1,CMECMRCU5M,BDDHS2004360007,2004,DHS,,,72.0,101.0,1.0
BGD,Barishal,1739893,Stillbirths,9,0,BD,Bangladesh,2004,BD2004DHS,CM_PNMR_C_NSB,63236010,I,360001,1360010,Region,Barishal,0,,0,1,CMPNMRCNSB,BDDHS2004360001,2004,DHS,,,,,1.0
BGD,Chattogram/Sylhet,1739895,Stillbirths,79,0,BD,Bangladesh,2004,BD2004DHS,CM_PNMR_C_NSB,63236010,I,360002,1360020,Region,Chattogram/Sylhet,0,,0,1,CMPNMRCNSB,BDDHS2004360002,2004,DHS,,,,,
BGD,Chattogram,5383221,Stillbirths,53,0,BD,Bangladesh,2004,BD2004DHS,CM_PNMR_C_NSB,63236010,I,360003,1360030,Region,..Chattogram,0,,0,1,CMPNMRCNSB,BDDHS2004360003,2004,DHS,,,,,1.0
BGD,Sylhet,1728574,Stillbirths,26,0,BD,Bangladesh,2004,BD2004DHS,CM_PNMR_C_NSB,63236010,I,360004,1360040,Region,..Sylhet,0,,0,1,CMPNMRCNSB,BDDHS2004360004,2004,DHS,,,,,1.0
BGD,Dhaka before 2015,1734809,Stillbirths,86,0,BD,Bangladesh,2004,BD2004DHS,CM_PNMR_C_NSB,63236010,I,360005,1360050,Region,Dhaka before 2015,0,,0,1,CMPNMRCNSB,BDDHS2004360005,2004,DHS,,,,,1.0
BGD,Khulna,1728569,Stillbirths,29,0,BD,Bangladesh,2004,BD2004DHS,CM_PNMR_C_NSB,63236010,I,360006,1360060,Region,Khulna,0,,0,1,CMPNMRCNSB,BDDHS2004360006,2004,DHS,,,,,1.0
BGD,Rajshahi/Rangpur,1722330,Stillbirths,64,0,BD,Bangladesh,2004,BD2004DHS,CM_PNMR_C_NSB,63236010,I,360007,1360070,Region,Rajshahi/Rangpur,0,,0,1,CMPNMRCNSB,BDDHS2004360007,2004,DHS,,,,,1.0
BGD,Barishal,1739897,Early neonatal deaths,7,0,BD,Bangladesh,2004,BD2004DHS,CM_PNMR_C_NEN,63236020,I,360001,1360010,Region,Barishal,0,,0,1,CMPNMRCNEN,BDDHS2004360001,2004,DHS,,,,,1.0
BGD,Chattogram/Sylhet,1739896,Early neonatal deaths,53,0,BD,Bangladesh,2004,BD2004DHS,CM_PNMR_C_NEN,63236020,I,360002,1360020,Region,Chattogram/Sylhet,0,,0,1,CMPNMRCNEN,BDDHS2004360002,2004,DHS,,,,,
BGD,Chattogram,5383222,Early neonatal deaths,33,0,BD,Bangladesh,2004,BD2004DHS,CM_PNMR_C_NEN,63236020,I,360003,1360030,Region,..Chattogram,0,,0,1,CMPNMRCNEN,BDDHS2004360003,2004,DHS,,,,,1.0
BGD,Sylhet,1728575,Early neonatal deaths,20,0,BD,Bangladesh,2004,BD2004DHS,CM_PNMR_C_NEN,63236020,I,360004,1360040,Region,..Sylhet,0,,0,1,CMPNMRCNEN,BDDHS2004360004,2004,DHS,,,,,1.0
BGD,Dhaka before 2015,1734810,Early neonatal deaths,65,0,BD,Bangladesh,2004,BD2004DHS,CM_PNMR_C_NEN,63236020,I,360005,1360050,Region,Dhaka before 2015,0,,0,1,CMPNMRCNEN,BDDHS2004360005,2004,DHS,,,,,1.0
BGD,Khulna,1728570,Early neonatal deaths,22,0,BD,Bangladesh,2004,BD2004DHS,CM_PNMR_C_NEN,63236020,I,360006,1360060,Region,Khulna,0,,0,1,CMPNMRCNEN,BDDHS2004360006,2004,DHS,,,,,1.0
BGD,Rajshahi/Rangpur,1722331,Early neonatal deaths,59,0,BD,Bangladesh,2004,BD2004DHS,CM_PNMR_C_NEN,63236020,I,360007,1360070,Region,Rajshahi/Rangpur,0,,0,1,CMPNMRCNEN,BDDHS2004360007,2004,DHS,,,,,1.0
BGD,Barishal,4036514,Perinatal mortality rate (5 years),40,0,BD,Bangladesh,2004,BD2004DHS,CM_PNMR_C_PMR,63236030,I,360001,1360010,Region,Barishal,0,,0,1,CMPNMRCPMR,BDDHS2004360001,2004,DHS,419.0,772.0,,,1.0
BGD,Chattogram/Sylhet,6864938,Perinatal mortality rate (5 years),60,0,BD,Bangladesh,2004,BD2004DHS,CM_PNMR_C_PMR,63236030,I,360002,1360020,Region,Chattogram/Sylhet,0,,0,1,CMPNMRCPMR,BDDHS2004360002,2004,DHS,2204.0,2538.0,,,
BGD,Chattogram,6518832,Perinatal mortality rate (5 years),55,0,BD,Bangladesh,2004,BD2004DHS,CM_PNMR_C_PMR,63236030,I,360003,1360030,Region,..Chattogram,0,,0,1,CMPNMRCPMR,BDDHS2004360003,2004,DHS,1579.0,1555.0,,,1.0
BGD,Sylhet,4451263,Perinatal mortality rate (5 years),73,0,BD,Bangladesh,2004,BD2004DHS,CM_PNMR_C_PMR,63236030,I,360004,1360040,Region,..Sylhet,0,,0,1,CMPNMRCPMR,BDDHS2004360004,2004,DHS,625.0,983.0,,,1.0
BGD,Dhaka before 2015,7148940,Perinatal mortality rate (5 years),67,0,BD,Bangladesh,2004,BD2004DHS,CM_PNMR_C_PMR,63236030,I,360005,1360050,Region,Dhaka before 2015,0,,0,1,CMPNMRCPMR,BDDHS2004360005,2004,DHS,2260.0,1591.0,,,1.0
BGD,Khulna,2702659,Perinatal mortality rate (5 years),68,0,BD,Bangladesh,2004,BD2004DHS,CM_PNMR_C_PMR,63236030,I,360006,1360060,Region,Khulna,0,,0,1,CMPNMRCPMR,BDDHS2004360006,2004,DHS,759.0,901.0,,,1.0
BGD,Rajshahi/Rangpur,178654,Perinatal mortality rate (5 years),76,0,BD,Bangladesh,2004,BD2004DHS,CM_PNMR_C_PMR,63236030,I,360007,1360070,Region,Rajshahi/Rangpur,0,,0,1,CMPNMRCPMR,BDDHS2004360007,2004,DHS,1622.0,1362.0,,,1.0
BGD,Barishal,4036513,Number of pregnancies of 7+ months duration,419,0,BD,Bangladesh,2004,BD2004DHS,CM_PNMR_C_NUM,63236040,D,360001,1360010,Region,Barishal,0,,0,1,CMPNMRCNUM,BDDHS2004360001,2004,DHS,,772.0,,,1.0
BGD,Chattogram/Sylhet,6868445,Number of pregnancies of 7+ months duration,2204,0,BD,Bangladesh,2004,BD2004DHS,CM_PNMR_C_NUM,63236040,D,360002,1360020,Region,Chattogram/Sylhet,0,,0,1,CMPNMRCNUM,BDDHS2004360002,2004,DHS,,2538.0,,,
BGD,Chattogram,6601006,Number of pregnancies of 7+ months duration,1579,0,BD,Bangladesh,2004,BD2004DHS,CM_PNMR_C_NUM,63236040,D,360003,1360030,Region,..Chattogram,0,,0,1,CMPNMRCNUM,BDDHS2004360003,2004,DHS,,1555.0,,,1.0
BGD,Sylhet,4451264,Number of pregnancies of 7+ months duration,625,0,BD,Bangladesh,2004,BD2004DHS,CM_PNMR_C_NUM,63236040,D,360004,1360040,Region,..Sylhet,0,,0,1,CMPNMRCNUM,BDDHS2004360004,2004,DHS,,983.0,,,1.0
BGD,Dhaka before 2015,7200240,Number of pregnancies of 7+ months duration,2260,0,BD,Bangladesh,2004,BD2004DHS,CM_PNMR_C_NUM,63236040,D,360005,1360050,Region,Dhaka before 2015,0,,0,1,CMPNMRCNUM,BDDHS2004360005,2004,DHS,,1591.0,,,1.0
BGD,Khulna,1728714,Number of pregnancies of 7+ months duration,759,0,BD,Bangladesh,2004,BD2004DHS,CM_PNMR_C_NUM,63236040,D,360006,1360060,Region,Khulna,0,,0,1,CMPNMRCNUM,BDDHS2004360006,2004,DHS,,901.0,,,1.0
BGD,Rajshahi/Rangpur,1722660,Number of pregnancies of 7+ months duration,1622,0,BD,Bangladesh,2004,BD2004DHS,CM_PNMR_C_NUM,63236040,D,360007,1360070,Region,Rajshahi/Rangpur,0,,0,1,CMPNMRCNUM,BDDHS2004360007,2004,DHS,,1362.0,,,1.0
BGD,Barishal,1740559,Number of pregnancies of 7+ months duration (unweighted),772,0,BD,Bangladesh,2004,BD2004DHS,CM_PNMR_C_UNW,63236050,U,360001,1360010,Region,Barishal,0,,0,1,CMPNMRCUNW,BDDHS2004360001,2004,DHS,419.0,,,,1.0
BGD,Chattogram/Sylhet,3146075,Number of pregnancies of 7+ months duration (unweighted),2538,0,BD,Bangladesh,2004,BD2004DHS,CM_PNMR_C_UNW,63236050,U,360002,1360020,Region,Chattogram/Sylhet,0,,0,1,CMPNMRCUNW,BDDHS2004360002,2004,DHS,2204.0,,,,
BGD,Chattogram,5267903,Number of pregnancies of 7+ months duration (unweighted),1555,0,BD,Bangladesh,2004,BD2004DHS,CM_PNMR_C_UNW,63236050,U,360003,1360030,Region,..Chattogram,0,,0,1,CMPNMRCUNW,BDDHS2004360003,2004,DHS,1579.0,,,,1.0
BGD,Sylhet,1729078,Number of pregnancies of 7+ months duration (unweighted),983,0,BD,Bangladesh,2004,BD2004DHS,CM_PNMR_C_UNW,63236050,U,360004,1360040,Region,..Sylhet,0,,0,1,CMPNMRCUNW,BDDHS2004360004,2004,DHS,625.0,,,,1.0
BGD,Dhaka before 2015,3258957,Number of pregnancies of 7+ months duration (unweighted),1591,0,BD,Bangladesh,2004,BD2004DHS,CM_PNMR_C_UNW,63236050,U,360005,1360050,Region,Dhaka before 2015,0,,0,1,CMPNMRCUNW,BDDHS2004360005,2004,DHS,2260.0,,,,1.0
BGD,Khulna,2702661,Number of pregnancies of 7+ months duration (unweighted),901,0,BD,Bangladesh,2004,BD2004DHS,CM_PNMR_C_UNW,63236050,U,360006,1360060,Region,Khulna,0,,0,1,CMPNMRCUNW,BDDHS2004360006,2004,DHS,759.0,,,,1.0
BGD,Rajshahi/Rangpur,178652,Number of pregnancies of 7+ months duration (unweighted),1362,0,BD,Bangladesh,2004,BD2004DHS,CM_PNMR_C_UNW,63236050,U,360007,1360070,Region,Rajshahi/Rangpur,0,,0,1,CMPNMRCUNW,BDDHS2004360007,2004,DHS,1622.0,,,,1.0
BGD,Barishal,7930660,Neonatal mortality rate,31,0,BD,Bangladesh,2007,BD2007DHS,CM_ECMR_C_NNR,63206010,I,360001,1360010,Region,Barishal,14003,Ten years preceding the survey,0,1,CMECMRCNNR,BDDHS2007360001,2007,DHS,,,23.0,39.0,1.0
BGD,Chattogram/Sylhet,7700627,Neonatal mortality rate,40,0,BD,Bangladesh,2007,BD2007DHS,CM_ECMR_C_NNR,63206010,I,360002,1360020,Region,Chattogram/Sylhet,14003,Ten years preceding the survey,0,1,CMECMRCNNR,BDDHS2007360002,2007,DHS,,,30.0,49.0,
BGD,Chattogram,7639300,Neonatal mortality rate,34,0,BD,Bangladesh,2007,BD2007DHS,CM_ECMR_C_NNR,63206010,I,360003,1360030,Region,..Chattogram,14003,Ten years preceding the survey,0,1,CMECMRCNNR,BDDHS2007360003,2007,DHS,,,22.0,46.0,1.0
BGD,Sylhet,337029,Neonatal mortality rate,53,0,BD,Bangladesh,2007,BD2007DHS,CM_ECMR_C_NNR,63206010,I,360004,1360040,Region,..Sylhet,14003,Ten years preceding the survey,0,1,CMECMRCNNR,BDDHS2007360004,2007,DHS,,,38.0,68.0,1.0
BGD,Dhaka before 2015,7866632,Neonatal mortality rate,38,0,BD,Bangladesh,2007,BD2007DHS,CM_ECMR_C_NNR,63206010,I,360005,1360050,Region,Dhaka before 2015,14003,Ten years preceding the survey,0,1,CMECMRCNNR,BDDHS2007360005,2007,DHS,,,30.0,46.0,1.0
BGD,Khulna,1728607,Neonatal mortality rate,32,0,BD,Bangladesh,2007,BD2007DHS,CM_ECMR_C_NNR,63206010,I,360006,1360060,Region,Khulna,14003,Ten years preceding the survey,0,1,CMECMRCNNR,BDDHS2007360006,2007,DHS,,,21.0,44.0,1.0
BGD,Rajshahi/Rangpur,7811774,Neonatal mortality rate,46,0,BD,Bangladesh,2007,BD2007DHS,CM_ECMR_C_NNR,63206010,I,360007,1360070,Region,Rajshahi/Rangpur,14003,Ten years preceding the survey,0,1,CMECMRCNNR,BDDHS2007360007,2007,DHS,,,32.0,60.0,1.0
BGD,Barishal,7896289,Postneonatal mortality rate,19,0,BD,Bangladesh,2007,BD2007DHS,CM_ECMR_C_PNR,63206020,I,360001,1360010,Region,Barishal,14003,Ten years preceding the survey,0,1,CMECMRCPNR,BDDHS2007360001,2007,DHS,,,13.0,24.0,1.0
BGD,Chattogram/Sylhet,7544086,Postneonatal mortality rate,23,0,BD,Bangladesh,2007,BD2007DHS,CM_ECMR_C_PNR,63206020,I,360002,1360020,Region,Chattogram/Sylhet,14003,Ten years preceding the survey,0,1,CMECMRCPNR,BDDHS2007360002,2007,DHS,,,18.0,28.0,
BGD,Chattogram,7718093,Postneonatal mortality rate,20,0,BD,Bangladesh,2007,BD2007DHS,CM_ECMR_C_PNR,63206020,I,360003,1360030,Region,..Chattogram,14003,Ten years preceding the survey,0,1,CMECMRCPNR,BDDHS2007360003,2007,DHS,,,13.0,26.0,1.0
BGD,Sylhet,7468538,Postneonatal mortality rate,31,0,BD,Bangladesh,2007,BD2007DHS,CM_ECMR_C_PNR,63206020,I,360004,1360040,Region,..Sylhet,14003,Ten years preceding the survey,0,1,CMECMRCPNR,BDDHS2007360004,2007,DHS,,,22.0,40.0,1.0
BGD,Dhaka before 2015,7865444,Postneonatal mortality rate,18,0,BD,Bangladesh,2007,BD2007DHS,CM_ECMR_C_PNR,63206020,I,360005,1360050,Region,Dhaka before 2015,14003,Ten years preceding the survey,0,1,CMECMRCPNR,BDDHS2007360005,2007,DHS,,,10.0,25.0,1.0
BGD,Khulna,7785316,Postneonatal mortality rate,16,0,BD,Bangladesh,2007,BD2007DHS,CM_ECMR_C_PNR,63206020,I,360006,1360060,Region,Khulna,14003,Ten years preceding the survey,0,1,CMECMRCPNR,BDDHS2007360006,2007,DHS,,,10.0,23.0,1.0
BGD,Rajshahi/Rangpur,1734882,Postneonatal mortality rate,12,0,BD,Bangladesh,2007,BD2007DHS,CM_ECMR_C_PNR,63206020,I,360007,1360070,Region,Rajshahi/Rangpur,14003,Ten years preceding the survey,0,1,CMECMRCPNR,BDDHS2007360007,2007,DHS,,,7.0,16.0,1.0
BGD,Barishal,7718444,Infant mortality rate,50,0,BD,Bangladesh,2007,BD2007DHS,CM_ECMR_C_IMR,63206030,I,360001,1360010,Region,Barishal,14003,Ten years preceding the survey,0,1,CMECMRCIMR,BDDHS2007360001,2007,DHS,,,40.0,59.0,1.0
BGD,Chattogram/Sylhet,1739947,Infant mortality rate,63,0,BD,Bangladesh,2007,BD2007DHS,CM_ECMR_C_IMR,63206030,I,360002,1360020,Region,Chattogram/Sylhet,14003,Ten years preceding the survey,0,1,CMECMRCIMR,BDDHS2007360002,2007,DHS,,,52.0,74.0,
BGD,Chattogram,7904063,Infant mortality rate,54,0,BD,Bangladesh,2007,BD2007DHS,CM_ECMR_C_IMR,63206030,I,360003,1360030,Region,..Chattogram,14003,Ten years preceding the survey,0,1,CMECMRCIMR,BDDHS2007360003,2007,DHS,,,41.0,66.0,1.0
BGD,Sylhet,7571050,Infant mortality rate,84,0,BD,Bangladesh,2007,BD2007DHS,CM_ECMR_C_IMR,63206030,I,360004,1360040,Region,..Sylhet,14003,Ten years preceding the survey,0,1,CMECMRCIMR,BDDHS2007360004,2007,DHS,,,64.0,104.0,1.0
BGD,Dhaka before 2015,1734850,Infant mortality rate,55,0,BD,Bangladesh,2007,BD2007DHS,CM_ECMR_C_IMR,63206030,I,360005,1360050,Region,Dhaka before 2015,14003,Ten years preceding the survey,0,1,CMECMRCIMR,BDDHS2007360005,2007,DHS,,,44.0,67.0,1.0
BGD,Khulna,1728598,Infant mortality rate,49,0,BD,Bangladesh,2007,BD2007DHS,CM_ECMR_C_IMR,63206030,I,360006,1360060,Region,Khulna,14003,Ten years preceding the survey,0,1,CMECMRCIMR,BDDHS2007360006,2007,DHS,,,35.0,62.0,1.0
BGD,Rajshahi/Rangpur,7477538,Infant mortality rate,58,0,BD,Bangladesh,2007,BD2007DHS,CM_ECMR_C_IMR,63206030,I,360007,1360070,Region,Rajshahi/Rangpur,14003,Ten years preceding the survey,0,1,CMECMRCIMR,BDDHS2007360007,2007,DHS,,,43.0,73.0,1.0
BGD,Barishal,7598567,Child mortality rate,23,0,BD,Bangladesh,2007,BD2007DHS,CM_ECMR_C_CMR,63206040,I,360001,1360010,Region,Barishal,14003,Ten years preceding the survey,0,1,CMECMRCCMR,BDDHS2007360001,2007,DHS,,,15.0,30.0,1.0
BGD,Chattogram/Sylhet,7471100,Child mortality rate,27,0,BD,Bangladesh,2007,BD2007DHS,CM_ECMR_C_CMR,63206040,I,360002,1360020,Region,Chattogram/Sylhet,14003,Ten years preceding the survey,0,1,CMECMRCCMR,BDDHS2007360002,2007,DHS,,,20.0,33.0,
BGD,Chattogram,7527367,Child mortality rate,27,0,BD,Bangladesh,2007,BD2007DHS,CM_ECMR_C_CMR,63206040,I,360003,1360030,Region,..Chattogram,14003,Ten years preceding the survey,0,1,CMECMRCCMR,BDDHS2007360003,2007,DHS,,,19.0,35.0,1.0
BGD,Sylhet,7710926,Child mortality rate,25,0,BD,Bangladesh,2007,BD2007DHS,CM_ECMR_C_CMR,63206040,I,360004,1360040,Region,..Sylhet,14003,Ten years preceding the survey,0,1,CMECMRCCMR,BDDHS2007360004,2007,DHS,,,16.0,35.0,1.0
BGD,Dhaka before 2015,7929635,Child mortality rate,14,0,BD,Bangladesh,2007,BD2007DHS,CM_ECMR_C_CMR,63206040,I,360005,1360050,Region,Dhaka before 2015,14003,Ten years preceding the survey,0,1,CMECMRCCMR,BDDHS2007360005,2007,DHS,,,9.0,19.0,1.0
BGD,Khulna,7870792,Child mortality rate,10,0,BD,Bangladesh,2007,BD2007DHS,CM_ECMR_C_CMR,63206040,I,360006,1360060,Region,Khulna,14003,Ten years preceding the survey,0,1,CMECMRCCMR,BDDHS2007360006,2007,DHS,,,4.0,16.0,1.0
BGD,Rajshahi/Rangpur,7771259,Child mortality rate,14,0,BD,Bangladesh,2007,BD2007DHS,CM_ECMR_C_CMR,63206040,I,360007,1360070,Region,Rajshahi/Rangpur,14003,Ten years preceding the survey,0,1,CMECMRCCMR,BDDHS2007360007,2007,DHS,,,9.0,19.0,1.0
BGD,Barishal,7525142,Under-five mortality rate,71,0,BD,Bangladesh,2007,BD2007DHS,CM_ECMR_C_U5M,63206050,I,360001,1360010,Region,Barishal,14003,Ten years preceding the survey,0,1,CMECMRCU5M,BDDHS2007360001,2007,DHS,,,60.0,83.0,1.0
BGD,Chattogram/Sylhet,7789814,Under-five mortality rate,88,0,BD,Bangladesh,2007,BD2007DHS,CM_ECMR_C_U5M,63206050,I,360002,1360020,Region,Chattogram/Sylhet,14003,Ten years preceding the survey,0,1,CMECMRCU5M,BDDHS2007360002,2007,DHS,,,76.0,100.0,
BGD,Chattogram,1739966,Under-five mortality rate,79,0,BD,Bangladesh,2007,BD2007DHS,CM_ECMR_C_U5M,63206050,I,360003,1360030,Region,..Chattogram,14003,Ten years preceding the survey,0,1,CMECMRCU5M,BDDHS2007360003,2007,DHS,,,65.0,94.0,1.0
BGD,Sylhet,7892163,Under-five mortality rate,107,0,BD,Bangladesh,2007,BD2007DHS,CM_ECMR_C_U5M,63206050,I,360004,1360040,Region,..Sylhet,14003,Ten years preceding the survey,0,1,CMECMRCU5M,BDDHS2007360004,2007,DHS,,,84.0,131.0,1.0
BGD,Dhaka before 2015,7757876,Under-five mortality rate,69,0,BD,Bangladesh,2007,BD2007DHS,CM_ECMR_C_U5M,63206050,I,360005,1360050,Region,Dhaka before 2015,14003,Ten years preceding the survey,0,1,CMECMRCU5M,BDDHS2007360005,2007,DHS,,,55.0,82.0,1.0
BGD,Khulna,1728631,Under-five mortality rate,58,0,BD,Bangladesh,2007,BD2007DHS,CM_ECMR_C_U5M,63206050,I,360006,1360060,Region,Khulna,14003,Ten years preceding the survey,0,1,CMECMRCU5M,BDDHS2007360006,2007,DHS,,,44.0,72.0,1.0
BGD,Rajshahi/Rangpur,1734877,Under-five mortality rate,71,0,BD,Bangladesh,2007,BD2007DHS,CM_ECMR_C_U5M,63206050,I,360007,1360070,Region,Rajshahi/Rangpur,14003,Ten years preceding the survey,0,1,CMECMRCU5M,BDDHS2007360007,2007,DHS,,,54.0,88.0,1.0
BGD,Barishal,1739973,Stillbirths,8,0,BD,Bangladesh,2007,BD2007DHS,CM_PNMR_C_NSB,63236010,I,360001,1360010,Region,Barishal,0,,0,1,CMPNMRCNSB,BDDHS2007360001,2007,DHS,,,,,1.0
BGD,Chattogram/Sylhet,1739984,Stillbirths,47,0,BD,Bangladesh,2007,BD2007DHS,CM_PNMR_C_NSB,63236010,I,360002,1360020,Region,Chattogram/Sylhet,0,,0,1,CMPNMRCNSB,BDDHS2007360002,2007,DHS,,,,,
BGD,Chattogram,1739982,Stillbirths,30,0,BD,Bangladesh,2007,BD2007DHS,CM_PNMR_C_NSB,63236010,I,360003,1360030,Region,..Chattogram,0,,0,1,CMPNMRCNSB,BDDHS2007360003,2007,DHS,,,,,1.0
BGD,Sylhet,7874202,Stillbirths,17,0,BD,Bangladesh,2007,BD2007DHS,CM_PNMR_C_NSB,63236010,I,360004,1360040,Region,..Sylhet,0,,0,1,CMPNMRCNSB,BDDHS2007360004,2007,DHS,,,,,1.0
BGD,Dhaka before 2015,1734885,Stillbirths,64,0,BD,Bangladesh,2007,BD2007DHS,CM_PNMR_C_NSB,63236010,I,360005,1360050,Region,Dhaka before 2015,0,,0,1,CMPNMRCNSB,BDDHS2007360005,2007,DHS,,,,,1.0
BGD,Khulna,1728622,Stillbirths,17,0,BD,Bangladesh,2007,BD2007DHS,CM_PNMR_C_NSB,63236010,I,360006,1360060,Region,Khulna,0,,0,1,CMPNMRCNSB,BDDHS2007360006,2007,DHS,,,,,1.0
BGD,Rajshahi/Rangpur,1734871,Stillbirths,38,0,BD,Bangladesh,2007,BD2007DHS,CM_PNMR_C_NSB,63236010,I,360007,1360070,Region,Rajshahi/Rangpur,0,,0,1,CMPNMRCNSB,BDDHS2007360007,2007,DHS,,,,,1.0
BGD,Barishal,1739974,Early neonatal deaths,12,0,BD,Bangladesh,2007,BD2007DHS,CM_PNMR_C_NEN,63236020,I,360001,1360010,Region,Barishal,0,,0,1,CMPNMRCNEN,BDDHS2007360001,2007,DHS,,,,,1.0
BGD,Chattogram/Sylhet,1739985,Early neonatal deaths,53,0,BD,Bangladesh,2007,BD2007DHS,CM_PNMR_C_NEN,63236020,I,360002,1360020,Region,Chattogram/Sylhet,0,,0,1,CMPNMRCNEN,BDDHS2007360002,2007,DHS,,,,,
BGD,Chattogram,1739983,Early neonatal deaths,31,0,BD,Bangladesh,2007,BD2007DHS,CM_PNMR_C_NEN,63236020,I,360003,1360030,Region,..Chattogram,0,,0,1,CMPNMRCNEN,BDDHS2007360003,2007,DHS,,,,,1.0
BGD,Sylhet,7874203,Early neonatal deaths,22,0,BD,Bangladesh,2007,BD2007DHS,CM_PNMR_C_NEN,63236020,I,360004,1360040,Region,..Sylhet,0,,0,1,CMPNMRCNEN,BDDHS2007360004,2007,DHS,,,,,1.0
BGD,Dhaka before 2015,1734984,Early neonatal deaths,45,0,BD,Bangladesh,2007,BD2007DHS,CM_PNMR_C_NEN,63236020,I,360005,1360050,Region,Dhaka before 2015,0,,0,1,CMPNMRCNEN,BDDHS2007360005,2007,DHS,,,,,1.0
BGD,Khulna,1728623,Early neonatal deaths,16,0,BD,Bangladesh,2007,BD2007DHS,CM_PNMR_C_NEN,63236020,I,360006,1360060,Region,Khulna,0,,0,1,CMPNMRCNEN,BDDHS2007360006,2007,DHS,,,,,1.0
BGD,Rajshahi/Rangpur,1734886,Early neonatal deaths,43,0,BD,Bangladesh,2007,BD2007DHS,CM_PNMR_C_NEN,63236020,I,360007,1360070,Region,Rajshahi/Rangpur,0,,0,1,CMPNMRCNEN,BDDHS2007360007,2007,DHS,,,,,1.0
BGD,Barishal,5866998,Perinatal mortality rate (5 years),51,0,BD,Bangladesh,2007,BD2007DHS,CM_PNMR_C_PMR,63236030,I,360001,1360010,Region,Barishal,0,,0,1,CMPNMRCPMR,BDDHS2007360001,2007,DHS,391.0,809.0,,,1.0
BGD,Chattogram/Sylhet,4608762,Perinatal mortality rate (5 years),52,0,BD,Bangladesh,2007,BD2007DHS,CM_PNMR_C_PMR,63236030,I,360002,1360020,Region,Chattogram/Sylhet,0,,0,1,CMPNMRCPMR,BDDHS2007360002,2007,DHS,1931.0,2456.0,,,
BGD,Chattogram,6383354,Perinatal mortality rate (5 years),45,0,BD,Bangladesh,2007,BD2007DHS,CM_PNMR_C_PMR,63236030,I,360003,1360030,Region,..Chattogram,0,,0,1,CMPNMRCPMR,BDDHS2007360003,2007,DHS,1368.0,1303.0,,,1.0
BGD,Sylhet,7873195,Perinatal mortality rate (5 years),69,0,BD,Bangladesh,2007,BD2007DHS,CM_PNMR_C_PMR,63236030,I,360004,1360040,Region,..Sylhet,0,,0,1,CMPNMRCPMR,BDDHS2007360004,2007,DHS,564.0,1153.0,,,1.0
BGD,Dhaka before 2015,5355988,Perinatal mortality rate (5 years),55,0,BD,Bangladesh,2007,BD2007DHS,CM_PNMR_C_PMR,63236030,I,360005,1360050,Region,Dhaka before 2015,0,,0,1,CMPNMRCPMR,BDDHS2007360005,2007,DHS,1971.0,1325.0,,,1.0
BGD,Khulna,796556,Perinatal mortality rate (5 years),56,0,BD,Bangladesh,2007,BD2007DHS,CM_PNMR_C_PMR,63236030,I,360006,1360060,Region,Khulna,0,,0,1,CMPNMRCPMR,BDDHS2007360006,2007,DHS,595.0,733.0,,,1.0
BGD,Rajshahi/Rangpur,4192515,Perinatal mortality rate (5 years),60,0,BD,Bangladesh,2007,BD2007DHS,CM_PNMR_C_PMR,63236030,I,360007,1360070,Region,Rajshahi/Rangpur,0,,0,1,CMPNMRCPMR,BDDHS2007360007,2007,DHS,1344.0,994.0,,,1.0
BGD,Barishal,5995444,Number of pregnancies of 7+ months duration,391,0,BD,Bangladesh,2007,BD2007DHS,CM_PNMR_C_NUM,63236040,D,360001,1360010,Region,Barishal,0,,0,1,CMPNMRCNUM,BDDHS2007360001,2007,DHS,,809.0,,,1.0
BGD,Chattogram/Sylhet,4695414,Number of pregnancies of 7+ months duration,1931,0,BD,Bangladesh,2007,BD2007DHS,CM_PNMR_C_NUM,63236040,D,360002,1360020,Region,Chattogram/Sylhet,0,,0,1,CMPNMRCNUM,BDDHS2007360002,2007,DHS,,2456.0,,,
BGD,Chattogram,6469148,Number of pregnancies of 7+ months duration,1368,0,BD,Bangladesh,2007,BD2007DHS,CM_PNMR_C_NUM,63236040,D,360003,1360030,Region,..Chattogram,0,,0,1,CMPNMRCNUM,BDDHS2007360003,2007,DHS,,1303.0,,,1.0
BGD,Sylhet,7874224,Number of pregnancies of 7+ months duration,564,0,BD,Bangladesh,2007,BD2007DHS,CM_PNMR_C_NUM,63236040,D,360004,1360040,Region,..Sylhet,0,,0,1,CMPNMRCNUM,BDDHS2007360004,2007,DHS,,1153.0,,,1.0
BGD,Dhaka before 2015,5462607,Number of pregnancies of 7+ months duration,1971,0,BD,Bangladesh,2007,BD2007DHS,CM_PNMR_C_NUM,63236040,D,360005,1360050,Region,Dhaka before 2015,0,,0,1,CMPNMRCNUM,BDDHS2007360005,2007,DHS,,1325.0,,,1.0
BGD,Khulna,1728665,Number of pregnancies of 7+ months duration,595,0,BD,Bangladesh,2007,BD2007DHS,CM_PNMR_C_NUM,63236040,D,360006,1360060,Region,Khulna,0,,0,1,CMPNMRCNUM,BDDHS2007360006,2007,DHS,,733.0,,,1.0
BGD,Rajshahi/Rangpur,4247526,Number of pregnancies of 7+ months duration,1344,0,BD,Bangladesh,2007,BD2007DHS,CM_PNMR_C_NUM,63236040,D,360007,1360070,Region,Rajshahi/Rangpur,0,,0,1,CMPNMRCNUM,BDDHS2007360007,2007,DHS,,994.0,,,1.0
BGD,Barishal,3261556,Number of pregnancies of 7+ months duration (unweighted),809,0,BD,Bangladesh,2007,BD2007DHS,CM_PNMR_C_UNW,63236050,U,360001,1360010,Region,Barishal,0,,0,1,CMPNMRCUNW,BDDHS2007360001,2007,DHS,391.0,,,,1.0
BGD,Chattogram/Sylhet,24228,Number of pregnancies of 7+ months duration (unweighted),2456,0,BD,Bangladesh,2007,BD2007DHS,CM_PNMR_C_UNW,63236050,U,360002,1360020,Region,Chattogram/Sylhet,0,,0,1,CMPNMRCUNW,BDDHS2007360002,2007,DHS,1931.0,,,,
BGD,Chattogram,279309,Number of pregnancies of 7+ months duration (unweighted),1303,0,BD,Bangladesh,2007,BD2007DHS,CM_PNMR_C_UNW,63236050,U,360003,1360030,Region,..Chattogram,0,,0,1,CMPNMRCUNW,BDDHS2007360003,2007,DHS,1368.0,,,,1.0
BGD,Sylhet,7873193,Number of pregnancies of 7+ months duration (unweighted),1153,0,BD,Bangladesh,2007,BD2007DHS,CM_PNMR_C_UNW,63236050,U,360004,1360040,Region,..Sylhet,0,,0,1,CMPNMRCUNW,BDDHS2007360004,2007,DHS,564.0,,,,1.0
BGD,Dhaka before 2015,701447,Number of pregnancies of 7+ months duration (unweighted),1325,0,BD,Bangladesh,2007,BD2007DHS,CM_PNMR_C_UNW,63236050,U,360005,1360050,Region,Dhaka before 2015,0,,0,1,CMPNMRCUNW,BDDHS2007360005,2007,DHS,1971.0,,,,1.0
BGD,Khulna,796530,Number of pregnancies of 7+ months duration (unweighted),733,0,BD,Bangladesh,2007,BD2007DHS,CM_PNMR_C_UNW,63236050,U,360006,1360060,Region,Khulna,0,,0,1,CMPNMRCUNW,BDDHS2007360006,2007,DHS,595.0,,,,1.0
BGD,Rajshahi/Rangpur,2790488,Number of pregnancies of 7+ months duration (unweighted),994,0,BD,Bangladesh,2007,BD2007DHS,CM_PNMR_C_UNW,63236050,U,360007,1360070,Region,Rajshahi/Rangpur,0,,0,1,CMPNMRCUNW,BDDHS2007360007,2007,DHS,1344.0,,,,1.0
BGD,Barishal,1735449,Neonatal mortality rate,32,0,BD,Bangladesh,2011,BD2011DHS,CM_ECMR_C_NNR,63206010,I,360001,1360010,Region,Barishal,14003,Ten years preceding the survey,0,1,CMECMRCNNR,BDDHS2011360001,2011,DHS,,,25.0,39.0,1.0
BGD,Chattogram/Sylhet,7909905,Neonatal mortality rate,34,0,BD,Bangladesh,2011,BD2011DHS,CM_ECMR_C_NNR,63206010,I,360002,1360020,Region,Chattogram/Sylhet,14003,Ten years preceding the survey,0,1,CMECMRCNNR,BDDHS2011360002,2011,DHS,,,29.0,40.0,
BGD,Chattogram,7943527,Neonatal mortality rate,30,0,BD,Bangladesh,2011,BD2011DHS,CM_ECMR_C_NNR,63206010,I,360003,1360030,Region,..Chattogram,14003,Ten years preceding the survey,0,1,CMECMRCNNR,BDDHS2011360003,2011,DHS,,,23.0,36.0,1.0
BGD,Sylhet,7724821,Neonatal mortality rate,47,0,BD,Bangladesh,2011,BD2011DHS,CM_ECMR_C_NNR,63206010,I,360004,1360040,Region,..Sylhet,14003,Ten years preceding the survey,0,1,CMECMRCNNR,BDDHS2011360004,2011,DHS,,,37.0,57.0,1.0
BGD,Dhaka before 2015,7497189,Neonatal mortality rate,34,0,BD,Bangladesh,2011,BD2011DHS,CM_ECMR_C_NNR,63206010,I,360005,1360050,Region,Dhaka before 2015,14003,Ten years preceding the survey,0,1,CMECMRCNNR,BDDHS2011360005,2011,DHS,,,27.0,41.0,1.0
BGD,Khulna,7876160,Neonatal mortality rate,33,0,BD,Bangladesh,2011,BD2011DHS,CM_ECMR_C_NNR,63206010,I,360006,1360060,Region,Khulna,14003,Ten years preceding the survey,0,1,CMECMRCNNR,BDDHS2011360006,2011,DHS,,,25.0,41.0,1.0
BGD,Rajshahi/Rangpur,7657489,Neonatal mortality rate,43,0,BD,Bangladesh,2011,BD2011DHS,CM_ECMR_C_NNR,63206010,I,360007,1360070,Region,Rajshahi/Rangpur,14003,Ten years preceding the survey,0,1,CMECMRCNNR,BDDHS2011360007,2011,DHS,,,35.0,52.0,
BGD,Rangpur,7955051,Neonatal mortality rate,36,0,BD,Bangladesh,2011,BD2011DHS,CM_ECMR_C_NNR,63206010,I,360008,1360080,Region,..Rangpur,14003,Ten years preceding the survey,0,1,CMECMRCNNR,BDDHS2011360008,2011,DHS,,,25.0,46.0,1.0
BGD,Rajshahi,7980718,Neonatal mortality rate,50,0,BD,Bangladesh,2011,BD2011DHS,CM_ECMR_C_NNR,63206010,I,360009,1360090,Region,..Rajshahi,14003,Ten years preceding the survey,0,1,CMECMRCNNR,BDDHS2011360009,2011,DHS,,,38.0,62.0,1.0
BGD,Barishal,1735473,Postneonatal mortality rate,13,0,BD,Bangladesh,2011,BD2011DHS,CM_ECMR_C_PNR,63206020,I,360001,1360010,Region,Barishal,14003,Ten years preceding the survey,0,1,CMECMRCPNR,BDDHS2011360001,2011,DHS,,,8.0,19.0,1.0
BGD,Chattogram/Sylhet,7882424,Postneonatal mortality rate,15,0,BD,Bangladesh,2011,BD2011DHS,CM_ECMR_C_PNR,63206020,I,360002,1360020,Region,Chattogram/Sylhet,14003,Ten years preceding the survey,0,1,CMECMRCPNR,BDDHS2011360002,2011,DHS,,,11.0,18.0,
BGD,Chattogram,7632180,Postneonatal mortality rate,13,0,BD,Bangladesh,2011,BD2011DHS,CM_ECMR_C_PNR,63206020,I,360003,1360030,Region,..Chattogram,14003,Ten years preceding the survey,0,1,CMECMRCPNR,BDDHS2011360003,2011,DHS,,,9.0,17.0,1.0
BGD,Sylhet,1723361,Postneonatal mortality rate,19,0,BD,Bangladesh,2011,BD2011DHS,CM_ECMR_C_PNR,63206020,I,360004,1360040,Region,..Sylhet,14003,Ten years preceding the survey,0,1,CMECMRCPNR,BDDHS2011360004,2011,DHS,,,13.0,24.0,1.0
BGD,Dhaka before 2015,878302,Postneonatal mortality rate,15,0,BD,Bangladesh,2011,BD2011DHS,CM_ECMR_C_PNR,63206020,I,360005,1360050,Region,Dhaka before 2015,14003,Ten years preceding the survey,0,1,CMECMRCPNR,BDDHS2011360005,2011,DHS,,,10.0,20.0,1.0
BGD,Khulna,1729708,Postneonatal mortality rate,8,0,BD,Bangladesh,2011,BD2011DHS,CM_ECMR_C_PNR,63206020,I,360006,1360060,Region,Khulna,14003,Ten years preceding the survey,0,1,CMECMRCPNR,BDDHS2011360006,2011,DHS,,,4.0,12.0,1.0
BGD,Rajshahi/Rangpur,7532029,Postneonatal mortality rate,13,0,BD,Bangladesh,2011,BD2011DHS,CM_ECMR_C_PNR,63206020,I,360007,1360070,Region,Rajshahi/Rangpur,14003,Ten years preceding the survey,0,1,CMECMRCPNR,BDDHS2011360007,2011,DHS,,,9.0,17.0,
BGD,Rangpur,7957036,Postneonatal mortality rate,15,0,BD,Bangladesh,2011,BD2011DHS,CM_ECMR_C_PNR,63206020,I,360008,1360080,Region,..Rangpur,14003,Ten years preceding the survey,0,1,CMECMRCPNR,BDDHS2011360008,2011,DHS,,,9.0,20.0,1.0
BGD,Rajshahi,7780284,Postneonatal mortality rate,12,0,BD,Bangladesh,2011,BD2011DHS,CM_ECMR_C_PNR,63206020,I,360009,1360090,Region,..Rajshahi,14003,Ten years preceding the survey,0,1,CMECMRCPNR,BDDHS2011360009,2011,DHS,,,6.0,17.0,1.0
BGD,Barishal,7619839,Infant mortality rate,45,0,BD,Bangladesh,2011,BD2011DHS,CM_ECMR_C_IMR,63206030,I,360001,1360010,Region,Barishal,14003,Ten years preceding the survey,0,1,CMECMRCIMR,BDDHS2011360001,2011,DHS,,,36.0,55.0,1.0
BGD,Chattogram/Sylhet,7462417,Infant mortality rate,49,0,BD,Bangladesh,2011,BD2011DHS,CM_ECMR_C_IMR,63206030,I,360002,1360020,Region,Chattogram/Sylhet,14003,Ten years preceding the survey,0,1,CMECMRCIMR,BDDHS2011360002,2011,DHS,,,42.0,55.0,
BGD,Chattogram,7906848,Infant mortality rate,43,0,BD,Bangladesh,2011,BD2011DHS,CM_ECMR_C_IMR,63206030,I,360003,1360030,Region,..Chattogram,14003,Ten years preceding the survey,0,1,CMECMRCIMR,BDDHS2011360003,2011,DHS,,,35.0,50.0,1.0
BGD,Sylhet,7459480,Infant mortality rate,66,0,BD,Bangladesh,2011,BD2011DHS,CM_ECMR_C_IMR,63206030,I,360004,1360040,Region,..Sylhet,14003,Ten years preceding the survey,0,1,CMECMRCIMR,BDDHS2011360004,2011,DHS,,,55.0,77.0,1.0
BGD,Dhaka before 2015,7852006,Infant mortality rate,49,0,BD,Bangladesh,2011,BD2011DHS,CM_ECMR_C_IMR,63206030,I,360005,1360050,Region,Dhaka before 2015,14003,Ten years preceding the survey,0,1,CMECMRCIMR,BDDHS2011360005,2011,DHS,,,41.0,58.0,1.0
BGD,Khulna,7464231,Infant mortality rate,42,0,BD,Bangladesh,2011,BD2011DHS,CM_ECMR_C_IMR,63206030,I,360006,1360060,Region,Khulna,14003,Ten years preceding the survey,0,1,CMECMRCIMR,BDDHS2011360006,2011,DHS,,,33.0,50.0,1.0
BGD,Rajshahi/Rangpur,7865243,Infant mortality rate,56,0,BD,Bangladesh,2011,BD2011DHS,CM_ECMR_C_IMR,63206030,I,360007,1360070,Region,Rajshahi/Rangpur,14003,Ten years preceding the survey,0,1,CMECMRCIMR,BDDHS2011360007,2011,DHS,,,48.0,65.0,
BGD,Rangpur,7650712,Infant mortality rate,50,0,BD,Bangladesh,2011,BD2011DHS,CM_ECMR_C_IMR,63206030,I,360008,1360080,Region,..Rangpur,14003,Ten years preceding the survey,0,1,CMECMRCIMR,BDDHS2011360008,2011,DHS,,,39.0,61.0,1.0
BGD,Rajshahi,1729659,Infant mortality rate,62,0,BD,Bangladesh,2011,BD2011DHS,CM_ECMR_C_IMR,63206030,I,360009,1360090,Region,..Rajshahi,14003,Ten years preceding the survey,0,1,CMECMRCIMR,BDDHS2011360009,2011,DHS,,,48.0,75.0,1.0
BGD,Barishal,7837186,Child mortality rate,18,0,BD,Bangladesh,2011,BD2011DHS,CM_ECMR_C_CMR,63206040,I,360001,1360010,Region,Barishal,14003,Ten years preceding the survey,0,1,CMECMRCCMR,BDDHS2011360001,2011,DHS,,,11.0,24.0,1.0
BGD,Chattogram/Sylhet,7518899,Child mortality rate,20,0,BD,Bangladesh,2011,BD2011DHS,CM_ECMR_C_CMR,63206040,I,360002,1360020,Region,Chattogram/Sylhet,14003,Ten years preceding the survey,0,1,CMECMRCCMR,BDDHS2011360002,2011,DHS,,,15.0,25.0,
BGD,Chattogram,7880805,Child mortality rate,22,0,BD,Bangladesh,2011,BD2011DHS,CM_ECMR_C_CMR,63206040,I,360003,1360030,Region,..Chattogram,14003,Ten years preceding the survey,0,1,CMECMRCCMR,BDDHS2011360003,2011,DHS,,,15.0,28.0,1.0
BGD,Sylhet,7610340,Child mortality rate,15,0,BD,Bangladesh,2011,BD2011DHS,CM_ECMR_C_CMR,63206040,I,360004,1360040,Region,..Sylhet,14003,Ten years preceding the survey,0,1,CMECMRCCMR,BDDHS2011360004,2011,DHS,,,10.0,19.0,1.0
BGD,Dhaka before 2015,7618262,Child mortality rate,14,0,BD,Bangladesh,2011,BD2011DHS,CM_ECMR_C_CMR,63206040,I,360005,1360050,Region,Dhaka before 2015,14003,Ten years preceding the survey,0,1,CMECMRCCMR,BDDHS2011360005,2011,DHS,,,9.0,18.0,1.0
BGD,Khulna,7738905,Child mortality rate,6,0,BD,Bangladesh,2011,BD2011DHS,CM_ECMR_C_CMR,63206040,I,360006,1360060,Region,Khulna,14003,Ten years preceding the survey,0,1,CMECMRCCMR,BDDHS2011360006,2011,DHS,,,2.0,10.0,1.0
BGD,Rajshahi/Rangpur,7446783,Child mortality rate,11,0,BD,Bangladesh,2011,BD2011DHS,CM_ECMR_C_CMR,63206040,I,360007,1360070,Region,Rajshahi/Rangpur,14003,Ten years preceding the survey,0,1,CMECMRCCMR,BDDHS2011360007,2011,DHS,,,8.0,15.0,
BGD,Rangpur,7737489,Child mortality rate,9,0,BD,Bangladesh,2011,BD2011DHS,CM_ECMR_C_CMR,63206040,I,360008,1360080,Region,..Rangpur,14003,Ten years preceding the survey,0,1,CMECMRCCMR,BDDHS2011360008,2011,DHS,,,6.0,13.0,1.0
BGD,Rajshahi,7585893,Child mortality rate,13,0,BD,Bangladesh,2011,BD2011DHS,CM_ECMR_C_CMR,63206040,I,360009,1360090,Region,..Rajshahi,14003,Ten years preceding the survey,0,1,CMECMRCCMR,BDDHS2011360009,2011,DHS,,,7.0,18.0,1.0
BGD,Barishal,7899113,Under-five mortality rate,62,0,BD,Bangladesh,2011,BD2011DHS,CM_ECMR_C_U5M,63206050,I,360001,1360010,Region,Barishal,14003,Ten years preceding the survey,0,1,CMECMRCU5M,BDDHS2011360001,2011,DHS,,,52.0,73.0,1.0
BGD,Chattogram/Sylhet,7858894,Under-five mortality rate,68,0,BD,Bangladesh,2011,BD2011DHS,CM_ECMR_C_U5M,63206050,I,360002,1360020,Region,Chattogram/Sylhet,14003,Ten years preceding the survey,0,1,CMECMRCU5M,BDDHS2011360002,2011,DHS,,,59.0,77.0,
BGD,Chattogram,1723356,Under-five mortality rate,63,0,BD,Bangladesh,2011,BD2011DHS,CM_ECMR_C_U5M,63206050,I,360003,1360030,Region,..Chattogram,14003,Ten years preceding the survey,0,1,CMECMRCU5M,BDDHS2011360003,2011,DHS,,,52.0,75.0,1.0
BGD,Sylhet,7697221,Under-five mortality rate,80,0,BD,Bangladesh,2011,BD2011DHS,CM_ECMR_C_U5M,63206050,I,360004,1360040,Region,..Sylhet,14003,Ten years preceding the survey,0,1,CMECMRCU5M,BDDHS2011360004,2011,DHS,,,69.0,91.0,1.0
BGD,Dhaka before 2015,1740972,Under-five mortality rate,62,0,BD,Bangladesh,2011,BD2011DHS,CM_ECMR_C_U5M,63206050,I,360005,1360050,Region,Dhaka before 2015,14003,Ten years preceding the survey,0,1,CMECMRCU5M,BDDHS2011360005,2011,DHS,,,53.0,72.0,1.0
BGD,Khulna,7539712,Under-five mortality rate,47,0,BD,Bangladesh,2011,BD2011DHS,CM_ECMR_C_U5M,63206050,I,360006,1360060,Region,Khulna,14003,Ten years preceding the survey,0,1,CMECMRCU5M,BDDHS2011360006,2011,DHS,,,39.0,56.0,1.0
BGD,Rajshahi/Rangpur,7450229,Under-five mortality rate,67,0,BD,Bangladesh,2011,BD2011DHS,CM_ECMR_C_U5M,63206050,I,360007,1360070,Region,Rajshahi/Rangpur,14003,Ten years preceding the survey,0,1,CMECMRCU5M,BDDHS2011360007,2011,DHS,,,58.0,76.0,
BGD,Rangpur,7822589,Under-five mortality rate,59,0,BD,Bangladesh,2011,BD2011DHS,CM_ECMR_C_U5M,63206050,I,360008,1360080,Region,..Rangpur,14003,Ten years preceding the survey,0,1,CMECMRCU5M,BDDHS2011360008,2011,DHS,,,48.0,70.0,1.0
BGD,Rajshahi,7976426,Under-five mortality rate,74,0,BD,Bangladesh,2011,BD2011DHS,CM_ECMR_C_U5M,63206050,I,360009,1360090,Region,..Rajshahi,14003,Ten years preceding the survey,0,1,CMECMRCU5M,BDDHS2011360009,2011,DHS,,,61.0,87.0,1.0
BGD,Barishal,1736079,Stillbirths,17,0,BD,Bangladesh,2011,BD2011DHS,CM_PNMR_C_NSB,63236010,I,360001,1360010,Region,Barishal,0,,0,1,CMPNMRCNSB,BDDHS2011360001,2011,DHS,,,,,1.0
BGD,Chattogram/Sylhet,1723476,Stillbirths,68,0,BD,Bangladesh,2011,BD2011DHS,CM_PNMR_C_NSB,63236010,I,360002,1360020,Region,Chattogram/Sylhet,0,,0,1,CMPNMRCNSB,BDDHS2011360002,2011,DHS,,,,,
BGD,Chattogram,1723480,Stillbirths,44,0,BD,Bangladesh,2011,BD2011DHS,CM_PNMR_C_NSB,63236010,I,360003,1360030,Region,..Chattogram,0,,0,1,CMPNMRCNSB,BDDHS2011360003,2011,DHS,,,,,1.0
BGD,Sylhet,1723471,Stillbirths,24,0,BD,Bangladesh,2011,BD2011DHS,CM_PNMR_C_NSB,63236010,I,360004,1360040,Region,..Sylhet,0,,0,1,CMPNMRCNSB,BDDHS2011360004,2011,DHS,,,,,1.0
BGD,Dhaka before 2015,1741093,Stillbirths,72,0,BD,Bangladesh,2011,BD2011DHS,CM_PNMR_C_NSB,63236010,I,360005,1360050,Region,Dhaka before 2015,0,,0,1,CMPNMRCNSB,BDDHS2011360005,2011,DHS,,,,,1.0
BGD,Khulna,7210614,Stillbirths,16,0,BD,Bangladesh,2011,BD2011DHS,CM_PNMR_C_NSB,63236010,I,360006,1360060,Region,Khulna,0,,0,1,CMPNMRCNSB,BDDHS2011360006,2011,DHS,,,,,1.0
BGD,Rajshahi/Rangpur,4060051,Stillbirths,60,0,BD,Bangladesh,2011,BD2011DHS,CM_PNMR_C_NSB,63236010,I,360007,1360070,Region,Rajshahi/Rangpur,0,,0,1,CMPNMRCNSB,BDDHS2011360007,2011,DHS,,,,,
BGD,Rangpur,1729769,Stillbirths,30,0,BD,Bangladesh,2011,BD2011DHS,CM_PNMR_C_NSB,63236010,I,360008,1360080,Region,..Rangpur,0,,0,1,CMPNMRCNSB,BDDHS2011360008,2011,DHS,,,,,1.0
BGD,Rajshahi,1729768,Stillbirths,30,0,BD,Bangladesh,2011,BD2011DHS,CM_PNMR_C_NSB,63236010,I,360009,1360090,Region,..Rajshahi,0,,0,1,CMPNMRCNSB,BDDHS2011360009,2011,DHS,,,,,1.0
BGD,Barishal,1736080,Early neonatal deaths,15,0,BD,Bangladesh,2011,BD2011DHS,CM_PNMR_C_NEN,63236020,I,360001,1360010,Region,Barishal,0,,0,1,CMPNMRCNEN,BDDHS2011360001,2011,DHS,,,,,1.0
BGD,Chattogram/Sylhet,1723595,Early neonatal deaths,49,0,BD,Bangladesh,2011,BD2011DHS,CM_PNMR_C_NEN,63236020,I,360002,1360020,Region,Chattogram/Sylhet,0,,0,1,CMPNMRCNEN,BDDHS2011360002,2011,DHS,,,,,
BGD,Chattogram,1723481,Early neonatal deaths,31,0,BD,Bangladesh,2011,BD2011DHS,CM_PNMR_C_NEN,63236020,I,360003,1360030,Region,..Chattogram,0,,0,1,CMPNMRCNEN,BDDHS2011360003,2011,DHS,,,,,1.0
BGD,Sylhet,1723484,Early neonatal deaths,18,0,BD,Bangladesh,2011,BD2011DHS,CM_PNMR_C_NEN,63236020,I,360004,1360040,Region,..Sylhet,0,,0,1,CMPNMRCNEN,BDDHS2011360004,2011,DHS,,,,,1.0
BGD,Dhaka before 2015,1741094,Early neonatal deaths,80,0,BD,Bangladesh,2011,BD2011DHS,CM_PNMR_C_NEN,63236020,I,360005,1360050,Region,Dhaka before 2015,0,,0,1,CMPNMRCNEN,BDDHS2011360005,2011,DHS,,,,,1.0
BGD,Khulna,7210615,Early neonatal deaths,21,0,BD,Bangladesh,2011,BD2011DHS,CM_PNMR_C_NEN,63236020,I,360006,1360060,Region,Khulna,0,,0,1,CMPNMRCNEN,BDDHS2011360006,2011,DHS,,,,,1.0
BGD,Rajshahi/Rangpur,4060052,Early neonatal deaths,56,0,BD,Bangladesh,2011,BD2011DHS,CM_PNMR_C_NEN,63236020,I,360007,1360070,Region,Rajshahi/Rangpur,0,,0,1,CMPNMRCNEN,BDDHS2011360007,2011,DHS,,,,,
BGD,Rangpur,1729770,Early neonatal deaths,18,0,BD,Bangladesh,2011,BD2011DHS,CM_PNMR_C_NEN,63236020,I,360008,1360080,Region,..Rangpur,0,,0,1,CMPNMRCNEN,BDDHS2011360008,2011,DHS,,,,,1.0
BGD,Rajshahi,1729790,Early neonatal deaths,38,0,BD,Bangladesh,2011,BD2011DHS,CM_PNMR_C_NEN,63236020,I,360009,1360090,Region,..Rajshahi,0,,0,1,CMPNMRCNEN,BDDHS2011360009,2011,DHS,,,,,1.0
BGD,Barishal,615979,Perinatal mortality rate (5 years),62,0,BD,Bangladesh,2011,BD2011DHS,CM_PNMR_C_PMR,63236030,I,360001,1360010,Region,Barishal,0,,0,1,CMPNMRCPMR,BDDHS2011360001,2011,DHS,507.0,1003.0,,,1.0
BGD,Chattogram/Sylhet,3295641,Perinatal mortality rate (5 years),42,0,BD,Bangladesh,2011,BD2011DHS,CM_PNMR_C_PMR,63236030,I,360002,1360020,Region,Chattogram/Sylhet,0,,0,1,CMPNMRCPMR,BDDHS2011360002,2011,DHS,2767.0,3244.0,,,
BGD,Chattogram,1723506,Perinatal mortality rate (5 years),36,0,BD,Bangladesh,2011,BD2011DHS,CM_PNMR_C_PMR,63236030,I,360003,1360030,Region,..Chattogram,0,,0,1,CMPNMRCPMR,BDDHS2011360003,2011,DHS,2061.0,1785.0,,,1.0
BGD,Sylhet,5647540,Perinatal mortality rate (5 years),60,0,BD,Bangladesh,2011,BD2011DHS,CM_PNMR_C_PMR,63236030,I,360004,1360040,Region,..Sylhet,0,,0,1,CMPNMRCPMR,BDDHS2011360004,2011,DHS,706.0,1459.0,,,1.0
BGD,Dhaka before 2015,6127689,Perinatal mortality rate (5 years),54,0,BD,Bangladesh,2011,BD2011DHS,CM_PNMR_C_PMR,63236030,I,360005,1360050,Region,Dhaka before 2015,0,,0,1,CMPNMRCPMR,BDDHS2011360005,2011,DHS,2798.0,1479.0,,,1.0
BGD,Khulna,5426945,Perinatal mortality rate (5 years),45,0,BD,Bangladesh,2011,BD2011DHS,CM_PNMR_C_PMR,63236030,I,360006,1360060,Region,Khulna,0,,0,1,CMPNMRCPMR,BDDHS2011360006,2011,DHS,812.0,1000.0,,,1.0
BGD,Rajshahi/Rangpur,3670336,Perinatal mortality rate (5 years),54,0,BD,Bangladesh,2011,BD2011DHS,CM_PNMR_C_PMR,63236030,I,360007,1360070,Region,Rajshahi/Rangpur,0,,0,1,CMPNMRCPMR,BDDHS2011360007,2011,DHS,2137.0,2248.0,,,
BGD,Rangpur,6891415,Perinatal mortality rate (5 years),50,0,BD,Bangladesh,2011,BD2011DHS,CM_PNMR_C_PMR,63236030,I,360008,1360080,Region,..Rangpur,0,,0,1,CMPNMRCPMR,BDDHS2011360008,2011,DHS,956.0,1142.0,,,1.0
BGD,Rajshahi,6426848,Perinatal mortality rate (5 years),58,0,BD,Bangladesh,2011,BD2011DHS,CM_PNMR_C_PMR,63236030,I,360009,1360090,Region,..Rajshahi,0,,0,1,CMPNMRCPMR,BDDHS2011360009,2011,DHS,1180.0,1106.0,,,1.0
BGD,Barishal,1736126,Number of pregnancies of 7+ months duration,507,0,BD,Bangladesh,2011,BD2011DHS,CM_PNMR_C_NUM,63236040,D,360001,1360010,Region,Barishal,0,,0,1,CMPNMRCNUM,BDDHS2011360001,2011,DHS,,1003.0,,,1.0
BGD,Chattogram/Sylhet,1723477,Number of pregnancies of 7+ months duration,2767,0,BD,Bangladesh,2011,BD2011DHS,CM_PNMR_C_NUM,63236040,D,360002,1360020,Region,Chattogram/Sylhet,0,,0,1,CMPNMRCNUM,BDDHS2011360002,2011,DHS,,3244.0,,,
BGD,Chattogram,1723525,Number of pregnancies of 7+ months duration,2061,0,BD,Bangladesh,2011,BD2011DHS,CM_PNMR_C_NUM,63236040,D,360003,1360030,Region,..Chattogram,0,,0,1,CMPNMRCNUM,BDDHS2011360003,2011,DHS,,1785.0,,,1.0
BGD,Sylhet,5760321,Number of pregnancies of 7+ months duration,706,0,BD,Bangladesh,2011,BD2011DHS,CM_PNMR_C_NUM,63236040,D,360004,1360040,Region,..Sylhet,0,,0,1,CMPNMRCNUM,BDDHS2011360004,2011,DHS,,1459.0,,,1.0
BGD,Dhaka before 2015,6127688,Number of pregnancies of 7+ months duration,2798,0,BD,Bangladesh,2011,BD2011DHS,CM_PNMR_C_NUM,63236040,D,360005,1360050,Region,Dhaka before 2015,0,,0,1,CMPNMRCNUM,BDDHS2011360005,2011,DHS,,1479.0,,,1.0
BGD,Khulna,5344475,Number of pregnancies of 7+ months duration,812,0,BD,Bangladesh,2011,BD2011DHS,CM_PNMR_C_NUM,63236040,D,360006,1360060,Region,Khulna,0,,0,1,CMPNMRCNUM,BDDHS2011360006,2011,DHS,,1000.0,,,1.0
BGD,Rajshahi/Rangpur,3666268,Number of pregnancies of 7+ months duration,2137,0,BD,Bangladesh,2011,BD2011DHS,CM_PNMR_C_NUM,63236040,D,360007,1360070,Region,Rajshahi/Rangpur,0,,0,1,CMPNMRCNUM,BDDHS2011360007,2011,DHS,,2248.0,,,
BGD,Rangpur,6916674,Number of pregnancies of 7+ months duration,956,0,BD,Bangladesh,2011,BD2011DHS,CM_PNMR_C_NUM,63236040,D,360008,1360080,Region,..Rangpur,0,,0,1,CMPNMRCNUM,BDDHS2011360008,2011,DHS,,1142.0,,,1.0
BGD,Rajshahi,6454687,Number of pregnancies of 7+ months duration,1180,0,BD,Bangladesh,2011,BD2011DHS,CM_PNMR_C_NUM,63236040,D,360009,1360090,Region,..Rajshahi,0,,0,1,CMPNMRCNUM,BDDHS2011360009,2011,DHS,,1106.0,,,1.0
BGD,Barishal,615990,Number of pregnancies of 7+ months duration (unweighted),1003,0,BD,Bangladesh,2011,BD2011DHS,CM_PNMR_C_UNW,63236050,U,360001,1360010,Region,Barishal,0,,0,1,CMPNMRCUNW,BDDHS2011360001,2011,DHS,507.0,,,,1.0
BGD,Chattogram/Sylhet,3295642,Number of pregnancies of 7+ months duration (unweighted),3244,0,BD,Bangladesh,2011,BD2011DHS,CM_PNMR_C_UNW,63236050,U,360002,1360020,Region,Chattogram/Sylhet,0,,0,1,CMPNMRCUNW,BDDHS2011360002,2011,DHS,2767.0,,,,
BGD,Chattogram,1723507,Number of pregnancies of 7+ months duration (unweighted),1785,0,BD,Bangladesh,2011,BD2011DHS,CM_PNMR_C_UNW,63236050,U,360003,1360030,Region,..Chattogram,0,,0,1,CMPNMRCUNW,BDDHS2011360003,2011,DHS,2061.0,,,,1.0
BGD,Sylhet,3378540,Number of pregnancies of 7+ months duration (unweighted),1459,0,BD,Bangladesh,2011,BD2011DHS,CM_PNMR_C_UNW,63236050,U,360004,1360040,Region,..Sylhet,0,,0,1,CMPNMRCUNW,BDDHS2011360004,2011,DHS,706.0,,,,1.0
BGD,Dhaka before 2015,1741097,Number of pregnancies of 7+ months duration (unweighted),1479,0,BD,Bangladesh,2011,BD2011DHS,CM_PNMR_C_UNW,63236050,U,360005,1360050,Region,Dhaka before 2015,0,,0,1,CMPNMRCUNW,BDDHS2011360005,2011,DHS,2798.0,,,,1.0
BGD,Khulna,7236391,Number of pregnancies of 7+ months duration (unweighted),1000,0,BD,Bangladesh,2011,BD2011DHS,CM_PNMR_C_UNW,63236050,U,360006,1360060,Region,Khulna,0,,0,1,CMPNMRCUNW,BDDHS2011360006,2011,DHS,812.0,,,,1.0
BGD,Rajshahi/Rangpur,4061088,Number of pregnancies of 7+ months duration (unweighted),2248,0,BD,Bangladesh,2011,BD2011DHS,CM_PNMR_C_UNW,63236050,U,360007,1360070,Region,Rajshahi/Rangpur,0,,0,1,CMPNMRCUNW,BDDHS2011360007,2011,DHS,2137.0,,,,
BGD,Rangpur,3065084,Number of pregnancies of 7+ months duration (unweighted),1142,0,BD,Bangladesh,2011,BD2011DHS,CM_PNMR_C_UNW,63236050,U,360008,1360080,Region,..Rangpur,0,,0,1,CMPNMRCUNW,BDDHS2011360008,2011,DHS,956.0,,,,1.0
BGD,Rajshahi,2562818,Number of pregnancies of 7+ months duration (unweighted),1106,0,BD,Bangladesh,2011,BD2011DHS,CM_PNMR_C_UNW,63236050,U,360009,1360090,Region,..Rajshahi,0,,0,1,CMPNMRCUNW,BDDHS2011360009,2011,DHS,1180.0,,,,1.0
BGD,Barishal,7724835,Neonatal mortality rate,33,0,BD,Bangladesh,2014,BD2014DHS,CM_ECMR_C_NNR,63206010,I,360001,1360010,Region,Barishal,14003,Ten years preceding the survey,0,1,CMECMRCNNR,BDDHS2014360001,2014,DHS,,,23.0,43.0,1.0
BGD,Chattogram/Sylhet,1736163,Neonatal mortality rate,37,0,BD,Bangladesh,2014,BD2014DHS,CM_ECMR_C_NNR,63206010,I,360002,1360020,Region,Chattogram/Sylhet,14003,Ten years preceding the survey,0,1,CMECMRCNNR,BDDHS2014360002,2014,DHS,,,31.0,44.0,
BGD,Chattogram,7802592,Neonatal mortality rate,34,0,BD,Bangladesh,2014,BD2014DHS,CM_ECMR_C_NNR,63206010,I,360003,1360030,Region,..Chattogram,14003,Ten years preceding the survey,0,1,CMECMRCNNR,BDDHS2014360003,2014,DHS,,,25.0,42.0,1.0
BGD,Sylhet,7712061,Neonatal mortality rate,45,0,BD,Bangladesh,2014,BD2014DHS,CM_ECMR_C_NNR,63206010,I,360004,1360040,Region,..Sylhet,14003,Ten years preceding the survey,0,1,CMECMRCNNR,BDDHS2014360004,2014,DHS,,,36.0,54.0,1.0
BGD,Dhaka before 2015,7477545,Neonatal mortality rate,27,0,BD,Bangladesh,2014,BD2014DHS,CM_ECMR_C_NNR,63206010,I,360005,1360050,Region,Dhaka before 2015,14003,Ten years preceding the survey,0,1,CMECMRCNNR,BDDHS2014360005,2014,DHS,,,21.0,33.0,1.0
BGD,Khulna,7725794,Neonatal mortality rate,37,0,BD,Bangladesh,2014,BD2014DHS,CM_ECMR_C_NNR,63206010,I,360006,1360060,Region,Khulna,14003,Ten years preceding the survey,0,1,CMECMRCNNR,BDDHS2014360006,2014,DHS,,,27.0,47.0,1.0
BGD,Rajshahi/Rangpur,1736236,Neonatal mortality rate,31,0,BD,Bangladesh,2014,BD2014DHS,CM_ECMR_C_NNR,63206010,I,360007,1360070,Region,Rajshahi/Rangpur,14003,Ten years preceding the survey,0,1,CMECMRCNNR,BDDHS2014360007,2014,DHS,,,25.0,37.0,
BGD,Rangpur,7913255,Neonatal mortality rate,28,0,BD,Bangladesh,2014,BD2014DHS,CM_ECMR_C_NNR,63206010,I,360008,1360080,Region,..Rangpur,14003,Ten years preceding the survey,0,1,CMECMRCNNR,BDDHS2014360008,2014,DHS,,,19.0,38.0,1.0
BGD,Rajshahi,7673883,Neonatal mortality rate,33,0,BD,Bangladesh,2014,BD2014DHS,CM_ECMR_C_NNR,63206010,I,360009,1360090,Region,..Rajshahi,14003,Ten years preceding the survey,0,1,CMECMRCNNR,BDDHS2014360009,2014,DHS,,,26.0,41.0,1.0
BGD,Barishal,7947918,Postneonatal mortality rate,9,0,BD,Bangladesh,2014,BD2014DHS,CM_ECMR_C_PNR,63206020,I,360001,1360010,Region,Barishal,14003,Ten years preceding the survey,0,1,CMECMRCPNR,BDDHS2014360001,2014,DHS,,,4.0,13.0,1.0
BGD,Chattogram/Sylhet,872766,Postneonatal mortality rate,16,0,BD,Bangladesh,2014,BD2014DHS,CM_ECMR_C_PNR,63206020,I,360002,1360020,Region,Chattogram/Sylhet,14003,Ten years preceding the survey,0,1,CMECMRCPNR,BDDHS2014360002,2014,DHS,,,12.0,20.0,
BGD,Chattogram,1723563,Postneonatal mortality rate,14,0,BD,Bangladesh,2014,BD2014DHS,CM_ECMR_C_PNR,63206020,I,360003,1360030,Region,..Chattogram,14003,Ten years preceding the survey,0,1,CMECMRCPNR,BDDHS2014360003,2014,DHS,,,9.0,20.0,1.0
BGD,Sylhet,7893764,Postneonatal mortality rate,19,0,BD,Bangladesh,2014,BD2014DHS,CM_ECMR_C_PNR,63206020,I,360004,1360040,Region,..Sylhet,14003,Ten years preceding the survey,0,1,CMECMRCPNR,BDDHS2014360004,2014,DHS,,,13.0,25.0,1.0
BGD,Dhaka before 2015,1736310,Postneonatal mortality rate,11,0,BD,Bangladesh,2014,BD2014DHS,CM_ECMR_C_PNR,63206020,I,360005,1360050,Region,Dhaka before 2015,14003,Ten years preceding the survey,0,1,CMECMRCPNR,BDDHS2014360005,2014,DHS,,,7.0,15.0,1.0
BGD,Khulna,7749312,Postneonatal mortality rate,5,0,BD,Bangladesh,2014,BD2014DHS,CM_ECMR_C_PNR,63206020,I,360006,1360060,Region,Khulna,14003,Ten years preceding the survey,0,1,CMECMRCPNR,BDDHS2014360006,2014,DHS,,,2.0,8.0,1.0
BGD,Rajshahi/Rangpur,7704814,Postneonatal mortality rate,11,0,BD,Bangladesh,2014,BD2014DHS,CM_ECMR_C_PNR,63206020,I,360007,1360070,Region,Rajshahi/Rangpur,14003,Ten years preceding the survey,0,1,CMECMRCPNR,BDDHS2014360007,2014,DHS,,,7.0,14.0,
BGD,Rangpur,7544087,Postneonatal mortality rate,12,0,BD,Bangladesh,2014,BD2014DHS,CM_ECMR_C_PNR,63206020,I,360008,1360080,Region,..Rangpur,14003,Ten years preceding the survey,0,1,CMECMRCPNR,BDDHS2014360008,2014,DHS,,,7.0,18.0,1.0
BGD,Rajshahi,7843280,Postneonatal mortality rate,9,0,BD,Bangladesh,2014,BD2014DHS,CM_ECMR_C_PNR,63206020,I,360009,1360090,Region,..Rajshahi,14003,Ten years preceding the survey,0,1,CMECMRCPNR,BDDHS2014360009,2014,DHS,,,4.0,14.0,1.0
BGD,Barishal,1723579,Infant mortality rate,42,0,BD,Bangladesh,2014,BD2014DHS,CM_ECMR_C_IMR,63206030,I,360001,1360010,Region,Barishal,14003,Ten years preceding the survey,0,1,CMECMRCIMR,BDDHS2014360001,2014,DHS,,,32.0,52.0,1.0
BGD,Chattogram/Sylhet,7591054,Infant mortality rate,53,0,BD,Bangladesh,2014,BD2014DHS,CM_ECMR_C_IMR,63206030,I,360002,1360020,Region,Chattogram/Sylhet,14003,Ten years preceding the survey,0,1,CMECMRCIMR,BDDHS2014360002,2014,DHS,,,45.0,61.0,
BGD,Chattogram,1723652,Infant mortality rate,48,0,BD,Bangladesh,2014,BD2014DHS,CM_ECMR_C_IMR,63206030,I,360003,1360030,Region,..Chattogram,14003,Ten years preceding the survey,0,1,CMECMRCIMR,BDDHS2014360003,2014,DHS,,,37.0,59.0,1.0
BGD,Sylhet,7782598,Infant mortality rate,64,0,BD,Bangladesh,2014,BD2014DHS,CM_ECMR_C_IMR,63206030,I,360004,1360040,Region,..Sylhet,14003,Ten years preceding the survey,0,1,CMECMRCIMR,BDDHS2014360004,2014,DHS,,,54.0,74.0,1.0
BGD,Dhaka before 2015,7707319,Infant mortality rate,38,0,BD,Bangladesh,2014,BD2014DHS,CM_ECMR_C_IMR,63206030,I,360005,1360050,Region,Dhaka before 2015,14003,Ten years preceding the survey,0,1,CMECMRCIMR,BDDHS2014360005,2014,DHS,,,30.0,45.0,1.0
BGD,Khulna,7490810,Infant mortality rate,43,0,BD,Bangladesh,2014,BD2014DHS,CM_ECMR_C_IMR,63206030,I,360006,1360060,Region,Khulna,14003,Ten years preceding the survey,0,1,CMECMRCIMR,BDDHS2014360006,2014,DHS,,,33.0,53.0,1.0
BGD,Rajshahi/Rangpur,7687100,Infant mortality rate,42,0,BD,Bangladesh,2014,BD2014DHS,CM_ECMR_C_IMR,63206030,I,360007,1360070,Region,Rajshahi/Rangpur,14003,Ten years preceding the survey,0,1,CMECMRCIMR,BDDHS2014360007,2014,DHS,,,34.0,49.0,
BGD,Rangpur,7951406,Infant mortality rate,40,0,BD,Bangladesh,2014,BD2014DHS,CM_ECMR_C_IMR,63206030,I,360008,1360080,Region,..Rangpur,14003,Ten years preceding the survey,0,1,CMECMRCIMR,BDDHS2014360008,2014,DHS,,,28.0,53.0,1.0
BGD,Rajshahi,7913323,Infant mortality rate,43,0,BD,Bangladesh,2014,BD2014DHS,CM_ECMR_C_IMR,63206030,I,360009,1360090,Region,..Rajshahi,14003,Ten years preceding the survey,0,1,CMECMRCIMR,BDDHS2014360009,2014,DHS,,,33.0,52.0,1.0
BGD,Barishal,7723914,Child mortality rate,11,0,BD,Bangladesh,2014,BD2014DHS,CM_ECMR_C_CMR,63206040,I,360001,1360010,Region,Barishal,14003,Ten years preceding the survey,0,1,CMECMRCCMR,BDDHS2014360001,2014,DHS,,,6.0,15.0,1.0
BGD,Chattogram/Sylhet,7623855,Child mortality rate,14,0,BD,Bangladesh,2014,BD2014DHS,CM_ECMR_C_CMR,63206040,I,360002,1360020,Region,Chattogram/Sylhet,14003,Ten years preceding the survey,0,1,CMECMRCCMR,BDDHS2014360002,2014,DHS,,,10.0,19.0,
BGD,Chattogram,7724903,Child mortality rate,14,0,BD,Bangladesh,2014,BD2014DHS,CM_ECMR_C_CMR,63206040,I,360003,1360030,Region,..Chattogram,14003,Ten years preceding the survey,0,1,CMECMRCCMR,BDDHS2014360003,2014,DHS,,,9.0,20.0,1.0
BGD,Sylhet,7951986,Child mortality rate,14,0,BD,Bangladesh,2014,BD2014DHS,CM_ECMR_C_CMR,63206040,I,360004,1360040,Region,..Sylhet,14003,Ten years preceding the survey,0,1,CMECMRCCMR,BDDHS2014360004,2014,DHS,,,7.0,20.0,1.0
BGD,Dhaka before 2015,1736263,Child mortality rate,10,0,BD,Bangladesh,2014,BD2014DHS,CM_ECMR_C_CMR,63206040,I,360005,1360050,Region,Dhaka before 2015,14003,Ten years preceding the survey,0,1,CMECMRCCMR,BDDHS2014360005,2014,DHS,,,5.0,15.0,1.0
BGD,Khulna,7632995,Child mortality rate,8,0,BD,Bangladesh,2014,BD2014DHS,CM_ECMR_C_CMR,63206040,I,360006,1360060,Region,Khulna,14003,Ten years preceding the survey,0,1,CMECMRCCMR,BDDHS2014360006,2014,DHS,,,4.0,12.0,1.0
BGD,Rajshahi/Rangpur,1736235,Child mortality rate,6,0,BD,Bangladesh,2014,BD2014DHS,CM_ECMR_C_CMR,63206040,I,360007,1360070,Region,Rajshahi/Rangpur,14003,Ten years preceding the survey,0,1,CMECMRCCMR,BDDHS2014360007,2014,DHS,,,4.0,9.0,
BGD,Rangpur,7904254,Child mortality rate,5,0,BD,Bangladesh,2014,BD2014DHS,CM_ECMR_C_CMR,63206040,I,360008,1360080,Region,..Rangpur,14003,Ten years preceding the survey,0,1,CMECMRCCMR,BDDHS2014360008,2014,DHS,,,2.0,8.0,1.0
BGD,Rajshahi,7639394,Child mortality rate,8,0,BD,Bangladesh,2014,BD2014DHS,CM_ECMR_C_CMR,63206040,I,360009,1360090,Region,..Rajshahi,14003,Ten years preceding the survey,0,1,CMECMRCCMR,BDDHS2014360009,2014,DHS,,,4.0,12.0,1.0
BGD,Barishal,7691870,Under-five mortality rate,52,0,BD,Bangladesh,2014,BD2014DHS,CM_ECMR_C_U5M,63206050,I,360001,1360010,Region,Barishal,14003,Ten years preceding the survey,0,1,CMECMRCU5M,BDDHS2014360001,2014,DHS,,,42.0,62.0,1.0
BGD,Chattogram/Sylhet,1736326,Under-five mortality rate,67,0,BD,Bangladesh,2014,BD2014DHS,CM_ECMR_C_U5M,63206050,I,360002,1360020,Region,Chattogram/Sylhet,14003,Ten years preceding the survey,0,1,CMECMRCU5M,BDDHS2014360002,2014,DHS,,,58.0,75.0,
BGD,Chattogram,7552800,Under-five mortality rate,62,0,BD,Bangladesh,2014,BD2014DHS,CM_ECMR_C_U5M,63206050,I,360003,1360030,Region,..Chattogram,14003,Ten years preceding the survey,0,1,CMECMRCU5M,BDDHS2014360003,2014,DHS,,,50.0,73.0,1.0
BGD,Sylhet,1729873,Under-five mortality rate,77,0,BD,Bangladesh,2014,BD2014DHS,CM_ECMR_C_U5M,63206050,I,360004,1360040,Region,..Sylhet,14003,Ten years preceding the survey,0,1,CMECMRCU5M,BDDHS2014360004,2014,DHS,,,66.0,87.0,1.0
BGD,Dhaka before 2015,7767018,Under-five mortality rate,48,0,BD,Bangladesh,2014,BD2014DHS,CM_ECMR_C_U5M,63206050,I,360005,1360050,Region,Dhaka before 2015,14003,Ten years preceding the survey,0,1,CMECMRCU5M,BDDHS2014360005,2014,DHS,,,39.0,56.0,1.0
BGD,Khulna,7970304,Under-five mortality rate,50,0,BD,Bangladesh,2014,BD2014DHS,CM_ECMR_C_U5M,63206050,I,360006,1360060,Region,Khulna,14003,Ten years preceding the survey,0,1,CMECMRCU5M,BDDHS2014360006,2014,DHS,,,40.0,61.0,1.0
BGD,Rajshahi/Rangpur,7928491,Under-five mortality rate,48,0,BD,Bangladesh,2014,BD2014DHS,CM_ECMR_C_U5M,63206050,I,360007,1360070,Region,Rajshahi/Rangpur,14003,Ten years preceding the survey,0,1,CMECMRCU5M,BDDHS2014360007,2014,DHS,,,39.0,56.0,
BGD,Rangpur,7790018,Under-five mortality rate,45,0,BD,Bangladesh,2014,BD2014DHS,CM_ECMR_C_U5M,63206050,I,360008,1360080,Region,..Rangpur,14003,Ten years preceding the survey,0,1,CMECMRCU5M,BDDHS2014360008,2014,DHS,,,32.0,58.0,1.0
BGD,Rajshahi,1741210,Under-five mortality rate,50,0,BD,Bangladesh,2014,BD2014DHS,CM_ECMR_C_U5M,63206050,I,360009,1360090,Region,..Rajshahi,14003,Ten years preceding the survey,0,1,CMECMRCU5M,BDDHS2014360009,2014,DHS,,,40.0,60.0,1.0
BGD,Barishal,1723694,Stillbirths,8,0,BD,Bangladesh,2014,BD2014DHS,CM_PNMR_C_NSB,63236010,I,360001,1360010,Region,Barishal,0,,0,1,CMPNMRCNSB,BDDHS2014360001,2014,DHS,,,,,1.0
BGD,Chattogram/Sylhet,1736385,Stillbirths,65,0,BD,Bangladesh,2014,BD2014DHS,CM_PNMR_C_NSB,63236010,I,360002,1360020,Region,Chattogram/Sylhet,0,,0,1,CMPNMRCNSB,BDDHS2014360002,2014,DHS,,,,,
BGD,Chattogram,1723696,Stillbirths,35,0,BD,Bangladesh,2014,BD2014DHS,CM_PNMR_C_NSB,63236010,I,360003,1360030,Region,..Chattogram,0,,0,1,CMPNMRCNSB,BDDHS2014360003,2014,DHS,,,,,1.0
BGD,Sylhet,1729999,Stillbirths,30,0,BD,Bangladesh,2014,BD2014DHS,CM_PNMR_C_NSB,63236010,I,360004,1360040,Region,..Sylhet,0,,0,1,CMPNMRCNSB,BDDHS2014360004,2014,DHS,,,,,1.0
BGD,Dhaka before 2015,1736356,Stillbirths,59,0,BD,Bangladesh,2014,BD2014DHS,CM_PNMR_C_NSB,63236010,I,360005,1360050,Region,Dhaka before 2015,0,,0,1,CMPNMRCNSB,BDDHS2014360005,2014,DHS,,,,,1.0
BGD,Khulna,1723678,Stillbirths,12,0,BD,Bangladesh,2014,BD2014DHS,CM_PNMR_C_NSB,63236010,I,360006,1360060,Region,Khulna,0,,0,1,CMPNMRCNSB,BDDHS2014360006,2014,DHS,,,,,1.0
BGD,Rajshahi/Rangpur,1736366,Stillbirths,33,0,BD,Bangladesh,2014,BD2014DHS,CM_PNMR_C_NSB,63236010,I,360007,1360070,Region,Rajshahi/Rangpur,0,,0,1,CMPNMRCNSB,BDDHS2014360007,2014,DHS,,,,,
BGD,Rangpur,1741319,Stillbirths,14,0,BD,Bangladesh,2014,BD2014DHS,CM_PNMR_C_NSB,63236010,I,360008,1360080,Region,..Rangpur,0,,0,1,CMPNMRCNSB,BDDHS2014360008,2014,DHS,,,,,1.0
BGD,Rajshahi,1741316,Stillbirths,18,0,BD,Bangladesh,2014,BD2014DHS,CM_PNMR_C_NSB,63236010,I,360009,1360090,Region,..Rajshahi,0,,0,1,CMPNMRCNSB,BDDHS2014360009,2014,DHS,,,,,1.0
BGD,Barishal,1723705,Early neonatal deaths,10,0,BD,Bangladesh,2014,BD2014DHS,CM_PNMR_C_NEN,63236020,I,360001,1360010,Region,Barishal,0,,0,1,CMPNMRCNEN,BDDHS2014360001,2014,DHS,,,,,1.0
BGD,Chattogram/Sylhet,1736386,Early neonatal deaths,56,0,BD,Bangladesh,2014,BD2014DHS,CM_PNMR_C_NEN,63236020,I,360002,1360020,Region,Chattogram/Sylhet,0,,0,1,CMPNMRCNEN,BDDHS2014360002,2014,DHS,,,,,
BGD,Chattogram,1723697,Early neonatal deaths,33,0,BD,Bangladesh,2014,BD2014DHS,CM_PNMR_C_NEN,63236020,I,360003,1360030,Region,..Chattogram,0,,0,1,CMPNMRCNEN,BDDHS2014360003,2014,DHS,,,,,1.0
BGD,Sylhet,1730000,Early neonatal deaths,23,0,BD,Bangladesh,2014,BD2014DHS,CM_PNMR_C_NEN,63236020,I,360004,1360040,Region,..Sylhet,0,,0,1,CMPNMRCNEN,BDDHS2014360004,2014,DHS,,,,,1.0
BGD,Dhaka before 2015,1736357,Early neonatal deaths,58,0,BD,Bangladesh,2014,BD2014DHS,CM_PNMR_C_NEN,63236020,I,360005,1360050,Region,Dhaka before 2015,0,,0,1,CMPNMRCNEN,BDDHS2014360005,2014,DHS,,,,,1.0
BGD,Khulna,1723679,Early neonatal deaths,21,0,BD,Bangladesh,2014,BD2014DHS,CM_PNMR_C_NEN,63236020,I,360006,1360060,Region,Khulna,0,,0,1,CMPNMRCNEN,BDDHS2014360006,2014,DHS,,,,,1.0
BGD,Rajshahi/Rangpur,1736367,Early neonatal deaths,39,0,BD,Bangladesh,2014,BD2014DHS,CM_PNMR_C_NEN,63236020,I,360007,1360070,Region,Rajshahi/Rangpur,0,,0,1,CMPNMRCNEN,BDDHS2014360007,2014,DHS,,,,,
BGD,Rangpur,1741320,Early neonatal deaths,19,0,BD,Bangladesh,2014,BD2014DHS,CM_PNMR_C_NEN,63236020,I,360008,1360080,Region,..Rangpur,0,,0,1,CMPNMRCNEN,BDDHS2014360008,2014,DHS,,,,,1.0
BGD,Rajshahi,1741338,Early neonatal deaths,20,0,BD,Bangladesh,2014,BD2014DHS,CM_PNMR_C_NEN,63236020,I,360009,1360090,Region,..Rajshahi,0,,0,1,CMPNMRCNEN,BDDHS2014360009,2014,DHS,,,,,1.0
BGD,Barishal,6444387,Perinatal mortality rate (5 years),38,0,BD,Bangladesh,2014,BD2014DHS,CM_PNMR_C_PMR,63236030,I,360001,1360010,Region,Barishal,0,,0,1,CMPNMRCPMR,BDDHS2014360001,2014,DHS,465.0,921.0,,,1.0
BGD,Chattogram/Sylhet,4137724,Perinatal mortality rate (5 years),46,0,BD,Bangladesh,2014,BD2014DHS,CM_PNMR_C_PMR,63236030,I,360002,1360020,Region,Chattogram/Sylhet,0,,0,1,CMPNMRCPMR,BDDHS2014360002,2014,DHS,2631.0,2902.0,,,
BGD,Chattogram,4502506,Perinatal mortality rate (5 years),38,0,BD,Bangladesh,2014,BD2014DHS,CM_PNMR_C_PMR,63236030,I,360003,1360030,Region,..Chattogram,0,,0,1,CMPNMRCPMR,BDDHS2014360003,2014,DHS,1783.0,1547.0,,,1.0
BGD,Sylhet,766485,Perinatal mortality rate (5 years),63,0,BD,Bangladesh,2014,BD2014DHS,CM_PNMR_C_PMR,63236030,I,360004,1360040,Region,..Sylhet,0,,0,1,CMPNMRCPMR,BDDHS2014360004,2014,DHS,848.0,1355.0,,,1.0
BGD,Dhaka before 2015,5875173,Perinatal mortality rate (5 years),41,0,BD,Bangladesh,2014,BD2014DHS,CM_PNMR_C_PMR,63236030,I,360005,1360050,Region,Dhaka before 2015,0,,0,1,CMPNMRCPMR,BDDHS2014360005,2014,DHS,2891.0,1409.0,,,1.0
BGD,Khulna,5558916,Perinatal mortality rate (5 years),53,0,BD,Bangladesh,2014,BD2014DHS,CM_PNMR_C_PMR,63236030,I,360006,1360060,Region,Khulna,0,,0,1,CMPNMRCPMR,BDDHS2014360006,2014,DHS,623.0,878.0,,,1.0
BGD,Rajshahi/Rangpur,1736480,Perinatal mortality rate (5 years),43,0,BD,Bangladesh,2014,BD2014DHS,CM_PNMR_C_PMR,63236030,I,360007,1360070,Region,Rajshahi/Rangpur,0,,0,1,CMPNMRCPMR,BDDHS2014360007,2014,DHS,1658.0,1959.0,,,
BGD,Rangpur,4932779,Perinatal mortality rate (5 years),41,0,BD,Bangladesh,2014,BD2014DHS,CM_PNMR_C_PMR,63236030,I,360008,1360080,Region,..Rangpur,0,,0,1,CMPNMRCPMR,BDDHS2014360008,2014,DHS,811.0,980.0,,,1.0
BGD,Rajshahi,1741504,Perinatal mortality rate (5 years),45,0,BD,Bangladesh,2014,BD2014DHS,CM_PNMR_C_PMR,63236030,I,360009,1360090,Region,..Rajshahi,0,,0,1,CMPNMRCPMR,BDDHS2014360009,2014,DHS,848.0,979.0,,,1.0
BGD,Barishal,6529678,Number of pregnancies of 7+ months duration,465,0,BD,Bangladesh,2014,BD2014DHS,CM_PNMR_C_NUM,63236040,D,360001,1360010,Region,Barishal,0,,0,1,CMPNMRCNUM,BDDHS2014360001,2014,DHS,,921.0,,,1.0
BGD,Chattogram/Sylhet,4273068,Number of pregnancies of 7+ months duration,2631,0,BD,Bangladesh,2014,BD2014DHS,CM_PNMR_C_NUM,63236040,D,360002,1360020,Region,Chattogram/Sylhet,0,,0,1,CMPNMRCNUM,BDDHS2014360002,2014,DHS,,2902.0,,,
BGD,Chattogram,4588992,Number of pregnancies of 7+ months duration,1783,0,BD,Bangladesh,2014,BD2014DHS,CM_PNMR_C_NUM,63236040,D,360003,1360030,Region,..Chattogram,0,,0,1,CMPNMRCNUM,BDDHS2014360003,2014,DHS,,1547.0,,,1.0
BGD,Sylhet,1730188,Number of pregnancies of 7+ months duration,848,0,BD,Bangladesh,2014,BD2014DHS,CM_PNMR_C_NUM,63236040,D,360004,1360040,Region,..Sylhet,0,,0,1,CMPNMRCNUM,BDDHS2014360004,2014,DHS,,1355.0,,,1.0
BGD,Dhaka before 2015,6121257,Number of pregnancies of 7+ months duration,2891,0,BD,Bangladesh,2014,BD2014DHS,CM_PNMR_C_NUM,63236040,D,360005,1360050,Region,Dhaka before 2015,0,,0,1,CMPNMRCNUM,BDDHS2014360005,2014,DHS,,1409.0,,,1.0
BGD,Khulna,5671156,Number of pregnancies of 7+ months duration,623,0,BD,Bangladesh,2014,BD2014DHS,CM_PNMR_C_NUM,63236040,D,360006,1360060,Region,Khulna,0,,0,1,CMPNMRCNUM,BDDHS2014360006,2014,DHS,,878.0,,,1.0
BGD,Rajshahi/Rangpur,1736482,Number of pregnancies of 7+ months duration,1658,0,BD,Bangladesh,2014,BD2014DHS,CM_PNMR_C_NUM,63236040,D,360007,1360070,Region,Rajshahi/Rangpur,0,,0,1,CMPNMRCNUM,BDDHS2014360007,2014,DHS,,1959.0,,,
BGD,Rangpur,5016941,Number of pregnancies of 7+ months duration,811,0,BD,Bangladesh,2014,BD2014DHS,CM_PNMR_C_NUM,63236040,D,360008,1360080,Region,..Rangpur,0,,0,1,CMPNMRCNUM,BDDHS2014360008,2014,DHS,,980.0,,,1.0
BGD,Rajshahi,1741385,Number of pregnancies of 7+ months duration,848,0,BD,Bangladesh,2014,BD2014DHS,CM_PNMR_C_NUM,63236040,D,360009,1360090,Region,..Rajshahi,0,,0,1,CMPNMRCNUM,BDDHS2014360009,2014,DHS,,979.0,,,1.0
BGD,Barishal,607614,Number of pregnancies of 7+ months duration (unweighted),921,0,BD,Bangladesh,2014,BD2014DHS,CM_PNMR_C_UNW,63236050,U,360001,1360010,Region,Barishal,0,,0,1,CMPNMRCUNW,BDDHS2014360001,2014,DHS,465.0,,,,1.0
BGD,Chattogram/Sylhet,2658132,Number of pregnancies of 7+ months duration (unweighted),2902,0,BD,Bangladesh,2014,BD2014DHS,CM_PNMR_C_UNW,63236050,U,360002,1360020,Region,Chattogram/Sylhet,0,,0,1,CMPNMRCUNW,BDDHS2014360002,2014,DHS,2631.0,,,,
BGD,Chattogram,345354,Number of pregnancies of 7+ months duration (unweighted),1547,0,BD,Bangladesh,2014,BD2014DHS,CM_PNMR_C_UNW,63236050,U,360003,1360030,Region,..Chattogram,0,,0,1,CMPNMRCUNW,BDDHS2014360003,2014,DHS,1783.0,,,,1.0
BGD,Sylhet,766484,Number of pregnancies of 7+ months duration (unweighted),1355,0,BD,Bangladesh,2014,BD2014DHS,CM_PNMR_C_UNW,63236050,U,360004,1360040,Region,..Sylhet,0,,0,1,CMPNMRCUNW,BDDHS2014360004,2014,DHS,848.0,,,,1.0
BGD,Dhaka before 2015,3059585,Number of pregnancies of 7+ months duration (unweighted),1409,0,BD,Bangladesh,2014,BD2014DHS,CM_PNMR_C_UNW,63236050,U,360005,1360050,Region,Dhaka before 2015,0,,0,1,CMPNMRCUNW,BDDHS2014360005,2014,DHS,2891.0,,,,1.0
BGD,Khulna,804045,Number of pregnancies of 7+ months duration (unweighted),878,0,BD,Bangladesh,2014,BD2014DHS,CM_PNMR_C_UNW,63236050,U,360006,1360060,Region,Khulna,0,,0,1,CMPNMRCUNW,BDDHS2014360006,2014,DHS,623.0,,,,1.0
BGD,Rajshahi/Rangpur,1736481,Number of pregnancies of 7+ months duration (unweighted),1959,0,BD,Bangladesh,2014,BD2014DHS,CM_PNMR_C_UNW,63236050,U,360007,1360070,Region,Rajshahi/Rangpur,0,,0,1,CMPNMRCUNW,BDDHS2014360007,2014,DHS,1658.0,,,,
BGD,Rangpur,439350,Number of pregnancies of 7+ months duration (unweighted),980,0,BD,Bangladesh,2014,BD2014DHS,CM_PNMR_C_UNW,63236050,U,360008,1360080,Region,..Rangpur,0,,0,1,CMPNMRCUNW,BDDHS2014360008,2014,DHS,811.0,,,,1.0
BGD,Rajshahi,1741496,Number of pregnancies of 7+ months duration (unweighted),979,0,BD,Bangladesh,2014,BD2014DHS,CM_PNMR_C_UNW,63236050,U,360009,1360090,Region,..Rajshahi,0,,0,1,CMPNMRCUNW,BDDHS2014360009,2014,DHS,848.0,,,,1.0
BGD,Barishal,7449636,Neonatal mortality rate,27,0,BD,Bangladesh,2017,BD2017DHS,CM_ECMR_C_NNR,63206010,I,360001,1360010,Region,Barishal,14003,Ten years preceding the survey,0,1,CMECMRCNNR,BDDHS2017360001,2017-18,DHS,,,19.0,34.0,1.0
BGD,Chattogram/Sylhet,7499478,Neonatal mortality rate,31,0,BD,Bangladesh,2017,BD2017DHS,CM_ECMR_C_NNR,63206010,I,360002,1360020,Region,Chattogram/Sylhet,14003,Ten years preceding the survey,0,1,CMECMRCNNR,BDDHS2017360002,2017-18,DHS,,,25.0,37.0,
BGD,Chattogram,7704760,Neonatal mortality rate,30,0,BD,Bangladesh,2017,BD2017DHS,CM_ECMR_C_NNR,63206010,I,360003,1360030,Region,..Chattogram,14003,Ten years preceding the survey,0,1,CMECMRCNNR,BDDHS2017360003,2017-18,DHS,,,23.0,38.0,1.0
BGD,Sylhet,1736383,Neonatal mortality rate,34,0,BD,Bangladesh,2017,BD2017DHS,CM_ECMR_C_NNR,63206010,I,360004,1360040,Region,..Sylhet,14003,Ten years preceding the survey,0,1,CMECMRCNNR,BDDHS2017360004,2017-18,DHS,,,26.0,43.0,1.0
BGD,Dhaka before 2015,7785317,Neonatal mortality rate,33,0,BD,Bangladesh,2017,BD2017DHS,CM_ECMR_C_NNR,63206010,I,360005,1360050,Region,Dhaka before 2015,14003,Ten years preceding the survey,0,1,CMECMRCNNR,BDDHS2017360005,2017-18,DHS,,,26.0,39.0,
BGD,Dhaka,7681043,Neonatal mortality rate,33,0,BD,Bangladesh,2017,BD2017DHS,CM_ECMR_C_NNR,63206010,I,360010,1360052,Region,..Dhaka,14003,Ten years preceding the survey,0,1,CMECMRCNNR,BDDHS2017360010,2017-18,DHS,,,25.0,41.0,1.0
BGD,Mymensingh,7861523,Neonatal mortality rate,32,0,BD,Bangladesh,2017,BD2017DHS,CM_ECMR_C_NNR,63206010,I,360011,1360055,Region,..Mymensingh,14003,Ten years preceding the survey,0,1,CMECMRCNNR,BDDHS2017360011,2017-18,DHS,,,24.0,41.0,1.0
BGD,Khulna,1723742,Neonatal mortality rate,25,0,BD,Bangladesh,2017,BD2017DHS,CM_ECMR_C_NNR,63206010,I,360006,1360060,Region,Khulna,14003,Ten years preceding the survey,0,1,CMECMRCNNR,BDDHS2017360006,2017-18,DHS,,,18.0,33.0,1.0
BGD,Rajshahi/Rangpur,7723039,Neonatal mortality rate,35,0,BD,Bangladesh,2017,BD2017DHS,CM_ECMR_C_NNR,63206010,I,360007,1360070,Region,Rajshahi/Rangpur,14003,Ten years preceding the survey,0,1,CMECMRCNNR,BDDHS2017360007,2017-18,DHS,,,29.0,42.0,
BGD,Rangpur,7789156,Neonatal mortality rate,37,0,BD,Bangladesh,2017,BD2017DHS,CM_ECMR_C_NNR,63206010,I,360008,1360080,Region,..Rangpur,14003,Ten years preceding the survey,0,1,CMECMRCNNR,BDDHS2017360008,2017-18,DHS,,,27.0,48.0,1.0
BGD,Rajshahi,7930664,Neonatal mortality rate,33,0,BD,Bangladesh,2017,BD2017DHS,CM_ECMR_C_NNR,63206010,I,360009,1360090,Region,..Rajshahi,14003,Ten years preceding the survey,0,1,CMECMRCNNR,BDDHS2017360009,2017-18,DHS,,,26.0,40.0,1.0
BGD,Barishal,7809698,Postneonatal mortality rate,13,0,BD,Bangladesh,2017,BD2017DHS,CM_ECMR_C_PNR,63206020,I,360001,1360010,Region,Barishal,14003,Ten years preceding the survey,0,1,CMECMRCPNR,BDDHS2017360001,2017-18,DHS,,,7.0,18.0,1.0
BGD,Chattogram/Sylhet,1730102,Postneonatal mortality rate,9,0,BD,Bangladesh,2017,BD2017DHS,CM_ECMR_C_PNR,63206020,I,360002,1360020,Region,Chattogram/Sylhet,14003,Ten years preceding the survey,0,1,CMECMRCPNR,BDDHS2017360002,2017-18,DHS,,,6.0,12.0,
BGD,Chattogram,7866416,Postneonatal mortality rate,5,0,BD,Bangladesh,2017,BD2017DHS,CM_ECMR_C_PNR,63206020,I,360003,1360030,Region,..Chattogram,14003,Ten years preceding the survey,0,1,CMECMRCPNR,BDDHS2017360003,2017-18,DHS,,,2.0,8.0,1.0
BGD,Sylhet,7960935,Postneonatal mortality rate,20,0,BD,Bangladesh,2017,BD2017DHS,CM_ECMR_C_PNR,63206020,I,360004,1360040,Region,..Sylhet,14003,Ten years preceding the survey,0,1,CMECMRCPNR,BDDHS2017360004,2017-18,DHS,,,14.0,26.0,1.0
BGD,Dhaka before 2015,7916832,Postneonatal mortality rate,8,0,BD,Bangladesh,2017,BD2017DHS,CM_ECMR_C_PNR,63206020,I,360005,1360050,Region,Dhaka before 2015,14003,Ten years preceding the survey,0,1,CMECMRCPNR,BDDHS2017360005,2017-18,DHS,,,6.0,11.0,
BGD,Dhaka,7537354,Postneonatal mortality rate,8,0,BD,Bangladesh,2017,BD2017DHS,CM_ECMR_C_PNR,63206020,I,360010,1360052,Region,..Dhaka,14003,Ten years preceding the survey,0,1,CMECMRCPNR,BDDHS2017360010,2017-18,DHS,,,4.0,11.0,1.0
BGD,Mymensingh,7704627,Postneonatal mortality rate,11,0,BD,Bangladesh,2017,BD2017DHS,CM_ECMR_C_PNR,63206020,I,360011,1360055,Region,..Mymensingh,14003,Ten years preceding the survey,0,1,CMECMRCPNR,BDDHS2017360011,2017-18,DHS,,,7.0,16.0,1.0
BGD,Khulna,7694349,Postneonatal mortality rate,9,0,BD,Bangladesh,2017,BD2017DHS,CM_ECMR_C_PNR,63206020,I,360006,1360060,Region,Khulna,14003,Ten years preceding the survey,0,1,CMECMRCPNR,BDDHS2017360006,2017-18,DHS,,,4.0,13.0,1.0
BGD,Rajshahi/Rangpur,5394933,Postneonatal mortality rate,8,0,BD,Bangladesh,2017,BD2017DHS,CM_ECMR_C_PNR,63206020,I,360007,1360070,Region,Rajshahi/Rangpur,14003,Ten years preceding the survey,0,1,CMECMRCPNR,BDDHS2017360007,2017-18,DHS,,,5.0,10.0,
BGD,Rangpur,7761567,Postneonatal mortality rate,7,0,BD,Bangladesh,2017,BD2017DHS,CM_ECMR_C_PNR,63206020,I,360008,1360080,Region,..Rangpur,14003,Ten years preceding the survey,0,1,CMECMRCPNR,BDDHS2017360008,2017-18,DHS,,,3.0,10.0,1.0
BGD,Rajshahi,1741412,Postneonatal mortality rate,9,0,BD,Bangladesh,2017,BD2017DHS,CM_ECMR_C_PNR,63206020,I,360009,1360090,Region,..Rajshahi,14003,Ten years preceding the survey,0,1,CMECMRCPNR,BDDHS2017360009,2017-18,DHS,,,4.0,13.0,1.0
BGD,Barishal,1736457,Infant mortality rate,39,0,BD,Bangladesh,2017,BD2017DHS,CM_ECMR_C_IMR,63206030,I,360001,1360010,Region,Barishal,14003,Ten years preceding the survey,0,1,CMECMRCIMR,BDDHS2017360001,2017-18,DHS,,,31.0,48.0,1.0
BGD,Chattogram/Sylhet,7432282,Infant mortality rate,41,0,BD,Bangladesh,2017,BD2017DHS,CM_ECMR_C_IMR,63206030,I,360002,1360020,Region,Chattogram/Sylhet,14003,Ten years preceding the survey,0,1,CMECMRCIMR,BDDHS2017360002,2017-18,DHS,,,34.0,47.0,
BGD,Chattogram,7507558,Infant mortality rate,35,0,BD,Bangladesh,2017,BD2017DHS,CM_ECMR_C_IMR,63206030,I,360003,1360030,Region,..Chattogram,14003,Ten years preceding the survey,0,1,CMECMRCIMR,BDDHS2017360003,2017-18,DHS,,,27.0,43.0,1.0
BGD,Sylhet,7897759,Infant mortality rate,54,0,BD,Bangladesh,2017,BD2017DHS,CM_ECMR_C_IMR,63206030,I,360004,1360040,Region,..Sylhet,14003,Ten years preceding the survey,0,1,CMECMRCIMR,BDDHS2017360004,2017-18,DHS,,,46.0,63.0,1.0
BGD,Dhaka before 2015,1730150,Infant mortality rate,41,0,BD,Bangladesh,2017,BD2017DHS,CM_ECMR_C_IMR,63206030,I,360005,1360050,Region,Dhaka before 2015,14003,Ten years preceding the survey,0,1,CMECMRCIMR,BDDHS2017360005,2017-18,DHS,,,34.0,49.0,
BGD,Dhaka,1730071,Infant mortality rate,41,0,BD,Bangladesh,2017,BD2017DHS,CM_ECMR_C_IMR,63206030,I,360010,1360052,Region,..Dhaka,14003,Ten years preceding the survey,0,1,CMECMRCIMR,BDDHS2017360010,2017-18,DHS,,,32.0,50.0,1.0
BGD,Mymensingh,7897723,Infant mortality rate,43,0,BD,Bangladesh,2017,BD2017DHS,CM_ECMR_C_IMR,63206030,I,360011,1360055,Region,..Mymensingh,14003,Ten years preceding the survey,0,1,CMECMRCIMR,BDDHS2017360011,2017-18,DHS,,,35.0,52.0,1.0
BGD,Khulna,7777852,Infant mortality rate,34,0,BD,Bangladesh,2017,BD2017DHS,CM_ECMR_C_IMR,63206030,I,360006,1360060,Region,Khulna,14003,Ten years preceding the survey,0,1,CMECMRCIMR,BDDHS2017360006,2017-18,DHS,,,25.0,43.0,1.0
BGD,Rajshahi/Rangpur,7575580,Infant mortality rate,43,0,BD,Bangladesh,2017,BD2017DHS,CM_ECMR_C_IMR,63206030,I,360007,1360070,Region,Rajshahi/Rangpur,14003,Ten years preceding the survey,0,1,CMECMRCIMR,BDDHS2017360007,2017-18,DHS,,,36.0,50.0,
BGD,Rangpur,7743706,Infant mortality rate,44,0,BD,Bangladesh,2017,BD2017DHS,CM_ECMR_C_IMR,63206030,I,360008,1360080,Region,..Rangpur,14003,Ten years preceding the survey,0,1,CMECMRCIMR,BDDHS2017360008,2017-18,DHS,,,33.0,55.0,1.0
BGD,Rajshahi,7718446,Infant mortality rate,41,0,BD,Bangladesh,2017,BD2017DHS,CM_ECMR_C_IMR,63206030,I,360009,1360090,Region,..Rajshahi,14003,Ten years preceding the survey,0,1,CMECMRCIMR,BDDHS2017360009,2017-18,DHS,,,32.0,51.0,1.0
BGD,Barishal,7623851,Child mortality rate,12,0,BD,Bangladesh,2017,BD2017DHS,CM_ECMR_C_CMR,63206040,I,360001,1360010,Region,Barishal,14003,Ten years preceding the survey,0,1,CMECMRCCMR,BDDHS2017360001,2017-18,DHS,,,8.0,16.0,1.0
BGD,Chattogram/Sylhet,7782599,Child mortality rate,11,0,BD,Bangladesh,2017,BD2017DHS,CM_ECMR_C_CMR,63206040,I,360002,1360020,Region,Chattogram/Sylhet,14003,Ten years preceding the survey,0,1,CMECMRCCMR,BDDHS2017360002,2017-18,DHS,,,8.0,14.0,
BGD,Chattogram,7559565,Child mortality rate,11,0,BD,Bangladesh,2017,BD2017DHS,CM_ECMR_C_CMR,63206040,I,360003,1360030,Region,..Chattogram,14003,Ten years preceding the survey,0,1,CMECMRCCMR,BDDHS2017360003,2017-18,DHS,,,7.0,15.0,1.0
BGD,Sylhet,7898544,Child mortality rate,9,0,BD,Bangladesh,2017,BD2017DHS,CM_ECMR_C_CMR,63206040,I,360004,1360040,Region,..Sylhet,14003,Ten years preceding the survey,0,1,CMECMRCCMR,BDDHS2017360004,2017-18,DHS,,,6.0,13.0,1.0
BGD,Dhaka before 2015,7679511,Child mortality rate,7,0,BD,Bangladesh,2017,BD2017DHS,CM_ECMR_C_CMR,63206040,I,360005,1360050,Region,Dhaka before 2015,14003,Ten years preceding the survey,0,1,CMECMRCCMR,BDDHS2017360005,2017-18,DHS,,,5.0,10.0,
BGD,Dhaka,7543660,Child mortality rate,7,0,BD,Bangladesh,2017,BD2017DHS,CM_ECMR_C_CMR,63206040,I,360010,1360052,Region,..Dhaka,14003,Ten years preceding the survey,0,1,CMECMRCCMR,BDDHS2017360010,2017-18,DHS,,,4.0,11.0,1.0
BGD,Mymensingh,7729999,Child mortality rate,8,0,BD,Bangladesh,2017,BD2017DHS,CM_ECMR_C_CMR,63206040,I,360011,1360055,Region,..Mymensingh,14003,Ten years preceding the survey,0,1,CMECMRCCMR,BDDHS2017360011,2017-18,DHS,,,4.0,12.0,1.0
BGD,Khulna,7633683,Child mortality rate,4,0,BD,Bangladesh,2017,BD2017DHS,CM_ECMR_C_CMR,63206040,I,360006,1360060,Region,Khulna,14003,Ten years preceding the survey,0,1,CMECMRCCMR,BDDHS2017360006,2017-18,DHS,,,1.0,7.0,1.0
BGD,Rajshahi/Rangpur,7904632,Child mortality rate,7,0,BD,Bangladesh,2017,BD2017DHS,CM_ECMR_C_CMR,63206040,I,360007,1360070,Region,Rajshahi/Rangpur,14003,Ten years preceding the survey,0,1,CMECMRCCMR,BDDHS2017360007,2017-18,DHS,,,5.0,10.0,
BGD,Rangpur,7627453,Child mortality rate,3,0,BD,Bangladesh,2017,BD2017DHS,CM_ECMR_C_CMR,63206040,I,360008,1360080,Region,..Rangpur,14003,Ten years preceding the survey,0,1,CMECMRCCMR,BDDHS2017360008,2017-18,DHS,,,1.0,6.0,1.0
BGD,Rajshahi,7886163,Child mortality rate,11,0,BD,Bangladesh,2017,BD2017DHS,CM_ECMR_C_CMR,63206040,I,360009,1360090,Region,..Rajshahi,14003,Ten years preceding the survey,0,1,CMECMRCCMR,BDDHS2017360009,2017-18,DHS,,,7.0,15.0,1.0
BGD,Barishal,1736425,Under-five mortality rate,51,0,BD,Bangladesh,2017,BD2017DHS,CM_ECMR_C_U5M,63206050,I,360001,1360010,Region,Barishal,14003,Ten years preceding the survey,0,1,CMECMRCU5M,BDDHS2017360001,2017-18,DHS,,,41.0,61.0,1.0
BGD,Chattogram/Sylhet,1730082,Under-five mortality rate,51,0,BD,Bangladesh,2017,BD2017DHS,CM_ECMR_C_U5M,63206050,I,360002,1360020,Region,Chattogram/Sylhet,14003,Ten years preceding the survey,0,1,CMECMRCU5M,BDDHS2017360002,2017-18,DHS,,,43.0,58.0,
BGD,Chattogram,7446288,Under-five mortality rate,46,0,BD,Bangladesh,2017,BD2017DHS,CM_ECMR_C_U5M,63206050,I,360003,1360030,Region,..Chattogram,14003,Ten years preceding the survey,0,1,CMECMRCU5M,BDDHS2017360003,2017-18,DHS,,,36.0,56.0,1.0
BGD,Sylhet,1736573,Under-five mortality rate,63,0,BD,Bangladesh,2017,BD2017DHS,CM_ECMR_C_U5M,63206050,I,360004,1360040,Region,..Sylhet,14003,Ten years preceding the survey,0,1,CMECMRCU5M,BDDHS2017360004,2017-18,DHS,,,54.0,73.0,1.0
BGD,Dhaka before 2015,7978052,Under-five mortality rate,49,0,BD,Bangladesh,2017,BD2017DHS,CM_ECMR_C_U5M,63206050,I,360005,1360050,Region,Dhaka before 2015,14003,Ten years preceding the survey,0,1,CMECMRCU5M,BDDHS2017360005,2017-18,DHS,,,41.0,56.0,
BGD,Dhaka,7782627,Under-five mortality rate,48,0,BD,Bangladesh,2017,BD2017DHS,CM_ECMR_C_U5M,63206050,I,360010,1360052,Region,..Dhaka,14003,Ten years preceding the survey,0,1,CMECMRCU5M,BDDHS2017360010,2017-18,DHS,,,38.0,57.0,1.0
BGD,Mymensingh,1736577,Under-five mortality rate,51,0,BD,Bangladesh,2017,BD2017DHS,CM_ECMR_C_U5M,63206050,I,360011,1360055,Region,..Mymensingh,14003,Ten years preceding the survey,0,1,CMECMRCU5M,BDDHS2017360011,2017-18,DHS,,,42.0,60.0,1.0
BGD,Khulna,1723848,Under-five mortality rate,38,0,BD,Bangladesh,2017,BD2017DHS,CM_ECMR_C_U5M,63206050,I,360006,1360060,Region,Khulna,14003,Ten years preceding the survey,0,1,CMECMRCU5M,BDDHS2017360006,2017-18,DHS,,,29.0,47.0,1.0
BGD,Rajshahi/Rangpur,7749512,Under-five mortality rate,50,0,BD,Bangladesh,2017,BD2017DHS,CM_ECMR_C_U5M,63206050,I,360007,1360070,Region,Rajshahi/Rangpur,14003,Ten years preceding the survey,0,1,CMECMRCU5M,BDDHS2017360007,2017-18,DHS,,,42.0,57.0,
BGD,Rangpur,7618847,Under-five mortality rate,47,0,BD,Bangladesh,2017,BD2017DHS,CM_ECMR_C_U5M,63206050,I,360008,1360080,Region,..Rangpur,14003,Ten years preceding the survey,0,1,CMECMRCU5M,BDDHS2017360008,2017-18,DHS,,,36.0,59.0,1.0
BGD,Rajshahi,7877644,Under-five mortality rate,52,0,BD,Bangladesh,2017,BD2017DHS,CM_ECMR_C_U5M,63206050,I,360009,1360090,Region,..Rajshahi,14003,Ten years preceding the survey,0,1,CMECMRCU5M,BDDHS2017360009,2017-18,DHS,,,42.0,62.0,1.0
BGD,Barishal,1736611,Stillbirths,11,0,BD,Bangladesh,2017,BD2017DHS,CM_PNMR_C_NSB,63236010,I,360001,1360010,Region,Barishal,0,,0,1,CMPNMRCNSB,BDDHS2017360001,2017-18,DHS,,,,,1.0
BGD,Chattogram/Sylhet,1730294,Stillbirths,70,0,BD,Bangladesh,2017,BD2017DHS,CM_PNMR_C_NSB,63236010,I,360002,1360020,Region,Chattogram/Sylhet,0,,0,1,CMPNMRCNSB,BDDHS2017360002,2017-18,DHS,,,,,
BGD,Chattogram,1736600,Stillbirths,56,0,BD,Bangladesh,2017,BD2017DHS,CM_PNMR_C_NSB,63236010,I,360003,1360030,Region,..Chattogram,0,,0,1,CMPNMRCNSB,BDDHS2017360003,2017-18,DHS,,,,,1.0
BGD,Sylhet,1736579,Stillbirths,14,0,BD,Bangladesh,2017,BD2017DHS,CM_PNMR_C_NSB,63236010,I,360004,1360040,Region,..Sylhet,0,,0,1,CMPNMRCNSB,BDDHS2017360004,2017-18,DHS,,,,,1.0
BGD,Dhaka before 2015,1730251,Stillbirths,77,0,BD,Bangladesh,2017,BD2017DHS,CM_PNMR_C_NSB,63236010,I,360005,1360050,Region,Dhaka before 2015,0,,0,1,CMPNMRCNSB,BDDHS2017360005,2017-18,DHS,,,,,
BGD,Dhaka,1730312,Stillbirths,53,0,BD,Bangladesh,2017,BD2017DHS,CM_PNMR_C_NSB,63236010,I,360010,1360052,Region,..Dhaka,0,,0,1,CMPNMRCNSB,BDDHS2017360010,2017-18,DHS,,,,,1.0
BGD,Mymensingh,1736721,Stillbirths,25,0,BD,Bangladesh,2017,BD2017DHS,CM_PNMR_C_NSB,63236010,I,360011,1360055,Region,..Mymensingh,0,,0,1,CMPNMRCNSB,BDDHS2017360011,2017-18,DHS,,,,,1.0
BGD,Khulna,1723906,Stillbirths,18,0,BD,Bangladesh,2017,BD2017DHS,CM_PNMR_C_NSB,63236010,I,360006,1360060,Region,Khulna,0,,0,1,CMPNMRCNSB,BDDHS2017360006,2017-18,DHS,,,,,1.0
BGD,Rajshahi/Rangpur,1723909,Stillbirths,46,0,BD,Bangladesh,2017,BD2017DHS,CM_PNMR_C_NSB,63236010,I,360007,1360070,Region,Rajshahi/Rangpur,0,,0,1,CMPNMRCNSB,BDDHS2017360007,2017-18,DHS,,,,,
BGD,Rangpur,1741499,Stillbirths,16,0,BD,Bangladesh,2017,BD2017DHS,CM_PNMR_C_NSB,63236010,I,360008,1360080,Region,..Rangpur,0,,0,1,CMPNMRCNSB,BDDHS2017360008,2017-18,DHS,,,,,1.0
BGD,Rajshahi,1741497,Stillbirths,30,0,BD,Bangladesh,2017,BD2017DHS,CM_PNMR_C_NSB,63236010,I,360009,1360090,Region,..Rajshahi,0,,0,1,CMPNMRCNSB,BDDHS2017360009,2017-18,DHS,,,,,1.0
BGD,Barishal,1736614,Early neonatal deaths,11,0,BD,Bangladesh,2017,BD2017DHS,CM_PNMR_C_NEN,63236020,I,360001,1360010,Region,Barishal,0,,0,1,CMPNMRCNEN,BDDHS2017360001,2017-18,DHS,,,,,1.0
BGD,Chattogram/Sylhet,1730295,Early neonatal deaths,58,0,BD,Bangladesh,2017,BD2017DHS,CM_PNMR_C_NEN,63236020,I,360002,1360020,Region,Chattogram/Sylhet,0,,0,1,CMPNMRCNEN,BDDHS2017360002,2017-18,DHS,,,,,
BGD,Chattogram,1736605,Early neonatal deaths,43,0,BD,Bangladesh,2017,BD2017DHS,CM_PNMR_C_NEN,63236020,I,360003,1360030,Region,..Chattogram,0,,0,1,CMPNMRCNEN,BDDHS2017360003,2017-18,DHS,,,,,1.0
BGD,Sylhet,1736580,Early neonatal deaths,15,0,BD,Bangladesh,2017,BD2017DHS,CM_PNMR_C_NEN,63236020,I,360004,1360040,Region,..Sylhet,0,,0,1,CMPNMRCNEN,BDDHS2017360004,2017-18,DHS,,,,,1.0
BGD,Dhaka before 2015,1730252,Early neonatal deaths,70,0,BD,Bangladesh,2017,BD2017DHS,CM_PNMR_C_NEN,63236020,I,360005,1360050,Region,Dhaka before 2015,0,,0,1,CMPNMRCNEN,BDDHS2017360005,2017-18,DHS,,,,,
BGD,Dhaka,1730313,Early neonatal deaths,56,0,BD,Bangladesh,2017,BD2017DHS,CM_PNMR_C_NEN,63236020,I,360010,1360052,Region,..Dhaka,0,,0,1,CMPNMRCNEN,BDDHS2017360010,2017-18,DHS,,,,,1.0
BGD,Mymensingh,1736722,Early neonatal deaths,14,0,BD,Bangladesh,2017,BD2017DHS,CM_PNMR_C_NEN,63236020,I,360011,1360055,Region,..Mymensingh,0,,0,1,CMPNMRCNEN,BDDHS2017360011,2017-18,DHS,,,,,1.0
BGD,Khulna,1723930,Early neonatal deaths,15,0,BD,Bangladesh,2017,BD2017DHS,CM_PNMR_C_NEN,63236020,I,360006,1360060,Region,Khulna,0,,0,1,CMPNMRCNEN,BDDHS2017360006,2017-18,DHS,,,,,1.0
BGD,Rajshahi/Rangpur,1723910,Early neonatal deaths,51,0,BD,Bangladesh,2017,BD2017DHS,CM_PNMR_C_NEN,63236020,I,360007,1360070,Region,Rajshahi/Rangpur,0,,0,1,CMPNMRCNEN,BDDHS2017360007,2017-18,DHS,,,,,
BGD,Rangpur,1741500,Early neonatal deaths,26,0,BD,Bangladesh,2017,BD2017DHS,CM_PNMR_C_NEN,63236020,I,360008,1360080,Region,..Rangpur,0,,0,1,CMPNMRCNEN,BDDHS2017360008,2017-18,DHS,,,,,1.0
BGD,Rajshahi,1741498,Early neonatal deaths,25,0,BD,Bangladesh,2017,BD2017DHS,CM_PNMR_C_NEN,63236020,I,360009,1360090,Region,..Rajshahi,0,,0,1,CMPNMRCNEN,BDDHS2017360009,2017-18,DHS,,,,,1.0
BGD,Barishal,2576165,Perinatal mortality rate (5 years),45,0,BD,Bangladesh,2017,BD2017DHS,CM_PNMR_C_PMR,63236030,I,360001,1360010,Region,Barishal,0,,0,1,CMPNMRCPMR,BDDHS2017360001,2017-18,DHS,494.0,922.0,,,1.0
BGD,Chattogram/Sylhet,3009962,Perinatal mortality rate (5 years),49,0,BD,Bangladesh,2017,BD2017DHS,CM_PNMR_C_PMR,63236030,I,360002,1360020,Region,Chattogram/Sylhet,0,,0,1,CMPNMRCPMR,BDDHS2017360002,2017-18,DHS,2598.0,2779.0,,,
BGD,Chattogram,6460228,Perinatal mortality rate (5 years),53,0,BD,Bangladesh,2017,BD2017DHS,CM_PNMR_C_PMR,63236030,I,360003,1360030,Region,..Chattogram,0,,0,1,CMPNMRCPMR,BDDHS2017360003,2017-18,DHS,1871.0,1478.0,,,1.0
BGD,Sylhet,472513,Perinatal mortality rate (5 years),41,0,BD,Bangladesh,2017,BD2017DHS,CM_PNMR_C_PMR,63236030,I,360004,1360040,Region,..Sylhet,0,,0,1,CMPNMRCPMR,BDDHS2017360004,2017-18,DHS,727.0,1301.0,,,1.0
BGD,Dhaka before 2015,3825327,Perinatal mortality rate (5 years),48,0,BD,Bangladesh,2017,BD2017DHS,CM_PNMR_C_PMR,63236030,I,360005,1360050,Region,Dhaka before 2015,0,,0,1,CMPNMRCPMR,BDDHS2017360005,2017-18,DHS,3058.0,2375.0,,,
BGD,Dhaka,6116373,Perinatal mortality rate (5 years),47,0,BD,Bangladesh,2017,BD2017DHS,CM_PNMR_C_PMR,63236030,I,360010,1360052,Region,..Dhaka,0,,0,1,CMPNMRCPMR,BDDHS2017360010,2017-18,DHS,2309.0,1329.0,,,1.0
BGD,Mymensingh,5242441,Perinatal mortality rate (5 years),52,0,BD,Bangladesh,2017,BD2017DHS,CM_PNMR_C_PMR,63236030,I,360011,1360055,Region,..Mymensingh,0,,0,1,CMPNMRCPMR,BDDHS2017360011,2017-18,DHS,750.0,1046.0,,,1.0
BGD,Khulna,5393805,Perinatal mortality rate (5 years),41,0,BD,Bangladesh,2017,BD2017DHS,CM_PNMR_C_PMR,63236030,I,360006,1360060,Region,Khulna,0,,0,1,CMPNMRCPMR,BDDHS2017360006,2017-18,DHS,813.0,916.0,,,1.0
BGD,Rajshahi/Rangpur,122524,Perinatal mortality rate (5 years),49,0,BD,Bangladesh,2017,BD2017DHS,CM_PNMR_C_PMR,63236030,I,360007,1360070,Region,Rajshahi/Rangpur,0,,0,1,CMPNMRCPMR,BDDHS2017360007,2017-18,DHS,1967.0,1910.0,,,
BGD,Rangpur,6525024,Perinatal mortality rate (5 years),45,0,BD,Bangladesh,2017,BD2017DHS,CM_PNMR_C_PMR,63236030,I,360008,1360080,Region,..Rangpur,0,,0,1,CMPNMRCPMR,BDDHS2017360008,2017-18,DHS,922.0,976.0,,,1.0
BGD,Rajshahi,4356988,Perinatal mortality rate (5 years),53,0,BD,Bangladesh,2017,BD2017DHS,CM_PNMR_C_PMR,63236030,I,360009,1360090,Region,..Rajshahi,0,,0,1,CMPNMRCPMR,BDDHS2017360009,2017-18,DHS,1045.0,934.0,,,1.0
BGD,Barishal,1736613,Number of pregnancies of 7+ months duration,494,0,BD,Bangladesh,2017,BD2017DHS,CM_PNMR_C_NUM,63236040,D,360001,1360010,Region,Barishal,0,,0,1,CMPNMRCNUM,BDDHS2017360001,2017-18,DHS,,922.0,,,1.0
BGD,Chattogram/Sylhet,1730298,Number of pregnancies of 7+ months duration,2598,0,BD,Bangladesh,2017,BD2017DHS,CM_PNMR_C_NUM,63236040,D,360002,1360020,Region,Chattogram/Sylhet,0,,0,1,CMPNMRCNUM,BDDHS2017360002,2017-18,DHS,,2779.0,,,
BGD,Chattogram,6543725,Number of pregnancies of 7+ months duration,1871,0,BD,Bangladesh,2017,BD2017DHS,CM_PNMR_C_NUM,63236040,D,360003,1360030,Region,..Chattogram,0,,0,1,CMPNMRCNUM,BDDHS2017360003,2017-18,DHS,,1478.0,,,1.0
BGD,Sylhet,1736612,Number of pregnancies of 7+ months duration,727,0,BD,Bangladesh,2017,BD2017DHS,CM_PNMR_C_NUM,63236040,D,360004,1360040,Region,..Sylhet,0,,0,1,CMPNMRCNUM,BDDHS2017360004,2017-18,DHS,,1301.0,,,1.0
BGD,Dhaka before 2015,3825328,Number of pregnancies of 7+ months duration,3058,0,BD,Bangladesh,2017,BD2017DHS,CM_PNMR_C_NUM,63236040,D,360005,1360050,Region,Dhaka before 2015,0,,0,1,CMPNMRCNUM,BDDHS2017360005,2017-18,DHS,,2375.0,,,
BGD,Dhaka,6227119,Number of pregnancies of 7+ months duration,2309,0,BD,Bangladesh,2017,BD2017DHS,CM_PNMR_C_NUM,63236040,D,360010,1360052,Region,..Dhaka,0,,0,1,CMPNMRCNUM,BDDHS2017360010,2017-18,DHS,,1329.0,,,1.0
BGD,Mymensingh,5355371,Number of pregnancies of 7+ months duration,750,0,BD,Bangladesh,2017,BD2017DHS,CM_PNMR_C_NUM,63236040,D,360011,1360055,Region,..Mymensingh,0,,0,1,CMPNMRCNUM,BDDHS2017360011,2017-18,DHS,,1046.0,,,1.0
BGD,Khulna,5473245,Number of pregnancies of 7+ months duration,813,0,BD,Bangladesh,2017,BD2017DHS,CM_PNMR_C_NUM,63236040,D,360006,1360060,Region,Khulna,0,,0,1,CMPNMRCNUM,BDDHS2017360006,2017-18,DHS,,916.0,,,1.0
BGD,Rajshahi/Rangpur,1723912,Number of pregnancies of 7+ months duration,1967,0,BD,Bangladesh,2017,BD2017DHS,CM_PNMR_C_NUM,63236040,D,360007,1360070,Region,Rajshahi/Rangpur,0,,0,1,CMPNMRCNUM,BDDHS2017360007,2017-18,DHS,,1910.0,,,
BGD,Rangpur,6634334,Number of pregnancies of 7+ months duration,922,0,BD,Bangladesh,2017,BD2017DHS,CM_PNMR_C_NUM,63236040,D,360008,1360080,Region,..Rangpur,0,,0,1,CMPNMRCNUM,BDDHS2017360008,2017-18,DHS,,976.0,,,1.0
BGD,Rajshahi,4458389,Number of pregnancies of 7+ months duration,1045,0,BD,Bangladesh,2017,BD2017DHS,CM_PNMR_C_NUM,63236040,D,360009,1360090,Region,..Rajshahi,0,,0,1,CMPNMRCNUM,BDDHS2017360009,2017-18,DHS,,934.0,,,1.0
BGD,Barishal,2576104,Number of pregnancies of 7+ months duration (unweighted),922,0,BD,Bangladesh,2017,BD2017DHS,CM_PNMR_C_UNW,63236050,U,360001,1360010,Region,Barishal,0,,0,1,CMPNMRCUNW,BDDHS2017360001,2017-18,DHS,494.0,,,,1.0
BGD,Chattogram/Sylhet,3010615,Number of pregnancies of 7+ months duration (unweighted),2779,0,BD,Bangladesh,2017,BD2017DHS,CM_PNMR_C_UNW,63236050,U,360002,1360020,Region,Chattogram/Sylhet,0,,0,1,CMPNMRCUNW,BDDHS2017360002,2017-18,DHS,2598.0,,,,
BGD,Chattogram,585328,Number of pregnancies of 7+ months duration (unweighted),1478,0,BD,Bangladesh,2017,BD2017DHS,CM_PNMR_C_UNW,63236050,U,360003,1360030,Region,..Chattogram,0,,0,1,CMPNMRCUNW,BDDHS2017360003,2017-18,DHS,1871.0,,,,1.0
BGD,Sylhet,472511,Number of pregnancies of 7+ months duration (unweighted),1301,0,BD,Bangladesh,2017,BD2017DHS,CM_PNMR_C_UNW,63236050,U,360004,1360040,Region,..Sylhet,0,,0,1,CMPNMRCUNW,BDDHS2017360004,2017-18,DHS,727.0,,,,1.0
BGD,Dhaka before 2015,1730714,Number of pregnancies of 7+ months duration (unweighted),2375,0,BD,Bangladesh,2017,BD2017DHS,CM_PNMR_C_UNW,63236050,U,360005,1360050,Region,Dhaka before 2015,0,,0,1,CMPNMRCUNW,BDDHS2017360005,2017-18,DHS,3058.0,,,,
BGD,Dhaka,3335054,Number of pregnancies of 7+ months duration (unweighted),1329,0,BD,Bangladesh,2017,BD2017DHS,CM_PNMR_C_UNW,63236050,U,360010,1360052,Region,..Dhaka,0,,0,1,CMPNMRCUNW,BDDHS2017360010,2017-18,DHS,2309.0,,,,1.0
BGD,Mymensingh,330716,Number of pregnancies of 7+ months duration (unweighted),1046,0,BD,Bangladesh,2017,BD2017DHS,CM_PNMR_C_UNW,63236050,U,360011,1360055,Region,..Mymensingh,0,,0,1,CMPNMRCUNW,BDDHS2017360011,2017-18,DHS,750.0,,,,1.0
BGD,Khulna,237417,Number of pregnancies of 7+ months duration (unweighted),916,0,BD,Bangladesh,2017,BD2017DHS,CM_PNMR_C_UNW,63236050,U,360006,1360060,Region,Khulna,0,,0,1,CMPNMRCUNW,BDDHS2017360006,2017-18,DHS,813.0,,,,1.0
BGD,Rajshahi/Rangpur,122522,Number of pregnancies of 7+ months duration (unweighted),1910,0,BD,Bangladesh,2017,BD2017DHS,CM_PNMR_C_UNW,63236050,U,360007,1360070,Region,Rajshahi/Rangpur,0,,0,1,CMPNMRCUNW,BDDHS2017360007,2017-18,DHS,1967.0,,,,
BGD,Rangpur,706656,Number of pregnancies of 7+ months duration (unweighted),976,0,BD,Bangladesh,2017,BD2017DHS,CM_PNMR_C_UNW,63236050,U,360008,1360080,Region,..Rangpur,0,,0,1,CMPNMRCUNW,BDDHS2017360008,2017-18,DHS,922.0,,,,1.0
BGD,Rajshahi,3071399,Number of pregnancies of 7+ months duration (unweighted),934,0,BD,Bangladesh,2017,BD2017DHS,CM_PNMR_C_UNW,63236050,U,360009,1360090,Region,..Rajshahi,0,,0,1,CMPNMRCUNW,BDDHS2017360009,2017-18,DHS,1045.0,,,,1.0
BGD,Barishal,1970701,Neonatal mortality rate,23,0,BD,Bangladesh,2022,BD2022DHS,CM_ECMR_C_NNR,63206010,I,360001,1360010,Region,Barishal,14003,Ten years preceding the survey,0,1,CMECMRCNNR,BDDHS2022360001,2022,DHS,,,17.0,29.0,1.0
BGD,Barishal,1970702,Neonatal mortality rate,23,0,BD,Bangladesh,2022,BD2022DHS,CM_ECMR_C_NNR,63206010,I,360001,1360010,Region,Barishal,14003,Ten years preceding the survey,0,1,CMECMRCNNR,BDDHS2022360001,2022,DHS,,,17.0,29.0,1.0
BGD,Chattogram/Sylhet,7971777,Neonatal mortality rate,26,0,BD,Bangladesh,2022,BD2022DHS,CM_ECMR_C_NNR,63206010,I,360002,1360020,Region,Chattogram/Sylhet,14003,Ten years preceding the survey,0,1,CMECMRCNNR,BDDHS2022360002,2022,DHS,,,21.0,30.0,
BGD,Chattogram,7459421,Neonatal mortality rate,22,0,BD,Bangladesh,2022,BD2022DHS,CM_ECMR_C_NNR,63206010,I,360003,1360030,Region,..Chattogram,14003,Ten years preceding the survey,0,1,CMECMRCNNR,BDDHS2022360003,2022,DHS,,,17.0,28.0,1.0
BGD,Chattogram,7459422,Neonatal mortality rate,22,0,BD,Bangladesh,2022,BD2022DHS,CM_ECMR_C_NNR,63206010,I,360003,1360030,Region,..Chattogram,14003,Ten years preceding the survey,0,1,CMECMRCNNR,BDDHS2022360003,2022,DHS,,,17.0,28.0,1.0
BGD,Sylhet,7838026,Neonatal mortality rate,36,0,BD,Bangladesh,2022,BD2022DHS,CM_ECMR_C_NNR,63206010,I,360004,1360040,Region,..Sylhet,14003,Ten years preceding the survey,0,1,CMECMRCNNR,BDDHS2022360004,2022,DHS,,,29.0,43.0,1.0
BGD,Sylhet,7838027,Neonatal mortality rate,36,0,BD,Bangladesh,2022,BD2022DHS,CM_ECMR_C_NNR,63206010,I,360004,1360040,Region,..Sylhet,14003,Ten years preceding the survey,0,1,CMECMRCNNR,BDDHS2022360004,2022,DHS,,,29.0,43.0,1.0
BGD,Dhaka before 2015,7955141,Neonatal mortality rate,27,0,BD,Bangladesh,2022,BD2022DHS,CM_ECMR_C_NNR,63206010,I,360005,1360050,Region,Dhaka before 2015,14003,Ten years preceding the survey,0,1,CMECMRCNNR,BDDHS2022360005,2022,DHS,,,22.0,32.0,
BGD,Dhaka,1959969,Neonatal mortality rate,26,0,BD,Bangladesh,2022,BD2022DHS,CM_ECMR_C_NNR,63206010,I,360010,1360052,Region,..Dhaka,14003,Ten years preceding the survey,0,1,CMECMRCNNR,BDDHS2022360010,2022,DHS,,,20.0,32.0,1.0
BGD,Dhaka,1959970,Neonatal mortality rate,26,0,BD,Bangladesh,2022,BD2022DHS,CM_ECMR_C_NNR,63206010,I,360010,1360052,Region,..Dhaka,14003,Ten years preceding the survey,0,1,CMECMRCNNR,BDDHS2022360010,2022,DHS,,,20.0,32.0,1.0
BGD,Mymensingh,7580618,Neonatal mortality rate,31,0,BD,Bangladesh,2022,BD2022DHS,CM_ECMR_C_NNR,63206010,I,360011,1360055,Region,..Mymensingh,14003,Ten years preceding the survey,0,1,CMECMRCNNR,BDDHS2022360011,2022,DHS,,,23.0,38.0,1.0
BGD,Mymensingh,7580619,Neonatal mortality rate,31,0,BD,Bangladesh,2022,BD2022DHS,CM_ECMR_C_NNR,63206010,I,360011,1360055,Region,..Mymensingh,14003,Ten years preceding the survey,0,1,CMECMRCNNR,BDDHS2022360011,2022,DHS,,,23.0,38.0,1.0
BGD,Khulna,7860621,Neonatal mortality rate,25,0,BD,Bangladesh,2022,BD2022DHS,CM_ECMR_C_NNR,63206010,I,360006,1360060,Region,Khulna,14003,Ten years preceding the survey,0,1,CMECMRCNNR,BDDHS2022360006,2022,DHS,,,18.0,32.0,1.0
BGD,Khulna,7860622,Neonatal mortality rate,25,0,BD,Bangladesh,2022,BD2022DHS,CM_ECMR_C_NNR,63206010,I,360006,1360060,Region,Khulna,14003,Ten years preceding the survey,0,1,CMECMRCNNR,BDDHS2022360006,2022,DHS,,,18.0,32.0,1.0
BGD,Rajshahi/Rangpur,7916057,Neonatal mortality rate,26,0,BD,Bangladesh,2022,BD2022DHS,CM_ECMR_C_NNR,63206010,I,360007,1360070,Region,Rajshahi/Rangpur,14003,Ten years preceding the survey,0,1,CMECMRCNNR,BDDHS2022360007,2022,DHS,,,21.0,31.0,
BGD,Rangpur,7930270,Neonatal mortality rate,32,0,BD,Bangladesh,2022,BD2022DHS,CM_ECMR_C_NNR,63206010,I,360008,1360080,Region,..Rangpur,14003,Ten years preceding the survey,0,1,CMECMRCNNR,BDDHS2022360008,2022,DHS,,,24.0,39.0,1.0
BGD,Rangpur,7930271,Neonatal mortality rate,32,0,BD,Bangladesh,2022,BD2022DHS,CM_ECMR_C_NNR,63206010,I,360008,1360080,Region,..Rangpur,14003,Ten years preceding the survey,0,1,CMECMRCNNR,BDDHS2022360008,2022,DHS,,,24.0,39.0,1.0
BGD,Rajshahi,7726198,Neonatal mortality rate,20,0,BD,Bangladesh,2022,BD2022DHS,CM_ECMR_C_NNR,63206010,I,360009,1360090,Region,..Rajshahi,14003,Ten years preceding the survey,0,1,CMECMRCNNR,BDDHS2022360009,2022,DHS,,,15.0,25.0,1.0
BGD,Rajshahi,7726199,Neonatal mortality rate,20,0,BD,Bangladesh,2022,BD2022DHS,CM_ECMR_C_NNR,63206010,I,360009,1360090,Region,..Rajshahi,14003,Ten years preceding the survey,0,1,CMECMRCNNR,BDDHS2022360009,2022,DHS,,,15.0,25.0,1.0
BGD,Barishal,7967947,Postneonatal mortality rate,8,0,BD,Bangladesh,2022,BD2022DHS,CM_ECMR_C_PNR,63206020,I,360001,1360010,Region,Barishal,14003,Ten years preceding the survey,0,1,CMECMRCPNR,BDDHS2022360001,2022,DHS,,,4.0,12.0,1.0
BGD,Barishal,7967948,Postneonatal mortality rate,8,0,BD,Bangladesh,2022,BD2022DHS,CM_ECMR_C_PNR,63206020,I,360001,1360010,Region,Barishal,14003,Ten years preceding the survey,0,1,CMECMRCPNR,BDDHS2022360001,2022,DHS,,,4.0,12.0,1.0
BGD,Chattogram/Sylhet,7856850,Postneonatal mortality rate,8,0,BD,Bangladesh,2022,BD2022DHS,CM_ECMR_C_PNR,63206020,I,360002,1360020,Region,Chattogram/Sylhet,14003,Ten years preceding the survey,0,1,CMECMRCPNR,BDDHS2022360002,2022,DHS,,,5.0,10.0,
BGD,Chattogram,7779178,Postneonatal mortality rate,5,0,BD,Bangladesh,2022,BD2022DHS,CM_ECMR_C_PNR,63206020,I,360003,1360030,Region,..Chattogram,14003,Ten years preceding the survey,0,1,CMECMRCPNR,BDDHS2022360003,2022,DHS,,,3.0,7.0,1.0
BGD,Chattogram,7779179,Postneonatal mortality rate,5,0,BD,Bangladesh,2022,BD2022DHS,CM_ECMR_C_PNR,63206020,I,360003,1360030,Region,..Chattogram,14003,Ten years preceding the survey,0,1,CMECMRCPNR,BDDHS2022360003,2022,DHS,,,3.0,7.0,1.0
BGD,Sylhet,1977878,Postneonatal mortality rate,15,0,BD,Bangladesh,2022,BD2022DHS,CM_ECMR_C_PNR,63206020,I,360004,1360040,Region,..Sylhet,14003,Ten years preceding the survey,0,1,CMECMRCPNR,BDDHS2022360004,2022,DHS,,,10.0,21.0,1.0
BGD,Sylhet,1977879,Postneonatal mortality rate,15,0,BD,Bangladesh,2022,BD2022DHS,CM_ECMR_C_PNR,63206020,I,360004,1360040,Region,..Sylhet,14003,Ten years preceding the survey,0,1,CMECMRCPNR,BDDHS2022360004,2022,DHS,,,10.0,21.0,1.0
BGD,Dhaka before 2015,7712139,Postneonatal mortality rate,7,0,BD,Bangladesh,2022,BD2022DHS,CM_ECMR_C_PNR,63206020,I,360005,1360050,Region,Dhaka before 2015,14003,Ten years preceding the survey,0,1,CMECMRCPNR,BDDHS2022360005,2022,DHS,,,5.0,10.0,
BGD,Dhaka,7740371,Postneonatal mortality rate,7,0,BD,Bangladesh,2022,BD2022DHS,CM_ECMR_C_PNR,63206020,I,360010,1360052,Region,..Dhaka,14003,Ten years preceding the survey,0,1,CMECMRCPNR,BDDHS2022360010,2022,DHS,,,4.0,10.0,1.0
BGD,Dhaka,7740372,Postneonatal mortality rate,7,0,BD,Bangladesh,2022,BD2022DHS,CM_ECMR_C_PNR,63206020,I,360010,1360052,Region,..Dhaka,14003,Ten years preceding the survey,0,1,CMECMRCPNR,BDDHS2022360010,2022,DHS,,,4.0,10.0,1.0
BGD,Mymensingh,7498186,Postneonatal mortality rate,8,0,BD,Bangladesh,2022,BD2022DHS,CM_ECMR_C_PNR,63206020,I,360011,1360055,Region,..Mymensingh,14003,Ten years preceding the survey,0,1,CMECMRCPNR,BDDHS2022360011,2022,DHS,,,5.0,11.0,1.0
BGD,Mymensingh,7498187,Postneonatal mortality rate,8,0,BD,Bangladesh,2022,BD2022DHS,CM_ECMR_C_PNR,63206020,I,360011,1360055,Region,..Mymensingh,14003,Ten years preceding the survey,0,1,CMECMRCPNR,BDDHS2022360011,2022,DHS,,,5.0,11.0,1.0
BGD,Khulna,1977868,Postneonatal mortality rate,3,0,BD,Bangladesh,2022,BD2022DHS,CM_ECMR_C_PNR,63206020,I,360006,1360060,Region,Khulna,14003,Ten years preceding the survey,0,1,CMECMRCPNR,BDDHS2022360006,2022,DHS,,,1.0,5.0,1.0
BGD,Khulna,1977869,Postneonatal mortality rate,3,0,BD,Bangladesh,2022,BD2022DHS,CM_ECMR_C_PNR,63206020,I,360006,1360060,Region,Khulna,14003,Ten years preceding the survey,0,1,CMECMRCPNR,BDDHS2022360006,2022,DHS,,,1.0,5.0,1.0
BGD,Rajshahi/Rangpur,7785425,Postneonatal mortality rate,6,0,BD,Bangladesh,2022,BD2022DHS,CM_ECMR_C_PNR,63206020,I,360007,1360070,Region,Rajshahi/Rangpur,14003,Ten years preceding the survey,0,1,CMECMRCPNR,BDDHS2022360007,2022,DHS,,,4.0,8.0,
BGD,Rangpur,7962683,Postneonatal mortality rate,7,0,BD,Bangladesh,2022,BD2022DHS,CM_ECMR_C_PNR,63206020,I,360008,1360080,Region,..Rangpur,14003,Ten years preceding the survey,0,1,CMECMRCPNR,BDDHS2022360008,2022,DHS,,,4.0,10.0,1.0
BGD,Rangpur,7962684,Postneonatal mortality rate,7,0,BD,Bangladesh,2022,BD2022DHS,CM_ECMR_C_PNR,63206020,I,360008,1360080,Region,..Rangpur,14003,Ten years preceding the survey,0,1,CMECMRCPNR,BDDHS2022360008,2022,DHS,,,4.0,10.0,1.0
BGD,Rajshahi,2035359,Postneonatal mortality rate,4,0,BD,Bangladesh,2022,BD2022DHS,CM_ECMR_C_PNR,63206020,I,360009,1360090,Region,..Rajshahi,14003,Ten years preceding the survey,0,1,CMECMRCPNR,BDDHS2022360009,2022,DHS,,,2.0,7.0,1.0
BGD,Rajshahi,2035360,Postneonatal mortality rate,4,0,BD,Bangladesh,2022,BD2022DHS,CM_ECMR_C_PNR,63206020,I,360009,1360090,Region,..Rajshahi,14003,Ten years preceding the survey,0,1,CMECMRCPNR,BDDHS2022360009,2022,DHS,,,2.0,7.0,1.0
BGD,Barishal,7806691,Infant mortality rate,32,0,BD,Bangladesh,2022,BD2022DHS,CM_ECMR_C_IMR,63206030,I,360001,1360010,Region,Barishal,14003,Ten years preceding the survey,0,1,CMECMRCIMR,BDDHS2022360001,2022,DHS,,,25.0,39.0,1.0
BGD,Barishal,7806692,Infant mortality rate,32,0,BD,Bangladesh,2022,BD2022DHS,CM_ECMR_C_IMR,63206030,I,360001,1360010,Region,Barishal,14003,Ten years preceding the survey,0,1,CMECMRCIMR,BDDHS2022360001,2022,DHS,,,25.0,39.0,1.0
BGD,Chattogram/Sylhet,1970762,Infant mortality rate,33,0,BD,Bangladesh,2022,BD2022DHS,CM_ECMR_C_IMR,63206030,I,360002,1360020,Region,Chattogram/Sylhet,14003,Ten years preceding the survey,0,1,CMECMRCIMR,BDDHS2022360002,2022,DHS,,,28.0,39.0,
BGD,Chattogram,7909875,Infant mortality rate,27,0,BD,Bangladesh,2022,BD2022DHS,CM_ECMR_C_IMR,63206030,I,360003,1360030,Region,..Chattogram,14003,Ten years preceding the survey,0,1,CMECMRCIMR,BDDHS2022360003,2022,DHS,,,21.0,33.0,1.0
BGD,Chattogram,7909876,Infant mortality rate,27,0,BD,Bangladesh,2022,BD2022DHS,CM_ECMR_C_IMR,63206030,I,360003,1360030,Region,..Chattogram,14003,Ten years preceding the survey,0,1,CMECMRCIMR,BDDHS2022360003,2022,DHS,,,21.0,33.0,1.0
BGD,Sylhet,1977786,Infant mortality rate,51,0,BD,Bangladesh,2022,BD2022DHS,CM_ECMR_C_IMR,63206030,I,360004,1360040,Region,..Sylhet,14003,Ten years preceding the survey,0,1,CMECMRCIMR,BDDHS2022360004,2022,DHS,,,42.0,61.0,1.0
BGD,Sylhet,1977787,Infant mortality rate,51,0,BD,Bangladesh,2022,BD2022DHS,CM_ECMR_C_IMR,63206030,I,360004,1360040,Region,..Sylhet,14003,Ten years preceding the survey,0,1,CMECMRCIMR,BDDHS2022360004,2022,DHS,,,42.0,61.0,1.0
BGD,Dhaka before 2015,7821390,Infant mortality rate,34,0,BD,Bangladesh,2022,BD2022DHS,CM_ECMR_C_IMR,63206030,I,360005,1360050,Region,Dhaka before 2015,14003,Ten years preceding the survey,0,1,CMECMRCIMR,BDDHS2022360005,2022,DHS,,,29.0,40.0,
BGD,Dhaka,7975972,Infant mortality rate,33,0,BD,Bangladesh,2022,BD2022DHS,CM_ECMR_C_IMR,63206030,I,360010,1360052,Region,..Dhaka,14003,Ten years preceding the survey,0,1,CMECMRCIMR,BDDHS2022360010,2022,DHS,,,26.0,40.0,1.0
BGD,Dhaka,7975973,Infant mortality rate,33,0,BD,Bangladesh,2022,BD2022DHS,CM_ECMR_C_IMR,63206030,I,360010,1360052,Region,..Dhaka,14003,Ten years preceding the survey,0,1,CMECMRCIMR,BDDHS2022360010,2022,DHS,,,26.0,40.0,1.0
BGD,Mymensingh,7217766,Infant mortality rate,39,0,BD,Bangladesh,2022,BD2022DHS,CM_ECMR_C_IMR,63206030,I,360011,1360055,Region,..Mymensingh,14003,Ten years preceding the survey,0,1,CMECMRCIMR,BDDHS2022360011,2022,DHS,,,30.0,47.0,1.0
BGD,Mymensingh,7217767,Infant mortality rate,39,0,BD,Bangladesh,2022,BD2022DHS,CM_ECMR_C_IMR,63206030,I,360011,1360055,Region,..Mymensingh,14003,Ten years preceding the survey,0,1,CMECMRCIMR,BDDHS2022360011,2022,DHS,,,30.0,47.0,1.0
BGD,Khulna,1977880,Infant mortality rate,28,0,BD,Bangladesh,2022,BD2022DHS,CM_ECMR_C_IMR,63206030,I,360006,1360060,Region,Khulna,14003,Ten years preceding the survey,0,1,CMECMRCIMR,BDDHS2022360006,2022,DHS,,,21.0,35.0,1.0
BGD,Khulna,1977881,Infant mortality rate,28,0,BD,Bangladesh,2022,BD2022DHS,CM_ECMR_C_IMR,63206030,I,360006,1360060,Region,Khulna,14003,Ten years preceding the survey,0,1,CMECMRCIMR,BDDHS2022360006,2022,DHS,,,21.0,35.0,1.0
BGD,Rajshahi/Rangpur,1960039,Infant mortality rate,32,0,BD,Bangladesh,2022,BD2022DHS,CM_ECMR_C_IMR,63206030,I,360007,1360070,Region,Rajshahi/Rangpur,14003,Ten years preceding the survey,0,1,CMECMRCIMR,BDDHS2022360007,2022,DHS,,,26.0,37.0,
BGD,Rangpur,7687246,Infant mortality rate,39,0,BD,Bangladesh,2022,BD2022DHS,CM_ECMR_C_IMR,63206030,I,360008,1360080,Region,..Rangpur,14003,Ten years preceding the survey,0,1,CMECMRCIMR,BDDHS2022360008,2022,DHS,,,31.0,47.0,1.0
BGD,Rangpur,7687247,Infant mortality rate,39,0,BD,Bangladesh,2022,BD2022DHS,CM_ECMR_C_IMR,63206030,I,360008,1360080,Region,..Rangpur,14003,Ten years preceding the survey,0,1,CMECMRCIMR,BDDHS2022360008,2022,DHS,,,31.0,47.0,1.0
BGD,Rajshahi,7959454,Infant mortality rate,24,0,BD,Bangladesh,2022,BD2022DHS,CM_ECMR_C_IMR,63206030,I,360009,1360090,Region,..Rajshahi,14003,Ten years preceding the survey,0,1,CMECMRCIMR,BDDHS2022360009,2022,DHS,,,18.0,30.0,1.0
BGD,Rajshahi,7959455,Infant mortality rate,24,0,BD,Bangladesh,2022,BD2022DHS,CM_ECMR_C_IMR,63206030,I,360009,1360090,Region,..Rajshahi,14003,Ten years preceding the survey,0,1,CMECMRCIMR,BDDHS2022360009,2022,DHS,,,18.0,30.0,1.0
BGD,Barishal,7753606,Child mortality rate,12,0,BD,Bangladesh,2022,BD2022DHS,CM_ECMR_C_CMR,63206040,I,360001,1360010,Region,Barishal,14003,Ten years preceding the survey,0,1,CMECMRCCMR,BDDHS2022360001,2022,DHS,,,7.0,16.0,1.0
BGD,Barishal,7753607,Child mortality rate,12,0,BD,Bangladesh,2022,BD2022DHS,CM_ECMR_C_CMR,63206040,I,360001,1360010,Region,Barishal,14003,Ten years preceding the survey,0,1,CMECMRCCMR,BDDHS2022360001,2022,DHS,,,7.0,16.0,1.0
BGD,Chattogram/Sylhet,7578747,Child mortality rate,9,0,BD,Bangladesh,2022,BD2022DHS,CM_ECMR_C_CMR,63206040,I,360002,1360020,Region,Chattogram/Sylhet,14003,Ten years preceding the survey,0,1,CMECMRCCMR,BDDHS2022360002,2022,DHS,,,6.0,12.0,
BGD,Chattogram,7574953,Child mortality rate,9,0,BD,Bangladesh,2022,BD2022DHS,CM_ECMR_C_CMR,63206040,I,360003,1360030,Region,..Chattogram,14003,Ten years preceding the survey,0,1,CMECMRCCMR,BDDHS2022360003,2022,DHS,,,5.0,13.0,1.0
BGD,Chattogram,7574954,Child mortality rate,9,0,BD,Bangladesh,2022,BD2022DHS,CM_ECMR_C_CMR,63206040,I,360003,1360030,Region,..Chattogram,14003,Ten years preceding the survey,0,1,CMECMRCCMR,BDDHS2022360003,2022,DHS,,,5.0,13.0,1.0
BGD,Sylhet,7811824,Child mortality rate,10,0,BD,Bangladesh,2022,BD2022DHS,CM_ECMR_C_CMR,63206040,I,360004,1360040,Region,..Sylhet,14003,Ten years preceding the survey,0,1,CMECMRCCMR,BDDHS2022360004,2022,DHS,,,7.0,13.0,1.0
BGD,Sylhet,7811825,Child mortality rate,10,0,BD,Bangladesh,2022,BD2022DHS,CM_ECMR_C_CMR,63206040,I,360004,1360040,Region,..Sylhet,14003,Ten years preceding the survey,0,1,CMECMRCCMR,BDDHS2022360004,2022,DHS,,,7.0,13.0,1.0
BGD,Dhaka before 2015,7955073,Child mortality rate,3,0,BD,Bangladesh,2022,BD2022DHS,CM_ECMR_C_CMR,63206040,I,360005,1360050,Region,Dhaka before 2015,14003,Ten years preceding the survey,0,1,CMECMRCCMR,BDDHS2022360005,2022,DHS,,,2.0,5.0,
BGD,Dhaka,7675991,Child mortality rate,3,0,BD,Bangladesh,2022,BD2022DHS,CM_ECMR_C_CMR,63206040,I,360010,1360052,Region,..Dhaka,14003,Ten years preceding the survey,0,1,CMECMRCCMR,BDDHS2022360010,2022,DHS,,,1.0,4.0,1.0
BGD,Dhaka,7675992,Child mortality rate,3,0,BD,Bangladesh,2022,BD2022DHS,CM_ECMR_C_CMR,63206040,I,360010,1360052,Region,..Dhaka,14003,Ten years preceding the survey,0,1,CMECMRCCMR,BDDHS2022360010,2022,DHS,,,1.0,4.0,1.0
BGD,Mymensingh,7930338,Child mortality rate,6,0,BD,Bangladesh,2022,BD2022DHS,CM_ECMR_C_CMR,63206040,I,360011,1360055,Region,..Mymensingh,14003,Ten years preceding the survey,0,1,CMECMRCCMR,BDDHS2022360011,2022,DHS,,,3.0,9.0,1.0
BGD,Mymensingh,7930339,Child mortality rate,6,0,BD,Bangladesh,2022,BD2022DHS,CM_ECMR_C_CMR,63206040,I,360011,1360055,Region,..Mymensingh,14003,Ten years preceding the survey,0,1,CMECMRCCMR,BDDHS2022360011,2022,DHS,,,3.0,9.0,1.0
BGD,Khulna,7963100,Child mortality rate,3,0,BD,Bangladesh,2022,BD2022DHS,CM_ECMR_C_CMR,63206040,I,360006,1360060,Region,Khulna,14003,Ten years preceding the survey,0,1,CMECMRCCMR,BDDHS2022360006,2022,DHS,,,1.0,6.0,1.0
BGD,Khulna,7963101,Child mortality rate,3,0,BD,Bangladesh,2022,BD2022DHS,CM_ECMR_C_CMR,63206040,I,360006,1360060,Region,Khulna,14003,Ten years preceding the survey,0,1,CMECMRCCMR,BDDHS2022360006,2022,DHS,,,1.0,6.0,1.0
BGD,Rajshahi/Rangpur,7612076,Child mortality rate,5,0,BD,Bangladesh,2022,BD2022DHS,CM_ECMR_C_CMR,63206040,I,360007,1360070,Region,Rajshahi/Rangpur,14003,Ten years preceding the survey,0,1,CMECMRCCMR,BDDHS2022360007,2022,DHS,,,3.0,7.0,
BGD,Rangpur,7836507,Child mortality rate,8,0,BD,Bangladesh,2022,BD2022DHS,CM_ECMR_C_CMR,63206040,I,360008,1360080,Region,..Rangpur,14003,Ten years preceding the survey,0,1,CMECMRCCMR,BDDHS2022360008,2022,DHS,,,4.0,11.0,1.0
BGD,Rangpur,7836508,Child mortality rate,8,0,BD,Bangladesh,2022,BD2022DHS,CM_ECMR_C_CMR,63206040,I,360008,1360080,Region,..Rangpur,14003,Ten years preceding the survey,0,1,CMECMRCCMR,BDDHS2022360008,2022,DHS,,,4.0,11.0,1.0
BGD,Rajshahi,7941909,Child mortality rate,3,0,BD,Bangladesh,2022,BD2022DHS,CM_ECMR_C_CMR,63206040,I,360009,1360090,Region,..Rajshahi,14003,Ten years preceding the survey,0,1,CMECMRCCMR,BDDHS2022360009,2022,DHS,,,1.0,5.0,1.0
BGD,Rajshahi,7941910,Child mortality rate,3,0,BD,Bangladesh,2022,BD2022DHS,CM_ECMR_C_CMR,63206040,I,360009,1360090,Region,..Rajshahi,14003,Ten years preceding the survey,0,1,CMECMRCCMR,BDDHS2022360009,2022,DHS,,,1.0,5.0,1.0
BGD,Barishal,7490714,Under-five mortality rate,43,0,BD,Bangladesh,2022,BD2022DHS,CM_ECMR_C_U5M,63206050,I,360001,1360010,Region,Barishal,14003,Ten years preceding the survey,0,1,CMECMRCU5M,BDDHS2022360001,2022,DHS,,,34.0,51.0,1.0
BGD,Barishal,7490715,Under-five mortality rate,43,0,BD,Bangladesh,2022,BD2022DHS,CM_ECMR_C_U5M,63206050,I,360001,1360010,Region,Barishal,14003,Ten years preceding the survey,0,1,CMECMRCU5M,BDDHS2022360001,2022,DHS,,,34.0,51.0,1.0
BGD,Chattogram/Sylhet,7697068,Under-five mortality rate,42,0,BD,Bangladesh,2022,BD2022DHS,CM_ECMR_C_U5M,63206050,I,360002,1360020,Region,Chattogram/Sylhet,14003,Ten years preceding the survey,0,1,CMECMRCU5M,BDDHS2022360002,2022,DHS,,,36.0,48.0,
BGD,Chattogram,7909406,Under-five mortality rate,36,0,BD,Bangladesh,2022,BD2022DHS,CM_ECMR_C_U5M,63206050,I,360003,1360030,Region,..Chattogram,14003,Ten years preceding the survey,0,1,CMECMRCU5M,BDDHS2022360003,2022,DHS,,,28.0,43.0,1.0
BGD,Chattogram,7909407,Under-five mortality rate,36,0,BD,Bangladesh,2022,BD2022DHS,CM_ECMR_C_U5M,63206050,I,360003,1360030,Region,..Chattogram,14003,Ten years preceding the survey,0,1,CMECMRCU5M,BDDHS2022360003,2022,DHS,,,28.0,43.0,1.0
BGD,Sylhet,7688684,Under-five mortality rate,61,0,BD,Bangladesh,2022,BD2022DHS,CM_ECMR_C_U5M,63206050,I,360004,1360040,Region,..Sylhet,14003,Ten years preceding the survey,0,1,CMECMRCU5M,BDDHS2022360004,2022,DHS,,,51.0,71.0,1.0
BGD,Sylhet,7688685,Under-five mortality rate,61,0,BD,Bangladesh,2022,BD2022DHS,CM_ECMR_C_U5M,63206050,I,360004,1360040,Region,..Sylhet,14003,Ten years preceding the survey,0,1,CMECMRCU5M,BDDHS2022360004,2022,DHS,,,51.0,71.0,1.0
BGD,Dhaka before 2015,7483230,Under-five mortality rate,38,0,BD,Bangladesh,2022,BD2022DHS,CM_ECMR_C_U5M,63206050,I,360005,1360050,Region,Dhaka before 2015,14003,Ten years preceding the survey,0,1,CMECMRCU5M,BDDHS2022360005,2022,DHS,,,32.0,44.0,
BGD,Dhaka,1959992,Under-five mortality rate,36,0,BD,Bangladesh,2022,BD2022DHS,CM_ECMR_C_U5M,63206050,I,360010,1360052,Region,..Dhaka,14003,Ten years preceding the survey,0,1,CMECMRCU5M,BDDHS2022360010,2022,DHS,,,28.0,43.0,1.0
BGD,Dhaka,1959993,Under-five mortality rate,36,0,BD,Bangladesh,2022,BD2022DHS,CM_ECMR_C_U5M,63206050,I,360010,1360052,Region,..Dhaka,14003,Ten years preceding the survey,0,1,CMECMRCU5M,BDDHS2022360010,2022,DHS,,,28.0,43.0,1.0
BGD,Mymensingh,7904087,Under-five mortality rate,44,0,BD,Bangladesh,2022,BD2022DHS,CM_ECMR_C_U5M,63206050,I,360011,1360055,Region,..Mymensingh,14003,Ten years preceding the survey,0,1,CMECMRCU5M,BDDHS2022360011,2022,DHS,,,36.0,53.0,1.0
BGD,Mymensingh,7904088,Under-five mortality rate,44,0,BD,Bangladesh,2022,BD2022DHS,CM_ECMR_C_U5M,63206050,I,360011,1360055,Region,..Mymensingh,14003,Ten years preceding the survey,0,1,CMECMRCU5M,BDDHS2022360011,2022,DHS,,,36.0,53.0,1.0
BGD,Khulna,7793071,Under-five mortality rate,31,0,BD,Bangladesh,2022,BD2022DHS,CM_ECMR_C_U5M,63206050,I,360006,1360060,Region,Khulna,14003,Ten years preceding the survey,0,1,CMECMRCU5M,BDDHS2022360006,2022,DHS,,,24.0,39.0,1.0
BGD,Khulna,7793072,Under-five mortality rate,31,0,BD,Bangladesh,2022,BD2022DHS,CM_ECMR_C_U5M,63206050,I,360006,1360060,Region,Khulna,14003,Ten years preceding the survey,0,1,CMECMRCU5M,BDDHS2022360006,2022,DHS,,,24.0,39.0,1.0
BGD,Rajshahi/Rangpur,1960029,Under-five mortality rate,37,0,BD,Bangladesh,2022,BD2022DHS,CM_ECMR_C_U5M,63206050,I,360007,1360070,Region,Rajshahi/Rangpur,14003,Ten years preceding the survey,0,1,CMECMRCU5M,BDDHS2022360007,2022,DHS,,,31.0,42.0,
BGD,Rangpur,1977739,Under-five mortality rate,46,0,BD,Bangladesh,2022,BD2022DHS,CM_ECMR_C_U5M,63206050,I,360008,1360080,Region,..Rangpur,14003,Ten years preceding the survey,0,1,CMECMRCU5M,BDDHS2022360008,2022,DHS,,,37.0,55.0,1.0
BGD,Rangpur,1977740,Under-five mortality rate,46,0,BD,Bangladesh,2022,BD2022DHS,CM_ECMR_C_U5M,63206050,I,360008,1360080,Region,..Rangpur,14003,Ten years preceding the survey,0,1,CMECMRCU5M,BDDHS2022360008,2022,DHS,,,37.0,55.0,1.0
BGD,Rajshahi,7698237,Under-five mortality rate,27,0,BD,Bangladesh,2022,BD2022DHS,CM_ECMR_C_U5M,63206050,I,360009,1360090,Region,..Rajshahi,14003,Ten years preceding the survey,0,1,CMECMRCU5M,BDDHS2022360009,2022,DHS,,,21.0,34.0,1.0
BGD,Rajshahi,7698238,Under-five mortality rate,27,0,BD,Bangladesh,2022,BD2022DHS,CM_ECMR_C_U5M,63206050,I,360009,1360090,Region,..Rajshahi,14003,Ten years preceding the survey,0,1,CMECMRCU5M,BDDHS2022360009,2022,DHS,,,21.0,34.0,1.0
BGD,Barishal,1970799,Stillbirths,19,0,BD,Bangladesh,2022,BD2022DHS,CM_PNMR_C_NSB,63236010,I,360001,1360010,Region,Barishal,0,,0,1,CMPNMRCNSB,BDDHS2022360001,2022,DHS,,,,,1.0
BGD,Barishal,1970800,Stillbirths,19,0,BD,Bangladesh,2022,BD2022DHS,CM_PNMR_C_NSB,63236010,I,360001,1360010,Region,Barishal,0,,0,1,CMPNMRCNSB,BDDHS2022360001,2022,DHS,,,,,1.0
BGD,Chattogram/Sylhet,1970960,Stillbirths,93,0,BD,Bangladesh,2022,BD2022DHS,CM_PNMR_C_NSB,63236010,I,360002,1360020,Region,Chattogram/Sylhet,0,,0,1,CMPNMRCNSB,BDDHS2022360002,2022,DHS,,,,,
BGD,Chattogram,1970900,Stillbirths,65,0,BD,Bangladesh,2022,BD2022DHS,CM_PNMR_C_NSB,63236010,I,360003,1360030,Region,..Chattogram,0,,0,1,CMPNMRCNSB,BDDHS2022360003,2022,DHS,,,,,1.0
BGD,Chattogram,1970901,Stillbirths,65,0,BD,Bangladesh,2022,BD2022DHS,CM_PNMR_C_NSB,63236010,I,360003,1360030,Region,..Chattogram,0,,0,1,CMPNMRCNSB,BDDHS2022360003,2022,DHS,,,,,1.0
BGD,Sylhet,6207788,Stillbirths,27,0,BD,Bangladesh,2022,BD2022DHS,CM_PNMR_C_NSB,63236010,I,360004,1360040,Region,..Sylhet,0,,0,1,CMPNMRCNSB,BDDHS2022360004,2022,DHS,,,,,1.0
BGD,Sylhet,6207789,Stillbirths,27,0,BD,Bangladesh,2022,BD2022DHS,CM_PNMR_C_NSB,63236010,I,360004,1360040,Region,..Sylhet,0,,0,1,CMPNMRCNSB,BDDHS2022360004,2022,DHS,,,,,1.0
BGD,Dhaka before 2015,1960056,Stillbirths,89,0,BD,Bangladesh,2022,BD2022DHS,CM_PNMR_C_NSB,63236010,I,360005,1360050,Region,Dhaka before 2015,0,,0,1,CMPNMRCNSB,BDDHS2022360005,2022,DHS,,,,,
BGD,Dhaka,1960049,Stillbirths,57,0,BD,Bangladesh,2022,BD2022DHS,CM_PNMR_C_NSB,63236010,I,360010,1360052,Region,..Dhaka,0,,0,1,CMPNMRCNSB,BDDHS2022360010,2022,DHS,,,,,1.0
BGD,Dhaka,1960048,Stillbirths,57,0,BD,Bangladesh,2022,BD2022DHS,CM_PNMR_C_NSB,63236010,I,360010,1360052,Region,..Dhaka,0,,0,1,CMPNMRCNSB,BDDHS2022360010,2022,DHS,,,,,1.0
BGD,Mymensingh,1976820,Stillbirths,33,0,BD,Bangladesh,2022,BD2022DHS,CM_PNMR_C_NSB,63236010,I,360011,1360055,Region,..Mymensingh,0,,0,1,CMPNMRCNSB,BDDHS2022360011,2022,DHS,,,,,1.0
BGD,Mymensingh,1976821,Stillbirths,33,0,BD,Bangladesh,2022,BD2022DHS,CM_PNMR_C_NSB,63236010,I,360011,1360055,Region,..Mymensingh,0,,0,1,CMPNMRCNSB,BDDHS2022360011,2022,DHS,,,,,1.0
BGD,Khulna,1977939,Stillbirths,30,0,BD,Bangladesh,2022,BD2022DHS,CM_PNMR_C_NSB,63236010,I,360006,1360060,Region,Khulna,0,,0,1,CMPNMRCNSB,BDDHS2022360006,2022,DHS,,,,,1.0
BGD,Khulna,1977940,Stillbirths,30,0,BD,Bangladesh,2022,BD2022DHS,CM_PNMR_C_NSB,63236010,I,360006,1360060,Region,Khulna,0,,0,1,CMPNMRCNSB,BDDHS2022360006,2022,DHS,,,,,1.0
BGD,Rajshahi/Rangpur,1960046,Stillbirths,62,0,BD,Bangladesh,2022,BD2022DHS,CM_PNMR_C_NSB,63236010,I,360007,1360070,Region,Rajshahi/Rangpur,0,,0,1,CMPNMRCNSB,BDDHS2022360007,2022,DHS,,,,,
BGD,Rangpur,1978150,Stillbirths,28,0,BD,Bangladesh,2022,BD2022DHS,CM_PNMR_C_NSB,63236010,I,360008,1360080,Region,..Rangpur,0,,0,1,CMPNMRCNSB,BDDHS2022360008,2022,DHS,,,,,1.0
BGD,Rangpur,1978151,Stillbirths,28,0,BD,Bangladesh,2022,BD2022DHS,CM_PNMR_C_NSB,63236010,I,360008,1360080,Region,..Rangpur,0,,0,1,CMPNMRCNSB,BDDHS2022360008,2022,DHS,,,,,1.0
BGD,Rajshahi,6693969,Stillbirths,34,0,BD,Bangladesh,2022,BD2022DHS,CM_PNMR_C_NSB,63236010,I,360009,1360090,Region,..Rajshahi,0,,0,1,CMPNMRCNSB,BDDHS2022360009,2022,DHS,,,,,1.0
BGD,Rajshahi,6693970,Stillbirths,34,0,BD,Bangladesh,2022,BD2022DHS,CM_PNMR_C_NSB,63236010,I,360009,1360090,Region,..Rajshahi,0,,0,1,CMPNMRCNSB,BDDHS2022360009,2022,DHS,,,,,1.0
BGD,Barishal,1970801,Early neonatal deaths,12,0,BD,Bangladesh,2022,BD2022DHS,CM_PNMR_C_NEN,63236020,I,360001,1360010,Region,Barishal,0,,0,1,CMPNMRCNEN,BDDHS2022360001,2022,DHS,,,,,1.0
BGD,Barishal,1970802,Early neonatal deaths,12,0,BD,Bangladesh,2022,BD2022DHS,CM_PNMR_C_NEN,63236020,I,360001,1360010,Region,Barishal,0,,0,1,CMPNMRCNEN,BDDHS2022360001,2022,DHS,,,,,1.0
BGD,Chattogram/Sylhet,1970961,Early neonatal deaths,71,0,BD,Bangladesh,2022,BD2022DHS,CM_PNMR_C_NEN,63236020,I,360002,1360020,Region,Chattogram/Sylhet,0,,0,1,CMPNMRCNEN,BDDHS2022360002,2022,DHS,,,,,
BGD,Chattogram,1970902,Early neonatal deaths,54,0,BD,Bangladesh,2022,BD2022DHS,CM_PNMR_C_NEN,63236020,I,360003,1360030,Region,..Chattogram,0,,0,1,CMPNMRCNEN,BDDHS2022360003,2022,DHS,,,,,1.0
BGD,Chattogram,1970903,Early neonatal deaths,54,0,BD,Bangladesh,2022,BD2022DHS,CM_PNMR_C_NEN,63236020,I,360003,1360030,Region,..Chattogram,0,,0,1,CMPNMRCNEN,BDDHS2022360003,2022,DHS,,,,,1.0
BGD,Sylhet,6207790,Early neonatal deaths,18,0,BD,Bangladesh,2022,BD2022DHS,CM_PNMR_C_NEN,63236020,I,360004,1360040,Region,..Sylhet,0,,0,1,CMPNMRCNEN,BDDHS2022360004,2022,DHS,,,,,1.0
BGD,Sylhet,6207791,Early neonatal deaths,18,0,BD,Bangladesh,2022,BD2022DHS,CM_PNMR_C_NEN,63236020,I,360004,1360040,Region,..Sylhet,0,,0,1,CMPNMRCNEN,BDDHS2022360004,2022,DHS,,,,,1.0
BGD,Dhaka before 2015,1960057,Early neonatal deaths,69,0,BD,Bangladesh,2022,BD2022DHS,CM_PNMR_C_NEN,63236020,I,360005,1360050,Region,Dhaka before 2015,0,,0,1,CMPNMRCNEN,BDDHS2022360005,2022,DHS,,,,,
BGD,Dhaka,1986847,Early neonatal deaths,46,0,BD,Bangladesh,2022,BD2022DHS,CM_PNMR_C_NEN,63236020,I,360010,1360052,Region,..Dhaka,0,,0,1,CMPNMRCNEN,BDDHS2022360010,2022,DHS,,,,,1.0
BGD,Dhaka,1986848,Early neonatal deaths,46,0,BD,Bangladesh,2022,BD2022DHS,CM_PNMR_C_NEN,63236020,I,360010,1360052,Region,..Dhaka,0,,0,1,CMPNMRCNEN,BDDHS2022360010,2022,DHS,,,,,1.0
BGD,Mymensingh,1976822,Early neonatal deaths,23,0,BD,Bangladesh,2022,BD2022DHS,CM_PNMR_C_NEN,63236020,I,360011,1360055,Region,..Mymensingh,0,,0,1,CMPNMRCNEN,BDDHS2022360011,2022,DHS,,,,,1.0
BGD,Mymensingh,1976823,Early neonatal deaths,23,0,BD,Bangladesh,2022,BD2022DHS,CM_PNMR_C_NEN,63236020,I,360011,1360055,Region,..Mymensingh,0,,0,1,CMPNMRCNEN,BDDHS2022360011,2022,DHS,,,,,1.0
BGD,Khulna,1977941,Early neonatal deaths,21,0,BD,Bangladesh,2022,BD2022DHS,CM_PNMR_C_NEN,63236020,I,360006,1360060,Region,Khulna,0,,0,1,CMPNMRCNEN,BDDHS2022360006,2022,DHS,,,,,1.0
BGD,Khulna,1977942,Early neonatal deaths,21,0,BD,Bangladesh,2022,BD2022DHS,CM_PNMR_C_NEN,63236020,I,360006,1360060,Region,Khulna,0,,0,1,CMPNMRCNEN,BDDHS2022360006,2022,DHS,,,,,1.0
BGD,Rajshahi/Rangpur,1960047,Early neonatal deaths,64,0,BD,Bangladesh,2022,BD2022DHS,CM_PNMR_C_NEN,63236020,I,360007,1360070,Region,Rajshahi/Rangpur,0,,0,1,CMPNMRCNEN,BDDHS2022360007,2022,DHS,,,,,
BGD,Rangpur,1978152,Early neonatal deaths,41,0,BD,Bangladesh,2022,BD2022DHS,CM_PNMR_C_NEN,63236020,I,360008,1360080,Region,..Rangpur,0,,0,1,CMPNMRCNEN,BDDHS2022360008,2022,DHS,,,,,1.0
BGD,Rangpur,1978153,Early neonatal deaths,41,0,BD,Bangladesh,2022,BD2022DHS,CM_PNMR_C_NEN,63236020,I,360008,1360080,Region,..Rangpur,0,,0,1,CMPNMRCNEN,BDDHS2022360008,2022,DHS,,,,,1.0
BGD,Rajshahi,6693971,Early neonatal deaths,23,0,BD,Bangladesh,2022,BD2022DHS,CM_PNMR_C_NEN,63236020,I,360009,1360090,Region,..Rajshahi,0,,0,1,CMPNMRCNEN,BDDHS2022360009,2022,DHS,,,,,1.0
BGD,Rajshahi,6693972,Early neonatal deaths,23,0,BD,Bangladesh,2022,BD2022DHS,CM_PNMR_C_NEN,63236020,I,360009,1360090,Region,..Rajshahi,0,,0,1,CMPNMRCNEN,BDDHS2022360009,2022,DHS,,,,,1.0
BGD,Barishal,6795222,Perinatal mortality rate (5 years),35,0,BD,Bangladesh,2022,BD2022DHS,CM_PNMR_C_PMR,63236030,I,360001,1360010,Region,Barishal,0,,0,1,CMPNMRCPMR,BDDHS2022360001,2022,DHS,876.0,1511.0,,,1.0
BGD,Barishal,6795223,Perinatal mortality rate (5 years),35,0,BD,Bangladesh,2022,BD2022DHS,CM_PNMR_C_PMR,63236030,I,360001,1360010,Region,Barishal,0,,0,1,CMPNMRCPMR,BDDHS2022360001,2022,DHS,876.0,1511.0,,,1.0
BGD,Chattogram/Sylhet,5588653,Perinatal mortality rate (5 years),42,0,BD,Bangladesh,2022,BD2022DHS,CM_PNMR_C_PMR,63236030,I,360002,1360020,Region,Chattogram/Sylhet,0,,0,1,CMPNMRCPMR,BDDHS2022360002,2022,DHS,3863.0,3977.0,,,
BGD,Chattogram,516537,Perinatal mortality rate (5 years),41,0,BD,Bangladesh,2022,BD2022DHS,CM_PNMR_C_PMR,63236030,I,360003,1360030,Region,..Chattogram,0,,0,1,CMPNMRCPMR,BDDHS2022360003,2022,DHS,2915.0,2292.0,,,1.0
BGD,Chattogram,516538,Perinatal mortality rate (5 years),41,0,BD,Bangladesh,2022,BD2022DHS,CM_PNMR_C_PMR,63236030,I,360003,1360030,Region,..Chattogram,0,,0,1,CMPNMRCPMR,BDDHS2022360003,2022,DHS,2915.0,2292.0,,,1.0
BGD,Sylhet,1978036,Perinatal mortality rate (5 years),47,0,BD,Bangladesh,2022,BD2022DHS,CM_PNMR_C_PMR,63236030,I,360004,1360040,Region,..Sylhet,0,,0,1,CMPNMRCPMR,BDDHS2022360004,2022,DHS,947.0,1685.0,,,1.0
BGD,Sylhet,1978035,Perinatal mortality rate (5 years),47,0,BD,Bangladesh,2022,BD2022DHS,CM_PNMR_C_PMR,63236030,I,360004,1360040,Region,..Sylhet,0,,0,1,CMPNMRCPMR,BDDHS2022360004,2022,DHS,947.0,1685.0,,,1.0
BGD,Dhaka before 2015,75335,Perinatal mortality rate (5 years),35,0,BD,Bangladesh,2022,BD2022DHS,CM_PNMR_C_PMR,63236030,I,360005,1360050,Region,Dhaka before 2015,0,,0,1,CMPNMRCPMR,BDDHS2022360005,2022,DHS,4577.0,3671.0,,,
BGD,Dhaka,5035165,Perinatal mortality rate (5 years),30,0,BD,Bangladesh,2022,BD2022DHS,CM_PNMR_C_PMR,63236030,I,360010,1360052,Region,..Dhaka,0,,0,1,CMPNMRCPMR,BDDHS2022360010,2022,DHS,3418.0,2051.0,,,1.0
BGD,Dhaka,5035166,Perinatal mortality rate (5 years),30,0,BD,Bangladesh,2022,BD2022DHS,CM_PNMR_C_PMR,63236030,I,360010,1360052,Region,..Dhaka,0,,0,1,CMPNMRCPMR,BDDHS2022360010,2022,DHS,3418.0,2051.0,,,1.0
BGD,Mymensingh,1985065,Perinatal mortality rate (5 years),48,0,BD,Bangladesh,2022,BD2022DHS,CM_PNMR_C_PMR,63236030,I,360011,1360055,Region,..Mymensingh,0,,0,1,CMPNMRCPMR,BDDHS2022360011,2022,DHS,1159.0,1620.0,,,1.0
BGD,Mymensingh,1985066,Perinatal mortality rate (5 years),48,0,BD,Bangladesh,2022,BD2022DHS,CM_PNMR_C_PMR,63236030,I,360011,1360055,Region,..Mymensingh,0,,0,1,CMPNMRCPMR,BDDHS2022360011,2022,DHS,1159.0,1620.0,,,1.0
BGD,Khulna,1977993,Perinatal mortality rate (5 years),37,0,BD,Bangladesh,2022,BD2022DHS,CM_PNMR_C_PMR,63236030,I,360006,1360060,Region,Khulna,0,,0,1,CMPNMRCPMR,BDDHS2022360006,2022,DHS,1373.0,1494.0,,,1.0
BGD,Khulna,1977994,Perinatal mortality rate (5 years),37,0,BD,Bangladesh,2022,BD2022DHS,CM_PNMR_C_PMR,63236030,I,360006,1360060,Region,Khulna,0,,0,1,CMPNMRCPMR,BDDHS2022360006,2022,DHS,1373.0,1494.0,,,1.0
BGD,Rajshahi/Rangpur,6286842,Perinatal mortality rate (5 years),43,0,BD,Bangladesh,2022,BD2022DHS,CM_PNMR_C_PMR,63236030,I,360007,1360070,Region,Rajshahi/Rangpur,0,,0,1,CMPNMRCPMR,BDDHS2022360007,2022,DHS,2907.0,2904.0,,,
BGD,Rangpur,3945275,Perinatal mortality rate (5 years),46,0,BD,Bangladesh,2022,BD2022DHS,CM_PNMR_C_PMR,63236030,I,360008,1360080,Region,..Rangpur,0,,0,1,CMPNMRCPMR,BDDHS2022360008,2022,DHS,1493.0,1548.0,,,1.0
BGD,Rangpur,3945276,Perinatal mortality rate (5 years),46,0,BD,Bangladesh,2022,BD2022DHS,CM_PNMR_C_PMR,63236030,I,360008,1360080,Region,..Rangpur,0,,0,1,CMPNMRCPMR,BDDHS2022360008,2022,DHS,1493.0,1548.0,,,1.0
BGD,Rajshahi,6478743,Perinatal mortality rate (5 years),40,0,BD,Bangladesh,2022,BD2022DHS,CM_PNMR_C_PMR,63236030,I,360009,1360090,Region,..Rajshahi,0,,0,1,CMPNMRCPMR,BDDHS2022360009,2022,DHS,1414.0,1356.0,,,1.0
BGD,Rajshahi,6478744,Perinatal mortality rate (5 years),40,0,BD,Bangladesh,2022,BD2022DHS,CM_PNMR_C_PMR,63236030,I,360009,1360090,Region,..Rajshahi,0,,0,1,CMPNMRCPMR,BDDHS2022360009,2022,DHS,1414.0,1356.0,,,1.0
BGD,Barishal,6795224,Number of pregnancies of 7+ months duration,876,0,BD,Bangladesh,2022,BD2022DHS,CM_PNMR_C_NUM,63236040,D,360001,1360010,Region,Barishal,0,,0,1,CMPNMRCNUM,BDDHS2022360001,2022,DHS,,1511.0,,,1.0
BGD,Barishal,6795225,Number of pregnancies of 7+ months duration,876,0,BD,Bangladesh,2022,BD2022DHS,CM_PNMR_C_NUM,63236040,D,360001,1360010,Region,Barishal,0,,0,1,CMPNMRCNUM,BDDHS2022360001,2022,DHS,,1511.0,,,1.0
BGD,Chattogram/Sylhet,5649086,Number of pregnancies of 7+ months duration,3863,0,BD,Bangladesh,2022,BD2022DHS,CM_PNMR_C_NUM,63236040,D,360002,1360020,Region,Chattogram/Sylhet,0,,0,1,CMPNMRCNUM,BDDHS2022360002,2022,DHS,,3977.0,,,
BGD,Chattogram,1970908,Number of pregnancies of 7+ months duration,2915,0,BD,Bangladesh,2022,BD2022DHS,CM_PNMR_C_NUM,63236040,D,360003,1360030,Region,..Chattogram,0,,0,1,CMPNMRCNUM,BDDHS2022360003,2022,DHS,,2292.0,,,1.0
BGD,Chattogram,1970909,Number of pregnancies of 7+ months duration,2915,0,BD,Bangladesh,2022,BD2022DHS,CM_PNMR_C_NUM,63236040,D,360003,1360030,Region,..Chattogram,0,,0,1,CMPNMRCNUM,BDDHS2022360003,2022,DHS,,2292.0,,,1.0
BGD,Sylhet,732725,Number of pregnancies of 7+ months duration,947,0,BD,Bangladesh,2022,BD2022DHS,CM_PNMR_C_NUM,63236040,D,360004,1360040,Region,..Sylhet,0,,0,1,CMPNMRCNUM,BDDHS2022360004,2022,DHS,,1685.0,,,1.0
BGD,Sylhet,732724,Number of pregnancies of 7+ months duration,947,0,BD,Bangladesh,2022,BD2022DHS,CM_PNMR_C_NUM,63236040,D,360004,1360040,Region,..Sylhet,0,,0,1,CMPNMRCNUM,BDDHS2022360004,2022,DHS,,1685.0,,,1.0
BGD,Dhaka before 2015,1960061,Number of pregnancies of 7+ months duration,4577,0,BD,Bangladesh,2022,BD2022DHS,CM_PNMR_C_NUM,63236040,D,360005,1360050,Region,Dhaka before 2015,0,,0,1,CMPNMRCNUM,BDDHS2022360005,2022,DHS,,3671.0,,,
BGD,Dhaka,5146535,Number of pregnancies of 7+ months duration,3418,0,BD,Bangladesh,2022,BD2022DHS,CM_PNMR_C_NUM,63236040,D,360010,1360052,Region,..Dhaka,0,,0,1,CMPNMRCNUM,BDDHS2022360010,2022,DHS,,2051.0,,,1.0
BGD,Dhaka,5146536,Number of pregnancies of 7+ months duration,3418,0,BD,Bangladesh,2022,BD2022DHS,CM_PNMR_C_NUM,63236040,D,360010,1360052,Region,..Dhaka,0,,0,1,CMPNMRCNUM,BDDHS2022360010,2022,DHS,,2051.0,,,1.0
BGD,Mymensingh,1985063,Number of pregnancies of 7+ months duration,1159,0,BD,Bangladesh,2022,BD2022DHS,CM_PNMR_C_NUM,63236040,D,360011,1360055,Region,..Mymensingh,0,,0,1,CMPNMRCNUM,BDDHS2022360011,2022,DHS,,1620.0,,,1.0
BGD,Mymensingh,1985064,Number of pregnancies of 7+ months duration,1159,0,BD,Bangladesh,2022,BD2022DHS,CM_PNMR_C_NUM,63236040,D,360011,1360055,Region,..Mymensingh,0,,0,1,CMPNMRCNUM,BDDHS2022360011,2022,DHS,,1620.0,,,1.0
BGD,Khulna,1977995,Number of pregnancies of 7+ months duration,1373,0,BD,Bangladesh,2022,BD2022DHS,CM_PNMR_C_NUM,63236040,D,360006,1360060,Region,Khulna,0,,0,1,CMPNMRCNUM,BDDHS2022360006,2022,DHS,,1494.0,,,1.0
BGD,Khulna,1977996,Number of pregnancies of 7+ months duration,1373,0,BD,Bangladesh,2022,BD2022DHS,CM_PNMR_C_NUM,63236040,D,360006,1360060,Region,Khulna,0,,0,1,CMPNMRCNUM,BDDHS2022360006,2022,DHS,,1494.0,,,1.0
BGD,Rajshahi/Rangpur,6369870,Number of pregnancies of 7+ months duration,2907,0,BD,Bangladesh,2022,BD2022DHS,CM_PNMR_C_NUM,63236040,D,360007,1360070,Region,Rajshahi/Rangpur,0,,0,1,CMPNMRCNUM,BDDHS2022360007,2022,DHS,,2904.0,,,
BGD,Rangpur,4000396,Number of pregnancies of 7+ months duration,1493,0,BD,Bangladesh,2022,BD2022DHS,CM_PNMR_C_NUM,63236040,D,360008,1360080,Region,..Rangpur,0,,0,1,CMPNMRCNUM,BDDHS2022360008,2022,DHS,,1548.0,,,1.0
BGD,Rangpur,4000397,Number of pregnancies of 7+ months duration,1493,0,BD,Bangladesh,2022,BD2022DHS,CM_PNMR_C_NUM,63236040,D,360008,1360080,Region,..Rangpur,0,,0,1,CMPNMRCNUM,BDDHS2022360008,2022,DHS,,1548.0,,,1.0
BGD,Rajshahi,6525728,Number of pregnancies of 7+ months duration,1414,0,BD,Bangladesh,2022,BD2022DHS,CM_PNMR_C_NUM,63236040,D,360009,1360090,Region,..Rajshahi,0,,0,1,CMPNMRCNUM,BDDHS2022360009,2022,DHS,,1356.0,,,1.0
BGD,Rajshahi,6525729,Number of pregnancies of 7+ months duration,1414,0,BD,Bangladesh,2022,BD2022DHS,CM_PNMR_C_NUM,63236040,D,360009,1360090,Region,..Rajshahi,0,,0,1,CMPNMRCNUM,BDDHS2022360009,2022,DHS,,1356.0,,,1.0
BGD,Barishal,1970811,Number of pregnancies of 7+ months duration (unweighted),1511,0,BD,Bangladesh,2022,BD2022DHS,CM_PNMR_C_UNW,63236050,U,360001,1360010,Region,Barishal,0,,0,1,CMPNMRCUNW,BDDHS2022360001,2022,DHS,876.0,,,,1.0
BGD,Barishal,1970812,Number of pregnancies of 7+ months duration (unweighted),1511,0,BD,Bangladesh,2022,BD2022DHS,CM_PNMR_C_UNW,63236050,U,360001,1360010,Region,Barishal,0,,0,1,CMPNMRCUNW,BDDHS2022360001,2022,DHS,876.0,,,,1.0
BGD,Chattogram/Sylhet,578412,Number of pregnancies of 7+ months duration (unweighted),3977,0,BD,Bangladesh,2022,BD2022DHS,CM_PNMR_C_UNW,63236050,U,360002,1360020,Region,Chattogram/Sylhet,0,,0,1,CMPNMRCUNW,BDDHS2022360002,2022,DHS,3863.0,,,,
BGD,Chattogram,516535,Number of pregnancies of 7+ months duration (unweighted),2292,0,BD,Bangladesh,2022,BD2022DHS,CM_PNMR_C_UNW,63236050,U,360003,1360030,Region,..Chattogram,0,,0,1,CMPNMRCUNW,BDDHS2022360003,2022,DHS,2915.0,,,,1.0
BGD,Chattogram,516536,Number of pregnancies of 7+ months duration (unweighted),2292,0,BD,Bangladesh,2022,BD2022DHS,CM_PNMR_C_UNW,63236050,U,360003,1360030,Region,..Chattogram,0,,0,1,CMPNMRCUNW,BDDHS2022360003,2022,DHS,2915.0,,,,1.0
BGD,Sylhet,6321818,Number of pregnancies of 7+ months duration (unweighted),1685,0,BD,Bangladesh,2022,BD2022DHS,CM_PNMR_C_UNW,63236050,U,360004,1360040,Region,..Sylhet,0,,0,1,CMPNMRCUNW,BDDHS2022360004,2022,DHS,947.0,,,,1.0
BGD,Sylhet,6321819,Number of pregnancies of 7+ months duration (unweighted),1685,0,BD,Bangladesh,2022,BD2022DHS,CM_PNMR_C_UNW,63236050,U,360004,1360040,Region,..Sylhet,0,,0,1,CMPNMRCUNW,BDDHS2022360004,2022,DHS,947.0,,,,1.0
BGD,Dhaka before 2015,75313,Number of pregnancies of 7+ months duration (unweighted),3671,0,BD,Bangladesh,2022,BD2022DHS,CM_PNMR_C_UNW,63236050,U,360005,1360050,Region,Dhaka before 2015,0,,0,1,CMPNMRCUNW,BDDHS2022360005,2022,DHS,4577.0,,,,
BGD,Dhaka,853584,Number of pregnancies of 7+ months duration (unweighted),2051,0,BD,Bangladesh,2022,BD2022DHS,CM_PNMR_C_UNW,63236050,U,360010,1360052,Region,..Dhaka,0,,0,1,CMPNMRCUNW,BDDHS2022360010,2022,DHS,3418.0,,,,1.0
BGD,Dhaka,853585,Number of pregnancies of 7+ months duration (unweighted),2051,0,BD,Bangladesh,2022,BD2022DHS,CM_PNMR_C_UNW,63236050,U,360010,1360052,Region,..Dhaka,0,,0,1,CMPNMRCUNW,BDDHS2022360010,2022,DHS,3418.0,,,,1.0
BGD,Mymensingh,1985337,Number of pregnancies of 7+ months duration (unweighted),1620,0,BD,Bangladesh,2022,BD2022DHS,CM_PNMR_C_UNW,63236050,U,360011,1360055,Region,..Mymensingh,0,,0,1,CMPNMRCUNW,BDDHS2022360011,2022,DHS,1159.0,,,,1.0
BGD,Mymensingh,1985338,Number of pregnancies of 7+ months duration (unweighted),1620,0,BD,Bangladesh,2022,BD2022DHS,CM_PNMR_C_UNW,63236050,U,360011,1360055,Region,..Mymensingh,0,,0,1,CMPNMRCUNW,BDDHS2022360011,2022,DHS,1159.0,,,,1.0
BGD,Khulna,1978049,Number of pregnancies of 7+ months duration (unweighted),1494,0,BD,Bangladesh,2022,BD2022DHS,CM_PNMR_C_UNW,63236050,U,360006,1360060,Region,Khulna,0,,0,1,CMPNMRCUNW,BDDHS2022360006,2022,DHS,1373.0,,,,1.0
BGD,Khulna,1978048,Number of pregnancies of 7+ months duration (unweighted),1494,0,BD,Bangladesh,2022,BD2022DHS,CM_PNMR_C_UNW,63236050,U,360006,1360060,Region,Khulna,0,,0,1,CMPNMRCUNW,BDDHS2022360006,2022,DHS,1373.0,,,,1.0
BGD,Rajshahi/Rangpur,3334741,Number of pregnancies of 7+ months duration (unweighted),2904,0,BD,Bangladesh,2022,BD2022DHS,CM_PNMR_C_UNW,63236050,U,360007,1360070,Region,Rajshahi/Rangpur,0,,0,1,CMPNMRCUNW,BDDHS2022360007,2022,DHS,2907.0,,,,
BGD,Rangpur,2869171,Number of pregnancies of 7+ months duration (unweighted),1548,0,BD,Bangladesh,2022,BD2022DHS,CM_PNMR_C_UNW,63236050,U,360008,1360080,Region,..Rangpur,0,,0,1,CMPNMRCUNW,BDDHS2022360008,2022,DHS,1493.0,,,,1.0
BGD,Rangpur,2869172,Number of pregnancies of 7+ months duration (unweighted),1548,0,BD,Bangladesh,2022,BD2022DHS,CM_PNMR_C_UNW,63236050,U,360008,1360080,Region,..Rangpur,0,,0,1,CMPNMRCUNW,BDDHS2022360008,2022,DHS,1493.0,,,,1.0
BGD,Rajshahi,6666332,Number of pregnancies of 7+ months duration (unweighted),1356,0,BD,Bangladesh,2022,BD2022DHS,CM_PNMR_C_UNW,63236050,U,360009,1360090,Region,..Rajshahi,0,,0,1,CMPNMRCUNW,BDDHS2022360009,2022,DHS,1414.0,,,,1.0
BGD,Rajshahi,6666333,Number of pregnancies of 7+ months duration (unweighted),1356,0,BD,Bangladesh,2022,BD2022DHS,CM_PNMR_C_UNW,63236050,U,360009,1360090,Region,..Rajshahi,0,,0,1,CMPNMRCUNW,BDDHS2022360009,2022,DHS,1414.0,,,,1.0
