ISO3,Location,DataId,Indicator,Value,Precision,DHS_CountryCode,CountryName,SurveyYear,SurveyId,IndicatorId,IndicatorOrder,IndicatorType,CharacteristicId,CharacteristicOrder,CharacteristicCategory,CharacteristicLabel,ByVariableId,ByVariableLabel,IsTotal,IsPreferred,SDRID,RegionId,SurveyYearLabel,SurveyType,DenominatorWeighted,DenominatorUnweighted,CILow,CIHigh,LevelRank
BGD,Barishal,1816526,Total fertility rate 15-49,3.5,1,BD,Bangladesh,1994,BD1994DHS,FE_FRTR_W_TFR,11763080,I,360001,1360010,Region,Barishal,0,,0,1,FEFRTRWTFR,BDDHS1994360001,1993-94,DHS,,,,,1.0
BGD,Chattogram/Sylhet,1803477,Total fertility rate 15-49,3.9,1,BD,Bangladesh,1994,BD1994DHS,FE_FRTR_W_TFR,11763080,I,360002,1360020,Region,Chattogram/Sylhet,0,,0,1,FEFRTRWTFR,BDDHS1994360002,1993-94,DHS,,,,,1.0
BGD,Chattogram,1810078,Total fertility rate 15-49,3.9,1,BD,Bangladesh,1994,BD1994DHS,FE_FRTR_W_TFR,11763080,I,360003,1360030,Region,..Chattogram,0,,0,1,FEFRTRWTFR,BDDHS1994360003,1993-94,DHS,,,,,
BGD,Dhaka before 2015,1810059,Total fertility rate 15-49,3.4,1,BD,Bangladesh,1994,BD1994DHS,FE_FRTR_W_TFR,11763080,I,360005,1360050,Region,Dhaka before 2015,0,,0,1,FEFRTRWTFR,BDDHS1994360005,1993-94,DHS,,,,,1.0
BGD,Khulna,1810119,Total fertility rate 15-49,3.0,1,BD,Bangladesh,1994,BD1994DHS,FE_FRTR_W_TFR,11763080,I,360006,1360060,Region,Khulna,0,,0,1,FEFRTRWTFR,BDDHS1994360006,1993-94,DHS,,,,,1.0
BGD,Rajshahi/Rangpur,6399873,Total fertility rate 15-49,3.0,1,BD,Bangladesh,1994,BD1994DHS,FE_FRTR_W_TFR,11763080,I,360007,1360070,Region,Rajshahi/Rangpur,0,,0,1,FEFRTRWTFR,BDDHS1994360007,1993-94,DHS,,,,,1.0
BGD,Barishal,7234047,Married women currently using any method of contraception,48.0,1,BD,Bangladesh,1994,BD1994DHS,FP_CUSM_W_ANY,32633010,I,360001,1360010,Region,Barishal,0,,0,1,FPCUSMWANY,BDDHS1994360001,1993-94,DHS,561.0,931.0,,,1.0
BGD,Chattogram/Sylhet,803033,Married women currently using any method of contraception,29.5,1,BD,Bangladesh,1994,BD1994DHS,FP_CUSM_W_ANY,32633010,I,360002,1360020,Region,Chattogram/Sylhet,0,,0,1,FPCUSMWANY,BDDHS1994360002,1993-94,DHS,2313.0,1833.0,,,1.0
BGD,Chattogram,1558529,Married women currently using any method of contraception,29.5,1,BD,Bangladesh,1994,BD1994DHS,FP_CUSM_W_ANY,32633010,I,360003,1360030,Region,..Chattogram,0,,0,1,FPCUSMWANY,BDDHS1994360003,1993-94,DHS,2313.0,1833.0,,,
BGD,Dhaka before 2015,3644518,Married women currently using any method of contraception,44.7,1,BD,Bangladesh,1994,BD1994DHS,FP_CUSM_W_ANY,32633010,I,360005,1360050,Region,Dhaka before 2015,0,,0,1,FPCUSMWANY,BDDHS1994360005,1993-94,DHS,2701.0,2531.0,,,1.0
BGD,Khulna,6759241,Married women currently using any method of contraception,55.7,1,BD,Bangladesh,1994,BD1994DHS,FP_CUSM_W_ANY,32633010,I,360006,1360060,Region,Khulna,0,,0,1,FPCUSMWANY,BDDHS1994360006,1993-94,DHS,1132.0,1167.0,,,1.0
BGD,Rajshahi/Rangpur,2785935,Married women currently using any method of contraception,55.4,1,BD,Bangladesh,1994,BD1994DHS,FP_CUSM_W_ANY,32633010,I,360007,1360070,Region,Rajshahi/Rangpur,0,,0,1,FPCUSMWANY,BDDHS1994360007,1993-94,DHS,2133.0,2384.0,,,1.0
BGD,Barishal,7234048,Married women currently using any modern method of contraception,38.1,1,BD,Bangladesh,1994,BD1994DHS,FP_CUSM_W_MOD,32633020,I,360001,1360010,Region,Barishal,0,,0,1,FPCUSMWMOD,BDDHS1994360001,1993-94,DHS,561.0,931.0,,,1.0
BGD,Chattogram/Sylhet,803034,Married women currently using any modern method of contraception,23.6,1,BD,Bangladesh,1994,BD1994DHS,FP_CUSM_W_MOD,32633020,I,360002,1360020,Region,Chattogram/Sylhet,0,,0,1,FPCUSMWMOD,BDDHS1994360002,1993-94,DHS,2313.0,1833.0,,,1.0
BGD,Chattogram,1558530,Married women currently using any modern method of contraception,23.6,1,BD,Bangladesh,1994,BD1994DHS,FP_CUSM_W_MOD,32633020,I,360003,1360030,Region,..Chattogram,0,,0,1,FPCUSMWMOD,BDDHS1994360003,1993-94,DHS,2313.0,1833.0,,,
BGD,Dhaka before 2015,3644519,Married women currently using any modern method of contraception,36.9,1,BD,Bangladesh,1994,BD1994DHS,FP_CUSM_W_MOD,32633020,I,360005,1360050,Region,Dhaka before 2015,0,,0,1,FPCUSMWMOD,BDDHS1994360005,1993-94,DHS,2701.0,2531.0,,,1.0
BGD,Khulna,6759242,Married women currently using any modern method of contraception,43.2,1,BD,Bangladesh,1994,BD1994DHS,FP_CUSM_W_MOD,32633020,I,360006,1360060,Region,Khulna,0,,0,1,FPCUSMWMOD,BDDHS1994360006,1993-94,DHS,1132.0,1167.0,,,1.0
BGD,Rajshahi/Rangpur,2785936,Married women currently using any modern method of contraception,46.5,1,BD,Bangladesh,1994,BD1994DHS,FP_CUSM_W_MOD,32633020,I,360007,1360070,Region,Rajshahi/Rangpur,0,,0,1,FPCUSMWMOD,BDDHS1994360007,1993-94,DHS,2133.0,2384.0,,,1.0
BGD,Barishal,820902,Unmet need for family planning,21.3,1,BD,Bangladesh,1994,BD1994DHS,FP_NADM_W_UNT,32933030,I,360001,1360010,Region,Barishal,0,,0,1,FPNADMWUNT,BDDHS1994360001,1993-94,DHS,561.0,931.0,,,1.0
BGD,Chattogram/Sylhet,978926,Unmet need for family planning,30.0,1,BD,Bangladesh,1994,BD1994DHS,FP_NADM_W_UNT,32933030,I,360002,1360020,Region,Chattogram/Sylhet,0,,0,1,FPNADMWUNT,BDDHS1994360002,1993-94,DHS,2313.0,1833.0,,,1.0
BGD,Chattogram,6381146,Unmet need for family planning,30.0,1,BD,Bangladesh,1994,BD1994DHS,FP_NADM_W_UNT,32933030,I,360003,1360030,Region,..Chattogram,0,,0,1,FPNADMWUNT,BDDHS1994360003,1993-94,DHS,2313.0,1833.0,,,
BGD,Dhaka before 2015,2737447,Unmet need for family planning,20.6,1,BD,Bangladesh,1994,BD1994DHS,FP_NADM_W_UNT,32933030,I,360005,1360050,Region,Dhaka before 2015,0,,0,1,FPNADMWUNT,BDDHS1994360005,1993-94,DHS,2701.0,2531.0,,,1.0
BGD,Khulna,111907,Unmet need for family planning,15.8,1,BD,Bangladesh,1994,BD1994DHS,FP_NADM_W_UNT,32933030,I,360006,1360060,Region,Khulna,0,,0,1,FPNADMWUNT,BDDHS1994360006,1993-94,DHS,1132.0,1167.0,,,1.0
BGD,Rajshahi/Rangpur,3148755,Unmet need for family planning,16.9,1,BD,Bangladesh,1994,BD1994DHS,FP_NADM_W_UNT,32933030,I,360007,1360070,Region,Rajshahi/Rangpur,0,,0,1,FPNADMWUNT,BDDHS1994360007,1993-94,DHS,2133.0,2384.0,,,1.0
BGD,Barishal,1565682,Demand for family planning satisfied by modern methods,54.9,1,BD,Bangladesh,1994,BD1994DHS,FP_NADM_W_PDM,32933150,I,360001,1360010,Region,Barishal,0,,0,1,FPNADMWPDM,BDDHS1994360001,1993-94,DHS,389.0,647.0,,,1.0
BGD,Chattogram/Sylhet,4930755,Demand for family planning satisfied by modern methods,39.7,1,BD,Bangladesh,1994,BD1994DHS,FP_NADM_W_PDM,32933150,I,360002,1360020,Region,Chattogram/Sylhet,0,,0,1,FPNADMWPDM,BDDHS1994360002,1993-94,DHS,1376.0,1099.0,,,1.0
BGD,Chattogram,3256181,Demand for family planning satisfied by modern methods,39.7,1,BD,Bangladesh,1994,BD1994DHS,FP_NADM_W_PDM,32933150,I,360003,1360030,Region,..Chattogram,0,,0,1,FPNADMWPDM,BDDHS1994360003,1993-94,DHS,1376.0,1099.0,,,
BGD,Dhaka before 2015,6123057,Demand for family planning satisfied by modern methods,56.4,1,BD,Bangladesh,1994,BD1994DHS,FP_NADM_W_PDM,32933150,I,360005,1360050,Region,Dhaka before 2015,0,,0,1,FPNADMWPDM,BDDHS1994360005,1993-94,DHS,1764.0,1652.0,,,1.0
BGD,Khulna,4056592,Demand for family planning satisfied by modern methods,60.4,1,BD,Bangladesh,1994,BD1994DHS,FP_NADM_W_PDM,32933150,I,360006,1360060,Region,Khulna,0,,0,1,FPNADMWPDM,BDDHS1994360006,1993-94,DHS,810.0,833.0,,,1.0
BGD,Rajshahi/Rangpur,7031735,Demand for family planning satisfied by modern methods,64.4,1,BD,Bangladesh,1994,BD1994DHS,FP_NADM_W_PDM,32933150,I,360007,1360070,Region,Rajshahi/Rangpur,0,,0,1,FPNADMWPDM,BDDHS1994360007,1993-94,DHS,1541.0,1724.0,,,1.0
BGD,Barishal,1428956,Median age at first marriage [Women]: 25-49,14.1,1,BD,Bangladesh,1994,BD1994DHS,MA_AAFM_W_M2B,41633090,I,360001,1360010,Region,Barishal,0,,0,1,MAAAFMWM2B,BDDHS1994360001,1993-94,DHS,,,,,1.0
BGD,Chattogram/Sylhet,1411880,Median age at first marriage [Women]: 25-49,14.7,1,BD,Bangladesh,1994,BD1994DHS,MA_AAFM_W_M2B,41633090,I,360002,1360020,Region,Chattogram/Sylhet,0,,0,1,MAAAFMWM2B,BDDHS1994360002,1993-94,DHS,,,,,1.0
BGD,Chattogram,1404607,Median age at first marriage [Women]: 25-49,14.7,1,BD,Bangladesh,1994,BD1994DHS,MA_AAFM_W_M2B,41633090,I,360003,1360030,Region,..Chattogram,0,,0,1,MAAAFMWM2B,BDDHS1994360003,1993-94,DHS,,,,,
BGD,Dhaka before 2015,1404580,Median age at first marriage [Women]: 25-49,14.0,1,BD,Bangladesh,1994,BD1994DHS,MA_AAFM_W_M2B,41633090,I,360005,1360050,Region,Dhaka before 2015,0,,0,1,MAAAFMWM2B,BDDHS1994360005,1993-94,DHS,,,,,1.0
BGD,Khulna,1404602,Median age at first marriage [Women]: 25-49,13.7,1,BD,Bangladesh,1994,BD1994DHS,MA_AAFM_W_M2B,41633090,I,360006,1360060,Region,Khulna,0,,0,1,MAAAFMWM2B,BDDHS1994360006,1993-94,DHS,,,,,1.0
BGD,Rajshahi/Rangpur,6399185,Median age at first marriage [Women]: 25-49,13.8,1,BD,Bangladesh,1994,BD1994DHS,MA_AAFM_W_M2B,41633090,I,360007,1360070,Region,Rajshahi/Rangpur,0,,0,1,MAAAFMWM2B,BDDHS1994360007,1993-94,DHS,,,,,1.0
BGD,Barishal,7817013,Infant mortality rate,102.0,0,BD,Bangladesh,1994,BD1994DHS,CM_ECMR_C_IMR,63206030,I,360001,1360010,Region,Barishal,14003,Ten years preceding the survey,0,1,CMECMRCIMR,BDDHS1994360001,1993-94,DHS,,,84.0,120.0,1.0
BGD,Chattogram/Sylhet,7942693,Infant mortality rate,103.0,0,BD,Bangladesh,1994,BD1994DHS,CM_ECMR_C_IMR,63206030,I,360002,1360020,Region,Chattogram/Sylhet,14003,Ten years preceding the survey,0,1,CMECMRCIMR,BDDHS1994360002,1993-94,DHS,,,90.0,116.0,1.0
BGD,Chattogram,1734599,Infant mortality rate,103.0,0,BD,Bangladesh,1994,BD1994DHS,CM_ECMR_C_IMR,63206030,I,360003,1360030,Region,..Chattogram,14003,Ten years preceding the survey,0,1,CMECMRCIMR,BDDHS1994360003,1993-94,DHS,,,90.0,116.0,
BGD,Dhaka before 2015,1734557,Infant mortality rate,105.0,0,BD,Bangladesh,1994,BD1994DHS,CM_ECMR_C_IMR,63206030,I,360005,1360050,Region,Dhaka before 2015,14003,Ten years preceding the survey,0,1,CMECMRCIMR,BDDHS1994360005,1993-94,DHS,,,94.0,116.0,1.0
BGD,Khulna,7756784,Infant mortality rate,90.0,0,BD,Bangladesh,1994,BD1994DHS,CM_ECMR_C_IMR,63206030,I,360006,1360060,Region,Khulna,14003,Ten years preceding the survey,0,1,CMECMRCIMR,BDDHS1994360006,1993-94,DHS,,,76.0,105.0,1.0
BGD,Rajshahi/Rangpur,1728566,Infant mortality rate,95.0,0,BD,Bangladesh,1994,BD1994DHS,CM_ECMR_C_IMR,63206030,I,360007,1360070,Region,Rajshahi/Rangpur,14003,Ten years preceding the survey,0,1,CMECMRCIMR,BDDHS1994360007,1993-94,DHS,,,81.0,109.0,1.0
BGD,Barishal,7471097,Under-five mortality rate,147.0,0,BD,Bangladesh,1994,BD1994DHS,CM_ECMR_C_U5M,63206050,I,360001,1360010,Region,Barishal,14003,Ten years preceding the survey,0,1,CMECMRCU5M,BDDHS1994360001,1993-94,DHS,,,126.0,167.0,1.0
BGD,Chattogram/Sylhet,7807483,Under-five mortality rate,167.0,0,BD,Bangladesh,1994,BD1994DHS,CM_ECMR_C_U5M,63206050,I,360002,1360020,Region,Chattogram/Sylhet,14003,Ten years preceding the survey,0,1,CMECMRCU5M,BDDHS1994360002,1993-94,DHS,,,149.0,186.0,1.0
BGD,Chattogram,7926541,Under-five mortality rate,167.0,0,BD,Bangladesh,1994,BD1994DHS,CM_ECMR_C_U5M,63206050,I,360003,1360030,Region,..Chattogram,14003,Ten years preceding the survey,0,1,CMECMRCU5M,BDDHS1994360003,1993-94,DHS,,,149.0,186.0,
BGD,Dhaka before 2015,7924325,Under-five mortality rate,157.0,0,BD,Bangladesh,1994,BD1994DHS,CM_ECMR_C_U5M,63206050,I,360005,1360050,Region,Dhaka before 2015,14003,Ten years preceding the survey,0,1,CMECMRCU5M,BDDHS1994360005,1993-94,DHS,,,142.0,172.0,1.0
BGD,Khulna,1734649,Under-five mortality rate,113.0,0,BD,Bangladesh,1994,BD1994DHS,CM_ECMR_C_U5M,63206050,I,360006,1360060,Region,Khulna,14003,Ten years preceding the survey,0,1,CMECMRCU5M,BDDHS1994360006,1993-94,DHS,,,96.0,130.0,1.0
BGD,Rajshahi/Rangpur,7741958,Under-five mortality rate,135.0,0,BD,Bangladesh,1994,BD1994DHS,CM_ECMR_C_U5M,63206050,I,360007,1360070,Region,Rajshahi/Rangpur,14003,Ten years preceding the survey,0,1,CMECMRCU5M,BDDHS1994360007,1993-94,DHS,,,117.0,153.0,1.0
BGD,Barishal,1317329,Place of delivery: Health facility,1.5,1,BD,Bangladesh,1994,BD1994DHS,RH_DELP_C_DHF,83566070,I,360001,1360010,Region,Barishal,14000,Three years preceding the survey,0,0,RHDELPCDHF,BDDHS1994360001,1993-94,DHS,253.0,412.0,,,1.0
BGD,Barishal,2621578,Place of delivery: Health facility,1.1,1,BD,Bangladesh,1994,BD1994DHS,RH_DELP_C_DHF,83566070,I,360001,1360010,Region,Barishal,14002,Two years preceding the survey,0,1,RHDELPCDHF,BDDHS1994360001,1993-94,DHS,171.0,279.0,,,1.0
BGD,Chattogram/Sylhet,6990817,Place of delivery: Health facility,2.1,1,BD,Bangladesh,1994,BD1994DHS,RH_DELP_C_DHF,83566070,I,360002,1360020,Region,Chattogram/Sylhet,14000,Three years preceding the survey,0,0,RHDELPCDHF,BDDHS1994360002,1993-94,DHS,1190.0,942.0,,,1.0
BGD,Chattogram/Sylhet,4812708,Place of delivery: Health facility,2.3,1,BD,Bangladesh,1994,BD1994DHS,RH_DELP_C_DHF,83566070,I,360002,1360020,Region,Chattogram/Sylhet,14002,Two years preceding the survey,0,1,RHDELPCDHF,BDDHS1994360002,1993-94,DHS,803.0,637.0,,,1.0
BGD,Chattogram,3895458,Place of delivery: Health facility,2.1,1,BD,Bangladesh,1994,BD1994DHS,RH_DELP_C_DHF,83566070,I,360003,1360030,Region,..Chattogram,14000,Three years preceding the survey,0,0,RHDELPCDHF,BDDHS1994360003,1993-94,DHS,1190.0,942.0,,,
BGD,Chattogram,7308354,Place of delivery: Health facility,2.3,1,BD,Bangladesh,1994,BD1994DHS,RH_DELP_C_DHF,83566070,I,360003,1360030,Region,..Chattogram,14002,Two years preceding the survey,0,1,RHDELPCDHF,BDDHS1994360003,1993-94,DHS,803.0,637.0,,,
BGD,Dhaka before 2015,6544008,Place of delivery: Health facility,5.7,1,BD,Bangladesh,1994,BD1994DHS,RH_DELP_C_DHF,83566070,I,360005,1360050,Region,Dhaka before 2015,14000,Three years preceding the survey,0,0,RHDELPCDHF,BDDHS1994360005,1993-94,DHS,1196.0,1119.0,,,1.0
BGD,Dhaka before 2015,1303016,Place of delivery: Health facility,4.7,1,BD,Bangladesh,1994,BD1994DHS,RH_DELP_C_DHF,83566070,I,360005,1360050,Region,Dhaka before 2015,14002,Two years preceding the survey,0,1,RHDELPCDHF,BDDHS1994360005,1993-94,DHS,790.0,741.0,,,1.0
BGD,Khulna,7793805,Place of delivery: Health facility,4.6,1,BD,Bangladesh,1994,BD1994DHS,RH_DELP_C_DHF,83566070,I,360006,1360060,Region,Khulna,14000,Three years preceding the survey,0,0,RHDELPCDHF,BDDHS1994360006,1993-94,DHS,428.0,435.0,,,1.0
BGD,Khulna,4990771,Place of delivery: Health facility,5.1,1,BD,Bangladesh,1994,BD1994DHS,RH_DELP_C_DHF,83566070,I,360006,1360060,Region,Khulna,14002,Two years preceding the survey,0,1,RHDELPCDHF,BDDHS1994360006,1993-94,DHS,268.0,273.0,,,1.0
BGD,Rajshahi/Rangpur,455555,Place of delivery: Health facility,2.3,1,BD,Bangladesh,1994,BD1994DHS,RH_DELP_C_DHF,83566070,I,360007,1360070,Region,Rajshahi/Rangpur,14000,Three years preceding the survey,0,0,RHDELPCDHF,BDDHS1994360007,1993-94,DHS,849.0,957.0,,,1.0
BGD,Rajshahi/Rangpur,4116146,Place of delivery: Health facility,2.5,1,BD,Bangladesh,1994,BD1994DHS,RH_DELP_C_DHF,83566070,I,360007,1360070,Region,Rajshahi/Rangpur,14002,Two years preceding the survey,0,1,RHDELPCDHF,BDDHS1994360007,1993-94,DHS,523.0,588.0,,,1.0
BGD,Barishal,5168445,Fully vaccinated (8 basic antigens),73.2,1,BD,Bangladesh,1994,BD1994DHS,CH_VACC_C_BAS,93906230,I,360001,1360010,Region,Barishal,0,,0,1,CHVACCCBAS,BDDHS1994360001,1993-94,DHS,80.0,131.0,,,1.0
BGD,Chattogram/Sylhet,3129287,Fully vaccinated (8 basic antigens),53.7,1,BD,Bangladesh,1994,BD1994DHS,CH_VACC_C_BAS,93906230,I,360002,1360020,Region,Chattogram/Sylhet,0,,0,1,CHVACCCBAS,BDDHS1994360002,1993-94,DHS,385.0,303.0,,,1.0
BGD,Chattogram,6550401,Fully vaccinated (8 basic antigens),53.7,1,BD,Bangladesh,1994,BD1994DHS,CH_VACC_C_BAS,93906230,I,360003,1360030,Region,..Chattogram,0,,0,1,CHVACCCBAS,BDDHS1994360003,1993-94,DHS,385.0,303.0,,,
BGD,Dhaka before 2015,7280504,Fully vaccinated (8 basic antigens),49.4,1,BD,Bangladesh,1994,BD1994DHS,CH_VACC_C_BAS,93906230,I,360005,1360050,Region,Dhaka before 2015,0,,0,1,CHVACCCBAS,BDDHS1994360005,1993-94,DHS,348.0,323.0,,,1.0
BGD,Khulna,5356696,Fully vaccinated (8 basic antigens),80.7,1,BD,Bangladesh,1994,BD1994DHS,CH_VACC_C_BAS,93906230,I,360006,1360060,Region,Khulna,0,,0,1,CHVACCCBAS,BDDHS1994360006,1993-94,DHS,128.0,130.0,,,1.0
BGD,Rajshahi/Rangpur,3734044,Fully vaccinated (8 basic antigens),65.0,1,BD,Bangladesh,1994,BD1994DHS,CH_VACC_C_BAS,93906230,I,360007,1360070,Region,Rajshahi/Rangpur,0,,0,1,CHVACCCBAS,BDDHS1994360007,1993-94,DHS,230.0,258.0,,,1.0
BGD,Barishal,4151253,Treatment of diarrhea: Either ORS or RHF,63.9,1,BD,Bangladesh,1994,BD1994DHS,CH_DIAT_C_ORT,94096040,I,360001,1360010,Region,Barishal,14000,Three years preceding the survey,0,0,CHDIATCORT,BDDHS1994360001,1993-94,DHS,36.0,61.0,,,1.0
BGD,Chattogram/Sylhet,4928363,Treatment of diarrhea: Either ORS or RHF,55.3,1,BD,Bangladesh,1994,BD1994DHS,CH_DIAT_C_ORT,94096040,I,360002,1360020,Region,Chattogram/Sylhet,14000,Three years preceding the survey,0,0,CHDIATCORT,BDDHS1994360002,1993-94,DHS,151.0,118.0,,,1.0
BGD,Chattogram,5151299,Treatment of diarrhea: Either ORS or RHF,55.3,1,BD,Bangladesh,1994,BD1994DHS,CH_DIAT_C_ORT,94096040,I,360003,1360030,Region,..Chattogram,14000,Three years preceding the survey,0,0,CHDIATCORT,BDDHS1994360003,1993-94,DHS,151.0,118.0,,,
BGD,Dhaka before 2015,6574162,Treatment of diarrhea: Either ORS or RHF,58.6,1,BD,Bangladesh,1994,BD1994DHS,CH_DIAT_C_ORT,94096040,I,360005,1360050,Region,Dhaka before 2015,14000,Three years preceding the survey,0,0,CHDIATCORT,BDDHS1994360005,1993-94,DHS,102.0,96.0,,,1.0
BGD,Khulna,7797486,Treatment of diarrhea: Either ORS or RHF,42.6,1,BD,Bangladesh,1994,BD1994DHS,CH_DIAT_C_ORT,94096040,I,360006,1360060,Region,Khulna,14000,Three years preceding the survey,0,0,CHDIATCORT,BDDHS1994360006,1993-94,DHS,57.0,57.0,,,1.0
BGD,Rajshahi/Rangpur,6397266,Treatment of diarrhea: Either ORS or RHF,70.3,1,BD,Bangladesh,1994,BD1994DHS,CH_DIAT_C_ORT,94096040,I,360007,1360070,Region,Rajshahi/Rangpur,14000,Three years preceding the survey,0,0,CHDIATCORT,BDDHS1994360007,1993-94,DHS,97.0,110.0,,,1.0
BGD,Barishal,1404953,Median duration of exclusive breastfeeding,1.6,1,BD,Bangladesh,1994,BD1994DHS,CN_BFDR_C_MDE,104336020,I,360001,1360010,Region,Barishal,0,,0,1,CNBFDRCMDE,BDDHS1994360001,1993-94,DHS,,,,,1.0
BGD,Chattogram/Sylhet,1379931,Median duration of exclusive breastfeeding,1.9,1,BD,Bangladesh,1994,BD1994DHS,CN_BFDR_C_MDE,104336020,I,360002,1360020,Region,Chattogram/Sylhet,0,,0,1,CNBFDRCMDE,BDDHS1994360002,1993-94,DHS,,,,,1.0
BGD,Chattogram,1397114,Median duration of exclusive breastfeeding,1.9,1,BD,Bangladesh,1994,BD1994DHS,CN_BFDR_C_MDE,104336020,I,360003,1360030,Region,..Chattogram,0,,0,1,CNBFDRCMDE,BDDHS1994360003,1993-94,DHS,,,,,
BGD,Dhaka before 2015,1397110,Median duration of exclusive breastfeeding,1.1,1,BD,Bangladesh,1994,BD1994DHS,CN_BFDR_C_MDE,104336020,I,360005,1360050,Region,Dhaka before 2015,0,,0,1,CNBFDRCMDE,BDDHS1994360005,1993-94,DHS,,,,,1.0
BGD,Khulna,1397096,Median duration of exclusive breastfeeding,1.6,1,BD,Bangladesh,1994,BD1994DHS,CN_BFDR_C_MDE,104336020,I,360006,1360060,Region,Khulna,0,,0,1,CNBFDRCMDE,BDDHS1994360006,1993-94,DHS,,,,,1.0
BGD,Rajshahi/Rangpur,6399134,Median duration of exclusive breastfeeding,2.2,1,BD,Bangladesh,1994,BD1994DHS,CN_BFDR_C_MDE,104336020,I,360007,1360070,Region,Rajshahi/Rangpur,0,,0,1,CNBFDRCMDE,BDDHS1994360007,1993-94,DHS,,,,,1.0
BGD,Barishal,43615,Women with secondary or higher education,19.7,1,BD,Bangladesh,1994,BD1994DHS,ED_EDUC_W_SEH,231203100,I,360001,1360010,Region,Barishal,0,,0,1,EDEDUCWSEH,BDDHS1994360001,1993-94,DHS,600.0,995.0,,,1.0
BGD,Chattogram/Sylhet,4872986,Women with secondary or higher education,14.9,1,BD,Bangladesh,1994,BD1994DHS,ED_EDUC_W_SEH,231203100,I,360002,1360020,Region,Chattogram/Sylhet,0,,0,1,EDEDUCWSEH,BDDHS1994360002,1993-94,DHS,2503.0,1983.0,,,1.0
BGD,Chattogram,414575,Women with secondary or higher education,14.9,1,BD,Bangladesh,1994,BD1994DHS,ED_EDUC_W_SEH,231203100,I,360003,1360030,Region,..Chattogram,0,,0,1,EDEDUCWSEH,BDDHS1994360003,1993-94,DHS,2503.0,1983.0,,,
BGD,Dhaka before 2015,6008309,Women with secondary or higher education,16.5,1,BD,Bangladesh,1994,BD1994DHS,ED_EDUC_W_SEH,231203100,I,360005,1360050,Region,Dhaka before 2015,0,,0,1,EDEDUCWSEH,BDDHS1994360005,1993-94,DHS,2907.0,2722.0,,,1.0
BGD,Khulna,6239016,Women with secondary or higher education,16.3,1,BD,Bangladesh,1994,BD1994DHS,ED_EDUC_W_SEH,231203100,I,360006,1360060,Region,Khulna,0,,0,1,EDEDUCWSEH,BDDHS1994360006,1993-94,DHS,1203.0,1242.0,,,1.0
BGD,Rajshahi/Rangpur,3509758,Women with secondary or higher education,11.3,1,BD,Bangladesh,1994,BD1994DHS,ED_EDUC_W_SEH,231203100,I,360007,1360070,Region,Rajshahi/Rangpur,0,,0,1,EDEDUCWSEH,BDDHS1994360007,1993-94,DHS,2281.0,2551.0,,,1.0
BGD,Barishal,487107,Households with electricity,10.2,1,BD,Bangladesh,1994,BD1994DHS,HC_ELEC_H_ELC,260321010,I,360001,1360010,Region,Barishal,0,,0,1,HCELECHELC,BDDHS1994360001,1993-94,DHS,603.0,991.0,,,1.0
BGD,Chattogram/Sylhet,3865106,Households with electricity,21.0,1,BD,Bangladesh,1994,BD1994DHS,HC_ELEC_H_ELC,260321010,I,360002,1360020,Region,Chattogram/Sylhet,0,,0,1,HCELECHELC,BDDHS1994360002,1993-94,DHS,2370.0,1864.0,,,1.0
BGD,Chattogram,246672,Households with electricity,21.0,1,BD,Bangladesh,1994,BD1994DHS,HC_ELEC_H_ELC,260321010,I,360003,1360030,Region,..Chattogram,0,,0,1,HCELECHELC,BDDHS1994360003,1993-94,DHS,2370.0,1864.0,,,
BGD,Dhaka before 2015,4466735,Households with electricity,24.0,1,BD,Bangladesh,1994,BD1994DHS,HC_ELEC_H_ELC,260321010,I,360005,1360050,Region,Dhaka before 2015,0,,0,1,HCELECHELC,BDDHS1994360005,1993-94,DHS,2867.0,2690.0,,,1.0
BGD,Khulna,4029142,Households with electricity,15.9,1,BD,Bangladesh,1994,BD1994DHS,HC_ELEC_H_ELC,260321010,I,360006,1360060,Region,Khulna,0,,0,1,HCELECHELC,BDDHS1994360006,1993-94,DHS,1087.0,1118.0,,,1.0
BGD,Rajshahi/Rangpur,6510813,Households with electricity,9.2,1,BD,Bangladesh,1994,BD1994DHS,HC_ELEC_H_ELC,260321010,I,360007,1360070,Region,Rajshahi/Rangpur,0,,0,1,HCELECHELC,BDDHS1994360007,1993-94,DHS,2248.0,2511.0,,,1.0
BGD,Barishal,1796481,Total fertility rate 15-49,3.3,1,BD,Bangladesh,1997,BD1997DHS,FE_FRTR_W_TFR,11763080,I,360001,1360010,Region,Barishal,0,,0,1,FEFRTRWTFR,BDDHS1997360001,1996-97,DHS,,,,,1.0
BGD,Chattogram/Sylhet,2666357,Total fertility rate 15-49,4.1,1,BD,Bangladesh,1997,BD1997DHS,FE_FRTR_W_TFR,11763080,I,360002,1360020,Region,Chattogram/Sylhet,0,,0,1,FEFRTRWTFR,BDDHS1997360002,1996-97,DHS,,,,,
BGD,Chattogram,1816643,Total fertility rate 15-49,4.1,1,BD,Bangladesh,1997,BD1997DHS,FE_FRTR_W_TFR,11763080,I,360003,1360030,Region,..Chattogram,0,,0,1,FEFRTRWTFR,BDDHS1997360003,1996-97,DHS,,,,,1.0
BGD,Sylhet,1816639,Total fertility rate 15-49,4.2,1,BD,Bangladesh,1997,BD1997DHS,FE_FRTR_W_TFR,11763080,I,360004,1360040,Region,..Sylhet,0,,0,1,FEFRTRWTFR,BDDHS1997360004,1996-97,DHS,,,,,1.0
BGD,Dhaka before 2015,1816653,Total fertility rate 15-49,3.2,1,BD,Bangladesh,1997,BD1997DHS,FE_FRTR_W_TFR,11763080,I,360005,1360050,Region,Dhaka before 2015,0,,0,1,FEFRTRWTFR,BDDHS1997360005,1996-97,DHS,,,,,1.0
BGD,Khulna,1796417,Total fertility rate 15-49,2.5,1,BD,Bangladesh,1997,BD1997DHS,FE_FRTR_W_TFR,11763080,I,360006,1360060,Region,Khulna,0,,0,1,FEFRTRWTFR,BDDHS1997360006,1996-97,DHS,,,,,1.0
BGD,Rajshahi/Rangpur,1810357,Total fertility rate 15-49,2.8,1,BD,Bangladesh,1997,BD1997DHS,FE_FRTR_W_TFR,11763080,I,360007,1360070,Region,Rajshahi/Rangpur,0,,0,1,FEFRTRWTFR,BDDHS1997360007,1996-97,DHS,,,,,1.0
BGD,Barishal,5808198,Married women currently using any method of contraception,49.9,1,BD,Bangladesh,1997,BD1997DHS,FP_CUSM_W_ANY,32633010,I,360001,1360010,Region,Barishal,0,,0,1,FPCUSMWANY,BDDHS1997360001,1996-97,DHS,550.0,864.0,,,1.0
BGD,Chattogram/Sylhet,1565954,Married women currently using any method of contraception,33.9,1,BD,Bangladesh,1997,BD1997DHS,FP_CUSM_W_ANY,32633010,I,360002,1360020,Region,Chattogram/Sylhet,0,,0,1,FPCUSMWANY,BDDHS1997360002,1996-97,DHS,2139.0,2056.0,,,
BGD,Chattogram,7319874,Married women currently using any method of contraception,37.6,1,BD,Bangladesh,1997,BD1997DHS,FP_CUSM_W_ANY,32633010,I,360003,1360030,Region,..Chattogram,0,,0,1,FPCUSMWANY,BDDHS1997360003,1996-97,DHS,1686.0,1248.0,,,1.0
BGD,Sylhet,2858754,Married women currently using any method of contraception,20.2,1,BD,Bangladesh,1997,BD1997DHS,FP_CUSM_W_ANY,32633010,I,360004,1360040,Region,..Sylhet,0,,0,1,FPCUSMWANY,BDDHS1997360004,1996-97,DHS,453.0,808.0,,,1.0
BGD,Dhaka before 2015,390924,Married women currently using any method of contraception,50.5,1,BD,Bangladesh,1997,BD1997DHS,FP_CUSM_W_ANY,32633010,I,360005,1360050,Region,Dhaka before 2015,0,,0,1,FPCUSMWANY,BDDHS1997360005,1996-97,DHS,2606.0,2290.0,,,1.0
BGD,Khulna,3682062,Married women currently using any method of contraception,62.5,1,BD,Bangladesh,1997,BD1997DHS,FP_CUSM_W_ANY,32633010,I,360006,1360060,Region,Khulna,0,,0,1,FPCUSMWANY,BDDHS1997360006,1996-97,DHS,1005.0,985.0,,,1.0
BGD,Rajshahi/Rangpur,5465021,Married women currently using any method of contraception,59.5,1,BD,Bangladesh,1997,BD1997DHS,FP_CUSM_W_ANY,32633010,I,360007,1360070,Region,Rajshahi/Rangpur,0,,0,1,FPCUSMWANY,BDDHS1997360007,1996-97,DHS,2006.0,2111.0,,,1.0
BGD,Barishal,5808199,Married women currently using any modern method of contraception,41.6,1,BD,Bangladesh,1997,BD1997DHS,FP_CUSM_W_MOD,32633020,I,360001,1360010,Region,Barishal,0,,0,1,FPCUSMWMOD,BDDHS1997360001,1996-97,DHS,550.0,864.0,,,1.0
BGD,Chattogram/Sylhet,1565955,Married women currently using any modern method of contraception,27.9,1,BD,Bangladesh,1997,BD1997DHS,FP_CUSM_W_MOD,32633020,I,360002,1360020,Region,Chattogram/Sylhet,0,,0,1,FPCUSMWMOD,BDDHS1997360002,1996-97,DHS,2139.0,2056.0,,,
BGD,Chattogram,7319875,Married women currently using any modern method of contraception,31.1,1,BD,Bangladesh,1997,BD1997DHS,FP_CUSM_W_MOD,32633020,I,360003,1360030,Region,..Chattogram,0,,0,1,FPCUSMWMOD,BDDHS1997360003,1996-97,DHS,1686.0,1248.0,,,1.0
BGD,Sylhet,2858755,Married women currently using any modern method of contraception,16.2,1,BD,Bangladesh,1997,BD1997DHS,FP_CUSM_W_MOD,32633020,I,360004,1360040,Region,..Sylhet,0,,0,1,FPCUSMWMOD,BDDHS1997360004,1996-97,DHS,453.0,808.0,,,1.0
BGD,Dhaka before 2015,390903,Married women currently using any modern method of contraception,42.7,1,BD,Bangladesh,1997,BD1997DHS,FP_CUSM_W_MOD,32633020,I,360005,1360050,Region,Dhaka before 2015,0,,0,1,FPCUSMWMOD,BDDHS1997360005,1996-97,DHS,2606.0,2290.0,,,1.0
BGD,Khulna,3682063,Married women currently using any modern method of contraception,51.7,1,BD,Bangladesh,1997,BD1997DHS,FP_CUSM_W_MOD,32633020,I,360006,1360060,Region,Khulna,0,,0,1,FPCUSMWMOD,BDDHS1997360006,1996-97,DHS,1005.0,985.0,,,1.0
BGD,Rajshahi/Rangpur,5465022,Married women currently using any modern method of contraception,51.9,1,BD,Bangladesh,1997,BD1997DHS,FP_CUSM_W_MOD,32633020,I,360007,1360070,Region,Rajshahi/Rangpur,0,,0,1,FPCUSMWMOD,BDDHS1997360007,1996-97,DHS,2006.0,2111.0,,,1.0
BGD,Barishal,3966508,Unmet need for family planning,21.5,1,BD,Bangladesh,1997,BD1997DHS,FP_NADM_W_UNT,32933030,I,360001,1360010,Region,Barishal,0,,0,1,FPNADMWUNT,BDDHS1997360001,1996-97,DHS,550.0,864.0,,,1.0
BGD,Chattogram/Sylhet,466738,Unmet need for family planning,26.9,1,BD,Bangladesh,1997,BD1997DHS,FP_NADM_W_UNT,32933030,I,360002,1360020,Region,Chattogram/Sylhet,0,,0,1,FPNADMWUNT,BDDHS1997360002,1996-97,DHS,2139.0,2056.0,,,
BGD,Chattogram,3875782,Unmet need for family planning,26.9,1,BD,Bangladesh,1997,BD1997DHS,FP_NADM_W_UNT,32933030,I,360003,1360030,Region,..Chattogram,0,,0,1,FPNADMWUNT,BDDHS1997360003,1996-97,DHS,1686.0,1248.0,,,1.0
BGD,Sylhet,4319075,Unmet need for family planning,27.0,1,BD,Bangladesh,1997,BD1997DHS,FP_NADM_W_UNT,32933030,I,360004,1360040,Region,..Sylhet,0,,0,1,FPNADMWUNT,BDDHS1997360004,1996-97,DHS,453.0,808.0,,,1.0
BGD,Dhaka before 2015,6693019,Unmet need for family planning,19.7,1,BD,Bangladesh,1997,BD1997DHS,FP_NADM_W_UNT,32933030,I,360005,1360050,Region,Dhaka before 2015,0,,0,1,FPNADMWUNT,BDDHS1997360005,1996-97,DHS,2606.0,2290.0,,,1.0
BGD,Khulna,4452848,Unmet need for family planning,12.8,1,BD,Bangladesh,1997,BD1997DHS,FP_NADM_W_UNT,32933030,I,360006,1360060,Region,Khulna,0,,0,1,FPNADMWUNT,BDDHS1997360006,1996-97,DHS,1005.0,985.0,,,1.0
BGD,Rajshahi/Rangpur,413395,Unmet need for family planning,14.8,1,BD,Bangladesh,1997,BD1997DHS,FP_NADM_W_UNT,32933030,I,360007,1360070,Region,Rajshahi/Rangpur,0,,0,1,FPNADMWUNT,BDDHS1997360007,1996-97,DHS,2006.0,2111.0,,,1.0
BGD,Barishal,540016,Demand for family planning satisfied by modern methods,58.2,1,BD,Bangladesh,1997,BD1997DHS,FP_NADM_W_PDM,32933150,I,360001,1360010,Region,Barishal,0,,0,1,FPNADMWPDM,BDDHS1997360001,1996-97,DHS,393.0,618.0,,,1.0
BGD,Chattogram/Sylhet,1566076,Demand for family planning satisfied by modern methods,45.9,1,BD,Bangladesh,1997,BD1997DHS,FP_NADM_W_PDM,32933150,I,360002,1360020,Region,Chattogram/Sylhet,0,,0,1,FPNADMWPDM,BDDHS1997360002,1996-97,DHS,1301.0,1201.0,,,
BGD,Chattogram,6866426,Demand for family planning satisfied by modern methods,48.2,1,BD,Bangladesh,1997,BD1997DHS,FP_NADM_W_PDM,32933150,I,360003,1360030,Region,..Chattogram,0,,0,1,FPNADMWPDM,BDDHS1997360003,1996-97,DHS,1087.0,813.0,,,1.0
BGD,Sylhet,4704712,Demand for family planning satisfied by modern methods,34.2,1,BD,Bangladesh,1997,BD1997DHS,FP_NADM_W_PDM,32933150,I,360004,1360040,Region,..Sylhet,0,,0,1,FPNADMWPDM,BDDHS1997360004,1996-97,DHS,214.0,388.0,,,1.0
BGD,Dhaka before 2015,5885356,Demand for family planning satisfied by modern methods,60.8,1,BD,Bangladesh,1997,BD1997DHS,FP_NADM_W_PDM,32933150,I,360005,1360050,Region,Dhaka before 2015,0,,0,1,FPNADMWPDM,BDDHS1997360005,1996-97,DHS,1829.0,1611.0,,,1.0
BGD,Khulna,543652,Demand for family planning satisfied by modern methods,68.6,1,BD,Bangladesh,1997,BD1997DHS,FP_NADM_W_PDM,32933150,I,360006,1360060,Region,Khulna,0,,0,1,FPNADMWPDM,BDDHS1997360006,1996-97,DHS,757.0,742.0,,,1.0
BGD,Rajshahi/Rangpur,1559068,Demand for family planning satisfied by modern methods,69.8,1,BD,Bangladesh,1997,BD1997DHS,FP_NADM_W_PDM,32933150,I,360007,1360070,Region,Rajshahi/Rangpur,0,,0,1,FPNADMWPDM,BDDHS1997360007,1996-97,DHS,1493.0,1568.0,,,1.0
BGD,Barishal,1420989,Median age at first marriage [Women]: 25-49,14.6,1,BD,Bangladesh,1997,BD1997DHS,MA_AAFM_W_M2B,41633090,I,360001,1360010,Region,Barishal,0,,0,1,MAAAFMWM2B,BDDHS1997360001,1996-97,DHS,,,,,1.0
BGD,Chattogram/Sylhet,2693555,Median age at first marriage [Women]: 25-49,14.7,1,BD,Bangladesh,1997,BD1997DHS,MA_AAFM_W_M2B,41633090,I,360002,1360020,Region,Chattogram/Sylhet,0,,0,1,MAAAFMWM2B,BDDHS1997360002,1996-97,DHS,,,,,
BGD,Chattogram,1429116,Median age at first marriage [Women]: 25-49,14.5,1,BD,Bangladesh,1997,BD1997DHS,MA_AAFM_W_M2B,41633090,I,360003,1360030,Region,..Chattogram,0,,0,1,MAAAFMWM2B,BDDHS1997360003,1996-97,DHS,,,,,1.0
BGD,Sylhet,1429096,Median age at first marriage [Women]: 25-49,15.1,1,BD,Bangladesh,1997,BD1997DHS,MA_AAFM_W_M2B,41633090,I,360004,1360040,Region,..Sylhet,0,,0,1,MAAAFMWM2B,BDDHS1997360004,1996-97,DHS,,,,,1.0
BGD,Dhaka before 2015,1429121,Median age at first marriage [Women]: 25-49,13.7,1,BD,Bangladesh,1997,BD1997DHS,MA_AAFM_W_M2B,41633090,I,360005,1360050,Region,Dhaka before 2015,0,,0,1,MAAAFMWM2B,BDDHS1997360005,1996-97,DHS,,,,,1.0
BGD,Khulna,1420971,Median age at first marriage [Women]: 25-49,13.7,1,BD,Bangladesh,1997,BD1997DHS,MA_AAFM_W_M2B,41633090,I,360006,1360060,Region,Khulna,0,,0,1,MAAAFMWM2B,BDDHS1997360006,1996-97,DHS,,,,,1.0
BGD,Rajshahi/Rangpur,1404734,Median age at first marriage [Women]: 25-49,13.5,1,BD,Bangladesh,1997,BD1997DHS,MA_AAFM_W_M2B,41633090,I,360007,1360070,Region,Rajshahi/Rangpur,0,,0,1,MAAAFMWM2B,BDDHS1997360007,1996-97,DHS,,,,,1.0
BGD,Barishal,7583550,Infant mortality rate,86.0,0,BD,Bangladesh,1997,BD1997DHS,CM_ECMR_C_IMR,63206030,I,360001,1360010,Region,Barishal,14003,Ten years preceding the survey,0,1,CMECMRCIMR,BDDHS1997360001,1996-97,DHS,,,72.0,101.0,1.0
BGD,Chattogram/Sylhet,7745485,Infant mortality rate,90.0,0,BD,Bangladesh,1997,BD1997DHS,CM_ECMR_C_IMR,63206030,I,360002,1360020,Region,Chattogram/Sylhet,14003,Ten years preceding the survey,0,1,CMECMRCIMR,BDDHS1997360002,1996-97,DHS,,,78.0,102.0,
BGD,Chattogram,7523807,Infant mortality rate,77.0,0,BD,Bangladesh,1997,BD1997DHS,CM_ECMR_C_IMR,63206030,I,360003,1360030,Region,..Chattogram,14003,Ten years preceding the survey,0,1,CMECMRCIMR,BDDHS1997360003,1996-97,DHS,,,65.0,89.0,1.0
BGD,Sylhet,878206,Infant mortality rate,138.0,0,BD,Bangladesh,1997,BD1997DHS,CM_ECMR_C_IMR,63206030,I,360004,1360040,Region,..Sylhet,14003,Ten years preceding the survey,0,1,CMECMRCIMR,BDDHS1997360004,1996-97,DHS,,,114.0,162.0,1.0
BGD,Dhaka before 2015,7611104,Infant mortality rate,91.0,0,BD,Bangladesh,1997,BD1997DHS,CM_ECMR_C_IMR,63206030,I,360005,1360050,Region,Dhaka before 2015,14003,Ten years preceding the survey,0,1,CMECMRCIMR,BDDHS1997360005,1996-97,DHS,,,80.0,102.0,1.0
BGD,Khulna,7850291,Infant mortality rate,75.0,0,BD,Bangladesh,1997,BD1997DHS,CM_ECMR_C_IMR,63206030,I,360006,1360060,Region,Khulna,14003,Ten years preceding the survey,0,1,CMECMRCIMR,BDDHS1997360006,1996-97,DHS,,,61.0,90.0,1.0
BGD,Rajshahi/Rangpur,7864688,Infant mortality rate,94.0,0,BD,Bangladesh,1997,BD1997DHS,CM_ECMR_C_IMR,63206030,I,360007,1360070,Region,Rajshahi/Rangpur,14003,Ten years preceding the survey,0,1,CMECMRCIMR,BDDHS1997360007,1996-97,DHS,,,82.0,107.0,1.0
BGD,Barishal,7742229,Under-five mortality rate,120.0,0,BD,Bangladesh,1997,BD1997DHS,CM_ECMR_C_U5M,63206050,I,360001,1360010,Region,Barishal,14003,Ten years preceding the survey,0,1,CMECMRCU5M,BDDHS1997360001,1996-97,DHS,,,105.0,134.0,1.0
BGD,Chattogram/Sylhet,7975609,Under-five mortality rate,142.0,0,BD,Bangladesh,1997,BD1997DHS,CM_ECMR_C_U5M,63206050,I,360002,1360020,Region,Chattogram/Sylhet,14003,Ten years preceding the survey,0,1,CMECMRCU5M,BDDHS1997360002,1996-97,DHS,,,126.0,158.0,
BGD,Chattogram,7885657,Under-five mortality rate,131.0,0,BD,Bangladesh,1997,BD1997DHS,CM_ECMR_C_U5M,63206050,I,360003,1360030,Region,..Chattogram,14003,Ten years preceding the survey,0,1,CMECMRCU5M,BDDHS1997360003,1996-97,DHS,,,112.0,150.0,1.0
BGD,Sylhet,1739794,Under-five mortality rate,179.0,0,BD,Bangladesh,1997,BD1997DHS,CM_ECMR_C_U5M,63206050,I,360004,1360040,Region,..Sylhet,14003,Ten years preceding the survey,0,1,CMECMRCU5M,BDDHS1997360004,1996-97,DHS,,,152.0,206.0,1.0
BGD,Dhaka before 2015,7746144,Under-five mortality rate,131.0,0,BD,Bangladesh,1997,BD1997DHS,CM_ECMR_C_U5M,63206050,I,360005,1360050,Region,Dhaka before 2015,14003,Ten years preceding the survey,0,1,CMECMRCU5M,BDDHS1997360005,1996-97,DHS,,,117.0,144.0,1.0
BGD,Khulna,7585170,Under-five mortality rate,87.0,0,BD,Bangladesh,1997,BD1997DHS,CM_ECMR_C_U5M,63206050,I,360006,1360060,Region,Khulna,14003,Ten years preceding the survey,0,1,CMECMRCU5M,BDDHS1997360006,1996-97,DHS,,,73.0,101.0,1.0
BGD,Rajshahi/Rangpur,7447557,Under-five mortality rate,126.0,0,BD,Bangladesh,1997,BD1997DHS,CM_ECMR_C_U5M,63206050,I,360007,1360070,Region,Rajshahi/Rangpur,14003,Ten years preceding the survey,0,1,CMECMRCU5M,BDDHS1997360007,1996-97,DHS,,,111.0,141.0,1.0
BGD,Barishal,7209529,Place of delivery: Health facility,4.0,1,BD,Bangladesh,1997,BD1997DHS,RH_DELP_C_DHF,83566070,I,360001,1360010,Region,Barishal,14000,Three years preceding the survey,0,0,RHDELPCDHF,BDDHS1997360001,1996-97,DHS,239.0,374.0,,,1.0
BGD,Barishal,5568655,Place of delivery: Health facility,3.6,1,BD,Bangladesh,1997,BD1997DHS,RH_DELP_C_DHF,83566070,I,360001,1360010,Region,Barishal,14001,Five years preceding the survey,0,0,RHDELPCDHF,BDDHS1997360001,1996-97,DHS,407.0,639.0,,,1.0
BGD,Barishal,1311177,Place of delivery: Health facility,4.1,1,BD,Bangladesh,1997,BD1997DHS,RH_DELP_C_DHF,83566070,I,360001,1360010,Region,Barishal,14002,Two years preceding the survey,0,1,RHDELPCDHF,BDDHS1997360001,1996-97,DHS,162.0,251.0,,,1.0
BGD,Chattogram/Sylhet,1317695,Place of delivery: Health facility,2.6,1,BD,Bangladesh,1997,BD1997DHS,RH_DELP_C_DHF,83566070,I,360002,1360020,Region,Chattogram/Sylhet,14000,Three years preceding the survey,0,0,RHDELPCDHF,BDDHS1997360002,1996-97,DHS,1169.0,1117.0,,,
BGD,Chattogram/Sylhet,7726740,Place of delivery: Health facility,2.4,1,BD,Bangladesh,1997,BD1997DHS,RH_DELP_C_DHF,83566070,I,360002,1360020,Region,Chattogram/Sylhet,14001,Five years preceding the survey,0,0,RHDELPCDHF,BDDHS1997360002,1996-97,DHS,1971.0,1887.0,,,
BGD,Chattogram/Sylhet,7597270,Place of delivery: Health facility,3.1,1,BD,Bangladesh,1997,BD1997DHS,RH_DELP_C_DHF,83566070,I,360002,1360020,Region,Chattogram/Sylhet,14002,Two years preceding the survey,0,1,RHDELPCDHF,BDDHS1997360002,1996-97,DHS,797.0,763.0,,,
BGD,Chattogram,5054521,Place of delivery: Health facility,2.6,1,BD,Bangladesh,1997,BD1997DHS,RH_DELP_C_DHF,83566070,I,360003,1360030,Region,..Chattogram,14000,Three years preceding the survey,0,0,RHDELPCDHF,BDDHS1997360003,1996-97,DHS,915.0,666.0,,,1.0
BGD,Chattogram,5406341,Place of delivery: Health facility,2.5,1,BD,Bangladesh,1997,BD1997DHS,RH_DELP_C_DHF,83566070,I,360003,1360030,Region,..Chattogram,14001,Five years preceding the survey,0,0,RHDELPCDHF,BDDHS1997360003,1996-97,DHS,1538.0,1120.0,,,1.0
BGD,Chattogram,3331358,Place of delivery: Health facility,3.1,1,BD,Bangladesh,1997,BD1997DHS,RH_DELP_C_DHF,83566070,I,360003,1360030,Region,..Chattogram,14002,Two years preceding the survey,0,1,RHDELPCDHF,BDDHS1997360003,1996-97,DHS,621.0,452.0,,,1.0
BGD,Sylhet,2749020,Place of delivery: Health facility,2.6,1,BD,Bangladesh,1997,BD1997DHS,RH_DELP_C_DHF,83566070,I,360004,1360040,Region,..Sylhet,14000,Three years preceding the survey,0,0,RHDELPCDHF,BDDHS1997360004,1996-97,DHS,254.0,451.0,,,1.0
BGD,Sylhet,3512862,Place of delivery: Health facility,2.0,1,BD,Bangladesh,1997,BD1997DHS,RH_DELP_C_DHF,83566070,I,360004,1360040,Region,..Sylhet,14001,Five years preceding the survey,0,0,RHDELPCDHF,BDDHS1997360004,1996-97,DHS,433.0,767.0,,,1.0
BGD,Sylhet,3017064,Place of delivery: Health facility,3.2,1,BD,Bangladesh,1997,BD1997DHS,RH_DELP_C_DHF,83566070,I,360004,1360040,Region,..Sylhet,14002,Two years preceding the survey,0,1,RHDELPCDHF,BDDHS1997360004,1996-97,DHS,176.0,311.0,,,1.0
BGD,Dhaka before 2015,5046049,Place of delivery: Health facility,7.3,1,BD,Bangladesh,1997,BD1997DHS,RH_DELP_C_DHF,83566070,I,360005,1360050,Region,Dhaka before 2015,14000,Three years preceding the survey,0,0,RHDELPCDHF,BDDHS1997360005,1996-97,DHS,1126.0,985.0,,,1.0
BGD,Dhaka before 2015,1317705,Place of delivery: Health facility,6.5,1,BD,Bangladesh,1997,BD1997DHS,RH_DELP_C_DHF,83566070,I,360005,1360050,Region,Dhaka before 2015,14001,Five years preceding the survey,0,0,RHDELPCDHF,BDDHS1997360005,1996-97,DHS,1893.0,1658.0,,,1.0
BGD,Dhaka before 2015,5968051,Place of delivery: Health facility,7.3,1,BD,Bangladesh,1997,BD1997DHS,RH_DELP_C_DHF,83566070,I,360005,1360050,Region,Dhaka before 2015,14002,Two years preceding the survey,0,1,RHDELPCDHF,BDDHS1997360005,1996-97,DHS,702.0,614.0,,,1.0
BGD,Khulna,7713091,Place of delivery: Health facility,6.6,1,BD,Bangladesh,1997,BD1997DHS,RH_DELP_C_DHF,83566070,I,360006,1360060,Region,Khulna,14000,Three years preceding the survey,0,0,RHDELPCDHF,BDDHS1997360006,1996-97,DHS,344.0,334.0,,,1.0
BGD,Khulna,4628886,Place of delivery: Health facility,6.2,1,BD,Bangladesh,1997,BD1997DHS,RH_DELP_C_DHF,83566070,I,360006,1360060,Region,Khulna,14001,Five years preceding the survey,0,0,RHDELPCDHF,BDDHS1997360006,1996-97,DHS,612.0,593.0,,,1.0
BGD,Khulna,4714307,Place of delivery: Health facility,7.0,1,BD,Bangladesh,1997,BD1997DHS,RH_DELP_C_DHF,83566070,I,360006,1360060,Region,Khulna,14002,Two years preceding the survey,0,1,RHDELPCDHF,BDDHS1997360006,1996-97,DHS,231.0,223.0,,,1.0
BGD,Rajshahi/Rangpur,3031375,Place of delivery: Health facility,3.3,1,BD,Bangladesh,1997,BD1997DHS,RH_DELP_C_DHF,83566070,I,360007,1360070,Region,Rajshahi/Rangpur,14000,Three years preceding the survey,0,0,RHDELPCDHF,BDDHS1997360007,1996-97,DHS,766.0,805.0,,,1.0
BGD,Rajshahi/Rangpur,1303469,Place of delivery: Health facility,2.4,1,BD,Bangladesh,1997,BD1997DHS,RH_DELP_C_DHF,83566070,I,360007,1360070,Region,Rajshahi/Rangpur,14001,Five years preceding the survey,0,0,RHDELPCDHF,BDDHS1997360007,1996-97,DHS,1326.0,1390.0,,,1.0
BGD,Rajshahi/Rangpur,5074358,Place of delivery: Health facility,3.8,1,BD,Bangladesh,1997,BD1997DHS,RH_DELP_C_DHF,83566070,I,360007,1360070,Region,Rajshahi/Rangpur,14002,Two years preceding the survey,0,1,RHDELPCDHF,BDDHS1997360007,1996-97,DHS,513.0,541.0,,,1.0
BGD,Barishal,2641311,Fully vaccinated (8 basic antigens),62.4,1,BD,Bangladesh,1997,BD1997DHS,CH_VACC_C_BAS,93906230,I,360001,1360010,Region,Barishal,0,,0,1,CHVACCCBAS,BDDHS1997360001,1996-97,DHS,75.0,115.0,,,1.0
BGD,Chattogram/Sylhet,524573,Fully vaccinated (8 basic antigens),49.0,1,BD,Bangladesh,1997,BD1997DHS,CH_VACC_C_BAS,93906230,I,360002,1360020,Region,Chattogram/Sylhet,0,,0,1,CHVACCCBAS,BDDHS1997360002,1996-97,DHS,332.0,321.0,,,
BGD,Chattogram,2078745,Fully vaccinated (8 basic antigens),51.3,1,BD,Bangladesh,1997,BD1997DHS,CH_VACC_C_BAS,93906230,I,360003,1360030,Region,..Chattogram,0,,0,1,CHVACCCBAS,BDDHS1997360003,1996-97,DHS,256.0,186.0,,,1.0
BGD,Sylhet,7102964,Fully vaccinated (8 basic antigens),41.5,1,BD,Bangladesh,1997,BD1997DHS,CH_VACC_C_BAS,93906230,I,360004,1360040,Region,..Sylhet,0,,0,1,CHVACCCBAS,BDDHS1997360004,1996-97,DHS,75.0,135.0,,,1.0
BGD,Dhaka before 2015,5687324,Fully vaccinated (8 basic antigens),49.3,1,BD,Bangladesh,1997,BD1997DHS,CH_VACC_C_BAS,93906230,I,360005,1360050,Region,Dhaka before 2015,0,,0,1,CHVACCCBAS,BDDHS1997360005,1996-97,DHS,316.0,275.0,,,1.0
BGD,Khulna,2079119,Fully vaccinated (8 basic antigens),68.3,1,BD,Bangladesh,1997,BD1997DHS,CH_VACC_C_BAS,93906230,I,360006,1360060,Region,Khulna,0,,0,1,CHVACCCBAS,BDDHS1997360006,1996-97,DHS,122.0,117.0,,,1.0
BGD,Rajshahi/Rangpur,3500156,Fully vaccinated (8 basic antigens),58.0,1,BD,Bangladesh,1997,BD1997DHS,CH_VACC_C_BAS,93906230,I,360007,1360070,Region,Rajshahi/Rangpur,0,,0,1,CHVACCCBAS,BDDHS1997360007,1996-97,DHS,235.0,249.0,,,1.0
BGD,Chattogram/Sylhet,5968615,Treatment of diarrhea: Either ORS or RHF,61.3,1,BD,Bangladesh,1997,BD1997DHS,CH_DIAT_C_ORT,94096040,I,360002,1360020,Region,Chattogram/Sylhet,14000,Three years preceding the survey,0,0,CHDIATCORT,BDDHS1997360002,1996-97,DHS,113.0,101.0,,,
BGD,Chattogram/Sylhet,7726775,Treatment of diarrhea: Either ORS or RHF,62.7,1,BD,Bangladesh,1997,BD1997DHS,CH_DIAT_C_ORT,94096040,I,360002,1360020,Region,Chattogram/Sylhet,14001,Five years preceding the survey,0,1,CHDIATCORT,BDDHS1997360002,1996-97,DHS,149.0,138.0,,,
BGD,Chattogram,4790128,Treatment of diarrhea: Either ORS or RHF,62.9,1,BD,Bangladesh,1997,BD1997DHS,CH_DIAT_C_ORT,94096040,I,360003,1360030,Region,..Chattogram,14000,Three years preceding the survey,0,0,CHDIATCORT,BDDHS1997360003,1996-97,DHS,93.0,66.0,,,1.0
BGD,Chattogram,5687313,Treatment of diarrhea: Either ORS or RHF,65.1,1,BD,Bangladesh,1997,BD1997DHS,CH_DIAT_C_ORT,94096040,I,360003,1360030,Region,..Chattogram,14001,Five years preceding the survey,0,1,CHDIATCORT,BDDHS1997360003,1996-97,DHS,120.0,86.0,,,1.0
BGD,Sylhet,524605,Treatment of diarrhea: Either ORS or RHF,53.5,1,BD,Bangladesh,1997,BD1997DHS,CH_DIAT_C_ORT,94096040,I,360004,1360040,Region,..Sylhet,14000,Three years preceding the survey,0,0,CHDIATCORT,BDDHS1997360004,1996-97,DHS,20.0,35.0,,,1.0
BGD,Sylhet,4235278,Treatment of diarrhea: Either ORS or RHF,52.7,1,BD,Bangladesh,1997,BD1997DHS,CH_DIAT_C_ORT,94096040,I,360004,1360040,Region,..Sylhet,14001,Five years preceding the survey,0,1,CHDIATCORT,BDDHS1997360004,1996-97,DHS,29.0,52.0,,,1.0
BGD,Dhaka before 2015,2720760,Treatment of diarrhea: Either ORS or RHF,54.9,1,BD,Bangladesh,1997,BD1997DHS,CH_DIAT_C_ORT,94096040,I,360005,1360050,Region,Dhaka before 2015,14000,Three years preceding the survey,0,0,CHDIATCORT,BDDHS1997360005,1996-97,DHS,90.0,81.0,,,1.0
BGD,Dhaka before 2015,3531362,Treatment of diarrhea: Either ORS or RHF,54.9,1,BD,Bangladesh,1997,BD1997DHS,CH_DIAT_C_ORT,94096040,I,360005,1360050,Region,Dhaka before 2015,14001,Five years preceding the survey,0,1,CHDIATCORT,BDDHS1997360005,1996-97,DHS,133.0,117.0,,,1.0
BGD,Khulna,7714853,Treatment of diarrhea: Either ORS or RHF,78.1,1,BD,Bangladesh,1997,BD1997DHS,CH_DIAT_C_ORT,94096040,I,360006,1360060,Region,Khulna,14000,Three years preceding the survey,0,0,CHDIATCORT,BDDHS1997360006,1996-97,DHS,37.0,34.0,,,1.0
BGD,Khulna,3677968,Treatment of diarrhea: Either ORS or RHF,67.8,1,BD,Bangladesh,1997,BD1997DHS,CH_DIAT_C_ORT,94096040,I,360006,1360060,Region,Khulna,14001,Five years preceding the survey,0,1,CHDIATCORT,BDDHS1997360006,1996-97,DHS,49.0,46.0,,,1.0
BGD,Rajshahi/Rangpur,5816405,Treatment of diarrhea: Either ORS or RHF,65.3,1,BD,Bangladesh,1997,BD1997DHS,CH_DIAT_C_ORT,94096040,I,360007,1360070,Region,Rajshahi/Rangpur,14000,Three years preceding the survey,0,0,CHDIATCORT,BDDHS1997360007,1996-97,DHS,65.0,67.0,,,1.0
BGD,Rajshahi/Rangpur,6873369,Treatment of diarrhea: Either ORS or RHF,62.3,1,BD,Bangladesh,1997,BD1997DHS,CH_DIAT_C_ORT,94096040,I,360007,1360070,Region,Rajshahi/Rangpur,14001,Five years preceding the survey,0,1,CHDIATCORT,BDDHS1997360007,1996-97,DHS,84.0,87.0,,,1.0
BGD,Barishal,5998970,Children stunted,67.0,1,BD,Bangladesh,1997,BD1997DHS,CN_NUTS_C_HA2,104236020,I,360001,1360010,Region,Barishal,0,,0,1,CNNUTSCHA2,BDDHS1997360001,1996-97,DHS,311.0,487.0,,,1.0
BGD,Chattogram/Sylhet,7114750,Children stunted,61.0,1,BD,Bangladesh,1997,BD1997DHS,CN_NUTS_C_HA2,104236020,I,360002,1360020,Region,Chattogram/Sylhet,0,,0,1,CNNUTSCHA2,BDDHS1997360002,1996-97,DHS,1470.0,1385.0,,,
BGD,Chattogram,1404956,Children stunted,59.9,1,BD,Bangladesh,1997,BD1997DHS,CN_NUTS_C_HA2,104236020,I,360003,1360030,Region,..Chattogram,0,,0,1,CNNUTSCHA2,BDDHS1997360003,1996-97,DHS,1170.0,852.0,,,1.0
BGD,Sylhet,5007404,Children stunted,65.3,1,BD,Bangladesh,1997,BD1997DHS,CN_NUTS_C_HA2,104236020,I,360004,1360040,Region,..Sylhet,0,,0,1,CNNUTSCHA2,BDDHS1997360004,1996-97,DHS,300.0,533.0,,,1.0
BGD,Dhaka before 2015,44994,Children stunted,60.8,1,BD,Bangladesh,1997,BD1997DHS,CN_NUTS_C_HA2,104236020,I,360005,1360050,Region,Dhaka before 2015,0,,0,1,CNNUTSCHA2,BDDHS1997360005,1996-97,DHS,1482.0,1297.0,,,1.0
BGD,Khulna,7351880,Children stunted,53.7,1,BD,Bangladesh,1997,BD1997DHS,CN_NUTS_C_HA2,104236020,I,360006,1360060,Region,Khulna,0,,0,1,CNNUTSCHA2,BDDHS1997360006,1996-97,DHS,477.0,464.0,,,1.0
BGD,Rajshahi/Rangpur,4159602,Children stunted,58.5,1,BD,Bangladesh,1997,BD1997DHS,CN_NUTS_C_HA2,104236020,I,360007,1360070,Region,Rajshahi/Rangpur,0,,0,1,CNNUTSCHA2,BDDHS1997360007,1996-97,DHS,1008.0,1059.0,,,1.0
BGD,Barishal,3093513,Children wasted,16.8,1,BD,Bangladesh,1997,BD1997DHS,CN_NUTS_C_WH2,104236050,I,360001,1360010,Region,Barishal,0,,0,1,CNNUTSCWH2,BDDHS1997360001,1996-97,DHS,311.0,487.0,,,1.0
BGD,Chattogram/Sylhet,7214452,Children wasted,24.2,1,BD,Bangladesh,1997,BD1997DHS,CN_NUTS_C_WH2,104236050,I,360002,1360020,Region,Chattogram/Sylhet,0,,0,1,CNNUTSCWH2,BDDHS1997360002,1996-97,DHS,1470.0,1385.0,,,
BGD,Chattogram,5460623,Children wasted,24.7,1,BD,Bangladesh,1997,BD1997DHS,CN_NUTS_C_WH2,104236050,I,360003,1360030,Region,..Chattogram,0,,0,1,CNNUTSCWH2,BDDHS1997360003,1996-97,DHS,1170.0,852.0,,,1.0
BGD,Sylhet,2694253,Children wasted,22.4,1,BD,Bangladesh,1997,BD1997DHS,CN_NUTS_C_WH2,104236050,I,360004,1360040,Region,..Sylhet,0,,0,1,CNNUTSCWH2,BDDHS1997360004,1996-97,DHS,300.0,533.0,,,1.0
BGD,Dhaka before 2015,2612874,Children wasted,18.3,1,BD,Bangladesh,1997,BD1997DHS,CN_NUTS_C_WH2,104236050,I,360005,1360050,Region,Dhaka before 2015,0,,0,1,CNNUTSCWH2,BDDHS1997360005,1996-97,DHS,1482.0,1297.0,,,1.0
BGD,Khulna,3015281,Children wasted,20.9,1,BD,Bangladesh,1997,BD1997DHS,CN_NUTS_C_WH2,104236050,I,360006,1360060,Region,Khulna,0,,0,1,CNNUTSCWH2,BDDHS1997360006,1996-97,DHS,477.0,464.0,,,1.0
BGD,Rajshahi/Rangpur,6682899,Children wasted,19.8,1,BD,Bangladesh,1997,BD1997DHS,CN_NUTS_C_WH2,104236050,I,360007,1360070,Region,Rajshahi/Rangpur,0,,0,1,CNNUTSCWH2,BDDHS1997360007,1996-97,DHS,1008.0,1059.0,,,1.0
BGD,Barishal,1389619,Children underweight,53.8,1,BD,Bangladesh,1997,BD1997DHS,CN_NUTS_C_WA2,104236090,I,360001,1360010,Region,Barishal,0,,0,1,CNNUTSCWA2,BDDHS1997360001,1996-97,DHS,311.0,487.0,,,1.0
BGD,Chattogram/Sylhet,7327355,Children underweight,55.7,1,BD,Bangladesh,1997,BD1997DHS,CN_NUTS_C_WA2,104236090,I,360002,1360020,Region,Chattogram/Sylhet,0,,0,1,CNNUTSCWA2,BDDHS1997360002,1996-97,DHS,1470.0,1385.0,,,
BGD,Chattogram,4206655,Children underweight,55.2,1,BD,Bangladesh,1997,BD1997DHS,CN_NUTS_C_WA2,104236090,I,360003,1360030,Region,..Chattogram,0,,0,1,CNNUTSCWA2,BDDHS1997360003,1996-97,DHS,1170.0,852.0,,,1.0
BGD,Sylhet,5895314,Children underweight,57.7,1,BD,Bangladesh,1997,BD1997DHS,CN_NUTS_C_WA2,104236090,I,360004,1360040,Region,..Sylhet,0,,0,1,CNNUTSCWA2,BDDHS1997360004,1996-97,DHS,300.0,533.0,,,1.0
BGD,Dhaka before 2015,6943805,Children underweight,50.6,1,BD,Bangladesh,1997,BD1997DHS,CN_NUTS_C_WA2,104236090,I,360005,1360050,Region,Dhaka before 2015,0,,0,1,CNNUTSCWA2,BDDHS1997360005,1996-97,DHS,1482.0,1297.0,,,1.0
BGD,Khulna,1389579,Children underweight,46.0,1,BD,Bangladesh,1997,BD1997DHS,CN_NUTS_C_WA2,104236090,I,360006,1360060,Region,Khulna,0,,0,1,CNNUTSCWA2,BDDHS1997360006,1996-97,DHS,477.0,464.0,,,1.0
BGD,Rajshahi/Rangpur,2602456,Children underweight,51.9,1,BD,Bangladesh,1997,BD1997DHS,CN_NUTS_C_WA2,104236090,I,360007,1360070,Region,Rajshahi/Rangpur,0,,0,1,CNNUTSCWA2,BDDHS1997360007,1996-97,DHS,1008.0,1059.0,,,1.0
BGD,Barishal,1389621,Median duration of exclusive breastfeeding,0.7,1,BD,Bangladesh,1997,BD1997DHS,CN_BFDR_C_MDE,104336020,I,360001,1360010,Region,Barishal,0,,0,1,CNBFDRCMDE,BDDHS1997360001,1996-97,DHS,,,,,1.0
BGD,Chattogram/Sylhet,2694296,Median duration of exclusive breastfeeding,2.6,1,BD,Bangladesh,1997,BD1997DHS,CN_BFDR_C_MDE,104336020,I,360002,1360020,Region,Chattogram/Sylhet,0,,0,1,CNBFDRCMDE,BDDHS1997360002,1996-97,DHS,,,,,
BGD,Chattogram,1404973,Median duration of exclusive breastfeeding,2.7,1,BD,Bangladesh,1997,BD1997DHS,CN_BFDR_C_MDE,104336020,I,360003,1360030,Region,..Chattogram,0,,0,1,CNBFDRCMDE,BDDHS1997360003,1996-97,DHS,,,,,1.0
BGD,Sylhet,1404985,Median duration of exclusive breastfeeding,1.9,1,BD,Bangladesh,1997,BD1997DHS,CN_BFDR_C_MDE,104336020,I,360004,1360040,Region,..Sylhet,0,,0,1,CNBFDRCMDE,BDDHS1997360004,1996-97,DHS,,,,,1.0
BGD,Dhaka before 2015,1404967,Median duration of exclusive breastfeeding,0.7,1,BD,Bangladesh,1997,BD1997DHS,CN_BFDR_C_MDE,104336020,I,360005,1360050,Region,Dhaka before 2015,0,,0,1,CNBFDRCMDE,BDDHS1997360005,1996-97,DHS,,,,,1.0
BGD,Khulna,1389634,Median duration of exclusive breastfeeding,0.5,1,BD,Bangladesh,1997,BD1997DHS,CN_BFDR_C_MDE,104336020,I,360006,1360060,Region,Khulna,0,,0,1,CNBFDRCMDE,BDDHS1997360006,1996-97,DHS,,,,,1.0
BGD,Rajshahi/Rangpur,1397076,Median duration of exclusive breastfeeding,2.5,1,BD,Bangladesh,1997,BD1997DHS,CN_BFDR_C_MDE,104336020,I,360007,1360070,Region,Rajshahi/Rangpur,0,,0,1,CNBFDRCMDE,BDDHS1997360007,1996-97,DHS,,,,,1.0
BGD,Barishal,4598629,Women with secondary or higher education,22.3,1,BD,Bangladesh,1997,BD1997DHS,ED_EDUC_W_SEH,231203100,I,360001,1360010,Region,Barishal,0,,0,1,EDEDUCWSEH,BDDHS1997360001,1996-97,DHS,588.0,922.0,,,1.0
BGD,Chattogram/Sylhet,421178,Women with secondary or higher education,20.5,1,BD,Bangladesh,1997,BD1997DHS,ED_EDUC_W_SEH,231203100,I,360002,1360020,Region,Chattogram/Sylhet,0,,0,1,EDEDUCWSEH,BDDHS1997360002,1996-97,DHS,2320.0,2239.0,,,
BGD,Chattogram,3385137,Women with secondary or higher education,23.1,1,BD,Bangladesh,1997,BD1997DHS,ED_EDUC_W_SEH,231203100,I,360003,1360030,Region,..Chattogram,0,,0,1,EDEDUCWSEH,BDDHS1997360003,1996-97,DHS,1821.0,1348.0,,,1.0
BGD,Sylhet,5695998,Women with secondary or higher education,11.1,1,BD,Bangladesh,1997,BD1997DHS,ED_EDUC_W_SEH,231203100,I,360004,1360040,Region,..Sylhet,0,,0,1,EDEDUCWSEH,BDDHS1997360004,1996-97,DHS,499.0,891.0,,,1.0
BGD,Dhaka before 2015,6697980,Women with secondary or higher education,18.9,1,BD,Bangladesh,1997,BD1997DHS,ED_EDUC_W_SEH,231203100,I,360005,1360050,Region,Dhaka before 2015,0,,0,1,EDEDUCWSEH,BDDHS1997360005,1996-97,DHS,2831.0,2484.0,,,1.0
BGD,Khulna,4976069,Women with secondary or higher education,19.3,1,BD,Bangladesh,1997,BD1997DHS,ED_EDUC_W_SEH,231203100,I,360006,1360060,Region,Khulna,0,,0,1,EDEDUCWSEH,BDDHS1997360006,1996-97,DHS,1089.0,1066.0,,,1.0
BGD,Rajshahi/Rangpur,113193,Women with secondary or higher education,13.2,1,BD,Bangladesh,1997,BD1997DHS,ED_EDUC_W_SEH,231203100,I,360007,1360070,Region,Rajshahi/Rangpur,0,,0,1,EDEDUCWSEH,BDDHS1997360007,1996-97,DHS,2155.0,2270.0,,,1.0
BGD,Barishal,7347813,Households with electricity,17.3,1,BD,Bangladesh,1997,BD1997DHS,HC_ELEC_H_ELC,260321010,I,360001,1360010,Region,Barishal,0,,0,1,HCELECHELC,BDDHS1997360001,1996-97,DHS,561.0,882.0,,,1.0
BGD,Chattogram/Sylhet,324484,Households with electricity,29.4,1,BD,Bangladesh,1997,BD1997DHS,HC_ELEC_H_ELC,260321010,I,360002,1360020,Region,Chattogram/Sylhet,0,,0,1,HCELECHELC,BDDHS1997360002,1996-97,DHS,2130.0,2077.0,,,
BGD,Chattogram,5657875,Households with electricity,33.4,1,BD,Bangladesh,1997,BD1997DHS,HC_ELEC_H_ELC,260321010,I,360003,1360030,Region,..Chattogram,0,,0,1,HCELECHELC,BDDHS1997360003,1996-97,DHS,1654.0,1225.0,,,1.0
BGD,Sylhet,1112152,Households with electricity,15.3,1,BD,Bangladesh,1997,BD1997DHS,HC_ELEC_H_ELC,260321010,I,360004,1360040,Region,..Sylhet,0,,0,1,HCELECHELC,BDDHS1997360004,1996-97,DHS,476.0,852.0,,,1.0
BGD,Dhaka before 2015,847000,Households with electricity,29.0,1,BD,Bangladesh,1997,BD1997DHS,HC_ELEC_H_ELC,260321010,I,360005,1360050,Region,Dhaka before 2015,0,,0,1,HCELECHELC,BDDHS1997360005,1996-97,DHS,2787.0,2434.0,,,1.0
BGD,Khulna,5804247,Households with electricity,16.9,1,BD,Bangladesh,1997,BD1997DHS,HC_ELEC_H_ELC,260321010,I,360006,1360060,Region,Khulna,0,,0,1,HCELECHELC,BDDHS1997360006,1996-97,DHS,1050.0,1024.0,,,1.0
BGD,Rajshahi/Rangpur,6347387,Households with electricity,11.1,1,BD,Bangladesh,1997,BD1997DHS,HC_ELEC_H_ELC,260321010,I,360007,1360070,Region,Rajshahi/Rangpur,0,,0,1,HCELECHELC,BDDHS1997360007,1996-97,DHS,2153.0,2265.0,,,1.0
BGD,Barishal,1803801,Total fertility rate 15-49,3.3,1,BD,Bangladesh,2000,BD2000DHS,FE_FRTR_W_TFR,11763080,I,360001,1360010,Region,Barishal,0,,0,1,FEFRTRWTFR,BDDHS2000360001,1999-00,DHS,,,,,1.0
BGD,Chattogram/Sylhet,7449976,Total fertility rate 15-49,4.0,1,BD,Bangladesh,2000,BD2000DHS,FE_FRTR_W_TFR,11763080,I,360002,1360020,Region,Chattogram/Sylhet,0,,0,1,FEFRTRWTFR,BDDHS2000360002,1999-00,DHS,,,,,
BGD,Chattogram,7933940,Total fertility rate 15-49,4.0,1,BD,Bangladesh,2000,BD2000DHS,FE_FRTR_W_TFR,11763080,I,360003,1360030,Region,..Chattogram,0,,0,1,FEFRTRWTFR,BDDHS2000360003,1999-00,DHS,,,,,1.0
BGD,Sylhet,1810461,Total fertility rate 15-49,4.1,1,BD,Bangladesh,2000,BD2000DHS,FE_FRTR_W_TFR,11763080,I,360004,1360040,Region,..Sylhet,0,,0,1,FEFRTRWTFR,BDDHS2000360004,1999-00,DHS,,,,,1.0
BGD,Dhaka before 2015,1810517,Total fertility rate 15-49,3.2,1,BD,Bangladesh,2000,BD2000DHS,FE_FRTR_W_TFR,11763080,I,360005,1360050,Region,Dhaka before 2015,0,,0,1,FEFRTRWTFR,BDDHS2000360005,1999-00,DHS,,,,,1.0
BGD,Khulna,7629779,Total fertility rate 15-49,2.7,1,BD,Bangladesh,2000,BD2000DHS,FE_FRTR_W_TFR,11763080,I,360006,1360060,Region,Khulna,0,,0,1,FEFRTRWTFR,BDDHS2000360006,1999-00,DHS,,,,,1.0
BGD,Rajshahi/Rangpur,1803794,Total fertility rate 15-49,3.0,1,BD,Bangladesh,2000,BD2000DHS,FE_FRTR_W_TFR,11763080,I,360007,1360070,Region,Rajshahi/Rangpur,0,,0,1,FEFRTRWTFR,BDDHS2000360007,1999-00,DHS,,,,,1.0
BGD,Barishal,6023128,Married women currently using any method of contraception,59.5,1,BD,Bangladesh,2000,BD2000DHS,FP_CUSM_W_ANY,32633010,I,360001,1360010,Region,Barishal,0,,0,1,FPCUSMWANY,BDDHS2000360001,1999-00,DHS,629.0,902.0,,,1.0
BGD,Chattogram/Sylhet,7473626,Married women currently using any method of contraception,42.1,1,BD,Bangladesh,2000,BD2000DHS,FP_CUSM_W_ANY,32633010,I,360002,1360020,Region,Chattogram/Sylhet,0,,0,1,FPCUSMWANY,BDDHS2000360002,1999-00,DHS,2311.0,2745.0,,,
BGD,Chattogram,7919988,Married women currently using any method of contraception,44.6,1,BD,Bangladesh,2000,BD2000DHS,FP_CUSM_W_ANY,32633010,I,360003,1360030,Region,..Chattogram,0,,0,1,FPCUSMWANY,BDDHS2000360003,1999-00,DHS,1763.0,1752.0,,,1.0
BGD,Sylhet,2763976,Married women currently using any method of contraception,34.3,1,BD,Bangladesh,2000,BD2000DHS,FP_CUSM_W_ANY,32633010,I,360004,1360040,Region,..Sylhet,0,,0,1,FPCUSMWANY,BDDHS2000360004,1999-00,DHS,548.0,993.0,,,1.0
BGD,Dhaka before 2015,4862304,Married women currently using any method of contraception,54.3,1,BD,Bangladesh,2000,BD2000DHS,FP_CUSM_W_ANY,32633010,I,360005,1360050,Region,Dhaka before 2015,0,,0,1,FPCUSMWANY,BDDHS2000360005,1999-00,DHS,2968.0,2310.0,,,1.0
BGD,Khulna,7631642,Married women currently using any method of contraception,64.5,1,BD,Bangladesh,2000,BD2000DHS,FP_CUSM_W_ANY,32633010,I,360006,1360060,Region,Khulna,0,,0,1,FPCUSMWANY,BDDHS2000360006,1999-00,DHS,1169.0,1663.0,,,1.0
BGD,Rajshahi/Rangpur,2992194,Married women currently using any method of contraception,59.5,1,BD,Bangladesh,2000,BD2000DHS,FP_CUSM_W_ANY,32633010,I,360007,1360070,Region,Rajshahi/Rangpur,0,,0,1,FPCUSMWANY,BDDHS2000360007,1999-00,DHS,2462.0,1910.0,,,1.0
BGD,Barishal,6023129,Married women currently using any modern method of contraception,45.8,1,BD,Bangladesh,2000,BD2000DHS,FP_CUSM_W_MOD,32633020,I,360001,1360010,Region,Barishal,0,,0,1,FPCUSMWMOD,BDDHS2000360001,1999-00,DHS,629.0,902.0,,,1.0
BGD,Chattogram/Sylhet,7473627,Married women currently using any modern method of contraception,33.1,1,BD,Bangladesh,2000,BD2000DHS,FP_CUSM_W_MOD,32633020,I,360002,1360020,Region,Chattogram/Sylhet,0,,0,1,FPCUSMWMOD,BDDHS2000360002,1999-00,DHS,2311.0,2745.0,,,
BGD,Chattogram,7919989,Married women currently using any modern method of contraception,35.5,1,BD,Bangladesh,2000,BD2000DHS,FP_CUSM_W_MOD,32633020,I,360003,1360030,Region,..Chattogram,0,,0,1,FPCUSMWMOD,BDDHS2000360003,1999-00,DHS,1763.0,1752.0,,,1.0
BGD,Sylhet,2763977,Married women currently using any modern method of contraception,25.2,1,BD,Bangladesh,2000,BD2000DHS,FP_CUSM_W_MOD,32633020,I,360004,1360040,Region,..Sylhet,0,,0,1,FPCUSMWMOD,BDDHS2000360004,1999-00,DHS,548.0,993.0,,,1.0
BGD,Dhaka before 2015,4862305,Married women currently using any modern method of contraception,42.5,1,BD,Bangladesh,2000,BD2000DHS,FP_CUSM_W_MOD,32633020,I,360005,1360050,Region,Dhaka before 2015,0,,0,1,FPCUSMWMOD,BDDHS2000360005,1999-00,DHS,2968.0,2310.0,,,1.0
BGD,Khulna,7631643,Married women currently using any modern method of contraception,51.3,1,BD,Bangladesh,2000,BD2000DHS,FP_CUSM_W_MOD,32633020,I,360006,1360060,Region,Khulna,0,,0,1,FPCUSMWMOD,BDDHS2000360006,1999-00,DHS,1169.0,1663.0,,,1.0
BGD,Rajshahi/Rangpur,2992195,Married women currently using any modern method of contraception,51.9,1,BD,Bangladesh,2000,BD2000DHS,FP_CUSM_W_MOD,32633020,I,360007,1360070,Region,Rajshahi/Rangpur,0,,0,1,FPCUSMWMOD,BDDHS2000360007,1999-00,DHS,2462.0,1910.0,,,1.0
BGD,Barishal,865174,Unmet need for family planning,18.0,1,BD,Bangladesh,2000,BD2000DHS,FP_NADM_W_UNT,32933030,I,360001,1360010,Region,Barishal,0,,0,1,FPNADMWUNT,BDDHS2000360001,1999-00,DHS,629.0,902.0,,,1.0
BGD,Chattogram/Sylhet,7449395,Unmet need for family planning,22.8,1,BD,Bangladesh,2000,BD2000DHS,FP_NADM_W_UNT,32933030,I,360002,1360020,Region,Chattogram/Sylhet,0,,0,1,FPNADMWUNT,BDDHS2000360002,1999-00,DHS,2311.0,2745.0,,,
BGD,Chattogram,7919469,Unmet need for family planning,22.4,1,BD,Bangladesh,2000,BD2000DHS,FP_NADM_W_UNT,32933030,I,360003,1360030,Region,..Chattogram,0,,0,1,FPNADMWUNT,BDDHS2000360003,1999-00,DHS,1763.0,1752.0,,,1.0
BGD,Sylhet,1559120,Unmet need for family planning,24.2,1,BD,Bangladesh,2000,BD2000DHS,FP_NADM_W_UNT,32933030,I,360004,1360040,Region,..Sylhet,0,,0,1,FPNADMWUNT,BDDHS2000360004,1999-00,DHS,548.0,993.0,,,1.0
BGD,Dhaka before 2015,5107292,Unmet need for family planning,18.3,1,BD,Bangladesh,2000,BD2000DHS,FP_NADM_W_UNT,32933030,I,360005,1360050,Region,Dhaka before 2015,0,,0,1,FPNADMWUNT,BDDHS2000360005,1999-00,DHS,2968.0,2310.0,,,1.0
BGD,Khulna,7630758,Unmet need for family planning,13.7,1,BD,Bangladesh,2000,BD2000DHS,FP_NADM_W_UNT,32933030,I,360006,1360060,Region,Khulna,0,,0,1,FPNADMWUNT,BDDHS2000360006,1999-00,DHS,1169.0,1663.0,,,1.0
BGD,Rajshahi/Rangpur,5331165,Unmet need for family planning,16.0,1,BD,Bangladesh,2000,BD2000DHS,FP_NADM_W_UNT,32933030,I,360007,1360070,Region,Rajshahi/Rangpur,0,,0,1,FPNADMWUNT,BDDHS2000360007,1999-00,DHS,2462.0,1910.0,,,1.0
BGD,Barishal,3515545,Demand for family planning satisfied by modern methods,59.1,1,BD,Bangladesh,2000,BD2000DHS,FP_NADM_W_PDM,32933150,I,360001,1360010,Region,Barishal,0,,0,1,FPNADMWPDM,BDDHS2000360001,1999-00,DHS,488.0,699.0,,,1.0
BGD,Chattogram/Sylhet,7450336,Demand for family planning satisfied by modern methods,51.0,1,BD,Bangladesh,2000,BD2000DHS,FP_NADM_W_PDM,32933150,I,360002,1360020,Region,Chattogram/Sylhet,0,,0,1,FPNADMWPDM,BDDHS2000360002,1999-00,DHS,1500.0,1802.0,,,
BGD,Chattogram,7920923,Demand for family planning satisfied by modern methods,53.1,1,BD,Bangladesh,2000,BD2000DHS,FP_NADM_W_PDM,32933150,I,360003,1360030,Region,..Chattogram,0,,0,1,FPNADMWPDM,BDDHS2000360003,1999-00,DHS,1180.0,1199.0,,,1.0
BGD,Sylhet,645459,Demand for family planning satisfied by modern methods,43.0,1,BD,Bangladesh,2000,BD2000DHS,FP_NADM_W_PDM,32933150,I,360004,1360040,Region,..Sylhet,0,,0,1,FPNADMWPDM,BDDHS2000360004,1999-00,DHS,320.0,603.0,,,1.0
BGD,Dhaka before 2015,1559118,Demand for family planning satisfied by modern methods,58.5,1,BD,Bangladesh,2000,BD2000DHS,FP_NADM_W_PDM,32933150,I,360005,1360050,Region,Dhaka before 2015,0,,0,1,FPNADMWPDM,BDDHS2000360005,1999-00,DHS,2156.0,1687.0,,,1.0
BGD,Khulna,7631623,Demand for family planning satisfied by modern methods,65.5,1,BD,Bangladesh,2000,BD2000DHS,FP_NADM_W_PDM,32933150,I,360006,1360060,Region,Khulna,0,,0,1,FPNADMWPDM,BDDHS2000360006,1999-00,DHS,915.0,1299.0,,,1.0
BGD,Rajshahi/Rangpur,4787930,Demand for family planning satisfied by modern methods,68.8,1,BD,Bangladesh,2000,BD2000DHS,FP_NADM_W_PDM,32933150,I,360007,1360070,Region,Rajshahi/Rangpur,0,,0,1,FPNADMWPDM,BDDHS2000360007,1999-00,DHS,1860.0,1448.0,,,1.0
BGD,Barishal,1412083,Median age at first marriage [Women]: 25-49,14.6,1,BD,Bangladesh,2000,BD2000DHS,MA_AAFM_W_M2B,41633090,I,360001,1360010,Region,Barishal,0,,0,1,MAAAFMWM2B,BDDHS2000360001,1999-00,DHS,,,,,1.0
BGD,Chattogram/Sylhet,7450359,Median age at first marriage [Women]: 25-49,15.4,1,BD,Bangladesh,2000,BD2000DHS,MA_AAFM_W_M2B,41633090,I,360002,1360020,Region,Chattogram/Sylhet,0,,0,1,MAAAFMWM2B,BDDHS2000360002,1999-00,DHS,,,,,
BGD,Chattogram,7934077,Median age at first marriage [Women]: 25-49,15.4,1,BD,Bangladesh,2000,BD2000DHS,MA_AAFM_W_M2B,41633090,I,360003,1360030,Region,..Chattogram,0,,0,1,MAAAFMWM2B,BDDHS2000360003,1999-00,DHS,,,,,1.0
BGD,Sylhet,1404714,Median age at first marriage [Women]: 25-49,15.5,1,BD,Bangladesh,2000,BD2000DHS,MA_AAFM_W_M2B,41633090,I,360004,1360040,Region,..Sylhet,0,,0,1,MAAAFMWM2B,BDDHS2000360004,1999-00,DHS,,,,,1.0
BGD,Dhaka before 2015,1404814,Median age at first marriage [Women]: 25-49,14.8,1,BD,Bangladesh,2000,BD2000DHS,MA_AAFM_W_M2B,41633090,I,360005,1360050,Region,Dhaka before 2015,0,,0,1,MAAAFMWM2B,BDDHS2000360005,1999-00,DHS,,,,,1.0
BGD,Khulna,7610608,Median age at first marriage [Women]: 25-49,14.4,1,BD,Bangladesh,2000,BD2000DHS,MA_AAFM_W_M2B,41633090,I,360006,1360060,Region,Khulna,0,,0,1,MAAAFMWM2B,BDDHS2000360006,1999-00,DHS,,,,,1.0
BGD,Rajshahi/Rangpur,1412054,Median age at first marriage [Women]: 25-49,14.0,1,BD,Bangladesh,2000,BD2000DHS,MA_AAFM_W_M2B,41633090,I,360007,1360070,Region,Rajshahi/Rangpur,0,,0,1,MAAAFMWM2B,BDDHS2000360007,1999-00,DHS,,,,,1.0
BGD,Barishal,1722317,Infant mortality rate,76.0,0,BD,Bangladesh,2000,BD2000DHS,CM_ECMR_C_IMR,63206030,I,360001,1360010,Region,Barishal,14003,Ten years preceding the survey,0,1,CMECMRCIMR,BDDHS2000360001,1999-00,DHS,,,56.0,95.0,1.0
BGD,Chattogram/Sylhet,7623470,Infant mortality rate,84.0,0,BD,Bangladesh,2000,BD2000DHS,CM_ECMR_C_IMR,63206030,I,360002,1360020,Region,Chattogram/Sylhet,14003,Ten years preceding the survey,0,1,CMECMRCIMR,BDDHS2000360002,1999-00,DHS,,,74.0,95.0,
BGD,Chattogram,1728524,Infant mortality rate,69.0,0,BD,Bangladesh,2000,BD2000DHS,CM_ECMR_C_IMR,63206030,I,360003,1360030,Region,..Chattogram,14003,Ten years preceding the survey,0,1,CMECMRCIMR,BDDHS2000360003,1999-00,DHS,,,59.0,79.0,1.0
BGD,Sylhet,7478138,Infant mortality rate,127.0,0,BD,Bangladesh,2000,BD2000DHS,CM_ECMR_C_IMR,63206030,I,360004,1360040,Region,..Sylhet,14003,Ten years preceding the survey,0,1,CMECMRCIMR,BDDHS2000360004,1999-00,DHS,,,106.0,148.0,1.0
BGD,Dhaka before 2015,7901533,Infant mortality rate,84.0,0,BD,Bangladesh,2000,BD2000DHS,CM_ECMR_C_IMR,63206030,I,360005,1360050,Region,Dhaka before 2015,14003,Ten years preceding the survey,0,1,CMECMRCIMR,BDDHS2000360005,1999-00,DHS,,,72.0,96.0,1.0
BGD,Khulna,1722328,Infant mortality rate,64.0,0,BD,Bangladesh,2000,BD2000DHS,CM_ECMR_C_IMR,63206030,I,360006,1360060,Region,Khulna,14003,Ten years preceding the survey,0,1,CMECMRCIMR,BDDHS2000360006,1999-00,DHS,,,51.0,78.0,1.0
BGD,Rajshahi/Rangpur,7832683,Infant mortality rate,76.0,0,BD,Bangladesh,2000,BD2000DHS,CM_ECMR_C_IMR,63206030,I,360007,1360070,Region,Rajshahi/Rangpur,14003,Ten years preceding the survey,0,1,CMECMRCIMR,BDDHS2000360007,1999-00,DHS,,,66.0,87.0,1.0
BGD,Barishal,7697235,Under-five mortality rate,109.0,0,BD,Bangladesh,2000,BD2000DHS,CM_ECMR_C_U5M,63206050,I,360001,1360010,Region,Barishal,14003,Ten years preceding the survey,0,1,CMECMRCU5M,BDDHS2000360001,1999-00,DHS,,,88.0,130.0,1.0
BGD,Chattogram/Sylhet,1734755,Under-five mortality rate,123.0,0,BD,Bangladesh,2000,BD2000DHS,CM_ECMR_C_U5M,63206050,I,360002,1360020,Region,Chattogram/Sylhet,14003,Ten years preceding the survey,0,1,CMECMRCU5M,BDDHS2000360002,1999-00,DHS,,,110.0,136.0,
BGD,Chattogram,7893757,Under-five mortality rate,110.0,0,BD,Bangladesh,2000,BD2000DHS,CM_ECMR_C_U5M,63206050,I,360003,1360030,Region,..Chattogram,14003,Ten years preceding the survey,0,1,CMECMRCU5M,BDDHS2000360003,1999-00,DHS,,,95.0,125.0,1.0
BGD,Sylhet,1734855,Under-five mortality rate,162.0,0,BD,Bangladesh,2000,BD2000DHS,CM_ECMR_C_U5M,63206050,I,360004,1360040,Region,..Sylhet,14003,Ten years preceding the survey,0,1,CMECMRCU5M,BDDHS2000360004,1999-00,DHS,,,140.0,184.0,1.0
BGD,Dhaka before 2015,1734881,Under-five mortality rate,115.0,0,BD,Bangladesh,2000,BD2000DHS,CM_ECMR_C_U5M,63206050,I,360005,1360050,Region,Dhaka before 2015,14003,Ten years preceding the survey,0,1,CMECMRCU5M,BDDHS2000360005,1999-00,DHS,,,102.0,129.0,1.0
BGD,Khulna,7697220,Under-five mortality rate,79.0,0,BD,Bangladesh,2000,BD2000DHS,CM_ECMR_C_U5M,63206050,I,360006,1360060,Region,Khulna,14003,Ten years preceding the survey,0,1,CMECMRCU5M,BDDHS2000360006,1999-00,DHS,,,66.0,93.0,1.0
BGD,Rajshahi/Rangpur,1722342,Under-five mortality rate,101.0,0,BD,Bangladesh,2000,BD2000DHS,CM_ECMR_C_U5M,63206050,I,360007,1360070,Region,Rajshahi/Rangpur,14003,Ten years preceding the survey,0,1,CMECMRCU5M,BDDHS2000360007,1999-00,DHS,,,88.0,114.0,1.0
BGD,Barishal,6332842,Place of delivery: Health facility,4.8,1,BD,Bangladesh,2000,BD2000DHS,RH_DELP_C_DHF,83566070,I,360001,1360010,Region,Barishal,14000,Three years preceding the survey,0,0,RHDELPCDHF,BDDHS2000360001,1999-00,DHS,259.0,371.0,,,1.0
BGD,Barishal,1296118,Place of delivery: Health facility,4.3,1,BD,Bangladesh,2000,BD2000DHS,RH_DELP_C_DHF,83566070,I,360001,1360010,Region,Barishal,14001,Five years preceding the survey,0,0,RHDELPCDHF,BDDHS2000360001,1999-00,DHS,434.0,609.0,,,1.0
BGD,Barishal,662493,Place of delivery: Health facility,5.8,1,BD,Bangladesh,2000,BD2000DHS,RH_DELP_C_DHF,83566070,I,360001,1360010,Region,Barishal,14002,Two years preceding the survey,0,1,RHDELPCDHF,BDDHS2000360001,1999-00,DHS,159.0,230.0,,,1.0
BGD,Chattogram/Sylhet,1303720,Place of delivery: Health facility,6.8,1,BD,Bangladesh,2000,BD2000DHS,RH_DELP_C_DHF,83566070,I,360002,1360020,Region,Chattogram/Sylhet,14000,Three years preceding the survey,0,0,RHDELPCDHF,BDDHS2000360002,1999-00,DHS,1254.0,1451.0,,,
BGD,Chattogram/Sylhet,7415510,Place of delivery: Health facility,6.3,1,BD,Bangladesh,2000,BD2000DHS,RH_DELP_C_DHF,83566070,I,360002,1360020,Region,Chattogram/Sylhet,14001,Five years preceding the survey,0,0,RHDELPCDHF,BDDHS2000360002,1999-00,DHS,2030.0,2363.0,,,
BGD,Chattogram/Sylhet,4380896,Place of delivery: Health facility,7.0,1,BD,Bangladesh,2000,BD2000DHS,RH_DELP_C_DHF,83566070,I,360002,1360020,Region,Chattogram/Sylhet,14002,Two years preceding the survey,0,1,RHDELPCDHF,BDDHS2000360002,1999-00,DHS,827.0,955.0,,,
BGD,Chattogram,7031691,Place of delivery: Health facility,6.5,1,BD,Bangladesh,2000,BD2000DHS,RH_DELP_C_DHF,83566070,I,360003,1360030,Region,..Chattogram,14000,Three years preceding the survey,0,0,RHDELPCDHF,BDDHS2000360003,1999-00,DHS,938.0,903.0,,,1.0
BGD,Chattogram,4051623,Place of delivery: Health facility,6.3,1,BD,Bangladesh,2000,BD2000DHS,RH_DELP_C_DHF,83566070,I,360003,1360030,Region,..Chattogram,14001,Five years preceding the survey,0,0,RHDELPCDHF,BDDHS2000360003,1999-00,DHS,1518.0,1477.0,,,1.0
BGD,Chattogram,5860133,Place of delivery: Health facility,7.4,1,BD,Bangladesh,2000,BD2000DHS,RH_DELP_C_DHF,83566070,I,360003,1360030,Region,..Chattogram,14002,Two years preceding the survey,0,1,RHDELPCDHF,BDDHS2000360003,1999-00,DHS,609.0,580.0,,,1.0
BGD,Sylhet,3367495,Place of delivery: Health facility,7.6,1,BD,Bangladesh,2000,BD2000DHS,RH_DELP_C_DHF,83566070,I,360004,1360040,Region,..Sylhet,14000,Three years preceding the survey,0,0,RHDELPCDHF,BDDHS2000360004,1999-00,DHS,316.0,548.0,,,1.0
BGD,Sylhet,5022180,Place of delivery: Health facility,6.3,1,BD,Bangladesh,2000,BD2000DHS,RH_DELP_C_DHF,83566070,I,360004,1360040,Region,..Sylhet,14001,Five years preceding the survey,0,0,RHDELPCDHF,BDDHS2000360004,1999-00,DHS,513.0,886.0,,,1.0
BGD,Sylhet,4462593,Place of delivery: Health facility,6.2,1,BD,Bangladesh,2000,BD2000DHS,RH_DELP_C_DHF,83566070,I,360004,1360040,Region,..Sylhet,14002,Two years preceding the survey,0,1,RHDELPCDHF,BDDHS2000360004,1999-00,DHS,218.0,375.0,,,1.0
BGD,Dhaka before 2015,4001520,Place of delivery: Health facility,9.2,1,BD,Bangladesh,2000,BD2000DHS,RH_DELP_C_DHF,83566070,I,360005,1360050,Region,Dhaka before 2015,14000,Three years preceding the survey,0,0,RHDELPCDHF,BDDHS2000360005,1999-00,DHS,1274.0,967.0,,,1.0
BGD,Dhaka before 2015,3784019,Place of delivery: Health facility,8.6,1,BD,Bangladesh,2000,BD2000DHS,RH_DELP_C_DHF,83566070,I,360005,1360050,Region,Dhaka before 2015,14001,Five years preceding the survey,0,0,RHDELPCDHF,BDDHS2000360005,1999-00,DHS,2125.0,1612.0,,,1.0
BGD,Dhaka before 2015,4940084,Place of delivery: Health facility,10.1,1,BD,Bangladesh,2000,BD2000DHS,RH_DELP_C_DHF,83566070,I,360005,1360050,Region,Dhaka before 2015,14002,Two years preceding the survey,0,1,RHDELPCDHF,BDDHS2000360005,1999-00,DHS,842.0,642.0,,,1.0
BGD,Khulna,3436515,Place of delivery: Health facility,16.2,1,BD,Bangladesh,2000,BD2000DHS,RH_DELP_C_DHF,83566070,I,360006,1360060,Region,Khulna,14000,Three years preceding the survey,0,0,RHDELPCDHF,BDDHS2000360006,1999-00,DHS,423.0,594.0,,,1.0
BGD,Khulna,5133832,Place of delivery: Health facility,14.4,1,BD,Bangladesh,2000,BD2000DHS,RH_DELP_C_DHF,83566070,I,360006,1360060,Region,Khulna,14001,Five years preceding the survey,0,0,RHDELPCDHF,BDDHS2000360006,1999-00,DHS,713.0,999.0,,,1.0
BGD,Khulna,2913441,Place of delivery: Health facility,17.3,1,BD,Bangladesh,2000,BD2000DHS,RH_DELP_C_DHF,83566070,I,360006,1360060,Region,Khulna,14002,Two years preceding the survey,0,1,RHDELPCDHF,BDDHS2000360006,1999-00,DHS,293.0,409.0,,,1.0
BGD,Rajshahi/Rangpur,1296140,Place of delivery: Health facility,8.2,1,BD,Bangladesh,2000,BD2000DHS,RH_DELP_C_DHF,83566070,I,360007,1360070,Region,Rajshahi/Rangpur,14000,Three years preceding the survey,0,0,RHDELPCDHF,BDDHS2000360007,1999-00,DHS,983.0,751.0,,,1.0
BGD,Rajshahi/Rangpur,6104896,Place of delivery: Health facility,7.2,1,BD,Bangladesh,2000,BD2000DHS,RH_DELP_C_DHF,83566070,I,360007,1360070,Region,Rajshahi/Rangpur,14001,Five years preceding the survey,0,0,RHDELPCDHF,BDDHS2000360007,1999-00,DHS,1617.0,1230.0,,,1.0
BGD,Rajshahi/Rangpur,5276260,Place of delivery: Health facility,9.5,1,BD,Bangladesh,2000,BD2000DHS,RH_DELP_C_DHF,83566070,I,360007,1360070,Region,Rajshahi/Rangpur,14002,Two years preceding the survey,0,1,RHDELPCDHF,BDDHS2000360007,1999-00,DHS,644.0,492.0,,,1.0
BGD,Barishal,3714543,Fully vaccinated (8 basic antigens),63.0,1,BD,Bangladesh,2000,BD2000DHS,CH_VACC_C_BAS,93906230,I,360001,1360010,Region,Barishal,0,,0,1,CHVACCCBAS,BDDHS2000360001,1999-00,DHS,77.0,110.0,,,1.0
BGD,Chattogram/Sylhet,7473423,Fully vaccinated (8 basic antigens),62.5,1,BD,Bangladesh,2000,BD2000DHS,CH_VACC_C_BAS,93906230,I,360002,1360020,Region,Chattogram/Sylhet,0,,0,1,CHVACCCBAS,BDDHS2000360002,1999-00,DHS,368.0,424.0,,,
BGD,Chattogram,7917111,Fully vaccinated (8 basic antigens),68.4,1,BD,Bangladesh,2000,BD2000DHS,CH_VACC_C_BAS,93906230,I,360003,1360030,Region,..Chattogram,0,,0,1,CHVACCCBAS,BDDHS2000360003,1999-00,DHS,274.0,263.0,,,1.0
BGD,Sylhet,110574,Fully vaccinated (8 basic antigens),45.3,1,BD,Bangladesh,2000,BD2000DHS,CH_VACC_C_BAS,93906230,I,360004,1360040,Region,..Sylhet,0,,0,1,CHVACCCBAS,BDDHS2000360004,1999-00,DHS,94.0,161.0,,,1.0
BGD,Dhaka before 2015,6785468,Fully vaccinated (8 basic antigens),57.8,1,BD,Bangladesh,2000,BD2000DHS,CH_VACC_C_BAS,93906230,I,360005,1360050,Region,Dhaka before 2015,0,,0,1,CHVACCCBAS,BDDHS2000360005,1999-00,DHS,403.0,307.0,,,1.0
BGD,Khulna,7630742,Fully vaccinated (8 basic antigens),68.9,1,BD,Bangladesh,2000,BD2000DHS,CH_VACC_C_BAS,93906230,I,360006,1360060,Region,Khulna,0,,0,1,CHVACCCBAS,BDDHS2000360006,1999-00,DHS,159.0,222.0,,,1.0
BGD,Rajshahi/Rangpur,461587,Fully vaccinated (8 basic antigens),56.4,1,BD,Bangladesh,2000,BD2000DHS,CH_VACC_C_BAS,93906230,I,360007,1360070,Region,Rajshahi/Rangpur,0,,0,1,CHVACCCBAS,BDDHS2000360007,1999-00,DHS,307.0,238.0,,,1.0
BGD,Barishal,4441733,Treatment of diarrhea: Either ORS or RHF,53.2,1,BD,Bangladesh,2000,BD2000DHS,CH_DIAT_C_ORT,94096040,I,360001,1360010,Region,Barishal,14000,Three years preceding the survey,0,0,CHDIATCORT,BDDHS2000360001,1999-00,DHS,24.0,31.0,,,1.0
BGD,Barishal,6241777,Treatment of diarrhea: Either ORS or RHF,53.8,1,BD,Bangladesh,2000,BD2000DHS,CH_DIAT_C_ORT,94096040,I,360001,1360010,Region,Barishal,14001,Five years preceding the survey,0,1,CHDIATCORT,BDDHS2000360001,1999-00,DHS,31.0,40.0,,,1.0
BGD,Chattogram/Sylhet,85106,Treatment of diarrhea: Either ORS or RHF,75.8,1,BD,Bangladesh,2000,BD2000DHS,CH_DIAT_C_ORT,94096040,I,360002,1360020,Region,Chattogram/Sylhet,14000,Three years preceding the survey,0,0,CHDIATCORT,BDDHS2000360002,1999-00,DHS,85.0,101.0,,,
BGD,Chattogram/Sylhet,110429,Treatment of diarrhea: Either ORS or RHF,76.8,1,BD,Bangladesh,2000,BD2000DHS,CH_DIAT_C_ORT,94096040,I,360002,1360020,Region,Chattogram/Sylhet,14001,Five years preceding the survey,0,1,CHDIATCORT,BDDHS2000360002,1999-00,DHS,112.0,134.0,,,
BGD,Chattogram,2058339,Treatment of diarrhea: Either ORS or RHF,77.4,1,BD,Bangladesh,2000,BD2000DHS,CH_DIAT_C_ORT,94096040,I,360003,1360030,Region,..Chattogram,14000,Three years preceding the survey,0,0,CHDIATCORT,BDDHS2000360003,1999-00,DHS,61.0,61.0,,,1.0
BGD,Chattogram,6371993,Treatment of diarrhea: Either ORS or RHF,79.0,1,BD,Bangladesh,2000,BD2000DHS,CH_DIAT_C_ORT,94096040,I,360003,1360030,Region,..Chattogram,14001,Five years preceding the survey,0,1,CHDIATCORT,BDDHS2000360003,1999-00,DHS,80.0,79.0,,,1.0
BGD,Sylhet,5293015,Treatment of diarrhea: Either ORS or RHF,71.9,1,BD,Bangladesh,2000,BD2000DHS,CH_DIAT_C_ORT,94096040,I,360004,1360040,Region,..Sylhet,14000,Three years preceding the survey,0,0,CHDIATCORT,BDDHS2000360004,1999-00,DHS,23.0,40.0,,,1.0
BGD,Sylhet,2065195,Treatment of diarrhea: Either ORS or RHF,71.3,1,BD,Bangladesh,2000,BD2000DHS,CH_DIAT_C_ORT,94096040,I,360004,1360040,Region,..Sylhet,14001,Five years preceding the survey,0,1,CHDIATCORT,BDDHS2000360004,1999-00,DHS,32.0,55.0,,,1.0
BGD,Dhaka before 2015,3614522,Treatment of diarrhea: Either ORS or RHF,77.1,1,BD,Bangladesh,2000,BD2000DHS,CH_DIAT_C_ORT,94096040,I,360005,1360050,Region,Dhaka before 2015,14000,Three years preceding the survey,0,0,CHDIATCORT,BDDHS2000360005,1999-00,DHS,120.0,91.0,,,1.0
BGD,Dhaka before 2015,866959,Treatment of diarrhea: Either ORS or RHF,77.9,1,BD,Bangladesh,2000,BD2000DHS,CH_DIAT_C_ORT,94096040,I,360005,1360050,Region,Dhaka before 2015,14001,Five years preceding the survey,0,1,CHDIATCORT,BDDHS2000360005,1999-00,DHS,135.0,104.0,,,1.0
BGD,Khulna,4125710,Treatment of diarrhea: Either ORS or RHF,53.5,1,BD,Bangladesh,2000,BD2000DHS,CH_DIAT_C_ORT,94096040,I,360006,1360060,Region,Khulna,14000,Three years preceding the survey,0,0,CHDIATCORT,BDDHS2000360006,1999-00,DHS,27.0,39.0,,,1.0
BGD,Khulna,5016371,Treatment of diarrhea: Either ORS or RHF,57.7,1,BD,Bangladesh,2000,BD2000DHS,CH_DIAT_C_ORT,94096040,I,360006,1360060,Region,Khulna,14001,Five years preceding the survey,0,1,CHDIATCORT,BDDHS2000360006,1999-00,DHS,36.0,52.0,,,1.0
BGD,Rajshahi/Rangpur,7400693,Treatment of diarrhea: Either ORS or RHF,74.4,1,BD,Bangladesh,2000,BD2000DHS,CH_DIAT_C_ORT,94096040,I,360007,1360070,Region,Rajshahi/Rangpur,14000,Three years preceding the survey,0,0,CHDIATCORT,BDDHS2000360007,1999-00,DHS,62.0,51.0,,,1.0
BGD,Rajshahi/Rangpur,4237337,Treatment of diarrhea: Either ORS or RHF,76.6,1,BD,Bangladesh,2000,BD2000DHS,CH_DIAT_C_ORT,94096040,I,360007,1360070,Region,Rajshahi/Rangpur,14001,Five years preceding the survey,0,1,CHDIATCORT,BDDHS2000360007,1999-00,DHS,78.0,63.0,,,1.0
BGD,Barishal,5645350,Children stunted,52.7,1,BD,Bangladesh,2000,BD2000DHS,CN_NUTS_C_HA2,104236020,I,360001,1360010,Region,Barishal,0,,0,1,CNNUTSCHA2,BDDHS2000360001,1999-00,DHS,333.0,468.0,,,1.0
BGD,Chattogram/Sylhet,7473645,Children stunted,54.5,1,BD,Bangladesh,2000,BD2000DHS,CN_NUTS_C_HA2,104236020,I,360002,1360020,Region,Chattogram/Sylhet,0,,0,1,CNNUTSCHA2,BDDHS2000360002,1999-00,DHS,1599.0,1853.0,,,
BGD,Chattogram,7938249,Children stunted,52.4,1,BD,Bangladesh,2000,BD2000DHS,CN_NUTS_C_HA2,104236020,I,360003,1360030,Region,..Chattogram,0,,0,1,CNNUTSCHA2,BDDHS2000360003,1999-00,DHS,1201.0,1162.0,,,1.0
BGD,Sylhet,4905726,Children stunted,61.0,1,BD,Bangladesh,2000,BD2000DHS,CN_NUTS_C_HA2,104236020,I,360004,1360040,Region,..Sylhet,0,,0,1,CNNUTSCHA2,BDDHS2000360004,1999-00,DHS,399.0,691.0,,,1.0
BGD,Dhaka before 2015,3697371,Children stunted,51.3,1,BD,Bangladesh,2000,BD2000DHS,CN_NUTS_C_HA2,104236020,I,360005,1360050,Region,Dhaka before 2015,0,,0,1,CNNUTSCHA2,BDDHS2000360005,1999-00,DHS,1702.0,1286.0,,,1.0
BGD,Khulna,7610485,Children stunted,45.0,1,BD,Bangladesh,2000,BD2000DHS,CN_NUTS_C_HA2,104236020,I,360006,1360060,Region,Khulna,0,,0,1,CNNUTSCHA2,BDDHS2000360006,1999-00,DHS,560.0,793.0,,,1.0
BGD,Rajshahi/Rangpur,6245284,Children stunted,48.8,1,BD,Bangladesh,2000,BD2000DHS,CN_NUTS_C_HA2,104236020,I,360007,1360070,Region,Rajshahi/Rangpur,0,,0,1,CNNUTSCHA2,BDDHS2000360007,1999-00,DHS,1227.0,937.0,,,1.0
BGD,Barishal,7110735,Children wasted,12.6,1,BD,Bangladesh,2000,BD2000DHS,CN_NUTS_C_WH2,104236050,I,360001,1360010,Region,Barishal,0,,0,1,CNNUTSCWH2,BDDHS2000360001,1999-00,DHS,333.0,468.0,,,1.0
BGD,Chattogram/Sylhet,7449629,Children wasted,12.4,1,BD,Bangladesh,2000,BD2000DHS,CN_NUTS_C_WH2,104236050,I,360002,1360020,Region,Chattogram/Sylhet,0,,0,1,CNNUTSCWH2,BDDHS2000360002,1999-00,DHS,1599.0,1853.0,,,
BGD,Chattogram,7935473,Children wasted,12.2,1,BD,Bangladesh,2000,BD2000DHS,CN_NUTS_C_WH2,104236050,I,360003,1360030,Region,..Chattogram,0,,0,1,CNNUTSCWH2,BDDHS2000360003,1999-00,DHS,1201.0,1162.0,,,1.0
BGD,Sylhet,1397147,Children wasted,13.2,1,BD,Bangladesh,2000,BD2000DHS,CN_NUTS_C_WH2,104236050,I,360004,1360040,Region,..Sylhet,0,,0,1,CNNUTSCWH2,BDDHS2000360004,1999-00,DHS,399.0,691.0,,,1.0
BGD,Dhaka before 2015,4636795,Children wasted,11.7,1,BD,Bangladesh,2000,BD2000DHS,CN_NUTS_C_WH2,104236050,I,360005,1360050,Region,Dhaka before 2015,0,,0,1,CNNUTSCWH2,BDDHS2000360005,1999-00,DHS,1702.0,1286.0,,,1.0
BGD,Khulna,7610325,Children wasted,10.9,1,BD,Bangladesh,2000,BD2000DHS,CN_NUTS_C_WH2,104236050,I,360006,1360060,Region,Khulna,0,,0,1,CNNUTSCWH2,BDDHS2000360006,1999-00,DHS,560.0,793.0,,,1.0
BGD,Rajshahi/Rangpur,4128933,Children wasted,13.5,1,BD,Bangladesh,2000,BD2000DHS,CN_NUTS_C_WH2,104236050,I,360007,1360070,Region,Rajshahi/Rangpur,0,,0,1,CNNUTSCWH2,BDDHS2000360007,1999-00,DHS,1227.0,937.0,,,1.0
BGD,Barishal,1379976,Children underweight,44.7,1,BD,Bangladesh,2000,BD2000DHS,CN_NUTS_C_WA2,104236090,I,360001,1360010,Region,Barishal,0,,0,1,CNNUTSCWA2,BDDHS2000360001,1999-00,DHS,333.0,468.0,,,1.0
BGD,Chattogram/Sylhet,7471851,Children underweight,44.0,1,BD,Bangladesh,2000,BD2000DHS,CN_NUTS_C_WA2,104236090,I,360002,1360020,Region,Chattogram/Sylhet,0,,0,1,CNNUTSCWA2,BDDHS2000360002,1999-00,DHS,1599.0,1853.0,,,
BGD,Chattogram,7919492,Children underweight,42.0,1,BD,Bangladesh,2000,BD2000DHS,CN_NUTS_C_WA2,104236090,I,360003,1360030,Region,..Chattogram,0,,0,1,CNNUTSCWA2,BDDHS2000360003,1999-00,DHS,1201.0,1162.0,,,1.0
BGD,Sylhet,6375225,Children underweight,50.1,1,BD,Bangladesh,2000,BD2000DHS,CN_NUTS_C_WA2,104236090,I,360004,1360040,Region,..Sylhet,0,,0,1,CNNUTSCWA2,BDDHS2000360004,1999-00,DHS,399.0,691.0,,,1.0
BGD,Dhaka before 2015,3501397,Children underweight,40.4,1,BD,Bangladesh,2000,BD2000DHS,CN_NUTS_C_WA2,104236090,I,360005,1360050,Region,Dhaka before 2015,0,,0,1,CNNUTSCWA2,BDDHS2000360005,1999-00,DHS,1702.0,1286.0,,,1.0
BGD,Khulna,7610306,Children underweight,34.1,1,BD,Bangladesh,2000,BD2000DHS,CN_NUTS_C_WA2,104236090,I,360006,1360060,Region,Khulna,0,,0,1,CNNUTSCWA2,BDDHS2000360006,1999-00,DHS,560.0,793.0,,,1.0
BGD,Rajshahi/Rangpur,6879017,Children underweight,43.2,1,BD,Bangladesh,2000,BD2000DHS,CN_NUTS_C_WA2,104236090,I,360007,1360070,Region,Rajshahi/Rangpur,0,,0,1,CNNUTSCWA2,BDDHS2000360007,1999-00,DHS,1227.0,937.0,,,1.0
BGD,Barishal,1379985,Median duration of exclusive breastfeeding,3.0,1,BD,Bangladesh,2000,BD2000DHS,CN_BFDR_C_MDE,104336020,I,360001,1360010,Region,Barishal,0,,0,1,CNBFDRCMDE,BDDHS2000360001,1999-00,DHS,,,,,1.0
BGD,Chattogram/Sylhet,7450368,Median duration of exclusive breastfeeding,2.6,1,BD,Bangladesh,2000,BD2000DHS,CN_BFDR_C_MDE,104336020,I,360002,1360020,Region,Chattogram/Sylhet,0,,0,1,CNBFDRCMDE,BDDHS2000360002,1999-00,DHS,,,,,
BGD,Chattogram,7934066,Median duration of exclusive breastfeeding,3.0,1,BD,Bangladesh,2000,BD2000DHS,CN_BFDR_C_MDE,104336020,I,360003,1360030,Region,..Chattogram,0,,0,1,CNBFDRCMDE,BDDHS2000360003,1999-00,DHS,,,,,1.0
BGD,Sylhet,1397248,Median duration of exclusive breastfeeding,1.1,1,BD,Bangladesh,2000,BD2000DHS,CN_BFDR_C_MDE,104336020,I,360004,1360040,Region,..Sylhet,0,,0,1,CNBFDRCMDE,BDDHS2000360004,1999-00,DHS,,,,,1.0
BGD,Dhaka before 2015,1397222,Median duration of exclusive breastfeeding,1.5,1,BD,Bangladesh,2000,BD2000DHS,CN_BFDR_C_MDE,104336020,I,360005,1360050,Region,Dhaka before 2015,0,,0,1,CNBFDRCMDE,BDDHS2000360005,1999-00,DHS,,,,,1.0
BGD,Khulna,7610706,Median duration of exclusive breastfeeding,0.6,1,BD,Bangladesh,2000,BD2000DHS,CN_BFDR_C_MDE,104336020,I,360006,1360060,Region,Khulna,0,,0,1,CNBFDRCMDE,BDDHS2000360006,1999-00,DHS,,,,,1.0
BGD,Rajshahi/Rangpur,1379998,Median duration of exclusive breastfeeding,2.2,1,BD,Bangladesh,2000,BD2000DHS,CN_BFDR_C_MDE,104336020,I,360007,1360070,Region,Rajshahi/Rangpur,0,,0,1,CNBFDRCMDE,BDDHS2000360007,1999-00,DHS,,,,,1.0
BGD,Barishal,6245724,Women with secondary or higher education,26.1,1,BD,Bangladesh,2000,BD2000DHS,ED_EDUC_W_SEH,231203100,I,360001,1360010,Region,Barishal,0,,0,1,EDEDUCWSEH,BDDHS2000360001,1999-00,DHS,679.0,969.0,,,1.0
BGD,Chattogram/Sylhet,7473750,Women with secondary or higher education,28.2,1,BD,Bangladesh,2000,BD2000DHS,ED_EDUC_W_SEH,231203100,I,360002,1360020,Region,Chattogram/Sylhet,0,,0,1,EDEDUCWSEH,BDDHS2000360002,1999-00,DHS,2552.0,3051.0,,,
BGD,Chattogram,7936181,Women with secondary or higher education,31.7,1,BD,Bangladesh,2000,BD2000DHS,ED_EDUC_W_SEH,231203100,I,360003,1360030,Region,..Chattogram,0,,0,1,EDEDUCWSEH,BDDHS2000360003,1999-00,DHS,1933.0,1921.0,,,1.0
BGD,Sylhet,7011446,Women with secondary or higher education,17.4,1,BD,Bangladesh,2000,BD2000DHS,ED_EDUC_W_SEH,231203100,I,360004,1360040,Region,..Sylhet,0,,0,1,EDEDUCWSEH,BDDHS2000360004,1999-00,DHS,619.0,1130.0,,,1.0
BGD,Dhaka before 2015,3283442,Women with secondary or higher education,25.2,1,BD,Bangladesh,2000,BD2000DHS,ED_EDUC_W_SEH,231203100,I,360005,1360050,Region,Dhaka before 2015,0,,0,1,EDEDUCWSEH,BDDHS2000360005,1999-00,DHS,3212.0,2506.0,,,1.0
BGD,Khulna,7631060,Women with secondary or higher education,30.3,1,BD,Bangladesh,2000,BD2000DHS,ED_EDUC_W_SEH,231203100,I,360006,1360060,Region,Khulna,0,,0,1,EDEDUCWSEH,BDDHS2000360006,1999-00,DHS,1251.0,1778.0,,,1.0
BGD,Rajshahi/Rangpur,3956139,Women with secondary or higher education,21.3,1,BD,Bangladesh,2000,BD2000DHS,ED_EDUC_W_SEH,231203100,I,360007,1360070,Region,Rajshahi/Rangpur,0,,0,1,EDEDUCWSEH,BDDHS2000360007,1999-00,DHS,2664.0,2069.0,,,1.0
BGD,Barishal,5671977,Households with electricity,23.8,1,BD,Bangladesh,2000,BD2000DHS,HC_ELEC_H_ELC,260321010,I,360001,1360010,Region,Barishal,0,,0,1,HCELECHELC,BDDHS2000360001,1999-00,DHS,666.0,962.0,,,1.0
BGD,Chattogram/Sylhet,7472118,Households with electricity,40.2,1,BD,Bangladesh,2000,BD2000DHS,HC_ELEC_H_ELC,260321010,I,360002,1360020,Region,Chattogram/Sylhet,0,,0,1,HCELECHELC,BDDHS2000360002,1999-00,DHS,2396.0,2851.0,,,
BGD,Chattogram,7918436,Households with electricity,44.0,1,BD,Bangladesh,2000,BD2000DHS,HC_ELEC_H_ELC,260321010,I,360003,1360030,Region,..Chattogram,0,,0,1,HCELECHELC,BDDHS2000360003,1999-00,DHS,1820.0,1793.0,,,1.0
BGD,Sylhet,6624593,Households with electricity,28.3,1,BD,Bangladesh,2000,BD2000DHS,HC_ELEC_H_ELC,260321010,I,360004,1360040,Region,..Sylhet,0,,0,1,HCELECHELC,BDDHS2000360004,1999-00,DHS,575.0,1058.0,,,1.0
BGD,Dhaka before 2015,532279,Households with electricity,37.6,1,BD,Bangladesh,2000,BD2000DHS,HC_ELEC_H_ELC,260321010,I,360005,1360050,Region,Dhaka before 2015,0,,0,1,HCELECHELC,BDDHS2000360005,1999-00,DHS,3104.0,2409.0,,,1.0
BGD,Khulna,7632222,Households with electricity,36.3,1,BD,Bangladesh,2000,BD2000DHS,HC_ELEC_H_ELC,260321010,I,360006,1360060,Region,Khulna,0,,0,1,HCELECHELC,BDDHS2000360006,1999-00,DHS,1167.0,1654.0,,,1.0
BGD,Rajshahi/Rangpur,119519,Households with electricity,17.3,1,BD,Bangladesh,2000,BD2000DHS,HC_ELEC_H_ELC,260321010,I,360007,1360070,Region,Rajshahi/Rangpur,0,,0,1,HCELECHELC,BDDHS2000360007,1999-00,DHS,2521.0,1978.0,,,1.0
BGD,Barishal,1817005,Total fertility rate 15-49,2.9,1,BD,Bangladesh,2004,BD2004DHS,FE_FRTR_W_TFR,11763080,I,360001,1360010,Region,Barishal,0,,0,1,FEFRTRWTFR,BDDHS2004360001,2004,DHS,,,,,1.0
BGD,Chattogram/Sylhet,1817016,Total fertility rate 15-49,3.8,1,BD,Bangladesh,2004,BD2004DHS,FE_FRTR_W_TFR,11763080,I,360002,1360020,Region,Chattogram/Sylhet,0,,0,1,FEFRTRWTFR,BDDHS2004360002,2004,DHS,,,,,
BGD,Chattogram,5383423,Total fertility rate 15-49,3.7,1,BD,Bangladesh,2004,BD2004DHS,FE_FRTR_W_TFR,11763080,I,360003,1360030,Region,..Chattogram,0,,0,1,FEFRTRWTFR,BDDHS2004360003,2004,DHS,,,,,1.0
BGD,Sylhet,1796705,Total fertility rate 15-49,4.2,1,BD,Bangladesh,2004,BD2004DHS,FE_FRTR_W_TFR,11763080,I,360004,1360040,Region,..Sylhet,0,,0,1,FEFRTRWTFR,BDDHS2004360004,2004,DHS,,,,,1.0
BGD,Dhaka before 2015,1810610,Total fertility rate 15-49,2.9,1,BD,Bangladesh,2004,BD2004DHS,FE_FRTR_W_TFR,11763080,I,360005,1360050,Region,Dhaka before 2015,0,,0,1,FEFRTRWTFR,BDDHS2004360005,2004,DHS,,,,,1.0
BGD,Khulna,1796734,Total fertility rate 15-49,2.8,1,BD,Bangladesh,2004,BD2004DHS,FE_FRTR_W_TFR,11763080,I,360006,1360060,Region,Khulna,0,,0,1,FEFRTRWTFR,BDDHS2004360006,2004,DHS,,,,,1.0
BGD,Rajshahi/Rangpur,1803995,Total fertility rate 15-49,2.6,1,BD,Bangladesh,2004,BD2004DHS,FE_FRTR_W_TFR,11763080,I,360007,1360070,Region,Rajshahi/Rangpur,0,,0,1,FEFRTRWTFR,BDDHS2004360007,2004,DHS,,,,,1.0
BGD,Barishal,6864884,Married women currently using any method of contraception,54.7,1,BD,Bangladesh,2004,BD2004DHS,FP_CUSM_W_ANY,32633010,I,360001,1360010,Region,Barishal,0,,0,1,FPCUSMWANY,BDDHS2004360001,2004,DHS,665.0,1254.0,,,1.0
BGD,Chattogram/Sylhet,6579888,Married women currently using any method of contraception,43.5,1,BD,Bangladesh,2004,BD2004DHS,FP_CUSM_W_ANY,32633010,I,360002,1360020,Region,Chattogram/Sylhet,0,,0,1,FPCUSMWANY,BDDHS2004360002,2004,DHS,2498.0,2901.0,,,
BGD,Chattogram,4160717,Married women currently using any method of contraception,47.4,1,BD,Bangladesh,2004,BD2004DHS,FP_CUSM_W_ANY,32633010,I,360003,1360030,Region,..Chattogram,0,,0,1,FPCUSMWANY,BDDHS2004360003,2004,DHS,1862.0,1883.0,,,1.0
BGD,Sylhet,7179558,Married women currently using any method of contraception,31.9,1,BD,Bangladesh,2004,BD2004DHS,FP_CUSM_W_ANY,32633010,I,360004,1360040,Region,..Sylhet,0,,0,1,FPCUSMWANY,BDDHS2004360004,2004,DHS,636.0,1018.0,,,1.0
BGD,Dhaka before 2015,2973864,Married women currently using any method of contraception,59.7,1,BD,Bangladesh,2004,BD2004DHS,FP_CUSM_W_ANY,32633010,I,360005,1360050,Region,Dhaka before 2015,0,,0,1,FPCUSMWANY,BDDHS2004360005,2004,DHS,3266.0,2364.0,,,1.0
BGD,Khulna,196123,Married women currently using any method of contraception,64.2,1,BD,Bangladesh,2004,BD2004DHS,FP_CUSM_W_ANY,32633010,I,360006,1360060,Region,Khulna,0,,0,1,FPCUSMWANY,BDDHS2004360006,2004,DHS,1274.0,1563.0,,,1.0
BGD,Rajshahi/Rangpur,4181335,Married women currently using any method of contraception,69.0,1,BD,Bangladesh,2004,BD2004DHS,FP_CUSM_W_ANY,32633010,I,360007,1360070,Region,Rajshahi/Rangpur,0,,0,1,FPCUSMWANY,BDDHS2004360007,2004,DHS,2735.0,2335.0,,,1.0
BGD,Barishal,6864885,Married women currently using any modern method of contraception,43.0,1,BD,Bangladesh,2004,BD2004DHS,FP_CUSM_W_MOD,32633020,I,360001,1360010,Region,Barishal,0,,0,1,FPCUSMWMOD,BDDHS2004360001,2004,DHS,665.0,1254.0,,,1.0
BGD,Chattogram/Sylhet,6579889,Married women currently using any modern method of contraception,33.7,1,BD,Bangladesh,2004,BD2004DHS,FP_CUSM_W_MOD,32633020,I,360002,1360020,Region,Chattogram/Sylhet,0,,0,1,FPCUSMWMOD,BDDHS2004360002,2004,DHS,2498.0,2901.0,,,
BGD,Chattogram,4160718,Married women currently using any modern method of contraception,37.7,1,BD,Bangladesh,2004,BD2004DHS,FP_CUSM_W_MOD,32633020,I,360003,1360030,Region,..Chattogram,0,,0,1,FPCUSMWMOD,BDDHS2004360003,2004,DHS,1862.0,1883.0,,,1.0
BGD,Sylhet,7179544,Married women currently using any modern method of contraception,22.1,1,BD,Bangladesh,2004,BD2004DHS,FP_CUSM_W_MOD,32633020,I,360004,1360040,Region,..Sylhet,0,,0,1,FPCUSMWMOD,BDDHS2004360004,2004,DHS,636.0,1018.0,,,1.0
BGD,Dhaka before 2015,2973865,Married women currently using any modern method of contraception,48.8,1,BD,Bangladesh,2004,BD2004DHS,FP_CUSM_W_MOD,32633020,I,360005,1360050,Region,Dhaka before 2015,0,,0,1,FPCUSMWMOD,BDDHS2004360005,2004,DHS,3266.0,2364.0,,,1.0
BGD,Khulna,196135,Married women currently using any modern method of contraception,51.1,1,BD,Bangladesh,2004,BD2004DHS,FP_CUSM_W_MOD,32633020,I,360006,1360060,Region,Khulna,0,,0,1,FPCUSMWMOD,BDDHS2004360006,2004,DHS,1274.0,1563.0,,,1.0
BGD,Rajshahi/Rangpur,4181336,Married women currently using any modern method of contraception,58.4,1,BD,Bangladesh,2004,BD2004DHS,FP_CUSM_W_MOD,32633020,I,360007,1360070,Region,Rajshahi/Rangpur,0,,0,1,FPCUSMWMOD,BDDHS2004360007,2004,DHS,2735.0,2335.0,,,1.0
BGD,Barishal,7084942,Unmet need for family planning,17.6,1,BD,Bangladesh,2004,BD2004DHS,FP_NADM_W_UNT,32933030,I,360001,1360010,Region,Barishal,0,,0,1,FPNADMWUNT,BDDHS2004360001,2004,DHS,665.0,1254.0,,,1.0
BGD,Chattogram/Sylhet,2738666,Unmet need for family planning,22.0,1,BD,Bangladesh,2004,BD2004DHS,FP_NADM_W_UNT,32933030,I,360002,1360020,Region,Chattogram/Sylhet,0,,0,1,FPNADMWUNT,BDDHS2004360002,2004,DHS,2498.0,2901.0,,,
BGD,Chattogram,5264235,Unmet need for family planning,21.3,1,BD,Bangladesh,2004,BD2004DHS,FP_NADM_W_UNT,32933030,I,360003,1360030,Region,..Chattogram,0,,0,1,FPNADMWUNT,BDDHS2004360003,2004,DHS,1862.0,1883.0,,,1.0
BGD,Sylhet,3534012,Unmet need for family planning,24.1,1,BD,Bangladesh,2004,BD2004DHS,FP_NADM_W_UNT,32933030,I,360004,1360040,Region,..Sylhet,0,,0,1,FPNADMWUNT,BDDHS2004360004,2004,DHS,636.0,1018.0,,,1.0
BGD,Dhaka before 2015,1559210,Unmet need for family planning,14.1,1,BD,Bangladesh,2004,BD2004DHS,FP_NADM_W_UNT,32933030,I,360005,1360050,Region,Dhaka before 2015,0,,0,1,FPNADMWUNT,BDDHS2004360005,2004,DHS,3266.0,2364.0,,,1.0
BGD,Khulna,6226534,Unmet need for family planning,12.6,1,BD,Bangladesh,2004,BD2004DHS,FP_NADM_W_UNT,32933030,I,360006,1360060,Region,Khulna,0,,0,1,FPNADMWUNT,BDDHS2004360006,2004,DHS,1274.0,1563.0,,,1.0
BGD,Rajshahi/Rangpur,1544699,Unmet need for family planning,10.2,1,BD,Bangladesh,2004,BD2004DHS,FP_NADM_W_UNT,32933030,I,360007,1360070,Region,Rajshahi/Rangpur,0,,0,1,FPNADMWUNT,BDDHS2004360007,2004,DHS,2735.0,2335.0,,,1.0
BGD,Barishal,1566142,Demand for family planning satisfied by modern methods,59.5,1,BD,Bangladesh,2004,BD2004DHS,FP_NADM_W_PDM,32933150,I,360001,1360010,Region,Barishal,0,,0,1,FPNADMWPDM,BDDHS2004360001,2004,DHS,480.0,923.0,,,1.0
BGD,Chattogram/Sylhet,5338299,Demand for family planning satisfied by modern methods,51.5,1,BD,Bangladesh,2004,BD2004DHS,FP_NADM_W_PDM,32933150,I,360002,1360020,Region,Chattogram/Sylhet,0,,0,1,FPNADMWPDM,BDDHS2004360002,2004,DHS,1637.0,1904.0,,,
BGD,Chattogram,6290372,Demand for family planning satisfied by modern methods,54.8,1,BD,Bangladesh,2004,BD2004DHS,FP_NADM_W_PDM,32933150,I,360003,1360030,Region,..Chattogram,0,,0,1,FPNADMWPDM,BDDHS2004360003,2004,DHS,1281.0,1310.0,,,1.0
BGD,Sylhet,6748804,Demand for family planning satisfied by modern methods,39.5,1,BD,Bangladesh,2004,BD2004DHS,FP_NADM_W_PDM,32933150,I,360004,1360040,Region,..Sylhet,0,,0,1,FPNADMWPDM,BDDHS2004360004,2004,DHS,356.0,594.0,,,1.0
BGD,Dhaka before 2015,6063009,Demand for family planning satisfied by modern methods,66.2,1,BD,Bangladesh,2004,BD2004DHS,FP_NADM_W_PDM,32933150,I,360005,1360050,Region,Dhaka before 2015,0,,0,1,FPNADMWPDM,BDDHS2004360005,2004,DHS,2410.0,1757.0,,,1.0
BGD,Khulna,3682130,Demand for family planning satisfied by modern methods,66.5,1,BD,Bangladesh,2004,BD2004DHS,FP_NADM_W_PDM,32933150,I,360006,1360060,Region,Khulna,0,,0,1,FPNADMWPDM,BDDHS2004360006,2004,DHS,979.0,1210.0,,,1.0
BGD,Rajshahi/Rangpur,7024601,Demand for family planning satisfied by modern methods,73.8,1,BD,Bangladesh,2004,BD2004DHS,FP_NADM_W_PDM,32933150,I,360007,1360070,Region,Rajshahi/Rangpur,0,,0,1,FPNADMWPDM,BDDHS2004360007,2004,DHS,2165.0,1848.0,,,1.0
BGD,Barishal,1429186,Median age at first marriage [Women]: 25-49,14.8,1,BD,Bangladesh,2004,BD2004DHS,MA_AAFM_W_M2B,41633090,I,360001,1360010,Region,Barishal,0,,0,1,MAAAFMWM2B,BDDHS2004360001,2004,DHS,,,,,1.0
BGD,Chattogram/Sylhet,1429201,Median age at first marriage [Women]: 25-49,15.3,1,BD,Bangladesh,2004,BD2004DHS,MA_AAFM_W_M2B,41633090,I,360002,1360020,Region,Chattogram/Sylhet,0,,0,1,MAAAFMWM2B,BDDHS2004360002,2004,DHS,,,,,
BGD,Chattogram,5380610,Median age at first marriage [Women]: 25-49,15.2,1,BD,Bangladesh,2004,BD2004DHS,MA_AAFM_W_M2B,41633090,I,360003,1360030,Region,..Chattogram,0,,0,1,MAAAFMWM2B,BDDHS2004360003,2004,DHS,,,,,1.0
BGD,Sylhet,1421049,Median age at first marriage [Women]: 25-49,15.5,1,BD,Bangladesh,2004,BD2004DHS,MA_AAFM_W_M2B,41633090,I,360004,1360040,Region,..Sylhet,0,,0,1,MAAAFMWM2B,BDDHS2004360004,2004,DHS,,,,,1.0
BGD,Dhaka before 2015,1404779,Median age at first marriage [Women]: 25-49,14.5,1,BD,Bangladesh,2004,BD2004DHS,MA_AAFM_W_M2B,41633090,I,360005,1360050,Region,Dhaka before 2015,0,,0,1,MAAAFMWM2B,BDDHS2004360005,2004,DHS,,,,,1.0
BGD,Khulna,1421043,Median age at first marriage [Women]: 25-49,14.2,1,BD,Bangladesh,2004,BD2004DHS,MA_AAFM_W_M2B,41633090,I,360006,1360060,Region,Khulna,0,,0,1,MAAAFMWM2B,BDDHS2004360006,2004,DHS,,,,,1.0
BGD,Rajshahi/Rangpur,1412109,Median age at first marriage [Women]: 25-49,14.0,1,BD,Bangladesh,2004,BD2004DHS,MA_AAFM_W_M2B,41633090,I,360007,1360070,Region,Rajshahi/Rangpur,0,,0,1,MAAAFMWM2B,BDDHS2004360007,2004,DHS,,,,,1.0
BGD,Barishal,7452888,Infant mortality rate,61.0,0,BD,Bangladesh,2004,BD2004DHS,CM_ECMR_C_IMR,63206030,I,360001,1360010,Region,Barishal,14003,Ten years preceding the survey,0,1,CMECMRCIMR,BDDHS2004360001,2004,DHS,,,45.0,78.0,1.0
BGD,Chattogram/Sylhet,7664123,Infant mortality rate,76.0,0,BD,Bangladesh,2004,BD2004DHS,CM_ECMR_C_IMR,63206030,I,360002,1360020,Region,Chattogram/Sylhet,14003,Ten years preceding the survey,0,1,CMECMRCIMR,BDDHS2004360002,2004,DHS,,,68.0,85.0,
BGD,Chattogram,1734786,Infant mortality rate,67.0,0,BD,Bangladesh,2004,BD2004DHS,CM_ECMR_C_IMR,63206030,I,360003,1360030,Region,..Chattogram,14003,Ten years preceding the survey,0,1,CMECMRCIMR,BDDHS2004360003,2004,DHS,,,59.0,76.0,1.0
BGD,Sylhet,7892206,Infant mortality rate,100.0,0,BD,Bangladesh,2004,BD2004DHS,CM_ECMR_C_IMR,63206030,I,360004,1360040,Region,..Sylhet,14003,Ten years preceding the survey,0,1,CMECMRCIMR,BDDHS2004360004,2004,DHS,,,80.0,120.0,1.0
BGD,Dhaka before 2015,1734761,Infant mortality rate,75.0,0,BD,Bangladesh,2004,BD2004DHS,CM_ECMR_C_IMR,63206030,I,360005,1360050,Region,Dhaka before 2015,14003,Ten years preceding the survey,0,1,CMECMRCIMR,BDDHS2004360005,2004,DHS,,,63.0,86.0,1.0
BGD,Khulna,7824255,Infant mortality rate,66.0,0,BD,Bangladesh,2004,BD2004DHS,CM_ECMR_C_IMR,63206030,I,360006,1360060,Region,Khulna,14003,Ten years preceding the survey,0,1,CMECMRCIMR,BDDHS2004360006,2004,DHS,,,52.0,80.0,1.0
BGD,Rajshahi/Rangpur,1722322,Infant mortality rate,70.0,0,BD,Bangladesh,2004,BD2004DHS,CM_ECMR_C_IMR,63206030,I,360007,1360070,Region,Rajshahi/Rangpur,14003,Ten years preceding the survey,0,1,CMECMRCIMR,BDDHS2004360007,2004,DHS,,,57.0,83.0,1.0
BGD,Barishal,1739877,Under-five mortality rate,92.0,0,BD,Bangladesh,2004,BD2004DHS,CM_ECMR_C_U5M,63206050,I,360001,1360010,Region,Barishal,14003,Ten years preceding the survey,0,1,CMECMRCU5M,BDDHS2004360001,2004,DHS,,,73.0,110.0,1.0
BGD,Chattogram/Sylhet,7555162,Under-five mortality rate,110.0,0,BD,Bangladesh,2004,BD2004DHS,CM_ECMR_C_U5M,63206050,I,360002,1360020,Region,Chattogram/Sylhet,14003,Ten years preceding the survey,0,1,CMECMRCU5M,BDDHS2004360002,2004,DHS,,,99.0,121.0,
BGD,Chattogram,7962685,Under-five mortality rate,103.0,0,BD,Bangladesh,2004,BD2004DHS,CM_ECMR_C_U5M,63206050,I,360003,1360030,Region,..Chattogram,14003,Ten years preceding the survey,0,1,CMECMRCU5M,BDDHS2004360003,2004,DHS,,,92.0,115.0,1.0
BGD,Sylhet,1728544,Under-five mortality rate,126.0,0,BD,Bangladesh,2004,BD2004DHS,CM_ECMR_C_U5M,63206050,I,360004,1360040,Region,..Sylhet,14003,Ten years preceding the survey,0,1,CMECMRCU5M,BDDHS2004360004,2004,DHS,,,101.0,151.0,1.0
BGD,Dhaka before 2015,7863649,Under-five mortality rate,99.0,0,BD,Bangladesh,2004,BD2004DHS,CM_ECMR_C_U5M,63206050,I,360005,1360050,Region,Dhaka before 2015,14003,Ten years preceding the survey,0,1,CMECMRCU5M,BDDHS2004360005,2004,DHS,,,85.0,114.0,1.0
BGD,Khulna,3014141,Under-five mortality rate,78.0,0,BD,Bangladesh,2004,BD2004DHS,CM_ECMR_C_U5M,63206050,I,360006,1360060,Region,Khulna,14003,Ten years preceding the survey,0,1,CMECMRCU5M,BDDHS2004360006,2004,DHS,,,63.0,93.0,1.0
BGD,Rajshahi/Rangpur,7774220,Under-five mortality rate,86.0,0,BD,Bangladesh,2004,BD2004DHS,CM_ECMR_C_U5M,63206050,I,360007,1360070,Region,Rajshahi/Rangpur,14003,Ten years preceding the survey,0,1,CMECMRCU5M,BDDHS2004360007,2004,DHS,,,72.0,101.0,1.0
BGD,Barishal,3037119,Place of delivery: Health facility,7.0,1,BD,Bangladesh,2004,BD2004DHS,RH_DELP_C_DHF,83566070,I,360001,1360010,Region,Barishal,14000,Three years preceding the survey,0,0,RHDELPCDHF,BDDHS2004360001,2004,DHS,237.0,433.0,,,1.0
BGD,Barishal,4318568,Place of delivery: Health facility,5.6,1,BD,Bangladesh,2004,BD2004DHS,RH_DELP_C_DHF,83566070,I,360001,1360010,Region,Barishal,14001,Five years preceding the survey,0,0,RHDELPCDHF,BDDHS2004360001,2004,DHS,410.0,752.0,,,1.0
BGD,Barishal,5867464,Place of delivery: Health facility,7.1,1,BD,Bangladesh,2004,BD2004DHS,RH_DELP_C_DHF,83566070,I,360001,1360010,Region,Barishal,14002,Two years preceding the survey,0,1,RHDELPCDHF,BDDHS2004360001,2004,DHS,160.0,287.0,,,1.0
BGD,Chattogram/Sylhet,7218282,Place of delivery: Health facility,7.9,1,BD,Bangladesh,2004,BD2004DHS,RH_DELP_C_DHF,83566070,I,360002,1360020,Region,Chattogram/Sylhet,14000,Three years preceding the survey,0,0,RHDELPCDHF,BDDHS2004360002,2004,DHS,1287.0,1490.0,,,
BGD,Chattogram/Sylhet,270833,Place of delivery: Health facility,7.1,1,BD,Bangladesh,2004,BD2004DHS,RH_DELP_C_DHF,83566070,I,360002,1360020,Region,Chattogram/Sylhet,14001,Five years preceding the survey,0,0,RHDELPCDHF,BDDHS2004360002,2004,DHS,2125.0,2444.0,,,
BGD,Chattogram/Sylhet,3635766,Place of delivery: Health facility,7.9,1,BD,Bangladesh,2004,BD2004DHS,RH_DELP_C_DHF,83566070,I,360002,1360020,Region,Chattogram/Sylhet,14002,Two years preceding the survey,0,1,RHDELPCDHF,BDDHS2004360002,2004,DHS,828.0,957.0,,,
BGD,Chattogram,1304009,Place of delivery: Health facility,8.0,1,BD,Bangladesh,2004,BD2004DHS,RH_DELP_C_DHF,83566070,I,360003,1360030,Region,..Chattogram,14000,Three years preceding the survey,0,0,RHDELPCDHF,BDDHS2004360003,2004,DHS,920.0,910.0,,,1.0
BGD,Chattogram,3448598,Place of delivery: Health facility,7.4,1,BD,Bangladesh,2004,BD2004DHS,RH_DELP_C_DHF,83566070,I,360003,1360030,Region,..Chattogram,14001,Five years preceding the survey,0,0,RHDELPCDHF,BDDHS2004360003,2004,DHS,1526.0,1501.0,,,1.0
BGD,Chattogram,6874287,Place of delivery: Health facility,8.0,1,BD,Bangladesh,2004,BD2004DHS,RH_DELP_C_DHF,83566070,I,360003,1360030,Region,..Chattogram,14002,Two years preceding the survey,0,1,RHDELPCDHF,BDDHS2004360003,2004,DHS,593.0,584.0,,,1.0
BGD,Sylhet,5401403,Place of delivery: Health facility,7.6,1,BD,Bangladesh,2004,BD2004DHS,RH_DELP_C_DHF,83566070,I,360004,1360040,Region,..Sylhet,14000,Three years preceding the survey,0,0,RHDELPCDHF,BDDHS2004360004,2004,DHS,366.0,580.0,,,1.0
BGD,Sylhet,5663583,Place of delivery: Health facility,6.2,1,BD,Bangladesh,2004,BD2004DHS,RH_DELP_C_DHF,83566070,I,360004,1360040,Region,..Sylhet,14001,Five years preceding the survey,0,0,RHDELPCDHF,BDDHS2004360004,2004,DHS,599.0,943.0,,,1.0
BGD,Sylhet,2615578,Place of delivery: Health facility,7.7,1,BD,Bangladesh,2004,BD2004DHS,RH_DELP_C_DHF,83566070,I,360004,1360040,Region,..Sylhet,14002,Two years preceding the survey,0,1,RHDELPCDHF,BDDHS2004360004,2004,DHS,236.0,373.0,,,1.0
BGD,Dhaka before 2015,1318114,Place of delivery: Health facility,15.7,1,BD,Bangladesh,2004,BD2004DHS,RH_DELP_C_DHF,83566070,I,360005,1360050,Region,Dhaka before 2015,14000,Three years preceding the survey,0,0,RHDELPCDHF,BDDHS2004360005,2004,DHS,1250.0,879.0,,,1.0
BGD,Dhaka before 2015,5683714,Place of delivery: Health facility,12.3,1,BD,Bangladesh,2004,BD2004DHS,RH_DELP_C_DHF,83566070,I,360005,1360050,Region,Dhaka before 2015,14001,Five years preceding the survey,0,0,RHDELPCDHF,BDDHS2004360005,2004,DHS,2174.0,1530.0,,,1.0
BGD,Dhaka before 2015,4709720,Place of delivery: Health facility,16.2,1,BD,Bangladesh,2004,BD2004DHS,RH_DELP_C_DHF,83566070,I,360005,1360050,Region,Dhaka before 2015,14002,Two years preceding the survey,0,1,RHDELPCDHF,BDDHS2004360005,2004,DHS,810.0,572.0,,,1.0
BGD,Khulna,159812,Place of delivery: Health facility,18.1,1,BD,Bangladesh,2004,BD2004DHS,RH_DELP_C_DHF,83566070,I,360006,1360060,Region,Khulna,14000,Three years preceding the survey,0,0,RHDELPCDHF,BDDHS2004360006,2004,DHS,450.0,537.0,,,1.0
BGD,Khulna,1311682,Place of delivery: Health facility,15.9,1,BD,Bangladesh,2004,BD2004DHS,RH_DELP_C_DHF,83566070,I,360006,1360060,Region,Khulna,14001,Five years preceding the survey,0,0,RHDELPCDHF,BDDHS2004360006,2004,DHS,730.0,865.0,,,1.0
BGD,Khulna,7234693,Place of delivery: Health facility,19.0,1,BD,Bangladesh,2004,BD2004DHS,RH_DELP_C_DHF,83566070,I,360006,1360060,Region,Khulna,14002,Two years preceding the survey,0,1,RHDELPCDHF,BDDHS2004360006,2004,DHS,290.0,345.0,,,1.0
BGD,Rajshahi/Rangpur,6763692,Place of delivery: Health facility,9.6,1,BD,Bangladesh,2004,BD2004DHS,RH_DELP_C_DHF,83566070,I,360007,1360070,Region,Rajshahi/Rangpur,14000,Three years preceding the survey,0,0,RHDELPCDHF,BDDHS2004360007,2004,DHS,896.0,756.0,,,1.0
BGD,Rajshahi/Rangpur,7019726,Place of delivery: Health facility,8.6,1,BD,Bangladesh,2004,BD2004DHS,RH_DELP_C_DHF,83566070,I,360007,1360070,Region,Rajshahi/Rangpur,14001,Five years preceding the survey,0,0,RHDELPCDHF,BDDHS2004360007,2004,DHS,1558.0,1309.0,,,1.0
BGD,Rajshahi/Rangpur,4213057,Place of delivery: Health facility,10.8,1,BD,Bangladesh,2004,BD2004DHS,RH_DELP_C_DHF,83566070,I,360007,1360070,Region,Rajshahi/Rangpur,14002,Two years preceding the survey,0,1,RHDELPCDHF,BDDHS2004360007,2004,DHS,605.0,503.0,,,1.0
BGD,Barishal,6078637,Fully vaccinated (8 basic antigens),72.5,1,BD,Bangladesh,2004,BD2004DHS,CH_VACC_C_BAS,93906230,I,360001,1360010,Region,Barishal,0,,0,1,CHVACCCBAS,BDDHS2004360001,2004,DHS,75.0,135.0,,,1.0
BGD,Chattogram/Sylhet,2738699,Fully vaccinated (8 basic antigens),71.3,1,BD,Bangladesh,2004,BD2004DHS,CH_VACC_C_BAS,93906230,I,360002,1360020,Region,Chattogram/Sylhet,0,,0,1,CHVACCCBAS,BDDHS2004360002,2004,DHS,372.0,429.0,,,
BGD,Chattogram,5076027,Fully vaccinated (8 basic antigens),75.1,1,BD,Bangladesh,2004,BD2004DHS,CH_VACC_C_BAS,93906230,I,360003,1360030,Region,..Chattogram,0,,0,1,CHVACCCBAS,BDDHS2004360003,2004,DHS,268.0,261.0,,,1.0
BGD,Sylhet,2058354,Fully vaccinated (8 basic antigens),61.5,1,BD,Bangladesh,2004,BD2004DHS,CH_VACC_C_BAS,93906230,I,360004,1360040,Region,..Sylhet,0,,0,1,CHVACCCBAS,BDDHS2004360004,2004,DHS,105.0,168.0,,,1.0
BGD,Dhaka before 2015,6844118,Fully vaccinated (8 basic antigens),68.8,1,BD,Bangladesh,2004,BD2004DHS,CH_VACC_C_BAS,93906230,I,360005,1360050,Region,Dhaka before 2015,0,,0,1,CHVACCCBAS,BDDHS2004360005,2004,DHS,375.0,266.0,,,1.0
BGD,Khulna,3454998,Fully vaccinated (8 basic antigens),82.8,1,BD,Bangladesh,2004,BD2004DHS,CH_VACC_C_BAS,93906230,I,360006,1360060,Region,Khulna,0,,0,1,CHVACCCBAS,BDDHS2004360006,2004,DHS,130.0,156.0,,,1.0
BGD,Rajshahi/Rangpur,2070903,Fully vaccinated (8 basic antigens),76.4,1,BD,Bangladesh,2004,BD2004DHS,CH_VACC_C_BAS,93906230,I,360007,1360070,Region,Rajshahi/Rangpur,0,,0,1,CHVACCCBAS,BDDHS2004360007,2004,DHS,313.0,261.0,,,1.0
BGD,Barishal,2581729,Treatment of diarrhea: Either ORS or RHF,58.7,1,BD,Bangladesh,2004,BD2004DHS,CH_DIAT_C_ORT,94096040,I,360001,1360010,Region,Barishal,14000,Three years preceding the survey,0,0,CHDIATCORT,BDDHS2004360001,2004,DHS,23.0,43.0,,,1.0
BGD,Barishal,6944180,Treatment of diarrhea: Either ORS or RHF,59.4,1,BD,Bangladesh,2004,BD2004DHS,CH_DIAT_C_ORT,94096040,I,360001,1360010,Region,Barishal,14001,Five years preceding the survey,0,1,CHDIATCORT,BDDHS2004360001,2004,DHS,36.0,66.0,,,1.0
BGD,Chattogram/Sylhet,6808606,Treatment of diarrhea: Either ORS or RHF,78.6,1,BD,Bangladesh,2004,BD2004DHS,CH_DIAT_C_ORT,94096040,I,360002,1360020,Region,Chattogram/Sylhet,14000,Three years preceding the survey,0,0,CHDIATCORT,BDDHS2004360002,2004,DHS,115.0,132.0,,,
BGD,Chattogram/Sylhet,2076703,Treatment of diarrhea: Either ORS or RHF,80.6,1,BD,Bangladesh,2004,BD2004DHS,CH_DIAT_C_ORT,94096040,I,360002,1360020,Region,Chattogram/Sylhet,14001,Five years preceding the survey,0,1,CHDIATCORT,BDDHS2004360002,2004,DHS,155.0,176.0,,,
BGD,Chattogram,5900325,Treatment of diarrhea: Either ORS or RHF,79.4,1,BD,Bangladesh,2004,BD2004DHS,CH_DIAT_C_ORT,94096040,I,360003,1360030,Region,..Chattogram,14000,Three years preceding the survey,0,0,CHDIATCORT,BDDHS2004360003,2004,DHS,83.0,80.0,,,1.0
BGD,Chattogram,5079261,Treatment of diarrhea: Either ORS or RHF,83.3,1,BD,Bangladesh,2004,BD2004DHS,CH_DIAT_C_ORT,94096040,I,360003,1360030,Region,..Chattogram,14001,Five years preceding the survey,0,1,CHDIATCORT,BDDHS2004360003,2004,DHS,116.0,112.0,,,1.0
BGD,Sylhet,4080366,Treatment of diarrhea: Either ORS or RHF,76.4,1,BD,Bangladesh,2004,BD2004DHS,CH_DIAT_C_ORT,94096040,I,360004,1360040,Region,..Sylhet,14000,Three years preceding the survey,0,0,CHDIATCORT,BDDHS2004360004,2004,DHS,32.0,52.0,,,1.0
BGD,Sylhet,7350575,Treatment of diarrhea: Either ORS or RHF,72.8,1,BD,Bangladesh,2004,BD2004DHS,CH_DIAT_C_ORT,94096040,I,360004,1360040,Region,..Sylhet,14001,Five years preceding the survey,0,1,CHDIATCORT,BDDHS2004360004,2004,DHS,40.0,64.0,,,1.0
BGD,Dhaka before 2015,7060651,Treatment of diarrhea: Either ORS or RHF,79.7,1,BD,Bangladesh,2004,BD2004DHS,CH_DIAT_C_ORT,94096040,I,360005,1360050,Region,Dhaka before 2015,14000,Three years preceding the survey,0,0,CHDIATCORT,BDDHS2004360005,2004,DHS,88.0,62.0,,,1.0
BGD,Dhaka before 2015,2766201,Treatment of diarrhea: Either ORS or RHF,73.2,1,BD,Bangladesh,2004,BD2004DHS,CH_DIAT_C_ORT,94096040,I,360005,1360050,Region,Dhaka before 2015,14001,Five years preceding the survey,0,1,CHDIATCORT,BDDHS2004360005,2004,DHS,132.0,91.0,,,1.0
BGD,Khulna,2058398,Treatment of diarrhea: Either ORS or RHF,69.5,1,BD,Bangladesh,2004,BD2004DHS,CH_DIAT_C_ORT,94096040,I,360006,1360060,Region,Khulna,14000,Three years preceding the survey,0,0,CHDIATCORT,BDDHS2004360006,2004,DHS,49.0,53.0,,,1.0
BGD,Khulna,6080845,Treatment of diarrhea: Either ORS or RHF,73.3,1,BD,Bangladesh,2004,BD2004DHS,CH_DIAT_C_ORT,94096040,I,360006,1360060,Region,Khulna,14001,Five years preceding the survey,0,1,CHDIATCORT,BDDHS2004360006,2004,DHS,55.0,62.0,,,1.0
BGD,Rajshahi/Rangpur,4958529,Treatment of diarrhea: Either ORS or RHF,72.1,1,BD,Bangladesh,2004,BD2004DHS,CH_DIAT_C_ORT,94096040,I,360007,1360070,Region,Rajshahi/Rangpur,14000,Three years preceding the survey,0,0,CHDIATCORT,BDDHS2004360007,2004,DHS,82.0,66.0,,,1.0
BGD,Rajshahi/Rangpur,2682309,Treatment of diarrhea: Either ORS or RHF,73.1,1,BD,Bangladesh,2004,BD2004DHS,CH_DIAT_C_ORT,94096040,I,360007,1360070,Region,Rajshahi/Rangpur,14001,Five years preceding the survey,0,1,CHDIATCORT,BDDHS2004360007,2004,DHS,107.0,89.0,,,1.0
BGD,Barishal,4953026,Children stunted,55.8,1,BD,Bangladesh,2004,BD2004DHS,CN_NUTS_C_HA2,104236020,I,360001,1360010,Region,Barishal,0,,0,1,CNNUTSCHA2,BDDHS2004360001,2004,DHS,357.0,664.0,,,1.0
BGD,Chattogram/Sylhet,1304056,Children stunted,52.9,1,BD,Bangladesh,2004,BD2004DHS,CN_NUTS_C_HA2,104236020,I,360002,1360020,Region,Chattogram/Sylhet,0,,0,1,CNNUTSCHA2,BDDHS2004360002,2004,DHS,1805.0,2105.0,,,
BGD,Chattogram,6841180,Children stunted,52.7,1,BD,Bangladesh,2004,BD2004DHS,CN_NUTS_C_HA2,104236020,I,360003,1360030,Region,..Chattogram,0,,0,1,CNNUTSCHA2,BDDHS2004360003,2004,DHS,1317.0,1314.0,,,1.0
BGD,Sylhet,824468,Children stunted,53.4,1,BD,Bangladesh,2004,BD2004DHS,CN_NUTS_C_HA2,104236020,I,360004,1360040,Region,..Sylhet,0,,0,1,CNNUTSCHA2,BDDHS2004360004,2004,DHS,488.0,791.0,,,1.0
BGD,Dhaka before 2015,1296914,Children stunted,52.8,1,BD,Bangladesh,2004,BD2004DHS,CN_NUTS_C_HA2,104236020,I,360005,1360050,Region,Dhaka before 2015,0,,0,1,CNNUTSCHA2,BDDHS2004360005,2004,DHS,1844.0,1314.0,,,1.0
BGD,Khulna,5661469,Children stunted,40.2,1,BD,Bangladesh,2004,BD2004DHS,CN_NUTS_C_HA2,104236020,I,360006,1360060,Region,Khulna,0,,0,1,CNNUTSCHA2,BDDHS2004360006,2004,DHS,666.0,799.0,,,1.0
BGD,Rajshahi/Rangpur,1289784,Children stunted,48.1,1,BD,Bangladesh,2004,BD2004DHS,CN_NUTS_C_HA2,104236020,I,360007,1360070,Region,Rajshahi/Rangpur,0,,0,1,CNNUTSCHA2,BDDHS2004360007,2004,DHS,1356.0,1155.0,,,1.0
BGD,Barishal,2861183,Children wasted,9.1,1,BD,Bangladesh,2004,BD2004DHS,CN_NUTS_C_WH2,104236050,I,360001,1360010,Region,Barishal,0,,0,1,CNNUTSCWH2,BDDHS2004360001,2004,DHS,357.0,664.0,,,1.0
BGD,Chattogram/Sylhet,5045900,Children wasted,15.7,1,BD,Bangladesh,2004,BD2004DHS,CN_NUTS_C_WH2,104236050,I,360002,1360020,Region,Chattogram/Sylhet,0,,0,1,CNNUTSCWH2,BDDHS2004360002,2004,DHS,1805.0,2105.0,,,
BGD,Chattogram,1296899,Children wasted,15.8,1,BD,Bangladesh,2004,BD2004DHS,CN_NUTS_C_WH2,104236050,I,360003,1360030,Region,..Chattogram,0,,0,1,CNNUTSCWH2,BDDHS2004360003,2004,DHS,1317.0,1314.0,,,1.0
BGD,Sylhet,164990,Children wasted,15.3,1,BD,Bangladesh,2004,BD2004DHS,CN_NUTS_C_WH2,104236050,I,360004,1360040,Region,..Sylhet,0,,0,1,CNNUTSCWH2,BDDHS2004360004,2004,DHS,488.0,791.0,,,1.0
BGD,Dhaka before 2015,6317799,Children wasted,12.8,1,BD,Bangladesh,2004,BD2004DHS,CN_NUTS_C_WH2,104236050,I,360005,1360050,Region,Dhaka before 2015,0,,0,1,CNNUTSCWH2,BDDHS2004360005,2004,DHS,1844.0,1314.0,,,1.0
BGD,Khulna,2835682,Children wasted,16.0,1,BD,Bangladesh,2004,BD2004DHS,CN_NUTS_C_WH2,104236050,I,360006,1360060,Region,Khulna,0,,0,1,CNNUTSCWH2,BDDHS2004360006,2004,DHS,666.0,799.0,,,1.0
BGD,Rajshahi/Rangpur,5706876,Children wasted,16.0,1,BD,Bangladesh,2004,BD2004DHS,CN_NUTS_C_WH2,104236050,I,360007,1360070,Region,Rajshahi/Rangpur,0,,0,1,CNNUTSCWH2,BDDHS2004360007,2004,DHS,1356.0,1155.0,,,1.0
BGD,Barishal,4527130,Children underweight,41.0,1,BD,Bangladesh,2004,BD2004DHS,CN_NUTS_C_WA2,104236090,I,360001,1360010,Region,Barishal,0,,0,1,CNNUTSCWA2,BDDHS2004360001,2004,DHS,357.0,664.0,,,1.0
BGD,Chattogram/Sylhet,5669856,Children underweight,45.7,1,BD,Bangladesh,2004,BD2004DHS,CN_NUTS_C_WA2,104236090,I,360002,1360020,Region,Chattogram/Sylhet,0,,0,1,CNNUTSCWA2,BDDHS2004360002,2004,DHS,1805.0,2105.0,,,
BGD,Chattogram,2762026,Children underweight,45.3,1,BD,Bangladesh,2004,BD2004DHS,CN_NUTS_C_WA2,104236090,I,360003,1360030,Region,..Chattogram,0,,0,1,CNNUTSCWA2,BDDHS2004360003,2004,DHS,1317.0,1314.0,,,1.0
BGD,Sylhet,5346930,Children underweight,46.8,1,BD,Bangladesh,2004,BD2004DHS,CN_NUTS_C_WA2,104236090,I,360004,1360040,Region,..Sylhet,0,,0,1,CNNUTSCWA2,BDDHS2004360004,2004,DHS,488.0,791.0,,,1.0
BGD,Dhaka before 2015,1296890,Children underweight,42.2,1,BD,Bangladesh,2004,BD2004DHS,CN_NUTS_C_WA2,104236090,I,360005,1360050,Region,Dhaka before 2015,0,,0,1,CNNUTSCWA2,BDDHS2004360005,2004,DHS,1844.0,1314.0,,,1.0
BGD,Khulna,6891529,Children underweight,34.8,1,BD,Bangladesh,2004,BD2004DHS,CN_NUTS_C_WA2,104236090,I,360006,1360060,Region,Khulna,0,,0,1,CNNUTSCWA2,BDDHS2004360006,2004,DHS,666.0,799.0,,,1.0
BGD,Rajshahi/Rangpur,6555788,Children underweight,42.8,1,BD,Bangladesh,2004,BD2004DHS,CN_NUTS_C_WA2,104236090,I,360007,1360070,Region,Rajshahi/Rangpur,0,,0,1,CNNUTSCWA2,BDDHS2004360007,2004,DHS,1356.0,1155.0,,,1.0
BGD,Barishal,1304143,Median duration of exclusive breastfeeding,1.5,1,BD,Bangladesh,2004,BD2004DHS,CN_BFDR_C_MDE,104336020,I,360001,1360010,Region,Barishal,0,,0,1,CNBFDRCMDE,BDDHS2004360001,2004,DHS,,,,,1.0
BGD,Chattogram/Sylhet,1304102,Median duration of exclusive breastfeeding,1.6,1,BD,Bangladesh,2004,BD2004DHS,CN_BFDR_C_MDE,104336020,I,360002,1360020,Region,Chattogram/Sylhet,0,,0,1,CNBFDRCMDE,BDDHS2004360002,2004,DHS,,,,,
BGD,Chattogram,5379729,Median duration of exclusive breastfeeding,2.6,1,BD,Bangladesh,2004,BD2004DHS,CN_BFDR_C_MDE,104336020,I,360003,1360030,Region,..Chattogram,0,,0,1,CNBFDRCMDE,BDDHS2004360003,2004,DHS,,,,,1.0
BGD,Sylhet,1282635,Median duration of exclusive breastfeeding,0.7,1,BD,Bangladesh,2004,BD2004DHS,CN_BFDR_C_MDE,104336020,I,360004,1360040,Region,..Sylhet,0,,0,1,CNBFDRCMDE,BDDHS2004360004,2004,DHS,,,,,1.0
BGD,Dhaka before 2015,1297092,Median duration of exclusive breastfeeding,0.7,1,BD,Bangladesh,2004,BD2004DHS,CN_BFDR_C_MDE,104336020,I,360005,1360050,Region,Dhaka before 2015,0,,0,1,CNBFDRCMDE,BDDHS2004360005,2004,DHS,,,,,1.0
BGD,Khulna,1282639,Median duration of exclusive breastfeeding,0.6,1,BD,Bangladesh,2004,BD2004DHS,CN_BFDR_C_MDE,104336020,I,360006,1360060,Region,Khulna,0,,0,1,CNBFDRCMDE,BDDHS2004360006,2004,DHS,,,,,1.0
BGD,Rajshahi/Rangpur,1289986,Median duration of exclusive breastfeeding,1.7,1,BD,Bangladesh,2004,BD2004DHS,CN_BFDR_C_MDE,104336020,I,360007,1360070,Region,Rajshahi/Rangpur,0,,0,1,CNBFDRCMDE,BDDHS2004360007,2004,DHS,,,,,1.0
BGD,Barishal,4836712,Women with secondary or higher education,33.7,1,BD,Bangladesh,2004,BD2004DHS,ED_EDUC_W_SEH,231203100,I,360001,1360010,Region,Barishal,0,,0,1,EDEDUCWSEH,BDDHS2004360001,2004,DHS,710.0,1342.0,,,1.0
BGD,Chattogram/Sylhet,5791603,Women with secondary or higher education,28.5,1,BD,Bangladesh,2004,BD2004DHS,ED_EDUC_W_SEH,231203100,I,360002,1360020,Region,Chattogram/Sylhet,0,,0,1,EDEDUCWSEH,BDDHS2004360002,2004,DHS,2741.0,3198.0,,,
BGD,Chattogram,814583,Women with secondary or higher education,32.6,1,BD,Bangladesh,2004,BD2004DHS,ED_EDUC_W_SEH,231203100,I,360003,1360030,Region,..Chattogram,0,,0,1,EDEDUCWSEH,BDDHS2004360003,2004,DHS,2023.0,2052.0,,,1.0
BGD,Sylhet,3625069,Women with secondary or higher education,17.0,1,BD,Bangladesh,2004,BD2004DHS,ED_EDUC_W_SEH,231203100,I,360004,1360040,Region,..Sylhet,0,,0,1,EDEDUCWSEH,BDDHS2004360004,2004,DHS,717.0,1146.0,,,1.0
BGD,Dhaka before 2015,1401171,Women with secondary or higher education,28.6,1,BD,Bangladesh,2004,BD2004DHS,ED_EDUC_W_SEH,231203100,I,360005,1360050,Region,Dhaka before 2015,0,,0,1,EDEDUCWSEH,BDDHS2004360005,2004,DHS,3521.0,2554.0,,,1.0
BGD,Khulna,284204,Women with secondary or higher education,35.2,1,BD,Bangladesh,2004,BD2004DHS,ED_EDUC_W_SEH,231203100,I,360006,1360060,Region,Khulna,0,,0,1,EDEDUCWSEH,BDDHS2004360006,2004,DHS,1373.0,1683.0,,,1.0
BGD,Rajshahi/Rangpur,6644656,Women with secondary or higher education,26.6,1,BD,Bangladesh,2004,BD2004DHS,ED_EDUC_W_SEH,231203100,I,360007,1360070,Region,Rajshahi/Rangpur,0,,0,1,EDEDUCWSEH,BDDHS2004360007,2004,DHS,2946.0,2523.0,,,1.0
BGD,Barishal,3693410,Households with electricity,26.2,1,BD,Bangladesh,2004,BD2004DHS,HC_ELEC_H_ELC,260321010,I,360001,1360010,Region,Barishal,0,,0,1,HCELECHELC,BDDHS2004360001,2004,DHS,634.0,1229.0,,,1.0
BGD,Chattogram/Sylhet,4724015,Households with electricity,42.0,1,BD,Bangladesh,2004,BD2004DHS,HC_ELEC_H_ELC,260321010,I,360002,1360020,Region,Chattogram/Sylhet,0,,0,1,HCELECHELC,BDDHS2004360002,2004,DHS,2452.0,2869.0,,,
BGD,Chattogram,4829445,Households with electricity,43.7,1,BD,Bangladesh,2004,BD2004DHS,HC_ELEC_H_ELC,260321010,I,360003,1360030,Region,..Chattogram,0,,0,1,HCELECHELC,BDDHS2004360003,2004,DHS,1821.0,1856.0,,,1.0
BGD,Sylhet,5861258,Households with electricity,37.2,1,BD,Bangladesh,2004,BD2004DHS,HC_ELEC_H_ELC,260321010,I,360004,1360040,Region,..Sylhet,0,,0,1,HCELECHELC,BDDHS2004360004,2004,DHS,631.0,1013.0,,,1.0
BGD,Dhaka before 2015,5685517,Households with electricity,51.3,1,BD,Bangladesh,2004,BD2004DHS,HC_ELEC_H_ELC,260321010,I,360005,1360050,Region,Dhaka before 2015,0,,0,1,HCELECHELC,BDDHS2004360005,2004,DHS,3370.0,2466.0,,,1.0
BGD,Khulna,3650133,Households with electricity,45.5,1,BD,Bangladesh,2004,BD2004DHS,HC_ELEC_H_ELC,260321010,I,360006,1360060,Region,Khulna,0,,0,1,HCELECHELC,BDDHS2004360006,2004,DHS,1290.0,1577.0,,,1.0
BGD,Rajshahi/Rangpur,1089070,Households with electricity,27.2,1,BD,Bangladesh,2004,BD2004DHS,HC_ELEC_H_ELC,260321010,I,360007,1360070,Region,Rajshahi/Rangpur,0,,0,1,HCELECHELC,BDDHS2004360007,2004,DHS,2754.0,2359.0,,,1.0
BGD,Barishal,1817088,Total fertility rate 15-49,2.8,1,BD,Bangladesh,2007,BD2007DHS,FE_FRTR_W_TFR,11763080,I,360001,1360010,Region,Barishal,0,,0,1,FEFRTRWTFR,BDDHS2007360001,2007,DHS,,,,,1.0
BGD,Chattogram/Sylhet,1817099,Total fertility rate 15-49,3.3,1,BD,Bangladesh,2007,BD2007DHS,FE_FRTR_W_TFR,11763080,I,360002,1360020,Region,Chattogram/Sylhet,0,,0,1,FEFRTRWTFR,BDDHS2007360002,2007,DHS,,,,,
BGD,Chattogram,1817080,Total fertility rate 15-49,3.2,1,BD,Bangladesh,2007,BD2007DHS,FE_FRTR_W_TFR,11763080,I,360003,1360030,Region,..Chattogram,0,,0,1,FEFRTRWTFR,BDDHS2007360003,2007,DHS,,,,,1.0
BGD,Sylhet,7874117,Total fertility rate 15-49,3.7,1,BD,Bangladesh,2007,BD2007DHS,FE_FRTR_W_TFR,11763080,I,360004,1360040,Region,..Sylhet,0,,0,1,FEFRTRWTFR,BDDHS2007360004,2007,DHS,,,,,1.0
BGD,Dhaka before 2015,1810665,Total fertility rate 15-49,2.8,1,BD,Bangladesh,2007,BD2007DHS,FE_FRTR_W_TFR,11763080,I,360005,1360050,Region,Dhaka before 2015,0,,0,1,FEFRTRWTFR,BDDHS2007360005,2007,DHS,,,,,1.0
BGD,Khulna,1796767,Total fertility rate 15-49,2.0,1,BD,Bangladesh,2007,BD2007DHS,FE_FRTR_W_TFR,11763080,I,360006,1360060,Region,Khulna,0,,0,1,FEFRTRWTFR,BDDHS2007360006,2007,DHS,,,,,1.0
BGD,Rajshahi/Rangpur,1810698,Total fertility rate 15-49,2.4,1,BD,Bangladesh,2007,BD2007DHS,FE_FRTR_W_TFR,11763080,I,360007,1360070,Region,Rajshahi/Rangpur,0,,0,1,FEFRTRWTFR,BDDHS2007360007,2007,DHS,,,,,1.0
BGD,Barishal,3027800,Married women currently using any method of contraception,56.3,1,BD,Bangladesh,2007,BD2007DHS,FP_CUSM_W_ANY,32633010,I,360001,1360010,Region,Barishal,0,,0,1,FPCUSMWANY,BDDHS2007360001,2007,DHS,626.0,1357.0,,,1.0
BGD,Chattogram/Sylhet,6457861,Married women currently using any method of contraception,40.8,1,BD,Bangladesh,2007,BD2007DHS,FP_CUSM_W_ANY,32633010,I,360002,1360020,Region,Chattogram/Sylhet,0,,0,1,FPCUSMWANY,BDDHS2007360002,2007,DHS,2512.0,3124.0,,,
BGD,Chattogram,2916713,Married women currently using any method of contraception,43.9,1,BD,Bangladesh,2007,BD2007DHS,FP_CUSM_W_ANY,32633010,I,360003,1360030,Region,..Chattogram,0,,0,1,FPCUSMWANY,BDDHS2007360003,2007,DHS,1877.0,1804.0,,,1.0
BGD,Sylhet,7871326,Married women currently using any method of contraception,31.5,1,BD,Bangladesh,2007,BD2007DHS,FP_CUSM_W_ANY,32633010,I,360004,1360040,Region,..Sylhet,0,,0,1,FPCUSMWANY,BDDHS2007360004,2007,DHS,635.0,1320.0,,,1.0
BGD,Dhaka before 2015,813450,Married women currently using any method of contraception,56.4,1,BD,Bangladesh,2007,BD2007DHS,FP_CUSM_W_ANY,32633010,I,360005,1360050,Region,Dhaka before 2015,0,,0,1,FPCUSMWANY,BDDHS2007360005,2007,DHS,3189.0,2174.0,,,1.0
BGD,Khulna,4257926,Married women currently using any method of contraception,63.1,1,BD,Bangladesh,2007,BD2007DHS,FP_CUSM_W_ANY,32633010,I,360006,1360060,Region,Khulna,0,,0,1,FPCUSMWANY,BDDHS2007360006,2007,DHS,1281.0,1564.0,,,1.0
BGD,Rajshahi/Rangpur,6517864,Married women currently using any method of contraception,65.9,1,BD,Bangladesh,2007,BD2007DHS,FP_CUSM_W_ANY,32633010,I,360007,1360070,Region,Rajshahi/Rangpur,0,,0,1,FPCUSMWANY,BDDHS2007360007,2007,DHS,2584.0,1927.0,,,1.0
BGD,Barishal,3027801,Married women currently using any modern method of contraception,47.1,1,BD,Bangladesh,2007,BD2007DHS,FP_CUSM_W_MOD,32633020,I,360001,1360010,Region,Barishal,0,,0,1,FPCUSMWMOD,BDDHS2007360001,2007,DHS,626.0,1357.0,,,1.0
BGD,Chattogram/Sylhet,6457862,Married women currently using any modern method of contraception,34.8,1,BD,Bangladesh,2007,BD2007DHS,FP_CUSM_W_MOD,32633020,I,360002,1360020,Region,Chattogram/Sylhet,0,,0,1,FPCUSMWMOD,BDDHS2007360002,2007,DHS,2512.0,3124.0,,,
BGD,Chattogram,2916714,Married women currently using any modern method of contraception,38.2,1,BD,Bangladesh,2007,BD2007DHS,FP_CUSM_W_MOD,32633020,I,360003,1360030,Region,..Chattogram,0,,0,1,FPCUSMWMOD,BDDHS2007360003,2007,DHS,1877.0,1804.0,,,1.0
BGD,Sylhet,7871327,Married women currently using any modern method of contraception,24.7,1,BD,Bangladesh,2007,BD2007DHS,FP_CUSM_W_MOD,32633020,I,360004,1360040,Region,..Sylhet,0,,0,1,FPCUSMWMOD,BDDHS2007360004,2007,DHS,635.0,1320.0,,,1.0
BGD,Dhaka before 2015,813451,Married women currently using any modern method of contraception,47.5,1,BD,Bangladesh,2007,BD2007DHS,FP_CUSM_W_MOD,32633020,I,360005,1360050,Region,Dhaka before 2015,0,,0,1,FPCUSMWMOD,BDDHS2007360005,2007,DHS,3189.0,2174.0,,,1.0
BGD,Khulna,4257927,Married women currently using any modern method of contraception,53.0,1,BD,Bangladesh,2007,BD2007DHS,FP_CUSM_W_MOD,32633020,I,360006,1360060,Region,Khulna,0,,0,1,FPCUSMWMOD,BDDHS2007360006,2007,DHS,1281.0,1564.0,,,1.0
BGD,Rajshahi/Rangpur,6517865,Married women currently using any modern method of contraception,57.1,1,BD,Bangladesh,2007,BD2007DHS,FP_CUSM_W_MOD,32633020,I,360007,1360070,Region,Rajshahi/Rangpur,0,,0,1,FPCUSMWMOD,BDDHS2007360007,2007,DHS,2584.0,1927.0,,,1.0
BGD,Barishal,5179446,Unmet need for family planning,19.6,1,BD,Bangladesh,2007,BD2007DHS,FP_NADM_W_UNT,32933030,I,360001,1360010,Region,Barishal,0,,0,1,FPNADMWUNT,BDDHS2007360001,2007,DHS,626.0,1357.0,,,1.0
BGD,Chattogram/Sylhet,6175333,Unmet need for family planning,23.5,1,BD,Bangladesh,2007,BD2007DHS,FP_NADM_W_UNT,32933030,I,360002,1360020,Region,Chattogram/Sylhet,0,,0,1,FPNADMWUNT,BDDHS2007360002,2007,DHS,2512.0,3124.0,,,
BGD,Chattogram,1556676,Unmet need for family planning,22.9,1,BD,Bangladesh,2007,BD2007DHS,FP_NADM_W_UNT,32933030,I,360003,1360030,Region,..Chattogram,0,,0,1,FPNADMWUNT,BDDHS2007360003,2007,DHS,1877.0,1804.0,,,1.0
BGD,Sylhet,7848716,Unmet need for family planning,25.4,1,BD,Bangladesh,2007,BD2007DHS,FP_NADM_W_UNT,32933030,I,360004,1360040,Region,..Sylhet,0,,0,1,FPNADMWUNT,BDDHS2007360004,2007,DHS,635.0,1320.0,,,1.0
BGD,Dhaka before 2015,1533043,Unmet need for family planning,17.0,1,BD,Bangladesh,2007,BD2007DHS,FP_NADM_W_UNT,32933030,I,360005,1360050,Region,Dhaka before 2015,0,,0,1,FPNADMWUNT,BDDHS2007360005,2007,DHS,3189.0,2174.0,,,1.0
BGD,Khulna,5003657,Unmet need for family planning,11.6,1,BD,Bangladesh,2007,BD2007DHS,FP_NADM_W_UNT,32933030,I,360006,1360060,Region,Khulna,0,,0,1,FPNADMWUNT,BDDHS2007360006,2007,DHS,1281.0,1564.0,,,1.0
BGD,Rajshahi/Rangpur,3582891,Unmet need for family planning,11.9,1,BD,Bangladesh,2007,BD2007DHS,FP_NADM_W_UNT,32933030,I,360007,1360070,Region,Rajshahi/Rangpur,0,,0,1,FPNADMWUNT,BDDHS2007360007,2007,DHS,2584.0,1927.0,,,1.0
BGD,Barishal,3156895,Demand for family planning satisfied by modern methods,62.1,1,BD,Bangladesh,2007,BD2007DHS,FP_NADM_W_PDM,32933150,I,360001,1360010,Region,Barishal,0,,0,1,FPNADMWPDM,BDDHS2007360001,2007,DHS,475.0,1027.0,,,1.0
BGD,Chattogram/Sylhet,6579681,Demand for family planning satisfied by modern methods,54.2,1,BD,Bangladesh,2007,BD2007DHS,FP_NADM_W_PDM,32933150,I,360002,1360020,Region,Chattogram/Sylhet,0,,0,1,FPNADMWPDM,BDDHS2007360002,2007,DHS,1614.0,2010.0,,,
BGD,Chattogram,4167515,Demand for family planning satisfied by modern methods,57.3,1,BD,Bangladesh,2007,BD2007DHS,FP_NADM_W_PDM,32933150,I,360003,1360030,Region,..Chattogram,0,,0,1,FPNADMWPDM,BDDHS2007360003,2007,DHS,1253.0,1224.0,,,1.0
BGD,Sylhet,7846877,Demand for family planning satisfied by modern methods,43.5,1,BD,Bangladesh,2007,BD2007DHS,FP_NADM_W_PDM,32933150,I,360004,1360040,Region,..Sylhet,0,,0,1,FPNADMWPDM,BDDHS2007360004,2007,DHS,362.0,786.0,,,1.0
BGD,Dhaka before 2015,5522825,Demand for family planning satisfied by modern methods,64.7,1,BD,Bangladesh,2007,BD2007DHS,FP_NADM_W_PDM,32933150,I,360005,1360050,Region,Dhaka before 2015,0,,0,1,FPNADMWPDM,BDDHS2007360005,2007,DHS,2340.0,1615.0,,,1.0
BGD,Khulna,3680767,Demand for family planning satisfied by modern methods,70.9,1,BD,Bangladesh,2007,BD2007DHS,FP_NADM_W_PDM,32933150,I,360006,1360060,Region,Khulna,0,,0,1,FPNADMWPDM,BDDHS2007360006,2007,DHS,958.0,1169.0,,,1.0
BGD,Rajshahi/Rangpur,6900325,Demand for family planning satisfied by modern methods,73.3,1,BD,Bangladesh,2007,BD2007DHS,FP_NADM_W_PDM,32933150,I,360007,1360070,Region,Rajshahi/Rangpur,0,,0,1,FPNADMWPDM,BDDHS2007360007,2007,DHS,2011.0,1496.0,,,1.0
BGD,Barishal,1429296,Median age at first marriage [Women]: 25-49,15.1,1,BD,Bangladesh,2007,BD2007DHS,MA_AAFM_W_M2B,41633090,I,360001,1360010,Region,Barishal,0,,0,1,MAAAFMWM2B,BDDHS2007360001,2007,DHS,,,,,1.0
BGD,Chattogram/Sylhet,1429301,Median age at first marriage [Women]: 25-49,15.8,1,BD,Bangladesh,2007,BD2007DHS,MA_AAFM_W_M2B,41633090,I,360002,1360020,Region,Chattogram/Sylhet,0,,0,1,MAAAFMWM2B,BDDHS2007360002,2007,DHS,,,,,
BGD,Chattogram,1429310,Median age at first marriage [Women]: 25-49,15.6,1,BD,Bangladesh,2007,BD2007DHS,MA_AAFM_W_M2B,41633090,I,360003,1360030,Region,..Chattogram,0,,0,1,MAAAFMWM2B,BDDHS2007360003,2007,DHS,,,,,1.0
BGD,Sylhet,7874306,Median age at first marriage [Women]: 25-49,16.4,1,BD,Bangladesh,2007,BD2007DHS,MA_AAFM_W_M2B,41633090,I,360004,1360040,Region,..Sylhet,0,,0,1,MAAAFMWM2B,BDDHS2007360004,2007,DHS,,,,,1.0
BGD,Dhaka before 2015,1404887,Median age at first marriage [Women]: 25-49,14.9,1,BD,Bangladesh,2007,BD2007DHS,MA_AAFM_W_M2B,41633090,I,360005,1360050,Region,Dhaka before 2015,0,,0,1,MAAAFMWM2B,BDDHS2007360005,2007,DHS,,,,,1.0
BGD,Khulna,1421155,Median age at first marriage [Women]: 25-49,14.7,1,BD,Bangladesh,2007,BD2007DHS,MA_AAFM_W_M2B,41633090,I,360006,1360060,Region,Khulna,0,,0,1,MAAAFMWM2B,BDDHS2007360006,2007,DHS,,,,,1.0
BGD,Rajshahi/Rangpur,1404867,Median age at first marriage [Women]: 25-49,14.7,1,BD,Bangladesh,2007,BD2007DHS,MA_AAFM_W_M2B,41633090,I,360007,1360070,Region,Rajshahi/Rangpur,0,,0,1,MAAAFMWM2B,BDDHS2007360007,2007,DHS,,,,,1.0
BGD,Barishal,7718444,Infant mortality rate,50.0,0,BD,Bangladesh,2007,BD2007DHS,CM_ECMR_C_IMR,63206030,I,360001,1360010,Region,Barishal,14003,Ten years preceding the survey,0,1,CMECMRCIMR,BDDHS2007360001,2007,DHS,,,40.0,59.0,1.0
BGD,Chattogram/Sylhet,1739947,Infant mortality rate,63.0,0,BD,Bangladesh,2007,BD2007DHS,CM_ECMR_C_IMR,63206030,I,360002,1360020,Region,Chattogram/Sylhet,14003,Ten years preceding the survey,0,1,CMECMRCIMR,BDDHS2007360002,2007,DHS,,,52.0,74.0,
BGD,Chattogram,7904063,Infant mortality rate,54.0,0,BD,Bangladesh,2007,BD2007DHS,CM_ECMR_C_IMR,63206030,I,360003,1360030,Region,..Chattogram,14003,Ten years preceding the survey,0,1,CMECMRCIMR,BDDHS2007360003,2007,DHS,,,41.0,66.0,1.0
BGD,Sylhet,7571050,Infant mortality rate,84.0,0,BD,Bangladesh,2007,BD2007DHS,CM_ECMR_C_IMR,63206030,I,360004,1360040,Region,..Sylhet,14003,Ten years preceding the survey,0,1,CMECMRCIMR,BDDHS2007360004,2007,DHS,,,64.0,104.0,1.0
BGD,Dhaka before 2015,1734850,Infant mortality rate,55.0,0,BD,Bangladesh,2007,BD2007DHS,CM_ECMR_C_IMR,63206030,I,360005,1360050,Region,Dhaka before 2015,14003,Ten years preceding the survey,0,1,CMECMRCIMR,BDDHS2007360005,2007,DHS,,,44.0,67.0,1.0
BGD,Khulna,1728598,Infant mortality rate,49.0,0,BD,Bangladesh,2007,BD2007DHS,CM_ECMR_C_IMR,63206030,I,360006,1360060,Region,Khulna,14003,Ten years preceding the survey,0,1,CMECMRCIMR,BDDHS2007360006,2007,DHS,,,35.0,62.0,1.0
BGD,Rajshahi/Rangpur,7477538,Infant mortality rate,58.0,0,BD,Bangladesh,2007,BD2007DHS,CM_ECMR_C_IMR,63206030,I,360007,1360070,Region,Rajshahi/Rangpur,14003,Ten years preceding the survey,0,1,CMECMRCIMR,BDDHS2007360007,2007,DHS,,,43.0,73.0,1.0
BGD,Barishal,7525142,Under-five mortality rate,71.0,0,BD,Bangladesh,2007,BD2007DHS,CM_ECMR_C_U5M,63206050,I,360001,1360010,Region,Barishal,14003,Ten years preceding the survey,0,1,CMECMRCU5M,BDDHS2007360001,2007,DHS,,,60.0,83.0,1.0
BGD,Chattogram/Sylhet,7789814,Under-five mortality rate,88.0,0,BD,Bangladesh,2007,BD2007DHS,CM_ECMR_C_U5M,63206050,I,360002,1360020,Region,Chattogram/Sylhet,14003,Ten years preceding the survey,0,1,CMECMRCU5M,BDDHS2007360002,2007,DHS,,,76.0,100.0,
BGD,Chattogram,1739966,Under-five mortality rate,79.0,0,BD,Bangladesh,2007,BD2007DHS,CM_ECMR_C_U5M,63206050,I,360003,1360030,Region,..Chattogram,14003,Ten years preceding the survey,0,1,CMECMRCU5M,BDDHS2007360003,2007,DHS,,,65.0,94.0,1.0
BGD,Sylhet,7892163,Under-five mortality rate,107.0,0,BD,Bangladesh,2007,BD2007DHS,CM_ECMR_C_U5M,63206050,I,360004,1360040,Region,..Sylhet,14003,Ten years preceding the survey,0,1,CMECMRCU5M,BDDHS2007360004,2007,DHS,,,84.0,131.0,1.0
BGD,Dhaka before 2015,7757876,Under-five mortality rate,69.0,0,BD,Bangladesh,2007,BD2007DHS,CM_ECMR_C_U5M,63206050,I,360005,1360050,Region,Dhaka before 2015,14003,Ten years preceding the survey,0,1,CMECMRCU5M,BDDHS2007360005,2007,DHS,,,55.0,82.0,1.0
BGD,Khulna,1728631,Under-five mortality rate,58.0,0,BD,Bangladesh,2007,BD2007DHS,CM_ECMR_C_U5M,63206050,I,360006,1360060,Region,Khulna,14003,Ten years preceding the survey,0,1,CMECMRCU5M,BDDHS2007360006,2007,DHS,,,44.0,72.0,1.0
BGD,Rajshahi/Rangpur,1734877,Under-five mortality rate,71.0,0,BD,Bangladesh,2007,BD2007DHS,CM_ECMR_C_U5M,63206050,I,360007,1360070,Region,Rajshahi/Rangpur,14003,Ten years preceding the survey,0,1,CMECMRCU5M,BDDHS2007360007,2007,DHS,,,54.0,88.0,1.0
BGD,Barishal,4593564,Place of delivery: Health facility,11.0,1,BD,Bangladesh,2007,BD2007DHS,RH_DELP_C_DHF,83566070,I,360001,1360010,Region,Barishal,14000,Three years preceding the survey,0,0,RHDELPCDHF,BDDHS2007360001,2007,DHS,219.0,448.0,,,1.0
BGD,Barishal,7149861,Place of delivery: Health facility,9.5,1,BD,Bangladesh,2007,BD2007DHS,RH_DELP_C_DHF,83566070,I,360001,1360010,Region,Barishal,14001,Five years preceding the survey,0,0,RHDELPCDHF,BDDHS2007360001,2007,DHS,383.0,791.0,,,1.0
BGD,Barishal,5165797,Place of delivery: Health facility,11.0,1,BD,Bangladesh,2007,BD2007DHS,RH_DELP_C_DHF,83566070,I,360001,1360010,Region,Barishal,14002,Two years preceding the survey,0,1,RHDELPCDHF,BDDHS2007360001,2007,DHS,137.0,279.0,,,1.0
BGD,Chattogram/Sylhet,334860,Place of delivery: Health facility,14.3,1,BD,Bangladesh,2007,BD2007DHS,RH_DELP_C_DHF,83566070,I,360002,1360020,Region,Chattogram/Sylhet,14000,Three years preceding the survey,0,0,RHDELPCDHF,BDDHS2007360002,2007,DHS,1117.0,1412.0,,,
BGD,Chattogram/Sylhet,4610102,Place of delivery: Health facility,12.0,1,BD,Bangladesh,2007,BD2007DHS,RH_DELP_C_DHF,83566070,I,360002,1360020,Region,Chattogram/Sylhet,14001,Five years preceding the survey,0,0,RHDELPCDHF,BDDHS2007360002,2007,DHS,1884.0,2393.0,,,
BGD,Chattogram/Sylhet,6249939,Place of delivery: Health facility,15.5,1,BD,Bangladesh,2007,BD2007DHS,RH_DELP_C_DHF,83566070,I,360002,1360020,Region,Chattogram/Sylhet,14002,Two years preceding the survey,0,1,RHDELPCDHF,BDDHS2007360002,2007,DHS,744.0,935.0,,,
BGD,Chattogram,2222001,Place of delivery: Health facility,15.6,1,BD,Bangladesh,2007,BD2007DHS,RH_DELP_C_DHF,83566070,I,360003,1360030,Region,..Chattogram,14000,Three years preceding the survey,0,0,RHDELPCDHF,BDDHS2007360003,2007,DHS,798.0,762.0,,,1.0
BGD,Chattogram,6714372,Place of delivery: Health facility,13.6,1,BD,Bangladesh,2007,BD2007DHS,RH_DELP_C_DHF,83566070,I,360003,1360030,Region,..Chattogram,14001,Five years preceding the survey,0,0,RHDELPCDHF,BDDHS2007360003,2007,DHS,1337.0,1275.0,,,1.0
BGD,Chattogram,3932573,Place of delivery: Health facility,16.3,1,BD,Bangladesh,2007,BD2007DHS,RH_DELP_C_DHF,83566070,I,360003,1360030,Region,..Chattogram,14002,Two years preceding the survey,0,1,RHDELPCDHF,BDDHS2007360003,2007,DHS,543.0,517.0,,,1.0
BGD,Sylhet,5429660,Place of delivery: Health facility,11.0,1,BD,Bangladesh,2007,BD2007DHS,RH_DELP_C_DHF,83566070,I,360004,1360040,Region,..Sylhet,14000,Three years preceding the survey,0,0,RHDELPCDHF,BDDHS2007360004,2007,DHS,319.0,650.0,,,1.0
BGD,Sylhet,2205751,Place of delivery: Health facility,8.2,1,BD,Bangladesh,2007,BD2007DHS,RH_DELP_C_DHF,83566070,I,360004,1360040,Region,..Sylhet,14001,Five years preceding the survey,0,0,RHDELPCDHF,BDDHS2007360004,2007,DHS,547.0,1118.0,,,1.0
BGD,Sylhet,3480156,Place of delivery: Health facility,13.3,1,BD,Bangladesh,2007,BD2007DHS,RH_DELP_C_DHF,83566070,I,360004,1360040,Region,..Sylhet,14002,Two years preceding the survey,0,1,RHDELPCDHF,BDDHS2007360004,2007,DHS,201.0,418.0,,,1.0
BGD,Dhaka before 2015,6035457,Place of delivery: Health facility,19.7,1,BD,Bangladesh,2007,BD2007DHS,RH_DELP_C_DHF,83566070,I,360005,1360050,Region,Dhaka before 2015,14000,Three years preceding the survey,0,0,RHDELPCDHF,BDDHS2007360005,2007,DHS,1132.0,771.0,,,1.0
BGD,Dhaka before 2015,5550978,Place of delivery: Health facility,16.9,1,BD,Bangladesh,2007,BD2007DHS,RH_DELP_C_DHF,83566070,I,360005,1360050,Region,Dhaka before 2015,14001,Five years preceding the survey,0,0,RHDELPCDHF,BDDHS2007360005,2007,DHS,1908.0,1285.0,,,1.0
BGD,Dhaka before 2015,2634303,Place of delivery: Health facility,22.4,1,BD,Bangladesh,2007,BD2007DHS,RH_DELP_C_DHF,83566070,I,360005,1360050,Region,Dhaka before 2015,14002,Two years preceding the survey,0,1,RHDELPCDHF,BDDHS2007360005,2007,DHS,746.0,509.0,,,1.0
BGD,Khulna,2955663,Place of delivery: Health facility,27.3,1,BD,Bangladesh,2007,BD2007DHS,RH_DELP_C_DHF,83566070,I,360006,1360060,Region,Khulna,14000,Three years preceding the survey,0,0,RHDELPCDHF,BDDHS2007360006,2007,DHS,328.0,417.0,,,1.0
BGD,Khulna,742635,Place of delivery: Health facility,22.4,1,BD,Bangladesh,2007,BD2007DHS,RH_DELP_C_DHF,83566070,I,360006,1360060,Region,Khulna,14001,Five years preceding the survey,0,0,RHDELPCDHF,BDDHS2007360006,2007,DHS,578.0,714.0,,,1.0
BGD,Khulna,4487114,Place of delivery: Health facility,28.6,1,BD,Bangladesh,2007,BD2007DHS,RH_DELP_C_DHF,83566070,I,360006,1360060,Region,Khulna,14002,Two years preceding the survey,0,1,RHDELPCDHF,BDDHS2007360006,2007,DHS,194.0,258.0,,,1.0
BGD,Rajshahi/Rangpur,6600278,Place of delivery: Health facility,15.5,1,BD,Bangladesh,2007,BD2007DHS,RH_DELP_C_DHF,83566070,I,360007,1360070,Region,Rajshahi/Rangpur,14000,Three years preceding the survey,0,0,RHDELPCDHF,BDDHS2007360007,2007,DHS,792.0,595.0,,,1.0
BGD,Rajshahi/Rangpur,3058003,Place of delivery: Health facility,13.2,1,BD,Bangladesh,2007,BD2007DHS,RH_DELP_C_DHF,83566070,I,360007,1360070,Region,Rajshahi/Rangpur,14001,Five years preceding the survey,0,0,RHDELPCDHF,BDDHS2007360007,2007,DHS,1306.0,967.0,,,1.0
BGD,Rajshahi/Rangpur,2211200,Place of delivery: Health facility,17.3,1,BD,Bangladesh,2007,BD2007DHS,RH_DELP_C_DHF,83566070,I,360007,1360070,Region,Rajshahi/Rangpur,14002,Two years preceding the survey,0,1,RHDELPCDHF,BDDHS2007360007,2007,DHS,526.0,390.0,,,1.0
BGD,Barishal,5215793,Fully vaccinated (8 basic antigens),90.2,1,BD,Bangladesh,2007,BD2007DHS,CH_VACC_C_BAS,93906230,I,360001,1360010,Region,Barishal,0,,0,1,CHVACCCBAS,BDDHS2007360001,2007,DHS,69.0,144.0,,,1.0
BGD,Chattogram/Sylhet,533998,Fully vaccinated (8 basic antigens),75.6,1,BD,Bangladesh,2007,BD2007DHS,CH_VACC_C_BAS,93906230,I,360002,1360020,Region,Chattogram/Sylhet,0,,0,1,CHVACCCBAS,BDDHS2007360002,2007,DHS,373.0,455.0,,,
BGD,Chattogram,4158903,Fully vaccinated (8 basic antigens),77.2,1,BD,Bangladesh,2007,BD2007DHS,CH_VACC_C_BAS,93906230,I,360003,1360030,Region,..Chattogram,0,,0,1,CHVACCCBAS,BDDHS2007360003,2007,DHS,278.0,267.0,,,1.0
BGD,Sylhet,7849287,Fully vaccinated (8 basic antigens),70.8,1,BD,Bangladesh,2007,BD2007DHS,CH_VACC_C_BAS,93906230,I,360004,1360040,Region,..Sylhet,0,,0,1,CHVACCCBAS,BDDHS2007360004,2007,DHS,95.0,188.0,,,1.0
BGD,Dhaka before 2015,4085946,Fully vaccinated (8 basic antigens),82.4,1,BD,Bangladesh,2007,BD2007DHS,CH_VACC_C_BAS,93906230,I,360005,1360050,Region,Dhaka before 2015,0,,0,1,CHVACCCBAS,BDDHS2007360005,2007,DHS,361.0,248.0,,,1.0
BGD,Khulna,255113,Fully vaccinated (8 basic antigens),88.9,1,BD,Bangladesh,2007,BD2007DHS,CH_VACC_C_BAS,93906230,I,360006,1360060,Region,Khulna,0,,0,1,CHVACCCBAS,BDDHS2007360006,2007,DHS,90.0,119.0,,,1.0
BGD,Rajshahi/Rangpur,2065276,Fully vaccinated (8 basic antigens),85.6,1,BD,Bangladesh,2007,BD2007DHS,CH_VACC_C_BAS,93906230,I,360007,1360070,Region,Rajshahi/Rangpur,0,,0,1,CHVACCCBAS,BDDHS2007360007,2007,DHS,253.0,195.0,,,1.0
BGD,Barishal,6551374,Treatment of diarrhea: Either ORS or RHF,74.8,1,BD,Bangladesh,2007,BD2007DHS,CH_DIAT_C_ORT,94096040,I,360001,1360010,Region,Barishal,14000,Three years preceding the survey,0,0,CHDIATCORT,BDDHS2007360001,2007,DHS,25.0,50.0,,,1.0
BGD,Barishal,4206910,Treatment of diarrhea: Either ORS or RHF,76.4,1,BD,Bangladesh,2007,BD2007DHS,CH_DIAT_C_ORT,94096040,I,360001,1360010,Region,Barishal,14001,Five years preceding the survey,0,1,CHDIATCORT,BDDHS2007360001,2007,DHS,33.0,66.0,,,1.0
BGD,Chattogram/Sylhet,2807310,Treatment of diarrhea: Either ORS or RHF,73.1,1,BD,Bangladesh,2007,BD2007DHS,CH_DIAT_C_ORT,94096040,I,360002,1360020,Region,Chattogram/Sylhet,14000,Three years preceding the survey,0,0,CHDIATCORT,BDDHS2007360002,2007,DHS,123.0,155.0,,,
BGD,Chattogram/Sylhet,6026302,Treatment of diarrhea: Either ORS or RHF,71.3,1,BD,Bangladesh,2007,BD2007DHS,CH_DIAT_C_ORT,94096040,I,360002,1360020,Region,Chattogram/Sylhet,14001,Five years preceding the survey,0,1,CHDIATCORT,BDDHS2007360002,2007,DHS,191.0,236.0,,,
BGD,Chattogram,4808941,Treatment of diarrhea: Either ORS or RHF,74.5,1,BD,Bangladesh,2007,BD2007DHS,CH_DIAT_C_ORT,94096040,I,360003,1360030,Region,..Chattogram,14000,Three years preceding the survey,0,0,CHDIATCORT,BDDHS2007360003,2007,DHS,89.0,89.0,,,1.0
BGD,Chattogram,4432126,Treatment of diarrhea: Either ORS or RHF,72.3,1,BD,Bangladesh,2007,BD2007DHS,CH_DIAT_C_ORT,94096040,I,360003,1360030,Region,..Chattogram,14001,Five years preceding the survey,0,1,CHDIATCORT,BDDHS2007360003,2007,DHS,137.0,131.0,,,1.0
BGD,Sylhet,3676556,Treatment of diarrhea: Either ORS or RHF,69.3,1,BD,Bangladesh,2007,BD2007DHS,CH_DIAT_C_ORT,94096040,I,360004,1360040,Region,..Sylhet,14000,Three years preceding the survey,0,0,CHDIATCORT,BDDHS2007360004,2007,DHS,34.0,66.0,,,1.0
BGD,Sylhet,598110,Treatment of diarrhea: Either ORS or RHF,68.6,1,BD,Bangladesh,2007,BD2007DHS,CH_DIAT_C_ORT,94096040,I,360004,1360040,Region,..Sylhet,14001,Five years preceding the survey,0,1,CHDIATCORT,BDDHS2007360004,2007,DHS,53.0,105.0,,,1.0
BGD,Dhaka before 2015,5412266,Treatment of diarrhea: Either ORS or RHF,86.9,1,BD,Bangladesh,2007,BD2007DHS,CH_DIAT_C_ORT,94096040,I,360005,1360050,Region,Dhaka before 2015,14000,Three years preceding the survey,0,0,CHDIATCORT,BDDHS2007360005,2007,DHS,142.0,96.0,,,1.0
BGD,Dhaka before 2015,2731918,Treatment of diarrhea: Either ORS or RHF,86.5,1,BD,Bangladesh,2007,BD2007DHS,CH_DIAT_C_ORT,94096040,I,360005,1360050,Region,Dhaka before 2015,14001,Five years preceding the survey,0,1,CHDIATCORT,BDDHS2007360005,2007,DHS,193.0,129.0,,,1.0
BGD,Khulna,7264964,Treatment of diarrhea: Either ORS or RHF,86.2,1,BD,Bangladesh,2007,BD2007DHS,CH_DIAT_C_ORT,94096040,I,360006,1360060,Region,Khulna,14000,Three years preceding the survey,0,0,CHDIATCORT,BDDHS2007360006,2007,DHS,35.0,41.0,,,1.0
BGD,Khulna,336550,Treatment of diarrhea: Either ORS or RHF,87.9,1,BD,Bangladesh,2007,BD2007DHS,CH_DIAT_C_ORT,94096040,I,360006,1360060,Region,Khulna,14001,Five years preceding the survey,0,1,CHDIATCORT,BDDHS2007360006,2007,DHS,48.0,58.0,,,1.0
BGD,Rajshahi/Rangpur,4551450,Treatment of diarrhea: Either ORS or RHF,86.8,1,BD,Bangladesh,2007,BD2007DHS,CH_DIAT_C_ORT,94096040,I,360007,1360070,Region,Rajshahi/Rangpur,14000,Three years preceding the survey,0,0,CHDIATCORT,BDDHS2007360007,2007,DHS,67.0,51.0,,,1.0
BGD,Rajshahi/Rangpur,5816336,Treatment of diarrhea: Either ORS or RHF,88.8,1,BD,Bangladesh,2007,BD2007DHS,CH_DIAT_C_ORT,94096040,I,360007,1360070,Region,Rajshahi/Rangpur,14001,Five years preceding the survey,0,1,CHDIATCORT,BDDHS2007360007,2007,DHS,94.0,71.0,,,1.0
BGD,Barishal,4997390,Children stunted,46.9,1,BD,Bangladesh,2007,BD2007DHS,CN_NUTS_C_HA2,104236020,I,360001,1360010,Region,Barishal,0,,0,1,CNNUTSCHA2,BDDHS2007360001,2007,DHS,340.0,711.0,,,1.0
BGD,Chattogram/Sylhet,3193505,Children stunted,45.3,1,BD,Bangladesh,2007,BD2007DHS,CN_NUTS_C_HA2,104236020,I,360002,1360020,Region,Chattogram/Sylhet,0,,0,1,CNNUTSCHA2,BDDHS2007360002,2007,DHS,1601.0,2048.0,,,
BGD,Chattogram,3589866,Children stunted,45.5,1,BD,Bangladesh,2007,BD2007DHS,CN_NUTS_C_HA2,104236020,I,360003,1360030,Region,..Chattogram,0,,0,1,CNNUTSCHA2,BDDHS2007360003,2007,DHS,1153.0,1117.0,,,1.0
BGD,Sylhet,7847349,Children stunted,44.7,1,BD,Bangladesh,2007,BD2007DHS,CN_NUTS_C_HA2,104236020,I,360004,1360040,Region,..Sylhet,0,,0,1,CNNUTSCHA2,BDDHS2007360004,2007,DHS,448.0,931.0,,,1.0
BGD,Dhaka before 2015,6239198,Children stunted,44.0,1,BD,Bangladesh,2007,BD2007DHS,CN_NUTS_C_HA2,104236020,I,360005,1360050,Region,Dhaka before 2015,0,,0,1,CNNUTSCHA2,BDDHS2007360005,2007,DHS,1671.0,1143.0,,,1.0
BGD,Khulna,799550,Children stunted,34.6,1,BD,Bangladesh,2007,BD2007DHS,CN_NUTS_C_HA2,104236020,I,360006,1360060,Region,Khulna,0,,0,1,CNNUTSCHA2,BDDHS2007360006,2007,DHS,516.0,644.0,,,1.0
BGD,Rajshahi/Rangpur,1297036,Children stunted,41.8,1,BD,Bangladesh,2007,BD2007DHS,CN_NUTS_C_HA2,104236020,I,360007,1360070,Region,Rajshahi/Rangpur,0,,0,1,CNNUTSCHA2,BDDHS2007360007,2007,DHS,1183.0,877.0,,,1.0
BGD,Barishal,3789959,Children wasted,18.0,1,BD,Bangladesh,2007,BD2007DHS,CN_NUTS_C_WH2,104236050,I,360001,1360010,Region,Barishal,0,,0,1,CNNUTSCWH2,BDDHS2007360001,2007,DHS,340.0,711.0,,,1.0
BGD,Chattogram/Sylhet,212020,Children wasted,17.8,1,BD,Bangladesh,2007,BD2007DHS,CN_NUTS_C_WH2,104236050,I,360002,1360020,Region,Chattogram/Sylhet,0,,0,1,CNNUTSCWH2,BDDHS2007360002,2007,DHS,1601.0,2048.0,,,
BGD,Chattogram,278886,Children wasted,17.6,1,BD,Bangladesh,2007,BD2007DHS,CN_NUTS_C_WH2,104236050,I,360003,1360030,Region,..Chattogram,0,,0,1,CNNUTSCWH2,BDDHS2007360003,2007,DHS,1153.0,1117.0,,,1.0
BGD,Sylhet,7872588,Children wasted,18.3,1,BD,Bangladesh,2007,BD2007DHS,CN_NUTS_C_WH2,104236050,I,360004,1360040,Region,..Sylhet,0,,0,1,CNNUTSCWH2,BDDHS2007360004,2007,DHS,448.0,931.0,,,1.0
BGD,Dhaka before 2015,4352884,Children wasted,15.4,1,BD,Bangladesh,2007,BD2007DHS,CN_NUTS_C_WH2,104236050,I,360005,1360050,Region,Dhaka before 2015,0,,0,1,CNNUTSCWH2,BDDHS2007360005,2007,DHS,1671.0,1143.0,,,1.0
BGD,Khulna,6084734,Children wasted,18.8,1,BD,Bangladesh,2007,BD2007DHS,CN_NUTS_C_WH2,104236050,I,360006,1360060,Region,Khulna,0,,0,1,CNNUTSCWH2,BDDHS2007360006,2007,DHS,516.0,644.0,,,1.0
BGD,Rajshahi/Rangpur,5407471,Children wasted,19.1,1,BD,Bangladesh,2007,BD2007DHS,CN_NUTS_C_WH2,104236050,I,360007,1360070,Region,Rajshahi/Rangpur,0,,0,1,CNNUTSCWH2,BDDHS2007360007,2007,DHS,1183.0,877.0,,,1.0
BGD,Barishal,6422211,Children underweight,45.6,1,BD,Bangladesh,2007,BD2007DHS,CN_NUTS_C_WA2,104236090,I,360001,1360010,Region,Barishal,0,,0,1,CNNUTSCWA2,BDDHS2007360001,2007,DHS,340.0,711.0,,,1.0
BGD,Chattogram/Sylhet,3233164,Children underweight,41.7,1,BD,Bangladesh,2007,BD2007DHS,CN_NUTS_C_WA2,104236090,I,360002,1360020,Region,Chattogram/Sylhet,0,,0,1,CNNUTSCWA2,BDDHS2007360002,2007,DHS,1601.0,2048.0,,,
BGD,Chattogram,4980738,Children underweight,41.6,1,BD,Bangladesh,2007,BD2007DHS,CN_NUTS_C_WA2,104236090,I,360003,1360030,Region,..Chattogram,0,,0,1,CNNUTSCWA2,BDDHS2007360003,2007,DHS,1153.0,1117.0,,,1.0
BGD,Sylhet,7871660,Children underweight,42.1,1,BD,Bangladesh,2007,BD2007DHS,CN_NUTS_C_WA2,104236090,I,360004,1360040,Region,..Sylhet,0,,0,1,CNNUTSCWA2,BDDHS2007360004,2007,DHS,448.0,931.0,,,1.0
BGD,Dhaka before 2015,3186801,Children underweight,39.9,1,BD,Bangladesh,2007,BD2007DHS,CN_NUTS_C_WA2,104236090,I,360005,1360050,Region,Dhaka before 2015,0,,0,1,CNNUTSCWA2,BDDHS2007360005,2007,DHS,1671.0,1143.0,,,1.0
BGD,Khulna,7406842,Children underweight,34.1,1,BD,Bangladesh,2007,BD2007DHS,CN_NUTS_C_WA2,104236090,I,360006,1360060,Region,Khulna,0,,0,1,CNNUTSCWA2,BDDHS2007360006,2007,DHS,516.0,644.0,,,1.0
BGD,Rajshahi/Rangpur,4163360,Children underweight,43.3,1,BD,Bangladesh,2007,BD2007DHS,CN_NUTS_C_WA2,104236090,I,360007,1360070,Region,Rajshahi/Rangpur,0,,0,1,CNNUTSCWA2,BDDHS2007360007,2007,DHS,1183.0,877.0,,,1.0
BGD,Barishal,1304206,Median duration of exclusive breastfeeding,0.7,1,BD,Bangladesh,2007,BD2007DHS,CN_BFDR_C_MDE,104336020,I,360001,1360010,Region,Barishal,0,,0,1,CNBFDRCMDE,BDDHS2007360001,2007,DHS,,,,,1.0
BGD,Chattogram/Sylhet,1304203,Median duration of exclusive breastfeeding,2.9,1,BD,Bangladesh,2007,BD2007DHS,CN_BFDR_C_MDE,104336020,I,360002,1360020,Region,Chattogram/Sylhet,0,,0,1,CNBFDRCMDE,BDDHS2007360002,2007,DHS,,,,,
BGD,Chattogram,1304199,Median duration of exclusive breastfeeding,3.0,1,BD,Bangladesh,2007,BD2007DHS,CN_BFDR_C_MDE,104336020,I,360003,1360030,Region,..Chattogram,0,,0,1,CNBFDRCMDE,BDDHS2007360003,2007,DHS,,,,,1.0
BGD,Sylhet,7874312,Median duration of exclusive breastfeeding,2.5,1,BD,Bangladesh,2007,BD2007DHS,CN_BFDR_C_MDE,104336020,I,360004,1360040,Region,..Sylhet,0,,0,1,CNBFDRCMDE,BDDHS2007360004,2007,DHS,,,,,1.0
BGD,Dhaka before 2015,1297122,Median duration of exclusive breastfeeding,1.9,1,BD,Bangladesh,2007,BD2007DHS,CN_BFDR_C_MDE,104336020,I,360005,1360050,Region,Dhaka before 2015,0,,0,1,CNBFDRCMDE,BDDHS2007360005,2007,DHS,,,,,1.0
BGD,Khulna,1282659,Median duration of exclusive breastfeeding,2.1,1,BD,Bangladesh,2007,BD2007DHS,CN_BFDR_C_MDE,104336020,I,360006,1360060,Region,Khulna,0,,0,1,CNBFDRCMDE,BDDHS2007360006,2007,DHS,,,,,1.0
BGD,Rajshahi/Rangpur,1297188,Median duration of exclusive breastfeeding,2.5,1,BD,Bangladesh,2007,BD2007DHS,CN_BFDR_C_MDE,104336020,I,360007,1360070,Region,Rajshahi/Rangpur,0,,0,1,CNBFDRCMDE,BDDHS2007360007,2007,DHS,,,,,1.0
BGD,Barishal,3617009,Physical or sexual violence committed by husband/partner,57.1,1,BD,Bangladesh,2007,BD2007DHS,DV_SPVL_W_POS,197433060,I,360001,1360010,Region,Barishal,631001,Ever-married,0,0,DVSPVLWPOS,BDDHS2007360001,2007,DHS,274.0,600.0,,,1.0
BGD,Chattogram/Sylhet,5619336,Physical or sexual violence committed by husband/partner,46.2,1,BD,Bangladesh,2007,BD2007DHS,DV_SPVL_W_POS,197433060,I,360002,1360020,Region,Chattogram/Sylhet,631001,Ever-married,0,0,DVSPVLWPOS,BDDHS2007360002,2007,DHS,1098.0,1338.0,,,
BGD,Chattogram,5894311,Physical or sexual violence committed by husband/partner,47.7,1,BD,Bangladesh,2007,BD2007DHS,DV_SPVL_W_POS,197433060,I,360003,1360030,Region,..Chattogram,631001,Ever-married,0,0,DVSPVLWPOS,BDDHS2007360003,2007,DHS,814.0,760.0,,,1.0
BGD,Sylhet,794980,Physical or sexual violence committed by husband/partner,41.7,1,BD,Bangladesh,2007,BD2007DHS,DV_SPVL_W_POS,197433060,I,360004,1360040,Region,..Sylhet,631001,Ever-married,0,0,DVSPVLWPOS,BDDHS2007360004,2007,DHS,283.0,578.0,,,1.0
BGD,Dhaka before 2015,6811772,Physical or sexual violence committed by husband/partner,54.3,1,BD,Bangladesh,2007,BD2007DHS,DV_SPVL_W_POS,197433060,I,360005,1360050,Region,Dhaka before 2015,631001,Ever-married,0,0,DVSPVLWPOS,BDDHS2007360005,2007,DHS,1433.0,982.0,,,1.0
BGD,Khulna,3621825,Physical or sexual violence committed by husband/partner,53.9,1,BD,Bangladesh,2007,BD2007DHS,DV_SPVL_W_POS,197433060,I,360006,1360060,Region,Khulna,631001,Ever-married,0,0,DVSPVLWPOS,BDDHS2007360006,2007,DHS,548.0,689.0,,,1.0
BGD,Rajshahi/Rangpur,2047773,Physical or sexual violence committed by husband/partner,57.8,1,BD,Bangladesh,2007,BD2007DHS,DV_SPVL_W_POS,197433060,I,360007,1360070,Region,Rajshahi/Rangpur,631001,Ever-married,0,0,DVSPVLWPOS,BDDHS2007360007,2007,DHS,1115.0,858.0,,,1.0
BGD,Barishal,2583621,Women with secondary or higher education,37.0,1,BD,Bangladesh,2007,BD2007DHS,ED_EDUC_W_SEH,231203100,I,360001,1360010,Region,Barishal,0,,0,1,EDEDUCWSEH,BDDHS2007360001,2007,DHS,662.0,1438.0,,,1.0
BGD,Chattogram/Sylhet,6280033,Women with secondary or higher education,35.7,1,BD,Bangladesh,2007,BD2007DHS,ED_EDUC_W_SEH,231203100,I,360002,1360020,Region,Chattogram/Sylhet,0,,0,1,EDEDUCWSEH,BDDHS2007360002,2007,DHS,2730.0,3427.0,,,
BGD,Chattogram,125408,Women with secondary or higher education,39.4,1,BD,Bangladesh,2007,BD2007DHS,ED_EDUC_W_SEH,231203100,I,360003,1360030,Region,..Chattogram,0,,0,1,EDEDUCWSEH,BDDHS2007360003,2007,DHS,2023.0,1943.0,,,1.0
BGD,Sylhet,7870448,Women with secondary or higher education,25.1,1,BD,Bangladesh,2007,BD2007DHS,ED_EDUC_W_SEH,231203100,I,360004,1360040,Region,..Sylhet,0,,0,1,EDEDUCWSEH,BDDHS2007360004,2007,DHS,707.0,1484.0,,,1.0
BGD,Dhaka before 2015,3586642,Women with secondary or higher education,35.5,1,BD,Bangladesh,2007,BD2007DHS,ED_EDUC_W_SEH,231203100,I,360005,1360050,Region,Dhaka before 2015,0,,0,1,EDEDUCWSEH,BDDHS2007360005,2007,DHS,3431.0,2340.0,,,1.0
BGD,Khulna,5256458,Women with secondary or higher education,39.5,1,BD,Bangladesh,2007,BD2007DHS,ED_EDUC_W_SEH,231203100,I,360006,1360060,Region,Khulna,0,,0,1,EDEDUCWSEH,BDDHS2007360006,2007,DHS,1396.0,1711.0,,,1.0
BGD,Rajshahi/Rangpur,3524440,Women with secondary or higher education,35.9,1,BD,Bangladesh,2007,BD2007DHS,ED_EDUC_W_SEH,231203100,I,360007,1360070,Region,Rajshahi/Rangpur,0,,0,1,EDEDUCWSEH,BDDHS2007360007,2007,DHS,2776.0,2080.0,,,1.0
BGD,Barishal,649908,Women who are literate,65.2,1,BD,Bangladesh,2007,BD2007DHS,ED_LITR_W_LIT,231233090,I,360001,1360010,Region,Barishal,0,,0,1,EDLITRWLIT,BDDHS2007360001,2007,DHS,662.0,1438.0,,,1.0
BGD,Chattogram/Sylhet,4346272,Women who are literate,54.9,1,BD,Bangladesh,2007,BD2007DHS,ED_LITR_W_LIT,231233090,I,360002,1360020,Region,Chattogram/Sylhet,0,,0,1,EDLITRWLIT,BDDHS2007360002,2007,DHS,2730.0,3427.0,,,
BGD,Chattogram,5867056,Women who are literate,57.3,1,BD,Bangladesh,2007,BD2007DHS,ED_LITR_W_LIT,231233090,I,360003,1360030,Region,..Chattogram,0,,0,1,EDLITRWLIT,BDDHS2007360003,2007,DHS,2023.0,1943.0,,,1.0
BGD,Sylhet,7872123,Women who are literate,48.1,1,BD,Bangladesh,2007,BD2007DHS,ED_LITR_W_LIT,231233090,I,360004,1360040,Region,..Sylhet,0,,0,1,EDLITRWLIT,BDDHS2007360004,2007,DHS,707.0,1484.0,,,1.0
BGD,Dhaka before 2015,110965,Women who are literate,53.4,1,BD,Bangladesh,2007,BD2007DHS,ED_LITR_W_LIT,231233090,I,360005,1360050,Region,Dhaka before 2015,0,,0,1,EDLITRWLIT,BDDHS2007360005,2007,DHS,3431.0,2340.0,,,1.0
BGD,Khulna,1851898,Women who are literate,57.3,1,BD,Bangladesh,2007,BD2007DHS,ED_LITR_W_LIT,231233090,I,360006,1360060,Region,Khulna,0,,0,1,EDLITRWLIT,BDDHS2007360006,2007,DHS,1396.0,1711.0,,,1.0
BGD,Rajshahi/Rangpur,5271070,Women who are literate,51.6,1,BD,Bangladesh,2007,BD2007DHS,ED_LITR_W_LIT,231233090,I,360007,1360070,Region,Rajshahi/Rangpur,0,,0,1,EDLITRWLIT,BDDHS2007360007,2007,DHS,2776.0,2080.0,,,1.0
BGD,Barishal,3357036,Households with electricity,26.5,1,BD,Bangladesh,2007,BD2007DHS,HC_ELEC_H_ELC,260321010,I,360001,1360010,Region,Barishal,0,,0,1,HCELECHELC,BDDHS2007360001,2007,DHS,658.0,1416.0,,,1.0
BGD,Chattogram/Sylhet,7442503,Households with electricity,45.7,1,BD,Bangladesh,2007,BD2007DHS,HC_ELEC_H_ELC,260321010,I,360002,1360020,Region,Chattogram/Sylhet,0,,0,1,HCELECHELC,BDDHS2007360002,2007,DHS,2497.0,3142.0,,,
BGD,Chattogram,3912947,Households with electricity,47.9,1,BD,Bangladesh,2007,BD2007DHS,HC_ELEC_H_ELC,260321010,I,360003,1360030,Region,..Chattogram,0,,0,1,HCELECHELC,BDDHS2007360003,2007,DHS,1863.0,1794.0,,,1.0
BGD,Sylhet,7849292,Households with electricity,39.0,1,BD,Bangladesh,2007,BD2007DHS,HC_ELEC_H_ELC,260321010,I,360004,1360040,Region,..Sylhet,0,,0,1,HCELECHELC,BDDHS2007360004,2007,DHS,634.0,1348.0,,,1.0
BGD,Dhaka before 2015,4884020,Households with electricity,56.8,1,BD,Bangladesh,2007,BD2007DHS,HC_ELEC_H_ELC,260321010,I,360005,1360050,Region,Dhaka before 2015,0,,0,1,HCELECHELC,BDDHS2007360005,2007,DHS,3222.0,2223.0,,,1.0
BGD,Khulna,4483999,Households with electricity,47.3,1,BD,Bangladesh,2007,BD2007DHS,HC_ELEC_H_ELC,260321010,I,360006,1360060,Region,Khulna,0,,0,1,HCELECHELC,BDDHS2007360006,2007,DHS,1329.0,1615.0,,,1.0
BGD,Rajshahi/Rangpur,1098048,Households with electricity,39.3,1,BD,Bangladesh,2007,BD2007DHS,HC_ELEC_H_ELC,260321010,I,360007,1360070,Region,Rajshahi/Rangpur,0,,0,1,HCELECHELC,BDDHS2007360007,2007,DHS,2695.0,2004.0,,,1.0
BGD,Barishal,1810809,Total fertility rate 15-49,2.3,1,BD,Bangladesh,2011,BD2011DHS,FE_FRTR_W_TFR,11763080,I,360001,1360010,Region,Barishal,0,,0,1,FEFRTRWTFR,BDDHS2011360001,2011,DHS,,,,,1.0
BGD,Chattogram/Sylhet,1804059,Total fertility rate 15-49,2.9,1,BD,Bangladesh,2011,BD2011DHS,FE_FRTR_W_TFR,11763080,I,360002,1360020,Region,Chattogram/Sylhet,0,,0,1,FEFRTRWTFR,BDDHS2011360002,2011,DHS,,,,,
BGD,Chattogram,1804087,Total fertility rate 15-49,2.8,1,BD,Bangladesh,2011,BD2011DHS,FE_FRTR_W_TFR,11763080,I,360003,1360030,Region,..Chattogram,0,,0,1,FEFRTRWTFR,BDDHS2011360003,2011,DHS,,,,,1.0
BGD,Sylhet,1804051,Total fertility rate 15-49,3.1,1,BD,Bangladesh,2011,BD2011DHS,FE_FRTR_W_TFR,11763080,I,360004,1360040,Region,..Sylhet,0,,0,1,FEFRTRWTFR,BDDHS2011360004,2011,DHS,,,,,1.0
BGD,Dhaka before 2015,1817350,Total fertility rate 15-49,2.2,1,BD,Bangladesh,2011,BD2011DHS,FE_FRTR_W_TFR,11763080,I,360005,1360050,Region,Dhaka before 2015,0,,0,1,FEFRTRWTFR,BDDHS2011360005,2011,DHS,,,,,1.0
BGD,Khulna,7210663,Total fertility rate 15-49,1.9,1,BD,Bangladesh,2011,BD2011DHS,FE_FRTR_W_TFR,11763080,I,360006,1360060,Region,Khulna,0,,0,1,FEFRTRWTFR,BDDHS2011360006,2011,DHS,,,,,1.0
BGD,Rajshahi/Rangpur,4060138,Total fertility rate 15-49,2.1,1,BD,Bangladesh,2011,BD2011DHS,FE_FRTR_W_TFR,11763080,I,360007,1360070,Region,Rajshahi/Rangpur,0,,0,1,FEFRTRWTFR,BDDHS2011360007,2011,DHS,,,,,
BGD,Rangpur,1796893,Total fertility rate 15-49,2.1,1,BD,Bangladesh,2011,BD2011DHS,FE_FRTR_W_TFR,11763080,I,360008,1360080,Region,..Rangpur,0,,0,1,FEFRTRWTFR,BDDHS2011360008,2011,DHS,,,,,1.0
BGD,Rajshahi,1796969,Total fertility rate 15-49,2.1,1,BD,Bangladesh,2011,BD2011DHS,FE_FRTR_W_TFR,11763080,I,360009,1360090,Region,..Rajshahi,0,,0,1,FEFRTRWTFR,BDDHS2011360009,2011,DHS,,,,,1.0
BGD,Barishal,3917830,Married women currently using any method of contraception,64.7,1,BD,Bangladesh,2011,BD2011DHS,FP_CUSM_W_ANY,32633010,I,360001,1360010,Region,Barishal,0,,0,1,FPCUSMWANY,BDDHS2011360001,2011,DHS,952.0,1948.0,,,1.0
BGD,Chattogram/Sylhet,1542502,Married women currently using any method of contraception,49.9,1,BD,Bangladesh,2011,BD2011DHS,FP_CUSM_W_ANY,32633010,I,360002,1360020,Region,Chattogram/Sylhet,0,,0,1,FPCUSMWANY,BDDHS2011360002,2011,DHS,3899.0,4590.0,,,
BGD,Chattogram,5584687,Married women currently using any method of contraception,51.4,1,BD,Bangladesh,2011,BD2011DHS,FP_CUSM_W_ANY,32633010,I,360003,1360030,Region,..Chattogram,0,,0,1,FPCUSMWANY,BDDHS2011360003,2011,DHS,3015.0,2689.0,,,1.0
BGD,Sylhet,6157330,Married women currently using any method of contraception,44.8,1,BD,Bangladesh,2011,BD2011DHS,FP_CUSM_W_ANY,32633010,I,360004,1360040,Region,..Sylhet,0,,0,1,FPCUSMWANY,BDDHS2011360004,2011,DHS,884.0,1901.0,,,1.0
BGD,Dhaka before 2015,5404475,Married women currently using any method of contraception,61.0,1,BD,Bangladesh,2011,BD2011DHS,FP_CUSM_W_ANY,32633010,I,360005,1360050,Region,Dhaka before 2015,0,,0,1,FPCUSMWANY,BDDHS2011360005,2011,DHS,5334.0,2844.0,,,1.0
BGD,Khulna,2645640,Married women currently using any method of contraception,66.7,1,BD,Bangladesh,2011,BD2011DHS,FP_CUSM_W_ANY,32633010,I,360006,1360060,Region,Khulna,0,,0,1,FPCUSMWANY,BDDHS2011360006,2011,DHS,1996.0,2462.0,,,1.0
BGD,Rajshahi/Rangpur,6898587,Married women currently using any method of contraception,68.2,1,BD,Bangladesh,2011,BD2011DHS,FP_CUSM_W_ANY,32633010,I,360007,1360070,Region,Rajshahi/Rangpur,0,,0,1,FPCUSMWANY,BDDHS2011360007,2011,DHS,4454.0,4772.0,,,
BGD,Rangpur,6486548,Married women currently using any method of contraception,69.4,1,BD,Bangladesh,2011,BD2011DHS,FP_CUSM_W_ANY,32633010,I,360008,1360080,Region,..Rangpur,0,,0,1,FPCUSMWANY,BDDHS2011360008,2011,DHS,1927.0,2309.0,,,1.0
BGD,Rajshahi,2986087,Married women currently using any method of contraception,67.3,1,BD,Bangladesh,2011,BD2011DHS,FP_CUSM_W_ANY,32633010,I,360009,1360090,Region,..Rajshahi,0,,0,1,FPCUSMWANY,BDDHS2011360009,2011,DHS,2526.0,2463.0,,,1.0
BGD,Barishal,3917831,Married women currently using any modern method of contraception,54.5,1,BD,Bangladesh,2011,BD2011DHS,FP_CUSM_W_MOD,32633020,I,360001,1360010,Region,Barishal,0,,0,1,FPCUSMWMOD,BDDHS2011360001,2011,DHS,952.0,1948.0,,,1.0
BGD,Chattogram/Sylhet,1542503,Married women currently using any modern method of contraception,42.4,1,BD,Bangladesh,2011,BD2011DHS,FP_CUSM_W_MOD,32633020,I,360002,1360020,Region,Chattogram/Sylhet,0,,0,1,FPCUSMWMOD,BDDHS2011360002,2011,DHS,3899.0,4590.0,,,
BGD,Chattogram,5584688,Married women currently using any modern method of contraception,44.5,1,BD,Bangladesh,2011,BD2011DHS,FP_CUSM_W_MOD,32633020,I,360003,1360030,Region,..Chattogram,0,,0,1,FPCUSMWMOD,BDDHS2011360003,2011,DHS,3015.0,2689.0,,,1.0
BGD,Sylhet,6157331,Married women currently using any modern method of contraception,35.2,1,BD,Bangladesh,2011,BD2011DHS,FP_CUSM_W_MOD,32633020,I,360004,1360040,Region,..Sylhet,0,,0,1,FPCUSMWMOD,BDDHS2011360004,2011,DHS,884.0,1901.0,,,1.0
BGD,Dhaka before 2015,5404483,Married women currently using any modern method of contraception,51.1,1,BD,Bangladesh,2011,BD2011DHS,FP_CUSM_W_MOD,32633020,I,360005,1360050,Region,Dhaka before 2015,0,,0,1,FPCUSMWMOD,BDDHS2011360005,2011,DHS,5334.0,2844.0,,,1.0
BGD,Khulna,2645641,Married women currently using any modern method of contraception,56.1,1,BD,Bangladesh,2011,BD2011DHS,FP_CUSM_W_MOD,32633020,I,360006,1360060,Region,Khulna,0,,0,1,FPCUSMWMOD,BDDHS2011360006,2011,DHS,1996.0,2462.0,,,1.0
BGD,Rajshahi/Rangpur,6898588,Married women currently using any modern method of contraception,59.3,1,BD,Bangladesh,2011,BD2011DHS,FP_CUSM_W_MOD,32633020,I,360007,1360070,Region,Rajshahi/Rangpur,0,,0,1,FPCUSMWMOD,BDDHS2011360007,2011,DHS,4454.0,4772.0,,,
BGD,Rangpur,6486549,Married women currently using any modern method of contraception,60.7,1,BD,Bangladesh,2011,BD2011DHS,FP_CUSM_W_MOD,32633020,I,360008,1360080,Region,..Rangpur,0,,0,1,FPCUSMWMOD,BDDHS2011360008,2011,DHS,1927.0,2309.0,,,1.0
BGD,Rajshahi,2986088,Married women currently using any modern method of contraception,58.3,1,BD,Bangladesh,2011,BD2011DHS,FP_CUSM_W_MOD,32633020,I,360009,1360090,Region,..Rajshahi,0,,0,1,FPCUSMWMOD,BDDHS2011360009,2011,DHS,2526.0,2463.0,,,1.0
BGD,Barishal,2662355,Unmet need for family planning,12.1,1,BD,Bangladesh,2011,BD2011DHS,FP_NADM_W_UNT,32933030,I,360001,1360010,Region,Barishal,0,,0,1,FPNADMWUNT,BDDHS2011360001,2011,DHS,952.0,1948.0,,,1.0
BGD,Chattogram/Sylhet,4875517,Unmet need for family planning,19.9,1,BD,Bangladesh,2011,BD2011DHS,FP_NADM_W_UNT,32933030,I,360002,1360020,Region,Chattogram/Sylhet,0,,0,1,FPNADMWUNT,BDDHS2011360002,2011,DHS,3899.0,4590.0,,,
BGD,Chattogram,751702,Unmet need for family planning,20.7,1,BD,Bangladesh,2011,BD2011DHS,FP_NADM_W_UNT,32933030,I,360003,1360030,Region,..Chattogram,0,,0,1,FPNADMWUNT,BDDHS2011360003,2011,DHS,3015.0,2689.0,,,1.0
BGD,Sylhet,6363255,Unmet need for family planning,17.3,1,BD,Bangladesh,2011,BD2011DHS,FP_NADM_W_UNT,32933030,I,360004,1360040,Region,..Sylhet,0,,0,1,FPNADMWUNT,BDDHS2011360004,2011,DHS,884.0,1901.0,,,1.0
BGD,Dhaka before 2015,6024424,Unmet need for family planning,13.0,1,BD,Bangladesh,2011,BD2011DHS,FP_NADM_W_UNT,32933030,I,360005,1360050,Region,Dhaka before 2015,0,,0,1,FPNADMWUNT,BDDHS2011360005,2011,DHS,5334.0,2844.0,,,1.0
BGD,Khulna,2726183,Unmet need for family planning,9.5,1,BD,Bangladesh,2011,BD2011DHS,FP_NADM_W_UNT,32933030,I,360006,1360060,Region,Khulna,0,,0,1,FPNADMWUNT,BDDHS2011360006,2011,DHS,1996.0,2462.0,,,1.0
BGD,Rajshahi/Rangpur,6982051,Unmet need for family planning,10.4,1,BD,Bangladesh,2011,BD2011DHS,FP_NADM_W_UNT,32933030,I,360007,1360070,Region,Rajshahi/Rangpur,0,,0,1,FPNADMWUNT,BDDHS2011360007,2011,DHS,4454.0,4772.0,,,
BGD,Rangpur,1549178,Unmet need for family planning,9.7,1,BD,Bangladesh,2011,BD2011DHS,FP_NADM_W_UNT,32933030,I,360008,1360080,Region,..Rangpur,0,,0,1,FPNADMWUNT,BDDHS2011360008,2011,DHS,1927.0,2309.0,,,1.0
BGD,Rajshahi,4765161,Unmet need for family planning,11.0,1,BD,Bangladesh,2011,BD2011DHS,FP_NADM_W_UNT,32933030,I,360009,1360090,Region,..Rajshahi,0,,0,1,FPNADMWUNT,BDDHS2011360009,2011,DHS,2526.0,2463.0,,,1.0
BGD,Barishal,5185653,Demand for family planning satisfied by modern methods,71.0,1,BD,Bangladesh,2011,BD2011DHS,FP_NADM_W_PDM,32933150,I,360001,1360010,Region,Barishal,0,,0,1,FPNADMWPDM,BDDHS2011360001,2011,DHS,731.0,1501.0,,,1.0
BGD,Chattogram/Sylhet,3778062,Demand for family planning satisfied by modern methods,60.7,1,BD,Bangladesh,2011,BD2011DHS,FP_NADM_W_PDM,32933150,I,360002,1360020,Region,Chattogram/Sylhet,0,,0,1,FPNADMWPDM,BDDHS2011360002,2011,DHS,2722.0,3175.0,,,
BGD,Chattogram,3021545,Demand for family planning satisfied by modern methods,61.7,1,BD,Bangladesh,2011,BD2011DHS,FP_NADM_W_PDM,32933150,I,360003,1360030,Region,..Chattogram,0,,0,1,FPNADMWPDM,BDDHS2011360003,2011,DHS,2174.0,1960.0,,,1.0
BGD,Sylhet,6499988,Demand for family planning satisfied by modern methods,56.7,1,BD,Bangladesh,2011,BD2011DHS,FP_NADM_W_PDM,32933150,I,360004,1360040,Region,..Sylhet,0,,0,1,FPNADMWPDM,BDDHS2011360004,2011,DHS,549.0,1215.0,,,1.0
BGD,Dhaka before 2015,4743304,Demand for family planning satisfied by modern methods,69.1,1,BD,Bangladesh,2011,BD2011DHS,FP_NADM_W_PDM,32933150,I,360005,1360050,Region,Dhaka before 2015,0,,0,1,FPNADMWPDM,BDDHS2011360005,2011,DHS,3946.0,2102.0,,,1.0
BGD,Khulna,4538228,Demand for family planning satisfied by modern methods,73.6,1,BD,Bangladesh,2011,BD2011DHS,FP_NADM_W_PDM,32933150,I,360006,1360060,Region,Khulna,0,,0,1,FPNADMWPDM,BDDHS2011360006,2011,DHS,1522.0,1868.0,,,1.0
BGD,Rajshahi/Rangpur,3892879,Demand for family planning satisfied by modern methods,75.4,1,BD,Bangladesh,2011,BD2011DHS,FP_NADM_W_PDM,32933150,I,360007,1360070,Region,Rajshahi/Rangpur,0,,0,1,FPNADMWPDM,BDDHS2011360007,2011,DHS,3503.0,3753.0,,,
BGD,Rangpur,5830159,Demand for family planning satisfied by modern methods,76.8,1,BD,Bangladesh,2011,BD2011DHS,FP_NADM_W_PDM,32933150,I,360008,1360080,Region,..Rangpur,0,,0,1,FPNADMWPDM,BDDHS2011360008,2011,DHS,1523.0,1825.0,,,1.0
BGD,Rajshahi,5747015,Demand for family planning satisfied by modern methods,74.3,1,BD,Bangladesh,2011,BD2011DHS,FP_NADM_W_PDM,32933150,I,360009,1360090,Region,..Rajshahi,0,,0,1,FPNADMWPDM,BDDHS2011360009,2011,DHS,1980.0,1928.0,,,1.0
BGD,Barishal,1404923,Median age at first marriage [Women]: 25-49,15.4,1,BD,Bangladesh,2011,BD2011DHS,MA_AAFM_W_M2B,41633090,I,360001,1360010,Region,Barishal,0,,0,1,MAAAFMWM2B,BDDHS2011360001,2011,DHS,,,,,1.0
BGD,Chattogram/Sylhet,1412180,Median age at first marriage [Women]: 25-49,16.5,1,BD,Bangladesh,2011,BD2011DHS,MA_AAFM_W_M2B,41633090,I,360002,1360020,Region,Chattogram/Sylhet,0,,0,1,MAAAFMWM2B,BDDHS2011360002,2011,DHS,,,,,
BGD,Chattogram,1412179,Median age at first marriage [Women]: 25-49,16.3,1,BD,Bangladesh,2011,BD2011DHS,MA_AAFM_W_M2B,41633090,I,360003,1360030,Region,..Chattogram,0,,0,1,MAAAFMWM2B,BDDHS2011360003,2011,DHS,,,,,1.0
BGD,Sylhet,1412187,Median age at first marriage [Women]: 25-49,17.2,1,BD,Bangladesh,2011,BD2011DHS,MA_AAFM_W_M2B,41633090,I,360004,1360040,Region,..Sylhet,0,,0,1,MAAAFMWM2B,BDDHS2011360004,2011,DHS,,,,,1.0
BGD,Dhaka before 2015,1429348,Median age at first marriage [Women]: 25-49,15.6,1,BD,Bangladesh,2011,BD2011DHS,MA_AAFM_W_M2B,41633090,I,360005,1360050,Region,Dhaka before 2015,0,,0,1,MAAAFMWM2B,BDDHS2011360005,2011,DHS,,,,,1.0
BGD,Khulna,7210337,Median age at first marriage [Women]: 25-49,15.1,1,BD,Bangladesh,2011,BD2011DHS,MA_AAFM_W_M2B,41633090,I,360006,1360060,Region,Khulna,0,,0,1,MAAAFMWM2B,BDDHS2011360006,2011,DHS,,,,,1.0
BGD,Rajshahi/Rangpur,4059491,Median age at first marriage [Women]: 25-49,14.9,1,BD,Bangladesh,2011,BD2011DHS,MA_AAFM_W_M2B,41633090,I,360007,1360070,Region,Rajshahi/Rangpur,0,,0,1,MAAAFMWM2B,BDDHS2011360007,2011,DHS,,,,,
BGD,Rangpur,1421216,Median age at first marriage [Women]: 25-49,14.7,1,BD,Bangladesh,2011,BD2011DHS,MA_AAFM_W_M2B,41633090,I,360008,1360080,Region,..Rangpur,0,,0,1,MAAAFMWM2B,BDDHS2011360008,2011,DHS,,,,,1.0
BGD,Rajshahi,1421201,Median age at first marriage [Women]: 25-49,15.1,1,BD,Bangladesh,2011,BD2011DHS,MA_AAFM_W_M2B,41633090,I,360009,1360090,Region,..Rajshahi,0,,0,1,MAAAFMWM2B,BDDHS2011360009,2011,DHS,,,,,1.0
BGD,Barishal,1429369,Median age at first sexual intercourse [Women]: 25-49,15.4,1,BD,Bangladesh,2011,BD2011DHS,SX_AAFS_W_M2B,51703090,I,360001,1360010,Region,Barishal,0,,0,1,SXAAFSWM2B,BDDHS2011360001,2011,DHS,,,,,1.0
BGD,Chattogram/Sylhet,1412375,Median age at first sexual intercourse [Women]: 25-49,16.5,1,BD,Bangladesh,2011,BD2011DHS,SX_AAFS_W_M2B,51703090,I,360002,1360020,Region,Chattogram/Sylhet,0,,0,1,SXAAFSWM2B,BDDHS2011360002,2011,DHS,,,,,
BGD,Chattogram,1412352,Median age at first sexual intercourse [Women]: 25-49,16.4,1,BD,Bangladesh,2011,BD2011DHS,SX_AAFS_W_M2B,51703090,I,360003,1360030,Region,..Chattogram,0,,0,1,SXAAFSWM2B,BDDHS2011360003,2011,DHS,,,,,1.0
BGD,Sylhet,1412283,Median age at first sexual intercourse [Women]: 25-49,17.3,1,BD,Bangladesh,2011,BD2011DHS,SX_AAFS_W_M2B,51703090,I,360004,1360040,Region,..Sylhet,0,,0,1,SXAAFSWM2B,BDDHS2011360004,2011,DHS,,,,,1.0
BGD,Dhaka before 2015,1437652,Median age at first sexual intercourse [Women]: 25-49,15.7,1,BD,Bangladesh,2011,BD2011DHS,SX_AAFS_W_M2B,51703090,I,360005,1360050,Region,Dhaka before 2015,0,,0,1,SXAAFSWM2B,BDDHS2011360005,2011,DHS,,,,,1.0
BGD,Khulna,7210353,Median age at first sexual intercourse [Women]: 25-49,15.2,1,BD,Bangladesh,2011,BD2011DHS,SX_AAFS_W_M2B,51703090,I,360006,1360060,Region,Khulna,0,,0,1,SXAAFSWM2B,BDDHS2011360006,2011,DHS,,,,,1.0
BGD,Rajshahi/Rangpur,4059448,Median age at first sexual intercourse [Women]: 25-49,15.0,1,BD,Bangladesh,2011,BD2011DHS,SX_AAFS_W_M2B,51703090,I,360007,1360070,Region,Rajshahi/Rangpur,0,,0,1,SXAAFSWM2B,BDDHS2011360007,2011,DHS,,,,,
BGD,Rangpur,1421305,Median age at first sexual intercourse [Women]: 25-49,14.8,1,BD,Bangladesh,2011,BD2011DHS,SX_AAFS_W_M2B,51703090,I,360008,1360080,Region,..Rangpur,0,,0,1,SXAAFSWM2B,BDDHS2011360008,2011,DHS,,,,,1.0
BGD,Rajshahi,1421317,Median age at first sexual intercourse [Women]: 25-49,15.1,1,BD,Bangladesh,2011,BD2011DHS,SX_AAFS_W_M2B,51703090,I,360009,1360090,Region,..Rajshahi,0,,0,1,SXAAFSWM2B,BDDHS2011360009,2011,DHS,,,,,1.0
BGD,Barishal,7619839,Infant mortality rate,45.0,0,BD,Bangladesh,2011,BD2011DHS,CM_ECMR_C_IMR,63206030,I,360001,1360010,Region,Barishal,14003,Ten years preceding the survey,0,1,CMECMRCIMR,BDDHS2011360001,2011,DHS,,,36.0,55.0,1.0
BGD,Chattogram/Sylhet,7462417,Infant mortality rate,49.0,0,BD,Bangladesh,2011,BD2011DHS,CM_ECMR_C_IMR,63206030,I,360002,1360020,Region,Chattogram/Sylhet,14003,Ten years preceding the survey,0,1,CMECMRCIMR,BDDHS2011360002,2011,DHS,,,42.0,55.0,
BGD,Chattogram,7906848,Infant mortality rate,43.0,0,BD,Bangladesh,2011,BD2011DHS,CM_ECMR_C_IMR,63206030,I,360003,1360030,Region,..Chattogram,14003,Ten years preceding the survey,0,1,CMECMRCIMR,BDDHS2011360003,2011,DHS,,,35.0,50.0,1.0
BGD,Sylhet,7459480,Infant mortality rate,66.0,0,BD,Bangladesh,2011,BD2011DHS,CM_ECMR_C_IMR,63206030,I,360004,1360040,Region,..Sylhet,14003,Ten years preceding the survey,0,1,CMECMRCIMR,BDDHS2011360004,2011,DHS,,,55.0,77.0,1.0
BGD,Dhaka before 2015,7852006,Infant mortality rate,49.0,0,BD,Bangladesh,2011,BD2011DHS,CM_ECMR_C_IMR,63206030,I,360005,1360050,Region,Dhaka before 2015,14003,Ten years preceding the survey,0,1,CMECMRCIMR,BDDHS2011360005,2011,DHS,,,41.0,58.0,1.0
BGD,Khulna,7464231,Infant mortality rate,42.0,0,BD,Bangladesh,2011,BD2011DHS,CM_ECMR_C_IMR,63206030,I,360006,1360060,Region,Khulna,14003,Ten years preceding the survey,0,1,CMECMRCIMR,BDDHS2011360006,2011,DHS,,,33.0,50.0,1.0
BGD,Rajshahi/Rangpur,7865243,Infant mortality rate,56.0,0,BD,Bangladesh,2011,BD2011DHS,CM_ECMR_C_IMR,63206030,I,360007,1360070,Region,Rajshahi/Rangpur,14003,Ten years preceding the survey,0,1,CMECMRCIMR,BDDHS2011360007,2011,DHS,,,48.0,65.0,
BGD,Rangpur,7650712,Infant mortality rate,50.0,0,BD,Bangladesh,2011,BD2011DHS,CM_ECMR_C_IMR,63206030,I,360008,1360080,Region,..Rangpur,14003,Ten years preceding the survey,0,1,CMECMRCIMR,BDDHS2011360008,2011,DHS,,,39.0,61.0,1.0
BGD,Rajshahi,1729659,Infant mortality rate,62.0,0,BD,Bangladesh,2011,BD2011DHS,CM_ECMR_C_IMR,63206030,I,360009,1360090,Region,..Rajshahi,14003,Ten years preceding the survey,0,1,CMECMRCIMR,BDDHS2011360009,2011,DHS,,,48.0,75.0,1.0
BGD,Barishal,7899113,Under-five mortality rate,62.0,0,BD,Bangladesh,2011,BD2011DHS,CM_ECMR_C_U5M,63206050,I,360001,1360010,Region,Barishal,14003,Ten years preceding the survey,0,1,CMECMRCU5M,BDDHS2011360001,2011,DHS,,,52.0,73.0,1.0
BGD,Chattogram/Sylhet,7858894,Under-five mortality rate,68.0,0,BD,Bangladesh,2011,BD2011DHS,CM_ECMR_C_U5M,63206050,I,360002,1360020,Region,Chattogram/Sylhet,14003,Ten years preceding the survey,0,1,CMECMRCU5M,BDDHS2011360002,2011,DHS,,,59.0,77.0,
BGD,Chattogram,1723356,Under-five mortality rate,63.0,0,BD,Bangladesh,2011,BD2011DHS,CM_ECMR_C_U5M,63206050,I,360003,1360030,Region,..Chattogram,14003,Ten years preceding the survey,0,1,CMECMRCU5M,BDDHS2011360003,2011,DHS,,,52.0,75.0,1.0
BGD,Sylhet,7697221,Under-five mortality rate,80.0,0,BD,Bangladesh,2011,BD2011DHS,CM_ECMR_C_U5M,63206050,I,360004,1360040,Region,..Sylhet,14003,Ten years preceding the survey,0,1,CMECMRCU5M,BDDHS2011360004,2011,DHS,,,69.0,91.0,1.0
BGD,Dhaka before 2015,1740972,Under-five mortality rate,62.0,0,BD,Bangladesh,2011,BD2011DHS,CM_ECMR_C_U5M,63206050,I,360005,1360050,Region,Dhaka before 2015,14003,Ten years preceding the survey,0,1,CMECMRCU5M,BDDHS2011360005,2011,DHS,,,53.0,72.0,1.0
BGD,Khulna,7539712,Under-five mortality rate,47.0,0,BD,Bangladesh,2011,BD2011DHS,CM_ECMR_C_U5M,63206050,I,360006,1360060,Region,Khulna,14003,Ten years preceding the survey,0,1,CMECMRCU5M,BDDHS2011360006,2011,DHS,,,39.0,56.0,1.0
BGD,Rajshahi/Rangpur,7450229,Under-five mortality rate,67.0,0,BD,Bangladesh,2011,BD2011DHS,CM_ECMR_C_U5M,63206050,I,360007,1360070,Region,Rajshahi/Rangpur,14003,Ten years preceding the survey,0,1,CMECMRCU5M,BDDHS2011360007,2011,DHS,,,58.0,76.0,
BGD,Rangpur,7822589,Under-five mortality rate,59.0,0,BD,Bangladesh,2011,BD2011DHS,CM_ECMR_C_U5M,63206050,I,360008,1360080,Region,..Rangpur,14003,Ten years preceding the survey,0,1,CMECMRCU5M,BDDHS2011360008,2011,DHS,,,48.0,70.0,1.0
BGD,Rajshahi,7976426,Under-five mortality rate,74.0,0,BD,Bangladesh,2011,BD2011DHS,CM_ECMR_C_U5M,63206050,I,360009,1360090,Region,..Rajshahi,14003,Ten years preceding the survey,0,1,CMECMRCU5M,BDDHS2011360009,2011,DHS,,,61.0,87.0,1.0
BGD,Barishal,6845248,Place of delivery: Health facility,22.3,1,BD,Bangladesh,2011,BD2011DHS,RH_DELP_C_DHF,83566070,I,360001,1360010,Region,Barishal,14000,Three years preceding the survey,0,0,RHDELPCDHF,BDDHS2011360001,2011,DHS,273.0,551.0,,,1.0
BGD,Barishal,2211880,Place of delivery: Health facility,18.8,1,BD,Bangladesh,2011,BD2011DHS,RH_DELP_C_DHF,83566070,I,360001,1360010,Region,Barishal,14001,Five years preceding the survey,0,0,RHDELPCDHF,BDDHS2011360001,2011,DHS,491.0,976.0,,,1.0
BGD,Barishal,5897587,Place of delivery: Health facility,23.7,1,BD,Bangladesh,2011,BD2011DHS,RH_DELP_C_DHF,83566070,I,360001,1360010,Region,Barishal,14002,Two years preceding the survey,0,1,RHDELPCDHF,BDDHS2011360001,2011,DHS,180.0,362.0,,,1.0
BGD,Chattogram/Sylhet,6271968,Place of delivery: Health facility,23.9,1,BD,Bangladesh,2011,BD2011DHS,RH_DELP_C_DHF,83566070,I,360002,1360020,Region,Chattogram/Sylhet,14000,Three years preceding the survey,0,0,RHDELPCDHF,BDDHS2011360002,2011,DHS,1551.0,1799.0,,,
BGD,Chattogram/Sylhet,5756417,Place of delivery: Health facility,20.2,1,BD,Bangladesh,2011,BD2011DHS,RH_DELP_C_DHF,83566070,I,360002,1360020,Region,Chattogram/Sylhet,14001,Five years preceding the survey,0,0,RHDELPCDHF,BDDHS2011360002,2011,DHS,2699.0,3158.0,,,
BGD,Chattogram/Sylhet,2712300,Place of delivery: Health facility,26.1,1,BD,Bangladesh,2011,BD2011DHS,RH_DELP_C_DHF,83566070,I,360002,1360020,Region,Chattogram/Sylhet,14002,Two years preceding the survey,0,1,RHDELPCDHF,BDDHS2011360002,2011,DHS,1051.0,1196.0,,,
BGD,Chattogram,2217986,Place of delivery: Health facility,24.8,1,BD,Bangladesh,2011,BD2011DHS,RH_DELP_C_DHF,83566070,I,360003,1360030,Region,..Chattogram,14000,Three years preceding the survey,0,0,RHDELPCDHF,BDDHS2011360003,2011,DHS,1176.0,1018.0,,,1.0
BGD,Chattogram,689928,Place of delivery: Health facility,20.7,1,BD,Bangladesh,2011,BD2011DHS,RH_DELP_C_DHF,83566070,I,360003,1360030,Region,..Chattogram,14001,Five years preceding the survey,0,0,RHDELPCDHF,BDDHS2011360003,2011,DHS,2017.0,1749.0,,,1.0
BGD,Chattogram,5248053,Place of delivery: Health facility,27.3,1,BD,Bangladesh,2011,BD2011DHS,RH_DELP_C_DHF,83566070,I,360003,1360030,Region,..Chattogram,14002,Two years preceding the survey,0,1,RHDELPCDHF,BDDHS2011360003,2011,DHS,806.0,694.0,,,1.0
BGD,Sylhet,5731345,Place of delivery: Health facility,21.0,1,BD,Bangladesh,2011,BD2011DHS,RH_DELP_C_DHF,83566070,I,360004,1360040,Region,..Sylhet,14000,Three years preceding the survey,0,0,RHDELPCDHF,BDDHS2011360004,2011,DHS,375.0,781.0,,,1.0
BGD,Sylhet,3108096,Place of delivery: Health facility,18.7,1,BD,Bangladesh,2011,BD2011DHS,RH_DELP_C_DHF,83566070,I,360004,1360040,Region,..Sylhet,14001,Five years preceding the survey,0,0,RHDELPCDHF,BDDHS2011360004,2011,DHS,682.0,1409.0,,,1.0
BGD,Sylhet,2217974,Place of delivery: Health facility,22.3,1,BD,Bangladesh,2011,BD2011DHS,RH_DELP_C_DHF,83566070,I,360004,1360040,Region,..Sylhet,14002,Two years preceding the survey,0,1,RHDELPCDHF,BDDHS2011360004,2011,DHS,245.0,502.0,,,1.0
BGD,Dhaka before 2015,4364952,Place of delivery: Health facility,29.9,1,BD,Bangladesh,2011,BD2011DHS,RH_DELP_C_DHF,83566070,I,360005,1360050,Region,Dhaka before 2015,14000,Three years preceding the survey,0,0,RHDELPCDHF,BDDHS2011360005,2011,DHS,1510.0,801.0,,,1.0
BGD,Dhaka before 2015,6781571,Place of delivery: Health facility,26.5,1,BD,Bangladesh,2011,BD2011DHS,RH_DELP_C_DHF,83566070,I,360005,1360050,Region,Dhaka before 2015,14001,Five years preceding the survey,0,0,RHDELPCDHF,BDDHS2011360005,2011,DHS,2727.0,1442.0,,,1.0
BGD,Dhaka before 2015,4723612,Place of delivery: Health facility,31.0,1,BD,Bangladesh,2011,BD2011DHS,RH_DELP_C_DHF,83566070,I,360005,1360050,Region,Dhaka before 2015,14002,Two years preceding the survey,0,1,RHDELPCDHF,BDDHS2011360005,2011,DHS,1006.0,535.0,,,1.0
BGD,Khulna,5593692,Place of delivery: Health facility,45.8,1,BD,Bangladesh,2011,BD2011DHS,RH_DELP_C_DHF,83566070,I,360006,1360060,Region,Khulna,14000,Three years preceding the survey,0,0,RHDELPCDHF,BDDHS2011360006,2011,DHS,463.0,578.0,,,1.0
BGD,Khulna,3963965,Place of delivery: Health facility,40.3,1,BD,Bangladesh,2011,BD2011DHS,RH_DELP_C_DHF,83566070,I,360006,1360060,Region,Khulna,14001,Five years preceding the survey,0,0,RHDELPCDHF,BDDHS2011360006,2011,DHS,796.0,981.0,,,1.0
BGD,Khulna,7319959,Place of delivery: Health facility,49.6,1,BD,Bangladesh,2011,BD2011DHS,RH_DELP_C_DHF,83566070,I,360006,1360060,Region,Khulna,14002,Two years preceding the survey,0,1,RHDELPCDHF,BDDHS2011360006,2011,DHS,314.0,397.0,,,1.0
BGD,Rajshahi/Rangpur,2211835,Place of delivery: Health facility,28.8,1,BD,Bangladesh,2011,BD2011DHS,RH_DELP_C_DHF,83566070,I,360007,1360070,Region,Rajshahi/Rangpur,14000,Three years preceding the survey,0,0,RHDELPCDHF,BDDHS2011360007,2011,DHS,1159.0,1235.0,,,
BGD,Rajshahi/Rangpur,6929323,Place of delivery: Health facility,24.4,1,BD,Bangladesh,2011,BD2011DHS,RH_DELP_C_DHF,83566070,I,360007,1360070,Region,Rajshahi/Rangpur,14001,Five years preceding the survey,0,0,RHDELPCDHF,BDDHS2011360007,2011,DHS,2076.0,2185.0,,,
BGD,Rajshahi/Rangpur,4708928,Place of delivery: Health facility,30.4,1,BD,Bangladesh,2011,BD2011DHS,RH_DELP_C_DHF,83566070,I,360007,1360070,Region,Rajshahi/Rangpur,14002,Two years preceding the survey,0,1,RHDELPCDHF,BDDHS2011360007,2011,DHS,793.0,842.0,,,
BGD,Rangpur,3041486,Place of delivery: Health facility,27.6,1,BD,Bangladesh,2011,BD2011DHS,RH_DELP_C_DHF,83566070,I,360008,1360080,Region,..Rangpur,14000,Three years preceding the survey,0,0,RHDELPCDHF,BDDHS2011360008,2011,DHS,513.0,618.0,,,1.0
BGD,Rangpur,3882362,Place of delivery: Health facility,23.2,1,BD,Bangladesh,2011,BD2011DHS,RH_DELP_C_DHF,83566070,I,360008,1360080,Region,..Rangpur,14001,Five years preceding the survey,0,0,RHDELPCDHF,BDDHS2011360008,2011,DHS,926.0,1105.0,,,1.0
BGD,Rangpur,5773916,Place of delivery: Health facility,29.0,1,BD,Bangladesh,2011,BD2011DHS,RH_DELP_C_DHF,83566070,I,360008,1360080,Region,..Rangpur,14002,Two years preceding the survey,0,1,RHDELPCDHF,BDDHS2011360008,2011,DHS,341.0,414.0,,,1.0
BGD,Rajshahi,6745946,Place of delivery: Health facility,29.8,1,BD,Bangladesh,2011,BD2011DHS,RH_DELP_C_DHF,83566070,I,360009,1360090,Region,..Rajshahi,14000,Three years preceding the survey,0,0,RHDELPCDHF,BDDHS2011360009,2011,DHS,646.0,617.0,,,1.0
BGD,Rajshahi,132175,Place of delivery: Health facility,25.4,1,BD,Bangladesh,2011,BD2011DHS,RH_DELP_C_DHF,83566070,I,360009,1360090,Region,..Rajshahi,14001,Five years preceding the survey,0,0,RHDELPCDHF,BDDHS2011360009,2011,DHS,1150.0,1080.0,,,1.0
BGD,Rajshahi,4594634,Place of delivery: Health facility,31.4,1,BD,Bangladesh,2011,BD2011DHS,RH_DELP_C_DHF,83566070,I,360009,1360090,Region,..Rajshahi,14002,Two years preceding the survey,0,1,RHDELPCDHF,BDDHS2011360009,2011,DHS,451.0,428.0,,,1.0
BGD,Barishal,7387636,Fully vaccinated (8 basic antigens),83.3,1,BD,Bangladesh,2011,BD2011DHS,CH_VACC_C_BAS,93906230,I,360001,1360010,Region,Barishal,0,,0,1,CHVACCCBAS,BDDHS2011360001,2011,DHS,84.0,170.0,,,1.0
BGD,Chattogram/Sylhet,4673726,Fully vaccinated (8 basic antigens),81.4,1,BD,Bangladesh,2011,BD2011DHS,CH_VACC_C_BAS,93906230,I,360002,1360020,Region,Chattogram/Sylhet,0,,0,1,CHVACCCBAS,BDDHS2011360002,2011,DHS,475.0,549.0,,,
BGD,Chattogram,6271374,Fully vaccinated (8 basic antigens),81.8,1,BD,Bangladesh,2011,BD2011DHS,CH_VACC_C_BAS,93906230,I,360003,1360030,Region,..Chattogram,0,,0,1,CHVACCCBAS,BDDHS2011360003,2011,DHS,366.0,323.0,,,1.0
BGD,Sylhet,2071051,Fully vaccinated (8 basic antigens),80.1,1,BD,Bangladesh,2011,BD2011DHS,CH_VACC_C_BAS,93906230,I,360004,1360040,Region,..Sylhet,0,,0,1,CHVACCCBAS,BDDHS2011360004,2011,DHS,109.0,226.0,,,1.0
BGD,Dhaka before 2015,5580854,Fully vaccinated (8 basic antigens),85.0,1,BD,Bangladesh,2011,BD2011DHS,CH_VACC_C_BAS,93906230,I,360005,1360050,Region,Dhaka before 2015,0,,0,1,CHVACCCBAS,BDDHS2011360005,2011,DHS,478.0,254.0,,,1.0
BGD,Khulna,799822,Fully vaccinated (8 basic antigens),93.5,1,BD,Bangladesh,2011,BD2011DHS,CH_VACC_C_BAS,93906230,I,360006,1360060,Region,Khulna,0,,0,1,CHVACCCBAS,BDDHS2011360006,2011,DHS,144.0,182.0,,,1.0
BGD,Rajshahi/Rangpur,4085941,Fully vaccinated (8 basic antigens),90.8,1,BD,Bangladesh,2011,BD2011DHS,CH_VACC_C_BAS,93906230,I,360007,1360070,Region,Rajshahi/Rangpur,0,,0,1,CHVACCCBAS,BDDHS2011360007,2011,DHS,366.0,391.0,,,
BGD,Rangpur,3567384,Fully vaccinated (8 basic antigens),92.2,1,BD,Bangladesh,2011,BD2011DHS,CH_VACC_C_BAS,93906230,I,360008,1360080,Region,..Rangpur,0,,0,1,CHVACCCBAS,BDDHS2011360008,2011,DHS,148.0,180.0,,,1.0
BGD,Rajshahi,3997930,Fully vaccinated (8 basic antigens),89.8,1,BD,Bangladesh,2011,BD2011DHS,CH_VACC_C_BAS,93906230,I,360009,1360090,Region,..Rajshahi,0,,0,1,CHVACCCBAS,BDDHS2011360009,2011,DHS,218.0,211.0,,,1.0
BGD,Barishal,3721434,Treatment of diarrhea: Either ORS or RHF,78.1,1,BD,Bangladesh,2011,BD2011DHS,CH_DIAT_C_ORT,94096040,I,360001,1360010,Region,Barishal,14000,Three years preceding the survey,0,0,CHDIATCORT,BDDHS2011360001,2011,DHS,17.0,36.0,,,1.0
BGD,Barishal,6378319,Treatment of diarrhea: Either ORS or RHF,75.3,1,BD,Bangladesh,2011,BD2011DHS,CH_DIAT_C_ORT,94096040,I,360001,1360010,Region,Barishal,14001,Five years preceding the survey,0,1,CHDIATCORT,BDDHS2011360001,2011,DHS,23.0,47.0,,,1.0
BGD,Chattogram/Sylhet,5164320,Treatment of diarrhea: Either ORS or RHF,77.7,1,BD,Bangladesh,2011,BD2011DHS,CH_DIAT_C_ORT,94096040,I,360002,1360020,Region,Chattogram/Sylhet,14000,Three years preceding the survey,0,0,CHDIATCORT,BDDHS2011360002,2011,DHS,115.0,134.0,,,
BGD,Chattogram/Sylhet,2649978,Treatment of diarrhea: Either ORS or RHF,80.6,1,BD,Bangladesh,2011,BD2011DHS,CH_DIAT_C_ORT,94096040,I,360002,1360020,Region,Chattogram/Sylhet,14001,Five years preceding the survey,0,1,CHDIATCORT,BDDHS2011360002,2011,DHS,154.0,183.0,,,
BGD,Chattogram,6389189,Treatment of diarrhea: Either ORS or RHF,73.8,1,BD,Bangladesh,2011,BD2011DHS,CH_DIAT_C_ORT,94096040,I,360003,1360030,Region,..Chattogram,14000,Three years preceding the survey,0,0,CHDIATCORT,BDDHS2011360003,2011,DHS,88.0,77.0,,,1.0
BGD,Chattogram,776551,Treatment of diarrhea: Either ORS or RHF,78.2,1,BD,Bangladesh,2011,BD2011DHS,CH_DIAT_C_ORT,94096040,I,360003,1360030,Region,..Chattogram,14001,Five years preceding the survey,0,1,CHDIATCORT,BDDHS2011360003,2011,DHS,115.0,100.0,,,1.0
BGD,Sylhet,118431,Treatment of diarrhea: Either ORS or RHF,90.5,1,BD,Bangladesh,2011,BD2011DHS,CH_DIAT_C_ORT,94096040,I,360004,1360040,Region,..Sylhet,14000,Three years preceding the survey,0,0,CHDIATCORT,BDDHS2011360004,2011,DHS,27.0,57.0,,,1.0
BGD,Sylhet,780608,Treatment of diarrhea: Either ORS or RHF,87.6,1,BD,Bangladesh,2011,BD2011DHS,CH_DIAT_C_ORT,94096040,I,360004,1360040,Region,..Sylhet,14001,Five years preceding the survey,0,1,CHDIATCORT,BDDHS2011360004,2011,DHS,38.0,83.0,,,1.0
BGD,Dhaka before 2015,7424961,Treatment of diarrhea: Either ORS or RHF,86.6,1,BD,Bangladesh,2011,BD2011DHS,CH_DIAT_C_ORT,94096040,I,360005,1360050,Region,Dhaka before 2015,14000,Three years preceding the survey,0,0,CHDIATCORT,BDDHS2011360005,2011,DHS,66.0,34.0,,,1.0
BGD,Dhaka before 2015,4252132,Treatment of diarrhea: Either ORS or RHF,91.4,1,BD,Bangladesh,2011,BD2011DHS,CH_DIAT_C_ORT,94096040,I,360005,1360050,Region,Dhaka before 2015,14001,Five years preceding the survey,0,1,CHDIATCORT,BDDHS2011360005,2011,DHS,104.0,54.0,,,1.0
BGD,Khulna,5804945,Treatment of diarrhea: Either ORS or RHF,67.0,1,BD,Bangladesh,2011,BD2011DHS,CH_DIAT_C_ORT,94096040,I,360006,1360060,Region,Khulna,14001,Five years preceding the survey,0,1,CHDIATCORT,BDDHS2011360006,2011,DHS,20.0,25.0,,,1.0
BGD,Rajshahi/Rangpur,866946,Treatment of diarrhea: Either ORS or RHF,73.1,1,BD,Bangladesh,2011,BD2011DHS,CH_DIAT_C_ORT,94096040,I,360007,1360070,Region,Rajshahi/Rangpur,14000,Three years preceding the survey,0,0,CHDIATCORT,BDDHS2011360007,2011,DHS,60.0,59.0,,,
BGD,Rajshahi/Rangpur,2065498,Treatment of diarrhea: Either ORS or RHF,72.3,1,BD,Bangladesh,2011,BD2011DHS,CH_DIAT_C_ORT,94096040,I,360007,1360070,Region,Rajshahi/Rangpur,14001,Five years preceding the survey,0,1,CHDIATCORT,BDDHS2011360007,2011,DHS,87.0,86.0,,,
BGD,Rangpur,5031482,Treatment of diarrhea: Either ORS or RHF,89.9,1,BD,Bangladesh,2011,BD2011DHS,CH_DIAT_C_ORT,94096040,I,360008,1360080,Region,..Rangpur,14000,Three years preceding the survey,0,0,CHDIATCORT,BDDHS2011360008,2011,DHS,24.0,27.0,,,1.0
BGD,Rangpur,4826489,Treatment of diarrhea: Either ORS or RHF,86.8,1,BD,Bangladesh,2011,BD2011DHS,CH_DIAT_C_ORT,94096040,I,360008,1360080,Region,..Rangpur,14001,Five years preceding the survey,0,1,CHDIATCORT,BDDHS2011360008,2011,DHS,37.0,41.0,,,1.0
BGD,Rajshahi,5005507,Treatment of diarrhea: Either ORS or RHF,61.7,1,BD,Bangladesh,2011,BD2011DHS,CH_DIAT_C_ORT,94096040,I,360009,1360090,Region,..Rajshahi,14000,Three years preceding the survey,0,0,CHDIATCORT,BDDHS2011360009,2011,DHS,36.0,32.0,,,1.0
BGD,Rajshahi,2898718,Treatment of diarrhea: Either ORS or RHF,61.8,1,BD,Bangladesh,2011,BD2011DHS,CH_DIAT_C_ORT,94096040,I,360009,1360090,Region,..Rajshahi,14001,Five years preceding the survey,0,1,CHDIATCORT,BDDHS2011360009,2011,DHS,51.0,45.0,,,1.0
BGD,Barishal,2766911,Children stunted,45.1,1,BD,Bangladesh,2011,BD2011DHS,CN_NUTS_C_HA2,104236020,I,360001,1360010,Region,Barishal,0,,0,1,CNNUTSCHA2,BDDHS2011360001,2011,DHS,433.0,870.0,,,1.0
BGD,Chattogram/Sylhet,4729155,Children stunted,43.3,1,BD,Bangladesh,2011,BD2011DHS,CN_NUTS_C_HA2,104236020,I,360002,1360020,Region,Chattogram/Sylhet,0,,0,1,CNNUTSCHA2,BDDHS2011360002,2011,DHS,2369.0,2779.0,,,
BGD,Chattogram,694882,Children stunted,41.3,1,BD,Bangladesh,2011,BD2011DHS,CN_NUTS_C_HA2,104236020,I,360003,1360030,Region,..Chattogram,0,,0,1,CNNUTSCHA2,BDDHS2011360003,2011,DHS,1773.0,1545.0,,,1.0
BGD,Sylhet,4099182,Children stunted,49.3,1,BD,Bangladesh,2011,BD2011DHS,CN_NUTS_C_HA2,104236020,I,360004,1360040,Region,..Sylhet,0,,0,1,CNNUTSCHA2,BDDHS2011360004,2011,DHS,596.0,1234.0,,,1.0
BGD,Dhaka before 2015,6108968,Children stunted,43.3,1,BD,Bangladesh,2011,BD2011DHS,CN_NUTS_C_HA2,104236020,I,360005,1360050,Region,Dhaka before 2015,0,,0,1,CNNUTSCHA2,BDDHS2011360005,2011,DHS,2469.0,1318.0,,,1.0
BGD,Khulna,1282708,Children stunted,34.1,1,BD,Bangladesh,2011,BD2011DHS,CN_NUTS_C_HA2,104236020,I,360006,1360060,Region,Khulna,0,,0,1,CNNUTSCHA2,BDDHS2011360006,2011,DHS,744.0,910.0,,,1.0
BGD,Rajshahi/Rangpur,172956,Children stunted,38.0,1,BD,Bangladesh,2011,BD2011DHS,CN_NUTS_C_HA2,104236020,I,360007,1360070,Region,Rajshahi/Rangpur,0,,0,1,CNNUTSCHA2,BDDHS2011360007,2011,DHS,1845.0,1949.0,,,
BGD,Rangpur,3967354,Children stunted,42.9,1,BD,Bangladesh,2011,BD2011DHS,CN_NUTS_C_HA2,104236020,I,360008,1360080,Region,..Rangpur,0,,0,1,CNNUTSCHA2,BDDHS2011360008,2011,DHS,859.0,1014.0,,,1.0
BGD,Rajshahi,6920140,Children stunted,33.7,1,BD,Bangladesh,2011,BD2011DHS,CN_NUTS_C_HA2,104236020,I,360009,1360090,Region,..Rajshahi,0,,0,1,CNNUTSCHA2,BDDHS2011360009,2011,DHS,986.0,935.0,,,1.0
BGD,Barishal,6786597,Children wasted,15.2,1,BD,Bangladesh,2011,BD2011DHS,CN_NUTS_C_WH2,104236050,I,360001,1360010,Region,Barishal,0,,0,1,CNNUTSCWH2,BDDHS2011360001,2011,DHS,433.0,870.0,,,1.0
BGD,Chattogram/Sylhet,2745034,Children wasted,16.5,1,BD,Bangladesh,2011,BD2011DHS,CN_NUTS_C_WH2,104236050,I,360002,1360020,Region,Chattogram/Sylhet,0,,0,1,CNNUTSCWH2,BDDHS2011360002,2011,DHS,2369.0,2779.0,,,
BGD,Chattogram,5098480,Children wasted,15.9,1,BD,Bangladesh,2011,BD2011DHS,CN_NUTS_C_WH2,104236050,I,360003,1360030,Region,..Chattogram,0,,0,1,CNNUTSCWH2,BDDHS2011360003,2011,DHS,1773.0,1545.0,,,1.0
BGD,Sylhet,663103,Children wasted,18.4,1,BD,Bangladesh,2011,BD2011DHS,CN_NUTS_C_WH2,104236050,I,360004,1360040,Region,..Sylhet,0,,0,1,CNNUTSCWH2,BDDHS2011360004,2011,DHS,596.0,1234.0,,,1.0
BGD,Dhaka before 2015,1304293,Children wasted,15.7,1,BD,Bangladesh,2011,BD2011DHS,CN_NUTS_C_WH2,104236050,I,360005,1360050,Region,Dhaka before 2015,0,,0,1,CNNUTSCWH2,BDDHS2011360005,2011,DHS,2469.0,1318.0,,,1.0
BGD,Khulna,5947039,Children wasted,14.6,1,BD,Bangladesh,2011,BD2011DHS,CN_NUTS_C_WH2,104236050,I,360006,1360060,Region,Khulna,0,,0,1,CNNUTSCWH2,BDDHS2011360006,2011,DHS,744.0,910.0,,,1.0
BGD,Rajshahi/Rangpur,4798434,Children wasted,14.9,1,BD,Bangladesh,2011,BD2011DHS,CN_NUTS_C_WH2,104236050,I,360007,1360070,Region,Rajshahi/Rangpur,0,,0,1,CNNUTSCWH2,BDDHS2011360007,2011,DHS,1845.0,1949.0,,,
BGD,Rangpur,542963,Children wasted,13.2,1,BD,Bangladesh,2011,BD2011DHS,CN_NUTS_C_WH2,104236050,I,360008,1360080,Region,..Rangpur,0,,0,1,CNNUTSCWH2,BDDHS2011360008,2011,DHS,859.0,1014.0,,,1.0
BGD,Rajshahi,4053874,Children wasted,16.4,1,BD,Bangladesh,2011,BD2011DHS,CN_NUTS_C_WH2,104236050,I,360009,1360090,Region,..Rajshahi,0,,0,1,CNNUTSCWH2,BDDHS2011360009,2011,DHS,986.0,935.0,,,1.0
BGD,Barishal,6238604,Children underweight,40.0,1,BD,Bangladesh,2011,BD2011DHS,CN_NUTS_C_WA2,104236090,I,360001,1360010,Region,Barishal,0,,0,1,CNNUTSCWA2,BDDHS2011360001,2011,DHS,433.0,870.0,,,1.0
BGD,Chattogram/Sylhet,3161082,Children underweight,39.3,1,BD,Bangladesh,2011,BD2011DHS,CN_NUTS_C_WA2,104236090,I,360002,1360020,Region,Chattogram/Sylhet,0,,0,1,CNNUTSCWA2,BDDHS2011360002,2011,DHS,2369.0,2779.0,,,
BGD,Chattogram,6560530,Children underweight,37.4,1,BD,Bangladesh,2011,BD2011DHS,CN_NUTS_C_WA2,104236090,I,360003,1360030,Region,..Chattogram,0,,0,1,CNNUTSCWA2,BDDHS2011360003,2011,DHS,1773.0,1545.0,,,1.0
BGD,Sylhet,4067091,Children underweight,44.9,1,BD,Bangladesh,2011,BD2011DHS,CN_NUTS_C_WA2,104236090,I,360004,1360040,Region,..Sylhet,0,,0,1,CNNUTSCWA2,BDDHS2011360004,2011,DHS,596.0,1234.0,,,1.0
BGD,Dhaka before 2015,6980798,Children underweight,36.6,1,BD,Bangladesh,2011,BD2011DHS,CN_NUTS_C_WA2,104236090,I,360005,1360050,Region,Dhaka before 2015,0,,0,1,CNNUTSCWA2,BDDHS2011360005,2011,DHS,2469.0,1318.0,,,1.0
BGD,Khulna,3733738,Children underweight,29.1,1,BD,Bangladesh,2011,BD2011DHS,CN_NUTS_C_WA2,104236090,I,360006,1360060,Region,Khulna,0,,0,1,CNNUTSCWA2,BDDHS2011360006,2011,DHS,744.0,910.0,,,1.0
BGD,Rajshahi/Rangpur,3003535,Children underweight,34.3,1,BD,Bangladesh,2011,BD2011DHS,CN_NUTS_C_WA2,104236090,I,360007,1360070,Region,Rajshahi/Rangpur,0,,0,1,CNNUTSCWA2,BDDHS2011360007,2011,DHS,1845.0,1949.0,,,
BGD,Rangpur,7371257,Children underweight,34.5,1,BD,Bangladesh,2011,BD2011DHS,CN_NUTS_C_WA2,104236090,I,360008,1360080,Region,..Rangpur,0,,0,1,CNNUTSCWA2,BDDHS2011360008,2011,DHS,859.0,1014.0,,,1.0
BGD,Rajshahi,1282709,Children underweight,34.2,1,BD,Bangladesh,2011,BD2011DHS,CN_NUTS_C_WA2,104236090,I,360009,1360090,Region,..Rajshahi,0,,0,1,CNNUTSCWA2,BDDHS2011360009,2011,DHS,986.0,935.0,,,1.0
BGD,Barishal,1297304,Median duration of exclusive breastfeeding,2.3,1,BD,Bangladesh,2011,BD2011DHS,CN_BFDR_C_MDE,104336020,I,360001,1360010,Region,Barishal,0,,0,1,CNBFDRCMDE,BDDHS2011360001,2011,DHS,,,,,1.0
BGD,Chattogram/Sylhet,1290224,Median duration of exclusive breastfeeding,4.0,1,BD,Bangladesh,2011,BD2011DHS,CN_BFDR_C_MDE,104336020,I,360002,1360020,Region,Chattogram/Sylhet,0,,0,1,CNBFDRCMDE,BDDHS2011360002,2011,DHS,,,,,
BGD,Chattogram,1290229,Median duration of exclusive breastfeeding,4.0,1,BD,Bangladesh,2011,BD2011DHS,CN_BFDR_C_MDE,104336020,I,360003,1360030,Region,..Chattogram,0,,0,1,CNBFDRCMDE,BDDHS2011360003,2011,DHS,,,,,1.0
BGD,Sylhet,1290217,Median duration of exclusive breastfeeding,3.9,1,BD,Bangladesh,2011,BD2011DHS,CN_BFDR_C_MDE,104336020,I,360004,1360040,Region,..Sylhet,0,,0,1,CNBFDRCMDE,BDDHS2011360004,2011,DHS,,,,,1.0
BGD,Dhaka before 2015,1304318,Median duration of exclusive breastfeeding,2.9,1,BD,Bangladesh,2011,BD2011DHS,CN_BFDR_C_MDE,104336020,I,360005,1360050,Region,Dhaka before 2015,0,,0,1,CNBFDRCMDE,BDDHS2011360005,2011,DHS,,,,,1.0
BGD,Khulna,7210333,Median duration of exclusive breastfeeding,4.0,1,BD,Bangladesh,2011,BD2011DHS,CN_BFDR_C_MDE,104336020,I,360006,1360060,Region,Khulna,0,,0,1,CNBFDRCMDE,BDDHS2011360006,2011,DHS,,,,,1.0
BGD,Rajshahi/Rangpur,4059263,Median duration of exclusive breastfeeding,3.4,1,BD,Bangladesh,2011,BD2011DHS,CN_BFDR_C_MDE,104336020,I,360007,1360070,Region,Rajshahi/Rangpur,0,,0,1,CNBFDRCMDE,BDDHS2011360007,2011,DHS,,,,,
BGD,Rangpur,1282744,Median duration of exclusive breastfeeding,4.1,1,BD,Bangladesh,2011,BD2011DHS,CN_BFDR_C_MDE,104336020,I,360008,1360080,Region,..Rangpur,0,,0,1,CNBFDRCMDE,BDDHS2011360008,2011,DHS,,,,,1.0
BGD,Rajshahi,1282738,Median duration of exclusive breastfeeding,2.9,1,BD,Bangladesh,2011,BD2011DHS,CN_BFDR_C_MDE,104336020,I,360009,1360090,Region,..Rajshahi,0,,0,1,CNBFDRCMDE,BDDHS2011360009,2011,DHS,,,,,1.0
BGD,Barishal,5182555,Women with secondary or higher education,46.1,1,BD,Bangladesh,2011,BD2011DHS,ED_EDUC_W_SEH,231203100,I,360001,1360010,Region,Barishal,0,,0,1,EDEDUCWSEH,BDDHS2011360001,2011,DHS,1002.0,2066.0,,,1.0
BGD,Chattogram/Sylhet,264569,Women with secondary or higher education,44.0,1,BD,Bangladesh,2011,BD2011DHS,ED_EDUC_W_SEH,231203100,I,360002,1360020,Region,Chattogram/Sylhet,0,,0,1,EDEDUCWSEH,BDDHS2011360002,2011,DHS,4189.0,4959.0,,,
BGD,Chattogram,1858905,Women with secondary or higher education,47.7,1,BD,Bangladesh,2011,BD2011DHS,ED_EDUC_W_SEH,231203100,I,360003,1360030,Region,..Chattogram,0,,0,1,EDEDUCWSEH,BDDHS2011360003,2011,DHS,3222.0,2871.0,,,1.0
BGD,Sylhet,6302851,Women with secondary or higher education,31.7,1,BD,Bangladesh,2011,BD2011DHS,ED_EDUC_W_SEH,231203100,I,360004,1360040,Region,..Sylhet,0,,0,1,EDEDUCWSEH,BDDHS2011360004,2011,DHS,967.0,2088.0,,,1.0
BGD,Dhaka before 2015,5754687,Women with secondary or higher education,41.8,1,BD,Bangladesh,2011,BD2011DHS,ED_EDUC_W_SEH,231203100,I,360005,1360050,Region,Dhaka before 2015,0,,0,1,EDEDUCWSEH,BDDHS2011360005,2011,DHS,5736.0,3084.0,,,1.0
BGD,Khulna,5887995,Women with secondary or higher education,47.1,1,BD,Bangladesh,2011,BD2011DHS,ED_EDUC_W_SEH,231203100,I,360006,1360060,Region,Khulna,0,,0,1,EDEDUCWSEH,BDDHS2011360006,2011,DHS,2139.0,2656.0,,,1.0
BGD,Rajshahi/Rangpur,3641165,Women with secondary or higher education,38.5,1,BD,Bangladesh,2011,BD2011DHS,ED_EDUC_W_SEH,231203100,I,360007,1360070,Region,Rajshahi/Rangpur,0,,0,1,EDEDUCWSEH,BDDHS2011360007,2011,DHS,4684.0,5077.0,,,
BGD,Rangpur,6892703,Women with secondary or higher education,37.8,1,BD,Bangladesh,2011,BD2011DHS,ED_EDUC_W_SEH,231203100,I,360008,1360080,Region,..Rangpur,0,,0,1,EDEDUCWSEH,BDDHS2011360008,2011,DHS,2039.0,2469.0,,,1.0
BGD,Rajshahi,424636,Women with secondary or higher education,39.0,1,BD,Bangladesh,2011,BD2011DHS,ED_EDUC_W_SEH,231203100,I,360009,1360090,Region,..Rajshahi,0,,0,1,EDEDUCWSEH,BDDHS2011360009,2011,DHS,2646.0,2608.0,,,1.0
BGD,Barishal,4165181,Women who are literate,72.5,1,BD,Bangladesh,2011,BD2011DHS,ED_LITR_W_LIT,231233090,I,360001,1360010,Region,Barishal,0,,0,1,EDLITRWLIT,BDDHS2011360001,2011,DHS,1002.0,2066.0,,,1.0
BGD,Chattogram/Sylhet,6419624,Women who are literate,65.0,1,BD,Bangladesh,2011,BD2011DHS,ED_LITR_W_LIT,231233090,I,360002,1360020,Region,Chattogram/Sylhet,0,,0,1,EDLITRWLIT,BDDHS2011360002,2011,DHS,4189.0,4959.0,,,
BGD,Chattogram,3684927,Women who are literate,67.3,1,BD,Bangladesh,2011,BD2011DHS,ED_LITR_W_LIT,231233090,I,360003,1360030,Region,..Chattogram,0,,0,1,EDLITRWLIT,BDDHS2011360003,2011,DHS,3222.0,2871.0,,,1.0
BGD,Sylhet,7025114,Women who are literate,57.3,1,BD,Bangladesh,2011,BD2011DHS,ED_LITR_W_LIT,231233090,I,360004,1360040,Region,..Sylhet,0,,0,1,EDLITRWLIT,BDDHS2011360004,2011,DHS,967.0,2088.0,,,1.0
BGD,Dhaka before 2015,3413382,Women who are literate,62.4,1,BD,Bangladesh,2011,BD2011DHS,ED_LITR_W_LIT,231233090,I,360005,1360050,Region,Dhaka before 2015,0,,0,1,EDLITRWLIT,BDDHS2011360005,2011,DHS,5736.0,3084.0,,,1.0
BGD,Khulna,4228868,Women who are literate,66.9,1,BD,Bangladesh,2011,BD2011DHS,ED_LITR_W_LIT,231233090,I,360006,1360060,Region,Khulna,0,,0,1,EDLITRWLIT,BDDHS2011360006,2011,DHS,2139.0,2656.0,,,1.0
BGD,Rajshahi/Rangpur,7416695,Women who are literate,57.9,1,BD,Bangladesh,2011,BD2011DHS,ED_LITR_W_LIT,231233090,I,360007,1360070,Region,Rajshahi/Rangpur,0,,0,1,EDLITRWLIT,BDDHS2011360007,2011,DHS,4684.0,5077.0,,,
BGD,Rangpur,1852102,Women who are literate,55.8,1,BD,Bangladesh,2011,BD2011DHS,ED_LITR_W_LIT,231233090,I,360008,1360080,Region,..Rangpur,0,,0,1,EDLITRWLIT,BDDHS2011360008,2011,DHS,2039.0,2469.0,,,1.0
BGD,Rajshahi,5370002,Women who are literate,59.4,1,BD,Bangladesh,2011,BD2011DHS,ED_LITR_W_LIT,231233090,I,360009,1360090,Region,..Rajshahi,0,,0,1,EDLITRWLIT,BDDHS2011360009,2011,DHS,2646.0,2608.0,,,1.0
BGD,Barishal,7148006,Households with electricity,45.3,1,BD,Bangladesh,2011,BD2011DHS,HC_ELEC_H_ELC,260321010,I,360001,1360010,Region,Barishal,0,,0,1,HCELECHELC,BDDHS2011360001,2011,DHS,1014.0,2047.0,,,1.0
BGD,Chattogram/Sylhet,3747272,Households with electricity,63.1,1,BD,Bangladesh,2011,BD2011DHS,HC_ELEC_H_ELC,260321010,I,360002,1360020,Region,Chattogram/Sylhet,0,,0,1,HCELECHELC,BDDHS2011360002,2011,DHS,3853.0,4604.0,,,
BGD,Chattogram,5192732,Households with electricity,66.2,1,BD,Bangladesh,2011,BD2011DHS,HC_ELEC_H_ELC,260321010,I,360003,1360030,Region,..Chattogram,0,,0,1,HCELECHELC,BDDHS2011360003,2011,DHS,2939.0,2616.0,,,1.0
BGD,Sylhet,3021342,Households with electricity,53.1,1,BD,Bangladesh,2011,BD2011DHS,HC_ELEC_H_ELC,260321010,I,360004,1360040,Region,..Sylhet,0,,0,1,HCELECHELC,BDDHS2011360004,2011,DHS,914.0,1988.0,,,1.0
BGD,Dhaka before 2015,4348550,Households with electricity,68.8,1,BD,Bangladesh,2011,BD2011DHS,HC_ELEC_H_ELC,260321010,I,360005,1360050,Region,Dhaka before 2015,0,,0,1,HCELECHELC,BDDHS2011360005,2011,DHS,5599.0,3040.0,,,1.0
BGD,Khulna,6661222,Households with electricity,60.8,1,BD,Bangladesh,2011,BD2011DHS,HC_ELEC_H_ELC,260321010,I,360006,1360060,Region,Khulna,0,,0,1,HCELECHELC,BDDHS2011360006,2011,DHS,2024.0,2472.0,,,1.0
BGD,Rajshahi/Rangpur,5768335,Households with electricity,48.2,1,BD,Bangladesh,2011,BD2011DHS,HC_ELEC_H_ELC,260321010,I,360007,1360070,Region,Rajshahi/Rangpur,0,,0,1,HCELECHELC,BDDHS2011360007,2011,DHS,4651.0,4978.0,,,
BGD,Rangpur,5802748,Households with electricity,36.2,1,BD,Bangladesh,2011,BD2011DHS,HC_ELEC_H_ELC,260321010,I,360008,1360080,Region,..Rangpur,0,,0,1,HCELECHELC,BDDHS2011360008,2011,DHS,2079.0,2474.0,,,1.0
BGD,Rajshahi,3650232,Households with electricity,57.9,1,BD,Bangladesh,2011,BD2011DHS,HC_ELEC_H_ELC,260321010,I,360009,1360090,Region,..Rajshahi,0,,0,1,HCELECHELC,BDDHS2011360009,2011,DHS,2572.0,2504.0,,,1.0
BGD,Barishal,1804415,Total fertility rate 15-49,2.2,1,BD,Bangladesh,2014,BD2014DHS,FE_FRTR_W_TFR,11763080,I,360001,1360010,Region,Barishal,0,,0,1,FEFRTRWTFR,BDDHS2014360001,2014,DHS,,,,,1.0
BGD,Chattogram/Sylhet,1811245,Total fertility rate 15-49,2.7,1,BD,Bangladesh,2014,BD2014DHS,FE_FRTR_W_TFR,11763080,I,360002,1360020,Region,Chattogram/Sylhet,0,,0,1,FEFRTRWTFR,BDDHS2014360002,2014,DHS,,,,,
BGD,Chattogram,1804405,Total fertility rate 15-49,2.5,1,BD,Bangladesh,2014,BD2014DHS,FE_FRTR_W_TFR,11763080,I,360003,1360030,Region,..Chattogram,0,,0,1,FEFRTRWTFR,BDDHS2014360003,2014,DHS,,,,,1.0
BGD,Sylhet,1797302,Total fertility rate 15-49,2.9,1,BD,Bangladesh,2014,BD2014DHS,FE_FRTR_W_TFR,11763080,I,360004,1360040,Region,..Sylhet,0,,0,1,FEFRTRWTFR,BDDHS2014360004,2014,DHS,,,,,1.0
BGD,Dhaka before 2015,1811139,Total fertility rate 15-49,2.3,1,BD,Bangladesh,2014,BD2014DHS,FE_FRTR_W_TFR,11763080,I,360005,1360050,Region,Dhaka before 2015,0,,0,1,FEFRTRWTFR,BDDHS2014360005,2014,DHS,,,,,1.0
BGD,Khulna,1804374,Total fertility rate 15-49,1.9,1,BD,Bangladesh,2014,BD2014DHS,FE_FRTR_W_TFR,11763080,I,360006,1360060,Region,Khulna,0,,0,1,FEFRTRWTFR,BDDHS2014360006,2014,DHS,,,,,1.0
BGD,Rajshahi/Rangpur,1811198,Total fertility rate 15-49,2.0,1,BD,Bangladesh,2014,BD2014DHS,FE_FRTR_W_TFR,11763080,I,360007,1360070,Region,Rajshahi/Rangpur,0,,0,1,FEFRTRWTFR,BDDHS2014360007,2014,DHS,,,,,
BGD,Rangpur,1817755,Total fertility rate 15-49,1.9,1,BD,Bangladesh,2014,BD2014DHS,FE_FRTR_W_TFR,11763080,I,360008,1360080,Region,..Rangpur,0,,0,1,FEFRTRWTFR,BDDHS2014360008,2014,DHS,,,,,1.0
BGD,Rajshahi,1817774,Total fertility rate 15-49,2.1,1,BD,Bangladesh,2014,BD2014DHS,FE_FRTR_W_TFR,11763080,I,360009,1360090,Region,..Rajshahi,0,,0,1,FEFRTRWTFR,BDDHS2014360009,2014,DHS,,,,,1.0
BGD,Barishal,4125530,Married women currently using any method of contraception,63.3,1,BD,Bangladesh,2014,BD2014DHS,FP_CUSM_W_ANY,32633010,I,360001,1360010,Region,Barishal,0,,0,1,FPCUSMWANY,BDDHS2014360001,2014,DHS,1051.0,2030.0,,,1.0
BGD,Chattogram/Sylhet,3210331,Married women currently using any method of contraception,53.1,1,BD,Bangladesh,2014,BD2014DHS,FP_CUSM_W_ANY,32633010,I,360002,1360020,Region,Chattogram/Sylhet,0,,0,1,FPCUSMWANY,BDDHS2014360002,2014,DHS,4269.0,4682.0,,,
BGD,Chattogram,775998,Married women currently using any method of contraception,55.0,1,BD,Bangladesh,2014,BD2014DHS,FP_CUSM_W_ANY,32633010,I,360003,1360030,Region,..Chattogram,0,,0,1,FPCUSMWANY,BDDHS2014360003,2014,DHS,3121.0,2707.0,,,1.0
BGD,Sylhet,5948366,Married women currently using any method of contraception,47.8,1,BD,Bangladesh,2014,BD2014DHS,FP_CUSM_W_ANY,32633010,I,360004,1360040,Region,..Sylhet,0,,0,1,FPCUSMWANY,BDDHS2014360004,2014,DHS,1147.0,1975.0,,,1.0
BGD,Dhaka before 2015,5790458,Married women currently using any method of contraception,63.0,1,BD,Bangladesh,2014,BD2014DHS,FP_CUSM_W_ANY,32633010,I,360005,1360050,Region,Dhaka before 2015,0,,0,1,FPCUSMWANY,BDDHS2014360005,2014,DHS,5857.0,2916.0,,,1.0
BGD,Khulna,1542543,Married women currently using any method of contraception,67.1,1,BD,Bangladesh,2014,BD2014DHS,FP_CUSM_W_ANY,32633010,I,360006,1360060,Region,Khulna,0,,0,1,FPCUSMWANY,BDDHS2014360006,2014,DHS,1729.0,2416.0,,,1.0
BGD,Rajshahi/Rangpur,33867,Married women currently using any method of contraception,69.6,1,BD,Bangladesh,2014,BD2014DHS,FP_CUSM_W_ANY,32633010,I,360007,1360070,Region,Rajshahi/Rangpur,0,,0,1,FPCUSMWANY,BDDHS2014360007,2014,DHS,3953.0,4786.0,,,
BGD,Rangpur,1556694,Married women currently using any method of contraception,69.8,1,BD,Bangladesh,2014,BD2014DHS,FP_CUSM_W_ANY,32633010,I,360008,1360080,Region,..Rangpur,0,,0,1,FPCUSMWANY,BDDHS2014360008,2014,DHS,1946.0,2397.0,,,1.0
BGD,Rajshahi,5553904,Married women currently using any method of contraception,69.4,1,BD,Bangladesh,2014,BD2014DHS,FP_CUSM_W_ANY,32633010,I,360009,1360090,Region,..Rajshahi,0,,0,1,FPCUSMWANY,BDDHS2014360009,2014,DHS,2007.0,2389.0,,,1.0
BGD,Barishal,4125531,Married women currently using any modern method of contraception,54.6,1,BD,Bangladesh,2014,BD2014DHS,FP_CUSM_W_MOD,32633020,I,360001,1360010,Region,Barishal,0,,0,1,FPCUSMWMOD,BDDHS2014360001,2014,DHS,1051.0,2030.0,,,1.0
BGD,Chattogram/Sylhet,3210332,Married women currently using any modern method of contraception,45.5,1,BD,Bangladesh,2014,BD2014DHS,FP_CUSM_W_MOD,32633020,I,360002,1360020,Region,Chattogram/Sylhet,0,,0,1,FPCUSMWMOD,BDDHS2014360002,2014,DHS,4269.0,4682.0,,,
BGD,Chattogram,775999,Married women currently using any modern method of contraception,47.2,1,BD,Bangladesh,2014,BD2014DHS,FP_CUSM_W_MOD,32633020,I,360003,1360030,Region,..Chattogram,0,,0,1,FPCUSMWMOD,BDDHS2014360003,2014,DHS,3121.0,2707.0,,,1.0
BGD,Sylhet,5948367,Married women currently using any modern method of contraception,40.9,1,BD,Bangladesh,2014,BD2014DHS,FP_CUSM_W_MOD,32633020,I,360004,1360040,Region,..Sylhet,0,,0,1,FPCUSMWMOD,BDDHS2014360004,2014,DHS,1147.0,1975.0,,,1.0
BGD,Dhaka before 2015,5790468,Married women currently using any modern method of contraception,54.2,1,BD,Bangladesh,2014,BD2014DHS,FP_CUSM_W_MOD,32633020,I,360005,1360050,Region,Dhaka before 2015,0,,0,1,FPCUSMWMOD,BDDHS2014360005,2014,DHS,5857.0,2916.0,,,1.0
BGD,Khulna,1542544,Married women currently using any modern method of contraception,56.4,1,BD,Bangladesh,2014,BD2014DHS,FP_CUSM_W_MOD,32633020,I,360006,1360060,Region,Khulna,0,,0,1,FPCUSMWMOD,BDDHS2014360006,2014,DHS,1729.0,2416.0,,,1.0
BGD,Rajshahi/Rangpur,33868,Married women currently using any modern method of contraception,61.9,1,BD,Bangladesh,2014,BD2014DHS,FP_CUSM_W_MOD,32633020,I,360007,1360070,Region,Rajshahi/Rangpur,0,,0,1,FPCUSMWMOD,BDDHS2014360007,2014,DHS,3953.0,4786.0,,,
BGD,Rangpur,1556695,Married women currently using any modern method of contraception,63.0,1,BD,Bangladesh,2014,BD2014DHS,FP_CUSM_W_MOD,32633020,I,360008,1360080,Region,..Rangpur,0,,0,1,FPCUSMWMOD,BDDHS2014360008,2014,DHS,1946.0,2397.0,,,1.0
BGD,Rajshahi,5553905,Married women currently using any modern method of contraception,60.7,1,BD,Bangladesh,2014,BD2014DHS,FP_CUSM_W_MOD,32633020,I,360009,1360090,Region,..Rajshahi,0,,0,1,FPCUSMWMOD,BDDHS2014360009,2014,DHS,2007.0,2389.0,,,1.0
BGD,Barishal,3157726,Unmet need for family planning,11.3,1,BD,Bangladesh,2014,BD2014DHS,FP_NADM_W_UNT,32933030,I,360001,1360010,Region,Barishal,0,,0,1,FPNADMWUNT,BDDHS2014360001,2014,DHS,1051.0,2030.0,,,1.0
BGD,Chattogram/Sylhet,6621391,Unmet need for family planning,17.5,1,BD,Bangladesh,2014,BD2014DHS,FP_NADM_W_UNT,32933030,I,360002,1360020,Region,Chattogram/Sylhet,0,,0,1,FPNADMWUNT,BDDHS2014360002,2014,DHS,4269.0,4682.0,,,
BGD,Chattogram,1542609,Unmet need for family planning,17.4,1,BD,Bangladesh,2014,BD2014DHS,FP_NADM_W_UNT,32933030,I,360003,1360030,Region,..Chattogram,0,,0,1,FPNADMWUNT,BDDHS2014360003,2014,DHS,3121.0,2707.0,,,1.0
BGD,Sylhet,6833251,Unmet need for family planning,17.8,1,BD,Bangladesh,2014,BD2014DHS,FP_NADM_W_UNT,32933030,I,360004,1360040,Region,..Sylhet,0,,0,1,FPNADMWUNT,BDDHS2014360004,2014,DHS,1147.0,1975.0,,,1.0
BGD,Dhaka before 2015,2974280,Unmet need for family planning,12.1,1,BD,Bangladesh,2014,BD2014DHS,FP_NADM_W_UNT,32933030,I,360005,1360050,Region,Dhaka before 2015,0,,0,1,FPNADMWUNT,BDDHS2014360005,2014,DHS,5857.0,2916.0,,,1.0
BGD,Khulna,1542620,Unmet need for family planning,9.5,1,BD,Bangladesh,2014,BD2014DHS,FP_NADM_W_UNT,32933030,I,360006,1360060,Region,Khulna,0,,0,1,FPNADMWUNT,BDDHS2014360006,2014,DHS,1729.0,2416.0,,,1.0
BGD,Rajshahi/Rangpur,7177263,Unmet need for family planning,7.3,1,BD,Bangladesh,2014,BD2014DHS,FP_NADM_W_UNT,32933030,I,360007,1360070,Region,Rajshahi/Rangpur,0,,0,1,FPNADMWUNT,BDDHS2014360007,2014,DHS,3953.0,4786.0,,,
BGD,Rangpur,4705015,Unmet need for family planning,6.8,1,BD,Bangladesh,2014,BD2014DHS,FP_NADM_W_UNT,32933030,I,360008,1360080,Region,..Rangpur,0,,0,1,FPNADMWUNT,BDDHS2014360008,2014,DHS,1946.0,2397.0,,,1.0
BGD,Rajshahi,6608083,Unmet need for family planning,7.7,1,BD,Bangladesh,2014,BD2014DHS,FP_NADM_W_UNT,32933030,I,360009,1360090,Region,..Rajshahi,0,,0,1,FPNADMWUNT,BDDHS2014360009,2014,DHS,2007.0,2389.0,,,1.0
BGD,Barishal,6471129,Demand for family planning satisfied by modern methods,73.1,1,BD,Bangladesh,2014,BD2014DHS,FP_NADM_W_PDM,32933150,I,360001,1360010,Region,Barishal,0,,0,1,FPNADMWPDM,BDDHS2014360001,2014,DHS,784.0,1504.0,,,1.0
BGD,Chattogram/Sylhet,2764230,Demand for family planning satisfied by modern methods,64.5,1,BD,Bangladesh,2014,BD2014DHS,FP_NADM_W_PDM,32933150,I,360002,1360020,Region,Chattogram/Sylhet,0,,0,1,FPNADMWPDM,BDDHS2014360002,2014,DHS,3012.0,3232.0,,,
BGD,Chattogram,4788281,Demand for family planning satisfied by modern methods,65.2,1,BD,Bangladesh,2014,BD2014DHS,FP_NADM_W_PDM,32933150,I,360003,1360030,Region,..Chattogram,0,,0,1,FPNADMWPDM,BDDHS2014360003,2014,DHS,2260.0,1948.0,,,1.0
BGD,Sylhet,1549247,Demand for family planning satisfied by modern methods,62.3,1,BD,Bangladesh,2014,BD2014DHS,FP_NADM_W_PDM,32933150,I,360004,1360040,Region,..Sylhet,0,,0,1,FPNADMWPDM,BDDHS2014360004,2014,DHS,752.0,1284.0,,,1.0
BGD,Dhaka before 2015,1533121,Demand for family planning satisfied by modern methods,72.3,1,BD,Bangladesh,2014,BD2014DHS,FP_NADM_W_PDM,32933150,I,360005,1360050,Region,Dhaka before 2015,0,,0,1,FPNADMWPDM,BDDHS2014360005,2014,DHS,4394.0,2169.0,,,1.0
BGD,Khulna,5854390,Demand for family planning satisfied by modern methods,73.7,1,BD,Bangladesh,2014,BD2014DHS,FP_NADM_W_PDM,32933150,I,360006,1360060,Region,Khulna,0,,0,1,FPNADMWPDM,BDDHS2014360006,2014,DHS,1323.0,1852.0,,,1.0
BGD,Rajshahi/Rangpur,6377962,Demand for family planning satisfied by modern methods,80.5,1,BD,Bangladesh,2014,BD2014DHS,FP_NADM_W_PDM,32933150,I,360007,1360070,Region,Rajshahi/Rangpur,0,,0,1,FPNADMWPDM,BDDHS2014360007,2014,DHS,3038.0,3691.0,,,
BGD,Rangpur,3520063,Demand for family planning satisfied by modern methods,82.3,1,BD,Bangladesh,2014,BD2014DHS,FP_NADM_W_PDM,32933150,I,360008,1360080,Region,..Rangpur,0,,0,1,FPNADMWPDM,BDDHS2014360008,2014,DHS,1491.0,1850.0,,,1.0
BGD,Rajshahi,2858656,Demand for family planning satisfied by modern methods,78.7,1,BD,Bangladesh,2014,BD2014DHS,FP_NADM_W_PDM,32933150,I,360009,1360090,Region,..Rajshahi,0,,0,1,FPNADMWPDM,BDDHS2014360009,2014,DHS,1547.0,1841.0,,,1.0
BGD,Barishal,1412512,Median age at first marriage [Women]: 25-49,15.8,1,BD,Bangladesh,2014,BD2014DHS,MA_AAFM_W_M2B,41633090,I,360001,1360010,Region,Barishal,0,,0,1,MAAAFMWM2B,BDDHS2014360001,2014,DHS,,,,,1.0
BGD,Chattogram/Sylhet,1429493,Median age at first marriage [Women]: 25-49,16.6,1,BD,Bangladesh,2014,BD2014DHS,MA_AAFM_W_M2B,41633090,I,360002,1360020,Region,Chattogram/Sylhet,0,,0,1,MAAAFMWM2B,BDDHS2014360002,2014,DHS,,,,,
BGD,Chattogram,1412473,Median age at first marriage [Women]: 25-49,16.5,1,BD,Bangladesh,2014,BD2014DHS,MA_AAFM_W_M2B,41633090,I,360003,1360030,Region,..Chattogram,0,,0,1,MAAAFMWM2B,BDDHS2014360003,2014,DHS,,,,,1.0
BGD,Sylhet,1421374,Median age at first marriage [Women]: 25-49,16.9,1,BD,Bangladesh,2014,BD2014DHS,MA_AAFM_W_M2B,41633090,I,360004,1360040,Region,..Sylhet,0,,0,1,MAAAFMWM2B,BDDHS2014360004,2014,DHS,,,,,1.0
BGD,Dhaka before 2015,1429456,Median age at first marriage [Women]: 25-49,15.9,1,BD,Bangladesh,2014,BD2014DHS,MA_AAFM_W_M2B,41633090,I,360005,1360050,Region,Dhaka before 2015,0,,0,1,MAAAFMWM2B,BDDHS2014360005,2014,DHS,,,,,1.0
BGD,Khulna,1412453,Median age at first marriage [Women]: 25-49,15.3,1,BD,Bangladesh,2014,BD2014DHS,MA_AAFM_W_M2B,41633090,I,360006,1360060,Region,Khulna,0,,0,1,MAAAFMWM2B,BDDHS2014360006,2014,DHS,,,,,1.0
BGD,Rajshahi/Rangpur,1429480,Median age at first marriage [Women]: 25-49,15.2,1,BD,Bangladesh,2014,BD2014DHS,MA_AAFM_W_M2B,41633090,I,360007,1360070,Region,Rajshahi/Rangpur,0,,0,1,MAAAFMWM2B,BDDHS2014360007,2014,DHS,,,,,
BGD,Rangpur,1437748,Median age at first marriage [Women]: 25-49,15.0,1,BD,Bangladesh,2014,BD2014DHS,MA_AAFM_W_M2B,41633090,I,360008,1360080,Region,..Rangpur,0,,0,1,MAAAFMWM2B,BDDHS2014360008,2014,DHS,,,,,1.0
BGD,Rajshahi,1437755,Median age at first marriage [Women]: 25-49,15.3,1,BD,Bangladesh,2014,BD2014DHS,MA_AAFM_W_M2B,41633090,I,360009,1360090,Region,..Rajshahi,0,,0,1,MAAAFMWM2B,BDDHS2014360009,2014,DHS,,,,,1.0
BGD,Barishal,1412530,Median age at first sexual intercourse [Women]: 25-49,15.8,1,BD,Bangladesh,2014,BD2014DHS,SX_AAFS_W_M2B,51703090,I,360001,1360010,Region,Barishal,0,,0,1,SXAAFSWM2B,BDDHS2014360001,2014,DHS,,,,,1.0
BGD,Chattogram/Sylhet,1429540,Median age at first sexual intercourse [Women]: 25-49,16.8,1,BD,Bangladesh,2014,BD2014DHS,SX_AAFS_W_M2B,51703090,I,360002,1360020,Region,Chattogram/Sylhet,0,,0,1,SXAAFSWM2B,BDDHS2014360002,2014,DHS,,,,,
BGD,Chattogram,1412549,Median age at first sexual intercourse [Women]: 25-49,16.6,1,BD,Bangladesh,2014,BD2014DHS,SX_AAFS_W_M2B,51703090,I,360003,1360030,Region,..Chattogram,0,,0,1,SXAAFSWM2B,BDDHS2014360003,2014,DHS,,,,,1.0
BGD,Sylhet,1421402,Median age at first sexual intercourse [Women]: 25-49,17.1,1,BD,Bangladesh,2014,BD2014DHS,SX_AAFS_W_M2B,51703090,I,360004,1360040,Region,..Sylhet,0,,0,1,SXAAFSWM2B,BDDHS2014360004,2014,DHS,,,,,1.0
BGD,Dhaka before 2015,1429499,Median age at first sexual intercourse [Women]: 25-49,16.0,1,BD,Bangladesh,2014,BD2014DHS,SX_AAFS_W_M2B,51703090,I,360005,1360050,Region,Dhaka before 2015,0,,0,1,SXAAFSWM2B,BDDHS2014360005,2014,DHS,,,,,1.0
BGD,Khulna,1412483,Median age at first sexual intercourse [Women]: 25-49,15.4,1,BD,Bangladesh,2014,BD2014DHS,SX_AAFS_W_M2B,51703090,I,360006,1360060,Region,Khulna,0,,0,1,SXAAFSWM2B,BDDHS2014360006,2014,DHS,,,,,1.0
BGD,Rajshahi/Rangpur,1429507,Median age at first sexual intercourse [Women]: 25-49,15.3,1,BD,Bangladesh,2014,BD2014DHS,SX_AAFS_W_M2B,51703090,I,360007,1360070,Region,Rajshahi/Rangpur,0,,0,1,SXAAFSWM2B,BDDHS2014360007,2014,DHS,,,,,
BGD,Rangpur,1437827,Median age at first sexual intercourse [Women]: 25-49,15.1,1,BD,Bangladesh,2014,BD2014DHS,SX_AAFS_W_M2B,51703090,I,360008,1360080,Region,..Rangpur,0,,0,1,SXAAFSWM2B,BDDHS2014360008,2014,DHS,,,,,1.0
BGD,Rajshahi,1437846,Median age at first sexual intercourse [Women]: 25-49,15.4,1,BD,Bangladesh,2014,BD2014DHS,SX_AAFS_W_M2B,51703090,I,360009,1360090,Region,..Rajshahi,0,,0,1,SXAAFSWM2B,BDDHS2014360009,2014,DHS,,,,,1.0
BGD,Barishal,1723579,Infant mortality rate,42.0,0,BD,Bangladesh,2014,BD2014DHS,CM_ECMR_C_IMR,63206030,I,360001,1360010,Region,Barishal,14003,Ten years preceding the survey,0,1,CMECMRCIMR,BDDHS2014360001,2014,DHS,,,32.0,52.0,1.0
BGD,Chattogram/Sylhet,7591054,Infant mortality rate,53.0,0,BD,Bangladesh,2014,BD2014DHS,CM_ECMR_C_IMR,63206030,I,360002,1360020,Region,Chattogram/Sylhet,14003,Ten years preceding the survey,0,1,CMECMRCIMR,BDDHS2014360002,2014,DHS,,,45.0,61.0,
BGD,Chattogram,1723652,Infant mortality rate,48.0,0,BD,Bangladesh,2014,BD2014DHS,CM_ECMR_C_IMR,63206030,I,360003,1360030,Region,..Chattogram,14003,Ten years preceding the survey,0,1,CMECMRCIMR,BDDHS2014360003,2014,DHS,,,37.0,59.0,1.0
BGD,Sylhet,7782598,Infant mortality rate,64.0,0,BD,Bangladesh,2014,BD2014DHS,CM_ECMR_C_IMR,63206030,I,360004,1360040,Region,..Sylhet,14003,Ten years preceding the survey,0,1,CMECMRCIMR,BDDHS2014360004,2014,DHS,,,54.0,74.0,1.0
BGD,Dhaka before 2015,7707319,Infant mortality rate,38.0,0,BD,Bangladesh,2014,BD2014DHS,CM_ECMR_C_IMR,63206030,I,360005,1360050,Region,Dhaka before 2015,14003,Ten years preceding the survey,0,1,CMECMRCIMR,BDDHS2014360005,2014,DHS,,,30.0,45.0,1.0
BGD,Khulna,7490810,Infant mortality rate,43.0,0,BD,Bangladesh,2014,BD2014DHS,CM_ECMR_C_IMR,63206030,I,360006,1360060,Region,Khulna,14003,Ten years preceding the survey,0,1,CMECMRCIMR,BDDHS2014360006,2014,DHS,,,33.0,53.0,1.0
BGD,Rajshahi/Rangpur,7687100,Infant mortality rate,42.0,0,BD,Bangladesh,2014,BD2014DHS,CM_ECMR_C_IMR,63206030,I,360007,1360070,Region,Rajshahi/Rangpur,14003,Ten years preceding the survey,0,1,CMECMRCIMR,BDDHS2014360007,2014,DHS,,,34.0,49.0,
BGD,Rangpur,7951406,Infant mortality rate,40.0,0,BD,Bangladesh,2014,BD2014DHS,CM_ECMR_C_IMR,63206030,I,360008,1360080,Region,..Rangpur,14003,Ten years preceding the survey,0,1,CMECMRCIMR,BDDHS2014360008,2014,DHS,,,28.0,53.0,1.0
BGD,Rajshahi,7913323,Infant mortality rate,43.0,0,BD,Bangladesh,2014,BD2014DHS,CM_ECMR_C_IMR,63206030,I,360009,1360090,Region,..Rajshahi,14003,Ten years preceding the survey,0,1,CMECMRCIMR,BDDHS2014360009,2014,DHS,,,33.0,52.0,1.0
BGD,Barishal,7691870,Under-five mortality rate,52.0,0,BD,Bangladesh,2014,BD2014DHS,CM_ECMR_C_U5M,63206050,I,360001,1360010,Region,Barishal,14003,Ten years preceding the survey,0,1,CMECMRCU5M,BDDHS2014360001,2014,DHS,,,42.0,62.0,1.0
BGD,Chattogram/Sylhet,1736326,Under-five mortality rate,67.0,0,BD,Bangladesh,2014,BD2014DHS,CM_ECMR_C_U5M,63206050,I,360002,1360020,Region,Chattogram/Sylhet,14003,Ten years preceding the survey,0,1,CMECMRCU5M,BDDHS2014360002,2014,DHS,,,58.0,75.0,
BGD,Chattogram,7552800,Under-five mortality rate,62.0,0,BD,Bangladesh,2014,BD2014DHS,CM_ECMR_C_U5M,63206050,I,360003,1360030,Region,..Chattogram,14003,Ten years preceding the survey,0,1,CMECMRCU5M,BDDHS2014360003,2014,DHS,,,50.0,73.0,1.0
BGD,Sylhet,1729873,Under-five mortality rate,77.0,0,BD,Bangladesh,2014,BD2014DHS,CM_ECMR_C_U5M,63206050,I,360004,1360040,Region,..Sylhet,14003,Ten years preceding the survey,0,1,CMECMRCU5M,BDDHS2014360004,2014,DHS,,,66.0,87.0,1.0
BGD,Dhaka before 2015,7767018,Under-five mortality rate,48.0,0,BD,Bangladesh,2014,BD2014DHS,CM_ECMR_C_U5M,63206050,I,360005,1360050,Region,Dhaka before 2015,14003,Ten years preceding the survey,0,1,CMECMRCU5M,BDDHS2014360005,2014,DHS,,,39.0,56.0,1.0
BGD,Khulna,7970304,Under-five mortality rate,50.0,0,BD,Bangladesh,2014,BD2014DHS,CM_ECMR_C_U5M,63206050,I,360006,1360060,Region,Khulna,14003,Ten years preceding the survey,0,1,CMECMRCU5M,BDDHS2014360006,2014,DHS,,,40.0,61.0,1.0
BGD,Rajshahi/Rangpur,7928491,Under-five mortality rate,48.0,0,BD,Bangladesh,2014,BD2014DHS,CM_ECMR_C_U5M,63206050,I,360007,1360070,Region,Rajshahi/Rangpur,14003,Ten years preceding the survey,0,1,CMECMRCU5M,BDDHS2014360007,2014,DHS,,,39.0,56.0,
BGD,Rangpur,7790018,Under-five mortality rate,45.0,0,BD,Bangladesh,2014,BD2014DHS,CM_ECMR_C_U5M,63206050,I,360008,1360080,Region,..Rangpur,14003,Ten years preceding the survey,0,1,CMECMRCU5M,BDDHS2014360008,2014,DHS,,,32.0,58.0,1.0
BGD,Rajshahi,1741210,Under-five mortality rate,50.0,0,BD,Bangladesh,2014,BD2014DHS,CM_ECMR_C_U5M,63206050,I,360009,1360090,Region,..Rajshahi,14003,Ten years preceding the survey,0,1,CMECMRCU5M,BDDHS2014360009,2014,DHS,,,40.0,60.0,1.0
BGD,Barishal,6246750,Place of delivery: Health facility,29.9,1,BD,Bangladesh,2014,BD2014DHS,RH_DELP_C_DHF,83566070,I,360001,1360010,Region,Barishal,14000,Three years preceding the survey,0,0,RHDELPCDHF,BDDHS2014360001,2014,DHS,279.0,551.0,,,1.0
BGD,Barishal,2912601,Place of delivery: Health facility,29.7,1,BD,Bangladesh,2014,BD2014DHS,RH_DELP_C_DHF,83566070,I,360001,1360010,Region,Barishal,14002,Two years preceding the survey,0,1,RHDELPCDHF,BDDHS2014360001,2014,DHS,189.0,377.0,,,1.0
BGD,Chattogram/Sylhet,4162677,Place of delivery: Health facility,31.3,1,BD,Bangladesh,2014,BD2014DHS,RH_DELP_C_DHF,83566070,I,360002,1360020,Region,Chattogram/Sylhet,14000,Three years preceding the survey,0,0,RHDELPCDHF,BDDHS2014360002,2014,DHS,1548.0,1652.0,,,
BGD,Chattogram/Sylhet,5049241,Place of delivery: Health facility,32.8,1,BD,Bangladesh,2014,BD2014DHS,RH_DELP_C_DHF,83566070,I,360002,1360020,Region,Chattogram/Sylhet,14002,Two years preceding the survey,0,1,RHDELPCDHF,BDDHS2014360002,2014,DHS,991.0,1055.0,,,
BGD,Chattogram,5506690,Place of delivery: Health facility,35.2,1,BD,Bangladesh,2014,BD2014DHS,RH_DELP_C_DHF,83566070,I,360003,1360030,Region,..Chattogram,14000,Three years preceding the survey,0,0,RHDELPCDHF,BDDHS2014360003,2014,DHS,1074.0,915.0,,,1.0
BGD,Chattogram,7190786,Place of delivery: Health facility,37.1,1,BD,Bangladesh,2014,BD2014DHS,RH_DELP_C_DHF,83566070,I,360003,1360030,Region,..Chattogram,14002,Two years preceding the survey,0,1,RHDELPCDHF,BDDHS2014360003,2014,DHS,695.0,588.0,,,1.0
BGD,Sylhet,742558,Place of delivery: Health facility,22.6,1,BD,Bangladesh,2014,BD2014DHS,RH_DELP_C_DHF,83566070,I,360004,1360040,Region,..Sylhet,14000,Three years preceding the survey,0,0,RHDELPCDHF,BDDHS2014360004,2014,DHS,474.0,737.0,,,1.0
BGD,Sylhet,4657767,Place of delivery: Health facility,22.8,1,BD,Bangladesh,2014,BD2014DHS,RH_DELP_C_DHF,83566070,I,360004,1360040,Region,..Sylhet,14002,Two years preceding the survey,0,1,RHDELPCDHF,BDDHS2014360004,2014,DHS,297.0,467.0,,,1.0
BGD,Dhaka before 2015,7797589,Place of delivery: Health facility,40.5,1,BD,Bangladesh,2014,BD2014DHS,RH_DELP_C_DHF,83566070,I,360005,1360050,Region,Dhaka before 2015,14000,Three years preceding the survey,0,0,RHDELPCDHF,BDDHS2014360005,2014,DHS,1740.0,839.0,,,1.0
BGD,Dhaka before 2015,6602721,Place of delivery: Health facility,43.0,1,BD,Bangladesh,2014,BD2014DHS,RH_DELP_C_DHF,83566070,I,360005,1360050,Region,Dhaka before 2015,14002,Two years preceding the survey,0,1,RHDELPCDHF,BDDHS2014360005,2014,DHS,1192.0,573.0,,,1.0
BGD,Khulna,5645331,Place of delivery: Health facility,54.6,1,BD,Bangladesh,2014,BD2014DHS,RH_DELP_C_DHF,83566070,I,360006,1360060,Region,Khulna,14000,Three years preceding the survey,0,0,RHDELPCDHF,BDDHS2014360006,2014,DHS,387.0,552.0,,,1.0
BGD,Khulna,4236225,Place of delivery: Health facility,59.2,1,BD,Bangladesh,2014,BD2014DHS,RH_DELP_C_DHF,83566070,I,360006,1360060,Region,Khulna,14002,Two years preceding the survey,0,1,RHDELPCDHF,BDDHS2014360006,2014,DHS,253.0,366.0,,,1.0
BGD,Rajshahi/Rangpur,7557911,Place of delivery: Health facility,36.8,1,BD,Bangladesh,2014,BD2014DHS,RH_DELP_C_DHF,83566070,I,360007,1360070,Region,Rajshahi/Rangpur,14000,Three years preceding the survey,0,0,RHDELPCDHF,BDDHS2014360007,2014,DHS,949.0,1140.0,,,
BGD,Rajshahi/Rangpur,5520959,Place of delivery: Health facility,38.4,1,BD,Bangladesh,2014,BD2014DHS,RH_DELP_C_DHF,83566070,I,360007,1360070,Region,Rajshahi/Rangpur,14002,Two years preceding the survey,0,1,RHDELPCDHF,BDDHS2014360007,2014,DHS,628.0,759.0,,,
BGD,Rangpur,13866,Place of delivery: Health facility,34.3,1,BD,Bangladesh,2014,BD2014DHS,RH_DELP_C_DHF,83566070,I,360008,1360080,Region,..Rangpur,14000,Three years preceding the survey,0,0,RHDELPCDHF,BDDHS2014360008,2014,DHS,461.0,565.0,,,1.0
BGD,Rangpur,3627048,Place of delivery: Health facility,36.1,1,BD,Bangladesh,2014,BD2014DHS,RH_DELP_C_DHF,83566070,I,360008,1360080,Region,..Rangpur,14002,Two years preceding the survey,0,1,RHDELPCDHF,BDDHS2014360008,2014,DHS,298.0,371.0,,,1.0
BGD,Rajshahi,3711754,Place of delivery: Health facility,39.2,1,BD,Bangladesh,2014,BD2014DHS,RH_DELP_C_DHF,83566070,I,360009,1360090,Region,..Rajshahi,14000,Three years preceding the survey,0,0,RHDELPCDHF,BDDHS2014360009,2014,DHS,488.0,575.0,,,1.0
BGD,Rajshahi,2222626,Place of delivery: Health facility,40.5,1,BD,Bangladesh,2014,BD2014DHS,RH_DELP_C_DHF,83566070,I,360009,1360090,Region,..Rajshahi,14002,Two years preceding the survey,0,1,RHDELPCDHF,BDDHS2014360009,2014,DHS,331.0,388.0,,,1.0
BGD,Barishal,2071271,Fully vaccinated (8 basic antigens),81.5,1,BD,Bangladesh,2014,BD2014DHS,CH_VACC_C_BAS,93906230,I,360001,1360010,Region,Barishal,0,,0,1,CHVACCCBAS,BDDHS2014360001,2014,DHS,92.0,180.0,,,1.0
BGD,Chattogram/Sylhet,7062308,Fully vaccinated (8 basic antigens),77.3,1,BD,Bangladesh,2014,BD2014DHS,CH_VACC_C_BAS,93906230,I,360002,1360020,Region,Chattogram/Sylhet,0,,0,1,CHVACCCBAS,BDDHS2014360002,2014,DHS,478.0,515.0,,,
BGD,Chattogram,3322597,Fully vaccinated (8 basic antigens),83.3,1,BD,Bangladesh,2014,BD2014DHS,CH_VACC_C_BAS,93906230,I,360003,1360030,Region,..Chattogram,0,,0,1,CHVACCCBAS,BDDHS2014360003,2014,DHS,349.0,294.0,,,1.0
BGD,Sylhet,3066310,Fully vaccinated (8 basic antigens),61.1,1,BD,Bangladesh,2014,BD2014DHS,CH_VACC_C_BAS,93906230,I,360004,1360040,Region,..Sylhet,0,,0,1,CHVACCCBAS,BDDHS2014360004,2014,DHS,129.0,221.0,,,1.0
BGD,Dhaka before 2015,7392130,Fully vaccinated (8 basic antigens),87.4,1,BD,Bangladesh,2014,BD2014DHS,CH_VACC_C_BAS,93906230,I,360005,1360050,Region,Dhaka before 2015,0,,0,1,CHVACCCBAS,BDDHS2014360005,2014,DHS,624.0,297.0,,,1.0
BGD,Khulna,4502928,Fully vaccinated (8 basic antigens),85.5,1,BD,Bangladesh,2014,BD2014DHS,CH_VACC_C_BAS,93906230,I,360006,1360060,Region,Khulna,0,,0,1,CHVACCCBAS,BDDHS2014360006,2014,DHS,129.0,181.0,,,1.0
BGD,Rajshahi/Rangpur,4793284,Fully vaccinated (8 basic antigens),86.6,1,BD,Bangladesh,2014,BD2014DHS,CH_VACC_C_BAS,93906230,I,360007,1360070,Region,Rajshahi/Rangpur,0,,0,1,CHVACCCBAS,BDDHS2014360007,2014,DHS,309.0,384.0,,,
BGD,Rangpur,5038220,Fully vaccinated (8 basic antigens),90.0,1,BD,Bangladesh,2014,BD2014DHS,CH_VACC_C_BAS,93906230,I,360008,1360080,Region,..Rangpur,0,,0,1,CHVACCCBAS,BDDHS2014360008,2014,DHS,146.0,192.0,,,1.0
BGD,Rajshahi,5120067,Fully vaccinated (8 basic antigens),83.6,1,BD,Bangladesh,2014,BD2014DHS,CH_VACC_C_BAS,93906230,I,360009,1360090,Region,..Rajshahi,0,,0,1,CHVACCCBAS,BDDHS2014360009,2014,DHS,163.0,192.0,,,1.0
BGD,Barishal,1580,Treatment of diarrhea: Either ORS or RHF,90.9,1,BD,Bangladesh,2014,BD2014DHS,CH_DIAT_C_ORT,94096040,I,360001,1360010,Region,Barishal,14000,Three years preceding the survey,0,0,CHDIATCORT,BDDHS2014360001,2014,DHS,22.0,37.0,,,1.0
BGD,Barishal,7219603,Treatment of diarrhea: Either ORS or RHF,88.5,1,BD,Bangladesh,2014,BD2014DHS,CH_DIAT_C_ORT,94096040,I,360001,1360010,Region,Barishal,14001,Five years preceding the survey,0,1,CHDIATCORT,BDDHS2014360001,2014,DHS,29.0,50.0,,,1.0
BGD,Chattogram/Sylhet,7361794,Treatment of diarrhea: Either ORS or RHF,78.4,1,BD,Bangladesh,2014,BD2014DHS,CH_DIAT_C_ORT,94096040,I,360002,1360020,Region,Chattogram/Sylhet,14000,Three years preceding the survey,0,0,CHDIATCORT,BDDHS2014360002,2014,DHS,116.0,111.0,,,
BGD,Chattogram/Sylhet,3059566,Treatment of diarrhea: Either ORS or RHF,82.4,1,BD,Bangladesh,2014,BD2014DHS,CH_DIAT_C_ORT,94096040,I,360002,1360020,Region,Chattogram/Sylhet,14001,Five years preceding the survey,0,1,CHDIATCORT,BDDHS2014360002,2014,DHS,158.0,163.0,,,
BGD,Chattogram,2071338,Treatment of diarrhea: Either ORS or RHF,81.2,1,BD,Bangladesh,2014,BD2014DHS,CH_DIAT_C_ORT,94096040,I,360003,1360030,Region,..Chattogram,14000,Three years preceding the survey,0,0,CHDIATCORT,BDDHS2014360003,2014,DHS,89.0,71.0,,,1.0
BGD,Chattogram,3488413,Treatment of diarrhea: Either ORS or RHF,83.8,1,BD,Bangladesh,2014,BD2014DHS,CH_DIAT_C_ORT,94096040,I,360003,1360030,Region,..Chattogram,14001,Five years preceding the survey,0,1,CHDIATCORT,BDDHS2014360003,2014,DHS,111.0,93.0,,,1.0
BGD,Sylhet,5401989,Treatment of diarrhea: Either ORS or RHF,69.3,1,BD,Bangladesh,2014,BD2014DHS,CH_DIAT_C_ORT,94096040,I,360004,1360040,Region,..Sylhet,14000,Three years preceding the survey,0,0,CHDIATCORT,BDDHS2014360004,2014,DHS,27.0,40.0,,,1.0
BGD,Sylhet,6630628,Treatment of diarrhea: Either ORS or RHF,79.2,1,BD,Bangladesh,2014,BD2014DHS,CH_DIAT_C_ORT,94096040,I,360004,1360040,Region,..Sylhet,14001,Five years preceding the survey,0,1,CHDIATCORT,BDDHS2014360004,2014,DHS,47.0,70.0,,,1.0
BGD,Dhaka before 2015,7812266,Treatment of diarrhea: Either ORS or RHF,90.4,1,BD,Bangladesh,2014,BD2014DHS,CH_DIAT_C_ORT,94096040,I,360005,1360050,Region,Dhaka before 2015,14000,Three years preceding the survey,0,0,CHDIATCORT,BDDHS2014360005,2014,DHS,125.0,51.0,,,1.0
BGD,Dhaka before 2015,4495819,Treatment of diarrhea: Either ORS or RHF,88.9,1,BD,Bangladesh,2014,BD2014DHS,CH_DIAT_C_ORT,94096040,I,360005,1360050,Region,Dhaka before 2015,14001,Five years preceding the survey,0,1,CHDIATCORT,BDDHS2014360005,2014,DHS,177.0,68.0,,,1.0
BGD,Khulna,3890975,Treatment of diarrhea: Either ORS or RHF,84.3,1,BD,Bangladesh,2014,BD2014DHS,CH_DIAT_C_ORT,94096040,I,360006,1360060,Region,Khulna,14001,Five years preceding the survey,0,1,CHDIATCORT,BDDHS2014360006,2014,DHS,21.0,29.0,,,1.0
BGD,Rajshahi/Rangpur,7561595,Treatment of diarrhea: Either ORS or RHF,65.2,1,BD,Bangladesh,2014,BD2014DHS,CH_DIAT_C_ORT,94096040,I,360007,1360070,Region,Rajshahi/Rangpur,14000,Three years preceding the survey,0,0,CHDIATCORT,BDDHS2014360007,2014,DHS,37.0,43.0,,,
BGD,Rajshahi/Rangpur,6986663,Treatment of diarrhea: Either ORS or RHF,72.6,1,BD,Bangladesh,2014,BD2014DHS,CH_DIAT_C_ORT,94096040,I,360007,1360070,Region,Rajshahi/Rangpur,14001,Five years preceding the survey,0,1,CHDIATCORT,BDDHS2014360007,2014,DHS,55.0,61.0,,,
BGD,Rajshahi,4839773,Treatment of diarrhea: Either ORS or RHF,78.1,1,BD,Bangladesh,2014,BD2014DHS,CH_DIAT_C_ORT,94096040,I,360009,1360090,Region,..Rajshahi,14000,Three years preceding the survey,0,0,CHDIATCORT,BDDHS2014360009,2014,DHS,21.0,25.0,,,1.0
BGD,Rajshahi,2076988,Treatment of diarrhea: Either ORS or RHF,82.4,1,BD,Bangladesh,2014,BD2014DHS,CH_DIAT_C_ORT,94096040,I,360009,1360090,Region,..Rajshahi,14001,Five years preceding the survey,0,1,CHDIATCORT,BDDHS2014360009,2014,DHS,34.0,37.0,,,1.0
BGD,Barishal,2939517,Children stunted,39.9,1,BD,Bangladesh,2014,BD2014DHS,CN_NUTS_C_HA2,104236020,I,360001,1360010,Region,Barishal,0,,0,1,CNNUTSCHA2,BDDHS2014360001,2014,DHS,424.0,837.0,,,1.0
BGD,Chattogram/Sylhet,6351268,Children stunted,41.7,1,BD,Bangladesh,2014,BD2014DHS,CN_NUTS_C_HA2,104236020,I,360002,1360020,Region,Chattogram/Sylhet,0,,0,1,CNNUTSCHA2,BDDHS2014360002,2014,DHS,2241.0,2484.0,,,
BGD,Chattogram,6821384,Children stunted,38.0,1,BD,Bangladesh,2014,BD2014DHS,CN_NUTS_C_HA2,104236020,I,360003,1360030,Region,..Chattogram,0,,0,1,CNNUTSCHA2,BDDHS2014360003,2014,DHS,1541.0,1350.0,,,1.0
BGD,Sylhet,4628799,Children stunted,49.6,1,BD,Bangladesh,2014,BD2014DHS,CN_NUTS_C_HA2,104236020,I,360004,1360040,Region,..Sylhet,0,,0,1,CNNUTSCHA2,BDDHS2014360004,2014,DHS,700.0,1134.0,,,1.0
BGD,Dhaka before 2015,3667302,Children stunted,33.9,1,BD,Bangladesh,2014,BD2014DHS,CN_NUTS_C_HA2,104236020,I,360005,1360050,Region,Dhaka before 2015,0,,0,1,CNNUTSCHA2,BDDHS2014360005,2014,DHS,2546.0,1249.0,,,1.0
BGD,Khulna,7080825,Children stunted,28.1,1,BD,Bangladesh,2014,BD2014DHS,CN_NUTS_C_HA2,104236020,I,360006,1360060,Region,Khulna,0,,0,1,CNNUTSCHA2,BDDHS2014360006,2014,DHS,565.0,793.0,,,1.0
BGD,Rajshahi/Rangpur,5714848,Children stunted,33.5,1,BD,Bangladesh,2014,BD2014DHS,CN_NUTS_C_HA2,104236020,I,360007,1360070,Region,Rajshahi/Rangpur,0,,0,1,CNNUTSCHA2,BDDHS2014360007,2014,DHS,1542.0,1804.0,,,
BGD,Rangpur,4470148,Children stunted,36.0,1,BD,Bangladesh,2014,BD2014DHS,CN_NUTS_C_HA2,104236020,I,360008,1360080,Region,..Rangpur,0,,0,1,CNNUTSCHA2,BDDHS2014360008,2014,DHS,762.0,899.0,,,1.0
BGD,Rajshahi,6637881,Children stunted,31.1,1,BD,Bangladesh,2014,BD2014DHS,CN_NUTS_C_HA2,104236020,I,360009,1360090,Region,..Rajshahi,0,,0,1,CNNUTSCHA2,BDDHS2014360009,2014,DHS,780.0,905.0,,,1.0
BGD,Barishal,5880138,Children wasted,17.7,1,BD,Bangladesh,2014,BD2014DHS,CN_NUTS_C_WH2,104236050,I,360001,1360010,Region,Barishal,0,,0,1,CNNUTSCWH2,BDDHS2014360001,2014,DHS,424.0,837.0,,,1.0
BGD,Chattogram/Sylhet,39619,Children wasted,14.5,1,BD,Bangladesh,2014,BD2014DHS,CN_NUTS_C_WH2,104236050,I,360002,1360020,Region,Chattogram/Sylhet,0,,0,1,CNNUTSCWH2,BDDHS2014360002,2014,DHS,2241.0,2484.0,,,
BGD,Chattogram,7379114,Children wasted,15.6,1,BD,Bangladesh,2014,BD2014DHS,CN_NUTS_C_WH2,104236050,I,360003,1360030,Region,..Chattogram,0,,0,1,CNNUTSCWH2,BDDHS2014360003,2014,DHS,1541.0,1350.0,,,1.0
BGD,Sylhet,4736376,Children wasted,12.1,1,BD,Bangladesh,2014,BD2014DHS,CN_NUTS_C_WH2,104236050,I,360004,1360040,Region,..Sylhet,0,,0,1,CNNUTSCWH2,BDDHS2014360004,2014,DHS,700.0,1134.0,,,1.0
BGD,Dhaka before 2015,4743877,Children wasted,11.9,1,BD,Bangladesh,2014,BD2014DHS,CN_NUTS_C_WH2,104236050,I,360005,1360050,Region,Dhaka before 2015,0,,0,1,CNNUTSCWH2,BDDHS2014360005,2014,DHS,2546.0,1249.0,,,1.0
BGD,Khulna,1290490,Children wasted,13.5,1,BD,Bangladesh,2014,BD2014DHS,CN_NUTS_C_WH2,104236050,I,360006,1360060,Region,Khulna,0,,0,1,CNNUTSCWH2,BDDHS2014360006,2014,DHS,565.0,793.0,,,1.0
BGD,Rajshahi/Rangpur,5468176,Children wasted,17.5,1,BD,Bangladesh,2014,BD2014DHS,CN_NUTS_C_WH2,104236050,I,360007,1360070,Region,Rajshahi/Rangpur,0,,0,1,CNNUTSCWH2,BDDHS2014360007,2014,DHS,1542.0,1804.0,,,
BGD,Rangpur,6006972,Children wasted,17.7,1,BD,Bangladesh,2014,BD2014DHS,CN_NUTS_C_WH2,104236050,I,360008,1360080,Region,..Rangpur,0,,0,1,CNNUTSCWH2,BDDHS2014360008,2014,DHS,762.0,899.0,,,1.0
BGD,Rajshahi,880390,Children wasted,17.3,1,BD,Bangladesh,2014,BD2014DHS,CN_NUTS_C_WH2,104236050,I,360009,1360090,Region,..Rajshahi,0,,0,1,CNNUTSCWH2,BDDHS2014360009,2014,DHS,780.0,905.0,,,1.0
BGD,Barishal,2913810,Children underweight,36.9,1,BD,Bangladesh,2014,BD2014DHS,CN_NUTS_C_WA2,104236090,I,360001,1360010,Region,Barishal,0,,0,1,CNNUTSCWA2,BDDHS2014360001,2014,DHS,424.0,837.0,,,1.0
BGD,Chattogram/Sylhet,7058601,Children underweight,37.2,1,BD,Bangladesh,2014,BD2014DHS,CN_NUTS_C_WA2,104236090,I,360002,1360020,Region,Chattogram/Sylhet,0,,0,1,CNNUTSCWA2,BDDHS2014360002,2014,DHS,2241.0,2484.0,,,
BGD,Chattogram,5563185,Children underweight,36.0,1,BD,Bangladesh,2014,BD2014DHS,CN_NUTS_C_WA2,104236090,I,360003,1360030,Region,..Chattogram,0,,0,1,CNNUTSCWA2,BDDHS2014360003,2014,DHS,1541.0,1350.0,,,1.0
BGD,Sylhet,4169855,Children underweight,39.8,1,BD,Bangladesh,2014,BD2014DHS,CN_NUTS_C_WA2,104236090,I,360004,1360040,Region,..Sylhet,0,,0,1,CNNUTSCWA2,BDDHS2014360004,2014,DHS,700.0,1134.0,,,1.0
BGD,Dhaka before 2015,6461088,Children underweight,28.5,1,BD,Bangladesh,2014,BD2014DHS,CN_NUTS_C_WA2,104236090,I,360005,1360050,Region,Dhaka before 2015,0,,0,1,CNNUTSCWA2,BDDHS2014360005,2014,DHS,2546.0,1249.0,,,1.0
BGD,Khulna,1290615,Children underweight,25.5,1,BD,Bangladesh,2014,BD2014DHS,CN_NUTS_C_WA2,104236090,I,360006,1360060,Region,Khulna,0,,0,1,CNNUTSCWA2,BDDHS2014360006,2014,DHS,565.0,793.0,,,1.0
BGD,Rajshahi/Rangpur,5185882,Children underweight,34.4,1,BD,Bangladesh,2014,BD2014DHS,CN_NUTS_C_WA2,104236090,I,360007,1360070,Region,Rajshahi/Rangpur,0,,0,1,CNNUTSCWA2,BDDHS2014360007,2014,DHS,1542.0,1804.0,,,
BGD,Rangpur,1304479,Children underweight,36.8,1,BD,Bangladesh,2014,BD2014DHS,CN_NUTS_C_WA2,104236090,I,360008,1360080,Region,..Rangpur,0,,0,1,CNNUTSCWA2,BDDHS2014360008,2014,DHS,762.0,899.0,,,1.0
BGD,Rajshahi,7113630,Children underweight,32.1,1,BD,Bangladesh,2014,BD2014DHS,CN_NUTS_C_WA2,104236090,I,360009,1360090,Region,..Rajshahi,0,,0,1,CNNUTSCWA2,BDDHS2014360009,2014,DHS,780.0,905.0,,,1.0
BGD,Barishal,1290618,Median duration of exclusive breastfeeding,0.7,1,BD,Bangladesh,2014,BD2014DHS,CN_BFDR_C_MDE,104336020,I,360001,1360010,Region,Barishal,0,,0,1,CNBFDRCMDE,BDDHS2014360001,2014,DHS,,,,,1.0
BGD,Chattogram/Sylhet,1297452,Median duration of exclusive breastfeeding,3.6,1,BD,Bangladesh,2014,BD2014DHS,CN_BFDR_C_MDE,104336020,I,360002,1360020,Region,Chattogram/Sylhet,0,,0,1,CNBFDRCMDE,BDDHS2014360002,2014,DHS,,,,,
BGD,Chattogram,1290566,Median duration of exclusive breastfeeding,3.4,1,BD,Bangladesh,2014,BD2014DHS,CN_BFDR_C_MDE,104336020,I,360003,1360030,Region,..Chattogram,0,,0,1,CNBFDRCMDE,BDDHS2014360003,2014,DHS,,,,,1.0
BGD,Sylhet,1282893,Median duration of exclusive breastfeeding,3.9,1,BD,Bangladesh,2014,BD2014DHS,CN_BFDR_C_MDE,104336020,I,360004,1360040,Region,..Sylhet,0,,0,1,CNBFDRCMDE,BDDHS2014360004,2014,DHS,,,,,1.0
BGD,Dhaka before 2015,1297448,Median duration of exclusive breastfeeding,1.9,1,BD,Bangladesh,2014,BD2014DHS,CN_BFDR_C_MDE,104336020,I,360005,1360050,Region,Dhaka before 2015,0,,0,1,CNBFDRCMDE,BDDHS2014360005,2014,DHS,,,,,1.0
BGD,Khulna,1290532,Median duration of exclusive breastfeeding,3.6,1,BD,Bangladesh,2014,BD2014DHS,CN_BFDR_C_MDE,104336020,I,360006,1360060,Region,Khulna,0,,0,1,CNBFDRCMDE,BDDHS2014360006,2014,DHS,,,,,1.0
BGD,Rajshahi/Rangpur,1297494,Median duration of exclusive breastfeeding,3.3,1,BD,Bangladesh,2014,BD2014DHS,CN_BFDR_C_MDE,104336020,I,360007,1360070,Region,Rajshahi/Rangpur,0,,0,1,CNBFDRCMDE,BDDHS2014360007,2014,DHS,,,,,
BGD,Rangpur,1304573,Median duration of exclusive breastfeeding,4.0,1,BD,Bangladesh,2014,BD2014DHS,CN_BFDR_C_MDE,104336020,I,360008,1360080,Region,..Rangpur,0,,0,1,CNBFDRCMDE,BDDHS2014360008,2014,DHS,,,,,1.0
BGD,Rajshahi,1304569,Median duration of exclusive breastfeeding,2.7,1,BD,Bangladesh,2014,BD2014DHS,CN_BFDR_C_MDE,104336020,I,360009,1360090,Region,..Rajshahi,0,,0,1,CNBFDRCMDE,BDDHS2014360009,2014,DHS,,,,,1.0
BGD,Barishal,5988051,Women with secondary or higher education,48.1,1,BD,Bangladesh,2014,BD2014DHS,ED_EDUC_W_SEH,231203100,I,360001,1360010,Region,Barishal,0,,0,1,EDEDUCWSEH,BDDHS2014360001,2014,DHS,1111.0,2142.0,,,1.0
BGD,Chattogram/Sylhet,586667,Women with secondary or higher education,47.1,1,BD,Bangladesh,2014,BD2014DHS,ED_EDUC_W_SEH,231203100,I,360002,1360020,Region,Chattogram/Sylhet,0,,0,1,EDEDUCWSEH,BDDHS2014360002,2014,DHS,4533.0,5004.0,,,
BGD,Chattogram,5305605,Women with secondary or higher education,52.3,1,BD,Bangladesh,2014,BD2014DHS,ED_EDUC_W_SEH,231203100,I,360003,1360030,Region,..Chattogram,0,,0,1,EDEDUCWSEH,BDDHS2014360003,2014,DHS,3301.0,2865.0,,,1.0
BGD,Sylhet,510544,Women with secondary or higher education,33.0,1,BD,Bangladesh,2014,BD2014DHS,ED_EDUC_W_SEH,231203100,I,360004,1360040,Region,..Sylhet,0,,0,1,EDEDUCWSEH,BDDHS2014360004,2014,DHS,1232.0,2139.0,,,1.0
BGD,Dhaka before 2015,4712299,Women with secondary or higher education,44.7,1,BD,Bangladesh,2014,BD2014DHS,ED_EDUC_W_SEH,231203100,I,360005,1360050,Region,Dhaka before 2015,0,,0,1,EDEDUCWSEH,BDDHS2014360005,2014,DHS,6223.0,3093.0,,,1.0
BGD,Khulna,7378267,Women with secondary or higher education,49.5,1,BD,Bangladesh,2014,BD2014DHS,ED_EDUC_W_SEH,231203100,I,360006,1360060,Region,Khulna,0,,0,1,EDEDUCWSEH,BDDHS2014360006,2014,DHS,1838.0,2581.0,,,1.0
BGD,Rajshahi/Rangpur,4748402,Women with secondary or higher education,44.2,1,BD,Bangladesh,2014,BD2014DHS,ED_EDUC_W_SEH,231203100,I,360007,1360070,Region,Rajshahi/Rangpur,0,,0,1,EDEDUCWSEH,BDDHS2014360007,2014,DHS,4159.0,5043.0,,,
BGD,Rangpur,5959124,Women with secondary or higher education,44.1,1,BD,Bangladesh,2014,BD2014DHS,ED_EDUC_W_SEH,231203100,I,360008,1360080,Region,..Rangpur,0,,0,1,EDEDUCWSEH,BDDHS2014360008,2014,DHS,2056.0,2531.0,,,1.0
BGD,Rajshahi,4440833,Women with secondary or higher education,44.4,1,BD,Bangladesh,2014,BD2014DHS,ED_EDUC_W_SEH,231203100,I,360009,1360090,Region,..Rajshahi,0,,0,1,EDEDUCWSEH,BDDHS2014360009,2014,DHS,2103.0,2512.0,,,1.0
BGD,Barishal,6826975,Women who are literate,76.0,1,BD,Bangladesh,2014,BD2014DHS,ED_LITR_W_LIT,231233090,I,360001,1360010,Region,Barishal,0,,0,1,EDLITRWLIT,BDDHS2014360001,2014,DHS,1111.0,2142.0,,,1.0
BGD,Chattogram/Sylhet,4084551,Women who are literate,66.3,1,BD,Bangladesh,2014,BD2014DHS,ED_LITR_W_LIT,231233090,I,360002,1360020,Region,Chattogram/Sylhet,0,,0,1,EDLITRWLIT,BDDHS2014360002,2014,DHS,4533.0,5004.0,,,
BGD,Chattogram,1859129,Women who are literate,69.6,1,BD,Bangladesh,2014,BD2014DHS,ED_LITR_W_LIT,231233090,I,360003,1360030,Region,..Chattogram,0,,0,1,EDLITRWLIT,BDDHS2014360003,2014,DHS,3301.0,2865.0,,,1.0
BGD,Sylhet,7125927,Women who are literate,57.4,1,BD,Bangladesh,2014,BD2014DHS,ED_LITR_W_LIT,231233090,I,360004,1360040,Region,..Sylhet,0,,0,1,EDLITRWLIT,BDDHS2014360004,2014,DHS,1232.0,2139.0,,,1.0
BGD,Dhaka before 2015,4355222,Women who are literate,65.6,1,BD,Bangladesh,2014,BD2014DHS,ED_LITR_W_LIT,231233090,I,360005,1360050,Region,Dhaka before 2015,0,,0,1,EDLITRWLIT,BDDHS2014360005,2014,DHS,6223.0,3093.0,,,1.0
BGD,Khulna,5418860,Women who are literate,68.0,1,BD,Bangladesh,2014,BD2014DHS,ED_LITR_W_LIT,231233090,I,360006,1360060,Region,Khulna,0,,0,1,EDLITRWLIT,BDDHS2014360006,2014,DHS,1838.0,2581.0,,,1.0
BGD,Rajshahi/Rangpur,2635756,Women who are literate,64.1,1,BD,Bangladesh,2014,BD2014DHS,ED_LITR_W_LIT,231233090,I,360007,1360070,Region,Rajshahi/Rangpur,0,,0,1,EDLITRWLIT,BDDHS2014360007,2014,DHS,4159.0,5043.0,,,
BGD,Rangpur,4810333,Women who are literate,63.5,1,BD,Bangladesh,2014,BD2014DHS,ED_LITR_W_LIT,231233090,I,360008,1360080,Region,..Rangpur,0,,0,1,EDLITRWLIT,BDDHS2014360008,2014,DHS,2056.0,2531.0,,,1.0
BGD,Rajshahi,6726570,Women who are literate,64.7,1,BD,Bangladesh,2014,BD2014DHS,ED_LITR_W_LIT,231233090,I,360009,1360090,Region,..Rajshahi,0,,0,1,EDLITRWLIT,BDDHS2014360009,2014,DHS,2103.0,2512.0,,,1.0
BGD,Barishal,3801031,Households with electricity,46.5,1,BD,Bangladesh,2014,BD2014DHS,HC_ELEC_H_ELC,260321010,I,360001,1360010,Region,Barishal,0,,0,1,HCELECHELC,BDDHS2014360001,2014,DHS,1071.0,2062.0,,,1.0
BGD,Chattogram/Sylhet,840732,Households with electricity,63.4,1,BD,Bangladesh,2014,BD2014DHS,HC_ELEC_H_ELC,260321010,I,360002,1360020,Region,Chattogram/Sylhet,0,,0,1,HCELECHELC,BDDHS2014360002,2014,DHS,4248.0,4688.0,,,
BGD,Chattogram,6102131,Households with electricity,70.5,1,BD,Bangladesh,2014,BD2014DHS,HC_ELEC_H_ELC,260321010,I,360003,1360030,Region,..Chattogram,0,,0,1,HCELECHELC,BDDHS2014360003,2014,DHS,3098.0,2656.0,,,1.0
BGD,Sylhet,3221707,Households with electricity,44.3,1,BD,Bangladesh,2014,BD2014DHS,HC_ELEC_H_ELC,260321010,I,360004,1360040,Region,..Sylhet,0,,0,1,HCELECHELC,BDDHS2014360004,2014,DHS,1150.0,2032.0,,,1.0
BGD,Dhaka before 2015,6958776,Households with electricity,72.7,1,BD,Bangladesh,2014,BD2014DHS,HC_ELEC_H_ELC,260321010,I,360005,1360050,Region,Dhaka before 2015,0,,0,1,HCELECHELC,BDDHS2014360005,2014,DHS,6047.0,3078.0,,,1.0
BGD,Khulna,2963448,Households with electricity,60.1,1,BD,Bangladesh,2014,BD2014DHS,HC_ELEC_H_ELC,260321010,I,360006,1360060,Region,Khulna,0,,0,1,HCELECHELC,BDDHS2014360006,2014,DHS,1786.0,2478.0,,,1.0
BGD,Rajshahi/Rangpur,5022580,Households with electricity,51.5,1,BD,Bangladesh,2014,BD2014DHS,HC_ELEC_H_ELC,260321010,I,360007,1360070,Region,Rajshahi/Rangpur,0,,0,1,HCELECHELC,BDDHS2014360007,2014,DHS,4148.0,4994.0,,,
BGD,Rangpur,7339718,Households with electricity,42.3,1,BD,Bangladesh,2014,BD2014DHS,HC_ELEC_H_ELC,260321010,I,360008,1360080,Region,..Rangpur,0,,0,1,HCELECHELC,BDDHS2014360008,2014,DHS,2023.0,2470.0,,,1.0
BGD,Rajshahi,4356908,Households with electricity,60.3,1,BD,Bangladesh,2014,BD2014DHS,HC_ELEC_H_ELC,260321010,I,360009,1360090,Region,..Rajshahi,0,,0,1,HCELECHELC,BDDHS2014360009,2014,DHS,2125.0,2524.0,,,1.0
BGD,Barishal,1811357,Total fertility rate 15-49,2.4,1,BD,Bangladesh,2017,BD2017DHS,FE_FRTR_W_TFR,11763080,I,360001,1360010,Region,Barishal,0,,0,1,FEFRTRWTFR,BDDHS2017360001,2017-18,DHS,,,,,1.0
BGD,Chattogram/Sylhet,1797485,Total fertility rate 15-49,2.5,1,BD,Bangladesh,2017,BD2017DHS,FE_FRTR_W_TFR,11763080,I,360002,1360020,Region,Chattogram/Sylhet,0,,0,1,FEFRTRWTFR,BDDHS2017360002,2017-18,DHS,,,,,
BGD,Chattogram,1811415,Total fertility rate 15-49,2.5,1,BD,Bangladesh,2017,BD2017DHS,FE_FRTR_W_TFR,11763080,I,360003,1360030,Region,..Chattogram,0,,0,1,FEFRTRWTFR,BDDHS2017360003,2017-18,DHS,,,,,1.0
BGD,Sylhet,1811310,Total fertility rate 15-49,2.6,1,BD,Bangladesh,2017,BD2017DHS,FE_FRTR_W_TFR,11763080,I,360004,1360040,Region,..Sylhet,0,,0,1,FEFRTRWTFR,BDDHS2017360004,2017-18,DHS,,,,,1.0
BGD,Dhaka before 2015,1797467,Total fertility rate 15-49,2.3,1,BD,Bangladesh,2017,BD2017DHS,FE_FRTR_W_TFR,11763080,I,360005,1360050,Region,Dhaka before 2015,0,,0,1,FEFRTRWTFR,BDDHS2017360005,2017-18,DHS,,,,,
BGD,Dhaka,1797455,Total fertility rate 15-49,2.2,1,BD,Bangladesh,2017,BD2017DHS,FE_FRTR_W_TFR,11763080,I,360010,1360052,Region,..Dhaka,0,,0,1,FEFRTRWTFR,BDDHS2017360010,2017-18,DHS,,,,,1.0
BGD,Mymensingh,1811348,Total fertility rate 15-49,2.5,1,BD,Bangladesh,2017,BD2017DHS,FE_FRTR_W_TFR,11763080,I,360011,1360055,Region,..Mymensingh,0,,0,1,FEFRTRWTFR,BDDHS2017360011,2017-18,DHS,,,,,1.0
BGD,Khulna,1804558,Total fertility rate 15-49,1.9,1,BD,Bangladesh,2017,BD2017DHS,FE_FRTR_W_TFR,11763080,I,360006,1360060,Region,Khulna,0,,0,1,FEFRTRWTFR,BDDHS2017360006,2017-18,DHS,,,,,1.0
BGD,Rajshahi/Rangpur,1804541,Total fertility rate 15-49,2.1,1,BD,Bangladesh,2017,BD2017DHS,FE_FRTR_W_TFR,11763080,I,360007,1360070,Region,Rajshahi/Rangpur,0,,0,1,FEFRTRWTFR,BDDHS2017360007,2017-18,DHS,,,,,
BGD,Rangpur,1817912,Total fertility rate 15-49,2.1,1,BD,Bangladesh,2017,BD2017DHS,FE_FRTR_W_TFR,11763080,I,360008,1360080,Region,..Rangpur,0,,0,1,FEFRTRWTFR,BDDHS2017360008,2017-18,DHS,,,,,1.0
BGD,Rajshahi,1817905,Total fertility rate 15-49,2.1,1,BD,Bangladesh,2017,BD2017DHS,FE_FRTR_W_TFR,11763080,I,360009,1360090,Region,..Rajshahi,0,,0,1,FEFRTRWTFR,BDDHS2017360009,2017-18,DHS,,,,,1.0
BGD,Barishal,4664593,Married women currently using any method of contraception,61.6,1,BD,Bangladesh,2017,BD2017DHS,FP_CUSM_W_ANY,32633010,I,360001,1360010,Region,Barishal,0,,0,1,FPCUSMWANY,BDDHS2017360001,2017-18,DHS,1056.0,2012.0,,,1.0
BGD,Chattogram/Sylhet,6368514,Married women currently using any method of contraception,54.1,1,BD,Bangladesh,2017,BD2017DHS,FP_CUSM_W_ANY,32633010,I,360002,1360020,Region,Chattogram/Sylhet,0,,0,1,FPCUSMWANY,BDDHS2017360002,2017-18,DHS,4498.0,4756.0,,,
BGD,Chattogram,475569,Married women currently using any method of contraception,53.7,1,BD,Bangladesh,2017,BD2017DHS,FP_CUSM_W_ANY,32633010,I,360003,1360030,Region,..Chattogram,0,,0,1,FPCUSMWANY,BDDHS2017360003,2017-18,DHS,3414.0,2731.0,,,1.0
BGD,Sylhet,1556876,Married women currently using any method of contraception,55.4,1,BD,Bangladesh,2017,BD2017DHS,FP_CUSM_W_ANY,32633010,I,360004,1360040,Region,..Sylhet,0,,0,1,FPCUSMWANY,BDDHS2017360004,2017-18,DHS,1085.0,2025.0,,,1.0
BGD,Dhaka before 2015,5140724,Married women currently using any method of contraception,62.4,1,BD,Bangladesh,2017,BD2017DHS,FP_CUSM_W_ANY,32633010,I,360005,1360050,Region,Dhaka before 2015,0,,0,1,FPCUSMWANY,BDDHS2017360005,2017-18,DHS,6332.0,4875.0,,,
BGD,Dhaka,4116720,Married women currently using any method of contraception,62.2,1,BD,Bangladesh,2017,BD2017DHS,FP_CUSM_W_ANY,32633010,I,360010,1360052,Region,..Dhaka,0,,0,1,FPCUSMWANY,BDDHS2017360010,2017-18,DHS,4864.0,2822.0,,,1.0
BGD,Mymensingh,3694744,Married women currently using any method of contraception,63.4,1,BD,Bangladesh,2017,BD2017DHS,FP_CUSM_W_ANY,32633010,I,360011,1360055,Region,..Mymensingh,0,,0,1,FPCUSMWANY,BDDHS2017360011,2017-18,DHS,1468.0,2053.0,,,1.0
BGD,Khulna,3157735,Married women currently using any method of contraception,64.6,1,BD,Bangladesh,2017,BD2017DHS,FP_CUSM_W_ANY,32633010,I,360006,1360060,Region,Khulna,0,,0,1,FPCUSMWANY,BDDHS2017360006,2017-18,DHS,2205.0,2480.0,,,1.0
BGD,Rajshahi/Rangpur,6558281,Married women currently using any method of contraception,67.0,1,BD,Bangladesh,2017,BD2017DHS,FP_CUSM_W_ANY,32633010,I,360007,1360070,Region,Rajshahi/Rangpur,0,,0,1,FPCUSMWANY,BDDHS2017360007,2017-18,DHS,4892.0,4772.0,,,
BGD,Rangpur,4356462,Married women currently using any method of contraception,69.8,1,BD,Bangladesh,2017,BD2017DHS,FP_CUSM_W_ANY,32633010,I,360008,1360080,Region,..Rangpur,0,,0,1,FPCUSMWANY,BDDHS2017360008,2017-18,DHS,2248.0,2346.0,,,1.0
BGD,Rajshahi,6070047,Married women currently using any method of contraception,64.7,1,BD,Bangladesh,2017,BD2017DHS,FP_CUSM_W_ANY,32633010,I,360009,1360090,Region,..Rajshahi,0,,0,1,FPCUSMWANY,BDDHS2017360009,2017-18,DHS,2645.0,2426.0,,,1.0
BGD,Barishal,4664594,Married women currently using any modern method of contraception,50.9,1,BD,Bangladesh,2017,BD2017DHS,FP_CUSM_W_MOD,32633020,I,360001,1360010,Region,Barishal,0,,0,1,FPCUSMWMOD,BDDHS2017360001,2017-18,DHS,1056.0,2012.0,,,1.0
BGD,Chattogram/Sylhet,6368515,Married women currently using any modern method of contraception,44.8,1,BD,Bangladesh,2017,BD2017DHS,FP_CUSM_W_MOD,32633020,I,360002,1360020,Region,Chattogram/Sylhet,0,,0,1,FPCUSMWMOD,BDDHS2017360002,2017-18,DHS,4498.0,4756.0,,,
BGD,Chattogram,475570,Married women currently using any modern method of contraception,44.8,1,BD,Bangladesh,2017,BD2017DHS,FP_CUSM_W_MOD,32633020,I,360003,1360030,Region,..Chattogram,0,,0,1,FPCUSMWMOD,BDDHS2017360003,2017-18,DHS,3414.0,2731.0,,,1.0
BGD,Sylhet,1556877,Married women currently using any modern method of contraception,44.8,1,BD,Bangladesh,2017,BD2017DHS,FP_CUSM_W_MOD,32633020,I,360004,1360040,Region,..Sylhet,0,,0,1,FPCUSMWMOD,BDDHS2017360004,2017-18,DHS,1085.0,2025.0,,,1.0
BGD,Dhaka before 2015,5140725,Married women currently using any modern method of contraception,53.2,1,BD,Bangladesh,2017,BD2017DHS,FP_CUSM_W_MOD,32633020,I,360005,1360050,Region,Dhaka before 2015,0,,0,1,FPCUSMWMOD,BDDHS2017360005,2017-18,DHS,6332.0,4875.0,,,
BGD,Dhaka,4116721,Married women currently using any modern method of contraception,52.6,1,BD,Bangladesh,2017,BD2017DHS,FP_CUSM_W_MOD,32633020,I,360010,1360052,Region,..Dhaka,0,,0,1,FPCUSMWMOD,BDDHS2017360010,2017-18,DHS,4864.0,2822.0,,,1.0
BGD,Mymensingh,3694745,Married women currently using any modern method of contraception,55.1,1,BD,Bangladesh,2017,BD2017DHS,FP_CUSM_W_MOD,32633020,I,360011,1360055,Region,..Mymensingh,0,,0,1,FPCUSMWMOD,BDDHS2017360011,2017-18,DHS,1468.0,2053.0,,,1.0
BGD,Khulna,3157736,Married women currently using any modern method of contraception,52.2,1,BD,Bangladesh,2017,BD2017DHS,FP_CUSM_W_MOD,32633020,I,360006,1360060,Region,Khulna,0,,0,1,FPCUSMWMOD,BDDHS2017360006,2017-18,DHS,2205.0,2480.0,,,1.0
BGD,Rajshahi/Rangpur,6558282,Married women currently using any modern method of contraception,56.8,1,BD,Bangladesh,2017,BD2017DHS,FP_CUSM_W_MOD,32633020,I,360007,1360070,Region,Rajshahi/Rangpur,0,,0,1,FPCUSMWMOD,BDDHS2017360007,2017-18,DHS,4892.0,4772.0,,,
BGD,Rangpur,4356463,Married women currently using any modern method of contraception,59.0,1,BD,Bangladesh,2017,BD2017DHS,FP_CUSM_W_MOD,32633020,I,360008,1360080,Region,..Rangpur,0,,0,1,FPCUSMWMOD,BDDHS2017360008,2017-18,DHS,2248.0,2346.0,,,1.0
BGD,Rajshahi,6070052,Married women currently using any modern method of contraception,55.0,1,BD,Bangladesh,2017,BD2017DHS,FP_CUSM_W_MOD,32633020,I,360009,1360090,Region,..Rajshahi,0,,0,1,FPCUSMWMOD,BDDHS2017360009,2017-18,DHS,2645.0,2426.0,,,1.0
BGD,Barishal,2845040,Unmet need for family planning,13.9,1,BD,Bangladesh,2017,BD2017DHS,FP_NADM_W_UNT,32933030,I,360001,1360010,Region,Barishal,0,,0,1,FPNADMWUNT,BDDHS2017360001,2017-18,DHS,1056.0,2012.0,,,1.0
BGD,Chattogram/Sylhet,4919846,Unmet need for family planning,17.0,1,BD,Bangladesh,2017,BD2017DHS,FP_NADM_W_UNT,32933030,I,360002,1360020,Region,Chattogram/Sylhet,0,,0,1,FPNADMWUNT,BDDHS2017360002,2017-18,DHS,4498.0,4756.0,,,
BGD,Chattogram,2978817,Unmet need for family planning,18.0,1,BD,Bangladesh,2017,BD2017DHS,FP_NADM_W_UNT,32933030,I,360003,1360030,Region,..Chattogram,0,,0,1,FPNADMWUNT,BDDHS2017360003,2017-18,DHS,3414.0,2731.0,,,1.0
BGD,Sylhet,6408552,Unmet need for family planning,13.8,1,BD,Bangladesh,2017,BD2017DHS,FP_NADM_W_UNT,32933030,I,360004,1360040,Region,..Sylhet,0,,0,1,FPNADMWUNT,BDDHS2017360004,2017-18,DHS,1085.0,2025.0,,,1.0
BGD,Dhaka before 2015,4258277,Unmet need for family planning,11.7,1,BD,Bangladesh,2017,BD2017DHS,FP_NADM_W_UNT,32933030,I,360005,1360050,Region,Dhaka before 2015,0,,0,1,FPNADMWUNT,BDDHS2017360005,2017-18,DHS,6332.0,4875.0,,,
BGD,Dhaka,1549307,Unmet need for family planning,12.3,1,BD,Bangladesh,2017,BD2017DHS,FP_NADM_W_UNT,32933030,I,360010,1360052,Region,..Dhaka,0,,0,1,FPNADMWUNT,BDDHS2017360010,2017-18,DHS,4864.0,2822.0,,,1.0
BGD,Mymensingh,6233191,Unmet need for family planning,9.5,1,BD,Bangladesh,2017,BD2017DHS,FP_NADM_W_UNT,32933030,I,360011,1360055,Region,..Mymensingh,0,,0,1,FPNADMWUNT,BDDHS2017360011,2017-18,DHS,1468.0,2053.0,,,1.0
BGD,Khulna,5015792,Unmet need for family planning,8.5,1,BD,Bangladesh,2017,BD2017DHS,FP_NADM_W_UNT,32933030,I,360006,1360060,Region,Khulna,0,,0,1,FPNADMWUNT,BDDHS2017360006,2017-18,DHS,2205.0,2480.0,,,1.0
BGD,Rajshahi/Rangpur,5067774,Unmet need for family planning,8.9,1,BD,Bangladesh,2017,BD2017DHS,FP_NADM_W_UNT,32933030,I,360007,1360070,Region,Rajshahi/Rangpur,0,,0,1,FPNADMWUNT,BDDHS2017360007,2017-18,DHS,4892.0,4772.0,,,
BGD,Rangpur,1556785,Unmet need for family planning,8.1,1,BD,Bangladesh,2017,BD2017DHS,FP_NADM_W_UNT,32933030,I,360008,1360080,Region,..Rangpur,0,,0,1,FPNADMWUNT,BDDHS2017360008,2017-18,DHS,2248.0,2346.0,,,1.0
BGD,Rajshahi,2592366,Unmet need for family planning,9.6,1,BD,Bangladesh,2017,BD2017DHS,FP_NADM_W_UNT,32933030,I,360009,1360090,Region,..Rajshahi,0,,0,1,FPNADMWUNT,BDDHS2017360009,2017-18,DHS,2645.0,2426.0,,,1.0
BGD,Barishal,1557037,Demand for family planning satisfied by modern methods,67.4,1,BD,Bangladesh,2017,BD2017DHS,FP_NADM_W_PDM,32933150,I,360001,1360010,Region,Barishal,0,,0,1,FPNADMWPDM,BDDHS2017360001,2017-18,DHS,798.0,1537.0,,,1.0
BGD,Chattogram/Sylhet,4824704,Demand for family planning satisfied by modern methods,62.9,1,BD,Bangladesh,2017,BD2017DHS,FP_NADM_W_PDM,32933150,I,360002,1360020,Region,Chattogram/Sylhet,0,,0,1,FPNADMWPDM,BDDHS2017360002,2017-18,DHS,3200.0,3375.0,,,
BGD,Chattogram,6603860,Demand for family planning satisfied by modern methods,62.4,1,BD,Bangladesh,2017,BD2017DHS,FP_NADM_W_PDM,32933150,I,360003,1360030,Region,..Chattogram,0,,0,1,FPNADMWPDM,BDDHS2017360003,2017-18,DHS,2450.0,1968.0,,,1.0
BGD,Sylhet,4353759,Demand for family planning satisfied by modern methods,64.8,1,BD,Bangladesh,2017,BD2017DHS,FP_NADM_W_PDM,32933150,I,360004,1360040,Region,..Sylhet,0,,0,1,FPNADMWPDM,BDDHS2017360004,2017-18,DHS,750.0,1407.0,,,1.0
BGD,Dhaka before 2015,6056931,Demand for family planning satisfied by modern methods,71.8,1,BD,Bangladesh,2017,BD2017DHS,FP_NADM_W_PDM,32933150,I,360005,1360050,Region,Dhaka before 2015,0,,0,1,FPNADMWPDM,BDDHS2017360005,2017-18,DHS,4694.0,3622.0,,,
BGD,Dhaka,3454536,Demand for family planning satisfied by modern methods,70.7,1,BD,Bangladesh,2017,BD2017DHS,FP_NADM_W_PDM,32933150,I,360010,1360052,Region,..Dhaka,0,,0,1,FPNADMWPDM,BDDHS2017360010,2017-18,DHS,3624.0,2107.0,,,1.0
BGD,Mymensingh,1557039,Demand for family planning satisfied by modern methods,75.6,1,BD,Bangladesh,2017,BD2017DHS,FP_NADM_W_PDM,32933150,I,360011,1360055,Region,..Mymensingh,0,,0,1,FPNADMWPDM,BDDHS2017360011,2017-18,DHS,1070.0,1515.0,,,1.0
BGD,Khulna,1542887,Demand for family planning satisfied by modern methods,71.3,1,BD,Bangladesh,2017,BD2017DHS,FP_NADM_W_PDM,32933150,I,360006,1360060,Region,Khulna,0,,0,1,FPNADMWPDM,BDDHS2017360006,2017-18,DHS,1613.0,1824.0,,,1.0
BGD,Rajshahi/Rangpur,5067769,Demand for family planning satisfied by modern methods,74.9,1,BD,Bangladesh,2017,BD2017DHS,FP_NADM_W_PDM,32933150,I,360007,1360070,Region,Rajshahi/Rangpur,0,,0,1,FPNADMWPDM,BDDHS2017360007,2017-18,DHS,3713.0,3628.0,,,
BGD,Rangpur,2692029,Demand for family planning satisfied by modern methods,75.7,1,BD,Bangladesh,2017,BD2017DHS,FP_NADM_W_PDM,32933150,I,360008,1360080,Region,..Rangpur,0,,0,1,FPNADMWPDM,BDDHS2017360008,2017-18,DHS,1750.0,1820.0,,,1.0
BGD,Rajshahi,6864421,Demand for family planning satisfied by modern methods,74.1,1,BD,Bangladesh,2017,BD2017DHS,FP_NADM_W_PDM,32933150,I,360009,1360090,Region,..Rajshahi,0,,0,1,FPNADMWPDM,BDDHS2017360009,2017-18,DHS,1963.0,1808.0,,,1.0
BGD,Barishal,1429653,Median age at first marriage [Women]: 25-49,15.8,1,BD,Bangladesh,2017,BD2017DHS,MA_AAFM_W_M2B,41633090,I,360001,1360010,Region,Barishal,0,,0,1,MAAAFMWM2B,BDDHS2017360001,2017-18,DHS,,,,,1.0
BGD,Chattogram/Sylhet,1421549,Median age at first marriage [Women]: 25-49,16.9,1,BD,Bangladesh,2017,BD2017DHS,MA_AAFM_W_M2B,41633090,I,360002,1360020,Region,Chattogram/Sylhet,0,,0,1,MAAAFMWM2B,BDDHS2017360002,2017-18,DHS,,,,,
BGD,Chattogram,1429646,Median age at first marriage [Women]: 25-49,16.7,1,BD,Bangladesh,2017,BD2017DHS,MA_AAFM_W_M2B,41633090,I,360003,1360030,Region,..Chattogram,0,,0,1,MAAAFMWM2B,BDDHS2017360003,2017-18,DHS,,,,,1.0
BGD,Sylhet,1429623,Median age at first marriage [Women]: 25-49,17.8,1,BD,Bangladesh,2017,BD2017DHS,MA_AAFM_W_M2B,41633090,I,360004,1360040,Region,..Sylhet,0,,0,1,MAAAFMWM2B,BDDHS2017360004,2017-18,DHS,,,,,1.0
BGD,Dhaka before 2015,1421550,Median age at first marriage [Women]: 25-49,16.2,1,BD,Bangladesh,2017,BD2017DHS,MA_AAFM_W_M2B,41633090,I,360005,1360050,Region,Dhaka before 2015,0,,0,1,MAAAFMWM2B,BDDHS2017360005,2017-18,DHS,,,,,
BGD,Dhaka,1421510,Median age at first marriage [Women]: 25-49,16.4,1,BD,Bangladesh,2017,BD2017DHS,MA_AAFM_W_M2B,41633090,I,360010,1360052,Region,..Dhaka,0,,0,1,MAAAFMWM2B,BDDHS2017360010,2017-18,DHS,,,,,1.0
BGD,Mymensingh,1429662,Median age at first marriage [Women]: 25-49,15.6,1,BD,Bangladesh,2017,BD2017DHS,MA_AAFM_W_M2B,41633090,I,360011,1360055,Region,..Mymensingh,0,,0,1,MAAAFMWM2B,BDDHS2017360011,2017-18,DHS,,,,,1.0
BGD,Khulna,1412596,Median age at first marriage [Women]: 25-49,15.5,1,BD,Bangladesh,2017,BD2017DHS,MA_AAFM_W_M2B,41633090,I,360006,1360060,Region,Khulna,0,,0,1,MAAAFMWM2B,BDDHS2017360006,2017-18,DHS,,,,,1.0
BGD,Rajshahi/Rangpur,1412623,Median age at first marriage [Women]: 25-49,15.4,1,BD,Bangladesh,2017,BD2017DHS,MA_AAFM_W_M2B,41633090,I,360007,1360070,Region,Rajshahi/Rangpur,0,,0,1,MAAAFMWM2B,BDDHS2017360007,2017-18,DHS,,,,,
BGD,Rangpur,1437924,Median age at first marriage [Women]: 25-49,15.3,1,BD,Bangladesh,2017,BD2017DHS,MA_AAFM_W_M2B,41633090,I,360008,1360080,Region,..Rangpur,0,,0,1,MAAAFMWM2B,BDDHS2017360008,2017-18,DHS,,,,,1.0
BGD,Rajshahi,1437905,Median age at first marriage [Women]: 25-49,15.4,1,BD,Bangladesh,2017,BD2017DHS,MA_AAFM_W_M2B,41633090,I,360009,1360090,Region,..Rajshahi,0,,0,1,MAAAFMWM2B,BDDHS2017360009,2017-18,DHS,,,,,1.0
BGD,Barishal,1429674,Median age at first sexual intercourse [Women]: 25-49,15.9,1,BD,Bangladesh,2017,BD2017DHS,SX_AAFS_W_M2B,51703090,I,360001,1360010,Region,Barishal,0,,0,1,SXAAFSWM2B,BDDHS2017360001,2017-18,DHS,,,,,1.0
BGD,Chattogram/Sylhet,1421583,Median age at first sexual intercourse [Women]: 25-49,17.0,1,BD,Bangladesh,2017,BD2017DHS,SX_AAFS_W_M2B,51703090,I,360002,1360020,Region,Chattogram/Sylhet,0,,0,1,SXAAFSWM2B,BDDHS2017360002,2017-18,DHS,,,,,
BGD,Chattogram,1429694,Median age at first sexual intercourse [Women]: 25-49,16.8,1,BD,Bangladesh,2017,BD2017DHS,SX_AAFS_W_M2B,51703090,I,360003,1360030,Region,..Chattogram,0,,0,1,SXAAFSWM2B,BDDHS2017360003,2017-18,DHS,,,,,1.0
BGD,Sylhet,1429661,Median age at first sexual intercourse [Women]: 25-49,17.9,1,BD,Bangladesh,2017,BD2017DHS,SX_AAFS_W_M2B,51703090,I,360004,1360040,Region,..Sylhet,0,,0,1,SXAAFSWM2B,BDDHS2017360004,2017-18,DHS,,,,,1.0
BGD,Dhaka before 2015,1421582,Median age at first sexual intercourse [Women]: 25-49,16.4,1,BD,Bangladesh,2017,BD2017DHS,SX_AAFS_W_M2B,51703090,I,360005,1360050,Region,Dhaka before 2015,0,,0,1,SXAAFSWM2B,BDDHS2017360005,2017-18,DHS,,,,,
BGD,Dhaka,1421585,Median age at first sexual intercourse [Women]: 25-49,16.6,1,BD,Bangladesh,2017,BD2017DHS,SX_AAFS_W_M2B,51703090,I,360010,1360052,Region,..Dhaka,0,,0,1,SXAAFSWM2B,BDDHS2017360010,2017-18,DHS,,,,,1.0
BGD,Mymensingh,1429701,Median age at first sexual intercourse [Women]: 25-49,15.7,1,BD,Bangladesh,2017,BD2017DHS,SX_AAFS_W_M2B,51703090,I,360011,1360055,Region,..Mymensingh,0,,0,1,SXAAFSWM2B,BDDHS2017360011,2017-18,DHS,,,,,1.0
BGD,Khulna,1412646,Median age at first sexual intercourse [Women]: 25-49,15.7,1,BD,Bangladesh,2017,BD2017DHS,SX_AAFS_W_M2B,51703090,I,360006,1360060,Region,Khulna,0,,0,1,SXAAFSWM2B,BDDHS2017360006,2017-18,DHS,,,,,1.0
BGD,Rajshahi/Rangpur,1412640,Median age at first sexual intercourse [Women]: 25-49,15.5,1,BD,Bangladesh,2017,BD2017DHS,SX_AAFS_W_M2B,51703090,I,360007,1360070,Region,Rajshahi/Rangpur,0,,0,1,SXAAFSWM2B,BDDHS2017360007,2017-18,DHS,,,,,
BGD,Rangpur,1437973,Median age at first sexual intercourse [Women]: 25-49,15.4,1,BD,Bangladesh,2017,BD2017DHS,SX_AAFS_W_M2B,51703090,I,360008,1360080,Region,..Rangpur,0,,0,1,SXAAFSWM2B,BDDHS2017360008,2017-18,DHS,,,,,1.0
BGD,Rajshahi,1437972,Median age at first sexual intercourse [Women]: 25-49,15.5,1,BD,Bangladesh,2017,BD2017DHS,SX_AAFS_W_M2B,51703090,I,360009,1360090,Region,..Rajshahi,0,,0,1,SXAAFSWM2B,BDDHS2017360009,2017-18,DHS,,,,,1.0
BGD,Barishal,1736457,Infant mortality rate,39.0,0,BD,Bangladesh,2017,BD2017DHS,CM_ECMR_C_IMR,63206030,I,360001,1360010,Region,Barishal,14003,Ten years preceding the survey,0,1,CMECMRCIMR,BDDHS2017360001,2017-18,DHS,,,31.0,48.0,1.0
BGD,Chattogram/Sylhet,7432282,Infant mortality rate,41.0,0,BD,Bangladesh,2017,BD2017DHS,CM_ECMR_C_IMR,63206030,I,360002,1360020,Region,Chattogram/Sylhet,14003,Ten years preceding the survey,0,1,CMECMRCIMR,BDDHS2017360002,2017-18,DHS,,,34.0,47.0,
BGD,Chattogram,7507558,Infant mortality rate,35.0,0,BD,Bangladesh,2017,BD2017DHS,CM_ECMR_C_IMR,63206030,I,360003,1360030,Region,..Chattogram,14003,Ten years preceding the survey,0,1,CMECMRCIMR,BDDHS2017360003,2017-18,DHS,,,27.0,43.0,1.0
BGD,Sylhet,7897759,Infant mortality rate,54.0,0,BD,Bangladesh,2017,BD2017DHS,CM_ECMR_C_IMR,63206030,I,360004,1360040,Region,..Sylhet,14003,Ten years preceding the survey,0,1,CMECMRCIMR,BDDHS2017360004,2017-18,DHS,,,46.0,63.0,1.0
BGD,Dhaka before 2015,1730150,Infant mortality rate,41.0,0,BD,Bangladesh,2017,BD2017DHS,CM_ECMR_C_IMR,63206030,I,360005,1360050,Region,Dhaka before 2015,14003,Ten years preceding the survey,0,1,CMECMRCIMR,BDDHS2017360005,2017-18,DHS,,,34.0,49.0,
BGD,Dhaka,1730071,Infant mortality rate,41.0,0,BD,Bangladesh,2017,BD2017DHS,CM_ECMR_C_IMR,63206030,I,360010,1360052,Region,..Dhaka,14003,Ten years preceding the survey,0,1,CMECMRCIMR,BDDHS2017360010,2017-18,DHS,,,32.0,50.0,1.0
BGD,Mymensingh,7897723,Infant mortality rate,43.0,0,BD,Bangladesh,2017,BD2017DHS,CM_ECMR_C_IMR,63206030,I,360011,1360055,Region,..Mymensingh,14003,Ten years preceding the survey,0,1,CMECMRCIMR,BDDHS2017360011,2017-18,DHS,,,35.0,52.0,1.0
BGD,Khulna,7777852,Infant mortality rate,34.0,0,BD,Bangladesh,2017,BD2017DHS,CM_ECMR_C_IMR,63206030,I,360006,1360060,Region,Khulna,14003,Ten years preceding the survey,0,1,CMECMRCIMR,BDDHS2017360006,2017-18,DHS,,,25.0,43.0,1.0
BGD,Rajshahi/Rangpur,7575580,Infant mortality rate,43.0,0,BD,Bangladesh,2017,BD2017DHS,CM_ECMR_C_IMR,63206030,I,360007,1360070,Region,Rajshahi/Rangpur,14003,Ten years preceding the survey,0,1,CMECMRCIMR,BDDHS2017360007,2017-18,DHS,,,36.0,50.0,
BGD,Rangpur,7743706,Infant mortality rate,44.0,0,BD,Bangladesh,2017,BD2017DHS,CM_ECMR_C_IMR,63206030,I,360008,1360080,Region,..Rangpur,14003,Ten years preceding the survey,0,1,CMECMRCIMR,BDDHS2017360008,2017-18,DHS,,,33.0,55.0,1.0
BGD,Rajshahi,7718446,Infant mortality rate,41.0,0,BD,Bangladesh,2017,BD2017DHS,CM_ECMR_C_IMR,63206030,I,360009,1360090,Region,..Rajshahi,14003,Ten years preceding the survey,0,1,CMECMRCIMR,BDDHS2017360009,2017-18,DHS,,,32.0,51.0,1.0
BGD,Barishal,1736425,Under-five mortality rate,51.0,0,BD,Bangladesh,2017,BD2017DHS,CM_ECMR_C_U5M,63206050,I,360001,1360010,Region,Barishal,14003,Ten years preceding the survey,0,1,CMECMRCU5M,BDDHS2017360001,2017-18,DHS,,,41.0,61.0,1.0
BGD,Chattogram/Sylhet,1730082,Under-five mortality rate,51.0,0,BD,Bangladesh,2017,BD2017DHS,CM_ECMR_C_U5M,63206050,I,360002,1360020,Region,Chattogram/Sylhet,14003,Ten years preceding the survey,0,1,CMECMRCU5M,BDDHS2017360002,2017-18,DHS,,,43.0,58.0,
BGD,Chattogram,7446288,Under-five mortality rate,46.0,0,BD,Bangladesh,2017,BD2017DHS,CM_ECMR_C_U5M,63206050,I,360003,1360030,Region,..Chattogram,14003,Ten years preceding the survey,0,1,CMECMRCU5M,BDDHS2017360003,2017-18,DHS,,,36.0,56.0,1.0
BGD,Sylhet,1736573,Under-five mortality rate,63.0,0,BD,Bangladesh,2017,BD2017DHS,CM_ECMR_C_U5M,63206050,I,360004,1360040,Region,..Sylhet,14003,Ten years preceding the survey,0,1,CMECMRCU5M,BDDHS2017360004,2017-18,DHS,,,54.0,73.0,1.0
BGD,Dhaka before 2015,7978052,Under-five mortality rate,49.0,0,BD,Bangladesh,2017,BD2017DHS,CM_ECMR_C_U5M,63206050,I,360005,1360050,Region,Dhaka before 2015,14003,Ten years preceding the survey,0,1,CMECMRCU5M,BDDHS2017360005,2017-18,DHS,,,41.0,56.0,
BGD,Dhaka,7782627,Under-five mortality rate,48.0,0,BD,Bangladesh,2017,BD2017DHS,CM_ECMR_C_U5M,63206050,I,360010,1360052,Region,..Dhaka,14003,Ten years preceding the survey,0,1,CMECMRCU5M,BDDHS2017360010,2017-18,DHS,,,38.0,57.0,1.0
BGD,Mymensingh,1736577,Under-five mortality rate,51.0,0,BD,Bangladesh,2017,BD2017DHS,CM_ECMR_C_U5M,63206050,I,360011,1360055,Region,..Mymensingh,14003,Ten years preceding the survey,0,1,CMECMRCU5M,BDDHS2017360011,2017-18,DHS,,,42.0,60.0,1.0
BGD,Khulna,1723848,Under-five mortality rate,38.0,0,BD,Bangladesh,2017,BD2017DHS,CM_ECMR_C_U5M,63206050,I,360006,1360060,Region,Khulna,14003,Ten years preceding the survey,0,1,CMECMRCU5M,BDDHS2017360006,2017-18,DHS,,,29.0,47.0,1.0
BGD,Rajshahi/Rangpur,7749512,Under-five mortality rate,50.0,0,BD,Bangladesh,2017,BD2017DHS,CM_ECMR_C_U5M,63206050,I,360007,1360070,Region,Rajshahi/Rangpur,14003,Ten years preceding the survey,0,1,CMECMRCU5M,BDDHS2017360007,2017-18,DHS,,,42.0,57.0,
BGD,Rangpur,7618847,Under-five mortality rate,47.0,0,BD,Bangladesh,2017,BD2017DHS,CM_ECMR_C_U5M,63206050,I,360008,1360080,Region,..Rangpur,14003,Ten years preceding the survey,0,1,CMECMRCU5M,BDDHS2017360008,2017-18,DHS,,,36.0,59.0,1.0
BGD,Rajshahi,7877644,Under-five mortality rate,52.0,0,BD,Bangladesh,2017,BD2017DHS,CM_ECMR_C_U5M,63206050,I,360009,1360090,Region,..Rajshahi,14003,Ten years preceding the survey,0,1,CMECMRCU5M,BDDHS2017360009,2017-18,DHS,,,42.0,62.0,1.0
BGD,Barishal,5546488,Place of delivery: Health facility,38.8,1,BD,Bangladesh,2017,BD2017DHS,RH_DELP_C_DHF,83566070,I,360001,1360010,Region,Barishal,14000,Three years preceding the survey,0,0,RHDELPCDHF,BDDHS2017360001,2017-18,DHS,303.0,561.0,,,1.0
BGD,Barishal,3642067,Place of delivery: Health facility,42.2,1,BD,Bangladesh,2017,BD2017DHS,RH_DELP_C_DHF,83566070,I,360001,1360010,Region,Barishal,14002,Two years preceding the survey,0,1,RHDELPCDHF,BDDHS2017360001,2017-18,DHS,214.0,395.0,,,1.0
BGD,Chattogram/Sylhet,6483052,Place of delivery: Health facility,43.9,1,BD,Bangladesh,2017,BD2017DHS,RH_DELP_C_DHF,83566070,I,360002,1360020,Region,Chattogram/Sylhet,14000,Three years preceding the survey,0,0,RHDELPCDHF,BDDHS2017360002,2017-18,DHS,1567.0,1652.0,,,
BGD,Chattogram/Sylhet,6836395,Place of delivery: Health facility,46.3,1,BD,Bangladesh,2017,BD2017DHS,RH_DELP_C_DHF,83566070,I,360002,1360020,Region,Chattogram/Sylhet,14002,Two years preceding the survey,0,1,RHDELPCDHF,BDDHS2017360002,2017-18,DHS,1043.0,1102.0,,,
BGD,Chattogram,4965821,Place of delivery: Health facility,46.0,1,BD,Bangladesh,2017,BD2017DHS,RH_DELP_C_DHF,83566070,I,360003,1360030,Region,..Chattogram,14000,Three years preceding the survey,0,0,RHDELPCDHF,BDDHS2017360003,2017-18,DHS,1141.0,890.0,,,1.0
BGD,Chattogram,3784958,Place of delivery: Health facility,48.0,1,BD,Bangladesh,2017,BD2017DHS,RH_DELP_C_DHF,83566070,I,360003,1360030,Region,..Chattogram,14002,Two years preceding the survey,0,1,RHDELPCDHF,BDDHS2017360003,2017-18,DHS,754.0,588.0,,,1.0
BGD,Sylhet,5125523,Place of delivery: Health facility,38.1,1,BD,Bangladesh,2017,BD2017DHS,RH_DELP_C_DHF,83566070,I,360004,1360040,Region,..Sylhet,14000,Three years preceding the survey,0,0,RHDELPCDHF,BDDHS2017360004,2017-18,DHS,425.0,762.0,,,1.0
BGD,Sylhet,7794044,Place of delivery: Health facility,41.9,1,BD,Bangladesh,2017,BD2017DHS,RH_DELP_C_DHF,83566070,I,360004,1360040,Region,..Sylhet,14002,Two years preceding the survey,0,1,RHDELPCDHF,BDDHS2017360004,2017-18,DHS,289.0,514.0,,,1.0
BGD,Dhaka before 2015,5029984,Place of delivery: Health facility,52.3,1,BD,Bangladesh,2017,BD2017DHS,RH_DELP_C_DHF,83566070,I,360005,1360050,Region,Dhaka before 2015,14000,Three years preceding the survey,0,0,RHDELPCDHF,BDDHS2017360005,2017-18,DHS,1809.0,1412.0,,,
BGD,Dhaka before 2015,2206703,Place of delivery: Health facility,52.3,1,BD,Bangladesh,2017,BD2017DHS,RH_DELP_C_DHF,83566070,I,360005,1360050,Region,Dhaka before 2015,14002,Two years preceding the survey,0,1,RHDELPCDHF,BDDHS2017360005,2017-18,DHS,1215.0,949.0,,,
BGD,Dhaka,7935464,Place of delivery: Health facility,56.7,1,BD,Bangladesh,2017,BD2017DHS,RH_DELP_C_DHF,83566070,I,360010,1360052,Region,..Dhaka,14000,Three years preceding the survey,0,0,RHDELPCDHF,BDDHS2017360010,2017-18,DHS,1359.0,779.0,,,1.0
BGD,Dhaka,4422219,Place of delivery: Health facility,57.0,1,BD,Bangladesh,2017,BD2017DHS,RH_DELP_C_DHF,83566070,I,360010,1360052,Region,..Dhaka,14002,Two years preceding the survey,0,1,RHDELPCDHF,BDDHS2017360010,2017-18,DHS,912.0,523.0,,,1.0
BGD,Mymensingh,3672346,Place of delivery: Health facility,39.0,1,BD,Bangladesh,2017,BD2017DHS,RH_DELP_C_DHF,83566070,I,360011,1360055,Region,..Mymensingh,14000,Three years preceding the survey,0,0,RHDELPCDHF,BDDHS2017360011,2017-18,DHS,451.0,633.0,,,1.0
BGD,Mymensingh,6549580,Place of delivery: Health facility,38.1,1,BD,Bangladesh,2017,BD2017DHS,RH_DELP_C_DHF,83566070,I,360011,1360055,Region,..Mymensingh,14002,Two years preceding the survey,0,1,RHDELPCDHF,BDDHS2017360011,2017-18,DHS,303.0,426.0,,,1.0
BGD,Khulna,4210326,Place of delivery: Health facility,60.8,1,BD,Bangladesh,2017,BD2017DHS,RH_DELP_C_DHF,83566070,I,360006,1360060,Region,Khulna,14000,Three years preceding the survey,0,0,RHDELPCDHF,BDDHS2017360006,2017-18,DHS,481.0,545.0,,,1.0
BGD,Khulna,6046615,Place of delivery: Health facility,61.8,1,BD,Bangladesh,2017,BD2017DHS,RH_DELP_C_DHF,83566070,I,360006,1360060,Region,Khulna,14002,Two years preceding the survey,0,1,RHDELPCDHF,BDDHS2017360006,2017-18,DHS,330.0,371.0,,,1.0
BGD,Rajshahi/Rangpur,7403433,Place of delivery: Health facility,50.2,1,BD,Bangladesh,2017,BD2017DHS,RH_DELP_C_DHF,83566070,I,360007,1360070,Region,Rajshahi/Rangpur,14000,Three years preceding the survey,0,0,RHDELPCDHF,BDDHS2017360007,2017-18,DHS,1177.0,1134.0,,,
BGD,Rajshahi/Rangpur,431766,Place of delivery: Health facility,51.4,1,BD,Bangladesh,2017,BD2017DHS,RH_DELP_C_DHF,83566070,I,360007,1360070,Region,Rajshahi/Rangpur,14002,Two years preceding the survey,0,1,RHDELPCDHF,BDDHS2017360007,2017-18,DHS,789.0,764.0,,,
BGD,Rangpur,781346,Place of delivery: Health facility,47.3,1,BD,Bangladesh,2017,BD2017DHS,RH_DELP_C_DHF,83566070,I,360008,1360080,Region,..Rangpur,14000,Three years preceding the survey,0,0,RHDELPCDHF,BDDHS2017360008,2017-18,DHS,555.0,580.0,,,1.0
BGD,Rangpur,2222813,Place of delivery: Health facility,48.2,1,BD,Bangladesh,2017,BD2017DHS,RH_DELP_C_DHF,83566070,I,360008,1360080,Region,..Rangpur,14002,Two years preceding the survey,0,1,RHDELPCDHF,BDDHS2017360008,2017-18,DHS,385.0,399.0,,,1.0
BGD,Rajshahi,2222802,Place of delivery: Health facility,52.8,1,BD,Bangladesh,2017,BD2017DHS,RH_DELP_C_DHF,83566070,I,360009,1360090,Region,..Rajshahi,14000,Three years preceding the survey,0,0,RHDELPCDHF,BDDHS2017360009,2017-18,DHS,622.0,554.0,,,1.0
BGD,Rajshahi,4892522,Place of delivery: Health facility,54.5,1,BD,Bangladesh,2017,BD2017DHS,RH_DELP_C_DHF,83566070,I,360009,1360090,Region,..Rajshahi,14002,Two years preceding the survey,0,1,RHDELPCDHF,BDDHS2017360009,2017-18,DHS,404.0,365.0,,,1.0
BGD,Barishal,7232454,Fully vaccinated (8 basic antigens),86.1,1,BD,Bangladesh,2017,BD2017DHS,CH_VACC_C_BAS,93906230,I,360001,1360010,Region,Barishal,0,,0,1,CHVACCCBAS,BDDHS2017360001,2017-18,DHS,94.0,176.0,,,1.0
BGD,Chattogram/Sylhet,5691871,Fully vaccinated (8 basic antigens),86.8,1,BD,Bangladesh,2017,BD2017DHS,CH_VACC_C_BAS,93906230,I,360002,1360020,Region,Chattogram/Sylhet,0,,0,1,CHVACCCBAS,BDDHS2017360002,2017-18,DHS,497.0,522.0,,,
BGD,Chattogram,2633441,Fully vaccinated (8 basic antigens),87.2,1,BD,Bangladesh,2017,BD2017DHS,CH_VACC_C_BAS,93906230,I,360003,1360030,Region,..Chattogram,0,,0,1,CHVACCCBAS,BDDHS2017360003,2017-18,DHS,354.0,274.0,,,1.0
BGD,Sylhet,6871602,Fully vaccinated (8 basic antigens),85.9,1,BD,Bangladesh,2017,BD2017DHS,CH_VACC_C_BAS,93906230,I,360004,1360040,Region,..Sylhet,0,,0,1,CHVACCCBAS,BDDHS2017360004,2017-18,DHS,143.0,248.0,,,1.0
BGD,Dhaka before 2015,3044093,Fully vaccinated (8 basic antigens),89.0,1,BD,Bangladesh,2017,BD2017DHS,CH_VACC_C_BAS,93906230,I,360005,1360050,Region,Dhaka before 2015,0,,0,1,CHVACCCBAS,BDDHS2017360005,2017-18,DHS,566.0,443.0,,,
BGD,Dhaka,2985664,Fully vaccinated (8 basic antigens),89.6,1,BD,Bangladesh,2017,BD2017DHS,CH_VACC_C_BAS,93906230,I,360010,1360052,Region,..Dhaka,0,,0,1,CHVACCCBAS,BDDHS2017360010,2017-18,DHS,425.0,243.0,,,1.0
BGD,Mymensingh,6548773,Fully vaccinated (8 basic antigens),87.1,1,BD,Bangladesh,2017,BD2017DHS,CH_VACC_C_BAS,93906230,I,360011,1360055,Region,..Mymensingh,0,,0,1,CHVACCCBAS,BDDHS2017360011,2017-18,DHS,141.0,200.0,,,1.0
BGD,Khulna,5704027,Fully vaccinated (8 basic antigens),92.3,1,BD,Bangladesh,2017,BD2017DHS,CH_VACC_C_BAS,93906230,I,360006,1360060,Region,Khulna,0,,0,1,CHVACCCBAS,BDDHS2017360006,2017-18,DHS,144.0,160.0,,,1.0
BGD,Rajshahi/Rangpur,5823204,Fully vaccinated (8 basic antigens),91.6,1,BD,Bangladesh,2017,BD2017DHS,CH_VACC_C_BAS,93906230,I,360007,1360070,Region,Rajshahi/Rangpur,0,,0,1,CHVACCCBAS,BDDHS2017360007,2017-18,DHS,378.0,365.0,,,
BGD,Rangpur,2077083,Fully vaccinated (8 basic antigens),90.2,1,BD,Bangladesh,2017,BD2017DHS,CH_VACC_C_BAS,93906230,I,360008,1360080,Region,..Rangpur,0,,0,1,CHVACCCBAS,BDDHS2017360008,2017-18,DHS,190.0,192.0,,,1.0
BGD,Rajshahi,5580146,Fully vaccinated (8 basic antigens),93.1,1,BD,Bangladesh,2017,BD2017DHS,CH_VACC_C_BAS,93906230,I,360009,1360090,Region,..Rajshahi,0,,0,1,CHVACCCBAS,BDDHS2017360009,2017-18,DHS,188.0,173.0,,,1.0
BGD,Barishal,7307995,Treatment of diarrhea: Either ORS or RHF,83.9,1,BD,Bangladesh,2017,BD2017DHS,CH_DIAT_C_ORT,94096040,I,360001,1360010,Region,Barishal,14000,Three years preceding the survey,0,0,CHDIATCORT,BDDHS2017360001,2017-18,DHS,26.0,48.0,,,1.0
BGD,Barishal,2633410,Treatment of diarrhea: Either ORS or RHF,84.2,1,BD,Bangladesh,2017,BD2017DHS,CH_DIAT_C_ORT,94096040,I,360001,1360010,Region,Barishal,14001,Five years preceding the survey,0,1,CHDIATCORT,BDDHS2017360001,2017-18,DHS,30.0,55.0,,,1.0
BGD,Chattogram/Sylhet,3963383,Treatment of diarrhea: Either ORS or RHF,87.8,1,BD,Bangladesh,2017,BD2017DHS,CH_DIAT_C_ORT,94096040,I,360002,1360020,Region,Chattogram/Sylhet,14000,Three years preceding the survey,0,0,CHDIATCORT,BDDHS2017360002,2017-18,DHS,105.0,112.0,,,
BGD,Chattogram/Sylhet,4720841,Treatment of diarrhea: Either ORS or RHF,88.5,1,BD,Bangladesh,2017,BD2017DHS,CH_DIAT_C_ORT,94096040,I,360002,1360020,Region,Chattogram/Sylhet,14001,Five years preceding the survey,0,1,CHDIATCORT,BDDHS2017360002,2017-18,DHS,120.0,131.0,,,
BGD,Chattogram,6040397,Treatment of diarrhea: Either ORS or RHF,89.8,1,BD,Bangladesh,2017,BD2017DHS,CH_DIAT_C_ORT,94096040,I,360003,1360030,Region,..Chattogram,14000,Three years preceding the survey,0,0,CHDIATCORT,BDDHS2017360003,2017-18,DHS,78.0,62.0,,,1.0
BGD,Chattogram,6757674,Treatment of diarrhea: Either ORS or RHF,89.8,1,BD,Bangladesh,2017,BD2017DHS,CH_DIAT_C_ORT,94096040,I,360003,1360030,Region,..Chattogram,14001,Five years preceding the survey,0,1,CHDIATCORT,BDDHS2017360003,2017-18,DHS,89.0,71.0,,,1.0
BGD,Sylhet,6928982,Treatment of diarrhea: Either ORS or RHF,81.9,1,BD,Bangladesh,2017,BD2017DHS,CH_DIAT_C_ORT,94096040,I,360004,1360040,Region,..Sylhet,14000,Three years preceding the survey,0,0,CHDIATCORT,BDDHS2017360004,2017-18,DHS,26.0,50.0,,,1.0
BGD,Sylhet,5740489,Treatment of diarrhea: Either ORS or RHF,84.8,1,BD,Bangladesh,2017,BD2017DHS,CH_DIAT_C_ORT,94096040,I,360004,1360040,Region,..Sylhet,14001,Five years preceding the survey,0,1,CHDIATCORT,BDDHS2017360004,2017-18,DHS,31.0,60.0,,,1.0
BGD,Dhaka before 2015,2058974,Treatment of diarrhea: Either ORS or RHF,85.0,1,BD,Bangladesh,2017,BD2017DHS,CH_DIAT_C_ORT,94096040,I,360005,1360050,Region,Dhaka before 2015,14000,Three years preceding the survey,0,0,CHDIATCORT,BDDHS2017360005,2017-18,DHS,102.0,85.0,,,
BGD,Dhaka before 2015,308913,Treatment of diarrhea: Either ORS or RHF,87.3,1,BD,Bangladesh,2017,BD2017DHS,CH_DIAT_C_ORT,94096040,I,360005,1360050,Region,Dhaka before 2015,14001,Five years preceding the survey,0,1,CHDIATCORT,BDDHS2017360005,2017-18,DHS,121.0,102.0,,,
BGD,Dhaka,7935088,Treatment of diarrhea: Either ORS or RHF,88.9,1,BD,Bangladesh,2017,BD2017DHS,CH_DIAT_C_ORT,94096040,I,360010,1360052,Region,..Dhaka,14000,Three years preceding the survey,0,0,CHDIATCORT,BDDHS2017360010,2017-18,DHS,71.0,42.0,,,1.0
BGD,Dhaka,4397276,Treatment of diarrhea: Either ORS or RHF,90.5,1,BD,Bangladesh,2017,BD2017DHS,CH_DIAT_C_ORT,94096040,I,360010,1360052,Region,..Dhaka,14001,Five years preceding the survey,0,1,CHDIATCORT,BDDHS2017360010,2017-18,DHS,83.0,48.0,,,1.0
BGD,Mymensingh,5297841,Treatment of diarrhea: Either ORS or RHF,76.0,1,BD,Bangladesh,2017,BD2017DHS,CH_DIAT_C_ORT,94096040,I,360011,1360055,Region,..Mymensingh,14000,Three years preceding the survey,0,0,CHDIATCORT,BDDHS2017360011,2017-18,DHS,31.0,43.0,,,1.0
BGD,Mymensingh,6490855,Treatment of diarrhea: Either ORS or RHF,80.2,1,BD,Bangladesh,2017,BD2017DHS,CH_DIAT_C_ORT,94096040,I,360011,1360055,Region,..Mymensingh,14001,Five years preceding the survey,0,1,CHDIATCORT,BDDHS2017360011,2017-18,DHS,38.0,54.0,,,1.0
BGD,Khulna,862568,Treatment of diarrhea: Either ORS or RHF,74.9,1,BD,Bangladesh,2017,BD2017DHS,CH_DIAT_C_ORT,94096040,I,360006,1360060,Region,Khulna,14000,Three years preceding the survey,0,0,CHDIATCORT,BDDHS2017360006,2017-18,DHS,22.0,27.0,,,1.0
BGD,Khulna,4612916,Treatment of diarrhea: Either ORS or RHF,81.2,1,BD,Bangladesh,2017,BD2017DHS,CH_DIAT_C_ORT,94096040,I,360006,1360060,Region,Khulna,14001,Five years preceding the survey,0,1,CHDIATCORT,BDDHS2017360006,2017-18,DHS,30.0,35.0,,,1.0
BGD,Rajshahi/Rangpur,118172,Treatment of diarrhea: Either ORS or RHF,77.0,1,BD,Bangladesh,2017,BD2017DHS,CH_DIAT_C_ORT,94096040,I,360007,1360070,Region,Rajshahi/Rangpur,14000,Three years preceding the survey,0,0,CHDIATCORT,BDDHS2017360007,2017-18,DHS,78.0,72.0,,,
BGD,Rajshahi/Rangpur,148521,Treatment of diarrhea: Either ORS or RHF,79.7,1,BD,Bangladesh,2017,BD2017DHS,CH_DIAT_C_ORT,94096040,I,360007,1360070,Region,Rajshahi/Rangpur,14001,Five years preceding the survey,0,1,CHDIATCORT,BDDHS2017360007,2017-18,DHS,95.0,89.0,,,
BGD,Rangpur,6562306,Treatment of diarrhea: Either ORS or RHF,74.8,1,BD,Bangladesh,2017,BD2017DHS,CH_DIAT_C_ORT,94096040,I,360008,1360080,Region,..Rangpur,14000,Three years preceding the survey,0,0,CHDIATCORT,BDDHS2017360008,2017-18,DHS,34.0,33.0,,,1.0
BGD,Rangpur,7455162,Treatment of diarrhea: Either ORS or RHF,78.1,1,BD,Bangladesh,2017,BD2017DHS,CH_DIAT_C_ORT,94096040,I,360008,1360080,Region,..Rangpur,14001,Five years preceding the survey,0,1,CHDIATCORT,BDDHS2017360008,2017-18,DHS,39.0,39.0,,,1.0
BGD,Rajshahi,4159170,Treatment of diarrhea: Either ORS or RHF,78.7,1,BD,Bangladesh,2017,BD2017DHS,CH_DIAT_C_ORT,94096040,I,360009,1360090,Region,..Rajshahi,14000,Three years preceding the survey,0,0,CHDIATCORT,BDDHS2017360009,2017-18,DHS,44.0,39.0,,,1.0
BGD,Rajshahi,6270065,Treatment of diarrhea: Either ORS or RHF,80.9,1,BD,Bangladesh,2017,BD2017DHS,CH_DIAT_C_ORT,94096040,I,360009,1360090,Region,..Rajshahi,14001,Five years preceding the survey,0,1,CHDIATCORT,BDDHS2017360009,2017-18,DHS,56.0,50.0,,,1.0
BGD,Barishal,5870053,Children stunted,32.5,1,BD,Bangladesh,2017,BD2017DHS,CN_NUTS_C_HA2,104236020,I,360001,1360010,Region,Barishal,0,,0,1,CNNUTSCHA2,BDDHS2017360001,2017-18,DHS,463.0,857.0,,,1.0
BGD,Chattogram/Sylhet,4713956,Children stunted,35.6,1,BD,Bangladesh,2017,BD2017DHS,CN_NUTS_C_HA2,104236020,I,360002,1360020,Region,Chattogram/Sylhet,0,,0,1,CNNUTSCHA2,BDDHS2017360002,2017-18,DHS,2307.0,2467.0,,,
BGD,Chattogram,4664973,Children stunted,32.8,1,BD,Bangladesh,2017,BD2017DHS,CN_NUTS_C_HA2,104236020,I,360003,1360030,Region,..Chattogram,0,,0,1,CNNUTSCHA2,BDDHS2017360003,2017-18,DHS,1644.0,1289.0,,,1.0
BGD,Sylhet,2602938,Children stunted,42.7,1,BD,Bangladesh,2017,BD2017DHS,CN_NUTS_C_HA2,104236020,I,360004,1360040,Region,..Sylhet,0,,0,1,CNNUTSCHA2,BDDHS2017360004,2017-18,DHS,663.0,1178.0,,,1.0
BGD,Dhaka before 2015,6717428,Children stunted,28.2,1,BD,Bangladesh,2017,BD2017DHS,CN_NUTS_C_HA2,104236020,I,360005,1360050,Region,Dhaka before 2015,0,,0,1,CNNUTSCHA2,BDDHS2017360005,2017-18,DHS,2690.0,2118.0,,,
BGD,Dhaka,4977173,Children stunted,25.6,1,BD,Bangladesh,2017,BD2017DHS,CN_NUTS_C_HA2,104236020,I,360010,1360052,Region,..Dhaka,0,,0,1,CNNUTSCHA2,BDDHS2017360010,2017-18,DHS,1999.0,1152.0,,,1.0
BGD,Mymensingh,6679205,Children stunted,35.6,1,BD,Bangladesh,2017,BD2017DHS,CN_NUTS_C_HA2,104236020,I,360011,1360055,Region,..Mymensingh,0,,0,1,CNNUTSCHA2,BDDHS2017360011,2017-18,DHS,691.0,966.0,,,1.0
BGD,Khulna,5883474,Children stunted,25.5,1,BD,Bangladesh,2017,BD2017DHS,CN_NUTS_C_HA2,104236020,I,360006,1360060,Region,Khulna,0,,0,1,CNNUTSCHA2,BDDHS2017360006,2017-18,DHS,769.0,861.0,,,1.0
BGD,Rajshahi/Rangpur,2912488,Children stunted,30.5,1,BD,Bangladesh,2017,BD2017DHS,CN_NUTS_C_HA2,104236020,I,360007,1360070,Region,Rajshahi/Rangpur,0,,0,1,CNNUTSCHA2,BDDHS2017360007,2017-18,DHS,1879.0,1808.0,,,
BGD,Rangpur,5517372,Children stunted,30.4,1,BD,Bangladesh,2017,BD2017DHS,CN_NUTS_C_HA2,104236020,I,360008,1360080,Region,..Rangpur,0,,0,1,CNNUTSCHA2,BDDHS2017360008,2017-18,DHS,912.0,950.0,,,1.0
BGD,Rajshahi,1381715,Children stunted,30.6,1,BD,Bangladesh,2017,BD2017DHS,CN_NUTS_C_HA2,104236020,I,360009,1360090,Region,..Rajshahi,0,,0,1,CNNUTSCHA2,BDDHS2017360009,2017-18,DHS,967.0,858.0,,,1.0
BGD,Barishal,4296325,Children wasted,9.0,1,BD,Bangladesh,2017,BD2017DHS,CN_NUTS_C_WH2,104236050,I,360001,1360010,Region,Barishal,0,,0,1,CNNUTSCWH2,BDDHS2017360001,2017-18,DHS,460.0,853.0,,,1.0
BGD,Chattogram/Sylhet,7180364,Children wasted,8.6,1,BD,Bangladesh,2017,BD2017DHS,CN_NUTS_C_WH2,104236050,I,360002,1360020,Region,Chattogram/Sylhet,0,,0,1,CNNUTSCWH2,BDDHS2017360002,2017-18,DHS,2318.0,2473.0,,,
BGD,Chattogram,3700246,Children wasted,7.9,1,BD,Bangladesh,2017,BD2017DHS,CN_NUTS_C_WH2,104236050,I,360003,1360030,Region,..Chattogram,0,,0,1,CNNUTSCWH2,BDDHS2017360003,2017-18,DHS,1655.0,1297.0,,,1.0
BGD,Sylhet,4909250,Children wasted,10.4,1,BD,Bangladesh,2017,BD2017DHS,CN_NUTS_C_WH2,104236050,I,360004,1360040,Region,..Sylhet,0,,0,1,CNNUTSCWH2,BDDHS2017360004,2017-18,DHS,663.0,1176.0,,,1.0
BGD,Dhaka before 2015,2586888,Children wasted,8.8,1,BD,Bangladesh,2017,BD2017DHS,CN_NUTS_C_WH2,104236050,I,360005,1360050,Region,Dhaka before 2015,0,,0,1,CNNUTSCWH2,BDDHS2017360005,2017-18,DHS,2683.0,2114.0,,,
BGD,Dhaka,2673733,Children wasted,8.8,1,BD,Bangladesh,2017,BD2017DHS,CN_NUTS_C_WH2,104236050,I,360010,1360052,Region,..Dhaka,0,,0,1,CNNUTSCWH2,BDDHS2017360010,2017-18,DHS,1991.0,1148.0,,,1.0
BGD,Mymensingh,144464,Children wasted,9.0,1,BD,Bangladesh,2017,BD2017DHS,CN_NUTS_C_WH2,104236050,I,360011,1360055,Region,..Mymensingh,0,,0,1,CNNUTSCWH2,BDDHS2017360011,2017-18,DHS,692.0,966.0,,,1.0
BGD,Khulna,4155367,Children wasted,8.0,1,BD,Bangladesh,2017,BD2017DHS,CN_NUTS_C_WH2,104236050,I,360006,1360060,Region,Khulna,0,,0,1,CNNUTSCWH2,BDDHS2017360006,2017-18,DHS,769.0,860.0,,,1.0
BGD,Rajshahi/Rangpur,6019559,Children wasted,7.6,1,BD,Bangladesh,2017,BD2017DHS,CN_NUTS_C_WH2,104236050,I,360007,1360070,Region,Rajshahi/Rangpur,0,,0,1,CNNUTSCWH2,BDDHS2017360007,2017-18,DHS,1882.0,1810.0,,,
BGD,Rangpur,1381701,Children wasted,7.3,1,BD,Bangladesh,2017,BD2017DHS,CN_NUTS_C_WH2,104236050,I,360008,1360080,Region,..Rangpur,0,,0,1,CNNUTSCWH2,BDDHS2017360008,2017-18,DHS,915.0,952.0,,,1.0
BGD,Rajshahi,5432162,Children wasted,8.0,1,BD,Bangladesh,2017,BD2017DHS,CN_NUTS_C_WH2,104236050,I,360009,1360090,Region,..Rajshahi,0,,0,1,CNNUTSCWH2,BDDHS2017360009,2017-18,DHS,967.0,858.0,,,1.0
BGD,Barishal,37952,Children underweight,22.5,1,BD,Bangladesh,2017,BD2017DHS,CN_NUTS_C_WA2,104236090,I,360001,1360010,Region,Barishal,0,,0,1,CNNUTSCWA2,BDDHS2017360001,2017-18,DHS,470.0,870.0,,,1.0
BGD,Chattogram/Sylhet,6343465,Children underweight,24.5,1,BD,Bangladesh,2017,BD2017DHS,CN_NUTS_C_WA2,104236090,I,360002,1360020,Region,Chattogram/Sylhet,0,,0,1,CNNUTSCWA2,BDDHS2017360002,2017-18,DHS,2380.0,2537.0,,,
BGD,Chattogram,4189617,Children underweight,21.3,1,BD,Bangladesh,2017,BD2017DHS,CN_NUTS_C_WA2,104236090,I,360003,1360030,Region,..Chattogram,0,,0,1,CNNUTSCWA2,BDDHS2017360003,2017-18,DHS,1707.0,1338.0,,,1.0
BGD,Sylhet,5354428,Children underweight,32.7,1,BD,Bangladesh,2017,BD2017DHS,CN_NUTS_C_WA2,104236090,I,360004,1360040,Region,..Sylhet,0,,0,1,CNNUTSCWA2,BDDHS2017360004,2017-18,DHS,673.0,1199.0,,,1.0
BGD,Dhaka before 2015,3704782,Children underweight,20.4,1,BD,Bangladesh,2017,BD2017DHS,CN_NUTS_C_WA2,104236090,I,360005,1360050,Region,Dhaka before 2015,0,,0,1,CNNUTSCWA2,BDDHS2017360005,2017-18,DHS,2767.0,2172.0,,,
BGD,Dhaka,4227153,Children underweight,18.5,1,BD,Bangladesh,2017,BD2017DHS,CN_NUTS_C_WA2,104236090,I,360010,1360052,Region,..Dhaka,0,,0,1,CNNUTSCWA2,BDDHS2017360010,2017-18,DHS,2056.0,1184.0,,,1.0
BGD,Mymensingh,6931232,Children underweight,25.9,1,BD,Bangladesh,2017,BD2017DHS,CN_NUTS_C_WA2,104236090,I,360011,1360055,Region,..Mymensingh,0,,0,1,CNNUTSCWA2,BDDHS2017360011,2017-18,DHS,710.0,988.0,,,1.0
BGD,Khulna,121519,Children underweight,19.2,1,BD,Bangladesh,2017,BD2017DHS,CN_NUTS_C_WA2,104236090,I,360006,1360060,Region,Khulna,0,,0,1,CNNUTSCWA2,BDDHS2017360006,2017-18,DHS,785.0,878.0,,,1.0
BGD,Rajshahi/Rangpur,3404490,Children underweight,21.9,1,BD,Bangladesh,2017,BD2017DHS,CN_NUTS_C_WA2,104236090,I,360007,1360070,Region,Rajshahi/Rangpur,0,,0,1,CNNUTSCWA2,BDDHS2017360007,2017-18,DHS,1932.0,1857.0,,,
BGD,Rangpur,1381710,Children underweight,20.6,1,BD,Bangladesh,2017,BD2017DHS,CN_NUTS_C_WA2,104236090,I,360008,1360080,Region,..Rangpur,0,,0,1,CNNUTSCWA2,BDDHS2017360008,2017-18,DHS,923.0,963.0,,,1.0
BGD,Rajshahi,6422247,Children underweight,23.0,1,BD,Bangladesh,2017,BD2017DHS,CN_NUTS_C_WA2,104236090,I,360009,1360090,Region,..Rajshahi,0,,0,1,CNNUTSCWA2,BDDHS2017360009,2017-18,DHS,1009.0,894.0,,,1.0
BGD,Barishal,1367963,Median duration of exclusive breastfeeding,3.7,1,BD,Bangladesh,2017,BD2017DHS,CN_BFDR_C_MDE,104336020,I,360001,1360010,Region,Barishal,0,,0,1,CNBFDRCMDE,BDDHS2017360001,2017-18,DHS,,,,,1.0
BGD,Chattogram/Sylhet,1361791,Median duration of exclusive breastfeeding,5.1,1,BD,Bangladesh,2017,BD2017DHS,CN_BFDR_C_MDE,104336020,I,360002,1360020,Region,Chattogram/Sylhet,0,,0,1,CNBFDRCMDE,BDDHS2017360002,2017-18,DHS,,,,,
BGD,Chattogram,1367966,Median duration of exclusive breastfeeding,5.2,1,BD,Bangladesh,2017,BD2017DHS,CN_BFDR_C_MDE,104336020,I,360003,1360030,Region,..Chattogram,0,,0,1,CNBFDRCMDE,BDDHS2017360003,2017-18,DHS,,,,,1.0
BGD,Sylhet,1367954,Median duration of exclusive breastfeeding,4.7,1,BD,Bangladesh,2017,BD2017DHS,CN_BFDR_C_MDE,104336020,I,360004,1360040,Region,..Sylhet,0,,0,1,CNBFDRCMDE,BDDHS2017360004,2017-18,DHS,,,,,1.0
BGD,Dhaka before 2015,1361784,Median duration of exclusive breastfeeding,3.0,1,BD,Bangladesh,2017,BD2017DHS,CN_BFDR_C_MDE,104336020,I,360005,1360050,Region,Dhaka before 2015,0,,0,1,CNBFDRCMDE,BDDHS2017360005,2017-18,DHS,,,,,
BGD,Dhaka,1361795,Median duration of exclusive breastfeeding,3.0,1,BD,Bangladesh,2017,BD2017DHS,CN_BFDR_C_MDE,104336020,I,360010,1360052,Region,..Dhaka,0,,0,1,CNBFDRCMDE,BDDHS2017360010,2017-18,DHS,,,,,1.0
BGD,Mymensingh,1367961,Median duration of exclusive breastfeeding,3.1,1,BD,Bangladesh,2017,BD2017DHS,CN_BFDR_C_MDE,104336020,I,360011,1360055,Region,..Mymensingh,0,,0,1,CNBFDRCMDE,BDDHS2017360011,2017-18,DHS,,,,,1.0
BGD,Khulna,1374849,Median duration of exclusive breastfeeding,2.9,1,BD,Bangladesh,2017,BD2017DHS,CN_BFDR_C_MDE,104336020,I,360006,1360060,Region,Khulna,0,,0,1,CNBFDRCMDE,BDDHS2017360006,2017-18,DHS,,,,,1.0
BGD,Rajshahi/Rangpur,1374855,Median duration of exclusive breastfeeding,4.5,1,BD,Bangladesh,2017,BD2017DHS,CN_BFDR_C_MDE,104336020,I,360007,1360070,Region,Rajshahi/Rangpur,0,,0,1,CNBFDRCMDE,BDDHS2017360007,2017-18,DHS,,,,,
BGD,Rangpur,1381730,Median duration of exclusive breastfeeding,4.4,1,BD,Bangladesh,2017,BD2017DHS,CN_BFDR_C_MDE,104336020,I,360008,1360080,Region,..Rangpur,0,,0,1,CNBFDRCMDE,BDDHS2017360008,2017-18,DHS,,,,,1.0
BGD,Rajshahi,1381724,Median duration of exclusive breastfeeding,4.7,1,BD,Bangladesh,2017,BD2017DHS,CN_BFDR_C_MDE,104336020,I,360009,1360090,Region,..Rajshahi,0,,0,1,CNBFDRCMDE,BDDHS2017360009,2017-18,DHS,,,,,1.0
BGD,Barishal,1867525,Women with secondary or higher education,51.6,1,BD,Bangladesh,2017,BD2017DHS,ED_EDUC_W_SEH,231203100,I,360001,1360010,Region,Barishal,0,,0,1,EDEDUCWSEH,BDDHS2017360001,2017-18,DHS,1125.0,2154.0,,,1.0
BGD,Chattogram/Sylhet,3596834,Women with secondary or higher education,54.0,1,BD,Bangladesh,2017,BD2017DHS,ED_EDUC_W_SEH,231203100,I,360002,1360020,Region,Chattogram/Sylhet,0,,0,1,EDEDUCWSEH,BDDHS2017360002,2017-18,DHS,4814.0,5134.0,,,
BGD,Chattogram,6812154,Women with secondary or higher education,58.9,1,BD,Bangladesh,2017,BD2017DHS,ED_EDUC_W_SEH,231203100,I,360003,1360030,Region,..Chattogram,0,,0,1,EDEDUCWSEH,BDDHS2017360003,2017-18,DHS,3622.0,2905.0,,,1.0
BGD,Sylhet,642478,Women with secondary or higher education,39.2,1,BD,Bangladesh,2017,BD2017DHS,ED_EDUC_W_SEH,231203100,I,360004,1360040,Region,..Sylhet,0,,0,1,EDEDUCWSEH,BDDHS2017360004,2017-18,DHS,1192.0,2229.0,,,1.0
BGD,Dhaka before 2015,5890597,Women with secondary or higher education,51.6,1,BD,Bangladesh,2017,BD2017DHS,ED_EDUC_W_SEH,231203100,I,360005,1360050,Region,Dhaka before 2015,0,,0,1,EDEDUCWSEH,BDDHS2017360005,2017-18,DHS,6669.0,5141.0,,,
BGD,Dhaka,6280853,Women with secondary or higher education,53.7,1,BD,Bangladesh,2017,BD2017DHS,ED_EDUC_W_SEH,231203100,I,360010,1360052,Region,..Dhaka,0,,0,1,EDEDUCWSEH,BDDHS2017360010,2017-18,DHS,5123.0,2974.0,,,1.0
BGD,Mymensingh,5241587,Women with secondary or higher education,44.4,1,BD,Bangladesh,2017,BD2017DHS,ED_EDUC_W_SEH,231203100,I,360011,1360055,Region,..Mymensingh,0,,0,1,EDEDUCWSEH,BDDHS2017360011,2017-18,DHS,1546.0,2167.0,,,1.0
BGD,Khulna,5612077,Women with secondary or higher education,56.7,1,BD,Bangladesh,2017,BD2017DHS,ED_EDUC_W_SEH,231203100,I,360006,1360060,Region,Khulna,0,,0,1,EDEDUCWSEH,BDDHS2017360006,2017-18,DHS,2336.0,2630.0,,,1.0
BGD,Rajshahi/Rangpur,3602537,Women with secondary or higher education,49.4,1,BD,Bangladesh,2017,BD2017DHS,ED_EDUC_W_SEH,231203100,I,360007,1360070,Region,Rajshahi/Rangpur,0,,0,1,EDEDUCWSEH,BDDHS2017360007,2017-18,DHS,5182.0,5068.0,,,
BGD,Rangpur,6868339,Women with secondary or higher education,48.2,1,BD,Bangladesh,2017,BD2017DHS,ED_EDUC_W_SEH,231203100,I,360008,1360080,Region,..Rangpur,0,,0,1,EDEDUCWSEH,BDDHS2017360008,2017-18,DHS,2380.0,2492.0,,,1.0
BGD,Rajshahi,4754082,Women with secondary or higher education,50.4,1,BD,Bangladesh,2017,BD2017DHS,ED_EDUC_W_SEH,231203100,I,360009,1360090,Region,..Rajshahi,0,,0,1,EDEDUCWSEH,BDDHS2017360009,2017-18,DHS,2802.0,2576.0,,,1.0
BGD,Barishal,5982150,Women who are literate,78.3,1,BD,Bangladesh,2017,BD2017DHS,ED_LITR_W_LIT,231233090,I,360001,1360010,Region,Barishal,0,,0,1,EDLITRWLIT,BDDHS2017360001,2017-18,DHS,1125.0,2154.0,,,1.0
BGD,Chattogram/Sylhet,5402129,Women who are literate,76.2,1,BD,Bangladesh,2017,BD2017DHS,ED_LITR_W_LIT,231233090,I,360002,1360020,Region,Chattogram/Sylhet,0,,0,1,EDLITRWLIT,BDDHS2017360002,2017-18,DHS,4814.0,5134.0,,,
BGD,Chattogram,1867593,Women who are literate,79.0,1,BD,Bangladesh,2017,BD2017DHS,ED_LITR_W_LIT,231233090,I,360003,1360030,Region,..Chattogram,0,,0,1,EDLITRWLIT,BDDHS2017360003,2017-18,DHS,3622.0,2905.0,,,1.0
BGD,Sylhet,4773690,Women who are literate,67.8,1,BD,Bangladesh,2017,BD2017DHS,ED_LITR_W_LIT,231233090,I,360004,1360040,Region,..Sylhet,0,,0,1,EDLITRWLIT,BDDHS2017360004,2017-18,DHS,1192.0,2229.0,,,1.0
BGD,Dhaka before 2015,1873928,Women who are literate,73.4,1,BD,Bangladesh,2017,BD2017DHS,ED_LITR_W_LIT,231233090,I,360005,1360050,Region,Dhaka before 2015,0,,0,1,EDLITRWLIT,BDDHS2017360005,2017-18,DHS,6669.0,5141.0,,,
BGD,Dhaka,4021095,Women who are literate,74.8,1,BD,Bangladesh,2017,BD2017DHS,ED_LITR_W_LIT,231233090,I,360010,1360052,Region,..Dhaka,0,,0,1,EDLITRWLIT,BDDHS2017360010,2017-18,DHS,5123.0,2974.0,,,1.0
BGD,Mymensingh,5157160,Women who are literate,68.6,1,BD,Bangladesh,2017,BD2017DHS,ED_LITR_W_LIT,231233090,I,360011,1360055,Region,..Mymensingh,0,,0,1,EDLITRWLIT,BDDHS2017360011,2017-18,DHS,1546.0,2167.0,,,1.0
BGD,Khulna,7346438,Women who are literate,76.3,1,BD,Bangladesh,2017,BD2017DHS,ED_LITR_W_LIT,231233090,I,360006,1360060,Region,Khulna,0,,0,1,EDLITRWLIT,BDDHS2017360006,2017-18,DHS,2336.0,2630.0,,,1.0
BGD,Rajshahi/Rangpur,4304852,Women who are literate,68.0,1,BD,Bangladesh,2017,BD2017DHS,ED_LITR_W_LIT,231233090,I,360007,1360070,Region,Rajshahi/Rangpur,0,,0,1,EDLITRWLIT,BDDHS2017360007,2017-18,DHS,5182.0,5068.0,,,
BGD,Rangpur,5950133,Women who are literate,66.4,1,BD,Bangladesh,2017,BD2017DHS,ED_LITR_W_LIT,231233090,I,360008,1360080,Region,..Rangpur,0,,0,1,EDLITRWLIT,BDDHS2017360008,2017-18,DHS,2380.0,2492.0,,,1.0
BGD,Rajshahi,5292017,Women who are literate,69.4,1,BD,Bangladesh,2017,BD2017DHS,ED_LITR_W_LIT,231233090,I,360009,1360090,Region,..Rajshahi,0,,0,1,EDLITRWLIT,BDDHS2017360009,2017-18,DHS,2802.0,2576.0,,,1.0
BGD,Barishal,2924210,Households with electricity,59.0,1,BD,Bangladesh,2017,BD2017DHS,HC_ELEC_H_ELC,260321010,I,360001,1360010,Region,Barishal,0,,0,1,HCELECHELC,BDDHS2017360001,2017-18,DHS,1090.0,2053.0,,,1.0
BGD,Chattogram/Sylhet,2588393,Households with electricity,81.4,1,BD,Bangladesh,2017,BD2017DHS,HC_ELEC_H_ELC,260321010,I,360002,1360020,Region,Chattogram/Sylhet,0,,0,1,HCELECHELC,BDDHS2017360002,2017-18,DHS,4413.0,4728.0,,,
BGD,Chattogram,6380514,Households with electricity,82.8,1,BD,Bangladesh,2017,BD2017DHS,HC_ELEC_H_ELC,260321010,I,360003,1360030,Region,..Chattogram,0,,0,1,HCELECHELC,BDDHS2017360003,2017-18,DHS,3301.0,2644.0,,,1.0
BGD,Sylhet,333949,Households with electricity,77.0,1,BD,Bangladesh,2017,BD2017DHS,HC_ELEC_H_ELC,260321010,I,360004,1360040,Region,..Sylhet,0,,0,1,HCELECHELC,BDDHS2017360004,2017-18,DHS,1112.0,2084.0,,,1.0
BGD,Dhaka before 2015,5089329,Households with electricity,87.3,1,BD,Bangladesh,2017,BD2017DHS,HC_ELEC_H_ELC,260321010,I,360005,1360050,Region,Dhaka before 2015,0,,0,1,HCELECHELC,BDDHS2017360005,2017-18,DHS,6539.0,5129.0,,,
BGD,Dhaka,7430345,Households with electricity,90.9,1,BD,Bangladesh,2017,BD2017DHS,HC_ELEC_H_ELC,260321010,I,360010,1360052,Region,..Dhaka,0,,0,1,HCELECHELC,BDDHS2017360010,2017-18,DHS,4942.0,2912.0,,,1.0
BGD,Mymensingh,301870,Households with electricity,76.0,1,BD,Bangladesh,2017,BD2017DHS,HC_ELEC_H_ELC,260321010,I,360011,1360055,Region,..Mymensingh,0,,0,1,HCELECHELC,BDDHS2017360011,2017-18,DHS,1597.0,2217.0,,,1.0
BGD,Khulna,3079785,Households with electricity,86.4,1,BD,Bangladesh,2017,BD2017DHS,HC_ELEC_H_ELC,260321010,I,360006,1360060,Region,Khulna,0,,0,1,HCELECHELC,BDDHS2017360006,2017-18,DHS,2253.0,2517.0,,,1.0
BGD,Rajshahi/Rangpur,7052561,Households with electricity,76.7,1,BD,Bangladesh,2017,BD2017DHS,HC_ELEC_H_ELC,260321010,I,360007,1360070,Region,Rajshahi/Rangpur,0,,0,1,HCELECHELC,BDDHS2017360007,2017-18,DHS,5162.0,5030.0,,,
BGD,Rangpur,6098999,Households with electricity,64.9,1,BD,Bangladesh,2017,BD2017DHS,HC_ELEC_H_ELC,260321010,I,360008,1360080,Region,..Rangpur,0,,0,1,HCELECHELC,BDDHS2017360008,2017-18,DHS,2376.0,2467.0,,,1.0
BGD,Rajshahi,4289140,Households with electricity,86.8,1,BD,Bangladesh,2017,BD2017DHS,HC_ELEC_H_ELC,260321010,I,360009,1360090,Region,..Rajshahi,0,,0,1,HCELECHELC,BDDHS2017360009,2017-18,DHS,2786.0,2563.0,,,1.0
BGD,Barishal,2019257,Total fertility rate 15-49,2.5,1,BD,Bangladesh,2022,BD2022DHS,FE_FRTR_W_TFR,11763080,I,360001,1360010,Region,Barishal,0,,0,1,FEFRTRWTFR,BDDHS2022360001,2022,DHS,,,,,1.0
BGD,Barishal,2019258,Total fertility rate 15-49,2.5,1,BD,Bangladesh,2022,BD2022DHS,FE_FRTR_W_TFR,11763080,I,360001,1360010,Region,Barishal,0,,0,1,FEFRTRWTFR,BDDHS2022360001,2022,DHS,,,,,1.0
BGD,Chattogram/Sylhet,2019316,Total fertility rate 15-49,2.5,1,BD,Bangladesh,2022,BD2022DHS,FE_FRTR_W_TFR,11763080,I,360002,1360020,Region,Chattogram/Sylhet,0,,0,1,FEFRTRWTFR,BDDHS2022360002,2022,DHS,,,,,
BGD,Chattogram,2019337,Total fertility rate 15-49,2.6,1,BD,Bangladesh,2022,BD2022DHS,FE_FRTR_W_TFR,11763080,I,360003,1360030,Region,..Chattogram,0,,0,1,FEFRTRWTFR,BDDHS2022360003,2022,DHS,,,,,1.0
BGD,Chattogram,2019338,Total fertility rate 15-49,2.6,1,BD,Bangladesh,2022,BD2022DHS,FE_FRTR_W_TFR,11763080,I,360003,1360030,Region,..Chattogram,0,,0,1,FEFRTRWTFR,BDDHS2022360003,2022,DHS,,,,,1.0
BGD,Sylhet,6207869,Total fertility rate 15-49,2.3,1,BD,Bangladesh,2022,BD2022DHS,FE_FRTR_W_TFR,11763080,I,360004,1360040,Region,..Sylhet,0,,0,1,FEFRTRWTFR,BDDHS2022360004,2022,DHS,,,,,1.0
BGD,Sylhet,6207870,Total fertility rate 15-49,2.3,1,BD,Bangladesh,2022,BD2022DHS,FE_FRTR_W_TFR,11763080,I,360004,1360040,Region,..Sylhet,0,,0,1,FEFRTRWTFR,BDDHS2022360004,2022,DHS,,,,,1.0
BGD,Dhaka before 2015,2026757,Total fertility rate 15-49,2.3,1,BD,Bangladesh,2022,BD2022DHS,FE_FRTR_W_TFR,11763080,I,360005,1360050,Region,Dhaka before 2015,0,,0,1,FEFRTRWTFR,BDDHS2022360005,2022,DHS,,,,,
BGD,Dhaka,2026813,Total fertility rate 15-49,2.2,1,BD,Bangladesh,2022,BD2022DHS,FE_FRTR_W_TFR,11763080,I,360010,1360052,Region,..Dhaka,0,,0,1,FEFRTRWTFR,BDDHS2022360010,2022,DHS,,,,,1.0
BGD,Dhaka,2026814,Total fertility rate 15-49,2.2,1,BD,Bangladesh,2022,BD2022DHS,FE_FRTR_W_TFR,11763080,I,360010,1360052,Region,..Dhaka,0,,0,1,FEFRTRWTFR,BDDHS2022360010,2022,DHS,,,,,1.0
BGD,Mymensingh,2025945,Total fertility rate 15-49,2.7,1,BD,Bangladesh,2022,BD2022DHS,FE_FRTR_W_TFR,11763080,I,360011,1360055,Region,..Mymensingh,0,,0,1,FEFRTRWTFR,BDDHS2022360011,2022,DHS,,,,,1.0
BGD,Mymensingh,2025946,Total fertility rate 15-49,2.7,1,BD,Bangladesh,2022,BD2022DHS,FE_FRTR_W_TFR,11763080,I,360011,1360055,Region,..Mymensingh,0,,0,1,FEFRTRWTFR,BDDHS2022360011,2022,DHS,,,,,1.0
BGD,Khulna,2011948,Total fertility rate 15-49,2.2,1,BD,Bangladesh,2022,BD2022DHS,FE_FRTR_W_TFR,11763080,I,360006,1360060,Region,Khulna,0,,0,1,FEFRTRWTFR,BDDHS2022360006,2022,DHS,,,,,1.0
BGD,Khulna,2011949,Total fertility rate 15-49,2.2,1,BD,Bangladesh,2022,BD2022DHS,FE_FRTR_W_TFR,11763080,I,360006,1360060,Region,Khulna,0,,0,1,FEFRTRWTFR,BDDHS2022360006,2022,DHS,,,,,1.0
BGD,Rajshahi/Rangpur,2026772,Total fertility rate 15-49,2.2,1,BD,Bangladesh,2022,BD2022DHS,FE_FRTR_W_TFR,11763080,I,360007,1360070,Region,Rajshahi/Rangpur,0,,0,1,FEFRTRWTFR,BDDHS2022360007,2022,DHS,,,,,
BGD,Rangpur,2012009,Total fertility rate 15-49,2.5,1,BD,Bangladesh,2022,BD2022DHS,FE_FRTR_W_TFR,11763080,I,360008,1360080,Region,..Rangpur,0,,0,1,FEFRTRWTFR,BDDHS2022360008,2022,DHS,,,,,1.0
BGD,Rangpur,2012010,Total fertility rate 15-49,2.5,1,BD,Bangladesh,2022,BD2022DHS,FE_FRTR_W_TFR,11763080,I,360008,1360080,Region,..Rangpur,0,,0,1,FEFRTRWTFR,BDDHS2022360008,2022,DHS,,,,,1.0
BGD,Rajshahi,6693911,Total fertility rate 15-49,2.0,1,BD,Bangladesh,2022,BD2022DHS,FE_FRTR_W_TFR,11763080,I,360009,1360090,Region,..Rajshahi,0,,0,1,FEFRTRWTFR,BDDHS2022360009,2022,DHS,,,,,1.0
BGD,Rajshahi,6693912,Total fertility rate 15-49,2.0,1,BD,Bangladesh,2022,BD2022DHS,FE_FRTR_W_TFR,11763080,I,360009,1360090,Region,..Rajshahi,0,,0,1,FEFRTRWTFR,BDDHS2022360009,2022,DHS,,,,,1.0
BGD,Barishal,5673378,Married women currently using any method of contraception,64.8,1,BD,Bangladesh,2022,BD2022DHS,FP_CUSM_W_ANY,32633010,I,360001,1360010,Region,Barishal,0,,0,1,FPCUSMWANY,BDDHS2022360001,2022,DHS,1153.0,2033.0,,,1.0
BGD,Barishal,5673379,Married women currently using any method of contraception,64.8,1,BD,Bangladesh,2022,BD2022DHS,FP_CUSM_W_ANY,32633010,I,360001,1360010,Region,Barishal,0,,0,1,FPCUSMWANY,BDDHS2022360001,2022,DHS,1153.0,2033.0,,,1.0
BGD,Chattogram/Sylhet,493794,Married women currently using any method of contraception,56.4,1,BD,Bangladesh,2022,BD2022DHS,FP_CUSM_W_ANY,32633010,I,360002,1360020,Region,Chattogram/Sylhet,0,,0,1,FPCUSMWANY,BDDHS2022360002,2022,DHS,4641.0,4817.0,,,
BGD,Chattogram,2119515,Married women currently using any method of contraception,57.5,1,BD,Bangladesh,2022,BD2022DHS,FP_CUSM_W_ANY,32633010,I,360003,1360030,Region,..Chattogram,0,,0,1,FPCUSMWANY,BDDHS2022360003,2022,DHS,3559.0,2821.0,,,1.0
BGD,Chattogram,2119516,Married women currently using any method of contraception,57.5,1,BD,Bangladesh,2022,BD2022DHS,FP_CUSM_W_ANY,32633010,I,360003,1360030,Region,..Chattogram,0,,0,1,FPCUSMWANY,BDDHS2022360003,2022,DHS,3559.0,2821.0,,,1.0
BGD,Sylhet,504008,Married women currently using any method of contraception,52.8,1,BD,Bangladesh,2022,BD2022DHS,FP_CUSM_W_ANY,32633010,I,360004,1360040,Region,..Sylhet,0,,0,1,FPCUSMWANY,BDDHS2022360004,2022,DHS,1082.0,1996.0,,,1.0
BGD,Sylhet,504009,Married women currently using any method of contraception,52.8,1,BD,Bangladesh,2022,BD2022DHS,FP_CUSM_W_ANY,32633010,I,360004,1360040,Region,..Sylhet,0,,0,1,FPCUSMWANY,BDDHS2022360004,2022,DHS,1082.0,1996.0,,,1.0
BGD,Dhaka before 2015,2107383,Married women currently using any method of contraception,63.7,1,BD,Bangladesh,2022,BD2022DHS,FP_CUSM_W_ANY,32633010,I,360005,1360050,Region,Dhaka before 2015,0,,0,1,FPCUSMWANY,BDDHS2022360005,2022,DHS,6267.0,4922.0,,,
BGD,Dhaka,5141260,Married women currently using any method of contraception,63.0,1,BD,Bangladesh,2022,BD2022DHS,FP_CUSM_W_ANY,32633010,I,360010,1360052,Region,..Dhaka,0,,0,1,FPCUSMWANY,BDDHS2022360010,2022,DHS,4817.0,2871.0,,,1.0
BGD,Dhaka,5141261,Married women currently using any method of contraception,63.0,1,BD,Bangladesh,2022,BD2022DHS,FP_CUSM_W_ANY,32633010,I,360010,1360052,Region,..Dhaka,0,,0,1,FPCUSMWANY,BDDHS2022360010,2022,DHS,4817.0,2871.0,,,1.0
BGD,Mymensingh,3413032,Married women currently using any method of contraception,66.1,1,BD,Bangladesh,2022,BD2022DHS,FP_CUSM_W_ANY,32633010,I,360011,1360055,Region,..Mymensingh,0,,0,1,FPCUSMWANY,BDDHS2022360011,2022,DHS,1450.0,2051.0,,,1.0
BGD,Mymensingh,3413033,Married women currently using any method of contraception,66.1,1,BD,Bangladesh,2022,BD2022DHS,FP_CUSM_W_ANY,32633010,I,360011,1360055,Region,..Mymensingh,0,,0,1,FPCUSMWANY,BDDHS2022360011,2022,DHS,1450.0,2051.0,,,1.0
BGD,Khulna,6235035,Married women currently using any method of contraception,66.5,1,BD,Bangladesh,2022,BD2022DHS,FP_CUSM_W_ANY,32633010,I,360006,1360060,Region,Khulna,0,,0,1,FPCUSMWANY,BDDHS2022360006,2022,DHS,2281.0,2478.0,,,1.0
BGD,Khulna,6235036,Married women currently using any method of contraception,66.5,1,BD,Bangladesh,2022,BD2022DHS,FP_CUSM_W_ANY,32633010,I,360006,1360060,Region,Khulna,0,,0,1,FPCUSMWANY,BDDHS2022360006,2022,DHS,2281.0,2478.0,,,1.0
BGD,Rajshahi/Rangpur,4145449,Married women currently using any method of contraception,70.3,1,BD,Bangladesh,2022,BD2022DHS,FP_CUSM_W_ANY,32633010,I,360007,1360070,Region,Rajshahi/Rangpur,0,,0,1,FPCUSMWANY,BDDHS2022360007,2022,DHS,4718.0,4737.0,,,
BGD,Rangpur,6464492,Married women currently using any method of contraception,70.7,1,BD,Bangladesh,2022,BD2022DHS,FP_CUSM_W_ANY,32633010,I,360008,1360080,Region,..Rangpur,0,,0,1,FPCUSMWANY,BDDHS2022360008,2022,DHS,2197.0,2298.0,,,1.0
BGD,Rangpur,6464491,Married women currently using any method of contraception,70.7,1,BD,Bangladesh,2022,BD2022DHS,FP_CUSM_W_ANY,32633010,I,360008,1360080,Region,..Rangpur,0,,0,1,FPCUSMWANY,BDDHS2022360008,2022,DHS,2197.0,2298.0,,,1.0
BGD,Rajshahi,4970239,Married women currently using any method of contraception,70.0,1,BD,Bangladesh,2022,BD2022DHS,FP_CUSM_W_ANY,32633010,I,360009,1360090,Region,..Rajshahi,0,,0,1,FPCUSMWANY,BDDHS2022360009,2022,DHS,2521.0,2439.0,,,1.0
BGD,Rajshahi,4970240,Married women currently using any method of contraception,70.0,1,BD,Bangladesh,2022,BD2022DHS,FP_CUSM_W_ANY,32633010,I,360009,1360090,Region,..Rajshahi,0,,0,1,FPCUSMWANY,BDDHS2022360009,2022,DHS,2521.0,2439.0,,,1.0
BGD,Barishal,5673380,Married women currently using any modern method of contraception,54.0,1,BD,Bangladesh,2022,BD2022DHS,FP_CUSM_W_MOD,32633020,I,360001,1360010,Region,Barishal,0,,0,1,FPCUSMWMOD,BDDHS2022360001,2022,DHS,1153.0,2033.0,,,1.0
BGD,Barishal,5673381,Married women currently using any modern method of contraception,54.0,1,BD,Bangladesh,2022,BD2022DHS,FP_CUSM_W_MOD,32633020,I,360001,1360010,Region,Barishal,0,,0,1,FPCUSMWMOD,BDDHS2022360001,2022,DHS,1153.0,2033.0,,,1.0
BGD,Chattogram/Sylhet,493795,Married women currently using any modern method of contraception,47.9,1,BD,Bangladesh,2022,BD2022DHS,FP_CUSM_W_MOD,32633020,I,360002,1360020,Region,Chattogram/Sylhet,0,,0,1,FPCUSMWMOD,BDDHS2022360002,2022,DHS,4641.0,4817.0,,,
BGD,Chattogram,2119517,Married women currently using any modern method of contraception,49.0,1,BD,Bangladesh,2022,BD2022DHS,FP_CUSM_W_MOD,32633020,I,360003,1360030,Region,..Chattogram,0,,0,1,FPCUSMWMOD,BDDHS2022360003,2022,DHS,3559.0,2821.0,,,1.0
BGD,Chattogram,2119518,Married women currently using any modern method of contraception,49.0,1,BD,Bangladesh,2022,BD2022DHS,FP_CUSM_W_MOD,32633020,I,360003,1360030,Region,..Chattogram,0,,0,1,FPCUSMWMOD,BDDHS2022360003,2022,DHS,3559.0,2821.0,,,1.0
BGD,Sylhet,504010,Married women currently using any modern method of contraception,44.3,1,BD,Bangladesh,2022,BD2022DHS,FP_CUSM_W_MOD,32633020,I,360004,1360040,Region,..Sylhet,0,,0,1,FPCUSMWMOD,BDDHS2022360004,2022,DHS,1082.0,1996.0,,,1.0
BGD,Sylhet,504011,Married women currently using any modern method of contraception,44.3,1,BD,Bangladesh,2022,BD2022DHS,FP_CUSM_W_MOD,32633020,I,360004,1360040,Region,..Sylhet,0,,0,1,FPCUSMWMOD,BDDHS2022360004,2022,DHS,1082.0,1996.0,,,1.0
BGD,Dhaka before 2015,2107384,Married women currently using any modern method of contraception,54.6,1,BD,Bangladesh,2022,BD2022DHS,FP_CUSM_W_MOD,32633020,I,360005,1360050,Region,Dhaka before 2015,0,,0,1,FPCUSMWMOD,BDDHS2022360005,2022,DHS,6267.0,4922.0,,,
BGD,Dhaka,5141262,Married women currently using any modern method of contraception,53.2,1,BD,Bangladesh,2022,BD2022DHS,FP_CUSM_W_MOD,32633020,I,360010,1360052,Region,..Dhaka,0,,0,1,FPCUSMWMOD,BDDHS2022360010,2022,DHS,4817.0,2871.0,,,1.0
BGD,Dhaka,5141263,Married women currently using any modern method of contraception,53.2,1,BD,Bangladesh,2022,BD2022DHS,FP_CUSM_W_MOD,32633020,I,360010,1360052,Region,..Dhaka,0,,0,1,FPCUSMWMOD,BDDHS2022360010,2022,DHS,4817.0,2871.0,,,1.0
BGD,Mymensingh,3413034,Married women currently using any modern method of contraception,59.0,1,BD,Bangladesh,2022,BD2022DHS,FP_CUSM_W_MOD,32633020,I,360011,1360055,Region,..Mymensingh,0,,0,1,FPCUSMWMOD,BDDHS2022360011,2022,DHS,1450.0,2051.0,,,1.0
BGD,Mymensingh,3413035,Married women currently using any modern method of contraception,59.0,1,BD,Bangladesh,2022,BD2022DHS,FP_CUSM_W_MOD,32633020,I,360011,1360055,Region,..Mymensingh,0,,0,1,FPCUSMWMOD,BDDHS2022360011,2022,DHS,1450.0,2051.0,,,1.0
BGD,Khulna,6235037,Married women currently using any modern method of contraception,56.3,1,BD,Bangladesh,2022,BD2022DHS,FP_CUSM_W_MOD,32633020,I,360006,1360060,Region,Khulna,0,,0,1,FPCUSMWMOD,BDDHS2022360006,2022,DHS,2281.0,2478.0,,,1.0
BGD,Khulna,6235038,Married women currently using any modern method of contraception,56.3,1,BD,Bangladesh,2022,BD2022DHS,FP_CUSM_W_MOD,32633020,I,360006,1360060,Region,Khulna,0,,0,1,FPCUSMWMOD,BDDHS2022360006,2022,DHS,2281.0,2478.0,,,1.0
BGD,Rajshahi/Rangpur,4145450,Married women currently using any modern method of contraception,61.0,1,BD,Bangladesh,2022,BD2022DHS,FP_CUSM_W_MOD,32633020,I,360007,1360070,Region,Rajshahi/Rangpur,0,,0,1,FPCUSMWMOD,BDDHS2022360007,2022,DHS,4718.0,4737.0,,,
BGD,Rangpur,6464493,Married women currently using any modern method of contraception,61.3,1,BD,Bangladesh,2022,BD2022DHS,FP_CUSM_W_MOD,32633020,I,360008,1360080,Region,..Rangpur,0,,0,1,FPCUSMWMOD,BDDHS2022360008,2022,DHS,2197.0,2298.0,,,1.0
BGD,Rangpur,6464494,Married women currently using any modern method of contraception,61.3,1,BD,Bangladesh,2022,BD2022DHS,FP_CUSM_W_MOD,32633020,I,360008,1360080,Region,..Rangpur,0,,0,1,FPCUSMWMOD,BDDHS2022360008,2022,DHS,2197.0,2298.0,,,1.0
BGD,Rajshahi,4970242,Married women currently using any modern method of contraception,60.8,1,BD,Bangladesh,2022,BD2022DHS,FP_CUSM_W_MOD,32633020,I,360009,1360090,Region,..Rajshahi,0,,0,1,FPCUSMWMOD,BDDHS2022360009,2022,DHS,2521.0,2439.0,,,1.0
BGD,Rajshahi,4970241,Married women currently using any modern method of contraception,60.8,1,BD,Bangladesh,2022,BD2022DHS,FP_CUSM_W_MOD,32633020,I,360009,1360090,Region,..Rajshahi,0,,0,1,FPCUSMWMOD,BDDHS2022360009,2022,DHS,2521.0,2439.0,,,1.0
BGD,Barishal,4870478,Unmet need for family planning,10.2,1,BD,Bangladesh,2022,BD2022DHS,FP_NADM_W_UNT,32933030,I,360001,1360010,Region,Barishal,0,,0,1,FPNADMWUNT,BDDHS2022360001,2022,DHS,1153.0,2033.0,,,1.0
BGD,Barishal,4870479,Unmet need for family planning,10.2,1,BD,Bangladesh,2022,BD2022DHS,FP_NADM_W_UNT,32933030,I,360001,1360010,Region,Barishal,0,,0,1,FPNADMWUNT,BDDHS2022360001,2022,DHS,1153.0,2033.0,,,1.0
BGD,Chattogram/Sylhet,4417120,Unmet need for family planning,15.1,1,BD,Bangladesh,2022,BD2022DHS,FP_NADM_W_UNT,32933030,I,360002,1360020,Region,Chattogram/Sylhet,0,,0,1,FPNADMWUNT,BDDHS2022360002,2022,DHS,4641.0,4817.0,,,
BGD,Chattogram,7166318,Unmet need for family planning,15.6,1,BD,Bangladesh,2022,BD2022DHS,FP_NADM_W_UNT,32933030,I,360003,1360030,Region,..Chattogram,0,,0,1,FPNADMWUNT,BDDHS2022360003,2022,DHS,3559.0,2821.0,,,1.0
BGD,Chattogram,7166317,Unmet need for family planning,15.6,1,BD,Bangladesh,2022,BD2022DHS,FP_NADM_W_UNT,32933030,I,360003,1360030,Region,..Chattogram,0,,0,1,FPNADMWUNT,BDDHS2022360003,2022,DHS,3559.0,2821.0,,,1.0
BGD,Sylhet,697730,Unmet need for family planning,13.2,1,BD,Bangladesh,2022,BD2022DHS,FP_NADM_W_UNT,32933030,I,360004,1360040,Region,..Sylhet,0,,0,1,FPNADMWUNT,BDDHS2022360004,2022,DHS,1082.0,1996.0,,,1.0
BGD,Sylhet,697731,Unmet need for family planning,13.2,1,BD,Bangladesh,2022,BD2022DHS,FP_NADM_W_UNT,32933030,I,360004,1360040,Region,..Sylhet,0,,0,1,FPNADMWUNT,BDDHS2022360004,2022,DHS,1082.0,1996.0,,,1.0
BGD,Dhaka before 2015,3677046,Unmet need for family planning,9.6,1,BD,Bangladesh,2022,BD2022DHS,FP_NADM_W_UNT,32933030,I,360005,1360050,Region,Dhaka before 2015,0,,0,1,FPNADMWUNT,BDDHS2022360005,2022,DHS,6267.0,4922.0,,,
BGD,Dhaka,7294395,Unmet need for family planning,10.1,1,BD,Bangladesh,2022,BD2022DHS,FP_NADM_W_UNT,32933030,I,360010,1360052,Region,..Dhaka,0,,0,1,FPNADMWUNT,BDDHS2022360010,2022,DHS,4817.0,2871.0,,,1.0
BGD,Dhaka,7294394,Unmet need for family planning,10.1,1,BD,Bangladesh,2022,BD2022DHS,FP_NADM_W_UNT,32933030,I,360010,1360052,Region,..Dhaka,0,,0,1,FPNADMWUNT,BDDHS2022360010,2022,DHS,4817.0,2871.0,,,1.0
BGD,Mymensingh,5510177,Unmet need for family planning,8.1,1,BD,Bangladesh,2022,BD2022DHS,FP_NADM_W_UNT,32933030,I,360011,1360055,Region,..Mymensingh,0,,0,1,FPNADMWUNT,BDDHS2022360011,2022,DHS,1450.0,2051.0,,,1.0
BGD,Mymensingh,5510176,Unmet need for family planning,8.1,1,BD,Bangladesh,2022,BD2022DHS,FP_NADM_W_UNT,32933030,I,360011,1360055,Region,..Mymensingh,0,,0,1,FPNADMWUNT,BDDHS2022360011,2022,DHS,1450.0,2051.0,,,1.0
BGD,Khulna,140784,Unmet need for family planning,8.3,1,BD,Bangladesh,2022,BD2022DHS,FP_NADM_W_UNT,32933030,I,360006,1360060,Region,Khulna,0,,0,1,FPNADMWUNT,BDDHS2022360006,2022,DHS,2281.0,2478.0,,,1.0
BGD,Khulna,140785,Unmet need for family planning,8.3,1,BD,Bangladesh,2022,BD2022DHS,FP_NADM_W_UNT,32933030,I,360006,1360060,Region,Khulna,0,,0,1,FPNADMWUNT,BDDHS2022360006,2022,DHS,2281.0,2478.0,,,1.0
BGD,Rajshahi/Rangpur,3966054,Unmet need for family planning,6.4,1,BD,Bangladesh,2022,BD2022DHS,FP_NADM_W_UNT,32933030,I,360007,1360070,Region,Rajshahi/Rangpur,0,,0,1,FPNADMWUNT,BDDHS2022360007,2022,DHS,4718.0,4737.0,,,
BGD,Rangpur,6545626,Unmet need for family planning,6.9,1,BD,Bangladesh,2022,BD2022DHS,FP_NADM_W_UNT,32933030,I,360008,1360080,Region,..Rangpur,0,,0,1,FPNADMWUNT,BDDHS2022360008,2022,DHS,2197.0,2298.0,,,1.0
BGD,Rangpur,6545627,Unmet need for family planning,6.9,1,BD,Bangladesh,2022,BD2022DHS,FP_NADM_W_UNT,32933030,I,360008,1360080,Region,..Rangpur,0,,0,1,FPNADMWUNT,BDDHS2022360008,2022,DHS,2197.0,2298.0,,,1.0
BGD,Rajshahi,4440432,Unmet need for family planning,6.0,1,BD,Bangladesh,2022,BD2022DHS,FP_NADM_W_UNT,32933030,I,360009,1360090,Region,..Rajshahi,0,,0,1,FPNADMWUNT,BDDHS2022360009,2022,DHS,2521.0,2439.0,,,1.0
BGD,Rajshahi,4440433,Unmet need for family planning,6.0,1,BD,Bangladesh,2022,BD2022DHS,FP_NADM_W_UNT,32933030,I,360009,1360090,Region,..Rajshahi,0,,0,1,FPNADMWUNT,BDDHS2022360009,2022,DHS,2521.0,2439.0,,,1.0
BGD,Barishal,5072333,Demand for family planning satisfied by modern methods,72.0,1,BD,Bangladesh,2022,BD2022DHS,FP_NADM_W_PDM,32933150,I,360001,1360010,Region,Barishal,0,,0,1,FPNADMWPDM,BDDHS2022360001,2022,DHS,865.0,1521.0,,,1.0
BGD,Barishal,5072334,Demand for family planning satisfied by modern methods,72.0,1,BD,Bangladesh,2022,BD2022DHS,FP_NADM_W_PDM,32933150,I,360001,1360010,Region,Barishal,0,,0,1,FPNADMWPDM,BDDHS2022360001,2022,DHS,865.0,1521.0,,,1.0
BGD,Chattogram/Sylhet,3458993,Demand for family planning satisfied by modern methods,67.0,1,BD,Bangladesh,2022,BD2022DHS,FP_NADM_W_PDM,32933150,I,360002,1360020,Region,Chattogram/Sylhet,0,,0,1,FPNADMWPDM,BDDHS2022360002,2022,DHS,3318.0,3427.0,,,
BGD,Chattogram,5557558,Demand for family planning satisfied by modern methods,67.0,1,BD,Bangladesh,2022,BD2022DHS,FP_NADM_W_PDM,32933150,I,360003,1360030,Region,..Chattogram,0,,0,1,FPNADMWPDM,BDDHS2022360003,2022,DHS,2604.0,2087.0,,,1.0
BGD,Chattogram,5557557,Demand for family planning satisfied by modern methods,67.0,1,BD,Bangladesh,2022,BD2022DHS,FP_NADM_W_PDM,32933150,I,360003,1360030,Region,..Chattogram,0,,0,1,FPNADMWPDM,BDDHS2022360003,2022,DHS,2604.0,2087.0,,,1.0
BGD,Sylhet,5870396,Demand for family planning satisfied by modern methods,67.0,1,BD,Bangladesh,2022,BD2022DHS,FP_NADM_W_PDM,32933150,I,360004,1360040,Region,..Sylhet,0,,0,1,FPNADMWPDM,BDDHS2022360004,2022,DHS,715.0,1340.0,,,1.0
BGD,Sylhet,5870397,Demand for family planning satisfied by modern methods,67.0,1,BD,Bangladesh,2022,BD2022DHS,FP_NADM_W_PDM,32933150,I,360004,1360040,Region,..Sylhet,0,,0,1,FPNADMWPDM,BDDHS2022360004,2022,DHS,715.0,1340.0,,,1.0
BGD,Dhaka before 2015,2107589,Demand for family planning satisfied by modern methods,74.4,1,BD,Bangladesh,2022,BD2022DHS,FP_NADM_W_PDM,32933150,I,360005,1360050,Region,Dhaka before 2015,0,,0,1,FPNADMWPDM,BDDHS2022360005,2022,DHS,4597.0,3618.0,,,
BGD,Dhaka,4367539,Demand for family planning satisfied by modern methods,72.8,1,BD,Bangladesh,2022,BD2022DHS,FP_NADM_W_PDM,32933150,I,360010,1360052,Region,..Dhaka,0,,0,1,FPNADMWPDM,BDDHS2022360010,2022,DHS,3522.0,2096.0,,,1.0
BGD,Dhaka,4367540,Demand for family planning satisfied by modern methods,72.8,1,BD,Bangladesh,2022,BD2022DHS,FP_NADM_W_PDM,32933150,I,360010,1360052,Region,..Dhaka,0,,0,1,FPNADMWPDM,BDDHS2022360010,2022,DHS,3522.0,2096.0,,,1.0
BGD,Mymensingh,5555536,Demand for family planning satisfied by modern methods,79.5,1,BD,Bangladesh,2022,BD2022DHS,FP_NADM_W_PDM,32933150,I,360011,1360055,Region,..Mymensingh,0,,0,1,FPNADMWPDM,BDDHS2022360011,2022,DHS,1076.0,1522.0,,,1.0
BGD,Mymensingh,5555535,Demand for family planning satisfied by modern methods,79.5,1,BD,Bangladesh,2022,BD2022DHS,FP_NADM_W_PDM,32933150,I,360011,1360055,Region,..Mymensingh,0,,0,1,FPNADMWPDM,BDDHS2022360011,2022,DHS,1076.0,1522.0,,,1.0
BGD,Khulna,6985131,Demand for family planning satisfied by modern methods,75.3,1,BD,Bangladesh,2022,BD2022DHS,FP_NADM_W_PDM,32933150,I,360006,1360060,Region,Khulna,0,,0,1,FPNADMWPDM,BDDHS2022360006,2022,DHS,1706.0,1851.0,,,1.0
BGD,Khulna,6985130,Demand for family planning satisfied by modern methods,75.3,1,BD,Bangladesh,2022,BD2022DHS,FP_NADM_W_PDM,32933150,I,360006,1360060,Region,Khulna,0,,0,1,FPNADMWPDM,BDDHS2022360006,2022,DHS,1706.0,1851.0,,,1.0
BGD,Rajshahi/Rangpur,3736566,Demand for family planning satisfied by modern methods,79.5,1,BD,Bangladesh,2022,BD2022DHS,FP_NADM_W_PDM,32933150,I,360007,1360070,Region,Rajshahi/Rangpur,0,,0,1,FPNADMWPDM,BDDHS2022360007,2022,DHS,3619.0,3645.0,,,
BGD,Rangpur,2113007,Demand for family planning satisfied by modern methods,79.1,1,BD,Bangladesh,2022,BD2022DHS,FP_NADM_W_PDM,32933150,I,360008,1360080,Region,..Rangpur,0,,0,1,FPNADMWPDM,BDDHS2022360008,2022,DHS,1704.0,1782.0,,,1.0
BGD,Rangpur,2113008,Demand for family planning satisfied by modern methods,79.1,1,BD,Bangladesh,2022,BD2022DHS,FP_NADM_W_PDM,32933150,I,360008,1360080,Region,..Rangpur,0,,0,1,FPNADMWPDM,BDDHS2022360008,2022,DHS,1704.0,1782.0,,,1.0
BGD,Rajshahi,7366793,Demand for family planning satisfied by modern methods,79.9,1,BD,Bangladesh,2022,BD2022DHS,FP_NADM_W_PDM,32933150,I,360009,1360090,Region,..Rajshahi,0,,0,1,FPNADMWPDM,BDDHS2022360009,2022,DHS,1916.0,1863.0,,,1.0
BGD,Rajshahi,7366792,Demand for family planning satisfied by modern methods,79.9,1,BD,Bangladesh,2022,BD2022DHS,FP_NADM_W_PDM,32933150,I,360009,1360090,Region,..Rajshahi,0,,0,1,FPNADMWPDM,BDDHS2022360009,2022,DHS,1916.0,1863.0,,,1.0
BGD,Barishal,2017045,Median age at first marriage [Women]: 25-49,16.4,1,BD,Bangladesh,2022,BD2022DHS,MA_AAFM_W_M2B,41633090,I,360001,1360010,Region,Barishal,0,,0,1,MAAAFMWM2B,BDDHS2022360001,2022,DHS,,,,,1.0
BGD,Barishal,2017046,Median age at first marriage [Women]: 25-49,16.4,1,BD,Bangladesh,2022,BD2022DHS,MA_AAFM_W_M2B,41633090,I,360001,1360010,Region,Barishal,0,,0,1,MAAAFMWM2B,BDDHS2022360001,2022,DHS,,,,,1.0
BGD,Chattogram/Sylhet,2017018,Median age at first marriage [Women]: 25-49,17.7,1,BD,Bangladesh,2022,BD2022DHS,MA_AAFM_W_M2B,41633090,I,360002,1360020,Region,Chattogram/Sylhet,0,,0,1,MAAAFMWM2B,BDDHS2022360002,2022,DHS,,,,,
BGD,Chattogram,2017025,Median age at first marriage [Women]: 25-49,17.4,1,BD,Bangladesh,2022,BD2022DHS,MA_AAFM_W_M2B,41633090,I,360003,1360030,Region,..Chattogram,0,,0,1,MAAAFMWM2B,BDDHS2022360003,2022,DHS,,,,,1.0
BGD,Chattogram,2017026,Median age at first marriage [Women]: 25-49,17.4,1,BD,Bangladesh,2022,BD2022DHS,MA_AAFM_W_M2B,41633090,I,360003,1360030,Region,..Chattogram,0,,0,1,MAAAFMWM2B,BDDHS2022360003,2022,DHS,,,,,1.0
BGD,Sylhet,6207762,Median age at first marriage [Women]: 25-49,18.4,1,BD,Bangladesh,2022,BD2022DHS,MA_AAFM_W_M2B,41633090,I,360004,1360040,Region,..Sylhet,0,,0,1,MAAAFMWM2B,BDDHS2022360004,2022,DHS,,,,,1.0
BGD,Sylhet,6207763,Median age at first marriage [Women]: 25-49,18.4,1,BD,Bangladesh,2022,BD2022DHS,MA_AAFM_W_M2B,41633090,I,360004,1360040,Region,..Sylhet,0,,0,1,MAAAFMWM2B,BDDHS2022360004,2022,DHS,,,,,1.0
BGD,Dhaka before 2015,1994123,Median age at first marriage [Women]: 25-49,16.9,1,BD,Bangladesh,2022,BD2022DHS,MA_AAFM_W_M2B,41633090,I,360005,1360050,Region,Dhaka before 2015,0,,0,1,MAAAFMWM2B,BDDHS2022360005,2022,DHS,,,,,
BGD,Dhaka,1994128,Median age at first marriage [Women]: 25-49,17.0,1,BD,Bangladesh,2022,BD2022DHS,MA_AAFM_W_M2B,41633090,I,360010,1360052,Region,..Dhaka,0,,0,1,MAAAFMWM2B,BDDHS2022360010,2022,DHS,,,,,1.0
BGD,Dhaka,1994129,Median age at first marriage [Women]: 25-49,17.0,1,BD,Bangladesh,2022,BD2022DHS,MA_AAFM_W_M2B,41633090,I,360010,1360052,Region,..Dhaka,0,,0,1,MAAAFMWM2B,BDDHS2022360010,2022,DHS,,,,,1.0
BGD,Mymensingh,2008656,Median age at first marriage [Women]: 25-49,16.4,1,BD,Bangladesh,2022,BD2022DHS,MA_AAFM_W_M2B,41633090,I,360011,1360055,Region,..Mymensingh,0,,0,1,MAAAFMWM2B,BDDHS2022360011,2022,DHS,,,,,1.0
BGD,Mymensingh,2008657,Median age at first marriage [Women]: 25-49,16.4,1,BD,Bangladesh,2022,BD2022DHS,MA_AAFM_W_M2B,41633090,I,360011,1360055,Region,..Mymensingh,0,,0,1,MAAAFMWM2B,BDDHS2022360011,2022,DHS,,,,,1.0
BGD,Khulna,2010275,Median age at first marriage [Women]: 25-49,15.8,1,BD,Bangladesh,2022,BD2022DHS,MA_AAFM_W_M2B,41633090,I,360006,1360060,Region,Khulna,0,,0,1,MAAAFMWM2B,BDDHS2022360006,2022,DHS,,,,,1.0
BGD,Khulna,2010276,Median age at first marriage [Women]: 25-49,15.8,1,BD,Bangladesh,2022,BD2022DHS,MA_AAFM_W_M2B,41633090,I,360006,1360060,Region,Khulna,0,,0,1,MAAAFMWM2B,BDDHS2022360006,2022,DHS,,,,,1.0
BGD,Rajshahi/Rangpur,1994133,Median age at first marriage [Women]: 25-49,15.8,1,BD,Bangladesh,2022,BD2022DHS,MA_AAFM_W_M2B,41633090,I,360007,1360070,Region,Rajshahi/Rangpur,0,,0,1,MAAAFMWM2B,BDDHS2022360007,2022,DHS,,,,,
BGD,Rangpur,2010257,Median age at first marriage [Women]: 25-49,15.7,1,BD,Bangladesh,2022,BD2022DHS,MA_AAFM_W_M2B,41633090,I,360008,1360080,Region,..Rangpur,0,,0,1,MAAAFMWM2B,BDDHS2022360008,2022,DHS,,,,,1.0
BGD,Rangpur,2010258,Median age at first marriage [Women]: 25-49,15.7,1,BD,Bangladesh,2022,BD2022DHS,MA_AAFM_W_M2B,41633090,I,360008,1360080,Region,..Rangpur,0,,0,1,MAAAFMWM2B,BDDHS2022360008,2022,DHS,,,,,1.0
BGD,Rajshahi,6693968,Median age at first marriage [Women]: 25-49,15.8,1,BD,Bangladesh,2022,BD2022DHS,MA_AAFM_W_M2B,41633090,I,360009,1360090,Region,..Rajshahi,0,,0,1,MAAAFMWM2B,BDDHS2022360009,2022,DHS,,,,,1.0
BGD,Rajshahi,6693967,Median age at first marriage [Women]: 25-49,15.8,1,BD,Bangladesh,2022,BD2022DHS,MA_AAFM_W_M2B,41633090,I,360009,1360090,Region,..Rajshahi,0,,0,1,MAAAFMWM2B,BDDHS2022360009,2022,DHS,,,,,1.0
BGD,Barishal,2017158,Median age at first sexual intercourse [Women]: 25-49,16.4,1,BD,Bangladesh,2022,BD2022DHS,SX_AAFS_W_M2B,51703090,I,360001,1360010,Region,Barishal,0,,0,1,SXAAFSWM2B,BDDHS2022360001,2022,DHS,,,,,1.0
BGD,Barishal,2017159,Median age at first sexual intercourse [Women]: 25-49,16.4,1,BD,Bangladesh,2022,BD2022DHS,SX_AAFS_W_M2B,51703090,I,360001,1360010,Region,Barishal,0,,0,1,SXAAFSWM2B,BDDHS2022360001,2022,DHS,,,,,1.0
BGD,Chattogram/Sylhet,2017198,Median age at first sexual intercourse [Women]: 25-49,17.6,1,BD,Bangladesh,2022,BD2022DHS,SX_AAFS_W_M2B,51703090,I,360002,1360020,Region,Chattogram/Sylhet,0,,0,1,SXAAFSWM2B,BDDHS2022360002,2022,DHS,,,,,
BGD,Chattogram,2017190,Median age at first sexual intercourse [Women]: 25-49,17.4,1,BD,Bangladesh,2022,BD2022DHS,SX_AAFS_W_M2B,51703090,I,360003,1360030,Region,..Chattogram,0,,0,1,SXAAFSWM2B,BDDHS2022360003,2022,DHS,,,,,1.0
BGD,Chattogram,2017191,Median age at first sexual intercourse [Women]: 25-49,17.4,1,BD,Bangladesh,2022,BD2022DHS,SX_AAFS_W_M2B,51703090,I,360003,1360030,Region,..Chattogram,0,,0,1,SXAAFSWM2B,BDDHS2022360003,2022,DHS,,,,,1.0
BGD,Sylhet,6207989,Median age at first sexual intercourse [Women]: 25-49,18.3,1,BD,Bangladesh,2022,BD2022DHS,SX_AAFS_W_M2B,51703090,I,360004,1360040,Region,..Sylhet,0,,0,1,SXAAFSWM2B,BDDHS2022360004,2022,DHS,,,,,1.0
BGD,Sylhet,6207990,Median age at first sexual intercourse [Women]: 25-49,18.3,1,BD,Bangladesh,2022,BD2022DHS,SX_AAFS_W_M2B,51703090,I,360004,1360040,Region,..Sylhet,0,,0,1,SXAAFSWM2B,BDDHS2022360004,2022,DHS,,,,,1.0
BGD,Dhaka before 2015,1994247,Median age at first sexual intercourse [Women]: 25-49,16.8,1,BD,Bangladesh,2022,BD2022DHS,SX_AAFS_W_M2B,51703090,I,360005,1360050,Region,Dhaka before 2015,0,,0,1,SXAAFSWM2B,BDDHS2022360005,2022,DHS,,,,,
BGD,Dhaka,1994256,Median age at first sexual intercourse [Women]: 25-49,17.0,1,BD,Bangladesh,2022,BD2022DHS,SX_AAFS_W_M2B,51703090,I,360010,1360052,Region,..Dhaka,0,,0,1,SXAAFSWM2B,BDDHS2022360010,2022,DHS,,,,,1.0
BGD,Dhaka,1994257,Median age at first sexual intercourse [Women]: 25-49,17.0,1,BD,Bangladesh,2022,BD2022DHS,SX_AAFS_W_M2B,51703090,I,360010,1360052,Region,..Dhaka,0,,0,1,SXAAFSWM2B,BDDHS2022360010,2022,DHS,,,,,1.0
BGD,Mymensingh,2008760,Median age at first sexual intercourse [Women]: 25-49,16.3,1,BD,Bangladesh,2022,BD2022DHS,SX_AAFS_W_M2B,51703090,I,360011,1360055,Region,..Mymensingh,0,,0,1,SXAAFSWM2B,BDDHS2022360011,2022,DHS,,,,,1.0
BGD,Mymensingh,2008761,Median age at first sexual intercourse [Women]: 25-49,16.3,1,BD,Bangladesh,2022,BD2022DHS,SX_AAFS_W_M2B,51703090,I,360011,1360055,Region,..Mymensingh,0,,0,1,SXAAFSWM2B,BDDHS2022360011,2022,DHS,,,,,1.0
BGD,Khulna,2010442,Median age at first sexual intercourse [Women]: 25-49,15.9,1,BD,Bangladesh,2022,BD2022DHS,SX_AAFS_W_M2B,51703090,I,360006,1360060,Region,Khulna,0,,0,1,SXAAFSWM2B,BDDHS2022360006,2022,DHS,,,,,1.0
BGD,Khulna,2010443,Median age at first sexual intercourse [Women]: 25-49,15.9,1,BD,Bangladesh,2022,BD2022DHS,SX_AAFS_W_M2B,51703090,I,360006,1360060,Region,Khulna,0,,0,1,SXAAFSWM2B,BDDHS2022360006,2022,DHS,,,,,1.0
BGD,Rajshahi/Rangpur,1994250,Median age at first sexual intercourse [Women]: 25-49,15.8,1,BD,Bangladesh,2022,BD2022DHS,SX_AAFS_W_M2B,51703090,I,360007,1360070,Region,Rajshahi/Rangpur,0,,0,1,SXAAFSWM2B,BDDHS2022360007,2022,DHS,,,,,
BGD,Rangpur,2010407,Median age at first sexual intercourse [Women]: 25-49,15.7,1,BD,Bangladesh,2022,BD2022DHS,SX_AAFS_W_M2B,51703090,I,360008,1360080,Region,..Rangpur,0,,0,1,SXAAFSWM2B,BDDHS2022360008,2022,DHS,,,,,1.0
BGD,Rangpur,2010406,Median age at first sexual intercourse [Women]: 25-49,15.7,1,BD,Bangladesh,2022,BD2022DHS,SX_AAFS_W_M2B,51703090,I,360008,1360080,Region,..Rangpur,0,,0,1,SXAAFSWM2B,BDDHS2022360008,2022,DHS,,,,,1.0
BGD,Rajshahi,6693949,Median age at first sexual intercourse [Women]: 25-49,15.9,1,BD,Bangladesh,2022,BD2022DHS,SX_AAFS_W_M2B,51703090,I,360009,1360090,Region,..Rajshahi,0,,0,1,SXAAFSWM2B,BDDHS2022360009,2022,DHS,,,,,1.0
BGD,Rajshahi,6693950,Median age at first sexual intercourse [Women]: 25-49,15.9,1,BD,Bangladesh,2022,BD2022DHS,SX_AAFS_W_M2B,51703090,I,360009,1360090,Region,..Rajshahi,0,,0,1,SXAAFSWM2B,BDDHS2022360009,2022,DHS,,,,,1.0
BGD,Barishal,7806691,Infant mortality rate,32.0,0,BD,Bangladesh,2022,BD2022DHS,CM_ECMR_C_IMR,63206030,I,360001,1360010,Region,Barishal,14003,Ten years preceding the survey,0,1,CMECMRCIMR,BDDHS2022360001,2022,DHS,,,25.0,39.0,1.0
BGD,Barishal,7806692,Infant mortality rate,32.0,0,BD,Bangladesh,2022,BD2022DHS,CM_ECMR_C_IMR,63206030,I,360001,1360010,Region,Barishal,14003,Ten years preceding the survey,0,1,CMECMRCIMR,BDDHS2022360001,2022,DHS,,,25.0,39.0,1.0
BGD,Chattogram/Sylhet,1970762,Infant mortality rate,33.0,0,BD,Bangladesh,2022,BD2022DHS,CM_ECMR_C_IMR,63206030,I,360002,1360020,Region,Chattogram/Sylhet,14003,Ten years preceding the survey,0,1,CMECMRCIMR,BDDHS2022360002,2022,DHS,,,28.0,39.0,
BGD,Chattogram,7909875,Infant mortality rate,27.0,0,BD,Bangladesh,2022,BD2022DHS,CM_ECMR_C_IMR,63206030,I,360003,1360030,Region,..Chattogram,14003,Ten years preceding the survey,0,1,CMECMRCIMR,BDDHS2022360003,2022,DHS,,,21.0,33.0,1.0
BGD,Chattogram,7909876,Infant mortality rate,27.0,0,BD,Bangladesh,2022,BD2022DHS,CM_ECMR_C_IMR,63206030,I,360003,1360030,Region,..Chattogram,14003,Ten years preceding the survey,0,1,CMECMRCIMR,BDDHS2022360003,2022,DHS,,,21.0,33.0,1.0
BGD,Sylhet,1977786,Infant mortality rate,51.0,0,BD,Bangladesh,2022,BD2022DHS,CM_ECMR_C_IMR,63206030,I,360004,1360040,Region,..Sylhet,14003,Ten years preceding the survey,0,1,CMECMRCIMR,BDDHS2022360004,2022,DHS,,,42.0,61.0,1.0
BGD,Sylhet,1977787,Infant mortality rate,51.0,0,BD,Bangladesh,2022,BD2022DHS,CM_ECMR_C_IMR,63206030,I,360004,1360040,Region,..Sylhet,14003,Ten years preceding the survey,0,1,CMECMRCIMR,BDDHS2022360004,2022,DHS,,,42.0,61.0,1.0
BGD,Dhaka before 2015,7821390,Infant mortality rate,34.0,0,BD,Bangladesh,2022,BD2022DHS,CM_ECMR_C_IMR,63206030,I,360005,1360050,Region,Dhaka before 2015,14003,Ten years preceding the survey,0,1,CMECMRCIMR,BDDHS2022360005,2022,DHS,,,29.0,40.0,
BGD,Dhaka,7975972,Infant mortality rate,33.0,0,BD,Bangladesh,2022,BD2022DHS,CM_ECMR_C_IMR,63206030,I,360010,1360052,Region,..Dhaka,14003,Ten years preceding the survey,0,1,CMECMRCIMR,BDDHS2022360010,2022,DHS,,,26.0,40.0,1.0
BGD,Dhaka,7975973,Infant mortality rate,33.0,0,BD,Bangladesh,2022,BD2022DHS,CM_ECMR_C_IMR,63206030,I,360010,1360052,Region,..Dhaka,14003,Ten years preceding the survey,0,1,CMECMRCIMR,BDDHS2022360010,2022,DHS,,,26.0,40.0,1.0
BGD,Mymensingh,7217767,Infant mortality rate,39.0,0,BD,Bangladesh,2022,BD2022DHS,CM_ECMR_C_IMR,63206030,I,360011,1360055,Region,..Mymensingh,14003,Ten years preceding the survey,0,1,CMECMRCIMR,BDDHS2022360011,2022,DHS,,,30.0,47.0,1.0
BGD,Mymensingh,7217766,Infant mortality rate,39.0,0,BD,Bangladesh,2022,BD2022DHS,CM_ECMR_C_IMR,63206030,I,360011,1360055,Region,..Mymensingh,14003,Ten years preceding the survey,0,1,CMECMRCIMR,BDDHS2022360011,2022,DHS,,,30.0,47.0,1.0
BGD,Khulna,1977880,Infant mortality rate,28.0,0,BD,Bangladesh,2022,BD2022DHS,CM_ECMR_C_IMR,63206030,I,360006,1360060,Region,Khulna,14003,Ten years preceding the survey,0,1,CMECMRCIMR,BDDHS2022360006,2022,DHS,,,21.0,35.0,1.0
BGD,Khulna,1977881,Infant mortality rate,28.0,0,BD,Bangladesh,2022,BD2022DHS,CM_ECMR_C_IMR,63206030,I,360006,1360060,Region,Khulna,14003,Ten years preceding the survey,0,1,CMECMRCIMR,BDDHS2022360006,2022,DHS,,,21.0,35.0,1.0
BGD,Rajshahi/Rangpur,1960039,Infant mortality rate,32.0,0,BD,Bangladesh,2022,BD2022DHS,CM_ECMR_C_IMR,63206030,I,360007,1360070,Region,Rajshahi/Rangpur,14003,Ten years preceding the survey,0,1,CMECMRCIMR,BDDHS2022360007,2022,DHS,,,26.0,37.0,
BGD,Rangpur,7687246,Infant mortality rate,39.0,0,BD,Bangladesh,2022,BD2022DHS,CM_ECMR_C_IMR,63206030,I,360008,1360080,Region,..Rangpur,14003,Ten years preceding the survey,0,1,CMECMRCIMR,BDDHS2022360008,2022,DHS,,,31.0,47.0,1.0
BGD,Rangpur,7687247,Infant mortality rate,39.0,0,BD,Bangladesh,2022,BD2022DHS,CM_ECMR_C_IMR,63206030,I,360008,1360080,Region,..Rangpur,14003,Ten years preceding the survey,0,1,CMECMRCIMR,BDDHS2022360008,2022,DHS,,,31.0,47.0,1.0
BGD,Rajshahi,7959454,Infant mortality rate,24.0,0,BD,Bangladesh,2022,BD2022DHS,CM_ECMR_C_IMR,63206030,I,360009,1360090,Region,..Rajshahi,14003,Ten years preceding the survey,0,1,CMECMRCIMR,BDDHS2022360009,2022,DHS,,,18.0,30.0,1.0
BGD,Rajshahi,7959455,Infant mortality rate,24.0,0,BD,Bangladesh,2022,BD2022DHS,CM_ECMR_C_IMR,63206030,I,360009,1360090,Region,..Rajshahi,14003,Ten years preceding the survey,0,1,CMECMRCIMR,BDDHS2022360009,2022,DHS,,,18.0,30.0,1.0
BGD,Barishal,7490714,Under-five mortality rate,43.0,0,BD,Bangladesh,2022,BD2022DHS,CM_ECMR_C_U5M,63206050,I,360001,1360010,Region,Barishal,14003,Ten years preceding the survey,0,1,CMECMRCU5M,BDDHS2022360001,2022,DHS,,,34.0,51.0,1.0
BGD,Barishal,7490715,Under-five mortality rate,43.0,0,BD,Bangladesh,2022,BD2022DHS,CM_ECMR_C_U5M,63206050,I,360001,1360010,Region,Barishal,14003,Ten years preceding the survey,0,1,CMECMRCU5M,BDDHS2022360001,2022,DHS,,,34.0,51.0,1.0
BGD,Chattogram/Sylhet,7697068,Under-five mortality rate,42.0,0,BD,Bangladesh,2022,BD2022DHS,CM_ECMR_C_U5M,63206050,I,360002,1360020,Region,Chattogram/Sylhet,14003,Ten years preceding the survey,0,1,CMECMRCU5M,BDDHS2022360002,2022,DHS,,,36.0,48.0,
BGD,Chattogram,7909406,Under-five mortality rate,36.0,0,BD,Bangladesh,2022,BD2022DHS,CM_ECMR_C_U5M,63206050,I,360003,1360030,Region,..Chattogram,14003,Ten years preceding the survey,0,1,CMECMRCU5M,BDDHS2022360003,2022,DHS,,,28.0,43.0,1.0
BGD,Chattogram,7909407,Under-five mortality rate,36.0,0,BD,Bangladesh,2022,BD2022DHS,CM_ECMR_C_U5M,63206050,I,360003,1360030,Region,..Chattogram,14003,Ten years preceding the survey,0,1,CMECMRCU5M,BDDHS2022360003,2022,DHS,,,28.0,43.0,1.0
BGD,Sylhet,7688684,Under-five mortality rate,61.0,0,BD,Bangladesh,2022,BD2022DHS,CM_ECMR_C_U5M,63206050,I,360004,1360040,Region,..Sylhet,14003,Ten years preceding the survey,0,1,CMECMRCU5M,BDDHS2022360004,2022,DHS,,,51.0,71.0,1.0
BGD,Sylhet,7688685,Under-five mortality rate,61.0,0,BD,Bangladesh,2022,BD2022DHS,CM_ECMR_C_U5M,63206050,I,360004,1360040,Region,..Sylhet,14003,Ten years preceding the survey,0,1,CMECMRCU5M,BDDHS2022360004,2022,DHS,,,51.0,71.0,1.0
BGD,Dhaka before 2015,7483230,Under-five mortality rate,38.0,0,BD,Bangladesh,2022,BD2022DHS,CM_ECMR_C_U5M,63206050,I,360005,1360050,Region,Dhaka before 2015,14003,Ten years preceding the survey,0,1,CMECMRCU5M,BDDHS2022360005,2022,DHS,,,32.0,44.0,
BGD,Dhaka,1959993,Under-five mortality rate,36.0,0,BD,Bangladesh,2022,BD2022DHS,CM_ECMR_C_U5M,63206050,I,360010,1360052,Region,..Dhaka,14003,Ten years preceding the survey,0,1,CMECMRCU5M,BDDHS2022360010,2022,DHS,,,28.0,43.0,1.0
BGD,Dhaka,1959992,Under-five mortality rate,36.0,0,BD,Bangladesh,2022,BD2022DHS,CM_ECMR_C_U5M,63206050,I,360010,1360052,Region,..Dhaka,14003,Ten years preceding the survey,0,1,CMECMRCU5M,BDDHS2022360010,2022,DHS,,,28.0,43.0,1.0
BGD,Mymensingh,7904087,Under-five mortality rate,44.0,0,BD,Bangladesh,2022,BD2022DHS,CM_ECMR_C_U5M,63206050,I,360011,1360055,Region,..Mymensingh,14003,Ten years preceding the survey,0,1,CMECMRCU5M,BDDHS2022360011,2022,DHS,,,36.0,53.0,1.0
BGD,Mymensingh,7904088,Under-five mortality rate,44.0,0,BD,Bangladesh,2022,BD2022DHS,CM_ECMR_C_U5M,63206050,I,360011,1360055,Region,..Mymensingh,14003,Ten years preceding the survey,0,1,CMECMRCU5M,BDDHS2022360011,2022,DHS,,,36.0,53.0,1.0
BGD,Khulna,7793071,Under-five mortality rate,31.0,0,BD,Bangladesh,2022,BD2022DHS,CM_ECMR_C_U5M,63206050,I,360006,1360060,Region,Khulna,14003,Ten years preceding the survey,0,1,CMECMRCU5M,BDDHS2022360006,2022,DHS,,,24.0,39.0,1.0
BGD,Khulna,7793072,Under-five mortality rate,31.0,0,BD,Bangladesh,2022,BD2022DHS,CM_ECMR_C_U5M,63206050,I,360006,1360060,Region,Khulna,14003,Ten years preceding the survey,0,1,CMECMRCU5M,BDDHS2022360006,2022,DHS,,,24.0,39.0,1.0
BGD,Rajshahi/Rangpur,1960029,Under-five mortality rate,37.0,0,BD,Bangladesh,2022,BD2022DHS,CM_ECMR_C_U5M,63206050,I,360007,1360070,Region,Rajshahi/Rangpur,14003,Ten years preceding the survey,0,1,CMECMRCU5M,BDDHS2022360007,2022,DHS,,,31.0,42.0,
BGD,Rangpur,1977740,Under-five mortality rate,46.0,0,BD,Bangladesh,2022,BD2022DHS,CM_ECMR_C_U5M,63206050,I,360008,1360080,Region,..Rangpur,14003,Ten years preceding the survey,0,1,CMECMRCU5M,BDDHS2022360008,2022,DHS,,,37.0,55.0,1.0
BGD,Rangpur,1977739,Under-five mortality rate,46.0,0,BD,Bangladesh,2022,BD2022DHS,CM_ECMR_C_U5M,63206050,I,360008,1360080,Region,..Rangpur,14003,Ten years preceding the survey,0,1,CMECMRCU5M,BDDHS2022360008,2022,DHS,,,37.0,55.0,1.0
BGD,Rajshahi,7698237,Under-five mortality rate,27.0,0,BD,Bangladesh,2022,BD2022DHS,CM_ECMR_C_U5M,63206050,I,360009,1360090,Region,..Rajshahi,14003,Ten years preceding the survey,0,1,CMECMRCU5M,BDDHS2022360009,2022,DHS,,,21.0,34.0,1.0
BGD,Rajshahi,7698238,Under-five mortality rate,27.0,0,BD,Bangladesh,2022,BD2022DHS,CM_ECMR_C_U5M,63206050,I,360009,1360090,Region,..Rajshahi,14003,Ten years preceding the survey,0,1,CMECMRCU5M,BDDHS2022360009,2022,DHS,,,21.0,34.0,1.0
BGD,Barishal,2300732,Place of delivery: Health facility,52.3,1,BD,Bangladesh,2022,BD2022DHS,RH_DELP_C_DHF,83566070,I,360001,1360010,Region,Barishal,14000,Three years preceding the survey,0,0,RHDELPCDHF,BDDHS2022360001,2022,DHS,328.0,570.0,,,1.0
BGD,Barishal,2300733,Place of delivery: Health facility,52.3,1,BD,Bangladesh,2022,BD2022DHS,RH_DELP_C_DHF,83566070,I,360001,1360010,Region,Barishal,14000,Three years preceding the survey,0,0,RHDELPCDHF,BDDHS2022360001,2022,DHS,328.0,570.0,,,1.0
BGD,Barishal,4926948,Place of delivery: Health facility,51.1,1,BD,Bangladesh,2022,BD2022DHS,RH_DELP_C_DHF,83566070,I,360001,1360010,Region,Barishal,14002,Two years preceding the survey,0,1,RHDELPCDHF,BDDHS2022360001,2022,DHS,219.0,383.0,,,1.0
BGD,Barishal,4926949,Place of delivery: Health facility,51.1,1,BD,Bangladesh,2022,BD2022DHS,RH_DELP_C_DHF,83566070,I,360001,1360010,Region,Barishal,14002,Two years preceding the survey,0,1,RHDELPCDHF,BDDHS2022360001,2022,DHS,219.0,383.0,,,1.0
BGD,Chattogram/Sylhet,5556879,Place of delivery: Health facility,56.5,1,BD,Bangladesh,2022,BD2022DHS,RH_DELP_C_DHF,83566070,I,360002,1360020,Region,Chattogram/Sylhet,14000,Three years preceding the survey,0,0,RHDELPCDHF,BDDHS2022360002,2022,DHS,1562.0,1575.0,,,
BGD,Chattogram/Sylhet,6474972,Place of delivery: Health facility,58.7,1,BD,Bangladesh,2022,BD2022DHS,RH_DELP_C_DHF,83566070,I,360002,1360020,Region,Chattogram/Sylhet,14002,Two years preceding the survey,0,1,RHDELPCDHF,BDDHS2022360002,2022,DHS,1033.0,1036.0,,,
BGD,Chattogram,2718023,Place of delivery: Health facility,58.3,1,BD,Bangladesh,2022,BD2022DHS,RH_DELP_C_DHF,83566070,I,360003,1360030,Region,..Chattogram,14000,Three years preceding the survey,0,0,RHDELPCDHF,BDDHS2022360003,2022,DHS,1199.0,932.0,,,1.0
BGD,Chattogram,2718024,Place of delivery: Health facility,58.3,1,BD,Bangladesh,2022,BD2022DHS,RH_DELP_C_DHF,83566070,I,360003,1360030,Region,..Chattogram,14000,Three years preceding the survey,0,0,RHDELPCDHF,BDDHS2022360003,2022,DHS,1199.0,932.0,,,1.0
BGD,Chattogram,6589292,Place of delivery: Health facility,60.9,1,BD,Bangladesh,2022,BD2022DHS,RH_DELP_C_DHF,83566070,I,360003,1360030,Region,..Chattogram,14002,Two years preceding the survey,0,1,RHDELPCDHF,BDDHS2022360003,2022,DHS,793.0,613.0,,,1.0
BGD,Chattogram,6589293,Place of delivery: Health facility,60.9,1,BD,Bangladesh,2022,BD2022DHS,RH_DELP_C_DHF,83566070,I,360003,1360030,Region,..Chattogram,14002,Two years preceding the survey,0,1,RHDELPCDHF,BDDHS2022360003,2022,DHS,793.0,613.0,,,1.0
BGD,Sylhet,6871770,Place of delivery: Health facility,50.6,1,BD,Bangladesh,2022,BD2022DHS,RH_DELP_C_DHF,83566070,I,360004,1360040,Region,..Sylhet,14000,Three years preceding the survey,0,0,RHDELPCDHF,BDDHS2022360004,2022,DHS,363.0,643.0,,,1.0
BGD,Sylhet,6871771,Place of delivery: Health facility,50.6,1,BD,Bangladesh,2022,BD2022DHS,RH_DELP_C_DHF,83566070,I,360004,1360040,Region,..Sylhet,14000,Three years preceding the survey,0,0,RHDELPCDHF,BDDHS2022360004,2022,DHS,363.0,643.0,,,1.0
BGD,Sylhet,333316,Place of delivery: Health facility,51.6,1,BD,Bangladesh,2022,BD2022DHS,RH_DELP_C_DHF,83566070,I,360004,1360040,Region,..Sylhet,14002,Two years preceding the survey,0,1,RHDELPCDHF,BDDHS2022360004,2022,DHS,240.0,423.0,,,1.0
BGD,Sylhet,333317,Place of delivery: Health facility,51.6,1,BD,Bangladesh,2022,BD2022DHS,RH_DELP_C_DHF,83566070,I,360004,1360040,Region,..Sylhet,14002,Two years preceding the survey,0,1,RHDELPCDHF,BDDHS2022360004,2022,DHS,240.0,423.0,,,1.0
BGD,Dhaka before 2015,4624199,Place of delivery: Health facility,65.1,1,BD,Bangladesh,2022,BD2022DHS,RH_DELP_C_DHF,83566070,I,360005,1360050,Region,Dhaka before 2015,14000,Three years preceding the survey,0,0,RHDELPCDHF,BDDHS2022360005,2022,DHS,1806.0,1460.0,,,
BGD,Dhaka before 2015,2305274,Place of delivery: Health facility,66.3,1,BD,Bangladesh,2022,BD2022DHS,RH_DELP_C_DHF,83566070,I,360005,1360050,Region,Dhaka before 2015,14002,Two years preceding the survey,0,1,RHDELPCDHF,BDDHS2022360005,2022,DHS,1259.0,1020.0,,,
BGD,Dhaka,2899534,Place of delivery: Health facility,69.9,1,BD,Bangladesh,2022,BD2022DHS,RH_DELP_C_DHF,83566070,I,360010,1360052,Region,..Dhaka,14000,Three years preceding the survey,0,0,RHDELPCDHF,BDDHS2022360010,2022,DHS,1331.0,796.0,,,1.0
BGD,Dhaka,2899533,Place of delivery: Health facility,69.9,1,BD,Bangladesh,2022,BD2022DHS,RH_DELP_C_DHF,83566070,I,360010,1360052,Region,..Dhaka,14000,Three years preceding the survey,0,0,RHDELPCDHF,BDDHS2022360010,2022,DHS,1331.0,796.0,,,1.0
BGD,Dhaka,5891267,Place of delivery: Health facility,70.6,1,BD,Bangladesh,2022,BD2022DHS,RH_DELP_C_DHF,83566070,I,360010,1360052,Region,..Dhaka,14002,Two years preceding the survey,0,1,RHDELPCDHF,BDDHS2022360010,2022,DHS,926.0,556.0,,,1.0
BGD,Dhaka,5891268,Place of delivery: Health facility,70.6,1,BD,Bangladesh,2022,BD2022DHS,RH_DELP_C_DHF,83566070,I,360010,1360052,Region,..Dhaka,14002,Two years preceding the survey,0,1,RHDELPCDHF,BDDHS2022360010,2022,DHS,926.0,556.0,,,1.0
BGD,Mymensingh,6316563,Place of delivery: Health facility,51.6,1,BD,Bangladesh,2022,BD2022DHS,RH_DELP_C_DHF,83566070,I,360011,1360055,Region,..Mymensingh,14000,Three years preceding the survey,0,0,RHDELPCDHF,BDDHS2022360011,2022,DHS,475.0,664.0,,,1.0
BGD,Mymensingh,6316564,Place of delivery: Health facility,51.6,1,BD,Bangladesh,2022,BD2022DHS,RH_DELP_C_DHF,83566070,I,360011,1360055,Region,..Mymensingh,14000,Three years preceding the survey,0,0,RHDELPCDHF,BDDHS2022360011,2022,DHS,475.0,664.0,,,1.0
BGD,Mymensingh,212947,Place of delivery: Health facility,54.3,1,BD,Bangladesh,2022,BD2022DHS,RH_DELP_C_DHF,83566070,I,360011,1360055,Region,..Mymensingh,14002,Two years preceding the survey,0,1,RHDELPCDHF,BDDHS2022360011,2022,DHS,333.0,464.0,,,1.0
BGD,Mymensingh,212946,Place of delivery: Health facility,54.3,1,BD,Bangladesh,2022,BD2022DHS,RH_DELP_C_DHF,83566070,I,360011,1360055,Region,..Mymensingh,14002,Two years preceding the survey,0,1,RHDELPCDHF,BDDHS2022360011,2022,DHS,333.0,464.0,,,1.0
BGD,Khulna,6041556,Place of delivery: Health facility,81.9,1,BD,Bangladesh,2022,BD2022DHS,RH_DELP_C_DHF,83566070,I,360006,1360060,Region,Khulna,14000,Three years preceding the survey,0,0,RHDELPCDHF,BDDHS2022360006,2022,DHS,547.0,593.0,,,1.0
BGD,Khulna,6041557,Place of delivery: Health facility,81.9,1,BD,Bangladesh,2022,BD2022DHS,RH_DELP_C_DHF,83566070,I,360006,1360060,Region,Khulna,14000,Three years preceding the survey,0,0,RHDELPCDHF,BDDHS2022360006,2022,DHS,547.0,593.0,,,1.0
BGD,Khulna,5408832,Place of delivery: Health facility,82.2,1,BD,Bangladesh,2022,BD2022DHS,RH_DELP_C_DHF,83566070,I,360006,1360060,Region,Khulna,14002,Two years preceding the survey,0,1,RHDELPCDHF,BDDHS2022360006,2022,DHS,380.0,410.0,,,1.0
BGD,Khulna,5408833,Place of delivery: Health facility,82.2,1,BD,Bangladesh,2022,BD2022DHS,RH_DELP_C_DHF,83566070,I,360006,1360060,Region,Khulna,14002,Two years preceding the survey,0,1,RHDELPCDHF,BDDHS2022360006,2022,DHS,380.0,410.0,,,1.0
BGD,Rajshahi/Rangpur,5343023,Place of delivery: Health facility,65.0,1,BD,Bangladesh,2022,BD2022DHS,RH_DELP_C_DHF,83566070,I,360007,1360070,Region,Rajshahi/Rangpur,14000,Three years preceding the survey,0,0,RHDELPCDHF,BDDHS2022360007,2022,DHS,1162.0,1144.0,,,
BGD,Rajshahi/Rangpur,2724492,Place of delivery: Health facility,65.7,1,BD,Bangladesh,2022,BD2022DHS,RH_DELP_C_DHF,83566070,I,360007,1360070,Region,Rajshahi/Rangpur,14002,Two years preceding the survey,0,1,RHDELPCDHF,BDDHS2022360007,2022,DHS,800.0,786.0,,,
BGD,Rangpur,2311362,Place of delivery: Health facility,60.5,1,BD,Bangladesh,2022,BD2022DHS,RH_DELP_C_DHF,83566070,I,360008,1360080,Region,..Rangpur,14000,Three years preceding the survey,0,0,RHDELPCDHF,BDDHS2022360008,2022,DHS,602.0,617.0,,,1.0
BGD,Rangpur,2311363,Place of delivery: Health facility,60.5,1,BD,Bangladesh,2022,BD2022DHS,RH_DELP_C_DHF,83566070,I,360008,1360080,Region,..Rangpur,14000,Three years preceding the survey,0,0,RHDELPCDHF,BDDHS2022360008,2022,DHS,602.0,617.0,,,1.0
BGD,Rangpur,6436654,Place of delivery: Health facility,61.8,1,BD,Bangladesh,2022,BD2022DHS,RH_DELP_C_DHF,83566070,I,360008,1360080,Region,..Rangpur,14002,Two years preceding the survey,0,1,RHDELPCDHF,BDDHS2022360008,2022,DHS,419.0,425.0,,,1.0
BGD,Rangpur,6436655,Place of delivery: Health facility,61.8,1,BD,Bangladesh,2022,BD2022DHS,RH_DELP_C_DHF,83566070,I,360008,1360080,Region,..Rangpur,14002,Two years preceding the survey,0,1,RHDELPCDHF,BDDHS2022360008,2022,DHS,419.0,425.0,,,1.0
BGD,Rajshahi,5066142,Place of delivery: Health facility,69.9,1,BD,Bangladesh,2022,BD2022DHS,RH_DELP_C_DHF,83566070,I,360009,1360090,Region,..Rajshahi,14000,Three years preceding the survey,0,0,RHDELPCDHF,BDDHS2022360009,2022,DHS,560.0,527.0,,,1.0
BGD,Rajshahi,5066141,Place of delivery: Health facility,69.9,1,BD,Bangladesh,2022,BD2022DHS,RH_DELP_C_DHF,83566070,I,360009,1360090,Region,..Rajshahi,14000,Three years preceding the survey,0,0,RHDELPCDHF,BDDHS2022360009,2022,DHS,560.0,527.0,,,1.0
BGD,Rajshahi,4640030,Place of delivery: Health facility,70.0,1,BD,Bangladesh,2022,BD2022DHS,RH_DELP_C_DHF,83566070,I,360009,1360090,Region,..Rajshahi,14002,Two years preceding the survey,0,1,RHDELPCDHF,BDDHS2022360009,2022,DHS,381.0,361.0,,,1.0
BGD,Rajshahi,4640031,Place of delivery: Health facility,70.0,1,BD,Bangladesh,2022,BD2022DHS,RH_DELP_C_DHF,83566070,I,360009,1360090,Region,..Rajshahi,14002,Two years preceding the survey,0,1,RHDELPCDHF,BDDHS2022360009,2022,DHS,381.0,361.0,,,1.0
BGD,Barishal,379801,Treatment of diarrhea: Either ORS or RHF,80.7,1,BD,Bangladesh,2022,BD2022DHS,CH_DIAT_C_ORT,94096040,I,360001,1360010,Region,Barishal,14000,Three years preceding the survey,0,0,CHDIATCORT,BDDHS2022360001,2022,DHS,21.0,36.0,,,1.0
BGD,Barishal,379802,Treatment of diarrhea: Either ORS or RHF,80.7,1,BD,Bangladesh,2022,BD2022DHS,CH_DIAT_C_ORT,94096040,I,360001,1360010,Region,Barishal,14000,Three years preceding the survey,0,0,CHDIATCORT,BDDHS2022360001,2022,DHS,21.0,36.0,,,1.0
BGD,Barishal,6188316,Treatment of diarrhea: Either ORS or RHF,81.0,1,BD,Bangladesh,2022,BD2022DHS,CH_DIAT_C_ORT,94096040,I,360001,1360010,Region,Barishal,14001,Five years preceding the survey,0,1,CHDIATCORT,BDDHS2022360001,2022,DHS,27.0,48.0,,,1.0
BGD,Barishal,6188317,Treatment of diarrhea: Either ORS or RHF,81.0,1,BD,Bangladesh,2022,BD2022DHS,CH_DIAT_C_ORT,94096040,I,360001,1360010,Region,Barishal,14001,Five years preceding the survey,0,1,CHDIATCORT,BDDHS2022360001,2022,DHS,27.0,48.0,,,1.0
BGD,Chattogram/Sylhet,2070672,Treatment of diarrhea: Either ORS or RHF,77.1,1,BD,Bangladesh,2022,BD2022DHS,CH_DIAT_C_ORT,94096040,I,360002,1360020,Region,Chattogram/Sylhet,14000,Three years preceding the survey,0,0,CHDIATCORT,BDDHS2022360002,2022,DHS,103.0,97.0,,,
BGD,Chattogram/Sylhet,2070695,Treatment of diarrhea: Either ORS or RHF,78.2,1,BD,Bangladesh,2022,BD2022DHS,CH_DIAT_C_ORT,94096040,I,360002,1360020,Region,Chattogram/Sylhet,14001,Five years preceding the survey,0,1,CHDIATCORT,BDDHS2022360002,2022,DHS,133.0,124.0,,,
BGD,Chattogram,5586267,Treatment of diarrhea: Either ORS or RHF,78.2,1,BD,Bangladesh,2022,BD2022DHS,CH_DIAT_C_ORT,94096040,I,360003,1360030,Region,..Chattogram,14000,Three years preceding the survey,0,0,CHDIATCORT,BDDHS2022360003,2022,DHS,88.0,69.0,,,1.0
BGD,Chattogram,5586268,Treatment of diarrhea: Either ORS or RHF,78.2,1,BD,Bangladesh,2022,BD2022DHS,CH_DIAT_C_ORT,94096040,I,360003,1360030,Region,..Chattogram,14000,Three years preceding the survey,0,0,CHDIATCORT,BDDHS2022360003,2022,DHS,88.0,69.0,,,1.0
BGD,Chattogram,7286530,Treatment of diarrhea: Either ORS or RHF,79.6,1,BD,Bangladesh,2022,BD2022DHS,CH_DIAT_C_ORT,94096040,I,360003,1360030,Region,..Chattogram,14001,Five years preceding the survey,0,1,CHDIATCORT,BDDHS2022360003,2022,DHS,114.0,89.0,,,1.0
BGD,Chattogram,7286531,Treatment of diarrhea: Either ORS or RHF,79.6,1,BD,Bangladesh,2022,BD2022DHS,CH_DIAT_C_ORT,94096040,I,360003,1360030,Region,..Chattogram,14001,Five years preceding the survey,0,1,CHDIATCORT,BDDHS2022360003,2022,DHS,114.0,89.0,,,1.0
BGD,Sylhet,2689323,Treatment of diarrhea: Either ORS or RHF,71.1,1,BD,Bangladesh,2022,BD2022DHS,CH_DIAT_C_ORT,94096040,I,360004,1360040,Region,..Sylhet,14000,Three years preceding the survey,0,0,CHDIATCORT,BDDHS2022360004,2022,DHS,15.0,28.0,,,1.0
BGD,Sylhet,2689324,Treatment of diarrhea: Either ORS or RHF,71.1,1,BD,Bangladesh,2022,BD2022DHS,CH_DIAT_C_ORT,94096040,I,360004,1360040,Region,..Sylhet,14000,Three years preceding the survey,0,0,CHDIATCORT,BDDHS2022360004,2022,DHS,15.0,28.0,,,1.0
BGD,Sylhet,5124786,Treatment of diarrhea: Either ORS or RHF,70.1,1,BD,Bangladesh,2022,BD2022DHS,CH_DIAT_C_ORT,94096040,I,360004,1360040,Region,..Sylhet,14001,Five years preceding the survey,0,1,CHDIATCORT,BDDHS2022360004,2022,DHS,19.0,35.0,,,1.0
BGD,Sylhet,5124787,Treatment of diarrhea: Either ORS or RHF,70.1,1,BD,Bangladesh,2022,BD2022DHS,CH_DIAT_C_ORT,94096040,I,360004,1360040,Region,..Sylhet,14001,Five years preceding the survey,0,1,CHDIATCORT,BDDHS2022360004,2022,DHS,19.0,35.0,,,1.0
BGD,Dhaka before 2015,6428019,Treatment of diarrhea: Either ORS or RHF,82.3,1,BD,Bangladesh,2022,BD2022DHS,CH_DIAT_C_ORT,94096040,I,360005,1360050,Region,Dhaka before 2015,14000,Three years preceding the survey,0,0,CHDIATCORT,BDDHS2022360005,2022,DHS,78.0,71.0,,,
BGD,Dhaka before 2015,7564674,Treatment of diarrhea: Either ORS or RHF,82.4,1,BD,Bangladesh,2022,BD2022DHS,CH_DIAT_C_ORT,94096040,I,360005,1360050,Region,Dhaka before 2015,14001,Five years preceding the survey,0,1,CHDIATCORT,BDDHS2022360005,2022,DHS,109.0,98.0,,,
BGD,Dhaka,598231,Treatment of diarrhea: Either ORS or RHF,87.2,1,BD,Bangladesh,2022,BD2022DHS,CH_DIAT_C_ORT,94096040,I,360010,1360052,Region,..Dhaka,14000,Three years preceding the survey,0,0,CHDIATCORT,BDDHS2022360010,2022,DHS,45.0,27.0,,,1.0
BGD,Dhaka,598230,Treatment of diarrhea: Either ORS or RHF,87.2,1,BD,Bangladesh,2022,BD2022DHS,CH_DIAT_C_ORT,94096040,I,360010,1360052,Region,..Dhaka,14000,Three years preceding the survey,0,0,CHDIATCORT,BDDHS2022360010,2022,DHS,45.0,27.0,,,1.0
BGD,Dhaka,7239222,Treatment of diarrhea: Either ORS or RHF,86.1,1,BD,Bangladesh,2022,BD2022DHS,CH_DIAT_C_ORT,94096040,I,360010,1360052,Region,..Dhaka,14001,Five years preceding the survey,0,1,CHDIATCORT,BDDHS2022360010,2022,DHS,64.0,38.0,,,1.0
BGD,Dhaka,7239223,Treatment of diarrhea: Either ORS or RHF,86.1,1,BD,Bangladesh,2022,BD2022DHS,CH_DIAT_C_ORT,94096040,I,360010,1360052,Region,..Dhaka,14001,Five years preceding the survey,0,1,CHDIATCORT,BDDHS2022360010,2022,DHS,64.0,38.0,,,1.0
BGD,Mymensingh,4045344,Treatment of diarrhea: Either ORS or RHF,75.5,1,BD,Bangladesh,2022,BD2022DHS,CH_DIAT_C_ORT,94096040,I,360011,1360055,Region,..Mymensingh,14000,Three years preceding the survey,0,0,CHDIATCORT,BDDHS2022360011,2022,DHS,32.0,44.0,,,1.0
BGD,Mymensingh,4045345,Treatment of diarrhea: Either ORS or RHF,75.5,1,BD,Bangladesh,2022,BD2022DHS,CH_DIAT_C_ORT,94096040,I,360011,1360055,Region,..Mymensingh,14000,Three years preceding the survey,0,0,CHDIATCORT,BDDHS2022360011,2022,DHS,32.0,44.0,,,1.0
BGD,Mymensingh,5771849,Treatment of diarrhea: Either ORS or RHF,77.1,1,BD,Bangladesh,2022,BD2022DHS,CH_DIAT_C_ORT,94096040,I,360011,1360055,Region,..Mymensingh,14001,Five years preceding the survey,0,1,CHDIATCORT,BDDHS2022360011,2022,DHS,45.0,60.0,,,1.0
BGD,Mymensingh,5771850,Treatment of diarrhea: Either ORS or RHF,77.1,1,BD,Bangladesh,2022,BD2022DHS,CH_DIAT_C_ORT,94096040,I,360011,1360055,Region,..Mymensingh,14001,Five years preceding the survey,0,1,CHDIATCORT,BDDHS2022360011,2022,DHS,45.0,60.0,,,1.0
BGD,Khulna,4777202,Treatment of diarrhea: Either ORS or RHF,89.7,1,BD,Bangladesh,2022,BD2022DHS,CH_DIAT_C_ORT,94096040,I,360006,1360060,Region,Khulna,14000,Three years preceding the survey,0,0,CHDIATCORT,BDDHS2022360006,2022,DHS,32.0,35.0,,,1.0
BGD,Khulna,4777203,Treatment of diarrhea: Either ORS or RHF,89.7,1,BD,Bangladesh,2022,BD2022DHS,CH_DIAT_C_ORT,94096040,I,360006,1360060,Region,Khulna,14000,Three years preceding the survey,0,0,CHDIATCORT,BDDHS2022360006,2022,DHS,32.0,35.0,,,1.0
BGD,Khulna,3399304,Treatment of diarrhea: Either ORS or RHF,90.0,1,BD,Bangladesh,2022,BD2022DHS,CH_DIAT_C_ORT,94096040,I,360006,1360060,Region,Khulna,14001,Five years preceding the survey,0,1,CHDIATCORT,BDDHS2022360006,2022,DHS,45.0,48.0,,,1.0
BGD,Khulna,3399303,Treatment of diarrhea: Either ORS or RHF,90.0,1,BD,Bangladesh,2022,BD2022DHS,CH_DIAT_C_ORT,94096040,I,360006,1360060,Region,Khulna,14001,Five years preceding the survey,0,1,CHDIATCORT,BDDHS2022360006,2022,DHS,45.0,48.0,,,1.0
BGD,Rajshahi/Rangpur,5687958,Treatment of diarrhea: Either ORS or RHF,53.3,1,BD,Bangladesh,2022,BD2022DHS,CH_DIAT_C_ORT,94096040,I,360007,1360070,Region,Rajshahi/Rangpur,14000,Three years preceding the survey,0,0,CHDIATCORT,BDDHS2022360007,2022,DHS,81.0,75.0,,,
BGD,Rajshahi/Rangpur,4202116,Treatment of diarrhea: Either ORS or RHF,56.9,1,BD,Bangladesh,2022,BD2022DHS,CH_DIAT_C_ORT,94096040,I,360007,1360070,Region,Rajshahi/Rangpur,14001,Five years preceding the survey,0,1,CHDIATCORT,BDDHS2022360007,2022,DHS,99.0,92.0,,,
BGD,Rangpur,328305,Treatment of diarrhea: Either ORS or RHF,46.1,1,BD,Bangladesh,2022,BD2022DHS,CH_DIAT_C_ORT,94096040,I,360008,1360080,Region,..Rangpur,14000,Three years preceding the survey,0,0,CHDIATCORT,BDDHS2022360008,2022,DHS,33.0,33.0,,,1.0
BGD,Rangpur,328304,Treatment of diarrhea: Either ORS or RHF,46.1,1,BD,Bangladesh,2022,BD2022DHS,CH_DIAT_C_ORT,94096040,I,360008,1360080,Region,..Rangpur,14000,Three years preceding the survey,0,0,CHDIATCORT,BDDHS2022360008,2022,DHS,33.0,33.0,,,1.0
BGD,Rangpur,3498135,Treatment of diarrhea: Either ORS or RHF,50.5,1,BD,Bangladesh,2022,BD2022DHS,CH_DIAT_C_ORT,94096040,I,360008,1360080,Region,..Rangpur,14001,Five years preceding the survey,0,1,CHDIATCORT,BDDHS2022360008,2022,DHS,39.0,39.0,,,1.0
BGD,Rangpur,3498136,Treatment of diarrhea: Either ORS or RHF,50.5,1,BD,Bangladesh,2022,BD2022DHS,CH_DIAT_C_ORT,94096040,I,360008,1360080,Region,..Rangpur,14001,Five years preceding the survey,0,1,CHDIATCORT,BDDHS2022360008,2022,DHS,39.0,39.0,,,1.0
BGD,Rajshahi,2076521,Treatment of diarrhea: Either ORS or RHF,58.3,1,BD,Bangladesh,2022,BD2022DHS,CH_DIAT_C_ORT,94096040,I,360009,1360090,Region,..Rajshahi,14000,Three years preceding the survey,0,0,CHDIATCORT,BDDHS2022360009,2022,DHS,48.0,42.0,,,1.0
BGD,Rajshahi,2076522,Treatment of diarrhea: Either ORS or RHF,58.3,1,BD,Bangladesh,2022,BD2022DHS,CH_DIAT_C_ORT,94096040,I,360009,1360090,Region,..Rajshahi,14000,Three years preceding the survey,0,0,CHDIATCORT,BDDHS2022360009,2022,DHS,48.0,42.0,,,1.0
BGD,Rajshahi,2076554,Treatment of diarrhea: Either ORS or RHF,61.1,1,BD,Bangladesh,2022,BD2022DHS,CH_DIAT_C_ORT,94096040,I,360009,1360090,Region,..Rajshahi,14001,Five years preceding the survey,0,1,CHDIATCORT,BDDHS2022360009,2022,DHS,59.0,53.0,,,1.0
BGD,Rajshahi,2076555,Treatment of diarrhea: Either ORS or RHF,61.1,1,BD,Bangladesh,2022,BD2022DHS,CH_DIAT_C_ORT,94096040,I,360009,1360090,Region,..Rajshahi,14001,Five years preceding the survey,0,1,CHDIATCORT,BDDHS2022360009,2022,DHS,59.0,53.0,,,1.0
BGD,Barishal,2372565,Children stunted,24.9,1,BD,Bangladesh,2022,BD2022DHS,CN_NUTS_C_HA2,104236020,I,360001,1360010,Region,Barishal,0,,0,1,CNNUTSCHA2,BDDHS2022360001,2022,DHS,295.0,496.0,,,1.0
BGD,Barishal,2372564,Children stunted,24.9,1,BD,Bangladesh,2022,BD2022DHS,CN_NUTS_C_HA2,104236020,I,360001,1360010,Region,Barishal,0,,0,1,CNNUTSCHA2,BDDHS2022360001,2022,DHS,295.0,496.0,,,1.0
BGD,Chattogram/Sylhet,67783,Children stunted,27.0,1,BD,Bangladesh,2022,BD2022DHS,CN_NUTS_C_HA2,104236020,I,360002,1360020,Region,Chattogram/Sylhet,0,,0,1,CNNUTSCHA2,BDDHS2022360002,2022,DHS,1247.0,1278.0,,,
BGD,Chattogram,6527994,Children stunted,24.7,1,BD,Bangladesh,2022,BD2022DHS,CN_NUTS_C_HA2,104236020,I,360003,1360030,Region,..Chattogram,0,,0,1,CNNUTSCHA2,BDDHS2022360003,2022,DHS,935.0,732.0,,,1.0
BGD,Chattogram,6527995,Children stunted,24.7,1,BD,Bangladesh,2022,BD2022DHS,CN_NUTS_C_HA2,104236020,I,360003,1360030,Region,..Chattogram,0,,0,1,CNNUTSCHA2,BDDHS2022360003,2022,DHS,935.0,732.0,,,1.0
BGD,Sylhet,4575279,Children stunted,33.9,1,BD,Bangladesh,2022,BD2022DHS,CN_NUTS_C_HA2,104236020,I,360004,1360040,Region,..Sylhet,0,,0,1,CNNUTSCHA2,BDDHS2022360004,2022,DHS,312.0,546.0,,,1.0
BGD,Sylhet,4575280,Children stunted,33.9,1,BD,Bangladesh,2022,BD2022DHS,CN_NUTS_C_HA2,104236020,I,360004,1360040,Region,..Sylhet,0,,0,1,CNNUTSCHA2,BDDHS2022360004,2022,DHS,312.0,546.0,,,1.0
BGD,Dhaka before 2015,6140373,Children stunted,23.2,1,BD,Bangladesh,2022,BD2022DHS,CN_NUTS_C_HA2,104236020,I,360005,1360050,Region,Dhaka before 2015,0,,0,1,CNNUTSCHA2,BDDHS2022360005,2022,DHS,1384.0,1132.0,,,
BGD,Dhaka,6591465,Children stunted,21.5,1,BD,Bangladesh,2022,BD2022DHS,CN_NUTS_C_HA2,104236020,I,360010,1360052,Region,..Dhaka,0,,0,1,CNNUTSCHA2,BDDHS2022360010,2022,DHS,1012.0,607.0,,,1.0
BGD,Dhaka,6591466,Children stunted,21.5,1,BD,Bangladesh,2022,BD2022DHS,CN_NUTS_C_HA2,104236020,I,360010,1360052,Region,..Dhaka,0,,0,1,CNNUTSCHA2,BDDHS2022360010,2022,DHS,1012.0,607.0,,,1.0
BGD,Mymensingh,3036752,Children stunted,27.7,1,BD,Bangladesh,2022,BD2022DHS,CN_NUTS_C_HA2,104236020,I,360011,1360055,Region,..Mymensingh,0,,0,1,CNNUTSCHA2,BDDHS2022360011,2022,DHS,373.0,525.0,,,1.0
BGD,Mymensingh,3036751,Children stunted,27.7,1,BD,Bangladesh,2022,BD2022DHS,CN_NUTS_C_HA2,104236020,I,360011,1360055,Region,..Mymensingh,0,,0,1,CNNUTSCHA2,BDDHS2022360011,2022,DHS,373.0,525.0,,,1.0
BGD,Khulna,3808157,Children stunted,19.0,1,BD,Bangladesh,2022,BD2022DHS,CN_NUTS_C_HA2,104236020,I,360006,1360060,Region,Khulna,0,,0,1,CNNUTSCHA2,BDDHS2022360006,2022,DHS,422.0,450.0,,,1.0
BGD,Khulna,3808158,Children stunted,19.0,1,BD,Bangladesh,2022,BD2022DHS,CN_NUTS_C_HA2,104236020,I,360006,1360060,Region,Khulna,0,,0,1,CNNUTSCHA2,BDDHS2022360006,2022,DHS,422.0,450.0,,,1.0
BGD,Rajshahi/Rangpur,135685,Children stunted,21.1,1,BD,Bangladesh,2022,BD2022DHS,CN_NUTS_C_HA2,104236020,I,360007,1360070,Region,Rajshahi/Rangpur,0,,0,1,CNNUTSCHA2,BDDHS2022360007,2022,DHS,904.0,904.0,,,
BGD,Rangpur,3999897,Children stunted,22.1,1,BD,Bangladesh,2022,BD2022DHS,CN_NUTS_C_HA2,104236020,I,360008,1360080,Region,..Rangpur,0,,0,1,CNNUTSCHA2,BDDHS2022360008,2022,DHS,473.0,491.0,,,1.0
BGD,Rangpur,3999898,Children stunted,22.1,1,BD,Bangladesh,2022,BD2022DHS,CN_NUTS_C_HA2,104236020,I,360008,1360080,Region,..Rangpur,0,,0,1,CNNUTSCHA2,BDDHS2022360008,2022,DHS,473.0,491.0,,,1.0
BGD,Rajshahi,6864678,Children stunted,20.0,1,BD,Bangladesh,2022,BD2022DHS,CN_NUTS_C_HA2,104236020,I,360009,1360090,Region,..Rajshahi,0,,0,1,CNNUTSCHA2,BDDHS2022360009,2022,DHS,430.0,413.0,,,1.0
BGD,Rajshahi,6864679,Children stunted,20.0,1,BD,Bangladesh,2022,BD2022DHS,CN_NUTS_C_HA2,104236020,I,360009,1360090,Region,..Rajshahi,0,,0,1,CNNUTSCHA2,BDDHS2022360009,2022,DHS,430.0,413.0,,,1.0
BGD,Barishal,5528503,Children wasted,14.1,1,BD,Bangladesh,2022,BD2022DHS,CN_NUTS_C_WH2,104236050,I,360001,1360010,Region,Barishal,0,,0,1,CNNUTSCWH2,BDDHS2022360001,2022,DHS,295.0,496.0,,,1.0
BGD,Barishal,5528504,Children wasted,14.1,1,BD,Bangladesh,2022,BD2022DHS,CN_NUTS_C_WH2,104236050,I,360001,1360010,Region,Barishal,0,,0,1,CNNUTSCWH2,BDDHS2022360001,2022,DHS,295.0,496.0,,,1.0
BGD,Chattogram/Sylhet,2600198,Children wasted,11.6,1,BD,Bangladesh,2022,BD2022DHS,CN_NUTS_C_WH2,104236050,I,360002,1360020,Region,Chattogram/Sylhet,0,,0,1,CNNUTSCWH2,BDDHS2022360002,2022,DHS,1247.0,1278.0,,,
BGD,Chattogram,4559271,Children wasted,11.4,1,BD,Bangladesh,2022,BD2022DHS,CN_NUTS_C_WH2,104236050,I,360003,1360030,Region,..Chattogram,0,,0,1,CNNUTSCWH2,BDDHS2022360003,2022,DHS,935.0,732.0,,,1.0
BGD,Chattogram,4559272,Children wasted,11.4,1,BD,Bangladesh,2022,BD2022DHS,CN_NUTS_C_WH2,104236050,I,360003,1360030,Region,..Chattogram,0,,0,1,CNNUTSCWH2,BDDHS2022360003,2022,DHS,935.0,732.0,,,1.0
BGD,Sylhet,6604147,Children wasted,12.2,1,BD,Bangladesh,2022,BD2022DHS,CN_NUTS_C_WH2,104236050,I,360004,1360040,Region,..Sylhet,0,,0,1,CNNUTSCWH2,BDDHS2022360004,2022,DHS,312.0,546.0,,,1.0
BGD,Sylhet,6604148,Children wasted,12.2,1,BD,Bangladesh,2022,BD2022DHS,CN_NUTS_C_WH2,104236050,I,360004,1360040,Region,..Sylhet,0,,0,1,CNNUTSCWH2,BDDHS2022360004,2022,DHS,312.0,546.0,,,1.0
BGD,Dhaka before 2015,6538458,Children wasted,10.0,1,BD,Bangladesh,2022,BD2022DHS,CN_NUTS_C_WH2,104236050,I,360005,1360050,Region,Dhaka before 2015,0,,0,1,CNNUTSCWH2,BDDHS2022360005,2022,DHS,1387.0,1133.0,,,
BGD,Dhaka,2377902,Children wasted,8.9,1,BD,Bangladesh,2022,BD2022DHS,CN_NUTS_C_WH2,104236050,I,360010,1360052,Region,..Dhaka,0,,0,1,CNNUTSCWH2,BDDHS2022360010,2022,DHS,1014.0,608.0,,,1.0
BGD,Dhaka,2377903,Children wasted,8.9,1,BD,Bangladesh,2022,BD2022DHS,CN_NUTS_C_WH2,104236050,I,360010,1360052,Region,..Dhaka,0,,0,1,CNNUTSCWH2,BDDHS2022360010,2022,DHS,1014.0,608.0,,,1.0
BGD,Mymensingh,6298669,Children wasted,12.8,1,BD,Bangladesh,2022,BD2022DHS,CN_NUTS_C_WH2,104236050,I,360011,1360055,Region,..Mymensingh,0,,0,1,CNNUTSCWH2,BDDHS2022360011,2022,DHS,373.0,525.0,,,1.0
BGD,Mymensingh,6298670,Children wasted,12.8,1,BD,Bangladesh,2022,BD2022DHS,CN_NUTS_C_WH2,104236050,I,360011,1360055,Region,..Mymensingh,0,,0,1,CNNUTSCWH2,BDDHS2022360011,2022,DHS,373.0,525.0,,,1.0
BGD,Khulna,5622161,Children wasted,10.3,1,BD,Bangladesh,2022,BD2022DHS,CN_NUTS_C_WH2,104236050,I,360006,1360060,Region,Khulna,0,,0,1,CNNUTSCWH2,BDDHS2022360006,2022,DHS,422.0,450.0,,,1.0
BGD,Khulna,5622162,Children wasted,10.3,1,BD,Bangladesh,2022,BD2022DHS,CN_NUTS_C_WH2,104236050,I,360006,1360060,Region,Khulna,0,,0,1,CNNUTSCWH2,BDDHS2022360006,2022,DHS,422.0,450.0,,,1.0
BGD,Rajshahi/Rangpur,3851852,Children wasted,11.0,1,BD,Bangladesh,2022,BD2022DHS,CN_NUTS_C_WH2,104236050,I,360007,1360070,Region,Rajshahi/Rangpur,0,,0,1,CNNUTSCWH2,BDDHS2022360007,2022,DHS,903.0,903.0,,,
BGD,Rangpur,6981342,Children wasted,11.1,1,BD,Bangladesh,2022,BD2022DHS,CN_NUTS_C_WH2,104236050,I,360008,1360080,Region,..Rangpur,0,,0,1,CNNUTSCWH2,BDDHS2022360008,2022,DHS,474.0,491.0,,,1.0
BGD,Rangpur,6981343,Children wasted,11.1,1,BD,Bangladesh,2022,BD2022DHS,CN_NUTS_C_WH2,104236050,I,360008,1360080,Region,..Rangpur,0,,0,1,CNNUTSCWH2,BDDHS2022360008,2022,DHS,474.0,491.0,,,1.0
BGD,Rajshahi,2384955,Children wasted,11.0,1,BD,Bangladesh,2022,BD2022DHS,CN_NUTS_C_WH2,104236050,I,360009,1360090,Region,..Rajshahi,0,,0,1,CNNUTSCWH2,BDDHS2022360009,2022,DHS,430.0,412.0,,,1.0
BGD,Rajshahi,2384954,Children wasted,11.0,1,BD,Bangladesh,2022,BD2022DHS,CN_NUTS_C_WH2,104236050,I,360009,1360090,Region,..Rajshahi,0,,0,1,CNNUTSCWH2,BDDHS2022360009,2022,DHS,430.0,412.0,,,1.0
BGD,Barishal,5965063,Children underweight,25.7,1,BD,Bangladesh,2022,BD2022DHS,CN_NUTS_C_WA2,104236090,I,360001,1360010,Region,Barishal,0,,0,1,CNNUTSCWA2,BDDHS2022360001,2022,DHS,297.0,500.0,,,1.0
BGD,Barishal,5965064,Children underweight,25.7,1,BD,Bangladesh,2022,BD2022DHS,CN_NUTS_C_WA2,104236090,I,360001,1360010,Region,Barishal,0,,0,1,CNNUTSCWA2,BDDHS2022360001,2022,DHS,297.0,500.0,,,1.0
BGD,Chattogram/Sylhet,3983304,Children underweight,25.5,1,BD,Bangladesh,2022,BD2022DHS,CN_NUTS_C_WA2,104236090,I,360002,1360020,Region,Chattogram/Sylhet,0,,0,1,CNNUTSCWA2,BDDHS2022360002,2022,DHS,1259.0,1292.0,,,
BGD,Chattogram,5732420,Children underweight,23.4,1,BD,Bangladesh,2022,BD2022DHS,CN_NUTS_C_WA2,104236090,I,360003,1360030,Region,..Chattogram,0,,0,1,CNNUTSCWA2,BDDHS2022360003,2022,DHS,942.0,737.0,,,1.0
BGD,Chattogram,5732421,Children underweight,23.4,1,BD,Bangladesh,2022,BD2022DHS,CN_NUTS_C_WA2,104236090,I,360003,1360030,Region,..Chattogram,0,,0,1,CNNUTSCWA2,BDDHS2022360003,2022,DHS,942.0,737.0,,,1.0
BGD,Sylhet,3832847,Children underweight,31.7,1,BD,Bangladesh,2022,BD2022DHS,CN_NUTS_C_WA2,104236090,I,360004,1360040,Region,..Sylhet,0,,0,1,CNNUTSCWA2,BDDHS2022360004,2022,DHS,317.0,555.0,,,1.0
BGD,Sylhet,3832846,Children underweight,31.7,1,BD,Bangladesh,2022,BD2022DHS,CN_NUTS_C_WA2,104236090,I,360004,1360040,Region,..Sylhet,0,,0,1,CNNUTSCWA2,BDDHS2022360004,2022,DHS,317.0,555.0,,,1.0
BGD,Dhaka before 2015,971061,Children underweight,20.2,1,BD,Bangladesh,2022,BD2022DHS,CN_NUTS_C_WA2,104236090,I,360005,1360050,Region,Dhaka before 2015,0,,0,1,CNNUTSCWA2,BDDHS2022360005,2022,DHS,1410.0,1148.0,,,
BGD,Dhaka,5259332,Children underweight,18.6,1,BD,Bangladesh,2022,BD2022DHS,CN_NUTS_C_WA2,104236090,I,360010,1360052,Region,..Dhaka,0,,0,1,CNNUTSCWA2,BDDHS2022360010,2022,DHS,1035.0,620.0,,,1.0
BGD,Dhaka,5259333,Children underweight,18.6,1,BD,Bangladesh,2022,BD2022DHS,CN_NUTS_C_WA2,104236090,I,360010,1360052,Region,..Dhaka,0,,0,1,CNNUTSCWA2,BDDHS2022360010,2022,DHS,1035.0,620.0,,,1.0
BGD,Mymensingh,3300240,Children underweight,24.7,1,BD,Bangladesh,2022,BD2022DHS,CN_NUTS_C_WA2,104236090,I,360011,1360055,Region,..Mymensingh,0,,0,1,CNNUTSCWA2,BDDHS2022360011,2022,DHS,375.0,528.0,,,1.0
BGD,Mymensingh,3300241,Children underweight,24.7,1,BD,Bangladesh,2022,BD2022DHS,CN_NUTS_C_WA2,104236090,I,360011,1360055,Region,..Mymensingh,0,,0,1,CNNUTSCWA2,BDDHS2022360011,2022,DHS,375.0,528.0,,,1.0
BGD,Khulna,3471806,Children underweight,18.7,1,BD,Bangladesh,2022,BD2022DHS,CN_NUTS_C_WA2,104236090,I,360006,1360060,Region,Khulna,0,,0,1,CNNUTSCWA2,BDDHS2022360006,2022,DHS,426.0,455.0,,,1.0
BGD,Khulna,3471807,Children underweight,18.7,1,BD,Bangladesh,2022,BD2022DHS,CN_NUTS_C_WA2,104236090,I,360006,1360060,Region,Khulna,0,,0,1,CNNUTSCWA2,BDDHS2022360006,2022,DHS,426.0,455.0,,,1.0
BGD,Rajshahi/Rangpur,4513733,Children underweight,21.6,1,BD,Bangladesh,2022,BD2022DHS,CN_NUTS_C_WA2,104236090,I,360007,1360070,Region,Rajshahi/Rangpur,0,,0,1,CNNUTSCWA2,BDDHS2022360007,2022,DHS,921.0,921.0,,,
BGD,Rangpur,7120941,Children underweight,24.6,1,BD,Bangladesh,2022,BD2022DHS,CN_NUTS_C_WA2,104236090,I,360008,1360080,Region,..Rangpur,0,,0,1,CNNUTSCWA2,BDDHS2022360008,2022,DHS,481.0,500.0,,,1.0
BGD,Rangpur,7120942,Children underweight,24.6,1,BD,Bangladesh,2022,BD2022DHS,CN_NUTS_C_WA2,104236090,I,360008,1360080,Region,..Rangpur,0,,0,1,CNNUTSCWA2,BDDHS2022360008,2022,DHS,481.0,500.0,,,1.0
BGD,Rajshahi,2384960,Children underweight,18.2,1,BD,Bangladesh,2022,BD2022DHS,CN_NUTS_C_WA2,104236090,I,360009,1360090,Region,..Rajshahi,0,,0,1,CNNUTSCWA2,BDDHS2022360009,2022,DHS,440.0,421.0,,,1.0
BGD,Rajshahi,2384961,Children underweight,18.2,1,BD,Bangladesh,2022,BD2022DHS,CN_NUTS_C_WA2,104236090,I,360009,1360090,Region,..Rajshahi,0,,0,1,CNNUTSCWA2,BDDHS2022360009,2022,DHS,440.0,421.0,,,1.0
BGD,Barishal,2372639,Median duration of exclusive breastfeeding,2.4,1,BD,Bangladesh,2022,BD2022DHS,CN_BFDR_C_MDE,104336020,I,360001,1360010,Region,Barishal,0,,0,1,CNBFDRCMDE,BDDHS2022360001,2022,DHS,,,,,1.0
BGD,Barishal,2372640,Median duration of exclusive breastfeeding,2.4,1,BD,Bangladesh,2022,BD2022DHS,CN_BFDR_C_MDE,104336020,I,360001,1360010,Region,Barishal,0,,0,1,CNBFDRCMDE,BDDHS2022360001,2022,DHS,,,,,1.0
BGD,Chattogram/Sylhet,2372645,Median duration of exclusive breastfeeding,3.8,1,BD,Bangladesh,2022,BD2022DHS,CN_BFDR_C_MDE,104336020,I,360002,1360020,Region,Chattogram/Sylhet,0,,0,1,CNBFDRCMDE,BDDHS2022360002,2022,DHS,,,,,
BGD,Chattogram,2372685,Median duration of exclusive breastfeeding,4.1,1,BD,Bangladesh,2022,BD2022DHS,CN_BFDR_C_MDE,104336020,I,360003,1360030,Region,..Chattogram,0,,0,1,CNBFDRCMDE,BDDHS2022360003,2022,DHS,,,,,1.0
BGD,Chattogram,2372686,Median duration of exclusive breastfeeding,4.1,1,BD,Bangladesh,2022,BD2022DHS,CN_BFDR_C_MDE,104336020,I,360003,1360030,Region,..Chattogram,0,,0,1,CNBFDRCMDE,BDDHS2022360003,2022,DHS,,,,,1.0
BGD,Sylhet,6208211,Median duration of exclusive breastfeeding,3.1,1,BD,Bangladesh,2022,BD2022DHS,CN_BFDR_C_MDE,104336020,I,360004,1360040,Region,..Sylhet,0,,0,1,CNBFDRCMDE,BDDHS2022360004,2022,DHS,,,,,1.0
BGD,Sylhet,6208210,Median duration of exclusive breastfeeding,3.1,1,BD,Bangladesh,2022,BD2022DHS,CN_BFDR_C_MDE,104336020,I,360004,1360040,Region,..Sylhet,0,,0,1,CNBFDRCMDE,BDDHS2022360004,2022,DHS,,,,,1.0
BGD,Dhaka before 2015,2377949,Median duration of exclusive breastfeeding,2.4,1,BD,Bangladesh,2022,BD2022DHS,CN_BFDR_C_MDE,104336020,I,360005,1360050,Region,Dhaka before 2015,0,,0,1,CNBFDRCMDE,BDDHS2022360005,2022,DHS,,,,,
BGD,Dhaka,2377935,Median duration of exclusive breastfeeding,2.6,1,BD,Bangladesh,2022,BD2022DHS,CN_BFDR_C_MDE,104336020,I,360010,1360052,Region,..Dhaka,0,,0,1,CNBFDRCMDE,BDDHS2022360010,2022,DHS,,,,,1.0
BGD,Dhaka,2377936,Median duration of exclusive breastfeeding,2.6,1,BD,Bangladesh,2022,BD2022DHS,CN_BFDR_C_MDE,104336020,I,360010,1360052,Region,..Dhaka,0,,0,1,CNBFDRCMDE,BDDHS2022360010,2022,DHS,,,,,1.0
BGD,Mymensingh,2385015,Median duration of exclusive breastfeeding,1.7,1,BD,Bangladesh,2022,BD2022DHS,CN_BFDR_C_MDE,104336020,I,360011,1360055,Region,..Mymensingh,0,,0,1,CNBFDRCMDE,BDDHS2022360011,2022,DHS,,,,,1.0
BGD,Mymensingh,2385016,Median duration of exclusive breastfeeding,1.7,1,BD,Bangladesh,2022,BD2022DHS,CN_BFDR_C_MDE,104336020,I,360011,1360055,Region,..Mymensingh,0,,0,1,CNBFDRCMDE,BDDHS2022360011,2022,DHS,,,,,1.0
BGD,Khulna,2363509,Median duration of exclusive breastfeeding,3.0,1,BD,Bangladesh,2022,BD2022DHS,CN_BFDR_C_MDE,104336020,I,360006,1360060,Region,Khulna,0,,0,1,CNBFDRCMDE,BDDHS2022360006,2022,DHS,,,,,1.0
BGD,Khulna,2363510,Median duration of exclusive breastfeeding,3.0,1,BD,Bangladesh,2022,BD2022DHS,CN_BFDR_C_MDE,104336020,I,360006,1360060,Region,Khulna,0,,0,1,CNBFDRCMDE,BDDHS2022360006,2022,DHS,,,,,1.0
BGD,Rajshahi/Rangpur,2377939,Median duration of exclusive breastfeeding,3.5,1,BD,Bangladesh,2022,BD2022DHS,CN_BFDR_C_MDE,104336020,I,360007,1360070,Region,Rajshahi/Rangpur,0,,0,1,CNBFDRCMDE,BDDHS2022360007,2022,DHS,,,,,
BGD,Rangpur,2363534,Median duration of exclusive breastfeeding,3.4,1,BD,Bangladesh,2022,BD2022DHS,CN_BFDR_C_MDE,104336020,I,360008,1360080,Region,..Rangpur,0,,0,1,CNBFDRCMDE,BDDHS2022360008,2022,DHS,,,,,1.0
BGD,Rangpur,2363535,Median duration of exclusive breastfeeding,3.4,1,BD,Bangladesh,2022,BD2022DHS,CN_BFDR_C_MDE,104336020,I,360008,1360080,Region,..Rangpur,0,,0,1,CNBFDRCMDE,BDDHS2022360008,2022,DHS,,,,,1.0
BGD,Rajshahi,6693861,Median duration of exclusive breastfeeding,3.6,1,BD,Bangladesh,2022,BD2022DHS,CN_BFDR_C_MDE,104336020,I,360009,1360090,Region,..Rajshahi,0,,0,1,CNBFDRCMDE,BDDHS2022360009,2022,DHS,,,,,1.0
BGD,Rajshahi,6693862,Median duration of exclusive breastfeeding,3.6,1,BD,Bangladesh,2022,BD2022DHS,CN_BFDR_C_MDE,104336020,I,360009,1360090,Region,..Rajshahi,0,,0,1,CNBFDRCMDE,BDDHS2022360009,2022,DHS,,,,,1.0
BGD,Barishal,2568506,Women with secondary or higher education,61.7,1,BD,Bangladesh,2022,BD2022DHS,ED_EDUC_W_SEH,231203100,I,360001,1360010,Region,Barishal,0,,0,1,EDEDUCWSEH,BDDHS2022360001,2022,DHS,1825.0,3232.0,,,1.0
BGD,Barishal,2568507,Women with secondary or higher education,61.7,1,BD,Bangladesh,2022,BD2022DHS,ED_EDUC_W_SEH,231203100,I,360001,1360010,Region,Barishal,0,,0,1,EDEDUCWSEH,BDDHS2022360001,2022,DHS,1825.0,3232.0,,,1.0
BGD,Chattogram/Sylhet,6335928,Women with secondary or higher education,57.8,1,BD,Bangladesh,2022,BD2022DHS,ED_EDUC_W_SEH,231203100,I,360002,1360020,Region,Chattogram/Sylhet,0,,0,1,EDEDUCWSEH,BDDHS2022360002,2022,DHS,7321.0,7669.0,,,
BGD,Chattogram,693834,Women with secondary or higher education,61.0,1,BD,Bangladesh,2022,BD2022DHS,ED_EDUC_W_SEH,231203100,I,360003,1360030,Region,..Chattogram,0,,0,1,EDEDUCWSEH,BDDHS2022360003,2022,DHS,5585.0,4461.0,,,1.0
BGD,Chattogram,693833,Women with secondary or higher education,61.0,1,BD,Bangladesh,2022,BD2022DHS,ED_EDUC_W_SEH,231203100,I,360003,1360030,Region,..Chattogram,0,,0,1,EDEDUCWSEH,BDDHS2022360003,2022,DHS,5585.0,4461.0,,,1.0
BGD,Sylhet,1977412,Women with secondary or higher education,47.6,1,BD,Bangladesh,2022,BD2022DHS,ED_EDUC_W_SEH,231203100,I,360004,1360040,Region,..Sylhet,0,,0,1,EDEDUCWSEH,BDDHS2022360004,2022,DHS,1736.0,3208.0,,,1.0
BGD,Sylhet,1977413,Women with secondary or higher education,47.6,1,BD,Bangladesh,2022,BD2022DHS,ED_EDUC_W_SEH,231203100,I,360004,1360040,Region,..Sylhet,0,,0,1,EDEDUCWSEH,BDDHS2022360004,2022,DHS,1736.0,3208.0,,,1.0
BGD,Dhaka before 2015,7002774,Women with secondary or higher education,59.0,1,BD,Bangladesh,2022,BD2022DHS,ED_EDUC_W_SEH,231203100,I,360005,1360050,Region,Dhaka before 2015,0,,0,1,EDEDUCWSEH,BDDHS2022360005,2022,DHS,9942.0,7809.0,,,
BGD,Dhaka,569530,Women with secondary or higher education,61.4,1,BD,Bangladesh,2022,BD2022DHS,ED_EDUC_W_SEH,231203100,I,360010,1360052,Region,..Dhaka,0,,0,1,EDEDUCWSEH,BDDHS2022360010,2022,DHS,7637.0,4554.0,,,1.0
BGD,Dhaka,569531,Women with secondary or higher education,61.4,1,BD,Bangladesh,2022,BD2022DHS,ED_EDUC_W_SEH,231203100,I,360010,1360052,Region,..Dhaka,0,,0,1,EDEDUCWSEH,BDDHS2022360010,2022,DHS,7637.0,4554.0,,,1.0
BGD,Mymensingh,4876721,Women with secondary or higher education,51.3,1,BD,Bangladesh,2022,BD2022DHS,ED_EDUC_W_SEH,231203100,I,360011,1360055,Region,..Mymensingh,0,,0,1,EDEDUCWSEH,BDDHS2022360011,2022,DHS,2305.0,3255.0,,,1.0
BGD,Mymensingh,4876722,Women with secondary or higher education,51.3,1,BD,Bangladesh,2022,BD2022DHS,ED_EDUC_W_SEH,231203100,I,360011,1360055,Region,..Mymensingh,0,,0,1,EDEDUCWSEH,BDDHS2022360011,2022,DHS,2305.0,3255.0,,,1.0
BGD,Khulna,526499,Women with secondary or higher education,65.9,1,BD,Bangladesh,2022,BD2022DHS,ED_EDUC_W_SEH,231203100,I,360006,1360060,Region,Khulna,0,,0,1,EDEDUCWSEH,BDDHS2022360006,2022,DHS,3602.0,3928.0,,,1.0
BGD,Khulna,526500,Women with secondary or higher education,65.9,1,BD,Bangladesh,2022,BD2022DHS,ED_EDUC_W_SEH,231203100,I,360006,1360060,Region,Khulna,0,,0,1,EDEDUCWSEH,BDDHS2022360006,2022,DHS,3602.0,3928.0,,,1.0
BGD,Rajshahi/Rangpur,4594879,Women with secondary or higher education,57.8,1,BD,Bangladesh,2022,BD2022DHS,ED_EDUC_W_SEH,231203100,I,360007,1360070,Region,Rajshahi/Rangpur,0,,0,1,EDEDUCWSEH,BDDHS2022360007,2022,DHS,7387.0,7440.0,,,
BGD,Rangpur,6266791,Women with secondary or higher education,56.6,1,BD,Bangladesh,2022,BD2022DHS,ED_EDUC_W_SEH,231203100,I,360008,1360080,Region,..Rangpur,0,,0,1,EDEDUCWSEH,BDDHS2022360008,2022,DHS,3452.0,3624.0,,,1.0
BGD,Rangpur,6266792,Women with secondary or higher education,56.6,1,BD,Bangladesh,2022,BD2022DHS,ED_EDUC_W_SEH,231203100,I,360008,1360080,Region,..Rangpur,0,,0,1,EDEDUCWSEH,BDDHS2022360008,2022,DHS,3452.0,3624.0,,,1.0
BGD,Rajshahi,6204059,Women with secondary or higher education,58.8,1,BD,Bangladesh,2022,BD2022DHS,ED_EDUC_W_SEH,231203100,I,360009,1360090,Region,..Rajshahi,0,,0,1,EDEDUCWSEH,BDDHS2022360009,2022,DHS,3935.0,3816.0,,,1.0
BGD,Rajshahi,6204060,Women with secondary or higher education,58.8,1,BD,Bangladesh,2022,BD2022DHS,ED_EDUC_W_SEH,231203100,I,360009,1360090,Region,..Rajshahi,0,,0,1,EDEDUCWSEH,BDDHS2022360009,2022,DHS,3935.0,3816.0,,,1.0
BGD,Barishal,5363009,Women who are literate,84.2,1,BD,Bangladesh,2022,BD2022DHS,ED_LITR_W_LIT,231233090,I,360001,1360010,Region,Barishal,0,,0,1,EDLITRWLIT,BDDHS2022360001,2022,DHS,1825.0,3232.0,,,1.0
BGD,Barishal,5363010,Women who are literate,84.2,1,BD,Bangladesh,2022,BD2022DHS,ED_LITR_W_LIT,231233090,I,360001,1360010,Region,Barishal,0,,0,1,EDLITRWLIT,BDDHS2022360001,2022,DHS,1825.0,3232.0,,,1.0
BGD,Chattogram/Sylhet,1970481,Women who are literate,76.6,1,BD,Bangladesh,2022,BD2022DHS,ED_LITR_W_LIT,231233090,I,360002,1360020,Region,Chattogram/Sylhet,0,,0,1,EDLITRWLIT,BDDHS2022360002,2022,DHS,7321.0,7669.0,,,
BGD,Chattogram,6853549,Women who are literate,77.5,1,BD,Bangladesh,2022,BD2022DHS,ED_LITR_W_LIT,231233090,I,360003,1360030,Region,..Chattogram,0,,0,1,EDLITRWLIT,BDDHS2022360003,2022,DHS,5585.0,4461.0,,,1.0
BGD,Chattogram,6853550,Women who are literate,77.5,1,BD,Bangladesh,2022,BD2022DHS,ED_LITR_W_LIT,231233090,I,360003,1360030,Region,..Chattogram,0,,0,1,EDLITRWLIT,BDDHS2022360003,2022,DHS,5585.0,4461.0,,,1.0
BGD,Sylhet,1977479,Women who are literate,73.8,1,BD,Bangladesh,2022,BD2022DHS,ED_LITR_W_LIT,231233090,I,360004,1360040,Region,..Sylhet,0,,0,1,EDLITRWLIT,BDDHS2022360004,2022,DHS,1736.0,3208.0,,,1.0
BGD,Sylhet,1977480,Women who are literate,73.8,1,BD,Bangladesh,2022,BD2022DHS,ED_LITR_W_LIT,231233090,I,360004,1360040,Region,..Sylhet,0,,0,1,EDLITRWLIT,BDDHS2022360004,2022,DHS,1736.0,3208.0,,,1.0
BGD,Dhaka before 2015,6566350,Women who are literate,79.0,1,BD,Bangladesh,2022,BD2022DHS,ED_LITR_W_LIT,231233090,I,360005,1360050,Region,Dhaka before 2015,0,,0,1,EDLITRWLIT,BDDHS2022360005,2022,DHS,9942.0,7809.0,,,
BGD,Dhaka,3479955,Women who are literate,81.1,1,BD,Bangladesh,2022,BD2022DHS,ED_LITR_W_LIT,231233090,I,360010,1360052,Region,..Dhaka,0,,0,1,EDLITRWLIT,BDDHS2022360010,2022,DHS,7637.0,4554.0,,,1.0
BGD,Dhaka,3479956,Women who are literate,81.1,1,BD,Bangladesh,2022,BD2022DHS,ED_LITR_W_LIT,231233090,I,360010,1360052,Region,..Dhaka,0,,0,1,EDLITRWLIT,BDDHS2022360010,2022,DHS,7637.0,4554.0,,,1.0
BGD,Mymensingh,4621059,Women who are literate,72.0,1,BD,Bangladesh,2022,BD2022DHS,ED_LITR_W_LIT,231233090,I,360011,1360055,Region,..Mymensingh,0,,0,1,EDLITRWLIT,BDDHS2022360011,2022,DHS,2305.0,3255.0,,,1.0
BGD,Mymensingh,4621060,Women who are literate,72.0,1,BD,Bangladesh,2022,BD2022DHS,ED_LITR_W_LIT,231233090,I,360011,1360055,Region,..Mymensingh,0,,0,1,EDLITRWLIT,BDDHS2022360011,2022,DHS,2305.0,3255.0,,,1.0
BGD,Khulna,3898562,Women who are literate,80.9,1,BD,Bangladesh,2022,BD2022DHS,ED_LITR_W_LIT,231233090,I,360006,1360060,Region,Khulna,0,,0,1,EDLITRWLIT,BDDHS2022360006,2022,DHS,3602.0,3928.0,,,1.0
BGD,Khulna,3898563,Women who are literate,80.9,1,BD,Bangladesh,2022,BD2022DHS,ED_LITR_W_LIT,231233090,I,360006,1360060,Region,Khulna,0,,0,1,EDLITRWLIT,BDDHS2022360006,2022,DHS,3602.0,3928.0,,,1.0
BGD,Rajshahi/Rangpur,1959784,Women who are literate,75.8,1,BD,Bangladesh,2022,BD2022DHS,ED_LITR_W_LIT,231233090,I,360007,1360070,Region,Rajshahi/Rangpur,0,,0,1,EDLITRWLIT,BDDHS2022360007,2022,DHS,7387.0,7440.0,,,
BGD,Rangpur,170518,Women who are literate,73.1,1,BD,Bangladesh,2022,BD2022DHS,ED_LITR_W_LIT,231233090,I,360008,1360080,Region,..Rangpur,0,,0,1,EDLITRWLIT,BDDHS2022360008,2022,DHS,3452.0,3624.0,,,1.0
BGD,Rangpur,170519,Women who are literate,73.1,1,BD,Bangladesh,2022,BD2022DHS,ED_LITR_W_LIT,231233090,I,360008,1360080,Region,..Rangpur,0,,0,1,EDLITRWLIT,BDDHS2022360008,2022,DHS,3452.0,3624.0,,,1.0
BGD,Rajshahi,1976497,Women who are literate,78.1,1,BD,Bangladesh,2022,BD2022DHS,ED_LITR_W_LIT,231233090,I,360009,1360090,Region,..Rajshahi,0,,0,1,EDLITRWLIT,BDDHS2022360009,2022,DHS,3935.0,3816.0,,,1.0
BGD,Rajshahi,1976498,Women who are literate,78.1,1,BD,Bangladesh,2022,BD2022DHS,ED_LITR_W_LIT,231233090,I,360009,1360090,Region,..Rajshahi,0,,0,1,EDLITRWLIT,BDDHS2022360009,2022,DHS,3935.0,3816.0,,,1.0
BGD,Barishal,3634506,Households with electricity,99.5,1,BD,Bangladesh,2022,BD2022DHS,HC_ELEC_H_ELC,260321010,I,360001,1360010,Region,Barishal,0,,0,1,HCELECHELC,BDDHS2022360001,2022,DHS,1791.0,3166.0,,,1.0
BGD,Barishal,3634507,Households with electricity,99.5,1,BD,Bangladesh,2022,BD2022DHS,HC_ELEC_H_ELC,260321010,I,360001,1360010,Region,Barishal,0,,0,1,HCELECHELC,BDDHS2022360001,2022,DHS,1791.0,3166.0,,,1.0
BGD,Chattogram/Sylhet,5135982,Households with electricity,98.7,1,BD,Bangladesh,2022,BD2022DHS,HC_ELEC_H_ELC,260321010,I,360002,1360020,Region,Chattogram/Sylhet,0,,0,1,HCELECHELC,BDDHS2022360002,2022,DHS,6927.0,7322.0,,,
BGD,Chattogram,4702874,Households with electricity,98.7,1,BD,Bangladesh,2022,BD2022DHS,HC_ELEC_H_ELC,260321010,I,360003,1360030,Region,..Chattogram,0,,0,1,HCELECHELC,BDDHS2022360003,2022,DHS,5239.0,4194.0,,,1.0
BGD,Chattogram,4702875,Households with electricity,98.7,1,BD,Bangladesh,2022,BD2022DHS,HC_ELEC_H_ELC,260321010,I,360003,1360030,Region,..Chattogram,0,,0,1,HCELECHELC,BDDHS2022360003,2022,DHS,5239.0,4194.0,,,1.0
BGD,Sylhet,7308706,Households with electricity,98.8,1,BD,Bangladesh,2022,BD2022DHS,HC_ELEC_H_ELC,260321010,I,360004,1360040,Region,..Sylhet,0,,0,1,HCELECHELC,BDDHS2022360004,2022,DHS,1688.0,3128.0,,,1.0
BGD,Sylhet,7308707,Households with electricity,98.8,1,BD,Bangladesh,2022,BD2022DHS,HC_ELEC_H_ELC,260321010,I,360004,1360040,Region,..Sylhet,0,,0,1,HCELECHELC,BDDHS2022360004,2022,DHS,1688.0,3128.0,,,1.0
BGD,Dhaka before 2015,1959402,Households with electricity,99.6,1,BD,Bangladesh,2022,BD2022DHS,HC_ELEC_H_ELC,260321010,I,360005,1360050,Region,Dhaka before 2015,0,,0,1,HCELECHELC,BDDHS2022360005,2022,DHS,10072.0,7968.0,,,
BGD,Dhaka,6308577,Households with electricity,99.7,1,BD,Bangladesh,2022,BD2022DHS,HC_ELEC_H_ELC,260321010,I,360010,1360052,Region,..Dhaka,0,,0,1,HCELECHELC,BDDHS2022360010,2022,DHS,7671.0,4605.0,,,1.0
BGD,Dhaka,6308576,Households with electricity,99.7,1,BD,Bangladesh,2022,BD2022DHS,HC_ELEC_H_ELC,260321010,I,360010,1360052,Region,..Dhaka,0,,0,1,HCELECHELC,BDDHS2022360010,2022,DHS,7671.0,4605.0,,,1.0
BGD,Mymensingh,6098257,Households with electricity,99.1,1,BD,Bangladesh,2022,BD2022DHS,HC_ELEC_H_ELC,260321010,I,360011,1360055,Region,..Mymensingh,0,,0,1,HCELECHELC,BDDHS2022360011,2022,DHS,2402.0,3363.0,,,1.0
BGD,Mymensingh,6098258,Households with electricity,99.1,1,BD,Bangladesh,2022,BD2022DHS,HC_ELEC_H_ELC,260321010,I,360011,1360055,Region,..Mymensingh,0,,0,1,HCELECHELC,BDDHS2022360011,2022,DHS,2402.0,3363.0,,,1.0
BGD,Khulna,526531,Households with electricity,99.4,1,BD,Bangladesh,2022,BD2022DHS,HC_ELEC_H_ELC,260321010,I,360006,1360060,Region,Khulna,0,,0,1,HCELECHELC,BDDHS2022360006,2022,DHS,3513.0,3840.0,,,1.0
BGD,Khulna,526532,Households with electricity,99.4,1,BD,Bangladesh,2022,BD2022DHS,HC_ELEC_H_ELC,260321010,I,360006,1360060,Region,Khulna,0,,0,1,HCELECHELC,BDDHS2022360006,2022,DHS,3513.0,3840.0,,,1.0
BGD,Rajshahi/Rangpur,7001094,Households with electricity,99.1,1,BD,Bangladesh,2022,BD2022DHS,HC_ELEC_H_ELC,260321010,I,360007,1360070,Region,Rajshahi/Rangpur,0,,0,1,HCELECHELC,BDDHS2022360007,2022,DHS,7714.0,7722.0,,,
BGD,Rangpur,756235,Households with electricity,98.7,1,BD,Bangladesh,2022,BD2022DHS,HC_ELEC_H_ELC,260321010,I,360008,1360080,Region,..Rangpur,0,,0,1,HCELECHELC,BDDHS2022360008,2022,DHS,3577.0,3751.0,,,1.0
BGD,Rangpur,756236,Households with electricity,98.7,1,BD,Bangladesh,2022,BD2022DHS,HC_ELEC_H_ELC,260321010,I,360008,1360080,Region,..Rangpur,0,,0,1,HCELECHELC,BDDHS2022360008,2022,DHS,3577.0,3751.0,,,1.0
BGD,Rajshahi,3062967,Households with electricity,99.5,1,BD,Bangladesh,2022,BD2022DHS,HC_ELEC_H_ELC,260321010,I,360009,1360090,Region,..Rajshahi,0,,0,1,HCELECHELC,BDDHS2022360009,2022,DHS,4138.0,3971.0,,,1.0
BGD,Rajshahi,3062968,Households with electricity,99.5,1,BD,Bangladesh,2022,BD2022DHS,HC_ELEC_H_ELC,260321010,I,360009,1360090,Region,..Rajshahi,0,,0,1,HCELECHELC,BDDHS2022360009,2022,DHS,4138.0,3971.0,,,1.0
