ISO3,Location,DataId,Indicator,Value,Precision,DHS_CountryCode,CountryName,SurveyYear,SurveyId,IndicatorId,IndicatorOrder,IndicatorType,CharacteristicId,CharacteristicOrder,CharacteristicCategory,CharacteristicLabel,ByVariableId,ByVariableLabel,IsTotal,IsPreferred,SDRID,RegionId,SurveyYearLabel,SurveyType,DenominatorWeighted,DenominatorUnweighted,CILow,CIHigh,LevelRank
BGD,Barishal,5168443,BCG vaccination received,91.2,1,BD,Bangladesh,1994,BD1994DHS,CH_VACC_C_BCG,93906010,I,360001,1360010,Region,Barishal,0,,0,1,CHVACCCBCG,BDDHS1994360001,1993-94,DHS,80.0,131.0,,,1.0
BGD,Chattogram/Sylhet,3129285,BCG vaccination received,78.7,1,BD,Bangladesh,1994,BD1994DHS,CH_VACC_C_BCG,93906010,I,360002,1360020,Region,Chattogram/Sylhet,0,,0,1,CHVACCCBCG,BDDHS1994360002,1993-94,DHS,385.0,303.0,,,1.0
BGD,Chattogram,6550399,BCG vaccination received,78.7,1,BD,Bangladesh,1994,BD1994DHS,CH_VACC_C_BCG,93906010,I,360003,1360030,Region,..Chattogram,0,,0,1,CHVACCCBCG,BDDHS1994360003,1993-94,DHS,385.0,303.0,,,
BGD,Dhaka before 2015,7280502,BCG vaccination received,84.5,1,BD,Bangladesh,1994,BD1994DHS,CH_VACC_C_BCG,93906010,I,360005,1360050,Region,Dhaka before 2015,0,,0,1,CHVACCCBCG,BDDHS1994360005,1993-94,DHS,348.0,323.0,,,1.0
BGD,Khulna,5356682,BCG vaccination received,91.8,1,BD,Bangladesh,1994,BD1994DHS,CH_VACC_C_BCG,93906010,I,360006,1360060,Region,Khulna,0,,0,1,CHVACCCBCG,BDDHS1994360006,1993-94,DHS,128.0,130.0,,,1.0
BGD,Rajshahi/Rangpur,3734042,BCG vaccination received,92.3,1,BD,Bangladesh,1994,BD1994DHS,CH_VACC_C_BCG,93906010,I,360007,1360070,Region,Rajshahi/Rangpur,0,,0,1,CHVACCCBCG,BDDHS1994360007,1993-94,DHS,230.0,258.0,,,1.0
BGD,Barishal,5168439,DPT 1 vaccination received,89.6,1,BD,Bangladesh,1994,BD1994DHS,CH_VACC_C_DP1,93906020,I,360001,1360010,Region,Barishal,0,,0,1,CHVACCCDP1,BDDHS1994360001,1993-94,DHS,80.0,131.0,,,1.0
BGD,Chattogram/Sylhet,3129357,DPT 1 vaccination received,77.7,1,BD,Bangladesh,1994,BD1994DHS,CH_VACC_C_DP1,93906020,I,360002,1360020,Region,Chattogram/Sylhet,0,,0,1,CHVACCCDP1,BDDHS1994360002,1993-94,DHS,385.0,303.0,,,1.0
BGD,Chattogram,6550398,DPT 1 vaccination received,77.7,1,BD,Bangladesh,1994,BD1994DHS,CH_VACC_C_DP1,93906020,I,360003,1360030,Region,..Chattogram,0,,0,1,CHVACCCDP1,BDDHS1994360003,1993-94,DHS,385.0,303.0,,,
BGD,Dhaka before 2015,7280498,DPT 1 vaccination received,82.0,1,BD,Bangladesh,1994,BD1994DHS,CH_VACC_C_DP1,93906020,I,360005,1360050,Region,Dhaka before 2015,0,,0,1,CHVACCCDP1,BDDHS1994360005,1993-94,DHS,348.0,323.0,,,1.0
BGD,Khulna,5356679,DPT 1 vaccination received,91.8,1,BD,Bangladesh,1994,BD1994DHS,CH_VACC_C_DP1,93906020,I,360006,1360060,Region,Khulna,0,,0,1,CHVACCCDP1,BDDHS1994360006,1993-94,DHS,128.0,130.0,,,1.0
BGD,Rajshahi/Rangpur,3734038,DPT 1 vaccination received,90.5,1,BD,Bangladesh,1994,BD1994DHS,CH_VACC_C_DP1,93906020,I,360007,1360070,Region,Rajshahi/Rangpur,0,,0,1,CHVACCCDP1,BDDHS1994360007,1993-94,DHS,230.0,258.0,,,1.0
BGD,Barishal,5168444,DPT 2 vaccination received,86.3,1,BD,Bangladesh,1994,BD1994DHS,CH_VACC_C_DP2,93906030,I,360001,1360010,Region,Barishal,0,,0,1,CHVACCCDP2,BDDHS1994360001,1993-94,DHS,80.0,131.0,,,1.0
BGD,Chattogram/Sylhet,3129286,DPT 2 vaccination received,71.8,1,BD,Bangladesh,1994,BD1994DHS,CH_VACC_C_DP2,93906030,I,360002,1360020,Region,Chattogram/Sylhet,0,,0,1,CHVACCCDP2,BDDHS1994360002,1993-94,DHS,385.0,303.0,,,1.0
BGD,Chattogram,6550400,DPT 2 vaccination received,71.8,1,BD,Bangladesh,1994,BD1994DHS,CH_VACC_C_DP2,93906030,I,360003,1360030,Region,..Chattogram,0,,0,1,CHVACCCDP2,BDDHS1994360003,1993-94,DHS,385.0,303.0,,,
BGD,Dhaka before 2015,7280503,DPT 2 vaccination received,73.5,1,BD,Bangladesh,1994,BD1994DHS,CH_VACC_C_DP2,93906030,I,360005,1360050,Region,Dhaka before 2015,0,,0,1,CHVACCCDP2,BDDHS1994360005,1993-94,DHS,348.0,323.0,,,1.0
BGD,Khulna,5356683,DPT 2 vaccination received,89.4,1,BD,Bangladesh,1994,BD1994DHS,CH_VACC_C_DP2,93906030,I,360006,1360060,Region,Khulna,0,,0,1,CHVACCCDP2,BDDHS1994360006,1993-94,DHS,128.0,130.0,,,1.0
BGD,Rajshahi/Rangpur,3734043,DPT 2 vaccination received,82.9,1,BD,Bangladesh,1994,BD1994DHS,CH_VACC_C_DP2,93906030,I,360007,1360070,Region,Rajshahi/Rangpur,0,,0,1,CHVACCCDP2,BDDHS1994360007,1993-94,DHS,230.0,258.0,,,1.0
BGD,Barishal,5168440,DPT 3 vaccination received,80.8,1,BD,Bangladesh,1994,BD1994DHS,CH_VACC_C_DP3,93906040,I,360001,1360010,Region,Barishal,0,,0,1,CHVACCCDP3,BDDHS1994360001,1993-94,DHS,80.0,131.0,,,1.0
BGD,Chattogram/Sylhet,3129358,DPT 3 vaccination received,59.5,1,BD,Bangladesh,1994,BD1994DHS,CH_VACC_C_DP3,93906040,I,360002,1360020,Region,Chattogram/Sylhet,0,,0,1,CHVACCCDP3,BDDHS1994360002,1993-94,DHS,385.0,303.0,,,1.0
BGD,Chattogram,6570906,DPT 3 vaccination received,59.5,1,BD,Bangladesh,1994,BD1994DHS,CH_VACC_C_DP3,93906040,I,360003,1360030,Region,..Chattogram,0,,0,1,CHVACCCDP3,BDDHS1994360003,1993-94,DHS,385.0,303.0,,,
BGD,Dhaka before 2015,7280499,DPT 3 vaccination received,56.9,1,BD,Bangladesh,1994,BD1994DHS,CH_VACC_C_DP3,93906040,I,360005,1360050,Region,Dhaka before 2015,0,,0,1,CHVACCCDP3,BDDHS1994360005,1993-94,DHS,348.0,323.0,,,1.0
BGD,Khulna,5356680,DPT 3 vaccination received,87.8,1,BD,Bangladesh,1994,BD1994DHS,CH_VACC_C_DP3,93906040,I,360006,1360060,Region,Khulna,0,,0,1,CHVACCCDP3,BDDHS1994360006,1993-94,DHS,128.0,130.0,,,1.0
BGD,Rajshahi/Rangpur,3734039,DPT 3 vaccination received,73.5,1,BD,Bangladesh,1994,BD1994DHS,CH_VACC_C_DP3,93906040,I,360007,1360070,Region,Rajshahi/Rangpur,0,,0,1,CHVACCCDP3,BDDHS1994360007,1993-94,DHS,230.0,258.0,,,1.0
BGD,Barishal,5168436,Polio 1 vaccination received,90.4,1,BD,Bangladesh,1994,BD1994DHS,CH_VACC_C_OP1,93906060,I,360001,1360010,Region,Barishal,0,,0,1,CHVACCCOP1,BDDHS1994360001,1993-94,DHS,80.0,131.0,,,1.0
BGD,Chattogram/Sylhet,3129353,Polio 1 vaccination received,78.0,1,BD,Bangladesh,1994,BD1994DHS,CH_VACC_C_OP1,93906060,I,360002,1360020,Region,Chattogram/Sylhet,0,,0,1,CHVACCCOP1,BDDHS1994360002,1993-94,DHS,385.0,303.0,,,1.0
BGD,Chattogram,6550389,Polio 1 vaccination received,78.0,1,BD,Bangladesh,1994,BD1994DHS,CH_VACC_C_OP1,93906060,I,360003,1360030,Region,..Chattogram,0,,0,1,CHVACCCOP1,BDDHS1994360003,1993-94,DHS,385.0,303.0,,,
BGD,Dhaka before 2015,7280494,Polio 1 vaccination received,83.0,1,BD,Bangladesh,1994,BD1994DHS,CH_VACC_C_OP1,93906060,I,360005,1360050,Region,Dhaka before 2015,0,,0,1,CHVACCCOP1,BDDHS1994360005,1993-94,DHS,348.0,323.0,,,1.0
BGD,Khulna,5356763,Polio 1 vaccination received,91.8,1,BD,Bangladesh,1994,BD1994DHS,CH_VACC_C_OP1,93906060,I,360006,1360060,Region,Khulna,0,,0,1,CHVACCCOP1,BDDHS1994360006,1993-94,DHS,128.0,130.0,,,1.0
BGD,Rajshahi/Rangpur,3734035,Polio 1 vaccination received,91.7,1,BD,Bangladesh,1994,BD1994DHS,CH_VACC_C_OP1,93906060,I,360007,1360070,Region,Rajshahi/Rangpur,0,,0,1,CHVACCCOP1,BDDHS1994360007,1993-94,DHS,230.0,258.0,,,1.0
BGD,Barishal,5168437,Polio 2 vaccination received,85.5,1,BD,Bangladesh,1994,BD1994DHS,CH_VACC_C_OP2,93906070,I,360001,1360010,Region,Barishal,0,,0,1,CHVACCCOP2,BDDHS1994360001,1993-94,DHS,80.0,131.0,,,1.0
BGD,Chattogram/Sylhet,3129355,Polio 2 vaccination received,72.3,1,BD,Bangladesh,1994,BD1994DHS,CH_VACC_C_OP2,93906070,I,360002,1360020,Region,Chattogram/Sylhet,0,,0,1,CHVACCCOP2,BDDHS1994360002,1993-94,DHS,385.0,303.0,,,1.0
BGD,Chattogram,6550396,Polio 2 vaccination received,72.3,1,BD,Bangladesh,1994,BD1994DHS,CH_VACC_C_OP2,93906070,I,360003,1360030,Region,..Chattogram,0,,0,1,CHVACCCOP2,BDDHS1994360003,1993-94,DHS,385.0,303.0,,,
BGD,Dhaka before 2015,7280495,Polio 2 vaccination received,73.8,1,BD,Bangladesh,1994,BD1994DHS,CH_VACC_C_OP2,93906070,I,360005,1360050,Region,Dhaka before 2015,0,,0,1,CHVACCCOP2,BDDHS1994360005,1993-94,DHS,348.0,323.0,,,1.0
BGD,Khulna,5356677,Polio 2 vaccination received,90.2,1,BD,Bangladesh,1994,BD1994DHS,CH_VACC_C_OP2,93906070,I,360006,1360060,Region,Khulna,0,,0,1,CHVACCCOP2,BDDHS1994360006,1993-94,DHS,128.0,130.0,,,1.0
BGD,Rajshahi/Rangpur,3734036,Polio 2 vaccination received,83.1,1,BD,Bangladesh,1994,BD1994DHS,CH_VACC_C_OP2,93906070,I,360007,1360070,Region,Rajshahi/Rangpur,0,,0,1,CHVACCCOP2,BDDHS1994360007,1993-94,DHS,230.0,258.0,,,1.0
BGD,Barishal,5168438,Polio 3 vaccination received,82.0,1,BD,Bangladesh,1994,BD1994DHS,CH_VACC_C_OP3,93906080,I,360001,1360010,Region,Barishal,0,,0,1,CHVACCCOP3,BDDHS1994360001,1993-94,DHS,80.0,131.0,,,1.0
BGD,Chattogram/Sylhet,3129356,Polio 3 vaccination received,61.0,1,BD,Bangladesh,1994,BD1994DHS,CH_VACC_C_OP3,93906080,I,360002,1360020,Region,Chattogram/Sylhet,0,,0,1,CHVACCCOP3,BDDHS1994360002,1993-94,DHS,385.0,303.0,,,1.0
BGD,Chattogram,6550397,Polio 3 vaccination received,61.0,1,BD,Bangladesh,1994,BD1994DHS,CH_VACC_C_OP3,93906080,I,360003,1360030,Region,..Chattogram,0,,0,1,CHVACCCOP3,BDDHS1994360003,1993-94,DHS,385.0,303.0,,,
BGD,Dhaka before 2015,7280496,Polio 3 vaccination received,57.6,1,BD,Bangladesh,1994,BD1994DHS,CH_VACC_C_OP3,93906080,I,360005,1360050,Region,Dhaka before 2015,0,,0,1,CHVACCCOP3,BDDHS1994360005,1993-94,DHS,348.0,323.0,,,1.0
BGD,Khulna,5356678,Polio 3 vaccination received,87.8,1,BD,Bangladesh,1994,BD1994DHS,CH_VACC_C_OP3,93906080,I,360006,1360060,Region,Khulna,0,,0,1,CHVACCCOP3,BDDHS1994360006,1993-94,DHS,128.0,130.0,,,1.0
BGD,Rajshahi/Rangpur,3734037,Polio 3 vaccination received,73.5,1,BD,Bangladesh,1994,BD1994DHS,CH_VACC_C_OP3,93906080,I,360007,1360070,Region,Rajshahi/Rangpur,0,,0,1,CHVACCCOP3,BDDHS1994360007,1993-94,DHS,230.0,258.0,,,1.0
BGD,Barishal,5168441,Measles vaccination received,81.2,1,BD,Bangladesh,1994,BD1994DHS,CH_VACC_C_MSL,93906090,I,360001,1360010,Region,Barishal,0,,0,1,CHVACCCMSL,BDDHS1994360001,1993-94,DHS,80.0,131.0,,,1.0
BGD,Chattogram/Sylhet,3129273,Measles vaccination received,63.2,1,BD,Bangladesh,1994,BD1994DHS,CH_VACC_C_MSL,93906090,I,360002,1360020,Region,Chattogram/Sylhet,0,,0,1,CHVACCCMSL,BDDHS1994360002,1993-94,DHS,385.0,303.0,,,1.0
BGD,Chattogram,6570907,Measles vaccination received,63.2,1,BD,Bangladesh,1994,BD1994DHS,CH_VACC_C_MSL,93906090,I,360003,1360030,Region,..Chattogram,0,,0,1,CHVACCCMSL,BDDHS1994360003,1993-94,DHS,385.0,303.0,,,
BGD,Dhaka before 2015,7280500,Measles vaccination received,60.6,1,BD,Bangladesh,1994,BD1994DHS,CH_VACC_C_MSL,93906090,I,360005,1360050,Region,Dhaka before 2015,0,,0,1,CHVACCCMSL,BDDHS1994360005,1993-94,DHS,348.0,323.0,,,1.0
BGD,Khulna,5356681,Measles vaccination received,85.4,1,BD,Bangladesh,1994,BD1994DHS,CH_VACC_C_MSL,93906090,I,360006,1360060,Region,Khulna,0,,0,1,CHVACCCMSL,BDDHS1994360006,1993-94,DHS,128.0,130.0,,,1.0
BGD,Rajshahi/Rangpur,3734040,Measles vaccination received,77.3,1,BD,Bangladesh,1994,BD1994DHS,CH_VACC_C_MSL,93906090,I,360007,1360070,Region,Rajshahi/Rangpur,0,,0,1,CHVACCCMSL,BDDHS1994360007,1993-94,DHS,230.0,258.0,,,1.0
BGD,Barishal,5168445,Fully vaccinated (8 basic antigens),73.2,1,BD,Bangladesh,1994,BD1994DHS,CH_VACC_C_BAS,93906230,I,360001,1360010,Region,Barishal,0,,0,1,CHVACCCBAS,BDDHS1994360001,1993-94,DHS,80.0,131.0,,,1.0
BGD,Chattogram/Sylhet,3129287,Fully vaccinated (8 basic antigens),53.7,1,BD,Bangladesh,1994,BD1994DHS,CH_VACC_C_BAS,93906230,I,360002,1360020,Region,Chattogram/Sylhet,0,,0,1,CHVACCCBAS,BDDHS1994360002,1993-94,DHS,385.0,303.0,,,1.0
BGD,Chattogram,6550401,Fully vaccinated (8 basic antigens),53.7,1,BD,Bangladesh,1994,BD1994DHS,CH_VACC_C_BAS,93906230,I,360003,1360030,Region,..Chattogram,0,,0,1,CHVACCCBAS,BDDHS1994360003,1993-94,DHS,385.0,303.0,,,
BGD,Dhaka before 2015,7280504,Fully vaccinated (8 basic antigens),49.4,1,BD,Bangladesh,1994,BD1994DHS,CH_VACC_C_BAS,93906230,I,360005,1360050,Region,Dhaka before 2015,0,,0,1,CHVACCCBAS,BDDHS1994360005,1993-94,DHS,348.0,323.0,,,1.0
BGD,Khulna,5356696,Fully vaccinated (8 basic antigens),80.7,1,BD,Bangladesh,1994,BD1994DHS,CH_VACC_C_BAS,93906230,I,360006,1360060,Region,Khulna,0,,0,1,CHVACCCBAS,BDDHS1994360006,1993-94,DHS,128.0,130.0,,,1.0
BGD,Rajshahi/Rangpur,3734044,Fully vaccinated (8 basic antigens),65.0,1,BD,Bangladesh,1994,BD1994DHS,CH_VACC_C_BAS,93906230,I,360007,1360070,Region,Rajshahi/Rangpur,0,,0,1,CHVACCCBAS,BDDHS1994360007,1993-94,DHS,230.0,258.0,,,1.0
BGD,Barishal,5168446,Received no vaccinations,8.8,1,BD,Bangladesh,1994,BD1994DHS,CH_VACC_C_NON,93906250,I,360001,1360010,Region,Barishal,0,,0,1,CHVACCCNON,BDDHS1994360001,1993-94,DHS,80.0,131.0,,,1.0
BGD,Chattogram/Sylhet,3129274,Received no vaccinations,20.3,1,BD,Bangladesh,1994,BD1994DHS,CH_VACC_C_NON,93906250,I,360002,1360020,Region,Chattogram/Sylhet,0,,0,1,CHVACCCNON,BDDHS1994360002,1993-94,DHS,385.0,303.0,,,1.0
BGD,Chattogram,6570908,Received no vaccinations,20.3,1,BD,Bangladesh,1994,BD1994DHS,CH_VACC_C_NON,93906250,I,360003,1360030,Region,..Chattogram,0,,0,1,CHVACCCNON,BDDHS1994360003,1993-94,DHS,385.0,303.0,,,
BGD,Dhaka before 2015,7280501,Received no vaccinations,15.5,1,BD,Bangladesh,1994,BD1994DHS,CH_VACC_C_NON,93906250,I,360005,1360050,Region,Dhaka before 2015,0,,0,1,CHVACCCNON,BDDHS1994360005,1993-94,DHS,348.0,323.0,,,1.0
BGD,Khulna,5356695,Received no vaccinations,7.5,1,BD,Bangladesh,1994,BD1994DHS,CH_VACC_C_NON,93906250,I,360006,1360060,Region,Khulna,0,,0,1,CHVACCCNON,BDDHS1994360006,1993-94,DHS,128.0,130.0,,,1.0
BGD,Rajshahi/Rangpur,3734041,Received no vaccinations,6.8,1,BD,Bangladesh,1994,BD1994DHS,CH_VACC_C_NON,93906250,I,360007,1360070,Region,Rajshahi/Rangpur,0,,0,1,CHVACCCNON,BDDHS1994360007,1993-94,DHS,230.0,258.0,,,1.0
BGD,Barishal,5215523,Number of children 12-23 months,80.0,0,BD,Bangladesh,1994,BD1994DHS,CH_VACC_C_NUM,93906270,D,360001,1360010,Region,Barishal,0,,0,1,CHVACCCNUM,BDDHS1994360001,1993-94,DHS,,131.0,,,1.0
BGD,Chattogram/Sylhet,2072560,Number of children 12-23 months,385.0,0,BD,Bangladesh,1994,BD1994DHS,CH_VACC_C_NUM,93906270,D,360002,1360020,Region,Chattogram/Sylhet,0,,0,1,CHVACCCNUM,BDDHS1994360002,1993-94,DHS,,303.0,,,1.0
BGD,Chattogram,6653702,Number of children 12-23 months,385.0,0,BD,Bangladesh,1994,BD1994DHS,CH_VACC_C_NUM,93906270,D,360003,1360030,Region,..Chattogram,0,,0,1,CHVACCCNUM,BDDHS1994360003,1993-94,DHS,,303.0,,,
BGD,Dhaka before 2015,7280497,Number of children 12-23 months,348.0,0,BD,Bangladesh,1994,BD1994DHS,CH_VACC_C_NUM,93906270,D,360005,1360050,Region,Dhaka before 2015,0,,0,1,CHVACCCNUM,BDDHS1994360005,1993-94,DHS,,323.0,,,1.0
BGD,Khulna,5441153,Number of children 12-23 months,128.0,0,BD,Bangladesh,1994,BD1994DHS,CH_VACC_C_NUM,93906270,D,360006,1360060,Region,Khulna,0,,0,1,CHVACCCNUM,BDDHS1994360006,1993-94,DHS,,130.0,,,1.0
BGD,Rajshahi/Rangpur,3766432,Number of children 12-23 months,230.0,0,BD,Bangladesh,1994,BD1994DHS,CH_VACC_C_NUM,93906270,D,360007,1360070,Region,Rajshahi/Rangpur,0,,0,1,CHVACCCNUM,BDDHS1994360007,1993-94,DHS,,258.0,,,1.0
BGD,Barishal,22796,Number of children 12-23 months (unweighted),131.0,0,BD,Bangladesh,1994,BD1994DHS,CH_VACC_C_UNW,93906280,U,360001,1360010,Region,Barishal,0,,0,1,CHVACCCUNW,BDDHS1994360001,1993-94,DHS,80.0,,,,1.0
BGD,Chattogram/Sylhet,3129309,Number of children 12-23 months (unweighted),303.0,0,BD,Bangladesh,1994,BD1994DHS,CH_VACC_C_UNW,93906280,U,360002,1360020,Region,Chattogram/Sylhet,0,,0,1,CHVACCCUNW,BDDHS1994360002,1993-94,DHS,385.0,,,,1.0
BGD,Chattogram,3399267,Number of children 12-23 months (unweighted),303.0,0,BD,Bangladesh,1994,BD1994DHS,CH_VACC_C_UNW,93906280,U,360003,1360030,Region,..Chattogram,0,,0,1,CHVACCCUNW,BDDHS1994360003,1993-94,DHS,385.0,,,,
BGD,Dhaka before 2015,2067403,Number of children 12-23 months (unweighted),323.0,0,BD,Bangladesh,1994,BD1994DHS,CH_VACC_C_UNW,93906280,U,360005,1360050,Region,Dhaka before 2015,0,,0,1,CHVACCCUNW,BDDHS1994360005,1993-94,DHS,348.0,,,,1.0
BGD,Khulna,698613,Number of children 12-23 months (unweighted),130.0,0,BD,Bangladesh,1994,BD1994DHS,CH_VACC_C_UNW,93906280,U,360006,1360060,Region,Khulna,0,,0,1,CHVACCCUNW,BDDHS1994360006,1993-94,DHS,128.0,,,,1.0
BGD,Rajshahi/Rangpur,6535791,Number of children 12-23 months (unweighted),258.0,0,BD,Bangladesh,1994,BD1994DHS,CH_VACC_C_UNW,93906280,U,360007,1360070,Region,Rajshahi/Rangpur,0,,0,1,CHVACCCUNW,BDDHS1994360007,1993-94,DHS,230.0,,,,1.0
BGD,Barishal,2641309,BCG vaccination received,91.1,1,BD,Bangladesh,1997,BD1997DHS,CH_VACC_C_BCG,93906010,I,360001,1360010,Region,Barishal,0,,0,1,CHVACCCBCG,BDDHS1997360001,1996-97,DHS,75.0,115.0,,,1.0
BGD,Chattogram/Sylhet,524570,BCG vaccination received,81.3,1,BD,Bangladesh,1997,BD1997DHS,CH_VACC_C_BCG,93906010,I,360002,1360020,Region,Chattogram/Sylhet,0,,0,1,CHVACCCBCG,BDDHS1997360002,1996-97,DHS,332.0,321.0,,,
BGD,Chattogram,2078656,BCG vaccination received,82.7,1,BD,Bangladesh,1997,BD1997DHS,CH_VACC_C_BCG,93906010,I,360003,1360030,Region,..Chattogram,0,,0,1,CHVACCCBCG,BDDHS1997360003,1996-97,DHS,256.0,186.0,,,1.0
BGD,Sylhet,7102962,BCG vaccination received,76.5,1,BD,Bangladesh,1997,BD1997DHS,CH_VACC_C_BCG,93906010,I,360004,1360040,Region,..Sylhet,0,,0,1,CHVACCCBCG,BDDHS1997360004,1996-97,DHS,75.0,135.0,,,1.0
BGD,Dhaka before 2015,5687322,BCG vaccination received,82.7,1,BD,Bangladesh,1997,BD1997DHS,CH_VACC_C_BCG,93906010,I,360005,1360050,Region,Dhaka before 2015,0,,0,1,CHVACCCBCG,BDDHS1997360005,1996-97,DHS,316.0,275.0,,,1.0
BGD,Khulna,2079117,BCG vaccination received,96.9,1,BD,Bangladesh,1997,BD1997DHS,CH_VACC_C_BCG,93906010,I,360006,1360060,Region,Khulna,0,,0,1,CHVACCCBCG,BDDHS1997360006,1996-97,DHS,122.0,117.0,,,1.0
BGD,Rajshahi/Rangpur,3500154,BCG vaccination received,91.2,1,BD,Bangladesh,1997,BD1997DHS,CH_VACC_C_BCG,93906010,I,360007,1360070,Region,Rajshahi/Rangpur,0,,0,1,CHVACCCBCG,BDDHS1997360007,1996-97,DHS,235.0,249.0,,,1.0
BGD,Barishal,2641305,DPT 1 vaccination received,91.1,1,BD,Bangladesh,1997,BD1997DHS,CH_VACC_C_DP1,93906020,I,360001,1360010,Region,Barishal,0,,0,1,CHVACCCDP1,BDDHS1997360001,1996-97,DHS,75.0,115.0,,,1.0
BGD,Chattogram/Sylhet,524566,DPT 1 vaccination received,80.2,1,BD,Bangladesh,1997,BD1997DHS,CH_VACC_C_DP1,93906020,I,360002,1360020,Region,Chattogram/Sylhet,0,,0,1,CHVACCCDP1,BDDHS1997360002,1996-97,DHS,332.0,321.0,,,
BGD,Chattogram,2078659,DPT 1 vaccination received,81.7,1,BD,Bangladesh,1997,BD1997DHS,CH_VACC_C_DP1,93906020,I,360003,1360030,Region,..Chattogram,0,,0,1,CHVACCCDP1,BDDHS1997360003,1996-97,DHS,256.0,186.0,,,1.0
BGD,Sylhet,7102999,DPT 1 vaccination received,75.2,1,BD,Bangladesh,1997,BD1997DHS,CH_VACC_C_DP1,93906020,I,360004,1360040,Region,..Sylhet,0,,0,1,CHVACCCDP1,BDDHS1997360004,1996-97,DHS,75.0,135.0,,,1.0
BGD,Dhaka before 2015,5687315,DPT 1 vaccination received,81.4,1,BD,Bangladesh,1997,BD1997DHS,CH_VACC_C_DP1,93906020,I,360005,1360050,Region,Dhaka before 2015,0,,0,1,CHVACCCDP1,BDDHS1997360005,1996-97,DHS,316.0,275.0,,,1.0
BGD,Khulna,2079109,DPT 1 vaccination received,95.7,1,BD,Bangladesh,1997,BD1997DHS,CH_VACC_C_DP1,93906020,I,360006,1360060,Region,Khulna,0,,0,1,CHVACCCDP1,BDDHS1997360006,1996-97,DHS,122.0,117.0,,,1.0
BGD,Rajshahi/Rangpur,3500087,DPT 1 vaccination received,89.3,1,BD,Bangladesh,1997,BD1997DHS,CH_VACC_C_DP1,93906020,I,360007,1360070,Region,Rajshahi/Rangpur,0,,0,1,CHVACCCDP1,BDDHS1997360007,1996-97,DHS,235.0,249.0,,,1.0
BGD,Barishal,2641310,DPT 2 vaccination received,86.6,1,BD,Bangladesh,1997,BD1997DHS,CH_VACC_C_DP2,93906030,I,360001,1360010,Region,Barishal,0,,0,1,CHVACCCDP2,BDDHS1997360001,1996-97,DHS,75.0,115.0,,,1.0
BGD,Chattogram/Sylhet,524571,DPT 2 vaccination received,73.2,1,BD,Bangladesh,1997,BD1997DHS,CH_VACC_C_DP2,93906030,I,360002,1360020,Region,Chattogram/Sylhet,0,,0,1,CHVACCCDP2,BDDHS1997360002,1996-97,DHS,332.0,321.0,,,
BGD,Chattogram,2078743,DPT 2 vaccination received,75.4,1,BD,Bangladesh,1997,BD1997DHS,CH_VACC_C_DP2,93906030,I,360003,1360030,Region,..Chattogram,0,,0,1,CHVACCCDP2,BDDHS1997360003,1996-97,DHS,256.0,186.0,,,1.0
BGD,Sylhet,7102963,DPT 2 vaccination received,65.7,1,BD,Bangladesh,1997,BD1997DHS,CH_VACC_C_DP2,93906030,I,360004,1360040,Region,..Sylhet,0,,0,1,CHVACCCDP2,BDDHS1997360004,1996-97,DHS,75.0,135.0,,,1.0
BGD,Dhaka before 2015,5687323,DPT 2 vaccination received,75.4,1,BD,Bangladesh,1997,BD1997DHS,CH_VACC_C_DP2,93906030,I,360005,1360050,Region,Dhaka before 2015,0,,0,1,CHVACCCDP2,BDDHS1997360005,1996-97,DHS,316.0,275.0,,,1.0
BGD,Khulna,2079118,DPT 2 vaccination received,92.8,1,BD,Bangladesh,1997,BD1997DHS,CH_VACC_C_DP2,93906030,I,360006,1360060,Region,Khulna,0,,0,1,CHVACCCDP2,BDDHS1997360006,1996-97,DHS,122.0,117.0,,,1.0
BGD,Rajshahi/Rangpur,3500155,DPT 2 vaccination received,83.6,1,BD,Bangladesh,1997,BD1997DHS,CH_VACC_C_DP2,93906030,I,360007,1360070,Region,Rajshahi/Rangpur,0,,0,1,CHVACCCDP2,BDDHS1997360007,1996-97,DHS,235.0,249.0,,,1.0
BGD,Barishal,2641306,DPT 3 vaccination received,76.4,1,BD,Bangladesh,1997,BD1997DHS,CH_VACC_C_DP3,93906040,I,360001,1360010,Region,Barishal,0,,0,1,CHVACCCDP3,BDDHS1997360001,1996-97,DHS,75.0,115.0,,,1.0
BGD,Chattogram/Sylhet,524567,DPT 3 vaccination received,61.8,1,BD,Bangladesh,1997,BD1997DHS,CH_VACC_C_DP3,93906040,I,360002,1360020,Region,Chattogram/Sylhet,0,,0,1,CHVACCCDP3,BDDHS1997360002,1996-97,DHS,332.0,321.0,,,
BGD,Chattogram,2078740,DPT 3 vaccination received,64.2,1,BD,Bangladesh,1997,BD1997DHS,CH_VACC_C_DP3,93906040,I,360003,1360030,Region,..Chattogram,0,,0,1,CHVACCCDP3,BDDHS1997360003,1996-97,DHS,256.0,186.0,,,1.0
BGD,Sylhet,7102959,DPT 3 vaccination received,53.8,1,BD,Bangladesh,1997,BD1997DHS,CH_VACC_C_DP3,93906040,I,360004,1360040,Region,..Sylhet,0,,0,1,CHVACCCDP3,BDDHS1997360004,1996-97,DHS,75.0,135.0,,,1.0
BGD,Dhaka before 2015,5687316,DPT 3 vaccination received,65.9,1,BD,Bangladesh,1997,BD1997DHS,CH_VACC_C_DP3,93906040,I,360005,1360050,Region,Dhaka before 2015,0,,0,1,CHVACCCDP3,BDDHS1997360005,1996-97,DHS,316.0,275.0,,,1.0
BGD,Khulna,2079110,DPT 3 vaccination received,85.5,1,BD,Bangladesh,1997,BD1997DHS,CH_VACC_C_DP3,93906040,I,360006,1360060,Region,Khulna,0,,0,1,CHVACCCDP3,BDDHS1997360006,1996-97,DHS,122.0,117.0,,,1.0
BGD,Rajshahi/Rangpur,3500089,DPT 3 vaccination received,74.2,1,BD,Bangladesh,1997,BD1997DHS,CH_VACC_C_DP3,93906040,I,360007,1360070,Region,Rajshahi/Rangpur,0,,0,1,CHVACCCDP3,BDDHS1997360007,1996-97,DHS,235.0,249.0,,,1.0
BGD,Barishal,2641313,Polio 1 vaccination received,93.8,1,BD,Bangladesh,1997,BD1997DHS,CH_VACC_C_OP1,93906060,I,360001,1360010,Region,Barishal,0,,0,1,CHVACCCOP1,BDDHS1997360001,1996-97,DHS,75.0,115.0,,,1.0
BGD,Chattogram/Sylhet,524574,Polio 1 vaccination received,81.7,1,BD,Bangladesh,1997,BD1997DHS,CH_VACC_C_OP1,93906060,I,360002,1360020,Region,Chattogram/Sylhet,0,,0,1,CHVACCCOP1,BDDHS1997360002,1996-97,DHS,332.0,321.0,,,
BGD,Chattogram,2078737,Polio 1 vaccination received,83.2,1,BD,Bangladesh,1997,BD1997DHS,CH_VACC_C_OP1,93906060,I,360003,1360030,Region,..Chattogram,0,,0,1,CHVACCCOP1,BDDHS1997360003,1996-97,DHS,256.0,186.0,,,1.0
BGD,Sylhet,7102969,Polio 1 vaccination received,76.3,1,BD,Bangladesh,1997,BD1997DHS,CH_VACC_C_OP1,93906060,I,360004,1360040,Region,..Sylhet,0,,0,1,CHVACCCOP1,BDDHS1997360004,1996-97,DHS,75.0,135.0,,,1.0
BGD,Dhaka before 2015,5687319,Polio 1 vaccination received,84.0,1,BD,Bangladesh,1997,BD1997DHS,CH_VACC_C_OP1,93906060,I,360005,1360050,Region,Dhaka before 2015,0,,0,1,CHVACCCOP1,BDDHS1997360005,1996-97,DHS,316.0,275.0,,,1.0
BGD,Khulna,2079113,Polio 1 vaccination received,96.9,1,BD,Bangladesh,1997,BD1997DHS,CH_VACC_C_OP1,93906060,I,360006,1360060,Region,Khulna,0,,0,1,CHVACCCOP1,BDDHS1997360006,1996-97,DHS,122.0,117.0,,,1.0
BGD,Rajshahi/Rangpur,3500092,Polio 1 vaccination received,91.4,1,BD,Bangladesh,1997,BD1997DHS,CH_VACC_C_OP1,93906060,I,360007,1360070,Region,Rajshahi/Rangpur,0,,0,1,CHVACCCOP1,BDDHS1997360007,1996-97,DHS,235.0,249.0,,,1.0
BGD,Barishal,2641314,Polio 2 vaccination received,86.6,1,BD,Bangladesh,1997,BD1997DHS,CH_VACC_C_OP2,93906070,I,360001,1360010,Region,Barishal,0,,0,1,CHVACCCOP2,BDDHS1997360001,1996-97,DHS,75.0,115.0,,,1.0
BGD,Chattogram/Sylhet,524575,Polio 2 vaccination received,72.4,1,BD,Bangladesh,1997,BD1997DHS,CH_VACC_C_OP2,93906070,I,360002,1360020,Region,Chattogram/Sylhet,0,,0,1,CHVACCCOP2,BDDHS1997360002,1996-97,DHS,332.0,321.0,,,
BGD,Chattogram,2078738,Polio 2 vaccination received,74.6,1,BD,Bangladesh,1997,BD1997DHS,CH_VACC_C_OP2,93906070,I,360003,1360030,Region,..Chattogram,0,,0,1,CHVACCCOP2,BDDHS1997360003,1996-97,DHS,256.0,186.0,,,1.0
BGD,Sylhet,7102970,Polio 2 vaccination received,65.2,1,BD,Bangladesh,1997,BD1997DHS,CH_VACC_C_OP2,93906070,I,360004,1360040,Region,..Sylhet,0,,0,1,CHVACCCOP2,BDDHS1997360004,1996-97,DHS,75.0,135.0,,,1.0
BGD,Dhaka before 2015,5687320,Polio 2 vaccination received,78.4,1,BD,Bangladesh,1997,BD1997DHS,CH_VACC_C_OP2,93906070,I,360005,1360050,Region,Dhaka before 2015,0,,0,1,CHVACCCOP2,BDDHS1997360005,1996-97,DHS,316.0,275.0,,,1.0
BGD,Khulna,2079115,Polio 2 vaccination received,95.9,1,BD,Bangladesh,1997,BD1997DHS,CH_VACC_C_OP2,93906070,I,360006,1360060,Region,Khulna,0,,0,1,CHVACCCOP2,BDDHS1997360006,1996-97,DHS,122.0,117.0,,,1.0
BGD,Rajshahi/Rangpur,3500093,Polio 2 vaccination received,84.7,1,BD,Bangladesh,1997,BD1997DHS,CH_VACC_C_OP2,93906070,I,360007,1360070,Region,Rajshahi/Rangpur,0,,0,1,CHVACCCOP2,BDDHS1997360007,1996-97,DHS,235.0,249.0,,,1.0
BGD,Barishal,2641315,Polio 3 vaccination received,71.8,1,BD,Bangladesh,1997,BD1997DHS,CH_VACC_C_OP3,93906080,I,360001,1360010,Region,Barishal,0,,0,1,CHVACCCOP3,BDDHS1997360001,1996-97,DHS,75.0,115.0,,,1.0
BGD,Chattogram/Sylhet,524576,Polio 3 vaccination received,56.5,1,BD,Bangladesh,1997,BD1997DHS,CH_VACC_C_OP3,93906080,I,360002,1360020,Region,Chattogram/Sylhet,0,,0,1,CHVACCCOP3,BDDHS1997360002,1996-97,DHS,332.0,321.0,,,
BGD,Chattogram,2078739,Polio 3 vaccination received,59.1,1,BD,Bangladesh,1997,BD1997DHS,CH_VACC_C_OP3,93906080,I,360003,1360030,Region,..Chattogram,0,,0,1,CHVACCCOP3,BDDHS1997360003,1996-97,DHS,256.0,186.0,,,1.0
BGD,Sylhet,7102971,Polio 3 vaccination received,47.8,1,BD,Bangladesh,1997,BD1997DHS,CH_VACC_C_OP3,93906080,I,360004,1360040,Region,..Sylhet,0,,0,1,CHVACCCOP3,BDDHS1997360004,1996-97,DHS,75.0,135.0,,,1.0
BGD,Dhaka before 2015,5687321,Polio 3 vaccination received,60.1,1,BD,Bangladesh,1997,BD1997DHS,CH_VACC_C_OP3,93906080,I,360005,1360050,Region,Dhaka before 2015,0,,0,1,CHVACCCOP3,BDDHS1997360005,1996-97,DHS,316.0,275.0,,,1.0
BGD,Khulna,2079116,Polio 3 vaccination received,74.0,1,BD,Bangladesh,1997,BD1997DHS,CH_VACC_C_OP3,93906080,I,360006,1360060,Region,Khulna,0,,0,1,CHVACCCOP3,BDDHS1997360006,1996-97,DHS,122.0,117.0,,,1.0
BGD,Rajshahi/Rangpur,3500153,Polio 3 vaccination received,64.9,1,BD,Bangladesh,1997,BD1997DHS,CH_VACC_C_OP3,93906080,I,360007,1360070,Region,Rajshahi/Rangpur,0,,0,1,CHVACCCOP3,BDDHS1997360007,1996-97,DHS,235.0,249.0,,,1.0
BGD,Barishal,2641307,Measles vaccination received,77.5,1,BD,Bangladesh,1997,BD1997DHS,CH_VACC_C_MSL,93906090,I,360001,1360010,Region,Barishal,0,,0,1,CHVACCCMSL,BDDHS1997360001,1996-97,DHS,75.0,115.0,,,1.0
BGD,Chattogram/Sylhet,524568,Measles vaccination received,63.7,1,BD,Bangladesh,1997,BD1997DHS,CH_VACC_C_MSL,93906090,I,360002,1360020,Region,Chattogram/Sylhet,0,,0,1,CHVACCCMSL,BDDHS1997360002,1996-97,DHS,332.0,321.0,,,
BGD,Chattogram,2078741,Measles vaccination received,65.9,1,BD,Bangladesh,1997,BD1997DHS,CH_VACC_C_MSL,93906090,I,360003,1360030,Region,..Chattogram,0,,0,1,CHVACCCMSL,BDDHS1997360003,1996-97,DHS,256.0,186.0,,,1.0
BGD,Sylhet,7102960,Measles vaccination received,56.0,1,BD,Bangladesh,1997,BD1997DHS,CH_VACC_C_MSL,93906090,I,360004,1360040,Region,..Sylhet,0,,0,1,CHVACCCMSL,BDDHS1997360004,1996-97,DHS,75.0,135.0,,,1.0
BGD,Dhaka before 2015,5687317,Measles vaccination received,64.8,1,BD,Bangladesh,1997,BD1997DHS,CH_VACC_C_MSL,93906090,I,360005,1360050,Region,Dhaka before 2015,0,,0,1,CHVACCCMSL,BDDHS1997360005,1996-97,DHS,316.0,275.0,,,1.0
BGD,Khulna,2079111,Measles vaccination received,87.1,1,BD,Bangladesh,1997,BD1997DHS,CH_VACC_C_MSL,93906090,I,360006,1360060,Region,Khulna,0,,0,1,CHVACCCMSL,BDDHS1997360006,1996-97,DHS,122.0,117.0,,,1.0
BGD,Rajshahi/Rangpur,3500090,Measles vaccination received,75.0,1,BD,Bangladesh,1997,BD1997DHS,CH_VACC_C_MSL,93906090,I,360007,1360070,Region,Rajshahi/Rangpur,0,,0,1,CHVACCCMSL,BDDHS1997360007,1996-97,DHS,235.0,249.0,,,1.0
BGD,Barishal,2641311,Fully vaccinated (8 basic antigens),62.4,1,BD,Bangladesh,1997,BD1997DHS,CH_VACC_C_BAS,93906230,I,360001,1360010,Region,Barishal,0,,0,1,CHVACCCBAS,BDDHS1997360001,1996-97,DHS,75.0,115.0,,,1.0
BGD,Chattogram/Sylhet,524573,Fully vaccinated (8 basic antigens),49.0,1,BD,Bangladesh,1997,BD1997DHS,CH_VACC_C_BAS,93906230,I,360002,1360020,Region,Chattogram/Sylhet,0,,0,1,CHVACCCBAS,BDDHS1997360002,1996-97,DHS,332.0,321.0,,,
BGD,Chattogram,2078745,Fully vaccinated (8 basic antigens),51.3,1,BD,Bangladesh,1997,BD1997DHS,CH_VACC_C_BAS,93906230,I,360003,1360030,Region,..Chattogram,0,,0,1,CHVACCCBAS,BDDHS1997360003,1996-97,DHS,256.0,186.0,,,1.0
BGD,Sylhet,7102964,Fully vaccinated (8 basic antigens),41.5,1,BD,Bangladesh,1997,BD1997DHS,CH_VACC_C_BAS,93906230,I,360004,1360040,Region,..Sylhet,0,,0,1,CHVACCCBAS,BDDHS1997360004,1996-97,DHS,75.0,135.0,,,1.0
BGD,Dhaka before 2015,5687324,Fully vaccinated (8 basic antigens),49.3,1,BD,Bangladesh,1997,BD1997DHS,CH_VACC_C_BAS,93906230,I,360005,1360050,Region,Dhaka before 2015,0,,0,1,CHVACCCBAS,BDDHS1997360005,1996-97,DHS,316.0,275.0,,,1.0
BGD,Khulna,2079119,Fully vaccinated (8 basic antigens),68.3,1,BD,Bangladesh,1997,BD1997DHS,CH_VACC_C_BAS,93906230,I,360006,1360060,Region,Khulna,0,,0,1,CHVACCCBAS,BDDHS1997360006,1996-97,DHS,122.0,117.0,,,1.0
BGD,Rajshahi/Rangpur,3500156,Fully vaccinated (8 basic antigens),58.0,1,BD,Bangladesh,1997,BD1997DHS,CH_VACC_C_BAS,93906230,I,360007,1360070,Region,Rajshahi/Rangpur,0,,0,1,CHVACCCBAS,BDDHS1997360007,1996-97,DHS,235.0,249.0,,,1.0
BGD,Barishal,2641308,Received no vaccinations,6.2,1,BD,Bangladesh,1997,BD1997DHS,CH_VACC_C_NON,93906250,I,360001,1360010,Region,Barishal,0,,0,1,CHVACCCNON,BDDHS1997360001,1996-97,DHS,75.0,115.0,,,1.0
BGD,Chattogram/Sylhet,524569,Received no vaccinations,16.7,1,BD,Bangladesh,1997,BD1997DHS,CH_VACC_C_NON,93906250,I,360002,1360020,Region,Chattogram/Sylhet,0,,0,1,CHVACCCNON,BDDHS1997360002,1996-97,DHS,332.0,321.0,,,
BGD,Chattogram,2078742,Received no vaccinations,15.1,1,BD,Bangladesh,1997,BD1997DHS,CH_VACC_C_NON,93906250,I,360003,1360030,Region,..Chattogram,0,,0,1,CHVACCCNON,BDDHS1997360003,1996-97,DHS,256.0,186.0,,,1.0
BGD,Sylhet,7102972,Received no vaccinations,22.4,1,BD,Bangladesh,1997,BD1997DHS,CH_VACC_C_NON,93906250,I,360004,1360040,Region,..Sylhet,0,,0,1,CHVACCCNON,BDDHS1997360004,1996-97,DHS,75.0,135.0,,,1.0
BGD,Dhaka before 2015,5687318,Received no vaccinations,14.9,1,BD,Bangladesh,1997,BD1997DHS,CH_VACC_C_NON,93906250,I,360005,1360050,Region,Dhaka before 2015,0,,0,1,CHVACCCNON,BDDHS1997360005,1996-97,DHS,316.0,275.0,,,1.0
BGD,Khulna,2079112,Received no vaccinations,3.1,1,BD,Bangladesh,1997,BD1997DHS,CH_VACC_C_NON,93906250,I,360006,1360060,Region,Khulna,0,,0,1,CHVACCCNON,BDDHS1997360006,1996-97,DHS,122.0,117.0,,,1.0
BGD,Rajshahi/Rangpur,3500091,Received no vaccinations,7.3,1,BD,Bangladesh,1997,BD1997DHS,CH_VACC_C_NON,93906250,I,360007,1360070,Region,Rajshahi/Rangpur,0,,0,1,CHVACCCNON,BDDHS1997360007,1996-97,DHS,235.0,249.0,,,1.0
BGD,Barishal,2079131,Number of children 12-23 months,75.0,0,BD,Bangladesh,1997,BD1997DHS,CH_VACC_C_NUM,93906270,D,360001,1360010,Region,Barishal,0,,0,1,CHVACCCNUM,BDDHS1997360001,1996-97,DHS,,115.0,,,1.0
BGD,Chattogram/Sylhet,2656638,Number of children 12-23 months,332.0,0,BD,Bangladesh,1997,BD1997DHS,CH_VACC_C_NUM,93906270,D,360002,1360020,Region,Chattogram/Sylhet,0,,0,1,CHVACCCNUM,BDDHS1997360002,1996-97,DHS,,321.0,,,
BGD,Chattogram,2078744,Number of children 12-23 months,256.0,0,BD,Bangladesh,1997,BD1997DHS,CH_VACC_C_NUM,93906270,D,360003,1360030,Region,..Chattogram,0,,0,1,CHVACCCNUM,BDDHS1997360003,1996-97,DHS,,186.0,,,1.0
BGD,Sylhet,7104744,Number of children 12-23 months,75.0,0,BD,Bangladesh,1997,BD1997DHS,CH_VACC_C_NUM,93906270,D,360004,1360040,Region,..Sylhet,0,,0,1,CHVACCCNUM,BDDHS1997360004,1996-97,DHS,,135.0,,,1.0
BGD,Dhaka before 2015,5779394,Number of children 12-23 months,316.0,0,BD,Bangladesh,1997,BD1997DHS,CH_VACC_C_NUM,93906270,D,360005,1360050,Region,Dhaka before 2015,0,,0,1,CHVACCCNUM,BDDHS1997360005,1996-97,DHS,,275.0,,,1.0
BGD,Khulna,2079121,Number of children 12-23 months,122.0,0,BD,Bangladesh,1997,BD1997DHS,CH_VACC_C_NUM,93906270,D,360006,1360060,Region,Khulna,0,,0,1,CHVACCCNUM,BDDHS1997360006,1996-97,DHS,,117.0,,,1.0
BGD,Rajshahi/Rangpur,3553667,Number of children 12-23 months,235.0,0,BD,Bangladesh,1997,BD1997DHS,CH_VACC_C_NUM,93906270,D,360007,1360070,Region,Rajshahi/Rangpur,0,,0,1,CHVACCCNUM,BDDHS1997360007,1996-97,DHS,,249.0,,,1.0
BGD,Barishal,2641336,Number of children 12-23 months (unweighted),115.0,0,BD,Bangladesh,1997,BD1997DHS,CH_VACC_C_UNW,93906280,U,360001,1360010,Region,Barishal,0,,0,1,CHVACCCUNW,BDDHS1997360001,1996-97,DHS,75.0,,,,1.0
BGD,Chattogram/Sylhet,524557,Number of children 12-23 months (unweighted),321.0,0,BD,Bangladesh,1997,BD1997DHS,CH_VACC_C_UNW,93906280,U,360002,1360020,Region,Chattogram/Sylhet,0,,0,1,CHVACCCUNW,BDDHS1997360002,1996-97,DHS,332.0,,,,
BGD,Chattogram,2078828,Number of children 12-23 months (unweighted),186.0,0,BD,Bangladesh,1997,BD1997DHS,CH_VACC_C_UNW,93906280,U,360003,1360030,Region,..Chattogram,0,,0,1,CHVACCCUNW,BDDHS1997360003,1996-97,DHS,256.0,,,,1.0
BGD,Sylhet,2779340,Number of children 12-23 months (unweighted),135.0,0,BD,Bangladesh,1997,BD1997DHS,CH_VACC_C_UNW,93906280,U,360004,1360040,Region,..Sylhet,0,,0,1,CHVACCCUNW,BDDHS1997360004,1996-97,DHS,75.0,,,,1.0
BGD,Dhaka before 2015,3358653,Number of children 12-23 months (unweighted),275.0,0,BD,Bangladesh,1997,BD1997DHS,CH_VACC_C_UNW,93906280,U,360005,1360050,Region,Dhaka before 2015,0,,0,1,CHVACCCUNW,BDDHS1997360005,1996-97,DHS,316.0,,,,1.0
BGD,Khulna,2079259,Number of children 12-23 months (unweighted),117.0,0,BD,Bangladesh,1997,BD1997DHS,CH_VACC_C_UNW,93906280,U,360006,1360060,Region,Khulna,0,,0,1,CHVACCCUNW,BDDHS1997360006,1996-97,DHS,122.0,,,,1.0
BGD,Rajshahi/Rangpur,9540,Number of children 12-23 months (unweighted),249.0,0,BD,Bangladesh,1997,BD1997DHS,CH_VACC_C_UNW,93906280,U,360007,1360070,Region,Rajshahi/Rangpur,0,,0,1,CHVACCCUNW,BDDHS1997360007,1996-97,DHS,235.0,,,,1.0
BGD,Barishal,3714541,BCG vaccination received,94.8,1,BD,Bangladesh,2000,BD2000DHS,CH_VACC_C_BCG,93906010,I,360001,1360010,Region,Barishal,0,,0,1,CHVACCCBCG,BDDHS2000360001,1999-00,DHS,77.0,110.0,,,1.0
BGD,Chattogram/Sylhet,7473421,BCG vaccination received,90.6,1,BD,Bangladesh,2000,BD2000DHS,CH_VACC_C_BCG,93906010,I,360002,1360020,Region,Chattogram/Sylhet,0,,0,1,CHVACCCBCG,BDDHS2000360002,1999-00,DHS,368.0,424.0,,,
BGD,Chattogram,7917106,BCG vaccination received,94.1,1,BD,Bangladesh,2000,BD2000DHS,CH_VACC_C_BCG,93906010,I,360003,1360030,Region,..Chattogram,0,,0,1,CHVACCCBCG,BDDHS2000360003,1999-00,DHS,274.0,263.0,,,1.0
BGD,Sylhet,110572,BCG vaccination received,80.4,1,BD,Bangladesh,2000,BD2000DHS,CH_VACC_C_BCG,93906010,I,360004,1360040,Region,..Sylhet,0,,0,1,CHVACCCBCG,BDDHS2000360004,1999-00,DHS,94.0,161.0,,,1.0
BGD,Dhaka before 2015,6785466,BCG vaccination received,86.5,1,BD,Bangladesh,2000,BD2000DHS,CH_VACC_C_BCG,93906010,I,360005,1360050,Region,Dhaka before 2015,0,,0,1,CHVACCCBCG,BDDHS2000360005,1999-00,DHS,403.0,307.0,,,1.0
BGD,Khulna,7630377,BCG vaccination received,95.1,1,BD,Bangladesh,2000,BD2000DHS,CH_VACC_C_BCG,93906010,I,360006,1360060,Region,Khulna,0,,0,1,CHVACCCBCG,BDDHS2000360006,1999-00,DHS,159.0,222.0,,,1.0
BGD,Rajshahi/Rangpur,461522,BCG vaccination received,94.3,1,BD,Bangladesh,2000,BD2000DHS,CH_VACC_C_BCG,93906010,I,360007,1360070,Region,Rajshahi/Rangpur,0,,0,1,CHVACCCBCG,BDDHS2000360007,1999-00,DHS,307.0,238.0,,,1.0
BGD,Barishal,3714545,DPT 1 vaccination received,93.7,1,BD,Bangladesh,2000,BD2000DHS,CH_VACC_C_DP1,93906020,I,360001,1360010,Region,Barishal,0,,0,1,CHVACCCDP1,BDDHS2000360001,1999-00,DHS,77.0,110.0,,,1.0
BGD,Chattogram/Sylhet,7473425,DPT 1 vaccination received,87.8,1,BD,Bangladesh,2000,BD2000DHS,CH_VACC_C_DP1,93906020,I,360002,1360020,Region,Chattogram/Sylhet,0,,0,1,CHVACCCDP1,BDDHS2000360002,1999-00,DHS,368.0,424.0,,,
BGD,Chattogram,7917102,DPT 1 vaccination received,91.1,1,BD,Bangladesh,2000,BD2000DHS,CH_VACC_C_DP1,93906020,I,360003,1360030,Region,..Chattogram,0,,0,1,CHVACCCDP1,BDDHS2000360003,1999-00,DHS,274.0,263.0,,,1.0
BGD,Sylhet,110563,DPT 1 vaccination received,78.3,1,BD,Bangladesh,2000,BD2000DHS,CH_VACC_C_DP1,93906020,I,360004,1360040,Region,..Sylhet,0,,0,1,CHVACCCDP1,BDDHS2000360004,1999-00,DHS,94.0,161.0,,,1.0
BGD,Dhaka before 2015,6785470,DPT 1 vaccination received,84.8,1,BD,Bangladesh,2000,BD2000DHS,CH_VACC_C_DP1,93906020,I,360005,1360050,Region,Dhaka before 2015,0,,0,1,CHVACCCDP1,BDDHS2000360005,1999-00,DHS,403.0,307.0,,,1.0
BGD,Khulna,7630373,DPT 1 vaccination received,93.8,1,BD,Bangladesh,2000,BD2000DHS,CH_VACC_C_DP1,93906020,I,360006,1360060,Region,Khulna,0,,0,1,CHVACCCDP1,BDDHS2000360006,1999-00,DHS,159.0,222.0,,,1.0
BGD,Rajshahi/Rangpur,461528,DPT 1 vaccination received,92.0,1,BD,Bangladesh,2000,BD2000DHS,CH_VACC_C_DP1,93906020,I,360007,1360070,Region,Rajshahi/Rangpur,0,,0,1,CHVACCCDP1,BDDHS2000360007,1999-00,DHS,307.0,238.0,,,1.0
BGD,Barishal,3714542,DPT 2 vaccination received,88.5,1,BD,Bangladesh,2000,BD2000DHS,CH_VACC_C_DP2,93906030,I,360001,1360010,Region,Barishal,0,,0,1,CHVACCCDP2,BDDHS2000360001,1999-00,DHS,77.0,110.0,,,1.0
BGD,Chattogram/Sylhet,7473422,DPT 2 vaccination received,81.5,1,BD,Bangladesh,2000,BD2000DHS,CH_VACC_C_DP2,93906030,I,360002,1360020,Region,Chattogram/Sylhet,0,,0,1,CHVACCCDP2,BDDHS2000360002,1999-00,DHS,368.0,424.0,,,
BGD,Chattogram,7917110,DPT 2 vaccination received,85.7,1,BD,Bangladesh,2000,BD2000DHS,CH_VACC_C_DP2,93906030,I,360003,1360030,Region,..Chattogram,0,,0,1,CHVACCCDP2,BDDHS2000360003,1999-00,DHS,274.0,263.0,,,1.0
BGD,Sylhet,110573,DPT 2 vaccination received,69.3,1,BD,Bangladesh,2000,BD2000DHS,CH_VACC_C_DP2,93906030,I,360004,1360040,Region,..Sylhet,0,,0,1,CHVACCCDP2,BDDHS2000360004,1999-00,DHS,94.0,161.0,,,1.0
BGD,Dhaka before 2015,6785467,DPT 2 vaccination received,76.8,1,BD,Bangladesh,2000,BD2000DHS,CH_VACC_C_DP2,93906030,I,360005,1360050,Region,Dhaka before 2015,0,,0,1,CHVACCCDP2,BDDHS2000360005,1999-00,DHS,403.0,307.0,,,1.0
BGD,Khulna,7630378,DPT 2 vaccination received,90.2,1,BD,Bangladesh,2000,BD2000DHS,CH_VACC_C_DP2,93906030,I,360006,1360060,Region,Khulna,0,,0,1,CHVACCCDP2,BDDHS2000360006,1999-00,DHS,159.0,222.0,,,1.0
BGD,Rajshahi/Rangpur,461523,DPT 2 vaccination received,81.8,1,BD,Bangladesh,2000,BD2000DHS,CH_VACC_C_DP2,93906030,I,360007,1360070,Region,Rajshahi/Rangpur,0,,0,1,CHVACCCDP2,BDDHS2000360007,1999-00,DHS,307.0,238.0,,,1.0
BGD,Barishal,3714546,DPT 3 vaccination received,76.9,1,BD,Bangladesh,2000,BD2000DHS,CH_VACC_C_DP3,93906040,I,360001,1360010,Region,Barishal,0,,0,1,CHVACCCDP3,BDDHS2000360001,1999-00,DHS,77.0,110.0,,,1.0
BGD,Chattogram/Sylhet,7473426,DPT 3 vaccination received,73.0,1,BD,Bangladesh,2000,BD2000DHS,CH_VACC_C_DP3,93906040,I,360002,1360020,Region,Chattogram/Sylhet,0,,0,1,CHVACCCDP3,BDDHS2000360002,1999-00,DHS,368.0,424.0,,,
BGD,Chattogram,7917103,DPT 3 vaccination received,78.1,1,BD,Bangladesh,2000,BD2000DHS,CH_VACC_C_DP3,93906040,I,360003,1360030,Region,..Chattogram,0,,0,1,CHVACCCDP3,BDDHS2000360003,1999-00,DHS,274.0,263.0,,,1.0
BGD,Sylhet,110564,DPT 3 vaccination received,58.3,1,BD,Bangladesh,2000,BD2000DHS,CH_VACC_C_DP3,93906040,I,360004,1360040,Region,..Sylhet,0,,0,1,CHVACCCDP3,BDDHS2000360004,1999-00,DHS,94.0,161.0,,,1.0
BGD,Dhaka before 2015,6785471,DPT 3 vaccination received,68.8,1,BD,Bangladesh,2000,BD2000DHS,CH_VACC_C_DP3,93906040,I,360005,1360050,Region,Dhaka before 2015,0,,0,1,CHVACCCDP3,BDDHS2000360005,1999-00,DHS,403.0,307.0,,,1.0
BGD,Khulna,7630374,DPT 3 vaccination received,81.2,1,BD,Bangladesh,2000,BD2000DHS,CH_VACC_C_DP3,93906040,I,360006,1360060,Region,Khulna,0,,0,1,CHVACCCDP3,BDDHS2000360006,1999-00,DHS,159.0,222.0,,,1.0
BGD,Rajshahi/Rangpur,461529,DPT 3 vaccination received,69.5,1,BD,Bangladesh,2000,BD2000DHS,CH_VACC_C_DP3,93906040,I,360007,1360070,Region,Rajshahi/Rangpur,0,,0,1,CHVACCCDP3,BDDHS2000360007,1999-00,DHS,307.0,238.0,,,1.0
BGD,Barishal,3714550,Polio 1 vaccination received,95.3,1,BD,Bangladesh,2000,BD2000DHS,CH_VACC_C_OP1,93906060,I,360001,1360010,Region,Barishal,0,,0,1,CHVACCCOP1,BDDHS2000360001,1999-00,DHS,77.0,110.0,,,1.0
BGD,Chattogram/Sylhet,7473429,Polio 1 vaccination received,88.8,1,BD,Bangladesh,2000,BD2000DHS,CH_VACC_C_OP1,93906060,I,360002,1360020,Region,Chattogram/Sylhet,0,,0,1,CHVACCCOP1,BDDHS2000360002,1999-00,DHS,368.0,424.0,,,
BGD,Chattogram,7917107,Polio 1 vaccination received,92.6,1,BD,Bangladesh,2000,BD2000DHS,CH_VACC_C_OP1,93906060,I,360003,1360030,Region,..Chattogram,0,,0,1,CHVACCCOP1,BDDHS2000360003,1999-00,DHS,274.0,263.0,,,1.0
BGD,Sylhet,110567,Polio 1 vaccination received,77.7,1,BD,Bangladesh,2000,BD2000DHS,CH_VACC_C_OP1,93906060,I,360004,1360040,Region,..Sylhet,0,,0,1,CHVACCCOP1,BDDHS2000360004,1999-00,DHS,94.0,161.0,,,1.0
BGD,Dhaka before 2015,6785474,Polio 1 vaccination received,86.8,1,BD,Bangladesh,2000,BD2000DHS,CH_VACC_C_OP1,93906060,I,360005,1360050,Region,Dhaka before 2015,0,,0,1,CHVACCCOP1,BDDHS2000360005,1999-00,DHS,403.0,307.0,,,1.0
BGD,Khulna,7630380,Polio 1 vaccination received,95.6,1,BD,Bangladesh,2000,BD2000DHS,CH_VACC_C_OP1,93906060,I,360006,1360060,Region,Khulna,0,,0,1,CHVACCCOP1,BDDHS2000360006,1999-00,DHS,159.0,222.0,,,1.0
BGD,Rajshahi/Rangpur,461560,Polio 1 vaccination received,88.9,1,BD,Bangladesh,2000,BD2000DHS,CH_VACC_C_OP1,93906060,I,360007,1360070,Region,Rajshahi/Rangpur,0,,0,1,CHVACCCOP1,BDDHS2000360007,1999-00,DHS,307.0,238.0,,,1.0
BGD,Barishal,3714551,Polio 2 vaccination received,89.0,1,BD,Bangladesh,2000,BD2000DHS,CH_VACC_C_OP2,93906070,I,360001,1360010,Region,Barishal,0,,0,1,CHVACCCOP2,BDDHS2000360001,1999-00,DHS,77.0,110.0,,,1.0
BGD,Chattogram/Sylhet,7473621,Polio 2 vaccination received,82.3,1,BD,Bangladesh,2000,BD2000DHS,CH_VACC_C_OP2,93906070,I,360002,1360020,Region,Chattogram/Sylhet,0,,0,1,CHVACCCOP2,BDDHS2000360002,1999-00,DHS,368.0,424.0,,,
BGD,Chattogram,7917108,Polio 2 vaccination received,87.9,1,BD,Bangladesh,2000,BD2000DHS,CH_VACC_C_OP2,93906070,I,360003,1360030,Region,..Chattogram,0,,0,1,CHVACCCOP2,BDDHS2000360003,1999-00,DHS,274.0,263.0,,,1.0
BGD,Sylhet,110570,Polio 2 vaccination received,65.9,1,BD,Bangladesh,2000,BD2000DHS,CH_VACC_C_OP2,93906070,I,360004,1360040,Region,..Sylhet,0,,0,1,CHVACCCOP2,BDDHS2000360004,1999-00,DHS,94.0,161.0,,,1.0
BGD,Dhaka before 2015,6785475,Polio 2 vaccination received,79.2,1,BD,Bangladesh,2000,BD2000DHS,CH_VACC_C_OP2,93906070,I,360005,1360050,Region,Dhaka before 2015,0,,0,1,CHVACCCOP2,BDDHS2000360005,1999-00,DHS,403.0,307.0,,,1.0
BGD,Khulna,7630381,Polio 2 vaccination received,90.9,1,BD,Bangladesh,2000,BD2000DHS,CH_VACC_C_OP2,93906070,I,360006,1360060,Region,Khulna,0,,0,1,CHVACCCOP2,BDDHS2000360006,1999-00,DHS,159.0,222.0,,,1.0
BGD,Rajshahi/Rangpur,461584,Polio 2 vaccination received,77.0,1,BD,Bangladesh,2000,BD2000DHS,CH_VACC_C_OP2,93906070,I,360007,1360070,Region,Rajshahi/Rangpur,0,,0,1,CHVACCCOP2,BDDHS2000360007,1999-00,DHS,307.0,238.0,,,1.0
BGD,Barishal,3714552,Polio 3 vaccination received,78.8,1,BD,Bangladesh,2000,BD2000DHS,CH_VACC_C_OP3,93906080,I,360001,1360010,Region,Barishal,0,,0,1,CHVACCCOP3,BDDHS2000360001,1999-00,DHS,77.0,110.0,,,1.0
BGD,Chattogram/Sylhet,7473622,Polio 3 vaccination received,71.5,1,BD,Bangladesh,2000,BD2000DHS,CH_VACC_C_OP3,93906080,I,360002,1360020,Region,Chattogram/Sylhet,0,,0,1,CHVACCCOP3,BDDHS2000360002,1999-00,DHS,368.0,424.0,,,
BGD,Chattogram,7917109,Polio 3 vaccination received,76.5,1,BD,Bangladesh,2000,BD2000DHS,CH_VACC_C_OP3,93906080,I,360003,1360030,Region,..Chattogram,0,,0,1,CHVACCCOP3,BDDHS2000360003,1999-00,DHS,274.0,263.0,,,1.0
BGD,Sylhet,110571,Polio 3 vaccination received,56.7,1,BD,Bangladesh,2000,BD2000DHS,CH_VACC_C_OP3,93906080,I,360004,1360040,Region,..Sylhet,0,,0,1,CHVACCCOP3,BDDHS2000360004,1999-00,DHS,94.0,161.0,,,1.0
BGD,Dhaka before 2015,6785477,Polio 3 vaccination received,68.2,1,BD,Bangladesh,2000,BD2000DHS,CH_VACC_C_OP3,93906080,I,360005,1360050,Region,Dhaka before 2015,0,,0,1,CHVACCCOP3,BDDHS2000360005,1999-00,DHS,403.0,307.0,,,1.0
BGD,Khulna,7630382,Polio 3 vaccination received,78.8,1,BD,Bangladesh,2000,BD2000DHS,CH_VACC_C_OP3,93906080,I,360006,1360060,Region,Khulna,0,,0,1,CHVACCCOP3,BDDHS2000360006,1999-00,DHS,159.0,222.0,,,1.0
BGD,Rajshahi/Rangpur,461585,Polio 3 vaccination received,67.3,1,BD,Bangladesh,2000,BD2000DHS,CH_VACC_C_OP3,93906080,I,360007,1360070,Region,Rajshahi/Rangpur,0,,0,1,CHVACCCOP3,BDDHS2000360007,1999-00,DHS,307.0,238.0,,,1.0
BGD,Barishal,3714547,Measles vaccination received,70.2,1,BD,Bangladesh,2000,BD2000DHS,CH_VACC_C_MSL,93906090,I,360001,1360010,Region,Barishal,0,,0,1,CHVACCCMSL,BDDHS2000360001,1999-00,DHS,77.0,110.0,,,1.0
BGD,Chattogram/Sylhet,7473427,Measles vaccination received,72.4,1,BD,Bangladesh,2000,BD2000DHS,CH_VACC_C_MSL,93906090,I,360002,1360020,Region,Chattogram/Sylhet,0,,0,1,CHVACCCMSL,BDDHS2000360002,1999-00,DHS,368.0,424.0,,,
BGD,Chattogram,7917104,Measles vaccination received,77.2,1,BD,Bangladesh,2000,BD2000DHS,CH_VACC_C_MSL,93906090,I,360003,1360030,Region,..Chattogram,0,,0,1,CHVACCCMSL,BDDHS2000360003,1999-00,DHS,274.0,263.0,,,1.0
BGD,Sylhet,110565,Measles vaccination received,58.2,1,BD,Bangladesh,2000,BD2000DHS,CH_VACC_C_MSL,93906090,I,360004,1360040,Region,..Sylhet,0,,0,1,CHVACCCMSL,BDDHS2000360004,1999-00,DHS,94.0,161.0,,,1.0
BGD,Dhaka before 2015,6785472,Measles vaccination received,65.9,1,BD,Bangladesh,2000,BD2000DHS,CH_VACC_C_MSL,93906090,I,360005,1360050,Region,Dhaka before 2015,0,,0,1,CHVACCCMSL,BDDHS2000360005,1999-00,DHS,403.0,307.0,,,1.0
BGD,Khulna,7630375,Measles vaccination received,80.8,1,BD,Bangladesh,2000,BD2000DHS,CH_VACC_C_MSL,93906090,I,360006,1360060,Region,Khulna,0,,0,1,CHVACCCMSL,BDDHS2000360006,1999-00,DHS,159.0,222.0,,,1.0
BGD,Rajshahi/Rangpur,461530,Measles vaccination received,70.4,1,BD,Bangladesh,2000,BD2000DHS,CH_VACC_C_MSL,93906090,I,360007,1360070,Region,Rajshahi/Rangpur,0,,0,1,CHVACCCMSL,BDDHS2000360007,1999-00,DHS,307.0,238.0,,,1.0
BGD,Barishal,3714543,Fully vaccinated (8 basic antigens),63.0,1,BD,Bangladesh,2000,BD2000DHS,CH_VACC_C_BAS,93906230,I,360001,1360010,Region,Barishal,0,,0,1,CHVACCCBAS,BDDHS2000360001,1999-00,DHS,77.0,110.0,,,1.0
BGD,Chattogram/Sylhet,7473423,Fully vaccinated (8 basic antigens),62.5,1,BD,Bangladesh,2000,BD2000DHS,CH_VACC_C_BAS,93906230,I,360002,1360020,Region,Chattogram/Sylhet,0,,0,1,CHVACCCBAS,BDDHS2000360002,1999-00,DHS,368.0,424.0,,,
BGD,Chattogram,7917111,Fully vaccinated (8 basic antigens),68.4,1,BD,Bangladesh,2000,BD2000DHS,CH_VACC_C_BAS,93906230,I,360003,1360030,Region,..Chattogram,0,,0,1,CHVACCCBAS,BDDHS2000360003,1999-00,DHS,274.0,263.0,,,1.0
BGD,Sylhet,110574,Fully vaccinated (8 basic antigens),45.3,1,BD,Bangladesh,2000,BD2000DHS,CH_VACC_C_BAS,93906230,I,360004,1360040,Region,..Sylhet,0,,0,1,CHVACCCBAS,BDDHS2000360004,1999-00,DHS,94.0,161.0,,,1.0
BGD,Dhaka before 2015,6785468,Fully vaccinated (8 basic antigens),57.8,1,BD,Bangladesh,2000,BD2000DHS,CH_VACC_C_BAS,93906230,I,360005,1360050,Region,Dhaka before 2015,0,,0,1,CHVACCCBAS,BDDHS2000360005,1999-00,DHS,403.0,307.0,,,1.0
BGD,Khulna,7630742,Fully vaccinated (8 basic antigens),68.9,1,BD,Bangladesh,2000,BD2000DHS,CH_VACC_C_BAS,93906230,I,360006,1360060,Region,Khulna,0,,0,1,CHVACCCBAS,BDDHS2000360006,1999-00,DHS,159.0,222.0,,,1.0
BGD,Rajshahi/Rangpur,461587,Fully vaccinated (8 basic antigens),56.4,1,BD,Bangladesh,2000,BD2000DHS,CH_VACC_C_BAS,93906230,I,360007,1360070,Region,Rajshahi/Rangpur,0,,0,1,CHVACCCBAS,BDDHS2000360007,1999-00,DHS,307.0,238.0,,,1.0
BGD,Barishal,3714548,Received no vaccinations,4.7,1,BD,Bangladesh,2000,BD2000DHS,CH_VACC_C_NON,93906250,I,360001,1360010,Region,Barishal,0,,0,1,CHVACCCNON,BDDHS2000360001,1999-00,DHS,77.0,110.0,,,1.0
BGD,Chattogram/Sylhet,7473428,Received no vaccinations,8.9,1,BD,Bangladesh,2000,BD2000DHS,CH_VACC_C_NON,93906250,I,360002,1360020,Region,Chattogram/Sylhet,0,,0,1,CHVACCCNON,BDDHS2000360002,1999-00,DHS,368.0,424.0,,,
BGD,Chattogram,7917105,Received no vaccinations,5.7,1,BD,Bangladesh,2000,BD2000DHS,CH_VACC_C_NON,93906250,I,360003,1360030,Region,..Chattogram,0,,0,1,CHVACCCNON,BDDHS2000360003,1999-00,DHS,274.0,263.0,,,1.0
BGD,Sylhet,110566,Received no vaccinations,18.3,1,BD,Bangladesh,2000,BD2000DHS,CH_VACC_C_NON,93906250,I,360004,1360040,Region,..Sylhet,0,,0,1,CHVACCCNON,BDDHS2000360004,1999-00,DHS,94.0,161.0,,,1.0
BGD,Dhaka before 2015,6785473,Received no vaccinations,12.2,1,BD,Bangladesh,2000,BD2000DHS,CH_VACC_C_NON,93906250,I,360005,1360050,Region,Dhaka before 2015,0,,0,1,CHVACCCNON,BDDHS2000360005,1999-00,DHS,403.0,307.0,,,1.0
BGD,Khulna,7630376,Received no vaccinations,3.6,1,BD,Bangladesh,2000,BD2000DHS,CH_VACC_C_NON,93906250,I,360006,1360060,Region,Khulna,0,,0,1,CHVACCCNON,BDDHS2000360006,1999-00,DHS,159.0,222.0,,,1.0
BGD,Rajshahi/Rangpur,461531,Received no vaccinations,4.7,1,BD,Bangladesh,2000,BD2000DHS,CH_VACC_C_NON,93906250,I,360007,1360070,Region,Rajshahi/Rangpur,0,,0,1,CHVACCCNON,BDDHS2000360007,1999-00,DHS,307.0,238.0,,,1.0
BGD,Barishal,3714549,Number of children 12-23 months,77.0,0,BD,Bangladesh,2000,BD2000DHS,CH_VACC_C_NUM,93906270,D,360001,1360010,Region,Barishal,0,,0,1,CHVACCCNUM,BDDHS2000360001,1999-00,DHS,,110.0,,,1.0
BGD,Chattogram/Sylhet,7473105,Number of children 12-23 months,368.0,0,BD,Bangladesh,2000,BD2000DHS,CH_VACC_C_NUM,93906270,D,360002,1360020,Region,Chattogram/Sylhet,0,,0,1,CHVACCCNUM,BDDHS2000360002,1999-00,DHS,,424.0,,,
BGD,Chattogram,7917044,Number of children 12-23 months,274.0,0,BD,Bangladesh,2000,BD2000DHS,CH_VACC_C_NUM,93906270,D,360003,1360030,Region,..Chattogram,0,,0,1,CHVACCCNUM,BDDHS2000360003,1999-00,DHS,,263.0,,,1.0
BGD,Sylhet,2065138,Number of children 12-23 months,94.0,0,BD,Bangladesh,2000,BD2000DHS,CH_VACC_C_NUM,93906270,D,360004,1360040,Region,..Sylhet,0,,0,1,CHVACCCNUM,BDDHS2000360004,1999-00,DHS,,161.0,,,1.0
BGD,Dhaka before 2015,6811673,Number of children 12-23 months,403.0,0,BD,Bangladesh,2000,BD2000DHS,CH_VACC_C_NUM,93906270,D,360005,1360050,Region,Dhaka before 2015,0,,0,1,CHVACCCNUM,BDDHS2000360005,1999-00,DHS,,307.0,,,1.0
BGD,Khulna,7630371,Number of children 12-23 months,159.0,0,BD,Bangladesh,2000,BD2000DHS,CH_VACC_C_NUM,93906270,D,360006,1360060,Region,Khulna,0,,0,1,CHVACCCNUM,BDDHS2000360006,1999-00,DHS,,222.0,,,1.0
BGD,Rajshahi/Rangpur,2070835,Number of children 12-23 months,307.0,0,BD,Bangladesh,2000,BD2000DHS,CH_VACC_C_NUM,93906270,D,360007,1360070,Region,Rajshahi/Rangpur,0,,0,1,CHVACCCNUM,BDDHS2000360007,1999-00,DHS,,238.0,,,1.0
BGD,Barishal,2070843,Number of children 12-23 months (unweighted),110.0,0,BD,Bangladesh,2000,BD2000DHS,CH_VACC_C_UNW,93906280,U,360001,1360010,Region,Barishal,0,,0,1,CHVACCCUNW,BDDHS2000360001,1999-00,DHS,77.0,,,,1.0
BGD,Chattogram/Sylhet,7449655,Number of children 12-23 months (unweighted),424.0,0,BD,Bangladesh,2000,BD2000DHS,CH_VACC_C_UNW,93906280,U,360002,1360020,Region,Chattogram/Sylhet,0,,0,1,CHVACCCUNW,BDDHS2000360002,1999-00,DHS,368.0,,,,
BGD,Chattogram,7934390,Number of children 12-23 months (unweighted),263.0,0,BD,Bangladesh,2000,BD2000DHS,CH_VACC_C_UNW,93906280,U,360003,1360030,Region,..Chattogram,0,,0,1,CHVACCCUNW,BDDHS2000360003,1999-00,DHS,274.0,,,,1.0
BGD,Sylhet,110569,Number of children 12-23 months (unweighted),161.0,0,BD,Bangladesh,2000,BD2000DHS,CH_VACC_C_UNW,93906280,U,360004,1360040,Region,..Sylhet,0,,0,1,CHVACCCUNW,BDDHS2000360004,1999-00,DHS,94.0,,,,1.0
BGD,Dhaka before 2015,228167,Number of children 12-23 months (unweighted),307.0,0,BD,Bangladesh,2000,BD2000DHS,CH_VACC_C_UNW,93906280,U,360005,1360050,Region,Dhaka before 2015,0,,0,1,CHVACCCUNW,BDDHS2000360005,1999-00,DHS,403.0,,,,1.0
BGD,Khulna,7630379,Number of children 12-23 months (unweighted),222.0,0,BD,Bangladesh,2000,BD2000DHS,CH_VACC_C_UNW,93906280,U,360006,1360060,Region,Khulna,0,,0,1,CHVACCCUNW,BDDHS2000360006,1999-00,DHS,159.0,,,,1.0
BGD,Rajshahi/Rangpur,461532,Number of children 12-23 months (unweighted),238.0,0,BD,Bangladesh,2000,BD2000DHS,CH_VACC_C_UNW,93906280,U,360007,1360070,Region,Rajshahi/Rangpur,0,,0,1,CHVACCCUNW,BDDHS2000360007,1999-00,DHS,307.0,,,,1.0
BGD,Barishal,6078635,BCG vaccination received,96.2,1,BD,Bangladesh,2004,BD2004DHS,CH_VACC_C_BCG,93906010,I,360001,1360010,Region,Barishal,0,,0,1,CHVACCCBCG,BDDHS2004360001,2004,DHS,75.0,135.0,,,1.0
BGD,Chattogram/Sylhet,2738774,BCG vaccination received,91.4,1,BD,Bangladesh,2004,BD2004DHS,CH_VACC_C_BCG,93906010,I,360002,1360020,Region,Chattogram/Sylhet,0,,0,1,CHVACCCBCG,BDDHS2004360002,2004,DHS,372.0,429.0,,,
BGD,Chattogram,5076025,BCG vaccination received,93.1,1,BD,Bangladesh,2004,BD2004DHS,CH_VACC_C_BCG,93906010,I,360003,1360030,Region,..Chattogram,0,,0,1,CHVACCCBCG,BDDHS2004360003,2004,DHS,268.0,261.0,,,1.0
BGD,Sylhet,2058352,BCG vaccination received,87.1,1,BD,Bangladesh,2004,BD2004DHS,CH_VACC_C_BCG,93906010,I,360004,1360040,Region,..Sylhet,0,,0,1,CHVACCCBCG,BDDHS2004360004,2004,DHS,105.0,168.0,,,1.0
BGD,Dhaka before 2015,6844116,BCG vaccination received,95.5,1,BD,Bangladesh,2004,BD2004DHS,CH_VACC_C_BCG,93906010,I,360005,1360050,Region,Dhaka before 2015,0,,0,1,CHVACCCBCG,BDDHS2004360005,2004,DHS,375.0,266.0,,,1.0
BGD,Khulna,3454996,BCG vaccination received,96.9,1,BD,Bangladesh,2004,BD2004DHS,CH_VACC_C_BCG,93906010,I,360006,1360060,Region,Khulna,0,,0,1,CHVACCCBCG,BDDHS2004360006,2004,DHS,130.0,156.0,,,1.0
BGD,Rajshahi/Rangpur,2070901,BCG vaccination received,91.1,1,BD,Bangladesh,2004,BD2004DHS,CH_VACC_C_BCG,93906010,I,360007,1360070,Region,Rajshahi/Rangpur,0,,0,1,CHVACCCBCG,BDDHS2004360007,2004,DHS,313.0,261.0,,,1.0
BGD,Barishal,6078632,DPT 1 vaccination received,95.4,1,BD,Bangladesh,2004,BD2004DHS,CH_VACC_C_DP1,93906020,I,360001,1360010,Region,Barishal,0,,0,1,CHVACCCDP1,BDDHS2004360001,2004,DHS,75.0,135.0,,,1.0
BGD,Chattogram/Sylhet,2738772,DPT 1 vaccination received,90.5,1,BD,Bangladesh,2004,BD2004DHS,CH_VACC_C_DP1,93906020,I,360002,1360020,Region,Chattogram/Sylhet,0,,0,1,CHVACCCDP1,BDDHS2004360002,2004,DHS,372.0,429.0,,,
BGD,Chattogram,5076028,DPT 1 vaccination received,91.9,1,BD,Bangladesh,2004,BD2004DHS,CH_VACC_C_DP1,93906020,I,360003,1360030,Region,..Chattogram,0,,0,1,CHVACCCDP1,BDDHS2004360003,2004,DHS,268.0,261.0,,,1.0
BGD,Sylhet,2058360,DPT 1 vaccination received,86.8,1,BD,Bangladesh,2004,BD2004DHS,CH_VACC_C_DP1,93906020,I,360004,1360040,Region,..Sylhet,0,,0,1,CHVACCCDP1,BDDHS2004360004,2004,DHS,105.0,168.0,,,1.0
BGD,Dhaka before 2015,6844099,DPT 1 vaccination received,95.7,1,BD,Bangladesh,2004,BD2004DHS,CH_VACC_C_DP1,93906020,I,360005,1360050,Region,Dhaka before 2015,0,,0,1,CHVACCCDP1,BDDHS2004360005,2004,DHS,375.0,266.0,,,1.0
BGD,Khulna,3455003,DPT 1 vaccination received,96.9,1,BD,Bangladesh,2004,BD2004DHS,CH_VACC_C_DP1,93906020,I,360006,1360060,Region,Khulna,0,,0,1,CHVACCCDP1,BDDHS2004360006,2004,DHS,130.0,156.0,,,1.0
BGD,Rajshahi/Rangpur,2070882,DPT 1 vaccination received,90.8,1,BD,Bangladesh,2004,BD2004DHS,CH_VACC_C_DP1,93906020,I,360007,1360070,Region,Rajshahi/Rangpur,0,,0,1,CHVACCCDP1,BDDHS2004360007,2004,DHS,313.0,261.0,,,1.0
BGD,Barishal,6078636,DPT 2 vaccination received,90.0,1,BD,Bangladesh,2004,BD2004DHS,CH_VACC_C_DP2,93906030,I,360001,1360010,Region,Barishal,0,,0,1,CHVACCCDP2,BDDHS2004360001,2004,DHS,75.0,135.0,,,1.0
BGD,Chattogram/Sylhet,2738775,DPT 2 vaccination received,85.9,1,BD,Bangladesh,2004,BD2004DHS,CH_VACC_C_DP2,93906030,I,360002,1360020,Region,Chattogram/Sylhet,0,,0,1,CHVACCCDP2,BDDHS2004360002,2004,DHS,372.0,429.0,,,
BGD,Chattogram,5076026,DPT 2 vaccination received,88.4,1,BD,Bangladesh,2004,BD2004DHS,CH_VACC_C_DP2,93906030,I,360003,1360030,Region,..Chattogram,0,,0,1,CHVACCCDP2,BDDHS2004360003,2004,DHS,268.0,261.0,,,1.0
BGD,Sylhet,2058353,DPT 2 vaccination received,79.6,1,BD,Bangladesh,2004,BD2004DHS,CH_VACC_C_DP2,93906030,I,360004,1360040,Region,..Sylhet,0,,0,1,CHVACCCDP2,BDDHS2004360004,2004,DHS,105.0,168.0,,,1.0
BGD,Dhaka before 2015,6844117,DPT 2 vaccination received,85.7,1,BD,Bangladesh,2004,BD2004DHS,CH_VACC_C_DP2,93906030,I,360005,1360050,Region,Dhaka before 2015,0,,0,1,CHVACCCDP2,BDDHS2004360005,2004,DHS,375.0,266.0,,,1.0
BGD,Khulna,3454997,DPT 2 vaccination received,93.2,1,BD,Bangladesh,2004,BD2004DHS,CH_VACC_C_DP2,93906030,I,360006,1360060,Region,Khulna,0,,0,1,CHVACCCDP2,BDDHS2004360006,2004,DHS,130.0,156.0,,,1.0
BGD,Rajshahi/Rangpur,2070902,DPT 2 vaccination received,87.2,1,BD,Bangladesh,2004,BD2004DHS,CH_VACC_C_DP2,93906030,I,360007,1360070,Region,Rajshahi/Rangpur,0,,0,1,CHVACCCDP2,BDDHS2004360007,2004,DHS,313.0,261.0,,,1.0
BGD,Barishal,6078633,DPT 3 vaccination received,81.5,1,BD,Bangladesh,2004,BD2004DHS,CH_VACC_C_DP3,93906040,I,360001,1360010,Region,Barishal,0,,0,1,CHVACCCDP3,BDDHS2004360001,2004,DHS,75.0,135.0,,,1.0
BGD,Chattogram/Sylhet,2738773,DPT 3 vaccination received,79.8,1,BD,Bangladesh,2004,BD2004DHS,CH_VACC_C_DP3,93906040,I,360002,1360020,Region,Chattogram/Sylhet,0,,0,1,CHVACCCDP3,BDDHS2004360002,2004,DHS,372.0,429.0,,,
BGD,Chattogram,5076029,DPT 3 vaccination received,84.3,1,BD,Bangladesh,2004,BD2004DHS,CH_VACC_C_DP3,93906040,I,360003,1360030,Region,..Chattogram,0,,0,1,CHVACCCDP3,BDDHS2004360003,2004,DHS,268.0,261.0,,,1.0
BGD,Sylhet,2058366,DPT 3 vaccination received,68.3,1,BD,Bangladesh,2004,BD2004DHS,CH_VACC_C_DP3,93906040,I,360004,1360040,Region,..Sylhet,0,,0,1,CHVACCCDP3,BDDHS2004360004,2004,DHS,105.0,168.0,,,1.0
BGD,Dhaka before 2015,6844100,DPT 3 vaccination received,78.1,1,BD,Bangladesh,2004,BD2004DHS,CH_VACC_C_DP3,93906040,I,360005,1360050,Region,Dhaka before 2015,0,,0,1,CHVACCCDP3,BDDHS2004360005,2004,DHS,375.0,266.0,,,1.0
BGD,Khulna,3455004,DPT 3 vaccination received,87.6,1,BD,Bangladesh,2004,BD2004DHS,CH_VACC_C_DP3,93906040,I,360006,1360060,Region,Khulna,0,,0,1,CHVACCCDP3,BDDHS2004360006,2004,DHS,130.0,156.0,,,1.0
BGD,Rajshahi/Rangpur,2070883,DPT 3 vaccination received,82.9,1,BD,Bangladesh,2004,BD2004DHS,CH_VACC_C_DP3,93906040,I,360007,1360070,Region,Rajshahi/Rangpur,0,,0,1,CHVACCCDP3,BDDHS2004360007,2004,DHS,313.0,261.0,,,1.0
BGD,Barishal,6078628,Polio 0 vaccination received,4.0,1,BD,Bangladesh,2004,BD2004DHS,CH_VACC_C_OP0,93906050,I,360001,1360010,Region,Barishal,0,,0,1,CHVACCCOP0,BDDHS2004360001,2004,DHS,75.0,135.0,,,1.0
BGD,Chattogram/Sylhet,2738769,Polio 0 vaccination received,2.1,1,BD,Bangladesh,2004,BD2004DHS,CH_VACC_C_OP0,93906050,I,360002,1360020,Region,Chattogram/Sylhet,0,,0,1,CHVACCCOP0,BDDHS2004360002,2004,DHS,372.0,429.0,,,
BGD,Chattogram,5076020,Polio 0 vaccination received,2.7,1,BD,Bangladesh,2004,BD2004DHS,CH_VACC_C_OP0,93906050,I,360003,1360030,Region,..Chattogram,0,,0,1,CHVACCCOP0,BDDHS2004360003,2004,DHS,268.0,261.0,,,1.0
BGD,Sylhet,2058355,Polio 0 vaccination received,0.6,1,BD,Bangladesh,2004,BD2004DHS,CH_VACC_C_OP0,93906050,I,360004,1360040,Region,..Sylhet,0,,0,1,CHVACCCOP0,BDDHS2004360004,2004,DHS,105.0,168.0,,,1.0
BGD,Dhaka before 2015,6844095,Polio 0 vaccination received,2.0,1,BD,Bangladesh,2004,BD2004DHS,CH_VACC_C_OP0,93906050,I,360005,1360050,Region,Dhaka before 2015,0,,0,1,CHVACCCOP0,BDDHS2004360005,2004,DHS,375.0,266.0,,,1.0
BGD,Khulna,3454999,Polio 0 vaccination received,2.8,1,BD,Bangladesh,2004,BD2004DHS,CH_VACC_C_OP0,93906050,I,360006,1360060,Region,Khulna,0,,0,1,CHVACCCOP0,BDDHS2004360006,2004,DHS,130.0,156.0,,,1.0
BGD,Rajshahi/Rangpur,2070886,Polio 0 vaccination received,0.9,1,BD,Bangladesh,2004,BD2004DHS,CH_VACC_C_OP0,93906050,I,360007,1360070,Region,Rajshahi/Rangpur,0,,0,1,CHVACCCOP0,BDDHS2004360007,2004,DHS,313.0,261.0,,,1.0
BGD,Barishal,6078629,Polio 1 vaccination received,98.0,1,BD,Bangladesh,2004,BD2004DHS,CH_VACC_C_OP1,93906060,I,360001,1360010,Region,Barishal,0,,0,1,CHVACCCOP1,BDDHS2004360001,2004,DHS,75.0,135.0,,,1.0
BGD,Chattogram/Sylhet,2738770,Polio 1 vaccination received,94.0,1,BD,Bangladesh,2004,BD2004DHS,CH_VACC_C_OP1,93906060,I,360002,1360020,Region,Chattogram/Sylhet,0,,0,1,CHVACCCOP1,BDDHS2004360002,2004,DHS,372.0,429.0,,,
BGD,Chattogram,5076021,Polio 1 vaccination received,94.0,1,BD,Bangladesh,2004,BD2004DHS,CH_VACC_C_OP1,93906060,I,360003,1360030,Region,..Chattogram,0,,0,1,CHVACCCOP1,BDDHS2004360003,2004,DHS,268.0,261.0,,,1.0
BGD,Sylhet,2058356,Polio 1 vaccination received,94.0,1,BD,Bangladesh,2004,BD2004DHS,CH_VACC_C_OP1,93906060,I,360004,1360040,Region,..Sylhet,0,,0,1,CHVACCCOP1,BDDHS2004360004,2004,DHS,105.0,168.0,,,1.0
BGD,Dhaka before 2015,6844096,Polio 1 vaccination received,98.5,1,BD,Bangladesh,2004,BD2004DHS,CH_VACC_C_OP1,93906060,I,360005,1360050,Region,Dhaka before 2015,0,,0,1,CHVACCCOP1,BDDHS2004360005,2004,DHS,375.0,266.0,,,1.0
BGD,Khulna,3455000,Polio 1 vaccination received,100.0,1,BD,Bangladesh,2004,BD2004DHS,CH_VACC_C_OP1,93906060,I,360006,1360060,Region,Khulna,0,,0,1,CHVACCCOP1,BDDHS2004360006,2004,DHS,130.0,156.0,,,1.0
BGD,Rajshahi/Rangpur,2070887,Polio 1 vaccination received,95.0,1,BD,Bangladesh,2004,BD2004DHS,CH_VACC_C_OP1,93906060,I,360007,1360070,Region,Rajshahi/Rangpur,0,,0,1,CHVACCCOP1,BDDHS2004360007,2004,DHS,313.0,261.0,,,1.0
BGD,Barishal,6078630,Polio 2 vaccination received,91.5,1,BD,Bangladesh,2004,BD2004DHS,CH_VACC_C_OP2,93906070,I,360001,1360010,Region,Barishal,0,,0,1,CHVACCCOP2,BDDHS2004360001,2004,DHS,75.0,135.0,,,1.0
BGD,Chattogram/Sylhet,2738771,Polio 2 vaccination received,86.9,1,BD,Bangladesh,2004,BD2004DHS,CH_VACC_C_OP2,93906070,I,360002,1360020,Region,Chattogram/Sylhet,0,,0,1,CHVACCCOP2,BDDHS2004360002,2004,DHS,372.0,429.0,,,
BGD,Chattogram,5076022,Polio 2 vaccination received,89.2,1,BD,Bangladesh,2004,BD2004DHS,CH_VACC_C_OP2,93906070,I,360003,1360030,Region,..Chattogram,0,,0,1,CHVACCCOP2,BDDHS2004360003,2004,DHS,268.0,261.0,,,1.0
BGD,Sylhet,2058358,Polio 2 vaccination received,81.1,1,BD,Bangladesh,2004,BD2004DHS,CH_VACC_C_OP2,93906070,I,360004,1360040,Region,..Sylhet,0,,0,1,CHVACCCOP2,BDDHS2004360004,2004,DHS,105.0,168.0,,,1.0
BGD,Dhaka before 2015,6844097,Polio 2 vaccination received,87.2,1,BD,Bangladesh,2004,BD2004DHS,CH_VACC_C_OP2,93906070,I,360005,1360050,Region,Dhaka before 2015,0,,0,1,CHVACCCOP2,BDDHS2004360005,2004,DHS,375.0,266.0,,,1.0
BGD,Khulna,3455001,Polio 2 vaccination received,95.1,1,BD,Bangladesh,2004,BD2004DHS,CH_VACC_C_OP2,93906070,I,360006,1360060,Region,Khulna,0,,0,1,CHVACCCOP2,BDDHS2004360006,2004,DHS,130.0,156.0,,,1.0
BGD,Rajshahi/Rangpur,2070888,Polio 2 vaccination received,87.7,1,BD,Bangladesh,2004,BD2004DHS,CH_VACC_C_OP2,93906070,I,360007,1360070,Region,Rajshahi/Rangpur,0,,0,1,CHVACCCOP2,BDDHS2004360007,2004,DHS,313.0,261.0,,,1.0
BGD,Barishal,6078631,Polio 3 vaccination received,84.6,1,BD,Bangladesh,2004,BD2004DHS,CH_VACC_C_OP3,93906080,I,360001,1360010,Region,Barishal,0,,0,1,CHVACCCOP3,BDDHS2004360001,2004,DHS,75.0,135.0,,,1.0
BGD,Chattogram/Sylhet,2738778,Polio 3 vaccination received,80.2,1,BD,Bangladesh,2004,BD2004DHS,CH_VACC_C_OP3,93906080,I,360002,1360020,Region,Chattogram/Sylhet,0,,0,1,CHVACCCOP3,BDDHS2004360002,2004,DHS,372.0,429.0,,,
BGD,Chattogram,5076023,Polio 3 vaccination received,84.4,1,BD,Bangladesh,2004,BD2004DHS,CH_VACC_C_OP3,93906080,I,360003,1360030,Region,..Chattogram,0,,0,1,CHVACCCOP3,BDDHS2004360003,2004,DHS,268.0,261.0,,,1.0
BGD,Sylhet,2058359,Polio 3 vaccination received,69.5,1,BD,Bangladesh,2004,BD2004DHS,CH_VACC_C_OP3,93906080,I,360004,1360040,Region,..Sylhet,0,,0,1,CHVACCCOP3,BDDHS2004360004,2004,DHS,105.0,168.0,,,1.0
BGD,Dhaka before 2015,6844098,Polio 3 vaccination received,79.5,1,BD,Bangladesh,2004,BD2004DHS,CH_VACC_C_OP3,93906080,I,360005,1360050,Region,Dhaka before 2015,0,,0,1,CHVACCCOP3,BDDHS2004360005,2004,DHS,375.0,266.0,,,1.0
BGD,Khulna,3455002,Polio 3 vaccination received,90.2,1,BD,Bangladesh,2004,BD2004DHS,CH_VACC_C_OP3,93906080,I,360006,1360060,Region,Khulna,0,,0,1,CHVACCCOP3,BDDHS2004360006,2004,DHS,130.0,156.0,,,1.0
BGD,Rajshahi/Rangpur,2070889,Polio 3 vaccination received,84.2,1,BD,Bangladesh,2004,BD2004DHS,CH_VACC_C_OP3,93906080,I,360007,1360070,Region,Rajshahi/Rangpur,0,,0,1,CHVACCCOP3,BDDHS2004360007,2004,DHS,313.0,261.0,,,1.0
BGD,Barishal,6078634,Measles vaccination received,77.3,1,BD,Bangladesh,2004,BD2004DHS,CH_VACC_C_MSL,93906090,I,360001,1360010,Region,Barishal,0,,0,1,CHVACCCMSL,BDDHS2004360001,2004,DHS,75.0,135.0,,,1.0
BGD,Chattogram/Sylhet,2738776,Measles vaccination received,74.1,1,BD,Bangladesh,2004,BD2004DHS,CH_VACC_C_MSL,93906090,I,360002,1360020,Region,Chattogram/Sylhet,0,,0,1,CHVACCCMSL,BDDHS2004360002,2004,DHS,372.0,429.0,,,
BGD,Chattogram,5076104,Measles vaccination received,77.1,1,BD,Bangladesh,2004,BD2004DHS,CH_VACC_C_MSL,93906090,I,360003,1360030,Region,..Chattogram,0,,0,1,CHVACCCMSL,BDDHS2004360003,2004,DHS,268.0,261.0,,,1.0
BGD,Sylhet,2058367,Measles vaccination received,66.3,1,BD,Bangladesh,2004,BD2004DHS,CH_VACC_C_MSL,93906090,I,360004,1360040,Region,..Sylhet,0,,0,1,CHVACCCMSL,BDDHS2004360004,2004,DHS,105.0,168.0,,,1.0
BGD,Dhaka before 2015,6844101,Measles vaccination received,72.0,1,BD,Bangladesh,2004,BD2004DHS,CH_VACC_C_MSL,93906090,I,360005,1360050,Region,Dhaka before 2015,0,,0,1,CHVACCCMSL,BDDHS2004360005,2004,DHS,375.0,266.0,,,1.0
BGD,Khulna,3455005,Measles vaccination received,86.6,1,BD,Bangladesh,2004,BD2004DHS,CH_VACC_C_MSL,93906090,I,360006,1360060,Region,Khulna,0,,0,1,CHVACCCMSL,BDDHS2004360006,2004,DHS,130.0,156.0,,,1.0
BGD,Rajshahi/Rangpur,2070884,Measles vaccination received,77.0,1,BD,Bangladesh,2004,BD2004DHS,CH_VACC_C_MSL,93906090,I,360007,1360070,Region,Rajshahi/Rangpur,0,,0,1,CHVACCCMSL,BDDHS2004360007,2004,DHS,313.0,261.0,,,1.0
BGD,Barishal,6078637,Fully vaccinated (8 basic antigens),72.5,1,BD,Bangladesh,2004,BD2004DHS,CH_VACC_C_BAS,93906230,I,360001,1360010,Region,Barishal,0,,0,1,CHVACCCBAS,BDDHS2004360001,2004,DHS,75.0,135.0,,,1.0
BGD,Chattogram/Sylhet,2738699,Fully vaccinated (8 basic antigens),71.3,1,BD,Bangladesh,2004,BD2004DHS,CH_VACC_C_BAS,93906230,I,360002,1360020,Region,Chattogram/Sylhet,0,,0,1,CHVACCCBAS,BDDHS2004360002,2004,DHS,372.0,429.0,,,
BGD,Chattogram,5076027,Fully vaccinated (8 basic antigens),75.1,1,BD,Bangladesh,2004,BD2004DHS,CH_VACC_C_BAS,93906230,I,360003,1360030,Region,..Chattogram,0,,0,1,CHVACCCBAS,BDDHS2004360003,2004,DHS,268.0,261.0,,,1.0
BGD,Sylhet,2058354,Fully vaccinated (8 basic antigens),61.5,1,BD,Bangladesh,2004,BD2004DHS,CH_VACC_C_BAS,93906230,I,360004,1360040,Region,..Sylhet,0,,0,1,CHVACCCBAS,BDDHS2004360004,2004,DHS,105.0,168.0,,,1.0
BGD,Dhaka before 2015,6844118,Fully vaccinated (8 basic antigens),68.8,1,BD,Bangladesh,2004,BD2004DHS,CH_VACC_C_BAS,93906230,I,360005,1360050,Region,Dhaka before 2015,0,,0,1,CHVACCCBAS,BDDHS2004360005,2004,DHS,375.0,266.0,,,1.0
BGD,Khulna,3454998,Fully vaccinated (8 basic antigens),82.8,1,BD,Bangladesh,2004,BD2004DHS,CH_VACC_C_BAS,93906230,I,360006,1360060,Region,Khulna,0,,0,1,CHVACCCBAS,BDDHS2004360006,2004,DHS,130.0,156.0,,,1.0
BGD,Rajshahi/Rangpur,2070903,Fully vaccinated (8 basic antigens),76.4,1,BD,Bangladesh,2004,BD2004DHS,CH_VACC_C_BAS,93906230,I,360007,1360070,Region,Rajshahi/Rangpur,0,,0,1,CHVACCCBAS,BDDHS2004360007,2004,DHS,313.0,261.0,,,1.0
BGD,Barishal,6078638,Received no vaccinations,1.2,1,BD,Bangladesh,2004,BD2004DHS,CH_VACC_C_NON,93906250,I,360001,1360010,Region,Barishal,0,,0,1,CHVACCCNON,BDDHS2004360001,2004,DHS,75.0,135.0,,,1.0
BGD,Chattogram/Sylhet,2738777,Received no vaccinations,5.5,1,BD,Bangladesh,2004,BD2004DHS,CH_VACC_C_NON,93906250,I,360002,1360020,Region,Chattogram/Sylhet,0,,0,1,CHVACCCNON,BDDHS2004360002,2004,DHS,372.0,429.0,,,
BGD,Chattogram,5076105,Received no vaccinations,5.3,1,BD,Bangladesh,2004,BD2004DHS,CH_VACC_C_NON,93906250,I,360003,1360030,Region,..Chattogram,0,,0,1,CHVACCCNON,BDDHS2004360003,2004,DHS,268.0,261.0,,,1.0
BGD,Sylhet,2058368,Received no vaccinations,6.0,1,BD,Bangladesh,2004,BD2004DHS,CH_VACC_C_NON,93906250,I,360004,1360040,Region,..Sylhet,0,,0,1,CHVACCCNON,BDDHS2004360004,2004,DHS,105.0,168.0,,,1.0
BGD,Dhaka before 2015,6844102,Received no vaccinations,1.5,1,BD,Bangladesh,2004,BD2004DHS,CH_VACC_C_NON,93906250,I,360005,1360050,Region,Dhaka before 2015,0,,0,1,CHVACCCNON,BDDHS2004360005,2004,DHS,375.0,266.0,,,1.0
BGD,Khulna,3455006,Received no vaccinations,0.0,1,BD,Bangladesh,2004,BD2004DHS,CH_VACC_C_NON,93906250,I,360006,1360060,Region,Khulna,0,,0,1,CHVACCCNON,BDDHS2004360006,2004,DHS,130.0,156.0,,,1.0
BGD,Rajshahi/Rangpur,2070885,Received no vaccinations,4.8,1,BD,Bangladesh,2004,BD2004DHS,CH_VACC_C_NON,93906250,I,360007,1360070,Region,Rajshahi/Rangpur,0,,0,1,CHVACCCNON,BDDHS2004360007,2004,DHS,313.0,261.0,,,1.0
BGD,Barishal,6154654,Number of children 12-23 months,75.0,0,BD,Bangladesh,2004,BD2004DHS,CH_VACC_C_NUM,93906270,D,360001,1360010,Region,Barishal,0,,0,1,CHVACCCNUM,BDDHS2004360001,2004,DHS,,135.0,,,1.0
BGD,Chattogram/Sylhet,2076661,Number of children 12-23 months,372.0,0,BD,Bangladesh,2004,BD2004DHS,CH_VACC_C_NUM,93906270,D,360002,1360020,Region,Chattogram/Sylhet,0,,0,1,CHVACCCNUM,BDDHS2004360002,2004,DHS,,429.0,,,
BGD,Chattogram,5123414,Number of children 12-23 months,268.0,0,BD,Bangladesh,2004,BD2004DHS,CH_VACC_C_NUM,93906270,D,360003,1360030,Region,..Chattogram,0,,0,1,CHVACCCNUM,BDDHS2004360003,2004,DHS,,261.0,,,1.0
BGD,Sylhet,2058357,Number of children 12-23 months,105.0,0,BD,Bangladesh,2004,BD2004DHS,CH_VACC_C_NUM,93906270,D,360004,1360040,Region,..Sylhet,0,,0,1,CHVACCCNUM,BDDHS2004360004,2004,DHS,,168.0,,,1.0
BGD,Dhaka before 2015,6868872,Number of children 12-23 months,375.0,0,BD,Bangladesh,2004,BD2004DHS,CH_VACC_C_NUM,93906270,D,360005,1360050,Region,Dhaka before 2015,0,,0,1,CHVACCCNUM,BDDHS2004360005,2004,DHS,,266.0,,,1.0
BGD,Khulna,3563108,Number of children 12-23 months,130.0,0,BD,Bangladesh,2004,BD2004DHS,CH_VACC_C_NUM,93906270,D,360006,1360060,Region,Khulna,0,,0,1,CHVACCCNUM,BDDHS2004360006,2004,DHS,,156.0,,,1.0
BGD,Rajshahi/Rangpur,2070890,Number of children 12-23 months,313.0,0,BD,Bangladesh,2004,BD2004DHS,CH_VACC_C_NUM,93906270,D,360007,1360070,Region,Rajshahi/Rangpur,0,,0,1,CHVACCCNUM,BDDHS2004360007,2004,DHS,,261.0,,,1.0
BGD,Barishal,534000,Number of children 12-23 months (unweighted),135.0,0,BD,Bangladesh,2004,BD2004DHS,CH_VACC_C_UNW,93906280,U,360001,1360010,Region,Barishal,0,,0,1,CHVACCCUNW,BDDHS2004360001,2004,DHS,75.0,,,,1.0
BGD,Chattogram/Sylhet,2738741,Number of children 12-23 months (unweighted),429.0,0,BD,Bangladesh,2004,BD2004DHS,CH_VACC_C_UNW,93906280,U,360002,1360020,Region,Chattogram/Sylhet,0,,0,1,CHVACCCUNW,BDDHS2004360002,2004,DHS,372.0,,,,
BGD,Chattogram,5295859,Number of children 12-23 months (unweighted),261.0,0,BD,Bangladesh,2004,BD2004DHS,CH_VACC_C_UNW,93906280,U,360003,1360030,Region,..Chattogram,0,,0,1,CHVACCCUNW,BDDHS2004360003,2004,DHS,268.0,,,,1.0
BGD,Sylhet,2058371,Number of children 12-23 months (unweighted),168.0,0,BD,Bangladesh,2004,BD2004DHS,CH_VACC_C_UNW,93906280,U,360004,1360040,Region,..Sylhet,0,,0,1,CHVACCCUNW,BDDHS2004360004,2004,DHS,105.0,,,,1.0
BGD,Dhaka before 2015,988867,Number of children 12-23 months (unweighted),266.0,0,BD,Bangladesh,2004,BD2004DHS,CH_VACC_C_UNW,93906280,U,360005,1360050,Region,Dhaka before 2015,0,,0,1,CHVACCCUNW,BDDHS2004360005,2004,DHS,375.0,,,,1.0
BGD,Khulna,3359071,Number of children 12-23 months (unweighted),156.0,0,BD,Bangladesh,2004,BD2004DHS,CH_VACC_C_UNW,93906280,U,360006,1360060,Region,Khulna,0,,0,1,CHVACCCUNW,BDDHS2004360006,2004,DHS,130.0,,,,1.0
BGD,Rajshahi/Rangpur,2070904,Number of children 12-23 months (unweighted),261.0,0,BD,Bangladesh,2004,BD2004DHS,CH_VACC_C_UNW,93906280,U,360007,1360070,Region,Rajshahi/Rangpur,0,,0,1,CHVACCCUNW,BDDHS2004360007,2004,DHS,313.0,,,,1.0
BGD,Barishal,5215791,BCG vaccination received,97.7,1,BD,Bangladesh,2007,BD2007DHS,CH_VACC_C_BCG,93906010,I,360001,1360010,Region,Barishal,0,,0,1,CHVACCCBCG,BDDHS2007360001,2007,DHS,69.0,144.0,,,1.0
BGD,Chattogram/Sylhet,533995,BCG vaccination received,94.4,1,BD,Bangladesh,2007,BD2007DHS,CH_VACC_C_BCG,93906010,I,360002,1360020,Region,Chattogram/Sylhet,0,,0,1,CHVACCCBCG,BDDHS2007360002,2007,DHS,373.0,455.0,,,
BGD,Chattogram,4158901,BCG vaccination received,95.0,1,BD,Bangladesh,2007,BD2007DHS,CH_VACC_C_BCG,93906010,I,360003,1360030,Region,..Chattogram,0,,0,1,CHVACCCBCG,BDDHS2007360003,2007,DHS,278.0,267.0,,,1.0
BGD,Sylhet,7849285,BCG vaccination received,92.6,1,BD,Bangladesh,2007,BD2007DHS,CH_VACC_C_BCG,93906010,I,360004,1360040,Region,..Sylhet,0,,0,1,CHVACCCBCG,BDDHS2007360004,2007,DHS,95.0,188.0,,,1.0
BGD,Dhaka before 2015,4085944,BCG vaccination received,97.8,1,BD,Bangladesh,2007,BD2007DHS,CH_VACC_C_BCG,93906010,I,360005,1360050,Region,Dhaka before 2015,0,,0,1,CHVACCCBCG,BDDHS2007360005,2007,DHS,361.0,248.0,,,1.0
BGD,Khulna,255095,BCG vaccination received,99.0,1,BD,Bangladesh,2007,BD2007DHS,CH_VACC_C_BCG,93906010,I,360006,1360060,Region,Khulna,0,,0,1,CHVACCCBCG,BDDHS2007360006,2007,DHS,90.0,119.0,,,1.0
BGD,Rajshahi/Rangpur,2065274,BCG vaccination received,97.7,1,BD,Bangladesh,2007,BD2007DHS,CH_VACC_C_BCG,93906010,I,360007,1360070,Region,Rajshahi/Rangpur,0,,0,1,CHVACCCBCG,BDDHS2007360007,2007,DHS,253.0,195.0,,,1.0
BGD,Barishal,5215782,DPT 1 vaccination received,97.7,1,BD,Bangladesh,2007,BD2007DHS,CH_VACC_C_DP1,93906020,I,360001,1360010,Region,Barishal,0,,0,1,CHVACCCDP1,BDDHS2007360001,2007,DHS,69.0,144.0,,,1.0
BGD,Chattogram/Sylhet,533987,DPT 1 vaccination received,94.9,1,BD,Bangladesh,2007,BD2007DHS,CH_VACC_C_DP1,93906020,I,360002,1360020,Region,Chattogram/Sylhet,0,,0,1,CHVACCCDP1,BDDHS2007360002,2007,DHS,373.0,455.0,,,
BGD,Chattogram,4158892,DPT 1 vaccination received,95.7,1,BD,Bangladesh,2007,BD2007DHS,CH_VACC_C_DP1,93906020,I,360003,1360030,Region,..Chattogram,0,,0,1,CHVACCCDP1,BDDHS2007360003,2007,DHS,278.0,267.0,,,1.0
BGD,Sylhet,7849277,DPT 1 vaccination received,92.6,1,BD,Bangladesh,2007,BD2007DHS,CH_VACC_C_DP1,93906020,I,360004,1360040,Region,..Sylhet,0,,0,1,CHVACCCDP1,BDDHS2007360004,2007,DHS,95.0,188.0,,,1.0
BGD,Dhaka before 2015,4085947,DPT 1 vaccination received,97.5,1,BD,Bangladesh,2007,BD2007DHS,CH_VACC_C_DP1,93906020,I,360005,1360050,Region,Dhaka before 2015,0,,0,1,CHVACCCDP1,BDDHS2007360005,2007,DHS,361.0,248.0,,,1.0
BGD,Khulna,255062,DPT 1 vaccination received,99.0,1,BD,Bangladesh,2007,BD2007DHS,CH_VACC_C_DP1,93906020,I,360006,1360060,Region,Khulna,0,,0,1,CHVACCCDP1,BDDHS2007360006,2007,DHS,90.0,119.0,,,1.0
BGD,Rajshahi/Rangpur,2065264,DPT 1 vaccination received,97.7,1,BD,Bangladesh,2007,BD2007DHS,CH_VACC_C_DP1,93906020,I,360007,1360070,Region,Rajshahi/Rangpur,0,,0,1,CHVACCCDP1,BDDHS2007360007,2007,DHS,253.0,195.0,,,1.0
BGD,Barishal,5215792,DPT 2 vaccination received,95.8,1,BD,Bangladesh,2007,BD2007DHS,CH_VACC_C_DP2,93906030,I,360001,1360010,Region,Barishal,0,,0,1,CHVACCCDP2,BDDHS2007360001,2007,DHS,69.0,144.0,,,1.0
BGD,Chattogram/Sylhet,533996,DPT 2 vaccination received,91.9,1,BD,Bangladesh,2007,BD2007DHS,CH_VACC_C_DP2,93906030,I,360002,1360020,Region,Chattogram/Sylhet,0,,0,1,CHVACCCDP2,BDDHS2007360002,2007,DHS,373.0,455.0,,,
BGD,Chattogram,4158902,DPT 2 vaccination received,92.6,1,BD,Bangladesh,2007,BD2007DHS,CH_VACC_C_DP2,93906030,I,360003,1360030,Region,..Chattogram,0,,0,1,CHVACCCDP2,BDDHS2007360003,2007,DHS,278.0,267.0,,,1.0
BGD,Sylhet,7849286,DPT 2 vaccination received,90.0,1,BD,Bangladesh,2007,BD2007DHS,CH_VACC_C_DP2,93906030,I,360004,1360040,Region,..Sylhet,0,,0,1,CHVACCCDP2,BDDHS2007360004,2007,DHS,95.0,188.0,,,1.0
BGD,Dhaka before 2015,4085945,DPT 2 vaccination received,94.5,1,BD,Bangladesh,2007,BD2007DHS,CH_VACC_C_DP2,93906030,I,360005,1360050,Region,Dhaka before 2015,0,,0,1,CHVACCCDP2,BDDHS2007360005,2007,DHS,361.0,248.0,,,1.0
BGD,Khulna,255112,DPT 2 vaccination received,98.5,1,BD,Bangladesh,2007,BD2007DHS,CH_VACC_C_DP2,93906030,I,360006,1360060,Region,Khulna,0,,0,1,CHVACCCDP2,BDDHS2007360006,2007,DHS,90.0,119.0,,,1.0
BGD,Rajshahi/Rangpur,2065275,DPT 2 vaccination received,96.0,1,BD,Bangladesh,2007,BD2007DHS,CH_VACC_C_DP2,93906030,I,360007,1360070,Region,Rajshahi/Rangpur,0,,0,1,CHVACCCDP2,BDDHS2007360007,2007,DHS,253.0,195.0,,,1.0
BGD,Barishal,5215783,DPT 3 vaccination received,95.5,1,BD,Bangladesh,2007,BD2007DHS,CH_VACC_C_DP3,93906040,I,360001,1360010,Region,Barishal,0,,0,1,CHVACCCDP3,BDDHS2007360001,2007,DHS,69.0,144.0,,,1.0
BGD,Chattogram/Sylhet,533988,DPT 3 vaccination received,88.0,1,BD,Bangladesh,2007,BD2007DHS,CH_VACC_C_DP3,93906040,I,360002,1360020,Region,Chattogram/Sylhet,0,,0,1,CHVACCCDP3,BDDHS2007360002,2007,DHS,373.0,455.0,,,
BGD,Chattogram,4158893,DPT 3 vaccination received,90.0,1,BD,Bangladesh,2007,BD2007DHS,CH_VACC_C_DP3,93906040,I,360003,1360030,Region,..Chattogram,0,,0,1,CHVACCCDP3,BDDHS2007360003,2007,DHS,278.0,267.0,,,1.0
BGD,Sylhet,7849278,DPT 3 vaccination received,82.1,1,BD,Bangladesh,2007,BD2007DHS,CH_VACC_C_DP3,93906040,I,360004,1360040,Region,..Sylhet,0,,0,1,CHVACCCDP3,BDDHS2007360004,2007,DHS,95.0,188.0,,,1.0
BGD,Dhaka before 2015,4085948,DPT 3 vaccination received,91.1,1,BD,Bangladesh,2007,BD2007DHS,CH_VACC_C_DP3,93906040,I,360005,1360050,Region,Dhaka before 2015,0,,0,1,CHVACCCDP3,BDDHS2007360005,2007,DHS,361.0,248.0,,,1.0
BGD,Khulna,255063,DPT 3 vaccination received,94.6,1,BD,Bangladesh,2007,BD2007DHS,CH_VACC_C_DP3,93906040,I,360006,1360060,Region,Khulna,0,,0,1,CHVACCCDP3,BDDHS2007360006,2007,DHS,90.0,119.0,,,1.0
BGD,Rajshahi/Rangpur,2065265,DPT 3 vaccination received,93.2,1,BD,Bangladesh,2007,BD2007DHS,CH_VACC_C_DP3,93906040,I,360007,1360070,Region,Rajshahi/Rangpur,0,,0,1,CHVACCCDP3,BDDHS2007360007,2007,DHS,253.0,195.0,,,1.0
BGD,Barishal,5215785,Polio 0 vaccination received,10.0,1,BD,Bangladesh,2007,BD2007DHS,CH_VACC_C_OP0,93906050,I,360001,1360010,Region,Barishal,0,,0,1,CHVACCCOP0,BDDHS2007360001,2007,DHS,69.0,144.0,,,1.0
BGD,Chattogram/Sylhet,533985,Polio 0 vaccination received,5.2,1,BD,Bangladesh,2007,BD2007DHS,CH_VACC_C_OP0,93906050,I,360002,1360020,Region,Chattogram/Sylhet,0,,0,1,CHVACCCOP0,BDDHS2007360002,2007,DHS,373.0,455.0,,,
BGD,Chattogram,4158891,Polio 0 vaccination received,6.1,1,BD,Bangladesh,2007,BD2007DHS,CH_VACC_C_OP0,93906050,I,360003,1360030,Region,..Chattogram,0,,0,1,CHVACCCOP0,BDDHS2007360003,2007,DHS,278.0,267.0,,,1.0
BGD,Sylhet,7849281,Polio 0 vaccination received,2.4,1,BD,Bangladesh,2007,BD2007DHS,CH_VACC_C_OP0,93906050,I,360004,1360040,Region,..Sylhet,0,,0,1,CHVACCCOP0,BDDHS2007360004,2007,DHS,95.0,188.0,,,1.0
BGD,Dhaka before 2015,4085979,Polio 0 vaccination received,6.0,1,BD,Bangladesh,2007,BD2007DHS,CH_VACC_C_OP0,93906050,I,360005,1360050,Region,Dhaka before 2015,0,,0,1,CHVACCCOP0,BDDHS2007360005,2007,DHS,361.0,248.0,,,1.0
BGD,Khulna,255090,Polio 0 vaccination received,10.8,1,BD,Bangladesh,2007,BD2007DHS,CH_VACC_C_OP0,93906050,I,360006,1360060,Region,Khulna,0,,0,1,CHVACCCOP0,BDDHS2007360006,2007,DHS,90.0,119.0,,,1.0
BGD,Rajshahi/Rangpur,2065269,Polio 0 vaccination received,4.5,1,BD,Bangladesh,2007,BD2007DHS,CH_VACC_C_OP0,93906050,I,360007,1360070,Region,Rajshahi/Rangpur,0,,0,1,CHVACCCOP0,BDDHS2007360007,2007,DHS,253.0,195.0,,,1.0
BGD,Barishal,5215786,Polio 1 vaccination received,97.7,1,BD,Bangladesh,2007,BD2007DHS,CH_VACC_C_OP1,93906060,I,360001,1360010,Region,Barishal,0,,0,1,CHVACCCOP1,BDDHS2007360001,2007,DHS,69.0,144.0,,,1.0
BGD,Chattogram/Sylhet,533986,Polio 1 vaccination received,95.7,1,BD,Bangladesh,2007,BD2007DHS,CH_VACC_C_OP1,93906060,I,360002,1360020,Region,Chattogram/Sylhet,0,,0,1,CHVACCCOP1,BDDHS2007360002,2007,DHS,373.0,455.0,,,
BGD,Chattogram,4158895,Polio 1 vaccination received,95.9,1,BD,Bangladesh,2007,BD2007DHS,CH_VACC_C_OP1,93906060,I,360003,1360030,Region,..Chattogram,0,,0,1,CHVACCCOP1,BDDHS2007360003,2007,DHS,278.0,267.0,,,1.0
BGD,Sylhet,7849282,Polio 1 vaccination received,95.2,1,BD,Bangladesh,2007,BD2007DHS,CH_VACC_C_OP1,93906060,I,360004,1360040,Region,..Sylhet,0,,0,1,CHVACCCOP1,BDDHS2007360004,2007,DHS,95.0,188.0,,,1.0
BGD,Dhaka before 2015,4085980,Polio 1 vaccination received,99.2,1,BD,Bangladesh,2007,BD2007DHS,CH_VACC_C_OP1,93906060,I,360005,1360050,Region,Dhaka before 2015,0,,0,1,CHVACCCOP1,BDDHS2007360005,2007,DHS,361.0,248.0,,,1.0
BGD,Khulna,255091,Polio 1 vaccination received,99.7,1,BD,Bangladesh,2007,BD2007DHS,CH_VACC_C_OP1,93906060,I,360006,1360060,Region,Khulna,0,,0,1,CHVACCCOP1,BDDHS2007360006,2007,DHS,90.0,119.0,,,1.0
BGD,Rajshahi/Rangpur,2065270,Polio 1 vaccination received,97.7,1,BD,Bangladesh,2007,BD2007DHS,CH_VACC_C_OP1,93906060,I,360007,1360070,Region,Rajshahi/Rangpur,0,,0,1,CHVACCCOP1,BDDHS2007360007,2007,DHS,253.0,195.0,,,1.0
BGD,Barishal,5215787,Polio 2 vaccination received,95.8,1,BD,Bangladesh,2007,BD2007DHS,CH_VACC_C_OP2,93906070,I,360001,1360010,Region,Barishal,0,,0,1,CHVACCCOP2,BDDHS2007360001,2007,DHS,69.0,144.0,,,1.0
BGD,Chattogram/Sylhet,533991,Polio 2 vaccination received,91.6,1,BD,Bangladesh,2007,BD2007DHS,CH_VACC_C_OP2,93906070,I,360002,1360020,Region,Chattogram/Sylhet,0,,0,1,CHVACCCOP2,BDDHS2007360002,2007,DHS,373.0,455.0,,,
BGD,Chattogram,4158896,Polio 2 vaccination received,92.4,1,BD,Bangladesh,2007,BD2007DHS,CH_VACC_C_OP2,93906070,I,360003,1360030,Region,..Chattogram,0,,0,1,CHVACCCOP2,BDDHS2007360003,2007,DHS,278.0,267.0,,,1.0
BGD,Sylhet,7849283,Polio 2 vaccination received,89.4,1,BD,Bangladesh,2007,BD2007DHS,CH_VACC_C_OP2,93906070,I,360004,1360040,Region,..Sylhet,0,,0,1,CHVACCCOP2,BDDHS2007360004,2007,DHS,95.0,188.0,,,1.0
BGD,Dhaka before 2015,4085981,Polio 2 vaccination received,94.5,1,BD,Bangladesh,2007,BD2007DHS,CH_VACC_C_OP2,93906070,I,360005,1360050,Region,Dhaka before 2015,0,,0,1,CHVACCCOP2,BDDHS2007360005,2007,DHS,361.0,248.0,,,1.0
BGD,Khulna,255092,Polio 2 vaccination received,98.5,1,BD,Bangladesh,2007,BD2007DHS,CH_VACC_C_OP2,93906070,I,360006,1360060,Region,Khulna,0,,0,1,CHVACCCOP2,BDDHS2007360006,2007,DHS,90.0,119.0,,,1.0
BGD,Rajshahi/Rangpur,2065271,Polio 2 vaccination received,96.0,1,BD,Bangladesh,2007,BD2007DHS,CH_VACC_C_OP2,93906070,I,360007,1360070,Region,Rajshahi/Rangpur,0,,0,1,CHVACCCOP2,BDDHS2007360007,2007,DHS,253.0,195.0,,,1.0
BGD,Barishal,5215788,Polio 3 vaccination received,95.5,1,BD,Bangladesh,2007,BD2007DHS,CH_VACC_C_OP3,93906080,I,360001,1360010,Region,Barishal,0,,0,1,CHVACCCOP3,BDDHS2007360001,2007,DHS,69.0,144.0,,,1.0
BGD,Chattogram/Sylhet,533992,Polio 3 vaccination received,86.6,1,BD,Bangladesh,2007,BD2007DHS,CH_VACC_C_OP3,93906080,I,360002,1360020,Region,Chattogram/Sylhet,0,,0,1,CHVACCCOP3,BDDHS2007360002,2007,DHS,373.0,455.0,,,
BGD,Chattogram,4158897,Polio 3 vaccination received,88.6,1,BD,Bangladesh,2007,BD2007DHS,CH_VACC_C_OP3,93906080,I,360003,1360030,Region,..Chattogram,0,,0,1,CHVACCCOP3,BDDHS2007360003,2007,DHS,278.0,267.0,,,1.0
BGD,Sylhet,7849284,Polio 3 vaccination received,80.9,1,BD,Bangladesh,2007,BD2007DHS,CH_VACC_C_OP3,93906080,I,360004,1360040,Region,..Sylhet,0,,0,1,CHVACCCOP3,BDDHS2007360004,2007,DHS,95.0,188.0,,,1.0
BGD,Dhaka before 2015,4085982,Polio 3 vaccination received,91.7,1,BD,Bangladesh,2007,BD2007DHS,CH_VACC_C_OP3,93906080,I,360005,1360050,Region,Dhaka before 2015,0,,0,1,CHVACCCOP3,BDDHS2007360005,2007,DHS,361.0,248.0,,,1.0
BGD,Khulna,255093,Polio 3 vaccination received,94.6,1,BD,Bangladesh,2007,BD2007DHS,CH_VACC_C_OP3,93906080,I,360006,1360060,Region,Khulna,0,,0,1,CHVACCCOP3,BDDHS2007360006,2007,DHS,90.0,119.0,,,1.0
BGD,Rajshahi/Rangpur,2065272,Polio 3 vaccination received,93.2,1,BD,Bangladesh,2007,BD2007DHS,CH_VACC_C_OP3,93906080,I,360007,1360070,Region,Rajshahi/Rangpur,0,,0,1,CHVACCCOP3,BDDHS2007360007,2007,DHS,253.0,195.0,,,1.0
BGD,Barishal,5215784,Measles vaccination received,90.2,1,BD,Bangladesh,2007,BD2007DHS,CH_VACC_C_MSL,93906090,I,360001,1360010,Region,Barishal,0,,0,1,CHVACCCMSL,BDDHS2007360001,2007,DHS,69.0,144.0,,,1.0
BGD,Chattogram/Sylhet,533989,Measles vaccination received,77.9,1,BD,Bangladesh,2007,BD2007DHS,CH_VACC_C_MSL,93906090,I,360002,1360020,Region,Chattogram/Sylhet,0,,0,1,CHVACCCMSL,BDDHS2007360002,2007,DHS,373.0,455.0,,,
BGD,Chattogram,4158894,Measles vaccination received,79.6,1,BD,Bangladesh,2007,BD2007DHS,CH_VACC_C_MSL,93906090,I,360003,1360030,Region,..Chattogram,0,,0,1,CHVACCCMSL,BDDHS2007360003,2007,DHS,278.0,267.0,,,1.0
BGD,Sylhet,7849279,Measles vaccination received,73.1,1,BD,Bangladesh,2007,BD2007DHS,CH_VACC_C_MSL,93906090,I,360004,1360040,Region,..Sylhet,0,,0,1,CHVACCCMSL,BDDHS2007360004,2007,DHS,95.0,188.0,,,1.0
BGD,Dhaka before 2015,4085949,Measles vaccination received,83.3,1,BD,Bangladesh,2007,BD2007DHS,CH_VACC_C_MSL,93906090,I,360005,1360050,Region,Dhaka before 2015,0,,0,1,CHVACCCMSL,BDDHS2007360005,2007,DHS,361.0,248.0,,,1.0
BGD,Khulna,255064,Measles vaccination received,89.6,1,BD,Bangladesh,2007,BD2007DHS,CH_VACC_C_MSL,93906090,I,360006,1360060,Region,Khulna,0,,0,1,CHVACCCMSL,BDDHS2007360006,2007,DHS,90.0,119.0,,,1.0
BGD,Rajshahi/Rangpur,2065266,Measles vaccination received,86.1,1,BD,Bangladesh,2007,BD2007DHS,CH_VACC_C_MSL,93906090,I,360007,1360070,Region,Rajshahi/Rangpur,0,,0,1,CHVACCCMSL,BDDHS2007360007,2007,DHS,253.0,195.0,,,1.0
BGD,Barishal,5215793,Fully vaccinated (8 basic antigens),90.2,1,BD,Bangladesh,2007,BD2007DHS,CH_VACC_C_BAS,93906230,I,360001,1360010,Region,Barishal,0,,0,1,CHVACCCBAS,BDDHS2007360001,2007,DHS,69.0,144.0,,,1.0
BGD,Chattogram/Sylhet,533998,Fully vaccinated (8 basic antigens),75.6,1,BD,Bangladesh,2007,BD2007DHS,CH_VACC_C_BAS,93906230,I,360002,1360020,Region,Chattogram/Sylhet,0,,0,1,CHVACCCBAS,BDDHS2007360002,2007,DHS,373.0,455.0,,,
BGD,Chattogram,4158903,Fully vaccinated (8 basic antigens),77.2,1,BD,Bangladesh,2007,BD2007DHS,CH_VACC_C_BAS,93906230,I,360003,1360030,Region,..Chattogram,0,,0,1,CHVACCCBAS,BDDHS2007360003,2007,DHS,278.0,267.0,,,1.0
BGD,Sylhet,7849287,Fully vaccinated (8 basic antigens),70.8,1,BD,Bangladesh,2007,BD2007DHS,CH_VACC_C_BAS,93906230,I,360004,1360040,Region,..Sylhet,0,,0,1,CHVACCCBAS,BDDHS2007360004,2007,DHS,95.0,188.0,,,1.0
BGD,Dhaka before 2015,4085946,Fully vaccinated (8 basic antigens),82.4,1,BD,Bangladesh,2007,BD2007DHS,CH_VACC_C_BAS,93906230,I,360005,1360050,Region,Dhaka before 2015,0,,0,1,CHVACCCBAS,BDDHS2007360005,2007,DHS,361.0,248.0,,,1.0
BGD,Khulna,255113,Fully vaccinated (8 basic antigens),88.9,1,BD,Bangladesh,2007,BD2007DHS,CH_VACC_C_BAS,93906230,I,360006,1360060,Region,Khulna,0,,0,1,CHVACCCBAS,BDDHS2007360006,2007,DHS,90.0,119.0,,,1.0
BGD,Rajshahi/Rangpur,2065276,Fully vaccinated (8 basic antigens),85.6,1,BD,Bangladesh,2007,BD2007DHS,CH_VACC_C_BAS,93906230,I,360007,1360070,Region,Rajshahi/Rangpur,0,,0,1,CHVACCCBAS,BDDHS2007360007,2007,DHS,253.0,195.0,,,1.0
BGD,Barishal,5215789,Received no vaccinations,2.3,1,BD,Bangladesh,2007,BD2007DHS,CH_VACC_C_NON,93906250,I,360001,1360010,Region,Barishal,0,,0,1,CHVACCCNON,BDDHS2007360001,2007,DHS,69.0,144.0,,,1.0
BGD,Chattogram/Sylhet,533990,Received no vaccinations,3.9,1,BD,Bangladesh,2007,BD2007DHS,CH_VACC_C_NON,93906250,I,360002,1360020,Region,Chattogram/Sylhet,0,,0,1,CHVACCCNON,BDDHS2007360002,2007,DHS,373.0,455.0,,,
BGD,Chattogram,4158898,Received no vaccinations,3.5,1,BD,Bangladesh,2007,BD2007DHS,CH_VACC_C_NON,93906250,I,360003,1360030,Region,..Chattogram,0,,0,1,CHVACCCNON,BDDHS2007360003,2007,DHS,278.0,267.0,,,1.0
BGD,Sylhet,7849280,Received no vaccinations,4.8,1,BD,Bangladesh,2007,BD2007DHS,CH_VACC_C_NON,93906250,I,360004,1360040,Region,..Sylhet,0,,0,1,CHVACCCNON,BDDHS2007360004,2007,DHS,95.0,188.0,,,1.0
BGD,Dhaka before 2015,4085950,Received no vaccinations,0.8,1,BD,Bangladesh,2007,BD2007DHS,CH_VACC_C_NON,93906250,I,360005,1360050,Region,Dhaka before 2015,0,,0,1,CHVACCCNON,BDDHS2007360005,2007,DHS,361.0,248.0,,,1.0
BGD,Khulna,255065,Received no vaccinations,0.3,1,BD,Bangladesh,2007,BD2007DHS,CH_VACC_C_NON,93906250,I,360006,1360060,Region,Khulna,0,,0,1,CHVACCCNON,BDDHS2007360006,2007,DHS,90.0,119.0,,,1.0
BGD,Rajshahi/Rangpur,2065267,Received no vaccinations,2.3,1,BD,Bangladesh,2007,BD2007DHS,CH_VACC_C_NON,93906250,I,360007,1360070,Region,Rajshahi/Rangpur,0,,0,1,CHVACCCNON,BDDHS2007360007,2007,DHS,253.0,195.0,,,1.0
BGD,Barishal,5320197,Number of children 12-23 months,69.0,0,BD,Bangladesh,2007,BD2007DHS,CH_VACC_C_NUM,93906270,D,360001,1360010,Region,Barishal,0,,0,1,CHVACCCNUM,BDDHS2007360001,2007,DHS,,144.0,,,1.0
BGD,Chattogram/Sylhet,2076738,Number of children 12-23 months,373.0,0,BD,Bangladesh,2007,BD2007DHS,CH_VACC_C_NUM,93906270,D,360002,1360020,Region,Chattogram/Sylhet,0,,0,1,CHVACCCNUM,BDDHS2007360002,2007,DHS,,455.0,,,
BGD,Chattogram,4206899,Number of children 12-23 months,278.0,0,BD,Bangladesh,2007,BD2007DHS,CH_VACC_C_NUM,93906270,D,360003,1360030,Region,..Chattogram,0,,0,1,CHVACCCNUM,BDDHS2007360003,2007,DHS,,267.0,,,1.0
BGD,Sylhet,7848005,Number of children 12-23 months,95.0,0,BD,Bangladesh,2007,BD2007DHS,CH_VACC_C_NUM,93906270,D,360004,1360040,Region,..Sylhet,0,,0,1,CHVACCCNUM,BDDHS2007360004,2007,DHS,,188.0,,,1.0
BGD,Dhaka before 2015,4137118,Number of children 12-23 months,361.0,0,BD,Bangladesh,2007,BD2007DHS,CH_VACC_C_NUM,93906270,D,360005,1360050,Region,Dhaka before 2015,0,,0,1,CHVACCCNUM,BDDHS2007360005,2007,DHS,,248.0,,,1.0
BGD,Khulna,2058458,Number of children 12-23 months,90.0,0,BD,Bangladesh,2007,BD2007DHS,CH_VACC_C_NUM,93906270,D,360006,1360060,Region,Khulna,0,,0,1,CHVACCCNUM,BDDHS2007360006,2007,DHS,,119.0,,,1.0
BGD,Rajshahi/Rangpur,2065268,Number of children 12-23 months,253.0,0,BD,Bangladesh,2007,BD2007DHS,CH_VACC_C_NUM,93906270,D,360007,1360070,Region,Rajshahi/Rangpur,0,,0,1,CHVACCCNUM,BDDHS2007360007,2007,DHS,,195.0,,,1.0
BGD,Barishal,308451,Number of children 12-23 months (unweighted),144.0,0,BD,Bangladesh,2007,BD2007DHS,CH_VACC_C_UNW,93906280,U,360001,1360010,Region,Barishal,0,,0,1,CHVACCCUNW,BDDHS2007360001,2007,DHS,69.0,,,,1.0
BGD,Chattogram/Sylhet,533976,Number of children 12-23 months (unweighted),455.0,0,BD,Bangladesh,2007,BD2007DHS,CH_VACC_C_UNW,93906280,U,360002,1360020,Region,Chattogram/Sylhet,0,,0,1,CHVACCCUNW,BDDHS2007360002,2007,DHS,373.0,,,,
BGD,Chattogram,3165863,Number of children 12-23 months (unweighted),267.0,0,BD,Bangladesh,2007,BD2007DHS,CH_VACC_C_UNW,93906280,U,360003,1360030,Region,..Chattogram,0,,0,1,CHVACCCUNW,BDDHS2007360003,2007,DHS,278.0,,,,1.0
BGD,Sylhet,7872698,Number of children 12-23 months (unweighted),188.0,0,BD,Bangladesh,2007,BD2007DHS,CH_VACC_C_UNW,93906280,U,360004,1360040,Region,..Sylhet,0,,0,1,CHVACCCUNW,BDDHS2007360004,2007,DHS,95.0,,,,1.0
BGD,Dhaka before 2015,3059576,Number of children 12-23 months (unweighted),248.0,0,BD,Bangladesh,2007,BD2007DHS,CH_VACC_C_UNW,93906280,U,360005,1360050,Region,Dhaka before 2015,0,,0,1,CHVACCCUNW,BDDHS2007360005,2007,DHS,361.0,,,,1.0
BGD,Khulna,255061,Number of children 12-23 months (unweighted),119.0,0,BD,Bangladesh,2007,BD2007DHS,CH_VACC_C_UNW,93906280,U,360006,1360060,Region,Khulna,0,,0,1,CHVACCCUNW,BDDHS2007360006,2007,DHS,90.0,,,,1.0
BGD,Rajshahi/Rangpur,2065284,Number of children 12-23 months (unweighted),195.0,0,BD,Bangladesh,2007,BD2007DHS,CH_VACC_C_UNW,93906280,U,360007,1360070,Region,Rajshahi/Rangpur,0,,0,1,CHVACCCUNW,BDDHS2007360007,2007,DHS,253.0,,,,1.0
BGD,Barishal,7387587,BCG vaccination received,98.5,1,BD,Bangladesh,2011,BD2011DHS,CH_VACC_C_BCG,93906010,I,360001,1360010,Region,Barishal,0,,0,1,CHVACCCBCG,BDDHS2011360001,2011,DHS,84.0,170.0,,,1.0
BGD,Chattogram/Sylhet,4673722,BCG vaccination received,96.7,1,BD,Bangladesh,2011,BD2011DHS,CH_VACC_C_BCG,93906010,I,360002,1360020,Region,Chattogram/Sylhet,0,,0,1,CHVACCCBCG,BDDHS2011360002,2011,DHS,475.0,549.0,,,
BGD,Chattogram,6271372,BCG vaccination received,96.9,1,BD,Bangladesh,2011,BD2011DHS,CH_VACC_C_BCG,93906010,I,360003,1360030,Region,..Chattogram,0,,0,1,CHVACCCBCG,BDDHS2011360003,2011,DHS,366.0,323.0,,,1.0
BGD,Sylhet,2071049,BCG vaccination received,96.0,1,BD,Bangladesh,2011,BD2011DHS,CH_VACC_C_BCG,93906010,I,360004,1360040,Region,..Sylhet,0,,0,1,CHVACCCBCG,BDDHS2011360004,2011,DHS,109.0,226.0,,,1.0
BGD,Dhaka before 2015,5580845,BCG vaccination received,98.4,1,BD,Bangladesh,2011,BD2011DHS,CH_VACC_C_BCG,93906010,I,360005,1360050,Region,Dhaka before 2015,0,,0,1,CHVACCCBCG,BDDHS2011360005,2011,DHS,478.0,254.0,,,1.0
BGD,Khulna,799793,BCG vaccination received,99.1,1,BD,Bangladesh,2011,BD2011DHS,CH_VACC_C_BCG,93906010,I,360006,1360060,Region,Khulna,0,,0,1,CHVACCCBCG,BDDHS2011360006,2011,DHS,144.0,182.0,,,1.0
BGD,Rajshahi/Rangpur,4085856,BCG vaccination received,97.8,1,BD,Bangladesh,2011,BD2011DHS,CH_VACC_C_BCG,93906010,I,360007,1360070,Region,Rajshahi/Rangpur,0,,0,1,CHVACCCBCG,BDDHS2011360007,2011,DHS,366.0,391.0,,,
BGD,Rangpur,3567378,BCG vaccination received,98.4,1,BD,Bangladesh,2011,BD2011DHS,CH_VACC_C_BCG,93906010,I,360008,1360080,Region,..Rangpur,0,,0,1,CHVACCCBCG,BDDHS2011360008,2011,DHS,148.0,180.0,,,1.0
BGD,Rajshahi,3997928,BCG vaccination received,97.4,1,BD,Bangladesh,2011,BD2011DHS,CH_VACC_C_BCG,93906010,I,360009,1360090,Region,..Rajshahi,0,,0,1,CHVACCCBCG,BDDHS2011360009,2011,DHS,218.0,211.0,,,1.0
BGD,Barishal,7387561,DPT 1 vaccination received,98.5,1,BD,Bangladesh,2011,BD2011DHS,CH_VACC_C_DP1,93906020,I,360001,1360010,Region,Barishal,0,,0,1,CHVACCCDP1,BDDHS2011360001,2011,DHS,84.0,170.0,,,1.0
BGD,Chattogram/Sylhet,4673718,DPT 1 vaccination received,96.4,1,BD,Bangladesh,2011,BD2011DHS,CH_VACC_C_DP1,93906020,I,360002,1360020,Region,Chattogram/Sylhet,0,,0,1,CHVACCCDP1,BDDHS2011360002,2011,DHS,475.0,549.0,,,
BGD,Chattogram,6271368,DPT 1 vaccination received,96.5,1,BD,Bangladesh,2011,BD2011DHS,CH_VACC_C_DP1,93906020,I,360003,1360030,Region,..Chattogram,0,,0,1,CHVACCCDP1,BDDHS2011360003,2011,DHS,366.0,323.0,,,1.0
BGD,Sylhet,2071047,DPT 1 vaccination received,96.0,1,BD,Bangladesh,2011,BD2011DHS,CH_VACC_C_DP1,93906020,I,360004,1360040,Region,..Sylhet,0,,0,1,CHVACCCDP1,BDDHS2011360004,2011,DHS,109.0,226.0,,,1.0
BGD,Dhaka before 2015,5580843,DPT 1 vaccination received,98.4,1,BD,Bangladesh,2011,BD2011DHS,CH_VACC_C_DP1,93906020,I,360005,1360050,Region,Dhaka before 2015,0,,0,1,CHVACCCDP1,BDDHS2011360005,2011,DHS,478.0,254.0,,,1.0
BGD,Khulna,799789,DPT 1 vaccination received,99.1,1,BD,Bangladesh,2011,BD2011DHS,CH_VACC_C_DP1,93906020,I,360006,1360060,Region,Khulna,0,,0,1,CHVACCCDP1,BDDHS2011360006,2011,DHS,144.0,182.0,,,1.0
BGD,Rajshahi/Rangpur,4085847,DPT 1 vaccination received,98.1,1,BD,Bangladesh,2011,BD2011DHS,CH_VACC_C_DP1,93906020,I,360007,1360070,Region,Rajshahi/Rangpur,0,,0,1,CHVACCCDP1,BDDHS2011360007,2011,DHS,366.0,391.0,,,
BGD,Rangpur,3567379,DPT 1 vaccination received,98.4,1,BD,Bangladesh,2011,BD2011DHS,CH_VACC_C_DP1,93906020,I,360008,1360080,Region,..Rangpur,0,,0,1,CHVACCCDP1,BDDHS2011360008,2011,DHS,148.0,180.0,,,1.0
BGD,Rajshahi,3997862,DPT 1 vaccination received,97.9,1,BD,Bangladesh,2011,BD2011DHS,CH_VACC_C_DP1,93906020,I,360009,1360090,Region,..Rajshahi,0,,0,1,CHVACCCDP1,BDDHS2011360009,2011,DHS,218.0,211.0,,,1.0
BGD,Barishal,7387588,DPT 2 vaccination received,96.1,1,BD,Bangladesh,2011,BD2011DHS,CH_VACC_C_DP2,93906030,I,360001,1360010,Region,Barishal,0,,0,1,CHVACCCDP2,BDDHS2011360001,2011,DHS,84.0,170.0,,,1.0
BGD,Chattogram/Sylhet,4673723,DPT 2 vaccination received,94.1,1,BD,Bangladesh,2011,BD2011DHS,CH_VACC_C_DP2,93906030,I,360002,1360020,Region,Chattogram/Sylhet,0,,0,1,CHVACCCDP2,BDDHS2011360002,2011,DHS,475.0,549.0,,,
BGD,Chattogram,6271373,DPT 2 vaccination received,94.3,1,BD,Bangladesh,2011,BD2011DHS,CH_VACC_C_DP2,93906030,I,360003,1360030,Region,..Chattogram,0,,0,1,CHVACCCDP2,BDDHS2011360003,2011,DHS,366.0,323.0,,,1.0
BGD,Sylhet,2071050,DPT 2 vaccination received,93.2,1,BD,Bangladesh,2011,BD2011DHS,CH_VACC_C_DP2,93906030,I,360004,1360040,Region,..Sylhet,0,,0,1,CHVACCCDP2,BDDHS2011360004,2011,DHS,109.0,226.0,,,1.0
BGD,Dhaka before 2015,5580846,DPT 2 vaccination received,95.4,1,BD,Bangladesh,2011,BD2011DHS,CH_VACC_C_DP2,93906030,I,360005,1360050,Region,Dhaka before 2015,0,,0,1,CHVACCCDP2,BDDHS2011360005,2011,DHS,478.0,254.0,,,1.0
BGD,Khulna,799821,DPT 2 vaccination received,98.5,1,BD,Bangladesh,2011,BD2011DHS,CH_VACC_C_DP2,93906030,I,360006,1360060,Region,Khulna,0,,0,1,CHVACCCDP2,BDDHS2011360006,2011,DHS,144.0,182.0,,,1.0
BGD,Rajshahi/Rangpur,4085940,DPT 2 vaccination received,96.7,1,BD,Bangladesh,2011,BD2011DHS,CH_VACC_C_DP2,93906030,I,360007,1360070,Region,Rajshahi/Rangpur,0,,0,1,CHVACCCDP2,BDDHS2011360007,2011,DHS,366.0,391.0,,,
BGD,Rangpur,3567383,DPT 2 vaccination received,98.1,1,BD,Bangladesh,2011,BD2011DHS,CH_VACC_C_DP2,93906030,I,360008,1360080,Region,..Rangpur,0,,0,1,CHVACCCDP2,BDDHS2011360008,2011,DHS,148.0,180.0,,,1.0
BGD,Rajshahi,3997929,DPT 2 vaccination received,95.8,1,BD,Bangladesh,2011,BD2011DHS,CH_VACC_C_DP2,93906030,I,360009,1360090,Region,..Rajshahi,0,,0,1,CHVACCCDP2,BDDHS2011360009,2011,DHS,218.0,211.0,,,1.0
BGD,Barishal,7387562,DPT 3 vaccination received,91.4,1,BD,Bangladesh,2011,BD2011DHS,CH_VACC_C_DP3,93906040,I,360001,1360010,Region,Barishal,0,,0,1,CHVACCCDP3,BDDHS2011360001,2011,DHS,84.0,170.0,,,1.0
BGD,Chattogram/Sylhet,4673719,DPT 3 vaccination received,90.5,1,BD,Bangladesh,2011,BD2011DHS,CH_VACC_C_DP3,93906040,I,360002,1360020,Region,Chattogram/Sylhet,0,,0,1,CHVACCCDP3,BDDHS2011360002,2011,DHS,475.0,549.0,,,
BGD,Chattogram,6271369,DPT 3 vaccination received,90.9,1,BD,Bangladesh,2011,BD2011DHS,CH_VACC_C_DP3,93906040,I,360003,1360030,Region,..Chattogram,0,,0,1,CHVACCCDP3,BDDHS2011360003,2011,DHS,366.0,323.0,,,1.0
BGD,Sylhet,2071052,DPT 3 vaccination received,88.9,1,BD,Bangladesh,2011,BD2011DHS,CH_VACC_C_DP3,93906040,I,360004,1360040,Region,..Sylhet,0,,0,1,CHVACCCDP3,BDDHS2011360004,2011,DHS,109.0,226.0,,,1.0
BGD,Dhaka before 2015,5580844,DPT 3 vaccination received,93.9,1,BD,Bangladesh,2011,BD2011DHS,CH_VACC_C_DP3,93906040,I,360005,1360050,Region,Dhaka before 2015,0,,0,1,CHVACCCDP3,BDDHS2011360005,2011,DHS,478.0,254.0,,,1.0
BGD,Khulna,799790,DPT 3 vaccination received,97.2,1,BD,Bangladesh,2011,BD2011DHS,CH_VACC_C_DP3,93906040,I,360006,1360060,Region,Khulna,0,,0,1,CHVACCCDP3,BDDHS2011360006,2011,DHS,144.0,182.0,,,1.0
BGD,Rajshahi/Rangpur,4085848,DPT 3 vaccination received,95.6,1,BD,Bangladesh,2011,BD2011DHS,CH_VACC_C_DP3,93906040,I,360007,1360070,Region,Rajshahi/Rangpur,0,,0,1,CHVACCCDP3,BDDHS2011360007,2011,DHS,366.0,391.0,,,
BGD,Rangpur,3567380,DPT 3 vaccination received,96.1,1,BD,Bangladesh,2011,BD2011DHS,CH_VACC_C_DP3,93906040,I,360008,1360080,Region,..Rangpur,0,,0,1,CHVACCCDP3,BDDHS2011360008,2011,DHS,148.0,180.0,,,1.0
BGD,Rajshahi,3997863,DPT 3 vaccination received,95.3,1,BD,Bangladesh,2011,BD2011DHS,CH_VACC_C_DP3,93906040,I,360009,1360090,Region,..Rajshahi,0,,0,1,CHVACCCDP3,BDDHS2011360009,2011,DHS,218.0,211.0,,,1.0
BGD,Barishal,7387565,Polio 0 vaccination received,15.7,1,BD,Bangladesh,2011,BD2011DHS,CH_VACC_C_OP0,93906050,I,360001,1360010,Region,Barishal,0,,0,1,CHVACCCOP0,BDDHS2011360001,2011,DHS,84.0,170.0,,,1.0
BGD,Chattogram/Sylhet,4673714,Polio 0 vaccination received,21.0,1,BD,Bangladesh,2011,BD2011DHS,CH_VACC_C_OP0,93906050,I,360002,1360020,Region,Chattogram/Sylhet,0,,0,1,CHVACCCOP0,BDDHS2011360002,2011,DHS,475.0,549.0,,,
BGD,Chattogram,6271363,Polio 0 vaccination received,22.1,1,BD,Bangladesh,2011,BD2011DHS,CH_VACC_C_OP0,93906050,I,360003,1360030,Region,..Chattogram,0,,0,1,CHVACCCOP0,BDDHS2011360003,2011,DHS,366.0,323.0,,,1.0
BGD,Sylhet,2071058,Polio 0 vaccination received,17.5,1,BD,Bangladesh,2011,BD2011DHS,CH_VACC_C_OP0,93906050,I,360004,1360040,Region,..Sylhet,0,,0,1,CHVACCCOP0,BDDHS2011360004,2011,DHS,109.0,226.0,,,1.0
BGD,Dhaka before 2015,5580847,Polio 0 vaccination received,13.0,1,BD,Bangladesh,2011,BD2011DHS,CH_VACC_C_OP0,93906050,I,360005,1360050,Region,Dhaka before 2015,0,,0,1,CHVACCCOP0,BDDHS2011360005,2011,DHS,478.0,254.0,,,1.0
BGD,Khulna,799784,Polio 0 vaccination received,17.7,1,BD,Bangladesh,2011,BD2011DHS,CH_VACC_C_OP0,93906050,I,360006,1360060,Region,Khulna,0,,0,1,CHVACCCOP0,BDDHS2011360006,2011,DHS,144.0,182.0,,,1.0
BGD,Rajshahi/Rangpur,4085851,Polio 0 vaccination received,26.4,1,BD,Bangladesh,2011,BD2011DHS,CH_VACC_C_OP0,93906050,I,360007,1360070,Region,Rajshahi/Rangpur,0,,0,1,CHVACCCOP0,BDDHS2011360007,2011,DHS,366.0,391.0,,,
BGD,Rangpur,3567399,Polio 0 vaccination received,34.0,1,BD,Bangladesh,2011,BD2011DHS,CH_VACC_C_OP0,93906050,I,360008,1360080,Region,..Rangpur,0,,0,1,CHVACCCOP0,BDDHS2011360008,2011,DHS,148.0,180.0,,,1.0
BGD,Rajshahi,3997970,Polio 0 vaccination received,21.2,1,BD,Bangladesh,2011,BD2011DHS,CH_VACC_C_OP0,93906050,I,360009,1360090,Region,..Rajshahi,0,,0,1,CHVACCCOP0,BDDHS2011360009,2011,DHS,218.0,211.0,,,1.0
BGD,Barishal,7387583,Polio 1 vaccination received,99.2,1,BD,Bangladesh,2011,BD2011DHS,CH_VACC_C_OP1,93906060,I,360001,1360010,Region,Barishal,0,,0,1,CHVACCCOP1,BDDHS2011360001,2011,DHS,84.0,170.0,,,1.0
BGD,Chattogram/Sylhet,4673715,Polio 1 vaccination received,96.5,1,BD,Bangladesh,2011,BD2011DHS,CH_VACC_C_OP1,93906060,I,360002,1360020,Region,Chattogram/Sylhet,0,,0,1,CHVACCCOP1,BDDHS2011360002,2011,DHS,475.0,549.0,,,
BGD,Chattogram,6271364,Polio 1 vaccination received,96.9,1,BD,Bangladesh,2011,BD2011DHS,CH_VACC_C_OP1,93906060,I,360003,1360030,Region,..Chattogram,0,,0,1,CHVACCCOP1,BDDHS2011360003,2011,DHS,366.0,323.0,,,1.0
BGD,Sylhet,2071059,Polio 1 vaccination received,95.0,1,BD,Bangladesh,2011,BD2011DHS,CH_VACC_C_OP1,93906060,I,360004,1360040,Region,..Sylhet,0,,0,1,CHVACCCOP1,BDDHS2011360004,2011,DHS,109.0,226.0,,,1.0
BGD,Dhaka before 2015,5580850,Polio 1 vaccination received,98.4,1,BD,Bangladesh,2011,BD2011DHS,CH_VACC_C_OP1,93906060,I,360005,1360050,Region,Dhaka before 2015,0,,0,1,CHVACCCOP1,BDDHS2011360005,2011,DHS,478.0,254.0,,,1.0
BGD,Khulna,799785,Polio 1 vaccination received,99.1,1,BD,Bangladesh,2011,BD2011DHS,CH_VACC_C_OP1,93906060,I,360006,1360060,Region,Khulna,0,,0,1,CHVACCCOP1,BDDHS2011360006,2011,DHS,144.0,182.0,,,1.0
BGD,Rajshahi/Rangpur,4085852,Polio 1 vaccination received,97.8,1,BD,Bangladesh,2011,BD2011DHS,CH_VACC_C_OP1,93906060,I,360007,1360070,Region,Rajshahi/Rangpur,0,,0,1,CHVACCCOP1,BDDHS2011360007,2011,DHS,366.0,391.0,,,
BGD,Rangpur,3567401,Polio 1 vaccination received,98.4,1,BD,Bangladesh,2011,BD2011DHS,CH_VACC_C_OP1,93906060,I,360008,1360080,Region,..Rangpur,0,,0,1,CHVACCCOP1,BDDHS2011360008,2011,DHS,148.0,180.0,,,1.0
BGD,Rajshahi,3997971,Polio 1 vaccination received,97.4,1,BD,Bangladesh,2011,BD2011DHS,CH_VACC_C_OP1,93906060,I,360009,1360090,Region,..Rajshahi,0,,0,1,CHVACCCOP1,BDDHS2011360009,2011,DHS,218.0,211.0,,,1.0
BGD,Barishal,7387584,Polio 2 vaccination received,96.8,1,BD,Bangladesh,2011,BD2011DHS,CH_VACC_C_OP2,93906070,I,360001,1360010,Region,Barishal,0,,0,1,CHVACCCOP2,BDDHS2011360001,2011,DHS,84.0,170.0,,,1.0
BGD,Chattogram/Sylhet,4673716,Polio 2 vaccination received,94.8,1,BD,Bangladesh,2011,BD2011DHS,CH_VACC_C_OP2,93906070,I,360002,1360020,Region,Chattogram/Sylhet,0,,0,1,CHVACCCOP2,BDDHS2011360002,2011,DHS,475.0,549.0,,,
BGD,Chattogram,6271365,Polio 2 vaccination received,95.4,1,BD,Bangladesh,2011,BD2011DHS,CH_VACC_C_OP2,93906070,I,360003,1360030,Region,..Chattogram,0,,0,1,CHVACCCOP2,BDDHS2011360003,2011,DHS,366.0,323.0,,,1.0
BGD,Sylhet,2071060,Polio 2 vaccination received,92.7,1,BD,Bangladesh,2011,BD2011DHS,CH_VACC_C_OP2,93906070,I,360004,1360040,Region,..Sylhet,0,,0,1,CHVACCCOP2,BDDHS2011360004,2011,DHS,109.0,226.0,,,1.0
BGD,Dhaka before 2015,5580851,Polio 2 vaccination received,95.4,1,BD,Bangladesh,2011,BD2011DHS,CH_VACC_C_OP2,93906070,I,360005,1360050,Region,Dhaka before 2015,0,,0,1,CHVACCCOP2,BDDHS2011360005,2011,DHS,478.0,254.0,,,1.0
BGD,Khulna,799787,Polio 2 vaccination received,98.5,1,BD,Bangladesh,2011,BD2011DHS,CH_VACC_C_OP2,93906070,I,360006,1360060,Region,Khulna,0,,0,1,CHVACCCOP2,BDDHS2011360006,2011,DHS,144.0,182.0,,,1.0
BGD,Rajshahi/Rangpur,4085853,Polio 2 vaccination received,96.6,1,BD,Bangladesh,2011,BD2011DHS,CH_VACC_C_OP2,93906070,I,360007,1360070,Region,Rajshahi/Rangpur,0,,0,1,CHVACCCOP2,BDDHS2011360007,2011,DHS,366.0,391.0,,,
BGD,Rangpur,3567402,Polio 2 vaccination received,98.1,1,BD,Bangladesh,2011,BD2011DHS,CH_VACC_C_OP2,93906070,I,360008,1360080,Region,..Rangpur,0,,0,1,CHVACCCOP2,BDDHS2011360008,2011,DHS,148.0,180.0,,,1.0
BGD,Rajshahi,3997972,Polio 2 vaccination received,95.5,1,BD,Bangladesh,2011,BD2011DHS,CH_VACC_C_OP2,93906070,I,360009,1360090,Region,..Rajshahi,0,,0,1,CHVACCCOP2,BDDHS2011360009,2011,DHS,218.0,211.0,,,1.0
BGD,Barishal,7387585,Polio 3 vaccination received,92.0,1,BD,Bangladesh,2011,BD2011DHS,CH_VACC_C_OP3,93906080,I,360001,1360010,Region,Barishal,0,,0,1,CHVACCCOP3,BDDHS2011360001,2011,DHS,84.0,170.0,,,1.0
BGD,Chattogram/Sylhet,4673717,Polio 3 vaccination received,91.1,1,BD,Bangladesh,2011,BD2011DHS,CH_VACC_C_OP3,93906080,I,360002,1360020,Region,Chattogram/Sylhet,0,,0,1,CHVACCCOP3,BDDHS2011360002,2011,DHS,475.0,549.0,,,
BGD,Chattogram,6271366,Polio 3 vaccination received,92.0,1,BD,Bangladesh,2011,BD2011DHS,CH_VACC_C_OP3,93906080,I,360003,1360030,Region,..Chattogram,0,,0,1,CHVACCCOP3,BDDHS2011360003,2011,DHS,366.0,323.0,,,1.0
BGD,Sylhet,2071061,Polio 3 vaccination received,87.9,1,BD,Bangladesh,2011,BD2011DHS,CH_VACC_C_OP3,93906080,I,360004,1360040,Region,..Sylhet,0,,0,1,CHVACCCOP3,BDDHS2011360004,2011,DHS,109.0,226.0,,,1.0
BGD,Dhaka before 2015,5580852,Polio 3 vaccination received,93.5,1,BD,Bangladesh,2011,BD2011DHS,CH_VACC_C_OP3,93906080,I,360005,1360050,Region,Dhaka before 2015,0,,0,1,CHVACCCOP3,BDDHS2011360005,2011,DHS,478.0,254.0,,,1.0
BGD,Khulna,799788,Polio 3 vaccination received,97.2,1,BD,Bangladesh,2011,BD2011DHS,CH_VACC_C_OP3,93906080,I,360006,1360060,Region,Khulna,0,,0,1,CHVACCCOP3,BDDHS2011360006,2011,DHS,144.0,182.0,,,1.0
BGD,Rajshahi/Rangpur,4085854,Polio 3 vaccination received,95.1,1,BD,Bangladesh,2011,BD2011DHS,CH_VACC_C_OP3,93906080,I,360007,1360070,Region,Rajshahi/Rangpur,0,,0,1,CHVACCCOP3,BDDHS2011360007,2011,DHS,366.0,391.0,,,
BGD,Rangpur,3567403,Polio 3 vaccination received,96.0,1,BD,Bangladesh,2011,BD2011DHS,CH_VACC_C_OP3,93906080,I,360008,1360080,Region,..Rangpur,0,,0,1,CHVACCCOP3,BDDHS2011360008,2011,DHS,148.0,180.0,,,1.0
BGD,Rajshahi,3997973,Polio 3 vaccination received,94.5,1,BD,Bangladesh,2011,BD2011DHS,CH_VACC_C_OP3,93906080,I,360009,1360090,Region,..Rajshahi,0,,0,1,CHVACCCOP3,BDDHS2011360009,2011,DHS,218.0,211.0,,,1.0
BGD,Barishal,7387563,Measles vaccination received,86.1,1,BD,Bangladesh,2011,BD2011DHS,CH_VACC_C_MSL,93906090,I,360001,1360010,Region,Barishal,0,,0,1,CHVACCCMSL,BDDHS2011360001,2011,DHS,84.0,170.0,,,1.0
BGD,Chattogram/Sylhet,4673720,Measles vaccination received,83.6,1,BD,Bangladesh,2011,BD2011DHS,CH_VACC_C_MSL,93906090,I,360002,1360020,Region,Chattogram/Sylhet,0,,0,1,CHVACCCMSL,BDDHS2011360002,2011,DHS,475.0,549.0,,,
BGD,Chattogram,6271370,Measles vaccination received,83.9,1,BD,Bangladesh,2011,BD2011DHS,CH_VACC_C_MSL,93906090,I,360003,1360030,Region,..Chattogram,0,,0,1,CHVACCCMSL,BDDHS2011360003,2011,DHS,366.0,323.0,,,1.0
BGD,Sylhet,2071053,Measles vaccination received,82.9,1,BD,Bangladesh,2011,BD2011DHS,CH_VACC_C_MSL,93906090,I,360004,1360040,Region,..Sylhet,0,,0,1,CHVACCCMSL,BDDHS2011360004,2011,DHS,109.0,226.0,,,1.0
BGD,Dhaka before 2015,5580848,Measles vaccination received,86.6,1,BD,Bangladesh,2011,BD2011DHS,CH_VACC_C_MSL,93906090,I,360005,1360050,Region,Dhaka before 2015,0,,0,1,CHVACCCMSL,BDDHS2011360005,2011,DHS,478.0,254.0,,,1.0
BGD,Khulna,799791,Measles vaccination received,94.2,1,BD,Bangladesh,2011,BD2011DHS,CH_VACC_C_MSL,93906090,I,360006,1360060,Region,Khulna,0,,0,1,CHVACCCMSL,BDDHS2011360006,2011,DHS,144.0,182.0,,,1.0
BGD,Rajshahi/Rangpur,4085849,Measles vaccination received,91.5,1,BD,Bangladesh,2011,BD2011DHS,CH_VACC_C_MSL,93906090,I,360007,1360070,Region,Rajshahi/Rangpur,0,,0,1,CHVACCCMSL,BDDHS2011360007,2011,DHS,366.0,391.0,,,
BGD,Rangpur,3567381,Measles vaccination received,92.9,1,BD,Bangladesh,2011,BD2011DHS,CH_VACC_C_MSL,93906090,I,360008,1360080,Region,..Rangpur,0,,0,1,CHVACCCMSL,BDDHS2011360008,2011,DHS,148.0,180.0,,,1.0
BGD,Rajshahi,3997864,Measles vaccination received,90.7,1,BD,Bangladesh,2011,BD2011DHS,CH_VACC_C_MSL,93906090,I,360009,1360090,Region,..Rajshahi,0,,0,1,CHVACCCMSL,BDDHS2011360009,2011,DHS,218.0,211.0,,,1.0
BGD,Barishal,7387636,Fully vaccinated (8 basic antigens),83.3,1,BD,Bangladesh,2011,BD2011DHS,CH_VACC_C_BAS,93906230,I,360001,1360010,Region,Barishal,0,,0,1,CHVACCCBAS,BDDHS2011360001,2011,DHS,84.0,170.0,,,1.0
BGD,Chattogram/Sylhet,4673726,Fully vaccinated (8 basic antigens),81.4,1,BD,Bangladesh,2011,BD2011DHS,CH_VACC_C_BAS,93906230,I,360002,1360020,Region,Chattogram/Sylhet,0,,0,1,CHVACCCBAS,BDDHS2011360002,2011,DHS,475.0,549.0,,,
BGD,Chattogram,6271374,Fully vaccinated (8 basic antigens),81.8,1,BD,Bangladesh,2011,BD2011DHS,CH_VACC_C_BAS,93906230,I,360003,1360030,Region,..Chattogram,0,,0,1,CHVACCCBAS,BDDHS2011360003,2011,DHS,366.0,323.0,,,1.0
BGD,Sylhet,2071051,Fully vaccinated (8 basic antigens),80.1,1,BD,Bangladesh,2011,BD2011DHS,CH_VACC_C_BAS,93906230,I,360004,1360040,Region,..Sylhet,0,,0,1,CHVACCCBAS,BDDHS2011360004,2011,DHS,109.0,226.0,,,1.0
BGD,Dhaka before 2015,5580854,Fully vaccinated (8 basic antigens),85.0,1,BD,Bangladesh,2011,BD2011DHS,CH_VACC_C_BAS,93906230,I,360005,1360050,Region,Dhaka before 2015,0,,0,1,CHVACCCBAS,BDDHS2011360005,2011,DHS,478.0,254.0,,,1.0
BGD,Khulna,799822,Fully vaccinated (8 basic antigens),93.5,1,BD,Bangladesh,2011,BD2011DHS,CH_VACC_C_BAS,93906230,I,360006,1360060,Region,Khulna,0,,0,1,CHVACCCBAS,BDDHS2011360006,2011,DHS,144.0,182.0,,,1.0
BGD,Rajshahi/Rangpur,4085941,Fully vaccinated (8 basic antigens),90.8,1,BD,Bangladesh,2011,BD2011DHS,CH_VACC_C_BAS,93906230,I,360007,1360070,Region,Rajshahi/Rangpur,0,,0,1,CHVACCCBAS,BDDHS2011360007,2011,DHS,366.0,391.0,,,
BGD,Rangpur,3567384,Fully vaccinated (8 basic antigens),92.2,1,BD,Bangladesh,2011,BD2011DHS,CH_VACC_C_BAS,93906230,I,360008,1360080,Region,..Rangpur,0,,0,1,CHVACCCBAS,BDDHS2011360008,2011,DHS,148.0,180.0,,,1.0
BGD,Rajshahi,3997930,Fully vaccinated (8 basic antigens),89.8,1,BD,Bangladesh,2011,BD2011DHS,CH_VACC_C_BAS,93906230,I,360009,1360090,Region,..Rajshahi,0,,0,1,CHVACCCBAS,BDDHS2011360009,2011,DHS,218.0,211.0,,,1.0
BGD,Barishal,7387564,Received no vaccinations,0.8,1,BD,Bangladesh,2011,BD2011DHS,CH_VACC_C_NON,93906250,I,360001,1360010,Region,Barishal,0,,0,1,CHVACCCNON,BDDHS2011360001,2011,DHS,84.0,170.0,,,1.0
BGD,Chattogram/Sylhet,4673721,Received no vaccinations,3.3,1,BD,Bangladesh,2011,BD2011DHS,CH_VACC_C_NON,93906250,I,360002,1360020,Region,Chattogram/Sylhet,0,,0,1,CHVACCCNON,BDDHS2011360002,2011,DHS,475.0,549.0,,,
BGD,Chattogram,6271371,Received no vaccinations,3.1,1,BD,Bangladesh,2011,BD2011DHS,CH_VACC_C_NON,93906250,I,360003,1360030,Region,..Chattogram,0,,0,1,CHVACCCNON,BDDHS2011360003,2011,DHS,366.0,323.0,,,1.0
BGD,Sylhet,2071084,Received no vaccinations,4.0,1,BD,Bangladesh,2011,BD2011DHS,CH_VACC_C_NON,93906250,I,360004,1360040,Region,..Sylhet,0,,0,1,CHVACCCNON,BDDHS2011360004,2011,DHS,109.0,226.0,,,1.0
BGD,Dhaka before 2015,5580849,Received no vaccinations,1.6,1,BD,Bangladesh,2011,BD2011DHS,CH_VACC_C_NON,93906250,I,360005,1360050,Region,Dhaka before 2015,0,,0,1,CHVACCCNON,BDDHS2011360005,2011,DHS,478.0,254.0,,,1.0
BGD,Khulna,799792,Received no vaccinations,0.9,1,BD,Bangladesh,2011,BD2011DHS,CH_VACC_C_NON,93906250,I,360006,1360060,Region,Khulna,0,,0,1,CHVACCCNON,BDDHS2011360006,2011,DHS,144.0,182.0,,,1.0
BGD,Rajshahi/Rangpur,4085850,Received no vaccinations,1.9,1,BD,Bangladesh,2011,BD2011DHS,CH_VACC_C_NON,93906250,I,360007,1360070,Region,Rajshahi/Rangpur,0,,0,1,CHVACCCNON,BDDHS2011360007,2011,DHS,366.0,391.0,,,
BGD,Rangpur,3567382,Received no vaccinations,1.6,1,BD,Bangladesh,2011,BD2011DHS,CH_VACC_C_NON,93906250,I,360008,1360080,Region,..Rangpur,0,,0,1,CHVACCCNON,BDDHS2011360008,2011,DHS,148.0,180.0,,,1.0
BGD,Rajshahi,3997865,Received no vaccinations,2.1,1,BD,Bangladesh,2011,BD2011DHS,CH_VACC_C_NON,93906250,I,360009,1360090,Region,..Rajshahi,0,,0,1,CHVACCCNON,BDDHS2011360009,2011,DHS,218.0,211.0,,,1.0
BGD,Barishal,7389376,Number of children 12-23 months,84.0,0,BD,Bangladesh,2011,BD2011DHS,CH_VACC_C_NUM,93906270,D,360001,1360010,Region,Barishal,0,,0,1,CHVACCCNUM,BDDHS2011360001,2011,DHS,,170.0,,,1.0
BGD,Chattogram/Sylhet,4673725,Number of children 12-23 months,475.0,0,BD,Bangladesh,2011,BD2011DHS,CH_VACC_C_NUM,93906270,D,360002,1360020,Region,Chattogram/Sylhet,0,,0,1,CHVACCCNUM,BDDHS2011360002,2011,DHS,,549.0,,,
BGD,Chattogram,6306352,Number of children 12-23 months,366.0,0,BD,Bangladesh,2011,BD2011DHS,CH_VACC_C_NUM,93906270,D,360003,1360030,Region,..Chattogram,0,,0,1,CHVACCCNUM,BDDHS2011360003,2011,DHS,,323.0,,,1.0
BGD,Sylhet,2071062,Number of children 12-23 months,109.0,0,BD,Bangladesh,2011,BD2011DHS,CH_VACC_C_NUM,93906270,D,360004,1360040,Region,..Sylhet,0,,0,1,CHVACCCNUM,BDDHS2011360004,2011,DHS,,226.0,,,1.0
BGD,Dhaka before 2015,5619299,Number of children 12-23 months,478.0,0,BD,Bangladesh,2011,BD2011DHS,CH_VACC_C_NUM,93906270,D,360005,1360050,Region,Dhaka before 2015,0,,0,1,CHVACCCNUM,BDDHS2011360005,2011,DHS,,254.0,,,1.0
BGD,Khulna,685179,Number of children 12-23 months,144.0,0,BD,Bangladesh,2011,BD2011DHS,CH_VACC_C_NUM,93906270,D,360006,1360060,Region,Khulna,0,,0,1,CHVACCCNUM,BDDHS2011360006,2011,DHS,,182.0,,,1.0
BGD,Rajshahi/Rangpur,4105766,Number of children 12-23 months,366.0,0,BD,Bangladesh,2011,BD2011DHS,CH_VACC_C_NUM,93906270,D,360007,1360070,Region,Rajshahi/Rangpur,0,,0,1,CHVACCCNUM,BDDHS2011360007,2011,DHS,,391.0,,,
BGD,Rangpur,3794600,Number of children 12-23 months,148.0,0,BD,Bangladesh,2011,BD2011DHS,CH_VACC_C_NUM,93906270,D,360008,1360080,Region,..Rangpur,0,,0,1,CHVACCCNUM,BDDHS2011360008,2011,DHS,,180.0,,,1.0
BGD,Rajshahi,4080327,Number of children 12-23 months,218.0,0,BD,Bangladesh,2011,BD2011DHS,CH_VACC_C_NUM,93906270,D,360009,1360090,Region,..Rajshahi,0,,0,1,CHVACCCNUM,BDDHS2011360009,2011,DHS,,211.0,,,1.0
BGD,Barishal,2574170,Number of children 12-23 months (unweighted),170.0,0,BD,Bangladesh,2011,BD2011DHS,CH_VACC_C_UNW,93906280,U,360001,1360010,Region,Barishal,0,,0,1,CHVACCCUNW,BDDHS2011360001,2011,DHS,84.0,,,,1.0
BGD,Chattogram/Sylhet,2071080,Number of children 12-23 months (unweighted),549.0,0,BD,Bangladesh,2011,BD2011DHS,CH_VACC_C_UNW,93906280,U,360002,1360020,Region,Chattogram/Sylhet,0,,0,1,CHVACCCUNW,BDDHS2011360002,2011,DHS,475.0,,,,
BGD,Chattogram,294989,Number of children 12-23 months (unweighted),323.0,0,BD,Bangladesh,2011,BD2011DHS,CH_VACC_C_UNW,93906280,U,360003,1360030,Region,..Chattogram,0,,0,1,CHVACCCUNW,BDDHS2011360003,2011,DHS,366.0,,,,1.0
BGD,Sylhet,2071063,Number of children 12-23 months (unweighted),226.0,0,BD,Bangladesh,2011,BD2011DHS,CH_VACC_C_UNW,93906280,U,360004,1360040,Region,..Sylhet,0,,0,1,CHVACCCUNW,BDDHS2011360004,2011,DHS,109.0,,,,1.0
BGD,Dhaka before 2015,108212,Number of children 12-23 months (unweighted),254.0,0,BD,Bangladesh,2011,BD2011DHS,CH_VACC_C_UNW,93906280,U,360005,1360050,Region,Dhaka before 2015,0,,0,1,CHVACCCUNW,BDDHS2011360005,2011,DHS,478.0,,,,1.0
BGD,Khulna,7210078,Number of children 12-23 months (unweighted),182.0,0,BD,Bangladesh,2011,BD2011DHS,CH_VACC_C_UNW,93906280,U,360006,1360060,Region,Khulna,0,,0,1,CHVACCCUNW,BDDHS2011360006,2011,DHS,144.0,,,,1.0
BGD,Rajshahi/Rangpur,4029413,Number of children 12-23 months (unweighted),391.0,0,BD,Bangladesh,2011,BD2011DHS,CH_VACC_C_UNW,93906280,U,360007,1360070,Region,Rajshahi/Rangpur,0,,0,1,CHVACCCUNW,BDDHS2011360007,2011,DHS,366.0,,,,
BGD,Rangpur,660145,Number of children 12-23 months (unweighted),180.0,0,BD,Bangladesh,2011,BD2011DHS,CH_VACC_C_UNW,93906280,U,360008,1360080,Region,..Rangpur,0,,0,1,CHVACCCUNW,BDDHS2011360008,2011,DHS,148.0,,,,1.0
BGD,Rajshahi,3151059,Number of children 12-23 months (unweighted),211.0,0,BD,Bangladesh,2011,BD2011DHS,CH_VACC_C_UNW,93906280,U,360009,1360090,Region,..Rajshahi,0,,0,1,CHVACCCUNW,BDDHS2011360009,2011,DHS,218.0,,,,1.0
BGD,Barishal,2071269,BCG vaccination received,97.8,1,BD,Bangladesh,2014,BD2014DHS,CH_VACC_C_BCG,93906010,I,360001,1360010,Region,Barishal,0,,0,1,CHVACCCBCG,BDDHS2014360001,2014,DHS,92.0,180.0,,,1.0
BGD,Chattogram/Sylhet,7062306,BCG vaccination received,95.4,1,BD,Bangladesh,2014,BD2014DHS,CH_VACC_C_BCG,93906010,I,360002,1360020,Region,Chattogram/Sylhet,0,,0,1,CHVACCCBCG,BDDHS2014360002,2014,DHS,478.0,515.0,,,
BGD,Chattogram,3322586,BCG vaccination received,96.9,1,BD,Bangladesh,2014,BD2014DHS,CH_VACC_C_BCG,93906010,I,360003,1360030,Region,..Chattogram,0,,0,1,CHVACCCBCG,BDDHS2014360003,2014,DHS,349.0,294.0,,,1.0
BGD,Sylhet,3066308,BCG vaccination received,91.3,1,BD,Bangladesh,2014,BD2014DHS,CH_VACC_C_BCG,93906010,I,360004,1360040,Region,..Sylhet,0,,0,1,CHVACCCBCG,BDDHS2014360004,2014,DHS,129.0,221.0,,,1.0
BGD,Dhaka before 2015,7392098,BCG vaccination received,99.1,1,BD,Bangladesh,2014,BD2014DHS,CH_VACC_C_BCG,93906010,I,360005,1360050,Region,Dhaka before 2015,0,,0,1,CHVACCCBCG,BDDHS2014360005,2014,DHS,624.0,297.0,,,1.0
BGD,Khulna,4502926,BCG vaccination received,98.9,1,BD,Bangladesh,2014,BD2014DHS,CH_VACC_C_BCG,93906010,I,360006,1360060,Region,Khulna,0,,0,1,CHVACCCBCG,BDDHS2014360006,2014,DHS,129.0,181.0,,,1.0
BGD,Rajshahi/Rangpur,4793369,BCG vaccination received,99.1,1,BD,Bangladesh,2014,BD2014DHS,CH_VACC_C_BCG,93906010,I,360007,1360070,Region,Rajshahi/Rangpur,0,,0,1,CHVACCCBCG,BDDHS2014360007,2014,DHS,309.0,384.0,,,
BGD,Rangpur,5038195,BCG vaccination received,100.0,1,BD,Bangladesh,2014,BD2014DHS,CH_VACC_C_BCG,93906010,I,360008,1360080,Region,..Rangpur,0,,0,1,CHVACCCBCG,BDDHS2014360008,2014,DHS,146.0,192.0,,,1.0
BGD,Rajshahi,5120065,BCG vaccination received,98.3,1,BD,Bangladesh,2014,BD2014DHS,CH_VACC_C_BCG,93906010,I,360009,1360090,Region,..Rajshahi,0,,0,1,CHVACCCBCG,BDDHS2014360009,2014,DHS,163.0,192.0,,,1.0
BGD,Barishal,2071272,DPT 1 vaccination received,97.0,1,BD,Bangladesh,2014,BD2014DHS,CH_VACC_C_DP1,93906020,I,360001,1360010,Region,Barishal,0,,0,1,CHVACCCDP1,BDDHS2014360001,2014,DHS,92.0,180.0,,,1.0
BGD,Chattogram/Sylhet,7062309,DPT 1 vaccination received,93.9,1,BD,Bangladesh,2014,BD2014DHS,CH_VACC_C_DP1,93906020,I,360002,1360020,Region,Chattogram/Sylhet,0,,0,1,CHVACCCDP1,BDDHS2014360002,2014,DHS,478.0,515.0,,,
BGD,Chattogram,3322587,DPT 1 vaccination received,96.3,1,BD,Bangladesh,2014,BD2014DHS,CH_VACC_C_DP1,93906020,I,360003,1360030,Region,..Chattogram,0,,0,1,CHVACCCDP1,BDDHS2014360003,2014,DHS,349.0,294.0,,,1.0
BGD,Sylhet,3066299,DPT 1 vaccination received,87.5,1,BD,Bangladesh,2014,BD2014DHS,CH_VACC_C_DP1,93906020,I,360004,1360040,Region,..Sylhet,0,,0,1,CHVACCCDP1,BDDHS2014360004,2014,DHS,129.0,221.0,,,1.0
BGD,Dhaka before 2015,7392099,DPT 1 vaccination received,98.4,1,BD,Bangladesh,2014,BD2014DHS,CH_VACC_C_DP1,93906020,I,360005,1360050,Region,Dhaka before 2015,0,,0,1,CHVACCCDP1,BDDHS2014360005,2014,DHS,624.0,297.0,,,1.0
BGD,Khulna,4502842,DPT 1 vaccination received,98.1,1,BD,Bangladesh,2014,BD2014DHS,CH_VACC_C_DP1,93906020,I,360006,1360060,Region,Khulna,0,,0,1,CHVACCCDP1,BDDHS2014360006,2014,DHS,129.0,181.0,,,1.0
BGD,Rajshahi/Rangpur,4793370,DPT 1 vaccination received,98.6,1,BD,Bangladesh,2014,BD2014DHS,CH_VACC_C_DP1,93906020,I,360007,1360070,Region,Rajshahi/Rangpur,0,,0,1,CHVACCCDP1,BDDHS2014360007,2014,DHS,309.0,384.0,,,
BGD,Rangpur,5038186,DPT 1 vaccination received,99.5,1,BD,Bangladesh,2014,BD2014DHS,CH_VACC_C_DP1,93906020,I,360008,1360080,Region,..Rangpur,0,,0,1,CHVACCCDP1,BDDHS2014360008,2014,DHS,146.0,192.0,,,1.0
BGD,Rajshahi,5120054,DPT 1 vaccination received,97.8,1,BD,Bangladesh,2014,BD2014DHS,CH_VACC_C_DP1,93906020,I,360009,1360090,Region,..Rajshahi,0,,0,1,CHVACCCDP1,BDDHS2014360009,2014,DHS,163.0,192.0,,,1.0
BGD,Barishal,2071270,DPT 2 vaccination received,95.1,1,BD,Bangladesh,2014,BD2014DHS,CH_VACC_C_DP2,93906030,I,360001,1360010,Region,Barishal,0,,0,1,CHVACCCDP2,BDDHS2014360001,2014,DHS,92.0,180.0,,,1.0
BGD,Chattogram/Sylhet,7062307,DPT 2 vaccination received,90.9,1,BD,Bangladesh,2014,BD2014DHS,CH_VACC_C_DP2,93906030,I,360002,1360020,Region,Chattogram/Sylhet,0,,0,1,CHVACCCDP2,BDDHS2014360002,2014,DHS,478.0,515.0,,,
BGD,Chattogram,3322596,DPT 2 vaccination received,92.7,1,BD,Bangladesh,2014,BD2014DHS,CH_VACC_C_DP2,93906030,I,360003,1360030,Region,..Chattogram,0,,0,1,CHVACCCDP2,BDDHS2014360003,2014,DHS,349.0,294.0,,,1.0
BGD,Sylhet,3066309,DPT 2 vaccination received,86.0,1,BD,Bangladesh,2014,BD2014DHS,CH_VACC_C_DP2,93906030,I,360004,1360040,Region,..Sylhet,0,,0,1,CHVACCCDP2,BDDHS2014360004,2014,DHS,129.0,221.0,,,1.0
BGD,Dhaka before 2015,7392103,DPT 2 vaccination received,98.2,1,BD,Bangladesh,2014,BD2014DHS,CH_VACC_C_DP2,93906030,I,360005,1360050,Region,Dhaka before 2015,0,,0,1,CHVACCCDP2,BDDHS2014360005,2014,DHS,624.0,297.0,,,1.0
BGD,Khulna,4502927,DPT 2 vaccination received,95.1,1,BD,Bangladesh,2014,BD2014DHS,CH_VACC_C_DP2,93906030,I,360006,1360060,Region,Khulna,0,,0,1,CHVACCCDP2,BDDHS2014360006,2014,DHS,129.0,181.0,,,1.0
BGD,Rajshahi/Rangpur,4793283,DPT 2 vaccination received,96.9,1,BD,Bangladesh,2014,BD2014DHS,CH_VACC_C_DP2,93906030,I,360007,1360070,Region,Rajshahi/Rangpur,0,,0,1,CHVACCCDP2,BDDHS2014360007,2014,DHS,309.0,384.0,,,
BGD,Rangpur,5038219,DPT 2 vaccination received,99.0,1,BD,Bangladesh,2014,BD2014DHS,CH_VACC_C_DP2,93906030,I,360008,1360080,Region,..Rangpur,0,,0,1,CHVACCCDP2,BDDHS2014360008,2014,DHS,146.0,192.0,,,1.0
BGD,Rajshahi,5120066,DPT 2 vaccination received,95.1,1,BD,Bangladesh,2014,BD2014DHS,CH_VACC_C_DP2,93906030,I,360009,1360090,Region,..Rajshahi,0,,0,1,CHVACCCDP2,BDDHS2014360009,2014,DHS,163.0,192.0,,,1.0
BGD,Barishal,2071273,DPT 3 vaccination received,91.6,1,BD,Bangladesh,2014,BD2014DHS,CH_VACC_C_DP3,93906040,I,360001,1360010,Region,Barishal,0,,0,1,CHVACCCDP3,BDDHS2014360001,2014,DHS,92.0,180.0,,,1.0
BGD,Chattogram/Sylhet,7062310,DPT 3 vaccination received,85.0,1,BD,Bangladesh,2014,BD2014DHS,CH_VACC_C_DP3,93906040,I,360002,1360020,Region,Chattogram/Sylhet,0,,0,1,CHVACCCDP3,BDDHS2014360002,2014,DHS,478.0,515.0,,,
BGD,Chattogram,3322588,DPT 3 vaccination received,88.3,1,BD,Bangladesh,2014,BD2014DHS,CH_VACC_C_DP3,93906040,I,360003,1360030,Region,..Chattogram,0,,0,1,CHVACCCDP3,BDDHS2014360003,2014,DHS,349.0,294.0,,,1.0
BGD,Sylhet,3066300,DPT 3 vaccination received,76.0,1,BD,Bangladesh,2014,BD2014DHS,CH_VACC_C_DP3,93906040,I,360004,1360040,Region,..Sylhet,0,,0,1,CHVACCCDP3,BDDHS2014360004,2014,DHS,129.0,221.0,,,1.0
BGD,Dhaka before 2015,7392100,DPT 3 vaccination received,93.9,1,BD,Bangladesh,2014,BD2014DHS,CH_VACC_C_DP3,93906040,I,360005,1360050,Region,Dhaka before 2015,0,,0,1,CHVACCCDP3,BDDHS2014360005,2014,DHS,624.0,297.0,,,1.0
BGD,Khulna,4502843,DPT 3 vaccination received,92.0,1,BD,Bangladesh,2014,BD2014DHS,CH_VACC_C_DP3,93906040,I,360006,1360060,Region,Khulna,0,,0,1,CHVACCCDP3,BDDHS2014360006,2014,DHS,129.0,181.0,,,1.0
BGD,Rajshahi/Rangpur,4793371,DPT 3 vaccination received,95.3,1,BD,Bangladesh,2014,BD2014DHS,CH_VACC_C_DP3,93906040,I,360007,1360070,Region,Rajshahi/Rangpur,0,,0,1,CHVACCCDP3,BDDHS2014360007,2014,DHS,309.0,384.0,,,
BGD,Rangpur,5038187,DPT 3 vaccination received,97.9,1,BD,Bangladesh,2014,BD2014DHS,CH_VACC_C_DP3,93906040,I,360008,1360080,Region,..Rangpur,0,,0,1,CHVACCCDP3,BDDHS2014360008,2014,DHS,146.0,192.0,,,1.0
BGD,Rajshahi,5120055,DPT 3 vaccination received,93.0,1,BD,Bangladesh,2014,BD2014DHS,CH_VACC_C_DP3,93906040,I,360009,1360090,Region,..Rajshahi,0,,0,1,CHVACCCDP3,BDDHS2014360009,2014,DHS,163.0,192.0,,,1.0
BGD,Barishal,2071294,Polio 0 vaccination received,32.6,1,BD,Bangladesh,2014,BD2014DHS,CH_VACC_C_OP0,93906050,I,360001,1360010,Region,Barishal,0,,0,1,CHVACCCOP0,BDDHS2014360001,2014,DHS,92.0,180.0,,,1.0
BGD,Chattogram/Sylhet,7062313,Polio 0 vaccination received,19.8,1,BD,Bangladesh,2014,BD2014DHS,CH_VACC_C_OP0,93906050,I,360002,1360020,Region,Chattogram/Sylhet,0,,0,1,CHVACCCOP0,BDDHS2014360002,2014,DHS,478.0,515.0,,,
BGD,Chattogram,3322592,Polio 0 vaccination received,22.9,1,BD,Bangladesh,2014,BD2014DHS,CH_VACC_C_OP0,93906050,I,360003,1360030,Region,..Chattogram,0,,0,1,CHVACCCOP0,BDDHS2014360003,2014,DHS,349.0,294.0,,,1.0
BGD,Sylhet,3066304,Polio 0 vaccination received,11.5,1,BD,Bangladesh,2014,BD2014DHS,CH_VACC_C_OP0,93906050,I,360004,1360040,Region,..Sylhet,0,,0,1,CHVACCCOP0,BDDHS2014360004,2014,DHS,129.0,221.0,,,1.0
BGD,Dhaka before 2015,7392131,Polio 0 vaccination received,16.9,1,BD,Bangladesh,2014,BD2014DHS,CH_VACC_C_OP0,93906050,I,360005,1360050,Region,Dhaka before 2015,0,,0,1,CHVACCCOP0,BDDHS2014360005,2014,DHS,624.0,297.0,,,1.0
BGD,Khulna,4502847,Polio 0 vaccination received,26.0,1,BD,Bangladesh,2014,BD2014DHS,CH_VACC_C_OP0,93906050,I,360006,1360060,Region,Khulna,0,,0,1,CHVACCCOP0,BDDHS2014360006,2014,DHS,129.0,181.0,,,1.0
BGD,Rajshahi/Rangpur,4793285,Polio 0 vaccination received,26.1,1,BD,Bangladesh,2014,BD2014DHS,CH_VACC_C_OP0,93906050,I,360007,1360070,Region,Rajshahi/Rangpur,0,,0,1,CHVACCCOP0,BDDHS2014360007,2014,DHS,309.0,384.0,,,
BGD,Rangpur,5038191,Polio 0 vaccination received,26.9,1,BD,Bangladesh,2014,BD2014DHS,CH_VACC_C_OP0,93906050,I,360008,1360080,Region,..Rangpur,0,,0,1,CHVACCCOP0,BDDHS2014360008,2014,DHS,146.0,192.0,,,1.0
BGD,Rajshahi,5120058,Polio 0 vaccination received,25.5,1,BD,Bangladesh,2014,BD2014DHS,CH_VACC_C_OP0,93906050,I,360009,1360090,Region,..Rajshahi,0,,0,1,CHVACCCOP0,BDDHS2014360009,2014,DHS,163.0,192.0,,,1.0
BGD,Barishal,2071295,Polio 1 vaccination received,97.5,1,BD,Bangladesh,2014,BD2014DHS,CH_VACC_C_OP1,93906060,I,360001,1360010,Region,Barishal,0,,0,1,CHVACCCOP1,BDDHS2014360001,2014,DHS,92.0,180.0,,,1.0
BGD,Chattogram/Sylhet,7062314,Polio 1 vaccination received,94.6,1,BD,Bangladesh,2014,BD2014DHS,CH_VACC_C_OP1,93906060,I,360002,1360020,Region,Chattogram/Sylhet,0,,0,1,CHVACCCOP1,BDDHS2014360002,2014,DHS,478.0,515.0,,,
BGD,Chattogram,3322593,Polio 1 vaccination received,96.7,1,BD,Bangladesh,2014,BD2014DHS,CH_VACC_C_OP1,93906060,I,360003,1360030,Region,..Chattogram,0,,0,1,CHVACCCOP1,BDDHS2014360003,2014,DHS,349.0,294.0,,,1.0
BGD,Sylhet,3066305,Polio 1 vaccination received,89.0,1,BD,Bangladesh,2014,BD2014DHS,CH_VACC_C_OP1,93906060,I,360004,1360040,Region,..Sylhet,0,,0,1,CHVACCCOP1,BDDHS2014360004,2014,DHS,129.0,221.0,,,1.0
BGD,Dhaka before 2015,7392132,Polio 1 vaccination received,98.7,1,BD,Bangladesh,2014,BD2014DHS,CH_VACC_C_OP1,93906060,I,360005,1360050,Region,Dhaka before 2015,0,,0,1,CHVACCCOP1,BDDHS2014360005,2014,DHS,624.0,297.0,,,1.0
BGD,Khulna,4502848,Polio 1 vaccination received,98.1,1,BD,Bangladesh,2014,BD2014DHS,CH_VACC_C_OP1,93906060,I,360006,1360060,Region,Khulna,0,,0,1,CHVACCCOP1,BDDHS2014360006,2014,DHS,129.0,181.0,,,1.0
BGD,Rajshahi/Rangpur,4793286,Polio 1 vaccination received,98.8,1,BD,Bangladesh,2014,BD2014DHS,CH_VACC_C_OP1,93906060,I,360007,1360070,Region,Rajshahi/Rangpur,0,,0,1,CHVACCCOP1,BDDHS2014360007,2014,DHS,309.0,384.0,,,
BGD,Rangpur,5038192,Polio 1 vaccination received,100.0,1,BD,Bangladesh,2014,BD2014DHS,CH_VACC_C_OP1,93906060,I,360008,1360080,Region,..Rangpur,0,,0,1,CHVACCCOP1,BDDHS2014360008,2014,DHS,146.0,192.0,,,1.0
BGD,Rajshahi,5120062,Polio 1 vaccination received,97.7,1,BD,Bangladesh,2014,BD2014DHS,CH_VACC_C_OP1,93906060,I,360009,1360090,Region,..Rajshahi,0,,0,1,CHVACCCOP1,BDDHS2014360009,2014,DHS,163.0,192.0,,,1.0
BGD,Barishal,2071296,Polio 2 vaccination received,95.6,1,BD,Bangladesh,2014,BD2014DHS,CH_VACC_C_OP2,93906070,I,360001,1360010,Region,Barishal,0,,0,1,CHVACCCOP2,BDDHS2014360001,2014,DHS,92.0,180.0,,,1.0
BGD,Chattogram/Sylhet,7062357,Polio 2 vaccination received,91.1,1,BD,Bangladesh,2014,BD2014DHS,CH_VACC_C_OP2,93906070,I,360002,1360020,Region,Chattogram/Sylhet,0,,0,1,CHVACCCOP2,BDDHS2014360002,2014,DHS,478.0,515.0,,,
BGD,Chattogram,3322594,Polio 2 vaccination received,92.7,1,BD,Bangladesh,2014,BD2014DHS,CH_VACC_C_OP2,93906070,I,360003,1360030,Region,..Chattogram,0,,0,1,CHVACCCOP2,BDDHS2014360003,2014,DHS,349.0,294.0,,,1.0
BGD,Sylhet,3066306,Polio 2 vaccination received,86.6,1,BD,Bangladesh,2014,BD2014DHS,CH_VACC_C_OP2,93906070,I,360004,1360040,Region,..Sylhet,0,,0,1,CHVACCCOP2,BDDHS2014360004,2014,DHS,129.0,221.0,,,1.0
BGD,Dhaka before 2015,7392133,Polio 2 vaccination received,98.2,1,BD,Bangladesh,2014,BD2014DHS,CH_VACC_C_OP2,93906070,I,360005,1360050,Region,Dhaka before 2015,0,,0,1,CHVACCCOP2,BDDHS2014360005,2014,DHS,624.0,297.0,,,1.0
BGD,Khulna,4502849,Polio 2 vaccination received,95.7,1,BD,Bangladesh,2014,BD2014DHS,CH_VACC_C_OP2,93906070,I,360006,1360060,Region,Khulna,0,,0,1,CHVACCCOP2,BDDHS2014360006,2014,DHS,129.0,181.0,,,1.0
BGD,Rajshahi/Rangpur,4793287,Polio 2 vaccination received,96.9,1,BD,Bangladesh,2014,BD2014DHS,CH_VACC_C_OP2,93906070,I,360007,1360070,Region,Rajshahi/Rangpur,0,,0,1,CHVACCCOP2,BDDHS2014360007,2014,DHS,309.0,384.0,,,
BGD,Rangpur,5038193,Polio 2 vaccination received,99.0,1,BD,Bangladesh,2014,BD2014DHS,CH_VACC_C_OP2,93906070,I,360008,1360080,Region,..Rangpur,0,,0,1,CHVACCCOP2,BDDHS2014360008,2014,DHS,146.0,192.0,,,1.0
BGD,Rajshahi,5120063,Polio 2 vaccination received,95.0,1,BD,Bangladesh,2014,BD2014DHS,CH_VACC_C_OP2,93906070,I,360009,1360090,Region,..Rajshahi,0,,0,1,CHVACCCOP2,BDDHS2014360009,2014,DHS,163.0,192.0,,,1.0
BGD,Barishal,2071297,Polio 3 vaccination received,88.2,1,BD,Bangladesh,2014,BD2014DHS,CH_VACC_C_OP3,93906080,I,360001,1360010,Region,Barishal,0,,0,1,CHVACCCOP3,BDDHS2014360001,2014,DHS,92.0,180.0,,,1.0
BGD,Chattogram/Sylhet,7062358,Polio 3 vaccination received,85.9,1,BD,Bangladesh,2014,BD2014DHS,CH_VACC_C_OP3,93906080,I,360002,1360020,Region,Chattogram/Sylhet,0,,0,1,CHVACCCOP3,BDDHS2014360002,2014,DHS,478.0,515.0,,,
BGD,Chattogram,3322595,Polio 3 vaccination received,88.9,1,BD,Bangladesh,2014,BD2014DHS,CH_VACC_C_OP3,93906080,I,360003,1360030,Region,..Chattogram,0,,0,1,CHVACCCOP3,BDDHS2014360003,2014,DHS,349.0,294.0,,,1.0
BGD,Sylhet,3066307,Polio 3 vaccination received,77.9,1,BD,Bangladesh,2014,BD2014DHS,CH_VACC_C_OP3,93906080,I,360004,1360040,Region,..Sylhet,0,,0,1,CHVACCCOP3,BDDHS2014360004,2014,DHS,129.0,221.0,,,1.0
BGD,Dhaka before 2015,7392134,Polio 3 vaccination received,93.9,1,BD,Bangladesh,2014,BD2014DHS,CH_VACC_C_OP3,93906080,I,360005,1360050,Region,Dhaka before 2015,0,,0,1,CHVACCCOP3,BDDHS2014360005,2014,DHS,624.0,297.0,,,1.0
BGD,Khulna,4502850,Polio 3 vaccination received,92.6,1,BD,Bangladesh,2014,BD2014DHS,CH_VACC_C_OP3,93906080,I,360006,1360060,Region,Khulna,0,,0,1,CHVACCCOP3,BDDHS2014360006,2014,DHS,129.0,181.0,,,1.0
BGD,Rajshahi/Rangpur,4793288,Polio 3 vaccination received,95.3,1,BD,Bangladesh,2014,BD2014DHS,CH_VACC_C_OP3,93906080,I,360007,1360070,Region,Rajshahi/Rangpur,0,,0,1,CHVACCCOP3,BDDHS2014360007,2014,DHS,309.0,384.0,,,
BGD,Rangpur,5038194,Polio 3 vaccination received,97.9,1,BD,Bangladesh,2014,BD2014DHS,CH_VACC_C_OP3,93906080,I,360008,1360080,Region,..Rangpur,0,,0,1,CHVACCCOP3,BDDHS2014360008,2014,DHS,146.0,192.0,,,1.0
BGD,Rajshahi,5120064,Polio 3 vaccination received,92.9,1,BD,Bangladesh,2014,BD2014DHS,CH_VACC_C_OP3,93906080,I,360009,1360090,Region,..Rajshahi,0,,0,1,CHVACCCOP3,BDDHS2014360009,2014,DHS,163.0,192.0,,,1.0
BGD,Barishal,2071274,Measles vaccination received,87.5,1,BD,Bangladesh,2014,BD2014DHS,CH_VACC_C_MSL,93906090,I,360001,1360010,Region,Barishal,0,,0,1,CHVACCCMSL,BDDHS2014360001,2014,DHS,92.0,180.0,,,1.0
BGD,Chattogram/Sylhet,7062311,Measles vaccination received,81.6,1,BD,Bangladesh,2014,BD2014DHS,CH_VACC_C_MSL,93906090,I,360002,1360020,Region,Chattogram/Sylhet,0,,0,1,CHVACCCMSL,BDDHS2014360002,2014,DHS,478.0,515.0,,,
BGD,Chattogram,3322589,Measles vaccination received,87.6,1,BD,Bangladesh,2014,BD2014DHS,CH_VACC_C_MSL,93906090,I,360003,1360030,Region,..Chattogram,0,,0,1,CHVACCCMSL,BDDHS2014360003,2014,DHS,349.0,294.0,,,1.0
BGD,Sylhet,3066301,Measles vaccination received,65.6,1,BD,Bangladesh,2014,BD2014DHS,CH_VACC_C_MSL,93906090,I,360004,1360040,Region,..Sylhet,0,,0,1,CHVACCCMSL,BDDHS2014360004,2014,DHS,129.0,221.0,,,1.0
BGD,Dhaka before 2015,7392101,Measles vaccination received,88.4,1,BD,Bangladesh,2014,BD2014DHS,CH_VACC_C_MSL,93906090,I,360005,1360050,Region,Dhaka before 2015,0,,0,1,CHVACCCMSL,BDDHS2014360005,2014,DHS,624.0,297.0,,,1.0
BGD,Khulna,4502845,Measles vaccination received,86.2,1,BD,Bangladesh,2014,BD2014DHS,CH_VACC_C_MSL,93906090,I,360006,1360060,Region,Khulna,0,,0,1,CHVACCCMSL,BDDHS2014360006,2014,DHS,129.0,181.0,,,1.0
BGD,Rajshahi/Rangpur,4793372,Measles vaccination received,88.0,1,BD,Bangladesh,2014,BD2014DHS,CH_VACC_C_MSL,93906090,I,360007,1360070,Region,Rajshahi/Rangpur,0,,0,1,CHVACCCMSL,BDDHS2014360007,2014,DHS,309.0,384.0,,,
BGD,Rangpur,5038188,Measles vaccination received,90.3,1,BD,Bangladesh,2014,BD2014DHS,CH_VACC_C_MSL,93906090,I,360008,1360080,Region,..Rangpur,0,,0,1,CHVACCCMSL,BDDHS2014360008,2014,DHS,146.0,192.0,,,1.0
BGD,Rajshahi,5120057,Measles vaccination received,86.0,1,BD,Bangladesh,2014,BD2014DHS,CH_VACC_C_MSL,93906090,I,360009,1360090,Region,..Rajshahi,0,,0,1,CHVACCCMSL,BDDHS2014360009,2014,DHS,163.0,192.0,,,1.0
BGD,Barishal,2071271,Fully vaccinated (8 basic antigens),81.5,1,BD,Bangladesh,2014,BD2014DHS,CH_VACC_C_BAS,93906230,I,360001,1360010,Region,Barishal,0,,0,1,CHVACCCBAS,BDDHS2014360001,2014,DHS,92.0,180.0,,,1.0
BGD,Chattogram/Sylhet,7062308,Fully vaccinated (8 basic antigens),77.3,1,BD,Bangladesh,2014,BD2014DHS,CH_VACC_C_BAS,93906230,I,360002,1360020,Region,Chattogram/Sylhet,0,,0,1,CHVACCCBAS,BDDHS2014360002,2014,DHS,478.0,515.0,,,
BGD,Chattogram,3322597,Fully vaccinated (8 basic antigens),83.3,1,BD,Bangladesh,2014,BD2014DHS,CH_VACC_C_BAS,93906230,I,360003,1360030,Region,..Chattogram,0,,0,1,CHVACCCBAS,BDDHS2014360003,2014,DHS,349.0,294.0,,,1.0
BGD,Sylhet,3066310,Fully vaccinated (8 basic antigens),61.1,1,BD,Bangladesh,2014,BD2014DHS,CH_VACC_C_BAS,93906230,I,360004,1360040,Region,..Sylhet,0,,0,1,CHVACCCBAS,BDDHS2014360004,2014,DHS,129.0,221.0,,,1.0
BGD,Dhaka before 2015,7392130,Fully vaccinated (8 basic antigens),87.4,1,BD,Bangladesh,2014,BD2014DHS,CH_VACC_C_BAS,93906230,I,360005,1360050,Region,Dhaka before 2015,0,,0,1,CHVACCCBAS,BDDHS2014360005,2014,DHS,624.0,297.0,,,1.0
BGD,Khulna,4502928,Fully vaccinated (8 basic antigens),85.5,1,BD,Bangladesh,2014,BD2014DHS,CH_VACC_C_BAS,93906230,I,360006,1360060,Region,Khulna,0,,0,1,CHVACCCBAS,BDDHS2014360006,2014,DHS,129.0,181.0,,,1.0
BGD,Rajshahi/Rangpur,4793284,Fully vaccinated (8 basic antigens),86.6,1,BD,Bangladesh,2014,BD2014DHS,CH_VACC_C_BAS,93906230,I,360007,1360070,Region,Rajshahi/Rangpur,0,,0,1,CHVACCCBAS,BDDHS2014360007,2014,DHS,309.0,384.0,,,
BGD,Rangpur,5038220,Fully vaccinated (8 basic antigens),90.0,1,BD,Bangladesh,2014,BD2014DHS,CH_VACC_C_BAS,93906230,I,360008,1360080,Region,..Rangpur,0,,0,1,CHVACCCBAS,BDDHS2014360008,2014,DHS,146.0,192.0,,,1.0
BGD,Rajshahi,5120067,Fully vaccinated (8 basic antigens),83.6,1,BD,Bangladesh,2014,BD2014DHS,CH_VACC_C_BAS,93906230,I,360009,1360090,Region,..Rajshahi,0,,0,1,CHVACCCBAS,BDDHS2014360009,2014,DHS,163.0,192.0,,,1.0
BGD,Barishal,2071275,Received no vaccinations,1.8,1,BD,Bangladesh,2014,BD2014DHS,CH_VACC_C_NON,93906250,I,360001,1360010,Region,Barishal,0,,0,1,CHVACCCNON,BDDHS2014360001,2014,DHS,92.0,180.0,,,1.0
BGD,Chattogram/Sylhet,7062312,Received no vaccinations,4.3,1,BD,Bangladesh,2014,BD2014DHS,CH_VACC_C_NON,93906250,I,360002,1360020,Region,Chattogram/Sylhet,0,,0,1,CHVACCCNON,BDDHS2014360002,2014,DHS,478.0,515.0,,,
BGD,Chattogram,3322590,Received no vaccinations,2.9,1,BD,Bangladesh,2014,BD2014DHS,CH_VACC_C_NON,93906250,I,360003,1360030,Region,..Chattogram,0,,0,1,CHVACCCNON,BDDHS2014360003,2014,DHS,349.0,294.0,,,1.0
BGD,Sylhet,3066302,Received no vaccinations,8.3,1,BD,Bangladesh,2014,BD2014DHS,CH_VACC_C_NON,93906250,I,360004,1360040,Region,..Sylhet,0,,0,1,CHVACCCNON,BDDHS2014360004,2014,DHS,129.0,221.0,,,1.0
BGD,Dhaka before 2015,7392102,Received no vaccinations,0.9,1,BD,Bangladesh,2014,BD2014DHS,CH_VACC_C_NON,93906250,I,360005,1360050,Region,Dhaka before 2015,0,,0,1,CHVACCCNON,BDDHS2014360005,2014,DHS,624.0,297.0,,,1.0
BGD,Khulna,4502846,Received no vaccinations,1.1,1,BD,Bangladesh,2014,BD2014DHS,CH_VACC_C_NON,93906250,I,360006,1360060,Region,Khulna,0,,0,1,CHVACCCNON,BDDHS2014360006,2014,DHS,129.0,181.0,,,1.0
BGD,Rajshahi/Rangpur,4793281,Received no vaccinations,0.9,1,BD,Bangladesh,2014,BD2014DHS,CH_VACC_C_NON,93906250,I,360007,1360070,Region,Rajshahi/Rangpur,0,,0,1,CHVACCCNON,BDDHS2014360007,2014,DHS,309.0,384.0,,,
BGD,Rangpur,5038189,Received no vaccinations,0.0,1,BD,Bangladesh,2014,BD2014DHS,CH_VACC_C_NON,93906250,I,360008,1360080,Region,..Rangpur,0,,0,1,CHVACCCNON,BDDHS2014360008,2014,DHS,146.0,192.0,,,1.0
BGD,Rajshahi,5120068,Received no vaccinations,1.7,1,BD,Bangladesh,2014,BD2014DHS,CH_VACC_C_NON,93906250,I,360009,1360090,Region,..Rajshahi,0,,0,1,CHVACCCNON,BDDHS2014360009,2014,DHS,163.0,192.0,,,1.0
BGD,Barishal,2071298,Number of children 12-23 months,92.0,0,BD,Bangladesh,2014,BD2014DHS,CH_VACC_C_NUM,93906270,D,360001,1360010,Region,Barishal,0,,0,1,CHVACCCNUM,BDDHS2014360001,2014,DHS,,180.0,,,1.0
BGD,Chattogram/Sylhet,7091213,Number of children 12-23 months,478.0,0,BD,Bangladesh,2014,BD2014DHS,CH_VACC_C_NUM,93906270,D,360002,1360020,Region,Chattogram/Sylhet,0,,0,1,CHVACCCNUM,BDDHS2014360002,2014,DHS,,515.0,,,
BGD,Chattogram,2071278,Number of children 12-23 months,349.0,0,BD,Bangladesh,2014,BD2014DHS,CH_VACC_C_NUM,93906270,D,360003,1360030,Region,..Chattogram,0,,0,1,CHVACCCNUM,BDDHS2014360003,2014,DHS,,294.0,,,1.0
BGD,Sylhet,2058833,Number of children 12-23 months,129.0,0,BD,Bangladesh,2014,BD2014DHS,CH_VACC_C_NUM,93906270,D,360004,1360040,Region,..Sylhet,0,,0,1,CHVACCCNUM,BDDHS2014360004,2014,DHS,,221.0,,,1.0
BGD,Dhaka before 2015,7443828,Number of children 12-23 months,624.0,0,BD,Bangladesh,2014,BD2014DHS,CH_VACC_C_NUM,93906270,D,360005,1360050,Region,Dhaka before 2015,0,,0,1,CHVACCCNUM,BDDHS2014360005,2014,DHS,,297.0,,,1.0
BGD,Khulna,4529972,Number of children 12-23 months,129.0,0,BD,Bangladesh,2014,BD2014DHS,CH_VACC_C_NUM,93906270,D,360006,1360060,Region,Khulna,0,,0,1,CHVACCCNUM,BDDHS2014360006,2014,DHS,,181.0,,,1.0
BGD,Rajshahi/Rangpur,4882995,Number of children 12-23 months,309.0,0,BD,Bangladesh,2014,BD2014DHS,CH_VACC_C_NUM,93906270,D,360007,1360070,Region,Rajshahi/Rangpur,0,,0,1,CHVACCCNUM,BDDHS2014360007,2014,DHS,,384.0,,,
BGD,Rangpur,5149057,Number of children 12-23 months,146.0,0,BD,Bangladesh,2014,BD2014DHS,CH_VACC_C_NUM,93906270,D,360008,1360080,Region,..Rangpur,0,,0,1,CHVACCCNUM,BDDHS2014360008,2014,DHS,,192.0,,,1.0
BGD,Rajshahi,5167231,Number of children 12-23 months,163.0,0,BD,Bangladesh,2014,BD2014DHS,CH_VACC_C_NUM,93906270,D,360009,1360090,Region,..Rajshahi,0,,0,1,CHVACCCNUM,BDDHS2014360009,2014,DHS,,192.0,,,1.0
BGD,Barishal,2071283,Number of children 12-23 months (unweighted),180.0,0,BD,Bangladesh,2014,BD2014DHS,CH_VACC_C_UNW,93906280,U,360001,1360010,Region,Barishal,0,,0,1,CHVACCCUNW,BDDHS2014360001,2014,DHS,92.0,,,,1.0
BGD,Chattogram/Sylhet,386423,Number of children 12-23 months (unweighted),515.0,0,BD,Bangladesh,2014,BD2014DHS,CH_VACC_C_UNW,93906280,U,360002,1360020,Region,Chattogram/Sylhet,0,,0,1,CHVACCCUNW,BDDHS2014360002,2014,DHS,478.0,,,,
BGD,Chattogram,3322606,Number of children 12-23 months (unweighted),294.0,0,BD,Bangladesh,2014,BD2014DHS,CH_VACC_C_UNW,93906280,U,360003,1360030,Region,..Chattogram,0,,0,1,CHVACCCUNW,BDDHS2014360003,2014,DHS,349.0,,,,1.0
BGD,Sylhet,3066311,Number of children 12-23 months (unweighted),221.0,0,BD,Bangladesh,2014,BD2014DHS,CH_VACC_C_UNW,93906280,U,360004,1360040,Region,..Sylhet,0,,0,1,CHVACCCUNW,BDDHS2014360004,2014,DHS,129.0,,,,1.0
BGD,Dhaka before 2015,3256706,Number of children 12-23 months (unweighted),297.0,0,BD,Bangladesh,2014,BD2014DHS,CH_VACC_C_UNW,93906280,U,360005,1360050,Region,Dhaka before 2015,0,,0,1,CHVACCCUNW,BDDHS2014360005,2014,DHS,624.0,,,,1.0
BGD,Khulna,2800815,Number of children 12-23 months (unweighted),181.0,0,BD,Bangladesh,2014,BD2014DHS,CH_VACC_C_UNW,93906280,U,360006,1360060,Region,Khulna,0,,0,1,CHVACCCUNW,BDDHS2014360006,2014,DHS,129.0,,,,1.0
BGD,Rajshahi/Rangpur,441557,Number of children 12-23 months (unweighted),384.0,0,BD,Bangladesh,2014,BD2014DHS,CH_VACC_C_UNW,93906280,U,360007,1360070,Region,Rajshahi/Rangpur,0,,0,1,CHVACCCUNW,BDDHS2014360007,2014,DHS,309.0,,,,
BGD,Rangpur,2738736,Number of children 12-23 months (unweighted),192.0,0,BD,Bangladesh,2014,BD2014DHS,CH_VACC_C_UNW,93906280,U,360008,1360080,Region,..Rangpur,0,,0,1,CHVACCCUNW,BDDHS2014360008,2014,DHS,146.0,,,,1.0
BGD,Rajshahi,3165844,Number of children 12-23 months (unweighted),192.0,0,BD,Bangladesh,2014,BD2014DHS,CH_VACC_C_UNW,93906280,U,360009,1360090,Region,..Rajshahi,0,,0,1,CHVACCCUNW,BDDHS2014360009,2014,DHS,163.0,,,,1.0
BGD,Barishal,7232450,BCG vaccination received,97.9,1,BD,Bangladesh,2017,BD2017DHS,CH_VACC_C_BCG,93906010,I,360001,1360010,Region,Barishal,0,,0,1,CHVACCCBCG,BDDHS2017360001,2017-18,DHS,94.0,176.0,,,1.0
BGD,Chattogram/Sylhet,5691867,BCG vaccination received,97.2,1,BD,Bangladesh,2017,BD2017DHS,CH_VACC_C_BCG,93906010,I,360002,1360020,Region,Chattogram/Sylhet,0,,0,1,CHVACCCBCG,BDDHS2017360002,2017-18,DHS,497.0,522.0,,,
BGD,Chattogram,2633432,BCG vaccination received,98.0,1,BD,Bangladesh,2017,BD2017DHS,CH_VACC_C_BCG,93906010,I,360003,1360030,Region,..Chattogram,0,,0,1,CHVACCCBCG,BDDHS2017360003,2017-18,DHS,354.0,274.0,,,1.0
BGD,Sylhet,6871598,BCG vaccination received,95.3,1,BD,Bangladesh,2017,BD2017DHS,CH_VACC_C_BCG,93906010,I,360004,1360040,Region,..Sylhet,0,,0,1,CHVACCCBCG,BDDHS2017360004,2017-18,DHS,143.0,248.0,,,1.0
BGD,Dhaka before 2015,3044089,BCG vaccination received,97.9,1,BD,Bangladesh,2017,BD2017DHS,CH_VACC_C_BCG,93906010,I,360005,1360050,Region,Dhaka before 2015,0,,0,1,CHVACCCBCG,BDDHS2017360005,2017-18,DHS,566.0,443.0,,,
BGD,Dhaka,2985659,BCG vaccination received,97.5,1,BD,Bangladesh,2017,BD2017DHS,CH_VACC_C_BCG,93906010,I,360010,1360052,Region,..Dhaka,0,,0,1,CHVACCCBCG,BDDHS2017360010,2017-18,DHS,425.0,243.0,,,1.0
BGD,Mymensingh,6548769,BCG vaccination received,98.8,1,BD,Bangladesh,2017,BD2017DHS,CH_VACC_C_BCG,93906010,I,360011,1360055,Region,..Mymensingh,0,,0,1,CHVACCCBCG,BDDHS2017360011,2017-18,DHS,141.0,200.0,,,1.0
BGD,Khulna,5704023,BCG vaccination received,100.0,1,BD,Bangladesh,2017,BD2017DHS,CH_VACC_C_BCG,93906010,I,360006,1360060,Region,Khulna,0,,0,1,CHVACCCBCG,BDDHS2017360006,2017-18,DHS,144.0,160.0,,,1.0
BGD,Rajshahi/Rangpur,5823207,BCG vaccination received,99.7,1,BD,Bangladesh,2017,BD2017DHS,CH_VACC_C_BCG,93906010,I,360007,1360070,Region,Rajshahi/Rangpur,0,,0,1,CHVACCCBCG,BDDHS2017360007,2017-18,DHS,378.0,365.0,,,
BGD,Rangpur,2077067,BCG vaccination received,99.4,1,BD,Bangladesh,2017,BD2017DHS,CH_VACC_C_BCG,93906010,I,360008,1360080,Region,..Rangpur,0,,0,1,CHVACCCBCG,BDDHS2017360008,2017-18,DHS,190.0,192.0,,,1.0
BGD,Rajshahi,5580142,BCG vaccination received,100.0,1,BD,Bangladesh,2017,BD2017DHS,CH_VACC_C_BCG,93906010,I,360009,1360090,Region,..Rajshahi,0,,0,1,CHVACCCBCG,BDDHS2017360009,2017-18,DHS,188.0,173.0,,,1.0
BGD,Barishal,7232431,DPT 1 vaccination received,97.2,1,BD,Bangladesh,2017,BD2017DHS,CH_VACC_C_DP1,93906020,I,360001,1360010,Region,Barishal,0,,0,1,CHVACCCDP1,BDDHS2017360001,2017-18,DHS,94.0,176.0,,,1.0
BGD,Chattogram/Sylhet,5691872,DPT 1 vaccination received,97.9,1,BD,Bangladesh,2017,BD2017DHS,CH_VACC_C_DP1,93906020,I,360002,1360020,Region,Chattogram/Sylhet,0,,0,1,CHVACCCDP1,BDDHS2017360002,2017-18,DHS,497.0,522.0,,,
BGD,Chattogram,2633420,DPT 1 vaccination received,98.8,1,BD,Bangladesh,2017,BD2017DHS,CH_VACC_C_DP1,93906020,I,360003,1360030,Region,..Chattogram,0,,0,1,CHVACCCDP1,BDDHS2017360003,2017-18,DHS,354.0,274.0,,,1.0
BGD,Sylhet,6871603,DPT 1 vaccination received,95.8,1,BD,Bangladesh,2017,BD2017DHS,CH_VACC_C_DP1,93906020,I,360004,1360040,Region,..Sylhet,0,,0,1,CHVACCCDP1,BDDHS2017360004,2017-18,DHS,143.0,248.0,,,1.0
BGD,Dhaka before 2015,3044082,DPT 1 vaccination received,98.0,1,BD,Bangladesh,2017,BD2017DHS,CH_VACC_C_DP1,93906020,I,360005,1360050,Region,Dhaka before 2015,0,,0,1,CHVACCCDP1,BDDHS2017360005,2017-18,DHS,566.0,443.0,,,
BGD,Dhaka,2985652,DPT 1 vaccination received,97.9,1,BD,Bangladesh,2017,BD2017DHS,CH_VACC_C_DP1,93906020,I,360010,1360052,Region,..Dhaka,0,,0,1,CHVACCCDP1,BDDHS2017360010,2017-18,DHS,425.0,243.0,,,1.0
BGD,Mymensingh,6548762,DPT 1 vaccination received,98.2,1,BD,Bangladesh,2017,BD2017DHS,CH_VACC_C_DP1,93906020,I,360011,1360055,Region,..Mymensingh,0,,0,1,CHVACCCDP1,BDDHS2017360011,2017-18,DHS,141.0,200.0,,,1.0
BGD,Khulna,5704004,DPT 1 vaccination received,100.0,1,BD,Bangladesh,2017,BD2017DHS,CH_VACC_C_DP1,93906020,I,360006,1360060,Region,Khulna,0,,0,1,CHVACCCDP1,BDDHS2017360006,2017-18,DHS,144.0,160.0,,,1.0
BGD,Rajshahi/Rangpur,5823211,DPT 1 vaccination received,99.7,1,BD,Bangladesh,2017,BD2017DHS,CH_VACC_C_DP1,93906020,I,360007,1360070,Region,Rajshahi/Rangpur,0,,0,1,CHVACCCDP1,BDDHS2017360007,2017-18,DHS,378.0,365.0,,,
BGD,Rangpur,2077053,DPT 1 vaccination received,99.4,1,BD,Bangladesh,2017,BD2017DHS,CH_VACC_C_DP1,93906020,I,360008,1360080,Region,..Rangpur,0,,0,1,CHVACCCDP1,BDDHS2017360008,2017-18,DHS,190.0,192.0,,,1.0
BGD,Rajshahi,5580135,DPT 1 vaccination received,100.0,1,BD,Bangladesh,2017,BD2017DHS,CH_VACC_C_DP1,93906020,I,360009,1360090,Region,..Rajshahi,0,,0,1,CHVACCCDP1,BDDHS2017360009,2017-18,DHS,188.0,173.0,,,1.0
BGD,Barishal,7232451,DPT 2 vaccination received,97.2,1,BD,Bangladesh,2017,BD2017DHS,CH_VACC_C_DP2,93906030,I,360001,1360010,Region,Barishal,0,,0,1,CHVACCCDP2,BDDHS2017360001,2017-18,DHS,94.0,176.0,,,1.0
BGD,Chattogram/Sylhet,5691868,DPT 2 vaccination received,97.1,1,BD,Bangladesh,2017,BD2017DHS,CH_VACC_C_DP2,93906030,I,360002,1360020,Region,Chattogram/Sylhet,0,,0,1,CHVACCCDP2,BDDHS2017360002,2017-18,DHS,497.0,522.0,,,
BGD,Chattogram,2633433,DPT 2 vaccination received,98.1,1,BD,Bangladesh,2017,BD2017DHS,CH_VACC_C_DP2,93906030,I,360003,1360030,Region,..Chattogram,0,,0,1,CHVACCCDP2,BDDHS2017360003,2017-18,DHS,354.0,274.0,,,1.0
BGD,Sylhet,6871599,DPT 2 vaccination received,94.6,1,BD,Bangladesh,2017,BD2017DHS,CH_VACC_C_DP2,93906030,I,360004,1360040,Region,..Sylhet,0,,0,1,CHVACCCDP2,BDDHS2017360004,2017-18,DHS,143.0,248.0,,,1.0
BGD,Dhaka before 2015,3044090,DPT 2 vaccination received,96.5,1,BD,Bangladesh,2017,BD2017DHS,CH_VACC_C_DP2,93906030,I,360005,1360050,Region,Dhaka before 2015,0,,0,1,CHVACCCDP2,BDDHS2017360005,2017-18,DHS,566.0,443.0,,,
BGD,Dhaka,2985660,DPT 2 vaccination received,96.6,1,BD,Bangladesh,2017,BD2017DHS,CH_VACC_C_DP2,93906030,I,360010,1360052,Region,..Dhaka,0,,0,1,CHVACCCDP2,BDDHS2017360010,2017-18,DHS,425.0,243.0,,,1.0
BGD,Mymensingh,6548770,DPT 2 vaccination received,96.4,1,BD,Bangladesh,2017,BD2017DHS,CH_VACC_C_DP2,93906030,I,360011,1360055,Region,..Mymensingh,0,,0,1,CHVACCCDP2,BDDHS2017360011,2017-18,DHS,141.0,200.0,,,1.0
BGD,Khulna,5704024,DPT 2 vaccination received,99.3,1,BD,Bangladesh,2017,BD2017DHS,CH_VACC_C_DP2,93906030,I,360006,1360060,Region,Khulna,0,,0,1,CHVACCCDP2,BDDHS2017360006,2017-18,DHS,144.0,160.0,,,1.0
BGD,Rajshahi/Rangpur,5823208,DPT 2 vaccination received,99.0,1,BD,Bangladesh,2017,BD2017DHS,CH_VACC_C_DP2,93906030,I,360007,1360070,Region,Rajshahi/Rangpur,0,,0,1,CHVACCCDP2,BDDHS2017360007,2017-18,DHS,378.0,365.0,,,
BGD,Rangpur,2077068,DPT 2 vaccination received,98.1,1,BD,Bangladesh,2017,BD2017DHS,CH_VACC_C_DP2,93906030,I,360008,1360080,Region,..Rangpur,0,,0,1,CHVACCCDP2,BDDHS2017360008,2017-18,DHS,190.0,192.0,,,1.0
BGD,Rajshahi,5580143,DPT 2 vaccination received,100.0,1,BD,Bangladesh,2017,BD2017DHS,CH_VACC_C_DP2,93906030,I,360009,1360090,Region,..Rajshahi,0,,0,1,CHVACCCDP2,BDDHS2017360009,2017-18,DHS,188.0,173.0,,,1.0
BGD,Barishal,7232432,DPT 3 vaccination received,95.7,1,BD,Bangladesh,2017,BD2017DHS,CH_VACC_C_DP3,93906040,I,360001,1360010,Region,Barishal,0,,0,1,CHVACCCDP3,BDDHS2017360001,2017-18,DHS,94.0,176.0,,,1.0
BGD,Chattogram/Sylhet,5691873,DPT 3 vaccination received,95.8,1,BD,Bangladesh,2017,BD2017DHS,CH_VACC_C_DP3,93906040,I,360002,1360020,Region,Chattogram/Sylhet,0,,0,1,CHVACCCDP3,BDDHS2017360002,2017-18,DHS,497.0,522.0,,,
BGD,Chattogram,2633421,DPT 3 vaccination received,97.1,1,BD,Bangladesh,2017,BD2017DHS,CH_VACC_C_DP3,93906040,I,360003,1360030,Region,..Chattogram,0,,0,1,CHVACCCDP3,BDDHS2017360003,2017-18,DHS,354.0,274.0,,,1.0
BGD,Sylhet,6871604,DPT 3 vaccination received,92.8,1,BD,Bangladesh,2017,BD2017DHS,CH_VACC_C_DP3,93906040,I,360004,1360040,Region,..Sylhet,0,,0,1,CHVACCCDP3,BDDHS2017360004,2017-18,DHS,143.0,248.0,,,1.0
BGD,Dhaka before 2015,3044083,DPT 3 vaccination received,93.8,1,BD,Bangladesh,2017,BD2017DHS,CH_VACC_C_DP3,93906040,I,360005,1360050,Region,Dhaka before 2015,0,,0,1,CHVACCCDP3,BDDHS2017360005,2017-18,DHS,566.0,443.0,,,
BGD,Dhaka,2985653,DPT 3 vaccination received,94.1,1,BD,Bangladesh,2017,BD2017DHS,CH_VACC_C_DP3,93906040,I,360010,1360052,Region,..Dhaka,0,,0,1,CHVACCCDP3,BDDHS2017360010,2017-18,DHS,425.0,243.0,,,1.0
BGD,Mymensingh,6548763,DPT 3 vaccination received,93.0,1,BD,Bangladesh,2017,BD2017DHS,CH_VACC_C_DP3,93906040,I,360011,1360055,Region,..Mymensingh,0,,0,1,CHVACCCDP3,BDDHS2017360011,2017-18,DHS,141.0,200.0,,,1.0
BGD,Khulna,5704013,DPT 3 vaccination received,97.9,1,BD,Bangladesh,2017,BD2017DHS,CH_VACC_C_DP3,93906040,I,360006,1360060,Region,Khulna,0,,0,1,CHVACCCDP3,BDDHS2017360006,2017-18,DHS,144.0,160.0,,,1.0
BGD,Rajshahi/Rangpur,5823212,DPT 3 vaccination received,98.4,1,BD,Bangladesh,2017,BD2017DHS,CH_VACC_C_DP3,93906040,I,360007,1360070,Region,Rajshahi/Rangpur,0,,0,1,CHVACCCDP3,BDDHS2017360007,2017-18,DHS,378.0,365.0,,,
BGD,Rangpur,2077059,DPT 3 vaccination received,97.8,1,BD,Bangladesh,2017,BD2017DHS,CH_VACC_C_DP3,93906040,I,360008,1360080,Region,..Rangpur,0,,0,1,CHVACCCDP3,BDDHS2017360008,2017-18,DHS,190.0,192.0,,,1.0
BGD,Rajshahi,5580136,DPT 3 vaccination received,99.0,1,BD,Bangladesh,2017,BD2017DHS,CH_VACC_C_DP3,93906040,I,360009,1360090,Region,..Rajshahi,0,,0,1,CHVACCCDP3,BDDHS2017360009,2017-18,DHS,188.0,173.0,,,1.0
BGD,Barishal,7232438,Polio 1 vaccination received,95.9,1,BD,Bangladesh,2017,BD2017DHS,CH_VACC_C_OP1,93906060,I,360001,1360010,Region,Barishal,0,,0,1,CHVACCCOP1,BDDHS2017360001,2017-18,DHS,94.0,176.0,,,1.0
BGD,Chattogram/Sylhet,5691909,Polio 1 vaccination received,97.9,1,BD,Bangladesh,2017,BD2017DHS,CH_VACC_C_OP1,93906060,I,360002,1360020,Region,Chattogram/Sylhet,0,,0,1,CHVACCCOP1,BDDHS2017360002,2017-18,DHS,497.0,522.0,,,
BGD,Chattogram,2633418,Polio 1 vaccination received,98.8,1,BD,Bangladesh,2017,BD2017DHS,CH_VACC_C_OP1,93906060,I,360003,1360030,Region,..Chattogram,0,,0,1,CHVACCCOP1,BDDHS2017360003,2017-18,DHS,354.0,274.0,,,1.0
BGD,Sylhet,6871618,Polio 1 vaccination received,95.8,1,BD,Bangladesh,2017,BD2017DHS,CH_VACC_C_OP1,93906060,I,360004,1360040,Region,..Sylhet,0,,0,1,CHVACCCOP1,BDDHS2017360004,2017-18,DHS,143.0,248.0,,,1.0
BGD,Dhaka before 2015,3044073,Polio 1 vaccination received,97.7,1,BD,Bangladesh,2017,BD2017DHS,CH_VACC_C_OP1,93906060,I,360005,1360050,Region,Dhaka before 2015,0,,0,1,CHVACCCOP1,BDDHS2017360005,2017-18,DHS,566.0,443.0,,,
BGD,Dhaka,2985633,Polio 1 vaccination received,97.5,1,BD,Bangladesh,2017,BD2017DHS,CH_VACC_C_OP1,93906060,I,360010,1360052,Region,..Dhaka,0,,0,1,CHVACCCOP1,BDDHS2017360010,2017-18,DHS,425.0,243.0,,,1.0
BGD,Mymensingh,6548750,Polio 1 vaccination received,98.2,1,BD,Bangladesh,2017,BD2017DHS,CH_VACC_C_OP1,93906060,I,360011,1360055,Region,..Mymensingh,0,,0,1,CHVACCCOP1,BDDHS2017360011,2017-18,DHS,141.0,200.0,,,1.0
BGD,Khulna,5704019,Polio 1 vaccination received,99.3,1,BD,Bangladesh,2017,BD2017DHS,CH_VACC_C_OP1,93906060,I,360006,1360060,Region,Khulna,0,,0,1,CHVACCCOP1,BDDHS2017360006,2017-18,DHS,144.0,160.0,,,1.0
BGD,Rajshahi/Rangpur,5823216,Polio 1 vaccination received,99.7,1,BD,Bangladesh,2017,BD2017DHS,CH_VACC_C_OP1,93906060,I,360007,1360070,Region,Rajshahi/Rangpur,0,,0,1,CHVACCCOP1,BDDHS2017360007,2017-18,DHS,378.0,365.0,,,
BGD,Rangpur,2077042,Polio 1 vaccination received,99.4,1,BD,Bangladesh,2017,BD2017DHS,CH_VACC_C_OP1,93906060,I,360008,1360080,Region,..Rangpur,0,,0,1,CHVACCCOP1,BDDHS2017360008,2017-18,DHS,190.0,192.0,,,1.0
BGD,Rajshahi,5580147,Polio 1 vaccination received,100.0,1,BD,Bangladesh,2017,BD2017DHS,CH_VACC_C_OP1,93906060,I,360009,1360090,Region,..Rajshahi,0,,0,1,CHVACCCOP1,BDDHS2017360009,2017-18,DHS,188.0,173.0,,,1.0
BGD,Barishal,7232439,Polio 2 vaccination received,95.9,1,BD,Bangladesh,2017,BD2017DHS,CH_VACC_C_OP2,93906070,I,360001,1360010,Region,Barishal,0,,0,1,CHVACCCOP2,BDDHS2017360001,2017-18,DHS,94.0,176.0,,,1.0
BGD,Chattogram/Sylhet,5691910,Polio 2 vaccination received,96.0,1,BD,Bangladesh,2017,BD2017DHS,CH_VACC_C_OP2,93906070,I,360002,1360020,Region,Chattogram/Sylhet,0,,0,1,CHVACCCOP2,BDDHS2017360002,2017-18,DHS,497.0,522.0,,,
BGD,Chattogram,2633419,Polio 2 vaccination received,96.9,1,BD,Bangladesh,2017,BD2017DHS,CH_VACC_C_OP2,93906070,I,360003,1360030,Region,..Chattogram,0,,0,1,CHVACCCOP2,BDDHS2017360003,2017-18,DHS,354.0,274.0,,,1.0
BGD,Sylhet,6871595,Polio 2 vaccination received,93.7,1,BD,Bangladesh,2017,BD2017DHS,CH_VACC_C_OP2,93906070,I,360004,1360040,Region,..Sylhet,0,,0,1,CHVACCCOP2,BDDHS2017360004,2017-18,DHS,143.0,248.0,,,1.0
BGD,Dhaka before 2015,3044074,Polio 2 vaccination received,96.2,1,BD,Bangladesh,2017,BD2017DHS,CH_VACC_C_OP2,93906070,I,360005,1360050,Region,Dhaka before 2015,0,,0,1,CHVACCCOP2,BDDHS2017360005,2017-18,DHS,566.0,443.0,,,
BGD,Dhaka,2985634,Polio 2 vaccination received,96.6,1,BD,Bangladesh,2017,BD2017DHS,CH_VACC_C_OP2,93906070,I,360010,1360052,Region,..Dhaka,0,,0,1,CHVACCCOP2,BDDHS2017360010,2017-18,DHS,425.0,243.0,,,1.0
BGD,Mymensingh,6548751,Polio 2 vaccination received,95.0,1,BD,Bangladesh,2017,BD2017DHS,CH_VACC_C_OP2,93906070,I,360011,1360055,Region,..Mymensingh,0,,0,1,CHVACCCOP2,BDDHS2017360011,2017-18,DHS,141.0,200.0,,,1.0
BGD,Khulna,5704020,Polio 2 vaccination received,98.7,1,BD,Bangladesh,2017,BD2017DHS,CH_VACC_C_OP2,93906070,I,360006,1360060,Region,Khulna,0,,0,1,CHVACCCOP2,BDDHS2017360006,2017-18,DHS,144.0,160.0,,,1.0
BGD,Rajshahi/Rangpur,5823217,Polio 2 vaccination received,98.6,1,BD,Bangladesh,2017,BD2017DHS,CH_VACC_C_OP2,93906070,I,360007,1360070,Region,Rajshahi/Rangpur,0,,0,1,CHVACCCOP2,BDDHS2017360007,2017-18,DHS,378.0,365.0,,,
BGD,Rangpur,2077043,Polio 2 vaccination received,97.8,1,BD,Bangladesh,2017,BD2017DHS,CH_VACC_C_OP2,93906070,I,360008,1360080,Region,..Rangpur,0,,0,1,CHVACCCOP2,BDDHS2017360008,2017-18,DHS,190.0,192.0,,,1.0
BGD,Rajshahi,5580148,Polio 2 vaccination received,99.4,1,BD,Bangladesh,2017,BD2017DHS,CH_VACC_C_OP2,93906070,I,360009,1360090,Region,..Rajshahi,0,,0,1,CHVACCCOP2,BDDHS2017360009,2017-18,DHS,188.0,173.0,,,1.0
BGD,Barishal,7232440,Polio 3 vaccination received,95.1,1,BD,Bangladesh,2017,BD2017DHS,CH_VACC_C_OP3,93906080,I,360001,1360010,Region,Barishal,0,,0,1,CHVACCCOP3,BDDHS2017360001,2017-18,DHS,94.0,176.0,,,1.0
BGD,Chattogram/Sylhet,5691911,Polio 3 vaccination received,93.3,1,BD,Bangladesh,2017,BD2017DHS,CH_VACC_C_OP3,93906080,I,360002,1360020,Region,Chattogram/Sylhet,0,,0,1,CHVACCCOP3,BDDHS2017360002,2017-18,DHS,497.0,522.0,,,
BGD,Chattogram,2633442,Polio 3 vaccination received,94.4,1,BD,Bangladesh,2017,BD2017DHS,CH_VACC_C_OP3,93906080,I,360003,1360030,Region,..Chattogram,0,,0,1,CHVACCCOP3,BDDHS2017360003,2017-18,DHS,354.0,274.0,,,1.0
BGD,Sylhet,6871596,Polio 3 vaccination received,90.6,1,BD,Bangladesh,2017,BD2017DHS,CH_VACC_C_OP3,93906080,I,360004,1360040,Region,..Sylhet,0,,0,1,CHVACCCOP3,BDDHS2017360004,2017-18,DHS,143.0,248.0,,,1.0
BGD,Dhaka before 2015,3044075,Polio 3 vaccination received,93.3,1,BD,Bangladesh,2017,BD2017DHS,CH_VACC_C_OP3,93906080,I,360005,1360050,Region,Dhaka before 2015,0,,0,1,CHVACCCOP3,BDDHS2017360005,2017-18,DHS,566.0,443.0,,,
BGD,Dhaka,2985638,Polio 3 vaccination received,93.4,1,BD,Bangladesh,2017,BD2017DHS,CH_VACC_C_OP3,93906080,I,360010,1360052,Region,..Dhaka,0,,0,1,CHVACCCOP3,BDDHS2017360010,2017-18,DHS,425.0,243.0,,,1.0
BGD,Mymensingh,6548752,Polio 3 vaccination received,93.0,1,BD,Bangladesh,2017,BD2017DHS,CH_VACC_C_OP3,93906080,I,360011,1360055,Region,..Mymensingh,0,,0,1,CHVACCCOP3,BDDHS2017360011,2017-18,DHS,141.0,200.0,,,1.0
BGD,Khulna,5704021,Polio 3 vaccination received,96.5,1,BD,Bangladesh,2017,BD2017DHS,CH_VACC_C_OP3,93906080,I,360006,1360060,Region,Khulna,0,,0,1,CHVACCCOP3,BDDHS2017360006,2017-18,DHS,144.0,160.0,,,1.0
BGD,Rajshahi/Rangpur,5823218,Polio 3 vaccination received,97.1,1,BD,Bangladesh,2017,BD2017DHS,CH_VACC_C_OP3,93906080,I,360007,1360070,Region,Rajshahi/Rangpur,0,,0,1,CHVACCCOP3,BDDHS2017360007,2017-18,DHS,378.0,365.0,,,
BGD,Rangpur,2077044,Polio 3 vaccination received,95.9,1,BD,Bangladesh,2017,BD2017DHS,CH_VACC_C_OP3,93906080,I,360008,1360080,Region,..Rangpur,0,,0,1,CHVACCCOP3,BDDHS2017360008,2017-18,DHS,190.0,192.0,,,1.0
BGD,Rajshahi,5580149,Polio 3 vaccination received,98.3,1,BD,Bangladesh,2017,BD2017DHS,CH_VACC_C_OP3,93906080,I,360009,1360090,Region,..Rajshahi,0,,0,1,CHVACCCOP3,BDDHS2017360009,2017-18,DHS,188.0,173.0,,,1.0
BGD,Barishal,7232436,Measles vaccination received,86.8,1,BD,Bangladesh,2017,BD2017DHS,CH_VACC_C_MSL,93906090,I,360001,1360010,Region,Barishal,0,,0,1,CHVACCCMSL,BDDHS2017360001,2017-18,DHS,94.0,176.0,,,1.0
BGD,Chattogram/Sylhet,5691880,Measles vaccination received,90.0,1,BD,Bangladesh,2017,BD2017DHS,CH_VACC_C_MSL,93906090,I,360002,1360020,Region,Chattogram/Sylhet,0,,0,1,CHVACCCMSL,BDDHS2017360002,2017-18,DHS,497.0,522.0,,,
BGD,Chattogram,2633425,Measles vaccination received,91.0,1,BD,Bangladesh,2017,BD2017DHS,CH_VACC_C_MSL,93906090,I,360003,1360030,Region,..Chattogram,0,,0,1,CHVACCCMSL,BDDHS2017360003,2017-18,DHS,354.0,274.0,,,1.0
BGD,Sylhet,6871608,Measles vaccination received,87.4,1,BD,Bangladesh,2017,BD2017DHS,CH_VACC_C_MSL,93906090,I,360004,1360040,Region,..Sylhet,0,,0,1,CHVACCCMSL,BDDHS2017360004,2017-18,DHS,143.0,248.0,,,1.0
BGD,Dhaka before 2015,3044087,Measles vaccination received,90.2,1,BD,Bangladesh,2017,BD2017DHS,CH_VACC_C_MSL,93906090,I,360005,1360050,Region,Dhaka before 2015,0,,0,1,CHVACCCMSL,BDDHS2017360005,2017-18,DHS,566.0,443.0,,,
BGD,Dhaka,2985657,Measles vaccination received,90.7,1,BD,Bangladesh,2017,BD2017DHS,CH_VACC_C_MSL,93906090,I,360010,1360052,Region,..Dhaka,0,,0,1,CHVACCCMSL,BDDHS2017360010,2017-18,DHS,425.0,243.0,,,1.0
BGD,Mymensingh,6548767,Measles vaccination received,88.4,1,BD,Bangladesh,2017,BD2017DHS,CH_VACC_C_MSL,93906090,I,360011,1360055,Region,..Mymensingh,0,,0,1,CHVACCCMSL,BDDHS2017360011,2017-18,DHS,141.0,200.0,,,1.0
BGD,Khulna,5704017,Measles vaccination received,93.7,1,BD,Bangladesh,2017,BD2017DHS,CH_VACC_C_MSL,93906090,I,360006,1360060,Region,Khulna,0,,0,1,CHVACCCMSL,BDDHS2017360006,2017-18,DHS,144.0,160.0,,,1.0
BGD,Rajshahi/Rangpur,5823231,Measles vaccination received,93.6,1,BD,Bangladesh,2017,BD2017DHS,CH_VACC_C_MSL,93906090,I,360007,1360070,Region,Rajshahi/Rangpur,0,,0,1,CHVACCCMSL,BDDHS2017360007,2017-18,DHS,378.0,365.0,,,
BGD,Rangpur,2077063,Measles vaccination received,92.3,1,BD,Bangladesh,2017,BD2017DHS,CH_VACC_C_MSL,93906090,I,360008,1360080,Region,..Rangpur,0,,0,1,CHVACCCMSL,BDDHS2017360008,2017-18,DHS,190.0,192.0,,,1.0
BGD,Rajshahi,5580140,Measles vaccination received,95.0,1,BD,Bangladesh,2017,BD2017DHS,CH_VACC_C_MSL,93906090,I,360009,1360090,Region,..Rajshahi,0,,0,1,CHVACCCMSL,BDDHS2017360009,2017-18,DHS,188.0,173.0,,,1.0
BGD,Barishal,7232433,Hepatitis 1 vaccination received,97.2,1,BD,Bangladesh,2017,BD2017DHS,CH_VACC_C_HP1,93906110,I,360001,1360010,Region,Barishal,0,,0,1,CHVACCCHP1,BDDHS2017360001,2017-18,DHS,94.0,176.0,,,1.0
BGD,Chattogram/Sylhet,5691874,Hepatitis 1 vaccination received,97.9,1,BD,Bangladesh,2017,BD2017DHS,CH_VACC_C_HP1,93906110,I,360002,1360020,Region,Chattogram/Sylhet,0,,0,1,CHVACCCHP1,BDDHS2017360002,2017-18,DHS,497.0,522.0,,,
BGD,Chattogram,2633422,Hepatitis 1 vaccination received,98.8,1,BD,Bangladesh,2017,BD2017DHS,CH_VACC_C_HP1,93906110,I,360003,1360030,Region,..Chattogram,0,,0,1,CHVACCCHP1,BDDHS2017360003,2017-18,DHS,354.0,274.0,,,1.0
BGD,Sylhet,6871605,Hepatitis 1 vaccination received,95.8,1,BD,Bangladesh,2017,BD2017DHS,CH_VACC_C_HP1,93906110,I,360004,1360040,Region,..Sylhet,0,,0,1,CHVACCCHP1,BDDHS2017360004,2017-18,DHS,143.0,248.0,,,1.0
BGD,Dhaka before 2015,3044084,Hepatitis 1 vaccination received,98.0,1,BD,Bangladesh,2017,BD2017DHS,CH_VACC_C_HP1,93906110,I,360005,1360050,Region,Dhaka before 2015,0,,0,1,CHVACCCHP1,BDDHS2017360005,2017-18,DHS,566.0,443.0,,,
BGD,Dhaka,2985654,Hepatitis 1 vaccination received,97.9,1,BD,Bangladesh,2017,BD2017DHS,CH_VACC_C_HP1,93906110,I,360010,1360052,Region,..Dhaka,0,,0,1,CHVACCCHP1,BDDHS2017360010,2017-18,DHS,425.0,243.0,,,1.0
BGD,Mymensingh,6548764,Hepatitis 1 vaccination received,98.2,1,BD,Bangladesh,2017,BD2017DHS,CH_VACC_C_HP1,93906110,I,360011,1360055,Region,..Mymensingh,0,,0,1,CHVACCCHP1,BDDHS2017360011,2017-18,DHS,141.0,200.0,,,1.0
BGD,Khulna,5704014,Hepatitis 1 vaccination received,100.0,1,BD,Bangladesh,2017,BD2017DHS,CH_VACC_C_HP1,93906110,I,360006,1360060,Region,Khulna,0,,0,1,CHVACCCHP1,BDDHS2017360006,2017-18,DHS,144.0,160.0,,,1.0
BGD,Rajshahi/Rangpur,5823213,Hepatitis 1 vaccination received,99.7,1,BD,Bangladesh,2017,BD2017DHS,CH_VACC_C_HP1,93906110,I,360007,1360070,Region,Rajshahi/Rangpur,0,,0,1,CHVACCCHP1,BDDHS2017360007,2017-18,DHS,378.0,365.0,,,
BGD,Rangpur,2077060,Hepatitis 1 vaccination received,99.4,1,BD,Bangladesh,2017,BD2017DHS,CH_VACC_C_HP1,93906110,I,360008,1360080,Region,..Rangpur,0,,0,1,CHVACCCHP1,BDDHS2017360008,2017-18,DHS,190.0,192.0,,,1.0
BGD,Rajshahi,5580137,Hepatitis 1 vaccination received,100.0,1,BD,Bangladesh,2017,BD2017DHS,CH_VACC_C_HP1,93906110,I,360009,1360090,Region,..Rajshahi,0,,0,1,CHVACCCHP1,BDDHS2017360009,2017-18,DHS,188.0,173.0,,,1.0
BGD,Barishal,7232452,Hepatitis 2 vaccination received,97.2,1,BD,Bangladesh,2017,BD2017DHS,CH_VACC_C_HP2,93906120,I,360001,1360010,Region,Barishal,0,,0,1,CHVACCCHP2,BDDHS2017360001,2017-18,DHS,94.0,176.0,,,1.0
BGD,Chattogram/Sylhet,5691869,Hepatitis 2 vaccination received,97.1,1,BD,Bangladesh,2017,BD2017DHS,CH_VACC_C_HP2,93906120,I,360002,1360020,Region,Chattogram/Sylhet,0,,0,1,CHVACCCHP2,BDDHS2017360002,2017-18,DHS,497.0,522.0,,,
BGD,Chattogram,2633434,Hepatitis 2 vaccination received,98.1,1,BD,Bangladesh,2017,BD2017DHS,CH_VACC_C_HP2,93906120,I,360003,1360030,Region,..Chattogram,0,,0,1,CHVACCCHP2,BDDHS2017360003,2017-18,DHS,354.0,274.0,,,1.0
BGD,Sylhet,6871600,Hepatitis 2 vaccination received,94.6,1,BD,Bangladesh,2017,BD2017DHS,CH_VACC_C_HP2,93906120,I,360004,1360040,Region,..Sylhet,0,,0,1,CHVACCCHP2,BDDHS2017360004,2017-18,DHS,143.0,248.0,,,1.0
BGD,Dhaka before 2015,3044091,Hepatitis 2 vaccination received,96.5,1,BD,Bangladesh,2017,BD2017DHS,CH_VACC_C_HP2,93906120,I,360005,1360050,Region,Dhaka before 2015,0,,0,1,CHVACCCHP2,BDDHS2017360005,2017-18,DHS,566.0,443.0,,,
BGD,Dhaka,2985661,Hepatitis 2 vaccination received,96.6,1,BD,Bangladesh,2017,BD2017DHS,CH_VACC_C_HP2,93906120,I,360010,1360052,Region,..Dhaka,0,,0,1,CHVACCCHP2,BDDHS2017360010,2017-18,DHS,425.0,243.0,,,1.0
BGD,Mymensingh,6548771,Hepatitis 2 vaccination received,96.4,1,BD,Bangladesh,2017,BD2017DHS,CH_VACC_C_HP2,93906120,I,360011,1360055,Region,..Mymensingh,0,,0,1,CHVACCCHP2,BDDHS2017360011,2017-18,DHS,141.0,200.0,,,1.0
BGD,Khulna,5704025,Hepatitis 2 vaccination received,99.3,1,BD,Bangladesh,2017,BD2017DHS,CH_VACC_C_HP2,93906120,I,360006,1360060,Region,Khulna,0,,0,1,CHVACCCHP2,BDDHS2017360006,2017-18,DHS,144.0,160.0,,,1.0
BGD,Rajshahi/Rangpur,5823209,Hepatitis 2 vaccination received,99.0,1,BD,Bangladesh,2017,BD2017DHS,CH_VACC_C_HP2,93906120,I,360007,1360070,Region,Rajshahi/Rangpur,0,,0,1,CHVACCCHP2,BDDHS2017360007,2017-18,DHS,378.0,365.0,,,
BGD,Rangpur,2077069,Hepatitis 2 vaccination received,98.1,1,BD,Bangladesh,2017,BD2017DHS,CH_VACC_C_HP2,93906120,I,360008,1360080,Region,..Rangpur,0,,0,1,CHVACCCHP2,BDDHS2017360008,2017-18,DHS,190.0,192.0,,,1.0
BGD,Rajshahi,5580144,Hepatitis 2 vaccination received,100.0,1,BD,Bangladesh,2017,BD2017DHS,CH_VACC_C_HP2,93906120,I,360009,1360090,Region,..Rajshahi,0,,0,1,CHVACCCHP2,BDDHS2017360009,2017-18,DHS,188.0,173.0,,,1.0
BGD,Barishal,7232445,Hepatitis 3 vaccination received,95.7,1,BD,Bangladesh,2017,BD2017DHS,CH_VACC_C_HP3,93906130,I,360001,1360010,Region,Barishal,0,,0,1,CHVACCCHP3,BDDHS2017360001,2017-18,DHS,94.0,176.0,,,1.0
BGD,Chattogram/Sylhet,5691882,Hepatitis 3 vaccination received,95.8,1,BD,Bangladesh,2017,BD2017DHS,CH_VACC_C_HP3,93906130,I,360002,1360020,Region,Chattogram/Sylhet,0,,0,1,CHVACCCHP3,BDDHS2017360002,2017-18,DHS,497.0,522.0,,,
BGD,Chattogram,2633428,Hepatitis 3 vaccination received,97.1,1,BD,Bangladesh,2017,BD2017DHS,CH_VACC_C_HP3,93906130,I,360003,1360030,Region,..Chattogram,0,,0,1,CHVACCCHP3,BDDHS2017360003,2017-18,DHS,354.0,274.0,,,1.0
BGD,Sylhet,6871613,Hepatitis 3 vaccination received,92.8,1,BD,Bangladesh,2017,BD2017DHS,CH_VACC_C_HP3,93906130,I,360004,1360040,Region,..Sylhet,0,,0,1,CHVACCCHP3,BDDHS2017360004,2017-18,DHS,143.0,248.0,,,1.0
BGD,Dhaka before 2015,3044077,Hepatitis 3 vaccination received,93.8,1,BD,Bangladesh,2017,BD2017DHS,CH_VACC_C_HP3,93906130,I,360005,1360050,Region,Dhaka before 2015,0,,0,1,CHVACCCHP3,BDDHS2017360005,2017-18,DHS,566.0,443.0,,,
BGD,Dhaka,2985643,Hepatitis 3 vaccination received,94.1,1,BD,Bangladesh,2017,BD2017DHS,CH_VACC_C_HP3,93906130,I,360010,1360052,Region,..Dhaka,0,,0,1,CHVACCCHP3,BDDHS2017360010,2017-18,DHS,425.0,243.0,,,1.0
BGD,Mymensingh,6548757,Hepatitis 3 vaccination received,93.0,1,BD,Bangladesh,2017,BD2017DHS,CH_VACC_C_HP3,93906130,I,360011,1360055,Region,..Mymensingh,0,,0,1,CHVACCCHP3,BDDHS2017360011,2017-18,DHS,141.0,200.0,,,1.0
BGD,Khulna,5704008,Hepatitis 3 vaccination received,97.9,1,BD,Bangladesh,2017,BD2017DHS,CH_VACC_C_HP3,93906130,I,360006,1360060,Region,Khulna,0,,0,1,CHVACCCHP3,BDDHS2017360006,2017-18,DHS,144.0,160.0,,,1.0
BGD,Rajshahi/Rangpur,5823221,Hepatitis 3 vaccination received,98.4,1,BD,Bangladesh,2017,BD2017DHS,CH_VACC_C_HP3,93906130,I,360007,1360070,Region,Rajshahi/Rangpur,0,,0,1,CHVACCCHP3,BDDHS2017360007,2017-18,DHS,378.0,365.0,,,
BGD,Rangpur,2077049,Hepatitis 3 vaccination received,97.8,1,BD,Bangladesh,2017,BD2017DHS,CH_VACC_C_HP3,93906130,I,360008,1360080,Region,..Rangpur,0,,0,1,CHVACCCHP3,BDDHS2017360008,2017-18,DHS,190.0,192.0,,,1.0
BGD,Rajshahi,5580130,Hepatitis 3 vaccination received,99.0,1,BD,Bangladesh,2017,BD2017DHS,CH_VACC_C_HP3,93906130,I,360009,1360090,Region,..Rajshahi,0,,0,1,CHVACCCHP3,BDDHS2017360009,2017-18,DHS,188.0,173.0,,,1.0
BGD,Barishal,7232446,Haemophilus influenza type b 1 vaccination received,97.2,1,BD,Bangladesh,2017,BD2017DHS,CH_VACC_C_HB1,93906140,I,360001,1360010,Region,Barishal,0,,0,1,CHVACCCHB1,BDDHS2017360001,2017-18,DHS,94.0,176.0,,,1.0
BGD,Chattogram/Sylhet,5691883,Haemophilus influenza type b 1 vaccination received,97.9,1,BD,Bangladesh,2017,BD2017DHS,CH_VACC_C_HB1,93906140,I,360002,1360020,Region,Chattogram/Sylhet,0,,0,1,CHVACCCHB1,BDDHS2017360002,2017-18,DHS,497.0,522.0,,,
BGD,Chattogram,2633429,Haemophilus influenza type b 1 vaccination received,98.8,1,BD,Bangladesh,2017,BD2017DHS,CH_VACC_C_HB1,93906140,I,360003,1360030,Region,..Chattogram,0,,0,1,CHVACCCHB1,BDDHS2017360003,2017-18,DHS,354.0,274.0,,,1.0
BGD,Sylhet,6871614,Haemophilus influenza type b 1 vaccination received,95.8,1,BD,Bangladesh,2017,BD2017DHS,CH_VACC_C_HB1,93906140,I,360004,1360040,Region,..Sylhet,0,,0,1,CHVACCCHB1,BDDHS2017360004,2017-18,DHS,143.0,248.0,,,1.0
BGD,Dhaka before 2015,3044078,Haemophilus influenza type b 1 vaccination received,98.0,1,BD,Bangladesh,2017,BD2017DHS,CH_VACC_C_HB1,93906140,I,360005,1360050,Region,Dhaka before 2015,0,,0,1,CHVACCCHB1,BDDHS2017360005,2017-18,DHS,566.0,443.0,,,
BGD,Dhaka,2985644,Haemophilus influenza type b 1 vaccination received,97.9,1,BD,Bangladesh,2017,BD2017DHS,CH_VACC_C_HB1,93906140,I,360010,1360052,Region,..Dhaka,0,,0,1,CHVACCCHB1,BDDHS2017360010,2017-18,DHS,425.0,243.0,,,1.0
BGD,Mymensingh,6548758,Haemophilus influenza type b 1 vaccination received,98.2,1,BD,Bangladesh,2017,BD2017DHS,CH_VACC_C_HB1,93906140,I,360011,1360055,Region,..Mymensingh,0,,0,1,CHVACCCHB1,BDDHS2017360011,2017-18,DHS,141.0,200.0,,,1.0
BGD,Khulna,5704009,Haemophilus influenza type b 1 vaccination received,100.0,1,BD,Bangladesh,2017,BD2017DHS,CH_VACC_C_HB1,93906140,I,360006,1360060,Region,Khulna,0,,0,1,CHVACCCHB1,BDDHS2017360006,2017-18,DHS,144.0,160.0,,,1.0
BGD,Rajshahi/Rangpur,5823222,Haemophilus influenza type b 1 vaccination received,99.7,1,BD,Bangladesh,2017,BD2017DHS,CH_VACC_C_HB1,93906140,I,360007,1360070,Region,Rajshahi/Rangpur,0,,0,1,CHVACCCHB1,BDDHS2017360007,2017-18,DHS,378.0,365.0,,,
BGD,Rangpur,2077050,Haemophilus influenza type b 1 vaccination received,99.4,1,BD,Bangladesh,2017,BD2017DHS,CH_VACC_C_HB1,93906140,I,360008,1360080,Region,..Rangpur,0,,0,1,CHVACCCHB1,BDDHS2017360008,2017-18,DHS,190.0,192.0,,,1.0
BGD,Rajshahi,5580131,Haemophilus influenza type b 1 vaccination received,100.0,1,BD,Bangladesh,2017,BD2017DHS,CH_VACC_C_HB1,93906140,I,360009,1360090,Region,..Rajshahi,0,,0,1,CHVACCCHB1,BDDHS2017360009,2017-18,DHS,188.0,173.0,,,1.0
BGD,Barishal,7232447,Haemophilus influenza type b 2 vaccination received,97.2,1,BD,Bangladesh,2017,BD2017DHS,CH_VACC_C_HB2,93906150,I,360001,1360010,Region,Barishal,0,,0,1,CHVACCCHB2,BDDHS2017360001,2017-18,DHS,94.0,176.0,,,1.0
BGD,Chattogram/Sylhet,5691884,Haemophilus influenza type b 2 vaccination received,97.1,1,BD,Bangladesh,2017,BD2017DHS,CH_VACC_C_HB2,93906150,I,360002,1360020,Region,Chattogram/Sylhet,0,,0,1,CHVACCCHB2,BDDHS2017360002,2017-18,DHS,497.0,522.0,,,
BGD,Chattogram,2633430,Haemophilus influenza type b 2 vaccination received,98.1,1,BD,Bangladesh,2017,BD2017DHS,CH_VACC_C_HB2,93906150,I,360003,1360030,Region,..Chattogram,0,,0,1,CHVACCCHB2,BDDHS2017360003,2017-18,DHS,354.0,274.0,,,1.0
BGD,Sylhet,6871615,Haemophilus influenza type b 2 vaccination received,94.6,1,BD,Bangladesh,2017,BD2017DHS,CH_VACC_C_HB2,93906150,I,360004,1360040,Region,..Sylhet,0,,0,1,CHVACCCHB2,BDDHS2017360004,2017-18,DHS,143.0,248.0,,,1.0
BGD,Dhaka before 2015,3044079,Haemophilus influenza type b 2 vaccination received,96.5,1,BD,Bangladesh,2017,BD2017DHS,CH_VACC_C_HB2,93906150,I,360005,1360050,Region,Dhaka before 2015,0,,0,1,CHVACCCHB2,BDDHS2017360005,2017-18,DHS,566.0,443.0,,,
BGD,Dhaka,2985649,Haemophilus influenza type b 2 vaccination received,96.6,1,BD,Bangladesh,2017,BD2017DHS,CH_VACC_C_HB2,93906150,I,360010,1360052,Region,..Dhaka,0,,0,1,CHVACCCHB2,BDDHS2017360010,2017-18,DHS,425.0,243.0,,,1.0
BGD,Mymensingh,6548759,Haemophilus influenza type b 2 vaccination received,96.4,1,BD,Bangladesh,2017,BD2017DHS,CH_VACC_C_HB2,93906150,I,360011,1360055,Region,..Mymensingh,0,,0,1,CHVACCCHB2,BDDHS2017360011,2017-18,DHS,141.0,200.0,,,1.0
BGD,Khulna,5704010,Haemophilus influenza type b 2 vaccination received,99.3,1,BD,Bangladesh,2017,BD2017DHS,CH_VACC_C_HB2,93906150,I,360006,1360060,Region,Khulna,0,,0,1,CHVACCCHB2,BDDHS2017360006,2017-18,DHS,144.0,160.0,,,1.0
BGD,Rajshahi/Rangpur,5823223,Haemophilus influenza type b 2 vaccination received,99.0,1,BD,Bangladesh,2017,BD2017DHS,CH_VACC_C_HB2,93906150,I,360007,1360070,Region,Rajshahi/Rangpur,0,,0,1,CHVACCCHB2,BDDHS2017360007,2017-18,DHS,378.0,365.0,,,
BGD,Rangpur,2077051,Haemophilus influenza type b 2 vaccination received,98.1,1,BD,Bangladesh,2017,BD2017DHS,CH_VACC_C_HB2,93906150,I,360008,1360080,Region,..Rangpur,0,,0,1,CHVACCCHB2,BDDHS2017360008,2017-18,DHS,190.0,192.0,,,1.0
BGD,Rajshahi,5580132,Haemophilus influenza type b 2 vaccination received,100.0,1,BD,Bangladesh,2017,BD2017DHS,CH_VACC_C_HB2,93906150,I,360009,1360090,Region,..Rajshahi,0,,0,1,CHVACCCHB2,BDDHS2017360009,2017-18,DHS,188.0,173.0,,,1.0
BGD,Barishal,7232448,Haemophilus influenza type b 3 vaccination received,95.7,1,BD,Bangladesh,2017,BD2017DHS,CH_VACC_C_HB3,93906160,I,360001,1360010,Region,Barishal,0,,0,1,CHVACCCHB3,BDDHS2017360001,2017-18,DHS,94.0,176.0,,,1.0
BGD,Chattogram/Sylhet,5691885,Haemophilus influenza type b 3 vaccination received,95.8,1,BD,Bangladesh,2017,BD2017DHS,CH_VACC_C_HB3,93906160,I,360002,1360020,Region,Chattogram/Sylhet,0,,0,1,CHVACCCHB3,BDDHS2017360002,2017-18,DHS,497.0,522.0,,,
BGD,Chattogram,2633431,Haemophilus influenza type b 3 vaccination received,97.1,1,BD,Bangladesh,2017,BD2017DHS,CH_VACC_C_HB3,93906160,I,360003,1360030,Region,..Chattogram,0,,0,1,CHVACCCHB3,BDDHS2017360003,2017-18,DHS,354.0,274.0,,,1.0
BGD,Sylhet,6871616,Haemophilus influenza type b 3 vaccination received,92.8,1,BD,Bangladesh,2017,BD2017DHS,CH_VACC_C_HB3,93906160,I,360004,1360040,Region,..Sylhet,0,,0,1,CHVACCCHB3,BDDHS2017360004,2017-18,DHS,143.0,248.0,,,1.0
BGD,Dhaka before 2015,3044080,Haemophilus influenza type b 3 vaccination received,93.8,1,BD,Bangladesh,2017,BD2017DHS,CH_VACC_C_HB3,93906160,I,360005,1360050,Region,Dhaka before 2015,0,,0,1,CHVACCCHB3,BDDHS2017360005,2017-18,DHS,566.0,443.0,,,
BGD,Dhaka,2985650,Haemophilus influenza type b 3 vaccination received,94.1,1,BD,Bangladesh,2017,BD2017DHS,CH_VACC_C_HB3,93906160,I,360010,1360052,Region,..Dhaka,0,,0,1,CHVACCCHB3,BDDHS2017360010,2017-18,DHS,425.0,243.0,,,1.0
BGD,Mymensingh,6548760,Haemophilus influenza type b 3 vaccination received,93.0,1,BD,Bangladesh,2017,BD2017DHS,CH_VACC_C_HB3,93906160,I,360011,1360055,Region,..Mymensingh,0,,0,1,CHVACCCHB3,BDDHS2017360011,2017-18,DHS,141.0,200.0,,,1.0
BGD,Khulna,5704011,Haemophilus influenza type b 3 vaccination received,97.9,1,BD,Bangladesh,2017,BD2017DHS,CH_VACC_C_HB3,93906160,I,360006,1360060,Region,Khulna,0,,0,1,CHVACCCHB3,BDDHS2017360006,2017-18,DHS,144.0,160.0,,,1.0
BGD,Rajshahi/Rangpur,5823229,Haemophilus influenza type b 3 vaccination received,98.4,1,BD,Bangladesh,2017,BD2017DHS,CH_VACC_C_HB3,93906160,I,360007,1360070,Region,Rajshahi/Rangpur,0,,0,1,CHVACCCHB3,BDDHS2017360007,2017-18,DHS,378.0,365.0,,,
BGD,Rangpur,2077052,Haemophilus influenza type b 3 vaccination received,97.8,1,BD,Bangladesh,2017,BD2017DHS,CH_VACC_C_HB3,93906160,I,360008,1360080,Region,..Rangpur,0,,0,1,CHVACCCHB3,BDDHS2017360008,2017-18,DHS,190.0,192.0,,,1.0
BGD,Rajshahi,5580133,Haemophilus influenza type b 3 vaccination received,99.0,1,BD,Bangladesh,2017,BD2017DHS,CH_VACC_C_HB3,93906160,I,360009,1360090,Region,..Rajshahi,0,,0,1,CHVACCCHB3,BDDHS2017360009,2017-18,DHS,188.0,173.0,,,1.0
BGD,Barishal,7232454,Fully vaccinated (8 basic antigens),86.1,1,BD,Bangladesh,2017,BD2017DHS,CH_VACC_C_BAS,93906230,I,360001,1360010,Region,Barishal,0,,0,1,CHVACCCBAS,BDDHS2017360001,2017-18,DHS,94.0,176.0,,,1.0
BGD,Chattogram/Sylhet,5691871,Fully vaccinated (8 basic antigens),86.8,1,BD,Bangladesh,2017,BD2017DHS,CH_VACC_C_BAS,93906230,I,360002,1360020,Region,Chattogram/Sylhet,0,,0,1,CHVACCCBAS,BDDHS2017360002,2017-18,DHS,497.0,522.0,,,
BGD,Chattogram,2633441,Fully vaccinated (8 basic antigens),87.2,1,BD,Bangladesh,2017,BD2017DHS,CH_VACC_C_BAS,93906230,I,360003,1360030,Region,..Chattogram,0,,0,1,CHVACCCBAS,BDDHS2017360003,2017-18,DHS,354.0,274.0,,,1.0
BGD,Sylhet,6871602,Fully vaccinated (8 basic antigens),85.9,1,BD,Bangladesh,2017,BD2017DHS,CH_VACC_C_BAS,93906230,I,360004,1360040,Region,..Sylhet,0,,0,1,CHVACCCBAS,BDDHS2017360004,2017-18,DHS,143.0,248.0,,,1.0
BGD,Dhaka before 2015,3044093,Fully vaccinated (8 basic antigens),89.0,1,BD,Bangladesh,2017,BD2017DHS,CH_VACC_C_BAS,93906230,I,360005,1360050,Region,Dhaka before 2015,0,,0,1,CHVACCCBAS,BDDHS2017360005,2017-18,DHS,566.0,443.0,,,
BGD,Dhaka,2985664,Fully vaccinated (8 basic antigens),89.6,1,BD,Bangladesh,2017,BD2017DHS,CH_VACC_C_BAS,93906230,I,360010,1360052,Region,..Dhaka,0,,0,1,CHVACCCBAS,BDDHS2017360010,2017-18,DHS,425.0,243.0,,,1.0
BGD,Mymensingh,6548773,Fully vaccinated (8 basic antigens),87.1,1,BD,Bangladesh,2017,BD2017DHS,CH_VACC_C_BAS,93906230,I,360011,1360055,Region,..Mymensingh,0,,0,1,CHVACCCBAS,BDDHS2017360011,2017-18,DHS,141.0,200.0,,,1.0
BGD,Khulna,5704027,Fully vaccinated (8 basic antigens),92.3,1,BD,Bangladesh,2017,BD2017DHS,CH_VACC_C_BAS,93906230,I,360006,1360060,Region,Khulna,0,,0,1,CHVACCCBAS,BDDHS2017360006,2017-18,DHS,144.0,160.0,,,1.0
BGD,Rajshahi/Rangpur,5823204,Fully vaccinated (8 basic antigens),91.6,1,BD,Bangladesh,2017,BD2017DHS,CH_VACC_C_BAS,93906230,I,360007,1360070,Region,Rajshahi/Rangpur,0,,0,1,CHVACCCBAS,BDDHS2017360007,2017-18,DHS,378.0,365.0,,,
BGD,Rangpur,2077083,Fully vaccinated (8 basic antigens),90.2,1,BD,Bangladesh,2017,BD2017DHS,CH_VACC_C_BAS,93906230,I,360008,1360080,Region,..Rangpur,0,,0,1,CHVACCCBAS,BDDHS2017360008,2017-18,DHS,190.0,192.0,,,1.0
BGD,Rajshahi,5580146,Fully vaccinated (8 basic antigens),93.1,1,BD,Bangladesh,2017,BD2017DHS,CH_VACC_C_BAS,93906230,I,360009,1360090,Region,..Rajshahi,0,,0,1,CHVACCCBAS,BDDHS2017360009,2017-18,DHS,188.0,173.0,,,1.0
BGD,Barishal,7232437,Received no vaccinations,2.1,1,BD,Bangladesh,2017,BD2017DHS,CH_VACC_C_NON,93906250,I,360001,1360010,Region,Barishal,0,,0,1,CHVACCCNON,BDDHS2017360001,2017-18,DHS,94.0,176.0,,,1.0
BGD,Chattogram/Sylhet,5691881,Received no vaccinations,2.1,1,BD,Bangladesh,2017,BD2017DHS,CH_VACC_C_NON,93906250,I,360002,1360020,Region,Chattogram/Sylhet,0,,0,1,CHVACCCNON,BDDHS2017360002,2017-18,DHS,497.0,522.0,,,
BGD,Chattogram,2633399,Received no vaccinations,1.2,1,BD,Bangladesh,2017,BD2017DHS,CH_VACC_C_NON,93906250,I,360003,1360030,Region,..Chattogram,0,,0,1,CHVACCCNON,BDDHS2017360003,2017-18,DHS,354.0,274.0,,,1.0
BGD,Sylhet,6871609,Received no vaccinations,4.2,1,BD,Bangladesh,2017,BD2017DHS,CH_VACC_C_NON,93906250,I,360004,1360040,Region,..Sylhet,0,,0,1,CHVACCCNON,BDDHS2017360004,2017-18,DHS,143.0,248.0,,,1.0
BGD,Dhaka before 2015,3044088,Received no vaccinations,1.9,1,BD,Bangladesh,2017,BD2017DHS,CH_VACC_C_NON,93906250,I,360005,1360050,Region,Dhaka before 2015,0,,0,1,CHVACCCNON,BDDHS2017360005,2017-18,DHS,566.0,443.0,,,
BGD,Dhaka,2985658,Received no vaccinations,2.1,1,BD,Bangladesh,2017,BD2017DHS,CH_VACC_C_NON,93906250,I,360010,1360052,Region,..Dhaka,0,,0,1,CHVACCCNON,BDDHS2017360010,2017-18,DHS,425.0,243.0,,,1.0
BGD,Mymensingh,6548768,Received no vaccinations,1.2,1,BD,Bangladesh,2017,BD2017DHS,CH_VACC_C_NON,93906250,I,360011,1360055,Region,..Mymensingh,0,,0,1,CHVACCCNON,BDDHS2017360011,2017-18,DHS,141.0,200.0,,,1.0
BGD,Khulna,5704018,Received no vaccinations,0.0,1,BD,Bangladesh,2017,BD2017DHS,CH_VACC_C_NON,93906250,I,360006,1360060,Region,Khulna,0,,0,1,CHVACCCNON,BDDHS2017360006,2017-18,DHS,144.0,160.0,,,1.0
BGD,Rajshahi/Rangpur,5823203,Received no vaccinations,0.3,1,BD,Bangladesh,2017,BD2017DHS,CH_VACC_C_NON,93906250,I,360007,1360070,Region,Rajshahi/Rangpur,0,,0,1,CHVACCCNON,BDDHS2017360007,2017-18,DHS,378.0,365.0,,,
BGD,Rangpur,2077064,Received no vaccinations,0.6,1,BD,Bangladesh,2017,BD2017DHS,CH_VACC_C_NON,93906250,I,360008,1360080,Region,..Rangpur,0,,0,1,CHVACCCNON,BDDHS2017360008,2017-18,DHS,190.0,192.0,,,1.0
BGD,Rajshahi,5580141,Received no vaccinations,0.0,1,BD,Bangladesh,2017,BD2017DHS,CH_VACC_C_NON,93906250,I,360009,1360090,Region,..Rajshahi,0,,0,1,CHVACCCNON,BDDHS2017360009,2017-18,DHS,188.0,173.0,,,1.0
BGD,Barishal,7232455,Number of children 12-23 months,94.0,0,BD,Bangladesh,2017,BD2017DHS,CH_VACC_C_NUM,93906270,D,360001,1360010,Region,Barishal,0,,0,1,CHVACCCNUM,BDDHS2017360001,2017-18,DHS,,176.0,,,1.0
BGD,Chattogram/Sylhet,5805321,Number of children 12-23 months,497.0,0,BD,Bangladesh,2017,BD2017DHS,CH_VACC_C_NUM,93906270,D,360002,1360020,Region,Chattogram/Sylhet,0,,0,1,CHVACCCNUM,BDDHS2017360002,2017-18,DHS,,522.0,,,
BGD,Chattogram,2065788,Number of children 12-23 months,354.0,0,BD,Bangladesh,2017,BD2017DHS,CH_VACC_C_NUM,93906270,D,360003,1360030,Region,..Chattogram,0,,0,1,CHVACCCNUM,BDDHS2017360003,2017-18,DHS,,274.0,,,1.0
BGD,Sylhet,6901847,Number of children 12-23 months,143.0,0,BD,Bangladesh,2017,BD2017DHS,CH_VACC_C_NUM,93906270,D,360004,1360040,Region,..Sylhet,0,,0,1,CHVACCCNUM,BDDHS2017360004,2017-18,DHS,,248.0,,,1.0
BGD,Dhaka before 2015,2058909,Number of children 12-23 months,566.0,0,BD,Bangladesh,2017,BD2017DHS,CH_VACC_C_NUM,93906270,D,360005,1360050,Region,Dhaka before 2015,0,,0,1,CHVACCCNUM,BDDHS2017360005,2017-18,DHS,,443.0,,,
BGD,Dhaka,2058915,Number of children 12-23 months,425.0,0,BD,Bangladesh,2017,BD2017DHS,CH_VACC_C_NUM,93906270,D,360010,1360052,Region,..Dhaka,0,,0,1,CHVACCCNUM,BDDHS2017360010,2017-18,DHS,,243.0,,,1.0
BGD,Mymensingh,6522121,Number of children 12-23 months,141.0,0,BD,Bangladesh,2017,BD2017DHS,CH_VACC_C_NUM,93906270,D,360011,1360055,Region,..Mymensingh,0,,0,1,CHVACCCNUM,BDDHS2017360011,2017-18,DHS,,200.0,,,1.0
BGD,Khulna,5823714,Number of children 12-23 months,144.0,0,BD,Bangladesh,2017,BD2017DHS,CH_VACC_C_NUM,93906270,D,360006,1360060,Region,Khulna,0,,0,1,CHVACCCNUM,BDDHS2017360006,2017-18,DHS,,160.0,,,1.0
BGD,Rajshahi/Rangpur,6101643,Number of children 12-23 months,378.0,0,BD,Bangladesh,2017,BD2017DHS,CH_VACC_C_NUM,93906270,D,360007,1360070,Region,Rajshahi/Rangpur,0,,0,1,CHVACCCNUM,BDDHS2017360007,2017-18,DHS,,365.0,,,
BGD,Rangpur,2077065,Number of children 12-23 months,190.0,0,BD,Bangladesh,2017,BD2017DHS,CH_VACC_C_NUM,93906270,D,360008,1360080,Region,..Rangpur,0,,0,1,CHVACCCNUM,BDDHS2017360008,2017-18,DHS,,192.0,,,1.0
BGD,Rajshahi,5640655,Number of children 12-23 months,188.0,0,BD,Bangladesh,2017,BD2017DHS,CH_VACC_C_NUM,93906270,D,360009,1360090,Region,..Rajshahi,0,,0,1,CHVACCCNUM,BDDHS2017360009,2017-18,DHS,,173.0,,,1.0
BGD,Barishal,2065783,Number of children 12-23 months (unweighted),176.0,0,BD,Bangladesh,2017,BD2017DHS,CH_VACC_C_UNW,93906280,U,360001,1360010,Region,Barishal,0,,0,1,CHVACCCUNW,BDDHS2017360001,2017-18,DHS,94.0,,,,1.0
BGD,Chattogram/Sylhet,398301,Number of children 12-23 months (unweighted),522.0,0,BD,Bangladesh,2017,BD2017DHS,CH_VACC_C_UNW,93906280,U,360002,1360020,Region,Chattogram/Sylhet,0,,0,1,CHVACCCUNW,BDDHS2017360002,2017-18,DHS,497.0,,,,
BGD,Chattogram,2633415,Number of children 12-23 months (unweighted),274.0,0,BD,Bangladesh,2017,BD2017DHS,CH_VACC_C_UNW,93906280,U,360003,1360030,Region,..Chattogram,0,,0,1,CHVACCCUNW,BDDHS2017360003,2017-18,DHS,354.0,,,,1.0
BGD,Sylhet,867073,Number of children 12-23 months (unweighted),248.0,0,BD,Bangladesh,2017,BD2017DHS,CH_VACC_C_UNW,93906280,U,360004,1360040,Region,..Sylhet,0,,0,1,CHVACCCUNW,BDDHS2017360004,2017-18,DHS,143.0,,,,1.0
BGD,Dhaka before 2015,3044105,Number of children 12-23 months (unweighted),443.0,0,BD,Bangladesh,2017,BD2017DHS,CH_VACC_C_UNW,93906280,U,360005,1360050,Region,Dhaka before 2015,0,,0,1,CHVACCCUNW,BDDHS2017360005,2017-18,DHS,566.0,,,,
BGD,Dhaka,2985637,Number of children 12-23 months (unweighted),243.0,0,BD,Bangladesh,2017,BD2017DHS,CH_VACC_C_UNW,93906280,U,360010,1360052,Region,..Dhaka,0,,0,1,CHVACCCUNW,BDDHS2017360010,2017-18,DHS,425.0,,,,1.0
BGD,Mymensingh,3424137,Number of children 12-23 months (unweighted),200.0,0,BD,Bangladesh,2017,BD2017DHS,CH_VACC_C_UNW,93906280,U,360011,1360055,Region,..Mymensingh,0,,0,1,CHVACCCUNW,BDDHS2017360011,2017-18,DHS,141.0,,,,1.0
BGD,Khulna,750748,Number of children 12-23 months (unweighted),160.0,0,BD,Bangladesh,2017,BD2017DHS,CH_VACC_C_UNW,93906280,U,360006,1360060,Region,Khulna,0,,0,1,CHVACCCUNW,BDDHS2017360006,2017-18,DHS,144.0,,,,1.0
BGD,Rajshahi/Rangpur,320753,Number of children 12-23 months (unweighted),365.0,0,BD,Bangladesh,2017,BD2017DHS,CH_VACC_C_UNW,93906280,U,360007,1360070,Region,Rajshahi/Rangpur,0,,0,1,CHVACCCUNW,BDDHS2017360007,2017-18,DHS,378.0,,,,
BGD,Rangpur,2077081,Number of children 12-23 months (unweighted),192.0,0,BD,Bangladesh,2017,BD2017DHS,CH_VACC_C_UNW,93906280,U,360008,1360080,Region,..Rangpur,0,,0,1,CHVACCCUNW,BDDHS2017360008,2017-18,DHS,190.0,,,,1.0
BGD,Rajshahi,242102,Number of children 12-23 months (unweighted),173.0,0,BD,Bangladesh,2017,BD2017DHS,CH_VACC_C_UNW,93906280,U,360009,1360090,Region,..Rajshahi,0,,0,1,CHVACCCUNW,BDDHS2017360009,2017-18,DHS,188.0,,,,1.0
