ISO3,Location,DataId,Indicator,Value,Precision,DHS_CountryCode,CountryName,SurveyYear,SurveyId,IndicatorId,IndicatorOrder,IndicatorType,CharacteristicId,CharacteristicOrder,CharacteristicCategory,CharacteristicLabel,ByVariableId,ByVariableLabel,IsTotal,IsPreferred,SDRID,RegionId,SurveyYearLabel,SurveyType,DenominatorWeighted,DenominatorUnweighted,CILow,CIHigh,LevelRank
BGD,Barishal,1816514,Age specific fertility rate: 15-19,153,0,BD,Bangladesh,1994,BD1994DHS,FE_FRTR_W_A15,11763010,I,360001,1360010,Region,Barishal,0,,0,1,FEFRTRWA15,BDDHS1994360001,1993-94,DHS,,,,,1
BGD,Chattogram/Sylhet,1803475,Age specific fertility rate: 15-19,106,0,BD,Bangladesh,1994,BD1994DHS,FE_FRTR_W_A15,11763010,I,360002,1360020,Region,Chattogram/Sylhet,0,,0,1,FEFRTRWA15,BDDHS1994360002,1993-94,DHS,,,,,1
BGD,Chattogram,1810076,Age specific fertility rate: 15-19,106,0,BD,Bangladesh,1994,BD1994DHS,FE_FRTR_W_A15,11763010,I,360003,1360030,Region,..Chattogram,0,,0,1,FEFRTRWA15,BDDHS1994360003,1993-94,DHS,,,,,
BGD,Dhaka before 2015,1810056,Age specific fertility rate: 15-19,145,0,BD,Bangladesh,1994,BD1994DHS,FE_FRTR_W_A15,11763010,I,360005,1360050,Region,Dhaka before 2015,0,,0,1,FEFRTRWA15,BDDHS1994360005,1993-94,DHS,,,,,1
BGD,Khulna,1810117,Age specific fertility rate: 15-19,156,0,BD,Bangladesh,1994,BD1994DHS,FE_FRTR_W_A15,11763010,I,360006,1360060,Region,Khulna,0,,0,1,FEFRTRWA15,BDDHS1994360006,1993-94,DHS,,,,,1
BGD,Rajshahi/Rangpur,6399869,Age specific fertility rate: 15-19,162,0,BD,Bangladesh,1994,BD1994DHS,FE_FRTR_W_A15,11763010,I,360007,1360070,Region,Rajshahi/Rangpur,0,,0,1,FEFRTRWA15,BDDHS1994360007,1993-94,DHS,,,,,1
BGD,Barishal,1816527,Age specific fertility rate: 20-24,202,0,BD,Bangladesh,1994,BD1994DHS,FE_FRTR_W_A20,11763020,I,360001,1360010,Region,Barishal,0,,0,1,FEFRTRWA20,BDDHS1994360001,1993-94,DHS,,,,,1
BGD,Chattogram/Sylhet,1803478,Age specific fertility rate: 20-24,212,0,BD,Bangladesh,1994,BD1994DHS,FE_FRTR_W_A20,11763020,I,360002,1360020,Region,Chattogram/Sylhet,0,,0,1,FEFRTRWA20,BDDHS1994360002,1993-94,DHS,,,,,1
BGD,Chattogram,1810079,Age specific fertility rate: 20-24,212,0,BD,Bangladesh,1994,BD1994DHS,FE_FRTR_W_A20,11763020,I,360003,1360030,Region,..Chattogram,0,,0,1,FEFRTRWA20,BDDHS1994360003,1993-94,DHS,,,,,
BGD,Dhaka before 2015,1810051,Age specific fertility rate: 20-24,198,0,BD,Bangladesh,1994,BD1994DHS,FE_FRTR_W_A20,11763020,I,360005,1360050,Region,Dhaka before 2015,0,,0,1,FEFRTRWA20,BDDHS1994360005,1993-94,DHS,,,,,1
BGD,Khulna,1810122,Age specific fertility rate: 20-24,193,0,BD,Bangladesh,1994,BD1994DHS,FE_FRTR_W_A20,11763020,I,360006,1360060,Region,Khulna,0,,0,1,FEFRTRWA20,BDDHS1994360006,1993-94,DHS,,,,,1
BGD,Rajshahi/Rangpur,6399867,Age specific fertility rate: 20-24,176,0,BD,Bangladesh,1994,BD1994DHS,FE_FRTR_W_A20,11763020,I,360007,1360070,Region,Rajshahi/Rangpur,0,,0,1,FEFRTRWA20,BDDHS1994360007,1993-94,DHS,,,,,1
BGD,Barishal,1816528,Age specific fertility rate: 25-29,148,0,BD,Bangladesh,1994,BD1994DHS,FE_FRTR_W_A25,11763030,I,360001,1360010,Region,Barishal,0,,0,1,FEFRTRWA25,BDDHS1994360001,1993-94,DHS,,,,,1
BGD,Chattogram/Sylhet,1803479,Age specific fertility rate: 25-29,209,0,BD,Bangladesh,1994,BD1994DHS,FE_FRTR_W_A25,11763030,I,360002,1360020,Region,Chattogram/Sylhet,0,,0,1,FEFRTRWA25,BDDHS1994360002,1993-94,DHS,,,,,1
BGD,Chattogram,1810080,Age specific fertility rate: 25-29,209,0,BD,Bangladesh,1994,BD1994DHS,FE_FRTR_W_A25,11763030,I,360003,1360030,Region,..Chattogram,0,,0,1,FEFRTRWA25,BDDHS1994360003,1993-94,DHS,,,,,
BGD,Dhaka before 2015,1810052,Age specific fertility rate: 25-29,156,0,BD,Bangladesh,1994,BD1994DHS,FE_FRTR_W_A25,11763030,I,360005,1360050,Region,Dhaka before 2015,0,,0,1,FEFRTRWA25,BDDHS1994360005,1993-94,DHS,,,,,1
BGD,Khulna,1810123,Age specific fertility rate: 25-29,112,0,BD,Bangladesh,1994,BD1994DHS,FE_FRTR_W_A25,11763030,I,360006,1360060,Region,Khulna,0,,0,1,FEFRTRWA25,BDDHS1994360006,1993-94,DHS,,,,,1
BGD,Rajshahi/Rangpur,6399876,Age specific fertility rate: 25-29,125,0,BD,Bangladesh,1994,BD1994DHS,FE_FRTR_W_A25,11763030,I,360007,1360070,Region,Rajshahi/Rangpur,0,,0,1,FEFRTRWA25,BDDHS1994360007,1993-94,DHS,,,,,1
BGD,Barishal,1816529,Age specific fertility rate: 30-34,102,0,BD,Bangladesh,1994,BD1994DHS,FE_FRTR_W_A30,11763040,I,360001,1360010,Region,Barishal,0,,0,1,FEFRTRWA30,BDDHS1994360001,1993-94,DHS,,,,,1
BGD,Chattogram/Sylhet,1803480,Age specific fertility rate: 30-34,152,0,BD,Bangladesh,1994,BD1994DHS,FE_FRTR_W_A30,11763040,I,360002,1360020,Region,Chattogram/Sylhet,0,,0,1,FEFRTRWA30,BDDHS1994360002,1993-94,DHS,,,,,1
BGD,Chattogram,1810081,Age specific fertility rate: 30-34,152,0,BD,Bangladesh,1994,BD1994DHS,FE_FRTR_W_A30,11763040,I,360003,1360030,Region,..Chattogram,0,,0,1,FEFRTRWA30,BDDHS1994360003,1993-94,DHS,,,,,
BGD,Dhaka before 2015,1810053,Age specific fertility rate: 30-34,105,0,BD,Bangladesh,1994,BD1994DHS,FE_FRTR_W_A30,11763040,I,360005,1360050,Region,Dhaka before 2015,0,,0,1,FEFRTRWA30,BDDHS1994360005,1993-94,DHS,,,,,1
BGD,Khulna,1810124,Age specific fertility rate: 30-34,73,0,BD,Bangladesh,1994,BD1994DHS,FE_FRTR_W_A30,11763040,I,360006,1360060,Region,Khulna,0,,0,1,FEFRTRWA30,BDDHS1994360006,1993-94,DHS,,,,,1
BGD,Rajshahi/Rangpur,6399877,Age specific fertility rate: 30-34,70,0,BD,Bangladesh,1994,BD1994DHS,FE_FRTR_W_A30,11763040,I,360007,1360070,Region,Rajshahi/Rangpur,0,,0,1,FEFRTRWA30,BDDHS1994360007,1993-94,DHS,,,,,1
BGD,Barishal,1816530,Age specific fertility rate: 35-39,53,0,BD,Bangladesh,1994,BD1994DHS,FE_FRTR_W_A35,11763050,I,360001,1360010,Region,Barishal,0,,0,1,FEFRTRWA35,BDDHS1994360001,1993-94,DHS,,,,,1
BGD,Chattogram/Sylhet,1803481,Age specific fertility rate: 35-39,79,0,BD,Bangladesh,1994,BD1994DHS,FE_FRTR_W_A35,11763050,I,360002,1360020,Region,Chattogram/Sylhet,0,,0,1,FEFRTRWA35,BDDHS1994360002,1993-94,DHS,,,,,1
BGD,Chattogram,1810082,Age specific fertility rate: 35-39,79,0,BD,Bangladesh,1994,BD1994DHS,FE_FRTR_W_A35,11763050,I,360003,1360030,Region,..Chattogram,0,,0,1,FEFRTRWA35,BDDHS1994360003,1993-94,DHS,,,,,
BGD,Dhaka before 2015,1810054,Age specific fertility rate: 35-39,49,0,BD,Bangladesh,1994,BD1994DHS,FE_FRTR_W_A35,11763050,I,360005,1360050,Region,Dhaka before 2015,0,,0,1,FEFRTRWA35,BDDHS1994360005,1993-94,DHS,,,,,1
BGD,Khulna,1810125,Age specific fertility rate: 35-39,39,0,BD,Bangladesh,1994,BD1994DHS,FE_FRTR_W_A35,11763050,I,360006,1360060,Region,Khulna,0,,0,1,FEFRTRWA35,BDDHS1994360006,1993-94,DHS,,,,,1
BGD,Rajshahi/Rangpur,6399878,Age specific fertility rate: 35-39,45,0,BD,Bangladesh,1994,BD1994DHS,FE_FRTR_W_A35,11763050,I,360007,1360070,Region,Rajshahi/Rangpur,0,,0,1,FEFRTRWA35,BDDHS1994360007,1993-94,DHS,,,,,1
BGD,Barishal,1816525,Age specific fertility rate: 40-44,27,0,BD,Bangladesh,1994,BD1994DHS,FE_FRTR_W_A40,11763060,I,360001,1360010,Region,Barishal,0,,0,1,FEFRTRWA40,BDDHS1994360001,1993-94,DHS,,,,,1
BGD,Chattogram/Sylhet,1803476,Age specific fertility rate: 40-44,21,0,BD,Bangladesh,1994,BD1994DHS,FE_FRTR_W_A40,11763060,I,360002,1360020,Region,Chattogram/Sylhet,0,,0,1,FEFRTRWA40,BDDHS1994360002,1993-94,DHS,,,,,1
BGD,Chattogram,1810077,Age specific fertility rate: 40-44,21,0,BD,Bangladesh,1994,BD1994DHS,FE_FRTR_W_A40,11763060,I,360003,1360030,Region,..Chattogram,0,,0,1,FEFRTRWA40,BDDHS1994360003,1993-94,DHS,,,,,
BGD,Dhaka before 2015,1810057,Age specific fertility rate: 40-44,19,0,BD,Bangladesh,1994,BD1994DHS,FE_FRTR_W_A40,11763060,I,360005,1360050,Region,Dhaka before 2015,0,,0,1,FEFRTRWA40,BDDHS1994360005,1993-94,DHS,,,,,1
BGD,Khulna,1810118,Age specific fertility rate: 40-44,19,0,BD,Bangladesh,1994,BD1994DHS,FE_FRTR_W_A40,11763060,I,360006,1360060,Region,Khulna,0,,0,1,FEFRTRWA40,BDDHS1994360006,1993-94,DHS,,,,,1
BGD,Rajshahi/Rangpur,6399872,Age specific fertility rate: 40-44,16,0,BD,Bangladesh,1994,BD1994DHS,FE_FRTR_W_A40,11763060,I,360007,1360070,Region,Rajshahi/Rangpur,0,,0,1,FEFRTRWA40,BDDHS1994360007,1993-94,DHS,,,,,1
BGD,Chattogram/Sylhet,1803523,Age specific fertility rate: 45-49,11,0,BD,Bangladesh,1994,BD1994DHS,FE_FRTR_W_A45,11763070,I,360002,1360020,Region,Chattogram/Sylhet,0,,0,1,FEFRTRWA45,BDDHS1994360002,1993-94,DHS,,,,,1
BGD,Chattogram,1810126,Age specific fertility rate: 45-49,11,0,BD,Bangladesh,1994,BD1994DHS,FE_FRTR_W_A45,11763070,I,360003,1360030,Region,..Chattogram,0,,0,1,FEFRTRWA45,BDDHS1994360003,1993-94,DHS,,,,,
BGD,Dhaka before 2015,1810064,Age specific fertility rate: 45-49,17,0,BD,Bangladesh,1994,BD1994DHS,FE_FRTR_W_A45,11763070,I,360005,1360050,Region,Dhaka before 2015,0,,0,1,FEFRTRWA45,BDDHS1994360005,1993-94,DHS,,,,,1
BGD,Khulna,1810114,Age specific fertility rate: 45-49,12,0,BD,Bangladesh,1994,BD1994DHS,FE_FRTR_W_A45,11763070,I,360006,1360060,Region,Khulna,0,,0,1,FEFRTRWA45,BDDHS1994360006,1993-94,DHS,,,,,1
BGD,Rajshahi/Rangpur,6399874,Age specific fertility rate: 45-49,13,0,BD,Bangladesh,1994,BD1994DHS,FE_FRTR_W_A45,11763070,I,360007,1360070,Region,Rajshahi/Rangpur,0,,0,1,FEFRTRWA45,BDDHS1994360007,1993-94,DHS,,,,,1
BGD,Barishal,1816526,Total fertility rate 15-49,3.5,1,BD,Bangladesh,1994,BD1994DHS,FE_FRTR_W_TFR,11763080,I,360001,1360010,Region,Barishal,0,,0,1,FEFRTRWTFR,BDDHS1994360001,1993-94,DHS,,,,,1
BGD,Chattogram/Sylhet,1803477,Total fertility rate 15-49,3.9,1,BD,Bangladesh,1994,BD1994DHS,FE_FRTR_W_TFR,11763080,I,360002,1360020,Region,Chattogram/Sylhet,0,,0,1,FEFRTRWTFR,BDDHS1994360002,1993-94,DHS,,,,,1
BGD,Chattogram,1810078,Total fertility rate 15-49,3.9,1,BD,Bangladesh,1994,BD1994DHS,FE_FRTR_W_TFR,11763080,I,360003,1360030,Region,..Chattogram,0,,0,1,FEFRTRWTFR,BDDHS1994360003,1993-94,DHS,,,,,
BGD,Dhaka before 2015,1810059,Total fertility rate 15-49,3.4,1,BD,Bangladesh,1994,BD1994DHS,FE_FRTR_W_TFR,11763080,I,360005,1360050,Region,Dhaka before 2015,0,,0,1,FEFRTRWTFR,BDDHS1994360005,1993-94,DHS,,,,,1
BGD,Khulna,1810119,Total fertility rate 15-49,3,1,BD,Bangladesh,1994,BD1994DHS,FE_FRTR_W_TFR,11763080,I,360006,1360060,Region,Khulna,0,,0,1,FEFRTRWTFR,BDDHS1994360006,1993-94,DHS,,,,,1
BGD,Rajshahi/Rangpur,6399873,Total fertility rate 15-49,3,1,BD,Bangladesh,1994,BD1994DHS,FE_FRTR_W_TFR,11763080,I,360007,1360070,Region,Rajshahi/Rangpur,0,,0,1,FEFRTRWTFR,BDDHS1994360007,1993-94,DHS,,,,,1
BGD,Barishal,1816533,Total fertility rate 15-44,3.4,1,BD,Bangladesh,1994,BD1994DHS,FE_FRTR_W_TF4,11763090,I,360001,1360010,Region,Barishal,0,,0,1,FEFRTRWTF4,BDDHS1994360001,1993-94,DHS,,,,,1
BGD,Chattogram/Sylhet,1803524,Total fertility rate 15-44,3.9,1,BD,Bangladesh,1994,BD1994DHS,FE_FRTR_W_TF4,11763090,I,360002,1360020,Region,Chattogram/Sylhet,0,,0,1,FEFRTRWTF4,BDDHS1994360002,1993-94,DHS,,,,,1
BGD,Chattogram,1810127,Total fertility rate 15-44,3.9,1,BD,Bangladesh,1994,BD1994DHS,FE_FRTR_W_TF4,11763090,I,360003,1360030,Region,..Chattogram,0,,0,1,FEFRTRWTF4,BDDHS1994360003,1993-94,DHS,,,,,
BGD,Dhaka before 2015,1810066,Total fertility rate 15-44,3.4,1,BD,Bangladesh,1994,BD1994DHS,FE_FRTR_W_TF4,11763090,I,360005,1360050,Region,Dhaka before 2015,0,,0,1,FEFRTRWTF4,BDDHS1994360005,1993-94,DHS,,,,,1
BGD,Khulna,1810115,Total fertility rate 15-44,3,1,BD,Bangladesh,1994,BD1994DHS,FE_FRTR_W_TF4,11763090,I,360006,1360060,Region,Khulna,0,,0,1,FEFRTRWTF4,BDDHS1994360006,1993-94,DHS,,,,,1
BGD,Rajshahi/Rangpur,6399875,Total fertility rate 15-44,3,1,BD,Bangladesh,1994,BD1994DHS,FE_FRTR_W_TF4,11763090,I,360007,1360070,Region,Rajshahi/Rangpur,0,,0,1,FEFRTRWTF4,BDDHS1994360007,1993-94,DHS,,,,,1
BGD,Barishal,1816531,General fertility rate,135,0,BD,Bangladesh,1994,BD1994DHS,FE_FRTR_W_GFR,11763100,I,360001,1360010,Region,Barishal,0,,0,1,FEFRTRWGFR,BDDHS1994360001,1993-94,DHS,,,,,1
BGD,Chattogram/Sylhet,1803482,General fertility rate,148,0,BD,Bangladesh,1994,BD1994DHS,FE_FRTR_W_GFR,11763100,I,360002,1360020,Region,Chattogram/Sylhet,0,,0,1,FEFRTRWGFR,BDDHS1994360002,1993-94,DHS,,,,,1
BGD,Chattogram,1810083,General fertility rate,148,0,BD,Bangladesh,1994,BD1994DHS,FE_FRTR_W_GFR,11763100,I,360003,1360030,Region,..Chattogram,0,,0,1,FEFRTRWGFR,BDDHS1994360003,1993-94,DHS,,,,,
BGD,Dhaka before 2015,1810061,General fertility rate,138,0,BD,Bangladesh,1994,BD1994DHS,FE_FRTR_W_GFR,11763100,I,360005,1360050,Region,Dhaka before 2015,0,,0,1,FEFRTRWGFR,BDDHS1994360005,1993-94,DHS,,,,,1
BGD,Khulna,1810104,General fertility rate,120,0,BD,Bangladesh,1994,BD1994DHS,FE_FRTR_W_GFR,11763100,I,360006,1360060,Region,Khulna,0,,0,1,FEFRTRWGFR,BDDHS1994360006,1993-94,DHS,,,,,1
BGD,Rajshahi/Rangpur,6399870,General fertility rate,125,0,BD,Bangladesh,1994,BD1994DHS,FE_FRTR_W_GFR,11763100,I,360007,1360070,Region,Rajshahi/Rangpur,0,,0,1,FEFRTRWGFR,BDDHS1994360007,1993-94,DHS,,,,,1
BGD,Barishal,1816532,Crude birth rate,28.4,1,BD,Bangladesh,1994,BD1994DHS,FE_FRTR_W_CBR,11763110,I,360001,1360010,Region,Barishal,0,,0,1,FEFRTRWCBR,BDDHS1994360001,1993-94,DHS,,,,,1
BGD,Chattogram/Sylhet,1803522,Crude birth rate,31,1,BD,Bangladesh,1994,BD1994DHS,FE_FRTR_W_CBR,11763110,I,360002,1360020,Region,Chattogram/Sylhet,0,,0,1,FEFRTRWCBR,BDDHS1994360002,1993-94,DHS,,,,,1
BGD,Chattogram,1810084,Crude birth rate,31,1,BD,Bangladesh,1994,BD1994DHS,FE_FRTR_W_CBR,11763110,I,360003,1360030,Region,..Chattogram,0,,0,1,FEFRTRWCBR,BDDHS1994360003,1993-94,DHS,,,,,
BGD,Dhaka before 2015,1810062,Crude birth rate,29.8,1,BD,Bangladesh,1994,BD1994DHS,FE_FRTR_W_CBR,11763110,I,360005,1360050,Region,Dhaka before 2015,0,,0,1,FEFRTRWCBR,BDDHS1994360005,1993-94,DHS,,,,,1
BGD,Khulna,1810105,Crude birth rate,26.8,1,BD,Bangladesh,1994,BD1994DHS,FE_FRTR_W_CBR,11763110,I,360006,1360060,Region,Khulna,0,,0,1,FEFRTRWCBR,BDDHS1994360006,1993-94,DHS,,,,,1
BGD,Rajshahi/Rangpur,6399871,Crude birth rate,27.5,1,BD,Bangladesh,1994,BD1994DHS,FE_FRTR_W_CBR,11763110,I,360007,1360070,Region,Rajshahi/Rangpur,0,,0,1,FEFRTRWCBR,BDDHS1994360007,1993-94,DHS,,,,,1
BGD,Barishal,1090772,Total wanted fertility rate,2.1,1,BD,Bangladesh,1994,BD1994DHS,PR_WTFR_W_WFR,22333010,I,360001,1360010,Region,Barishal,0,,0,1,PRWTFRWWFR,BDDHS1994360001,1993-94,DHS,,,,,1
BGD,Chattogram/Sylhet,1083817,Total wanted fertility rate,2.6,1,BD,Bangladesh,1994,BD1994DHS,PR_WTFR_W_WFR,22333010,I,360002,1360020,Region,Chattogram/Sylhet,0,,0,1,PRWTFRWWFR,BDDHS1994360002,1993-94,DHS,,,,,1
BGD,Chattogram,1067760,Total wanted fertility rate,2.6,1,BD,Bangladesh,1994,BD1994DHS,PR_WTFR_W_WFR,22333010,I,360003,1360030,Region,..Chattogram,0,,0,1,PRWTFRWWFR,BDDHS1994360003,1993-94,DHS,,,,,
BGD,Dhaka before 2015,1067754,Total wanted fertility rate,2.2,1,BD,Bangladesh,1994,BD1994DHS,PR_WTFR_W_WFR,22333010,I,360005,1360050,Region,Dhaka before 2015,0,,0,1,PRWTFRWWFR,BDDHS1994360005,1993-94,DHS,,,,,1
BGD,Khulna,1067763,Total wanted fertility rate,1.9,1,BD,Bangladesh,1994,BD1994DHS,PR_WTFR_W_WFR,22333010,I,360006,1360060,Region,Khulna,0,,0,1,PRWTFRWWFR,BDDHS1994360006,1993-94,DHS,,,,,1
BGD,Rajshahi/Rangpur,6399305,Total wanted fertility rate,1.9,1,BD,Bangladesh,1994,BD1994DHS,PR_WTFR_W_WFR,22333010,I,360007,1360070,Region,Rajshahi/Rangpur,0,,0,1,PRWTFRWWFR,BDDHS1994360007,1993-94,DHS,,,,,1
BGD,Barishal,1796404,Age specific fertility rate: 15-19,157,0,BD,Bangladesh,1997,BD1997DHS,FE_FRTR_W_A15,11763010,I,360001,1360010,Region,Barishal,0,,0,1,FEFRTRWA15,BDDHS1997360001,1996-97,DHS,,,,,1
BGD,Chattogram/Sylhet,2666355,Age specific fertility rate: 15-19,132,0,BD,Bangladesh,1997,BD1997DHS,FE_FRTR_W_A15,11763010,I,360002,1360020,Region,Chattogram/Sylhet,0,,0,1,FEFRTRWA15,BDDHS1997360002,1996-97,DHS,,,,,
BGD,Chattogram,1816641,Age specific fertility rate: 15-19,136,0,BD,Bangladesh,1997,BD1997DHS,FE_FRTR_W_A15,11763010,I,360003,1360030,Region,..Chattogram,0,,0,1,FEFRTRWA15,BDDHS1997360003,1996-97,DHS,,,,,1
BGD,Sylhet,1816636,Age specific fertility rate: 15-19,116,0,BD,Bangladesh,1997,BD1997DHS,FE_FRTR_W_A15,11763010,I,360004,1360040,Region,..Sylhet,0,,0,1,FEFRTRWA15,BDDHS1997360004,1996-97,DHS,,,,,1
BGD,Dhaka before 2015,1816651,Age specific fertility rate: 15-19,148,0,BD,Bangladesh,1997,BD1997DHS,FE_FRTR_W_A15,11763010,I,360005,1360050,Region,Dhaka before 2015,0,,0,1,FEFRTRWA15,BDDHS1997360005,1996-97,DHS,,,,,1
BGD,Khulna,1796414,Age specific fertility rate: 15-19,157,0,BD,Bangladesh,1997,BD1997DHS,FE_FRTR_W_A15,11763010,I,360006,1360060,Region,Khulna,0,,0,1,FEFRTRWA15,BDDHS1997360006,1996-97,DHS,,,,,1
BGD,Rajshahi/Rangpur,1810303,Age specific fertility rate: 15-19,157,0,BD,Bangladesh,1997,BD1997DHS,FE_FRTR_W_A15,11763010,I,360007,1360070,Region,Rajshahi/Rangpur,0,,0,1,FEFRTRWA15,BDDHS1997360007,1996-97,DHS,,,,,1
BGD,Barishal,1796393,Age specific fertility rate: 20-24,178,0,BD,Bangladesh,1997,BD1997DHS,FE_FRTR_W_A20,11763020,I,360001,1360010,Region,Barishal,0,,0,1,FEFRTRWA20,BDDHS1997360001,1996-97,DHS,,,,,1
BGD,Chattogram/Sylhet,2666360,Age specific fertility rate: 20-24,222,0,BD,Bangladesh,1997,BD1997DHS,FE_FRTR_W_A20,11763020,I,360002,1360020,Region,Chattogram/Sylhet,0,,0,1,FEFRTRWA20,BDDHS1997360002,1996-97,DHS,,,,,
BGD,Chattogram,1816646,Age specific fertility rate: 20-24,234,0,BD,Bangladesh,1997,BD1997DHS,FE_FRTR_W_A20,11763020,I,360003,1360030,Region,..Chattogram,0,,0,1,FEFRTRWA20,BDDHS1997360003,1996-97,DHS,,,,,1
BGD,Sylhet,1816618,Age specific fertility rate: 20-24,181,0,BD,Bangladesh,1997,BD1997DHS,FE_FRTR_W_A20,11763020,I,360004,1360040,Region,..Sylhet,0,,0,1,FEFRTRWA20,BDDHS1997360004,1996-97,DHS,,,,,1
BGD,Dhaka before 2015,1816627,Age specific fertility rate: 20-24,189,0,BD,Bangladesh,1997,BD1997DHS,FE_FRTR_W_A20,11763020,I,360005,1360050,Region,Dhaka before 2015,0,,0,1,FEFRTRWA20,BDDHS1997360005,1996-97,DHS,,,,,1
BGD,Khulna,1796420,Age specific fertility rate: 20-24,178,0,BD,Bangladesh,1997,BD1997DHS,FE_FRTR_W_A20,11763020,I,360006,1360060,Region,Khulna,0,,0,1,FEFRTRWA20,BDDHS1997360006,1996-97,DHS,,,,,1
BGD,Rajshahi/Rangpur,1810282,Age specific fertility rate: 20-24,174,0,BD,Bangladesh,1997,BD1997DHS,FE_FRTR_W_A20,11763020,I,360007,1360070,Region,Rajshahi/Rangpur,0,,0,1,FEFRTRWA20,BDDHS1997360007,1996-97,DHS,,,,,1
BGD,Barishal,1796400,Age specific fertility rate: 25-29,147,0,BD,Bangladesh,1997,BD1997DHS,FE_FRTR_W_A25,11763030,I,360001,1360010,Region,Barishal,0,,0,1,FEFRTRWA25,BDDHS1997360001,1996-97,DHS,,,,,1
BGD,Chattogram/Sylhet,2666361,Age specific fertility rate: 25-29,209,0,BD,Bangladesh,1997,BD1997DHS,FE_FRTR_W_A25,11763030,I,360002,1360020,Region,Chattogram/Sylhet,0,,0,1,FEFRTRWA25,BDDHS1997360002,1996-97,DHS,,,,,
BGD,Chattogram,1816647,Age specific fertility rate: 25-29,206,0,BD,Bangladesh,1997,BD1997DHS,FE_FRTR_W_A25,11763030,I,360003,1360030,Region,..Chattogram,0,,0,1,FEFRTRWA25,BDDHS1997360003,1996-97,DHS,,,,,1
BGD,Sylhet,1816619,Age specific fertility rate: 25-29,221,0,BD,Bangladesh,1997,BD1997DHS,FE_FRTR_W_A25,11763030,I,360004,1360040,Region,..Sylhet,0,,0,1,FEFRTRWA25,BDDHS1997360004,1996-97,DHS,,,,,1
BGD,Dhaka before 2015,1816628,Age specific fertility rate: 25-29,146,0,BD,Bangladesh,1997,BD1997DHS,FE_FRTR_W_A25,11763030,I,360005,1360050,Region,Dhaka before 2015,0,,0,1,FEFRTRWA25,BDDHS1997360005,1996-97,DHS,,,,,1
BGD,Khulna,1796421,Age specific fertility rate: 25-29,82,0,BD,Bangladesh,1997,BD1997DHS,FE_FRTR_W_A25,11763030,I,360006,1360060,Region,Khulna,0,,0,1,FEFRTRWA25,BDDHS1997360006,1996-97,DHS,,,,,1
BGD,Rajshahi/Rangpur,1810283,Age specific fertility rate: 25-29,117,0,BD,Bangladesh,1997,BD1997DHS,FE_FRTR_W_A25,11763030,I,360007,1360070,Region,Rajshahi/Rangpur,0,,0,1,FEFRTRWA25,BDDHS1997360007,1996-97,DHS,,,,,1
BGD,Barishal,1796401,Age specific fertility rate: 30-34,95,0,BD,Bangladesh,1997,BD1997DHS,FE_FRTR_W_A30,11763040,I,360001,1360010,Region,Barishal,0,,0,1,FEFRTRWA30,BDDHS1997360001,1996-97,DHS,,,,,1
BGD,Chattogram/Sylhet,2666362,Age specific fertility rate: 30-34,146,0,BD,Bangladesh,1997,BD1997DHS,FE_FRTR_W_A30,11763040,I,360002,1360020,Region,Chattogram/Sylhet,0,,0,1,FEFRTRWA30,BDDHS1997360002,1996-97,DHS,,,,,
BGD,Chattogram,1816648,Age specific fertility rate: 30-34,137,0,BD,Bangladesh,1997,BD1997DHS,FE_FRTR_W_A30,11763040,I,360003,1360030,Region,..Chattogram,0,,0,1,FEFRTRWA30,BDDHS1997360003,1996-97,DHS,,,,,1
BGD,Sylhet,1816620,Age specific fertility rate: 30-34,177,0,BD,Bangladesh,1997,BD1997DHS,FE_FRTR_W_A30,11763040,I,360004,1360040,Region,..Sylhet,0,,0,1,FEFRTRWA30,BDDHS1997360004,1996-97,DHS,,,,,1
BGD,Dhaka before 2015,1816629,Age specific fertility rate: 30-34,86,0,BD,Bangladesh,1997,BD1997DHS,FE_FRTR_W_A30,11763040,I,360005,1360050,Region,Dhaka before 2015,0,,0,1,FEFRTRWA30,BDDHS1997360005,1996-97,DHS,,,,,1
BGD,Khulna,1796422,Age specific fertility rate: 30-34,48,0,BD,Bangladesh,1997,BD1997DHS,FE_FRTR_W_A30,11763040,I,360006,1360060,Region,Khulna,0,,0,1,FEFRTRWA30,BDDHS1997360006,1996-97,DHS,,,,,1
BGD,Rajshahi/Rangpur,1810284,Age specific fertility rate: 30-34,76,0,BD,Bangladesh,1997,BD1997DHS,FE_FRTR_W_A30,11763040,I,360007,1360070,Region,Rajshahi/Rangpur,0,,0,1,FEFRTRWA30,BDDHS1997360007,1996-97,DHS,,,,,1
BGD,Barishal,1796402,Age specific fertility rate: 35-39,60,0,BD,Bangladesh,1997,BD1997DHS,FE_FRTR_W_A35,11763050,I,360001,1360010,Region,Barishal,0,,0,1,FEFRTRWA35,BDDHS1997360001,1996-97,DHS,,,,,1
BGD,Chattogram/Sylhet,2666363,Age specific fertility rate: 35-39,73,0,BD,Bangladesh,1997,BD1997DHS,FE_FRTR_W_A35,11763050,I,360002,1360020,Region,Chattogram/Sylhet,0,,0,1,FEFRTRWA35,BDDHS1997360002,1996-97,DHS,,,,,
BGD,Chattogram,1816649,Age specific fertility rate: 35-39,55,0,BD,Bangladesh,1997,BD1997DHS,FE_FRTR_W_A35,11763050,I,360003,1360030,Region,..Chattogram,0,,0,1,FEFRTRWA35,BDDHS1997360003,1996-97,DHS,,,,,1
BGD,Sylhet,1816621,Age specific fertility rate: 35-39,125,0,BD,Bangladesh,1997,BD1997DHS,FE_FRTR_W_A35,11763050,I,360004,1360040,Region,..Sylhet,0,,0,1,FEFRTRWA35,BDDHS1997360004,1996-97,DHS,,,,,1
BGD,Dhaka before 2015,1816631,Age specific fertility rate: 35-39,46,0,BD,Bangladesh,1997,BD1997DHS,FE_FRTR_W_A35,11763050,I,360005,1360050,Region,Dhaka before 2015,0,,0,1,FEFRTRWA35,BDDHS1997360005,1996-97,DHS,,,,,1
BGD,Khulna,1796423,Age specific fertility rate: 35-39,16,0,BD,Bangladesh,1997,BD1997DHS,FE_FRTR_W_A35,11763050,I,360006,1360060,Region,Khulna,0,,0,1,FEFRTRWA35,BDDHS1997360006,1996-97,DHS,,,,,1
BGD,Rajshahi/Rangpur,1810285,Age specific fertility rate: 35-39,20,0,BD,Bangladesh,1997,BD1997DHS,FE_FRTR_W_A35,11763050,I,360007,1360070,Region,Rajshahi/Rangpur,0,,0,1,FEFRTRWA35,BDDHS1997360007,1996-97,DHS,,,,,1
BGD,Barishal,1796480,Age specific fertility rate: 40-44,16,0,BD,Bangladesh,1997,BD1997DHS,FE_FRTR_W_A40,11763060,I,360001,1360010,Region,Barishal,0,,0,1,FEFRTRWA40,BDDHS1997360001,1996-97,DHS,,,,,1
BGD,Chattogram/Sylhet,2666356,Age specific fertility rate: 40-44,34,0,BD,Bangladesh,1997,BD1997DHS,FE_FRTR_W_A40,11763060,I,360002,1360020,Region,Chattogram/Sylhet,0,,0,1,FEFRTRWA40,BDDHS1997360002,1996-97,DHS,,,,,
BGD,Chattogram,1816642,Age specific fertility rate: 40-44,39,0,BD,Bangladesh,1997,BD1997DHS,FE_FRTR_W_A40,11763060,I,360003,1360030,Region,..Chattogram,0,,0,1,FEFRTRWA40,BDDHS1997360003,1996-97,DHS,,,,,1
BGD,Sylhet,1816638,Age specific fertility rate: 40-44,19,0,BD,Bangladesh,1997,BD1997DHS,FE_FRTR_W_A40,11763060,I,360004,1360040,Region,..Sylhet,0,,0,1,FEFRTRWA40,BDDHS1997360004,1996-97,DHS,,,,,1
BGD,Dhaka before 2015,1816652,Age specific fertility rate: 40-44,12,0,BD,Bangladesh,1997,BD1997DHS,FE_FRTR_W_A40,11763060,I,360005,1360050,Region,Dhaka before 2015,0,,0,1,FEFRTRWA40,BDDHS1997360005,1996-97,DHS,,,,,1
BGD,Khulna,1796416,Age specific fertility rate: 40-44,15,0,BD,Bangladesh,1997,BD1997DHS,FE_FRTR_W_A40,11763060,I,360006,1360060,Region,Khulna,0,,0,1,FEFRTRWA40,BDDHS1997360006,1996-97,DHS,,,,,1
BGD,Rajshahi/Rangpur,1810304,Age specific fertility rate: 40-44,9,0,BD,Bangladesh,1997,BD1997DHS,FE_FRTR_W_A40,11763060,I,360007,1360070,Region,Rajshahi/Rangpur,0,,0,1,FEFRTRWA40,BDDHS1997360007,1996-97,DHS,,,,,1
BGD,Chattogram/Sylhet,2666358,Age specific fertility rate: 45-49,4,0,BD,Bangladesh,1997,BD1997DHS,FE_FRTR_W_A45,11763070,I,360002,1360020,Region,Chattogram/Sylhet,0,,0,1,FEFRTRWA45,BDDHS1997360002,1996-97,DHS,,,,,
BGD,Chattogram,1816644,Age specific fertility rate: 45-49,5,0,BD,Bangladesh,1997,BD1997DHS,FE_FRTR_W_A45,11763070,I,360003,1360030,Region,..Chattogram,0,,0,1,FEFRTRWA45,BDDHS1997360003,1996-97,DHS,,,,,1
BGD,Sylhet,1816622,Age specific fertility rate: 45-49,0,0,BD,Bangladesh,1997,BD1997DHS,FE_FRTR_W_A45,11763070,I,360004,1360040,Region,..Sylhet,0,,0,1,FEFRTRWA45,BDDHS1997360004,1996-97,DHS,,,,,1
BGD,Dhaka before 2015,1816625,Age specific fertility rate: 45-49,8,0,BD,Bangladesh,1997,BD1997DHS,FE_FRTR_W_A45,11763070,I,360005,1360050,Region,Dhaka before 2015,0,,0,1,FEFRTRWA45,BDDHS1997360005,1996-97,DHS,,,,,1
BGD,Khulna,1796418,Age specific fertility rate: 45-49,8,0,BD,Bangladesh,1997,BD1997DHS,FE_FRTR_W_A45,11763070,I,360006,1360060,Region,Khulna,0,,0,1,FEFRTRWA45,BDDHS1997360006,1996-97,DHS,,,,,1
BGD,Rajshahi/Rangpur,1810286,Age specific fertility rate: 45-49,4,0,BD,Bangladesh,1997,BD1997DHS,FE_FRTR_W_A45,11763070,I,360007,1360070,Region,Rajshahi/Rangpur,0,,0,1,FEFRTRWA45,BDDHS1997360007,1996-97,DHS,,,,,1
BGD,Barishal,1796481,Total fertility rate 15-49,3.3,1,BD,Bangladesh,1997,BD1997DHS,FE_FRTR_W_TFR,11763080,I,360001,1360010,Region,Barishal,0,,0,1,FEFRTRWTFR,BDDHS1997360001,1996-97,DHS,,,,,1
BGD,Chattogram/Sylhet,2666357,Total fertility rate 15-49,4.1,1,BD,Bangladesh,1997,BD1997DHS,FE_FRTR_W_TFR,11763080,I,360002,1360020,Region,Chattogram/Sylhet,0,,0,1,FEFRTRWTFR,BDDHS1997360002,1996-97,DHS,,,,,
BGD,Chattogram,1816643,Total fertility rate 15-49,4.1,1,BD,Bangladesh,1997,BD1997DHS,FE_FRTR_W_TFR,11763080,I,360003,1360030,Region,..Chattogram,0,,0,1,FEFRTRWTFR,BDDHS1997360003,1996-97,DHS,,,,,1
BGD,Sylhet,1816639,Total fertility rate 15-49,4.2,1,BD,Bangladesh,1997,BD1997DHS,FE_FRTR_W_TFR,11763080,I,360004,1360040,Region,..Sylhet,0,,0,1,FEFRTRWTFR,BDDHS1997360004,1996-97,DHS,,,,,1
BGD,Dhaka before 2015,1816653,Total fertility rate 15-49,3.2,1,BD,Bangladesh,1997,BD1997DHS,FE_FRTR_W_TFR,11763080,I,360005,1360050,Region,Dhaka before 2015,0,,0,1,FEFRTRWTFR,BDDHS1997360005,1996-97,DHS,,,,,1
BGD,Khulna,1796417,Total fertility rate 15-49,2.5,1,BD,Bangladesh,1997,BD1997DHS,FE_FRTR_W_TFR,11763080,I,360006,1360060,Region,Khulna,0,,0,1,FEFRTRWTFR,BDDHS1997360006,1996-97,DHS,,,,,1
BGD,Rajshahi/Rangpur,1810357,Total fertility rate 15-49,2.8,1,BD,Bangladesh,1997,BD1997DHS,FE_FRTR_W_TFR,11763080,I,360007,1360070,Region,Rajshahi/Rangpur,0,,0,1,FEFRTRWTFR,BDDHS1997360007,1996-97,DHS,,,,,1
BGD,Barishal,1796479,Total fertility rate 15-44,3.3,1,BD,Bangladesh,1997,BD1997DHS,FE_FRTR_W_TF4,11763090,I,360001,1360010,Region,Barishal,0,,0,1,FEFRTRWTF4,BDDHS1997360001,1996-97,DHS,,,,,1
BGD,Chattogram/Sylhet,2666359,Total fertility rate 15-44,4.1,1,BD,Bangladesh,1997,BD1997DHS,FE_FRTR_W_TF4,11763090,I,360002,1360020,Region,Chattogram/Sylhet,0,,0,1,FEFRTRWTF4,BDDHS1997360002,1996-97,DHS,,,,,
BGD,Chattogram,1816645,Total fertility rate 15-44,4,1,BD,Bangladesh,1997,BD1997DHS,FE_FRTR_W_TF4,11763090,I,360003,1360030,Region,..Chattogram,0,,0,1,FEFRTRWTF4,BDDHS1997360003,1996-97,DHS,,,,,1
BGD,Sylhet,1816624,Total fertility rate 15-44,4.2,1,BD,Bangladesh,1997,BD1997DHS,FE_FRTR_W_TF4,11763090,I,360004,1360040,Region,..Sylhet,0,,0,1,FEFRTRWTF4,BDDHS1997360004,1996-97,DHS,,,,,1
BGD,Dhaka before 2015,1816626,Total fertility rate 15-44,3.1,1,BD,Bangladesh,1997,BD1997DHS,FE_FRTR_W_TF4,11763090,I,360005,1360050,Region,Dhaka before 2015,0,,0,1,FEFRTRWTF4,BDDHS1997360005,1996-97,DHS,,,,,1
BGD,Khulna,1796419,Total fertility rate 15-44,2.5,1,BD,Bangladesh,1997,BD1997DHS,FE_FRTR_W_TF4,11763090,I,360006,1360060,Region,Khulna,0,,0,1,FEFRTRWTF4,BDDHS1997360006,1996-97,DHS,,,,,1
BGD,Rajshahi/Rangpur,1810287,Total fertility rate 15-44,2.8,1,BD,Bangladesh,1997,BD1997DHS,FE_FRTR_W_TF4,11763090,I,360007,1360070,Region,Rajshahi/Rangpur,0,,0,1,FEFRTRWTF4,BDDHS1997360007,1996-97,DHS,,,,,1
BGD,Barishal,1796405,General fertility rate,131,0,BD,Bangladesh,1997,BD1997DHS,FE_FRTR_W_GFR,11763100,I,360001,1360010,Region,Barishal,0,,0,1,FEFRTRWGFR,BDDHS1997360001,1996-97,DHS,,,,,1
BGD,Chattogram/Sylhet,2666352,General fertility rate,156,0,BD,Bangladesh,1997,BD1997DHS,FE_FRTR_W_GFR,11763100,I,360002,1360020,Region,Chattogram/Sylhet,0,,0,1,FEFRTRWGFR,BDDHS1997360002,1996-97,DHS,,,,,
BGD,Chattogram,1816613,General fertility rate,157,0,BD,Bangladesh,1997,BD1997DHS,FE_FRTR_W_GFR,11763100,I,360003,1360030,Region,..Chattogram,0,,0,1,FEFRTRWGFR,BDDHS1997360003,1996-97,DHS,,,,,1
BGD,Sylhet,1816633,General fertility rate,152,0,BD,Bangladesh,1997,BD1997DHS,FE_FRTR_W_GFR,11763100,I,360004,1360040,Region,..Sylhet,0,,0,1,FEFRTRWGFR,BDDHS1997360004,1996-97,DHS,,,,,1
BGD,Dhaka before 2015,1816632,General fertility rate,130,0,BD,Bangladesh,1997,BD1997DHS,FE_FRTR_W_GFR,11763100,I,360005,1360050,Region,Dhaka before 2015,0,,0,1,FEFRTRWGFR,BDDHS1997360005,1996-97,DHS,,,,,1
BGD,Khulna,1796424,General fertility rate,107,0,BD,Bangladesh,1997,BD1997DHS,FE_FRTR_W_GFR,11763100,I,360006,1360060,Region,Khulna,0,,0,1,FEFRTRWGFR,BDDHS1997360006,1996-97,DHS,,,,,1
BGD,Rajshahi/Rangpur,1810292,General fertility rate,123,0,BD,Bangladesh,1997,BD1997DHS,FE_FRTR_W_GFR,11763100,I,360007,1360070,Region,Rajshahi/Rangpur,0,,0,1,FEFRTRWGFR,BDDHS1997360007,1996-97,DHS,,,,,1
BGD,Barishal,1796478,Crude birth rate,30.7,1,BD,Bangladesh,1997,BD1997DHS,FE_FRTR_W_CBR,11763110,I,360001,1360010,Region,Barishal,0,,0,1,FEFRTRWCBR,BDDHS1997360001,1996-97,DHS,,,,,1
BGD,Chattogram/Sylhet,2666353,Crude birth rate,34.3,1,BD,Bangladesh,1997,BD1997DHS,FE_FRTR_W_CBR,11763110,I,360002,1360020,Region,Chattogram/Sylhet,0,,0,1,FEFRTRWCBR,BDDHS1997360002,1996-97,DHS,,,,,
BGD,Chattogram,1816614,Crude birth rate,34.4,1,BD,Bangladesh,1997,BD1997DHS,FE_FRTR_W_CBR,11763110,I,360003,1360030,Region,..Chattogram,0,,0,1,FEFRTRWCBR,BDDHS1997360003,1996-97,DHS,,,,,1
BGD,Sylhet,1816634,Crude birth rate,33.9,1,BD,Bangladesh,1997,BD1997DHS,FE_FRTR_W_CBR,11763110,I,360004,1360040,Region,..Sylhet,0,,0,1,FEFRTRWCBR,BDDHS1997360004,1996-97,DHS,,,,,1
BGD,Dhaka before 2015,1816637,Crude birth rate,28.8,1,BD,Bangladesh,1997,BD1997DHS,FE_FRTR_W_CBR,11763110,I,360005,1360050,Region,Dhaka before 2015,0,,0,1,FEFRTRWCBR,BDDHS1997360005,1996-97,DHS,,,,,1
BGD,Khulna,1796425,Crude birth rate,23.4,1,BD,Bangladesh,1997,BD1997DHS,FE_FRTR_W_CBR,11763110,I,360006,1360060,Region,Khulna,0,,0,1,FEFRTRWCBR,BDDHS1997360006,1996-97,DHS,,,,,1
BGD,Rajshahi/Rangpur,1810299,Crude birth rate,27,1,BD,Bangladesh,1997,BD1997DHS,FE_FRTR_W_CBR,11763110,I,360007,1360070,Region,Rajshahi/Rangpur,0,,0,1,FEFRTRWCBR,BDDHS1997360007,1996-97,DHS,,,,,1
BGD,Barishal,1077250,Total wanted fertility rate,2,1,BD,Bangladesh,1997,BD1997DHS,PR_WTFR_W_WFR,22333010,I,360001,1360010,Region,Barishal,0,,0,1,PRWTFRWWFR,BDDHS1997360001,1996-97,DHS,,,,,1
BGD,Chattogram/Sylhet,2719842,Total wanted fertility rate,2.7,1,BD,Bangladesh,1997,BD1997DHS,PR_WTFR_W_WFR,22333010,I,360002,1360020,Region,Chattogram/Sylhet,0,,0,1,PRWTFRWWFR,BDDHS1997360002,1996-97,DHS,,,,,
BGD,Chattogram,1090680,Total wanted fertility rate,2.6,1,BD,Bangladesh,1997,BD1997DHS,PR_WTFR_W_WFR,22333010,I,360003,1360030,Region,..Chattogram,0,,0,1,PRWTFRWWFR,BDDHS1997360003,1996-97,DHS,,,,,1
BGD,Sylhet,1090703,Total wanted fertility rate,2.9,1,BD,Bangladesh,1997,BD1997DHS,PR_WTFR_W_WFR,22333010,I,360004,1360040,Region,..Sylhet,0,,0,1,PRWTFRWWFR,BDDHS1997360004,1996-97,DHS,,,,,1
BGD,Dhaka before 2015,1090702,Total wanted fertility rate,2,1,BD,Bangladesh,1997,BD1997DHS,PR_WTFR_W_WFR,22333010,I,360005,1360050,Region,Dhaka before 2015,0,,0,1,PRWTFRWWFR,BDDHS1997360005,1996-97,DHS,,,,,1
BGD,Khulna,1077268,Total wanted fertility rate,1.8,1,BD,Bangladesh,1997,BD1997DHS,PR_WTFR_W_WFR,22333010,I,360006,1360060,Region,Khulna,0,,0,1,PRWTFRWWFR,BDDHS1997360006,1996-97,DHS,,,,,1
BGD,Rajshahi/Rangpur,1067556,Total wanted fertility rate,1.8,1,BD,Bangladesh,1997,BD1997DHS,PR_WTFR_W_WFR,22333010,I,360007,1360070,Region,Rajshahi/Rangpur,0,,0,1,PRWTFRWWFR,BDDHS1997360007,1996-97,DHS,,,,,1
BGD,Barishal,1803799,Age specific fertility rate: 15-19,154,0,BD,Bangladesh,2000,BD2000DHS,FE_FRTR_W_A15,11763010,I,360001,1360010,Region,Barishal,0,,0,1,FEFRTRWA15,BDDHS2000360001,1999-00,DHS,,,,,1
BGD,Chattogram/Sylhet,7449974,Age specific fertility rate: 15-19,126,0,BD,Bangladesh,2000,BD2000DHS,FE_FRTR_W_A15,11763010,I,360002,1360020,Region,Chattogram/Sylhet,0,,0,1,FEFRTRWA15,BDDHS2000360002,1999-00,DHS,,,,,
BGD,Chattogram,7933938,Age specific fertility rate: 15-19,131,0,BD,Bangladesh,2000,BD2000DHS,FE_FRTR_W_A15,11763010,I,360003,1360030,Region,..Chattogram,0,,0,1,FEFRTRWA15,BDDHS2000360003,1999-00,DHS,,,,,1
BGD,Sylhet,1810459,Age specific fertility rate: 15-19,110,0,BD,Bangladesh,2000,BD2000DHS,FE_FRTR_W_A15,11763010,I,360004,1360040,Region,..Sylhet,0,,0,1,FEFRTRWA15,BDDHS2000360004,1999-00,DHS,,,,,1
BGD,Dhaka before 2015,1810426,Age specific fertility rate: 15-19,145,0,BD,Bangladesh,2000,BD2000DHS,FE_FRTR_W_A15,11763010,I,360005,1360050,Region,Dhaka before 2015,0,,0,1,FEFRTRWA15,BDDHS2000360005,1999-00,DHS,,,,,1
BGD,Khulna,7629769,Age specific fertility rate: 15-19,146,0,BD,Bangladesh,2000,BD2000DHS,FE_FRTR_W_A15,11763010,I,360006,1360060,Region,Khulna,0,,0,1,FEFRTRWA15,BDDHS2000360006,1999-00,DHS,,,,,1
BGD,Rajshahi/Rangpur,1803792,Age specific fertility rate: 15-19,162,0,BD,Bangladesh,2000,BD2000DHS,FE_FRTR_W_A15,11763010,I,360007,1360070,Region,Rajshahi/Rangpur,0,,0,1,FEFRTRWA15,BDDHS2000360007,1999-00,DHS,,,,,1
BGD,Barishal,1803785,Age specific fertility rate: 20-24,185,0,BD,Bangladesh,2000,BD2000DHS,FE_FRTR_W_A20,11763020,I,360001,1360010,Region,Barishal,0,,0,1,FEFRTRWA20,BDDHS2000360001,1999-00,DHS,,,,,1
BGD,Chattogram/Sylhet,7449965,Age specific fertility rate: 20-24,212,0,BD,Bangladesh,2000,BD2000DHS,FE_FRTR_W_A20,11763020,I,360002,1360020,Region,Chattogram/Sylhet,0,,0,1,FEFRTRWA20,BDDHS2000360002,1999-00,DHS,,,,,
BGD,Chattogram,7933959,Age specific fertility rate: 20-24,216,0,BD,Bangladesh,2000,BD2000DHS,FE_FRTR_W_A20,11763020,I,360003,1360030,Region,..Chattogram,0,,0,1,FEFRTRWA20,BDDHS2000360003,1999-00,DHS,,,,,1
BGD,Sylhet,1810407,Age specific fertility rate: 20-24,198,0,BD,Bangladesh,2000,BD2000DHS,FE_FRTR_W_A20,11763020,I,360004,1360040,Region,..Sylhet,0,,0,1,FEFRTRWA20,BDDHS2000360004,1999-00,DHS,,,,,1
BGD,Dhaka before 2015,1810421,Age specific fertility rate: 20-24,172,0,BD,Bangladesh,2000,BD2000DHS,FE_FRTR_W_A20,11763020,I,360005,1360050,Region,Dhaka before 2015,0,,0,1,FEFRTRWA20,BDDHS2000360005,1999-00,DHS,,,,,1
BGD,Khulna,7629774,Age specific fertility rate: 20-24,175,0,BD,Bangladesh,2000,BD2000DHS,FE_FRTR_W_A20,11763020,I,360006,1360060,Region,Khulna,0,,0,1,FEFRTRWA20,BDDHS2000360006,1999-00,DHS,,,,,1
BGD,Rajshahi/Rangpur,1803781,Age specific fertility rate: 20-24,188,0,BD,Bangladesh,2000,BD2000DHS,FE_FRTR_W_A20,11763020,I,360007,1360070,Region,Rajshahi/Rangpur,0,,0,1,FEFRTRWA20,BDDHS2000360007,1999-00,DHS,,,,,1
BGD,Barishal,1803786,Age specific fertility rate: 25-29,148,0,BD,Bangladesh,2000,BD2000DHS,FE_FRTR_W_A25,11763030,I,360001,1360010,Region,Barishal,0,,0,1,FEFRTRWA25,BDDHS2000360001,1999-00,DHS,,,,,1
BGD,Chattogram/Sylhet,7449966,Age specific fertility rate: 25-29,223,0,BD,Bangladesh,2000,BD2000DHS,FE_FRTR_W_A25,11763030,I,360002,1360020,Region,Chattogram/Sylhet,0,,0,1,FEFRTRWA25,BDDHS2000360002,1999-00,DHS,,,,,
BGD,Chattogram,7933960,Age specific fertility rate: 25-29,220,0,BD,Bangladesh,2000,BD2000DHS,FE_FRTR_W_A25,11763030,I,360003,1360030,Region,..Chattogram,0,,0,1,FEFRTRWA25,BDDHS2000360003,1999-00,DHS,,,,,1
BGD,Sylhet,1810408,Age specific fertility rate: 25-29,231,0,BD,Bangladesh,2000,BD2000DHS,FE_FRTR_W_A25,11763030,I,360004,1360040,Region,..Sylhet,0,,0,1,FEFRTRWA25,BDDHS2000360004,1999-00,DHS,,,,,1
BGD,Dhaka before 2015,1810422,Age specific fertility rate: 25-29,165,0,BD,Bangladesh,2000,BD2000DHS,FE_FRTR_W_A25,11763030,I,360005,1360050,Region,Dhaka before 2015,0,,0,1,FEFRTRWA25,BDDHS2000360005,1999-00,DHS,,,,,1
BGD,Khulna,7629775,Age specific fertility rate: 25-29,118,0,BD,Bangladesh,2000,BD2000DHS,FE_FRTR_W_A25,11763030,I,360006,1360060,Region,Khulna,0,,0,1,FEFRTRWA25,BDDHS2000360006,1999-00,DHS,,,,,1
BGD,Rajshahi/Rangpur,1803782,Age specific fertility rate: 25-29,134,0,BD,Bangladesh,2000,BD2000DHS,FE_FRTR_W_A25,11763030,I,360007,1360070,Region,Rajshahi/Rangpur,0,,0,1,FEFRTRWA25,BDDHS2000360007,1999-00,DHS,,,,,1
BGD,Barishal,1803787,Age specific fertility rate: 30-34,99,0,BD,Bangladesh,2000,BD2000DHS,FE_FRTR_W_A30,11763040,I,360001,1360010,Region,Barishal,0,,0,1,FEFRTRWA30,BDDHS2000360001,1999-00,DHS,,,,,1
BGD,Chattogram/Sylhet,7449967,Age specific fertility rate: 30-34,143,0,BD,Bangladesh,2000,BD2000DHS,FE_FRTR_W_A30,11763040,I,360002,1360020,Region,Chattogram/Sylhet,0,,0,1,FEFRTRWA30,BDDHS2000360002,1999-00,DHS,,,,,
BGD,Chattogram,7933961,Age specific fertility rate: 30-34,136,0,BD,Bangladesh,2000,BD2000DHS,FE_FRTR_W_A30,11763040,I,360003,1360030,Region,..Chattogram,0,,0,1,FEFRTRWA30,BDDHS2000360003,1999-00,DHS,,,,,1
BGD,Sylhet,1810409,Age specific fertility rate: 30-34,161,0,BD,Bangladesh,2000,BD2000DHS,FE_FRTR_W_A30,11763040,I,360004,1360040,Region,..Sylhet,0,,0,1,FEFRTRWA30,BDDHS2000360004,1999-00,DHS,,,,,1
BGD,Dhaka before 2015,1810423,Age specific fertility rate: 30-34,92,0,BD,Bangladesh,2000,BD2000DHS,FE_FRTR_W_A30,11763040,I,360005,1360050,Region,Dhaka before 2015,0,,0,1,FEFRTRWA30,BDDHS2000360005,1999-00,DHS,,,,,1
BGD,Khulna,7629776,Age specific fertility rate: 30-34,62,0,BD,Bangladesh,2000,BD2000DHS,FE_FRTR_W_A30,11763040,I,360006,1360060,Region,Khulna,0,,0,1,FEFRTRWA30,BDDHS2000360006,1999-00,DHS,,,,,1
BGD,Rajshahi/Rangpur,1803783,Age specific fertility rate: 30-34,78,0,BD,Bangladesh,2000,BD2000DHS,FE_FRTR_W_A30,11763040,I,360007,1360070,Region,Rajshahi/Rangpur,0,,0,1,FEFRTRWA30,BDDHS2000360007,1999-00,DHS,,,,,1
BGD,Barishal,1803788,Age specific fertility rate: 35-39,42,0,BD,Bangladesh,2000,BD2000DHS,FE_FRTR_W_A35,11763050,I,360001,1360010,Region,Barishal,0,,0,1,FEFRTRWA35,BDDHS2000360001,1999-00,DHS,,,,,1
BGD,Chattogram/Sylhet,7449968,Age specific fertility rate: 35-39,69,0,BD,Bangladesh,2000,BD2000DHS,FE_FRTR_W_A35,11763050,I,360002,1360020,Region,Chattogram/Sylhet,0,,0,1,FEFRTRWA35,BDDHS2000360002,1999-00,DHS,,,,,
BGD,Chattogram,7933962,Age specific fertility rate: 35-39,62,0,BD,Bangladesh,2000,BD2000DHS,FE_FRTR_W_A35,11763050,I,360003,1360030,Region,..Chattogram,0,,0,1,FEFRTRWA35,BDDHS2000360003,1999-00,DHS,,,,,1
BGD,Sylhet,1810410,Age specific fertility rate: 35-39,90,0,BD,Bangladesh,2000,BD2000DHS,FE_FRTR_W_A35,11763050,I,360004,1360040,Region,..Sylhet,0,,0,1,FEFRTRWA35,BDDHS2000360004,1999-00,DHS,,,,,1
BGD,Dhaka before 2015,1810443,Age specific fertility rate: 35-39,40,0,BD,Bangladesh,2000,BD2000DHS,FE_FRTR_W_A35,11763050,I,360005,1360050,Region,Dhaka before 2015,0,,0,1,FEFRTRWA35,BDDHS2000360005,1999-00,DHS,,,,,1
BGD,Khulna,7629777,Age specific fertility rate: 35-39,31,0,BD,Bangladesh,2000,BD2000DHS,FE_FRTR_W_A35,11763050,I,360006,1360060,Region,Khulna,0,,0,1,FEFRTRWA35,BDDHS2000360006,1999-00,DHS,,,,,1
BGD,Rajshahi/Rangpur,1803784,Age specific fertility rate: 35-39,32,0,BD,Bangladesh,2000,BD2000DHS,FE_FRTR_W_A35,11763050,I,360007,1360070,Region,Rajshahi/Rangpur,0,,0,1,FEFRTRWA35,BDDHS2000360007,1999-00,DHS,,,,,1
BGD,Barishal,1803800,Age specific fertility rate: 40-44,17,0,BD,Bangladesh,2000,BD2000DHS,FE_FRTR_W_A40,11763060,I,360001,1360010,Region,Barishal,0,,0,1,FEFRTRWA40,BDDHS2000360001,1999-00,DHS,,,,,1
BGD,Chattogram/Sylhet,7449975,Age specific fertility rate: 40-44,24,0,BD,Bangladesh,2000,BD2000DHS,FE_FRTR_W_A40,11763060,I,360002,1360020,Region,Chattogram/Sylhet,0,,0,1,FEFRTRWA40,BDDHS2000360002,1999-00,DHS,,,,,
BGD,Chattogram,7933939,Age specific fertility rate: 40-44,24,0,BD,Bangladesh,2000,BD2000DHS,FE_FRTR_W_A40,11763060,I,360003,1360030,Region,..Chattogram,0,,0,1,FEFRTRWA40,BDDHS2000360003,1999-00,DHS,,,,,1
BGD,Sylhet,1810460,Age specific fertility rate: 40-44,25,0,BD,Bangladesh,2000,BD2000DHS,FE_FRTR_W_A40,11763060,I,360004,1360040,Region,..Sylhet,0,,0,1,FEFRTRWA40,BDDHS2000360004,1999-00,DHS,,,,,1
BGD,Dhaka before 2015,1810516,Age specific fertility rate: 40-44,23,0,BD,Bangladesh,2000,BD2000DHS,FE_FRTR_W_A40,11763060,I,360005,1360050,Region,Dhaka before 2015,0,,0,1,FEFRTRWA40,BDDHS2000360005,1999-00,DHS,,,,,1
BGD,Khulna,7629778,Age specific fertility rate: 40-44,9,0,BD,Bangladesh,2000,BD2000DHS,FE_FRTR_W_A40,11763060,I,360006,1360060,Region,Khulna,0,,0,1,FEFRTRWA40,BDDHS2000360006,1999-00,DHS,,,,,1
BGD,Rajshahi/Rangpur,1803793,Age specific fertility rate: 40-44,12,0,BD,Bangladesh,2000,BD2000DHS,FE_FRTR_W_A40,11763060,I,360007,1360070,Region,Rajshahi/Rangpur,0,,0,1,FEFRTRWA40,BDDHS2000360007,1999-00,DHS,,,,,1
BGD,Barishal,1803779,Age specific fertility rate: 45-49,7,0,BD,Bangladesh,2000,BD2000DHS,FE_FRTR_W_A45,11763070,I,360001,1360010,Region,Barishal,0,,0,1,FEFRTRWA45,BDDHS2000360001,1999-00,DHS,,,,,1
BGD,Chattogram/Sylhet,7449971,Age specific fertility rate: 45-49,3,0,BD,Bangladesh,2000,BD2000DHS,FE_FRTR_W_A45,11763070,I,360002,1360020,Region,Chattogram/Sylhet,0,,0,1,FEFRTRWA45,BDDHS2000360002,1999-00,DHS,,,,,
BGD,Chattogram,7933975,Age specific fertility rate: 45-49,3,0,BD,Bangladesh,2000,BD2000DHS,FE_FRTR_W_A45,11763070,I,360003,1360030,Region,..Chattogram,0,,0,1,FEFRTRWA45,BDDHS2000360003,1999-00,DHS,,,,,1
BGD,Sylhet,1810403,Age specific fertility rate: 45-49,0,0,BD,Bangladesh,2000,BD2000DHS,FE_FRTR_W_A45,11763070,I,360004,1360040,Region,..Sylhet,0,,0,1,FEFRTRWA45,BDDHS2000360004,1999-00,DHS,,,,,1
BGD,Dhaka before 2015,1810437,Age specific fertility rate: 45-49,6,0,BD,Bangladesh,2000,BD2000DHS,FE_FRTR_W_A45,11763070,I,360005,1360050,Region,Dhaka before 2015,0,,0,1,FEFRTRWA45,BDDHS2000360005,1999-00,DHS,,,,,1
BGD,Khulna,7629772,Age specific fertility rate: 45-49,0,0,BD,Bangladesh,2000,BD2000DHS,FE_FRTR_W_A45,11763070,I,360006,1360060,Region,Khulna,0,,0,1,FEFRTRWA45,BDDHS2000360006,1999-00,DHS,,,,,1
BGD,Rajshahi/Rangpur,1803775,Age specific fertility rate: 45-49,0,0,BD,Bangladesh,2000,BD2000DHS,FE_FRTR_W_A45,11763070,I,360007,1360070,Region,Rajshahi/Rangpur,0,,0,1,FEFRTRWA45,BDDHS2000360007,1999-00,DHS,,,,,1
BGD,Barishal,1803801,Total fertility rate 15-49,3.3,1,BD,Bangladesh,2000,BD2000DHS,FE_FRTR_W_TFR,11763080,I,360001,1360010,Region,Barishal,0,,0,1,FEFRTRWTFR,BDDHS2000360001,1999-00,DHS,,,,,1
BGD,Chattogram/Sylhet,7449976,Total fertility rate 15-49,4,1,BD,Bangladesh,2000,BD2000DHS,FE_FRTR_W_TFR,11763080,I,360002,1360020,Region,Chattogram/Sylhet,0,,0,1,FEFRTRWTFR,BDDHS2000360002,1999-00,DHS,,,,,
BGD,Chattogram,7933940,Total fertility rate 15-49,4,1,BD,Bangladesh,2000,BD2000DHS,FE_FRTR_W_TFR,11763080,I,360003,1360030,Region,..Chattogram,0,,0,1,FEFRTRWTFR,BDDHS2000360003,1999-00,DHS,,,,,1
BGD,Sylhet,1810461,Total fertility rate 15-49,4.1,1,BD,Bangladesh,2000,BD2000DHS,FE_FRTR_W_TFR,11763080,I,360004,1360040,Region,..Sylhet,0,,0,1,FEFRTRWTFR,BDDHS2000360004,1999-00,DHS,,,,,1
BGD,Dhaka before 2015,1810517,Total fertility rate 15-49,3.2,1,BD,Bangladesh,2000,BD2000DHS,FE_FRTR_W_TFR,11763080,I,360005,1360050,Region,Dhaka before 2015,0,,0,1,FEFRTRWTFR,BDDHS2000360005,1999-00,DHS,,,,,1
BGD,Khulna,7629779,Total fertility rate 15-49,2.7,1,BD,Bangladesh,2000,BD2000DHS,FE_FRTR_W_TFR,11763080,I,360006,1360060,Region,Khulna,0,,0,1,FEFRTRWTFR,BDDHS2000360006,1999-00,DHS,,,,,1
BGD,Rajshahi/Rangpur,1803794,Total fertility rate 15-49,3,1,BD,Bangladesh,2000,BD2000DHS,FE_FRTR_W_TFR,11763080,I,360007,1360070,Region,Rajshahi/Rangpur,0,,0,1,FEFRTRWTFR,BDDHS2000360007,1999-00,DHS,,,,,1
BGD,Barishal,1803797,Total fertility rate 15-44,3.2,1,BD,Bangladesh,2000,BD2000DHS,FE_FRTR_W_TF4,11763090,I,360001,1360010,Region,Barishal,0,,0,1,FEFRTRWTF4,BDDHS2000360001,1999-00,DHS,,,,,1
BGD,Chattogram/Sylhet,7449972,Total fertility rate 15-44,4,1,BD,Bangladesh,2000,BD2000DHS,FE_FRTR_W_TF4,11763090,I,360002,1360020,Region,Chattogram/Sylhet,0,,0,1,FEFRTRWTF4,BDDHS2000360002,1999-00,DHS,,,,,
BGD,Chattogram,7933976,Total fertility rate 15-44,3.9,1,BD,Bangladesh,2000,BD2000DHS,FE_FRTR_W_TF4,11763090,I,360003,1360030,Region,..Chattogram,0,,0,1,FEFRTRWTF4,BDDHS2000360003,1999-00,DHS,,,,,1
BGD,Sylhet,1810404,Total fertility rate 15-44,4.1,1,BD,Bangladesh,2000,BD2000DHS,FE_FRTR_W_TF4,11763090,I,360004,1360040,Region,..Sylhet,0,,0,1,FEFRTRWTF4,BDDHS2000360004,1999-00,DHS,,,,,1
BGD,Dhaka before 2015,1810438,Total fertility rate 15-44,3.2,1,BD,Bangladesh,2000,BD2000DHS,FE_FRTR_W_TF4,11763090,I,360005,1360050,Region,Dhaka before 2015,0,,0,1,FEFRTRWTF4,BDDHS2000360005,1999-00,DHS,,,,,1
BGD,Khulna,7629773,Total fertility rate 15-44,2.7,1,BD,Bangladesh,2000,BD2000DHS,FE_FRTR_W_TF4,11763090,I,360006,1360060,Region,Khulna,0,,0,1,FEFRTRWTF4,BDDHS2000360006,1999-00,DHS,,,,,1
BGD,Rajshahi/Rangpur,1803780,Total fertility rate 15-44,3,1,BD,Bangladesh,2000,BD2000DHS,FE_FRTR_W_TF4,11763090,I,360007,1360070,Region,Rajshahi/Rangpur,0,,0,1,FEFRTRWTF4,BDDHS2000360007,1999-00,DHS,,,,,1
BGD,Barishal,1803789,General fertility rate,125,0,BD,Bangladesh,2000,BD2000DHS,FE_FRTR_W_GFR,11763100,I,360001,1360010,Region,Barishal,0,,0,1,FEFRTRWGFR,BDDHS2000360001,1999-00,DHS,,,,,1
BGD,Chattogram/Sylhet,7449969,General fertility rate,149,0,BD,Bangladesh,2000,BD2000DHS,FE_FRTR_W_GFR,11763100,I,360002,1360020,Region,Chattogram/Sylhet,0,,0,1,FEFRTRWGFR,BDDHS2000360002,1999-00,DHS,,,,,
BGD,Chattogram,7933963,General fertility rate,150,0,BD,Bangladesh,2000,BD2000DHS,FE_FRTR_W_GFR,11763100,I,360003,1360030,Region,..Chattogram,0,,0,1,FEFRTRWGFR,BDDHS2000360003,1999-00,DHS,,,,,1
BGD,Sylhet,1810405,General fertility rate,147,0,BD,Bangladesh,2000,BD2000DHS,FE_FRTR_W_GFR,11763100,I,360004,1360040,Region,..Sylhet,0,,0,1,FEFRTRWGFR,BDDHS2000360004,1999-00,DHS,,,,,1
BGD,Dhaka before 2015,1810433,General fertility rate,126,0,BD,Bangladesh,2000,BD2000DHS,FE_FRTR_W_GFR,11763100,I,360005,1360050,Region,Dhaka before 2015,0,,0,1,FEFRTRWGFR,BDDHS2000360005,1999-00,DHS,,,,,1
BGD,Khulna,7629770,General fertility rate,113,0,BD,Bangladesh,2000,BD2000DHS,FE_FRTR_W_GFR,11763100,I,360006,1360060,Region,Khulna,0,,0,1,FEFRTRWGFR,BDDHS2000360006,1999-00,DHS,,,,,1
BGD,Rajshahi/Rangpur,1803773,General fertility rate,125,0,BD,Bangladesh,2000,BD2000DHS,FE_FRTR_W_GFR,11763100,I,360007,1360070,Region,Rajshahi/Rangpur,0,,0,1,FEFRTRWGFR,BDDHS2000360007,1999-00,DHS,,,,,1
BGD,Barishal,1803790,Crude birth rate,28.3,1,BD,Bangladesh,2000,BD2000DHS,FE_FRTR_W_CBR,11763110,I,360001,1360010,Region,Barishal,0,,0,1,FEFRTRWCBR,BDDHS2000360001,1999-00,DHS,,,,,1
BGD,Chattogram/Sylhet,7449970,Crude birth rate,34.2,1,BD,Bangladesh,2000,BD2000DHS,FE_FRTR_W_CBR,11763110,I,360002,1360020,Region,Chattogram/Sylhet,0,,0,1,FEFRTRWCBR,BDDHS2000360002,1999-00,DHS,,,,,
BGD,Chattogram,7933964,Crude birth rate,34.2,1,BD,Bangladesh,2000,BD2000DHS,FE_FRTR_W_CBR,11763110,I,360003,1360030,Region,..Chattogram,0,,0,1,FEFRTRWCBR,BDDHS2000360003,1999-00,DHS,,,,,1
BGD,Sylhet,1810406,Crude birth rate,34.2,1,BD,Bangladesh,2000,BD2000DHS,FE_FRTR_W_CBR,11763110,I,360004,1360040,Region,..Sylhet,0,,0,1,FEFRTRWCBR,BDDHS2000360004,1999-00,DHS,,,,,1
BGD,Dhaka before 2015,1810434,Crude birth rate,29.3,1,BD,Bangladesh,2000,BD2000DHS,FE_FRTR_W_CBR,11763110,I,360005,1360050,Region,Dhaka before 2015,0,,0,1,FEFRTRWCBR,BDDHS2000360005,1999-00,DHS,,,,,1
BGD,Khulna,7629771,Crude birth rate,26.9,1,BD,Bangladesh,2000,BD2000DHS,FE_FRTR_W_CBR,11763110,I,360006,1360060,Region,Khulna,0,,0,1,FEFRTRWCBR,BDDHS2000360006,1999-00,DHS,,,,,1
BGD,Rajshahi/Rangpur,1803774,Crude birth rate,28.9,1,BD,Bangladesh,2000,BD2000DHS,FE_FRTR_W_CBR,11763110,I,360007,1360070,Region,Rajshahi/Rangpur,0,,0,1,FEFRTRWCBR,BDDHS2000360007,1999-00,DHS,,,,,1
BGD,Barishal,1083835,Total wanted fertility rate,2.1,1,BD,Bangladesh,2000,BD2000DHS,PR_WTFR_W_WFR,22333010,I,360001,1360010,Region,Barishal,0,,0,1,PRWTFRWWFR,BDDHS2000360001,1999-00,DHS,,,,,1
BGD,Chattogram/Sylhet,7450746,Total wanted fertility rate,2.7,1,BD,Bangladesh,2000,BD2000DHS,PR_WTFR_W_WFR,22333010,I,360002,1360020,Region,Chattogram/Sylhet,0,,0,1,PRWTFRWWFR,BDDHS2000360002,1999-00,DHS,,,,,
BGD,Chattogram,7934150,Total wanted fertility rate,2.6,1,BD,Bangladesh,2000,BD2000DHS,PR_WTFR_W_WFR,22333010,I,360003,1360030,Region,..Chattogram,0,,0,1,PRWTFRWWFR,BDDHS2000360003,1999-00,DHS,,,,,1
BGD,Sylhet,1067793,Total wanted fertility rate,2.9,1,BD,Bangladesh,2000,BD2000DHS,PR_WTFR_W_WFR,22333010,I,360004,1360040,Region,..Sylhet,0,,0,1,PRWTFRWWFR,BDDHS2000360004,1999-00,DHS,,,,,1
BGD,Dhaka before 2015,1067813,Total wanted fertility rate,2.2,1,BD,Bangladesh,2000,BD2000DHS,PR_WTFR_W_WFR,22333010,I,360005,1360050,Region,Dhaka before 2015,0,,0,1,PRWTFRWWFR,BDDHS2000360005,1999-00,DHS,,,,,1
BGD,Khulna,7610497,Total wanted fertility rate,1.9,1,BD,Bangladesh,2000,BD2000DHS,PR_WTFR_W_WFR,22333010,I,360006,1360060,Region,Khulna,0,,0,1,PRWTFRWWFR,BDDHS2000360006,1999-00,DHS,,,,,1
BGD,Rajshahi/Rangpur,1083840,Total wanted fertility rate,2.1,1,BD,Bangladesh,2000,BD2000DHS,PR_WTFR_W_WFR,22333010,I,360007,1360070,Region,Rajshahi/Rangpur,0,,0,1,PRWTFRWWFR,BDDHS2000360007,1999-00,DHS,,,,,1
BGD,Barishal,1817003,Age specific fertility rate: 15-19,128,0,BD,Bangladesh,2004,BD2004DHS,FE_FRTR_W_A15,11763010,I,360001,1360010,Region,Barishal,0,,0,1,FEFRTRWA15,BDDHS2004360001,2004,DHS,,,,,1
BGD,Chattogram/Sylhet,1817011,Age specific fertility rate: 15-19,129,0,BD,Bangladesh,2004,BD2004DHS,FE_FRTR_W_A15,11763010,I,360002,1360020,Region,Chattogram/Sylhet,0,,0,1,FEFRTRWA15,BDDHS2004360002,2004,DHS,,,,,
BGD,Chattogram,5383390,Age specific fertility rate: 15-19,139,0,BD,Bangladesh,2004,BD2004DHS,FE_FRTR_W_A15,11763010,I,360003,1360030,Region,..Chattogram,0,,0,1,FEFRTRWA15,BDDHS2004360003,2004,DHS,,,,,1
BGD,Sylhet,1796703,Age specific fertility rate: 15-19,106,0,BD,Bangladesh,2004,BD2004DHS,FE_FRTR_W_A15,11763010,I,360004,1360040,Region,..Sylhet,0,,0,1,FEFRTRWA15,BDDHS2004360004,2004,DHS,,,,,1
BGD,Dhaka before 2015,1810600,Age specific fertility rate: 15-19,134,0,BD,Bangladesh,2004,BD2004DHS,FE_FRTR_W_A15,11763010,I,360005,1360050,Region,Dhaka before 2015,0,,0,1,FEFRTRWA15,BDDHS2004360005,2004,DHS,,,,,1
BGD,Khulna,1796732,Age specific fertility rate: 15-19,151,0,BD,Bangladesh,2004,BD2004DHS,FE_FRTR_W_A15,11763010,I,360006,1360060,Region,Khulna,0,,0,1,FEFRTRWA15,BDDHS2004360006,2004,DHS,,,,,1
BGD,Rajshahi/Rangpur,1803993,Age specific fertility rate: 15-19,147,0,BD,Bangladesh,2004,BD2004DHS,FE_FRTR_W_A15,11763010,I,360007,1360070,Region,Rajshahi/Rangpur,0,,0,1,FEFRTRWA15,BDDHS2004360007,2004,DHS,,,,,1
BGD,Barishal,1816982,Age specific fertility rate: 20-24,161,0,BD,Bangladesh,2004,BD2004DHS,FE_FRTR_W_A20,11763020,I,360001,1360010,Region,Barishal,0,,0,1,FEFRTRWA20,BDDHS2004360001,2004,DHS,,,,,1
BGD,Chattogram/Sylhet,1816984,Age specific fertility rate: 20-24,227,0,BD,Bangladesh,2004,BD2004DHS,FE_FRTR_W_A20,11763020,I,360002,1360020,Region,Chattogram/Sylhet,0,,0,1,FEFRTRWA20,BDDHS2004360002,2004,DHS,,,,,
BGD,Chattogram,5383384,Age specific fertility rate: 20-24,216,0,BD,Bangladesh,2004,BD2004DHS,FE_FRTR_W_A20,11763020,I,360003,1360030,Region,..Chattogram,0,,0,1,FEFRTRWA20,BDDHS2004360003,2004,DHS,,,,,1
BGD,Sylhet,1796698,Age specific fertility rate: 20-24,257,0,BD,Bangladesh,2004,BD2004DHS,FE_FRTR_W_A20,11763020,I,360004,1360040,Region,..Sylhet,0,,0,1,FEFRTRWA20,BDDHS2004360004,2004,DHS,,,,,1
BGD,Dhaka before 2015,1810605,Age specific fertility rate: 20-24,186,0,BD,Bangladesh,2004,BD2004DHS,FE_FRTR_W_A20,11763020,I,360005,1360050,Region,Dhaka before 2015,0,,0,1,FEFRTRWA20,BDDHS2004360005,2004,DHS,,,,,1
BGD,Khulna,1796713,Age specific fertility rate: 20-24,172,0,BD,Bangladesh,2004,BD2004DHS,FE_FRTR_W_A20,11763020,I,360006,1360060,Region,Khulna,0,,0,1,FEFRTRWA20,BDDHS2004360006,2004,DHS,,,,,1
BGD,Rajshahi/Rangpur,1803984,Age specific fertility rate: 20-24,169,0,BD,Bangladesh,2004,BD2004DHS,FE_FRTR_W_A20,11763020,I,360007,1360070,Region,Rajshahi/Rangpur,0,,0,1,FEFRTRWA20,BDDHS2004360007,2004,DHS,,,,,1
BGD,Barishal,1816983,Age specific fertility rate: 25-29,151,0,BD,Bangladesh,2004,BD2004DHS,FE_FRTR_W_A25,11763030,I,360001,1360010,Region,Barishal,0,,0,1,FEFRTRWA25,BDDHS2004360001,2004,DHS,,,,,1
BGD,Chattogram/Sylhet,1816985,Age specific fertility rate: 25-29,184,0,BD,Bangladesh,2004,BD2004DHS,FE_FRTR_W_A25,11763030,I,360002,1360020,Region,Chattogram/Sylhet,0,,0,1,FEFRTRWA25,BDDHS2004360002,2004,DHS,,,,,
BGD,Chattogram,5383385,Age specific fertility rate: 25-29,179,0,BD,Bangladesh,2004,BD2004DHS,FE_FRTR_W_A25,11763030,I,360003,1360030,Region,..Chattogram,0,,0,1,FEFRTRWA25,BDDHS2004360003,2004,DHS,,,,,1
BGD,Sylhet,1796699,Age specific fertility rate: 25-29,198,0,BD,Bangladesh,2004,BD2004DHS,FE_FRTR_W_A25,11763030,I,360004,1360040,Region,..Sylhet,0,,0,1,FEFRTRWA25,BDDHS2004360004,2004,DHS,,,,,1
BGD,Dhaka before 2015,1810606,Age specific fertility rate: 25-29,121,0,BD,Bangladesh,2004,BD2004DHS,FE_FRTR_W_A25,11763030,I,360005,1360050,Region,Dhaka before 2015,0,,0,1,FEFRTRWA25,BDDHS2004360005,2004,DHS,,,,,1
BGD,Khulna,1796714,Age specific fertility rate: 25-29,129,0,BD,Bangladesh,2004,BD2004DHS,FE_FRTR_W_A25,11763030,I,360006,1360060,Region,Khulna,0,,0,1,FEFRTRWA25,BDDHS2004360006,2004,DHS,,,,,1
BGD,Rajshahi/Rangpur,1803985,Age specific fertility rate: 25-29,101,0,BD,Bangladesh,2004,BD2004DHS,FE_FRTR_W_A25,11763030,I,360007,1360070,Region,Rajshahi/Rangpur,0,,0,1,FEFRTRWA25,BDDHS2004360007,2004,DHS,,,,,1
BGD,Barishal,1816988,Age specific fertility rate: 30-34,84,0,BD,Bangladesh,2004,BD2004DHS,FE_FRTR_W_A30,11763040,I,360001,1360010,Region,Barishal,0,,0,1,FEFRTRWA30,BDDHS2004360001,2004,DHS,,,,,1
BGD,Chattogram/Sylhet,1816986,Age specific fertility rate: 30-34,123,0,BD,Bangladesh,2004,BD2004DHS,FE_FRTR_W_A30,11763040,I,360002,1360020,Region,Chattogram/Sylhet,0,,0,1,FEFRTRWA30,BDDHS2004360002,2004,DHS,,,,,
BGD,Chattogram,5383386,Age specific fertility rate: 30-34,117,0,BD,Bangladesh,2004,BD2004DHS,FE_FRTR_W_A30,11763040,I,360003,1360030,Region,..Chattogram,0,,0,1,FEFRTRWA30,BDDHS2004360003,2004,DHS,,,,,1
BGD,Sylhet,1796700,Age specific fertility rate: 30-34,138,0,BD,Bangladesh,2004,BD2004DHS,FE_FRTR_W_A30,11763040,I,360004,1360040,Region,..Sylhet,0,,0,1,FEFRTRWA30,BDDHS2004360004,2004,DHS,,,,,1
BGD,Dhaka before 2015,1810607,Age specific fertility rate: 30-34,87,0,BD,Bangladesh,2004,BD2004DHS,FE_FRTR_W_A30,11763040,I,360005,1360050,Region,Dhaka before 2015,0,,0,1,FEFRTRWA30,BDDHS2004360005,2004,DHS,,,,,1
BGD,Khulna,1796715,Age specific fertility rate: 30-34,66,0,BD,Bangladesh,2004,BD2004DHS,FE_FRTR_W_A30,11763040,I,360006,1360060,Region,Khulna,0,,0,1,FEFRTRWA30,BDDHS2004360006,2004,DHS,,,,,1
BGD,Rajshahi/Rangpur,1803987,Age specific fertility rate: 30-34,49,0,BD,Bangladesh,2004,BD2004DHS,FE_FRTR_W_A30,11763040,I,360007,1360070,Region,Rajshahi/Rangpur,0,,0,1,FEFRTRWA30,BDDHS2004360007,2004,DHS,,,,,1
BGD,Barishal,1816989,Age specific fertility rate: 35-39,40,0,BD,Bangladesh,2004,BD2004DHS,FE_FRTR_W_A35,11763050,I,360001,1360010,Region,Barishal,0,,0,1,FEFRTRWA35,BDDHS2004360001,2004,DHS,,,,,1
BGD,Chattogram/Sylhet,1816987,Age specific fertility rate: 35-39,68,0,BD,Bangladesh,2004,BD2004DHS,FE_FRTR_W_A35,11763050,I,360002,1360020,Region,Chattogram/Sylhet,0,,0,1,FEFRTRWA35,BDDHS2004360002,2004,DHS,,,,,
BGD,Chattogram,5383302,Age specific fertility rate: 35-39,63,0,BD,Bangladesh,2004,BD2004DHS,FE_FRTR_W_A35,11763050,I,360003,1360030,Region,..Chattogram,0,,0,1,FEFRTRWA35,BDDHS2004360003,2004,DHS,,,,,1
BGD,Sylhet,1796701,Age specific fertility rate: 35-39,86,0,BD,Bangladesh,2004,BD2004DHS,FE_FRTR_W_A35,11763050,I,360004,1360040,Region,..Sylhet,0,,0,1,FEFRTRWA35,BDDHS2004360004,2004,DHS,,,,,1
BGD,Dhaka before 2015,1810608,Age specific fertility rate: 35-39,40,0,BD,Bangladesh,2004,BD2004DHS,FE_FRTR_W_A35,11763050,I,360005,1360050,Region,Dhaka before 2015,0,,0,1,FEFRTRWA35,BDDHS2004360005,2004,DHS,,,,,1
BGD,Khulna,1796730,Age specific fertility rate: 35-39,22,0,BD,Bangladesh,2004,BD2004DHS,FE_FRTR_W_A35,11763050,I,360006,1360060,Region,Khulna,0,,0,1,FEFRTRWA35,BDDHS2004360006,2004,DHS,,,,,1
BGD,Rajshahi/Rangpur,1803988,Age specific fertility rate: 35-39,29,0,BD,Bangladesh,2004,BD2004DHS,FE_FRTR_W_A35,11763050,I,360007,1360070,Region,Rajshahi/Rangpur,0,,0,1,FEFRTRWA35,BDDHS2004360007,2004,DHS,,,,,1
BGD,Barishal,1817004,Age specific fertility rate: 40-44,14,0,BD,Bangladesh,2004,BD2004DHS,FE_FRTR_W_A40,11763060,I,360001,1360010,Region,Barishal,0,,0,1,FEFRTRWA40,BDDHS2004360001,2004,DHS,,,,,1
BGD,Chattogram/Sylhet,1817015,Age specific fertility rate: 40-44,30,0,BD,Bangladesh,2004,BD2004DHS,FE_FRTR_W_A40,11763060,I,360002,1360020,Region,Chattogram/Sylhet,0,,0,1,FEFRTRWA40,BDDHS2004360002,2004,DHS,,,,,
BGD,Chattogram,5383391,Age specific fertility rate: 40-44,24,0,BD,Bangladesh,2004,BD2004DHS,FE_FRTR_W_A40,11763060,I,360003,1360030,Region,..Chattogram,0,,0,1,FEFRTRWA40,BDDHS2004360003,2004,DHS,,,,,1
BGD,Sylhet,1796704,Age specific fertility rate: 40-44,47,0,BD,Bangladesh,2004,BD2004DHS,FE_FRTR_W_A40,11763060,I,360004,1360040,Region,..Sylhet,0,,0,1,FEFRTRWA40,BDDHS2004360004,2004,DHS,,,,,1
BGD,Dhaka before 2015,1810609,Age specific fertility rate: 40-44,8,0,BD,Bangladesh,2004,BD2004DHS,FE_FRTR_W_A40,11763060,I,360005,1360050,Region,Dhaka before 2015,0,,0,1,FEFRTRWA40,BDDHS2004360005,2004,DHS,,,,,1
BGD,Khulna,1796733,Age specific fertility rate: 40-44,12,0,BD,Bangladesh,2004,BD2004DHS,FE_FRTR_W_A40,11763060,I,360006,1360060,Region,Khulna,0,,0,1,FEFRTRWA40,BDDHS2004360006,2004,DHS,,,,,1
BGD,Rajshahi/Rangpur,1803994,Age specific fertility rate: 40-44,19,0,BD,Bangladesh,2004,BD2004DHS,FE_FRTR_W_A40,11763060,I,360007,1360070,Region,Rajshahi/Rangpur,0,,0,1,FEFRTRWA40,BDDHS2004360007,2004,DHS,,,,,1
BGD,Barishal,1816992,Age specific fertility rate: 45-49,0,0,BD,Bangladesh,2004,BD2004DHS,FE_FRTR_W_A45,11763070,I,360001,1360010,Region,Barishal,0,,0,1,FEFRTRWA45,BDDHS2004360001,2004,DHS,,,,,1
BGD,Chattogram/Sylhet,1816998,Age specific fertility rate: 45-49,3,0,BD,Bangladesh,2004,BD2004DHS,FE_FRTR_W_A45,11763070,I,360002,1360020,Region,Chattogram/Sylhet,0,,0,1,FEFRTRWA45,BDDHS2004360002,2004,DHS,,,,,
BGD,Chattogram,5383387,Age specific fertility rate: 45-49,3,0,BD,Bangladesh,2004,BD2004DHS,FE_FRTR_W_A45,11763070,I,360003,1360030,Region,..Chattogram,0,,0,1,FEFRTRWA45,BDDHS2004360003,2004,DHS,,,,,1
BGD,Sylhet,1796696,Age specific fertility rate: 45-49,4,0,BD,Bangladesh,2004,BD2004DHS,FE_FRTR_W_A45,11763070,I,360004,1360040,Region,..Sylhet,0,,0,1,FEFRTRWA45,BDDHS2004360004,2004,DHS,,,,,1
BGD,Dhaka before 2015,1810601,Age specific fertility rate: 45-49,3,0,BD,Bangladesh,2004,BD2004DHS,FE_FRTR_W_A45,11763070,I,360005,1360050,Region,Dhaka before 2015,0,,0,1,FEFRTRWA45,BDDHS2004360005,2004,DHS,,,,,1
BGD,Khulna,1796709,Age specific fertility rate: 45-49,4,0,BD,Bangladesh,2004,BD2004DHS,FE_FRTR_W_A45,11763070,I,360006,1360060,Region,Khulna,0,,0,1,FEFRTRWA45,BDDHS2004360006,2004,DHS,,,,,1
BGD,Rajshahi/Rangpur,1803991,Age specific fertility rate: 45-49,0,0,BD,Bangladesh,2004,BD2004DHS,FE_FRTR_W_A45,11763070,I,360007,1360070,Region,Rajshahi/Rangpur,0,,0,1,FEFRTRWA45,BDDHS2004360007,2004,DHS,,,,,1
BGD,Barishal,1817005,Total fertility rate 15-49,2.9,1,BD,Bangladesh,2004,BD2004DHS,FE_FRTR_W_TFR,11763080,I,360001,1360010,Region,Barishal,0,,0,1,FEFRTRWTFR,BDDHS2004360001,2004,DHS,,,,,1
BGD,Chattogram/Sylhet,1817016,Total fertility rate 15-49,3.8,1,BD,Bangladesh,2004,BD2004DHS,FE_FRTR_W_TFR,11763080,I,360002,1360020,Region,Chattogram/Sylhet,0,,0,1,FEFRTRWTFR,BDDHS2004360002,2004,DHS,,,,,
BGD,Chattogram,5383423,Total fertility rate 15-49,3.7,1,BD,Bangladesh,2004,BD2004DHS,FE_FRTR_W_TFR,11763080,I,360003,1360030,Region,..Chattogram,0,,0,1,FEFRTRWTFR,BDDHS2004360003,2004,DHS,,,,,1
BGD,Sylhet,1796705,Total fertility rate 15-49,4.2,1,BD,Bangladesh,2004,BD2004DHS,FE_FRTR_W_TFR,11763080,I,360004,1360040,Region,..Sylhet,0,,0,1,FEFRTRWTFR,BDDHS2004360004,2004,DHS,,,,,1
BGD,Dhaka before 2015,1810610,Total fertility rate 15-49,2.9,1,BD,Bangladesh,2004,BD2004DHS,FE_FRTR_W_TFR,11763080,I,360005,1360050,Region,Dhaka before 2015,0,,0,1,FEFRTRWTFR,BDDHS2004360005,2004,DHS,,,,,1
BGD,Khulna,1796734,Total fertility rate 15-49,2.8,1,BD,Bangladesh,2004,BD2004DHS,FE_FRTR_W_TFR,11763080,I,360006,1360060,Region,Khulna,0,,0,1,FEFRTRWTFR,BDDHS2004360006,2004,DHS,,,,,1
BGD,Rajshahi/Rangpur,1803995,Total fertility rate 15-49,2.6,1,BD,Bangladesh,2004,BD2004DHS,FE_FRTR_W_TFR,11763080,I,360007,1360070,Region,Rajshahi/Rangpur,0,,0,1,FEFRTRWTFR,BDDHS2004360007,2004,DHS,,,,,1
BGD,Barishal,1816995,Total fertility rate 15-44,2.9,1,BD,Bangladesh,2004,BD2004DHS,FE_FRTR_W_TF4,11763090,I,360001,1360010,Region,Barishal,0,,0,1,FEFRTRWTF4,BDDHS2004360001,2004,DHS,,,,,1
BGD,Chattogram/Sylhet,1817009,Total fertility rate 15-44,3.8,1,BD,Bangladesh,2004,BD2004DHS,FE_FRTR_W_TF4,11763090,I,360002,1360020,Region,Chattogram/Sylhet,0,,0,1,FEFRTRWTF4,BDDHS2004360002,2004,DHS,,,,,
BGD,Chattogram,5383388,Total fertility rate 15-44,3.7,1,BD,Bangladesh,2004,BD2004DHS,FE_FRTR_W_TF4,11763090,I,360003,1360030,Region,..Chattogram,0,,0,1,FEFRTRWTF4,BDDHS2004360003,2004,DHS,,,,,1
BGD,Sylhet,1796697,Total fertility rate 15-44,4.2,1,BD,Bangladesh,2004,BD2004DHS,FE_FRTR_W_TF4,11763090,I,360004,1360040,Region,..Sylhet,0,,0,1,FEFRTRWTF4,BDDHS2004360004,2004,DHS,,,,,1
BGD,Dhaka before 2015,1810602,Total fertility rate 15-44,2.9,1,BD,Bangladesh,2004,BD2004DHS,FE_FRTR_W_TF4,11763090,I,360005,1360050,Region,Dhaka before 2015,0,,0,1,FEFRTRWTF4,BDDHS2004360005,2004,DHS,,,,,1
BGD,Khulna,1796710,Total fertility rate 15-44,2.8,1,BD,Bangladesh,2004,BD2004DHS,FE_FRTR_W_TF4,11763090,I,360006,1360060,Region,Khulna,0,,0,1,FEFRTRWTF4,BDDHS2004360006,2004,DHS,,,,,1
BGD,Rajshahi/Rangpur,1803992,Total fertility rate 15-44,2.6,1,BD,Bangladesh,2004,BD2004DHS,FE_FRTR_W_TF4,11763090,I,360007,1360070,Region,Rajshahi/Rangpur,0,,0,1,FEFRTRWTF4,BDDHS2004360007,2004,DHS,,,,,1
BGD,Barishal,1816990,General fertility rate,109,0,BD,Bangladesh,2004,BD2004DHS,FE_FRTR_W_GFR,11763100,I,360001,1360010,Region,Barishal,0,,0,1,FEFRTRWGFR,BDDHS2004360001,2004,DHS,,,,,1
BGD,Chattogram/Sylhet,1816996,General fertility rate,145,0,BD,Bangladesh,2004,BD2004DHS,FE_FRTR_W_GFR,11763100,I,360002,1360020,Region,Chattogram/Sylhet,0,,0,1,FEFRTRWGFR,BDDHS2004360002,2004,DHS,,,,,
BGD,Chattogram,5383424,General fertility rate,142,0,BD,Bangladesh,2004,BD2004DHS,FE_FRTR_W_GFR,11763100,I,360003,1360030,Region,..Chattogram,0,,0,1,FEFRTRWGFR,BDDHS2004360003,2004,DHS,,,,,1
BGD,Sylhet,1796694,General fertility rate,152,0,BD,Bangladesh,2004,BD2004DHS,FE_FRTR_W_GFR,11763100,I,360004,1360040,Region,..Sylhet,0,,0,1,FEFRTRWGFR,BDDHS2004360004,2004,DHS,,,,,1
BGD,Dhaka before 2015,1810603,General fertility rate,116,0,BD,Bangladesh,2004,BD2004DHS,FE_FRTR_W_GFR,11763100,I,360005,1360050,Region,Dhaka before 2015,0,,0,1,FEFRTRWGFR,BDDHS2004360005,2004,DHS,,,,,1
BGD,Khulna,1796711,General fertility rate,112,0,BD,Bangladesh,2004,BD2004DHS,FE_FRTR_W_GFR,11763100,I,360006,1360060,Region,Khulna,0,,0,1,FEFRTRWGFR,BDDHS2004360006,2004,DHS,,,,,1
BGD,Rajshahi/Rangpur,1803989,General fertility rate,104,0,BD,Bangladesh,2004,BD2004DHS,FE_FRTR_W_GFR,11763100,I,360007,1360070,Region,Rajshahi/Rangpur,0,,0,1,FEFRTRWGFR,BDDHS2004360007,2004,DHS,,,,,1
BGD,Barishal,1816991,Crude birth rate,26,1,BD,Bangladesh,2004,BD2004DHS,FE_FRTR_W_CBR,11763110,I,360001,1360010,Region,Barishal,0,,0,1,FEFRTRWCBR,BDDHS2004360001,2004,DHS,,,,,1
BGD,Chattogram/Sylhet,1816997,Crude birth rate,34.2,1,BD,Bangladesh,2004,BD2004DHS,FE_FRTR_W_CBR,11763110,I,360002,1360020,Region,Chattogram/Sylhet,0,,0,1,FEFRTRWCBR,BDDHS2004360002,2004,DHS,,,,,
BGD,Chattogram,5383425,Crude birth rate,33.6,1,BD,Bangladesh,2004,BD2004DHS,FE_FRTR_W_CBR,11763110,I,360003,1360030,Region,..Chattogram,0,,0,1,FEFRTRWCBR,BDDHS2004360003,2004,DHS,,,,,1
BGD,Sylhet,1796695,Crude birth rate,36,1,BD,Bangladesh,2004,BD2004DHS,FE_FRTR_W_CBR,11763110,I,360004,1360040,Region,..Sylhet,0,,0,1,FEFRTRWCBR,BDDHS2004360004,2004,DHS,,,,,1
BGD,Dhaka before 2015,1810604,Crude birth rate,28.2,1,BD,Bangladesh,2004,BD2004DHS,FE_FRTR_W_CBR,11763110,I,360005,1360050,Region,Dhaka before 2015,0,,0,1,FEFRTRWCBR,BDDHS2004360005,2004,DHS,,,,,1
BGD,Khulna,1796712,Crude birth rate,27.3,1,BD,Bangladesh,2004,BD2004DHS,FE_FRTR_W_CBR,11763110,I,360006,1360060,Region,Khulna,0,,0,1,FEFRTRWCBR,BDDHS2004360006,2004,DHS,,,,,1
BGD,Rajshahi/Rangpur,1803990,Crude birth rate,24.8,1,BD,Bangladesh,2004,BD2004DHS,FE_FRTR_W_CBR,11763110,I,360007,1360070,Region,Rajshahi/Rangpur,0,,0,1,FEFRTRWCBR,BDDHS2004360007,2004,DHS,,,,,1
BGD,Barishal,1090963,Total wanted fertility rate,1.7,1,BD,Bangladesh,2004,BD2004DHS,PR_WTFR_W_WFR,22333010,I,360001,1360010,Region,Barishal,0,,0,1,PRWTFRWWFR,BDDHS2004360001,2004,DHS,,,,,1
BGD,Chattogram/Sylhet,1090950,Total wanted fertility rate,2.4,1,BD,Bangladesh,2004,BD2004DHS,PR_WTFR_W_WFR,22333010,I,360002,1360020,Region,Chattogram/Sylhet,0,,0,1,PRWTFRWWFR,BDDHS2004360002,2004,DHS,,,,,
BGD,Chattogram,5357823,Total wanted fertility rate,2.2,1,BD,Bangladesh,2004,BD2004DHS,PR_WTFR_W_WFR,22333010,I,360003,1360030,Region,..Chattogram,0,,0,1,PRWTFRWWFR,BDDHS2004360003,2004,DHS,,,,,1
BGD,Sylhet,1077498,Total wanted fertility rate,2.9,1,BD,Bangladesh,2004,BD2004DHS,PR_WTFR_W_WFR,22333010,I,360004,1360040,Region,..Sylhet,0,,0,1,PRWTFRWWFR,BDDHS2004360004,2004,DHS,,,,,1
BGD,Dhaka before 2015,1067874,Total wanted fertility rate,1.9,1,BD,Bangladesh,2004,BD2004DHS,PR_WTFR_W_WFR,22333010,I,360005,1360050,Region,Dhaka before 2015,0,,0,1,PRWTFRWWFR,BDDHS2004360005,2004,DHS,,,,,1
BGD,Khulna,1077512,Total wanted fertility rate,1.9,1,BD,Bangladesh,2004,BD2004DHS,PR_WTFR_W_WFR,22333010,I,360006,1360060,Region,Khulna,0,,0,1,PRWTFRWWFR,BDDHS2004360006,2004,DHS,,,,,1
BGD,Rajshahi/Rangpur,1083844,Total wanted fertility rate,1.7,1,BD,Bangladesh,2004,BD2004DHS,PR_WTFR_W_WFR,22333010,I,360007,1360070,Region,Rajshahi/Rangpur,0,,0,1,PRWTFRWWFR,BDDHS2004360007,2004,DHS,,,,,1
BGD,Barishal,1817086,Age specific fertility rate: 15-19,132,0,BD,Bangladesh,2007,BD2007DHS,FE_FRTR_W_A15,11763010,I,360001,1360010,Region,Barishal,0,,0,1,FEFRTRWA15,BDDHS2007360001,2007,DHS,,,,,1
BGD,Chattogram/Sylhet,1817097,Age specific fertility rate: 15-19,120,0,BD,Bangladesh,2007,BD2007DHS,FE_FRTR_W_A15,11763010,I,360002,1360020,Region,Chattogram/Sylhet,0,,0,1,FEFRTRWA15,BDDHS2007360002,2007,DHS,,,,,
BGD,Chattogram,1817070,Age specific fertility rate: 15-19,125,0,BD,Bangladesh,2007,BD2007DHS,FE_FRTR_W_A15,11763010,I,360003,1360030,Region,..Chattogram,0,,0,1,FEFRTRWA15,BDDHS2007360003,2007,DHS,,,,,1
BGD,Sylhet,7874115,Age specific fertility rate: 15-19,109,0,BD,Bangladesh,2007,BD2007DHS,FE_FRTR_W_A15,11763010,I,360004,1360040,Region,..Sylhet,0,,0,1,FEFRTRWA15,BDDHS2007360004,2007,DHS,,,,,1
BGD,Dhaka before 2015,1810663,Age specific fertility rate: 15-19,125,0,BD,Bangladesh,2007,BD2007DHS,FE_FRTR_W_A15,11763010,I,360005,1360050,Region,Dhaka before 2015,0,,0,1,FEFRTRWA15,BDDHS2007360005,2007,DHS,,,,,1
BGD,Khulna,1796765,Age specific fertility rate: 15-19,122,0,BD,Bangladesh,2007,BD2007DHS,FE_FRTR_W_A15,11763010,I,360006,1360060,Region,Khulna,0,,0,1,FEFRTRWA15,BDDHS2007360006,2007,DHS,,,,,1
BGD,Rajshahi/Rangpur,1810681,Age specific fertility rate: 15-19,136,0,BD,Bangladesh,2007,BD2007DHS,FE_FRTR_W_A15,11763010,I,360007,1360070,Region,Rajshahi/Rangpur,0,,0,1,FEFRTRWA15,BDDHS2007360007,2007,DHS,,,,,1
BGD,Barishal,1817059,Age specific fertility rate: 20-24,169,0,BD,Bangladesh,2007,BD2007DHS,FE_FRTR_W_A20,11763020,I,360001,1360010,Region,Barishal,0,,0,1,FEFRTRWA20,BDDHS2007360001,2007,DHS,,,,,1
BGD,Chattogram/Sylhet,1817076,Age specific fertility rate: 20-24,206,0,BD,Bangladesh,2007,BD2007DHS,FE_FRTR_W_A20,11763020,I,360002,1360020,Region,Chattogram/Sylhet,0,,0,1,FEFRTRWA20,BDDHS2007360002,2007,DHS,,,,,
BGD,Chattogram,1817055,Age specific fertility rate: 20-24,204,0,BD,Bangladesh,2007,BD2007DHS,FE_FRTR_W_A20,11763020,I,360003,1360030,Region,..Chattogram,0,,0,1,FEFRTRWA20,BDDHS2007360003,2007,DHS,,,,,1
BGD,Sylhet,7874109,Age specific fertility rate: 20-24,212,0,BD,Bangladesh,2007,BD2007DHS,FE_FRTR_W_A20,11763020,I,360004,1360040,Region,..Sylhet,0,,0,1,FEFRTRWA20,BDDHS2007360004,2007,DHS,,,,,1
BGD,Dhaka before 2015,1810644,Age specific fertility rate: 20-24,178,0,BD,Bangladesh,2007,BD2007DHS,FE_FRTR_W_A20,11763020,I,360005,1360050,Region,Dhaka before 2015,0,,0,1,FEFRTRWA20,BDDHS2007360005,2007,DHS,,,,,1
BGD,Khulna,1796763,Age specific fertility rate: 20-24,143,0,BD,Bangladesh,2007,BD2007DHS,FE_FRTR_W_A20,11763020,I,360006,1360060,Region,Khulna,0,,0,1,FEFRTRWA20,BDDHS2007360006,2007,DHS,,,,,1
BGD,Rajshahi/Rangpur,1810687,Age specific fertility rate: 20-24,145,0,BD,Bangladesh,2007,BD2007DHS,FE_FRTR_W_A20,11763020,I,360007,1360070,Region,Rajshahi/Rangpur,0,,0,1,FEFRTRWA20,BDDHS2007360007,2007,DHS,,,,,1
BGD,Barishal,1817060,Age specific fertility rate: 25-29,129,0,BD,Bangladesh,2007,BD2007DHS,FE_FRTR_W_A25,11763030,I,360001,1360010,Region,Barishal,0,,0,1,FEFRTRWA25,BDDHS2007360001,2007,DHS,,,,,1
BGD,Chattogram/Sylhet,1817077,Age specific fertility rate: 25-29,158,0,BD,Bangladesh,2007,BD2007DHS,FE_FRTR_W_A25,11763030,I,360002,1360020,Region,Chattogram/Sylhet,0,,0,1,FEFRTRWA25,BDDHS2007360002,2007,DHS,,,,,
BGD,Chattogram,1817056,Age specific fertility rate: 25-29,149,0,BD,Bangladesh,2007,BD2007DHS,FE_FRTR_W_A25,11763030,I,360003,1360030,Region,..Chattogram,0,,0,1,FEFRTRWA25,BDDHS2007360003,2007,DHS,,,,,1
BGD,Sylhet,7874110,Age specific fertility rate: 25-29,184,0,BD,Bangladesh,2007,BD2007DHS,FE_FRTR_W_A25,11763030,I,360004,1360040,Region,..Sylhet,0,,0,1,FEFRTRWA25,BDDHS2007360004,2007,DHS,,,,,1
BGD,Dhaka before 2015,1810645,Age specific fertility rate: 25-29,139,0,BD,Bangladesh,2007,BD2007DHS,FE_FRTR_W_A25,11763030,I,360005,1360050,Region,Dhaka before 2015,0,,0,1,FEFRTRWA25,BDDHS2007360005,2007,DHS,,,,,1
BGD,Khulna,1796764,Age specific fertility rate: 25-29,74,0,BD,Bangladesh,2007,BD2007DHS,FE_FRTR_W_A25,11763030,I,360006,1360060,Region,Khulna,0,,0,1,FEFRTRWA25,BDDHS2007360006,2007,DHS,,,,,1
BGD,Rajshahi/Rangpur,1810688,Age specific fertility rate: 25-29,107,0,BD,Bangladesh,2007,BD2007DHS,FE_FRTR_W_A25,11763030,I,360007,1360070,Region,Rajshahi/Rangpur,0,,0,1,FEFRTRWA25,BDDHS2007360007,2007,DHS,,,,,1
BGD,Barishal,1817061,Age specific fertility rate: 30-34,82,0,BD,Bangladesh,2007,BD2007DHS,FE_FRTR_W_A30,11763040,I,360001,1360010,Region,Barishal,0,,0,1,FEFRTRWA30,BDDHS2007360001,2007,DHS,,,,,1
BGD,Chattogram/Sylhet,1817078,Age specific fertility rate: 30-34,104,0,BD,Bangladesh,2007,BD2007DHS,FE_FRTR_W_A30,11763040,I,360002,1360020,Region,Chattogram/Sylhet,0,,0,1,FEFRTRWA30,BDDHS2007360002,2007,DHS,,,,,
BGD,Chattogram,1817057,Age specific fertility rate: 30-34,94,0,BD,Bangladesh,2007,BD2007DHS,FE_FRTR_W_A30,11763040,I,360003,1360030,Region,..Chattogram,0,,0,1,FEFRTRWA30,BDDHS2007360003,2007,DHS,,,,,1
BGD,Sylhet,7874111,Age specific fertility rate: 30-34,130,0,BD,Bangladesh,2007,BD2007DHS,FE_FRTR_W_A30,11763040,I,360004,1360040,Region,..Sylhet,0,,0,1,FEFRTRWA30,BDDHS2007360004,2007,DHS,,,,,1
BGD,Dhaka before 2015,1810646,Age specific fertility rate: 30-34,67,0,BD,Bangladesh,2007,BD2007DHS,FE_FRTR_W_A30,11763040,I,360005,1360050,Region,Dhaka before 2015,0,,0,1,FEFRTRWA30,BDDHS2007360005,2007,DHS,,,,,1
BGD,Khulna,1796777,Age specific fertility rate: 30-34,46,0,BD,Bangladesh,2007,BD2007DHS,FE_FRTR_W_A30,11763040,I,360006,1360060,Region,Khulna,0,,0,1,FEFRTRWA30,BDDHS2007360006,2007,DHS,,,,,1
BGD,Rajshahi/Rangpur,1810689,Age specific fertility rate: 30-34,52,0,BD,Bangladesh,2007,BD2007DHS,FE_FRTR_W_A30,11763040,I,360007,1360070,Region,Rajshahi/Rangpur,0,,0,1,FEFRTRWA30,BDDHS2007360007,2007,DHS,,,,,1
BGD,Barishal,1817062,Age specific fertility rate: 35-39,29,0,BD,Bangladesh,2007,BD2007DHS,FE_FRTR_W_A35,11763050,I,360001,1360010,Region,Barishal,0,,0,1,FEFRTRWA35,BDDHS2007360001,2007,DHS,,,,,1
BGD,Chattogram/Sylhet,1817079,Age specific fertility rate: 35-39,56,0,BD,Bangladesh,2007,BD2007DHS,FE_FRTR_W_A35,11763050,I,360002,1360020,Region,Chattogram/Sylhet,0,,0,1,FEFRTRWA35,BDDHS2007360002,2007,DHS,,,,,
BGD,Chattogram,1817058,Age specific fertility rate: 35-39,48,0,BD,Bangladesh,2007,BD2007DHS,FE_FRTR_W_A35,11763050,I,360003,1360030,Region,..Chattogram,0,,0,1,FEFRTRWA35,BDDHS2007360003,2007,DHS,,,,,1
BGD,Sylhet,7874120,Age specific fertility rate: 35-39,80,0,BD,Bangladesh,2007,BD2007DHS,FE_FRTR_W_A35,11763050,I,360004,1360040,Region,..Sylhet,0,,0,1,FEFRTRWA35,BDDHS2007360004,2007,DHS,,,,,1
BGD,Dhaka before 2015,1810647,Age specific fertility rate: 35-39,33,0,BD,Bangladesh,2007,BD2007DHS,FE_FRTR_W_A35,11763050,I,360005,1360050,Region,Dhaka before 2015,0,,0,1,FEFRTRWA35,BDDHS2007360005,2007,DHS,,,,,1
BGD,Khulna,1796778,Age specific fertility rate: 35-39,9,0,BD,Bangladesh,2007,BD2007DHS,FE_FRTR_W_A35,11763050,I,360006,1360060,Region,Khulna,0,,0,1,FEFRTRWA35,BDDHS2007360006,2007,DHS,,,,,1
BGD,Rajshahi/Rangpur,1810696,Age specific fertility rate: 35-39,28,0,BD,Bangladesh,2007,BD2007DHS,FE_FRTR_W_A35,11763050,I,360007,1360070,Region,Rajshahi/Rangpur,0,,0,1,FEFRTRWA35,BDDHS2007360007,2007,DHS,,,,,1
BGD,Barishal,1817087,Age specific fertility rate: 40-44,13,0,BD,Bangladesh,2007,BD2007DHS,FE_FRTR_W_A40,11763060,I,360001,1360010,Region,Barishal,0,,0,1,FEFRTRWA40,BDDHS2007360001,2007,DHS,,,,,1
BGD,Chattogram/Sylhet,1817098,Age specific fertility rate: 40-44,23,0,BD,Bangladesh,2007,BD2007DHS,FE_FRTR_W_A40,11763060,I,360002,1360020,Region,Chattogram/Sylhet,0,,0,1,FEFRTRWA40,BDDHS2007360002,2007,DHS,,,,,
BGD,Chattogram,1817071,Age specific fertility rate: 40-44,20,0,BD,Bangladesh,2007,BD2007DHS,FE_FRTR_W_A40,11763060,I,360003,1360030,Region,..Chattogram,0,,0,1,FEFRTRWA40,BDDHS2007360003,2007,DHS,,,,,1
BGD,Sylhet,7874116,Age specific fertility rate: 40-44,29,0,BD,Bangladesh,2007,BD2007DHS,FE_FRTR_W_A40,11763060,I,360004,1360040,Region,..Sylhet,0,,0,1,FEFRTRWA40,BDDHS2007360004,2007,DHS,,,,,1
BGD,Dhaka before 2015,1810664,Age specific fertility rate: 40-44,5,0,BD,Bangladesh,2007,BD2007DHS,FE_FRTR_W_A40,11763060,I,360005,1360050,Region,Dhaka before 2015,0,,0,1,FEFRTRWA40,BDDHS2007360005,2007,DHS,,,,,1
BGD,Khulna,1796766,Age specific fertility rate: 40-44,4,0,BD,Bangladesh,2007,BD2007DHS,FE_FRTR_W_A40,11763060,I,360006,1360060,Region,Khulna,0,,0,1,FEFRTRWA40,BDDHS2007360006,2007,DHS,,,,,1
BGD,Rajshahi/Rangpur,1810697,Age specific fertility rate: 40-44,4,0,BD,Bangladesh,2007,BD2007DHS,FE_FRTR_W_A40,11763060,I,360007,1360070,Region,Rajshahi/Rangpur,0,,0,1,FEFRTRWA40,BDDHS2007360007,2007,DHS,,,,,1
BGD,Barishal,1817068,Age specific fertility rate: 45-49,5,0,BD,Bangladesh,2007,BD2007DHS,FE_FRTR_W_A45,11763070,I,360001,1360010,Region,Barishal,0,,0,1,FEFRTRWA45,BDDHS2007360001,2007,DHS,,,,,1
BGD,Chattogram/Sylhet,1817094,Age specific fertility rate: 45-49,1,0,BD,Bangladesh,2007,BD2007DHS,FE_FRTR_W_A45,11763070,I,360002,1360020,Region,Chattogram/Sylhet,0,,0,1,FEFRTRWA45,BDDHS2007360002,2007,DHS,,,,,
BGD,Chattogram,1817065,Age specific fertility rate: 45-49,0,0,BD,Bangladesh,2007,BD2007DHS,FE_FRTR_W_A45,11763070,I,360003,1360030,Region,..Chattogram,0,,0,1,FEFRTRWA45,BDDHS2007360003,2007,DHS,,,,,1
BGD,Sylhet,7874118,Age specific fertility rate: 45-49,3,0,BD,Bangladesh,2007,BD2007DHS,FE_FRTR_W_A45,11763070,I,360004,1360040,Region,..Sylhet,0,,0,1,FEFRTRWA45,BDDHS2007360004,2007,DHS,,,,,1
BGD,Dhaka before 2015,1810661,Age specific fertility rate: 45-49,2,0,BD,Bangladesh,2007,BD2007DHS,FE_FRTR_W_A45,11763070,I,360005,1360050,Region,Dhaka before 2015,0,,0,1,FEFRTRWA45,BDDHS2007360005,2007,DHS,,,,,1
BGD,Khulna,1796768,Age specific fertility rate: 45-49,0,0,BD,Bangladesh,2007,BD2007DHS,FE_FRTR_W_A45,11763070,I,360006,1360060,Region,Khulna,0,,0,1,FEFRTRWA45,BDDHS2007360006,2007,DHS,,,,,1
BGD,Rajshahi/Rangpur,1810682,Age specific fertility rate: 45-49,0,0,BD,Bangladesh,2007,BD2007DHS,FE_FRTR_W_A45,11763070,I,360007,1360070,Region,Rajshahi/Rangpur,0,,0,1,FEFRTRWA45,BDDHS2007360007,2007,DHS,,,,,1
BGD,Barishal,1817088,Total fertility rate 15-49,2.8,1,BD,Bangladesh,2007,BD2007DHS,FE_FRTR_W_TFR,11763080,I,360001,1360010,Region,Barishal,0,,0,1,FEFRTRWTFR,BDDHS2007360001,2007,DHS,,,,,1
BGD,Chattogram/Sylhet,1817099,Total fertility rate 15-49,3.3,1,BD,Bangladesh,2007,BD2007DHS,FE_FRTR_W_TFR,11763080,I,360002,1360020,Region,Chattogram/Sylhet,0,,0,1,FEFRTRWTFR,BDDHS2007360002,2007,DHS,,,,,
BGD,Chattogram,1817080,Total fertility rate 15-49,3.2,1,BD,Bangladesh,2007,BD2007DHS,FE_FRTR_W_TFR,11763080,I,360003,1360030,Region,..Chattogram,0,,0,1,FEFRTRWTFR,BDDHS2007360003,2007,DHS,,,,,1
BGD,Sylhet,7874117,Total fertility rate 15-49,3.7,1,BD,Bangladesh,2007,BD2007DHS,FE_FRTR_W_TFR,11763080,I,360004,1360040,Region,..Sylhet,0,,0,1,FEFRTRWTFR,BDDHS2007360004,2007,DHS,,,,,1
BGD,Dhaka before 2015,1810665,Total fertility rate 15-49,2.8,1,BD,Bangladesh,2007,BD2007DHS,FE_FRTR_W_TFR,11763080,I,360005,1360050,Region,Dhaka before 2015,0,,0,1,FEFRTRWTFR,BDDHS2007360005,2007,DHS,,,,,1
BGD,Khulna,1796767,Total fertility rate 15-49,2,1,BD,Bangladesh,2007,BD2007DHS,FE_FRTR_W_TFR,11763080,I,360006,1360060,Region,Khulna,0,,0,1,FEFRTRWTFR,BDDHS2007360006,2007,DHS,,,,,1
BGD,Rajshahi/Rangpur,1810698,Total fertility rate 15-49,2.4,1,BD,Bangladesh,2007,BD2007DHS,FE_FRTR_W_TFR,11763080,I,360007,1360070,Region,Rajshahi/Rangpur,0,,0,1,FEFRTRWTFR,BDDHS2007360007,2007,DHS,,,,,1
BGD,Barishal,1817072,Total fertility rate 15-44,2.8,1,BD,Bangladesh,2007,BD2007DHS,FE_FRTR_W_TF4,11763090,I,360001,1360010,Region,Barishal,0,,0,1,FEFRTRWTF4,BDDHS2007360001,2007,DHS,,,,,1
BGD,Chattogram/Sylhet,1817095,Total fertility rate 15-44,3.3,1,BD,Bangladesh,2007,BD2007DHS,FE_FRTR_W_TF4,11763090,I,360002,1360020,Region,Chattogram/Sylhet,0,,0,1,FEFRTRWTF4,BDDHS2007360002,2007,DHS,,,,,
BGD,Chattogram,1817081,Total fertility rate 15-44,3.2,1,BD,Bangladesh,2007,BD2007DHS,FE_FRTR_W_TF4,11763090,I,360003,1360030,Region,..Chattogram,0,,0,1,FEFRTRWTF4,BDDHS2007360003,2007,DHS,,,,,1
BGD,Sylhet,7874119,Total fertility rate 15-44,3.7,1,BD,Bangladesh,2007,BD2007DHS,FE_FRTR_W_TF4,11763090,I,360004,1360040,Region,..Sylhet,0,,0,1,FEFRTRWTF4,BDDHS2007360004,2007,DHS,,,,,1
BGD,Dhaka before 2015,1810666,Total fertility rate 15-44,2.7,1,BD,Bangladesh,2007,BD2007DHS,FE_FRTR_W_TF4,11763090,I,360005,1360050,Region,Dhaka before 2015,0,,0,1,FEFRTRWTF4,BDDHS2007360005,2007,DHS,,,,,1
BGD,Khulna,1796769,Total fertility rate 15-44,2,1,BD,Bangladesh,2007,BD2007DHS,FE_FRTR_W_TF4,11763090,I,360006,1360060,Region,Khulna,0,,0,1,FEFRTRWTF4,BDDHS2007360006,2007,DHS,,,,,1
BGD,Rajshahi/Rangpur,1810683,Total fertility rate 15-44,2.4,1,BD,Bangladesh,2007,BD2007DHS,FE_FRTR_W_TF4,11763090,I,360007,1360070,Region,Rajshahi/Rangpur,0,,0,1,FEFRTRWTF4,BDDHS2007360007,2007,DHS,,,,,1
BGD,Barishal,1817066,General fertility rate,109,0,BD,Bangladesh,2007,BD2007DHS,FE_FRTR_W_GFR,11763100,I,360001,1360010,Region,Barishal,0,,0,1,FEFRTRWGFR,BDDHS2007360001,2007,DHS,,,,,1
BGD,Chattogram/Sylhet,1817092,General fertility rate,127,0,BD,Bangladesh,2007,BD2007DHS,FE_FRTR_W_GFR,11763100,I,360002,1360020,Region,Chattogram/Sylhet,0,,0,1,FEFRTRWGFR,BDDHS2007360002,2007,DHS,,,,,
BGD,Chattogram,1817063,General fertility rate,124,0,BD,Bangladesh,2007,BD2007DHS,FE_FRTR_W_GFR,11763100,I,360003,1360030,Region,..Chattogram,0,,0,1,FEFRTRWGFR,BDDHS2007360003,2007,DHS,,,,,1
BGD,Sylhet,7874112,General fertility rate,134,0,BD,Bangladesh,2007,BD2007DHS,FE_FRTR_W_GFR,11763100,I,360004,1360040,Region,..Sylhet,0,,0,1,FEFRTRWGFR,BDDHS2007360004,2007,DHS,,,,,1
BGD,Dhaka before 2015,1810660,General fertility rate,109,0,BD,Bangladesh,2007,BD2007DHS,FE_FRTR_W_GFR,11763100,I,360005,1360050,Region,Dhaka before 2015,0,,0,1,FEFRTRWGFR,BDDHS2007360005,2007,DHS,,,,,1
BGD,Khulna,1796770,General fertility rate,80,0,BD,Bangladesh,2007,BD2007DHS,FE_FRTR_W_GFR,11763100,I,360006,1360060,Region,Khulna,0,,0,1,FEFRTRWGFR,BDDHS2007360006,2007,DHS,,,,,1
BGD,Rajshahi/Rangpur,1810684,General fertility rate,95,0,BD,Bangladesh,2007,BD2007DHS,FE_FRTR_W_GFR,11763100,I,360007,1360070,Region,Rajshahi/Rangpur,0,,0,1,FEFRTRWGFR,BDDHS2007360007,2007,DHS,,,,,1
BGD,Barishal,1817067,Crude birth rate,25.4,1,BD,Bangladesh,2007,BD2007DHS,FE_FRTR_W_CBR,11763110,I,360001,1360010,Region,Barishal,0,,0,1,FEFRTRWCBR,BDDHS2007360001,2007,DHS,,,,,1
BGD,Chattogram/Sylhet,1817093,Crude birth rate,30.6,1,BD,Bangladesh,2007,BD2007DHS,FE_FRTR_W_CBR,11763110,I,360002,1360020,Region,Chattogram/Sylhet,0,,0,1,FEFRTRWCBR,BDDHS2007360002,2007,DHS,,,,,
BGD,Chattogram,1817064,Crude birth rate,30.3,1,BD,Bangladesh,2007,BD2007DHS,FE_FRTR_W_CBR,11763110,I,360003,1360030,Region,..Chattogram,0,,0,1,FEFRTRWCBR,BDDHS2007360003,2007,DHS,,,,,1
BGD,Sylhet,7874113,Crude birth rate,31.3,1,BD,Bangladesh,2007,BD2007DHS,FE_FRTR_W_CBR,11763110,I,360004,1360040,Region,..Sylhet,0,,0,1,FEFRTRWCBR,BDDHS2007360004,2007,DHS,,,,,1
BGD,Dhaka before 2015,1810712,Crude birth rate,26.6,1,BD,Bangladesh,2007,BD2007DHS,FE_FRTR_W_CBR,11763110,I,360005,1360050,Region,Dhaka before 2015,0,,0,1,FEFRTRWCBR,BDDHS2007360005,2007,DHS,,,,,1
BGD,Khulna,1796776,Crude birth rate,19.8,1,BD,Bangladesh,2007,BD2007DHS,FE_FRTR_W_CBR,11763110,I,360006,1360060,Region,Khulna,0,,0,1,FEFRTRWCBR,BDDHS2007360006,2007,DHS,,,,,1
BGD,Rajshahi/Rangpur,1810685,Crude birth rate,23.8,1,BD,Bangladesh,2007,BD2007DHS,FE_FRTR_W_CBR,11763110,I,360007,1360070,Region,Rajshahi/Rangpur,0,,0,1,FEFRTRWCBR,BDDHS2007360007,2007,DHS,,,,,1
BGD,Barishal,1090974,Total wanted fertility rate,1.8,1,BD,Bangladesh,2007,BD2007DHS,PR_WTFR_W_WFR,22333010,I,360001,1360010,Region,Barishal,0,,0,1,PRWTFRWWFR,BDDHS2007360001,2007,DHS,,,,,1
BGD,Chattogram/Sylhet,1090973,Total wanted fertility rate,2.2,1,BD,Bangladesh,2007,BD2007DHS,PR_WTFR_W_WFR,22333010,I,360002,1360020,Region,Chattogram/Sylhet,0,,0,1,PRWTFRWWFR,BDDHS2007360002,2007,DHS,,,,,
BGD,Chattogram,1091044,Total wanted fertility rate,2.1,1,BD,Bangladesh,2007,BD2007DHS,PR_WTFR_W_WFR,22333010,I,360003,1360030,Region,..Chattogram,0,,0,1,PRWTFRWWFR,BDDHS2007360003,2007,DHS,,,,,1
BGD,Sylhet,7874398,Total wanted fertility rate,2.4,1,BD,Bangladesh,2007,BD2007DHS,PR_WTFR_W_WFR,22333010,I,360004,1360040,Region,..Sylhet,0,,0,1,PRWTFRWWFR,BDDHS2007360004,2007,DHS,,,,,1
BGD,Dhaka before 2015,1067956,Total wanted fertility rate,1.9,1,BD,Bangladesh,2007,BD2007DHS,PR_WTFR_W_WFR,22333010,I,360005,1360050,Region,Dhaka before 2015,0,,0,1,PRWTFRWWFR,BDDHS2007360005,2007,DHS,,,,,1
BGD,Khulna,1077659,Total wanted fertility rate,1.5,1,BD,Bangladesh,2007,BD2007DHS,PR_WTFR_W_WFR,22333010,I,360006,1360060,Region,Khulna,0,,0,1,PRWTFRWWFR,BDDHS2007360006,2007,DHS,,,,,1
BGD,Rajshahi/Rangpur,1067967,Total wanted fertility rate,1.7,1,BD,Bangladesh,2007,BD2007DHS,PR_WTFR_W_WFR,22333010,I,360007,1360070,Region,Rajshahi/Rangpur,0,,0,1,PRWTFRWWFR,BDDHS2007360007,2007,DHS,,,,,1
BGD,Barishal,1810807,Age specific fertility rate: 15-19,115,0,BD,Bangladesh,2011,BD2011DHS,FE_FRTR_W_A15,11763010,I,360001,1360010,Region,Barishal,0,,0,1,FEFRTRWA15,BDDHS2011360001,2011,DHS,,,,,1
BGD,Chattogram/Sylhet,1804057,Age specific fertility rate: 15-19,109,0,BD,Bangladesh,2011,BD2011DHS,FE_FRTR_W_A15,11763010,I,360002,1360020,Region,Chattogram/Sylhet,0,,0,1,FEFRTRWA15,BDDHS2011360002,2011,DHS,,,,,
BGD,Chattogram,1804065,Age specific fertility rate: 15-19,116,0,BD,Bangladesh,2011,BD2011DHS,FE_FRTR_W_A15,11763010,I,360003,1360030,Region,..Chattogram,0,,0,1,FEFRTRWA15,BDDHS2011360003,2011,DHS,,,,,1
BGD,Sylhet,1804049,Age specific fertility rate: 15-19,89,0,BD,Bangladesh,2011,BD2011DHS,FE_FRTR_W_A15,11763010,I,360004,1360040,Region,..Sylhet,0,,0,1,FEFRTRWA15,BDDHS2011360004,2011,DHS,,,,,1
BGD,Dhaka before 2015,1817334,Age specific fertility rate: 15-19,117,0,BD,Bangladesh,2011,BD2011DHS,FE_FRTR_W_A15,11763010,I,360005,1360050,Region,Dhaka before 2015,0,,0,1,FEFRTRWA15,BDDHS2011360005,2011,DHS,,,,,1
BGD,Khulna,7210651,Age specific fertility rate: 15-19,116,0,BD,Bangladesh,2011,BD2011DHS,FE_FRTR_W_A15,11763010,I,360006,1360060,Region,Khulna,0,,0,1,FEFRTRWA15,BDDHS2011360006,2011,DHS,,,,,1
BGD,Rajshahi/Rangpur,4060136,Age specific fertility rate: 15-19,133,0,BD,Bangladesh,2011,BD2011DHS,FE_FRTR_W_A15,11763010,I,360007,1360070,Region,Rajshahi/Rangpur,0,,0,1,FEFRTRWA15,BDDHS2011360007,2011,DHS,,,,,
BGD,Rangpur,1796891,Age specific fertility rate: 15-19,143,0,BD,Bangladesh,2011,BD2011DHS,FE_FRTR_W_A15,11763010,I,360008,1360080,Region,..Rangpur,0,,0,1,FEFRTRWA15,BDDHS2011360008,2011,DHS,,,,,1
BGD,Rajshahi,1796967,Age specific fertility rate: 15-19,125,0,BD,Bangladesh,2011,BD2011DHS,FE_FRTR_W_A15,11763010,I,360009,1360090,Region,..Rajshahi,0,,0,1,FEFRTRWA15,BDDHS2011360009,2011,DHS,,,,,1
BGD,Barishal,1810802,Age specific fertility rate: 20-24,155,0,BD,Bangladesh,2011,BD2011DHS,FE_FRTR_W_A20,11763020,I,360001,1360010,Region,Barishal,0,,0,1,FEFRTRWA20,BDDHS2011360001,2011,DHS,,,,,1
BGD,Chattogram/Sylhet,1804076,Age specific fertility rate: 20-24,189,0,BD,Bangladesh,2011,BD2011DHS,FE_FRTR_W_A20,11763020,I,360002,1360020,Region,Chattogram/Sylhet,0,,0,1,FEFRTRWA20,BDDHS2011360002,2011,DHS,,,,,
BGD,Chattogram,1804069,Age specific fertility rate: 20-24,191,0,BD,Bangladesh,2011,BD2011DHS,FE_FRTR_W_A20,11763020,I,360003,1360030,Region,..Chattogram,0,,0,1,FEFRTRWA20,BDDHS2011360003,2011,DHS,,,,,1
BGD,Sylhet,1804043,Age specific fertility rate: 20-24,185,0,BD,Bangladesh,2011,BD2011DHS,FE_FRTR_W_A20,11763020,I,360004,1360040,Region,..Sylhet,0,,0,1,FEFRTRWA20,BDDHS2011360004,2011,DHS,,,,,1
BGD,Dhaka before 2015,1817353,Age specific fertility rate: 20-24,148,0,BD,Bangladesh,2011,BD2011DHS,FE_FRTR_W_A20,11763020,I,360005,1360050,Region,Dhaka before 2015,0,,0,1,FEFRTRWA20,BDDHS2011360005,2011,DHS,,,,,1
BGD,Khulna,7210647,Age specific fertility rate: 20-24,126,0,BD,Bangladesh,2011,BD2011DHS,FE_FRTR_W_A20,11763020,I,360006,1360060,Region,Khulna,0,,0,1,FEFRTRWA20,BDDHS2011360006,2011,DHS,,,,,1
BGD,Rajshahi/Rangpur,4060141,Age specific fertility rate: 20-24,131,0,BD,Bangladesh,2011,BD2011DHS,FE_FRTR_W_A20,11763020,I,360007,1360070,Region,Rajshahi/Rangpur,0,,0,1,FEFRTRWA20,BDDHS2011360007,2011,DHS,,,,,
BGD,Rangpur,1796884,Age specific fertility rate: 20-24,128,0,BD,Bangladesh,2011,BD2011DHS,FE_FRTR_W_A20,11763020,I,360008,1360080,Region,..Rangpur,0,,0,1,FEFRTRWA20,BDDHS2011360008,2011,DHS,,,,,1
BGD,Rajshahi,1796940,Age specific fertility rate: 20-24,134,0,BD,Bangladesh,2011,BD2011DHS,FE_FRTR_W_A20,11763020,I,360009,1360090,Region,..Rajshahi,0,,0,1,FEFRTRWA20,BDDHS2011360009,2011,DHS,,,,,1
BGD,Barishal,1810803,Age specific fertility rate: 25-29,105,0,BD,Bangladesh,2011,BD2011DHS,FE_FRTR_W_A25,11763030,I,360001,1360010,Region,Barishal,0,,0,1,FEFRTRWA25,BDDHS2011360001,2011,DHS,,,,,1
BGD,Chattogram/Sylhet,1804077,Age specific fertility rate: 25-29,144,0,BD,Bangladesh,2011,BD2011DHS,FE_FRTR_W_A25,11763030,I,360002,1360020,Region,Chattogram/Sylhet,0,,0,1,FEFRTRWA25,BDDHS2011360002,2011,DHS,,,,,
BGD,Chattogram,1804070,Age specific fertility rate: 25-29,139,0,BD,Bangladesh,2011,BD2011DHS,FE_FRTR_W_A25,11763030,I,360003,1360030,Region,..Chattogram,0,,0,1,FEFRTRWA25,BDDHS2011360003,2011,DHS,,,,,1
BGD,Sylhet,1804045,Age specific fertility rate: 25-29,159,0,BD,Bangladesh,2011,BD2011DHS,FE_FRTR_W_A25,11763030,I,360004,1360040,Region,..Sylhet,0,,0,1,FEFRTRWA25,BDDHS2011360004,2011,DHS,,,,,1
BGD,Dhaka before 2015,1817354,Age specific fertility rate: 25-29,100,0,BD,Bangladesh,2011,BD2011DHS,FE_FRTR_W_A25,11763030,I,360005,1360050,Region,Dhaka before 2015,0,,0,1,FEFRTRWA25,BDDHS2011360005,2011,DHS,,,,,1
BGD,Khulna,7210648,Age specific fertility rate: 25-29,89,0,BD,Bangladesh,2011,BD2011DHS,FE_FRTR_W_A25,11763030,I,360006,1360060,Region,Khulna,0,,0,1,FEFRTRWA25,BDDHS2011360006,2011,DHS,,,,,1
BGD,Rajshahi/Rangpur,4060142,Age specific fertility rate: 25-29,91,0,BD,Bangladesh,2011,BD2011DHS,FE_FRTR_W_A25,11763030,I,360007,1360070,Region,Rajshahi/Rangpur,0,,0,1,FEFRTRWA25,BDDHS2011360007,2011,DHS,,,,,
BGD,Rangpur,1796885,Age specific fertility rate: 25-29,87,0,BD,Bangladesh,2011,BD2011DHS,FE_FRTR_W_A25,11763030,I,360008,1360080,Region,..Rangpur,0,,0,1,FEFRTRWA25,BDDHS2011360008,2011,DHS,,,,,1
BGD,Rajshahi,1796941,Age specific fertility rate: 25-29,94,0,BD,Bangladesh,2011,BD2011DHS,FE_FRTR_W_A25,11763030,I,360009,1360090,Region,..Rajshahi,0,,0,1,FEFRTRWA25,BDDHS2011360009,2011,DHS,,,,,1
BGD,Barishal,1810804,Age specific fertility rate: 30-34,64,0,BD,Bangladesh,2011,BD2011DHS,FE_FRTR_W_A30,11763040,I,360001,1360010,Region,Barishal,0,,0,1,FEFRTRWA30,BDDHS2011360001,2011,DHS,,,,,1
BGD,Chattogram/Sylhet,1804078,Age specific fertility rate: 30-34,81,0,BD,Bangladesh,2011,BD2011DHS,FE_FRTR_W_A30,11763040,I,360002,1360020,Region,Chattogram/Sylhet,0,,0,1,FEFRTRWA30,BDDHS2011360002,2011,DHS,,,,,
BGD,Chattogram,1804071,Age specific fertility rate: 30-34,70,0,BD,Bangladesh,2011,BD2011DHS,FE_FRTR_W_A30,11763040,I,360003,1360030,Region,..Chattogram,0,,0,1,FEFRTRWA30,BDDHS2011360003,2011,DHS,,,,,1
BGD,Sylhet,1804046,Age specific fertility rate: 30-34,113,0,BD,Bangladesh,2011,BD2011DHS,FE_FRTR_W_A30,11763040,I,360004,1360040,Region,..Sylhet,0,,0,1,FEFRTRWA30,BDDHS2011360004,2011,DHS,,,,,1
BGD,Dhaka before 2015,1817355,Age specific fertility rate: 30-34,53,0,BD,Bangladesh,2011,BD2011DHS,FE_FRTR_W_A30,11763040,I,360005,1360050,Region,Dhaka before 2015,0,,0,1,FEFRTRWA30,BDDHS2011360005,2011,DHS,,,,,1
BGD,Khulna,7210649,Age specific fertility rate: 30-34,32,0,BD,Bangladesh,2011,BD2011DHS,FE_FRTR_W_A30,11763040,I,360006,1360060,Region,Khulna,0,,0,1,FEFRTRWA30,BDDHS2011360006,2011,DHS,,,,,1
BGD,Rajshahi/Rangpur,4060143,Age specific fertility rate: 30-34,47,0,BD,Bangladesh,2011,BD2011DHS,FE_FRTR_W_A30,11763040,I,360007,1360070,Region,Rajshahi/Rangpur,0,,0,1,FEFRTRWA30,BDDHS2011360007,2011,DHS,,,,,
BGD,Rangpur,1796886,Age specific fertility rate: 30-34,39,0,BD,Bangladesh,2011,BD2011DHS,FE_FRTR_W_A30,11763040,I,360008,1360080,Region,..Rangpur,0,,0,1,FEFRTRWA30,BDDHS2011360008,2011,DHS,,,,,1
BGD,Rajshahi,1796942,Age specific fertility rate: 30-34,53,0,BD,Bangladesh,2011,BD2011DHS,FE_FRTR_W_A30,11763040,I,360009,1360090,Region,..Rajshahi,0,,0,1,FEFRTRWA30,BDDHS2011360009,2011,DHS,,,,,1
BGD,Barishal,1810805,Age specific fertility rate: 35-39,18,0,BD,Bangladesh,2011,BD2011DHS,FE_FRTR_W_A35,11763050,I,360001,1360010,Region,Barishal,0,,0,1,FEFRTRWA35,BDDHS2011360001,2011,DHS,,,,,1
BGD,Chattogram/Sylhet,1804079,Age specific fertility rate: 35-39,40,0,BD,Bangladesh,2011,BD2011DHS,FE_FRTR_W_A35,11763050,I,360002,1360020,Region,Chattogram/Sylhet,0,,0,1,FEFRTRWA35,BDDHS2011360002,2011,DHS,,,,,
BGD,Chattogram,1804086,Age specific fertility rate: 35-39,33,0,BD,Bangladesh,2011,BD2011DHS,FE_FRTR_W_A35,11763050,I,360003,1360030,Region,..Chattogram,0,,0,1,FEFRTRWA35,BDDHS2011360003,2011,DHS,,,,,1
BGD,Sylhet,1804047,Age specific fertility rate: 35-39,61,0,BD,Bangladesh,2011,BD2011DHS,FE_FRTR_W_A35,11763050,I,360004,1360040,Region,..Sylhet,0,,0,1,FEFRTRWA35,BDDHS2011360004,2011,DHS,,,,,1
BGD,Dhaka before 2015,1817356,Age specific fertility rate: 35-39,17,0,BD,Bangladesh,2011,BD2011DHS,FE_FRTR_W_A35,11763050,I,360005,1360050,Region,Dhaka before 2015,0,,0,1,FEFRTRWA35,BDDHS2011360005,2011,DHS,,,,,1
BGD,Khulna,7210666,Age specific fertility rate: 35-39,11,0,BD,Bangladesh,2011,BD2011DHS,FE_FRTR_W_A35,11763050,I,360006,1360060,Region,Khulna,0,,0,1,FEFRTRWA35,BDDHS2011360006,2011,DHS,,,,,1
BGD,Rajshahi/Rangpur,4060144,Age specific fertility rate: 35-39,16,0,BD,Bangladesh,2011,BD2011DHS,FE_FRTR_W_A35,11763050,I,360007,1360070,Region,Rajshahi/Rangpur,0,,0,1,FEFRTRWA35,BDDHS2011360007,2011,DHS,,,,,
BGD,Rangpur,1796887,Age specific fertility rate: 35-39,18,0,BD,Bangladesh,2011,BD2011DHS,FE_FRTR_W_A35,11763050,I,360008,1360080,Region,..Rangpur,0,,0,1,FEFRTRWA35,BDDHS2011360008,2011,DHS,,,,,1
BGD,Rajshahi,1796943,Age specific fertility rate: 35-39,15,0,BD,Bangladesh,2011,BD2011DHS,FE_FRTR_W_A35,11763050,I,360009,1360090,Region,..Rajshahi,0,,0,1,FEFRTRWA35,BDDHS2011360009,2011,DHS,,,,,1
BGD,Barishal,1810808,Age specific fertility rate: 40-44,5,0,BD,Bangladesh,2011,BD2011DHS,FE_FRTR_W_A40,11763060,I,360001,1360010,Region,Barishal,0,,0,1,FEFRTRWA40,BDDHS2011360001,2011,DHS,,,,,1
BGD,Chattogram/Sylhet,1804058,Age specific fertility rate: 40-44,8,0,BD,Bangladesh,2011,BD2011DHS,FE_FRTR_W_A40,11763060,I,360002,1360020,Region,Chattogram/Sylhet,0,,0,1,FEFRTRWA40,BDDHS2011360002,2011,DHS,,,,,
BGD,Chattogram,1804068,Age specific fertility rate: 40-44,9,0,BD,Bangladesh,2011,BD2011DHS,FE_FRTR_W_A40,11763060,I,360003,1360030,Region,..Chattogram,0,,0,1,FEFRTRWA40,BDDHS2011360003,2011,DHS,,,,,1
BGD,Sylhet,1804050,Age specific fertility rate: 40-44,7,0,BD,Bangladesh,2011,BD2011DHS,FE_FRTR_W_A40,11763060,I,360004,1360040,Region,..Sylhet,0,,0,1,FEFRTRWA40,BDDHS2011360004,2011,DHS,,,,,1
BGD,Dhaka before 2015,1817335,Age specific fertility rate: 40-44,6,0,BD,Bangladesh,2011,BD2011DHS,FE_FRTR_W_A40,11763060,I,360005,1360050,Region,Dhaka before 2015,0,,0,1,FEFRTRWA40,BDDHS2011360005,2011,DHS,,,,,1
BGD,Khulna,7210662,Age specific fertility rate: 40-44,4,0,BD,Bangladesh,2011,BD2011DHS,FE_FRTR_W_A40,11763060,I,360006,1360060,Region,Khulna,0,,0,1,FEFRTRWA40,BDDHS2011360006,2011,DHS,,,,,1
BGD,Rajshahi/Rangpur,4060137,Age specific fertility rate: 40-44,4,0,BD,Bangladesh,2011,BD2011DHS,FE_FRTR_W_A40,11763060,I,360007,1360070,Region,Rajshahi/Rangpur,0,,0,1,FEFRTRWA40,BDDHS2011360007,2011,DHS,,,,,
BGD,Rangpur,1796892,Age specific fertility rate: 40-44,5,0,BD,Bangladesh,2011,BD2011DHS,FE_FRTR_W_A40,11763060,I,360008,1360080,Region,..Rangpur,0,,0,1,FEFRTRWA40,BDDHS2011360008,2011,DHS,,,,,1
BGD,Rajshahi,1796968,Age specific fertility rate: 40-44,3,0,BD,Bangladesh,2011,BD2011DHS,FE_FRTR_W_A40,11763060,I,360009,1360090,Region,..Rajshahi,0,,0,1,FEFRTRWA40,BDDHS2011360009,2011,DHS,,,,,1
BGD,Barishal,1810800,Age specific fertility rate: 45-49,0,0,BD,Bangladesh,2011,BD2011DHS,FE_FRTR_W_A45,11763070,I,360001,1360010,Region,Barishal,0,,0,1,FEFRTRWA45,BDDHS2011360001,2011,DHS,,,,,1
BGD,Chattogram/Sylhet,1804060,Age specific fertility rate: 45-49,6,0,BD,Bangladesh,2011,BD2011DHS,FE_FRTR_W_A45,11763070,I,360002,1360020,Region,Chattogram/Sylhet,0,,0,1,FEFRTRWA45,BDDHS2011360002,2011,DHS,,,,,
BGD,Chattogram,1804066,Age specific fertility rate: 45-49,8,0,BD,Bangladesh,2011,BD2011DHS,FE_FRTR_W_A45,11763070,I,360003,1360030,Region,..Chattogram,0,,0,1,FEFRTRWA45,BDDHS2011360003,2011,DHS,,,,,1
BGD,Sylhet,1804048,Age specific fertility rate: 45-49,0,0,BD,Bangladesh,2011,BD2011DHS,FE_FRTR_W_A45,11763070,I,360004,1360040,Region,..Sylhet,0,,0,1,FEFRTRWA45,BDDHS2011360004,2011,DHS,,,,,1
BGD,Dhaka before 2015,1817351,Age specific fertility rate: 45-49,5,0,BD,Bangladesh,2011,BD2011DHS,FE_FRTR_W_A45,11763070,I,360005,1360050,Region,Dhaka before 2015,0,,0,1,FEFRTRWA45,BDDHS2011360005,2011,DHS,,,,,1
BGD,Khulna,7210664,Age specific fertility rate: 45-49,0,0,BD,Bangladesh,2011,BD2011DHS,FE_FRTR_W_A45,11763070,I,360006,1360060,Region,Khulna,0,,0,1,FEFRTRWA45,BDDHS2011360006,2011,DHS,,,,,1
BGD,Rajshahi/Rangpur,4060139,Age specific fertility rate: 45-49,0,0,BD,Bangladesh,2011,BD2011DHS,FE_FRTR_W_A45,11763070,I,360007,1360070,Region,Rajshahi/Rangpur,0,,0,1,FEFRTRWA45,BDDHS2011360007,2011,DHS,,,,,
BGD,Rangpur,1796888,Age specific fertility rate: 45-49,0,0,BD,Bangladesh,2011,BD2011DHS,FE_FRTR_W_A45,11763070,I,360008,1360080,Region,..Rangpur,0,,0,1,FEFRTRWA45,BDDHS2011360008,2011,DHS,,,,,1
BGD,Rajshahi,1796944,Age specific fertility rate: 45-49,0,0,BD,Bangladesh,2011,BD2011DHS,FE_FRTR_W_A45,11763070,I,360009,1360090,Region,..Rajshahi,0,,0,1,FEFRTRWA45,BDDHS2011360009,2011,DHS,,,,,1
BGD,Barishal,1810809,Total fertility rate 15-49,2.3,1,BD,Bangladesh,2011,BD2011DHS,FE_FRTR_W_TFR,11763080,I,360001,1360010,Region,Barishal,0,,0,1,FEFRTRWTFR,BDDHS2011360001,2011,DHS,,,,,1
BGD,Chattogram/Sylhet,1804059,Total fertility rate 15-49,2.9,1,BD,Bangladesh,2011,BD2011DHS,FE_FRTR_W_TFR,11763080,I,360002,1360020,Region,Chattogram/Sylhet,0,,0,1,FEFRTRWTFR,BDDHS2011360002,2011,DHS,,,,,
BGD,Chattogram,1804087,Total fertility rate 15-49,2.8,1,BD,Bangladesh,2011,BD2011DHS,FE_FRTR_W_TFR,11763080,I,360003,1360030,Region,..Chattogram,0,,0,1,FEFRTRWTFR,BDDHS2011360003,2011,DHS,,,,,1
BGD,Sylhet,1804051,Total fertility rate 15-49,3.1,1,BD,Bangladesh,2011,BD2011DHS,FE_FRTR_W_TFR,11763080,I,360004,1360040,Region,..Sylhet,0,,0,1,FEFRTRWTFR,BDDHS2011360004,2011,DHS,,,,,1
BGD,Dhaka before 2015,1817350,Total fertility rate 15-49,2.2,1,BD,Bangladesh,2011,BD2011DHS,FE_FRTR_W_TFR,11763080,I,360005,1360050,Region,Dhaka before 2015,0,,0,1,FEFRTRWTFR,BDDHS2011360005,2011,DHS,,,,,1
BGD,Khulna,7210663,Total fertility rate 15-49,1.9,1,BD,Bangladesh,2011,BD2011DHS,FE_FRTR_W_TFR,11763080,I,360006,1360060,Region,Khulna,0,,0,1,FEFRTRWTFR,BDDHS2011360006,2011,DHS,,,,,1
BGD,Rajshahi/Rangpur,4060138,Total fertility rate 15-49,2.1,1,BD,Bangladesh,2011,BD2011DHS,FE_FRTR_W_TFR,11763080,I,360007,1360070,Region,Rajshahi/Rangpur,0,,0,1,FEFRTRWTFR,BDDHS2011360007,2011,DHS,,,,,
BGD,Rangpur,1796893,Total fertility rate 15-49,2.1,1,BD,Bangladesh,2011,BD2011DHS,FE_FRTR_W_TFR,11763080,I,360008,1360080,Region,..Rangpur,0,,0,1,FEFRTRWTFR,BDDHS2011360008,2011,DHS,,,,,1
BGD,Rajshahi,1796969,Total fertility rate 15-49,2.1,1,BD,Bangladesh,2011,BD2011DHS,FE_FRTR_W_TFR,11763080,I,360009,1360090,Region,..Rajshahi,0,,0,1,FEFRTRWTFR,BDDHS2011360009,2011,DHS,,,,,1
BGD,Barishal,1810801,Total fertility rate 15-44,2.3,1,BD,Bangladesh,2011,BD2011DHS,FE_FRTR_W_TF4,11763090,I,360001,1360010,Region,Barishal,0,,0,1,FEFRTRWTF4,BDDHS2011360001,2011,DHS,,,,,1
BGD,Chattogram/Sylhet,1804061,Total fertility rate 15-44,2.9,1,BD,Bangladesh,2011,BD2011DHS,FE_FRTR_W_TF4,11763090,I,360002,1360020,Region,Chattogram/Sylhet,0,,0,1,FEFRTRWTF4,BDDHS2011360002,2011,DHS,,,,,
BGD,Chattogram,1804067,Total fertility rate 15-44,2.8,1,BD,Bangladesh,2011,BD2011DHS,FE_FRTR_W_TF4,11763090,I,360003,1360030,Region,..Chattogram,0,,0,1,FEFRTRWTF4,BDDHS2011360003,2011,DHS,,,,,1
BGD,Sylhet,1804081,Total fertility rate 15-44,3.1,1,BD,Bangladesh,2011,BD2011DHS,FE_FRTR_W_TF4,11763090,I,360004,1360040,Region,..Sylhet,0,,0,1,FEFRTRWTF4,BDDHS2011360004,2011,DHS,,,,,1
BGD,Dhaka before 2015,1817352,Total fertility rate 15-44,2.2,1,BD,Bangladesh,2011,BD2011DHS,FE_FRTR_W_TF4,11763090,I,360005,1360050,Region,Dhaka before 2015,0,,0,1,FEFRTRWTF4,BDDHS2011360005,2011,DHS,,,,,1
BGD,Khulna,7210665,Total fertility rate 15-44,1.9,1,BD,Bangladesh,2011,BD2011DHS,FE_FRTR_W_TF4,11763090,I,360006,1360060,Region,Khulna,0,,0,1,FEFRTRWTF4,BDDHS2011360006,2011,DHS,,,,,1
BGD,Rajshahi/Rangpur,4060140,Total fertility rate 15-44,2.1,1,BD,Bangladesh,2011,BD2011DHS,FE_FRTR_W_TF4,11763090,I,360007,1360070,Region,Rajshahi/Rangpur,0,,0,1,FEFRTRWTF4,BDDHS2011360007,2011,DHS,,,,,
BGD,Rangpur,1796889,Total fertility rate 15-44,2.1,1,BD,Bangladesh,2011,BD2011DHS,FE_FRTR_W_TF4,11763090,I,360008,1360080,Region,..Rangpur,0,,0,1,FEFRTRWTF4,BDDHS2011360008,2011,DHS,,,,,1
BGD,Rajshahi,1796945,Total fertility rate 15-44,2.1,1,BD,Bangladesh,2011,BD2011DHS,FE_FRTR_W_TF4,11763090,I,360009,1360090,Region,..Rajshahi,0,,0,1,FEFRTRWTF4,BDDHS2011360009,2011,DHS,,,,,1
BGD,Barishal,1810810,General fertility rate,91,0,BD,Bangladesh,2011,BD2011DHS,FE_FRTR_W_GFR,11763100,I,360001,1360010,Region,Barishal,0,,0,1,FEFRTRWGFR,BDDHS2011360001,2011,DHS,,,,,1
BGD,Chattogram/Sylhet,1804074,General fertility rate,114,0,BD,Bangladesh,2011,BD2011DHS,FE_FRTR_W_GFR,11763100,I,360002,1360020,Region,Chattogram/Sylhet,0,,0,1,FEFRTRWGFR,BDDHS2011360002,2011,DHS,,,,,
BGD,Chattogram,1804072,General fertility rate,113,0,BD,Bangladesh,2011,BD2011DHS,FE_FRTR_W_GFR,11763100,I,360003,1360030,Region,..Chattogram,0,,0,1,FEFRTRWGFR,BDDHS2011360003,2011,DHS,,,,,1
BGD,Sylhet,1804080,General fertility rate,115,0,BD,Bangladesh,2011,BD2011DHS,FE_FRTR_W_GFR,11763100,I,360004,1360040,Region,..Sylhet,0,,0,1,FEFRTRWGFR,BDDHS2011360004,2011,DHS,,,,,1
BGD,Dhaka before 2015,1817332,General fertility rate,88,0,BD,Bangladesh,2011,BD2011DHS,FE_FRTR_W_GFR,11763100,I,360005,1360050,Region,Dhaka before 2015,0,,0,1,FEFRTRWGFR,BDDHS2011360005,2011,DHS,,,,,1
BGD,Khulna,7210652,General fertility rate,74,0,BD,Bangladesh,2011,BD2011DHS,FE_FRTR_W_GFR,11763100,I,360006,1360060,Region,Khulna,0,,0,1,FEFRTRWGFR,BDDHS2011360006,2011,DHS,,,,,1
BGD,Rajshahi/Rangpur,4060133,General fertility rate,84,0,BD,Bangladesh,2011,BD2011DHS,FE_FRTR_W_GFR,11763100,I,360007,1360070,Region,Rajshahi/Rangpur,0,,0,1,FEFRTRWGFR,BDDHS2011360007,2011,DHS,,,,,
BGD,Rangpur,1796952,General fertility rate,86,0,BD,Bangladesh,2011,BD2011DHS,FE_FRTR_W_GFR,11763100,I,360008,1360080,Region,..Rangpur,0,,0,1,FEFRTRWGFR,BDDHS2011360008,2011,DHS,,,,,1
BGD,Rajshahi,1796946,General fertility rate,83,0,BD,Bangladesh,2011,BD2011DHS,FE_FRTR_W_GFR,11763100,I,360009,1360090,Region,..Rajshahi,0,,0,1,FEFRTRWGFR,BDDHS2011360009,2011,DHS,,,,,1
BGD,Barishal,1810811,Crude birth rate,21.9,1,BD,Bangladesh,2011,BD2011DHS,FE_FRTR_W_CBR,11763110,I,360001,1360010,Region,Barishal,0,,0,1,FEFRTRWCBR,BDDHS2011360001,2011,DHS,,,,,1
BGD,Chattogram/Sylhet,1804075,Crude birth rate,27.5,1,BD,Bangladesh,2011,BD2011DHS,FE_FRTR_W_CBR,11763110,I,360002,1360020,Region,Chattogram/Sylhet,0,,0,1,FEFRTRWCBR,BDDHS2011360002,2011,DHS,,,,,
BGD,Chattogram,1804073,Crude birth rate,27.8,1,BD,Bangladesh,2011,BD2011DHS,FE_FRTR_W_CBR,11763110,I,360003,1360030,Region,..Chattogram,0,,0,1,FEFRTRWCBR,BDDHS2011360003,2011,DHS,,,,,1
BGD,Sylhet,1804082,Crude birth rate,26.8,1,BD,Bangladesh,2011,BD2011DHS,FE_FRTR_W_CBR,11763110,I,360004,1360040,Region,..Sylhet,0,,0,1,FEFRTRWCBR,BDDHS2011360004,2011,DHS,,,,,1
BGD,Dhaka before 2015,1817333,Crude birth rate,22,1,BD,Bangladesh,2011,BD2011DHS,FE_FRTR_W_CBR,11763110,I,360005,1360050,Region,Dhaka before 2015,0,,0,1,FEFRTRWCBR,BDDHS2011360005,2011,DHS,,,,,1
BGD,Khulna,7210653,Crude birth rate,18.8,1,BD,Bangladesh,2011,BD2011DHS,FE_FRTR_W_CBR,11763110,I,360006,1360060,Region,Khulna,0,,0,1,FEFRTRWCBR,BDDHS2011360006,2011,DHS,,,,,1
BGD,Rajshahi/Rangpur,4060134,Crude birth rate,20.3,1,BD,Bangladesh,2011,BD2011DHS,FE_FRTR_W_CBR,11763110,I,360007,1360070,Region,Rajshahi/Rangpur,0,,0,1,FEFRTRWCBR,BDDHS2011360007,2011,DHS,,,,,
BGD,Rangpur,1796953,Crude birth rate,20.3,1,BD,Bangladesh,2011,BD2011DHS,FE_FRTR_W_CBR,11763110,I,360008,1360080,Region,..Rangpur,0,,0,1,FEFRTRWCBR,BDDHS2011360008,2011,DHS,,,,,1
BGD,Rajshahi,1796947,Crude birth rate,20.4,1,BD,Bangladesh,2011,BD2011DHS,FE_FRTR_W_CBR,11763110,I,360009,1360090,Region,..Rajshahi,0,,0,1,FEFRTRWCBR,BDDHS2011360009,2011,DHS,,,,,1
BGD,Barishal,1068024,Total wanted fertility rate,1.6,1,BD,Bangladesh,2011,BD2011DHS,PR_WTFR_W_WFR,22333010,I,360001,1360010,Region,Barishal,0,,0,1,PRWTFRWWFR,BDDHS2011360001,2011,DHS,,,,,1
BGD,Chattogram/Sylhet,1083974,Total wanted fertility rate,1.8,1,BD,Bangladesh,2011,BD2011DHS,PR_WTFR_W_WFR,22333010,I,360002,1360020,Region,Chattogram/Sylhet,0,,0,1,PRWTFRWWFR,BDDHS2011360002,2011,DHS,,,,,
BGD,Chattogram,1083970,Total wanted fertility rate,1.8,1,BD,Bangladesh,2011,BD2011DHS,PR_WTFR_W_WFR,22333010,I,360003,1360030,Region,..Chattogram,0,,0,1,PRWTFRWWFR,BDDHS2011360003,2011,DHS,,,,,1
BGD,Sylhet,1083989,Total wanted fertility rate,1.9,1,BD,Bangladesh,2011,BD2011DHS,PR_WTFR_W_WFR,22333010,I,360004,1360040,Region,..Sylhet,0,,0,1,PRWTFRWWFR,BDDHS2011360004,2011,DHS,,,,,1
BGD,Dhaka before 2015,1091106,Total wanted fertility rate,1.6,1,BD,Bangladesh,2011,BD2011DHS,PR_WTFR_W_WFR,22333010,I,360005,1360050,Region,Dhaka before 2015,0,,0,1,PRWTFRWWFR,BDDHS2011360005,2011,DHS,,,,,1
BGD,Khulna,7210320,Total wanted fertility rate,1.5,1,BD,Bangladesh,2011,BD2011DHS,PR_WTFR_W_WFR,22333010,I,360006,1360060,Region,Khulna,0,,0,1,PRWTFRWWFR,BDDHS2011360006,2011,DHS,,,,,1
BGD,Rajshahi/Rangpur,4058450,Total wanted fertility rate,1.5,1,BD,Bangladesh,2011,BD2011DHS,PR_WTFR_W_WFR,22333010,I,360007,1360070,Region,Rajshahi/Rangpur,0,,0,1,PRWTFRWWFR,BDDHS2011360007,2011,DHS,,,,,
BGD,Rangpur,1077673,Total wanted fertility rate,1.5,1,BD,Bangladesh,2011,BD2011DHS,PR_WTFR_W_WFR,22333010,I,360008,1360080,Region,..Rangpur,0,,0,1,PRWTFRWWFR,BDDHS2011360008,2011,DHS,,,,,1
BGD,Rajshahi,1077728,Total wanted fertility rate,1.6,1,BD,Bangladesh,2011,BD2011DHS,PR_WTFR_W_WFR,22333010,I,360009,1360090,Region,..Rajshahi,0,,0,1,PRWTFRWWFR,BDDHS2011360009,2011,DHS,,,,,1
BGD,Barishal,1804400,Age specific fertility rate: 15-19,100,0,BD,Bangladesh,2014,BD2014DHS,FE_FRTR_W_A15,11763010,I,360001,1360010,Region,Barishal,0,,0,1,FEFRTRWA15,BDDHS2014360001,2014,DHS,,,,,1
BGD,Chattogram/Sylhet,1811219,Age specific fertility rate: 15-19,110,0,BD,Bangladesh,2014,BD2014DHS,FE_FRTR_W_A15,11763010,I,360002,1360020,Region,Chattogram/Sylhet,0,,0,1,FEFRTRWA15,BDDHS2014360002,2014,DHS,,,,,
BGD,Chattogram,1804403,Age specific fertility rate: 15-19,117,0,BD,Bangladesh,2014,BD2014DHS,FE_FRTR_W_A15,11763010,I,360003,1360030,Region,..Chattogram,0,,0,1,FEFRTRWA15,BDDHS2014360003,2014,DHS,,,,,1
BGD,Sylhet,1797259,Age specific fertility rate: 15-19,93,0,BD,Bangladesh,2014,BD2014DHS,FE_FRTR_W_A15,11763010,I,360004,1360040,Region,..Sylhet,0,,0,1,FEFRTRWA15,BDDHS2014360004,2014,DHS,,,,,1
BGD,Dhaka before 2015,1811137,Age specific fertility rate: 15-19,113,0,BD,Bangladesh,2014,BD2014DHS,FE_FRTR_W_A15,11763010,I,360005,1360050,Region,Dhaka before 2015,0,,0,1,FEFRTRWA15,BDDHS2014360005,2014,DHS,,,,,1
BGD,Khulna,1804372,Age specific fertility rate: 15-19,118,0,BD,Bangladesh,2014,BD2014DHS,FE_FRTR_W_A15,11763010,I,360006,1360060,Region,Khulna,0,,0,1,FEFRTRWA15,BDDHS2014360006,2014,DHS,,,,,1
BGD,Rajshahi/Rangpur,1811156,Age specific fertility rate: 15-19,122,0,BD,Bangladesh,2014,BD2014DHS,FE_FRTR_W_A15,11763010,I,360007,1360070,Region,Rajshahi/Rangpur,0,,0,1,FEFRTRWA15,BDDHS2014360007,2014,DHS,,,,,
BGD,Rangpur,1817739,Age specific fertility rate: 15-19,118,0,BD,Bangladesh,2014,BD2014DHS,FE_FRTR_W_A15,11763010,I,360008,1360080,Region,..Rangpur,0,,0,1,FEFRTRWA15,BDDHS2014360008,2014,DHS,,,,,1
BGD,Rajshahi,1817747,Age specific fertility rate: 15-19,127,0,BD,Bangladesh,2014,BD2014DHS,FE_FRTR_W_A15,11763010,I,360009,1360090,Region,..Rajshahi,0,,0,1,FEFRTRWA15,BDDHS2014360009,2014,DHS,,,,,1
BGD,Barishal,1804385,Age specific fertility rate: 20-24,151,0,BD,Bangladesh,2014,BD2014DHS,FE_FRTR_W_A20,11763020,I,360001,1360010,Region,Barishal,0,,0,1,FEFRTRWA20,BDDHS2014360001,2014,DHS,,,,,1
BGD,Chattogram/Sylhet,1811141,Age specific fertility rate: 20-24,170,0,BD,Bangladesh,2014,BD2014DHS,FE_FRTR_W_A20,11763020,I,360002,1360020,Region,Chattogram/Sylhet,0,,0,1,FEFRTRWA20,BDDHS2014360002,2014,DHS,,,,,
BGD,Chattogram,1804382,Age specific fertility rate: 20-24,167,0,BD,Bangladesh,2014,BD2014DHS,FE_FRTR_W_A20,11763020,I,360003,1360030,Region,..Chattogram,0,,0,1,FEFRTRWA20,BDDHS2014360003,2014,DHS,,,,,1
BGD,Sylhet,1797254,Age specific fertility rate: 20-24,176,0,BD,Bangladesh,2014,BD2014DHS,FE_FRTR_W_A20,11763020,I,360004,1360040,Region,..Sylhet,0,,0,1,FEFRTRWA20,BDDHS2014360004,2014,DHS,,,,,1
BGD,Dhaka before 2015,1811132,Age specific fertility rate: 20-24,129,0,BD,Bangladesh,2014,BD2014DHS,FE_FRTR_W_A20,11763020,I,360005,1360050,Region,Dhaka before 2015,0,,0,1,FEFRTRWA20,BDDHS2014360005,2014,DHS,,,,,1
BGD,Khulna,1804368,Age specific fertility rate: 20-24,142,0,BD,Bangladesh,2014,BD2014DHS,FE_FRTR_W_A20,11763020,I,360006,1360060,Region,Khulna,0,,0,1,FEFRTRWA20,BDDHS2014360006,2014,DHS,,,,,1
BGD,Rajshahi/Rangpur,1811125,Age specific fertility rate: 20-24,128,0,BD,Bangladesh,2014,BD2014DHS,FE_FRTR_W_A20,11763020,I,360007,1360070,Region,Rajshahi/Rangpur,0,,0,1,FEFRTRWA20,BDDHS2014360007,2014,DHS,,,,,
BGD,Rangpur,1817731,Age specific fertility rate: 20-24,122,0,BD,Bangladesh,2014,BD2014DHS,FE_FRTR_W_A20,11763020,I,360008,1360080,Region,..Rangpur,0,,0,1,FEFRTRWA20,BDDHS2014360008,2014,DHS,,,,,1
BGD,Rajshahi,1817741,Age specific fertility rate: 20-24,135,0,BD,Bangladesh,2014,BD2014DHS,FE_FRTR_W_A20,11763020,I,360009,1360090,Region,..Rajshahi,0,,0,1,FEFRTRWA20,BDDHS2014360009,2014,DHS,,,,,1
BGD,Barishal,1804386,Age specific fertility rate: 25-29,103,0,BD,Bangladesh,2014,BD2014DHS,FE_FRTR_W_A25,11763030,I,360001,1360010,Region,Barishal,0,,0,1,FEFRTRWA25,BDDHS2014360001,2014,DHS,,,,,1
BGD,Chattogram/Sylhet,1811142,Age specific fertility rate: 25-29,128,0,BD,Bangladesh,2014,BD2014DHS,FE_FRTR_W_A25,11763030,I,360002,1360020,Region,Chattogram/Sylhet,0,,0,1,FEFRTRWA25,BDDHS2014360002,2014,DHS,,,,,
BGD,Chattogram,1804383,Age specific fertility rate: 25-29,118,0,BD,Bangladesh,2014,BD2014DHS,FE_FRTR_W_A25,11763030,I,360003,1360030,Region,..Chattogram,0,,0,1,FEFRTRWA25,BDDHS2014360003,2014,DHS,,,,,1
BGD,Sylhet,1797255,Age specific fertility rate: 25-29,152,0,BD,Bangladesh,2014,BD2014DHS,FE_FRTR_W_A25,11763030,I,360004,1360040,Region,..Sylhet,0,,0,1,FEFRTRWA25,BDDHS2014360004,2014,DHS,,,,,1
BGD,Dhaka before 2015,1811133,Age specific fertility rate: 25-29,121,0,BD,Bangladesh,2014,BD2014DHS,FE_FRTR_W_A25,11763030,I,360005,1360050,Region,Dhaka before 2015,0,,0,1,FEFRTRWA25,BDDHS2014360005,2014,DHS,,,,,1
BGD,Khulna,1804375,Age specific fertility rate: 25-29,80,0,BD,Bangladesh,2014,BD2014DHS,FE_FRTR_W_A25,11763030,I,360006,1360060,Region,Khulna,0,,0,1,FEFRTRWA25,BDDHS2014360006,2014,DHS,,,,,1
BGD,Rajshahi/Rangpur,1811126,Age specific fertility rate: 25-29,88,0,BD,Bangladesh,2014,BD2014DHS,FE_FRTR_W_A25,11763030,I,360007,1360070,Region,Rajshahi/Rangpur,0,,0,1,FEFRTRWA25,BDDHS2014360007,2014,DHS,,,,,
BGD,Rangpur,1817732,Age specific fertility rate: 25-29,79,0,BD,Bangladesh,2014,BD2014DHS,FE_FRTR_W_A25,11763030,I,360008,1360080,Region,..Rangpur,0,,0,1,FEFRTRWA25,BDDHS2014360008,2014,DHS,,,,,1
BGD,Rajshahi,1817757,Age specific fertility rate: 25-29,97,0,BD,Bangladesh,2014,BD2014DHS,FE_FRTR_W_A25,11763030,I,360009,1360090,Region,..Rajshahi,0,,0,1,FEFRTRWA25,BDDHS2014360009,2014,DHS,,,,,1
BGD,Barishal,1804387,Age specific fertility rate: 30-34,56,0,BD,Bangladesh,2014,BD2014DHS,FE_FRTR_W_A30,11763040,I,360001,1360010,Region,Barishal,0,,0,1,FEFRTRWA30,BDDHS2014360001,2014,DHS,,,,,1
BGD,Chattogram/Sylhet,1811184,Age specific fertility rate: 30-34,67,0,BD,Bangladesh,2014,BD2014DHS,FE_FRTR_W_A30,11763040,I,360002,1360020,Region,Chattogram/Sylhet,0,,0,1,FEFRTRWA30,BDDHS2014360002,2014,DHS,,,,,
BGD,Chattogram,1804390,Age specific fertility rate: 30-34,60,0,BD,Bangladesh,2014,BD2014DHS,FE_FRTR_W_A30,11763040,I,360003,1360030,Region,..Chattogram,0,,0,1,FEFRTRWA30,BDDHS2014360003,2014,DHS,,,,,1
BGD,Sylhet,1797256,Age specific fertility rate: 30-34,85,0,BD,Bangladesh,2014,BD2014DHS,FE_FRTR_W_A30,11763040,I,360004,1360040,Region,..Sylhet,0,,0,1,FEFRTRWA30,BDDHS2014360004,2014,DHS,,,,,1
BGD,Dhaka before 2015,1811134,Age specific fertility rate: 30-34,70,0,BD,Bangladesh,2014,BD2014DHS,FE_FRTR_W_A30,11763040,I,360005,1360050,Region,Dhaka before 2015,0,,0,1,FEFRTRWA30,BDDHS2014360005,2014,DHS,,,,,1
BGD,Khulna,1804376,Age specific fertility rate: 30-34,35,0,BD,Bangladesh,2014,BD2014DHS,FE_FRTR_W_A30,11763040,I,360006,1360060,Region,Khulna,0,,0,1,FEFRTRWA30,BDDHS2014360006,2014,DHS,,,,,1
BGD,Rajshahi/Rangpur,1811127,Age specific fertility rate: 30-34,39,0,BD,Bangladesh,2014,BD2014DHS,FE_FRTR_W_A30,11763040,I,360007,1360070,Region,Rajshahi/Rangpur,0,,0,1,FEFRTRWA30,BDDHS2014360007,2014,DHS,,,,,
BGD,Rangpur,1817744,Age specific fertility rate: 30-34,37,0,BD,Bangladesh,2014,BD2014DHS,FE_FRTR_W_A30,11763040,I,360008,1360080,Region,..Rangpur,0,,0,1,FEFRTRWA30,BDDHS2014360008,2014,DHS,,,,,1
BGD,Rajshahi,1817758,Age specific fertility rate: 30-34,41,0,BD,Bangladesh,2014,BD2014DHS,FE_FRTR_W_A30,11763040,I,360009,1360090,Region,..Rajshahi,0,,0,1,FEFRTRWA30,BDDHS2014360009,2014,DHS,,,,,1
BGD,Barishal,1804388,Age specific fertility rate: 35-39,22,0,BD,Bangladesh,2014,BD2014DHS,FE_FRTR_W_A35,11763050,I,360001,1360010,Region,Barishal,0,,0,1,FEFRTRWA35,BDDHS2014360001,2014,DHS,,,,,1
BGD,Chattogram/Sylhet,1811185,Age specific fertility rate: 35-39,37,0,BD,Bangladesh,2014,BD2014DHS,FE_FRTR_W_A35,11763050,I,360002,1360020,Region,Chattogram/Sylhet,0,,0,1,FEFRTRWA35,BDDHS2014360002,2014,DHS,,,,,
BGD,Chattogram,1804391,Age specific fertility rate: 35-39,26,0,BD,Bangladesh,2014,BD2014DHS,FE_FRTR_W_A35,11763050,I,360003,1360030,Region,..Chattogram,0,,0,1,FEFRTRWA35,BDDHS2014360003,2014,DHS,,,,,1
BGD,Sylhet,1797257,Age specific fertility rate: 35-39,65,0,BD,Bangladesh,2014,BD2014DHS,FE_FRTR_W_A35,11763050,I,360004,1360040,Region,..Sylhet,0,,0,1,FEFRTRWA35,BDDHS2014360004,2014,DHS,,,,,1
BGD,Dhaka before 2015,1811135,Age specific fertility rate: 35-39,28,0,BD,Bangladesh,2014,BD2014DHS,FE_FRTR_W_A35,11763050,I,360005,1360050,Region,Dhaka before 2015,0,,0,1,FEFRTRWA35,BDDHS2014360005,2014,DHS,,,,,1
BGD,Khulna,1804377,Age specific fertility rate: 35-39,7,0,BD,Bangladesh,2014,BD2014DHS,FE_FRTR_W_A35,11763050,I,360006,1360060,Region,Khulna,0,,0,1,FEFRTRWA35,BDDHS2014360006,2014,DHS,,,,,1
BGD,Rajshahi/Rangpur,1811235,Age specific fertility rate: 35-39,16,0,BD,Bangladesh,2014,BD2014DHS,FE_FRTR_W_A35,11763050,I,360007,1360070,Region,Rajshahi/Rangpur,0,,0,1,FEFRTRWA35,BDDHS2014360007,2014,DHS,,,,,
BGD,Rangpur,1817745,Age specific fertility rate: 35-39,15,0,BD,Bangladesh,2014,BD2014DHS,FE_FRTR_W_A35,11763050,I,360008,1360080,Region,..Rangpur,0,,0,1,FEFRTRWA35,BDDHS2014360008,2014,DHS,,,,,1
BGD,Rajshahi,1817759,Age specific fertility rate: 35-39,17,0,BD,Bangladesh,2014,BD2014DHS,FE_FRTR_W_A35,11763050,I,360009,1360090,Region,..Rajshahi,0,,0,1,FEFRTRWA35,BDDHS2014360009,2014,DHS,,,,,1
BGD,Barishal,1804401,Age specific fertility rate: 40-44,1,0,BD,Bangladesh,2014,BD2014DHS,FE_FRTR_W_A40,11763060,I,360001,1360010,Region,Barishal,0,,0,1,FEFRTRWA40,BDDHS2014360001,2014,DHS,,,,,1
BGD,Chattogram/Sylhet,1811244,Age specific fertility rate: 40-44,8,0,BD,Bangladesh,2014,BD2014DHS,FE_FRTR_W_A40,11763060,I,360002,1360020,Region,Chattogram/Sylhet,0,,0,1,FEFRTRWA40,BDDHS2014360002,2014,DHS,,,,,
BGD,Chattogram,1804404,Age specific fertility rate: 40-44,5,0,BD,Bangladesh,2014,BD2014DHS,FE_FRTR_W_A40,11763060,I,360003,1360030,Region,..Chattogram,0,,0,1,FEFRTRWA40,BDDHS2014360003,2014,DHS,,,,,1
BGD,Sylhet,1797260,Age specific fertility rate: 40-44,14,0,BD,Bangladesh,2014,BD2014DHS,FE_FRTR_W_A40,11763060,I,360004,1360040,Region,..Sylhet,0,,0,1,FEFRTRWA40,BDDHS2014360004,2014,DHS,,,,,1
BGD,Dhaka before 2015,1811138,Age specific fertility rate: 40-44,4,0,BD,Bangladesh,2014,BD2014DHS,FE_FRTR_W_A40,11763060,I,360005,1360050,Region,Dhaka before 2015,0,,0,1,FEFRTRWA40,BDDHS2014360005,2014,DHS,,,,,1
BGD,Khulna,1804373,Age specific fertility rate: 40-44,4,0,BD,Bangladesh,2014,BD2014DHS,FE_FRTR_W_A40,11763060,I,360006,1360060,Region,Khulna,0,,0,1,FEFRTRWA40,BDDHS2014360006,2014,DHS,,,,,1
BGD,Rajshahi/Rangpur,1811197,Age specific fertility rate: 40-44,1,0,BD,Bangladesh,2014,BD2014DHS,FE_FRTR_W_A40,11763060,I,360007,1360070,Region,Rajshahi/Rangpur,0,,0,1,FEFRTRWA40,BDDHS2014360007,2014,DHS,,,,,
BGD,Rangpur,1817754,Age specific fertility rate: 40-44,0,0,BD,Bangladesh,2014,BD2014DHS,FE_FRTR_W_A40,11763060,I,360008,1360080,Region,..Rangpur,0,,0,1,FEFRTRWA40,BDDHS2014360008,2014,DHS,,,,,1
BGD,Rajshahi,1817773,Age specific fertility rate: 40-44,2,0,BD,Bangladesh,2014,BD2014DHS,FE_FRTR_W_A40,11763060,I,360009,1360090,Region,..Rajshahi,0,,0,1,FEFRTRWA40,BDDHS2014360009,2014,DHS,,,,,1
BGD,Barishal,1804397,Age specific fertility rate: 45-49,0,0,BD,Bangladesh,2014,BD2014DHS,FE_FRTR_W_A45,11763070,I,360001,1360010,Region,Barishal,0,,0,1,FEFRTRWA45,BDDHS2014360001,2014,DHS,,,,,1
BGD,Chattogram/Sylhet,1811182,Age specific fertility rate: 45-49,11,0,BD,Bangladesh,2014,BD2014DHS,FE_FRTR_W_A45,11763070,I,360002,1360020,Region,Chattogram/Sylhet,0,,0,1,FEFRTRWA45,BDDHS2014360002,2014,DHS,,,,,
BGD,Chattogram,1804380,Age specific fertility rate: 45-49,14,0,BD,Bangladesh,2014,BD2014DHS,FE_FRTR_W_A45,11763070,I,360003,1360030,Region,..Chattogram,0,,0,1,FEFRTRWA45,BDDHS2014360003,2014,DHS,,,,,1
BGD,Sylhet,1797267,Age specific fertility rate: 45-49,2,0,BD,Bangladesh,2014,BD2014DHS,FE_FRTR_W_A45,11763070,I,360004,1360040,Region,..Sylhet,0,,0,1,FEFRTRWA45,BDDHS2014360004,2014,DHS,,,,,1
BGD,Dhaka before 2015,1811123,Age specific fertility rate: 45-49,4,0,BD,Bangladesh,2014,BD2014DHS,FE_FRTR_W_A45,11763070,I,360005,1360050,Region,Dhaka before 2015,0,,0,1,FEFRTRWA45,BDDHS2014360005,2014,DHS,,,,,1
BGD,Khulna,1804369,Age specific fertility rate: 45-49,1,0,BD,Bangladesh,2014,BD2014DHS,FE_FRTR_W_A45,11763070,I,360006,1360060,Region,Khulna,0,,0,1,FEFRTRWA45,BDDHS2014360006,2014,DHS,,,,,1
BGD,Rajshahi/Rangpur,1811179,Age specific fertility rate: 45-49,3,0,BD,Bangladesh,2014,BD2014DHS,FE_FRTR_W_A45,11763070,I,360007,1360070,Region,Rajshahi/Rangpur,0,,0,1,FEFRTRWA45,BDDHS2014360007,2014,DHS,,,,,
BGD,Rangpur,1817752,Age specific fertility rate: 45-49,2,0,BD,Bangladesh,2014,BD2014DHS,FE_FRTR_W_A45,11763070,I,360008,1360080,Region,..Rangpur,0,,0,1,FEFRTRWA45,BDDHS2014360008,2014,DHS,,,,,1
BGD,Rajshahi,1817749,Age specific fertility rate: 45-49,3,0,BD,Bangladesh,2014,BD2014DHS,FE_FRTR_W_A45,11763070,I,360009,1360090,Region,..Rajshahi,0,,0,1,FEFRTRWA45,BDDHS2014360009,2014,DHS,,,,,1
BGD,Barishal,1804415,Total fertility rate 15-49,2.2,1,BD,Bangladesh,2014,BD2014DHS,FE_FRTR_W_TFR,11763080,I,360001,1360010,Region,Barishal,0,,0,1,FEFRTRWTFR,BDDHS2014360001,2014,DHS,,,,,1
BGD,Chattogram/Sylhet,1811245,Total fertility rate 15-49,2.7,1,BD,Bangladesh,2014,BD2014DHS,FE_FRTR_W_TFR,11763080,I,360002,1360020,Region,Chattogram/Sylhet,0,,0,1,FEFRTRWTFR,BDDHS2014360002,2014,DHS,,,,,
BGD,Chattogram,1804405,Total fertility rate 15-49,2.5,1,BD,Bangladesh,2014,BD2014DHS,FE_FRTR_W_TFR,11763080,I,360003,1360030,Region,..Chattogram,0,,0,1,FEFRTRWTFR,BDDHS2014360003,2014,DHS,,,,,1
BGD,Sylhet,1797302,Total fertility rate 15-49,2.9,1,BD,Bangladesh,2014,BD2014DHS,FE_FRTR_W_TFR,11763080,I,360004,1360040,Region,..Sylhet,0,,0,1,FEFRTRWTFR,BDDHS2014360004,2014,DHS,,,,,1
BGD,Dhaka before 2015,1811139,Total fertility rate 15-49,2.3,1,BD,Bangladesh,2014,BD2014DHS,FE_FRTR_W_TFR,11763080,I,360005,1360050,Region,Dhaka before 2015,0,,0,1,FEFRTRWTFR,BDDHS2014360005,2014,DHS,,,,,1
BGD,Khulna,1804374,Total fertility rate 15-49,1.9,1,BD,Bangladesh,2014,BD2014DHS,FE_FRTR_W_TFR,11763080,I,360006,1360060,Region,Khulna,0,,0,1,FEFRTRWTFR,BDDHS2014360006,2014,DHS,,,,,1
BGD,Rajshahi/Rangpur,1811198,Total fertility rate 15-49,2,1,BD,Bangladesh,2014,BD2014DHS,FE_FRTR_W_TFR,11763080,I,360007,1360070,Region,Rajshahi/Rangpur,0,,0,1,FEFRTRWTFR,BDDHS2014360007,2014,DHS,,,,,
BGD,Rangpur,1817755,Total fertility rate 15-49,1.9,1,BD,Bangladesh,2014,BD2014DHS,FE_FRTR_W_TFR,11763080,I,360008,1360080,Region,..Rangpur,0,,0,1,FEFRTRWTFR,BDDHS2014360008,2014,DHS,,,,,1
BGD,Rajshahi,1817774,Total fertility rate 15-49,2.1,1,BD,Bangladesh,2014,BD2014DHS,FE_FRTR_W_TFR,11763080,I,360009,1360090,Region,..Rajshahi,0,,0,1,FEFRTRWTFR,BDDHS2014360009,2014,DHS,,,,,1
BGD,Barishal,1804398,Total fertility rate 15-44,2.2,1,BD,Bangladesh,2014,BD2014DHS,FE_FRTR_W_TF4,11763090,I,360001,1360010,Region,Barishal,0,,0,1,FEFRTRWTF4,BDDHS2014360001,2014,DHS,,,,,1
BGD,Chattogram/Sylhet,1811183,Total fertility rate 15-44,2.6,1,BD,Bangladesh,2014,BD2014DHS,FE_FRTR_W_TF4,11763090,I,360002,1360020,Region,Chattogram/Sylhet,0,,0,1,FEFRTRWTF4,BDDHS2014360002,2014,DHS,,,,,
BGD,Chattogram,1804381,Total fertility rate 15-44,2.5,1,BD,Bangladesh,2014,BD2014DHS,FE_FRTR_W_TF4,11763090,I,360003,1360030,Region,..Chattogram,0,,0,1,FEFRTRWTF4,BDDHS2014360003,2014,DHS,,,,,1
BGD,Sylhet,1797272,Total fertility rate 15-44,2.9,1,BD,Bangladesh,2014,BD2014DHS,FE_FRTR_W_TF4,11763090,I,360004,1360040,Region,..Sylhet,0,,0,1,FEFRTRWTF4,BDDHS2014360004,2014,DHS,,,,,1
BGD,Dhaka before 2015,1811124,Total fertility rate 15-44,2.3,1,BD,Bangladesh,2014,BD2014DHS,FE_FRTR_W_TF4,11763090,I,360005,1360050,Region,Dhaka before 2015,0,,0,1,FEFRTRWTF4,BDDHS2014360005,2014,DHS,,,,,1
BGD,Khulna,1804370,Total fertility rate 15-44,1.9,1,BD,Bangladesh,2014,BD2014DHS,FE_FRTR_W_TF4,11763090,I,360006,1360060,Region,Khulna,0,,0,1,FEFRTRWTF4,BDDHS2014360006,2014,DHS,,,,,1
BGD,Rajshahi/Rangpur,1811194,Total fertility rate 15-44,2,1,BD,Bangladesh,2014,BD2014DHS,FE_FRTR_W_TF4,11763090,I,360007,1360070,Region,Rajshahi/Rangpur,0,,0,1,FEFRTRWTF4,BDDHS2014360007,2014,DHS,,,,,
BGD,Rangpur,1817753,Total fertility rate 15-44,1.8,1,BD,Bangladesh,2014,BD2014DHS,FE_FRTR_W_TF4,11763090,I,360008,1360080,Region,..Rangpur,0,,0,1,FEFRTRWTF4,BDDHS2014360008,2014,DHS,,,,,1
BGD,Rajshahi,1817750,Total fertility rate 15-44,2.1,1,BD,Bangladesh,2014,BD2014DHS,FE_FRTR_W_TF4,11763090,I,360009,1360090,Region,..Rajshahi,0,,0,1,FEFRTRWTF4,BDDHS2014360009,2014,DHS,,,,,1
BGD,Barishal,1804389,General fertility rate,83,0,BD,Bangladesh,2014,BD2014DHS,FE_FRTR_W_GFR,11763100,I,360001,1360010,Region,Barishal,0,,0,1,FEFRTRWGFR,BDDHS2014360001,2014,DHS,,,,,1
BGD,Chattogram/Sylhet,1811180,General fertility rate,104,0,BD,Bangladesh,2014,BD2014DHS,FE_FRTR_W_GFR,11763100,I,360002,1360020,Region,Chattogram/Sylhet,0,,0,1,FEFRTRWGFR,BDDHS2014360002,2014,DHS,,,,,
BGD,Chattogram,1804392,General fertility rate,101,0,BD,Bangladesh,2014,BD2014DHS,FE_FRTR_W_GFR,11763100,I,360003,1360030,Region,..Chattogram,0,,0,1,FEFRTRWGFR,BDDHS2014360003,2014,DHS,,,,,1
BGD,Sylhet,1797270,General fertility rate,111,0,BD,Bangladesh,2014,BD2014DHS,FE_FRTR_W_GFR,11763100,I,360004,1360040,Region,..Sylhet,0,,0,1,FEFRTRWGFR,BDDHS2014360004,2014,DHS,,,,,1
BGD,Dhaka before 2015,1811121,General fertility rate,92,0,BD,Bangladesh,2014,BD2014DHS,FE_FRTR_W_GFR,11763100,I,360005,1360050,Region,Dhaka before 2015,0,,0,1,FEFRTRWGFR,BDDHS2014360005,2014,DHS,,,,,1
BGD,Khulna,1804378,General fertility rate,72,0,BD,Bangladesh,2014,BD2014DHS,FE_FRTR_W_GFR,11763100,I,360006,1360060,Region,Khulna,0,,0,1,FEFRTRWGFR,BDDHS2014360006,2014,DHS,,,,,1
BGD,Rajshahi/Rangpur,1811236,General fertility rate,78,0,BD,Bangladesh,2014,BD2014DHS,FE_FRTR_W_GFR,11763100,I,360007,1360070,Region,Rajshahi/Rangpur,0,,0,1,FEFRTRWGFR,BDDHS2014360007,2014,DHS,,,,,
BGD,Rangpur,1817742,General fertility rate,75,0,BD,Bangladesh,2014,BD2014DHS,FE_FRTR_W_GFR,11763100,I,360008,1360080,Region,..Rangpur,0,,0,1,FEFRTRWGFR,BDDHS2014360008,2014,DHS,,,,,1
BGD,Rajshahi,1817751,General fertility rate,81,0,BD,Bangladesh,2014,BD2014DHS,FE_FRTR_W_GFR,11763100,I,360009,1360090,Region,..Rajshahi,0,,0,1,FEFRTRWGFR,BDDHS2014360009,2014,DHS,,,,,1
BGD,Barishal,1804396,Crude birth rate,19.7,1,BD,Bangladesh,2014,BD2014DHS,FE_FRTR_W_CBR,11763110,I,360001,1360010,Region,Barishal,0,,0,1,FEFRTRWCBR,BDDHS2014360001,2014,DHS,,,,,1
BGD,Chattogram/Sylhet,1811181,Crude birth rate,26,1,BD,Bangladesh,2014,BD2014DHS,FE_FRTR_W_CBR,11763110,I,360002,1360020,Region,Chattogram/Sylhet,0,,0,1,FEFRTRWCBR,BDDHS2014360002,2014,DHS,,,,,
BGD,Chattogram,1804393,Crude birth rate,25.9,1,BD,Bangladesh,2014,BD2014DHS,FE_FRTR_W_CBR,11763110,I,360003,1360030,Region,..Chattogram,0,,0,1,FEFRTRWCBR,BDDHS2014360003,2014,DHS,,,,,1
BGD,Sylhet,1797271,Crude birth rate,26.3,1,BD,Bangladesh,2014,BD2014DHS,FE_FRTR_W_CBR,11763110,I,360004,1360040,Region,..Sylhet,0,,0,1,FEFRTRWCBR,BDDHS2014360004,2014,DHS,,,,,1
BGD,Dhaka before 2015,1811122,Crude birth rate,23,1,BD,Bangladesh,2014,BD2014DHS,FE_FRTR_W_CBR,11763110,I,360005,1360050,Region,Dhaka before 2015,0,,0,1,FEFRTRWCBR,BDDHS2014360005,2014,DHS,,,,,1
BGD,Khulna,1804379,Crude birth rate,18.1,1,BD,Bangladesh,2014,BD2014DHS,FE_FRTR_W_CBR,11763110,I,360006,1360060,Region,Khulna,0,,0,1,FEFRTRWCBR,BDDHS2014360006,2014,DHS,,,,,1
BGD,Rajshahi/Rangpur,1811237,Crude birth rate,19.1,1,BD,Bangladesh,2014,BD2014DHS,FE_FRTR_W_CBR,11763110,I,360007,1360070,Region,Rajshahi/Rangpur,0,,0,1,FEFRTRWCBR,BDDHS2014360007,2014,DHS,,,,,
BGD,Rangpur,1817743,Crude birth rate,18.4,1,BD,Bangladesh,2014,BD2014DHS,FE_FRTR_W_CBR,11763110,I,360008,1360080,Region,..Rangpur,0,,0,1,FEFRTRWCBR,BDDHS2014360008,2014,DHS,,,,,1
BGD,Rajshahi,1817756,Crude birth rate,19.7,1,BD,Bangladesh,2014,BD2014DHS,FE_FRTR_W_CBR,11763110,I,360009,1360090,Region,..Rajshahi,0,,0,1,FEFRTRWCBR,BDDHS2014360009,2014,DHS,,,,,1
BGD,Barishal,1084427,Total wanted fertility rate,1.6,1,BD,Bangladesh,2014,BD2014DHS,PR_WTFR_W_WFR,22333010,I,360001,1360010,Region,Barishal,0,,0,1,PRWTFRWWFR,BDDHS2014360001,2014,DHS,,,,,1
BGD,Chattogram/Sylhet,1068323,Total wanted fertility rate,1.8,1,BD,Bangladesh,2014,BD2014DHS,PR_WTFR_W_WFR,22333010,I,360002,1360020,Region,Chattogram/Sylhet,0,,0,1,PRWTFRWWFR,BDDHS2014360002,2014,DHS,,,,,
BGD,Chattogram,1084402,Total wanted fertility rate,1.8,1,BD,Bangladesh,2014,BD2014DHS,PR_WTFR_W_WFR,22333010,I,360003,1360030,Region,..Chattogram,0,,0,1,PRWTFRWWFR,BDDHS2014360003,2014,DHS,,,,,1
BGD,Sylhet,1078062,Total wanted fertility rate,1.9,1,BD,Bangladesh,2014,BD2014DHS,PR_WTFR_W_WFR,22333010,I,360004,1360040,Region,..Sylhet,0,,0,1,PRWTFRWWFR,BDDHS2014360004,2014,DHS,,,,,1
BGD,Dhaka before 2015,1068309,Total wanted fertility rate,1.7,1,BD,Bangladesh,2014,BD2014DHS,PR_WTFR_W_WFR,22333010,I,360005,1360050,Region,Dhaka before 2015,0,,0,1,PRWTFRWWFR,BDDHS2014360005,2014,DHS,,,,,1
BGD,Khulna,1084423,Total wanted fertility rate,1.6,1,BD,Bangladesh,2014,BD2014DHS,PR_WTFR_W_WFR,22333010,I,360006,1360060,Region,Khulna,0,,0,1,PRWTFRWWFR,BDDHS2014360006,2014,DHS,,,,,1
BGD,Rajshahi/Rangpur,1068327,Total wanted fertility rate,1.5,1,BD,Bangladesh,2014,BD2014DHS,PR_WTFR_W_WFR,22333010,I,360007,1360070,Region,Rajshahi/Rangpur,0,,0,1,PRWTFRWWFR,BDDHS2014360007,2014,DHS,,,,,
BGD,Rangpur,1091520,Total wanted fertility rate,1.5,1,BD,Bangladesh,2014,BD2014DHS,PR_WTFR_W_WFR,22333010,I,360008,1360080,Region,..Rangpur,0,,0,1,PRWTFRWWFR,BDDHS2014360008,2014,DHS,,,,,1
BGD,Rajshahi,1091526,Total wanted fertility rate,1.6,1,BD,Bangladesh,2014,BD2014DHS,PR_WTFR_W_WFR,22333010,I,360009,1360090,Region,..Rajshahi,0,,0,1,PRWTFRWWFR,BDDHS2014360009,2014,DHS,,,,,1
BGD,Barishal,1811332,Age specific fertility rate: 15-19,111,0,BD,Bangladesh,2017,BD2017DHS,FE_FRTR_W_A15,11763010,I,360001,1360010,Region,Barishal,0,,0,1,FEFRTRWA15,BDDHS2017360001,2017-18,DHS,,,,,1
BGD,Chattogram/Sylhet,1797483,Age specific fertility rate: 15-19,103,0,BD,Bangladesh,2017,BD2017DHS,FE_FRTR_W_A15,11763010,I,360002,1360020,Region,Chattogram/Sylhet,0,,0,1,FEFRTRWA15,BDDHS2017360002,2017-18,DHS,,,,,
BGD,Chattogram,1811412,Age specific fertility rate: 15-19,111,0,BD,Bangladesh,2017,BD2017DHS,FE_FRTR_W_A15,11763010,I,360003,1360030,Region,..Chattogram,0,,0,1,FEFRTRWA15,BDDHS2017360003,2017-18,DHS,,,,,1
BGD,Sylhet,1811308,Age specific fertility rate: 15-19,83,0,BD,Bangladesh,2017,BD2017DHS,FE_FRTR_W_A15,11763010,I,360004,1360040,Region,..Sylhet,0,,0,1,FEFRTRWA15,BDDHS2017360004,2017-18,DHS,,,,,1
BGD,Dhaka before 2015,1797465,Age specific fertility rate: 15-19,104,0,BD,Bangladesh,2017,BD2017DHS,FE_FRTR_W_A15,11763010,I,360005,1360050,Region,Dhaka before 2015,0,,0,1,FEFRTRWA15,BDDHS2017360005,2017-18,DHS,,,,,
BGD,Dhaka,1797453,Age specific fertility rate: 15-19,99,0,BD,Bangladesh,2017,BD2017DHS,FE_FRTR_W_A15,11763010,I,360010,1360052,Region,..Dhaka,0,,0,1,FEFRTRWA15,BDDHS2017360010,2017-18,DHS,,,,,1
BGD,Mymensingh,1811322,Age specific fertility rate: 15-19,121,0,BD,Bangladesh,2017,BD2017DHS,FE_FRTR_W_A15,11763010,I,360011,1360055,Region,..Mymensingh,0,,0,1,FEFRTRWA15,BDDHS2017360011,2017-18,DHS,,,,,1
BGD,Khulna,1804516,Age specific fertility rate: 15-19,108,0,BD,Bangladesh,2017,BD2017DHS,FE_FRTR_W_A15,11763010,I,360006,1360060,Region,Khulna,0,,0,1,FEFRTRWA15,BDDHS2017360006,2017-18,DHS,,,,,1
BGD,Rajshahi/Rangpur,1804539,Age specific fertility rate: 15-19,120,0,BD,Bangladesh,2017,BD2017DHS,FE_FRTR_W_A15,11763010,I,360007,1360070,Region,Rajshahi/Rangpur,0,,0,1,FEFRTRWA15,BDDHS2017360007,2017-18,DHS,,,,,
BGD,Rangpur,1817890,Age specific fertility rate: 15-19,110,0,BD,Bangladesh,2017,BD2017DHS,FE_FRTR_W_A15,11763010,I,360008,1360080,Region,..Rangpur,0,,0,1,FEFRTRWA15,BDDHS2017360008,2017-18,DHS,,,,,1
BGD,Rajshahi,1817903,Age specific fertility rate: 15-19,130,0,BD,Bangladesh,2017,BD2017DHS,FE_FRTR_W_A15,11763010,I,360009,1360090,Region,..Rajshahi,0,,0,1,FEFRTRWA15,BDDHS2017360009,2017-18,DHS,,,,,1
BGD,Barishal,1811325,Age specific fertility rate: 20-24,176,0,BD,Bangladesh,2017,BD2017DHS,FE_FRTR_W_A20,11763020,I,360001,1360010,Region,Barishal,0,,0,1,FEFRTRWA20,BDDHS2017360001,2017-18,DHS,,,,,1
BGD,Chattogram/Sylhet,1797468,Age specific fertility rate: 20-24,167,0,BD,Bangladesh,2017,BD2017DHS,FE_FRTR_W_A20,11763020,I,360002,1360020,Region,Chattogram/Sylhet,0,,0,1,FEFRTRWA20,BDDHS2017360002,2017-18,DHS,,,,,
BGD,Chattogram,1811339,Age specific fertility rate: 20-24,164,0,BD,Bangladesh,2017,BD2017DHS,FE_FRTR_W_A20,11763020,I,360003,1360030,Region,..Chattogram,0,,0,1,FEFRTRWA20,BDDHS2017360003,2017-18,DHS,,,,,1
BGD,Sylhet,1811311,Age specific fertility rate: 20-24,174,0,BD,Bangladesh,2017,BD2017DHS,FE_FRTR_W_A20,11763020,I,360004,1360040,Region,..Sylhet,0,,0,1,FEFRTRWA20,BDDHS2017360004,2017-18,DHS,,,,,1
BGD,Dhaka before 2015,1797456,Age specific fertility rate: 20-24,139,0,BD,Bangladesh,2017,BD2017DHS,FE_FRTR_W_A20,11763020,I,360005,1360050,Region,Dhaka before 2015,0,,0,1,FEFRTRWA20,BDDHS2017360005,2017-18,DHS,,,,,
BGD,Dhaka,1797444,Age specific fertility rate: 20-24,131,0,BD,Bangladesh,2017,BD2017DHS,FE_FRTR_W_A20,11763020,I,360010,1360052,Region,..Dhaka,0,,0,1,FEFRTRWA20,BDDHS2017360010,2017-18,DHS,,,,,1
BGD,Mymensingh,1811323,Age specific fertility rate: 20-24,168,0,BD,Bangladesh,2017,BD2017DHS,FE_FRTR_W_A20,11763020,I,360011,1360055,Region,..Mymensingh,0,,0,1,FEFRTRWA20,BDDHS2017360011,2017-18,DHS,,,,,1
BGD,Khulna,1804518,Age specific fertility rate: 20-24,130,0,BD,Bangladesh,2017,BD2017DHS,FE_FRTR_W_A20,11763020,I,360006,1360060,Region,Khulna,0,,0,1,FEFRTRWA20,BDDHS2017360006,2017-18,DHS,,,,,1
BGD,Rajshahi/Rangpur,1804527,Age specific fertility rate: 20-24,120,0,BD,Bangladesh,2017,BD2017DHS,FE_FRTR_W_A20,11763020,I,360007,1360070,Region,Rajshahi/Rangpur,0,,0,1,FEFRTRWA20,BDDHS2017360007,2017-18,DHS,,,,,
BGD,Rangpur,1817893,Age specific fertility rate: 20-24,127,0,BD,Bangladesh,2017,BD2017DHS,FE_FRTR_W_A20,11763020,I,360008,1360080,Region,..Rangpur,0,,0,1,FEFRTRWA20,BDDHS2017360008,2017-18,DHS,,,,,1
BGD,Rajshahi,1817896,Age specific fertility rate: 20-24,115,0,BD,Bangladesh,2017,BD2017DHS,FE_FRTR_W_A20,11763020,I,360009,1360090,Region,..Rajshahi,0,,0,1,FEFRTRWA20,BDDHS2017360009,2017-18,DHS,,,,,1
BGD,Barishal,1811326,Age specific fertility rate: 25-29,122,0,BD,Bangladesh,2017,BD2017DHS,FE_FRTR_W_A25,11763030,I,360001,1360010,Region,Barishal,0,,0,1,FEFRTRWA25,BDDHS2017360001,2017-18,DHS,,,,,1
BGD,Chattogram/Sylhet,1797469,Age specific fertility rate: 25-29,130,0,BD,Bangladesh,2017,BD2017DHS,FE_FRTR_W_A25,11763030,I,360002,1360020,Region,Chattogram/Sylhet,0,,0,1,FEFRTRWA25,BDDHS2017360002,2017-18,DHS,,,,,
BGD,Chattogram,1811340,Age specific fertility rate: 25-29,128,0,BD,Bangladesh,2017,BD2017DHS,FE_FRTR_W_A25,11763030,I,360003,1360030,Region,..Chattogram,0,,0,1,FEFRTRWA25,BDDHS2017360003,2017-18,DHS,,,,,1
BGD,Sylhet,1811312,Age specific fertility rate: 25-29,137,0,BD,Bangladesh,2017,BD2017DHS,FE_FRTR_W_A25,11763030,I,360004,1360040,Region,..Sylhet,0,,0,1,FEFRTRWA25,BDDHS2017360004,2017-18,DHS,,,,,1
BGD,Dhaka before 2015,1797457,Age specific fertility rate: 25-29,118,0,BD,Bangladesh,2017,BD2017DHS,FE_FRTR_W_A25,11763030,I,360005,1360050,Region,Dhaka before 2015,0,,0,1,FEFRTRWA25,BDDHS2017360005,2017-18,DHS,,,,,
BGD,Dhaka,1797445,Age specific fertility rate: 25-29,115,0,BD,Bangladesh,2017,BD2017DHS,FE_FRTR_W_A25,11763030,I,360010,1360052,Region,..Dhaka,0,,0,1,FEFRTRWA25,BDDHS2017360010,2017-18,DHS,,,,,1
BGD,Mymensingh,1811324,Age specific fertility rate: 25-29,130,0,BD,Bangladesh,2017,BD2017DHS,FE_FRTR_W_A25,11763030,I,360011,1360055,Region,..Mymensingh,0,,0,1,FEFRTRWA25,BDDHS2017360011,2017-18,DHS,,,,,1
BGD,Khulna,1804519,Age specific fertility rate: 25-29,85,0,BD,Bangladesh,2017,BD2017DHS,FE_FRTR_W_A25,11763030,I,360006,1360060,Region,Khulna,0,,0,1,FEFRTRWA25,BDDHS2017360006,2017-18,DHS,,,,,1
BGD,Rajshahi/Rangpur,1804528,Age specific fertility rate: 25-29,101,0,BD,Bangladesh,2017,BD2017DHS,FE_FRTR_W_A25,11763030,I,360007,1360070,Region,Rajshahi/Rangpur,0,,0,1,FEFRTRWA25,BDDHS2017360007,2017-18,DHS,,,,,
BGD,Rangpur,1817906,Age specific fertility rate: 25-29,106,0,BD,Bangladesh,2017,BD2017DHS,FE_FRTR_W_A25,11763030,I,360008,1360080,Region,..Rangpur,0,,0,1,FEFRTRWA25,BDDHS2017360008,2017-18,DHS,,,,,1
BGD,Rajshahi,1817897,Age specific fertility rate: 25-29,96,0,BD,Bangladesh,2017,BD2017DHS,FE_FRTR_W_A25,11763030,I,360009,1360090,Region,..Rajshahi,0,,0,1,FEFRTRWA25,BDDHS2017360009,2017-18,DHS,,,,,1
BGD,Barishal,1811327,Age specific fertility rate: 30-34,53,0,BD,Bangladesh,2017,BD2017DHS,FE_FRTR_W_A30,11763040,I,360001,1360010,Region,Barishal,0,,0,1,FEFRTRWA30,BDDHS2017360001,2017-18,DHS,,,,,1
BGD,Chattogram/Sylhet,1797470,Age specific fertility rate: 30-34,77,0,BD,Bangladesh,2017,BD2017DHS,FE_FRTR_W_A30,11763040,I,360002,1360020,Region,Chattogram/Sylhet,0,,0,1,FEFRTRWA30,BDDHS2017360002,2017-18,DHS,,,,,
BGD,Chattogram,1811341,Age specific fertility rate: 30-34,75,0,BD,Bangladesh,2017,BD2017DHS,FE_FRTR_W_A30,11763040,I,360003,1360030,Region,..Chattogram,0,,0,1,FEFRTRWA30,BDDHS2017360003,2017-18,DHS,,,,,1
BGD,Sylhet,1811313,Age specific fertility rate: 30-34,83,0,BD,Bangladesh,2017,BD2017DHS,FE_FRTR_W_A30,11763040,I,360004,1360040,Region,..Sylhet,0,,0,1,FEFRTRWA30,BDDHS2017360004,2017-18,DHS,,,,,1
BGD,Dhaka before 2015,1797458,Age specific fertility rate: 30-34,65,0,BD,Bangladesh,2017,BD2017DHS,FE_FRTR_W_A30,11763040,I,360005,1360050,Region,Dhaka before 2015,0,,0,1,FEFRTRWA30,BDDHS2017360005,2017-18,DHS,,,,,
BGD,Dhaka,1797446,Age specific fertility rate: 30-34,63,0,BD,Bangladesh,2017,BD2017DHS,FE_FRTR_W_A30,11763040,I,360010,1360052,Region,..Dhaka,0,,0,1,FEFRTRWA30,BDDHS2017360010,2017-18,DHS,,,,,1
BGD,Mymensingh,1811329,Age specific fertility rate: 30-34,70,0,BD,Bangladesh,2017,BD2017DHS,FE_FRTR_W_A30,11763040,I,360011,1360055,Region,..Mymensingh,0,,0,1,FEFRTRWA30,BDDHS2017360011,2017-18,DHS,,,,,1
BGD,Khulna,1804553,Age specific fertility rate: 30-34,40,0,BD,Bangladesh,2017,BD2017DHS,FE_FRTR_W_A30,11763040,I,360006,1360060,Region,Khulna,0,,0,1,FEFRTRWA30,BDDHS2017360006,2017-18,DHS,,,,,1
BGD,Rajshahi/Rangpur,1804533,Age specific fertility rate: 30-34,54,0,BD,Bangladesh,2017,BD2017DHS,FE_FRTR_W_A30,11763040,I,360007,1360070,Region,Rajshahi/Rangpur,0,,0,1,FEFRTRWA30,BDDHS2017360007,2017-18,DHS,,,,,
BGD,Rangpur,1817907,Age specific fertility rate: 30-34,54,0,BD,Bangladesh,2017,BD2017DHS,FE_FRTR_W_A30,11763040,I,360008,1360080,Region,..Rangpur,0,,0,1,FEFRTRWA30,BDDHS2017360008,2017-18,DHS,,,,,1
BGD,Rajshahi,1817898,Age specific fertility rate: 30-34,54,0,BD,Bangladesh,2017,BD2017DHS,FE_FRTR_W_A30,11763040,I,360009,1360090,Region,..Rajshahi,0,,0,1,FEFRTRWA30,BDDHS2017360009,2017-18,DHS,,,,,1
BGD,Barishal,1811351,Age specific fertility rate: 35-39,18,0,BD,Bangladesh,2017,BD2017DHS,FE_FRTR_W_A35,11763050,I,360001,1360010,Region,Barishal,0,,0,1,FEFRTRWA35,BDDHS2017360001,2017-18,DHS,,,,,1
BGD,Chattogram/Sylhet,1797471,Age specific fertility rate: 35-39,23,0,BD,Bangladesh,2017,BD2017DHS,FE_FRTR_W_A35,11763050,I,360002,1360020,Region,Chattogram/Sylhet,0,,0,1,FEFRTRWA35,BDDHS2017360002,2017-18,DHS,,,,,
BGD,Chattogram,1811342,Age specific fertility rate: 35-39,19,0,BD,Bangladesh,2017,BD2017DHS,FE_FRTR_W_A35,11763050,I,360003,1360030,Region,..Chattogram,0,,0,1,FEFRTRWA35,BDDHS2017360003,2017-18,DHS,,,,,1
BGD,Sylhet,1811314,Age specific fertility rate: 35-39,37,0,BD,Bangladesh,2017,BD2017DHS,FE_FRTR_W_A35,11763050,I,360004,1360040,Region,..Sylhet,0,,0,1,FEFRTRWA35,BDDHS2017360004,2017-18,DHS,,,,,1
BGD,Dhaka before 2015,1797459,Age specific fertility rate: 35-39,19,0,BD,Bangladesh,2017,BD2017DHS,FE_FRTR_W_A35,11763050,I,360005,1360050,Region,Dhaka before 2015,0,,0,1,FEFRTRWA35,BDDHS2017360005,2017-18,DHS,,,,,
BGD,Dhaka,1797447,Age specific fertility rate: 35-39,22,0,BD,Bangladesh,2017,BD2017DHS,FE_FRTR_W_A35,11763050,I,360010,1360052,Region,..Dhaka,0,,0,1,FEFRTRWA35,BDDHS2017360010,2017-18,DHS,,,,,1
BGD,Mymensingh,1811330,Age specific fertility rate: 35-39,13,0,BD,Bangladesh,2017,BD2017DHS,FE_FRTR_W_A35,11763050,I,360011,1360055,Region,..Mymensingh,0,,0,1,FEFRTRWA35,BDDHS2017360011,2017-18,DHS,,,,,1
BGD,Khulna,1804554,Age specific fertility rate: 35-39,16,0,BD,Bangladesh,2017,BD2017DHS,FE_FRTR_W_A35,11763050,I,360006,1360060,Region,Khulna,0,,0,1,FEFRTRWA35,BDDHS2017360006,2017-18,DHS,,,,,1
BGD,Rajshahi/Rangpur,1804534,Age specific fertility rate: 35-39,14,0,BD,Bangladesh,2017,BD2017DHS,FE_FRTR_W_A35,11763050,I,360007,1360070,Region,Rajshahi/Rangpur,0,,0,1,FEFRTRWA35,BDDHS2017360007,2017-18,DHS,,,,,
BGD,Rangpur,1817908,Age specific fertility rate: 35-39,14,0,BD,Bangladesh,2017,BD2017DHS,FE_FRTR_W_A35,11763050,I,360008,1360080,Region,..Rangpur,0,,0,1,FEFRTRWA35,BDDHS2017360008,2017-18,DHS,,,,,1
BGD,Rajshahi,1817899,Age specific fertility rate: 35-39,14,0,BD,Bangladesh,2017,BD2017DHS,FE_FRTR_W_A35,11763050,I,360009,1360090,Region,..Rajshahi,0,,0,1,FEFRTRWA35,BDDHS2017360009,2017-18,DHS,,,,,1
BGD,Barishal,1811356,Age specific fertility rate: 40-44,2,0,BD,Bangladesh,2017,BD2017DHS,FE_FRTR_W_A40,11763060,I,360001,1360010,Region,Barishal,0,,0,1,FEFRTRWA40,BDDHS2017360001,2017-18,DHS,,,,,1
BGD,Chattogram/Sylhet,1797484,Age specific fertility rate: 40-44,7,0,BD,Bangladesh,2017,BD2017DHS,FE_FRTR_W_A40,11763060,I,360002,1360020,Region,Chattogram/Sylhet,0,,0,1,FEFRTRWA40,BDDHS2017360002,2017-18,DHS,,,,,
BGD,Chattogram,1811413,Age specific fertility rate: 40-44,6,0,BD,Bangladesh,2017,BD2017DHS,FE_FRTR_W_A40,11763060,I,360003,1360030,Region,..Chattogram,0,,0,1,FEFRTRWA40,BDDHS2017360003,2017-18,DHS,,,,,1
BGD,Sylhet,1811309,Age specific fertility rate: 40-44,8,0,BD,Bangladesh,2017,BD2017DHS,FE_FRTR_W_A40,11763060,I,360004,1360040,Region,..Sylhet,0,,0,1,FEFRTRWA40,BDDHS2017360004,2017-18,DHS,,,,,1
BGD,Dhaka before 2015,1797466,Age specific fertility rate: 40-44,7,0,BD,Bangladesh,2017,BD2017DHS,FE_FRTR_W_A40,11763060,I,360005,1360050,Region,Dhaka before 2015,0,,0,1,FEFRTRWA40,BDDHS2017360005,2017-18,DHS,,,,,
BGD,Dhaka,1797454,Age specific fertility rate: 40-44,7,0,BD,Bangladesh,2017,BD2017DHS,FE_FRTR_W_A40,11763060,I,360010,1360052,Region,..Dhaka,0,,0,1,FEFRTRWA40,BDDHS2017360010,2017-18,DHS,,,,,1
BGD,Mymensingh,1811336,Age specific fertility rate: 40-44,5,0,BD,Bangladesh,2017,BD2017DHS,FE_FRTR_W_A40,11763060,I,360011,1360055,Region,..Mymensingh,0,,0,1,FEFRTRWA40,BDDHS2017360011,2017-18,DHS,,,,,1
BGD,Khulna,1804517,Age specific fertility rate: 40-44,2,0,BD,Bangladesh,2017,BD2017DHS,FE_FRTR_W_A40,11763060,I,360006,1360060,Region,Khulna,0,,0,1,FEFRTRWA40,BDDHS2017360006,2017-18,DHS,,,,,1
BGD,Rajshahi/Rangpur,1804540,Age specific fertility rate: 40-44,3,0,BD,Bangladesh,2017,BD2017DHS,FE_FRTR_W_A40,11763060,I,360007,1360070,Region,Rajshahi/Rangpur,0,,0,1,FEFRTRWA40,BDDHS2017360007,2017-18,DHS,,,,,
BGD,Rangpur,1817911,Age specific fertility rate: 40-44,4,0,BD,Bangladesh,2017,BD2017DHS,FE_FRTR_W_A40,11763060,I,360008,1360080,Region,..Rangpur,0,,0,1,FEFRTRWA40,BDDHS2017360008,2017-18,DHS,,,,,1
BGD,Rajshahi,1817904,Age specific fertility rate: 40-44,3,0,BD,Bangladesh,2017,BD2017DHS,FE_FRTR_W_A40,11763060,I,360009,1360090,Region,..Rajshahi,0,,0,1,FEFRTRWA40,BDDHS2017360009,2017-18,DHS,,,,,1
BGD,Barishal,1811350,Age specific fertility rate: 45-49,0,0,BD,Bangladesh,2017,BD2017DHS,FE_FRTR_W_A45,11763070,I,360001,1360010,Region,Barishal,0,,0,1,FEFRTRWA45,BDDHS2017360001,2017-18,DHS,,,,,1
BGD,Chattogram/Sylhet,1797472,Age specific fertility rate: 45-49,0,0,BD,Bangladesh,2017,BD2017DHS,FE_FRTR_W_A45,11763070,I,360002,1360020,Region,Chattogram/Sylhet,0,,0,1,FEFRTRWA45,BDDHS2017360002,2017-18,DHS,,,,,
BGD,Chattogram,1811343,Age specific fertility rate: 45-49,0,0,BD,Bangladesh,2017,BD2017DHS,FE_FRTR_W_A45,11763070,I,360003,1360030,Region,..Chattogram,0,,0,1,FEFRTRWA45,BDDHS2017360003,2017-18,DHS,,,,,1
BGD,Sylhet,1811305,Age specific fertility rate: 45-49,0,0,BD,Bangladesh,2017,BD2017DHS,FE_FRTR_W_A45,11763070,I,360004,1360040,Region,..Sylhet,0,,0,1,FEFRTRWA45,BDDHS2017360004,2017-18,DHS,,,,,1
BGD,Dhaka before 2015,1797460,Age specific fertility rate: 45-49,2,0,BD,Bangladesh,2017,BD2017DHS,FE_FRTR_W_A45,11763070,I,360005,1360050,Region,Dhaka before 2015,0,,0,1,FEFRTRWA45,BDDHS2017360005,2017-18,DHS,,,,,
BGD,Dhaka,1797448,Age specific fertility rate: 45-49,3,0,BD,Bangladesh,2017,BD2017DHS,FE_FRTR_W_A45,11763070,I,360010,1360052,Region,..Dhaka,0,,0,1,FEFRTRWA45,BDDHS2017360010,2017-18,DHS,,,,,1
BGD,Mymensingh,1811328,Age specific fertility rate: 45-49,1,0,BD,Bangladesh,2017,BD2017DHS,FE_FRTR_W_A45,11763070,I,360011,1360055,Region,..Mymensingh,0,,0,1,FEFRTRWA45,BDDHS2017360011,2017-18,DHS,,,,,1
BGD,Khulna,1804514,Age specific fertility rate: 45-49,0,0,BD,Bangladesh,2017,BD2017DHS,FE_FRTR_W_A45,11763070,I,360006,1360060,Region,Khulna,0,,0,1,FEFRTRWA45,BDDHS2017360006,2017-18,DHS,,,,,1
BGD,Rajshahi/Rangpur,1804535,Age specific fertility rate: 45-49,0,0,BD,Bangladesh,2017,BD2017DHS,FE_FRTR_W_A45,11763070,I,360007,1360070,Region,Rajshahi/Rangpur,0,,0,1,FEFRTRWA45,BDDHS2017360007,2017-18,DHS,,,,,
BGD,Rangpur,1817891,Age specific fertility rate: 45-49,0,0,BD,Bangladesh,2017,BD2017DHS,FE_FRTR_W_A45,11763070,I,360008,1360080,Region,..Rangpur,0,,0,1,FEFRTRWA45,BDDHS2017360008,2017-18,DHS,,,,,1
BGD,Rajshahi,1817894,Age specific fertility rate: 45-49,0,0,BD,Bangladesh,2017,BD2017DHS,FE_FRTR_W_A45,11763070,I,360009,1360090,Region,..Rajshahi,0,,0,1,FEFRTRWA45,BDDHS2017360009,2017-18,DHS,,,,,1
BGD,Barishal,1811357,Total fertility rate 15-49,2.4,1,BD,Bangladesh,2017,BD2017DHS,FE_FRTR_W_TFR,11763080,I,360001,1360010,Region,Barishal,0,,0,1,FEFRTRWTFR,BDDHS2017360001,2017-18,DHS,,,,,1
BGD,Chattogram/Sylhet,1797485,Total fertility rate 15-49,2.5,1,BD,Bangladesh,2017,BD2017DHS,FE_FRTR_W_TFR,11763080,I,360002,1360020,Region,Chattogram/Sylhet,0,,0,1,FEFRTRWTFR,BDDHS2017360002,2017-18,DHS,,,,,
BGD,Chattogram,1811415,Total fertility rate 15-49,2.5,1,BD,Bangladesh,2017,BD2017DHS,FE_FRTR_W_TFR,11763080,I,360003,1360030,Region,..Chattogram,0,,0,1,FEFRTRWTFR,BDDHS2017360003,2017-18,DHS,,,,,1
BGD,Sylhet,1811310,Total fertility rate 15-49,2.6,1,BD,Bangladesh,2017,BD2017DHS,FE_FRTR_W_TFR,11763080,I,360004,1360040,Region,..Sylhet,0,,0,1,FEFRTRWTFR,BDDHS2017360004,2017-18,DHS,,,,,1
BGD,Dhaka before 2015,1797467,Total fertility rate 15-49,2.3,1,BD,Bangladesh,2017,BD2017DHS,FE_FRTR_W_TFR,11763080,I,360005,1360050,Region,Dhaka before 2015,0,,0,1,FEFRTRWTFR,BDDHS2017360005,2017-18,DHS,,,,,
BGD,Dhaka,1797455,Total fertility rate 15-49,2.2,1,BD,Bangladesh,2017,BD2017DHS,FE_FRTR_W_TFR,11763080,I,360010,1360052,Region,..Dhaka,0,,0,1,FEFRTRWTFR,BDDHS2017360010,2017-18,DHS,,,,,1
BGD,Mymensingh,1811348,Total fertility rate 15-49,2.5,1,BD,Bangladesh,2017,BD2017DHS,FE_FRTR_W_TFR,11763080,I,360011,1360055,Region,..Mymensingh,0,,0,1,FEFRTRWTFR,BDDHS2017360011,2017-18,DHS,,,,,1
BGD,Khulna,1804558,Total fertility rate 15-49,1.9,1,BD,Bangladesh,2017,BD2017DHS,FE_FRTR_W_TFR,11763080,I,360006,1360060,Region,Khulna,0,,0,1,FEFRTRWTFR,BDDHS2017360006,2017-18,DHS,,,,,1
BGD,Rajshahi/Rangpur,1804541,Total fertility rate 15-49,2.1,1,BD,Bangladesh,2017,BD2017DHS,FE_FRTR_W_TFR,11763080,I,360007,1360070,Region,Rajshahi/Rangpur,0,,0,1,FEFRTRWTFR,BDDHS2017360007,2017-18,DHS,,,,,
BGD,Rangpur,1817912,Total fertility rate 15-49,2.1,1,BD,Bangladesh,2017,BD2017DHS,FE_FRTR_W_TFR,11763080,I,360008,1360080,Region,..Rangpur,0,,0,1,FEFRTRWTFR,BDDHS2017360008,2017-18,DHS,,,,,1
BGD,Rajshahi,1817905,Total fertility rate 15-49,2.1,1,BD,Bangladesh,2017,BD2017DHS,FE_FRTR_W_TFR,11763080,I,360009,1360090,Region,..Rajshahi,0,,0,1,FEFRTRWTFR,BDDHS2017360009,2017-18,DHS,,,,,1
BGD,Barishal,1811352,Total fertility rate 15-44,2.4,1,BD,Bangladesh,2017,BD2017DHS,FE_FRTR_W_TF4,11763090,I,360001,1360010,Region,Barishal,0,,0,1,FEFRTRWTF4,BDDHS2017360001,2017-18,DHS,,,,,1
BGD,Chattogram/Sylhet,1797473,Total fertility rate 15-44,2.5,1,BD,Bangladesh,2017,BD2017DHS,FE_FRTR_W_TF4,11763090,I,360002,1360020,Region,Chattogram/Sylhet,0,,0,1,FEFRTRWTF4,BDDHS2017360002,2017-18,DHS,,,,,
BGD,Chattogram,1811344,Total fertility rate 15-44,2.5,1,BD,Bangladesh,2017,BD2017DHS,FE_FRTR_W_TF4,11763090,I,360003,1360030,Region,..Chattogram,0,,0,1,FEFRTRWTF4,BDDHS2017360003,2017-18,DHS,,,,,1
BGD,Sylhet,1811306,Total fertility rate 15-44,2.6,1,BD,Bangladesh,2017,BD2017DHS,FE_FRTR_W_TF4,11763090,I,360004,1360040,Region,..Sylhet,0,,0,1,FEFRTRWTF4,BDDHS2017360004,2017-18,DHS,,,,,1
BGD,Dhaka before 2015,1797461,Total fertility rate 15-44,2.3,1,BD,Bangladesh,2017,BD2017DHS,FE_FRTR_W_TF4,11763090,I,360005,1360050,Region,Dhaka before 2015,0,,0,1,FEFRTRWTF4,BDDHS2017360005,2017-18,DHS,,,,,
BGD,Dhaka,1797449,Total fertility rate 15-44,2.2,1,BD,Bangladesh,2017,BD2017DHS,FE_FRTR_W_TF4,11763090,I,360010,1360052,Region,..Dhaka,0,,0,1,FEFRTRWTF4,BDDHS2017360010,2017-18,DHS,,,,,1
BGD,Mymensingh,1811335,Total fertility rate 15-44,2.5,1,BD,Bangladesh,2017,BD2017DHS,FE_FRTR_W_TF4,11763090,I,360011,1360055,Region,..Mymensingh,0,,0,1,FEFRTRWTF4,BDDHS2017360011,2017-18,DHS,,,,,1
BGD,Khulna,1804557,Total fertility rate 15-44,1.9,1,BD,Bangladesh,2017,BD2017DHS,FE_FRTR_W_TF4,11763090,I,360006,1360060,Region,Khulna,0,,0,1,FEFRTRWTF4,BDDHS2017360006,2017-18,DHS,,,,,1
BGD,Rajshahi/Rangpur,1804536,Total fertility rate 15-44,2.1,1,BD,Bangladesh,2017,BD2017DHS,FE_FRTR_W_TF4,11763090,I,360007,1360070,Region,Rajshahi/Rangpur,0,,0,1,FEFRTRWTF4,BDDHS2017360007,2017-18,DHS,,,,,
BGD,Rangpur,1817892,Total fertility rate 15-44,2.1,1,BD,Bangladesh,2017,BD2017DHS,FE_FRTR_W_TF4,11763090,I,360008,1360080,Region,..Rangpur,0,,0,1,FEFRTRWTF4,BDDHS2017360008,2017-18,DHS,,,,,1
BGD,Rajshahi,1817895,Total fertility rate 15-44,2.1,1,BD,Bangladesh,2017,BD2017DHS,FE_FRTR_W_TF4,11763090,I,360009,1360090,Region,..Rajshahi,0,,0,1,FEFRTRWTF4,BDDHS2017360009,2017-18,DHS,,,,,1
BGD,Barishal,1811354,General fertility rate,89,0,BD,Bangladesh,2017,BD2017DHS,FE_FRTR_W_GFR,11763100,I,360001,1360010,Region,Barishal,0,,0,1,FEFRTRWGFR,BDDHS2017360001,2017-18,DHS,,,,,1
BGD,Chattogram/Sylhet,1797476,General fertility rate,99,0,BD,Bangladesh,2017,BD2017DHS,FE_FRTR_W_GFR,11763100,I,360002,1360020,Region,Chattogram/Sylhet,0,,0,1,FEFRTRWGFR,BDDHS2017360002,2017-18,DHS,,,,,
BGD,Chattogram,1811345,General fertility rate,98,0,BD,Bangladesh,2017,BD2017DHS,FE_FRTR_W_GFR,11763100,I,360003,1360030,Region,..Chattogram,0,,0,1,FEFRTRWGFR,BDDHS2017360003,2017-18,DHS,,,,,1
BGD,Sylhet,1811315,General fertility rate,101,0,BD,Bangladesh,2017,BD2017DHS,FE_FRTR_W_GFR,11763100,I,360004,1360040,Region,..Sylhet,0,,0,1,FEFRTRWGFR,BDDHS2017360004,2017-18,DHS,,,,,1
BGD,Dhaka before 2015,1797462,General fertility rate,88,0,BD,Bangladesh,2017,BD2017DHS,FE_FRTR_W_GFR,11763100,I,360005,1360050,Region,Dhaka before 2015,0,,0,1,FEFRTRWGFR,BDDHS2017360005,2017-18,DHS,,,,,
BGD,Dhaka,1797450,General fertility rate,85,0,BD,Bangladesh,2017,BD2017DHS,FE_FRTR_W_GFR,11763100,I,360010,1360052,Region,..Dhaka,0,,0,1,FEFRTRWGFR,BDDHS2017360010,2017-18,DHS,,,,,1
BGD,Mymensingh,1811333,General fertility rate,97,0,BD,Bangladesh,2017,BD2017DHS,FE_FRTR_W_GFR,11763100,I,360011,1360055,Region,..Mymensingh,0,,0,1,FEFRTRWGFR,BDDHS2017360011,2017-18,DHS,,,,,1
BGD,Khulna,1804555,General fertility rate,69,0,BD,Bangladesh,2017,BD2017DHS,FE_FRTR_W_GFR,11763100,I,360006,1360060,Region,Khulna,0,,0,1,FEFRTRWGFR,BDDHS2017360006,2017-18,DHS,,,,,1
BGD,Rajshahi/Rangpur,1804543,General fertility rate,77,0,BD,Bangladesh,2017,BD2017DHS,FE_FRTR_W_GFR,11763100,I,360007,1360070,Region,Rajshahi/Rangpur,0,,0,1,FEFRTRWGFR,BDDHS2017360007,2017-18,DHS,,,,,
BGD,Rangpur,1817909,General fertility rate,78,0,BD,Bangladesh,2017,BD2017DHS,FE_FRTR_W_GFR,11763100,I,360008,1360080,Region,..Rangpur,0,,0,1,FEFRTRWGFR,BDDHS2017360008,2017-18,DHS,,,,,1
BGD,Rajshahi,1817900,General fertility rate,76,0,BD,Bangladesh,2017,BD2017DHS,FE_FRTR_W_GFR,11763100,I,360009,1360090,Region,..Rajshahi,0,,0,1,FEFRTRWGFR,BDDHS2017360009,2017-18,DHS,,,,,1
BGD,Barishal,1811355,Crude birth rate,22.3,1,BD,Bangladesh,2017,BD2017DHS,FE_FRTR_W_CBR,11763110,I,360001,1360010,Region,Barishal,0,,0,1,FEFRTRWCBR,BDDHS2017360001,2017-18,DHS,,,,,1
BGD,Chattogram/Sylhet,1797477,Crude birth rate,25.4,1,BD,Bangladesh,2017,BD2017DHS,FE_FRTR_W_CBR,11763110,I,360002,1360020,Region,Chattogram/Sylhet,0,,0,1,FEFRTRWCBR,BDDHS2017360002,2017-18,DHS,,,,,
BGD,Chattogram,1811346,Crude birth rate,25.3,1,BD,Bangladesh,2017,BD2017DHS,FE_FRTR_W_CBR,11763110,I,360003,1360030,Region,..Chattogram,0,,0,1,FEFRTRWCBR,BDDHS2017360003,2017-18,DHS,,,,,1
BGD,Sylhet,1811316,Crude birth rate,25.7,1,BD,Bangladesh,2017,BD2017DHS,FE_FRTR_W_CBR,11763110,I,360004,1360040,Region,..Sylhet,0,,0,1,FEFRTRWCBR,BDDHS2017360004,2017-18,DHS,,,,,1
BGD,Dhaka before 2015,1797463,Crude birth rate,22.7,1,BD,Bangladesh,2017,BD2017DHS,FE_FRTR_W_CBR,11763110,I,360005,1360050,Region,Dhaka before 2015,0,,0,1,FEFRTRWCBR,BDDHS2017360005,2017-18,DHS,,,,,
BGD,Dhaka,1797451,Crude birth rate,22.6,1,BD,Bangladesh,2017,BD2017DHS,FE_FRTR_W_CBR,11763110,I,360010,1360052,Region,..Dhaka,0,,0,1,FEFRTRWCBR,BDDHS2017360010,2017-18,DHS,,,,,1
BGD,Mymensingh,1811334,Crude birth rate,23.1,1,BD,Bangladesh,2017,BD2017DHS,FE_FRTR_W_CBR,11763110,I,360011,1360055,Region,..Mymensingh,0,,0,1,FEFRTRWCBR,BDDHS2017360011,2017-18,DHS,,,,,1
BGD,Khulna,1804556,Crude birth rate,17.8,1,BD,Bangladesh,2017,BD2017DHS,FE_FRTR_W_CBR,11763110,I,360006,1360060,Region,Khulna,0,,0,1,FEFRTRWCBR,BDDHS2017360006,2017-18,DHS,,,,,1
BGD,Rajshahi/Rangpur,1804544,Crude birth rate,19.1,1,BD,Bangladesh,2017,BD2017DHS,FE_FRTR_W_CBR,11763110,I,360007,1360070,Region,Rajshahi/Rangpur,0,,0,1,FEFRTRWCBR,BDDHS2017360007,2017-18,DHS,,,,,
BGD,Rangpur,1817910,Crude birth rate,19.2,1,BD,Bangladesh,2017,BD2017DHS,FE_FRTR_W_CBR,11763110,I,360008,1360080,Region,..Rangpur,0,,0,1,FEFRTRWCBR,BDDHS2017360008,2017-18,DHS,,,,,1
BGD,Rajshahi,1817901,Crude birth rate,19.1,1,BD,Bangladesh,2017,BD2017DHS,FE_FRTR_W_CBR,11763110,I,360009,1360090,Region,..Rajshahi,0,,0,1,FEFRTRWCBR,BDDHS2017360009,2017-18,DHS,,,,,1
BGD,Barishal,1368432,Total wanted fertility rate,1.8,1,BD,Bangladesh,2017,BD2017DHS,PR_WTFR_W_WFR,22333010,I,360001,1360010,Region,Barishal,0,,0,1,PRWTFRWWFR,BDDHS2017360001,2017-18,DHS,,,,,1
BGD,Chattogram/Sylhet,1362334,Total wanted fertility rate,1.9,1,BD,Bangladesh,2017,BD2017DHS,PR_WTFR_W_WFR,22333010,I,360002,1360020,Region,Chattogram/Sylhet,0,,0,1,PRWTFRWWFR,BDDHS2017360002,2017-18,DHS,,,,,
BGD,Chattogram,1368467,Total wanted fertility rate,1.9,1,BD,Bangladesh,2017,BD2017DHS,PR_WTFR_W_WFR,22333010,I,360003,1360030,Region,..Chattogram,0,,0,1,PRWTFRWWFR,BDDHS2017360003,2017-18,DHS,,,,,1
BGD,Sylhet,1368439,Total wanted fertility rate,1.9,1,BD,Bangladesh,2017,BD2017DHS,PR_WTFR_W_WFR,22333010,I,360004,1360040,Region,..Sylhet,0,,0,1,PRWTFRWWFR,BDDHS2017360004,2017-18,DHS,,,,,1
BGD,Dhaka before 2015,1362335,Total wanted fertility rate,1.7,1,BD,Bangladesh,2017,BD2017DHS,PR_WTFR_W_WFR,22333010,I,360005,1360050,Region,Dhaka before 2015,0,,0,1,PRWTFRWWFR,BDDHS2017360005,2017-18,DHS,,,,,
BGD,Dhaka,1362360,Total wanted fertility rate,1.7,1,BD,Bangladesh,2017,BD2017DHS,PR_WTFR_W_WFR,22333010,I,360010,1360052,Region,..Dhaka,0,,0,1,PRWTFRWWFR,BDDHS2017360010,2017-18,DHS,,,,,1
BGD,Mymensingh,1368427,Total wanted fertility rate,1.8,1,BD,Bangladesh,2017,BD2017DHS,PR_WTFR_W_WFR,22333010,I,360011,1360055,Region,..Mymensingh,0,,0,1,PRWTFRWWFR,BDDHS2017360011,2017-18,DHS,,,,,1
BGD,Khulna,1375315,Total wanted fertility rate,1.5,1,BD,Bangladesh,2017,BD2017DHS,PR_WTFR_W_WFR,22333010,I,360006,1360060,Region,Khulna,0,,0,1,PRWTFRWWFR,BDDHS2017360006,2017-18,DHS,,,,,1
BGD,Rajshahi/Rangpur,1375351,Total wanted fertility rate,1.6,1,BD,Bangladesh,2017,BD2017DHS,PR_WTFR_W_WFR,22333010,I,360007,1360070,Region,Rajshahi/Rangpur,0,,0,1,PRWTFRWWFR,BDDHS2017360007,2017-18,DHS,,,,,
BGD,Rangpur,1382141,Total wanted fertility rate,1.6,1,BD,Bangladesh,2017,BD2017DHS,PR_WTFR_W_WFR,22333010,I,360008,1360080,Region,..Rangpur,0,,0,1,PRWTFRWWFR,BDDHS2017360008,2017-18,DHS,,,,,1
BGD,Rajshahi,1382127,Total wanted fertility rate,1.7,1,BD,Bangladesh,2017,BD2017DHS,PR_WTFR_W_WFR,22333010,I,360009,1360090,Region,..Rajshahi,0,,0,1,PRWTFRWWFR,BDDHS2017360009,2017-18,DHS,,,,,1
BGD,Barishal,2019253,Age specific fertility rate: 15-19,76,0,BD,Bangladesh,2022,BD2022DHS,FE_FRTR_W_A15,11763010,I,360001,1360010,Region,Barishal,0,,0,1,FEFRTRWA15,BDDHS2022360001,2022,DHS,,,,,1
BGD,Barishal,2019254,Age specific fertility rate: 15-19,76,0,BD,Bangladesh,2022,BD2022DHS,FE_FRTR_W_A15,11763010,I,360001,1360010,Region,Barishal,0,,0,1,FEFRTRWA15,BDDHS2022360001,2022,DHS,,,,,1
BGD,Chattogram/Sylhet,2019314,Age specific fertility rate: 15-19,83,0,BD,Bangladesh,2022,BD2022DHS,FE_FRTR_W_A15,11763010,I,360002,1360020,Region,Chattogram/Sylhet,0,,0,1,FEFRTRWA15,BDDHS2022360002,2022,DHS,,,,,
BGD,Chattogram,2019333,Age specific fertility rate: 15-19,94,0,BD,Bangladesh,2022,BD2022DHS,FE_FRTR_W_A15,11763010,I,360003,1360030,Region,..Chattogram,0,,0,1,FEFRTRWA15,BDDHS2022360003,2022,DHS,,,,,1
BGD,Chattogram,2019334,Age specific fertility rate: 15-19,94,0,BD,Bangladesh,2022,BD2022DHS,FE_FRTR_W_A15,11763010,I,360003,1360030,Region,..Chattogram,0,,0,1,FEFRTRWA15,BDDHS2022360003,2022,DHS,,,,,1
BGD,Sylhet,6207857,Age specific fertility rate: 15-19,54,0,BD,Bangladesh,2022,BD2022DHS,FE_FRTR_W_A15,11763010,I,360004,1360040,Region,..Sylhet,0,,0,1,FEFRTRWA15,BDDHS2022360004,2022,DHS,,,,,1
BGD,Sylhet,6207858,Age specific fertility rate: 15-19,54,0,BD,Bangladesh,2022,BD2022DHS,FE_FRTR_W_A15,11763010,I,360004,1360040,Region,..Sylhet,0,,0,1,FEFRTRWA15,BDDHS2022360004,2022,DHS,,,,,1
BGD,Dhaka before 2015,2026755,Age specific fertility rate: 15-19,90,0,BD,Bangladesh,2022,BD2022DHS,FE_FRTR_W_A15,11763010,I,360005,1360050,Region,Dhaka before 2015,0,,0,1,FEFRTRWA15,BDDHS2022360005,2022,DHS,,,,,
BGD,Dhaka,2026809,Age specific fertility rate: 15-19,91,0,BD,Bangladesh,2022,BD2022DHS,FE_FRTR_W_A15,11763010,I,360010,1360052,Region,..Dhaka,0,,0,1,FEFRTRWA15,BDDHS2022360010,2022,DHS,,,,,1
BGD,Dhaka,2026810,Age specific fertility rate: 15-19,91,0,BD,Bangladesh,2022,BD2022DHS,FE_FRTR_W_A15,11763010,I,360010,1360052,Region,..Dhaka,0,,0,1,FEFRTRWA15,BDDHS2022360010,2022,DHS,,,,,1
BGD,Mymensingh,2025921,Age specific fertility rate: 15-19,89,0,BD,Bangladesh,2022,BD2022DHS,FE_FRTR_W_A15,11763010,I,360011,1360055,Region,..Mymensingh,0,,0,1,FEFRTRWA15,BDDHS2022360011,2022,DHS,,,,,1
BGD,Mymensingh,2025922,Age specific fertility rate: 15-19,89,0,BD,Bangladesh,2022,BD2022DHS,FE_FRTR_W_A15,11763010,I,360011,1360055,Region,..Mymensingh,0,,0,1,FEFRTRWA15,BDDHS2022360011,2022,DHS,,,,,1
BGD,Khulna,2011944,Age specific fertility rate: 15-19,101,0,BD,Bangladesh,2022,BD2022DHS,FE_FRTR_W_A15,11763010,I,360006,1360060,Region,Khulna,0,,0,1,FEFRTRWA15,BDDHS2022360006,2022,DHS,,,,,1
BGD,Khulna,2011945,Age specific fertility rate: 15-19,101,0,BD,Bangladesh,2022,BD2022DHS,FE_FRTR_W_A15,11763010,I,360006,1360060,Region,Khulna,0,,0,1,FEFRTRWA15,BDDHS2022360006,2022,DHS,,,,,1
BGD,Rajshahi/Rangpur,2026770,Age specific fertility rate: 15-19,107,0,BD,Bangladesh,2022,BD2022DHS,FE_FRTR_W_A15,11763010,I,360007,1360070,Region,Rajshahi/Rangpur,0,,0,1,FEFRTRWA15,BDDHS2022360007,2022,DHS,,,,,
BGD,Rangpur,2011960,Age specific fertility rate: 15-19,113,0,BD,Bangladesh,2022,BD2022DHS,FE_FRTR_W_A15,11763010,I,360008,1360080,Region,..Rangpur,0,,0,1,FEFRTRWA15,BDDHS2022360008,2022,DHS,,,,,1
BGD,Rangpur,2011961,Age specific fertility rate: 15-19,113,0,BD,Bangladesh,2022,BD2022DHS,FE_FRTR_W_A15,11763010,I,360008,1360080,Region,..Rangpur,0,,0,1,FEFRTRWA15,BDDHS2022360008,2022,DHS,,,,,1
BGD,Rajshahi,6693907,Age specific fertility rate: 15-19,101,0,BD,Bangladesh,2022,BD2022DHS,FE_FRTR_W_A15,11763010,I,360009,1360090,Region,..Rajshahi,0,,0,1,FEFRTRWA15,BDDHS2022360009,2022,DHS,,,,,1
BGD,Rajshahi,6693908,Age specific fertility rate: 15-19,101,0,BD,Bangladesh,2022,BD2022DHS,FE_FRTR_W_A15,11763010,I,360009,1360090,Region,..Rajshahi,0,,0,1,FEFRTRWA15,BDDHS2022360009,2022,DHS,,,,,1
BGD,Barishal,2019239,Age specific fertility rate: 20-24,162,0,BD,Bangladesh,2022,BD2022DHS,FE_FRTR_W_A20,11763020,I,360001,1360010,Region,Barishal,0,,0,1,FEFRTRWA20,BDDHS2022360001,2022,DHS,,,,,1
BGD,Barishal,2019240,Age specific fertility rate: 20-24,162,0,BD,Bangladesh,2022,BD2022DHS,FE_FRTR_W_A20,11763020,I,360001,1360010,Region,Barishal,0,,0,1,FEFRTRWA20,BDDHS2022360001,2022,DHS,,,,,1
BGD,Chattogram/Sylhet,2019276,Age specific fertility rate: 20-24,170,0,BD,Bangladesh,2022,BD2022DHS,FE_FRTR_W_A20,11763020,I,360002,1360020,Region,Chattogram/Sylhet,0,,0,1,FEFRTRWA20,BDDHS2022360002,2022,DHS,,,,,
BGD,Chattogram,2019270,Age specific fertility rate: 20-24,177,0,BD,Bangladesh,2022,BD2022DHS,FE_FRTR_W_A20,11763020,I,360003,1360030,Region,..Chattogram,0,,0,1,FEFRTRWA20,BDDHS2022360003,2022,DHS,,,,,1
BGD,Chattogram,2019271,Age specific fertility rate: 20-24,177,0,BD,Bangladesh,2022,BD2022DHS,FE_FRTR_W_A20,11763020,I,360003,1360030,Region,..Chattogram,0,,0,1,FEFRTRWA20,BDDHS2022360003,2022,DHS,,,,,1
BGD,Sylhet,6207851,Age specific fertility rate: 20-24,151,0,BD,Bangladesh,2022,BD2022DHS,FE_FRTR_W_A20,11763020,I,360004,1360040,Region,..Sylhet,0,,0,1,FEFRTRWA20,BDDHS2022360004,2022,DHS,,,,,1
BGD,Sylhet,6207852,Age specific fertility rate: 20-24,151,0,BD,Bangladesh,2022,BD2022DHS,FE_FRTR_W_A20,11763020,I,360004,1360040,Region,..Sylhet,0,,0,1,FEFRTRWA20,BDDHS2022360004,2022,DHS,,,,,1
BGD,Dhaka before 2015,2026751,Age specific fertility rate: 20-24,148,0,BD,Bangladesh,2022,BD2022DHS,FE_FRTR_W_A20,11763020,I,360005,1360050,Region,Dhaka before 2015,0,,0,1,FEFRTRWA20,BDDHS2022360005,2022,DHS,,,,,
BGD,Dhaka,2026797,Age specific fertility rate: 20-24,139,0,BD,Bangladesh,2022,BD2022DHS,FE_FRTR_W_A20,11763020,I,360010,1360052,Region,..Dhaka,0,,0,1,FEFRTRWA20,BDDHS2022360010,2022,DHS,,,,,1
BGD,Dhaka,2026798,Age specific fertility rate: 20-24,139,0,BD,Bangladesh,2022,BD2022DHS,FE_FRTR_W_A20,11763020,I,360010,1360052,Region,..Dhaka,0,,0,1,FEFRTRWA20,BDDHS2022360010,2022,DHS,,,,,1
BGD,Mymensingh,2025923,Age specific fertility rate: 20-24,181,0,BD,Bangladesh,2022,BD2022DHS,FE_FRTR_W_A20,11763020,I,360011,1360055,Region,..Mymensingh,0,,0,1,FEFRTRWA20,BDDHS2022360011,2022,DHS,,,,,1
BGD,Mymensingh,2025924,Age specific fertility rate: 20-24,181,0,BD,Bangladesh,2022,BD2022DHS,FE_FRTR_W_A20,11763020,I,360011,1360055,Region,..Mymensingh,0,,0,1,FEFRTRWA20,BDDHS2022360011,2022,DHS,,,,,1
BGD,Khulna,2011962,Age specific fertility rate: 20-24,144,0,BD,Bangladesh,2022,BD2022DHS,FE_FRTR_W_A20,11763020,I,360006,1360060,Region,Khulna,0,,0,1,FEFRTRWA20,BDDHS2022360006,2022,DHS,,,,,1
BGD,Khulna,2011963,Age specific fertility rate: 20-24,144,0,BD,Bangladesh,2022,BD2022DHS,FE_FRTR_W_A20,11763020,I,360006,1360060,Region,Khulna,0,,0,1,FEFRTRWA20,BDDHS2022360006,2022,DHS,,,,,1
BGD,Rajshahi/Rangpur,2026775,Age specific fertility rate: 20-24,142,0,BD,Bangladesh,2022,BD2022DHS,FE_FRTR_W_A20,11763020,I,360007,1360070,Region,Rajshahi/Rangpur,0,,0,1,FEFRTRWA20,BDDHS2022360007,2022,DHS,,,,,
BGD,Rangpur,2011950,Age specific fertility rate: 20-24,160,0,BD,Bangladesh,2022,BD2022DHS,FE_FRTR_W_A20,11763020,I,360008,1360080,Region,..Rangpur,0,,0,1,FEFRTRWA20,BDDHS2022360008,2022,DHS,,,,,1
BGD,Rangpur,2011951,Age specific fertility rate: 20-24,160,0,BD,Bangladesh,2022,BD2022DHS,FE_FRTR_W_A20,11763020,I,360008,1360080,Region,..Rangpur,0,,0,1,FEFRTRWA20,BDDHS2022360008,2022,DHS,,,,,1
BGD,Rajshahi,6693889,Age specific fertility rate: 20-24,124,0,BD,Bangladesh,2022,BD2022DHS,FE_FRTR_W_A20,11763020,I,360009,1360090,Region,..Rajshahi,0,,0,1,FEFRTRWA20,BDDHS2022360009,2022,DHS,,,,,1
BGD,Rajshahi,6693888,Age specific fertility rate: 20-24,124,0,BD,Bangladesh,2022,BD2022DHS,FE_FRTR_W_A20,11763020,I,360009,1360090,Region,..Rajshahi,0,,0,1,FEFRTRWA20,BDDHS2022360009,2022,DHS,,,,,1
BGD,Barishal,2019247,Age specific fertility rate: 25-29,142,0,BD,Bangladesh,2022,BD2022DHS,FE_FRTR_W_A25,11763030,I,360001,1360010,Region,Barishal,0,,0,1,FEFRTRWA25,BDDHS2022360001,2022,DHS,,,,,1
BGD,Barishal,2019248,Age specific fertility rate: 25-29,142,0,BD,Bangladesh,2022,BD2022DHS,FE_FRTR_W_A25,11763030,I,360001,1360010,Region,Barishal,0,,0,1,FEFRTRWA25,BDDHS2022360001,2022,DHS,,,,,1
BGD,Chattogram/Sylhet,2019277,Age specific fertility rate: 25-29,134,0,BD,Bangladesh,2022,BD2022DHS,FE_FRTR_W_A25,11763030,I,360002,1360020,Region,Chattogram/Sylhet,0,,0,1,FEFRTRWA25,BDDHS2022360002,2022,DHS,,,,,
BGD,Chattogram,2019283,Age specific fertility rate: 25-29,134,0,BD,Bangladesh,2022,BD2022DHS,FE_FRTR_W_A25,11763030,I,360003,1360030,Region,..Chattogram,0,,0,1,FEFRTRWA25,BDDHS2022360003,2022,DHS,,,,,1
BGD,Chattogram,2019284,Age specific fertility rate: 25-29,134,0,BD,Bangladesh,2022,BD2022DHS,FE_FRTR_W_A25,11763030,I,360003,1360030,Region,..Chattogram,0,,0,1,FEFRTRWA25,BDDHS2022360003,2022,DHS,,,,,1
BGD,Sylhet,6207853,Age specific fertility rate: 25-29,132,0,BD,Bangladesh,2022,BD2022DHS,FE_FRTR_W_A25,11763030,I,360004,1360040,Region,..Sylhet,0,,0,1,FEFRTRWA25,BDDHS2022360004,2022,DHS,,,,,1
BGD,Sylhet,6207854,Age specific fertility rate: 25-29,132,0,BD,Bangladesh,2022,BD2022DHS,FE_FRTR_W_A25,11763030,I,360004,1360040,Region,..Sylhet,0,,0,1,FEFRTRWA25,BDDHS2022360004,2022,DHS,,,,,1
BGD,Dhaka before 2015,2026752,Age specific fertility rate: 25-29,116,0,BD,Bangladesh,2022,BD2022DHS,FE_FRTR_W_A25,11763030,I,360005,1360050,Region,Dhaka before 2015,0,,0,1,FEFRTRWA25,BDDHS2022360005,2022,DHS,,,,,
BGD,Dhaka,2026799,Age specific fertility rate: 25-29,109,0,BD,Bangladesh,2022,BD2022DHS,FE_FRTR_W_A25,11763030,I,360010,1360052,Region,..Dhaka,0,,0,1,FEFRTRWA25,BDDHS2022360010,2022,DHS,,,,,1
BGD,Dhaka,2026800,Age specific fertility rate: 25-29,109,0,BD,Bangladesh,2022,BD2022DHS,FE_FRTR_W_A25,11763030,I,360010,1360052,Region,..Dhaka,0,,0,1,FEFRTRWA25,BDDHS2022360010,2022,DHS,,,,,1
BGD,Mymensingh,2025947,Age specific fertility rate: 25-29,139,0,BD,Bangladesh,2022,BD2022DHS,FE_FRTR_W_A25,11763030,I,360011,1360055,Region,..Mymensingh,0,,0,1,FEFRTRWA25,BDDHS2022360011,2022,DHS,,,,,1
BGD,Mymensingh,2025948,Age specific fertility rate: 25-29,139,0,BD,Bangladesh,2022,BD2022DHS,FE_FRTR_W_A25,11763030,I,360011,1360055,Region,..Mymensingh,0,,0,1,FEFRTRWA25,BDDHS2022360011,2022,DHS,,,,,1
BGD,Khulna,2011964,Age specific fertility rate: 25-29,101,0,BD,Bangladesh,2022,BD2022DHS,FE_FRTR_W_A25,11763030,I,360006,1360060,Region,Khulna,0,,0,1,FEFRTRWA25,BDDHS2022360006,2022,DHS,,,,,1
BGD,Khulna,2011965,Age specific fertility rate: 25-29,101,0,BD,Bangladesh,2022,BD2022DHS,FE_FRTR_W_A25,11763030,I,360006,1360060,Region,Khulna,0,,0,1,FEFRTRWA25,BDDHS2022360006,2022,DHS,,,,,1
BGD,Rajshahi/Rangpur,2026776,Age specific fertility rate: 25-29,119,0,BD,Bangladesh,2022,BD2022DHS,FE_FRTR_W_A25,11763030,I,360007,1360070,Region,Rajshahi/Rangpur,0,,0,1,FEFRTRWA25,BDDHS2022360007,2022,DHS,,,,,
BGD,Rangpur,2011952,Age specific fertility rate: 25-29,123,0,BD,Bangladesh,2022,BD2022DHS,FE_FRTR_W_A25,11763030,I,360008,1360080,Region,..Rangpur,0,,0,1,FEFRTRWA25,BDDHS2022360008,2022,DHS,,,,,1
BGD,Rangpur,2011953,Age specific fertility rate: 25-29,123,0,BD,Bangladesh,2022,BD2022DHS,FE_FRTR_W_A25,11763030,I,360008,1360080,Region,..Rangpur,0,,0,1,FEFRTRWA25,BDDHS2022360008,2022,DHS,,,,,1
BGD,Rajshahi,6693891,Age specific fertility rate: 25-29,114,0,BD,Bangladesh,2022,BD2022DHS,FE_FRTR_W_A25,11763030,I,360009,1360090,Region,..Rajshahi,0,,0,1,FEFRTRWA25,BDDHS2022360009,2022,DHS,,,,,1
BGD,Rajshahi,6693890,Age specific fertility rate: 25-29,114,0,BD,Bangladesh,2022,BD2022DHS,FE_FRTR_W_A25,11763030,I,360009,1360090,Region,..Rajshahi,0,,0,1,FEFRTRWA25,BDDHS2022360009,2022,DHS,,,,,1
BGD,Barishal,2019249,Age specific fertility rate: 30-34,89,0,BD,Bangladesh,2022,BD2022DHS,FE_FRTR_W_A30,11763040,I,360001,1360010,Region,Barishal,0,,0,1,FEFRTRWA30,BDDHS2022360001,2022,DHS,,,,,1
BGD,Barishal,2019250,Age specific fertility rate: 30-34,89,0,BD,Bangladesh,2022,BD2022DHS,FE_FRTR_W_A30,11763040,I,360001,1360010,Region,Barishal,0,,0,1,FEFRTRWA30,BDDHS2022360001,2022,DHS,,,,,1
BGD,Chattogram/Sylhet,2019278,Age specific fertility rate: 30-34,77,0,BD,Bangladesh,2022,BD2022DHS,FE_FRTR_W_A30,11763040,I,360002,1360020,Region,Chattogram/Sylhet,0,,0,1,FEFRTRWA30,BDDHS2022360002,2022,DHS,,,,,
BGD,Chattogram,2019285,Age specific fertility rate: 30-34,78,0,BD,Bangladesh,2022,BD2022DHS,FE_FRTR_W_A30,11763040,I,360003,1360030,Region,..Chattogram,0,,0,1,FEFRTRWA30,BDDHS2022360003,2022,DHS,,,,,1
BGD,Chattogram,2019286,Age specific fertility rate: 30-34,78,0,BD,Bangladesh,2022,BD2022DHS,FE_FRTR_W_A30,11763040,I,360003,1360030,Region,..Chattogram,0,,0,1,FEFRTRWA30,BDDHS2022360003,2022,DHS,,,,,1
BGD,Sylhet,6207871,Age specific fertility rate: 30-34,72,0,BD,Bangladesh,2022,BD2022DHS,FE_FRTR_W_A30,11763040,I,360004,1360040,Region,..Sylhet,0,,0,1,FEFRTRWA30,BDDHS2022360004,2022,DHS,,,,,1
BGD,Sylhet,6207872,Age specific fertility rate: 30-34,72,0,BD,Bangladesh,2022,BD2022DHS,FE_FRTR_W_A30,11763040,I,360004,1360040,Region,..Sylhet,0,,0,1,FEFRTRWA30,BDDHS2022360004,2022,DHS,,,,,1
BGD,Dhaka before 2015,2026753,Age specific fertility rate: 30-34,75,0,BD,Bangladesh,2022,BD2022DHS,FE_FRTR_W_A30,11763040,I,360005,1360050,Region,Dhaka before 2015,0,,0,1,FEFRTRWA30,BDDHS2022360005,2022,DHS,,,,,
BGD,Dhaka,2026801,Age specific fertility rate: 30-34,72,0,BD,Bangladesh,2022,BD2022DHS,FE_FRTR_W_A30,11763040,I,360010,1360052,Region,..Dhaka,0,,0,1,FEFRTRWA30,BDDHS2022360010,2022,DHS,,,,,1
BGD,Dhaka,2026802,Age specific fertility rate: 30-34,72,0,BD,Bangladesh,2022,BD2022DHS,FE_FRTR_W_A30,11763040,I,360010,1360052,Region,..Dhaka,0,,0,1,FEFRTRWA30,BDDHS2022360010,2022,DHS,,,,,1
BGD,Mymensingh,2025949,Age specific fertility rate: 30-34,85,0,BD,Bangladesh,2022,BD2022DHS,FE_FRTR_W_A30,11763040,I,360011,1360055,Region,..Mymensingh,0,,0,1,FEFRTRWA30,BDDHS2022360011,2022,DHS,,,,,1
BGD,Mymensingh,2025950,Age specific fertility rate: 30-34,85,0,BD,Bangladesh,2022,BD2022DHS,FE_FRTR_W_A30,11763040,I,360011,1360055,Region,..Mymensingh,0,,0,1,FEFRTRWA30,BDDHS2022360011,2022,DHS,,,,,1
BGD,Khulna,2011966,Age specific fertility rate: 30-34,71,0,BD,Bangladesh,2022,BD2022DHS,FE_FRTR_W_A30,11763040,I,360006,1360060,Region,Khulna,0,,0,1,FEFRTRWA30,BDDHS2022360006,2022,DHS,,,,,1
BGD,Khulna,2011967,Age specific fertility rate: 30-34,71,0,BD,Bangladesh,2022,BD2022DHS,FE_FRTR_W_A30,11763040,I,360006,1360060,Region,Khulna,0,,0,1,FEFRTRWA30,BDDHS2022360006,2022,DHS,,,,,1
BGD,Rajshahi/Rangpur,2026777,Age specific fertility rate: 30-34,60,0,BD,Bangladesh,2022,BD2022DHS,FE_FRTR_W_A30,11763040,I,360007,1360070,Region,Rajshahi/Rangpur,0,,0,1,FEFRTRWA30,BDDHS2022360007,2022,DHS,,,,,
BGD,Rangpur,2011954,Age specific fertility rate: 30-34,68,0,BD,Bangladesh,2022,BD2022DHS,FE_FRTR_W_A30,11763040,I,360008,1360080,Region,..Rangpur,0,,0,1,FEFRTRWA30,BDDHS2022360008,2022,DHS,,,,,1
BGD,Rangpur,2011955,Age specific fertility rate: 30-34,68,0,BD,Bangladesh,2022,BD2022DHS,FE_FRTR_W_A30,11763040,I,360008,1360080,Region,..Rangpur,0,,0,1,FEFRTRWA30,BDDHS2022360008,2022,DHS,,,,,1
BGD,Rajshahi,6693893,Age specific fertility rate: 30-34,54,0,BD,Bangladesh,2022,BD2022DHS,FE_FRTR_W_A30,11763040,I,360009,1360090,Region,..Rajshahi,0,,0,1,FEFRTRWA30,BDDHS2022360009,2022,DHS,,,,,1
BGD,Rajshahi,6693892,Age specific fertility rate: 30-34,54,0,BD,Bangladesh,2022,BD2022DHS,FE_FRTR_W_A30,11763040,I,360009,1360090,Region,..Rajshahi,0,,0,1,FEFRTRWA30,BDDHS2022360009,2022,DHS,,,,,1
BGD,Barishal,2019297,Age specific fertility rate: 35-39,27,0,BD,Bangladesh,2022,BD2022DHS,FE_FRTR_W_A35,11763050,I,360001,1360010,Region,Barishal,0,,0,1,FEFRTRWA35,BDDHS2022360001,2022,DHS,,,,,1
BGD,Barishal,2019298,Age specific fertility rate: 35-39,27,0,BD,Bangladesh,2022,BD2022DHS,FE_FRTR_W_A35,11763050,I,360001,1360010,Region,Barishal,0,,0,1,FEFRTRWA35,BDDHS2022360001,2022,DHS,,,,,1
BGD,Chattogram/Sylhet,2019279,Age specific fertility rate: 35-39,29,0,BD,Bangladesh,2022,BD2022DHS,FE_FRTR_W_A35,11763050,I,360002,1360020,Region,Chattogram/Sylhet,0,,0,1,FEFRTRWA35,BDDHS2022360002,2022,DHS,,,,,
BGD,Chattogram,2019287,Age specific fertility rate: 35-39,27,0,BD,Bangladesh,2022,BD2022DHS,FE_FRTR_W_A35,11763050,I,360003,1360030,Region,..Chattogram,0,,0,1,FEFRTRWA35,BDDHS2022360003,2022,DHS,,,,,1
BGD,Chattogram,2019288,Age specific fertility rate: 35-39,27,0,BD,Bangladesh,2022,BD2022DHS,FE_FRTR_W_A35,11763050,I,360003,1360030,Region,..Chattogram,0,,0,1,FEFRTRWA35,BDDHS2022360003,2022,DHS,,,,,1
BGD,Sylhet,6207874,Age specific fertility rate: 35-39,34,0,BD,Bangladesh,2022,BD2022DHS,FE_FRTR_W_A35,11763050,I,360004,1360040,Region,..Sylhet,0,,0,1,FEFRTRWA35,BDDHS2022360004,2022,DHS,,,,,1
BGD,Sylhet,6207873,Age specific fertility rate: 35-39,34,0,BD,Bangladesh,2022,BD2022DHS,FE_FRTR_W_A35,11763050,I,360004,1360040,Region,..Sylhet,0,,0,1,FEFRTRWA35,BDDHS2022360004,2022,DHS,,,,,1
BGD,Dhaka before 2015,2026760,Age specific fertility rate: 35-39,27,0,BD,Bangladesh,2022,BD2022DHS,FE_FRTR_W_A35,11763050,I,360005,1360050,Region,Dhaka before 2015,0,,0,1,FEFRTRWA35,BDDHS2022360005,2022,DHS,,,,,
BGD,Dhaka,2026803,Age specific fertility rate: 35-39,25,0,BD,Bangladesh,2022,BD2022DHS,FE_FRTR_W_A35,11763050,I,360010,1360052,Region,..Dhaka,0,,0,1,FEFRTRWA35,BDDHS2022360010,2022,DHS,,,,,1
BGD,Dhaka,2026804,Age specific fertility rate: 35-39,25,0,BD,Bangladesh,2022,BD2022DHS,FE_FRTR_W_A35,11763050,I,360010,1360052,Region,..Dhaka,0,,0,1,FEFRTRWA35,BDDHS2022360010,2022,DHS,,,,,1
BGD,Mymensingh,2025951,Age specific fertility rate: 35-39,33,0,BD,Bangladesh,2022,BD2022DHS,FE_FRTR_W_A35,11763050,I,360011,1360055,Region,..Mymensingh,0,,0,1,FEFRTRWA35,BDDHS2022360011,2022,DHS,,,,,1
BGD,Mymensingh,2025952,Age specific fertility rate: 35-39,33,0,BD,Bangladesh,2022,BD2022DHS,FE_FRTR_W_A35,11763050,I,360011,1360055,Region,..Mymensingh,0,,0,1,FEFRTRWA35,BDDHS2022360011,2022,DHS,,,,,1
BGD,Khulna,2011968,Age specific fertility rate: 35-39,19,0,BD,Bangladesh,2022,BD2022DHS,FE_FRTR_W_A35,11763050,I,360006,1360060,Region,Khulna,0,,0,1,FEFRTRWA35,BDDHS2022360006,2022,DHS,,,,,1
BGD,Khulna,2011969,Age specific fertility rate: 35-39,19,0,BD,Bangladesh,2022,BD2022DHS,FE_FRTR_W_A35,11763050,I,360006,1360060,Region,Khulna,0,,0,1,FEFRTRWA35,BDDHS2022360006,2022,DHS,,,,,1
BGD,Rajshahi/Rangpur,2026778,Age specific fertility rate: 35-39,17,0,BD,Bangladesh,2022,BD2022DHS,FE_FRTR_W_A35,11763050,I,360007,1360070,Region,Rajshahi/Rangpur,0,,0,1,FEFRTRWA35,BDDHS2022360007,2022,DHS,,,,,
BGD,Rangpur,2011956,Age specific fertility rate: 35-39,25,0,BD,Bangladesh,2022,BD2022DHS,FE_FRTR_W_A35,11763050,I,360008,1360080,Region,..Rangpur,0,,0,1,FEFRTRWA35,BDDHS2022360008,2022,DHS,,,,,1
BGD,Rangpur,2011957,Age specific fertility rate: 35-39,25,0,BD,Bangladesh,2022,BD2022DHS,FE_FRTR_W_A35,11763050,I,360008,1360080,Region,..Rangpur,0,,0,1,FEFRTRWA35,BDDHS2022360008,2022,DHS,,,,,1
BGD,Rajshahi,6693896,Age specific fertility rate: 35-39,10,0,BD,Bangladesh,2022,BD2022DHS,FE_FRTR_W_A35,11763050,I,360009,1360090,Region,..Rajshahi,0,,0,1,FEFRTRWA35,BDDHS2022360009,2022,DHS,,,,,1
BGD,Rajshahi,6693895,Age specific fertility rate: 35-39,10,0,BD,Bangladesh,2022,BD2022DHS,FE_FRTR_W_A35,11763050,I,360009,1360090,Region,..Rajshahi,0,,0,1,FEFRTRWA35,BDDHS2022360009,2022,DHS,,,,,1
BGD,Barishal,2019255,Age specific fertility rate: 40-44,6,0,BD,Bangladesh,2022,BD2022DHS,FE_FRTR_W_A40,11763060,I,360001,1360010,Region,Barishal,0,,0,1,FEFRTRWA40,BDDHS2022360001,2022,DHS,,,,,1
BGD,Barishal,2019256,Age specific fertility rate: 40-44,6,0,BD,Bangladesh,2022,BD2022DHS,FE_FRTR_W_A40,11763060,I,360001,1360010,Region,Barishal,0,,0,1,FEFRTRWA40,BDDHS2022360001,2022,DHS,,,,,1
BGD,Chattogram/Sylhet,2019315,Age specific fertility rate: 40-44,5,0,BD,Bangladesh,2022,BD2022DHS,FE_FRTR_W_A40,11763060,I,360002,1360020,Region,Chattogram/Sylhet,0,,0,1,FEFRTRWA40,BDDHS2022360002,2022,DHS,,,,,
BGD,Chattogram,2019335,Age specific fertility rate: 40-44,3,0,BD,Bangladesh,2022,BD2022DHS,FE_FRTR_W_A40,11763060,I,360003,1360030,Region,..Chattogram,0,,0,1,FEFRTRWA40,BDDHS2022360003,2022,DHS,,,,,1
BGD,Chattogram,2019336,Age specific fertility rate: 40-44,3,0,BD,Bangladesh,2022,BD2022DHS,FE_FRTR_W_A40,11763060,I,360003,1360030,Region,..Chattogram,0,,0,1,FEFRTRWA40,BDDHS2022360003,2022,DHS,,,,,1
BGD,Sylhet,6207867,Age specific fertility rate: 40-44,9,0,BD,Bangladesh,2022,BD2022DHS,FE_FRTR_W_A40,11763060,I,360004,1360040,Region,..Sylhet,0,,0,1,FEFRTRWA40,BDDHS2022360004,2022,DHS,,,,,1
BGD,Sylhet,6207868,Age specific fertility rate: 40-44,9,0,BD,Bangladesh,2022,BD2022DHS,FE_FRTR_W_A40,11763060,I,360004,1360040,Region,..Sylhet,0,,0,1,FEFRTRWA40,BDDHS2022360004,2022,DHS,,,,,1
BGD,Dhaka before 2015,2026756,Age specific fertility rate: 40-44,5,0,BD,Bangladesh,2022,BD2022DHS,FE_FRTR_W_A40,11763060,I,360005,1360050,Region,Dhaka before 2015,0,,0,1,FEFRTRWA40,BDDHS2022360005,2022,DHS,,,,,
BGD,Dhaka,2026811,Age specific fertility rate: 40-44,4,0,BD,Bangladesh,2022,BD2022DHS,FE_FRTR_W_A40,11763060,I,360010,1360052,Region,..Dhaka,0,,0,1,FEFRTRWA40,BDDHS2022360010,2022,DHS,,,,,1
BGD,Dhaka,2026812,Age specific fertility rate: 40-44,4,0,BD,Bangladesh,2022,BD2022DHS,FE_FRTR_W_A40,11763060,I,360010,1360052,Region,..Dhaka,0,,0,1,FEFRTRWA40,BDDHS2022360010,2022,DHS,,,,,1
BGD,Mymensingh,2025943,Age specific fertility rate: 40-44,8,0,BD,Bangladesh,2022,BD2022DHS,FE_FRTR_W_A40,11763060,I,360011,1360055,Region,..Mymensingh,0,,0,1,FEFRTRWA40,BDDHS2022360011,2022,DHS,,,,,1
BGD,Mymensingh,2025944,Age specific fertility rate: 40-44,8,0,BD,Bangladesh,2022,BD2022DHS,FE_FRTR_W_A40,11763060,I,360011,1360055,Region,..Mymensingh,0,,0,1,FEFRTRWA40,BDDHS2022360011,2022,DHS,,,,,1
BGD,Khulna,2011946,Age specific fertility rate: 40-44,2,0,BD,Bangladesh,2022,BD2022DHS,FE_FRTR_W_A40,11763060,I,360006,1360060,Region,Khulna,0,,0,1,FEFRTRWA40,BDDHS2022360006,2022,DHS,,,,,1
BGD,Khulna,2011947,Age specific fertility rate: 40-44,2,0,BD,Bangladesh,2022,BD2022DHS,FE_FRTR_W_A40,11763060,I,360006,1360060,Region,Khulna,0,,0,1,FEFRTRWA40,BDDHS2022360006,2022,DHS,,,,,1
BGD,Rajshahi/Rangpur,2026771,Age specific fertility rate: 40-44,2,0,BD,Bangladesh,2022,BD2022DHS,FE_FRTR_W_A40,11763060,I,360007,1360070,Region,Rajshahi/Rangpur,0,,0,1,FEFRTRWA40,BDDHS2022360007,2022,DHS,,,,,
BGD,Rangpur,2012007,Age specific fertility rate: 40-44,3,0,BD,Bangladesh,2022,BD2022DHS,FE_FRTR_W_A40,11763060,I,360008,1360080,Region,..Rangpur,0,,0,1,FEFRTRWA40,BDDHS2022360008,2022,DHS,,,,,1
BGD,Rangpur,2012008,Age specific fertility rate: 40-44,3,0,BD,Bangladesh,2022,BD2022DHS,FE_FRTR_W_A40,11763060,I,360008,1360080,Region,..Rangpur,0,,0,1,FEFRTRWA40,BDDHS2022360008,2022,DHS,,,,,1
BGD,Rajshahi,6693909,Age specific fertility rate: 40-44,2,0,BD,Bangladesh,2022,BD2022DHS,FE_FRTR_W_A40,11763060,I,360009,1360090,Region,..Rajshahi,0,,0,1,FEFRTRWA40,BDDHS2022360009,2022,DHS,,,,,1
BGD,Rajshahi,6693910,Age specific fertility rate: 40-44,2,0,BD,Bangladesh,2022,BD2022DHS,FE_FRTR_W_A40,11763060,I,360009,1360090,Region,..Rajshahi,0,,0,1,FEFRTRWA40,BDDHS2022360009,2022,DHS,,,,,1
BGD,Barishal,2019295,Age specific fertility rate: 45-49,2,0,BD,Bangladesh,2022,BD2022DHS,FE_FRTR_W_A45,11763070,I,360001,1360010,Region,Barishal,0,,0,1,FEFRTRWA45,BDDHS2022360001,2022,DHS,,,,,1
BGD,Barishal,2019296,Age specific fertility rate: 45-49,2,0,BD,Bangladesh,2022,BD2022DHS,FE_FRTR_W_A45,11763070,I,360001,1360010,Region,Barishal,0,,0,1,FEFRTRWA45,BDDHS2022360001,2022,DHS,,,,,1
BGD,Chattogram/Sylhet,2019280,Age specific fertility rate: 45-49,1,0,BD,Bangladesh,2022,BD2022DHS,FE_FRTR_W_A45,11763070,I,360002,1360020,Region,Chattogram/Sylhet,0,,0,1,FEFRTRWA45,BDDHS2022360002,2022,DHS,,,,,
BGD,Chattogram,2019289,Age specific fertility rate: 45-49,1,0,BD,Bangladesh,2022,BD2022DHS,FE_FRTR_W_A45,11763070,I,360003,1360030,Region,..Chattogram,0,,0,1,FEFRTRWA45,BDDHS2022360003,2022,DHS,,,,,1
BGD,Chattogram,2019290,Age specific fertility rate: 45-49,1,0,BD,Bangladesh,2022,BD2022DHS,FE_FRTR_W_A45,11763070,I,360003,1360030,Region,..Chattogram,0,,0,1,FEFRTRWA45,BDDHS2022360003,2022,DHS,,,,,1
BGD,Sylhet,6207859,Age specific fertility rate: 45-49,2,0,BD,Bangladesh,2022,BD2022DHS,FE_FRTR_W_A45,11763070,I,360004,1360040,Region,..Sylhet,0,,0,1,FEFRTRWA45,BDDHS2022360004,2022,DHS,,,,,1
BGD,Sylhet,6207860,Age specific fertility rate: 45-49,2,0,BD,Bangladesh,2022,BD2022DHS,FE_FRTR_W_A45,11763070,I,360004,1360040,Region,..Sylhet,0,,0,1,FEFRTRWA45,BDDHS2022360004,2022,DHS,,,,,1
BGD,Dhaka before 2015,2026758,Age specific fertility rate: 45-49,1,0,BD,Bangladesh,2022,BD2022DHS,FE_FRTR_W_A45,11763070,I,360005,1360050,Region,Dhaka before 2015,0,,0,1,FEFRTRWA45,BDDHS2022360005,2022,DHS,,,,,
BGD,Dhaka,2026815,Age specific fertility rate: 45-49,1,0,BD,Bangladesh,2022,BD2022DHS,FE_FRTR_W_A45,11763070,I,360010,1360052,Region,..Dhaka,0,,0,1,FEFRTRWA45,BDDHS2022360010,2022,DHS,,,,,1
BGD,Dhaka,2026816,Age specific fertility rate: 45-49,1,0,BD,Bangladesh,2022,BD2022DHS,FE_FRTR_W_A45,11763070,I,360010,1360052,Region,..Dhaka,0,,0,1,FEFRTRWA45,BDDHS2022360010,2022,DHS,,,,,1
BGD,Mymensingh,2025953,Age specific fertility rate: 45-49,2,0,BD,Bangladesh,2022,BD2022DHS,FE_FRTR_W_A45,11763070,I,360011,1360055,Region,..Mymensingh,0,,0,1,FEFRTRWA45,BDDHS2022360011,2022,DHS,,,,,1
BGD,Mymensingh,2025954,Age specific fertility rate: 45-49,2,0,BD,Bangladesh,2022,BD2022DHS,FE_FRTR_W_A45,11763070,I,360011,1360055,Region,..Mymensingh,0,,0,1,FEFRTRWA45,BDDHS2022360011,2022,DHS,,,,,1
BGD,Khulna,2011934,Age specific fertility rate: 45-49,1,0,BD,Bangladesh,2022,BD2022DHS,FE_FRTR_W_A45,11763070,I,360006,1360060,Region,Khulna,0,,0,1,FEFRTRWA45,BDDHS2022360006,2022,DHS,,,,,1
BGD,Khulna,2011935,Age specific fertility rate: 45-49,1,0,BD,Bangladesh,2022,BD2022DHS,FE_FRTR_W_A45,11763070,I,360006,1360060,Region,Khulna,0,,0,1,FEFRTRWA45,BDDHS2022360006,2022,DHS,,,,,1
BGD,Rajshahi/Rangpur,2026773,Age specific fertility rate: 45-49,1,0,BD,Bangladesh,2022,BD2022DHS,FE_FRTR_W_A45,11763070,I,360007,1360070,Region,Rajshahi/Rangpur,0,,0,1,FEFRTRWA45,BDDHS2022360007,2022,DHS,,,,,
BGD,Rangpur,2011919,Age specific fertility rate: 45-49,2,0,BD,Bangladesh,2022,BD2022DHS,FE_FRTR_W_A45,11763070,I,360008,1360080,Region,..Rangpur,0,,0,1,FEFRTRWA45,BDDHS2022360008,2022,DHS,,,,,1
BGD,Rangpur,2011920,Age specific fertility rate: 45-49,2,0,BD,Bangladesh,2022,BD2022DHS,FE_FRTR_W_A45,11763070,I,360008,1360080,Region,..Rangpur,0,,0,1,FEFRTRWA45,BDDHS2022360008,2022,DHS,,,,,1
BGD,Rajshahi,6693897,Age specific fertility rate: 45-49,0,0,BD,Bangladesh,2022,BD2022DHS,FE_FRTR_W_A45,11763070,I,360009,1360090,Region,..Rajshahi,0,,0,1,FEFRTRWA45,BDDHS2022360009,2022,DHS,,,,,1
BGD,Rajshahi,6693898,Age specific fertility rate: 45-49,0,0,BD,Bangladesh,2022,BD2022DHS,FE_FRTR_W_A45,11763070,I,360009,1360090,Region,..Rajshahi,0,,0,1,FEFRTRWA45,BDDHS2022360009,2022,DHS,,,,,1
BGD,Barishal,2019257,Total fertility rate 15-49,2.5,1,BD,Bangladesh,2022,BD2022DHS,FE_FRTR_W_TFR,11763080,I,360001,1360010,Region,Barishal,0,,0,1,FEFRTRWTFR,BDDHS2022360001,2022,DHS,,,,,1
BGD,Barishal,2019258,Total fertility rate 15-49,2.5,1,BD,Bangladesh,2022,BD2022DHS,FE_FRTR_W_TFR,11763080,I,360001,1360010,Region,Barishal,0,,0,1,FEFRTRWTFR,BDDHS2022360001,2022,DHS,,,,,1
BGD,Chattogram/Sylhet,2019316,Total fertility rate 15-49,2.5,1,BD,Bangladesh,2022,BD2022DHS,FE_FRTR_W_TFR,11763080,I,360002,1360020,Region,Chattogram/Sylhet,0,,0,1,FEFRTRWTFR,BDDHS2022360002,2022,DHS,,,,,
BGD,Chattogram,2019337,Total fertility rate 15-49,2.6,1,BD,Bangladesh,2022,BD2022DHS,FE_FRTR_W_TFR,11763080,I,360003,1360030,Region,..Chattogram,0,,0,1,FEFRTRWTFR,BDDHS2022360003,2022,DHS,,,,,1
BGD,Chattogram,2019338,Total fertility rate 15-49,2.6,1,BD,Bangladesh,2022,BD2022DHS,FE_FRTR_W_TFR,11763080,I,360003,1360030,Region,..Chattogram,0,,0,1,FEFRTRWTFR,BDDHS2022360003,2022,DHS,,,,,1
BGD,Sylhet,6207869,Total fertility rate 15-49,2.3,1,BD,Bangladesh,2022,BD2022DHS,FE_FRTR_W_TFR,11763080,I,360004,1360040,Region,..Sylhet,0,,0,1,FEFRTRWTFR,BDDHS2022360004,2022,DHS,,,,,1
BGD,Sylhet,6207870,Total fertility rate 15-49,2.3,1,BD,Bangladesh,2022,BD2022DHS,FE_FRTR_W_TFR,11763080,I,360004,1360040,Region,..Sylhet,0,,0,1,FEFRTRWTFR,BDDHS2022360004,2022,DHS,,,,,1
BGD,Dhaka before 2015,2026757,Total fertility rate 15-49,2.3,1,BD,Bangladesh,2022,BD2022DHS,FE_FRTR_W_TFR,11763080,I,360005,1360050,Region,Dhaka before 2015,0,,0,1,FEFRTRWTFR,BDDHS2022360005,2022,DHS,,,,,
BGD,Dhaka,2026813,Total fertility rate 15-49,2.2,1,BD,Bangladesh,2022,BD2022DHS,FE_FRTR_W_TFR,11763080,I,360010,1360052,Region,..Dhaka,0,,0,1,FEFRTRWTFR,BDDHS2022360010,2022,DHS,,,,,1
BGD,Dhaka,2026814,Total fertility rate 15-49,2.2,1,BD,Bangladesh,2022,BD2022DHS,FE_FRTR_W_TFR,11763080,I,360010,1360052,Region,..Dhaka,0,,0,1,FEFRTRWTFR,BDDHS2022360010,2022,DHS,,,,,1
BGD,Mymensingh,2025945,Total fertility rate 15-49,2.7,1,BD,Bangladesh,2022,BD2022DHS,FE_FRTR_W_TFR,11763080,I,360011,1360055,Region,..Mymensingh,0,,0,1,FEFRTRWTFR,BDDHS2022360011,2022,DHS,,,,,1
BGD,Mymensingh,2025946,Total fertility rate 15-49,2.7,1,BD,Bangladesh,2022,BD2022DHS,FE_FRTR_W_TFR,11763080,I,360011,1360055,Region,..Mymensingh,0,,0,1,FEFRTRWTFR,BDDHS2022360011,2022,DHS,,,,,1
BGD,Khulna,2011948,Total fertility rate 15-49,2.2,1,BD,Bangladesh,2022,BD2022DHS,FE_FRTR_W_TFR,11763080,I,360006,1360060,Region,Khulna,0,,0,1,FEFRTRWTFR,BDDHS2022360006,2022,DHS,,,,,1
BGD,Khulna,2011949,Total fertility rate 15-49,2.2,1,BD,Bangladesh,2022,BD2022DHS,FE_FRTR_W_TFR,11763080,I,360006,1360060,Region,Khulna,0,,0,1,FEFRTRWTFR,BDDHS2022360006,2022,DHS,,,,,1
BGD,Rajshahi/Rangpur,2026772,Total fertility rate 15-49,2.2,1,BD,Bangladesh,2022,BD2022DHS,FE_FRTR_W_TFR,11763080,I,360007,1360070,Region,Rajshahi/Rangpur,0,,0,1,FEFRTRWTFR,BDDHS2022360007,2022,DHS,,,,,
BGD,Rangpur,2012009,Total fertility rate 15-49,2.5,1,BD,Bangladesh,2022,BD2022DHS,FE_FRTR_W_TFR,11763080,I,360008,1360080,Region,..Rangpur,0,,0,1,FEFRTRWTFR,BDDHS2022360008,2022,DHS,,,,,1
BGD,Rangpur,2012010,Total fertility rate 15-49,2.5,1,BD,Bangladesh,2022,BD2022DHS,FE_FRTR_W_TFR,11763080,I,360008,1360080,Region,..Rangpur,0,,0,1,FEFRTRWTFR,BDDHS2022360008,2022,DHS,,,,,1
BGD,Rajshahi,6693911,Total fertility rate 15-49,2,1,BD,Bangladesh,2022,BD2022DHS,FE_FRTR_W_TFR,11763080,I,360009,1360090,Region,..Rajshahi,0,,0,1,FEFRTRWTFR,BDDHS2022360009,2022,DHS,,,,,1
BGD,Rajshahi,6693912,Total fertility rate 15-49,2,1,BD,Bangladesh,2022,BD2022DHS,FE_FRTR_W_TFR,11763080,I,360009,1360090,Region,..Rajshahi,0,,0,1,FEFRTRWTFR,BDDHS2022360009,2022,DHS,,,,,1
BGD,Barishal,2019301,Total fertility rate 15-44,2.5,1,BD,Bangladesh,2022,BD2022DHS,FE_FRTR_W_TF4,11763090,I,360001,1360010,Region,Barishal,0,,0,1,FEFRTRWTF4,BDDHS2022360001,2022,DHS,,,,,1
BGD,Barishal,2019302,Total fertility rate 15-44,2.5,1,BD,Bangladesh,2022,BD2022DHS,FE_FRTR_W_TF4,11763090,I,360001,1360010,Region,Barishal,0,,0,1,FEFRTRWTF4,BDDHS2022360001,2022,DHS,,,,,1
BGD,Chattogram/Sylhet,2019281,Total fertility rate 15-44,2.5,1,BD,Bangladesh,2022,BD2022DHS,FE_FRTR_W_TF4,11763090,I,360002,1360020,Region,Chattogram/Sylhet,0,,0,1,FEFRTRWTF4,BDDHS2022360002,2022,DHS,,,,,
BGD,Chattogram,2019291,Total fertility rate 15-44,2.6,1,BD,Bangladesh,2022,BD2022DHS,FE_FRTR_W_TF4,11763090,I,360003,1360030,Region,..Chattogram,0,,0,1,FEFRTRWTF4,BDDHS2022360003,2022,DHS,,,,,1
BGD,Chattogram,2019292,Total fertility rate 15-44,2.6,1,BD,Bangladesh,2022,BD2022DHS,FE_FRTR_W_TF4,11763090,I,360003,1360030,Region,..Chattogram,0,,0,1,FEFRTRWTF4,BDDHS2022360003,2022,DHS,,,,,1
BGD,Sylhet,6207861,Total fertility rate 15-44,2.3,1,BD,Bangladesh,2022,BD2022DHS,FE_FRTR_W_TF4,11763090,I,360004,1360040,Region,..Sylhet,0,,0,1,FEFRTRWTF4,BDDHS2022360004,2022,DHS,,,,,1
BGD,Sylhet,6207862,Total fertility rate 15-44,2.3,1,BD,Bangladesh,2022,BD2022DHS,FE_FRTR_W_TF4,11763090,I,360004,1360040,Region,..Sylhet,0,,0,1,FEFRTRWTF4,BDDHS2022360004,2022,DHS,,,,,1
BGD,Dhaka before 2015,2026759,Total fertility rate 15-44,2.3,1,BD,Bangladesh,2022,BD2022DHS,FE_FRTR_W_TF4,11763090,I,360005,1360050,Region,Dhaka before 2015,0,,0,1,FEFRTRWTF4,BDDHS2022360005,2022,DHS,,,,,
BGD,Dhaka,2026817,Total fertility rate 15-44,2.2,1,BD,Bangladesh,2022,BD2022DHS,FE_FRTR_W_TF4,11763090,I,360010,1360052,Region,..Dhaka,0,,0,1,FEFRTRWTF4,BDDHS2022360010,2022,DHS,,,,,1
BGD,Dhaka,2026818,Total fertility rate 15-44,2.2,1,BD,Bangladesh,2022,BD2022DHS,FE_FRTR_W_TF4,11763090,I,360010,1360052,Region,..Dhaka,0,,0,1,FEFRTRWTF4,BDDHS2022360010,2022,DHS,,,,,1
BGD,Mymensingh,2025955,Total fertility rate 15-44,2.7,1,BD,Bangladesh,2022,BD2022DHS,FE_FRTR_W_TF4,11763090,I,360011,1360055,Region,..Mymensingh,0,,0,1,FEFRTRWTF4,BDDHS2022360011,2022,DHS,,,,,1
BGD,Mymensingh,2025956,Total fertility rate 15-44,2.7,1,BD,Bangladesh,2022,BD2022DHS,FE_FRTR_W_TF4,11763090,I,360011,1360055,Region,..Mymensingh,0,,0,1,FEFRTRWTF4,BDDHS2022360011,2022,DHS,,,,,1
BGD,Khulna,2011936,Total fertility rate 15-44,2.2,1,BD,Bangladesh,2022,BD2022DHS,FE_FRTR_W_TF4,11763090,I,360006,1360060,Region,Khulna,0,,0,1,FEFRTRWTF4,BDDHS2022360006,2022,DHS,,,,,1
BGD,Khulna,2011937,Total fertility rate 15-44,2.2,1,BD,Bangladesh,2022,BD2022DHS,FE_FRTR_W_TF4,11763090,I,360006,1360060,Region,Khulna,0,,0,1,FEFRTRWTF4,BDDHS2022360006,2022,DHS,,,,,1
BGD,Rajshahi/Rangpur,2026774,Total fertility rate 15-44,2.2,1,BD,Bangladesh,2022,BD2022DHS,FE_FRTR_W_TF4,11763090,I,360007,1360070,Region,Rajshahi/Rangpur,0,,0,1,FEFRTRWTF4,BDDHS2022360007,2022,DHS,,,,,
BGD,Rangpur,2011922,Total fertility rate 15-44,2.5,1,BD,Bangladesh,2022,BD2022DHS,FE_FRTR_W_TF4,11763090,I,360008,1360080,Region,..Rangpur,0,,0,1,FEFRTRWTF4,BDDHS2022360008,2022,DHS,,,,,1
BGD,Rangpur,2011923,Total fertility rate 15-44,2.5,1,BD,Bangladesh,2022,BD2022DHS,FE_FRTR_W_TF4,11763090,I,360008,1360080,Region,..Rangpur,0,,0,1,FEFRTRWTF4,BDDHS2022360008,2022,DHS,,,,,1
BGD,Rajshahi,6693899,Total fertility rate 15-44,2,1,BD,Bangladesh,2022,BD2022DHS,FE_FRTR_W_TF4,11763090,I,360009,1360090,Region,..Rajshahi,0,,0,1,FEFRTRWTF4,BDDHS2022360009,2022,DHS,,,,,1
BGD,Rajshahi,6693900,Total fertility rate 15-44,2,1,BD,Bangladesh,2022,BD2022DHS,FE_FRTR_W_TF4,11763090,I,360009,1360090,Region,..Rajshahi,0,,0,1,FEFRTRWTF4,BDDHS2022360009,2022,DHS,,,,,1
BGD,Barishal,2019308,General fertility rate,90,0,BD,Bangladesh,2022,BD2022DHS,FE_FRTR_W_GFR,11763100,I,360001,1360010,Region,Barishal,0,,0,1,FEFRTRWGFR,BDDHS2022360001,2022,DHS,,,,,1
BGD,Barishal,2019309,General fertility rate,90,0,BD,Bangladesh,2022,BD2022DHS,FE_FRTR_W_GFR,11763100,I,360001,1360010,Region,Barishal,0,,0,1,FEFRTRWGFR,BDDHS2022360001,2022,DHS,,,,,1
BGD,Chattogram/Sylhet,2019282,General fertility rate,93,0,BD,Bangladesh,2022,BD2022DHS,FE_FRTR_W_GFR,11763100,I,360002,1360020,Region,Chattogram/Sylhet,0,,0,1,FEFRTRWGFR,BDDHS2022360002,2022,DHS,,,,,
BGD,Chattogram,2019293,General fertility rate,96,0,BD,Bangladesh,2022,BD2022DHS,FE_FRTR_W_GFR,11763100,I,360003,1360030,Region,..Chattogram,0,,0,1,FEFRTRWGFR,BDDHS2022360003,2022,DHS,,,,,1
BGD,Chattogram,2019294,General fertility rate,96,0,BD,Bangladesh,2022,BD2022DHS,FE_FRTR_W_GFR,11763100,I,360003,1360030,Region,..Chattogram,0,,0,1,FEFRTRWGFR,BDDHS2022360003,2022,DHS,,,,,1
BGD,Sylhet,6207863,General fertility rate,83,0,BD,Bangladesh,2022,BD2022DHS,FE_FRTR_W_GFR,11763100,I,360004,1360040,Region,..Sylhet,0,,0,1,FEFRTRWGFR,BDDHS2022360004,2022,DHS,,,,,1
BGD,Sylhet,6207864,General fertility rate,83,0,BD,Bangladesh,2022,BD2022DHS,FE_FRTR_W_GFR,11763100,I,360004,1360040,Region,..Sylhet,0,,0,1,FEFRTRWGFR,BDDHS2022360004,2022,DHS,,,,,1
BGD,Dhaka before 2015,2026762,General fertility rate,84,0,BD,Bangladesh,2022,BD2022DHS,FE_FRTR_W_GFR,11763100,I,360005,1360050,Region,Dhaka before 2015,0,,0,1,FEFRTRWGFR,BDDHS2022360005,2022,DHS,,,,,
BGD,Dhaka,2026824,General fertility rate,80,0,BD,Bangladesh,2022,BD2022DHS,FE_FRTR_W_GFR,11763100,I,360010,1360052,Region,..Dhaka,0,,0,1,FEFRTRWGFR,BDDHS2022360010,2022,DHS,,,,,1
BGD,Dhaka,2026825,General fertility rate,80,0,BD,Bangladesh,2022,BD2022DHS,FE_FRTR_W_GFR,11763100,I,360010,1360052,Region,..Dhaka,0,,0,1,FEFRTRWGFR,BDDHS2022360010,2022,DHS,,,,,1
BGD,Mymensingh,2025937,General fertility rate,97,0,BD,Bangladesh,2022,BD2022DHS,FE_FRTR_W_GFR,11763100,I,360011,1360055,Region,..Mymensingh,0,,0,1,FEFRTRWGFR,BDDHS2022360011,2022,DHS,,,,,1
BGD,Mymensingh,2025938,General fertility rate,97,0,BD,Bangladesh,2022,BD2022DHS,FE_FRTR_W_GFR,11763100,I,360011,1360055,Region,..Mymensingh,0,,0,1,FEFRTRWGFR,BDDHS2022360011,2022,DHS,,,,,1
BGD,Khulna,2011938,General fertility rate,78,0,BD,Bangladesh,2022,BD2022DHS,FE_FRTR_W_GFR,11763100,I,360006,1360060,Region,Khulna,0,,0,1,FEFRTRWGFR,BDDHS2022360006,2022,DHS,,,,,1
BGD,Khulna,2011939,General fertility rate,78,0,BD,Bangladesh,2022,BD2022DHS,FE_FRTR_W_GFR,11763100,I,360006,1360060,Region,Khulna,0,,0,1,FEFRTRWGFR,BDDHS2022360006,2022,DHS,,,,,1
BGD,Rajshahi/Rangpur,2026779,General fertility rate,79,0,BD,Bangladesh,2022,BD2022DHS,FE_FRTR_W_GFR,11763100,I,360007,1360070,Region,Rajshahi/Rangpur,0,,0,1,FEFRTRWGFR,BDDHS2022360007,2022,DHS,,,,,
BGD,Rangpur,2011917,General fertility rate,89,0,BD,Bangladesh,2022,BD2022DHS,FE_FRTR_W_GFR,11763100,I,360008,1360080,Region,..Rangpur,0,,0,1,FEFRTRWGFR,BDDHS2022360008,2022,DHS,,,,,1
BGD,Rangpur,2011918,General fertility rate,89,0,BD,Bangladesh,2022,BD2022DHS,FE_FRTR_W_GFR,11763100,I,360008,1360080,Region,..Rangpur,0,,0,1,FEFRTRWGFR,BDDHS2022360008,2022,DHS,,,,,1
BGD,Rajshahi,6693901,General fertility rate,70,0,BD,Bangladesh,2022,BD2022DHS,FE_FRTR_W_GFR,11763100,I,360009,1360090,Region,..Rajshahi,0,,0,1,FEFRTRWGFR,BDDHS2022360009,2022,DHS,,,,,1
BGD,Rajshahi,6693902,General fertility rate,70,0,BD,Bangladesh,2022,BD2022DHS,FE_FRTR_W_GFR,11763100,I,360009,1360090,Region,..Rajshahi,0,,0,1,FEFRTRWGFR,BDDHS2022360009,2022,DHS,,,,,1
BGD,Barishal,2019310,Crude birth rate,22.9,1,BD,Bangladesh,2022,BD2022DHS,FE_FRTR_W_CBR,11763110,I,360001,1360010,Region,Barishal,0,,0,1,FEFRTRWCBR,BDDHS2022360001,2022,DHS,,,,,1
BGD,Barishal,2019311,Crude birth rate,22.9,1,BD,Bangladesh,2022,BD2022DHS,FE_FRTR_W_CBR,11763110,I,360001,1360010,Region,Barishal,0,,0,1,FEFRTRWCBR,BDDHS2022360001,2022,DHS,,,,,1
BGD,Chattogram/Sylhet,2019312,Crude birth rate,24.6,1,BD,Bangladesh,2022,BD2022DHS,FE_FRTR_W_CBR,11763110,I,360002,1360020,Region,Chattogram/Sylhet,0,,0,1,FEFRTRWCBR,BDDHS2022360002,2022,DHS,,,,,
BGD,Chattogram,2019329,Crude birth rate,25.5,1,BD,Bangladesh,2022,BD2022DHS,FE_FRTR_W_CBR,11763110,I,360003,1360030,Region,..Chattogram,0,,0,1,FEFRTRWCBR,BDDHS2022360003,2022,DHS,,,,,1
BGD,Chattogram,2019330,Crude birth rate,25.5,1,BD,Bangladesh,2022,BD2022DHS,FE_FRTR_W_CBR,11763110,I,360003,1360030,Region,..Chattogram,0,,0,1,FEFRTRWCBR,BDDHS2022360003,2022,DHS,,,,,1
BGD,Sylhet,6207865,Crude birth rate,22.2,1,BD,Bangladesh,2022,BD2022DHS,FE_FRTR_W_CBR,11763110,I,360004,1360040,Region,..Sylhet,0,,0,1,FEFRTRWCBR,BDDHS2022360004,2022,DHS,,,,,1
BGD,Sylhet,6207866,Crude birth rate,22.2,1,BD,Bangladesh,2022,BD2022DHS,FE_FRTR_W_CBR,11763110,I,360004,1360040,Region,..Sylhet,0,,0,1,FEFRTRWCBR,BDDHS2022360004,2022,DHS,,,,,1
BGD,Dhaka before 2015,2026763,Crude birth rate,22,1,BD,Bangladesh,2022,BD2022DHS,FE_FRTR_W_CBR,11763110,I,360005,1360050,Region,Dhaka before 2015,0,,0,1,FEFRTRWCBR,BDDHS2022360005,2022,DHS,,,,,
BGD,Dhaka,2026826,Crude birth rate,21.5,1,BD,Bangladesh,2022,BD2022DHS,FE_FRTR_W_CBR,11763110,I,360010,1360052,Region,..Dhaka,0,,0,1,FEFRTRWCBR,BDDHS2022360010,2022,DHS,,,,,1
BGD,Dhaka,2026827,Crude birth rate,21.5,1,BD,Bangladesh,2022,BD2022DHS,FE_FRTR_W_CBR,11763110,I,360010,1360052,Region,..Dhaka,0,,0,1,FEFRTRWCBR,BDDHS2022360010,2022,DHS,,,,,1
BGD,Mymensingh,2025939,Crude birth rate,23.5,1,BD,Bangladesh,2022,BD2022DHS,FE_FRTR_W_CBR,11763110,I,360011,1360055,Region,..Mymensingh,0,,0,1,FEFRTRWCBR,BDDHS2022360011,2022,DHS,,,,,1
BGD,Mymensingh,2025940,Crude birth rate,23.5,1,BD,Bangladesh,2022,BD2022DHS,FE_FRTR_W_CBR,11763110,I,360011,1360055,Region,..Mymensingh,0,,0,1,FEFRTRWCBR,BDDHS2022360011,2022,DHS,,,,,1
BGD,Khulna,2011940,Crude birth rate,20,1,BD,Bangladesh,2022,BD2022DHS,FE_FRTR_W_CBR,11763110,I,360006,1360060,Region,Khulna,0,,0,1,FEFRTRWCBR,BDDHS2022360006,2022,DHS,,,,,1
BGD,Khulna,2011941,Crude birth rate,20,1,BD,Bangladesh,2022,BD2022DHS,FE_FRTR_W_CBR,11763110,I,360006,1360060,Region,Khulna,0,,0,1,FEFRTRWCBR,BDDHS2022360006,2022,DHS,,,,,1
BGD,Rajshahi/Rangpur,2026852,Crude birth rate,19.6,1,BD,Bangladesh,2022,BD2022DHS,FE_FRTR_W_CBR,11763110,I,360007,1360070,Region,Rajshahi/Rangpur,0,,0,1,FEFRTRWCBR,BDDHS2022360007,2022,DHS,,,,,
BGD,Rangpur,2012011,Crude birth rate,21.9,1,BD,Bangladesh,2022,BD2022DHS,FE_FRTR_W_CBR,11763110,I,360008,1360080,Region,..Rangpur,0,,0,1,FEFRTRWCBR,BDDHS2022360008,2022,DHS,,,,,1
BGD,Rangpur,2012012,Crude birth rate,21.9,1,BD,Bangladesh,2022,BD2022DHS,FE_FRTR_W_CBR,11763110,I,360008,1360080,Region,..Rangpur,0,,0,1,FEFRTRWCBR,BDDHS2022360008,2022,DHS,,,,,1
BGD,Rajshahi,6693903,Crude birth rate,17.6,1,BD,Bangladesh,2022,BD2022DHS,FE_FRTR_W_CBR,11763110,I,360009,1360090,Region,..Rajshahi,0,,0,1,FEFRTRWCBR,BDDHS2022360009,2022,DHS,,,,,1
BGD,Rajshahi,6693904,Crude birth rate,17.6,1,BD,Bangladesh,2022,BD2022DHS,FE_FRTR_W_CBR,11763110,I,360009,1360090,Region,..Rajshahi,0,,0,1,FEFRTRWCBR,BDDHS2022360009,2022,DHS,,,,,1
BGD,Barishal,2024262,Total wanted fertility rate,1.2,1,BD,Bangladesh,2022,BD2022DHS,PR_WTFR_W_WFR,22333010,I,360001,1360010,Region,Barishal,0,,0,1,PRWTFRWWFR,BDDHS2022360001,2022,DHS,,,,,1
BGD,Barishal,2024263,Total wanted fertility rate,1.2,1,BD,Bangladesh,2022,BD2022DHS,PR_WTFR_W_WFR,22333010,I,360001,1360010,Region,Barishal,0,,0,1,PRWTFRWWFR,BDDHS2022360001,2022,DHS,,,,,1
BGD,Chattogram/Sylhet,2024225,Total wanted fertility rate,1.3,1,BD,Bangladesh,2022,BD2022DHS,PR_WTFR_W_WFR,22333010,I,360002,1360020,Region,Chattogram/Sylhet,0,,0,1,PRWTFRWWFR,BDDHS2022360002,2022,DHS,,,,,
BGD,Chattogram,2024220,Total wanted fertility rate,1.3,1,BD,Bangladesh,2022,BD2022DHS,PR_WTFR_W_WFR,22333010,I,360003,1360030,Region,..Chattogram,0,,0,1,PRWTFRWWFR,BDDHS2022360003,2022,DHS,,,,,1
BGD,Chattogram,2024221,Total wanted fertility rate,1.3,1,BD,Bangladesh,2022,BD2022DHS,PR_WTFR_W_WFR,22333010,I,360003,1360030,Region,..Chattogram,0,,0,1,PRWTFRWWFR,BDDHS2022360003,2022,DHS,,,,,1
BGD,Sylhet,6208043,Total wanted fertility rate,1.2,1,BD,Bangladesh,2022,BD2022DHS,PR_WTFR_W_WFR,22333010,I,360004,1360040,Region,..Sylhet,0,,0,1,PRWTFRWWFR,BDDHS2022360004,2022,DHS,,,,,1
BGD,Sylhet,6208042,Total wanted fertility rate,1.2,1,BD,Bangladesh,2022,BD2022DHS,PR_WTFR_W_WFR,22333010,I,360004,1360040,Region,..Sylhet,0,,0,1,PRWTFRWWFR,BDDHS2022360004,2022,DHS,,,,,1
BGD,Dhaka before 2015,2031172,Total wanted fertility rate,1.2,1,BD,Bangladesh,2022,BD2022DHS,PR_WTFR_W_WFR,22333010,I,360005,1360050,Region,Dhaka before 2015,0,,0,1,PRWTFRWWFR,BDDHS2022360005,2022,DHS,,,,,
BGD,Dhaka,2031132,Total wanted fertility rate,1.2,1,BD,Bangladesh,2022,BD2022DHS,PR_WTFR_W_WFR,22333010,I,360010,1360052,Region,..Dhaka,0,,0,1,PRWTFRWWFR,BDDHS2022360010,2022,DHS,,,,,1
BGD,Dhaka,2031133,Total wanted fertility rate,1.2,1,BD,Bangladesh,2022,BD2022DHS,PR_WTFR_W_WFR,22333010,I,360010,1360052,Region,..Dhaka,0,,0,1,PRWTFRWWFR,BDDHS2022360010,2022,DHS,,,,,1
BGD,Mymensingh,2037371,Total wanted fertility rate,1.3,1,BD,Bangladesh,2022,BD2022DHS,PR_WTFR_W_WFR,22333010,I,360011,1360055,Region,..Mymensingh,0,,0,1,PRWTFRWWFR,BDDHS2022360011,2022,DHS,,,,,1
BGD,Mymensingh,2037370,Total wanted fertility rate,1.3,1,BD,Bangladesh,2022,BD2022DHS,PR_WTFR_W_WFR,22333010,I,360011,1360055,Region,..Mymensingh,0,,0,1,PRWTFRWWFR,BDDHS2022360011,2022,DHS,,,,,1
BGD,Khulna,2016517,Total wanted fertility rate,1.2,1,BD,Bangladesh,2022,BD2022DHS,PR_WTFR_W_WFR,22333010,I,360006,1360060,Region,Khulna,0,,0,1,PRWTFRWWFR,BDDHS2022360006,2022,DHS,,,,,1
BGD,Khulna,2016518,Total wanted fertility rate,1.2,1,BD,Bangladesh,2022,BD2022DHS,PR_WTFR_W_WFR,22333010,I,360006,1360060,Region,Khulna,0,,0,1,PRWTFRWWFR,BDDHS2022360006,2022,DHS,,,,,1
BGD,Rajshahi/Rangpur,2031203,Total wanted fertility rate,1.2,1,BD,Bangladesh,2022,BD2022DHS,PR_WTFR_W_WFR,22333010,I,360007,1360070,Region,Rajshahi/Rangpur,0,,0,1,PRWTFRWWFR,BDDHS2022360007,2022,DHS,,,,,
BGD,Rangpur,2016524,Total wanted fertility rate,1.3,1,BD,Bangladesh,2022,BD2022DHS,PR_WTFR_W_WFR,22333010,I,360008,1360080,Region,..Rangpur,0,,0,1,PRWTFRWWFR,BDDHS2022360008,2022,DHS,,,,,1
BGD,Rangpur,2016525,Total wanted fertility rate,1.3,1,BD,Bangladesh,2022,BD2022DHS,PR_WTFR_W_WFR,22333010,I,360008,1360080,Region,..Rangpur,0,,0,1,PRWTFRWWFR,BDDHS2022360008,2022,DHS,,,,,1
BGD,Rajshahi,6694019,Total wanted fertility rate,1.2,1,BD,Bangladesh,2022,BD2022DHS,PR_WTFR_W_WFR,22333010,I,360009,1360090,Region,..Rajshahi,0,,0,1,PRWTFRWWFR,BDDHS2022360009,2022,DHS,,,,,1
BGD,Rajshahi,6694020,Total wanted fertility rate,1.2,1,BD,Bangladesh,2022,BD2022DHS,PR_WTFR_W_WFR,22333010,I,360009,1360090,Region,..Rajshahi,0,,0,1,PRWTFRWWFR,BDDHS2022360009,2022,DHS,,,,,1
