ISO3,Location,DataId,Indicator,Value,Precision,DHS_CountryCode,CountryName,SurveyYear,SurveyId,IndicatorId,IndicatorOrder,IndicatorType,CharacteristicId,CharacteristicOrder,CharacteristicCategory,CharacteristicLabel,ByVariableId,ByVariableLabel,IsTotal,IsPreferred,SDRID,RegionId,SurveyYearLabel,SurveyType,DenominatorWeighted,DenominatorUnweighted,CILow,CIHigh,LevelRank
BGD,Barishal,1816514,Age specific fertility rate: 15-19,153,0,BD,Bangladesh,1994,BD1994DHS,FE_FRTR_W_A15,11763010,I,360001,1360010,Region,Barishal,0,,0,1,FEFRTRWA15,BDDHS1994360001,1993-94,DHS,,,,,1
BGD,Chattogram/Sylhet,1803475,Age specific fertility rate: 15-19,106,0,BD,Bangladesh,1994,BD1994DHS,FE_FRTR_W_A15,11763010,I,360002,1360020,Region,Chattogram/Sylhet,0,,0,1,FEFRTRWA15,BDDHS1994360002,1993-94,DHS,,,,,1
BGD,Chattogram,1810076,Age specific fertility rate: 15-19,106,0,BD,Bangladesh,1994,BD1994DHS,FE_FRTR_W_A15,11763010,I,360003,1360030,Region,..Chattogram,0,,0,1,FEFRTRWA15,BDDHS1994360003,1993-94,DHS,,,,,
BGD,Dhaka before 2015,1810056,Age specific fertility rate: 15-19,145,0,BD,Bangladesh,1994,BD1994DHS,FE_FRTR_W_A15,11763010,I,360005,1360050,Region,Dhaka before 2015,0,,0,1,FEFRTRWA15,BDDHS1994360005,1993-94,DHS,,,,,1
BGD,Khulna,1810117,Age specific fertility rate: 15-19,156,0,BD,Bangladesh,1994,BD1994DHS,FE_FRTR_W_A15,11763010,I,360006,1360060,Region,Khulna,0,,0,1,FEFRTRWA15,BDDHS1994360006,1993-94,DHS,,,,,1
BGD,Rajshahi/Rangpur,6399869,Age specific fertility rate: 15-19,162,0,BD,Bangladesh,1994,BD1994DHS,FE_FRTR_W_A15,11763010,I,360007,1360070,Region,Rajshahi/Rangpur,0,,0,1,FEFRTRWA15,BDDHS1994360007,1993-94,DHS,,,,,1
BGD,Barishal,7234047,Married women currently using any method of contraception,48,1,BD,Bangladesh,1994,BD1994DHS,FP_CUSM_W_ANY,32633010,I,360001,1360010,Region,Barishal,0,,0,1,FPCUSMWANY,BDDHS1994360001,1993-94,DHS,561,931,,,1
BGD,Chattogram/Sylhet,803033,Married women currently using any method of contraception,29.5,1,BD,Bangladesh,1994,BD1994DHS,FP_CUSM_W_ANY,32633010,I,360002,1360020,Region,Chattogram/Sylhet,0,,0,1,FPCUSMWANY,BDDHS1994360002,1993-94,DHS,2313,1833,,,1
BGD,Chattogram,1558529,Married women currently using any method of contraception,29.5,1,BD,Bangladesh,1994,BD1994DHS,FP_CUSM_W_ANY,32633010,I,360003,1360030,Region,..Chattogram,0,,0,1,FPCUSMWANY,BDDHS1994360003,1993-94,DHS,2313,1833,,,
BGD,Dhaka before 2015,3644518,Married women currently using any method of contraception,44.7,1,BD,Bangladesh,1994,BD1994DHS,FP_CUSM_W_ANY,32633010,I,360005,1360050,Region,Dhaka before 2015,0,,0,1,FPCUSMWANY,BDDHS1994360005,1993-94,DHS,2701,2531,,,1
BGD,Khulna,6759241,Married women currently using any method of contraception,55.7,1,BD,Bangladesh,1994,BD1994DHS,FP_CUSM_W_ANY,32633010,I,360006,1360060,Region,Khulna,0,,0,1,FPCUSMWANY,BDDHS1994360006,1993-94,DHS,1132,1167,,,1
BGD,Rajshahi/Rangpur,2785935,Married women currently using any method of contraception,55.4,1,BD,Bangladesh,1994,BD1994DHS,FP_CUSM_W_ANY,32633010,I,360007,1360070,Region,Rajshahi/Rangpur,0,,0,1,FPCUSMWANY,BDDHS1994360007,1993-94,DHS,2133,2384,,,1
BGD,Barishal,820902,Unmet need for family planning,21.3,1,BD,Bangladesh,1994,BD1994DHS,FP_NADM_W_UNT,32933030,I,360001,1360010,Region,Barishal,0,,0,1,FPNADMWUNT,BDDHS1994360001,1993-94,DHS,561,931,,,1
BGD,Chattogram/Sylhet,978926,Unmet need for family planning,30,1,BD,Bangladesh,1994,BD1994DHS,FP_NADM_W_UNT,32933030,I,360002,1360020,Region,Chattogram/Sylhet,0,,0,1,FPNADMWUNT,BDDHS1994360002,1993-94,DHS,2313,1833,,,1
BGD,Chattogram,6381146,Unmet need for family planning,30,1,BD,Bangladesh,1994,BD1994DHS,FP_NADM_W_UNT,32933030,I,360003,1360030,Region,..Chattogram,0,,0,1,FPNADMWUNT,BDDHS1994360003,1993-94,DHS,2313,1833,,,
BGD,Dhaka before 2015,2737447,Unmet need for family planning,20.6,1,BD,Bangladesh,1994,BD1994DHS,FP_NADM_W_UNT,32933030,I,360005,1360050,Region,Dhaka before 2015,0,,0,1,FPNADMWUNT,BDDHS1994360005,1993-94,DHS,2701,2531,,,1
BGD,Khulna,111907,Unmet need for family planning,15.8,1,BD,Bangladesh,1994,BD1994DHS,FP_NADM_W_UNT,32933030,I,360006,1360060,Region,Khulna,0,,0,1,FPNADMWUNT,BDDHS1994360006,1993-94,DHS,1132,1167,,,1
BGD,Rajshahi/Rangpur,3148755,Unmet need for family planning,16.9,1,BD,Bangladesh,1994,BD1994DHS,FP_NADM_W_UNT,32933030,I,360007,1360070,Region,Rajshahi/Rangpur,0,,0,1,FPNADMWUNT,BDDHS1994360007,1993-94,DHS,2133,2384,,,1
BGD,Barishal,7817013,Infant mortality rate,102,0,BD,Bangladesh,1994,BD1994DHS,CM_ECMR_C_IMR,63206030,I,360001,1360010,Region,Barishal,14003,Ten years preceding the survey,0,1,CMECMRCIMR,BDDHS1994360001,1993-94,DHS,,,84,120,1
BGD,Chattogram/Sylhet,7942693,Infant mortality rate,103,0,BD,Bangladesh,1994,BD1994DHS,CM_ECMR_C_IMR,63206030,I,360002,1360020,Region,Chattogram/Sylhet,14003,Ten years preceding the survey,0,1,CMECMRCIMR,BDDHS1994360002,1993-94,DHS,,,90,116,1
BGD,Chattogram,1734599,Infant mortality rate,103,0,BD,Bangladesh,1994,BD1994DHS,CM_ECMR_C_IMR,63206030,I,360003,1360030,Region,..Chattogram,14003,Ten years preceding the survey,0,1,CMECMRCIMR,BDDHS1994360003,1993-94,DHS,,,90,116,
BGD,Dhaka before 2015,1734557,Infant mortality rate,105,0,BD,Bangladesh,1994,BD1994DHS,CM_ECMR_C_IMR,63206030,I,360005,1360050,Region,Dhaka before 2015,14003,Ten years preceding the survey,0,1,CMECMRCIMR,BDDHS1994360005,1993-94,DHS,,,94,116,1
BGD,Khulna,7756784,Infant mortality rate,90,0,BD,Bangladesh,1994,BD1994DHS,CM_ECMR_C_IMR,63206030,I,360006,1360060,Region,Khulna,14003,Ten years preceding the survey,0,1,CMECMRCIMR,BDDHS1994360006,1993-94,DHS,,,76,105,1
BGD,Rajshahi/Rangpur,1728566,Infant mortality rate,95,0,BD,Bangladesh,1994,BD1994DHS,CM_ECMR_C_IMR,63206030,I,360007,1360070,Region,Rajshahi/Rangpur,14003,Ten years preceding the survey,0,1,CMECMRCIMR,BDDHS1994360007,1993-94,DHS,,,81,109,1
BGD,Barishal,7471097,Under-five mortality rate,147,0,BD,Bangladesh,1994,BD1994DHS,CM_ECMR_C_U5M,63206050,I,360001,1360010,Region,Barishal,14003,Ten years preceding the survey,0,1,CMECMRCU5M,BDDHS1994360001,1993-94,DHS,,,126,167,1
BGD,Chattogram/Sylhet,7807483,Under-five mortality rate,167,0,BD,Bangladesh,1994,BD1994DHS,CM_ECMR_C_U5M,63206050,I,360002,1360020,Region,Chattogram/Sylhet,14003,Ten years preceding the survey,0,1,CMECMRCU5M,BDDHS1994360002,1993-94,DHS,,,149,186,1
BGD,Chattogram,7926541,Under-five mortality rate,167,0,BD,Bangladesh,1994,BD1994DHS,CM_ECMR_C_U5M,63206050,I,360003,1360030,Region,..Chattogram,14003,Ten years preceding the survey,0,1,CMECMRCU5M,BDDHS1994360003,1993-94,DHS,,,149,186,
BGD,Dhaka before 2015,7924325,Under-five mortality rate,157,0,BD,Bangladesh,1994,BD1994DHS,CM_ECMR_C_U5M,63206050,I,360005,1360050,Region,Dhaka before 2015,14003,Ten years preceding the survey,0,1,CMECMRCU5M,BDDHS1994360005,1993-94,DHS,,,142,172,1
BGD,Khulna,1734649,Under-five mortality rate,113,0,BD,Bangladesh,1994,BD1994DHS,CM_ECMR_C_U5M,63206050,I,360006,1360060,Region,Khulna,14003,Ten years preceding the survey,0,1,CMECMRCU5M,BDDHS1994360006,1993-94,DHS,,,96,130,1
BGD,Rajshahi/Rangpur,7741958,Under-five mortality rate,135,0,BD,Bangladesh,1994,BD1994DHS,CM_ECMR_C_U5M,63206050,I,360007,1360070,Region,Rajshahi/Rangpur,14003,Ten years preceding the survey,0,1,CMECMRCU5M,BDDHS1994360007,1993-94,DHS,,,117,153,1
BGD,Barishal,2821971,Antenatal care from a skilled provider,18.8,1,BD,Bangladesh,1994,BD1994DHS,RH_ANCP_W_SKP,83363120,I,360001,1360010,Region,Barishal,14000,Three years preceding the survey,0,0,RHANCPWSKP,BDDHS1994360001,1993-94,DHS,228,371,,,1
BGD,Barishal,1317263,Antenatal care from a skilled provider,20.3,1,BD,Bangladesh,1994,BD1994DHS,RH_ANCP_W_SKP,83363120,I,360001,1360010,Region,Barishal,14002,Two years preceding the survey,0,1,RHANCPWSKP,BDDHS1994360001,1993-94,DHS,166,270,,,1
BGD,Chattogram/Sylhet,5937390,Antenatal care from a skilled provider,18.3,1,BD,Bangladesh,1994,BD1994DHS,RH_ANCP_W_SKP,83363120,I,360002,1360020,Region,Chattogram/Sylhet,14000,Three years preceding the survey,0,0,RHANCPWSKP,BDDHS1994360002,1993-94,DHS,1100,868,,,1
BGD,Chattogram/Sylhet,4843013,Antenatal care from a skilled provider,18.8,1,BD,Bangladesh,1994,BD1994DHS,RH_ANCP_W_SKP,83363120,I,360002,1360020,Region,Chattogram/Sylhet,14002,Two years preceding the survey,0,1,RHANCPWSKP,BDDHS1994360002,1993-94,DHS,784,621,,,1
BGD,Chattogram,7015015,Antenatal care from a skilled provider,18.3,1,BD,Bangladesh,1994,BD1994DHS,RH_ANCP_W_SKP,83363120,I,360003,1360030,Region,..Chattogram,14000,Three years preceding the survey,0,0,RHANCPWSKP,BDDHS1994360003,1993-94,DHS,1100,868,,,
BGD,Chattogram,1302957,Antenatal care from a skilled provider,18.8,1,BD,Bangladesh,1994,BD1994DHS,RH_ANCP_W_SKP,83363120,I,360003,1360030,Region,..Chattogram,14002,Two years preceding the survey,0,1,RHANCPWSKP,BDDHS1994360003,1993-94,DHS,784,621,,,
BGD,Dhaka before 2015,5106295,Antenatal care from a skilled provider,25.8,1,BD,Bangladesh,1994,BD1994DHS,RH_ANCP_W_SKP,83363120,I,360005,1360050,Region,Dhaka before 2015,14000,Three years preceding the survey,0,0,RHANCPWSKP,BDDHS1994360005,1993-94,DHS,1107,1034,,,1
BGD,Dhaka before 2015,2815568,Antenatal care from a skilled provider,26.3,1,BD,Bangladesh,1994,BD1994DHS,RH_ANCP_W_SKP,83363120,I,360005,1360050,Region,Dhaka before 2015,14002,Two years preceding the survey,0,1,RHANCPWSKP,BDDHS1994360005,1993-94,DHS,774,724,,,1
BGD,Khulna,7793689,Antenatal care from a skilled provider,20.1,1,BD,Bangladesh,1994,BD1994DHS,RH_ANCP_W_SKP,83363120,I,360006,1360060,Region,Khulna,14000,Three years preceding the survey,0,0,RHANCPWSKP,BDDHS1994360006,1993-94,DHS,397,404,,,1
BGD,Khulna,5929012,Antenatal care from a skilled provider,22.8,1,BD,Bangladesh,1994,BD1994DHS,RH_ANCP_W_SKP,83363120,I,360006,1360060,Region,Khulna,14002,Two years preceding the survey,0,1,RHANCPWSKP,BDDHS1994360006,1993-94,DHS,260,265,,,1
BGD,Rajshahi/Rangpur,6202347,Antenatal care from a skilled provider,14.3,1,BD,Bangladesh,1994,BD1994DHS,RH_ANCP_W_SKP,83363120,I,360007,1360070,Region,Rajshahi/Rangpur,14000,Three years preceding the survey,0,0,RHANCPWSKP,BDDHS1994360007,1993-94,DHS,794,892,,,1
BGD,Rajshahi/Rangpur,5346395,Antenatal care from a skilled provider,15,1,BD,Bangladesh,1994,BD1994DHS,RH_ANCP_W_SKP,83363120,I,360007,1360070,Region,Rajshahi/Rangpur,14002,Two years preceding the survey,0,1,RHANCPWSKP,BDDHS1994360007,1993-94,DHS,514,577,,,1
BGD,Barishal,4384166,Antenatal visits for pregnancy: 4+ visits,4.2,1,BD,Bangladesh,1994,BD1994DHS,RH_ANCN_W_N4P,83403040,I,360001,1360010,Region,Barishal,14000,Three years preceding the survey,0,0,RHANCNWN4P,BDDHS1994360001,1993-94,DHS,228,371,,,1
BGD,Barishal,5801055,Antenatal visits for pregnancy: 4+ visits,5,1,BD,Bangladesh,1994,BD1994DHS,RH_ANCN_W_N4P,83403040,I,360001,1360010,Region,Barishal,14002,Two years preceding the survey,0,1,RHANCNWN4P,BDDHS1994360001,1993-94,DHS,166,270,,,1
BGD,Chattogram/Sylhet,7251884,Antenatal visits for pregnancy: 4+ visits,4.1,1,BD,Bangladesh,1994,BD1994DHS,RH_ANCN_W_N4P,83403040,I,360002,1360020,Region,Chattogram/Sylhet,14000,Three years preceding the survey,0,0,RHANCNWN4P,BDDHS1994360002,1993-94,DHS,1100,868,,,1
BGD,Chattogram/Sylhet,5134356,Antenatal visits for pregnancy: 4+ visits,4.5,1,BD,Bangladesh,1994,BD1994DHS,RH_ANCN_W_N4P,83403040,I,360002,1360020,Region,Chattogram/Sylhet,14002,Two years preceding the survey,0,1,RHANCNWN4P,BDDHS1994360002,1993-94,DHS,784,621,,,1
BGD,Chattogram,4089366,Antenatal visits for pregnancy: 4+ visits,4.1,1,BD,Bangladesh,1994,BD1994DHS,RH_ANCN_W_N4P,83403040,I,360003,1360030,Region,..Chattogram,14000,Three years preceding the survey,0,0,RHANCNWN4P,BDDHS1994360003,1993-94,DHS,1100,868,,,
BGD,Chattogram,2685995,Antenatal visits for pregnancy: 4+ visits,4.5,1,BD,Bangladesh,1994,BD1994DHS,RH_ANCN_W_N4P,83403040,I,360003,1360030,Region,..Chattogram,14002,Two years preceding the survey,0,1,RHANCNWN4P,BDDHS1994360003,1993-94,DHS,784,621,,,
BGD,Dhaka before 2015,6931176,Antenatal visits for pregnancy: 4+ visits,9.4,1,BD,Bangladesh,1994,BD1994DHS,RH_ANCN_W_N4P,83403040,I,360005,1360050,Region,Dhaka before 2015,14000,Three years preceding the survey,0,0,RHANCNWN4P,BDDHS1994360005,1993-94,DHS,1107,1034,,,1
BGD,Dhaka before 2015,4550228,Antenatal visits for pregnancy: 4+ visits,9.2,1,BD,Bangladesh,1994,BD1994DHS,RH_ANCN_W_N4P,83403040,I,360005,1360050,Region,Dhaka before 2015,14002,Two years preceding the survey,0,1,RHANCNWN4P,BDDHS1994360005,1993-94,DHS,774,724,,,1
BGD,Khulna,7796405,Antenatal visits for pregnancy: 4+ visits,3.7,1,BD,Bangladesh,1994,BD1994DHS,RH_ANCN_W_N4P,83403040,I,360006,1360060,Region,Khulna,14000,Three years preceding the survey,0,0,RHANCNWN4P,BDDHS1994360006,1993-94,DHS,397,404,,,1
BGD,Khulna,7274880,Antenatal visits for pregnancy: 4+ visits,4.5,1,BD,Bangladesh,1994,BD1994DHS,RH_ANCN_W_N4P,83403040,I,360006,1360060,Region,Khulna,14002,Two years preceding the survey,0,1,RHANCNWN4P,BDDHS1994360006,1993-94,DHS,260,265,,,1
BGD,Rajshahi/Rangpur,3455845,Antenatal visits for pregnancy: 4+ visits,3.6,1,BD,Bangladesh,1994,BD1994DHS,RH_ANCN_W_N4P,83403040,I,360007,1360070,Region,Rajshahi/Rangpur,14000,Three years preceding the survey,0,0,RHANCNWN4P,BDDHS1994360007,1993-94,DHS,794,892,,,1
BGD,Rajshahi/Rangpur,3218641,Antenatal visits for pregnancy: 4+ visits,3.9,1,BD,Bangladesh,1994,BD1994DHS,RH_ANCN_W_N4P,83403040,I,360007,1360070,Region,Rajshahi/Rangpur,14002,Two years preceding the survey,0,1,RHANCNWN4P,BDDHS1994360007,1993-94,DHS,514,577,,,1
BGD,Barishal,6175426,Assistance during delivery from a skilled provider,6.6,1,BD,Bangladesh,1994,BD1994DHS,RH_DELA_C_SKP,83606110,I,360001,1360010,Region,Barishal,14000,Three years preceding the survey,0,0,RHDELACSKP,BDDHS1994360001,1993-94,DHS,253,412,,,1
BGD,Barishal,2692641,Assistance during delivery from a skilled provider,7.3,1,BD,Bangladesh,1994,BD1994DHS,RH_DELA_C_SKP,83606110,I,360001,1360010,Region,Barishal,14002,Two years preceding the survey,0,1,RHDELACSKP,BDDHS1994360001,1993-94,DHS,171,279,,,1
BGD,Chattogram/Sylhet,5014285,Assistance during delivery from a skilled provider,8.2,1,BD,Bangladesh,1994,BD1994DHS,RH_DELA_C_SKP,83606110,I,360002,1360020,Region,Chattogram/Sylhet,14000,Three years preceding the survey,0,0,RHDELACSKP,BDDHS1994360002,1993-94,DHS,1190,942,,,1
BGD,Chattogram/Sylhet,3433130,Assistance during delivery from a skilled provider,8.2,1,BD,Bangladesh,1994,BD1994DHS,RH_DELA_C_SKP,83606110,I,360002,1360020,Region,Chattogram/Sylhet,14002,Two years preceding the survey,0,1,RHDELACSKP,BDDHS1994360002,1993-94,DHS,803,637,,,1
BGD,Chattogram,3949074,Assistance during delivery from a skilled provider,8.2,1,BD,Bangladesh,1994,BD1994DHS,RH_DELA_C_SKP,83606110,I,360003,1360030,Region,..Chattogram,14000,Three years preceding the survey,0,0,RHDELACSKP,BDDHS1994360003,1993-94,DHS,1190,942,,,
BGD,Chattogram,6405620,Assistance during delivery from a skilled provider,8.2,1,BD,Bangladesh,1994,BD1994DHS,RH_DELA_C_SKP,83606110,I,360003,1360030,Region,..Chattogram,14002,Two years preceding the survey,0,1,RHDELACSKP,BDDHS1994360003,1993-94,DHS,803,637,,,
BGD,Dhaka before 2015,2580148,Assistance during delivery from a skilled provider,12.6,1,BD,Bangladesh,1994,BD1994DHS,RH_DELA_C_SKP,83606110,I,360005,1360050,Region,Dhaka before 2015,14000,Three years preceding the survey,0,0,RHDELACSKP,BDDHS1994360005,1993-94,DHS,1196,1119,,,1
BGD,Dhaka before 2015,3233610,Assistance during delivery from a skilled provider,12.1,1,BD,Bangladesh,1994,BD1994DHS,RH_DELA_C_SKP,83606110,I,360005,1360050,Region,Dhaka before 2015,14002,Two years preceding the survey,0,1,RHDELACSKP,BDDHS1994360005,1993-94,DHS,790,741,,,1
BGD,Khulna,7792339,Assistance during delivery from a skilled provider,11.3,1,BD,Bangladesh,1994,BD1994DHS,RH_DELA_C_SKP,83606110,I,360006,1360060,Region,Khulna,14000,Three years preceding the survey,0,0,RHDELACSKP,BDDHS1994360006,1993-94,DHS,428,435,,,1
BGD,Khulna,5018698,Assistance during delivery from a skilled provider,11.4,1,BD,Bangladesh,1994,BD1994DHS,RH_DELA_C_SKP,83606110,I,360006,1360060,Region,Khulna,14002,Two years preceding the survey,0,1,RHDELACSKP,BDDHS1994360006,1993-94,DHS,268,273,,,1
BGD,Rajshahi/Rangpur,4081420,Assistance during delivery from a skilled provider,5.7,1,BD,Bangladesh,1994,BD1994DHS,RH_DELA_C_SKP,83606110,I,360007,1360070,Region,Rajshahi/Rangpur,14000,Three years preceding the survey,0,0,RHDELACSKP,BDDHS1994360007,1993-94,DHS,849,957,,,1
BGD,Rajshahi/Rangpur,285173,Assistance during delivery from a skilled provider,5.6,1,BD,Bangladesh,1994,BD1994DHS,RH_DELA_C_SKP,83606110,I,360007,1360070,Region,Rajshahi/Rangpur,14002,Two years preceding the survey,0,1,RHDELACSKP,BDDHS1994360007,1993-94,DHS,523,588,,,1
BGD,Barishal,6337986,Population using an improved water source,90.4,1,BD,Bangladesh,1994,BD1994DHS,WS_SRCE_P_IMP,250162010,I,360001,1360010,Region,Barishal,0,,0,1,WSSRCEPIMP,BDDHS1994360001,1993-94,DHS,3295,5403,,,1
BGD,Chattogram/Sylhet,6560354,Population using an improved water source,89.9,1,BD,Bangladesh,1994,BD1994DHS,WS_SRCE_P_IMP,250162010,I,360002,1360020,Region,Chattogram/Sylhet,0,,0,1,WSSRCEPIMP,BDDHS1994360002,1993-94,DHS,14317,11290,,,1
BGD,Chattogram,1096649,Population using an improved water source,89.9,1,BD,Bangladesh,1994,BD1994DHS,WS_SRCE_P_IMP,250162010,I,360003,1360030,Region,..Chattogram,0,,0,1,WSSRCEPIMP,BDDHS1994360003,1993-94,DHS,14317,11290,,,
BGD,Dhaka before 2015,3862256,Population using an improved water source,94.8,1,BD,Bangladesh,1994,BD1994DHS,WS_SRCE_P_IMP,250162010,I,360005,1360050,Region,Dhaka before 2015,0,,0,1,WSSRCEPIMP,BDDHS1994360005,1993-94,DHS,15000,14087,,,1
BGD,Khulna,3006718,Population using an improved water source,96,1,BD,Bangladesh,1994,BD1994DHS,WS_SRCE_P_IMP,250162010,I,360006,1360060,Region,Khulna,0,,0,1,WSSRCEPIMP,BDDHS1994360006,1993-94,DHS,5992,6138,,,1
BGD,Rajshahi/Rangpur,6484073,Population using an improved water source,91,1,BD,Bangladesh,1994,BD1994DHS,WS_SRCE_P_IMP,250162010,I,360007,1360070,Region,Rajshahi/Rangpur,0,,0,1,WSSRCEPIMP,BDDHS1994360007,1993-94,DHS,11290,12699,,,1
BGD,Barishal,7290426,Population with an improved sanitation facility,33.8,1,BD,Bangladesh,1994,BD1994DHS,WS_TLET_P_IMP,250262010,I,360001,1360010,Region,Barishal,0,,0,1,WSTLETPIMP,BDDHS1994360001,1993-94,DHS,3295,5403,,,1
BGD,Chattogram/Sylhet,4209366,Population with an improved sanitation facility,28.2,1,BD,Bangladesh,1994,BD1994DHS,WS_TLET_P_IMP,250262010,I,360002,1360020,Region,Chattogram/Sylhet,0,,0,1,WSTLETPIMP,BDDHS1994360002,1993-94,DHS,14317,11290,,,1
BGD,Chattogram,6789140,Population with an improved sanitation facility,28.2,1,BD,Bangladesh,1994,BD1994DHS,WS_TLET_P_IMP,250262010,I,360003,1360030,Region,..Chattogram,0,,0,1,WSTLETPIMP,BDDHS1994360003,1993-94,DHS,14317,11290,,,
BGD,Dhaka before 2015,5239259,Population with an improved sanitation facility,30.1,1,BD,Bangladesh,1994,BD1994DHS,WS_TLET_P_IMP,250262010,I,360005,1360050,Region,Dhaka before 2015,0,,0,1,WSTLETPIMP,BDDHS1994360005,1993-94,DHS,15000,14087,,,1
BGD,Khulna,3006734,Population with an improved sanitation facility,26.3,1,BD,Bangladesh,1994,BD1994DHS,WS_TLET_P_IMP,250262010,I,360006,1360060,Region,Khulna,0,,0,1,WSTLETPIMP,BDDHS1994360006,1993-94,DHS,5992,6138,,,1
BGD,Rajshahi/Rangpur,2619801,Population with an improved sanitation facility,20.7,1,BD,Bangladesh,1994,BD1994DHS,WS_TLET_P_IMP,250262010,I,360007,1360070,Region,Rajshahi/Rangpur,0,,0,1,WSTLETPIMP,BDDHS1994360007,1993-94,DHS,11290,12699,,,1
BGD,Barishal,1796404,Age specific fertility rate: 15-19,157,0,BD,Bangladesh,1997,BD1997DHS,FE_FRTR_W_A15,11763010,I,360001,1360010,Region,Barishal,0,,0,1,FEFRTRWA15,BDDHS1997360001,1996-97,DHS,,,,,1
BGD,Chattogram/Sylhet,2666355,Age specific fertility rate: 15-19,132,0,BD,Bangladesh,1997,BD1997DHS,FE_FRTR_W_A15,11763010,I,360002,1360020,Region,Chattogram/Sylhet,0,,0,1,FEFRTRWA15,BDDHS1997360002,1996-97,DHS,,,,,
BGD,Chattogram,1816641,Age specific fertility rate: 15-19,136,0,BD,Bangladesh,1997,BD1997DHS,FE_FRTR_W_A15,11763010,I,360003,1360030,Region,..Chattogram,0,,0,1,FEFRTRWA15,BDDHS1997360003,1996-97,DHS,,,,,1
BGD,Sylhet,1816636,Age specific fertility rate: 15-19,116,0,BD,Bangladesh,1997,BD1997DHS,FE_FRTR_W_A15,11763010,I,360004,1360040,Region,..Sylhet,0,,0,1,FEFRTRWA15,BDDHS1997360004,1996-97,DHS,,,,,1
BGD,Dhaka before 2015,1816651,Age specific fertility rate: 15-19,148,0,BD,Bangladesh,1997,BD1997DHS,FE_FRTR_W_A15,11763010,I,360005,1360050,Region,Dhaka before 2015,0,,0,1,FEFRTRWA15,BDDHS1997360005,1996-97,DHS,,,,,1
BGD,Khulna,1796414,Age specific fertility rate: 15-19,157,0,BD,Bangladesh,1997,BD1997DHS,FE_FRTR_W_A15,11763010,I,360006,1360060,Region,Khulna,0,,0,1,FEFRTRWA15,BDDHS1997360006,1996-97,DHS,,,,,1
BGD,Rajshahi/Rangpur,1810303,Age specific fertility rate: 15-19,157,0,BD,Bangladesh,1997,BD1997DHS,FE_FRTR_W_A15,11763010,I,360007,1360070,Region,Rajshahi/Rangpur,0,,0,1,FEFRTRWA15,BDDHS1997360007,1996-97,DHS,,,,,1
BGD,Barishal,5808198,Married women currently using any method of contraception,49.9,1,BD,Bangladesh,1997,BD1997DHS,FP_CUSM_W_ANY,32633010,I,360001,1360010,Region,Barishal,0,,0,1,FPCUSMWANY,BDDHS1997360001,1996-97,DHS,550,864,,,1
BGD,Chattogram/Sylhet,1565954,Married women currently using any method of contraception,33.9,1,BD,Bangladesh,1997,BD1997DHS,FP_CUSM_W_ANY,32633010,I,360002,1360020,Region,Chattogram/Sylhet,0,,0,1,FPCUSMWANY,BDDHS1997360002,1996-97,DHS,2139,2056,,,
BGD,Chattogram,7319874,Married women currently using any method of contraception,37.6,1,BD,Bangladesh,1997,BD1997DHS,FP_CUSM_W_ANY,32633010,I,360003,1360030,Region,..Chattogram,0,,0,1,FPCUSMWANY,BDDHS1997360003,1996-97,DHS,1686,1248,,,1
BGD,Sylhet,2858754,Married women currently using any method of contraception,20.2,1,BD,Bangladesh,1997,BD1997DHS,FP_CUSM_W_ANY,32633010,I,360004,1360040,Region,..Sylhet,0,,0,1,FPCUSMWANY,BDDHS1997360004,1996-97,DHS,453,808,,,1
BGD,Dhaka before 2015,390924,Married women currently using any method of contraception,50.5,1,BD,Bangladesh,1997,BD1997DHS,FP_CUSM_W_ANY,32633010,I,360005,1360050,Region,Dhaka before 2015,0,,0,1,FPCUSMWANY,BDDHS1997360005,1996-97,DHS,2606,2290,,,1
BGD,Khulna,3682062,Married women currently using any method of contraception,62.5,1,BD,Bangladesh,1997,BD1997DHS,FP_CUSM_W_ANY,32633010,I,360006,1360060,Region,Khulna,0,,0,1,FPCUSMWANY,BDDHS1997360006,1996-97,DHS,1005,985,,,1
BGD,Rajshahi/Rangpur,5465021,Married women currently using any method of contraception,59.5,1,BD,Bangladesh,1997,BD1997DHS,FP_CUSM_W_ANY,32633010,I,360007,1360070,Region,Rajshahi/Rangpur,0,,0,1,FPCUSMWANY,BDDHS1997360007,1996-97,DHS,2006,2111,,,1
BGD,Barishal,3966508,Unmet need for family planning,21.5,1,BD,Bangladesh,1997,BD1997DHS,FP_NADM_W_UNT,32933030,I,360001,1360010,Region,Barishal,0,,0,1,FPNADMWUNT,BDDHS1997360001,1996-97,DHS,550,864,,,1
BGD,Chattogram/Sylhet,466738,Unmet need for family planning,26.9,1,BD,Bangladesh,1997,BD1997DHS,FP_NADM_W_UNT,32933030,I,360002,1360020,Region,Chattogram/Sylhet,0,,0,1,FPNADMWUNT,BDDHS1997360002,1996-97,DHS,2139,2056,,,
BGD,Chattogram,3875782,Unmet need for family planning,26.9,1,BD,Bangladesh,1997,BD1997DHS,FP_NADM_W_UNT,32933030,I,360003,1360030,Region,..Chattogram,0,,0,1,FPNADMWUNT,BDDHS1997360003,1996-97,DHS,1686,1248,,,1
BGD,Sylhet,4319075,Unmet need for family planning,27,1,BD,Bangladesh,1997,BD1997DHS,FP_NADM_W_UNT,32933030,I,360004,1360040,Region,..Sylhet,0,,0,1,FPNADMWUNT,BDDHS1997360004,1996-97,DHS,453,808,,,1
BGD,Dhaka before 2015,6693019,Unmet need for family planning,19.7,1,BD,Bangladesh,1997,BD1997DHS,FP_NADM_W_UNT,32933030,I,360005,1360050,Region,Dhaka before 2015,0,,0,1,FPNADMWUNT,BDDHS1997360005,1996-97,DHS,2606,2290,,,1
BGD,Khulna,4452848,Unmet need for family planning,12.8,1,BD,Bangladesh,1997,BD1997DHS,FP_NADM_W_UNT,32933030,I,360006,1360060,Region,Khulna,0,,0,1,FPNADMWUNT,BDDHS1997360006,1996-97,DHS,1005,985,,,1
BGD,Rajshahi/Rangpur,413395,Unmet need for family planning,14.8,1,BD,Bangladesh,1997,BD1997DHS,FP_NADM_W_UNT,32933030,I,360007,1360070,Region,Rajshahi/Rangpur,0,,0,1,FPNADMWUNT,BDDHS1997360007,1996-97,DHS,2006,2111,,,1
BGD,Barishal,7583550,Infant mortality rate,86,0,BD,Bangladesh,1997,BD1997DHS,CM_ECMR_C_IMR,63206030,I,360001,1360010,Region,Barishal,14003,Ten years preceding the survey,0,1,CMECMRCIMR,BDDHS1997360001,1996-97,DHS,,,72,101,1
BGD,Chattogram/Sylhet,7745485,Infant mortality rate,90,0,BD,Bangladesh,1997,BD1997DHS,CM_ECMR_C_IMR,63206030,I,360002,1360020,Region,Chattogram/Sylhet,14003,Ten years preceding the survey,0,1,CMECMRCIMR,BDDHS1997360002,1996-97,DHS,,,78,102,
BGD,Chattogram,7523807,Infant mortality rate,77,0,BD,Bangladesh,1997,BD1997DHS,CM_ECMR_C_IMR,63206030,I,360003,1360030,Region,..Chattogram,14003,Ten years preceding the survey,0,1,CMECMRCIMR,BDDHS1997360003,1996-97,DHS,,,65,89,1
BGD,Sylhet,878206,Infant mortality rate,138,0,BD,Bangladesh,1997,BD1997DHS,CM_ECMR_C_IMR,63206030,I,360004,1360040,Region,..Sylhet,14003,Ten years preceding the survey,0,1,CMECMRCIMR,BDDHS1997360004,1996-97,DHS,,,114,162,1
BGD,Dhaka before 2015,7611104,Infant mortality rate,91,0,BD,Bangladesh,1997,BD1997DHS,CM_ECMR_C_IMR,63206030,I,360005,1360050,Region,Dhaka before 2015,14003,Ten years preceding the survey,0,1,CMECMRCIMR,BDDHS1997360005,1996-97,DHS,,,80,102,1
BGD,Khulna,7850291,Infant mortality rate,75,0,BD,Bangladesh,1997,BD1997DHS,CM_ECMR_C_IMR,63206030,I,360006,1360060,Region,Khulna,14003,Ten years preceding the survey,0,1,CMECMRCIMR,BDDHS1997360006,1996-97,DHS,,,61,90,1
BGD,Rajshahi/Rangpur,7864688,Infant mortality rate,94,0,BD,Bangladesh,1997,BD1997DHS,CM_ECMR_C_IMR,63206030,I,360007,1360070,Region,Rajshahi/Rangpur,14003,Ten years preceding the survey,0,1,CMECMRCIMR,BDDHS1997360007,1996-97,DHS,,,82,107,1
BGD,Barishal,7742229,Under-five mortality rate,120,0,BD,Bangladesh,1997,BD1997DHS,CM_ECMR_C_U5M,63206050,I,360001,1360010,Region,Barishal,14003,Ten years preceding the survey,0,1,CMECMRCU5M,BDDHS1997360001,1996-97,DHS,,,105,134,1
BGD,Chattogram/Sylhet,7975609,Under-five mortality rate,142,0,BD,Bangladesh,1997,BD1997DHS,CM_ECMR_C_U5M,63206050,I,360002,1360020,Region,Chattogram/Sylhet,14003,Ten years preceding the survey,0,1,CMECMRCU5M,BDDHS1997360002,1996-97,DHS,,,126,158,
BGD,Chattogram,7885657,Under-five mortality rate,131,0,BD,Bangladesh,1997,BD1997DHS,CM_ECMR_C_U5M,63206050,I,360003,1360030,Region,..Chattogram,14003,Ten years preceding the survey,0,1,CMECMRCU5M,BDDHS1997360003,1996-97,DHS,,,112,150,1
BGD,Sylhet,1739794,Under-five mortality rate,179,0,BD,Bangladesh,1997,BD1997DHS,CM_ECMR_C_U5M,63206050,I,360004,1360040,Region,..Sylhet,14003,Ten years preceding the survey,0,1,CMECMRCU5M,BDDHS1997360004,1996-97,DHS,,,152,206,1
BGD,Dhaka before 2015,7746144,Under-five mortality rate,131,0,BD,Bangladesh,1997,BD1997DHS,CM_ECMR_C_U5M,63206050,I,360005,1360050,Region,Dhaka before 2015,14003,Ten years preceding the survey,0,1,CMECMRCU5M,BDDHS1997360005,1996-97,DHS,,,117,144,1
BGD,Khulna,7585170,Under-five mortality rate,87,0,BD,Bangladesh,1997,BD1997DHS,CM_ECMR_C_U5M,63206050,I,360006,1360060,Region,Khulna,14003,Ten years preceding the survey,0,1,CMECMRCU5M,BDDHS1997360006,1996-97,DHS,,,73,101,1
BGD,Rajshahi/Rangpur,7447557,Under-five mortality rate,126,0,BD,Bangladesh,1997,BD1997DHS,CM_ECMR_C_U5M,63206050,I,360007,1360070,Region,Rajshahi/Rangpur,14003,Ten years preceding the survey,0,1,CMECMRCU5M,BDDHS1997360007,1996-97,DHS,,,111,141,1
BGD,Barishal,5481429,Antenatal care from a skilled provider,22.9,1,BD,Bangladesh,1997,BD1997DHS,RH_ANCP_W_SKP,83363120,I,360001,1360010,Region,Barishal,14000,Three years preceding the survey,0,0,RHANCPWSKP,BDDHS1997360001,1996-97,DHS,215,337,,,1
BGD,Barishal,1310798,Antenatal care from a skilled provider,21.9,1,BD,Bangladesh,1997,BD1997DHS,RH_ANCP_W_SKP,83363120,I,360001,1360010,Region,Barishal,14001,Five years preceding the survey,0,0,RHANCPWSKP,BDDHS1997360001,1996-97,DHS,307,483,,,1
BGD,Barishal,6172385,Antenatal care from a skilled provider,24.2,1,BD,Bangladesh,1997,BD1997DHS,RH_ANCP_W_SKP,83363120,I,360001,1360010,Region,Barishal,14002,Two years preceding the survey,0,1,RHANCPWSKP,BDDHS1997360001,1996-97,DHS,156,243,,,1
BGD,Chattogram/Sylhet,7129636,Antenatal care from a skilled provider,24.6,1,BD,Bangladesh,1997,BD1997DHS,RH_ANCP_W_SKP,83363120,I,360002,1360020,Region,Chattogram/Sylhet,14000,Three years preceding the survey,0,0,RHANCPWSKP,BDDHS1997360002,1996-97,DHS,1033,984,,,
BGD,Chattogram/Sylhet,7727083,Antenatal care from a skilled provider,24.2,1,BD,Bangladesh,1997,BD1997DHS,RH_ANCP_W_SKP,83363120,I,360002,1360020,Region,Chattogram/Sylhet,14001,Five years preceding the survey,0,0,RHANCPWSKP,BDDHS1997360002,1996-97,DHS,1363,1303,,,
BGD,Chattogram/Sylhet,7582341,Antenatal care from a skilled provider,26,1,BD,Bangladesh,1997,BD1997DHS,RH_ANCP_W_SKP,83363120,I,360002,1360020,Region,Chattogram/Sylhet,14002,Two years preceding the survey,0,1,RHANCPWSKP,BDDHS1997360002,1996-97,DHS,770,732,,,
BGD,Chattogram,4225558,Antenatal care from a skilled provider,26.7,1,BD,Bangladesh,1997,BD1997DHS,RH_ANCP_W_SKP,83363120,I,360003,1360030,Region,..Chattogram,14000,Three years preceding the survey,0,0,RHANCPWSKP,BDDHS1997360003,1996-97,DHS,814,594,,,1
BGD,Chattogram,3797807,Antenatal care from a skilled provider,26,1,BD,Bangladesh,1997,BD1997DHS,RH_ANCP_W_SKP,83363120,I,360003,1360030,Region,..Chattogram,14001,Five years preceding the survey,0,0,RHANCPWSKP,BDDHS1997360003,1996-97,DHS,1075,789,,,1
BGD,Chattogram,736921,Antenatal care from a skilled provider,28.2,1,BD,Bangladesh,1997,BD1997DHS,RH_ANCP_W_SKP,83363120,I,360003,1360030,Region,..Chattogram,14002,Two years preceding the survey,0,1,RHANCPWSKP,BDDHS1997360003,1996-97,DHS,605,440,,,1
BGD,Sylhet,3539527,Antenatal care from a skilled provider,16.5,1,BD,Bangladesh,1997,BD1997DHS,RH_ANCP_W_SKP,83363120,I,360004,1360040,Region,..Sylhet,14000,Three years preceding the survey,0,0,RHANCPWSKP,BDDHS1997360004,1996-97,DHS,219,390,,,1
BGD,Sylhet,5839754,Antenatal care from a skilled provider,17.4,1,BD,Bangladesh,1997,BD1997DHS,RH_ANCP_W_SKP,83363120,I,360004,1360040,Region,..Sylhet,14001,Five years preceding the survey,0,0,RHANCPWSKP,BDDHS1997360004,1996-97,DHS,288,514,,,1
BGD,Sylhet,3711790,Antenatal care from a skilled provider,17.7,1,BD,Bangladesh,1997,BD1997DHS,RH_ANCP_W_SKP,83363120,I,360004,1360040,Region,..Sylhet,14002,Two years preceding the survey,0,1,RHANCPWSKP,BDDHS1997360004,1996-97,DHS,165,292,,,1
BGD,Dhaka before 2015,2750884,Antenatal care from a skilled provider,24.5,1,BD,Bangladesh,1997,BD1997DHS,RH_ANCP_W_SKP,83363120,I,360005,1360050,Region,Dhaka before 2015,14000,Three years preceding the survey,0,0,RHANCPWSKP,BDDHS1997360005,1996-97,DHS,1035,903,,,1
BGD,Dhaka before 2015,6437429,Antenatal care from a skilled provider,24.4,1,BD,Bangladesh,1997,BD1997DHS,RH_ANCP_W_SKP,83363120,I,360005,1360050,Region,Dhaka before 2015,14001,Five years preceding the survey,0,0,RHANCPWSKP,BDDHS1997360005,1996-97,DHS,1431,1254,,,1
BGD,Dhaka before 2015,5608935,Antenatal care from a skilled provider,25.4,1,BD,Bangladesh,1997,BD1997DHS,RH_ANCP_W_SKP,83363120,I,360005,1360050,Region,Dhaka before 2015,14002,Two years preceding the survey,0,1,RHANCPWSKP,BDDHS1997360005,1996-97,DHS,685,599,,,1
BGD,Khulna,7712836,Antenatal care from a skilled provider,24.9,1,BD,Bangladesh,1997,BD1997DHS,RH_ANCP_W_SKP,83363120,I,360006,1360060,Region,Khulna,14000,Three years preceding the survey,0,0,RHANCPWSKP,BDDHS1997360006,1996-97,DHS,323,313,,,1
BGD,Khulna,2696581,Antenatal care from a skilled provider,23.6,1,BD,Bangladesh,1997,BD1997DHS,RH_ANCP_W_SKP,83363120,I,360006,1360060,Region,Khulna,14001,Five years preceding the survey,0,0,RHANCPWSKP,BDDHS1997360006,1996-97,DHS,493,476,,,1
BGD,Khulna,6252926,Antenatal care from a skilled provider,27.4,1,BD,Bangladesh,1997,BD1997DHS,RH_ANCP_W_SKP,83363120,I,360006,1360060,Region,Khulna,14002,Two years preceding the survey,0,1,RHANCPWSKP,BDDHS1997360006,1996-97,DHS,227,218,,,1
BGD,Rajshahi/Rangpur,670041,Antenatal care from a skilled provider,18.4,1,BD,Bangladesh,1997,BD1997DHS,RH_ANCP_W_SKP,83363120,I,360007,1360070,Region,Rajshahi/Rangpur,14000,Three years preceding the survey,0,0,RHANCPWSKP,BDDHS1997360007,1996-97,DHS,719,754,,,1
BGD,Rajshahi/Rangpur,557098,Antenatal care from a skilled provider,17.7,1,BD,Bangladesh,1997,BD1997DHS,RH_ANCP_W_SKP,83363120,I,360007,1360070,Region,Rajshahi/Rangpur,14001,Five years preceding the survey,0,0,RHANCPWSKP,BDDHS1997360007,1996-97,DHS,1023,1069,,,1
BGD,Rajshahi/Rangpur,4219066,Antenatal care from a skilled provider,18.7,1,BD,Bangladesh,1997,BD1997DHS,RH_ANCP_W_SKP,83363120,I,360007,1360070,Region,Rajshahi/Rangpur,14002,Two years preceding the survey,0,1,RHANCPWSKP,BDDHS1997360007,1996-97,DHS,501,528,,,1
BGD,Barishal,6976358,Antenatal visits for pregnancy: 4+ visits,5.5,1,BD,Bangladesh,1997,BD1997DHS,RH_ANCN_W_N4P,83403040,I,360001,1360010,Region,Barishal,14000,Three years preceding the survey,0,0,RHANCNWN4P,BDDHS1997360001,1996-97,DHS,215,337,,,1
BGD,Barishal,2872087,Antenatal visits for pregnancy: 4+ visits,4.6,1,BD,Bangladesh,1997,BD1997DHS,RH_ANCN_W_N4P,83403040,I,360001,1360010,Region,Barishal,14001,Five years preceding the survey,0,0,RHANCNWN4P,BDDHS1997360001,1996-97,DHS,307,483,,,1
BGD,Barishal,6027335,Antenatal visits for pregnancy: 4+ visits,5.1,1,BD,Bangladesh,1997,BD1997DHS,RH_ANCN_W_N4P,83403040,I,360001,1360010,Region,Barishal,14002,Two years preceding the survey,0,1,RHANCNWN4P,BDDHS1997360001,1996-97,DHS,156,243,,,1
BGD,Chattogram/Sylhet,3331366,Antenatal visits for pregnancy: 4+ visits,6.5,1,BD,Bangladesh,1997,BD1997DHS,RH_ANCN_W_N4P,83403040,I,360002,1360020,Region,Chattogram/Sylhet,14000,Three years preceding the survey,0,0,RHANCNWN4P,BDDHS1997360002,1996-97,DHS,1033,984,,,
BGD,Chattogram/Sylhet,7727142,Antenatal visits for pregnancy: 4+ visits,6.3,1,BD,Bangladesh,1997,BD1997DHS,RH_ANCN_W_N4P,83403040,I,360002,1360020,Region,Chattogram/Sylhet,14001,Five years preceding the survey,0,0,RHANCNWN4P,BDDHS1997360002,1996-97,DHS,1363,1303,,,
BGD,Chattogram/Sylhet,7582384,Antenatal visits for pregnancy: 4+ visits,6.4,1,BD,Bangladesh,1997,BD1997DHS,RH_ANCN_W_N4P,83403040,I,360002,1360020,Region,Chattogram/Sylhet,14002,Two years preceding the survey,0,1,RHANCNWN4P,BDDHS1997360002,1996-97,DHS,770,732,,,
BGD,Chattogram,3157110,Antenatal visits for pregnancy: 4+ visits,7,1,BD,Bangladesh,1997,BD1997DHS,RH_ANCN_W_N4P,83403040,I,360003,1360030,Region,..Chattogram,14000,Three years preceding the survey,0,0,RHANCNWN4P,BDDHS1997360003,1996-97,DHS,814,594,,,1
BGD,Chattogram,4725204,Antenatal visits for pregnancy: 4+ visits,6.6,1,BD,Bangladesh,1997,BD1997DHS,RH_ANCN_W_N4P,83403040,I,360003,1360030,Region,..Chattogram,14001,Five years preceding the survey,0,0,RHANCNWN4P,BDDHS1997360003,1996-97,DHS,1075,789,,,1
BGD,Chattogram,650922,Antenatal visits for pregnancy: 4+ visits,6.7,1,BD,Bangladesh,1997,BD1997DHS,RH_ANCN_W_N4P,83403040,I,360003,1360030,Region,..Chattogram,14002,Two years preceding the survey,0,1,RHANCNWN4P,BDDHS1997360003,1996-97,DHS,605,440,,,1
BGD,Sylhet,7385706,Antenatal visits for pregnancy: 4+ visits,4.5,1,BD,Bangladesh,1997,BD1997DHS,RH_ANCN_W_N4P,83403040,I,360004,1360040,Region,..Sylhet,14000,Three years preceding the survey,0,0,RHANCNWN4P,BDDHS1997360004,1996-97,DHS,219,390,,,1
BGD,Sylhet,5488877,Antenatal visits for pregnancy: 4+ visits,5.1,1,BD,Bangladesh,1997,BD1997DHS,RH_ANCN_W_N4P,83403040,I,360004,1360040,Region,..Sylhet,14001,Five years preceding the survey,0,0,RHANCNWN4P,BDDHS1997360004,1996-97,DHS,288,514,,,1
BGD,Sylhet,2860927,Antenatal visits for pregnancy: 4+ visits,5.3,1,BD,Bangladesh,1997,BD1997DHS,RH_ANCN_W_N4P,83403040,I,360004,1360040,Region,..Sylhet,14002,Two years preceding the survey,0,1,RHANCNWN4P,BDDHS1997360004,1996-97,DHS,165,292,,,1
BGD,Dhaka before 2015,4721170,Antenatal visits for pregnancy: 4+ visits,8.4,1,BD,Bangladesh,1997,BD1997DHS,RH_ANCN_W_N4P,83403040,I,360005,1360050,Region,Dhaka before 2015,14000,Three years preceding the survey,0,0,RHANCNWN4P,BDDHS1997360005,1996-97,DHS,1035,903,,,1
BGD,Dhaka before 2015,6366321,Antenatal visits for pregnancy: 4+ visits,8.9,1,BD,Bangladesh,1997,BD1997DHS,RH_ANCN_W_N4P,83403040,I,360005,1360050,Region,Dhaka before 2015,14001,Five years preceding the survey,0,0,RHANCNWN4P,BDDHS1997360005,1996-97,DHS,1431,1254,,,1
BGD,Dhaka before 2015,6942421,Antenatal visits for pregnancy: 4+ visits,8.3,1,BD,Bangladesh,1997,BD1997DHS,RH_ANCN_W_N4P,83403040,I,360005,1360050,Region,Dhaka before 2015,14002,Two years preceding the survey,0,1,RHANCNWN4P,BDDHS1997360005,1996-97,DHS,685,599,,,1
BGD,Khulna,7712823,Antenatal visits for pregnancy: 4+ visits,6.4,1,BD,Bangladesh,1997,BD1997DHS,RH_ANCN_W_N4P,83403040,I,360006,1360060,Region,Khulna,14000,Three years preceding the survey,0,0,RHANCNWN4P,BDDHS1997360006,1996-97,DHS,323,313,,,1
BGD,Khulna,6451361,Antenatal visits for pregnancy: 4+ visits,6.8,1,BD,Bangladesh,1997,BD1997DHS,RH_ANCN_W_N4P,83403040,I,360006,1360060,Region,Khulna,14001,Five years preceding the survey,0,0,RHANCNWN4P,BDDHS1997360006,1996-97,DHS,493,476,,,1
BGD,Khulna,3365158,Antenatal visits for pregnancy: 4+ visits,7.4,1,BD,Bangladesh,1997,BD1997DHS,RH_ANCN_W_N4P,83403040,I,360006,1360060,Region,Khulna,14002,Two years preceding the survey,0,1,RHANCNWN4P,BDDHS1997360006,1996-97,DHS,227,218,,,1
BGD,Rajshahi/Rangpur,1303322,Antenatal visits for pregnancy: 4+ visits,5.6,1,BD,Bangladesh,1997,BD1997DHS,RH_ANCN_W_N4P,83403040,I,360007,1360070,Region,Rajshahi/Rangpur,14000,Three years preceding the survey,0,0,RHANCNWN4P,BDDHS1997360007,1996-97,DHS,719,754,,,1
BGD,Rajshahi/Rangpur,6624403,Antenatal visits for pregnancy: 4+ visits,5.6,1,BD,Bangladesh,1997,BD1997DHS,RH_ANCN_W_N4P,83403040,I,360007,1360070,Region,Rajshahi/Rangpur,14001,Five years preceding the survey,0,0,RHANCNWN4P,BDDHS1997360007,1996-97,DHS,1023,1069,,,1
BGD,Rajshahi/Rangpur,4163038,Antenatal visits for pregnancy: 4+ visits,6.1,1,BD,Bangladesh,1997,BD1997DHS,RH_ANCN_W_N4P,83403040,I,360007,1360070,Region,Rajshahi/Rangpur,14002,Two years preceding the survey,0,1,RHANCNWN4P,BDDHS1997360007,1996-97,DHS,501,528,,,1
BGD,Barishal,5944412,Assistance during delivery from a skilled provider,9,1,BD,Bangladesh,1997,BD1997DHS,RH_DELA_C_SKP,83606110,I,360001,1360010,Region,Barishal,14000,Three years preceding the survey,0,0,RHDELACSKP,BDDHS1997360001,1996-97,DHS,239,374,,,1
BGD,Barishal,7099263,Assistance during delivery from a skilled provider,8.1,1,BD,Bangladesh,1997,BD1997DHS,RH_DELA_C_SKP,83606110,I,360001,1360010,Region,Barishal,14001,Five years preceding the survey,0,0,RHDELACSKP,BDDHS1997360001,1996-97,DHS,407,639,,,1
BGD,Barishal,342475,Assistance during delivery from a skilled provider,9.5,1,BD,Bangladesh,1997,BD1997DHS,RH_DELA_C_SKP,83606110,I,360001,1360010,Region,Barishal,14002,Two years preceding the survey,0,1,RHDELACSKP,BDDHS1997360001,1996-97,DHS,162,251,,,1
BGD,Chattogram/Sylhet,3225136,Assistance during delivery from a skilled provider,6.8,1,BD,Bangladesh,1997,BD1997DHS,RH_DELA_C_SKP,83606110,I,360002,1360020,Region,Chattogram/Sylhet,14000,Three years preceding the survey,0,0,RHDELACSKP,BDDHS1997360002,1996-97,DHS,1169,1117,,,
BGD,Chattogram/Sylhet,7727247,Assistance during delivery from a skilled provider,6.5,1,BD,Bangladesh,1997,BD1997DHS,RH_DELA_C_SKP,83606110,I,360002,1360020,Region,Chattogram/Sylhet,14001,Five years preceding the survey,0,0,RHDELACSKP,BDDHS1997360002,1996-97,DHS,1971,1887,,,
BGD,Chattogram/Sylhet,7582718,Assistance during delivery from a skilled provider,8.2,1,BD,Bangladesh,1997,BD1997DHS,RH_DELA_C_SKP,83606110,I,360002,1360020,Region,Chattogram/Sylhet,14002,Two years preceding the survey,0,1,RHDELACSKP,BDDHS1997360002,1996-97,DHS,797,763,,,
BGD,Chattogram,5168534,Assistance during delivery from a skilled provider,7.3,1,BD,Bangladesh,1997,BD1997DHS,RH_DELA_C_SKP,83606110,I,360003,1360030,Region,..Chattogram,14000,Three years preceding the survey,0,0,RHDELACSKP,BDDHS1997360003,1996-97,DHS,915,666,,,1
BGD,Chattogram,619350,Assistance during delivery from a skilled provider,7,1,BD,Bangladesh,1997,BD1997DHS,RH_DELA_C_SKP,83606110,I,360003,1360030,Region,..Chattogram,14001,Five years preceding the survey,0,0,RHDELACSKP,BDDHS1997360003,1996-97,DHS,1538,1120,,,1
BGD,Chattogram,581819,Assistance during delivery from a skilled provider,8.7,1,BD,Bangladesh,1997,BD1997DHS,RH_DELA_C_SKP,83606110,I,360003,1360030,Region,..Chattogram,14002,Two years preceding the survey,0,1,RHDELACSKP,BDDHS1997360003,1996-97,DHS,621,452,,,1
BGD,Sylhet,185441,Assistance during delivery from a skilled provider,5.3,1,BD,Bangladesh,1997,BD1997DHS,RH_DELA_C_SKP,83606110,I,360004,1360040,Region,..Sylhet,14000,Three years preceding the survey,0,0,RHDELACSKP,BDDHS1997360004,1996-97,DHS,254,451,,,1
BGD,Sylhet,7338941,Assistance during delivery from a skilled provider,4.8,1,BD,Bangladesh,1997,BD1997DHS,RH_DELA_C_SKP,83606110,I,360004,1360040,Region,..Sylhet,14001,Five years preceding the survey,0,0,RHDELACSKP,BDDHS1997360004,1996-97,DHS,433,767,,,1
BGD,Sylhet,3356313,Assistance during delivery from a skilled provider,6.5,1,BD,Bangladesh,1997,BD1997DHS,RH_DELA_C_SKP,83606110,I,360004,1360040,Region,..Sylhet,14002,Two years preceding the survey,0,1,RHDELACSKP,BDDHS1997360004,1996-97,DHS,176,311,,,1
BGD,Dhaka before 2015,6961385,Assistance during delivery from a skilled provider,9.4,1,BD,Bangladesh,1997,BD1997DHS,RH_DELA_C_SKP,83606110,I,360005,1360050,Region,Dhaka before 2015,14000,Three years preceding the survey,0,0,RHDELACSKP,BDDHS1997360005,1996-97,DHS,1126,985,,,1
BGD,Dhaka before 2015,467752,Assistance during delivery from a skilled provider,9,1,BD,Bangladesh,1997,BD1997DHS,RH_DELA_C_SKP,83606110,I,360005,1360050,Region,Dhaka before 2015,14001,Five years preceding the survey,0,0,RHDELACSKP,BDDHS1997360005,1996-97,DHS,1893,1658,,,1
BGD,Dhaka before 2015,5950505,Assistance during delivery from a skilled provider,8.8,1,BD,Bangladesh,1997,BD1997DHS,RH_DELA_C_SKP,83606110,I,360005,1360050,Region,Dhaka before 2015,14002,Two years preceding the survey,0,1,RHDELACSKP,BDDHS1997360005,1996-97,DHS,702,614,,,1
BGD,Khulna,7713244,Assistance during delivery from a skilled provider,14.1,1,BD,Bangladesh,1997,BD1997DHS,RH_DELA_C_SKP,83606110,I,360006,1360060,Region,Khulna,14000,Three years preceding the survey,0,0,RHDELACSKP,BDDHS1997360006,1996-97,DHS,344,334,,,1
BGD,Khulna,4916321,Assistance during delivery from a skilled provider,14,1,BD,Bangladesh,1997,BD1997DHS,RH_DELA_C_SKP,83606110,I,360006,1360060,Region,Khulna,14001,Five years preceding the survey,0,0,RHDELACSKP,BDDHS1997360006,1996-97,DHS,612,593,,,1
BGD,Khulna,6831438,Assistance during delivery from a skilled provider,15.5,1,BD,Bangladesh,1997,BD1997DHS,RH_DELA_C_SKP,83606110,I,360006,1360060,Region,Khulna,14002,Two years preceding the survey,0,1,RHDELACSKP,BDDHS1997360006,1996-97,DHS,231,223,,,1
BGD,Rajshahi/Rangpur,784950,Assistance during delivery from a skilled provider,5.1,1,BD,Bangladesh,1997,BD1997DHS,RH_DELA_C_SKP,83606110,I,360007,1360070,Region,Rajshahi/Rangpur,14000,Three years preceding the survey,0,0,RHDELACSKP,BDDHS1997360007,1996-97,DHS,766,805,,,1
BGD,Rajshahi/Rangpur,4410650,Assistance during delivery from a skilled provider,4.4,1,BD,Bangladesh,1997,BD1997DHS,RH_DELA_C_SKP,83606110,I,360007,1360070,Region,Rajshahi/Rangpur,14001,Five years preceding the survey,0,0,RHDELACSKP,BDDHS1997360007,1996-97,DHS,1326,1390,,,1
BGD,Rajshahi/Rangpur,1303599,Assistance during delivery from a skilled provider,5.8,1,BD,Bangladesh,1997,BD1997DHS,RH_DELA_C_SKP,83606110,I,360007,1360070,Region,Rajshahi/Rangpur,14002,Two years preceding the survey,0,1,RHDELACSKP,BDDHS1997360007,1996-97,DHS,513,541,,,1
BGD,Barishal,1389619,Children underweight,53.8,1,BD,Bangladesh,1997,BD1997DHS,CN_NUTS_C_WA2,104236090,I,360001,1360010,Region,Barishal,0,,0,1,CNNUTSCWA2,BDDHS1997360001,1996-97,DHS,311,487,,,1
BGD,Chattogram/Sylhet,7327355,Children underweight,55.7,1,BD,Bangladesh,1997,BD1997DHS,CN_NUTS_C_WA2,104236090,I,360002,1360020,Region,Chattogram/Sylhet,0,,0,1,CNNUTSCWA2,BDDHS1997360002,1996-97,DHS,1470,1385,,,
BGD,Chattogram,4206655,Children underweight,55.2,1,BD,Bangladesh,1997,BD1997DHS,CN_NUTS_C_WA2,104236090,I,360003,1360030,Region,..Chattogram,0,,0,1,CNNUTSCWA2,BDDHS1997360003,1996-97,DHS,1170,852,,,1
BGD,Sylhet,5895314,Children underweight,57.7,1,BD,Bangladesh,1997,BD1997DHS,CN_NUTS_C_WA2,104236090,I,360004,1360040,Region,..Sylhet,0,,0,1,CNNUTSCWA2,BDDHS1997360004,1996-97,DHS,300,533,,,1
BGD,Dhaka before 2015,6943805,Children underweight,50.6,1,BD,Bangladesh,1997,BD1997DHS,CN_NUTS_C_WA2,104236090,I,360005,1360050,Region,Dhaka before 2015,0,,0,1,CNNUTSCWA2,BDDHS1997360005,1996-97,DHS,1482,1297,,,1
BGD,Khulna,1389579,Children underweight,46,1,BD,Bangladesh,1997,BD1997DHS,CN_NUTS_C_WA2,104236090,I,360006,1360060,Region,Khulna,0,,0,1,CNNUTSCWA2,BDDHS1997360006,1996-97,DHS,477,464,,,1
BGD,Rajshahi/Rangpur,2602456,Children underweight,51.9,1,BD,Bangladesh,1997,BD1997DHS,CN_NUTS_C_WA2,104236090,I,360007,1360070,Region,Rajshahi/Rangpur,0,,0,1,CNNUTSCWA2,BDDHS1997360007,1996-97,DHS,1008,1059,,,1
BGD,Barishal,4823138,Population using an improved water source,91.1,1,BD,Bangladesh,1997,BD1997DHS,WS_SRCE_P_IMP,250162010,I,360001,1360010,Region,Barishal,0,,0,1,WSSRCEPIMP,BDDHS1997360001,1996-97,DHS,2998,4695,,,1
BGD,Chattogram/Sylhet,2943318,Population using an improved water source,94.8,1,BD,Bangladesh,1997,BD1997DHS,WS_SRCE_P_IMP,250162010,I,360002,1360020,Region,Chattogram/Sylhet,0,,0,1,WSSRCEPIMP,BDDHS1997360002,1996-97,DHS,12841,12473,,,
BGD,Chattogram,5366524,Population using an improved water source,98,1,BD,Bangladesh,1997,BD1997DHS,WS_SRCE_P_IMP,250162010,I,360003,1360030,Region,..Chattogram,0,,0,1,WSSRCEPIMP,BDDHS1997360003,1996-97,DHS,10036,7439,,,1
BGD,Sylhet,3729417,Population using an improved water source,83.5,1,BD,Bangladesh,1997,BD1997DHS,WS_SRCE_P_IMP,250162010,I,360004,1360040,Region,..Sylhet,0,,0,1,WSSRCEPIMP,BDDHS1997360004,1996-97,DHS,2805,5034,,,1
BGD,Dhaka before 2015,4007440,Population using an improved water source,97.1,1,BD,Bangladesh,1997,BD1997DHS,WS_SRCE_P_IMP,250162010,I,360005,1360050,Region,Dhaka before 2015,0,,0,1,WSSRCEPIMP,BDDHS1997360005,1996-97,DHS,14164,12354,,,1
BGD,Khulna,3452474,Population using an improved water source,96.8,1,BD,Bangladesh,1997,BD1997DHS,WS_SRCE_P_IMP,250162010,I,360006,1360060,Region,Khulna,0,,0,1,WSSRCEPIMP,BDDHS1997360006,1996-97,DHS,5433,5297,,,1
BGD,Rajshahi/Rangpur,1096955,Population using an improved water source,94.8,1,BD,Bangladesh,1997,BD1997DHS,WS_SRCE_P_IMP,250162010,I,360007,1360070,Region,Rajshahi/Rangpur,0,,0,1,WSSRCEPIMP,BDDHS1997360007,1996-97,DHS,10384,10957,,,1
BGD,Barishal,4345355,Population with an improved sanitation facility,36.8,1,BD,Bangladesh,1997,BD1997DHS,WS_TLET_P_IMP,250262010,I,360001,1360010,Region,Barishal,0,,0,1,WSTLETPIMP,BDDHS1997360001,1996-97,DHS,2998,4695,,,1
BGD,Chattogram/Sylhet,6676280,Population with an improved sanitation facility,34.7,1,BD,Bangladesh,1997,BD1997DHS,WS_TLET_P_IMP,250262010,I,360002,1360020,Region,Chattogram/Sylhet,0,,0,1,WSTLETPIMP,BDDHS1997360002,1996-97,DHS,12841,12473,,,
BGD,Chattogram,754307,Population with an improved sanitation facility,38,1,BD,Bangladesh,1997,BD1997DHS,WS_TLET_P_IMP,250262010,I,360003,1360030,Region,..Chattogram,0,,0,1,WSTLETPIMP,BDDHS1997360003,1996-97,DHS,10036,7439,,,1
BGD,Sylhet,5556319,Population with an improved sanitation facility,23.1,1,BD,Bangladesh,1997,BD1997DHS,WS_TLET_P_IMP,250262010,I,360004,1360040,Region,..Sylhet,0,,0,1,WSTLETPIMP,BDDHS1997360004,1996-97,DHS,2805,5034,,,1
BGD,Dhaka before 2015,3664258,Population with an improved sanitation facility,32.1,1,BD,Bangladesh,1997,BD1997DHS,WS_TLET_P_IMP,250262010,I,360005,1360050,Region,Dhaka before 2015,0,,0,1,WSTLETPIMP,BDDHS1997360005,1996-97,DHS,14164,12354,,,1
BGD,Khulna,3394104,Population with an improved sanitation facility,41.2,1,BD,Bangladesh,1997,BD1997DHS,WS_TLET_P_IMP,250262010,I,360006,1360060,Region,Khulna,0,,0,1,WSTLETPIMP,BDDHS1997360006,1996-97,DHS,5433,5297,,,1
BGD,Rajshahi/Rangpur,3858114,Population with an improved sanitation facility,24.7,1,BD,Bangladesh,1997,BD1997DHS,WS_TLET_P_IMP,250262010,I,360007,1360070,Region,Rajshahi/Rangpur,0,,0,1,WSTLETPIMP,BDDHS1997360007,1996-97,DHS,10384,10957,,,1
BGD,Barishal,1803799,Age specific fertility rate: 15-19,154,0,BD,Bangladesh,2000,BD2000DHS,FE_FRTR_W_A15,11763010,I,360001,1360010,Region,Barishal,0,,0,1,FEFRTRWA15,BDDHS2000360001,1999-00,DHS,,,,,1
BGD,Chattogram/Sylhet,7449974,Age specific fertility rate: 15-19,126,0,BD,Bangladesh,2000,BD2000DHS,FE_FRTR_W_A15,11763010,I,360002,1360020,Region,Chattogram/Sylhet,0,,0,1,FEFRTRWA15,BDDHS2000360002,1999-00,DHS,,,,,
BGD,Chattogram,7933938,Age specific fertility rate: 15-19,131,0,BD,Bangladesh,2000,BD2000DHS,FE_FRTR_W_A15,11763010,I,360003,1360030,Region,..Chattogram,0,,0,1,FEFRTRWA15,BDDHS2000360003,1999-00,DHS,,,,,1
BGD,Sylhet,1810459,Age specific fertility rate: 15-19,110,0,BD,Bangladesh,2000,BD2000DHS,FE_FRTR_W_A15,11763010,I,360004,1360040,Region,..Sylhet,0,,0,1,FEFRTRWA15,BDDHS2000360004,1999-00,DHS,,,,,1
BGD,Dhaka before 2015,1810426,Age specific fertility rate: 15-19,145,0,BD,Bangladesh,2000,BD2000DHS,FE_FRTR_W_A15,11763010,I,360005,1360050,Region,Dhaka before 2015,0,,0,1,FEFRTRWA15,BDDHS2000360005,1999-00,DHS,,,,,1
BGD,Khulna,7629769,Age specific fertility rate: 15-19,146,0,BD,Bangladesh,2000,BD2000DHS,FE_FRTR_W_A15,11763010,I,360006,1360060,Region,Khulna,0,,0,1,FEFRTRWA15,BDDHS2000360006,1999-00,DHS,,,,,1
BGD,Rajshahi/Rangpur,1803792,Age specific fertility rate: 15-19,162,0,BD,Bangladesh,2000,BD2000DHS,FE_FRTR_W_A15,11763010,I,360007,1360070,Region,Rajshahi/Rangpur,0,,0,1,FEFRTRWA15,BDDHS2000360007,1999-00,DHS,,,,,1
BGD,Barishal,6023128,Married women currently using any method of contraception,59.5,1,BD,Bangladesh,2000,BD2000DHS,FP_CUSM_W_ANY,32633010,I,360001,1360010,Region,Barishal,0,,0,1,FPCUSMWANY,BDDHS2000360001,1999-00,DHS,629,902,,,1
BGD,Chattogram/Sylhet,7473626,Married women currently using any method of contraception,42.1,1,BD,Bangladesh,2000,BD2000DHS,FP_CUSM_W_ANY,32633010,I,360002,1360020,Region,Chattogram/Sylhet,0,,0,1,FPCUSMWANY,BDDHS2000360002,1999-00,DHS,2311,2745,,,
BGD,Chattogram,7919988,Married women currently using any method of contraception,44.6,1,BD,Bangladesh,2000,BD2000DHS,FP_CUSM_W_ANY,32633010,I,360003,1360030,Region,..Chattogram,0,,0,1,FPCUSMWANY,BDDHS2000360003,1999-00,DHS,1763,1752,,,1
BGD,Sylhet,2763976,Married women currently using any method of contraception,34.3,1,BD,Bangladesh,2000,BD2000DHS,FP_CUSM_W_ANY,32633010,I,360004,1360040,Region,..Sylhet,0,,0,1,FPCUSMWANY,BDDHS2000360004,1999-00,DHS,548,993,,,1
BGD,Dhaka before 2015,4862304,Married women currently using any method of contraception,54.3,1,BD,Bangladesh,2000,BD2000DHS,FP_CUSM_W_ANY,32633010,I,360005,1360050,Region,Dhaka before 2015,0,,0,1,FPCUSMWANY,BDDHS2000360005,1999-00,DHS,2968,2310,,,1
BGD,Khulna,7631642,Married women currently using any method of contraception,64.5,1,BD,Bangladesh,2000,BD2000DHS,FP_CUSM_W_ANY,32633010,I,360006,1360060,Region,Khulna,0,,0,1,FPCUSMWANY,BDDHS2000360006,1999-00,DHS,1169,1663,,,1
BGD,Rajshahi/Rangpur,2992194,Married women currently using any method of contraception,59.5,1,BD,Bangladesh,2000,BD2000DHS,FP_CUSM_W_ANY,32633010,I,360007,1360070,Region,Rajshahi/Rangpur,0,,0,1,FPCUSMWANY,BDDHS2000360007,1999-00,DHS,2462,1910,,,1
BGD,Barishal,865174,Unmet need for family planning,18,1,BD,Bangladesh,2000,BD2000DHS,FP_NADM_W_UNT,32933030,I,360001,1360010,Region,Barishal,0,,0,1,FPNADMWUNT,BDDHS2000360001,1999-00,DHS,629,902,,,1
BGD,Chattogram/Sylhet,7449395,Unmet need for family planning,22.8,1,BD,Bangladesh,2000,BD2000DHS,FP_NADM_W_UNT,32933030,I,360002,1360020,Region,Chattogram/Sylhet,0,,0,1,FPNADMWUNT,BDDHS2000360002,1999-00,DHS,2311,2745,,,
BGD,Chattogram,7919469,Unmet need for family planning,22.4,1,BD,Bangladesh,2000,BD2000DHS,FP_NADM_W_UNT,32933030,I,360003,1360030,Region,..Chattogram,0,,0,1,FPNADMWUNT,BDDHS2000360003,1999-00,DHS,1763,1752,,,1
BGD,Sylhet,1559120,Unmet need for family planning,24.2,1,BD,Bangladesh,2000,BD2000DHS,FP_NADM_W_UNT,32933030,I,360004,1360040,Region,..Sylhet,0,,0,1,FPNADMWUNT,BDDHS2000360004,1999-00,DHS,548,993,,,1
BGD,Dhaka before 2015,5107292,Unmet need for family planning,18.3,1,BD,Bangladesh,2000,BD2000DHS,FP_NADM_W_UNT,32933030,I,360005,1360050,Region,Dhaka before 2015,0,,0,1,FPNADMWUNT,BDDHS2000360005,1999-00,DHS,2968,2310,,,1
BGD,Khulna,7630758,Unmet need for family planning,13.7,1,BD,Bangladesh,2000,BD2000DHS,FP_NADM_W_UNT,32933030,I,360006,1360060,Region,Khulna,0,,0,1,FPNADMWUNT,BDDHS2000360006,1999-00,DHS,1169,1663,,,1
BGD,Rajshahi/Rangpur,5331165,Unmet need for family planning,16,1,BD,Bangladesh,2000,BD2000DHS,FP_NADM_W_UNT,32933030,I,360007,1360070,Region,Rajshahi/Rangpur,0,,0,1,FPNADMWUNT,BDDHS2000360007,1999-00,DHS,2462,1910,,,1
BGD,Barishal,1722317,Infant mortality rate,76,0,BD,Bangladesh,2000,BD2000DHS,CM_ECMR_C_IMR,63206030,I,360001,1360010,Region,Barishal,14003,Ten years preceding the survey,0,1,CMECMRCIMR,BDDHS2000360001,1999-00,DHS,,,56,95,1
BGD,Chattogram/Sylhet,7623470,Infant mortality rate,84,0,BD,Bangladesh,2000,BD2000DHS,CM_ECMR_C_IMR,63206030,I,360002,1360020,Region,Chattogram/Sylhet,14003,Ten years preceding the survey,0,1,CMECMRCIMR,BDDHS2000360002,1999-00,DHS,,,74,95,
BGD,Chattogram,1728524,Infant mortality rate,69,0,BD,Bangladesh,2000,BD2000DHS,CM_ECMR_C_IMR,63206030,I,360003,1360030,Region,..Chattogram,14003,Ten years preceding the survey,0,1,CMECMRCIMR,BDDHS2000360003,1999-00,DHS,,,59,79,1
BGD,Sylhet,7478138,Infant mortality rate,127,0,BD,Bangladesh,2000,BD2000DHS,CM_ECMR_C_IMR,63206030,I,360004,1360040,Region,..Sylhet,14003,Ten years preceding the survey,0,1,CMECMRCIMR,BDDHS2000360004,1999-00,DHS,,,106,148,1
BGD,Dhaka before 2015,7901533,Infant mortality rate,84,0,BD,Bangladesh,2000,BD2000DHS,CM_ECMR_C_IMR,63206030,I,360005,1360050,Region,Dhaka before 2015,14003,Ten years preceding the survey,0,1,CMECMRCIMR,BDDHS2000360005,1999-00,DHS,,,72,96,1
BGD,Khulna,1722328,Infant mortality rate,64,0,BD,Bangladesh,2000,BD2000DHS,CM_ECMR_C_IMR,63206030,I,360006,1360060,Region,Khulna,14003,Ten years preceding the survey,0,1,CMECMRCIMR,BDDHS2000360006,1999-00,DHS,,,51,78,1
BGD,Rajshahi/Rangpur,7832683,Infant mortality rate,76,0,BD,Bangladesh,2000,BD2000DHS,CM_ECMR_C_IMR,63206030,I,360007,1360070,Region,Rajshahi/Rangpur,14003,Ten years preceding the survey,0,1,CMECMRCIMR,BDDHS2000360007,1999-00,DHS,,,66,87,1
BGD,Barishal,7697235,Under-five mortality rate,109,0,BD,Bangladesh,2000,BD2000DHS,CM_ECMR_C_U5M,63206050,I,360001,1360010,Region,Barishal,14003,Ten years preceding the survey,0,1,CMECMRCU5M,BDDHS2000360001,1999-00,DHS,,,88,130,1
BGD,Chattogram/Sylhet,1734755,Under-five mortality rate,123,0,BD,Bangladesh,2000,BD2000DHS,CM_ECMR_C_U5M,63206050,I,360002,1360020,Region,Chattogram/Sylhet,14003,Ten years preceding the survey,0,1,CMECMRCU5M,BDDHS2000360002,1999-00,DHS,,,110,136,
BGD,Chattogram,7893757,Under-five mortality rate,110,0,BD,Bangladesh,2000,BD2000DHS,CM_ECMR_C_U5M,63206050,I,360003,1360030,Region,..Chattogram,14003,Ten years preceding the survey,0,1,CMECMRCU5M,BDDHS2000360003,1999-00,DHS,,,95,125,1
BGD,Sylhet,1734855,Under-five mortality rate,162,0,BD,Bangladesh,2000,BD2000DHS,CM_ECMR_C_U5M,63206050,I,360004,1360040,Region,..Sylhet,14003,Ten years preceding the survey,0,1,CMECMRCU5M,BDDHS2000360004,1999-00,DHS,,,140,184,1
BGD,Dhaka before 2015,1734881,Under-five mortality rate,115,0,BD,Bangladesh,2000,BD2000DHS,CM_ECMR_C_U5M,63206050,I,360005,1360050,Region,Dhaka before 2015,14003,Ten years preceding the survey,0,1,CMECMRCU5M,BDDHS2000360005,1999-00,DHS,,,102,129,1
BGD,Khulna,7697220,Under-five mortality rate,79,0,BD,Bangladesh,2000,BD2000DHS,CM_ECMR_C_U5M,63206050,I,360006,1360060,Region,Khulna,14003,Ten years preceding the survey,0,1,CMECMRCU5M,BDDHS2000360006,1999-00,DHS,,,66,93,1
BGD,Rajshahi/Rangpur,1722342,Under-five mortality rate,101,0,BD,Bangladesh,2000,BD2000DHS,CM_ECMR_C_U5M,63206050,I,360007,1360070,Region,Rajshahi/Rangpur,14003,Ten years preceding the survey,0,1,CMECMRCU5M,BDDHS2000360007,1999-00,DHS,,,88,114,1
BGD,Barishal,3077620,Antenatal care from a skilled provider,30.4,1,BD,Bangladesh,2000,BD2000DHS,RH_ANCP_W_SKP,83363120,I,360001,1360010,Region,Barishal,14000,Three years preceding the survey,0,0,RHANCPWSKP,BDDHS2000360001,1999-00,DHS,235,337,,,1
BGD,Barishal,3574664,Antenatal care from a skilled provider,28.7,1,BD,Bangladesh,2000,BD2000DHS,RH_ANCP_W_SKP,83363120,I,360001,1360010,Region,Barishal,14001,Five years preceding the survey,0,0,RHANCPWSKP,BDDHS2000360001,1999-00,DHS,333,472,,,1
BGD,Barishal,5012648,Antenatal care from a skilled provider,32.6,1,BD,Bangladesh,2000,BD2000DHS,RH_ANCP_W_SKP,83363120,I,360001,1360010,Region,Barishal,14002,Two years preceding the survey,0,1,RHANCPWSKP,BDDHS2000360001,1999-00,DHS,154,222,,,1
BGD,Chattogram/Sylhet,6378690,Antenatal care from a skilled provider,23.7,1,BD,Bangladesh,2000,BD2000DHS,RH_ANCP_W_SKP,83363120,I,360002,1360020,Region,Chattogram/Sylhet,14000,Three years preceding the survey,0,0,RHANCPWSKP,BDDHS2000360002,1999-00,DHS,1105,1278,,,
BGD,Chattogram/Sylhet,1303664,Antenatal care from a skilled provider,25.2,1,BD,Bangladesh,2000,BD2000DHS,RH_ANCP_W_SKP,83363120,I,360002,1360020,Region,Chattogram/Sylhet,14001,Five years preceding the survey,0,0,RHANCPWSKP,BDDHS2000360002,1999-00,DHS,1428,1675,,,
BGD,Chattogram/Sylhet,2978332,Antenatal care from a skilled provider,24.1,1,BD,Bangladesh,2000,BD2000DHS,RH_ANCP_W_SKP,83363120,I,360002,1360020,Region,Chattogram/Sylhet,14002,Two years preceding the survey,0,1,RHANCPWSKP,BDDHS2000360002,1999-00,DHS,804,927,,,
BGD,Chattogram,2696510,Antenatal care from a skilled provider,25.5,1,BD,Bangladesh,2000,BD2000DHS,RH_ANCP_W_SKP,83363120,I,360003,1360030,Region,..Chattogram,14000,Three years preceding the survey,0,0,RHANCPWSKP,BDDHS2000360003,1999-00,DHS,828,801,,,1
BGD,Chattogram,3876736,Antenatal care from a skilled provider,27.1,1,BD,Bangladesh,2000,BD2000DHS,RH_ANCP_W_SKP,83363120,I,360003,1360030,Region,..Chattogram,14001,Five years preceding the survey,0,0,RHANCPWSKP,BDDHS2000360003,1999-00,DHS,1070,1054,,,1
BGD,Chattogram,5061443,Antenatal care from a skilled provider,26.5,1,BD,Bangladesh,2000,BD2000DHS,RH_ANCP_W_SKP,83363120,I,360003,1360030,Region,..Chattogram,14002,Two years preceding the survey,0,1,RHANCPWSKP,BDDHS2000360003,1999-00,DHS,595,567,,,1
BGD,Sylhet,3233645,Antenatal care from a skilled provider,18.2,1,BD,Bangladesh,2000,BD2000DHS,RH_ANCP_W_SKP,83363120,I,360004,1360040,Region,..Sylhet,14000,Three years preceding the survey,0,0,RHANCPWSKP,BDDHS2000360004,1999-00,DHS,277,477,,,1
BGD,Sylhet,4297924,Antenatal care from a skilled provider,19.7,1,BD,Bangladesh,2000,BD2000DHS,RH_ANCP_W_SKP,83363120,I,360004,1360040,Region,..Sylhet,14001,Five years preceding the survey,0,0,RHANCPWSKP,BDDHS2000360004,1999-00,DHS,358,621,,,1
BGD,Sylhet,6294183,Antenatal care from a skilled provider,17.4,1,BD,Bangladesh,2000,BD2000DHS,RH_ANCP_W_SKP,83363120,I,360004,1360040,Region,..Sylhet,14002,Two years preceding the survey,0,1,RHANCPWSKP,BDDHS2000360004,1999-00,DHS,210,360,,,1
BGD,Dhaka before 2015,669807,Antenatal care from a skilled provider,28.6,1,BD,Bangladesh,2000,BD2000DHS,RH_ANCP_W_SKP,83363120,I,360005,1360050,Region,Dhaka before 2015,14000,Three years preceding the survey,0,0,RHANCPWSKP,BDDHS2000360005,1999-00,DHS,1160,881,,,1
BGD,Dhaka before 2015,5235973,Antenatal care from a skilled provider,26.9,1,BD,Bangladesh,2000,BD2000DHS,RH_ANCP_W_SKP,83363120,I,360005,1360050,Region,Dhaka before 2015,14001,Five years preceding the survey,0,0,RHANCPWSKP,BDDHS2000360005,1999-00,DHS,1644,1252,,,1
BGD,Dhaka before 2015,4579929,Antenatal care from a skilled provider,29.7,1,BD,Bangladesh,2000,BD2000DHS,RH_ANCP_W_SKP,83363120,I,360005,1360050,Region,Dhaka before 2015,14002,Two years preceding the survey,0,1,RHANCPWSKP,BDDHS2000360005,1999-00,DHS,823,625,,,1
BGD,Khulna,4268048,Antenatal care from a skilled provider,32.5,1,BD,Bangladesh,2000,BD2000DHS,RH_ANCP_W_SKP,83363120,I,360006,1360060,Region,Khulna,14000,Three years preceding the survey,0,0,RHANCPWSKP,BDDHS2000360006,1999-00,DHS,390,549,,,1
BGD,Khulna,3719570,Antenatal care from a skilled provider,30.6,1,BD,Bangladesh,2000,BD2000DHS,RH_ANCP_W_SKP,83363120,I,360006,1360060,Region,Khulna,14001,Five years preceding the survey,0,0,RHANCPWSKP,BDDHS2000360006,1999-00,DHS,577,812,,,1
BGD,Khulna,6363474,Antenatal care from a skilled provider,34.6,1,BD,Bangladesh,2000,BD2000DHS,RH_ANCP_W_SKP,83363120,I,360006,1360060,Region,Khulna,14002,Two years preceding the survey,0,1,RHANCPWSKP,BDDHS2000360006,1999-00,DHS,284,397,,,1
BGD,Rajshahi/Rangpur,5797221,Antenatal care from a skilled provider,23.5,1,BD,Bangladesh,2000,BD2000DHS,RH_ANCP_W_SKP,83363120,I,360007,1360070,Region,Rajshahi/Rangpur,14000,Three years preceding the survey,0,0,RHANCPWSKP,BDDHS2000360007,1999-00,DHS,913,700,,,1
BGD,Rajshahi/Rangpur,5163930,Antenatal care from a skilled provider,22.5,1,BD,Bangladesh,2000,BD2000DHS,RH_ANCP_W_SKP,83363120,I,360007,1360070,Region,Rajshahi/Rangpur,14001,Five years preceding the survey,0,0,RHANCPWSKP,BDDHS2000360007,1999-00,DHS,1261,965,,,1
BGD,Rajshahi/Rangpur,2682475,Antenatal care from a skilled provider,23.2,1,BD,Bangladesh,2000,BD2000DHS,RH_ANCP_W_SKP,83363120,I,360007,1360070,Region,Rajshahi/Rangpur,14002,Two years preceding the survey,0,1,RHANCPWSKP,BDDHS2000360007,1999-00,DHS,631,482,,,1
BGD,Barishal,1295967,Antenatal visits for pregnancy: 4+ visits,10.4,1,BD,Bangladesh,2000,BD2000DHS,RH_ANCN_W_N4P,83403040,I,360001,1360010,Region,Barishal,14000,Three years preceding the survey,0,0,RHANCNWN4P,BDDHS2000360001,1999-00,DHS,235,337,,,1
BGD,Barishal,1296072,Antenatal visits for pregnancy: 4+ visits,9.7,1,BD,Bangladesh,2000,BD2000DHS,RH_ANCN_W_N4P,83403040,I,360001,1360010,Region,Barishal,14001,Five years preceding the survey,0,0,RHANCNWN4P,BDDHS2000360001,1999-00,DHS,333,472,,,1
BGD,Barishal,7316972,Antenatal visits for pregnancy: 4+ visits,12.7,1,BD,Bangladesh,2000,BD2000DHS,RH_ANCN_W_N4P,83403040,I,360001,1360010,Region,Barishal,14002,Two years preceding the survey,0,1,RHANCNWN4P,BDDHS2000360001,1999-00,DHS,154,222,,,1
BGD,Chattogram/Sylhet,3558556,Antenatal visits for pregnancy: 4+ visits,6.9,1,BD,Bangladesh,2000,BD2000DHS,RH_ANCN_W_N4P,83403040,I,360002,1360020,Region,Chattogram/Sylhet,14000,Three years preceding the survey,0,0,RHANCNWN4P,BDDHS2000360002,1999-00,DHS,1105,1278,,,
BGD,Chattogram/Sylhet,6958107,Antenatal visits for pregnancy: 4+ visits,7.5,1,BD,Bangladesh,2000,BD2000DHS,RH_ANCN_W_N4P,83403040,I,360002,1360020,Region,Chattogram/Sylhet,14001,Five years preceding the survey,0,0,RHANCNWN4P,BDDHS2000360002,1999-00,DHS,1428,1675,,,
BGD,Chattogram/Sylhet,1303683,Antenatal visits for pregnancy: 4+ visits,5.8,1,BD,Bangladesh,2000,BD2000DHS,RH_ANCN_W_N4P,83403040,I,360002,1360020,Region,Chattogram/Sylhet,14002,Two years preceding the survey,0,1,RHANCNWN4P,BDDHS2000360002,1999-00,DHS,804,927,,,
BGD,Chattogram,6687996,Antenatal visits for pregnancy: 4+ visits,7.2,1,BD,Bangladesh,2000,BD2000DHS,RH_ANCN_W_N4P,83403040,I,360003,1360030,Region,..Chattogram,14000,Three years preceding the survey,0,0,RHANCNWN4P,BDDHS2000360003,1999-00,DHS,828,801,,,1
BGD,Chattogram,6054156,Antenatal visits for pregnancy: 4+ visits,8,1,BD,Bangladesh,2000,BD2000DHS,RH_ANCN_W_N4P,83403040,I,360003,1360030,Region,..Chattogram,14001,Five years preceding the survey,0,0,RHANCNWN4P,BDDHS2000360003,1999-00,DHS,1070,1054,,,1
BGD,Chattogram,5720657,Antenatal visits for pregnancy: 4+ visits,6.3,1,BD,Bangladesh,2000,BD2000DHS,RH_ANCN_W_N4P,83403040,I,360003,1360030,Region,..Chattogram,14002,Two years preceding the survey,0,1,RHANCNWN4P,BDDHS2000360003,1999-00,DHS,595,567,,,1
BGD,Sylhet,4750361,Antenatal visits for pregnancy: 4+ visits,5.9,1,BD,Bangladesh,2000,BD2000DHS,RH_ANCN_W_N4P,83403040,I,360004,1360040,Region,..Sylhet,14000,Three years preceding the survey,0,0,RHANCNWN4P,BDDHS2000360004,1999-00,DHS,277,477,,,1
BGD,Sylhet,4689202,Antenatal visits for pregnancy: 4+ visits,6,1,BD,Bangladesh,2000,BD2000DHS,RH_ANCN_W_N4P,83403040,I,360004,1360040,Region,..Sylhet,14001,Five years preceding the survey,0,0,RHANCNWN4P,BDDHS2000360004,1999-00,DHS,358,621,,,1
BGD,Sylhet,4381386,Antenatal visits for pregnancy: 4+ visits,4.4,1,BD,Bangladesh,2000,BD2000DHS,RH_ANCN_W_N4P,83403040,I,360004,1360040,Region,..Sylhet,14002,Two years preceding the survey,0,1,RHANCNWN4P,BDDHS2000360004,1999-00,DHS,210,360,,,1
BGD,Dhaka before 2015,2920153,Antenatal visits for pregnancy: 4+ visits,12.2,1,BD,Bangladesh,2000,BD2000DHS,RH_ANCN_W_N4P,83403040,I,360005,1360050,Region,Dhaka before 2015,14000,Three years preceding the survey,0,0,RHANCNWN4P,BDDHS2000360005,1999-00,DHS,1160,881,,,1
BGD,Dhaka before 2015,7362356,Antenatal visits for pregnancy: 4+ visits,11.6,1,BD,Bangladesh,2000,BD2000DHS,RH_ANCN_W_N4P,83403040,I,360005,1360050,Region,Dhaka before 2015,14001,Five years preceding the survey,0,0,RHANCNWN4P,BDDHS2000360005,1999-00,DHS,1644,1252,,,1
BGD,Dhaka before 2015,250205,Antenatal visits for pregnancy: 4+ visits,12.8,1,BD,Bangladesh,2000,BD2000DHS,RH_ANCN_W_N4P,83403040,I,360005,1360050,Region,Dhaka before 2015,14002,Two years preceding the survey,0,1,RHANCNWN4P,BDDHS2000360005,1999-00,DHS,823,625,,,1
BGD,Khulna,6993831,Antenatal visits for pregnancy: 4+ visits,16.9,1,BD,Bangladesh,2000,BD2000DHS,RH_ANCN_W_N4P,83403040,I,360006,1360060,Region,Khulna,14000,Three years preceding the survey,0,0,RHANCNWN4P,BDDHS2000360006,1999-00,DHS,390,549,,,1
BGD,Khulna,3887982,Antenatal visits for pregnancy: 4+ visits,15.6,1,BD,Bangladesh,2000,BD2000DHS,RH_ANCN_W_N4P,83403040,I,360006,1360060,Region,Khulna,14001,Five years preceding the survey,0,0,RHANCNWN4P,BDDHS2000360006,1999-00,DHS,577,812,,,1
BGD,Khulna,3436163,Antenatal visits for pregnancy: 4+ visits,18.4,1,BD,Bangladesh,2000,BD2000DHS,RH_ANCN_W_N4P,83403040,I,360006,1360060,Region,Khulna,14002,Two years preceding the survey,0,1,RHANCNWN4P,BDDHS2000360006,1999-00,DHS,284,397,,,1
BGD,Rajshahi/Rangpur,6128830,Antenatal visits for pregnancy: 4+ visits,10.8,1,BD,Bangladesh,2000,BD2000DHS,RH_ANCN_W_N4P,83403040,I,360007,1360070,Region,Rajshahi/Rangpur,14000,Three years preceding the survey,0,0,RHANCNWN4P,BDDHS2000360007,1999-00,DHS,913,700,,,1
BGD,Rajshahi/Rangpur,4870506,Antenatal visits for pregnancy: 4+ visits,10.5,1,BD,Bangladesh,2000,BD2000DHS,RH_ANCN_W_N4P,83403040,I,360007,1360070,Region,Rajshahi/Rangpur,14001,Five years preceding the survey,0,0,RHANCNWN4P,BDDHS2000360007,1999-00,DHS,1261,965,,,1
BGD,Rajshahi/Rangpur,4266447,Antenatal visits for pregnancy: 4+ visits,10.8,1,BD,Bangladesh,2000,BD2000DHS,RH_ANCN_W_N4P,83403040,I,360007,1360070,Region,Rajshahi/Rangpur,14002,Two years preceding the survey,0,1,RHANCNWN4P,BDDHS2000360007,1999-00,DHS,631,482,,,1
BGD,Barishal,7318179,Assistance during delivery from a skilled provider,10.9,1,BD,Bangladesh,2000,BD2000DHS,RH_DELA_C_SKP,83606110,I,360001,1360010,Region,Barishal,14000,Three years preceding the survey,0,0,RHDELACSKP,BDDHS2000360001,1999-00,DHS,259,371,,,1
BGD,Barishal,4124406,Assistance during delivery from a skilled provider,9.7,1,BD,Bangladesh,2000,BD2000DHS,RH_DELA_C_SKP,83606110,I,360001,1360010,Region,Barishal,14001,Five years preceding the survey,0,0,RHDELACSKP,BDDHS2000360001,1999-00,DHS,434,609,,,1
BGD,Barishal,348875,Assistance during delivery from a skilled provider,12.7,1,BD,Bangladesh,2000,BD2000DHS,RH_DELA_C_SKP,83606110,I,360001,1360010,Region,Barishal,14002,Two years preceding the survey,0,1,RHDELACSKP,BDDHS2000360001,1999-00,DHS,159,230,,,1
BGD,Chattogram/Sylhet,447450,Assistance during delivery from a skilled provider,11.1,1,BD,Bangladesh,2000,BD2000DHS,RH_DELA_C_SKP,83606110,I,360002,1360020,Region,Chattogram/Sylhet,14000,Three years preceding the survey,0,0,RHDELACSKP,BDDHS2000360002,1999-00,DHS,1254,1451,,,
BGD,Chattogram/Sylhet,6598207,Assistance during delivery from a skilled provider,10.8,1,BD,Bangladesh,2000,BD2000DHS,RH_DELA_C_SKP,83606110,I,360002,1360020,Region,Chattogram/Sylhet,14001,Five years preceding the survey,0,0,RHDELACSKP,BDDHS2000360002,1999-00,DHS,2030,2363,,,
BGD,Chattogram/Sylhet,5739510,Assistance during delivery from a skilled provider,10.6,1,BD,Bangladesh,2000,BD2000DHS,RH_DELA_C_SKP,83606110,I,360002,1360020,Region,Chattogram/Sylhet,14002,Two years preceding the survey,0,1,RHDELACSKP,BDDHS2000360002,1999-00,DHS,827,955,,,
BGD,Chattogram,5538401,Assistance during delivery from a skilled provider,11.5,1,BD,Bangladesh,2000,BD2000DHS,RH_DELA_C_SKP,83606110,I,360003,1360030,Region,..Chattogram,14000,Three years preceding the survey,0,0,RHDELACSKP,BDDHS2000360003,1999-00,DHS,938,903,,,1
BGD,Chattogram,3218529,Assistance during delivery from a skilled provider,11.2,1,BD,Bangladesh,2000,BD2000DHS,RH_DELA_C_SKP,83606110,I,360003,1360030,Region,..Chattogram,14001,Five years preceding the survey,0,0,RHDELACSKP,BDDHS2000360003,1999-00,DHS,1518,1477,,,1
BGD,Chattogram,5722989,Assistance during delivery from a skilled provider,11.3,1,BD,Bangladesh,2000,BD2000DHS,RH_DELA_C_SKP,83606110,I,360003,1360030,Region,..Chattogram,14002,Two years preceding the survey,0,1,RHDELACSKP,BDDHS2000360003,1999-00,DHS,609,580,,,1
BGD,Sylhet,4410535,Assistance during delivery from a skilled provider,10,1,BD,Bangladesh,2000,BD2000DHS,RH_DELA_C_SKP,83606110,I,360004,1360040,Region,..Sylhet,14000,Three years preceding the survey,0,0,RHDELACSKP,BDDHS2000360004,1999-00,DHS,316,548,,,1
BGD,Sylhet,1303748,Assistance during delivery from a skilled provider,9.3,1,BD,Bangladesh,2000,BD2000DHS,RH_DELA_C_SKP,83606110,I,360004,1360040,Region,..Sylhet,14001,Five years preceding the survey,0,0,RHDELACSKP,BDDHS2000360004,1999-00,DHS,513,886,,,1
BGD,Sylhet,4466158,Assistance during delivery from a skilled provider,8.6,1,BD,Bangladesh,2000,BD2000DHS,RH_DELA_C_SKP,83606110,I,360004,1360040,Region,..Sylhet,14002,Two years preceding the survey,0,1,RHDELACSKP,BDDHS2000360004,1999-00,DHS,218,375,,,1
BGD,Dhaka before 2015,3367488,Assistance during delivery from a skilled provider,12.2,1,BD,Bangladesh,2000,BD2000DHS,RH_DELA_C_SKP,83606110,I,360005,1360050,Region,Dhaka before 2015,14000,Three years preceding the survey,0,0,RHDELACSKP,BDDHS2000360005,1999-00,DHS,1274,967,,,1
BGD,Dhaka before 2015,3725334,Assistance during delivery from a skilled provider,12,1,BD,Bangladesh,2000,BD2000DHS,RH_DELA_C_SKP,83606110,I,360005,1360050,Region,Dhaka before 2015,14001,Five years preceding the survey,0,0,RHDELACSKP,BDDHS2000360005,1999-00,DHS,2125,1612,,,1
BGD,Dhaka before 2015,1303766,Assistance during delivery from a skilled provider,12.8,1,BD,Bangladesh,2000,BD2000DHS,RH_DELA_C_SKP,83606110,I,360005,1360050,Region,Dhaka before 2015,14002,Two years preceding the survey,0,1,RHDELACSKP,BDDHS2000360005,1999-00,DHS,842,642,,,1
BGD,Khulna,3515316,Assistance during delivery from a skilled provider,19.8,1,BD,Bangladesh,2000,BD2000DHS,RH_DELA_C_SKP,83606110,I,360006,1360060,Region,Khulna,14000,Three years preceding the survey,0,0,RHDELACSKP,BDDHS2000360006,1999-00,DHS,423,594,,,1
BGD,Khulna,6940250,Assistance during delivery from a skilled provider,18.4,1,BD,Bangladesh,2000,BD2000DHS,RH_DELA_C_SKP,83606110,I,360006,1360060,Region,Khulna,14001,Five years preceding the survey,0,0,RHDELACSKP,BDDHS2000360006,1999-00,DHS,713,999,,,1
BGD,Khulna,460933,Assistance during delivery from a skilled provider,22.1,1,BD,Bangladesh,2000,BD2000DHS,RH_DELA_C_SKP,83606110,I,360006,1360060,Region,Khulna,14002,Two years preceding the survey,0,1,RHDELACSKP,BDDHS2000360006,1999-00,DHS,293,409,,,1
BGD,Rajshahi/Rangpur,6674720,Assistance during delivery from a skilled provider,10.8,1,BD,Bangladesh,2000,BD2000DHS,RH_DELA_C_SKP,83606110,I,360007,1360070,Region,Rajshahi/Rangpur,14000,Three years preceding the survey,0,0,RHDELACSKP,BDDHS2000360007,1999-00,DHS,983,751,,,1
BGD,Rajshahi/Rangpur,5937332,Assistance during delivery from a skilled provider,9.6,1,BD,Bangladesh,2000,BD2000DHS,RH_DELA_C_SKP,83606110,I,360007,1360070,Region,Rajshahi/Rangpur,14001,Five years preceding the survey,0,0,RHDELACSKP,BDDHS2000360007,1999-00,DHS,1617,1230,,,1
BGD,Rajshahi/Rangpur,5591082,Assistance during delivery from a skilled provider,12.3,1,BD,Bangladesh,2000,BD2000DHS,RH_DELA_C_SKP,83606110,I,360007,1360070,Region,Rajshahi/Rangpur,14002,Two years preceding the survey,0,1,RHDELACSKP,BDDHS2000360007,1999-00,DHS,644,492,,,1
BGD,Barishal,1379976,Children underweight,44.7,1,BD,Bangladesh,2000,BD2000DHS,CN_NUTS_C_WA2,104236090,I,360001,1360010,Region,Barishal,0,,0,1,CNNUTSCWA2,BDDHS2000360001,1999-00,DHS,333,468,,,1
BGD,Chattogram/Sylhet,7471851,Children underweight,44,1,BD,Bangladesh,2000,BD2000DHS,CN_NUTS_C_WA2,104236090,I,360002,1360020,Region,Chattogram/Sylhet,0,,0,1,CNNUTSCWA2,BDDHS2000360002,1999-00,DHS,1599,1853,,,
BGD,Chattogram,7919492,Children underweight,42,1,BD,Bangladesh,2000,BD2000DHS,CN_NUTS_C_WA2,104236090,I,360003,1360030,Region,..Chattogram,0,,0,1,CNNUTSCWA2,BDDHS2000360003,1999-00,DHS,1201,1162,,,1
BGD,Sylhet,6375225,Children underweight,50.1,1,BD,Bangladesh,2000,BD2000DHS,CN_NUTS_C_WA2,104236090,I,360004,1360040,Region,..Sylhet,0,,0,1,CNNUTSCWA2,BDDHS2000360004,1999-00,DHS,399,691,,,1
BGD,Dhaka before 2015,3501397,Children underweight,40.4,1,BD,Bangladesh,2000,BD2000DHS,CN_NUTS_C_WA2,104236090,I,360005,1360050,Region,Dhaka before 2015,0,,0,1,CNNUTSCWA2,BDDHS2000360005,1999-00,DHS,1702,1286,,,1
BGD,Khulna,7610306,Children underweight,34.1,1,BD,Bangladesh,2000,BD2000DHS,CN_NUTS_C_WA2,104236090,I,360006,1360060,Region,Khulna,0,,0,1,CNNUTSCWA2,BDDHS2000360006,1999-00,DHS,560,793,,,1
BGD,Rajshahi/Rangpur,6879017,Children underweight,43.2,1,BD,Bangladesh,2000,BD2000DHS,CN_NUTS_C_WA2,104236090,I,360007,1360070,Region,Rajshahi/Rangpur,0,,0,1,CNNUTSCWA2,BDDHS2000360007,1999-00,DHS,1227,937,,,1
BGD,Barishal,5067123,Population using an improved water source,97,1,BD,Bangladesh,2000,BD2000DHS,WS_SRCE_P_IMP,250162010,I,360001,1360010,Region,Barishal,0,,0,1,WSSRCEPIMP,BDDHS2000360001,1999-00,DHS,3434,4965,,,1
BGD,Chattogram/Sylhet,7471427,Population using an improved water source,94.8,1,BD,Bangladesh,2000,BD2000DHS,WS_SRCE_P_IMP,250162010,I,360002,1360020,Region,Chattogram/Sylhet,0,,0,1,WSSRCEPIMP,BDDHS2000360002,1999-00,DHS,13754,16434,,,
BGD,Chattogram,7934829,Population using an improved water source,96.4,1,BD,Bangladesh,2000,BD2000DHS,WS_SRCE_P_IMP,250162010,I,360003,1360030,Region,..Chattogram,0,,0,1,WSSRCEPIMP,BDDHS2000360003,1999-00,DHS,10367,10178,,,1
BGD,Sylhet,6036452,Population using an improved water source,90.2,1,BD,Bangladesh,2000,BD2000DHS,WS_SRCE_P_IMP,250162010,I,360004,1360040,Region,..Sylhet,0,,0,1,WSSRCEPIMP,BDDHS2000360004,1999-00,DHS,3387,6256,,,1
BGD,Dhaka before 2015,4323922,Population using an improved water source,98.7,1,BD,Bangladesh,2000,BD2000DHS,WS_SRCE_P_IMP,250162010,I,360005,1360050,Region,Dhaka before 2015,0,,0,1,WSSRCEPIMP,BDDHS2000360005,1999-00,DHS,15603,12105,,,1
BGD,Khulna,7632156,Population using an improved water source,92.2,1,BD,Bangladesh,2000,BD2000DHS,WS_SRCE_P_IMP,250162010,I,360006,1360060,Region,Khulna,0,,0,1,WSSRCEPIMP,BDDHS2000360006,1999-00,DHS,5730,8169,,,1
BGD,Rajshahi/Rangpur,3926507,Population using an improved water source,97,1,BD,Bangladesh,2000,BD2000DHS,WS_SRCE_P_IMP,250162010,I,360007,1360070,Region,Rajshahi/Rangpur,0,,0,1,WSSRCEPIMP,BDDHS2000360007,1999-00,DHS,12443,9764,,,1
BGD,Barishal,3633990,Population with an improved sanitation facility,44.1,1,BD,Bangladesh,2000,BD2000DHS,WS_TLET_P_IMP,250262010,I,360001,1360010,Region,Barishal,0,,0,1,WSTLETPIMP,BDDHS2000360001,1999-00,DHS,3434,4965,,,1
BGD,Chattogram/Sylhet,7450748,Population with an improved sanitation facility,43,1,BD,Bangladesh,2000,BD2000DHS,WS_TLET_P_IMP,250262010,I,360002,1360020,Region,Chattogram/Sylhet,0,,0,1,WSTLETPIMP,BDDHS2000360002,1999-00,DHS,13754,16434,,,
BGD,Chattogram,7936732,Population with an improved sanitation facility,45.4,1,BD,Bangladesh,2000,BD2000DHS,WS_TLET_P_IMP,250262010,I,360003,1360030,Region,..Chattogram,0,,0,1,WSTLETPIMP,BDDHS2000360003,1999-00,DHS,10367,10178,,,1
BGD,Sylhet,4297744,Population with an improved sanitation facility,35.7,1,BD,Bangladesh,2000,BD2000DHS,WS_TLET_P_IMP,250262010,I,360004,1360040,Region,..Sylhet,0,,0,1,WSTLETPIMP,BDDHS2000360004,1999-00,DHS,3387,6256,,,1
BGD,Dhaka before 2015,5952600,Population with an improved sanitation facility,31.3,1,BD,Bangladesh,2000,BD2000DHS,WS_TLET_P_IMP,250262010,I,360005,1360050,Region,Dhaka before 2015,0,,0,1,WSTLETPIMP,BDDHS2000360005,1999-00,DHS,15603,12105,,,1
BGD,Khulna,7631382,Population with an improved sanitation facility,47.8,1,BD,Bangladesh,2000,BD2000DHS,WS_TLET_P_IMP,250262010,I,360006,1360060,Region,Khulna,0,,0,1,WSTLETPIMP,BDDHS2000360006,1999-00,DHS,5730,8169,,,1
BGD,Rajshahi/Rangpur,1088685,Population with an improved sanitation facility,33.3,1,BD,Bangladesh,2000,BD2000DHS,WS_TLET_P_IMP,250262010,I,360007,1360070,Region,Rajshahi/Rangpur,0,,0,1,WSTLETPIMP,BDDHS2000360007,1999-00,DHS,12443,9764,,,1
BGD,Barishal,1817003,Age specific fertility rate: 15-19,128,0,BD,Bangladesh,2004,BD2004DHS,FE_FRTR_W_A15,11763010,I,360001,1360010,Region,Barishal,0,,0,1,FEFRTRWA15,BDDHS2004360001,2004,DHS,,,,,1
BGD,Chattogram/Sylhet,1817011,Age specific fertility rate: 15-19,129,0,BD,Bangladesh,2004,BD2004DHS,FE_FRTR_W_A15,11763010,I,360002,1360020,Region,Chattogram/Sylhet,0,,0,1,FEFRTRWA15,BDDHS2004360002,2004,DHS,,,,,
BGD,Chattogram,5383390,Age specific fertility rate: 15-19,139,0,BD,Bangladesh,2004,BD2004DHS,FE_FRTR_W_A15,11763010,I,360003,1360030,Region,..Chattogram,0,,0,1,FEFRTRWA15,BDDHS2004360003,2004,DHS,,,,,1
BGD,Sylhet,1796703,Age specific fertility rate: 15-19,106,0,BD,Bangladesh,2004,BD2004DHS,FE_FRTR_W_A15,11763010,I,360004,1360040,Region,..Sylhet,0,,0,1,FEFRTRWA15,BDDHS2004360004,2004,DHS,,,,,1
BGD,Dhaka before 2015,1810600,Age specific fertility rate: 15-19,134,0,BD,Bangladesh,2004,BD2004DHS,FE_FRTR_W_A15,11763010,I,360005,1360050,Region,Dhaka before 2015,0,,0,1,FEFRTRWA15,BDDHS2004360005,2004,DHS,,,,,1
BGD,Khulna,1796732,Age specific fertility rate: 15-19,151,0,BD,Bangladesh,2004,BD2004DHS,FE_FRTR_W_A15,11763010,I,360006,1360060,Region,Khulna,0,,0,1,FEFRTRWA15,BDDHS2004360006,2004,DHS,,,,,1
BGD,Rajshahi/Rangpur,1803993,Age specific fertility rate: 15-19,147,0,BD,Bangladesh,2004,BD2004DHS,FE_FRTR_W_A15,11763010,I,360007,1360070,Region,Rajshahi/Rangpur,0,,0,1,FEFRTRWA15,BDDHS2004360007,2004,DHS,,,,,1
BGD,Barishal,6864884,Married women currently using any method of contraception,54.7,1,BD,Bangladesh,2004,BD2004DHS,FP_CUSM_W_ANY,32633010,I,360001,1360010,Region,Barishal,0,,0,1,FPCUSMWANY,BDDHS2004360001,2004,DHS,665,1254,,,1
BGD,Chattogram/Sylhet,6579888,Married women currently using any method of contraception,43.5,1,BD,Bangladesh,2004,BD2004DHS,FP_CUSM_W_ANY,32633010,I,360002,1360020,Region,Chattogram/Sylhet,0,,0,1,FPCUSMWANY,BDDHS2004360002,2004,DHS,2498,2901,,,
BGD,Chattogram,4160717,Married women currently using any method of contraception,47.4,1,BD,Bangladesh,2004,BD2004DHS,FP_CUSM_W_ANY,32633010,I,360003,1360030,Region,..Chattogram,0,,0,1,FPCUSMWANY,BDDHS2004360003,2004,DHS,1862,1883,,,1
BGD,Sylhet,7179558,Married women currently using any method of contraception,31.9,1,BD,Bangladesh,2004,BD2004DHS,FP_CUSM_W_ANY,32633010,I,360004,1360040,Region,..Sylhet,0,,0,1,FPCUSMWANY,BDDHS2004360004,2004,DHS,636,1018,,,1
BGD,Dhaka before 2015,2973864,Married women currently using any method of contraception,59.7,1,BD,Bangladesh,2004,BD2004DHS,FP_CUSM_W_ANY,32633010,I,360005,1360050,Region,Dhaka before 2015,0,,0,1,FPCUSMWANY,BDDHS2004360005,2004,DHS,3266,2364,,,1
BGD,Khulna,196123,Married women currently using any method of contraception,64.2,1,BD,Bangladesh,2004,BD2004DHS,FP_CUSM_W_ANY,32633010,I,360006,1360060,Region,Khulna,0,,0,1,FPCUSMWANY,BDDHS2004360006,2004,DHS,1274,1563,,,1
BGD,Rajshahi/Rangpur,4181335,Married women currently using any method of contraception,69,1,BD,Bangladesh,2004,BD2004DHS,FP_CUSM_W_ANY,32633010,I,360007,1360070,Region,Rajshahi/Rangpur,0,,0,1,FPCUSMWANY,BDDHS2004360007,2004,DHS,2735,2335,,,1
BGD,Barishal,7084942,Unmet need for family planning,17.6,1,BD,Bangladesh,2004,BD2004DHS,FP_NADM_W_UNT,32933030,I,360001,1360010,Region,Barishal,0,,0,1,FPNADMWUNT,BDDHS2004360001,2004,DHS,665,1254,,,1
BGD,Chattogram/Sylhet,2738666,Unmet need for family planning,22,1,BD,Bangladesh,2004,BD2004DHS,FP_NADM_W_UNT,32933030,I,360002,1360020,Region,Chattogram/Sylhet,0,,0,1,FPNADMWUNT,BDDHS2004360002,2004,DHS,2498,2901,,,
BGD,Chattogram,5264235,Unmet need for family planning,21.3,1,BD,Bangladesh,2004,BD2004DHS,FP_NADM_W_UNT,32933030,I,360003,1360030,Region,..Chattogram,0,,0,1,FPNADMWUNT,BDDHS2004360003,2004,DHS,1862,1883,,,1
BGD,Sylhet,3534012,Unmet need for family planning,24.1,1,BD,Bangladesh,2004,BD2004DHS,FP_NADM_W_UNT,32933030,I,360004,1360040,Region,..Sylhet,0,,0,1,FPNADMWUNT,BDDHS2004360004,2004,DHS,636,1018,,,1
BGD,Dhaka before 2015,1559210,Unmet need for family planning,14.1,1,BD,Bangladesh,2004,BD2004DHS,FP_NADM_W_UNT,32933030,I,360005,1360050,Region,Dhaka before 2015,0,,0,1,FPNADMWUNT,BDDHS2004360005,2004,DHS,3266,2364,,,1
BGD,Khulna,6226534,Unmet need for family planning,12.6,1,BD,Bangladesh,2004,BD2004DHS,FP_NADM_W_UNT,32933030,I,360006,1360060,Region,Khulna,0,,0,1,FPNADMWUNT,BDDHS2004360006,2004,DHS,1274,1563,,,1
BGD,Rajshahi/Rangpur,1544699,Unmet need for family planning,10.2,1,BD,Bangladesh,2004,BD2004DHS,FP_NADM_W_UNT,32933030,I,360007,1360070,Region,Rajshahi/Rangpur,0,,0,1,FPNADMWUNT,BDDHS2004360007,2004,DHS,2735,2335,,,1
BGD,Barishal,7452888,Infant mortality rate,61,0,BD,Bangladesh,2004,BD2004DHS,CM_ECMR_C_IMR,63206030,I,360001,1360010,Region,Barishal,14003,Ten years preceding the survey,0,1,CMECMRCIMR,BDDHS2004360001,2004,DHS,,,45,78,1
BGD,Chattogram/Sylhet,7664123,Infant mortality rate,76,0,BD,Bangladesh,2004,BD2004DHS,CM_ECMR_C_IMR,63206030,I,360002,1360020,Region,Chattogram/Sylhet,14003,Ten years preceding the survey,0,1,CMECMRCIMR,BDDHS2004360002,2004,DHS,,,68,85,
BGD,Chattogram,1734786,Infant mortality rate,67,0,BD,Bangladesh,2004,BD2004DHS,CM_ECMR_C_IMR,63206030,I,360003,1360030,Region,..Chattogram,14003,Ten years preceding the survey,0,1,CMECMRCIMR,BDDHS2004360003,2004,DHS,,,59,76,1
BGD,Sylhet,7892206,Infant mortality rate,100,0,BD,Bangladesh,2004,BD2004DHS,CM_ECMR_C_IMR,63206030,I,360004,1360040,Region,..Sylhet,14003,Ten years preceding the survey,0,1,CMECMRCIMR,BDDHS2004360004,2004,DHS,,,80,120,1
BGD,Dhaka before 2015,1734761,Infant mortality rate,75,0,BD,Bangladesh,2004,BD2004DHS,CM_ECMR_C_IMR,63206030,I,360005,1360050,Region,Dhaka before 2015,14003,Ten years preceding the survey,0,1,CMECMRCIMR,BDDHS2004360005,2004,DHS,,,63,86,1
BGD,Khulna,7824255,Infant mortality rate,66,0,BD,Bangladesh,2004,BD2004DHS,CM_ECMR_C_IMR,63206030,I,360006,1360060,Region,Khulna,14003,Ten years preceding the survey,0,1,CMECMRCIMR,BDDHS2004360006,2004,DHS,,,52,80,1
BGD,Rajshahi/Rangpur,1722322,Infant mortality rate,70,0,BD,Bangladesh,2004,BD2004DHS,CM_ECMR_C_IMR,63206030,I,360007,1360070,Region,Rajshahi/Rangpur,14003,Ten years preceding the survey,0,1,CMECMRCIMR,BDDHS2004360007,2004,DHS,,,57,83,1
BGD,Barishal,1739877,Under-five mortality rate,92,0,BD,Bangladesh,2004,BD2004DHS,CM_ECMR_C_U5M,63206050,I,360001,1360010,Region,Barishal,14003,Ten years preceding the survey,0,1,CMECMRCU5M,BDDHS2004360001,2004,DHS,,,73,110,1
BGD,Chattogram/Sylhet,7555162,Under-five mortality rate,110,0,BD,Bangladesh,2004,BD2004DHS,CM_ECMR_C_U5M,63206050,I,360002,1360020,Region,Chattogram/Sylhet,14003,Ten years preceding the survey,0,1,CMECMRCU5M,BDDHS2004360002,2004,DHS,,,99,121,
BGD,Chattogram,7962685,Under-five mortality rate,103,0,BD,Bangladesh,2004,BD2004DHS,CM_ECMR_C_U5M,63206050,I,360003,1360030,Region,..Chattogram,14003,Ten years preceding the survey,0,1,CMECMRCU5M,BDDHS2004360003,2004,DHS,,,92,115,1
BGD,Sylhet,1728544,Under-five mortality rate,126,0,BD,Bangladesh,2004,BD2004DHS,CM_ECMR_C_U5M,63206050,I,360004,1360040,Region,..Sylhet,14003,Ten years preceding the survey,0,1,CMECMRCU5M,BDDHS2004360004,2004,DHS,,,101,151,1
BGD,Dhaka before 2015,7863649,Under-five mortality rate,99,0,BD,Bangladesh,2004,BD2004DHS,CM_ECMR_C_U5M,63206050,I,360005,1360050,Region,Dhaka before 2015,14003,Ten years preceding the survey,0,1,CMECMRCU5M,BDDHS2004360005,2004,DHS,,,85,114,1
BGD,Khulna,3014141,Under-five mortality rate,78,0,BD,Bangladesh,2004,BD2004DHS,CM_ECMR_C_U5M,63206050,I,360006,1360060,Region,Khulna,14003,Ten years preceding the survey,0,1,CMECMRCU5M,BDDHS2004360006,2004,DHS,,,63,93,1
BGD,Rajshahi/Rangpur,7774220,Under-five mortality rate,86,0,BD,Bangladesh,2004,BD2004DHS,CM_ECMR_C_U5M,63206050,I,360007,1360070,Region,Rajshahi/Rangpur,14003,Ten years preceding the survey,0,1,CMECMRCU5M,BDDHS2004360007,2004,DHS,,,72,101,1
BGD,Barishal,1317899,Antenatal care from a skilled provider,36.2,1,BD,Bangladesh,2004,BD2004DHS,RH_ANCP_W_SKP,83363120,I,360001,1360010,Region,Barishal,14000,Three years preceding the survey,0,0,RHANCPWSKP,BDDHS2004360001,2004,DHS,224,408,,,1
BGD,Barishal,5350993,Antenatal care from a skilled provider,34.8,1,BD,Bangladesh,2004,BD2004DHS,RH_ANCP_W_SKP,83363120,I,360001,1360010,Region,Barishal,14001,Five years preceding the survey,0,0,RHANCPWSKP,BDDHS2004360001,2004,DHS,333,615,,,1
BGD,Barishal,6695012,Antenatal care from a skilled provider,35.8,1,BD,Bangladesh,2004,BD2004DHS,RH_ANCP_W_SKP,83363120,I,360001,1360010,Region,Barishal,14002,Two years preceding the survey,0,1,RHANCPWSKP,BDDHS2004360001,2004,DHS,157,280,,,1
BGD,Chattogram/Sylhet,1317910,Antenatal care from a skilled provider,39.7,1,BD,Bangladesh,2004,BD2004DHS,RH_ANCP_W_SKP,83363120,I,360002,1360020,Region,Chattogram/Sylhet,14000,Three years preceding the survey,0,0,RHANCPWSKP,BDDHS2004360002,2004,DHS,1120,1301,,,
BGD,Chattogram/Sylhet,1317895,Antenatal care from a skilled provider,39.7,1,BD,Bangladesh,2004,BD2004DHS,RH_ANCP_W_SKP,83363120,I,360002,1360020,Region,Chattogram/Sylhet,14001,Five years preceding the survey,0,0,RHANCPWSKP,BDDHS2004360002,2004,DHS,1513,1743,,,
BGD,Chattogram/Sylhet,5628199,Antenatal care from a skilled provider,39.8,1,BD,Bangladesh,2004,BD2004DHS,RH_ANCP_W_SKP,83363120,I,360002,1360020,Region,Chattogram/Sylhet,14002,Two years preceding the survey,0,1,RHANCPWSKP,BDDHS2004360002,2004,DHS,788,915,,,
BGD,Chattogram,7306506,Antenatal care from a skilled provider,39.1,1,BD,Bangladesh,2004,BD2004DHS,RH_ANCP_W_SKP,83363120,I,360003,1360030,Region,..Chattogram,14000,Three years preceding the survey,0,0,RHANCPWSKP,BDDHS2004360003,2004,DHS,812,805,,,1
BGD,Chattogram,4860518,Antenatal care from a skilled provider,39.3,1,BD,Bangladesh,2004,BD2004DHS,RH_ANCP_W_SKP,83363120,I,360003,1360030,Region,..Chattogram,14001,Five years preceding the survey,0,0,RHANCPWSKP,BDDHS2004360003,2004,DHS,1113,1107,,,1
BGD,Chattogram,1303787,Antenatal care from a skilled provider,39.3,1,BD,Bangladesh,2004,BD2004DHS,RH_ANCP_W_SKP,83363120,I,360003,1360030,Region,..Chattogram,14002,Two years preceding the survey,0,1,RHANCPWSKP,BDDHS2004360003,2004,DHS,565,559,,,1
BGD,Sylhet,2808578,Antenatal care from a skilled provider,41.4,1,BD,Bangladesh,2004,BD2004DHS,RH_ANCP_W_SKP,83363120,I,360004,1360040,Region,..Sylhet,14000,Three years preceding the survey,0,0,RHANCPWSKP,BDDHS2004360004,2004,DHS,309,496,,,1
BGD,Sylhet,6597440,Antenatal care from a skilled provider,41,1,BD,Bangladesh,2004,BD2004DHS,RH_ANCP_W_SKP,83363120,I,360004,1360040,Region,..Sylhet,14001,Five years preceding the survey,0,0,RHANCPWSKP,BDDHS2004360004,2004,DHS,400,636,,,1
BGD,Sylhet,6977627,Antenatal care from a skilled provider,41.2,1,BD,Bangladesh,2004,BD2004DHS,RH_ANCP_W_SKP,83363120,I,360004,1360040,Region,..Sylhet,14002,Two years preceding the survey,0,1,RHANCPWSKP,BDDHS2004360004,2004,DHS,223,356,,,1
BGD,Dhaka before 2015,5870029,Antenatal care from a skilled provider,43.4,1,BD,Bangladesh,2004,BD2004DHS,RH_ANCP_W_SKP,83363120,I,360005,1360050,Region,Dhaka before 2015,14000,Three years preceding the survey,0,0,RHANCPWSKP,BDDHS2004360005,2004,DHS,1161,818,,,1
BGD,Dhaka before 2015,2918379,Antenatal care from a skilled provider,41.6,1,BD,Bangladesh,2004,BD2004DHS,RH_ANCP_W_SKP,83363120,I,360005,1360050,Region,Dhaka before 2015,14001,Five years preceding the survey,0,0,RHANCPWSKP,BDDHS2004360005,2004,DHS,1676,1191,,,1
BGD,Dhaka before 2015,816629,Antenatal care from a skilled provider,45.3,1,BD,Bangladesh,2004,BD2004DHS,RH_ANCP_W_SKP,83363120,I,360005,1360050,Region,Dhaka before 2015,14002,Two years preceding the survey,0,1,RHANCPWSKP,BDDHS2004360005,2004,DHS,793,558,,,1
BGD,Khulna,4718324,Antenatal care from a skilled provider,49.3,1,BD,Bangladesh,2004,BD2004DHS,RH_ANCP_W_SKP,83363120,I,360006,1360060,Region,Khulna,14000,Three years preceding the survey,0,0,RHANCPWSKP,BDDHS2004360006,2004,DHS,418,502,,,1
BGD,Khulna,6056088,Antenatal care from a skilled provider,46,1,BD,Bangladesh,2004,BD2004DHS,RH_ANCP_W_SKP,83363120,I,360006,1360060,Region,Khulna,14001,Five years preceding the survey,0,0,RHANCPWSKP,BDDHS2004360006,2004,DHS,607,727,,,1
BGD,Khulna,1311398,Antenatal care from a skilled provider,48.7,1,BD,Bangladesh,2004,BD2004DHS,RH_ANCP_W_SKP,83363120,I,360006,1360060,Region,Khulna,14002,Two years preceding the survey,0,1,RHANCPWSKP,BDDHS2004360006,2004,DHS,279,332,,,1
BGD,Rajshahi/Rangpur,4672665,Antenatal care from a skilled provider,42,1,BD,Bangladesh,2004,BD2004DHS,RH_ANCP_W_SKP,83363120,I,360007,1360070,Region,Rajshahi/Rangpur,14000,Three years preceding the survey,0,0,RHANCPWSKP,BDDHS2004360007,2004,DHS,838,706,,,1
BGD,Rajshahi/Rangpur,4042995,Antenatal care from a skilled provider,40.2,1,BD,Bangladesh,2004,BD2004DHS,RH_ANCP_W_SKP,83363120,I,360007,1360070,Region,Rajshahi/Rangpur,14001,Five years preceding the survey,0,0,RHANCPWSKP,BDDHS2004360007,2004,DHS,1282,1082,,,1
BGD,Rajshahi/Rangpur,7398570,Antenatal care from a skilled provider,43.5,1,BD,Bangladesh,2004,BD2004DHS,RH_ANCP_W_SKP,83363120,I,360007,1360070,Region,Rajshahi/Rangpur,14002,Two years preceding the survey,0,1,RHANCPWSKP,BDDHS2004360007,2004,DHS,592,493,,,1
BGD,Barishal,1317927,Antenatal visits for pregnancy: 4+ visits,11.6,1,BD,Bangladesh,2004,BD2004DHS,RH_ANCN_W_N4P,83403040,I,360001,1360010,Region,Barishal,14000,Three years preceding the survey,0,0,RHANCNWN4P,BDDHS2004360001,2004,DHS,224,408,,,1
BGD,Barishal,7133277,Antenatal visits for pregnancy: 4+ visits,12.7,1,BD,Bangladesh,2004,BD2004DHS,RH_ANCN_W_N4P,83403040,I,360001,1360010,Region,Barishal,14001,Five years preceding the survey,0,0,RHANCNWN4P,BDDHS2004360001,2004,DHS,333,615,,,1
BGD,Barishal,4678300,Antenatal visits for pregnancy: 4+ visits,11.5,1,BD,Bangladesh,2004,BD2004DHS,RH_ANCN_W_N4P,83403040,I,360001,1360010,Region,Barishal,14002,Two years preceding the survey,0,1,RHANCNWN4P,BDDHS2004360001,2004,DHS,157,280,,,1
BGD,Chattogram/Sylhet,154855,Antenatal visits for pregnancy: 4+ visits,13.5,1,BD,Bangladesh,2004,BD2004DHS,RH_ANCN_W_N4P,83403040,I,360002,1360020,Region,Chattogram/Sylhet,14000,Three years preceding the survey,0,0,RHANCNWN4P,BDDHS2004360002,2004,DHS,1120,1301,,,
BGD,Chattogram/Sylhet,3933355,Antenatal visits for pregnancy: 4+ visits,14.1,1,BD,Bangladesh,2004,BD2004DHS,RH_ANCN_W_N4P,83403040,I,360002,1360020,Region,Chattogram/Sylhet,14001,Five years preceding the survey,0,0,RHANCNWN4P,BDDHS2004360002,2004,DHS,1513,1743,,,
BGD,Chattogram/Sylhet,6381763,Antenatal visits for pregnancy: 4+ visits,13.4,1,BD,Bangladesh,2004,BD2004DHS,RH_ANCN_W_N4P,83403040,I,360002,1360020,Region,Chattogram/Sylhet,14002,Two years preceding the survey,0,1,RHANCNWN4P,BDDHS2004360002,2004,DHS,788,915,,,
BGD,Chattogram,6815750,Antenatal visits for pregnancy: 4+ visits,14.8,1,BD,Bangladesh,2004,BD2004DHS,RH_ANCN_W_N4P,83403040,I,360003,1360030,Region,..Chattogram,14000,Three years preceding the survey,0,0,RHANCNWN4P,BDDHS2004360003,2004,DHS,812,805,,,1
BGD,Chattogram,5128690,Antenatal visits for pregnancy: 4+ visits,15.3,1,BD,Bangladesh,2004,BD2004DHS,RH_ANCN_W_N4P,83403040,I,360003,1360030,Region,..Chattogram,14001,Five years preceding the survey,0,0,RHANCNWN4P,BDDHS2004360003,2004,DHS,1113,1107,,,1
BGD,Chattogram,1303830,Antenatal visits for pregnancy: 4+ visits,14.7,1,BD,Bangladesh,2004,BD2004DHS,RH_ANCN_W_N4P,83403040,I,360003,1360030,Region,..Chattogram,14002,Two years preceding the survey,0,1,RHANCNWN4P,BDDHS2004360003,2004,DHS,565,559,,,1
BGD,Sylhet,4169776,Antenatal visits for pregnancy: 4+ visits,10.2,1,BD,Bangladesh,2004,BD2004DHS,RH_ANCN_W_N4P,83403040,I,360004,1360040,Region,..Sylhet,14000,Three years preceding the survey,0,0,RHANCNWN4P,BDDHS2004360004,2004,DHS,309,496,,,1
BGD,Sylhet,3306211,Antenatal visits for pregnancy: 4+ visits,10.9,1,BD,Bangladesh,2004,BD2004DHS,RH_ANCN_W_N4P,83403040,I,360004,1360040,Region,..Sylhet,14001,Five years preceding the survey,0,0,RHANCNWN4P,BDDHS2004360004,2004,DHS,400,636,,,1
BGD,Sylhet,5343982,Antenatal visits for pregnancy: 4+ visits,10.2,1,BD,Bangladesh,2004,BD2004DHS,RH_ANCN_W_N4P,83403040,I,360004,1360040,Region,..Sylhet,14002,Two years preceding the survey,0,1,RHANCNWN4P,BDDHS2004360004,2004,DHS,223,356,,,1
BGD,Dhaka before 2015,7259363,Antenatal visits for pregnancy: 4+ visits,19.2,1,BD,Bangladesh,2004,BD2004DHS,RH_ANCN_W_N4P,83403040,I,360005,1360050,Region,Dhaka before 2015,14000,Three years preceding the survey,0,0,RHANCNWN4P,BDDHS2004360005,2004,DHS,1161,818,,,1
BGD,Dhaka before 2015,1303792,Antenatal visits for pregnancy: 4+ visits,17.9,1,BD,Bangladesh,2004,BD2004DHS,RH_ANCN_W_N4P,83403040,I,360005,1360050,Region,Dhaka before 2015,14001,Five years preceding the survey,0,0,RHANCNWN4P,BDDHS2004360005,2004,DHS,1676,1191,,,1
BGD,Dhaka before 2015,1303819,Antenatal visits for pregnancy: 4+ visits,19.3,1,BD,Bangladesh,2004,BD2004DHS,RH_ANCN_W_N4P,83403040,I,360005,1360050,Region,Dhaka before 2015,14002,Two years preceding the survey,0,1,RHANCNWN4P,BDDHS2004360005,2004,DHS,793,558,,,1
BGD,Khulna,4227635,Antenatal visits for pregnancy: 4+ visits,19.2,1,BD,Bangladesh,2004,BD2004DHS,RH_ANCN_W_N4P,83403040,I,360006,1360060,Region,Khulna,14000,Three years preceding the survey,0,0,RHANCNWN4P,BDDHS2004360006,2004,DHS,418,502,,,1
BGD,Khulna,6197670,Antenatal visits for pregnancy: 4+ visits,18,1,BD,Bangladesh,2004,BD2004DHS,RH_ANCN_W_N4P,83403040,I,360006,1360060,Region,Khulna,14001,Five years preceding the survey,0,0,RHANCNWN4P,BDDHS2004360006,2004,DHS,607,727,,,1
BGD,Khulna,3152636,Antenatal visits for pregnancy: 4+ visits,19.9,1,BD,Bangladesh,2004,BD2004DHS,RH_ANCN_W_N4P,83403040,I,360006,1360060,Region,Khulna,14002,Two years preceding the survey,0,1,RHANCNWN4P,BDDHS2004360006,2004,DHS,279,332,,,1
BGD,Rajshahi/Rangpur,4960252,Antenatal visits for pregnancy: 4+ visits,17.5,1,BD,Bangladesh,2004,BD2004DHS,RH_ANCN_W_N4P,83403040,I,360007,1360070,Region,Rajshahi/Rangpur,14000,Three years preceding the survey,0,0,RHANCNWN4P,BDDHS2004360007,2004,DHS,838,706,,,1
BGD,Rajshahi/Rangpur,5961989,Antenatal visits for pregnancy: 4+ visits,15.4,1,BD,Bangladesh,2004,BD2004DHS,RH_ANCN_W_N4P,83403040,I,360007,1360070,Region,Rajshahi/Rangpur,14001,Five years preceding the survey,0,0,RHANCNWN4P,BDDHS2004360007,2004,DHS,1282,1082,,,1
BGD,Rajshahi/Rangpur,6558949,Antenatal visits for pregnancy: 4+ visits,18.3,1,BD,Bangladesh,2004,BD2004DHS,RH_ANCN_W_N4P,83403040,I,360007,1360070,Region,Rajshahi/Rangpur,14002,Two years preceding the survey,0,1,RHANCNWN4P,BDDHS2004360007,2004,DHS,592,493,,,1
BGD,Barishal,4752388,Assistance during delivery from a skilled provider,14.1,1,BD,Bangladesh,2004,BD2004DHS,RH_DELA_C_SKP,83606110,I,360001,1360010,Region,Barishal,14000,Three years preceding the survey,0,0,RHDELACSKP,BDDHS2004360001,2004,DHS,237,433,,,1
BGD,Barishal,108393,Assistance during delivery from a skilled provider,10.9,1,BD,Bangladesh,2004,BD2004DHS,RH_DELA_C_SKP,83606110,I,360001,1360010,Region,Barishal,14001,Five years preceding the survey,0,0,RHDELACSKP,BDDHS2004360001,2004,DHS,410,752,,,1
BGD,Barishal,5896406,Assistance during delivery from a skilled provider,14.2,1,BD,Bangladesh,2004,BD2004DHS,RH_DELA_C_SKP,83606110,I,360001,1360010,Region,Barishal,14002,Two years preceding the survey,0,1,RHDELACSKP,BDDHS2004360001,2004,DHS,160,287,,,1
BGD,Chattogram/Sylhet,6412336,Assistance during delivery from a skilled provider,11.8,1,BD,Bangladesh,2004,BD2004DHS,RH_DELA_C_SKP,83606110,I,360002,1360020,Region,Chattogram/Sylhet,14000,Three years preceding the survey,0,0,RHDELACSKP,BDDHS2004360002,2004,DHS,1287,1490,,,
BGD,Chattogram/Sylhet,2692422,Assistance during delivery from a skilled provider,10.6,1,BD,Bangladesh,2004,BD2004DHS,RH_DELA_C_SKP,83606110,I,360002,1360020,Region,Chattogram/Sylhet,14001,Five years preceding the survey,0,0,RHDELACSKP,BDDHS2004360002,2004,DHS,2125,2444,,,
BGD,Chattogram/Sylhet,3646156,Assistance during delivery from a skilled provider,10.8,1,BD,Bangladesh,2004,BD2004DHS,RH_DELA_C_SKP,83606110,I,360002,1360020,Region,Chattogram/Sylhet,14002,Two years preceding the survey,0,1,RHDELACSKP,BDDHS2004360002,2004,DHS,828,957,,,
BGD,Chattogram,641837,Assistance during delivery from a skilled provider,11.6,1,BD,Bangladesh,2004,BD2004DHS,RH_DELA_C_SKP,83606110,I,360003,1360030,Region,..Chattogram,14000,Three years preceding the survey,0,0,RHDELACSKP,BDDHS2004360003,2004,DHS,920,910,,,1
BGD,Chattogram,3527259,Assistance during delivery from a skilled provider,10.5,1,BD,Bangladesh,2004,BD2004DHS,RH_DELA_C_SKP,83606110,I,360003,1360030,Region,..Chattogram,14001,Five years preceding the survey,0,0,RHDELACSKP,BDDHS2004360003,2004,DHS,1526,1501,,,1
BGD,Chattogram,4712055,Assistance during delivery from a skilled provider,10.2,1,BD,Bangladesh,2004,BD2004DHS,RH_DELA_C_SKP,83606110,I,360003,1360030,Region,..Chattogram,14002,Two years preceding the survey,0,1,RHDELACSKP,BDDHS2004360003,2004,DHS,593,584,,,1
BGD,Sylhet,5598084,Assistance during delivery from a skilled provider,12.6,1,BD,Bangladesh,2004,BD2004DHS,RH_DELA_C_SKP,83606110,I,360004,1360040,Region,..Sylhet,14000,Three years preceding the survey,0,0,RHDELACSKP,BDDHS2004360004,2004,DHS,366,580,,,1
BGD,Sylhet,767178,Assistance during delivery from a skilled provider,10.9,1,BD,Bangladesh,2004,BD2004DHS,RH_DELA_C_SKP,83606110,I,360004,1360040,Region,..Sylhet,14001,Five years preceding the survey,0,0,RHDELACSKP,BDDHS2004360004,2004,DHS,599,943,,,1
BGD,Sylhet,133831,Assistance during delivery from a skilled provider,12.2,1,BD,Bangladesh,2004,BD2004DHS,RH_DELA_C_SKP,83606110,I,360004,1360040,Region,..Sylhet,14002,Two years preceding the survey,0,1,RHDELACSKP,BDDHS2004360004,2004,DHS,236,373,,,1
BGD,Dhaka before 2015,302716,Assistance during delivery from a skilled provider,18.4,1,BD,Bangladesh,2004,BD2004DHS,RH_DELA_C_SKP,83606110,I,360005,1360050,Region,Dhaka before 2015,14000,Three years preceding the survey,0,0,RHDELACSKP,BDDHS2004360005,2004,DHS,1250,879,,,1
BGD,Dhaka before 2015,7146972,Assistance during delivery from a skilled provider,14.7,1,BD,Bangladesh,2004,BD2004DHS,RH_DELA_C_SKP,83606110,I,360005,1360050,Region,Dhaka before 2015,14001,Five years preceding the survey,0,0,RHDELACSKP,BDDHS2004360005,2004,DHS,2174,1530,,,1
BGD,Dhaka before 2015,4744938,Assistance during delivery from a skilled provider,19.4,1,BD,Bangladesh,2004,BD2004DHS,RH_DELA_C_SKP,83606110,I,360005,1360050,Region,Dhaka before 2015,14002,Two years preceding the survey,0,1,RHDELACSKP,BDDHS2004360005,2004,DHS,810,572,,,1
BGD,Khulna,1311708,Assistance during delivery from a skilled provider,22.8,1,BD,Bangladesh,2004,BD2004DHS,RH_DELA_C_SKP,83606110,I,360006,1360060,Region,Khulna,14000,Three years preceding the survey,0,0,RHDELACSKP,BDDHS2004360006,2004,DHS,450,537,,,1
BGD,Khulna,3218563,Assistance during delivery from a skilled provider,19.9,1,BD,Bangladesh,2004,BD2004DHS,RH_DELA_C_SKP,83606110,I,360006,1360060,Region,Khulna,14001,Five years preceding the survey,0,0,RHDELACSKP,BDDHS2004360006,2004,DHS,730,865,,,1
BGD,Khulna,6001633,Assistance during delivery from a skilled provider,25.2,1,BD,Bangladesh,2004,BD2004DHS,RH_DELA_C_SKP,83606110,I,360006,1360060,Region,Khulna,14002,Two years preceding the survey,0,1,RHDELACSKP,BDDHS2004360006,2004,DHS,290,345,,,1
BGD,Rajshahi/Rangpur,6792309,Assistance during delivery from a skilled provider,11.5,1,BD,Bangladesh,2004,BD2004DHS,RH_DELA_C_SKP,83606110,I,360007,1360070,Region,Rajshahi/Rangpur,14000,Three years preceding the survey,0,0,RHDELACSKP,BDDHS2004360007,2004,DHS,896,756,,,1
BGD,Rajshahi/Rangpur,5222151,Assistance during delivery from a skilled provider,10.3,1,BD,Bangladesh,2004,BD2004DHS,RH_DELA_C_SKP,83606110,I,360007,1360070,Region,Rajshahi/Rangpur,14001,Five years preceding the survey,0,0,RHDELACSKP,BDDHS2004360007,2004,DHS,1558,1309,,,1
BGD,Rajshahi/Rangpur,634779,Assistance during delivery from a skilled provider,12.6,1,BD,Bangladesh,2004,BD2004DHS,RH_DELA_C_SKP,83606110,I,360007,1360070,Region,Rajshahi/Rangpur,14002,Two years preceding the survey,0,1,RHDELACSKP,BDDHS2004360007,2004,DHS,605,503,,,1
BGD,Barishal,4527130,Children underweight,41,1,BD,Bangladesh,2004,BD2004DHS,CN_NUTS_C_WA2,104236090,I,360001,1360010,Region,Barishal,0,,0,1,CNNUTSCWA2,BDDHS2004360001,2004,DHS,357,664,,,1
BGD,Chattogram/Sylhet,5669856,Children underweight,45.7,1,BD,Bangladesh,2004,BD2004DHS,CN_NUTS_C_WA2,104236090,I,360002,1360020,Region,Chattogram/Sylhet,0,,0,1,CNNUTSCWA2,BDDHS2004360002,2004,DHS,1805,2105,,,
BGD,Chattogram,2762026,Children underweight,45.3,1,BD,Bangladesh,2004,BD2004DHS,CN_NUTS_C_WA2,104236090,I,360003,1360030,Region,..Chattogram,0,,0,1,CNNUTSCWA2,BDDHS2004360003,2004,DHS,1317,1314,,,1
BGD,Sylhet,5346930,Children underweight,46.8,1,BD,Bangladesh,2004,BD2004DHS,CN_NUTS_C_WA2,104236090,I,360004,1360040,Region,..Sylhet,0,,0,1,CNNUTSCWA2,BDDHS2004360004,2004,DHS,488,791,,,1
BGD,Dhaka before 2015,1296890,Children underweight,42.2,1,BD,Bangladesh,2004,BD2004DHS,CN_NUTS_C_WA2,104236090,I,360005,1360050,Region,Dhaka before 2015,0,,0,1,CNNUTSCWA2,BDDHS2004360005,2004,DHS,1844,1314,,,1
BGD,Khulna,6891529,Children underweight,34.8,1,BD,Bangladesh,2004,BD2004DHS,CN_NUTS_C_WA2,104236090,I,360006,1360060,Region,Khulna,0,,0,1,CNNUTSCWA2,BDDHS2004360006,2004,DHS,666,799,,,1
BGD,Rajshahi/Rangpur,6555788,Children underweight,42.8,1,BD,Bangladesh,2004,BD2004DHS,CN_NUTS_C_WA2,104236090,I,360007,1360070,Region,Rajshahi/Rangpur,0,,0,1,CNNUTSCWA2,BDDHS2004360007,2004,DHS,1356,1155,,,1
BGD,Barishal,3101024,Population using an improved water source,92.3,1,BD,Bangladesh,2004,BD2004DHS,WS_SRCE_P_IMP,250162010,I,360001,1360010,Region,Barishal,0,,0,1,WSSRCEPIMP,BDDHS2004360001,2004,DHS,3289,6280,,,1
BGD,Chattogram/Sylhet,6495626,Population using an improved water source,94.5,1,BD,Bangladesh,2004,BD2004DHS,WS_SRCE_P_IMP,250162010,I,360002,1360020,Region,Chattogram/Sylhet,0,,0,1,WSSRCEPIMP,BDDHS2004360002,2004,DHS,13982,16516,,,
BGD,Chattogram,1097579,Population using an improved water source,96.8,1,BD,Bangladesh,2004,BD2004DHS,WS_SRCE_P_IMP,250162010,I,360003,1360030,Region,..Chattogram,0,,0,1,WSSRCEPIMP,BDDHS2004360003,2004,DHS,10172,10321,,,1
BGD,Sylhet,7296324,Population using an improved water source,88.3,1,BD,Bangladesh,2004,BD2004DHS,WS_SRCE_P_IMP,250162010,I,360004,1360040,Region,..Sylhet,0,,0,1,WSSRCEPIMP,BDDHS2004360004,2004,DHS,3809,6195,,,1
BGD,Dhaka before 2015,5105395,Population using an improved water source,99.5,1,BD,Bangladesh,2004,BD2004DHS,WS_SRCE_P_IMP,250162010,I,360005,1360050,Region,Dhaka before 2015,0,,0,1,WSSRCEPIMP,BDDHS2004360005,2004,DHS,16223,11842,,,1
BGD,Khulna,3853875,Population using an improved water source,92.6,1,BD,Bangladesh,2004,BD2004DHS,WS_SRCE_P_IMP,250162010,I,360006,1360060,Region,Khulna,0,,0,1,WSSRCEPIMP,BDDHS2004360006,2004,DHS,6103,7477,,,1
BGD,Rajshahi/Rangpur,574777,Population using an improved water source,99.1,1,BD,Bangladesh,2004,BD2004DHS,WS_SRCE_P_IMP,250162010,I,360007,1360070,Region,Rajshahi/Rangpur,0,,0,1,WSSRCEPIMP,BDDHS2004360007,2004,DHS,12532,10787,,,1
BGD,Barishal,7046205,Population with an improved sanitation facility,21.4,1,BD,Bangladesh,2004,BD2004DHS,WS_TLET_P_IMP,250262010,I,360001,1360010,Region,Barishal,0,,0,1,WSTLETPIMP,BDDHS2004360001,2004,DHS,3289,6280,,,1
BGD,Chattogram/Sylhet,2611085,Population with an improved sanitation facility,27.3,1,BD,Bangladesh,2004,BD2004DHS,WS_TLET_P_IMP,250262010,I,360002,1360020,Region,Chattogram/Sylhet,0,,0,1,WSTLETPIMP,BDDHS2004360002,2004,DHS,13982,16516,,,
BGD,Chattogram,6731835,Population with an improved sanitation facility,24.5,1,BD,Bangladesh,2004,BD2004DHS,WS_TLET_P_IMP,250262010,I,360003,1360030,Region,..Chattogram,0,,0,1,WSTLETPIMP,BDDHS2004360003,2004,DHS,10172,10321,,,1
BGD,Sylhet,3361740,Population with an improved sanitation facility,34.8,1,BD,Bangladesh,2004,BD2004DHS,WS_TLET_P_IMP,250262010,I,360004,1360040,Region,..Sylhet,0,,0,1,WSTLETPIMP,BDDHS2004360004,2004,DHS,3809,6195,,,1
BGD,Dhaka before 2015,5606163,Population with an improved sanitation facility,25,1,BD,Bangladesh,2004,BD2004DHS,WS_TLET_P_IMP,250262010,I,360005,1360050,Region,Dhaka before 2015,0,,0,1,WSTLETPIMP,BDDHS2004360005,2004,DHS,16223,11842,,,1
BGD,Khulna,5486843,Population with an improved sanitation facility,31,1,BD,Bangladesh,2004,BD2004DHS,WS_TLET_P_IMP,250262010,I,360006,1360060,Region,Khulna,0,,0,1,WSTLETPIMP,BDDHS2004360006,2004,DHS,6103,7477,,,1
BGD,Rajshahi/Rangpur,574785,Population with an improved sanitation facility,17.7,1,BD,Bangladesh,2004,BD2004DHS,WS_TLET_P_IMP,250262010,I,360007,1360070,Region,Rajshahi/Rangpur,0,,0,1,WSTLETPIMP,BDDHS2004360007,2004,DHS,12532,10787,,,1
BGD,Barishal,1817086,Age specific fertility rate: 15-19,132,0,BD,Bangladesh,2007,BD2007DHS,FE_FRTR_W_A15,11763010,I,360001,1360010,Region,Barishal,0,,0,1,FEFRTRWA15,BDDHS2007360001,2007,DHS,,,,,1
BGD,Chattogram/Sylhet,1817097,Age specific fertility rate: 15-19,120,0,BD,Bangladesh,2007,BD2007DHS,FE_FRTR_W_A15,11763010,I,360002,1360020,Region,Chattogram/Sylhet,0,,0,1,FEFRTRWA15,BDDHS2007360002,2007,DHS,,,,,
BGD,Chattogram,1817070,Age specific fertility rate: 15-19,125,0,BD,Bangladesh,2007,BD2007DHS,FE_FRTR_W_A15,11763010,I,360003,1360030,Region,..Chattogram,0,,0,1,FEFRTRWA15,BDDHS2007360003,2007,DHS,,,,,1
BGD,Sylhet,7874115,Age specific fertility rate: 15-19,109,0,BD,Bangladesh,2007,BD2007DHS,FE_FRTR_W_A15,11763010,I,360004,1360040,Region,..Sylhet,0,,0,1,FEFRTRWA15,BDDHS2007360004,2007,DHS,,,,,1
BGD,Dhaka before 2015,1810663,Age specific fertility rate: 15-19,125,0,BD,Bangladesh,2007,BD2007DHS,FE_FRTR_W_A15,11763010,I,360005,1360050,Region,Dhaka before 2015,0,,0,1,FEFRTRWA15,BDDHS2007360005,2007,DHS,,,,,1
BGD,Khulna,1796765,Age specific fertility rate: 15-19,122,0,BD,Bangladesh,2007,BD2007DHS,FE_FRTR_W_A15,11763010,I,360006,1360060,Region,Khulna,0,,0,1,FEFRTRWA15,BDDHS2007360006,2007,DHS,,,,,1
BGD,Rajshahi/Rangpur,1810681,Age specific fertility rate: 15-19,136,0,BD,Bangladesh,2007,BD2007DHS,FE_FRTR_W_A15,11763010,I,360007,1360070,Region,Rajshahi/Rangpur,0,,0,1,FEFRTRWA15,BDDHS2007360007,2007,DHS,,,,,1
BGD,Barishal,3027800,Married women currently using any method of contraception,56.3,1,BD,Bangladesh,2007,BD2007DHS,FP_CUSM_W_ANY,32633010,I,360001,1360010,Region,Barishal,0,,0,1,FPCUSMWANY,BDDHS2007360001,2007,DHS,626,1357,,,1
BGD,Chattogram/Sylhet,6457861,Married women currently using any method of contraception,40.8,1,BD,Bangladesh,2007,BD2007DHS,FP_CUSM_W_ANY,32633010,I,360002,1360020,Region,Chattogram/Sylhet,0,,0,1,FPCUSMWANY,BDDHS2007360002,2007,DHS,2512,3124,,,
BGD,Chattogram,2916713,Married women currently using any method of contraception,43.9,1,BD,Bangladesh,2007,BD2007DHS,FP_CUSM_W_ANY,32633010,I,360003,1360030,Region,..Chattogram,0,,0,1,FPCUSMWANY,BDDHS2007360003,2007,DHS,1877,1804,,,1
BGD,Sylhet,7871326,Married women currently using any method of contraception,31.5,1,BD,Bangladesh,2007,BD2007DHS,FP_CUSM_W_ANY,32633010,I,360004,1360040,Region,..Sylhet,0,,0,1,FPCUSMWANY,BDDHS2007360004,2007,DHS,635,1320,,,1
BGD,Dhaka before 2015,813450,Married women currently using any method of contraception,56.4,1,BD,Bangladesh,2007,BD2007DHS,FP_CUSM_W_ANY,32633010,I,360005,1360050,Region,Dhaka before 2015,0,,0,1,FPCUSMWANY,BDDHS2007360005,2007,DHS,3189,2174,,,1
BGD,Khulna,4257926,Married women currently using any method of contraception,63.1,1,BD,Bangladesh,2007,BD2007DHS,FP_CUSM_W_ANY,32633010,I,360006,1360060,Region,Khulna,0,,0,1,FPCUSMWANY,BDDHS2007360006,2007,DHS,1281,1564,,,1
BGD,Rajshahi/Rangpur,6517864,Married women currently using any method of contraception,65.9,1,BD,Bangladesh,2007,BD2007DHS,FP_CUSM_W_ANY,32633010,I,360007,1360070,Region,Rajshahi/Rangpur,0,,0,1,FPCUSMWANY,BDDHS2007360007,2007,DHS,2584,1927,,,1
BGD,Barishal,5179446,Unmet need for family planning,19.6,1,BD,Bangladesh,2007,BD2007DHS,FP_NADM_W_UNT,32933030,I,360001,1360010,Region,Barishal,0,,0,1,FPNADMWUNT,BDDHS2007360001,2007,DHS,626,1357,,,1
BGD,Chattogram/Sylhet,6175333,Unmet need for family planning,23.5,1,BD,Bangladesh,2007,BD2007DHS,FP_NADM_W_UNT,32933030,I,360002,1360020,Region,Chattogram/Sylhet,0,,0,1,FPNADMWUNT,BDDHS2007360002,2007,DHS,2512,3124,,,
BGD,Chattogram,1556676,Unmet need for family planning,22.9,1,BD,Bangladesh,2007,BD2007DHS,FP_NADM_W_UNT,32933030,I,360003,1360030,Region,..Chattogram,0,,0,1,FPNADMWUNT,BDDHS2007360003,2007,DHS,1877,1804,,,1
BGD,Sylhet,7848716,Unmet need for family planning,25.4,1,BD,Bangladesh,2007,BD2007DHS,FP_NADM_W_UNT,32933030,I,360004,1360040,Region,..Sylhet,0,,0,1,FPNADMWUNT,BDDHS2007360004,2007,DHS,635,1320,,,1
BGD,Dhaka before 2015,1533043,Unmet need for family planning,17,1,BD,Bangladesh,2007,BD2007DHS,FP_NADM_W_UNT,32933030,I,360005,1360050,Region,Dhaka before 2015,0,,0,1,FPNADMWUNT,BDDHS2007360005,2007,DHS,3189,2174,,,1
BGD,Khulna,5003657,Unmet need for family planning,11.6,1,BD,Bangladesh,2007,BD2007DHS,FP_NADM_W_UNT,32933030,I,360006,1360060,Region,Khulna,0,,0,1,FPNADMWUNT,BDDHS2007360006,2007,DHS,1281,1564,,,1
BGD,Rajshahi/Rangpur,3582891,Unmet need for family planning,11.9,1,BD,Bangladesh,2007,BD2007DHS,FP_NADM_W_UNT,32933030,I,360007,1360070,Region,Rajshahi/Rangpur,0,,0,1,FPNADMWUNT,BDDHS2007360007,2007,DHS,2584,1927,,,1
BGD,Barishal,7718444,Infant mortality rate,50,0,BD,Bangladesh,2007,BD2007DHS,CM_ECMR_C_IMR,63206030,I,360001,1360010,Region,Barishal,14003,Ten years preceding the survey,0,1,CMECMRCIMR,BDDHS2007360001,2007,DHS,,,40,59,1
BGD,Chattogram/Sylhet,1739947,Infant mortality rate,63,0,BD,Bangladesh,2007,BD2007DHS,CM_ECMR_C_IMR,63206030,I,360002,1360020,Region,Chattogram/Sylhet,14003,Ten years preceding the survey,0,1,CMECMRCIMR,BDDHS2007360002,2007,DHS,,,52,74,
BGD,Chattogram,7904063,Infant mortality rate,54,0,BD,Bangladesh,2007,BD2007DHS,CM_ECMR_C_IMR,63206030,I,360003,1360030,Region,..Chattogram,14003,Ten years preceding the survey,0,1,CMECMRCIMR,BDDHS2007360003,2007,DHS,,,41,66,1
BGD,Sylhet,7571050,Infant mortality rate,84,0,BD,Bangladesh,2007,BD2007DHS,CM_ECMR_C_IMR,63206030,I,360004,1360040,Region,..Sylhet,14003,Ten years preceding the survey,0,1,CMECMRCIMR,BDDHS2007360004,2007,DHS,,,64,104,1
BGD,Dhaka before 2015,1734850,Infant mortality rate,55,0,BD,Bangladesh,2007,BD2007DHS,CM_ECMR_C_IMR,63206030,I,360005,1360050,Region,Dhaka before 2015,14003,Ten years preceding the survey,0,1,CMECMRCIMR,BDDHS2007360005,2007,DHS,,,44,67,1
BGD,Khulna,1728598,Infant mortality rate,49,0,BD,Bangladesh,2007,BD2007DHS,CM_ECMR_C_IMR,63206030,I,360006,1360060,Region,Khulna,14003,Ten years preceding the survey,0,1,CMECMRCIMR,BDDHS2007360006,2007,DHS,,,35,62,1
BGD,Rajshahi/Rangpur,7477538,Infant mortality rate,58,0,BD,Bangladesh,2007,BD2007DHS,CM_ECMR_C_IMR,63206030,I,360007,1360070,Region,Rajshahi/Rangpur,14003,Ten years preceding the survey,0,1,CMECMRCIMR,BDDHS2007360007,2007,DHS,,,43,73,1
BGD,Barishal,7525142,Under-five mortality rate,71,0,BD,Bangladesh,2007,BD2007DHS,CM_ECMR_C_U5M,63206050,I,360001,1360010,Region,Barishal,14003,Ten years preceding the survey,0,1,CMECMRCU5M,BDDHS2007360001,2007,DHS,,,60,83,1
BGD,Chattogram/Sylhet,7789814,Under-five mortality rate,88,0,BD,Bangladesh,2007,BD2007DHS,CM_ECMR_C_U5M,63206050,I,360002,1360020,Region,Chattogram/Sylhet,14003,Ten years preceding the survey,0,1,CMECMRCU5M,BDDHS2007360002,2007,DHS,,,76,100,
BGD,Chattogram,1739966,Under-five mortality rate,79,0,BD,Bangladesh,2007,BD2007DHS,CM_ECMR_C_U5M,63206050,I,360003,1360030,Region,..Chattogram,14003,Ten years preceding the survey,0,1,CMECMRCU5M,BDDHS2007360003,2007,DHS,,,65,94,1
BGD,Sylhet,7892163,Under-five mortality rate,107,0,BD,Bangladesh,2007,BD2007DHS,CM_ECMR_C_U5M,63206050,I,360004,1360040,Region,..Sylhet,14003,Ten years preceding the survey,0,1,CMECMRCU5M,BDDHS2007360004,2007,DHS,,,84,131,1
BGD,Dhaka before 2015,7757876,Under-five mortality rate,69,0,BD,Bangladesh,2007,BD2007DHS,CM_ECMR_C_U5M,63206050,I,360005,1360050,Region,Dhaka before 2015,14003,Ten years preceding the survey,0,1,CMECMRCU5M,BDDHS2007360005,2007,DHS,,,55,82,1
BGD,Khulna,1728631,Under-five mortality rate,58,0,BD,Bangladesh,2007,BD2007DHS,CM_ECMR_C_U5M,63206050,I,360006,1360060,Region,Khulna,14003,Ten years preceding the survey,0,1,CMECMRCU5M,BDDHS2007360006,2007,DHS,,,44,72,1
BGD,Rajshahi/Rangpur,1734877,Under-five mortality rate,71,0,BD,Bangladesh,2007,BD2007DHS,CM_ECMR_C_U5M,63206050,I,360007,1360070,Region,Rajshahi/Rangpur,14003,Ten years preceding the survey,0,1,CMECMRCU5M,BDDHS2007360007,2007,DHS,,,54,88,1
BGD,Barishal,5726313,Antenatal care from a skilled provider,45.2,1,BD,Bangladesh,2007,BD2007DHS,RH_ANCP_W_SKP,83363120,I,360001,1360010,Region,Barishal,14000,Three years preceding the survey,0,0,RHANCPWSKP,BDDHS2007360001,2007,DHS,205,422,,,1
BGD,Barishal,3046546,Antenatal care from a skilled provider,43.7,1,BD,Bangladesh,2007,BD2007DHS,RH_ANCP_W_SKP,83363120,I,360001,1360010,Region,Barishal,14001,Five years preceding the survey,0,0,RHANCPWSKP,BDDHS2007360001,2007,DHS,313,658,,,1
BGD,Barishal,2221719,Antenatal care from a skilled provider,47.1,1,BD,Bangladesh,2007,BD2007DHS,RH_ANCP_W_SKP,83363120,I,360001,1360010,Region,Barishal,14002,Two years preceding the survey,0,1,RHANCPWSKP,BDDHS2007360001,2007,DHS,132,271,,,1
BGD,Chattogram/Sylhet,4401712,Antenatal care from a skilled provider,52.3,1,BD,Bangladesh,2007,BD2007DHS,RH_ANCP_W_SKP,83363120,I,360002,1360020,Region,Chattogram/Sylhet,14000,Three years preceding the survey,0,0,RHANCPWSKP,BDDHS2007360002,2007,DHS,1008,1263,,,
BGD,Chattogram/Sylhet,7309957,Antenatal care from a skilled provider,50.9,1,BD,Bangladesh,2007,BD2007DHS,RH_ANCP_W_SKP,83363120,I,360002,1360020,Region,Chattogram/Sylhet,14001,Five years preceding the survey,0,0,RHANCPWSKP,BDDHS2007360002,2007,DHS,1415,1765,,,
BGD,Chattogram/Sylhet,5300786,Antenatal care from a skilled provider,51,1,BD,Bangladesh,2007,BD2007DHS,RH_ANCP_W_SKP,83363120,I,360002,1360020,Region,Chattogram/Sylhet,14002,Two years preceding the survey,0,1,RHANCPWSKP,BDDHS2007360002,2007,DHS,718,896,,,
BGD,Chattogram,6885989,Antenatal care from a skilled provider,53.3,1,BD,Bangladesh,2007,BD2007DHS,RH_ANCP_W_SKP,83363120,I,360003,1360030,Region,..Chattogram,14000,Three years preceding the survey,0,0,RHANCPWSKP,BDDHS2007360003,2007,DHS,731,699,,,1
BGD,Chattogram,3950826,Antenatal care from a skilled provider,52.4,1,BD,Bangladesh,2007,BD2007DHS,RH_ANCP_W_SKP,83363120,I,360003,1360030,Region,..Chattogram,14001,Five years preceding the survey,0,0,RHANCPWSKP,BDDHS2007360003,2007,DHS,1030,980,,,1
BGD,Chattogram,762674,Antenatal care from a skilled provider,51.3,1,BD,Bangladesh,2007,BD2007DHS,RH_ANCP_W_SKP,83363120,I,360003,1360030,Region,..Chattogram,14002,Two years preceding the survey,0,1,RHANCPWSKP,BDDHS2007360003,2007,DHS,526,498,,,1
BGD,Sylhet,2205304,Antenatal care from a skilled provider,49.5,1,BD,Bangladesh,2007,BD2007DHS,RH_ANCP_W_SKP,83363120,I,360004,1360040,Region,..Sylhet,14000,Three years preceding the survey,0,0,RHANCPWSKP,BDDHS2007360004,2007,DHS,277,564,,,1
BGD,Sylhet,6595746,Antenatal care from a skilled provider,46.9,1,BD,Bangladesh,2007,BD2007DHS,RH_ANCP_W_SKP,83363120,I,360004,1360040,Region,..Sylhet,14001,Five years preceding the survey,0,0,RHANCPWSKP,BDDHS2007360004,2007,DHS,384,785,,,1
BGD,Sylhet,4314767,Antenatal care from a skilled provider,50.2,1,BD,Bangladesh,2007,BD2007DHS,RH_ANCP_W_SKP,83363120,I,360004,1360040,Region,..Sylhet,14002,Two years preceding the survey,0,1,RHANCPWSKP,BDDHS2007360004,2007,DHS,193,398,,,1
BGD,Dhaka before 2015,5767681,Antenatal care from a skilled provider,50.6,1,BD,Bangladesh,2007,BD2007DHS,RH_ANCP_W_SKP,83363120,I,360005,1360050,Region,Dhaka before 2015,14000,Three years preceding the survey,0,0,RHANCPWSKP,BDDHS2007360005,2007,DHS,1066,728,,,1
BGD,Dhaka before 2015,4002845,Antenatal care from a skilled provider,48.2,1,BD,Bangladesh,2007,BD2007DHS,RH_ANCP_W_SKP,83363120,I,360005,1360050,Region,Dhaka before 2015,14001,Five years preceding the survey,0,0,RHANCPWSKP,BDDHS2007360005,2007,DHS,1556,1051,,,1
BGD,Dhaka before 2015,6625186,Antenatal care from a skilled provider,54.3,1,BD,Bangladesh,2007,BD2007DHS,RH_ANCP_W_SKP,83363120,I,360005,1360050,Region,Dhaka before 2015,14002,Two years preceding the survey,0,1,RHANCPWSKP,BDDHS2007360005,2007,DHS,729,498,,,1
BGD,Khulna,5977067,Antenatal care from a skilled provider,67.8,1,BD,Bangladesh,2007,BD2007DHS,RH_ANCP_W_SKP,83363120,I,360006,1360060,Region,Khulna,14000,Three years preceding the survey,0,0,RHANCPWSKP,BDDHS2007360006,2007,DHS,315,400,,,1
BGD,Khulna,514102,Antenatal care from a skilled provider,62.6,1,BD,Bangladesh,2007,BD2007DHS,RH_ANCP_W_SKP,83363120,I,360006,1360060,Region,Khulna,14001,Five years preceding the survey,0,0,RHANCPWSKP,BDDHS2007360006,2007,DHS,503,623,,,1
BGD,Khulna,4422254,Antenatal care from a skilled provider,68.9,1,BD,Bangladesh,2007,BD2007DHS,RH_ANCP_W_SKP,83363120,I,360006,1360060,Region,Khulna,14002,Two years preceding the survey,0,1,RHANCPWSKP,BDDHS2007360006,2007,DHS,193,256,,,1
BGD,Rajshahi/Rangpur,986340,Antenatal care from a skilled provider,55,1,BD,Bangladesh,2007,BD2007DHS,RH_ANCP_W_SKP,83363120,I,360007,1360070,Region,Rajshahi/Rangpur,14000,Three years preceding the survey,0,0,RHANCPWSKP,BDDHS2007360007,2007,DHS,759,570,,,1
BGD,Rajshahi/Rangpur,3612817,Antenatal care from a skilled provider,54.9,1,BD,Bangladesh,2007,BD2007DHS,RH_ANCP_W_SKP,83363120,I,360007,1360070,Region,Rajshahi/Rangpur,14001,Five years preceding the survey,0,0,RHANCPWSKP,BDDHS2007360007,2007,DHS,1118,829,,,1
BGD,Rajshahi/Rangpur,4935787,Antenatal care from a skilled provider,52.6,1,BD,Bangladesh,2007,BD2007DHS,RH_ANCP_W_SKP,83363120,I,360007,1360070,Region,Rajshahi/Rangpur,14002,Two years preceding the survey,0,1,RHANCPWSKP,BDDHS2007360007,2007,DHS,522,387,,,1
BGD,Barishal,6060547,Antenatal visits for pregnancy: 4+ visits,17.4,1,BD,Bangladesh,2007,BD2007DHS,RH_ANCN_W_N4P,83403040,I,360001,1360010,Region,Barishal,14000,Three years preceding the survey,0,0,RHANCNWN4P,BDDHS2007360001,2007,DHS,205,422,,,1
BGD,Barishal,7043122,Antenatal visits for pregnancy: 4+ visits,16.5,1,BD,Bangladesh,2007,BD2007DHS,RH_ANCN_W_N4P,83403040,I,360001,1360010,Region,Barishal,14001,Five years preceding the survey,0,0,RHANCNWN4P,BDDHS2007360001,2007,DHS,313,658,,,1
BGD,Barishal,4516737,Antenatal visits for pregnancy: 4+ visits,16.1,1,BD,Bangladesh,2007,BD2007DHS,RH_ANCN_W_N4P,83403040,I,360001,1360010,Region,Barishal,14002,Two years preceding the survey,0,1,RHANCNWN4P,BDDHS2007360001,2007,DHS,132,271,,,1
BGD,Chattogram/Sylhet,2962060,Antenatal visits for pregnancy: 4+ visits,18.4,1,BD,Bangladesh,2007,BD2007DHS,RH_ANCN_W_N4P,83403040,I,360002,1360020,Region,Chattogram/Sylhet,14000,Three years preceding the survey,0,0,RHANCNWN4P,BDDHS2007360002,2007,DHS,1008,1263,,,
BGD,Chattogram/Sylhet,3383413,Antenatal visits for pregnancy: 4+ visits,17.8,1,BD,Bangladesh,2007,BD2007DHS,RH_ANCN_W_N4P,83403040,I,360002,1360020,Region,Chattogram/Sylhet,14001,Five years preceding the survey,0,0,RHANCNWN4P,BDDHS2007360002,2007,DHS,1415,1765,,,
BGD,Chattogram/Sylhet,4868701,Antenatal visits for pregnancy: 4+ visits,18.5,1,BD,Bangladesh,2007,BD2007DHS,RH_ANCN_W_N4P,83403040,I,360002,1360020,Region,Chattogram/Sylhet,14002,Two years preceding the survey,0,1,RHANCNWN4P,BDDHS2007360002,2007,DHS,718,896,,,
BGD,Chattogram,6337325,Antenatal visits for pregnancy: 4+ visits,20.3,1,BD,Bangladesh,2007,BD2007DHS,RH_ANCN_W_N4P,83403040,I,360003,1360030,Region,..Chattogram,14000,Three years preceding the survey,0,0,RHANCNWN4P,BDDHS2007360003,2007,DHS,731,699,,,1
BGD,Chattogram,4233463,Antenatal visits for pregnancy: 4+ visits,19.7,1,BD,Bangladesh,2007,BD2007DHS,RH_ANCN_W_N4P,83403040,I,360003,1360030,Region,..Chattogram,14001,Five years preceding the survey,0,0,RHANCNWN4P,BDDHS2007360003,2007,DHS,1030,980,,,1
BGD,Chattogram,5065500,Antenatal visits for pregnancy: 4+ visits,20.4,1,BD,Bangladesh,2007,BD2007DHS,RH_ANCN_W_N4P,83403040,I,360003,1360030,Region,..Chattogram,14002,Two years preceding the survey,0,1,RHANCNWN4P,BDDHS2007360003,2007,DHS,526,498,,,1
BGD,Sylhet,2205421,Antenatal visits for pregnancy: 4+ visits,13.4,1,BD,Bangladesh,2007,BD2007DHS,RH_ANCN_W_N4P,83403040,I,360004,1360040,Region,..Sylhet,14000,Three years preceding the survey,0,0,RHANCNWN4P,BDDHS2007360004,2007,DHS,277,564,,,1
BGD,Sylhet,7409983,Antenatal visits for pregnancy: 4+ visits,12.6,1,BD,Bangladesh,2007,BD2007DHS,RH_ANCN_W_N4P,83403040,I,360004,1360040,Region,..Sylhet,14001,Five years preceding the survey,0,0,RHANCNWN4P,BDDHS2007360004,2007,DHS,384,785,,,1
BGD,Sylhet,5262252,Antenatal visits for pregnancy: 4+ visits,13.6,1,BD,Bangladesh,2007,BD2007DHS,RH_ANCN_W_N4P,83403040,I,360004,1360040,Region,..Sylhet,14002,Two years preceding the survey,0,1,RHANCNWN4P,BDDHS2007360004,2007,DHS,193,398,,,1
BGD,Dhaka before 2015,6818250,Antenatal visits for pregnancy: 4+ visits,21.4,1,BD,Bangladesh,2007,BD2007DHS,RH_ANCN_W_N4P,83403040,I,360005,1360050,Region,Dhaka before 2015,14000,Three years preceding the survey,0,0,RHANCNWN4P,BDDHS2007360005,2007,DHS,1066,728,,,1
BGD,Dhaka before 2015,2685499,Antenatal visits for pregnancy: 4+ visits,19.7,1,BD,Bangladesh,2007,BD2007DHS,RH_ANCN_W_N4P,83403040,I,360005,1360050,Region,Dhaka before 2015,14001,Five years preceding the survey,0,0,RHANCNWN4P,BDDHS2007360005,2007,DHS,1556,1051,,,1
BGD,Dhaka before 2015,6353093,Antenatal visits for pregnancy: 4+ visits,23.1,1,BD,Bangladesh,2007,BD2007DHS,RH_ANCN_W_N4P,83403040,I,360005,1360050,Region,Dhaka before 2015,14002,Two years preceding the survey,0,1,RHANCNWN4P,BDDHS2007360005,2007,DHS,729,498,,,1
BGD,Khulna,3338459,Antenatal visits for pregnancy: 4+ visits,27.9,1,BD,Bangladesh,2007,BD2007DHS,RH_ANCN_W_N4P,83403040,I,360006,1360060,Region,Khulna,14000,Three years preceding the survey,0,0,RHANCNWN4P,BDDHS2007360006,2007,DHS,315,400,,,1
BGD,Khulna,76174,Antenatal visits for pregnancy: 4+ visits,25.1,1,BD,Bangladesh,2007,BD2007DHS,RH_ANCN_W_N4P,83403040,I,360006,1360060,Region,Khulna,14001,Five years preceding the survey,0,0,RHANCNWN4P,BDDHS2007360006,2007,DHS,503,623,,,1
BGD,Khulna,4395590,Antenatal visits for pregnancy: 4+ visits,29.6,1,BD,Bangladesh,2007,BD2007DHS,RH_ANCN_W_N4P,83403040,I,360006,1360060,Region,Khulna,14002,Two years preceding the survey,0,1,RHANCNWN4P,BDDHS2007360006,2007,DHS,193,256,,,1
BGD,Rajshahi/Rangpur,2210909,Antenatal visits for pregnancy: 4+ visits,26.7,1,BD,Bangladesh,2007,BD2007DHS,RH_ANCN_W_N4P,83403040,I,360007,1360070,Region,Rajshahi/Rangpur,14000,Three years preceding the survey,0,0,RHANCNWN4P,BDDHS2007360007,2007,DHS,759,570,,,1
BGD,Rajshahi/Rangpur,2210970,Antenatal visits for pregnancy: 4+ visits,24.7,1,BD,Bangladesh,2007,BD2007DHS,RH_ANCN_W_N4P,83403040,I,360007,1360070,Region,Rajshahi/Rangpur,14001,Five years preceding the survey,0,0,RHANCNWN4P,BDDHS2007360007,2007,DHS,1118,829,,,1
BGD,Rajshahi/Rangpur,6324663,Antenatal visits for pregnancy: 4+ visits,27.7,1,BD,Bangladesh,2007,BD2007DHS,RH_ANCN_W_N4P,83403040,I,360007,1360070,Region,Rajshahi/Rangpur,14002,Two years preceding the survey,0,1,RHANCNWN4P,BDDHS2007360007,2007,DHS,522,387,,,1
BGD,Barishal,4666768,Assistance during delivery from a skilled provider,15,1,BD,Bangladesh,2007,BD2007DHS,RH_DELA_C_SKP,83606110,I,360001,1360010,Region,Barishal,14000,Three years preceding the survey,0,0,RHDELACSKP,BDDHS2007360001,2007,DHS,219,448,,,1
BGD,Barishal,5666906,Assistance during delivery from a skilled provider,13.4,1,BD,Bangladesh,2007,BD2007DHS,RH_DELA_C_SKP,83606110,I,360001,1360010,Region,Barishal,14001,Five years preceding the survey,0,0,RHDELACSKP,BDDHS2007360001,2007,DHS,383,791,,,1
BGD,Barishal,7104471,Assistance during delivery from a skilled provider,14.7,1,BD,Bangladesh,2007,BD2007DHS,RH_DELA_C_SKP,83606110,I,360001,1360010,Region,Barishal,14002,Two years preceding the survey,0,1,RHDELACSKP,BDDHS2007360001,2007,DHS,137,279,,,1
BGD,Chattogram/Sylhet,4592487,Assistance during delivery from a skilled provider,18.9,1,BD,Bangladesh,2007,BD2007DHS,RH_DELA_C_SKP,83606110,I,360002,1360020,Region,Chattogram/Sylhet,14000,Three years preceding the survey,0,0,RHDELACSKP,BDDHS2007360002,2007,DHS,1117,1412,,,
BGD,Chattogram/Sylhet,6790624,Assistance during delivery from a skilled provider,16.3,1,BD,Bangladesh,2007,BD2007DHS,RH_DELA_C_SKP,83606110,I,360002,1360020,Region,Chattogram/Sylhet,14001,Five years preceding the survey,0,0,RHDELACSKP,BDDHS2007360002,2007,DHS,1884,2393,,,
BGD,Chattogram/Sylhet,6071125,Assistance during delivery from a skilled provider,20.5,1,BD,Bangladesh,2007,BD2007DHS,RH_DELA_C_SKP,83606110,I,360002,1360020,Region,Chattogram/Sylhet,14002,Two years preceding the survey,0,1,RHDELACSKP,BDDHS2007360002,2007,DHS,744,935,,,
BGD,Chattogram,4892341,Assistance during delivery from a skilled provider,21.1,1,BD,Bangladesh,2007,BD2007DHS,RH_DELA_C_SKP,83606110,I,360003,1360030,Region,..Chattogram,14000,Three years preceding the survey,0,0,RHDELACSKP,BDDHS2007360003,2007,DHS,798,762,,,1
BGD,Chattogram,6494267,Assistance during delivery from a skilled provider,18.5,1,BD,Bangladesh,2007,BD2007DHS,RH_DELA_C_SKP,83606110,I,360003,1360030,Region,..Chattogram,14001,Five years preceding the survey,0,0,RHDELACSKP,BDDHS2007360003,2007,DHS,1337,1275,,,1
BGD,Chattogram,3899781,Assistance during delivery from a skilled provider,22.1,1,BD,Bangladesh,2007,BD2007DHS,RH_DELA_C_SKP,83606110,I,360003,1360030,Region,..Chattogram,14002,Two years preceding the survey,0,1,RHDELACSKP,BDDHS2007360003,2007,DHS,543,517,,,1
BGD,Sylhet,5285052,Assistance during delivery from a skilled provider,13.2,1,BD,Bangladesh,2007,BD2007DHS,RH_DELA_C_SKP,83606110,I,360004,1360040,Region,..Sylhet,14000,Three years preceding the survey,0,0,RHDELACSKP,BDDHS2007360004,2007,DHS,319,650,,,1
BGD,Sylhet,3201217,Assistance during delivery from a skilled provider,10.9,1,BD,Bangladesh,2007,BD2007DHS,RH_DELA_C_SKP,83606110,I,360004,1360040,Region,..Sylhet,14001,Five years preceding the survey,0,0,RHDELACSKP,BDDHS2007360004,2007,DHS,547,1118,,,1
BGD,Sylhet,3708698,Assistance during delivery from a skilled provider,16.1,1,BD,Bangladesh,2007,BD2007DHS,RH_DELA_C_SKP,83606110,I,360004,1360040,Region,..Sylhet,14002,Two years preceding the survey,0,1,RHDELACSKP,BDDHS2007360004,2007,DHS,201,418,,,1
BGD,Dhaka before 2015,6118898,Assistance during delivery from a skilled provider,23.3,1,BD,Bangladesh,2007,BD2007DHS,RH_DELA_C_SKP,83606110,I,360005,1360050,Region,Dhaka before 2015,14000,Three years preceding the survey,0,0,RHDELACSKP,BDDHS2007360005,2007,DHS,1132,771,,,1
BGD,Dhaka before 2015,7042527,Assistance during delivery from a skilled provider,19.9,1,BD,Bangladesh,2007,BD2007DHS,RH_DELA_C_SKP,83606110,I,360005,1360050,Region,Dhaka before 2015,14001,Five years preceding the survey,0,0,RHDELACSKP,BDDHS2007360005,2007,DHS,1908,1285,,,1
BGD,Dhaka before 2015,3914102,Assistance during delivery from a skilled provider,25.9,1,BD,Bangladesh,2007,BD2007DHS,RH_DELA_C_SKP,83606110,I,360005,1360050,Region,Dhaka before 2015,14002,Two years preceding the survey,0,1,RHDELACSKP,BDDHS2007360005,2007,DHS,746,509,,,1
BGD,Khulna,657889,Assistance during delivery from a skilled provider,31.5,1,BD,Bangladesh,2007,BD2007DHS,RH_DELA_C_SKP,83606110,I,360006,1360060,Region,Khulna,14000,Three years preceding the survey,0,0,RHDELACSKP,BDDHS2007360006,2007,DHS,328,417,,,1
BGD,Khulna,767750,Assistance during delivery from a skilled provider,26.7,1,BD,Bangladesh,2007,BD2007DHS,RH_DELA_C_SKP,83606110,I,360006,1360060,Region,Khulna,14001,Five years preceding the survey,0,0,RHDELACSKP,BDDHS2007360006,2007,DHS,578,714,,,1
BGD,Khulna,4945304,Assistance during delivery from a skilled provider,35,1,BD,Bangladesh,2007,BD2007DHS,RH_DELA_C_SKP,83606110,I,360006,1360060,Region,Khulna,14002,Two years preceding the survey,0,1,RHDELACSKP,BDDHS2007360006,2007,DHS,194,258,,,1
BGD,Rajshahi/Rangpur,6375039,Assistance during delivery from a skilled provider,18.1,1,BD,Bangladesh,2007,BD2007DHS,RH_DELA_C_SKP,83606110,I,360007,1360070,Region,Rajshahi/Rangpur,14000,Three years preceding the survey,0,0,RHDELACSKP,BDDHS2007360007,2007,DHS,792,595,,,1
BGD,Rajshahi/Rangpur,4135299,Assistance during delivery from a skilled provider,15.4,1,BD,Bangladesh,2007,BD2007DHS,RH_DELA_C_SKP,83606110,I,360007,1360070,Region,Rajshahi/Rangpur,14001,Five years preceding the survey,0,0,RHDELACSKP,BDDHS2007360007,2007,DHS,1306,967,,,1
BGD,Rajshahi/Rangpur,328429,Assistance during delivery from a skilled provider,19.4,1,BD,Bangladesh,2007,BD2007DHS,RH_DELA_C_SKP,83606110,I,360007,1360070,Region,Rajshahi/Rangpur,14002,Two years preceding the survey,0,1,RHDELACSKP,BDDHS2007360007,2007,DHS,526,390,,,1
BGD,Barishal,6422211,Children underweight,45.6,1,BD,Bangladesh,2007,BD2007DHS,CN_NUTS_C_WA2,104236090,I,360001,1360010,Region,Barishal,0,,0,1,CNNUTSCWA2,BDDHS2007360001,2007,DHS,340,711,,,1
BGD,Chattogram/Sylhet,3233164,Children underweight,41.7,1,BD,Bangladesh,2007,BD2007DHS,CN_NUTS_C_WA2,104236090,I,360002,1360020,Region,Chattogram/Sylhet,0,,0,1,CNNUTSCWA2,BDDHS2007360002,2007,DHS,1601,2048,,,
BGD,Chattogram,4980738,Children underweight,41.6,1,BD,Bangladesh,2007,BD2007DHS,CN_NUTS_C_WA2,104236090,I,360003,1360030,Region,..Chattogram,0,,0,1,CNNUTSCWA2,BDDHS2007360003,2007,DHS,1153,1117,,,1
BGD,Sylhet,7871660,Children underweight,42.1,1,BD,Bangladesh,2007,BD2007DHS,CN_NUTS_C_WA2,104236090,I,360004,1360040,Region,..Sylhet,0,,0,1,CNNUTSCWA2,BDDHS2007360004,2007,DHS,448,931,,,1
BGD,Dhaka before 2015,3186801,Children underweight,39.9,1,BD,Bangladesh,2007,BD2007DHS,CN_NUTS_C_WA2,104236090,I,360005,1360050,Region,Dhaka before 2015,0,,0,1,CNNUTSCWA2,BDDHS2007360005,2007,DHS,1671,1143,,,1
BGD,Khulna,7406842,Children underweight,34.1,1,BD,Bangladesh,2007,BD2007DHS,CN_NUTS_C_WA2,104236090,I,360006,1360060,Region,Khulna,0,,0,1,CNNUTSCWA2,BDDHS2007360006,2007,DHS,516,644,,,1
BGD,Rajshahi/Rangpur,4163360,Children underweight,43.3,1,BD,Bangladesh,2007,BD2007DHS,CN_NUTS_C_WA2,104236090,I,360007,1360070,Region,Rajshahi/Rangpur,0,,0,1,CNNUTSCWA2,BDDHS2007360007,2007,DHS,1183,877,,,1
BGD,Barishal,649908,Women who are literate,65.2,1,BD,Bangladesh,2007,BD2007DHS,ED_LITR_W_LIT,231233090,I,360001,1360010,Region,Barishal,0,,0,1,EDLITRWLIT,BDDHS2007360001,2007,DHS,662,1438,,,1
BGD,Chattogram/Sylhet,4346272,Women who are literate,54.9,1,BD,Bangladesh,2007,BD2007DHS,ED_LITR_W_LIT,231233090,I,360002,1360020,Region,Chattogram/Sylhet,0,,0,1,EDLITRWLIT,BDDHS2007360002,2007,DHS,2730,3427,,,
BGD,Chattogram,5867056,Women who are literate,57.3,1,BD,Bangladesh,2007,BD2007DHS,ED_LITR_W_LIT,231233090,I,360003,1360030,Region,..Chattogram,0,,0,1,EDLITRWLIT,BDDHS2007360003,2007,DHS,2023,1943,,,1
BGD,Sylhet,7872123,Women who are literate,48.1,1,BD,Bangladesh,2007,BD2007DHS,ED_LITR_W_LIT,231233090,I,360004,1360040,Region,..Sylhet,0,,0,1,EDLITRWLIT,BDDHS2007360004,2007,DHS,707,1484,,,1
BGD,Dhaka before 2015,110965,Women who are literate,53.4,1,BD,Bangladesh,2007,BD2007DHS,ED_LITR_W_LIT,231233090,I,360005,1360050,Region,Dhaka before 2015,0,,0,1,EDLITRWLIT,BDDHS2007360005,2007,DHS,3431,2340,,,1
BGD,Khulna,1851898,Women who are literate,57.3,1,BD,Bangladesh,2007,BD2007DHS,ED_LITR_W_LIT,231233090,I,360006,1360060,Region,Khulna,0,,0,1,EDLITRWLIT,BDDHS2007360006,2007,DHS,1396,1711,,,1
BGD,Rajshahi/Rangpur,5271070,Women who are literate,51.6,1,BD,Bangladesh,2007,BD2007DHS,ED_LITR_W_LIT,231233090,I,360007,1360070,Region,Rajshahi/Rangpur,0,,0,1,EDLITRWLIT,BDDHS2007360007,2007,DHS,2776,2080,,,1
BGD,Barishal,3213333,Men who are literate,61.7,1,BD,Bangladesh,2007,BD2007DHS,ED_LITR_M_LIT,231234200,I,360001,1360010,Region,Barishal,0,,0,1,EDLITRMLIT,BDDHS2007360001,2007,DHS,186,421,,,1
BGD,Chattogram/Sylhet,3549469,Men who are literate,57.1,1,BD,Bangladesh,2007,BD2007DHS,ED_LITR_M_LIT,231234200,I,360002,1360020,Region,Chattogram/Sylhet,0,,0,1,EDLITRMLIT,BDDHS2007360002,2007,DHS,719,940,,,
BGD,Chattogram,4336868,Men who are literate,59.1,1,BD,Bangladesh,2007,BD2007DHS,ED_LITR_M_LIT,231234200,I,360003,1360030,Region,..Chattogram,0,,0,1,EDLITRMLIT,BDDHS2007360003,2007,DHS,531,523,,,1
BGD,Sylhet,7847162,Men who are literate,51.4,1,BD,Bangladesh,2007,BD2007DHS,ED_LITR_M_LIT,231234200,I,360004,1360040,Region,..Sylhet,0,,0,1,EDLITRMLIT,BDDHS2007360004,2007,DHS,188,417,,,1
BGD,Dhaka before 2015,1867106,Men who are literate,53.3,1,BD,Bangladesh,2007,BD2007DHS,ED_LITR_M_LIT,231234200,I,360005,1360050,Region,Dhaka before 2015,0,,0,1,EDLITRMLIT,BDDHS2007360005,2007,DHS,977,644,,,1
BGD,Khulna,5345605,Men who are literate,58.3,1,BD,Bangladesh,2007,BD2007DHS,ED_LITR_M_LIT,231234200,I,360006,1360060,Region,Khulna,0,,0,1,EDLITRMLIT,BDDHS2007360006,2007,DHS,438,539,,,1
BGD,Rajshahi/Rangpur,6037309,Men who are literate,59.6,1,BD,Bangladesh,2007,BD2007DHS,ED_LITR_M_LIT,231234200,I,360007,1360070,Region,Rajshahi/Rangpur,0,,0,1,EDLITRMLIT,BDDHS2007360007,2007,DHS,907,687,,,1
BGD,Barishal,4441173,Population using an improved water source,96.8,1,BD,Bangladesh,2007,BD2007DHS,WS_SRCE_P_IMP,250162010,I,360001,1360010,Region,Barishal,0,,0,1,WSSRCEPIMP,BDDHS2007360001,2007,DHS,3087,6679,,,1
BGD,Chattogram/Sylhet,5580351,Population using an improved water source,95.8,1,BD,Bangladesh,2007,BD2007DHS,WS_SRCE_P_IMP,250162010,I,360002,1360020,Region,Chattogram/Sylhet,0,,0,1,WSSRCEPIMP,BDDHS2007360002,2007,DHS,13486,17323,,,
BGD,Chattogram,2870260,Population using an improved water source,96.9,1,BD,Bangladesh,2007,BD2007DHS,WS_SRCE_P_IMP,250162010,I,360003,1360030,Region,..Chattogram,0,,0,1,WSSRCEPIMP,BDDHS2007360003,2007,DHS,9767,9412,,,1
BGD,Sylhet,7848423,Population using an improved water source,92.9,1,BD,Bangladesh,2007,BD2007DHS,WS_SRCE_P_IMP,250162010,I,360004,1360040,Region,..Sylhet,0,,0,1,WSSRCEPIMP,BDDHS2007360004,2007,DHS,3719,7911,,,1
BGD,Dhaka before 2015,1097886,Population using an improved water source,99.1,1,BD,Bangladesh,2007,BD2007DHS,WS_SRCE_P_IMP,250162010,I,360005,1360050,Region,Dhaka before 2015,0,,0,1,WSSRCEPIMP,BDDHS2007360005,2007,DHS,15009,10408,,,1
BGD,Khulna,5259690,Population using an improved water source,90.6,1,BD,Bangladesh,2007,BD2007DHS,WS_SRCE_P_IMP,250162010,I,360006,1360060,Region,Khulna,0,,0,1,WSSRCEPIMP,BDDHS2007360006,2007,DHS,5831,7122,,,1
BGD,Rajshahi/Rangpur,6405092,Population using an improved water source,99,1,BD,Bangladesh,2007,BD2007DHS,WS_SRCE_P_IMP,250162010,I,360007,1360070,Region,Rajshahi/Rangpur,0,,0,1,WSSRCEPIMP,BDDHS2007360007,2007,DHS,11506,8683,,,1
BGD,Barishal,3790016,Population with an improved sanitation facility,42.8,1,BD,Bangladesh,2007,BD2007DHS,WS_TLET_P_IMP,250262010,I,360001,1360010,Region,Barishal,0,,0,1,WSTLETPIMP,BDDHS2007360001,2007,DHS,3087,6679,,,1
BGD,Chattogram/Sylhet,4205442,Population with an improved sanitation facility,44.3,1,BD,Bangladesh,2007,BD2007DHS,WS_TLET_P_IMP,250262010,I,360002,1360020,Region,Chattogram/Sylhet,0,,0,1,WSTLETPIMP,BDDHS2007360002,2007,DHS,13486,17323,,,
BGD,Chattogram,3559659,Population with an improved sanitation facility,45.9,1,BD,Bangladesh,2007,BD2007DHS,WS_TLET_P_IMP,250262010,I,360003,1360030,Region,..Chattogram,0,,0,1,WSTLETPIMP,BDDHS2007360003,2007,DHS,9767,9412,,,1
BGD,Sylhet,7872777,Population with an improved sanitation facility,40.2,1,BD,Bangladesh,2007,BD2007DHS,WS_TLET_P_IMP,250262010,I,360004,1360040,Region,..Sylhet,0,,0,1,WSTLETPIMP,BDDHS2007360004,2007,DHS,3719,7911,,,1
BGD,Dhaka before 2015,6958798,Population with an improved sanitation facility,40,1,BD,Bangladesh,2007,BD2007DHS,WS_TLET_P_IMP,250262010,I,360005,1360050,Region,Dhaka before 2015,0,,0,1,WSTLETPIMP,BDDHS2007360005,2007,DHS,15009,10408,,,1
BGD,Khulna,2956644,Population with an improved sanitation facility,44.7,1,BD,Bangladesh,2007,BD2007DHS,WS_TLET_P_IMP,250262010,I,360006,1360060,Region,Khulna,0,,0,1,WSTLETPIMP,BDDHS2007360006,2007,DHS,5831,7122,,,1
BGD,Rajshahi/Rangpur,3427344,Population with an improved sanitation facility,40.7,1,BD,Bangladesh,2007,BD2007DHS,WS_TLET_P_IMP,250262010,I,360007,1360070,Region,Rajshahi/Rangpur,0,,0,1,WSTLETPIMP,BDDHS2007360007,2007,DHS,11506,8683,,,1
BGD,Barishal,1810807,Age specific fertility rate: 15-19,115,0,BD,Bangladesh,2011,BD2011DHS,FE_FRTR_W_A15,11763010,I,360001,1360010,Region,Barishal,0,,0,1,FEFRTRWA15,BDDHS2011360001,2011,DHS,,,,,1
BGD,Chattogram/Sylhet,1804057,Age specific fertility rate: 15-19,109,0,BD,Bangladesh,2011,BD2011DHS,FE_FRTR_W_A15,11763010,I,360002,1360020,Region,Chattogram/Sylhet,0,,0,1,FEFRTRWA15,BDDHS2011360002,2011,DHS,,,,,
BGD,Chattogram,1804065,Age specific fertility rate: 15-19,116,0,BD,Bangladesh,2011,BD2011DHS,FE_FRTR_W_A15,11763010,I,360003,1360030,Region,..Chattogram,0,,0,1,FEFRTRWA15,BDDHS2011360003,2011,DHS,,,,,1
BGD,Sylhet,1804049,Age specific fertility rate: 15-19,89,0,BD,Bangladesh,2011,BD2011DHS,FE_FRTR_W_A15,11763010,I,360004,1360040,Region,..Sylhet,0,,0,1,FEFRTRWA15,BDDHS2011360004,2011,DHS,,,,,1
BGD,Dhaka before 2015,1817334,Age specific fertility rate: 15-19,117,0,BD,Bangladesh,2011,BD2011DHS,FE_FRTR_W_A15,11763010,I,360005,1360050,Region,Dhaka before 2015,0,,0,1,FEFRTRWA15,BDDHS2011360005,2011,DHS,,,,,1
BGD,Khulna,7210651,Age specific fertility rate: 15-19,116,0,BD,Bangladesh,2011,BD2011DHS,FE_FRTR_W_A15,11763010,I,360006,1360060,Region,Khulna,0,,0,1,FEFRTRWA15,BDDHS2011360006,2011,DHS,,,,,1
BGD,Rajshahi/Rangpur,4060136,Age specific fertility rate: 15-19,133,0,BD,Bangladesh,2011,BD2011DHS,FE_FRTR_W_A15,11763010,I,360007,1360070,Region,Rajshahi/Rangpur,0,,0,1,FEFRTRWA15,BDDHS2011360007,2011,DHS,,,,,
BGD,Rangpur,1796891,Age specific fertility rate: 15-19,143,0,BD,Bangladesh,2011,BD2011DHS,FE_FRTR_W_A15,11763010,I,360008,1360080,Region,..Rangpur,0,,0,1,FEFRTRWA15,BDDHS2011360008,2011,DHS,,,,,1
BGD,Rajshahi,1796967,Age specific fertility rate: 15-19,125,0,BD,Bangladesh,2011,BD2011DHS,FE_FRTR_W_A15,11763010,I,360009,1360090,Region,..Rajshahi,0,,0,1,FEFRTRWA15,BDDHS2011360009,2011,DHS,,,,,1
BGD,Barishal,3917830,Married women currently using any method of contraception,64.7,1,BD,Bangladesh,2011,BD2011DHS,FP_CUSM_W_ANY,32633010,I,360001,1360010,Region,Barishal,0,,0,1,FPCUSMWANY,BDDHS2011360001,2011,DHS,952,1948,,,1
BGD,Chattogram/Sylhet,1542502,Married women currently using any method of contraception,49.9,1,BD,Bangladesh,2011,BD2011DHS,FP_CUSM_W_ANY,32633010,I,360002,1360020,Region,Chattogram/Sylhet,0,,0,1,FPCUSMWANY,BDDHS2011360002,2011,DHS,3899,4590,,,
BGD,Chattogram,5584687,Married women currently using any method of contraception,51.4,1,BD,Bangladesh,2011,BD2011DHS,FP_CUSM_W_ANY,32633010,I,360003,1360030,Region,..Chattogram,0,,0,1,FPCUSMWANY,BDDHS2011360003,2011,DHS,3015,2689,,,1
BGD,Sylhet,6157330,Married women currently using any method of contraception,44.8,1,BD,Bangladesh,2011,BD2011DHS,FP_CUSM_W_ANY,32633010,I,360004,1360040,Region,..Sylhet,0,,0,1,FPCUSMWANY,BDDHS2011360004,2011,DHS,884,1901,,,1
BGD,Dhaka before 2015,5404475,Married women currently using any method of contraception,61,1,BD,Bangladesh,2011,BD2011DHS,FP_CUSM_W_ANY,32633010,I,360005,1360050,Region,Dhaka before 2015,0,,0,1,FPCUSMWANY,BDDHS2011360005,2011,DHS,5334,2844,,,1
BGD,Khulna,2645640,Married women currently using any method of contraception,66.7,1,BD,Bangladesh,2011,BD2011DHS,FP_CUSM_W_ANY,32633010,I,360006,1360060,Region,Khulna,0,,0,1,FPCUSMWANY,BDDHS2011360006,2011,DHS,1996,2462,,,1
BGD,Rajshahi/Rangpur,6898587,Married women currently using any method of contraception,68.2,1,BD,Bangladesh,2011,BD2011DHS,FP_CUSM_W_ANY,32633010,I,360007,1360070,Region,Rajshahi/Rangpur,0,,0,1,FPCUSMWANY,BDDHS2011360007,2011,DHS,4454,4772,,,
BGD,Rangpur,6486548,Married women currently using any method of contraception,69.4,1,BD,Bangladesh,2011,BD2011DHS,FP_CUSM_W_ANY,32633010,I,360008,1360080,Region,..Rangpur,0,,0,1,FPCUSMWANY,BDDHS2011360008,2011,DHS,1927,2309,,,1
BGD,Rajshahi,2986087,Married women currently using any method of contraception,67.3,1,BD,Bangladesh,2011,BD2011DHS,FP_CUSM_W_ANY,32633010,I,360009,1360090,Region,..Rajshahi,0,,0,1,FPCUSMWANY,BDDHS2011360009,2011,DHS,2526,2463,,,1
BGD,Barishal,2662355,Unmet need for family planning,12.1,1,BD,Bangladesh,2011,BD2011DHS,FP_NADM_W_UNT,32933030,I,360001,1360010,Region,Barishal,0,,0,1,FPNADMWUNT,BDDHS2011360001,2011,DHS,952,1948,,,1
BGD,Chattogram/Sylhet,4875517,Unmet need for family planning,19.9,1,BD,Bangladesh,2011,BD2011DHS,FP_NADM_W_UNT,32933030,I,360002,1360020,Region,Chattogram/Sylhet,0,,0,1,FPNADMWUNT,BDDHS2011360002,2011,DHS,3899,4590,,,
BGD,Chattogram,751702,Unmet need for family planning,20.7,1,BD,Bangladesh,2011,BD2011DHS,FP_NADM_W_UNT,32933030,I,360003,1360030,Region,..Chattogram,0,,0,1,FPNADMWUNT,BDDHS2011360003,2011,DHS,3015,2689,,,1
BGD,Sylhet,6363255,Unmet need for family planning,17.3,1,BD,Bangladesh,2011,BD2011DHS,FP_NADM_W_UNT,32933030,I,360004,1360040,Region,..Sylhet,0,,0,1,FPNADMWUNT,BDDHS2011360004,2011,DHS,884,1901,,,1
BGD,Dhaka before 2015,6024424,Unmet need for family planning,13,1,BD,Bangladesh,2011,BD2011DHS,FP_NADM_W_UNT,32933030,I,360005,1360050,Region,Dhaka before 2015,0,,0,1,FPNADMWUNT,BDDHS2011360005,2011,DHS,5334,2844,,,1
BGD,Khulna,2726183,Unmet need for family planning,9.5,1,BD,Bangladesh,2011,BD2011DHS,FP_NADM_W_UNT,32933030,I,360006,1360060,Region,Khulna,0,,0,1,FPNADMWUNT,BDDHS2011360006,2011,DHS,1996,2462,,,1
BGD,Rajshahi/Rangpur,6982051,Unmet need for family planning,10.4,1,BD,Bangladesh,2011,BD2011DHS,FP_NADM_W_UNT,32933030,I,360007,1360070,Region,Rajshahi/Rangpur,0,,0,1,FPNADMWUNT,BDDHS2011360007,2011,DHS,4454,4772,,,
BGD,Rangpur,1549178,Unmet need for family planning,9.7,1,BD,Bangladesh,2011,BD2011DHS,FP_NADM_W_UNT,32933030,I,360008,1360080,Region,..Rangpur,0,,0,1,FPNADMWUNT,BDDHS2011360008,2011,DHS,1927,2309,,,1
BGD,Rajshahi,4765161,Unmet need for family planning,11,1,BD,Bangladesh,2011,BD2011DHS,FP_NADM_W_UNT,32933030,I,360009,1360090,Region,..Rajshahi,0,,0,1,FPNADMWUNT,BDDHS2011360009,2011,DHS,2526,2463,,,1
BGD,Barishal,7619839,Infant mortality rate,45,0,BD,Bangladesh,2011,BD2011DHS,CM_ECMR_C_IMR,63206030,I,360001,1360010,Region,Barishal,14003,Ten years preceding the survey,0,1,CMECMRCIMR,BDDHS2011360001,2011,DHS,,,36,55,1
BGD,Chattogram/Sylhet,7462417,Infant mortality rate,49,0,BD,Bangladesh,2011,BD2011DHS,CM_ECMR_C_IMR,63206030,I,360002,1360020,Region,Chattogram/Sylhet,14003,Ten years preceding the survey,0,1,CMECMRCIMR,BDDHS2011360002,2011,DHS,,,42,55,
BGD,Chattogram,7906848,Infant mortality rate,43,0,BD,Bangladesh,2011,BD2011DHS,CM_ECMR_C_IMR,63206030,I,360003,1360030,Region,..Chattogram,14003,Ten years preceding the survey,0,1,CMECMRCIMR,BDDHS2011360003,2011,DHS,,,35,50,1
BGD,Sylhet,7459480,Infant mortality rate,66,0,BD,Bangladesh,2011,BD2011DHS,CM_ECMR_C_IMR,63206030,I,360004,1360040,Region,..Sylhet,14003,Ten years preceding the survey,0,1,CMECMRCIMR,BDDHS2011360004,2011,DHS,,,55,77,1
BGD,Dhaka before 2015,7852006,Infant mortality rate,49,0,BD,Bangladesh,2011,BD2011DHS,CM_ECMR_C_IMR,63206030,I,360005,1360050,Region,Dhaka before 2015,14003,Ten years preceding the survey,0,1,CMECMRCIMR,BDDHS2011360005,2011,DHS,,,41,58,1
BGD,Khulna,7464231,Infant mortality rate,42,0,BD,Bangladesh,2011,BD2011DHS,CM_ECMR_C_IMR,63206030,I,360006,1360060,Region,Khulna,14003,Ten years preceding the survey,0,1,CMECMRCIMR,BDDHS2011360006,2011,DHS,,,33,50,1
BGD,Rajshahi/Rangpur,7865243,Infant mortality rate,56,0,BD,Bangladesh,2011,BD2011DHS,CM_ECMR_C_IMR,63206030,I,360007,1360070,Region,Rajshahi/Rangpur,14003,Ten years preceding the survey,0,1,CMECMRCIMR,BDDHS2011360007,2011,DHS,,,48,65,
BGD,Rangpur,7650712,Infant mortality rate,50,0,BD,Bangladesh,2011,BD2011DHS,CM_ECMR_C_IMR,63206030,I,360008,1360080,Region,..Rangpur,14003,Ten years preceding the survey,0,1,CMECMRCIMR,BDDHS2011360008,2011,DHS,,,39,61,1
BGD,Rajshahi,1729659,Infant mortality rate,62,0,BD,Bangladesh,2011,BD2011DHS,CM_ECMR_C_IMR,63206030,I,360009,1360090,Region,..Rajshahi,14003,Ten years preceding the survey,0,1,CMECMRCIMR,BDDHS2011360009,2011,DHS,,,48,75,1
BGD,Barishal,7899113,Under-five mortality rate,62,0,BD,Bangladesh,2011,BD2011DHS,CM_ECMR_C_U5M,63206050,I,360001,1360010,Region,Barishal,14003,Ten years preceding the survey,0,1,CMECMRCU5M,BDDHS2011360001,2011,DHS,,,52,73,1
BGD,Chattogram/Sylhet,7858894,Under-five mortality rate,68,0,BD,Bangladesh,2011,BD2011DHS,CM_ECMR_C_U5M,63206050,I,360002,1360020,Region,Chattogram/Sylhet,14003,Ten years preceding the survey,0,1,CMECMRCU5M,BDDHS2011360002,2011,DHS,,,59,77,
BGD,Chattogram,1723356,Under-five mortality rate,63,0,BD,Bangladesh,2011,BD2011DHS,CM_ECMR_C_U5M,63206050,I,360003,1360030,Region,..Chattogram,14003,Ten years preceding the survey,0,1,CMECMRCU5M,BDDHS2011360003,2011,DHS,,,52,75,1
BGD,Sylhet,7697221,Under-five mortality rate,80,0,BD,Bangladesh,2011,BD2011DHS,CM_ECMR_C_U5M,63206050,I,360004,1360040,Region,..Sylhet,14003,Ten years preceding the survey,0,1,CMECMRCU5M,BDDHS2011360004,2011,DHS,,,69,91,1
BGD,Dhaka before 2015,1740972,Under-five mortality rate,62,0,BD,Bangladesh,2011,BD2011DHS,CM_ECMR_C_U5M,63206050,I,360005,1360050,Region,Dhaka before 2015,14003,Ten years preceding the survey,0,1,CMECMRCU5M,BDDHS2011360005,2011,DHS,,,53,72,1
BGD,Khulna,7539712,Under-five mortality rate,47,0,BD,Bangladesh,2011,BD2011DHS,CM_ECMR_C_U5M,63206050,I,360006,1360060,Region,Khulna,14003,Ten years preceding the survey,0,1,CMECMRCU5M,BDDHS2011360006,2011,DHS,,,39,56,1
BGD,Rajshahi/Rangpur,7450229,Under-five mortality rate,67,0,BD,Bangladesh,2011,BD2011DHS,CM_ECMR_C_U5M,63206050,I,360007,1360070,Region,Rajshahi/Rangpur,14003,Ten years preceding the survey,0,1,CMECMRCU5M,BDDHS2011360007,2011,DHS,,,58,76,
BGD,Rangpur,7822589,Under-five mortality rate,59,0,BD,Bangladesh,2011,BD2011DHS,CM_ECMR_C_U5M,63206050,I,360008,1360080,Region,..Rangpur,14003,Ten years preceding the survey,0,1,CMECMRCU5M,BDDHS2011360008,2011,DHS,,,48,70,1
BGD,Rajshahi,7976426,Under-five mortality rate,74,0,BD,Bangladesh,2011,BD2011DHS,CM_ECMR_C_U5M,63206050,I,360009,1360090,Region,..Rajshahi,14003,Ten years preceding the survey,0,1,CMECMRCU5M,BDDHS2011360009,2011,DHS,,,61,87,1
BGD,Barishal,2211574,Antenatal care from a skilled provider,50.8,1,BD,Bangladesh,2011,BD2011DHS,RH_ANCP_W_SKP,83363120,I,360001,1360010,Region,Barishal,14000,Three years preceding the survey,0,0,RHANCPWSKP,BDDHS2011360001,2011,DHS,260,525,,,1
BGD,Barishal,7148597,Antenatal care from a skilled provider,46.9,1,BD,Bangladesh,2011,BD2011DHS,RH_ANCP_W_SKP,83363120,I,360001,1360010,Region,Barishal,14001,Five years preceding the survey,0,0,RHANCPWSKP,BDDHS2011360001,2011,DHS,429,855,,,1
BGD,Barishal,4086553,Antenatal care from a skilled provider,52.9,1,BD,Bangladesh,2011,BD2011DHS,RH_ANCP_W_SKP,83363120,I,360001,1360010,Region,Barishal,14002,Two years preceding the survey,0,1,RHANCPWSKP,BDDHS2011360001,2011,DHS,177,356,,,1
BGD,Chattogram/Sylhet,494247,Antenatal care from a skilled provider,53.1,1,BD,Bangladesh,2011,BD2011DHS,RH_ANCP_W_SKP,83363120,I,360002,1360020,Region,Chattogram/Sylhet,14000,Three years preceding the survey,0,0,RHANCPWSKP,BDDHS2011360002,2011,DHS,1425,1652,,,
BGD,Chattogram/Sylhet,2217651,Antenatal care from a skilled provider,51,1,BD,Bangladesh,2011,BD2011DHS,RH_ANCP_W_SKP,83363120,I,360002,1360020,Region,Chattogram/Sylhet,14001,Five years preceding the survey,0,0,RHANCPWSKP,BDDHS2011360002,2011,DHS,2095,2451,,,
BGD,Chattogram/Sylhet,6769207,Antenatal care from a skilled provider,53,1,BD,Bangladesh,2011,BD2011DHS,RH_ANCP_W_SKP,83363120,I,360002,1360020,Region,Chattogram/Sylhet,14002,Two years preceding the survey,0,1,RHANCPWSKP,BDDHS2011360002,2011,DHS,1021,1162,,,
BGD,Chattogram,746670,Antenatal care from a skilled provider,55.1,1,BD,Bangladesh,2011,BD2011DHS,RH_ANCP_W_SKP,83363120,I,360003,1360030,Region,..Chattogram,14000,Three years preceding the survey,0,0,RHANCPWSKP,BDDHS2011360003,2011,DHS,1083,941,,,1
BGD,Chattogram,5419195,Antenatal care from a skilled provider,53,1,BD,Bangladesh,2011,BD2011DHS,RH_ANCP_W_SKP,83363120,I,360003,1360030,Region,..Chattogram,14001,Five years preceding the survey,0,0,RHANCPWSKP,BDDHS2011360003,2011,DHS,1589,1392,,,1
BGD,Chattogram,4152850,Antenatal care from a skilled provider,54.9,1,BD,Bangladesh,2011,BD2011DHS,RH_ANCP_W_SKP,83363120,I,360003,1360030,Region,..Chattogram,14002,Two years preceding the survey,0,1,RHANCPWSKP,BDDHS2011360003,2011,DHS,783,674,,,1
BGD,Sylhet,4531184,Antenatal care from a skilled provider,46.7,1,BD,Bangladesh,2011,BD2011DHS,RH_ANCP_W_SKP,83363120,I,360004,1360040,Region,..Sylhet,14000,Three years preceding the survey,0,0,RHANCPWSKP,BDDHS2011360004,2011,DHS,342,711,,,1
BGD,Sylhet,3685501,Antenatal care from a skilled provider,44.8,1,BD,Bangladesh,2011,BD2011DHS,RH_ANCP_W_SKP,83363120,I,360004,1360040,Region,..Sylhet,14001,Five years preceding the survey,0,0,RHANCPWSKP,BDDHS2011360004,2011,DHS,505,1059,,,1
BGD,Sylhet,6075977,Antenatal care from a skilled provider,46.8,1,BD,Bangladesh,2011,BD2011DHS,RH_ANCP_W_SKP,83363120,I,360004,1360040,Region,..Sylhet,14002,Two years preceding the survey,0,1,RHANCPWSKP,BDDHS2011360004,2011,DHS,238,488,,,1
BGD,Dhaka before 2015,3468011,Antenatal care from a skilled provider,54.5,1,BD,Bangladesh,2011,BD2011DHS,RH_ANCP_W_SKP,83363120,I,360005,1360050,Region,Dhaka before 2015,14000,Three years preceding the survey,0,0,RHANCPWSKP,BDDHS2011360005,2011,DHS,1418,752,,,1
BGD,Dhaka before 2015,4706009,Antenatal care from a skilled provider,51,1,BD,Bangladesh,2011,BD2011DHS,RH_ANCP_W_SKP,83363120,I,360005,1360050,Region,Dhaka before 2015,14001,Five years preceding the survey,0,0,RHANCPWSKP,BDDHS2011360005,2011,DHS,2312,1226,,,1
BGD,Dhaka before 2015,3884803,Antenatal care from a skilled provider,54.2,1,BD,Bangladesh,2011,BD2011DHS,RH_ANCP_W_SKP,83363120,I,360005,1360050,Region,Dhaka before 2015,14002,Two years preceding the survey,0,1,RHANCPWSKP,BDDHS2011360005,2011,DHS,988,525,,,1
BGD,Khulna,2702173,Antenatal care from a skilled provider,65.4,1,BD,Bangladesh,2011,BD2011DHS,RH_ANCP_W_SKP,83363120,I,360006,1360060,Region,Khulna,14000,Three years preceding the survey,0,0,RHANCPWSKP,BDDHS2011360006,2011,DHS,441,551,,,1
BGD,Khulna,6720881,Antenatal care from a skilled provider,60.9,1,BD,Bangladesh,2011,BD2011DHS,RH_ANCP_W_SKP,83363120,I,360006,1360060,Region,Khulna,14001,Five years preceding the survey,0,0,RHANCPWSKP,BDDHS2011360006,2011,DHS,712,876,,,1
BGD,Khulna,508567,Antenatal care from a skilled provider,66.3,1,BD,Bangladesh,2011,BD2011DHS,RH_ANCP_W_SKP,83363120,I,360006,1360060,Region,Khulna,14002,Two years preceding the survey,0,1,RHANCPWSKP,BDDHS2011360006,2011,DHS,305,386,,,1
BGD,Rajshahi/Rangpur,499932,Antenatal care from a skilled provider,53.2,1,BD,Bangladesh,2011,BD2011DHS,RH_ANCP_W_SKP,83363120,I,360007,1360070,Region,Rajshahi/Rangpur,14000,Three years preceding the survey,0,0,RHANCPWSKP,BDDHS2011360007,2011,DHS,1108,1181,,,
BGD,Rajshahi/Rangpur,2211619,Antenatal care from a skilled provider,51.2,1,BD,Bangladesh,2011,BD2011DHS,RH_ANCP_W_SKP,83363120,I,360007,1360070,Region,Rajshahi/Rangpur,14001,Five years preceding the survey,0,0,RHANCPWSKP,BDDHS2011360007,2011,DHS,1801,1906,,,
BGD,Rajshahi/Rangpur,3254654,Antenatal care from a skilled provider,55.3,1,BD,Bangladesh,2011,BD2011DHS,RH_ANCP_W_SKP,83363120,I,360007,1360070,Region,Rajshahi/Rangpur,14002,Two years preceding the survey,0,1,RHANCPWSKP,BDDHS2011360007,2011,DHS,773,821,,,
BGD,Rangpur,2206025,Antenatal care from a skilled provider,49.6,1,BD,Bangladesh,2011,BD2011DHS,RH_ANCP_W_SKP,83363120,I,360008,1360080,Region,..Rangpur,14000,Three years preceding the survey,0,0,RHANCPWSKP,BDDHS2011360008,2011,DHS,491,591,,,1
BGD,Rangpur,7235847,Antenatal care from a skilled provider,48.5,1,BD,Bangladesh,2011,BD2011DHS,RH_ANCP_W_SKP,83363120,I,360008,1360080,Region,..Rangpur,14001,Five years preceding the survey,0,0,RHANCPWSKP,BDDHS2011360008,2011,DHS,803,960,,,1
BGD,Rangpur,4284652,Antenatal care from a skilled provider,52.9,1,BD,Bangladesh,2011,BD2011DHS,RH_ANCP_W_SKP,83363120,I,360008,1360080,Region,..Rangpur,14002,Two years preceding the survey,0,1,RHANCPWSKP,BDDHS2011360008,2011,DHS,334,405,,,1
BGD,Rajshahi,6858318,Antenatal care from a skilled provider,56.1,1,BD,Bangladesh,2011,BD2011DHS,RH_ANCP_W_SKP,83363120,I,360009,1360090,Region,..Rajshahi,14000,Three years preceding the survey,0,0,RHANCPWSKP,BDDHS2011360009,2011,DHS,618,590,,,1
BGD,Rajshahi,2206060,Antenatal care from a skilled provider,53.2,1,BD,Bangladesh,2011,BD2011DHS,RH_ANCP_W_SKP,83363120,I,360009,1360090,Region,..Rajshahi,14001,Five years preceding the survey,0,0,RHANCPWSKP,BDDHS2011360009,2011,DHS,998,946,,,1
BGD,Rajshahi,5688634,Antenatal care from a skilled provider,57.1,1,BD,Bangladesh,2011,BD2011DHS,RH_ANCP_W_SKP,83363120,I,360009,1360090,Region,..Rajshahi,14002,Two years preceding the survey,0,1,RHANCPWSKP,BDDHS2011360009,2011,DHS,439,416,,,1
BGD,Barishal,6067351,Antenatal visits for pregnancy: 4+ visits,27,1,BD,Bangladesh,2011,BD2011DHS,RH_ANCN_W_N4P,83403040,I,360001,1360010,Region,Barishal,14000,Three years preceding the survey,0,0,RHANCNWN4P,BDDHS2011360001,2011,DHS,260,525,,,1
BGD,Barishal,6602445,Antenatal visits for pregnancy: 4+ visits,24.7,1,BD,Bangladesh,2011,BD2011DHS,RH_ANCN_W_N4P,83403040,I,360001,1360010,Region,Barishal,14001,Five years preceding the survey,0,0,RHANCNWN4P,BDDHS2011360001,2011,DHS,429,855,,,1
BGD,Barishal,5052621,Antenatal visits for pregnancy: 4+ visits,27,1,BD,Bangladesh,2011,BD2011DHS,RH_ANCN_W_N4P,83403040,I,360001,1360010,Region,Barishal,14002,Two years preceding the survey,0,1,RHANCNWN4P,BDDHS2011360001,2011,DHS,177,356,,,1
BGD,Chattogram/Sylhet,5251116,Antenatal visits for pregnancy: 4+ visits,19.2,1,BD,Bangladesh,2011,BD2011DHS,RH_ANCN_W_N4P,83403040,I,360002,1360020,Region,Chattogram/Sylhet,14000,Three years preceding the survey,0,0,RHANCNWN4P,BDDHS2011360002,2011,DHS,1425,1652,,,
BGD,Chattogram/Sylhet,3047174,Antenatal visits for pregnancy: 4+ visits,17.9,1,BD,Bangladesh,2011,BD2011DHS,RH_ANCN_W_N4P,83403040,I,360002,1360020,Region,Chattogram/Sylhet,14001,Five years preceding the survey,0,0,RHANCNWN4P,BDDHS2011360002,2011,DHS,2095,2451,,,
BGD,Chattogram/Sylhet,7313928,Antenatal visits for pregnancy: 4+ visits,20.7,1,BD,Bangladesh,2011,BD2011DHS,RH_ANCN_W_N4P,83403040,I,360002,1360020,Region,Chattogram/Sylhet,14002,Two years preceding the survey,0,1,RHANCNWN4P,BDDHS2011360002,2011,DHS,1021,1162,,,
BGD,Chattogram,2740118,Antenatal visits for pregnancy: 4+ visits,20.3,1,BD,Bangladesh,2011,BD2011DHS,RH_ANCN_W_N4P,83403040,I,360003,1360030,Region,..Chattogram,14000,Three years preceding the survey,0,0,RHANCNWN4P,BDDHS2011360003,2011,DHS,1083,941,,,1
BGD,Chattogram,7283707,Antenatal visits for pregnancy: 4+ visits,18.7,1,BD,Bangladesh,2011,BD2011DHS,RH_ANCN_W_N4P,83403040,I,360003,1360030,Region,..Chattogram,14001,Five years preceding the survey,0,0,RHANCNWN4P,BDDHS2011360003,2011,DHS,1589,1392,,,1
BGD,Chattogram,2217832,Antenatal visits for pregnancy: 4+ visits,21.8,1,BD,Bangladesh,2011,BD2011DHS,RH_ANCN_W_N4P,83403040,I,360003,1360030,Region,..Chattogram,14002,Two years preceding the survey,0,1,RHANCNWN4P,BDDHS2011360003,2011,DHS,783,674,,,1
BGD,Sylhet,6905923,Antenatal visits for pregnancy: 4+ visits,15.9,1,BD,Bangladesh,2011,BD2011DHS,RH_ANCN_W_N4P,83403040,I,360004,1360040,Region,..Sylhet,14000,Three years preceding the survey,0,0,RHANCNWN4P,BDDHS2011360004,2011,DHS,342,711,,,1
BGD,Sylhet,2217787,Antenatal visits for pregnancy: 4+ visits,15.7,1,BD,Bangladesh,2011,BD2011DHS,RH_ANCN_W_N4P,83403040,I,360004,1360040,Region,..Sylhet,14001,Five years preceding the survey,0,0,RHANCNWN4P,BDDHS2011360004,2011,DHS,505,1059,,,1
BGD,Sylhet,6047627,Antenatal visits for pregnancy: 4+ visits,17.3,1,BD,Bangladesh,2011,BD2011DHS,RH_ANCN_W_N4P,83403040,I,360004,1360040,Region,..Sylhet,14002,Two years preceding the survey,0,1,RHANCNWN4P,BDDHS2011360004,2011,DHS,238,488,,,1
BGD,Dhaka before 2015,6524043,Antenatal visits for pregnancy: 4+ visits,26.6,1,BD,Bangladesh,2011,BD2011DHS,RH_ANCN_W_N4P,83403040,I,360005,1360050,Region,Dhaka before 2015,14000,Three years preceding the survey,0,0,RHANCNWN4P,BDDHS2011360005,2011,DHS,1418,752,,,1
BGD,Dhaka before 2015,4913248,Antenatal visits for pregnancy: 4+ visits,25.6,1,BD,Bangladesh,2011,BD2011DHS,RH_ANCN_W_N4P,83403040,I,360005,1360050,Region,Dhaka before 2015,14001,Five years preceding the survey,0,0,RHANCNWN4P,BDDHS2011360005,2011,DHS,2312,1226,,,1
BGD,Dhaka before 2015,2222437,Antenatal visits for pregnancy: 4+ visits,27.9,1,BD,Bangladesh,2011,BD2011DHS,RH_ANCN_W_N4P,83403040,I,360005,1360050,Region,Dhaka before 2015,14002,Two years preceding the survey,0,1,RHANCNWN4P,BDDHS2011360005,2011,DHS,988,525,,,1
BGD,Khulna,4718887,Antenatal visits for pregnancy: 4+ visits,33.3,1,BD,Bangladesh,2011,BD2011DHS,RH_ANCN_W_N4P,83403040,I,360006,1360060,Region,Khulna,14000,Three years preceding the survey,0,0,RHANCNWN4P,BDDHS2011360006,2011,DHS,441,551,,,1
BGD,Khulna,740267,Antenatal visits for pregnancy: 4+ visits,28.4,1,BD,Bangladesh,2011,BD2011DHS,RH_ANCN_W_N4P,83403040,I,360006,1360060,Region,Khulna,14001,Five years preceding the survey,0,0,RHANCNWN4P,BDDHS2011360006,2011,DHS,712,876,,,1
BGD,Khulna,5425371,Antenatal visits for pregnancy: 4+ visits,33.6,1,BD,Bangladesh,2011,BD2011DHS,RH_ANCN_W_N4P,83403040,I,360006,1360060,Region,Khulna,14002,Two years preceding the survey,0,1,RHANCNWN4P,BDDHS2011360006,2011,DHS,305,386,,,1
BGD,Rajshahi/Rangpur,5928000,Antenatal visits for pregnancy: 4+ visits,28.9,1,BD,Bangladesh,2011,BD2011DHS,RH_ANCN_W_N4P,83403040,I,360007,1360070,Region,Rajshahi/Rangpur,14000,Three years preceding the survey,0,0,RHANCNWN4P,BDDHS2011360007,2011,DHS,1108,1181,,,
BGD,Rajshahi/Rangpur,4466862,Antenatal visits for pregnancy: 4+ visits,26.5,1,BD,Bangladesh,2011,BD2011DHS,RH_ANCN_W_N4P,83403040,I,360007,1360070,Region,Rajshahi/Rangpur,14001,Five years preceding the survey,0,0,RHANCNWN4P,BDDHS2011360007,2011,DHS,1801,1906,,,
BGD,Rajshahi/Rangpur,2211766,Antenatal visits for pregnancy: 4+ visits,30.9,1,BD,Bangladesh,2011,BD2011DHS,RH_ANCN_W_N4P,83403040,I,360007,1360070,Region,Rajshahi/Rangpur,14002,Two years preceding the survey,0,1,RHANCNWN4P,BDDHS2011360007,2011,DHS,773,821,,,
BGD,Rangpur,2206131,Antenatal visits for pregnancy: 4+ visits,38.4,1,BD,Bangladesh,2011,BD2011DHS,RH_ANCN_W_N4P,83403040,I,360008,1360080,Region,..Rangpur,14000,Three years preceding the survey,0,0,RHANCNWN4P,BDDHS2011360008,2011,DHS,491,591,,,1
BGD,Rangpur,5890851,Antenatal visits for pregnancy: 4+ visits,33.4,1,BD,Bangladesh,2011,BD2011DHS,RH_ANCN_W_N4P,83403040,I,360008,1360080,Region,..Rangpur,14001,Five years preceding the survey,0,0,RHANCNWN4P,BDDHS2011360008,2011,DHS,803,960,,,1
BGD,Rangpur,4855761,Antenatal visits for pregnancy: 4+ visits,41.8,1,BD,Bangladesh,2011,BD2011DHS,RH_ANCN_W_N4P,83403040,I,360008,1360080,Region,..Rangpur,14002,Two years preceding the survey,0,1,RHANCNWN4P,BDDHS2011360008,2011,DHS,334,405,,,1
BGD,Rajshahi,5750092,Antenatal visits for pregnancy: 4+ visits,21.4,1,BD,Bangladesh,2011,BD2011DHS,RH_ANCN_W_N4P,83403040,I,360009,1360090,Region,..Rajshahi,14000,Three years preceding the survey,0,0,RHANCNWN4P,BDDHS2011360009,2011,DHS,618,590,,,1
BGD,Rajshahi,2698361,Antenatal visits for pregnancy: 4+ visits,21,1,BD,Bangladesh,2011,BD2011DHS,RH_ANCN_W_N4P,83403040,I,360009,1360090,Region,..Rajshahi,14001,Five years preceding the survey,0,0,RHANCNWN4P,BDDHS2011360009,2011,DHS,998,946,,,1
BGD,Rajshahi,7353761,Antenatal visits for pregnancy: 4+ visits,22.7,1,BD,Bangladesh,2011,BD2011DHS,RH_ANCN_W_N4P,83403040,I,360009,1360090,Region,..Rajshahi,14002,Two years preceding the survey,0,1,RHANCNWN4P,BDDHS2011360009,2011,DHS,439,416,,,1
BGD,Barishal,2211912,Assistance during delivery from a skilled provider,28.4,1,BD,Bangladesh,2011,BD2011DHS,RH_DELA_C_SKP,83606110,I,360001,1360010,Region,Barishal,14000,Three years preceding the survey,0,0,RHDELACSKP,BDDHS2011360001,2011,DHS,273,551,,,1
BGD,Barishal,4435915,Assistance during delivery from a skilled provider,23.1,1,BD,Bangladesh,2011,BD2011DHS,RH_DELA_C_SKP,83606110,I,360001,1360010,Region,Barishal,14001,Five years preceding the survey,0,0,RHDELACSKP,BDDHS2011360001,2011,DHS,491,976,,,1
BGD,Barishal,3524960,Assistance during delivery from a skilled provider,29.9,1,BD,Bangladesh,2011,BD2011DHS,RH_DELA_C_SKP,83606110,I,360001,1360010,Region,Barishal,14002,Two years preceding the survey,0,1,RHDELACSKP,BDDHS2011360001,2011,DHS,180,362,,,1
BGD,Chattogram/Sylhet,7316365,Assistance during delivery from a skilled provider,27.8,1,BD,Bangladesh,2011,BD2011DHS,RH_DELA_C_SKP,83606110,I,360002,1360020,Region,Chattogram/Sylhet,14000,Three years preceding the survey,0,0,RHDELACSKP,BDDHS2011360002,2011,DHS,1551,1799,,,
BGD,Chattogram/Sylhet,5590644,Assistance during delivery from a skilled provider,24,1,BD,Bangladesh,2011,BD2011DHS,RH_DELA_C_SKP,83606110,I,360002,1360020,Region,Chattogram/Sylhet,14001,Five years preceding the survey,0,0,RHDELACSKP,BDDHS2011360002,2011,DHS,2699,3158,,,
BGD,Chattogram/Sylhet,690778,Assistance during delivery from a skilled provider,29.7,1,BD,Bangladesh,2011,BD2011DHS,RH_DELA_C_SKP,83606110,I,360002,1360020,Region,Chattogram/Sylhet,14002,Two years preceding the survey,0,1,RHDELACSKP,BDDHS2011360002,2011,DHS,1051,1196,,,
BGD,Chattogram,3409990,Assistance during delivery from a skilled provider,29,1,BD,Bangladesh,2011,BD2011DHS,RH_DELA_C_SKP,83606110,I,360003,1360030,Region,..Chattogram,14000,Three years preceding the survey,0,0,RHDELACSKP,BDDHS2011360003,2011,DHS,1176,1018,,,1
BGD,Chattogram,69338,Assistance during delivery from a skilled provider,24.8,1,BD,Bangladesh,2011,BD2011DHS,RH_DELA_C_SKP,83606110,I,360003,1360030,Region,..Chattogram,14001,Five years preceding the survey,0,0,RHDELACSKP,BDDHS2011360003,2011,DHS,2017,1749,,,1
BGD,Chattogram,6940824,Assistance during delivery from a skilled provider,31.2,1,BD,Bangladesh,2011,BD2011DHS,RH_DELA_C_SKP,83606110,I,360003,1360030,Region,..Chattogram,14002,Two years preceding the survey,0,1,RHDELACSKP,BDDHS2011360003,2011,DHS,806,694,,,1
BGD,Sylhet,5822466,Assistance during delivery from a skilled provider,24.2,1,BD,Bangladesh,2011,BD2011DHS,RH_DELA_C_SKP,83606110,I,360004,1360040,Region,..Sylhet,14000,Three years preceding the survey,0,0,RHDELACSKP,BDDHS2011360004,2011,DHS,375,781,,,1
BGD,Sylhet,837808,Assistance during delivery from a skilled provider,21.6,1,BD,Bangladesh,2011,BD2011DHS,RH_DELA_C_SKP,83606110,I,360004,1360040,Region,..Sylhet,14001,Five years preceding the survey,0,0,RHDELACSKP,BDDHS2011360004,2011,DHS,682,1409,,,1
BGD,Sylhet,3262712,Assistance during delivery from a skilled provider,24.8,1,BD,Bangladesh,2011,BD2011DHS,RH_DELA_C_SKP,83606110,I,360004,1360040,Region,..Sylhet,14002,Two years preceding the survey,0,1,RHDELACSKP,BDDHS2011360004,2011,DHS,245,502,,,1
BGD,Dhaka before 2015,5771031,Assistance during delivery from a skilled provider,31.4,1,BD,Bangladesh,2011,BD2011DHS,RH_DELA_C_SKP,83606110,I,360005,1360050,Region,Dhaka before 2015,14000,Three years preceding the survey,0,0,RHDELACSKP,BDDHS2011360005,2011,DHS,1510,801,,,1
BGD,Dhaka before 2015,6664208,Assistance during delivery from a skilled provider,28.1,1,BD,Bangladesh,2011,BD2011DHS,RH_DELA_C_SKP,83606110,I,360005,1360050,Region,Dhaka before 2015,14001,Five years preceding the survey,0,0,RHDELACSKP,BDDHS2011360005,2011,DHS,2727,1442,,,1
BGD,Dhaka before 2015,5139068,Assistance during delivery from a skilled provider,32.2,1,BD,Bangladesh,2011,BD2011DHS,RH_DELA_C_SKP,83606110,I,360005,1360050,Region,Dhaka before 2015,14002,Two years preceding the survey,0,1,RHDELACSKP,BDDHS2011360005,2011,DHS,1006,535,,,1
BGD,Khulna,5452567,Assistance during delivery from a skilled provider,48.6,1,BD,Bangladesh,2011,BD2011DHS,RH_DELA_C_SKP,83606110,I,360006,1360060,Region,Khulna,14000,Three years preceding the survey,0,0,RHDELACSKP,BDDHS2011360006,2011,DHS,463,578,,,1
BGD,Khulna,3964545,Assistance during delivery from a skilled provider,42.9,1,BD,Bangladesh,2011,BD2011DHS,RH_DELA_C_SKP,83606110,I,360006,1360060,Region,Khulna,14001,Five years preceding the survey,0,0,RHDELACSKP,BDDHS2011360006,2011,DHS,796,981,,,1
BGD,Khulna,7326678,Assistance during delivery from a skilled provider,51.7,1,BD,Bangladesh,2011,BD2011DHS,RH_DELA_C_SKP,83606110,I,360006,1360060,Region,Khulna,14002,Two years preceding the survey,0,1,RHDELACSKP,BDDHS2011360006,2011,DHS,314,397,,,1
BGD,Rajshahi/Rangpur,8117,Assistance during delivery from a skilled provider,29.9,1,BD,Bangladesh,2011,BD2011DHS,RH_DELA_C_SKP,83606110,I,360007,1360070,Region,Rajshahi/Rangpur,14000,Three years preceding the survey,0,0,RHDELACSKP,BDDHS2011360007,2011,DHS,1159,1235,,,
BGD,Rajshahi/Rangpur,7278872,Assistance during delivery from a skilled provider,26.1,1,BD,Bangladesh,2011,BD2011DHS,RH_DELA_C_SKP,83606110,I,360007,1360070,Region,Rajshahi/Rangpur,14001,Five years preceding the survey,0,0,RHDELACSKP,BDDHS2011360007,2011,DHS,2076,2185,,,
BGD,Rajshahi/Rangpur,4710855,Assistance during delivery from a skilled provider,31.2,1,BD,Bangladesh,2011,BD2011DHS,RH_DELA_C_SKP,83606110,I,360007,1360070,Region,Rajshahi/Rangpur,14002,Two years preceding the survey,0,1,RHDELACSKP,BDDHS2011360007,2011,DHS,793,842,,,
BGD,Rangpur,2617510,Assistance during delivery from a skilled provider,28.5,1,BD,Bangladesh,2011,BD2011DHS,RH_DELA_C_SKP,83606110,I,360008,1360080,Region,..Rangpur,14000,Three years preceding the survey,0,0,RHDELACSKP,BDDHS2011360008,2011,DHS,513,618,,,1
BGD,Rangpur,830012,Assistance during delivery from a skilled provider,25,1,BD,Bangladesh,2011,BD2011DHS,RH_DELA_C_SKP,83606110,I,360008,1360080,Region,..Rangpur,14001,Five years preceding the survey,0,0,RHDELACSKP,BDDHS2011360008,2011,DHS,926,1105,,,1
BGD,Rangpur,6139181,Assistance during delivery from a skilled provider,29.4,1,BD,Bangladesh,2011,BD2011DHS,RH_DELA_C_SKP,83606110,I,360008,1360080,Region,..Rangpur,14002,Two years preceding the survey,0,1,RHDELACSKP,BDDHS2011360008,2011,DHS,341,414,,,1
BGD,Rajshahi,6480785,Assistance during delivery from a skilled provider,30.9,1,BD,Bangladesh,2011,BD2011DHS,RH_DELA_C_SKP,83606110,I,360009,1360090,Region,..Rajshahi,14000,Three years preceding the survey,0,0,RHDELACSKP,BDDHS2011360009,2011,DHS,646,617,,,1
BGD,Rajshahi,4945291,Assistance during delivery from a skilled provider,26.9,1,BD,Bangladesh,2011,BD2011DHS,RH_DELA_C_SKP,83606110,I,360009,1360090,Region,..Rajshahi,14001,Five years preceding the survey,0,0,RHDELACSKP,BDDHS2011360009,2011,DHS,1150,1080,,,1
BGD,Rajshahi,3567089,Assistance during delivery from a skilled provider,32.5,1,BD,Bangladesh,2011,BD2011DHS,RH_DELA_C_SKP,83606110,I,360009,1360090,Region,..Rajshahi,14002,Two years preceding the survey,0,1,RHDELACSKP,BDDHS2011360009,2011,DHS,451,428,,,1
BGD,Barishal,6238604,Children underweight,40,1,BD,Bangladesh,2011,BD2011DHS,CN_NUTS_C_WA2,104236090,I,360001,1360010,Region,Barishal,0,,0,1,CNNUTSCWA2,BDDHS2011360001,2011,DHS,433,870,,,1
BGD,Chattogram/Sylhet,3161082,Children underweight,39.3,1,BD,Bangladesh,2011,BD2011DHS,CN_NUTS_C_WA2,104236090,I,360002,1360020,Region,Chattogram/Sylhet,0,,0,1,CNNUTSCWA2,BDDHS2011360002,2011,DHS,2369,2779,,,
BGD,Chattogram,6560530,Children underweight,37.4,1,BD,Bangladesh,2011,BD2011DHS,CN_NUTS_C_WA2,104236090,I,360003,1360030,Region,..Chattogram,0,,0,1,CNNUTSCWA2,BDDHS2011360003,2011,DHS,1773,1545,,,1
BGD,Sylhet,4067091,Children underweight,44.9,1,BD,Bangladesh,2011,BD2011DHS,CN_NUTS_C_WA2,104236090,I,360004,1360040,Region,..Sylhet,0,,0,1,CNNUTSCWA2,BDDHS2011360004,2011,DHS,596,1234,,,1
BGD,Dhaka before 2015,6980798,Children underweight,36.6,1,BD,Bangladesh,2011,BD2011DHS,CN_NUTS_C_WA2,104236090,I,360005,1360050,Region,Dhaka before 2015,0,,0,1,CNNUTSCWA2,BDDHS2011360005,2011,DHS,2469,1318,,,1
BGD,Khulna,3733738,Children underweight,29.1,1,BD,Bangladesh,2011,BD2011DHS,CN_NUTS_C_WA2,104236090,I,360006,1360060,Region,Khulna,0,,0,1,CNNUTSCWA2,BDDHS2011360006,2011,DHS,744,910,,,1
BGD,Rajshahi/Rangpur,3003535,Children underweight,34.3,1,BD,Bangladesh,2011,BD2011DHS,CN_NUTS_C_WA2,104236090,I,360007,1360070,Region,Rajshahi/Rangpur,0,,0,1,CNNUTSCWA2,BDDHS2011360007,2011,DHS,1845,1949,,,
BGD,Rangpur,7371257,Children underweight,34.5,1,BD,Bangladesh,2011,BD2011DHS,CN_NUTS_C_WA2,104236090,I,360008,1360080,Region,..Rangpur,0,,0,1,CNNUTSCWA2,BDDHS2011360008,2011,DHS,859,1014,,,1
BGD,Rajshahi,1282709,Children underweight,34.2,1,BD,Bangladesh,2011,BD2011DHS,CN_NUTS_C_WA2,104236090,I,360009,1360090,Region,..Rajshahi,0,,0,1,CNNUTSCWA2,BDDHS2011360009,2011,DHS,986,935,,,1
BGD,Barishal,1099485,Net primary school attendance rate: Female,89,1,BD,Bangladesh,2011,BD2011DHS,ED_NARP_W_FEM,231033020,I,360001,1360010,Region,Barishal,0,,0,1,EDNARPWFEM,BDDHS2011360001,2011,DHS,,,,,1
BGD,Chattogram/Sylhet,1115188,Net primary school attendance rate: Female,82.6,1,BD,Bangladesh,2011,BD2011DHS,ED_NARP_W_FEM,231033020,I,360002,1360020,Region,Chattogram/Sylhet,0,,0,1,EDNARPWFEM,BDDHS2011360002,2011,DHS,,,,,
BGD,Chattogram,1115176,Net primary school attendance rate: Female,81.4,1,BD,Bangladesh,2011,BD2011DHS,ED_NARP_W_FEM,231033020,I,360003,1360030,Region,..Chattogram,0,,0,1,EDNARPWFEM,BDDHS2011360003,2011,DHS,,,,,1
BGD,Sylhet,1115179,Net primary school attendance rate: Female,86.2,1,BD,Bangladesh,2011,BD2011DHS,ED_NARP_W_FEM,231033020,I,360004,1360040,Region,..Sylhet,0,,0,1,EDNARPWFEM,BDDHS2011360004,2011,DHS,,,,,1
BGD,Dhaka before 2015,1122247,Net primary school attendance rate: Female,82,1,BD,Bangladesh,2011,BD2011DHS,ED_NARP_W_FEM,231033020,I,360005,1360050,Region,Dhaka before 2015,0,,0,1,EDNARPWFEM,BDDHS2011360005,2011,DHS,,,,,1
BGD,Khulna,7210294,Net primary school attendance rate: Female,90.3,1,BD,Bangladesh,2011,BD2011DHS,ED_NARP_W_FEM,231033020,I,360006,1360060,Region,Khulna,0,,0,1,EDNARPWFEM,BDDHS2011360006,2011,DHS,,,,,1
BGD,Rajshahi/Rangpur,4058729,Net primary school attendance rate: Female,84.4,1,BD,Bangladesh,2011,BD2011DHS,ED_NARP_W_FEM,231033020,I,360007,1360070,Region,Rajshahi/Rangpur,0,,0,1,EDNARPWFEM,BDDHS2011360007,2011,DHS,,,,,
BGD,Rangpur,1107789,Net primary school attendance rate: Female,86.1,1,BD,Bangladesh,2011,BD2011DHS,ED_NARP_W_FEM,231033020,I,360008,1360080,Region,..Rangpur,0,,0,1,EDNARPWFEM,BDDHS2011360008,2011,DHS,,,,,1
BGD,Rajshahi,1107804,Net primary school attendance rate: Female,82.8,1,BD,Bangladesh,2011,BD2011DHS,ED_NARP_W_FEM,231033020,I,360009,1360090,Region,..Rajshahi,0,,0,1,EDNARPWFEM,BDDHS2011360009,2011,DHS,,,,,1
BGD,Barishal,1099500,Net primary school attendance rate: Male,83.3,1,BD,Bangladesh,2011,BD2011DHS,ED_NARP_M_MAL,231034010,I,360001,1360010,Region,Barishal,0,,0,1,EDNARPMMAL,BDDHS2011360001,2011,DHS,,,,,1
BGD,Chattogram/Sylhet,1115228,Net primary school attendance rate: Male,80.4,1,BD,Bangladesh,2011,BD2011DHS,ED_NARP_M_MAL,231034010,I,360002,1360020,Region,Chattogram/Sylhet,0,,0,1,EDNARPMMAL,BDDHS2011360002,2011,DHS,,,,,
BGD,Chattogram,1115177,Net primary school attendance rate: Male,79.3,1,BD,Bangladesh,2011,BD2011DHS,ED_NARP_M_MAL,231034010,I,360003,1360030,Region,..Chattogram,0,,0,1,EDNARPMMAL,BDDHS2011360003,2011,DHS,,,,,1
BGD,Sylhet,1115178,Net primary school attendance rate: Male,83.2,1,BD,Bangladesh,2011,BD2011DHS,ED_NARP_M_MAL,231034010,I,360004,1360040,Region,..Sylhet,0,,0,1,EDNARPMMAL,BDDHS2011360004,2011,DHS,,,,,1
BGD,Dhaka before 2015,1122263,Net primary school attendance rate: Male,76.3,1,BD,Bangladesh,2011,BD2011DHS,ED_NARP_M_MAL,231034010,I,360005,1360050,Region,Dhaka before 2015,0,,0,1,EDNARPMMAL,BDDHS2011360005,2011,DHS,,,,,1
BGD,Khulna,7210293,Net primary school attendance rate: Male,85.9,1,BD,Bangladesh,2011,BD2011DHS,ED_NARP_M_MAL,231034010,I,360006,1360060,Region,Khulna,0,,0,1,EDNARPMMAL,BDDHS2011360006,2011,DHS,,,,,1
BGD,Rajshahi/Rangpur,4058732,Net primary school attendance rate: Male,80.9,1,BD,Bangladesh,2011,BD2011DHS,ED_NARP_M_MAL,231034010,I,360007,1360070,Region,Rajshahi/Rangpur,0,,0,1,EDNARPMMAL,BDDHS2011360007,2011,DHS,,,,,
BGD,Rangpur,1107795,Net primary school attendance rate: Male,82.3,1,BD,Bangladesh,2011,BD2011DHS,ED_NARP_M_MAL,231034010,I,360008,1360080,Region,..Rangpur,0,,0,1,EDNARPMMAL,BDDHS2011360008,2011,DHS,,,,,1
BGD,Rajshahi,1107817,Net primary school attendance rate: Male,79.7,1,BD,Bangladesh,2011,BD2011DHS,ED_NARP_M_MAL,231034010,I,360009,1360090,Region,..Rajshahi,0,,0,1,EDNARPMMAL,BDDHS2011360009,2011,DHS,,,,,1
BGD,Barishal,1099499,Net primary school attendance rate: Total,86.2,1,BD,Bangladesh,2011,BD2011DHS,ED_NARP_B_BTH,231035030,I,360001,1360010,Region,Barishal,0,,0,1,EDNARPBBTH,BDDHS2011360001,2011,DHS,,,,,1
BGD,Chattogram/Sylhet,1115189,Net primary school attendance rate: Total,81.5,1,BD,Bangladesh,2011,BD2011DHS,ED_NARP_B_BTH,231035030,I,360002,1360020,Region,Chattogram/Sylhet,0,,0,1,EDNARPBBTH,BDDHS2011360002,2011,DHS,,,,,
BGD,Chattogram,1115175,Net primary school attendance rate: Total,80.4,1,BD,Bangladesh,2011,BD2011DHS,ED_NARP_B_BTH,231035030,I,360003,1360030,Region,..Chattogram,0,,0,1,EDNARPBBTH,BDDHS2011360003,2011,DHS,,,,,1
BGD,Sylhet,1115194,Net primary school attendance rate: Total,84.6,1,BD,Bangladesh,2011,BD2011DHS,ED_NARP_B_BTH,231035030,I,360004,1360040,Region,..Sylhet,0,,0,1,EDNARPBBTH,BDDHS2011360004,2011,DHS,,,,,1
BGD,Dhaka before 2015,1122246,Net primary school attendance rate: Total,79.1,1,BD,Bangladesh,2011,BD2011DHS,ED_NARP_B_BTH,231035030,I,360005,1360050,Region,Dhaka before 2015,0,,0,1,EDNARPBBTH,BDDHS2011360005,2011,DHS,,,,,1
BGD,Khulna,7210296,Net primary school attendance rate: Total,88.1,1,BD,Bangladesh,2011,BD2011DHS,ED_NARP_B_BTH,231035030,I,360006,1360060,Region,Khulna,0,,0,1,EDNARPBBTH,BDDHS2011360006,2011,DHS,,,,,1
BGD,Rajshahi/Rangpur,4058728,Net primary school attendance rate: Total,82.6,1,BD,Bangladesh,2011,BD2011DHS,ED_NARP_B_BTH,231035030,I,360007,1360070,Region,Rajshahi/Rangpur,0,,0,1,EDNARPBBTH,BDDHS2011360007,2011,DHS,,,,,
BGD,Rangpur,1107821,Net primary school attendance rate: Total,84.2,1,BD,Bangladesh,2011,BD2011DHS,ED_NARP_B_BTH,231035030,I,360008,1360080,Region,..Rangpur,0,,0,1,EDNARPBBTH,BDDHS2011360008,2011,DHS,,,,,1
BGD,Rajshahi,1107802,Net primary school attendance rate: Total,81.2,1,BD,Bangladesh,2011,BD2011DHS,ED_NARP_B_BTH,231035030,I,360009,1360090,Region,..Rajshahi,0,,0,1,EDNARPBBTH,BDDHS2011360009,2011,DHS,,,,,1
BGD,Barishal,1099486,Gender parity index for net primary school attendance,1.07,2,BD,Bangladesh,2011,BD2011DHS,ED_NARP_B_GPI,231035040,I,360001,1360010,Region,Barishal,0,,0,1,EDNARPBGPI,BDDHS2011360001,2011,DHS,,,,,1
BGD,Chattogram/Sylhet,1115192,Gender parity index for net primary school attendance,1.03,2,BD,Bangladesh,2011,BD2011DHS,ED_NARP_B_GPI,231035040,I,360002,1360020,Region,Chattogram/Sylhet,0,,0,1,EDNARPBGPI,BDDHS2011360002,2011,DHS,,,,,
BGD,Chattogram,1115198,Gender parity index for net primary school attendance,1.03,2,BD,Bangladesh,2011,BD2011DHS,ED_NARP_B_GPI,231035040,I,360003,1360030,Region,..Chattogram,0,,0,1,EDNARPBGPI,BDDHS2011360003,2011,DHS,,,,,1
BGD,Sylhet,1115180,Gender parity index for net primary school attendance,1.04,2,BD,Bangladesh,2011,BD2011DHS,ED_NARP_B_GPI,231035040,I,360004,1360040,Region,..Sylhet,0,,0,1,EDNARPBGPI,BDDHS2011360004,2011,DHS,,,,,1
BGD,Dhaka before 2015,1122262,Gender parity index for net primary school attendance,1.08,2,BD,Bangladesh,2011,BD2011DHS,ED_NARP_B_GPI,231035040,I,360005,1360050,Region,Dhaka before 2015,0,,0,1,EDNARPBGPI,BDDHS2011360005,2011,DHS,,,,,1
BGD,Khulna,7210295,Gender parity index for net primary school attendance,1.05,2,BD,Bangladesh,2011,BD2011DHS,ED_NARP_B_GPI,231035040,I,360006,1360060,Region,Khulna,0,,0,1,EDNARPBGPI,BDDHS2011360006,2011,DHS,,,,,1
BGD,Rajshahi/Rangpur,4058730,Gender parity index for net primary school attendance,1.04,2,BD,Bangladesh,2011,BD2011DHS,ED_NARP_B_GPI,231035040,I,360007,1360070,Region,Rajshahi/Rangpur,0,,0,1,EDNARPBGPI,BDDHS2011360007,2011,DHS,,,,,
BGD,Rangpur,1107823,Gender parity index for net primary school attendance,1.05,2,BD,Bangladesh,2011,BD2011DHS,ED_NARP_B_GPI,231035040,I,360008,1360080,Region,..Rangpur,0,,0,1,EDNARPBGPI,BDDHS2011360008,2011,DHS,,,,,1
BGD,Rajshahi,1107815,Gender parity index for net primary school attendance,1.04,2,BD,Bangladesh,2011,BD2011DHS,ED_NARP_B_GPI,231035040,I,360009,1360090,Region,..Rajshahi,0,,0,1,EDNARPBGPI,BDDHS2011360009,2011,DHS,,,,,1
BGD,Barishal,1099516,Gender parity index for net secondary school attendance,1.01,2,BD,Bangladesh,2011,BD2011DHS,ED_NARS_B_GPI,231105040,I,360001,1360010,Region,Barishal,0,,0,1,EDNARSBGPI,BDDHS2011360001,2011,DHS,,,,,1
BGD,Chattogram/Sylhet,1115237,Gender parity index for net secondary school attendance,1.12,2,BD,Bangladesh,2011,BD2011DHS,ED_NARS_B_GPI,231105040,I,360002,1360020,Region,Chattogram/Sylhet,0,,0,1,EDNARSBGPI,BDDHS2011360002,2011,DHS,,,,,
BGD,Chattogram,1115226,Gender parity index for net secondary school attendance,1.15,2,BD,Bangladesh,2011,BD2011DHS,ED_NARS_B_GPI,231105040,I,360003,1360030,Region,..Chattogram,0,,0,1,EDNARSBGPI,BDDHS2011360003,2011,DHS,,,,,1
BGD,Sylhet,1115219,Gender parity index for net secondary school attendance,1.04,2,BD,Bangladesh,2011,BD2011DHS,ED_NARS_B_GPI,231105040,I,360004,1360040,Region,..Sylhet,0,,0,1,EDNARSBGPI,BDDHS2011360004,2011,DHS,,,,,1
BGD,Dhaka before 2015,1122275,Gender parity index for net secondary school attendance,0.97,2,BD,Bangladesh,2011,BD2011DHS,ED_NARS_B_GPI,231105040,I,360005,1360050,Region,Dhaka before 2015,0,,0,1,EDNARSBGPI,BDDHS2011360005,2011,DHS,,,,,1
BGD,Khulna,7210306,Gender parity index for net secondary school attendance,1.05,2,BD,Bangladesh,2011,BD2011DHS,ED_NARS_B_GPI,231105040,I,360006,1360060,Region,Khulna,0,,0,1,EDNARSBGPI,BDDHS2011360006,2011,DHS,,,,,1
BGD,Rajshahi/Rangpur,4058737,Gender parity index for net secondary school attendance,1.01,2,BD,Bangladesh,2011,BD2011DHS,ED_NARS_B_GPI,231105040,I,360007,1360070,Region,Rajshahi/Rangpur,0,,0,1,EDNARSBGPI,BDDHS2011360007,2011,DHS,,,,,
BGD,Rangpur,1107827,Gender parity index for net secondary school attendance,1.05,2,BD,Bangladesh,2011,BD2011DHS,ED_NARS_B_GPI,231105040,I,360008,1360080,Region,..Rangpur,0,,0,1,EDNARSBGPI,BDDHS2011360008,2011,DHS,,,,,1
BGD,Rajshahi,1107820,Gender parity index for net secondary school attendance,0.99,2,BD,Bangladesh,2011,BD2011DHS,ED_NARS_B_GPI,231105040,I,360009,1360090,Region,..Rajshahi,0,,0,1,EDNARSBGPI,BDDHS2011360009,2011,DHS,,,,,1
BGD,Barishal,4165181,Women who are literate,72.5,1,BD,Bangladesh,2011,BD2011DHS,ED_LITR_W_LIT,231233090,I,360001,1360010,Region,Barishal,0,,0,1,EDLITRWLIT,BDDHS2011360001,2011,DHS,1002,2066,,,1
BGD,Chattogram/Sylhet,6419624,Women who are literate,65,1,BD,Bangladesh,2011,BD2011DHS,ED_LITR_W_LIT,231233090,I,360002,1360020,Region,Chattogram/Sylhet,0,,0,1,EDLITRWLIT,BDDHS2011360002,2011,DHS,4189,4959,,,
BGD,Chattogram,3684927,Women who are literate,67.3,1,BD,Bangladesh,2011,BD2011DHS,ED_LITR_W_LIT,231233090,I,360003,1360030,Region,..Chattogram,0,,0,1,EDLITRWLIT,BDDHS2011360003,2011,DHS,3222,2871,,,1
BGD,Sylhet,7025114,Women who are literate,57.3,1,BD,Bangladesh,2011,BD2011DHS,ED_LITR_W_LIT,231233090,I,360004,1360040,Region,..Sylhet,0,,0,1,EDLITRWLIT,BDDHS2011360004,2011,DHS,967,2088,,,1
BGD,Dhaka before 2015,3413382,Women who are literate,62.4,1,BD,Bangladesh,2011,BD2011DHS,ED_LITR_W_LIT,231233090,I,360005,1360050,Region,Dhaka before 2015,0,,0,1,EDLITRWLIT,BDDHS2011360005,2011,DHS,5736,3084,,,1
BGD,Khulna,4228868,Women who are literate,66.9,1,BD,Bangladesh,2011,BD2011DHS,ED_LITR_W_LIT,231233090,I,360006,1360060,Region,Khulna,0,,0,1,EDLITRWLIT,BDDHS2011360006,2011,DHS,2139,2656,,,1
BGD,Rajshahi/Rangpur,7416695,Women who are literate,57.9,1,BD,Bangladesh,2011,BD2011DHS,ED_LITR_W_LIT,231233090,I,360007,1360070,Region,Rajshahi/Rangpur,0,,0,1,EDLITRWLIT,BDDHS2011360007,2011,DHS,4684,5077,,,
BGD,Rangpur,1852102,Women who are literate,55.8,1,BD,Bangladesh,2011,BD2011DHS,ED_LITR_W_LIT,231233090,I,360008,1360080,Region,..Rangpur,0,,0,1,EDLITRWLIT,BDDHS2011360008,2011,DHS,2039,2469,,,1
BGD,Rajshahi,5370002,Women who are literate,59.4,1,BD,Bangladesh,2011,BD2011DHS,ED_LITR_W_LIT,231233090,I,360009,1360090,Region,..Rajshahi,0,,0,1,EDLITRWLIT,BDDHS2011360009,2011,DHS,2646,2608,,,1
BGD,Barishal,5210627,Men who are literate,70.1,1,BD,Bangladesh,2011,BD2011DHS,ED_LITR_M_LIT,231234200,I,360001,1360010,Region,Barishal,0,,0,1,EDLITRMLIT,BDDHS2011360001,2011,DHS,174,341,,,1
BGD,Chattogram/Sylhet,178012,Men who are literate,61.4,1,BD,Bangladesh,2011,BD2011DHS,ED_LITR_M_LIT,231234200,I,360002,1360020,Region,Chattogram/Sylhet,0,,0,1,EDLITRMLIT,BDDHS2011360002,2011,DHS,695,862,,,
BGD,Chattogram,2570857,Men who are literate,61.6,1,BD,Bangladesh,2011,BD2011DHS,ED_LITR_M_LIT,231234200,I,360003,1360030,Region,..Chattogram,0,,0,1,EDLITRMLIT,BDDHS2011360003,2011,DHS,519,478,,,1
BGD,Sylhet,2795246,Men who are literate,60.8,1,BD,Bangladesh,2011,BD2011DHS,ED_LITR_M_LIT,231234200,I,360004,1360040,Region,..Sylhet,0,,0,1,EDLITRMLIT,BDDHS2011360004,2011,DHS,175,384,,,1
BGD,Dhaka before 2015,4668326,Men who are literate,63.1,1,BD,Bangladesh,2011,BD2011DHS,ED_LITR_M_LIT,231234200,I,360005,1360050,Region,Dhaka before 2015,0,,0,1,EDLITRMLIT,BDDHS2011360005,2011,DHS,1095,586,,,1
BGD,Khulna,5889488,Men who are literate,68.6,1,BD,Bangladesh,2011,BD2011DHS,ED_LITR_M_LIT,231234200,I,360006,1360060,Region,Khulna,0,,0,1,EDLITRMLIT,BDDHS2011360006,2011,DHS,430,530,,,1
BGD,Rajshahi/Rangpur,110948,Men who are literate,59,1,BD,Bangladesh,2011,BD2011DHS,ED_LITR_M_LIT,231234200,I,360007,1360070,Region,Rajshahi/Rangpur,0,,0,1,EDLITRMLIT,BDDHS2011360007,2011,DHS,998,1063,,,
BGD,Rangpur,1852124,Men who are literate,57.7,1,BD,Bangladesh,2011,BD2011DHS,ED_LITR_M_LIT,231234200,I,360008,1360080,Region,..Rangpur,0,,0,1,EDLITRMLIT,BDDHS2011360008,2011,DHS,442,534,,,1
BGD,Rajshahi,1852183,Men who are literate,60.1,1,BD,Bangladesh,2011,BD2011DHS,ED_LITR_M_LIT,231234200,I,360009,1360090,Region,..Rajshahi,0,,0,1,EDLITRMLIT,BDDHS2011360009,2011,DHS,556,529,,,1
BGD,Barishal,5740605,Population using an improved water source,95.6,1,BD,Bangladesh,2011,BD2011DHS,WS_SRCE_P_IMP,250162010,I,360001,1360010,Region,Barishal,0,,0,1,WSSRCEPIMP,BDDHS2011360001,2011,DHS,4603,9263,,,1
BGD,Chattogram/Sylhet,2796523,Population using an improved water source,98.1,1,BD,Bangladesh,2011,BD2011DHS,WS_SRCE_P_IMP,250162010,I,360002,1360020,Region,Chattogram/Sylhet,0,,0,1,WSSRCEPIMP,BDDHS2011360002,2011,DHS,20521,24536,,,
BGD,Chattogram,4755813,Population using an improved water source,99.5,1,BD,Bangladesh,2011,BD2011DHS,WS_SRCE_P_IMP,250162010,I,360003,1360030,Region,..Chattogram,0,,0,1,WSSRCEPIMP,BDDHS2011360003,2011,DHS,15386,13549,,,1
BGD,Sylhet,2597271,Population using an improved water source,93.9,1,BD,Bangladesh,2011,BD2011DHS,WS_SRCE_P_IMP,250162010,I,360004,1360040,Region,..Sylhet,0,,0,1,WSSRCEPIMP,BDDHS2011360004,2011,DHS,5135,10987,,,1
BGD,Dhaka before 2015,4722766,Population using an improved water source,99.8,1,BD,Bangladesh,2011,BD2011DHS,WS_SRCE_P_IMP,250162010,I,360005,1360050,Region,Dhaka before 2015,0,,0,1,WSSRCEPIMP,BDDHS2011360005,2011,DHS,25126,13594,,,1
BGD,Khulna,5972567,Population using an improved water source,94.5,1,BD,Bangladesh,2011,BD2011DHS,WS_SRCE_P_IMP,250162010,I,360006,1360060,Region,Khulna,0,,0,1,WSSRCEPIMP,BDDHS2011360006,2011,DHS,8742,10712,,,1
BGD,Rajshahi/Rangpur,1098660,Population using an improved water source,99.8,1,BD,Bangladesh,2011,BD2011DHS,WS_SRCE_P_IMP,250162010,I,360007,1360070,Region,Rajshahi/Rangpur,0,,0,1,WSSRCEPIMP,BDDHS2011360007,2011,DHS,19917,21378,,,
BGD,Rangpur,5403749,Population using an improved water source,99.9,1,BD,Bangladesh,2011,BD2011DHS,WS_SRCE_P_IMP,250162010,I,360008,1360080,Region,..Rangpur,0,,0,1,WSSRCEPIMP,BDDHS2011360008,2011,DHS,8916,10716,,,1
BGD,Rajshahi,1106991,Population using an improved water source,99.7,1,BD,Bangladesh,2011,BD2011DHS,WS_SRCE_P_IMP,250162010,I,360009,1360090,Region,..Rajshahi,0,,0,1,WSSRCEPIMP,BDDHS2011360009,2011,DHS,11001,10662,,,1
BGD,Barishal,585289,Population with an improved sanitation facility,46.4,1,BD,Bangladesh,2011,BD2011DHS,WS_TLET_P_IMP,250262010,I,360001,1360010,Region,Barishal,0,,0,1,WSTLETPIMP,BDDHS2011360001,2011,DHS,4603,9263,,,1
BGD,Chattogram/Sylhet,6163138,Population with an improved sanitation facility,55.8,1,BD,Bangladesh,2011,BD2011DHS,WS_TLET_P_IMP,250262010,I,360002,1360020,Region,Chattogram/Sylhet,0,,0,1,WSTLETPIMP,BDDHS2011360002,2011,DHS,20521,24536,,,
BGD,Chattogram,375080,Population with an improved sanitation facility,57.8,1,BD,Bangladesh,2011,BD2011DHS,WS_TLET_P_IMP,250262010,I,360003,1360030,Region,..Chattogram,0,,0,1,WSTLETPIMP,BDDHS2011360003,2011,DHS,15386,13549,,,1
BGD,Sylhet,6911106,Population with an improved sanitation facility,49.8,1,BD,Bangladesh,2011,BD2011DHS,WS_TLET_P_IMP,250262010,I,360004,1360040,Region,..Sylhet,0,,0,1,WSTLETPIMP,BDDHS2011360004,2011,DHS,5135,10987,,,1
BGD,Dhaka before 2015,3046061,Population with an improved sanitation facility,54.7,1,BD,Bangladesh,2011,BD2011DHS,WS_TLET_P_IMP,250262010,I,360005,1360050,Region,Dhaka before 2015,0,,0,1,WSTLETPIMP,BDDHS2011360005,2011,DHS,25126,13594,,,1
BGD,Khulna,4717787,Population with an improved sanitation facility,56.9,1,BD,Bangladesh,2011,BD2011DHS,WS_TLET_P_IMP,250262010,I,360006,1360060,Region,Khulna,0,,0,1,WSTLETPIMP,BDDHS2011360006,2011,DHS,8742,10712,,,1
BGD,Rajshahi/Rangpur,7390995,Population with an improved sanitation facility,56.6,1,BD,Bangladesh,2011,BD2011DHS,WS_TLET_P_IMP,250262010,I,360007,1360070,Region,Rajshahi/Rangpur,0,,0,1,WSTLETPIMP,BDDHS2011360007,2011,DHS,19917,21378,,,
BGD,Rangpur,311601,Population with an improved sanitation facility,53,1,BD,Bangladesh,2011,BD2011DHS,WS_TLET_P_IMP,250262010,I,360008,1360080,Region,..Rangpur,0,,0,1,WSTLETPIMP,BDDHS2011360008,2011,DHS,8916,10716,,,1
BGD,Rajshahi,5483471,Population with an improved sanitation facility,59.6,1,BD,Bangladesh,2011,BD2011DHS,WS_TLET_P_IMP,250262010,I,360009,1360090,Region,..Rajshahi,0,,0,1,WSTLETPIMP,BDDHS2011360009,2011,DHS,11001,10662,,,1
BGD,Barishal,1804400,Age specific fertility rate: 15-19,100,0,BD,Bangladesh,2014,BD2014DHS,FE_FRTR_W_A15,11763010,I,360001,1360010,Region,Barishal,0,,0,1,FEFRTRWA15,BDDHS2014360001,2014,DHS,,,,,1
BGD,Chattogram/Sylhet,1811219,Age specific fertility rate: 15-19,110,0,BD,Bangladesh,2014,BD2014DHS,FE_FRTR_W_A15,11763010,I,360002,1360020,Region,Chattogram/Sylhet,0,,0,1,FEFRTRWA15,BDDHS2014360002,2014,DHS,,,,,
BGD,Chattogram,1804403,Age specific fertility rate: 15-19,117,0,BD,Bangladesh,2014,BD2014DHS,FE_FRTR_W_A15,11763010,I,360003,1360030,Region,..Chattogram,0,,0,1,FEFRTRWA15,BDDHS2014360003,2014,DHS,,,,,1
BGD,Sylhet,1797259,Age specific fertility rate: 15-19,93,0,BD,Bangladesh,2014,BD2014DHS,FE_FRTR_W_A15,11763010,I,360004,1360040,Region,..Sylhet,0,,0,1,FEFRTRWA15,BDDHS2014360004,2014,DHS,,,,,1
BGD,Dhaka before 2015,1811137,Age specific fertility rate: 15-19,113,0,BD,Bangladesh,2014,BD2014DHS,FE_FRTR_W_A15,11763010,I,360005,1360050,Region,Dhaka before 2015,0,,0,1,FEFRTRWA15,BDDHS2014360005,2014,DHS,,,,,1
BGD,Khulna,1804372,Age specific fertility rate: 15-19,118,0,BD,Bangladesh,2014,BD2014DHS,FE_FRTR_W_A15,11763010,I,360006,1360060,Region,Khulna,0,,0,1,FEFRTRWA15,BDDHS2014360006,2014,DHS,,,,,1
BGD,Rajshahi/Rangpur,1811156,Age specific fertility rate: 15-19,122,0,BD,Bangladesh,2014,BD2014DHS,FE_FRTR_W_A15,11763010,I,360007,1360070,Region,Rajshahi/Rangpur,0,,0,1,FEFRTRWA15,BDDHS2014360007,2014,DHS,,,,,
BGD,Rangpur,1817739,Age specific fertility rate: 15-19,118,0,BD,Bangladesh,2014,BD2014DHS,FE_FRTR_W_A15,11763010,I,360008,1360080,Region,..Rangpur,0,,0,1,FEFRTRWA15,BDDHS2014360008,2014,DHS,,,,,1
BGD,Rajshahi,1817747,Age specific fertility rate: 15-19,127,0,BD,Bangladesh,2014,BD2014DHS,FE_FRTR_W_A15,11763010,I,360009,1360090,Region,..Rajshahi,0,,0,1,FEFRTRWA15,BDDHS2014360009,2014,DHS,,,,,1
BGD,Barishal,4125530,Married women currently using any method of contraception,63.3,1,BD,Bangladesh,2014,BD2014DHS,FP_CUSM_W_ANY,32633010,I,360001,1360010,Region,Barishal,0,,0,1,FPCUSMWANY,BDDHS2014360001,2014,DHS,1051,2030,,,1
BGD,Chattogram/Sylhet,3210331,Married women currently using any method of contraception,53.1,1,BD,Bangladesh,2014,BD2014DHS,FP_CUSM_W_ANY,32633010,I,360002,1360020,Region,Chattogram/Sylhet,0,,0,1,FPCUSMWANY,BDDHS2014360002,2014,DHS,4269,4682,,,
BGD,Chattogram,775998,Married women currently using any method of contraception,55,1,BD,Bangladesh,2014,BD2014DHS,FP_CUSM_W_ANY,32633010,I,360003,1360030,Region,..Chattogram,0,,0,1,FPCUSMWANY,BDDHS2014360003,2014,DHS,3121,2707,,,1
BGD,Sylhet,5948366,Married women currently using any method of contraception,47.8,1,BD,Bangladesh,2014,BD2014DHS,FP_CUSM_W_ANY,32633010,I,360004,1360040,Region,..Sylhet,0,,0,1,FPCUSMWANY,BDDHS2014360004,2014,DHS,1147,1975,,,1
BGD,Dhaka before 2015,5790458,Married women currently using any method of contraception,63,1,BD,Bangladesh,2014,BD2014DHS,FP_CUSM_W_ANY,32633010,I,360005,1360050,Region,Dhaka before 2015,0,,0,1,FPCUSMWANY,BDDHS2014360005,2014,DHS,5857,2916,,,1
BGD,Khulna,1542543,Married women currently using any method of contraception,67.1,1,BD,Bangladesh,2014,BD2014DHS,FP_CUSM_W_ANY,32633010,I,360006,1360060,Region,Khulna,0,,0,1,FPCUSMWANY,BDDHS2014360006,2014,DHS,1729,2416,,,1
BGD,Rajshahi/Rangpur,33867,Married women currently using any method of contraception,69.6,1,BD,Bangladesh,2014,BD2014DHS,FP_CUSM_W_ANY,32633010,I,360007,1360070,Region,Rajshahi/Rangpur,0,,0,1,FPCUSMWANY,BDDHS2014360007,2014,DHS,3953,4786,,,
BGD,Rangpur,1556694,Married women currently using any method of contraception,69.8,1,BD,Bangladesh,2014,BD2014DHS,FP_CUSM_W_ANY,32633010,I,360008,1360080,Region,..Rangpur,0,,0,1,FPCUSMWANY,BDDHS2014360008,2014,DHS,1946,2397,,,1
BGD,Rajshahi,5553904,Married women currently using any method of contraception,69.4,1,BD,Bangladesh,2014,BD2014DHS,FP_CUSM_W_ANY,32633010,I,360009,1360090,Region,..Rajshahi,0,,0,1,FPCUSMWANY,BDDHS2014360009,2014,DHS,2007,2389,,,1
BGD,Barishal,3157726,Unmet need for family planning,11.3,1,BD,Bangladesh,2014,BD2014DHS,FP_NADM_W_UNT,32933030,I,360001,1360010,Region,Barishal,0,,0,1,FPNADMWUNT,BDDHS2014360001,2014,DHS,1051,2030,,,1
BGD,Chattogram/Sylhet,6621391,Unmet need for family planning,17.5,1,BD,Bangladesh,2014,BD2014DHS,FP_NADM_W_UNT,32933030,I,360002,1360020,Region,Chattogram/Sylhet,0,,0,1,FPNADMWUNT,BDDHS2014360002,2014,DHS,4269,4682,,,
BGD,Chattogram,1542609,Unmet need for family planning,17.4,1,BD,Bangladesh,2014,BD2014DHS,FP_NADM_W_UNT,32933030,I,360003,1360030,Region,..Chattogram,0,,0,1,FPNADMWUNT,BDDHS2014360003,2014,DHS,3121,2707,,,1
BGD,Sylhet,6833251,Unmet need for family planning,17.8,1,BD,Bangladesh,2014,BD2014DHS,FP_NADM_W_UNT,32933030,I,360004,1360040,Region,..Sylhet,0,,0,1,FPNADMWUNT,BDDHS2014360004,2014,DHS,1147,1975,,,1
BGD,Dhaka before 2015,2974280,Unmet need for family planning,12.1,1,BD,Bangladesh,2014,BD2014DHS,FP_NADM_W_UNT,32933030,I,360005,1360050,Region,Dhaka before 2015,0,,0,1,FPNADMWUNT,BDDHS2014360005,2014,DHS,5857,2916,,,1
BGD,Khulna,1542620,Unmet need for family planning,9.5,1,BD,Bangladesh,2014,BD2014DHS,FP_NADM_W_UNT,32933030,I,360006,1360060,Region,Khulna,0,,0,1,FPNADMWUNT,BDDHS2014360006,2014,DHS,1729,2416,,,1
BGD,Rajshahi/Rangpur,7177263,Unmet need for family planning,7.3,1,BD,Bangladesh,2014,BD2014DHS,FP_NADM_W_UNT,32933030,I,360007,1360070,Region,Rajshahi/Rangpur,0,,0,1,FPNADMWUNT,BDDHS2014360007,2014,DHS,3953,4786,,,
BGD,Rangpur,4705015,Unmet need for family planning,6.8,1,BD,Bangladesh,2014,BD2014DHS,FP_NADM_W_UNT,32933030,I,360008,1360080,Region,..Rangpur,0,,0,1,FPNADMWUNT,BDDHS2014360008,2014,DHS,1946,2397,,,1
BGD,Rajshahi,6608083,Unmet need for family planning,7.7,1,BD,Bangladesh,2014,BD2014DHS,FP_NADM_W_UNT,32933030,I,360009,1360090,Region,..Rajshahi,0,,0,1,FPNADMWUNT,BDDHS2014360009,2014,DHS,2007,2389,,,1
BGD,Barishal,1723579,Infant mortality rate,42,0,BD,Bangladesh,2014,BD2014DHS,CM_ECMR_C_IMR,63206030,I,360001,1360010,Region,Barishal,14003,Ten years preceding the survey,0,1,CMECMRCIMR,BDDHS2014360001,2014,DHS,,,32,52,1
BGD,Chattogram/Sylhet,7591054,Infant mortality rate,53,0,BD,Bangladesh,2014,BD2014DHS,CM_ECMR_C_IMR,63206030,I,360002,1360020,Region,Chattogram/Sylhet,14003,Ten years preceding the survey,0,1,CMECMRCIMR,BDDHS2014360002,2014,DHS,,,45,61,
BGD,Chattogram,1723652,Infant mortality rate,48,0,BD,Bangladesh,2014,BD2014DHS,CM_ECMR_C_IMR,63206030,I,360003,1360030,Region,..Chattogram,14003,Ten years preceding the survey,0,1,CMECMRCIMR,BDDHS2014360003,2014,DHS,,,37,59,1
BGD,Sylhet,7782598,Infant mortality rate,64,0,BD,Bangladesh,2014,BD2014DHS,CM_ECMR_C_IMR,63206030,I,360004,1360040,Region,..Sylhet,14003,Ten years preceding the survey,0,1,CMECMRCIMR,BDDHS2014360004,2014,DHS,,,54,74,1
BGD,Dhaka before 2015,7707319,Infant mortality rate,38,0,BD,Bangladesh,2014,BD2014DHS,CM_ECMR_C_IMR,63206030,I,360005,1360050,Region,Dhaka before 2015,14003,Ten years preceding the survey,0,1,CMECMRCIMR,BDDHS2014360005,2014,DHS,,,30,45,1
BGD,Khulna,7490810,Infant mortality rate,43,0,BD,Bangladesh,2014,BD2014DHS,CM_ECMR_C_IMR,63206030,I,360006,1360060,Region,Khulna,14003,Ten years preceding the survey,0,1,CMECMRCIMR,BDDHS2014360006,2014,DHS,,,33,53,1
BGD,Rajshahi/Rangpur,7687100,Infant mortality rate,42,0,BD,Bangladesh,2014,BD2014DHS,CM_ECMR_C_IMR,63206030,I,360007,1360070,Region,Rajshahi/Rangpur,14003,Ten years preceding the survey,0,1,CMECMRCIMR,BDDHS2014360007,2014,DHS,,,34,49,
BGD,Rangpur,7951406,Infant mortality rate,40,0,BD,Bangladesh,2014,BD2014DHS,CM_ECMR_C_IMR,63206030,I,360008,1360080,Region,..Rangpur,14003,Ten years preceding the survey,0,1,CMECMRCIMR,BDDHS2014360008,2014,DHS,,,28,53,1
BGD,Rajshahi,7913323,Infant mortality rate,43,0,BD,Bangladesh,2014,BD2014DHS,CM_ECMR_C_IMR,63206030,I,360009,1360090,Region,..Rajshahi,14003,Ten years preceding the survey,0,1,CMECMRCIMR,BDDHS2014360009,2014,DHS,,,33,52,1
BGD,Barishal,7691870,Under-five mortality rate,52,0,BD,Bangladesh,2014,BD2014DHS,CM_ECMR_C_U5M,63206050,I,360001,1360010,Region,Barishal,14003,Ten years preceding the survey,0,1,CMECMRCU5M,BDDHS2014360001,2014,DHS,,,42,62,1
BGD,Chattogram/Sylhet,1736326,Under-five mortality rate,67,0,BD,Bangladesh,2014,BD2014DHS,CM_ECMR_C_U5M,63206050,I,360002,1360020,Region,Chattogram/Sylhet,14003,Ten years preceding the survey,0,1,CMECMRCU5M,BDDHS2014360002,2014,DHS,,,58,75,
BGD,Chattogram,7552800,Under-five mortality rate,62,0,BD,Bangladesh,2014,BD2014DHS,CM_ECMR_C_U5M,63206050,I,360003,1360030,Region,..Chattogram,14003,Ten years preceding the survey,0,1,CMECMRCU5M,BDDHS2014360003,2014,DHS,,,50,73,1
BGD,Sylhet,1729873,Under-five mortality rate,77,0,BD,Bangladesh,2014,BD2014DHS,CM_ECMR_C_U5M,63206050,I,360004,1360040,Region,..Sylhet,14003,Ten years preceding the survey,0,1,CMECMRCU5M,BDDHS2014360004,2014,DHS,,,66,87,1
BGD,Dhaka before 2015,7767018,Under-five mortality rate,48,0,BD,Bangladesh,2014,BD2014DHS,CM_ECMR_C_U5M,63206050,I,360005,1360050,Region,Dhaka before 2015,14003,Ten years preceding the survey,0,1,CMECMRCU5M,BDDHS2014360005,2014,DHS,,,39,56,1
BGD,Khulna,7970304,Under-five mortality rate,50,0,BD,Bangladesh,2014,BD2014DHS,CM_ECMR_C_U5M,63206050,I,360006,1360060,Region,Khulna,14003,Ten years preceding the survey,0,1,CMECMRCU5M,BDDHS2014360006,2014,DHS,,,40,61,1
BGD,Rajshahi/Rangpur,7928491,Under-five mortality rate,48,0,BD,Bangladesh,2014,BD2014DHS,CM_ECMR_C_U5M,63206050,I,360007,1360070,Region,Rajshahi/Rangpur,14003,Ten years preceding the survey,0,1,CMECMRCU5M,BDDHS2014360007,2014,DHS,,,39,56,
BGD,Rangpur,7790018,Under-five mortality rate,45,0,BD,Bangladesh,2014,BD2014DHS,CM_ECMR_C_U5M,63206050,I,360008,1360080,Region,..Rangpur,14003,Ten years preceding the survey,0,1,CMECMRCU5M,BDDHS2014360008,2014,DHS,,,32,58,1
BGD,Rajshahi,1741210,Under-five mortality rate,50,0,BD,Bangladesh,2014,BD2014DHS,CM_ECMR_C_U5M,63206050,I,360009,1360090,Region,..Rajshahi,14003,Ten years preceding the survey,0,1,CMECMRCU5M,BDDHS2014360009,2014,DHS,,,40,60,1
BGD,Barishal,3051523,Antenatal care from a skilled provider,58,1,BD,Bangladesh,2014,BD2014DHS,RH_ANCP_W_SKP,83363120,I,360001,1360010,Region,Barishal,14000,Three years preceding the survey,0,0,RHANCPWSKP,BDDHS2014360001,2014,DHS,268,532,,,1
BGD,Barishal,6882687,Antenatal care from a skilled provider,58.9,1,BD,Bangladesh,2014,BD2014DHS,RH_ANCP_W_SKP,83363120,I,360001,1360010,Region,Barishal,14002,Two years preceding the survey,0,1,RHANCPWSKP,BDDHS2014360001,2014,DHS,185,371,,,1
BGD,Chattogram/Sylhet,6576137,Antenatal care from a skilled provider,62.4,1,BD,Bangladesh,2014,BD2014DHS,RH_ANCP_W_SKP,83363120,I,360002,1360020,Region,Chattogram/Sylhet,14000,Three years preceding the survey,0,0,RHANCPWSKP,BDDHS2014360002,2014,DHS,1439,1540,,,
BGD,Chattogram/Sylhet,2212165,Antenatal care from a skilled provider,64.1,1,BD,Bangladesh,2014,BD2014DHS,RH_ANCP_W_SKP,83363120,I,360002,1360020,Region,Chattogram/Sylhet,14002,Two years preceding the survey,0,1,RHANCPWSKP,BDDHS2014360002,2014,DHS,974,1037,,,
BGD,Chattogram,2218288,Antenatal care from a skilled provider,66.3,1,BD,Bangladesh,2014,BD2014DHS,RH_ANCP_W_SKP,83363120,I,360003,1360030,Region,..Chattogram,14000,Three years preceding the survey,0,0,RHANCPWSKP,BDDHS2014360003,2014,DHS,1011,862,,,1
BGD,Chattogram,5277023,Antenatal care from a skilled provider,68.1,1,BD,Bangladesh,2014,BD2014DHS,RH_ANCP_W_SKP,83363120,I,360003,1360030,Region,..Chattogram,14002,Two years preceding the survey,0,1,RHANCPWSKP,BDDHS2014360003,2014,DHS,682,579,,,1
BGD,Sylhet,370747,Antenatal care from a skilled provider,53.1,1,BD,Bangladesh,2014,BD2014DHS,RH_ANCP_W_SKP,83363120,I,360004,1360040,Region,..Sylhet,14000,Three years preceding the survey,0,0,RHANCPWSKP,BDDHS2014360004,2014,DHS,428,678,,,1
BGD,Sylhet,7268403,Antenatal care from a skilled provider,54.9,1,BD,Bangladesh,2014,BD2014DHS,RH_ANCP_W_SKP,83363120,I,360004,1360040,Region,..Sylhet,14002,Two years preceding the survey,0,1,RHANCPWSKP,BDDHS2014360004,2014,DHS,292,458,,,1
BGD,Dhaka before 2015,7812688,Antenatal care from a skilled provider,64.3,1,BD,Bangladesh,2014,BD2014DHS,RH_ANCP_W_SKP,83363120,I,360005,1360050,Region,Dhaka before 2015,14000,Three years preceding the survey,0,0,RHANCPWSKP,BDDHS2014360005,2014,DHS,1634,795,,,1
BGD,Dhaka before 2015,3057982,Antenatal care from a skilled provider,64.1,1,BD,Bangladesh,2014,BD2014DHS,RH_ANCP_W_SKP,83363120,I,360005,1360050,Region,Dhaka before 2015,14002,Two years preceding the survey,0,1,RHANCPWSKP,BDDHS2014360005,2014,DHS,1182,568,,,1
BGD,Khulna,6964139,Antenatal care from a skilled provider,73.9,1,BD,Bangladesh,2014,BD2014DHS,RH_ANCP_W_SKP,83363120,I,360006,1360060,Region,Khulna,14000,Three years preceding the survey,0,0,RHANCPWSKP,BDDHS2014360006,2014,DHS,371,531,,,1
BGD,Khulna,6792097,Antenatal care from a skilled provider,75.3,1,BD,Bangladesh,2014,BD2014DHS,RH_ANCP_W_SKP,83363120,I,360006,1360060,Region,Khulna,14002,Two years preceding the survey,0,1,RHANCPWSKP,BDDHS2014360006,2014,DHS,250,360,,,1
BGD,Rajshahi/Rangpur,7560995,Antenatal care from a skilled provider,63.2,1,BD,Bangladesh,2014,BD2014DHS,RH_ANCP_W_SKP,83363120,I,360007,1360070,Region,Rajshahi/Rangpur,14000,Three years preceding the survey,0,0,RHANCPWSKP,BDDHS2014360007,2014,DHS,914,1096,,,
BGD,Rajshahi/Rangpur,2212181,Antenatal care from a skilled provider,65.8,1,BD,Bangladesh,2014,BD2014DHS,RH_ANCP_W_SKP,83363120,I,360007,1360070,Region,Rajshahi/Rangpur,14002,Two years preceding the survey,0,1,RHANCPWSKP,BDDHS2014360007,2014,DHS,615,742,,,
BGD,Rangpur,4706265,Antenatal care from a skilled provider,62.4,1,BD,Bangladesh,2014,BD2014DHS,RH_ANCP_W_SKP,83363120,I,360008,1360080,Region,..Rangpur,14000,Three years preceding the survey,0,0,RHANCPWSKP,BDDHS2014360008,2014,DHS,450,550,,,1
BGD,Rangpur,4516917,Antenatal care from a skilled provider,65.4,1,BD,Bangladesh,2014,BD2014DHS,RH_ANCP_W_SKP,83363120,I,360008,1360080,Region,..Rangpur,14002,Two years preceding the survey,0,1,RHANCPWSKP,BDDHS2014360008,2014,DHS,292,364,,,1
BGD,Rajshahi,7329235,Antenatal care from a skilled provider,63.9,1,BD,Bangladesh,2014,BD2014DHS,RH_ANCP_W_SKP,83363120,I,360009,1360090,Region,..Rajshahi,14000,Three years preceding the survey,0,0,RHANCPWSKP,BDDHS2014360009,2014,DHS,464,546,,,1
BGD,Rajshahi,3872567,Antenatal care from a skilled provider,66.2,1,BD,Bangladesh,2014,BD2014DHS,RH_ANCP_W_SKP,83363120,I,360009,1360090,Region,..Rajshahi,14002,Two years preceding the survey,0,1,RHANCPWSKP,BDDHS2014360009,2014,DHS,323,378,,,1
BGD,Barishal,2770181,Antenatal visits for pregnancy: 4+ visits,24.6,1,BD,Bangladesh,2014,BD2014DHS,RH_ANCN_W_N4P,83403040,I,360001,1360010,Region,Barishal,14000,Three years preceding the survey,0,0,RHANCNWN4P,BDDHS2014360001,2014,DHS,268,532,,,1
BGD,Barishal,6700223,Antenatal visits for pregnancy: 4+ visits,27.9,1,BD,Bangladesh,2014,BD2014DHS,RH_ANCN_W_N4P,83403040,I,360001,1360010,Region,Barishal,14002,Two years preceding the survey,0,1,RHANCNWN4P,BDDHS2014360001,2014,DHS,185,371,,,1
BGD,Chattogram/Sylhet,5683532,Antenatal visits for pregnancy: 4+ visits,23.8,1,BD,Bangladesh,2014,BD2014DHS,RH_ANCN_W_N4P,83403040,I,360002,1360020,Region,Chattogram/Sylhet,14000,Three years preceding the survey,0,0,RHANCNWN4P,BDDHS2014360002,2014,DHS,1439,1540,,,
BGD,Chattogram/Sylhet,2212216,Antenatal visits for pregnancy: 4+ visits,23.4,1,BD,Bangladesh,2014,BD2014DHS,RH_ANCN_W_N4P,83403040,I,360002,1360020,Region,Chattogram/Sylhet,14002,Two years preceding the survey,0,1,RHANCNWN4P,BDDHS2014360002,2014,DHS,974,1037,,,
BGD,Chattogram,2218323,Antenatal visits for pregnancy: 4+ visits,25.5,1,BD,Bangladesh,2014,BD2014DHS,RH_ANCN_W_N4P,83403040,I,360003,1360030,Region,..Chattogram,14000,Three years preceding the survey,0,0,RHANCNWN4P,BDDHS2014360003,2014,DHS,1011,862,,,1
BGD,Chattogram,377713,Antenatal visits for pregnancy: 4+ visits,24.9,1,BD,Bangladesh,2014,BD2014DHS,RH_ANCN_W_N4P,83403040,I,360003,1360030,Region,..Chattogram,14002,Two years preceding the survey,0,1,RHANCNWN4P,BDDHS2014360003,2014,DHS,682,579,,,1
BGD,Sylhet,4827797,Antenatal visits for pregnancy: 4+ visits,19.8,1,BD,Bangladesh,2014,BD2014DHS,RH_ANCN_W_N4P,83403040,I,360004,1360040,Region,..Sylhet,14000,Three years preceding the survey,0,0,RHANCNWN4P,BDDHS2014360004,2014,DHS,428,678,,,1
BGD,Sylhet,3362972,Antenatal visits for pregnancy: 4+ visits,20.1,1,BD,Bangladesh,2014,BD2014DHS,RH_ANCN_W_N4P,83403040,I,360004,1360040,Region,..Sylhet,14002,Two years preceding the survey,0,1,RHANCNWN4P,BDDHS2014360004,2014,DHS,292,458,,,1
BGD,Dhaka before 2015,7813341,Antenatal visits for pregnancy: 4+ visits,35.5,1,BD,Bangladesh,2014,BD2014DHS,RH_ANCN_W_N4P,83403040,I,360005,1360050,Region,Dhaka before 2015,14000,Three years preceding the survey,0,0,RHANCNWN4P,BDDHS2014360005,2014,DHS,1634,795,,,1
BGD,Dhaka before 2015,2212211,Antenatal visits for pregnancy: 4+ visits,36,1,BD,Bangladesh,2014,BD2014DHS,RH_ANCN_W_N4P,83403040,I,360005,1360050,Region,Dhaka before 2015,14002,Two years preceding the survey,0,1,RHANCNWN4P,BDDHS2014360005,2014,DHS,1182,568,,,1
BGD,Khulna,5505474,Antenatal visits for pregnancy: 4+ visits,38.8,1,BD,Bangladesh,2014,BD2014DHS,RH_ANCN_W_N4P,83403040,I,360006,1360060,Region,Khulna,14000,Three years preceding the survey,0,0,RHANCNWN4P,BDDHS2014360006,2014,DHS,371,531,,,1
BGD,Khulna,7109169,Antenatal visits for pregnancy: 4+ visits,41.9,1,BD,Bangladesh,2014,BD2014DHS,RH_ANCN_W_N4P,83403040,I,360006,1360060,Region,Khulna,14002,Two years preceding the survey,0,1,RHANCNWN4P,BDDHS2014360006,2014,DHS,250,360,,,1
BGD,Rajshahi/Rangpur,7558214,Antenatal visits for pregnancy: 4+ visits,33.8,1,BD,Bangladesh,2014,BD2014DHS,RH_ANCN_W_N4P,83403040,I,360007,1360070,Region,Rajshahi/Rangpur,14000,Three years preceding the survey,0,0,RHANCNWN4P,BDDHS2014360007,2014,DHS,914,1096,,,
BGD,Rajshahi/Rangpur,4519030,Antenatal visits for pregnancy: 4+ visits,32.2,1,BD,Bangladesh,2014,BD2014DHS,RH_ANCN_W_N4P,83403040,I,360007,1360070,Region,Rajshahi/Rangpur,14002,Two years preceding the survey,0,1,RHANCNWN4P,BDDHS2014360007,2014,DHS,615,742,,,
BGD,Rangpur,993022,Antenatal visits for pregnancy: 4+ visits,41.3,1,BD,Bangladesh,2014,BD2014DHS,RH_ANCN_W_N4P,83403040,I,360008,1360080,Region,..Rangpur,14000,Three years preceding the survey,0,0,RHANCNWN4P,BDDHS2014360008,2014,DHS,450,550,,,1
BGD,Rangpur,4835443,Antenatal visits for pregnancy: 4+ visits,38.8,1,BD,Bangladesh,2014,BD2014DHS,RH_ANCN_W_N4P,83403040,I,360008,1360080,Region,..Rangpur,14002,Two years preceding the survey,0,1,RHANCNWN4P,BDDHS2014360008,2014,DHS,292,364,,,1
BGD,Rajshahi,3466624,Antenatal visits for pregnancy: 4+ visits,26.5,1,BD,Bangladesh,2014,BD2014DHS,RH_ANCN_W_N4P,83403040,I,360009,1360090,Region,..Rajshahi,14000,Three years preceding the survey,0,0,RHANCNWN4P,BDDHS2014360009,2014,DHS,464,546,,,1
BGD,Rajshahi,2222571,Antenatal visits for pregnancy: 4+ visits,26.3,1,BD,Bangladesh,2014,BD2014DHS,RH_ANCN_W_N4P,83403040,I,360009,1360090,Region,..Rajshahi,14002,Two years preceding the survey,0,1,RHANCNWN4P,BDDHS2014360009,2014,DHS,323,378,,,1
BGD,Barishal,6640801,Assistance during delivery from a skilled provider,36.7,1,BD,Bangladesh,2014,BD2014DHS,RH_DELA_C_SKP,83606110,I,360001,1360010,Region,Barishal,14000,Three years preceding the survey,0,0,RHDELACSKP,BDDHS2014360001,2014,DHS,279,551,,,1
BGD,Barishal,837366,Assistance during delivery from a skilled provider,38.1,1,BD,Bangladesh,2014,BD2014DHS,RH_DELA_C_SKP,83606110,I,360001,1360010,Region,Barishal,14002,Two years preceding the survey,0,1,RHDELACSKP,BDDHS2014360001,2014,DHS,189,377,,,1
BGD,Chattogram/Sylhet,139155,Assistance during delivery from a skilled provider,38.8,1,BD,Bangladesh,2014,BD2014DHS,RH_DELA_C_SKP,83606110,I,360002,1360020,Region,Chattogram/Sylhet,14000,Three years preceding the survey,0,0,RHDELACSKP,BDDHS2014360002,2014,DHS,1548,1652,,,
BGD,Chattogram/Sylhet,5463446,Assistance during delivery from a skilled provider,40.5,1,BD,Bangladesh,2014,BD2014DHS,RH_DELA_C_SKP,83606110,I,360002,1360020,Region,Chattogram/Sylhet,14002,Two years preceding the survey,0,1,RHDELACSKP,BDDHS2014360002,2014,DHS,991,1055,,,
BGD,Chattogram,2218537,Assistance during delivery from a skilled provider,43.9,1,BD,Bangladesh,2014,BD2014DHS,RH_DELA_C_SKP,83606110,I,360003,1360030,Region,..Chattogram,14000,Three years preceding the survey,0,0,RHDELACSKP,BDDHS2014360003,2014,DHS,1074,915,,,1
BGD,Chattogram,5646189,Assistance during delivery from a skilled provider,46,1,BD,Bangladesh,2014,BD2014DHS,RH_DELA_C_SKP,83606110,I,360003,1360030,Region,..Chattogram,14002,Two years preceding the survey,0,1,RHDELACSKP,BDDHS2014360003,2014,DHS,695,588,,,1
BGD,Sylhet,3626475,Assistance during delivery from a skilled provider,27.1,1,BD,Bangladesh,2014,BD2014DHS,RH_DELA_C_SKP,83606110,I,360004,1360040,Region,..Sylhet,14000,Three years preceding the survey,0,0,RHDELACSKP,BDDHS2014360004,2014,DHS,474,737,,,1
BGD,Sylhet,3280660,Assistance during delivery from a skilled provider,27.7,1,BD,Bangladesh,2014,BD2014DHS,RH_DELA_C_SKP,83606110,I,360004,1360040,Region,..Sylhet,14002,Two years preceding the survey,0,1,RHDELACSKP,BDDHS2014360004,2014,DHS,297,467,,,1
BGD,Dhaka before 2015,7812232,Assistance during delivery from a skilled provider,43.5,1,BD,Bangladesh,2014,BD2014DHS,RH_DELA_C_SKP,83606110,I,360005,1360050,Region,Dhaka before 2015,14000,Three years preceding the survey,0,0,RHDELACSKP,BDDHS2014360005,2014,DHS,1740,839,,,1
BGD,Dhaka before 2015,6709502,Assistance during delivery from a skilled provider,45.8,1,BD,Bangladesh,2014,BD2014DHS,RH_DELA_C_SKP,83606110,I,360005,1360050,Region,Dhaka before 2015,14002,Two years preceding the survey,0,1,RHDELACSKP,BDDHS2014360005,2014,DHS,1192,573,,,1
BGD,Khulna,5883388,Assistance during delivery from a skilled provider,58.2,1,BD,Bangladesh,2014,BD2014DHS,RH_DELA_C_SKP,83606110,I,360006,1360060,Region,Khulna,14000,Three years preceding the survey,0,0,RHDELACSKP,BDDHS2014360006,2014,DHS,387,552,,,1
BGD,Khulna,146264,Assistance during delivery from a skilled provider,63.8,1,BD,Bangladesh,2014,BD2014DHS,RH_DELA_C_SKP,83606110,I,360006,1360060,Region,Khulna,14002,Two years preceding the survey,0,1,RHDELACSKP,BDDHS2014360006,2014,DHS,253,366,,,1
BGD,Rajshahi/Rangpur,7557728,Assistance during delivery from a skilled provider,39.8,1,BD,Bangladesh,2014,BD2014DHS,RH_DELA_C_SKP,83606110,I,360007,1360070,Region,Rajshahi/Rangpur,14000,Three years preceding the survey,0,0,RHDELACSKP,BDDHS2014360007,2014,DHS,949,1140,,,
BGD,Rajshahi/Rangpur,7042490,Assistance during delivery from a skilled provider,41.7,1,BD,Bangladesh,2014,BD2014DHS,RH_DELA_C_SKP,83606110,I,360007,1360070,Region,Rajshahi/Rangpur,14002,Two years preceding the survey,0,1,RHDELACSKP,BDDHS2014360007,2014,DHS,628,759,,,
BGD,Rangpur,4734132,Assistance during delivery from a skilled provider,37.9,1,BD,Bangladesh,2014,BD2014DHS,RH_DELA_C_SKP,83606110,I,360008,1360080,Region,..Rangpur,14000,Three years preceding the survey,0,0,RHDELACSKP,BDDHS2014360008,2014,DHS,461,565,,,1
BGD,Rangpur,3627356,Assistance during delivery from a skilled provider,39.5,1,BD,Bangladesh,2014,BD2014DHS,RH_DELA_C_SKP,83606110,I,360008,1360080,Region,..Rangpur,14002,Two years preceding the survey,0,1,RHDELACSKP,BDDHS2014360008,2014,DHS,298,371,,,1
BGD,Rajshahi,23888,Assistance during delivery from a skilled provider,41.6,1,BD,Bangladesh,2014,BD2014DHS,RH_DELA_C_SKP,83606110,I,360009,1360090,Region,..Rajshahi,14000,Three years preceding the survey,0,0,RHDELACSKP,BDDHS2014360009,2014,DHS,488,575,,,1
BGD,Rajshahi,639027,Assistance during delivery from a skilled provider,43.7,1,BD,Bangladesh,2014,BD2014DHS,RH_DELA_C_SKP,83606110,I,360009,1360090,Region,..Rajshahi,14002,Two years preceding the survey,0,1,RHDELACSKP,BDDHS2014360009,2014,DHS,331,388,,,1
BGD,Barishal,2913810,Children underweight,36.9,1,BD,Bangladesh,2014,BD2014DHS,CN_NUTS_C_WA2,104236090,I,360001,1360010,Region,Barishal,0,,0,1,CNNUTSCWA2,BDDHS2014360001,2014,DHS,424,837,,,1
BGD,Chattogram/Sylhet,7058601,Children underweight,37.2,1,BD,Bangladesh,2014,BD2014DHS,CN_NUTS_C_WA2,104236090,I,360002,1360020,Region,Chattogram/Sylhet,0,,0,1,CNNUTSCWA2,BDDHS2014360002,2014,DHS,2241,2484,,,
BGD,Chattogram,5563185,Children underweight,36,1,BD,Bangladesh,2014,BD2014DHS,CN_NUTS_C_WA2,104236090,I,360003,1360030,Region,..Chattogram,0,,0,1,CNNUTSCWA2,BDDHS2014360003,2014,DHS,1541,1350,,,1
BGD,Sylhet,4169855,Children underweight,39.8,1,BD,Bangladesh,2014,BD2014DHS,CN_NUTS_C_WA2,104236090,I,360004,1360040,Region,..Sylhet,0,,0,1,CNNUTSCWA2,BDDHS2014360004,2014,DHS,700,1134,,,1
BGD,Dhaka before 2015,6461088,Children underweight,28.5,1,BD,Bangladesh,2014,BD2014DHS,CN_NUTS_C_WA2,104236090,I,360005,1360050,Region,Dhaka before 2015,0,,0,1,CNNUTSCWA2,BDDHS2014360005,2014,DHS,2546,1249,,,1
BGD,Khulna,1290615,Children underweight,25.5,1,BD,Bangladesh,2014,BD2014DHS,CN_NUTS_C_WA2,104236090,I,360006,1360060,Region,Khulna,0,,0,1,CNNUTSCWA2,BDDHS2014360006,2014,DHS,565,793,,,1
BGD,Rajshahi/Rangpur,5185882,Children underweight,34.4,1,BD,Bangladesh,2014,BD2014DHS,CN_NUTS_C_WA2,104236090,I,360007,1360070,Region,Rajshahi/Rangpur,0,,0,1,CNNUTSCWA2,BDDHS2014360007,2014,DHS,1542,1804,,,
BGD,Rangpur,1304479,Children underweight,36.8,1,BD,Bangladesh,2014,BD2014DHS,CN_NUTS_C_WA2,104236090,I,360008,1360080,Region,..Rangpur,0,,0,1,CNNUTSCWA2,BDDHS2014360008,2014,DHS,762,899,,,1
BGD,Rajshahi,7113630,Children underweight,32.1,1,BD,Bangladesh,2014,BD2014DHS,CN_NUTS_C_WA2,104236090,I,360009,1360090,Region,..Rajshahi,0,,0,1,CNNUTSCWA2,BDDHS2014360009,2014,DHS,780,905,,,1
BGD,Barishal,1115858,Net primary school attendance rate: Female,91.3,1,BD,Bangladesh,2014,BD2014DHS,ED_NARP_W_FEM,231033020,I,360001,1360010,Region,Barishal,0,,0,1,EDNARPWFEM,BDDHS2014360001,2014,DHS,,,,,1
BGD,Chattogram/Sylhet,1100113,Net primary school attendance rate: Female,88.1,1,BD,Bangladesh,2014,BD2014DHS,ED_NARP_W_FEM,231033020,I,360002,1360020,Region,Chattogram/Sylhet,0,,0,1,EDNARPWFEM,BDDHS2014360002,2014,DHS,,,,,
BGD,Chattogram,1115854,Net primary school attendance rate: Female,87.6,1,BD,Bangladesh,2014,BD2014DHS,ED_NARP_W_FEM,231033020,I,360003,1360030,Region,..Chattogram,0,,0,1,EDNARPWFEM,BDDHS2014360003,2014,DHS,,,,,1
BGD,Sylhet,1108316,Net primary school attendance rate: Female,89,1,BD,Bangladesh,2014,BD2014DHS,ED_NARP_W_FEM,231033020,I,360004,1360040,Region,..Sylhet,0,,0,1,EDNARPWFEM,BDDHS2014360004,2014,DHS,,,,,1
BGD,Dhaka before 2015,1100139,Net primary school attendance rate: Female,84.6,1,BD,Bangladesh,2014,BD2014DHS,ED_NARP_W_FEM,231033020,I,360005,1360050,Region,Dhaka before 2015,0,,0,1,EDNARPWFEM,BDDHS2014360005,2014,DHS,,,,,1
BGD,Khulna,1115882,Net primary school attendance rate: Female,90.2,1,BD,Bangladesh,2014,BD2014DHS,ED_NARP_W_FEM,231033020,I,360006,1360060,Region,Khulna,0,,0,1,EDNARPWFEM,BDDHS2014360006,2014,DHS,,,,,1
BGD,Rajshahi/Rangpur,1100126,Net primary school attendance rate: Female,88.1,1,BD,Bangladesh,2014,BD2014DHS,ED_NARP_W_FEM,231033020,I,360007,1360070,Region,Rajshahi/Rangpur,0,,0,1,EDNARPWFEM,BDDHS2014360007,2014,DHS,,,,,
BGD,Rangpur,1122879,Net primary school attendance rate: Female,89.9,1,BD,Bangladesh,2014,BD2014DHS,ED_NARP_W_FEM,231033020,I,360008,1360080,Region,..Rangpur,0,,0,1,EDNARPWFEM,BDDHS2014360008,2014,DHS,,,,,1
BGD,Rajshahi,1122882,Net primary school attendance rate: Female,86.4,1,BD,Bangladesh,2014,BD2014DHS,ED_NARP_W_FEM,231033020,I,360009,1360090,Region,..Rajshahi,0,,0,1,EDNARPWFEM,BDDHS2014360009,2014,DHS,,,,,1
BGD,Barishal,1115871,Net primary school attendance rate: Male,90.3,1,BD,Bangladesh,2014,BD2014DHS,ED_NARP_M_MAL,231034010,I,360001,1360010,Region,Barishal,0,,0,1,EDNARPMMAL,BDDHS2014360001,2014,DHS,,,,,1
BGD,Chattogram/Sylhet,1100129,Net primary school attendance rate: Male,85.7,1,BD,Bangladesh,2014,BD2014DHS,ED_NARP_M_MAL,231034010,I,360002,1360020,Region,Chattogram/Sylhet,0,,0,1,EDNARPMMAL,BDDHS2014360002,2014,DHS,,,,,
BGD,Chattogram,1115863,Net primary school attendance rate: Male,85.2,1,BD,Bangladesh,2014,BD2014DHS,ED_NARP_M_MAL,231034010,I,360003,1360030,Region,..Chattogram,0,,0,1,EDNARPMMAL,BDDHS2014360003,2014,DHS,,,,,1
BGD,Sylhet,1108334,Net primary school attendance rate: Male,86.8,1,BD,Bangladesh,2014,BD2014DHS,ED_NARP_M_MAL,231034010,I,360004,1360040,Region,..Sylhet,0,,0,1,EDNARPMMAL,BDDHS2014360004,2014,DHS,,,,,1
BGD,Dhaka before 2015,1100138,Net primary school attendance rate: Male,82.8,1,BD,Bangladesh,2014,BD2014DHS,ED_NARP_M_MAL,231034010,I,360005,1360050,Region,Dhaka before 2015,0,,0,1,EDNARPMMAL,BDDHS2014360005,2014,DHS,,,,,1
BGD,Khulna,1115885,Net primary school attendance rate: Male,91.5,1,BD,Bangladesh,2014,BD2014DHS,ED_NARP_M_MAL,231034010,I,360006,1360060,Region,Khulna,0,,0,1,EDNARPMMAL,BDDHS2014360006,2014,DHS,,,,,1
BGD,Rajshahi/Rangpur,1100125,Net primary school attendance rate: Male,86.9,1,BD,Bangladesh,2014,BD2014DHS,ED_NARP_M_MAL,231034010,I,360007,1360070,Region,Rajshahi/Rangpur,0,,0,1,EDNARPMMAL,BDDHS2014360007,2014,DHS,,,,,
BGD,Rangpur,1122878,Net primary school attendance rate: Male,88.7,1,BD,Bangladesh,2014,BD2014DHS,ED_NARP_M_MAL,231034010,I,360008,1360080,Region,..Rangpur,0,,0,1,EDNARPMMAL,BDDHS2014360008,2014,DHS,,,,,1
BGD,Rajshahi,1122881,Net primary school attendance rate: Male,84.7,1,BD,Bangladesh,2014,BD2014DHS,ED_NARP_M_MAL,231034010,I,360009,1360090,Region,..Rajshahi,0,,0,1,EDNARPMMAL,BDDHS2014360009,2014,DHS,,,,,1
BGD,Barishal,1115870,Net primary school attendance rate: Total,90.8,1,BD,Bangladesh,2014,BD2014DHS,ED_NARP_B_BTH,231035030,I,360001,1360010,Region,Barishal,0,,0,1,EDNARPBBTH,BDDHS2014360001,2014,DHS,,,,,1
BGD,Chattogram/Sylhet,1100116,Net primary school attendance rate: Total,86.9,1,BD,Bangladesh,2014,BD2014DHS,ED_NARP_B_BTH,231035030,I,360002,1360020,Region,Chattogram/Sylhet,0,,0,1,EDNARPBBTH,BDDHS2014360002,2014,DHS,,,,,
BGD,Chattogram,1115861,Net primary school attendance rate: Total,86.4,1,BD,Bangladesh,2014,BD2014DHS,ED_NARP_B_BTH,231035030,I,360003,1360030,Region,..Chattogram,0,,0,1,EDNARPBBTH,BDDHS2014360003,2014,DHS,,,,,1
BGD,Sylhet,1108323,Net primary school attendance rate: Total,87.9,1,BD,Bangladesh,2014,BD2014DHS,ED_NARP_B_BTH,231035030,I,360004,1360040,Region,..Sylhet,0,,0,1,EDNARPBBTH,BDDHS2014360004,2014,DHS,,,,,1
BGD,Dhaka before 2015,1100134,Net primary school attendance rate: Total,83.7,1,BD,Bangladesh,2014,BD2014DHS,ED_NARP_B_BTH,231035030,I,360005,1360050,Region,Dhaka before 2015,0,,0,1,EDNARPBBTH,BDDHS2014360005,2014,DHS,,,,,1
BGD,Khulna,1115867,Net primary school attendance rate: Total,90.9,1,BD,Bangladesh,2014,BD2014DHS,ED_NARP_B_BTH,231035030,I,360006,1360060,Region,Khulna,0,,0,1,EDNARPBBTH,BDDHS2014360006,2014,DHS,,,,,1
BGD,Rajshahi/Rangpur,1100122,Net primary school attendance rate: Total,87.5,1,BD,Bangladesh,2014,BD2014DHS,ED_NARP_B_BTH,231035030,I,360007,1360070,Region,Rajshahi/Rangpur,0,,0,1,EDNARPBBTH,BDDHS2014360007,2014,DHS,,,,,
BGD,Rangpur,1122887,Net primary school attendance rate: Total,89.2,1,BD,Bangladesh,2014,BD2014DHS,ED_NARP_B_BTH,231035030,I,360008,1360080,Region,..Rangpur,0,,0,1,EDNARPBBTH,BDDHS2014360008,2014,DHS,,,,,1
BGD,Rajshahi,1122884,Net primary school attendance rate: Total,85.6,1,BD,Bangladesh,2014,BD2014DHS,ED_NARP_B_BTH,231035030,I,360009,1360090,Region,..Rajshahi,0,,0,1,EDNARPBBTH,BDDHS2014360009,2014,DHS,,,,,1
BGD,Barishal,1115859,Gender parity index for net primary school attendance,1.01,2,BD,Bangladesh,2014,BD2014DHS,ED_NARP_B_GPI,231035040,I,360001,1360010,Region,Barishal,0,,0,1,EDNARPBGPI,BDDHS2014360001,2014,DHS,,,,,1
BGD,Chattogram/Sylhet,1100114,Gender parity index for net primary school attendance,1.03,2,BD,Bangladesh,2014,BD2014DHS,ED_NARP_B_GPI,231035040,I,360002,1360020,Region,Chattogram/Sylhet,0,,0,1,EDNARPBGPI,BDDHS2014360002,2014,DHS,,,,,
BGD,Chattogram,1115860,Gender parity index for net primary school attendance,1.03,2,BD,Bangladesh,2014,BD2014DHS,ED_NARP_B_GPI,231035040,I,360003,1360030,Region,..Chattogram,0,,0,1,EDNARPBGPI,BDDHS2014360003,2014,DHS,,,,,1
BGD,Sylhet,1108322,Gender parity index for net primary school attendance,1.03,2,BD,Bangladesh,2014,BD2014DHS,ED_NARP_B_GPI,231035040,I,360004,1360040,Region,..Sylhet,0,,0,1,EDNARPBGPI,BDDHS2014360004,2014,DHS,,,,,1
BGD,Dhaka before 2015,1100140,Gender parity index for net primary school attendance,1.02,2,BD,Bangladesh,2014,BD2014DHS,ED_NARP_B_GPI,231035040,I,360005,1360050,Region,Dhaka before 2015,0,,0,1,EDNARPBGPI,BDDHS2014360005,2014,DHS,,,,,1
BGD,Khulna,1115883,Gender parity index for net primary school attendance,0.99,2,BD,Bangladesh,2014,BD2014DHS,ED_NARP_B_GPI,231035040,I,360006,1360060,Region,Khulna,0,,0,1,EDNARPBGPI,BDDHS2014360006,2014,DHS,,,,,1
BGD,Rajshahi/Rangpur,1100127,Gender parity index for net primary school attendance,1.01,2,BD,Bangladesh,2014,BD2014DHS,ED_NARP_B_GPI,231035040,I,360007,1360070,Region,Rajshahi/Rangpur,0,,0,1,EDNARPBGPI,BDDHS2014360007,2014,DHS,,,,,
BGD,Rangpur,1122886,Gender parity index for net primary school attendance,1.01,2,BD,Bangladesh,2014,BD2014DHS,ED_NARP_B_GPI,231035040,I,360008,1360080,Region,..Rangpur,0,,0,1,EDNARPBGPI,BDDHS2014360008,2014,DHS,,,,,1
BGD,Rajshahi,1122883,Gender parity index for net primary school attendance,1.02,2,BD,Bangladesh,2014,BD2014DHS,ED_NARP_B_GPI,231035040,I,360009,1360090,Region,..Rajshahi,0,,0,1,EDNARPBGPI,BDDHS2014360009,2014,DHS,,,,,1
BGD,Barishal,1115910,Gender parity index for net secondary school attendance,1.06,2,BD,Bangladesh,2014,BD2014DHS,ED_NARS_B_GPI,231105040,I,360001,1360010,Region,Barishal,0,,0,1,EDNARSBGPI,BDDHS2014360001,2014,DHS,,,,,1
BGD,Chattogram/Sylhet,1100164,Gender parity index for net secondary school attendance,1.06,2,BD,Bangladesh,2014,BD2014DHS,ED_NARS_B_GPI,231105040,I,360002,1360020,Region,Chattogram/Sylhet,0,,0,1,EDNARSBGPI,BDDHS2014360002,2014,DHS,,,,,
BGD,Chattogram,1115905,Gender parity index for net secondary school attendance,1.05,2,BD,Bangladesh,2014,BD2014DHS,ED_NARS_B_GPI,231105040,I,360003,1360030,Region,..Chattogram,0,,0,1,EDNARSBGPI,BDDHS2014360003,2014,DHS,,,,,1
BGD,Sylhet,1108351,Gender parity index for net secondary school attendance,1.07,2,BD,Bangladesh,2014,BD2014DHS,ED_NARS_B_GPI,231105040,I,360004,1360040,Region,..Sylhet,0,,0,1,EDNARSBGPI,BDDHS2014360004,2014,DHS,,,,,1
BGD,Dhaka before 2015,1100166,Gender parity index for net secondary school attendance,1,2,BD,Bangladesh,2014,BD2014DHS,ED_NARS_B_GPI,231105040,I,360005,1360050,Region,Dhaka before 2015,0,,0,1,EDNARSBGPI,BDDHS2014360005,2014,DHS,,,,,1
BGD,Khulna,1115922,Gender parity index for net secondary school attendance,1.17,2,BD,Bangladesh,2014,BD2014DHS,ED_NARS_B_GPI,231105040,I,360006,1360060,Region,Khulna,0,,0,1,EDNARSBGPI,BDDHS2014360006,2014,DHS,,,,,1
BGD,Rajshahi/Rangpur,1100161,Gender parity index for net secondary school attendance,0.99,2,BD,Bangladesh,2014,BD2014DHS,ED_NARS_B_GPI,231105040,I,360007,1360070,Region,Rajshahi/Rangpur,0,,0,1,EDNARSBGPI,BDDHS2014360007,2014,DHS,,,,,
BGD,Rangpur,1122912,Gender parity index for net secondary school attendance,0.92,2,BD,Bangladesh,2014,BD2014DHS,ED_NARS_B_GPI,231105040,I,360008,1360080,Region,..Rangpur,0,,0,1,EDNARSBGPI,BDDHS2014360008,2014,DHS,,,,,1
BGD,Rajshahi,1122923,Gender parity index for net secondary school attendance,1.06,2,BD,Bangladesh,2014,BD2014DHS,ED_NARS_B_GPI,231105040,I,360009,1360090,Region,..Rajshahi,0,,0,1,EDNARSBGPI,BDDHS2014360009,2014,DHS,,,,,1
BGD,Barishal,6826975,Women who are literate,76,1,BD,Bangladesh,2014,BD2014DHS,ED_LITR_W_LIT,231233090,I,360001,1360010,Region,Barishal,0,,0,1,EDLITRWLIT,BDDHS2014360001,2014,DHS,1111,2142,,,1
BGD,Chattogram/Sylhet,4084551,Women who are literate,66.3,1,BD,Bangladesh,2014,BD2014DHS,ED_LITR_W_LIT,231233090,I,360002,1360020,Region,Chattogram/Sylhet,0,,0,1,EDLITRWLIT,BDDHS2014360002,2014,DHS,4533,5004,,,
BGD,Chattogram,1859129,Women who are literate,69.6,1,BD,Bangladesh,2014,BD2014DHS,ED_LITR_W_LIT,231233090,I,360003,1360030,Region,..Chattogram,0,,0,1,EDLITRWLIT,BDDHS2014360003,2014,DHS,3301,2865,,,1
BGD,Sylhet,7125927,Women who are literate,57.4,1,BD,Bangladesh,2014,BD2014DHS,ED_LITR_W_LIT,231233090,I,360004,1360040,Region,..Sylhet,0,,0,1,EDLITRWLIT,BDDHS2014360004,2014,DHS,1232,2139,,,1
BGD,Dhaka before 2015,4355222,Women who are literate,65.6,1,BD,Bangladesh,2014,BD2014DHS,ED_LITR_W_LIT,231233090,I,360005,1360050,Region,Dhaka before 2015,0,,0,1,EDLITRWLIT,BDDHS2014360005,2014,DHS,6223,3093,,,1
BGD,Khulna,5418860,Women who are literate,68,1,BD,Bangladesh,2014,BD2014DHS,ED_LITR_W_LIT,231233090,I,360006,1360060,Region,Khulna,0,,0,1,EDLITRWLIT,BDDHS2014360006,2014,DHS,1838,2581,,,1
BGD,Rajshahi/Rangpur,2635756,Women who are literate,64.1,1,BD,Bangladesh,2014,BD2014DHS,ED_LITR_W_LIT,231233090,I,360007,1360070,Region,Rajshahi/Rangpur,0,,0,1,EDLITRWLIT,BDDHS2014360007,2014,DHS,4159,5043,,,
BGD,Rangpur,4810333,Women who are literate,63.5,1,BD,Bangladesh,2014,BD2014DHS,ED_LITR_W_LIT,231233090,I,360008,1360080,Region,..Rangpur,0,,0,1,EDLITRWLIT,BDDHS2014360008,2014,DHS,2056,2531,,,1
BGD,Rajshahi,6726570,Women who are literate,64.7,1,BD,Bangladesh,2014,BD2014DHS,ED_LITR_W_LIT,231233090,I,360009,1360090,Region,..Rajshahi,0,,0,1,EDLITRWLIT,BDDHS2014360009,2014,DHS,2103,2512,,,1
BGD,Barishal,7398277,Population using an improved water source,96.8,1,BD,Bangladesh,2014,BD2014DHS,WS_SRCE_P_IMP,250162010,I,360001,1360010,Region,Barishal,0,,0,1,WSSRCEPIMP,BDDHS2014360001,2014,DHS,4883,9241,,,1
BGD,Chattogram/Sylhet,4464563,Population using an improved water source,95.6,1,BD,Bangladesh,2014,BD2014DHS,WS_SRCE_P_IMP,250162010,I,360002,1360020,Region,Chattogram/Sylhet,0,,0,1,WSSRCEPIMP,BDDHS2014360002,2014,DHS,21483,24091,,,
BGD,Chattogram,5912010,Population using an improved water source,95.8,1,BD,Bangladesh,2014,BD2014DHS,WS_SRCE_P_IMP,250162010,I,360003,1360030,Region,..Chattogram,0,,0,1,WSSRCEPIMP,BDDHS2014360003,2014,DHS,14998,12874,,,1
BGD,Sylhet,1107852,Population using an improved water source,95.1,1,BD,Bangladesh,2014,BD2014DHS,WS_SRCE_P_IMP,250162010,I,360004,1360040,Region,..Sylhet,0,,0,1,WSSRCEPIMP,BDDHS2014360004,2014,DHS,6484,11217,,,1
BGD,Dhaka before 2015,5465982,Population using an improved water source,99.9,1,BD,Bangladesh,2014,BD2014DHS,WS_SRCE_P_IMP,250162010,I,360005,1360050,Region,Dhaka before 2015,0,,0,1,WSSRCEPIMP,BDDHS2014360005,2014,DHS,26248,13130,,,1
BGD,Khulna,2796505,Population using an improved water source,94,1,BD,Bangladesh,2014,BD2014DHS,WS_SRCE_P_IMP,250162010,I,360006,1360060,Region,Khulna,0,,0,1,WSSRCEPIMP,BDDHS2014360006,2014,DHS,7407,10315,,,1
BGD,Rajshahi/Rangpur,4777135,Population using an improved water source,99.2,1,BD,Bangladesh,2014,BD2014DHS,WS_SRCE_P_IMP,250162010,I,360007,1360070,Region,Rajshahi/Rangpur,0,,0,1,WSSRCEPIMP,BDDHS2014360007,2014,DHS,17305,20908,,,
BGD,Rangpur,3467941,Population using an improved water source,100,1,BD,Bangladesh,2014,BD2014DHS,WS_SRCE_P_IMP,250162010,I,360008,1360080,Region,..Rangpur,0,,0,1,WSSRCEPIMP,BDDHS2014360008,2014,DHS,8575,10542,,,1
BGD,Rajshahi,4046486,Population using an improved water source,98.5,1,BD,Bangladesh,2014,BD2014DHS,WS_SRCE_P_IMP,250162010,I,360009,1360090,Region,..Rajshahi,0,,0,1,WSSRCEPIMP,BDDHS2014360009,2014,DHS,8729,10366,,,1
BGD,Barishal,2597239,Population with an improved sanitation facility,64,1,BD,Bangladesh,2014,BD2014DHS,WS_TLET_P_IMP,250262010,I,360001,1360010,Region,Barishal,0,,0,1,WSTLETPIMP,BDDHS2014360001,2014,DHS,4883,9241,,,1
BGD,Chattogram/Sylhet,6487400,Population with an improved sanitation facility,69.9,1,BD,Bangladesh,2014,BD2014DHS,WS_TLET_P_IMP,250262010,I,360002,1360020,Region,Chattogram/Sylhet,0,,0,1,WSTLETPIMP,BDDHS2014360002,2014,DHS,21483,24091,,,
BGD,Chattogram,4814842,Population with an improved sanitation facility,74.3,1,BD,Bangladesh,2014,BD2014DHS,WS_TLET_P_IMP,250262010,I,360003,1360030,Region,..Chattogram,0,,0,1,WSTLETPIMP,BDDHS2014360003,2014,DHS,14998,12874,,,1
BGD,Sylhet,7155569,Population with an improved sanitation facility,59.5,1,BD,Bangladesh,2014,BD2014DHS,WS_TLET_P_IMP,250262010,I,360004,1360040,Region,..Sylhet,0,,0,1,WSTLETPIMP,BDDHS2014360004,2014,DHS,6484,11217,,,1
BGD,Dhaka before 2015,37530,Population with an improved sanitation facility,71.9,1,BD,Bangladesh,2014,BD2014DHS,WS_TLET_P_IMP,250262010,I,360005,1360050,Region,Dhaka before 2015,0,,0,1,WSTLETPIMP,BDDHS2014360005,2014,DHS,26248,13130,,,1
BGD,Khulna,5761262,Population with an improved sanitation facility,67.6,1,BD,Bangladesh,2014,BD2014DHS,WS_TLET_P_IMP,250262010,I,360006,1360060,Region,Khulna,0,,0,1,WSTLETPIMP,BDDHS2014360006,2014,DHS,7407,10315,,,1
BGD,Rajshahi/Rangpur,1099680,Population with an improved sanitation facility,67.8,1,BD,Bangladesh,2014,BD2014DHS,WS_TLET_P_IMP,250262010,I,360007,1360070,Region,Rajshahi/Rangpur,0,,0,1,WSTLETPIMP,BDDHS2014360007,2014,DHS,17305,20908,,,
BGD,Rangpur,4780946,Population with an improved sanitation facility,67.3,1,BD,Bangladesh,2014,BD2014DHS,WS_TLET_P_IMP,250262010,I,360008,1360080,Region,..Rangpur,0,,0,1,WSTLETPIMP,BDDHS2014360008,2014,DHS,8575,10542,,,1
BGD,Rajshahi,3550993,Population with an improved sanitation facility,68.2,1,BD,Bangladesh,2014,BD2014DHS,WS_TLET_P_IMP,250262010,I,360009,1360090,Region,..Rajshahi,0,,0,1,WSTLETPIMP,BDDHS2014360009,2014,DHS,8729,10366,,,1
BGD,Barishal,1811332,Age specific fertility rate: 15-19,111,0,BD,Bangladesh,2017,BD2017DHS,FE_FRTR_W_A15,11763010,I,360001,1360010,Region,Barishal,0,,0,1,FEFRTRWA15,BDDHS2017360001,2017-18,DHS,,,,,1
BGD,Chattogram/Sylhet,1797483,Age specific fertility rate: 15-19,103,0,BD,Bangladesh,2017,BD2017DHS,FE_FRTR_W_A15,11763010,I,360002,1360020,Region,Chattogram/Sylhet,0,,0,1,FEFRTRWA15,BDDHS2017360002,2017-18,DHS,,,,,
BGD,Chattogram,1811412,Age specific fertility rate: 15-19,111,0,BD,Bangladesh,2017,BD2017DHS,FE_FRTR_W_A15,11763010,I,360003,1360030,Region,..Chattogram,0,,0,1,FEFRTRWA15,BDDHS2017360003,2017-18,DHS,,,,,1
BGD,Sylhet,1811308,Age specific fertility rate: 15-19,83,0,BD,Bangladesh,2017,BD2017DHS,FE_FRTR_W_A15,11763010,I,360004,1360040,Region,..Sylhet,0,,0,1,FEFRTRWA15,BDDHS2017360004,2017-18,DHS,,,,,1
BGD,Dhaka before 2015,1797465,Age specific fertility rate: 15-19,104,0,BD,Bangladesh,2017,BD2017DHS,FE_FRTR_W_A15,11763010,I,360005,1360050,Region,Dhaka before 2015,0,,0,1,FEFRTRWA15,BDDHS2017360005,2017-18,DHS,,,,,
BGD,Dhaka,1797453,Age specific fertility rate: 15-19,99,0,BD,Bangladesh,2017,BD2017DHS,FE_FRTR_W_A15,11763010,I,360010,1360052,Region,..Dhaka,0,,0,1,FEFRTRWA15,BDDHS2017360010,2017-18,DHS,,,,,1
BGD,Mymensingh,1811322,Age specific fertility rate: 15-19,121,0,BD,Bangladesh,2017,BD2017DHS,FE_FRTR_W_A15,11763010,I,360011,1360055,Region,..Mymensingh,0,,0,1,FEFRTRWA15,BDDHS2017360011,2017-18,DHS,,,,,1
BGD,Khulna,1804516,Age specific fertility rate: 15-19,108,0,BD,Bangladesh,2017,BD2017DHS,FE_FRTR_W_A15,11763010,I,360006,1360060,Region,Khulna,0,,0,1,FEFRTRWA15,BDDHS2017360006,2017-18,DHS,,,,,1
BGD,Rajshahi/Rangpur,1804539,Age specific fertility rate: 15-19,120,0,BD,Bangladesh,2017,BD2017DHS,FE_FRTR_W_A15,11763010,I,360007,1360070,Region,Rajshahi/Rangpur,0,,0,1,FEFRTRWA15,BDDHS2017360007,2017-18,DHS,,,,,
BGD,Rangpur,1817890,Age specific fertility rate: 15-19,110,0,BD,Bangladesh,2017,BD2017DHS,FE_FRTR_W_A15,11763010,I,360008,1360080,Region,..Rangpur,0,,0,1,FEFRTRWA15,BDDHS2017360008,2017-18,DHS,,,,,1
BGD,Rajshahi,1817903,Age specific fertility rate: 15-19,130,0,BD,Bangladesh,2017,BD2017DHS,FE_FRTR_W_A15,11763010,I,360009,1360090,Region,..Rajshahi,0,,0,1,FEFRTRWA15,BDDHS2017360009,2017-18,DHS,,,,,1
BGD,Barishal,4664593,Married women currently using any method of contraception,61.6,1,BD,Bangladesh,2017,BD2017DHS,FP_CUSM_W_ANY,32633010,I,360001,1360010,Region,Barishal,0,,0,1,FPCUSMWANY,BDDHS2017360001,2017-18,DHS,1056,2012,,,1
BGD,Chattogram/Sylhet,6368514,Married women currently using any method of contraception,54.1,1,BD,Bangladesh,2017,BD2017DHS,FP_CUSM_W_ANY,32633010,I,360002,1360020,Region,Chattogram/Sylhet,0,,0,1,FPCUSMWANY,BDDHS2017360002,2017-18,DHS,4498,4756,,,
BGD,Chattogram,475569,Married women currently using any method of contraception,53.7,1,BD,Bangladesh,2017,BD2017DHS,FP_CUSM_W_ANY,32633010,I,360003,1360030,Region,..Chattogram,0,,0,1,FPCUSMWANY,BDDHS2017360003,2017-18,DHS,3414,2731,,,1
BGD,Sylhet,1556876,Married women currently using any method of contraception,55.4,1,BD,Bangladesh,2017,BD2017DHS,FP_CUSM_W_ANY,32633010,I,360004,1360040,Region,..Sylhet,0,,0,1,FPCUSMWANY,BDDHS2017360004,2017-18,DHS,1085,2025,,,1
BGD,Dhaka before 2015,5140724,Married women currently using any method of contraception,62.4,1,BD,Bangladesh,2017,BD2017DHS,FP_CUSM_W_ANY,32633010,I,360005,1360050,Region,Dhaka before 2015,0,,0,1,FPCUSMWANY,BDDHS2017360005,2017-18,DHS,6332,4875,,,
BGD,Dhaka,4116720,Married women currently using any method of contraception,62.2,1,BD,Bangladesh,2017,BD2017DHS,FP_CUSM_W_ANY,32633010,I,360010,1360052,Region,..Dhaka,0,,0,1,FPCUSMWANY,BDDHS2017360010,2017-18,DHS,4864,2822,,,1
BGD,Mymensingh,3694744,Married women currently using any method of contraception,63.4,1,BD,Bangladesh,2017,BD2017DHS,FP_CUSM_W_ANY,32633010,I,360011,1360055,Region,..Mymensingh,0,,0,1,FPCUSMWANY,BDDHS2017360011,2017-18,DHS,1468,2053,,,1
BGD,Khulna,3157735,Married women currently using any method of contraception,64.6,1,BD,Bangladesh,2017,BD2017DHS,FP_CUSM_W_ANY,32633010,I,360006,1360060,Region,Khulna,0,,0,1,FPCUSMWANY,BDDHS2017360006,2017-18,DHS,2205,2480,,,1
BGD,Rajshahi/Rangpur,6558281,Married women currently using any method of contraception,67,1,BD,Bangladesh,2017,BD2017DHS,FP_CUSM_W_ANY,32633010,I,360007,1360070,Region,Rajshahi/Rangpur,0,,0,1,FPCUSMWANY,BDDHS2017360007,2017-18,DHS,4892,4772,,,
BGD,Rangpur,4356462,Married women currently using any method of contraception,69.8,1,BD,Bangladesh,2017,BD2017DHS,FP_CUSM_W_ANY,32633010,I,360008,1360080,Region,..Rangpur,0,,0,1,FPCUSMWANY,BDDHS2017360008,2017-18,DHS,2248,2346,,,1
BGD,Rajshahi,6070047,Married women currently using any method of contraception,64.7,1,BD,Bangladesh,2017,BD2017DHS,FP_CUSM_W_ANY,32633010,I,360009,1360090,Region,..Rajshahi,0,,0,1,FPCUSMWANY,BDDHS2017360009,2017-18,DHS,2645,2426,,,1
BGD,Barishal,2845040,Unmet need for family planning,13.9,1,BD,Bangladesh,2017,BD2017DHS,FP_NADM_W_UNT,32933030,I,360001,1360010,Region,Barishal,0,,0,1,FPNADMWUNT,BDDHS2017360001,2017-18,DHS,1056,2012,,,1
BGD,Chattogram/Sylhet,4919846,Unmet need for family planning,17,1,BD,Bangladesh,2017,BD2017DHS,FP_NADM_W_UNT,32933030,I,360002,1360020,Region,Chattogram/Sylhet,0,,0,1,FPNADMWUNT,BDDHS2017360002,2017-18,DHS,4498,4756,,,
BGD,Chattogram,2978817,Unmet need for family planning,18,1,BD,Bangladesh,2017,BD2017DHS,FP_NADM_W_UNT,32933030,I,360003,1360030,Region,..Chattogram,0,,0,1,FPNADMWUNT,BDDHS2017360003,2017-18,DHS,3414,2731,,,1
BGD,Sylhet,6408552,Unmet need for family planning,13.8,1,BD,Bangladesh,2017,BD2017DHS,FP_NADM_W_UNT,32933030,I,360004,1360040,Region,..Sylhet,0,,0,1,FPNADMWUNT,BDDHS2017360004,2017-18,DHS,1085,2025,,,1
BGD,Dhaka before 2015,4258277,Unmet need for family planning,11.7,1,BD,Bangladesh,2017,BD2017DHS,FP_NADM_W_UNT,32933030,I,360005,1360050,Region,Dhaka before 2015,0,,0,1,FPNADMWUNT,BDDHS2017360005,2017-18,DHS,6332,4875,,,
BGD,Dhaka,1549307,Unmet need for family planning,12.3,1,BD,Bangladesh,2017,BD2017DHS,FP_NADM_W_UNT,32933030,I,360010,1360052,Region,..Dhaka,0,,0,1,FPNADMWUNT,BDDHS2017360010,2017-18,DHS,4864,2822,,,1
BGD,Mymensingh,6233191,Unmet need for family planning,9.5,1,BD,Bangladesh,2017,BD2017DHS,FP_NADM_W_UNT,32933030,I,360011,1360055,Region,..Mymensingh,0,,0,1,FPNADMWUNT,BDDHS2017360011,2017-18,DHS,1468,2053,,,1
BGD,Khulna,5015792,Unmet need for family planning,8.5,1,BD,Bangladesh,2017,BD2017DHS,FP_NADM_W_UNT,32933030,I,360006,1360060,Region,Khulna,0,,0,1,FPNADMWUNT,BDDHS2017360006,2017-18,DHS,2205,2480,,,1
BGD,Rajshahi/Rangpur,5067774,Unmet need for family planning,8.9,1,BD,Bangladesh,2017,BD2017DHS,FP_NADM_W_UNT,32933030,I,360007,1360070,Region,Rajshahi/Rangpur,0,,0,1,FPNADMWUNT,BDDHS2017360007,2017-18,DHS,4892,4772,,,
BGD,Rangpur,1556785,Unmet need for family planning,8.1,1,BD,Bangladesh,2017,BD2017DHS,FP_NADM_W_UNT,32933030,I,360008,1360080,Region,..Rangpur,0,,0,1,FPNADMWUNT,BDDHS2017360008,2017-18,DHS,2248,2346,,,1
BGD,Rajshahi,2592366,Unmet need for family planning,9.6,1,BD,Bangladesh,2017,BD2017DHS,FP_NADM_W_UNT,32933030,I,360009,1360090,Region,..Rajshahi,0,,0,1,FPNADMWUNT,BDDHS2017360009,2017-18,DHS,2645,2426,,,1
BGD,Barishal,1736457,Infant mortality rate,39,0,BD,Bangladesh,2017,BD2017DHS,CM_ECMR_C_IMR,63206030,I,360001,1360010,Region,Barishal,14003,Ten years preceding the survey,0,1,CMECMRCIMR,BDDHS2017360001,2017-18,DHS,,,31,48,1
BGD,Chattogram/Sylhet,7432282,Infant mortality rate,41,0,BD,Bangladesh,2017,BD2017DHS,CM_ECMR_C_IMR,63206030,I,360002,1360020,Region,Chattogram/Sylhet,14003,Ten years preceding the survey,0,1,CMECMRCIMR,BDDHS2017360002,2017-18,DHS,,,34,47,
BGD,Chattogram,7507558,Infant mortality rate,35,0,BD,Bangladesh,2017,BD2017DHS,CM_ECMR_C_IMR,63206030,I,360003,1360030,Region,..Chattogram,14003,Ten years preceding the survey,0,1,CMECMRCIMR,BDDHS2017360003,2017-18,DHS,,,27,43,1
BGD,Sylhet,7897759,Infant mortality rate,54,0,BD,Bangladesh,2017,BD2017DHS,CM_ECMR_C_IMR,63206030,I,360004,1360040,Region,..Sylhet,14003,Ten years preceding the survey,0,1,CMECMRCIMR,BDDHS2017360004,2017-18,DHS,,,46,63,1
BGD,Dhaka before 2015,1730150,Infant mortality rate,41,0,BD,Bangladesh,2017,BD2017DHS,CM_ECMR_C_IMR,63206030,I,360005,1360050,Region,Dhaka before 2015,14003,Ten years preceding the survey,0,1,CMECMRCIMR,BDDHS2017360005,2017-18,DHS,,,34,49,
BGD,Dhaka,1730071,Infant mortality rate,41,0,BD,Bangladesh,2017,BD2017DHS,CM_ECMR_C_IMR,63206030,I,360010,1360052,Region,..Dhaka,14003,Ten years preceding the survey,0,1,CMECMRCIMR,BDDHS2017360010,2017-18,DHS,,,32,50,1
BGD,Mymensingh,7897723,Infant mortality rate,43,0,BD,Bangladesh,2017,BD2017DHS,CM_ECMR_C_IMR,63206030,I,360011,1360055,Region,..Mymensingh,14003,Ten years preceding the survey,0,1,CMECMRCIMR,BDDHS2017360011,2017-18,DHS,,,35,52,1
BGD,Khulna,7777852,Infant mortality rate,34,0,BD,Bangladesh,2017,BD2017DHS,CM_ECMR_C_IMR,63206030,I,360006,1360060,Region,Khulna,14003,Ten years preceding the survey,0,1,CMECMRCIMR,BDDHS2017360006,2017-18,DHS,,,25,43,1
BGD,Rajshahi/Rangpur,7575580,Infant mortality rate,43,0,BD,Bangladesh,2017,BD2017DHS,CM_ECMR_C_IMR,63206030,I,360007,1360070,Region,Rajshahi/Rangpur,14003,Ten years preceding the survey,0,1,CMECMRCIMR,BDDHS2017360007,2017-18,DHS,,,36,50,
BGD,Rangpur,7743706,Infant mortality rate,44,0,BD,Bangladesh,2017,BD2017DHS,CM_ECMR_C_IMR,63206030,I,360008,1360080,Region,..Rangpur,14003,Ten years preceding the survey,0,1,CMECMRCIMR,BDDHS2017360008,2017-18,DHS,,,33,55,1
BGD,Rajshahi,7718446,Infant mortality rate,41,0,BD,Bangladesh,2017,BD2017DHS,CM_ECMR_C_IMR,63206030,I,360009,1360090,Region,..Rajshahi,14003,Ten years preceding the survey,0,1,CMECMRCIMR,BDDHS2017360009,2017-18,DHS,,,32,51,1
BGD,Barishal,1736425,Under-five mortality rate,51,0,BD,Bangladesh,2017,BD2017DHS,CM_ECMR_C_U5M,63206050,I,360001,1360010,Region,Barishal,14003,Ten years preceding the survey,0,1,CMECMRCU5M,BDDHS2017360001,2017-18,DHS,,,41,61,1
BGD,Chattogram/Sylhet,1730082,Under-five mortality rate,51,0,BD,Bangladesh,2017,BD2017DHS,CM_ECMR_C_U5M,63206050,I,360002,1360020,Region,Chattogram/Sylhet,14003,Ten years preceding the survey,0,1,CMECMRCU5M,BDDHS2017360002,2017-18,DHS,,,43,58,
BGD,Chattogram,7446288,Under-five mortality rate,46,0,BD,Bangladesh,2017,BD2017DHS,CM_ECMR_C_U5M,63206050,I,360003,1360030,Region,..Chattogram,14003,Ten years preceding the survey,0,1,CMECMRCU5M,BDDHS2017360003,2017-18,DHS,,,36,56,1
BGD,Sylhet,1736573,Under-five mortality rate,63,0,BD,Bangladesh,2017,BD2017DHS,CM_ECMR_C_U5M,63206050,I,360004,1360040,Region,..Sylhet,14003,Ten years preceding the survey,0,1,CMECMRCU5M,BDDHS2017360004,2017-18,DHS,,,54,73,1
BGD,Dhaka before 2015,7978052,Under-five mortality rate,49,0,BD,Bangladesh,2017,BD2017DHS,CM_ECMR_C_U5M,63206050,I,360005,1360050,Region,Dhaka before 2015,14003,Ten years preceding the survey,0,1,CMECMRCU5M,BDDHS2017360005,2017-18,DHS,,,41,56,
BGD,Dhaka,7782627,Under-five mortality rate,48,0,BD,Bangladesh,2017,BD2017DHS,CM_ECMR_C_U5M,63206050,I,360010,1360052,Region,..Dhaka,14003,Ten years preceding the survey,0,1,CMECMRCU5M,BDDHS2017360010,2017-18,DHS,,,38,57,1
BGD,Mymensingh,1736577,Under-five mortality rate,51,0,BD,Bangladesh,2017,BD2017DHS,CM_ECMR_C_U5M,63206050,I,360011,1360055,Region,..Mymensingh,14003,Ten years preceding the survey,0,1,CMECMRCU5M,BDDHS2017360011,2017-18,DHS,,,42,60,1
BGD,Khulna,1723848,Under-five mortality rate,38,0,BD,Bangladesh,2017,BD2017DHS,CM_ECMR_C_U5M,63206050,I,360006,1360060,Region,Khulna,14003,Ten years preceding the survey,0,1,CMECMRCU5M,BDDHS2017360006,2017-18,DHS,,,29,47,1
BGD,Rajshahi/Rangpur,7749512,Under-five mortality rate,50,0,BD,Bangladesh,2017,BD2017DHS,CM_ECMR_C_U5M,63206050,I,360007,1360070,Region,Rajshahi/Rangpur,14003,Ten years preceding the survey,0,1,CMECMRCU5M,BDDHS2017360007,2017-18,DHS,,,42,57,
BGD,Rangpur,7618847,Under-five mortality rate,47,0,BD,Bangladesh,2017,BD2017DHS,CM_ECMR_C_U5M,63206050,I,360008,1360080,Region,..Rangpur,14003,Ten years preceding the survey,0,1,CMECMRCU5M,BDDHS2017360008,2017-18,DHS,,,36,59,1
BGD,Rajshahi,7877644,Under-five mortality rate,52,0,BD,Bangladesh,2017,BD2017DHS,CM_ECMR_C_U5M,63206050,I,360009,1360090,Region,..Rajshahi,14003,Ten years preceding the survey,0,1,CMECMRCU5M,BDDHS2017360009,2017-18,DHS,,,42,62,1
BGD,Barishal,6576157,Antenatal care from a skilled provider,76.5,1,BD,Bangladesh,2017,BD2017DHS,RH_ANCP_W_SKP,83363120,I,360001,1360010,Region,Barishal,14000,Three years preceding the survey,0,0,RHANCPWSKP,BDDHS2017360001,2017-18,DHS,288,533,,,1
BGD,Barishal,328471,Antenatal care from a skilled provider,77.6,1,BD,Bangladesh,2017,BD2017DHS,RH_ANCP_W_SKP,83363120,I,360001,1360010,Region,Barishal,14002,Two years preceding the survey,0,1,RHANCPWSKP,BDDHS2017360001,2017-18,DHS,208,387,,,1
BGD,Chattogram/Sylhet,2206552,Antenatal care from a skilled provider,80.1,1,BD,Bangladesh,2017,BD2017DHS,RH_ANCP_W_SKP,83363120,I,360002,1360020,Region,Chattogram/Sylhet,14000,Three years preceding the survey,0,0,RHANCPWSKP,BDDHS2017360002,2017-18,DHS,1454,1525,,,
BGD,Chattogram/Sylhet,2206570,Antenatal care from a skilled provider,79.3,1,BD,Bangladesh,2017,BD2017DHS,RH_ANCP_W_SKP,83363120,I,360002,1360020,Region,Chattogram/Sylhet,14002,Two years preceding the survey,0,1,RHANCPWSKP,BDDHS2017360002,2017-18,DHS,1016,1069,,,
BGD,Chattogram,6430451,Antenatal care from a skilled provider,83.2,1,BD,Bangladesh,2017,BD2017DHS,RH_ANCP_W_SKP,83363120,I,360003,1360030,Region,..Chattogram,14000,Three years preceding the survey,0,0,RHANCPWSKP,BDDHS2017360003,2017-18,DHS,1071,835,,,1
BGD,Chattogram,6985218,Antenatal care from a skilled provider,82.8,1,BD,Bangladesh,2017,BD2017DHS,RH_ANCP_W_SKP,83363120,I,360003,1360030,Region,..Chattogram,14002,Two years preceding the survey,0,1,RHANCPWSKP,BDDHS2017360003,2017-18,DHS,738,575,,,1
BGD,Sylhet,4104757,Antenatal care from a skilled provider,71.4,1,BD,Bangladesh,2017,BD2017DHS,RH_ANCP_W_SKP,83363120,I,360004,1360040,Region,..Sylhet,14000,Three years preceding the survey,0,0,RHANCPWSKP,BDDHS2017360004,2017-18,DHS,383,690,,,1
BGD,Sylhet,7796382,Antenatal care from a skilled provider,69.9,1,BD,Bangladesh,2017,BD2017DHS,RH_ANCP_W_SKP,83363120,I,360004,1360040,Region,..Sylhet,14002,Two years preceding the survey,0,1,RHANCPWSKP,BDDHS2017360004,2017-18,DHS,278,494,,,1
BGD,Dhaka before 2015,4594460,Antenatal care from a skilled provider,83.3,1,BD,Bangladesh,2017,BD2017DHS,RH_ANCP_W_SKP,83363120,I,360005,1360050,Region,Dhaka before 2015,14000,Three years preceding the survey,0,0,RHANCPWSKP,BDDHS2017360005,2017-18,DHS,1724,1344,,,
BGD,Dhaka before 2015,6626690,Antenatal care from a skilled provider,84.4,1,BD,Bangladesh,2017,BD2017DHS,RH_ANCP_W_SKP,83363120,I,360005,1360050,Region,Dhaka before 2015,14002,Two years preceding the survey,0,1,RHANCPWSKP,BDDHS2017360005,2017-18,DHS,1185,926,,,
BGD,Dhaka,7935216,Antenatal care from a skilled provider,87,1,BD,Bangladesh,2017,BD2017DHS,RH_ANCP_W_SKP,83363120,I,360010,1360052,Region,..Dhaka,14000,Three years preceding the survey,0,0,RHANCPWSKP,BDDHS2017360010,2017-18,DHS,1293,741,,,1
BGD,Dhaka,4827792,Antenatal care from a skilled provider,87.8,1,BD,Bangladesh,2017,BD2017DHS,RH_ANCP_W_SKP,83363120,I,360010,1360052,Region,..Dhaka,14002,Two years preceding the survey,0,1,RHANCPWSKP,BDDHS2017360010,2017-18,DHS,887,508,,,1
BGD,Mymensingh,7060242,Antenatal care from a skilled provider,72.2,1,BD,Bangladesh,2017,BD2017DHS,RH_ANCP_W_SKP,83363120,I,360011,1360055,Region,..Mymensingh,14000,Three years preceding the survey,0,0,RHANCPWSKP,BDDHS2017360011,2017-18,DHS,431,603,,,1
BGD,Mymensingh,983885,Antenatal care from a skilled provider,74.2,1,BD,Bangladesh,2017,BD2017DHS,RH_ANCP_W_SKP,83363120,I,360011,1360055,Region,..Mymensingh,14002,Two years preceding the survey,0,1,RHANCPWSKP,BDDHS2017360011,2017-18,DHS,298,418,,,1
BGD,Khulna,4676084,Antenatal care from a skilled provider,90.7,1,BD,Bangladesh,2017,BD2017DHS,RH_ANCP_W_SKP,83363120,I,360006,1360060,Region,Khulna,14000,Three years preceding the survey,0,0,RHANCPWSKP,BDDHS2017360006,2017-18,DHS,464,524,,,1
BGD,Khulna,6530198,Antenatal care from a skilled provider,90.7,1,BD,Bangladesh,2017,BD2017DHS,RH_ANCP_W_SKP,83363120,I,360006,1360060,Region,Khulna,14002,Two years preceding the survey,0,1,RHANCPWSKP,BDDHS2017360006,2017-18,DHS,322,362,,,1
BGD,Rajshahi/Rangpur,977603,Antenatal care from a skilled provider,79.8,1,BD,Bangladesh,2017,BD2017DHS,RH_ANCP_W_SKP,83363120,I,360007,1360070,Region,Rajshahi/Rangpur,14000,Three years preceding the survey,0,0,RHANCPWSKP,BDDHS2017360007,2017-18,DHS,1121,1086,,,
BGD,Rajshahi/Rangpur,6072545,Antenatal care from a skilled provider,80.1,1,BD,Bangladesh,2017,BD2017DHS,RH_ANCP_W_SKP,83363120,I,360007,1360070,Region,Rajshahi/Rangpur,14002,Two years preceding the survey,0,1,RHANCPWSKP,BDDHS2017360007,2017-18,DHS,766,746,,,
BGD,Rangpur,3503172,Antenatal care from a skilled provider,74.6,1,BD,Bangladesh,2017,BD2017DHS,RH_ANCP_W_SKP,83363120,I,360008,1360080,Region,..Rangpur,14000,Three years preceding the survey,0,0,RHANCPWSKP,BDDHS2017360008,2017-18,DHS,534,559,,,1
BGD,Rangpur,5556339,Antenatal care from a skilled provider,75.1,1,BD,Bangladesh,2017,BD2017DHS,RH_ANCP_W_SKP,83363120,I,360008,1360080,Region,..Rangpur,14002,Two years preceding the survey,0,1,RHANCPWSKP,BDDHS2017360008,2017-18,DHS,379,394,,,1
BGD,Rajshahi,2222676,Antenatal care from a skilled provider,84.5,1,BD,Bangladesh,2017,BD2017DHS,RH_ANCP_W_SKP,83363120,I,360009,1360090,Region,..Rajshahi,14000,Three years preceding the survey,0,0,RHANCPWSKP,BDDHS2017360009,2017-18,DHS,587,527,,,1
BGD,Rajshahi,4508446,Antenatal care from a skilled provider,85,1,BD,Bangladesh,2017,BD2017DHS,RH_ANCP_W_SKP,83363120,I,360009,1360090,Region,..Rajshahi,14002,Two years preceding the survey,0,1,RHANCPWSKP,BDDHS2017360009,2017-18,DHS,387,352,,,1
BGD,Barishal,4941777,Antenatal visits for pregnancy: 4+ visits,37.9,1,BD,Bangladesh,2017,BD2017DHS,RH_ANCN_W_N4P,83403040,I,360001,1360010,Region,Barishal,14000,Three years preceding the survey,0,0,RHANCNWN4P,BDDHS2017360001,2017-18,DHS,288,533,,,1
BGD,Barishal,4277852,Antenatal visits for pregnancy: 4+ visits,36.1,1,BD,Bangladesh,2017,BD2017DHS,RH_ANCN_W_N4P,83403040,I,360001,1360010,Region,Barishal,14002,Two years preceding the survey,0,1,RHANCNWN4P,BDDHS2017360001,2017-18,DHS,208,387,,,1
BGD,Chattogram/Sylhet,2206590,Antenatal visits for pregnancy: 4+ visits,37.5,1,BD,Bangladesh,2017,BD2017DHS,RH_ANCN_W_N4P,83403040,I,360002,1360020,Region,Chattogram/Sylhet,14000,Three years preceding the survey,0,0,RHANCNWN4P,BDDHS2017360002,2017-18,DHS,1454,1525,,,
BGD,Chattogram/Sylhet,7151820,Antenatal visits for pregnancy: 4+ visits,37.1,1,BD,Bangladesh,2017,BD2017DHS,RH_ANCN_W_N4P,83403040,I,360002,1360020,Region,Chattogram/Sylhet,14002,Two years preceding the survey,0,1,RHANCNWN4P,BDDHS2017360002,2017-18,DHS,1016,1069,,,
BGD,Chattogram,6233483,Antenatal visits for pregnancy: 4+ visits,38.6,1,BD,Bangladesh,2017,BD2017DHS,RH_ANCN_W_N4P,83403040,I,360003,1360030,Region,..Chattogram,14000,Three years preceding the survey,0,0,RHANCNWN4P,BDDHS2017360003,2017-18,DHS,1071,835,,,1
BGD,Chattogram,5657488,Antenatal visits for pregnancy: 4+ visits,38,1,BD,Bangladesh,2017,BD2017DHS,RH_ANCN_W_N4P,83403040,I,360003,1360030,Region,..Chattogram,14002,Two years preceding the survey,0,1,RHANCNWN4P,BDDHS2017360003,2017-18,DHS,738,575,,,1
BGD,Sylhet,5983632,Antenatal visits for pregnancy: 4+ visits,34.6,1,BD,Bangladesh,2017,BD2017DHS,RH_ANCN_W_N4P,83403040,I,360004,1360040,Region,..Sylhet,14000,Three years preceding the survey,0,0,RHANCNWN4P,BDDHS2017360004,2017-18,DHS,383,690,,,1
BGD,Sylhet,7797281,Antenatal visits for pregnancy: 4+ visits,34.9,1,BD,Bangladesh,2017,BD2017DHS,RH_ANCN_W_N4P,83403040,I,360004,1360040,Region,..Sylhet,14002,Two years preceding the survey,0,1,RHANCNWN4P,BDDHS2017360004,2017-18,DHS,278,494,,,1
BGD,Dhaka before 2015,6139215,Antenatal visits for pregnancy: 4+ visits,49.7,1,BD,Bangladesh,2017,BD2017DHS,RH_ANCN_W_N4P,83403040,I,360005,1360050,Region,Dhaka before 2015,14000,Three years preceding the survey,0,0,RHANCNWN4P,BDDHS2017360005,2017-18,DHS,1724,1344,,,
BGD,Dhaka before 2015,3280639,Antenatal visits for pregnancy: 4+ visits,48.6,1,BD,Bangladesh,2017,BD2017DHS,RH_ANCN_W_N4P,83403040,I,360005,1360050,Region,Dhaka before 2015,14002,Two years preceding the survey,0,1,RHANCNWN4P,BDDHS2017360005,2017-18,DHS,1185,926,,,
BGD,Dhaka,7935980,Antenatal visits for pregnancy: 4+ visits,51.2,1,BD,Bangladesh,2017,BD2017DHS,RH_ANCN_W_N4P,83403040,I,360010,1360052,Region,..Dhaka,14000,Three years preceding the survey,0,0,RHANCNWN4P,BDDHS2017360010,2017-18,DHS,1293,741,,,1
BGD,Dhaka,159736,Antenatal visits for pregnancy: 4+ visits,51,1,BD,Bangladesh,2017,BD2017DHS,RH_ANCN_W_N4P,83403040,I,360010,1360052,Region,..Dhaka,14002,Two years preceding the survey,0,1,RHANCNWN4P,BDDHS2017360010,2017-18,DHS,887,508,,,1
BGD,Mymensingh,3254751,Antenatal visits for pregnancy: 4+ visits,45.4,1,BD,Bangladesh,2017,BD2017DHS,RH_ANCN_W_N4P,83403040,I,360011,1360055,Region,..Mymensingh,14000,Three years preceding the survey,0,0,RHANCNWN4P,BDDHS2017360011,2017-18,DHS,431,603,,,1
BGD,Mymensingh,2212438,Antenatal visits for pregnancy: 4+ visits,41.2,1,BD,Bangladesh,2017,BD2017DHS,RH_ANCN_W_N4P,83403040,I,360011,1360055,Region,..Mymensingh,14002,Two years preceding the survey,0,1,RHANCNWN4P,BDDHS2017360011,2017-18,DHS,298,418,,,1
BGD,Khulna,4986072,Antenatal visits for pregnancy: 4+ visits,57,1,BD,Bangladesh,2017,BD2017DHS,RH_ANCN_W_N4P,83403040,I,360006,1360060,Region,Khulna,14000,Three years preceding the survey,0,0,RHANCNWN4P,BDDHS2017360006,2017-18,DHS,464,524,,,1
BGD,Khulna,2218623,Antenatal visits for pregnancy: 4+ visits,55.3,1,BD,Bangladesh,2017,BD2017DHS,RH_ANCN_W_N4P,83403040,I,360006,1360060,Region,Khulna,14002,Two years preceding the survey,0,1,RHANCNWN4P,BDDHS2017360006,2017-18,DHS,322,362,,,1
BGD,Rajshahi/Rangpur,4236206,Antenatal visits for pregnancy: 4+ visits,53.3,1,BD,Bangladesh,2017,BD2017DHS,RH_ANCN_W_N4P,83403040,I,360007,1360070,Region,Rajshahi/Rangpur,14000,Three years preceding the survey,0,0,RHANCNWN4P,BDDHS2017360007,2017-18,DHS,1121,1086,,,
BGD,Rajshahi/Rangpur,6334463,Antenatal visits for pregnancy: 4+ visits,51.6,1,BD,Bangladesh,2017,BD2017DHS,RH_ANCN_W_N4P,83403040,I,360007,1360070,Region,Rajshahi/Rangpur,14002,Two years preceding the survey,0,1,RHANCNWN4P,BDDHS2017360007,2017-18,DHS,766,746,,,
BGD,Rangpur,2564961,Antenatal visits for pregnancy: 4+ visits,59.2,1,BD,Bangladesh,2017,BD2017DHS,RH_ANCN_W_N4P,83403040,I,360008,1360080,Region,..Rangpur,14000,Three years preceding the survey,0,0,RHANCNWN4P,BDDHS2017360008,2017-18,DHS,534,559,,,1
BGD,Rangpur,5996922,Antenatal visits for pregnancy: 4+ visits,56.1,1,BD,Bangladesh,2017,BD2017DHS,RH_ANCN_W_N4P,83403040,I,360008,1360080,Region,..Rangpur,14002,Two years preceding the survey,0,1,RHANCNWN4P,BDDHS2017360008,2017-18,DHS,379,394,,,1
BGD,Rajshahi,2970121,Antenatal visits for pregnancy: 4+ visits,47.9,1,BD,Bangladesh,2017,BD2017DHS,RH_ANCN_W_N4P,83403040,I,360009,1360090,Region,..Rajshahi,14000,Three years preceding the survey,0,0,RHANCNWN4P,BDDHS2017360009,2017-18,DHS,587,527,,,1
BGD,Rajshahi,2933016,Antenatal visits for pregnancy: 4+ visits,47.1,1,BD,Bangladesh,2017,BD2017DHS,RH_ANCN_W_N4P,83403040,I,360009,1360090,Region,..Rajshahi,14002,Two years preceding the survey,0,1,RHANCNWN4P,BDDHS2017360009,2017-18,DHS,387,352,,,1
BGD,Barishal,786920,Assistance during delivery from a skilled provider,47.1,1,BD,Bangladesh,2017,BD2017DHS,RH_DELA_C_SKP,83606110,I,360001,1360010,Region,Barishal,14000,Three years preceding the survey,0,0,RHDELACSKP,BDDHS2017360001,2017-18,DHS,303,561,,,1
BGD,Barishal,499895,Assistance during delivery from a skilled provider,50.5,1,BD,Bangladesh,2017,BD2017DHS,RH_DELA_C_SKP,83606110,I,360001,1360010,Region,Barishal,14002,Two years preceding the survey,0,1,RHDELACSKP,BDDHS2017360001,2017-18,DHS,214,395,,,1
BGD,Chattogram/Sylhet,6198040,Assistance during delivery from a skilled provider,47.3,1,BD,Bangladesh,2017,BD2017DHS,RH_DELA_C_SKP,83606110,I,360002,1360020,Region,Chattogram/Sylhet,14000,Three years preceding the survey,0,0,RHDELACSKP,BDDHS2017360002,2017-18,DHS,1567,1652,,,
BGD,Chattogram/Sylhet,2206752,Assistance during delivery from a skilled provider,49.2,1,BD,Bangladesh,2017,BD2017DHS,RH_DELA_C_SKP,83606110,I,360002,1360020,Region,Chattogram/Sylhet,14002,Two years preceding the survey,0,1,RHDELACSKP,BDDHS2017360002,2017-18,DHS,1043,1102,,,
BGD,Chattogram,5463410,Assistance during delivery from a skilled provider,50.2,1,BD,Bangladesh,2017,BD2017DHS,RH_DELA_C_SKP,83606110,I,360003,1360030,Region,..Chattogram,14000,Three years preceding the survey,0,0,RHDELACSKP,BDDHS2017360003,2017-18,DHS,1141,890,,,1
BGD,Chattogram,3785340,Assistance during delivery from a skilled provider,51.6,1,BD,Bangladesh,2017,BD2017DHS,RH_DELA_C_SKP,83606110,I,360003,1360030,Region,..Chattogram,14002,Two years preceding the survey,0,1,RHDELACSKP,BDDHS2017360003,2017-18,DHS,754,588,,,1
BGD,Sylhet,3754139,Assistance during delivery from a skilled provider,39.3,1,BD,Bangladesh,2017,BD2017DHS,RH_DELA_C_SKP,83606110,I,360004,1360040,Region,..Sylhet,14000,Three years preceding the survey,0,0,RHDELACSKP,BDDHS2017360004,2017-18,DHS,425,762,,,1
BGD,Sylhet,7793676,Assistance during delivery from a skilled provider,42.9,1,BD,Bangladesh,2017,BD2017DHS,RH_DELA_C_SKP,83606110,I,360004,1360040,Region,..Sylhet,14002,Two years preceding the survey,0,1,RHDELACSKP,BDDHS2017360004,2017-18,DHS,289,514,,,1
BGD,Dhaka before 2015,2618968,Assistance during delivery from a skilled provider,55.9,1,BD,Bangladesh,2017,BD2017DHS,RH_DELA_C_SKP,83606110,I,360005,1360050,Region,Dhaka before 2015,14000,Three years preceding the survey,0,0,RHDELACSKP,BDDHS2017360005,2017-18,DHS,1809,1412,,,
BGD,Dhaka before 2015,3881427,Assistance during delivery from a skilled provider,56.1,1,BD,Bangladesh,2017,BD2017DHS,RH_DELA_C_SKP,83606110,I,360005,1360050,Region,Dhaka before 2015,14002,Two years preceding the survey,0,1,RHDELACSKP,BDDHS2017360005,2017-18,DHS,1215,949,,,
BGD,Dhaka,7935267,Assistance during delivery from a skilled provider,60.5,1,BD,Bangladesh,2017,BD2017DHS,RH_DELA_C_SKP,83606110,I,360010,1360052,Region,..Dhaka,14000,Three years preceding the survey,0,0,RHDELACSKP,BDDHS2017360010,2017-18,DHS,1359,779,,,1
BGD,Dhaka,4400812,Assistance during delivery from a skilled provider,61.4,1,BD,Bangladesh,2017,BD2017DHS,RH_DELA_C_SKP,83606110,I,360010,1360052,Region,..Dhaka,14002,Two years preceding the survey,0,1,RHDELACSKP,BDDHS2017360010,2017-18,DHS,912,523,,,1
BGD,Mymensingh,85724,Assistance during delivery from a skilled provider,41.8,1,BD,Bangladesh,2017,BD2017DHS,RH_DELA_C_SKP,83606110,I,360011,1360055,Region,..Mymensingh,14000,Three years preceding the survey,0,0,RHDELACSKP,BDDHS2017360011,2017-18,DHS,451,633,,,1
BGD,Mymensingh,6618923,Assistance during delivery from a skilled provider,40.2,1,BD,Bangladesh,2017,BD2017DHS,RH_DELA_C_SKP,83606110,I,360011,1360055,Region,..Mymensingh,14002,Two years preceding the survey,0,1,RHDELACSKP,BDDHS2017360011,2017-18,DHS,303,426,,,1
BGD,Khulna,4478376,Assistance during delivery from a skilled provider,63.6,1,BD,Bangladesh,2017,BD2017DHS,RH_DELA_C_SKP,83606110,I,360006,1360060,Region,Khulna,14000,Three years preceding the survey,0,0,RHDELACSKP,BDDHS2017360006,2017-18,DHS,481,545,,,1
BGD,Khulna,7285022,Assistance during delivery from a skilled provider,64.8,1,BD,Bangladesh,2017,BD2017DHS,RH_DELA_C_SKP,83606110,I,360006,1360060,Region,Khulna,14002,Two years preceding the survey,0,1,RHDELACSKP,BDDHS2017360006,2017-18,DHS,330,371,,,1
BGD,Rajshahi/Rangpur,6583841,Assistance during delivery from a skilled provider,52.1,1,BD,Bangladesh,2017,BD2017DHS,RH_DELA_C_SKP,83606110,I,360007,1360070,Region,Rajshahi/Rangpur,14000,Three years preceding the survey,0,0,RHDELACSKP,BDDHS2017360007,2017-18,DHS,1177,1134,,,
BGD,Rajshahi/Rangpur,2912499,Assistance during delivery from a skilled provider,53,1,BD,Bangladesh,2017,BD2017DHS,RH_DELA_C_SKP,83606110,I,360007,1360070,Region,Rajshahi/Rangpur,14002,Two years preceding the survey,0,1,RHDELACSKP,BDDHS2017360007,2017-18,DHS,789,764,,,
BGD,Rangpur,610137,Assistance during delivery from a skilled provider,49.1,1,BD,Bangladesh,2017,BD2017DHS,RH_DELA_C_SKP,83606110,I,360008,1360080,Region,..Rangpur,14000,Three years preceding the survey,0,0,RHDELACSKP,BDDHS2017360008,2017-18,DHS,555,580,,,1
BGD,Rangpur,3768424,Assistance during delivery from a skilled provider,50.1,1,BD,Bangladesh,2017,BD2017DHS,RH_DELA_C_SKP,83606110,I,360008,1360080,Region,..Rangpur,14002,Two years preceding the survey,0,1,RHDELACSKP,BDDHS2017360008,2017-18,DHS,385,399,,,1
BGD,Rajshahi,2222894,Assistance during delivery from a skilled provider,54.7,1,BD,Bangladesh,2017,BD2017DHS,RH_DELA_C_SKP,83606110,I,360009,1360090,Region,..Rajshahi,14000,Three years preceding the survey,0,0,RHDELACSKP,BDDHS2017360009,2017-18,DHS,622,554,,,1
BGD,Rajshahi,2222914,Assistance during delivery from a skilled provider,55.7,1,BD,Bangladesh,2017,BD2017DHS,RH_DELA_C_SKP,83606110,I,360009,1360090,Region,..Rajshahi,14002,Two years preceding the survey,0,1,RHDELACSKP,BDDHS2017360009,2017-18,DHS,404,365,,,1
BGD,Barishal,37952,Children underweight,22.5,1,BD,Bangladesh,2017,BD2017DHS,CN_NUTS_C_WA2,104236090,I,360001,1360010,Region,Barishal,0,,0,1,CNNUTSCWA2,BDDHS2017360001,2017-18,DHS,470,870,,,1
BGD,Chattogram/Sylhet,6343465,Children underweight,24.5,1,BD,Bangladesh,2017,BD2017DHS,CN_NUTS_C_WA2,104236090,I,360002,1360020,Region,Chattogram/Sylhet,0,,0,1,CNNUTSCWA2,BDDHS2017360002,2017-18,DHS,2380,2537,,,
BGD,Chattogram,4189617,Children underweight,21.3,1,BD,Bangladesh,2017,BD2017DHS,CN_NUTS_C_WA2,104236090,I,360003,1360030,Region,..Chattogram,0,,0,1,CNNUTSCWA2,BDDHS2017360003,2017-18,DHS,1707,1338,,,1
BGD,Sylhet,5354428,Children underweight,32.7,1,BD,Bangladesh,2017,BD2017DHS,CN_NUTS_C_WA2,104236090,I,360004,1360040,Region,..Sylhet,0,,0,1,CNNUTSCWA2,BDDHS2017360004,2017-18,DHS,673,1199,,,1
BGD,Dhaka before 2015,3704782,Children underweight,20.4,1,BD,Bangladesh,2017,BD2017DHS,CN_NUTS_C_WA2,104236090,I,360005,1360050,Region,Dhaka before 2015,0,,0,1,CNNUTSCWA2,BDDHS2017360005,2017-18,DHS,2767,2172,,,
BGD,Dhaka,4227153,Children underweight,18.5,1,BD,Bangladesh,2017,BD2017DHS,CN_NUTS_C_WA2,104236090,I,360010,1360052,Region,..Dhaka,0,,0,1,CNNUTSCWA2,BDDHS2017360010,2017-18,DHS,2056,1184,,,1
BGD,Mymensingh,6931232,Children underweight,25.9,1,BD,Bangladesh,2017,BD2017DHS,CN_NUTS_C_WA2,104236090,I,360011,1360055,Region,..Mymensingh,0,,0,1,CNNUTSCWA2,BDDHS2017360011,2017-18,DHS,710,988,,,1
BGD,Khulna,121519,Children underweight,19.2,1,BD,Bangladesh,2017,BD2017DHS,CN_NUTS_C_WA2,104236090,I,360006,1360060,Region,Khulna,0,,0,1,CNNUTSCWA2,BDDHS2017360006,2017-18,DHS,785,878,,,1
BGD,Rajshahi/Rangpur,3404490,Children underweight,21.9,1,BD,Bangladesh,2017,BD2017DHS,CN_NUTS_C_WA2,104236090,I,360007,1360070,Region,Rajshahi/Rangpur,0,,0,1,CNNUTSCWA2,BDDHS2017360007,2017-18,DHS,1932,1857,,,
BGD,Rangpur,1381710,Children underweight,20.6,1,BD,Bangladesh,2017,BD2017DHS,CN_NUTS_C_WA2,104236090,I,360008,1360080,Region,..Rangpur,0,,0,1,CNNUTSCWA2,BDDHS2017360008,2017-18,DHS,923,963,,,1
BGD,Rajshahi,6422247,Children underweight,23,1,BD,Bangladesh,2017,BD2017DHS,CN_NUTS_C_WA2,104236090,I,360009,1360090,Region,..Rajshahi,0,,0,1,CNNUTSCWA2,BDDHS2017360009,2017-18,DHS,1009,894,,,1
BGD,Barishal,1368342,Net primary school attendance rate: Female,87,1,BD,Bangladesh,2017,BD2017DHS,ED_NARP_W_FEM,231033020,I,360001,1360010,Region,Barishal,0,,0,1,EDNARPWFEM,BDDHS2017360001,2017-18,DHS,,,,,1
BGD,Chattogram/Sylhet,1362147,Net primary school attendance rate: Female,86.6,1,BD,Bangladesh,2017,BD2017DHS,ED_NARP_W_FEM,231033020,I,360002,1360020,Region,Chattogram/Sylhet,0,,0,1,EDNARPWFEM,BDDHS2017360002,2017-18,DHS,,,,,
BGD,Chattogram,1368323,Net primary school attendance rate: Female,85.4,1,BD,Bangladesh,2017,BD2017DHS,ED_NARP_W_FEM,231033020,I,360003,1360030,Region,..Chattogram,0,,0,1,EDNARPWFEM,BDDHS2017360003,2017-18,DHS,,,,,1
BGD,Sylhet,1368329,Net primary school attendance rate: Female,89.6,1,BD,Bangladesh,2017,BD2017DHS,ED_NARP_W_FEM,231033020,I,360004,1360040,Region,..Sylhet,0,,0,1,EDNARPWFEM,BDDHS2017360004,2017-18,DHS,,,,,1
BGD,Dhaka before 2015,1362178,Net primary school attendance rate: Female,84.8,1,BD,Bangladesh,2017,BD2017DHS,ED_NARP_W_FEM,231033020,I,360005,1360050,Region,Dhaka before 2015,0,,0,1,EDNARPWFEM,BDDHS2017360005,2017-18,DHS,,,,,
BGD,Dhaka,1362156,Net primary school attendance rate: Female,84.4,1,BD,Bangladesh,2017,BD2017DHS,ED_NARP_W_FEM,231033020,I,360010,1360052,Region,..Dhaka,0,,0,1,EDNARPWFEM,BDDHS2017360010,2017-18,DHS,,,,,1
BGD,Mymensingh,1368338,Net primary school attendance rate: Female,86,1,BD,Bangladesh,2017,BD2017DHS,ED_NARP_W_FEM,231033020,I,360011,1360055,Region,..Mymensingh,0,,0,1,EDNARPWFEM,BDDHS2017360011,2017-18,DHS,,,,,1
BGD,Khulna,1375237,Net primary school attendance rate: Female,91,1,BD,Bangladesh,2017,BD2017DHS,ED_NARP_W_FEM,231033020,I,360006,1360060,Region,Khulna,0,,0,1,EDNARPWFEM,BDDHS2017360006,2017-18,DHS,,,,,1
BGD,Rajshahi/Rangpur,1375262,Net primary school attendance rate: Female,88.6,1,BD,Bangladesh,2017,BD2017DHS,ED_NARP_W_FEM,231033020,I,360007,1360070,Region,Rajshahi/Rangpur,0,,0,1,EDNARPWFEM,BDDHS2017360007,2017-18,DHS,,,,,
BGD,Rangpur,1382018,Net primary school attendance rate: Female,90.3,1,BD,Bangladesh,2017,BD2017DHS,ED_NARP_W_FEM,231033020,I,360008,1360080,Region,..Rangpur,0,,0,1,EDNARPWFEM,BDDHS2017360008,2017-18,DHS,,,,,1
BGD,Rajshahi,1382041,Net primary school attendance rate: Female,86.8,1,BD,Bangladesh,2017,BD2017DHS,ED_NARP_W_FEM,231033020,I,360009,1360090,Region,..Rajshahi,0,,0,1,EDNARPWFEM,BDDHS2017360009,2017-18,DHS,,,,,1
BGD,Barishal,1368345,Net primary school attendance rate: Male,86.7,1,BD,Bangladesh,2017,BD2017DHS,ED_NARP_M_MAL,231034010,I,360001,1360010,Region,Barishal,0,,0,1,EDNARPMMAL,BDDHS2017360001,2017-18,DHS,,,,,1
BGD,Chattogram/Sylhet,1362149,Net primary school attendance rate: Male,84.8,1,BD,Bangladesh,2017,BD2017DHS,ED_NARP_M_MAL,231034010,I,360002,1360020,Region,Chattogram/Sylhet,0,,0,1,EDNARPMMAL,BDDHS2017360002,2017-18,DHS,,,,,
BGD,Chattogram,1368331,Net primary school attendance rate: Male,84.2,1,BD,Bangladesh,2017,BD2017DHS,ED_NARP_M_MAL,231034010,I,360003,1360030,Region,..Chattogram,0,,0,1,EDNARPMMAL,BDDHS2017360003,2017-18,DHS,,,,,1
BGD,Sylhet,1368307,Net primary school attendance rate: Male,86.3,1,BD,Bangladesh,2017,BD2017DHS,ED_NARP_M_MAL,231034010,I,360004,1360040,Region,..Sylhet,0,,0,1,EDNARPMMAL,BDDHS2017360004,2017-18,DHS,,,,,1
BGD,Dhaka before 2015,1362212,Net primary school attendance rate: Male,82.3,1,BD,Bangladesh,2017,BD2017DHS,ED_NARP_M_MAL,231034010,I,360005,1360050,Region,Dhaka before 2015,0,,0,1,EDNARPMMAL,BDDHS2017360005,2017-18,DHS,,,,,
BGD,Dhaka,1362159,Net primary school attendance rate: Male,81.4,1,BD,Bangladesh,2017,BD2017DHS,ED_NARP_M_MAL,231034010,I,360010,1360052,Region,..Dhaka,0,,0,1,EDNARPMMAL,BDDHS2017360010,2017-18,DHS,,,,,1
BGD,Mymensingh,1368344,Net primary school attendance rate: Male,84.7,1,BD,Bangladesh,2017,BD2017DHS,ED_NARP_M_MAL,231034010,I,360011,1360055,Region,..Mymensingh,0,,0,1,EDNARPMMAL,BDDHS2017360011,2017-18,DHS,,,,,1
BGD,Khulna,1375235,Net primary school attendance rate: Male,84.8,1,BD,Bangladesh,2017,BD2017DHS,ED_NARP_M_MAL,231034010,I,360006,1360060,Region,Khulna,0,,0,1,EDNARPMMAL,BDDHS2017360006,2017-18,DHS,,,,,1
BGD,Rajshahi/Rangpur,1375283,Net primary school attendance rate: Male,84.7,1,BD,Bangladesh,2017,BD2017DHS,ED_NARP_M_MAL,231034010,I,360007,1360070,Region,Rajshahi/Rangpur,0,,0,1,EDNARPMMAL,BDDHS2017360007,2017-18,DHS,,,,,
BGD,Rangpur,1382017,Net primary school attendance rate: Male,88.3,1,BD,Bangladesh,2017,BD2017DHS,ED_NARP_M_MAL,231034010,I,360008,1360080,Region,..Rangpur,0,,0,1,EDNARPMMAL,BDDHS2017360008,2017-18,DHS,,,,,1
BGD,Rajshahi,1382044,Net primary school attendance rate: Male,81.5,1,BD,Bangladesh,2017,BD2017DHS,ED_NARP_M_MAL,231034010,I,360009,1360090,Region,..Rajshahi,0,,0,1,EDNARPMMAL,BDDHS2017360009,2017-18,DHS,,,,,1
BGD,Barishal,1368340,Net primary school attendance rate: Total,86.9,1,BD,Bangladesh,2017,BD2017DHS,ED_NARP_B_BTH,231035030,I,360001,1360010,Region,Barishal,0,,0,1,EDNARPBBTH,BDDHS2017360001,2017-18,DHS,,,,,1
BGD,Chattogram/Sylhet,1362146,Net primary school attendance rate: Total,85.7,1,BD,Bangladesh,2017,BD2017DHS,ED_NARP_B_BTH,231035030,I,360002,1360020,Region,Chattogram/Sylhet,0,,0,1,EDNARPBBTH,BDDHS2017360002,2017-18,DHS,,,,,
BGD,Chattogram,1368332,Net primary school attendance rate: Total,84.8,1,BD,Bangladesh,2017,BD2017DHS,ED_NARP_B_BTH,231035030,I,360003,1360030,Region,..Chattogram,0,,0,1,EDNARPBBTH,BDDHS2017360003,2017-18,DHS,,,,,1
BGD,Sylhet,1368326,Net primary school attendance rate: Total,88,1,BD,Bangladesh,2017,BD2017DHS,ED_NARP_B_BTH,231035030,I,360004,1360040,Region,..Sylhet,0,,0,1,EDNARPBBTH,BDDHS2017360004,2017-18,DHS,,,,,1
BGD,Dhaka before 2015,1362180,Net primary school attendance rate: Total,83.5,1,BD,Bangladesh,2017,BD2017DHS,ED_NARP_B_BTH,231035030,I,360005,1360050,Region,Dhaka before 2015,0,,0,1,EDNARPBBTH,BDDHS2017360005,2017-18,DHS,,,,,
BGD,Dhaka,1362152,Net primary school attendance rate: Total,82.9,1,BD,Bangladesh,2017,BD2017DHS,ED_NARP_B_BTH,231035030,I,360010,1360052,Region,..Dhaka,0,,0,1,EDNARPBBTH,BDDHS2017360010,2017-18,DHS,,,,,1
BGD,Mymensingh,1368327,Net primary school attendance rate: Total,85.3,1,BD,Bangladesh,2017,BD2017DHS,ED_NARP_B_BTH,231035030,I,360011,1360055,Region,..Mymensingh,0,,0,1,EDNARPBBTH,BDDHS2017360011,2017-18,DHS,,,,,1
BGD,Khulna,1375236,Net primary school attendance rate: Total,87.8,1,BD,Bangladesh,2017,BD2017DHS,ED_NARP_B_BTH,231035030,I,360006,1360060,Region,Khulna,0,,0,1,EDNARPBBTH,BDDHS2017360006,2017-18,DHS,,,,,1
BGD,Rajshahi/Rangpur,1375264,Net primary school attendance rate: Total,86.7,1,BD,Bangladesh,2017,BD2017DHS,ED_NARP_B_BTH,231035030,I,360007,1360070,Region,Rajshahi/Rangpur,0,,0,1,EDNARPBBTH,BDDHS2017360007,2017-18,DHS,,,,,
BGD,Rangpur,1382013,Net primary school attendance rate: Total,89.3,1,BD,Bangladesh,2017,BD2017DHS,ED_NARP_B_BTH,231035030,I,360008,1360080,Region,..Rangpur,0,,0,1,EDNARPBBTH,BDDHS2017360008,2017-18,DHS,,,,,1
BGD,Rajshahi,1382029,Net primary school attendance rate: Total,84,1,BD,Bangladesh,2017,BD2017DHS,ED_NARP_B_BTH,231035030,I,360009,1360090,Region,..Rajshahi,0,,0,1,EDNARPBBTH,BDDHS2017360009,2017-18,DHS,,,,,1
BGD,Barishal,1368343,Gender parity index for net primary school attendance,1,2,BD,Bangladesh,2017,BD2017DHS,ED_NARP_B_GPI,231035040,I,360001,1360010,Region,Barishal,0,,0,1,EDNARPBGPI,BDDHS2017360001,2017-18,DHS,,,,,1
BGD,Chattogram/Sylhet,1362148,Gender parity index for net primary school attendance,1.02,2,BD,Bangladesh,2017,BD2017DHS,ED_NARP_B_GPI,231035040,I,360002,1360020,Region,Chattogram/Sylhet,0,,0,1,EDNARPBGPI,BDDHS2017360002,2017-18,DHS,,,,,
BGD,Chattogram,1368324,Gender parity index for net primary school attendance,1.01,2,BD,Bangladesh,2017,BD2017DHS,ED_NARP_B_GPI,231035040,I,360003,1360030,Region,..Chattogram,0,,0,1,EDNARPBGPI,BDDHS2017360003,2017-18,DHS,,,,,1
BGD,Sylhet,1368330,Gender parity index for net primary school attendance,1.04,2,BD,Bangladesh,2017,BD2017DHS,ED_NARP_B_GPI,231035040,I,360004,1360040,Region,..Sylhet,0,,0,1,EDNARPBGPI,BDDHS2017360004,2017-18,DHS,,,,,1
BGD,Dhaka before 2015,1362179,Gender parity index for net primary school attendance,1.03,2,BD,Bangladesh,2017,BD2017DHS,ED_NARP_B_GPI,231035040,I,360005,1360050,Region,Dhaka before 2015,0,,0,1,EDNARPBGPI,BDDHS2017360005,2017-18,DHS,,,,,
BGD,Dhaka,1362157,Gender parity index for net primary school attendance,1.04,2,BD,Bangladesh,2017,BD2017DHS,ED_NARP_B_GPI,231035040,I,360010,1360052,Region,..Dhaka,0,,0,1,EDNARPBGPI,BDDHS2017360010,2017-18,DHS,,,,,1
BGD,Mymensingh,1368339,Gender parity index for net primary school attendance,1.02,2,BD,Bangladesh,2017,BD2017DHS,ED_NARP_B_GPI,231035040,I,360011,1360055,Region,..Mymensingh,0,,0,1,EDNARPBGPI,BDDHS2017360011,2017-18,DHS,,,,,1
BGD,Khulna,1375238,Gender parity index for net primary school attendance,1.07,2,BD,Bangladesh,2017,BD2017DHS,ED_NARP_B_GPI,231035040,I,360006,1360060,Region,Khulna,0,,0,1,EDNARPBGPI,BDDHS2017360006,2017-18,DHS,,,,,1
BGD,Rajshahi/Rangpur,1375263,Gender parity index for net primary school attendance,1.05,2,BD,Bangladesh,2017,BD2017DHS,ED_NARP_B_GPI,231035040,I,360007,1360070,Region,Rajshahi/Rangpur,0,,0,1,EDNARPBGPI,BDDHS2017360007,2017-18,DHS,,,,,
BGD,Rangpur,1382019,Gender parity index for net primary school attendance,1.02,2,BD,Bangladesh,2017,BD2017DHS,ED_NARP_B_GPI,231035040,I,360008,1360080,Region,..Rangpur,0,,0,1,EDNARPBGPI,BDDHS2017360008,2017-18,DHS,,,,,1
BGD,Rajshahi,1382042,Gender parity index for net primary school attendance,1.06,2,BD,Bangladesh,2017,BD2017DHS,ED_NARP_B_GPI,231035040,I,360009,1360090,Region,..Rajshahi,0,,0,1,EDNARPBGPI,BDDHS2017360009,2017-18,DHS,,,,,1
BGD,Barishal,1368373,Gender parity index for net secondary school attendance,1.09,2,BD,Bangladesh,2017,BD2017DHS,ED_NARS_B_GPI,231105040,I,360001,1360010,Region,Barishal,0,,0,1,EDNARSBGPI,BDDHS2017360001,2017-18,DHS,,,,,1
BGD,Chattogram/Sylhet,1362201,Gender parity index for net secondary school attendance,1.16,2,BD,Bangladesh,2017,BD2017DHS,ED_NARS_B_GPI,231105040,I,360002,1360020,Region,Chattogram/Sylhet,0,,0,1,EDNARSBGPI,BDDHS2017360002,2017-18,DHS,,,,,
BGD,Chattogram,1368381,Gender parity index for net secondary school attendance,1.17,2,BD,Bangladesh,2017,BD2017DHS,ED_NARS_B_GPI,231105040,I,360003,1360030,Region,..Chattogram,0,,0,1,EDNARSBGPI,BDDHS2017360003,2017-18,DHS,,,,,1
BGD,Sylhet,1368358,Gender parity index for net secondary school attendance,1.12,2,BD,Bangladesh,2017,BD2017DHS,ED_NARS_B_GPI,231105040,I,360004,1360040,Region,..Sylhet,0,,0,1,EDNARSBGPI,BDDHS2017360004,2017-18,DHS,,,,,1
BGD,Dhaka before 2015,1362183,Gender parity index for net secondary school attendance,1.12,2,BD,Bangladesh,2017,BD2017DHS,ED_NARS_B_GPI,231105040,I,360005,1360050,Region,Dhaka before 2015,0,,0,1,EDNARSBGPI,BDDHS2017360005,2017-18,DHS,,,,,
BGD,Dhaka,1362155,Gender parity index for net secondary school attendance,1.13,2,BD,Bangladesh,2017,BD2017DHS,ED_NARS_B_GPI,231105040,I,360010,1360052,Region,..Dhaka,0,,0,1,EDNARSBGPI,BDDHS2017360010,2017-18,DHS,,,,,1
BGD,Mymensingh,1368337,Gender parity index for net secondary school attendance,1.1,2,BD,Bangladesh,2017,BD2017DHS,ED_NARS_B_GPI,231105040,I,360011,1360055,Region,..Mymensingh,0,,0,1,EDNARSBGPI,BDDHS2017360011,2017-18,DHS,,,,,1
BGD,Khulna,1375241,Gender parity index for net secondary school attendance,1.17,2,BD,Bangladesh,2017,BD2017DHS,ED_NARS_B_GPI,231105040,I,360006,1360060,Region,Khulna,0,,0,1,EDNARSBGPI,BDDHS2017360006,2017-18,DHS,,,,,1
BGD,Rajshahi/Rangpur,1375282,Gender parity index for net secondary school attendance,1.07,2,BD,Bangladesh,2017,BD2017DHS,ED_NARS_B_GPI,231105040,I,360007,1360070,Region,Rajshahi/Rangpur,0,,0,1,EDNARSBGPI,BDDHS2017360007,2017-18,DHS,,,,,
BGD,Rangpur,1382016,Gender parity index for net secondary school attendance,1.04,2,BD,Bangladesh,2017,BD2017DHS,ED_NARS_B_GPI,231105040,I,360008,1360080,Region,..Rangpur,0,,0,1,EDNARSBGPI,BDDHS2017360008,2017-18,DHS,,,,,1
BGD,Rajshahi,1382032,Gender parity index for net secondary school attendance,1.09,2,BD,Bangladesh,2017,BD2017DHS,ED_NARS_B_GPI,231105040,I,360009,1360090,Region,..Rajshahi,0,,0,1,EDNARSBGPI,BDDHS2017360009,2017-18,DHS,,,,,1
BGD,Barishal,5982150,Women who are literate,78.3,1,BD,Bangladesh,2017,BD2017DHS,ED_LITR_W_LIT,231233090,I,360001,1360010,Region,Barishal,0,,0,1,EDLITRWLIT,BDDHS2017360001,2017-18,DHS,1125,2154,,,1
BGD,Chattogram/Sylhet,5402129,Women who are literate,76.2,1,BD,Bangladesh,2017,BD2017DHS,ED_LITR_W_LIT,231233090,I,360002,1360020,Region,Chattogram/Sylhet,0,,0,1,EDLITRWLIT,BDDHS2017360002,2017-18,DHS,4814,5134,,,
BGD,Chattogram,1867593,Women who are literate,79,1,BD,Bangladesh,2017,BD2017DHS,ED_LITR_W_LIT,231233090,I,360003,1360030,Region,..Chattogram,0,,0,1,EDLITRWLIT,BDDHS2017360003,2017-18,DHS,3622,2905,,,1
BGD,Sylhet,4773690,Women who are literate,67.8,1,BD,Bangladesh,2017,BD2017DHS,ED_LITR_W_LIT,231233090,I,360004,1360040,Region,..Sylhet,0,,0,1,EDLITRWLIT,BDDHS2017360004,2017-18,DHS,1192,2229,,,1
BGD,Dhaka before 2015,1873928,Women who are literate,73.4,1,BD,Bangladesh,2017,BD2017DHS,ED_LITR_W_LIT,231233090,I,360005,1360050,Region,Dhaka before 2015,0,,0,1,EDLITRWLIT,BDDHS2017360005,2017-18,DHS,6669,5141,,,
BGD,Dhaka,4021095,Women who are literate,74.8,1,BD,Bangladesh,2017,BD2017DHS,ED_LITR_W_LIT,231233090,I,360010,1360052,Region,..Dhaka,0,,0,1,EDLITRWLIT,BDDHS2017360010,2017-18,DHS,5123,2974,,,1
BGD,Mymensingh,5157160,Women who are literate,68.6,1,BD,Bangladesh,2017,BD2017DHS,ED_LITR_W_LIT,231233090,I,360011,1360055,Region,..Mymensingh,0,,0,1,EDLITRWLIT,BDDHS2017360011,2017-18,DHS,1546,2167,,,1
BGD,Khulna,7346438,Women who are literate,76.3,1,BD,Bangladesh,2017,BD2017DHS,ED_LITR_W_LIT,231233090,I,360006,1360060,Region,Khulna,0,,0,1,EDLITRWLIT,BDDHS2017360006,2017-18,DHS,2336,2630,,,1
BGD,Rajshahi/Rangpur,4304852,Women who are literate,68,1,BD,Bangladesh,2017,BD2017DHS,ED_LITR_W_LIT,231233090,I,360007,1360070,Region,Rajshahi/Rangpur,0,,0,1,EDLITRWLIT,BDDHS2017360007,2017-18,DHS,5182,5068,,,
BGD,Rangpur,5950133,Women who are literate,66.4,1,BD,Bangladesh,2017,BD2017DHS,ED_LITR_W_LIT,231233090,I,360008,1360080,Region,..Rangpur,0,,0,1,EDLITRWLIT,BDDHS2017360008,2017-18,DHS,2380,2492,,,1
BGD,Rajshahi,5292017,Women who are literate,69.4,1,BD,Bangladesh,2017,BD2017DHS,ED_LITR_W_LIT,231233090,I,360009,1360090,Region,..Rajshahi,0,,0,1,EDLITRWLIT,BDDHS2017360009,2017-18,DHS,2802,2576,,,1
BGD,Barishal,5577139,Population using an improved water source,97.7,1,BD,Bangladesh,2017,BD2017DHS,WS_SRCE_P_IMP,250162010,I,360001,1360010,Region,Barishal,0,,0,1,WSSRCEPIMP,BDDHS2017360001,2017-18,DHS,4712,8872,,,1
BGD,Chattogram/Sylhet,4288303,Population using an improved water source,98.3,1,BD,Bangladesh,2017,BD2017DHS,WS_SRCE_P_IMP,250162010,I,360002,1360020,Region,Chattogram/Sylhet,0,,0,1,WSSRCEPIMP,BDDHS2017360002,2017-18,DHS,21206,23103,,,
BGD,Chattogram,7362539,Population using an improved water source,99.2,1,BD,Bangladesh,2017,BD2017DHS,WS_SRCE_P_IMP,250162010,I,360003,1360030,Region,..Chattogram,0,,0,1,WSSRCEPIMP,BDDHS2017360003,2017-18,DHS,15322,12200,,,1
BGD,Sylhet,2661419,Population using an improved water source,95.8,1,BD,Bangladesh,2017,BD2017DHS,WS_SRCE_P_IMP,250162010,I,360004,1360040,Region,..Sylhet,0,,0,1,WSSRCEPIMP,BDDHS2017360004,2017-18,DHS,5883,10903,,,1
BGD,Dhaka before 2015,392587,Population using an improved water source,100,1,BD,Bangladesh,2017,BD2017DHS,WS_SRCE_P_IMP,250162010,I,360005,1360050,Region,Dhaka before 2015,0,,0,1,WSSRCEPIMP,BDDHS2017360005,2017-18,DHS,27378,21567,,,
BGD,Dhaka,3504341,Population using an improved water source,100,1,BD,Bangladesh,2017,BD2017DHS,WS_SRCE_P_IMP,250162010,I,360010,1360052,Region,..Dhaka,0,,0,1,WSSRCEPIMP,BDDHS2017360010,2017-18,DHS,20598,12093,,,1
BGD,Mymensingh,2846233,Population using an improved water source,100,1,BD,Bangladesh,2017,BD2017DHS,WS_SRCE_P_IMP,250162010,I,360011,1360055,Region,..Mymensingh,0,,0,1,WSSRCEPIMP,BDDHS2017360011,2017-18,DHS,6780,9474,,,1
BGD,Khulna,1374980,Population using an improved water source,91.6,1,BD,Bangladesh,2017,BD2017DHS,WS_SRCE_P_IMP,250162010,I,360006,1360060,Region,Khulna,0,,0,1,WSSRCEPIMP,BDDHS2017360006,2017-18,DHS,9252,10357,,,1
BGD,Rajshahi/Rangpur,1374965,Population using an improved water source,99.3,1,BD,Bangladesh,2017,BD2017DHS,WS_SRCE_P_IMP,250162010,I,360007,1360070,Region,Rajshahi/Rangpur,0,,0,1,WSSRCEPIMP,BDDHS2017360007,2017-18,DHS,20824,20219,,,
BGD,Rangpur,6203872,Population using an improved water source,99.9,1,BD,Bangladesh,2017,BD2017DHS,WS_SRCE_P_IMP,250162010,I,360008,1360080,Region,..Rangpur,0,,0,1,WSSRCEPIMP,BDDHS2017360008,2017-18,DHS,9719,10078,,,1
BGD,Rajshahi,4449494,Population using an improved water source,98.7,1,BD,Bangladesh,2017,BD2017DHS,WS_SRCE_P_IMP,250162010,I,360009,1360090,Region,..Rajshahi,0,,0,1,WSSRCEPIMP,BDDHS2017360009,2017-18,DHS,11105,10141,,,1
BGD,Barishal,5383711,Population with an improved sanitation facility,55.4,1,BD,Bangladesh,2017,BD2017DHS,WS_TLET_P_IMP,250262010,I,360001,1360010,Region,Barishal,0,,0,1,WSTLETPIMP,BDDHS2017360001,2017-18,DHS,4712,8872,,,1
BGD,Chattogram/Sylhet,5722656,Population with an improved sanitation facility,66.8,1,BD,Bangladesh,2017,BD2017DHS,WS_TLET_P_IMP,250262010,I,360002,1360020,Region,Chattogram/Sylhet,0,,0,1,WSTLETPIMP,BDDHS2017360002,2017-18,DHS,21206,23103,,,
BGD,Chattogram,6013671,Population with an improved sanitation facility,69.9,1,BD,Bangladesh,2017,BD2017DHS,WS_TLET_P_IMP,250262010,I,360003,1360030,Region,..Chattogram,0,,0,1,WSTLETPIMP,BDDHS2017360003,2017-18,DHS,15322,12200,,,1
BGD,Sylhet,6408519,Population with an improved sanitation facility,58.8,1,BD,Bangladesh,2017,BD2017DHS,WS_TLET_P_IMP,250262010,I,360004,1360040,Region,..Sylhet,0,,0,1,WSTLETPIMP,BDDHS2017360004,2017-18,DHS,5883,10903,,,1
BGD,Dhaka before 2015,314484,Population with an improved sanitation facility,66.1,1,BD,Bangladesh,2017,BD2017DHS,WS_TLET_P_IMP,250262010,I,360005,1360050,Region,Dhaka before 2015,0,,0,1,WSTLETPIMP,BDDHS2017360005,2017-18,DHS,27378,21567,,,
BGD,Dhaka,4049676,Population with an improved sanitation facility,70.5,1,BD,Bangladesh,2017,BD2017DHS,WS_TLET_P_IMP,250262010,I,360010,1360052,Region,..Dhaka,0,,0,1,WSTLETPIMP,BDDHS2017360010,2017-18,DHS,20598,12093,,,1
BGD,Mymensingh,3553484,Population with an improved sanitation facility,52.8,1,BD,Bangladesh,2017,BD2017DHS,WS_TLET_P_IMP,250262010,I,360011,1360055,Region,..Mymensingh,0,,0,1,WSTLETPIMP,BDDHS2017360011,2017-18,DHS,6780,9474,,,1
BGD,Khulna,6909496,Population with an improved sanitation facility,72.5,1,BD,Bangladesh,2017,BD2017DHS,WS_TLET_P_IMP,250262010,I,360006,1360060,Region,Khulna,0,,0,1,WSTLETPIMP,BDDHS2017360006,2017-18,DHS,9252,10357,,,1
BGD,Rajshahi/Rangpur,1375051,Population with an improved sanitation facility,62.7,1,BD,Bangladesh,2017,BD2017DHS,WS_TLET_P_IMP,250262010,I,360007,1360070,Region,Rajshahi/Rangpur,0,,0,1,WSTLETPIMP,BDDHS2017360007,2017-18,DHS,20824,20219,,,
BGD,Rangpur,5857700,Population with an improved sanitation facility,60,1,BD,Bangladesh,2017,BD2017DHS,WS_TLET_P_IMP,250262010,I,360008,1360080,Region,..Rangpur,0,,0,1,WSTLETPIMP,BDDHS2017360008,2017-18,DHS,9719,10078,,,1
BGD,Rajshahi,6042515,Population with an improved sanitation facility,65.1,1,BD,Bangladesh,2017,BD2017DHS,WS_TLET_P_IMP,250262010,I,360009,1360090,Region,..Rajshahi,0,,0,1,WSTLETPIMP,BDDHS2017360009,2017-18,DHS,11105,10141,,,1
BGD,Barishal,2019253,Age specific fertility rate: 15-19,76,0,BD,Bangladesh,2022,BD2022DHS,FE_FRTR_W_A15,11763010,I,360001,1360010,Region,Barishal,0,,0,1,FEFRTRWA15,BDDHS2022360001,2022,DHS,,,,,1
BGD,Barishal,2019254,Age specific fertility rate: 15-19,76,0,BD,Bangladesh,2022,BD2022DHS,FE_FRTR_W_A15,11763010,I,360001,1360010,Region,Barishal,0,,0,1,FEFRTRWA15,BDDHS2022360001,2022,DHS,,,,,1
BGD,Chattogram/Sylhet,2019314,Age specific fertility rate: 15-19,83,0,BD,Bangladesh,2022,BD2022DHS,FE_FRTR_W_A15,11763010,I,360002,1360020,Region,Chattogram/Sylhet,0,,0,1,FEFRTRWA15,BDDHS2022360002,2022,DHS,,,,,
BGD,Chattogram,2019333,Age specific fertility rate: 15-19,94,0,BD,Bangladesh,2022,BD2022DHS,FE_FRTR_W_A15,11763010,I,360003,1360030,Region,..Chattogram,0,,0,1,FEFRTRWA15,BDDHS2022360003,2022,DHS,,,,,1
BGD,Chattogram,2019334,Age specific fertility rate: 15-19,94,0,BD,Bangladesh,2022,BD2022DHS,FE_FRTR_W_A15,11763010,I,360003,1360030,Region,..Chattogram,0,,0,1,FEFRTRWA15,BDDHS2022360003,2022,DHS,,,,,1
BGD,Sylhet,6207857,Age specific fertility rate: 15-19,54,0,BD,Bangladesh,2022,BD2022DHS,FE_FRTR_W_A15,11763010,I,360004,1360040,Region,..Sylhet,0,,0,1,FEFRTRWA15,BDDHS2022360004,2022,DHS,,,,,1
BGD,Sylhet,6207858,Age specific fertility rate: 15-19,54,0,BD,Bangladesh,2022,BD2022DHS,FE_FRTR_W_A15,11763010,I,360004,1360040,Region,..Sylhet,0,,0,1,FEFRTRWA15,BDDHS2022360004,2022,DHS,,,,,1
BGD,Dhaka before 2015,2026755,Age specific fertility rate: 15-19,90,0,BD,Bangladesh,2022,BD2022DHS,FE_FRTR_W_A15,11763010,I,360005,1360050,Region,Dhaka before 2015,0,,0,1,FEFRTRWA15,BDDHS2022360005,2022,DHS,,,,,
BGD,Dhaka,2026809,Age specific fertility rate: 15-19,91,0,BD,Bangladesh,2022,BD2022DHS,FE_FRTR_W_A15,11763010,I,360010,1360052,Region,..Dhaka,0,,0,1,FEFRTRWA15,BDDHS2022360010,2022,DHS,,,,,1
BGD,Dhaka,2026810,Age specific fertility rate: 15-19,91,0,BD,Bangladesh,2022,BD2022DHS,FE_FRTR_W_A15,11763010,I,360010,1360052,Region,..Dhaka,0,,0,1,FEFRTRWA15,BDDHS2022360010,2022,DHS,,,,,1
BGD,Mymensingh,2025921,Age specific fertility rate: 15-19,89,0,BD,Bangladesh,2022,BD2022DHS,FE_FRTR_W_A15,11763010,I,360011,1360055,Region,..Mymensingh,0,,0,1,FEFRTRWA15,BDDHS2022360011,2022,DHS,,,,,1
BGD,Mymensingh,2025922,Age specific fertility rate: 15-19,89,0,BD,Bangladesh,2022,BD2022DHS,FE_FRTR_W_A15,11763010,I,360011,1360055,Region,..Mymensingh,0,,0,1,FEFRTRWA15,BDDHS2022360011,2022,DHS,,,,,1
BGD,Khulna,2011944,Age specific fertility rate: 15-19,101,0,BD,Bangladesh,2022,BD2022DHS,FE_FRTR_W_A15,11763010,I,360006,1360060,Region,Khulna,0,,0,1,FEFRTRWA15,BDDHS2022360006,2022,DHS,,,,,1
BGD,Khulna,2011945,Age specific fertility rate: 15-19,101,0,BD,Bangladesh,2022,BD2022DHS,FE_FRTR_W_A15,11763010,I,360006,1360060,Region,Khulna,0,,0,1,FEFRTRWA15,BDDHS2022360006,2022,DHS,,,,,1
BGD,Rajshahi/Rangpur,2026770,Age specific fertility rate: 15-19,107,0,BD,Bangladesh,2022,BD2022DHS,FE_FRTR_W_A15,11763010,I,360007,1360070,Region,Rajshahi/Rangpur,0,,0,1,FEFRTRWA15,BDDHS2022360007,2022,DHS,,,,,
BGD,Rangpur,2011960,Age specific fertility rate: 15-19,113,0,BD,Bangladesh,2022,BD2022DHS,FE_FRTR_W_A15,11763010,I,360008,1360080,Region,..Rangpur,0,,0,1,FEFRTRWA15,BDDHS2022360008,2022,DHS,,,,,1
BGD,Rangpur,2011961,Age specific fertility rate: 15-19,113,0,BD,Bangladesh,2022,BD2022DHS,FE_FRTR_W_A15,11763010,I,360008,1360080,Region,..Rangpur,0,,0,1,FEFRTRWA15,BDDHS2022360008,2022,DHS,,,,,1
BGD,Rajshahi,6693907,Age specific fertility rate: 15-19,101,0,BD,Bangladesh,2022,BD2022DHS,FE_FRTR_W_A15,11763010,I,360009,1360090,Region,..Rajshahi,0,,0,1,FEFRTRWA15,BDDHS2022360009,2022,DHS,,,,,1
BGD,Rajshahi,6693908,Age specific fertility rate: 15-19,101,0,BD,Bangladesh,2022,BD2022DHS,FE_FRTR_W_A15,11763010,I,360009,1360090,Region,..Rajshahi,0,,0,1,FEFRTRWA15,BDDHS2022360009,2022,DHS,,,,,1
BGD,Barishal,5673378,Married women currently using any method of contraception,64.8,1,BD,Bangladesh,2022,BD2022DHS,FP_CUSM_W_ANY,32633010,I,360001,1360010,Region,Barishal,0,,0,1,FPCUSMWANY,BDDHS2022360001,2022,DHS,1153,2033,,,1
BGD,Barishal,5673379,Married women currently using any method of contraception,64.8,1,BD,Bangladesh,2022,BD2022DHS,FP_CUSM_W_ANY,32633010,I,360001,1360010,Region,Barishal,0,,0,1,FPCUSMWANY,BDDHS2022360001,2022,DHS,1153,2033,,,1
BGD,Chattogram/Sylhet,493794,Married women currently using any method of contraception,56.4,1,BD,Bangladesh,2022,BD2022DHS,FP_CUSM_W_ANY,32633010,I,360002,1360020,Region,Chattogram/Sylhet,0,,0,1,FPCUSMWANY,BDDHS2022360002,2022,DHS,4641,4817,,,
BGD,Chattogram,2119515,Married women currently using any method of contraception,57.5,1,BD,Bangladesh,2022,BD2022DHS,FP_CUSM_W_ANY,32633010,I,360003,1360030,Region,..Chattogram,0,,0,1,FPCUSMWANY,BDDHS2022360003,2022,DHS,3559,2821,,,1
BGD,Chattogram,2119516,Married women currently using any method of contraception,57.5,1,BD,Bangladesh,2022,BD2022DHS,FP_CUSM_W_ANY,32633010,I,360003,1360030,Region,..Chattogram,0,,0,1,FPCUSMWANY,BDDHS2022360003,2022,DHS,3559,2821,,,1
BGD,Sylhet,504008,Married women currently using any method of contraception,52.8,1,BD,Bangladesh,2022,BD2022DHS,FP_CUSM_W_ANY,32633010,I,360004,1360040,Region,..Sylhet,0,,0,1,FPCUSMWANY,BDDHS2022360004,2022,DHS,1082,1996,,,1
BGD,Sylhet,504009,Married women currently using any method of contraception,52.8,1,BD,Bangladesh,2022,BD2022DHS,FP_CUSM_W_ANY,32633010,I,360004,1360040,Region,..Sylhet,0,,0,1,FPCUSMWANY,BDDHS2022360004,2022,DHS,1082,1996,,,1
BGD,Dhaka before 2015,2107383,Married women currently using any method of contraception,63.7,1,BD,Bangladesh,2022,BD2022DHS,FP_CUSM_W_ANY,32633010,I,360005,1360050,Region,Dhaka before 2015,0,,0,1,FPCUSMWANY,BDDHS2022360005,2022,DHS,6267,4922,,,
BGD,Dhaka,5141260,Married women currently using any method of contraception,63,1,BD,Bangladesh,2022,BD2022DHS,FP_CUSM_W_ANY,32633010,I,360010,1360052,Region,..Dhaka,0,,0,1,FPCUSMWANY,BDDHS2022360010,2022,DHS,4817,2871,,,1
BGD,Dhaka,5141261,Married women currently using any method of contraception,63,1,BD,Bangladesh,2022,BD2022DHS,FP_CUSM_W_ANY,32633010,I,360010,1360052,Region,..Dhaka,0,,0,1,FPCUSMWANY,BDDHS2022360010,2022,DHS,4817,2871,,,1
BGD,Mymensingh,3413032,Married women currently using any method of contraception,66.1,1,BD,Bangladesh,2022,BD2022DHS,FP_CUSM_W_ANY,32633010,I,360011,1360055,Region,..Mymensingh,0,,0,1,FPCUSMWANY,BDDHS2022360011,2022,DHS,1450,2051,,,1
BGD,Mymensingh,3413033,Married women currently using any method of contraception,66.1,1,BD,Bangladesh,2022,BD2022DHS,FP_CUSM_W_ANY,32633010,I,360011,1360055,Region,..Mymensingh,0,,0,1,FPCUSMWANY,BDDHS2022360011,2022,DHS,1450,2051,,,1
BGD,Khulna,6235035,Married women currently using any method of contraception,66.5,1,BD,Bangladesh,2022,BD2022DHS,FP_CUSM_W_ANY,32633010,I,360006,1360060,Region,Khulna,0,,0,1,FPCUSMWANY,BDDHS2022360006,2022,DHS,2281,2478,,,1
BGD,Khulna,6235036,Married women currently using any method of contraception,66.5,1,BD,Bangladesh,2022,BD2022DHS,FP_CUSM_W_ANY,32633010,I,360006,1360060,Region,Khulna,0,,0,1,FPCUSMWANY,BDDHS2022360006,2022,DHS,2281,2478,,,1
BGD,Rajshahi/Rangpur,4145449,Married women currently using any method of contraception,70.3,1,BD,Bangladesh,2022,BD2022DHS,FP_CUSM_W_ANY,32633010,I,360007,1360070,Region,Rajshahi/Rangpur,0,,0,1,FPCUSMWANY,BDDHS2022360007,2022,DHS,4718,4737,,,
BGD,Rangpur,6464491,Married women currently using any method of contraception,70.7,1,BD,Bangladesh,2022,BD2022DHS,FP_CUSM_W_ANY,32633010,I,360008,1360080,Region,..Rangpur,0,,0,1,FPCUSMWANY,BDDHS2022360008,2022,DHS,2197,2298,,,1
BGD,Rangpur,6464492,Married women currently using any method of contraception,70.7,1,BD,Bangladesh,2022,BD2022DHS,FP_CUSM_W_ANY,32633010,I,360008,1360080,Region,..Rangpur,0,,0,1,FPCUSMWANY,BDDHS2022360008,2022,DHS,2197,2298,,,1
BGD,Rajshahi,4970239,Married women currently using any method of contraception,70,1,BD,Bangladesh,2022,BD2022DHS,FP_CUSM_W_ANY,32633010,I,360009,1360090,Region,..Rajshahi,0,,0,1,FPCUSMWANY,BDDHS2022360009,2022,DHS,2521,2439,,,1
BGD,Rajshahi,4970240,Married women currently using any method of contraception,70,1,BD,Bangladesh,2022,BD2022DHS,FP_CUSM_W_ANY,32633010,I,360009,1360090,Region,..Rajshahi,0,,0,1,FPCUSMWANY,BDDHS2022360009,2022,DHS,2521,2439,,,1
BGD,Barishal,4870478,Unmet need for family planning,10.2,1,BD,Bangladesh,2022,BD2022DHS,FP_NADM_W_UNT,32933030,I,360001,1360010,Region,Barishal,0,,0,1,FPNADMWUNT,BDDHS2022360001,2022,DHS,1153,2033,,,1
BGD,Barishal,4870479,Unmet need for family planning,10.2,1,BD,Bangladesh,2022,BD2022DHS,FP_NADM_W_UNT,32933030,I,360001,1360010,Region,Barishal,0,,0,1,FPNADMWUNT,BDDHS2022360001,2022,DHS,1153,2033,,,1
BGD,Chattogram/Sylhet,4417120,Unmet need for family planning,15.1,1,BD,Bangladesh,2022,BD2022DHS,FP_NADM_W_UNT,32933030,I,360002,1360020,Region,Chattogram/Sylhet,0,,0,1,FPNADMWUNT,BDDHS2022360002,2022,DHS,4641,4817,,,
BGD,Chattogram,7166317,Unmet need for family planning,15.6,1,BD,Bangladesh,2022,BD2022DHS,FP_NADM_W_UNT,32933030,I,360003,1360030,Region,..Chattogram,0,,0,1,FPNADMWUNT,BDDHS2022360003,2022,DHS,3559,2821,,,1
BGD,Chattogram,7166318,Unmet need for family planning,15.6,1,BD,Bangladesh,2022,BD2022DHS,FP_NADM_W_UNT,32933030,I,360003,1360030,Region,..Chattogram,0,,0,1,FPNADMWUNT,BDDHS2022360003,2022,DHS,3559,2821,,,1
BGD,Sylhet,697730,Unmet need for family planning,13.2,1,BD,Bangladesh,2022,BD2022DHS,FP_NADM_W_UNT,32933030,I,360004,1360040,Region,..Sylhet,0,,0,1,FPNADMWUNT,BDDHS2022360004,2022,DHS,1082,1996,,,1
BGD,Sylhet,697731,Unmet need for family planning,13.2,1,BD,Bangladesh,2022,BD2022DHS,FP_NADM_W_UNT,32933030,I,360004,1360040,Region,..Sylhet,0,,0,1,FPNADMWUNT,BDDHS2022360004,2022,DHS,1082,1996,,,1
BGD,Dhaka before 2015,3677046,Unmet need for family planning,9.6,1,BD,Bangladesh,2022,BD2022DHS,FP_NADM_W_UNT,32933030,I,360005,1360050,Region,Dhaka before 2015,0,,0,1,FPNADMWUNT,BDDHS2022360005,2022,DHS,6267,4922,,,
BGD,Dhaka,7294394,Unmet need for family planning,10.1,1,BD,Bangladesh,2022,BD2022DHS,FP_NADM_W_UNT,32933030,I,360010,1360052,Region,..Dhaka,0,,0,1,FPNADMWUNT,BDDHS2022360010,2022,DHS,4817,2871,,,1
BGD,Dhaka,7294395,Unmet need for family planning,10.1,1,BD,Bangladesh,2022,BD2022DHS,FP_NADM_W_UNT,32933030,I,360010,1360052,Region,..Dhaka,0,,0,1,FPNADMWUNT,BDDHS2022360010,2022,DHS,4817,2871,,,1
BGD,Mymensingh,5510176,Unmet need for family planning,8.1,1,BD,Bangladesh,2022,BD2022DHS,FP_NADM_W_UNT,32933030,I,360011,1360055,Region,..Mymensingh,0,,0,1,FPNADMWUNT,BDDHS2022360011,2022,DHS,1450,2051,,,1
BGD,Mymensingh,5510177,Unmet need for family planning,8.1,1,BD,Bangladesh,2022,BD2022DHS,FP_NADM_W_UNT,32933030,I,360011,1360055,Region,..Mymensingh,0,,0,1,FPNADMWUNT,BDDHS2022360011,2022,DHS,1450,2051,,,1
BGD,Khulna,140784,Unmet need for family planning,8.3,1,BD,Bangladesh,2022,BD2022DHS,FP_NADM_W_UNT,32933030,I,360006,1360060,Region,Khulna,0,,0,1,FPNADMWUNT,BDDHS2022360006,2022,DHS,2281,2478,,,1
BGD,Khulna,140785,Unmet need for family planning,8.3,1,BD,Bangladesh,2022,BD2022DHS,FP_NADM_W_UNT,32933030,I,360006,1360060,Region,Khulna,0,,0,1,FPNADMWUNT,BDDHS2022360006,2022,DHS,2281,2478,,,1
BGD,Rajshahi/Rangpur,3966054,Unmet need for family planning,6.4,1,BD,Bangladesh,2022,BD2022DHS,FP_NADM_W_UNT,32933030,I,360007,1360070,Region,Rajshahi/Rangpur,0,,0,1,FPNADMWUNT,BDDHS2022360007,2022,DHS,4718,4737,,,
BGD,Rangpur,6545626,Unmet need for family planning,6.9,1,BD,Bangladesh,2022,BD2022DHS,FP_NADM_W_UNT,32933030,I,360008,1360080,Region,..Rangpur,0,,0,1,FPNADMWUNT,BDDHS2022360008,2022,DHS,2197,2298,,,1
BGD,Rangpur,6545627,Unmet need for family planning,6.9,1,BD,Bangladesh,2022,BD2022DHS,FP_NADM_W_UNT,32933030,I,360008,1360080,Region,..Rangpur,0,,0,1,FPNADMWUNT,BDDHS2022360008,2022,DHS,2197,2298,,,1
BGD,Rajshahi,4440432,Unmet need for family planning,6,1,BD,Bangladesh,2022,BD2022DHS,FP_NADM_W_UNT,32933030,I,360009,1360090,Region,..Rajshahi,0,,0,1,FPNADMWUNT,BDDHS2022360009,2022,DHS,2521,2439,,,1
BGD,Rajshahi,4440433,Unmet need for family planning,6,1,BD,Bangladesh,2022,BD2022DHS,FP_NADM_W_UNT,32933030,I,360009,1360090,Region,..Rajshahi,0,,0,1,FPNADMWUNT,BDDHS2022360009,2022,DHS,2521,2439,,,1
BGD,Barishal,7806691,Infant mortality rate,32,0,BD,Bangladesh,2022,BD2022DHS,CM_ECMR_C_IMR,63206030,I,360001,1360010,Region,Barishal,14003,Ten years preceding the survey,0,1,CMECMRCIMR,BDDHS2022360001,2022,DHS,,,25,39,1
BGD,Barishal,7806692,Infant mortality rate,32,0,BD,Bangladesh,2022,BD2022DHS,CM_ECMR_C_IMR,63206030,I,360001,1360010,Region,Barishal,14003,Ten years preceding the survey,0,1,CMECMRCIMR,BDDHS2022360001,2022,DHS,,,25,39,1
BGD,Chattogram/Sylhet,1970762,Infant mortality rate,33,0,BD,Bangladesh,2022,BD2022DHS,CM_ECMR_C_IMR,63206030,I,360002,1360020,Region,Chattogram/Sylhet,14003,Ten years preceding the survey,0,1,CMECMRCIMR,BDDHS2022360002,2022,DHS,,,28,39,
BGD,Chattogram,7909875,Infant mortality rate,27,0,BD,Bangladesh,2022,BD2022DHS,CM_ECMR_C_IMR,63206030,I,360003,1360030,Region,..Chattogram,14003,Ten years preceding the survey,0,1,CMECMRCIMR,BDDHS2022360003,2022,DHS,,,21,33,1
BGD,Chattogram,7909876,Infant mortality rate,27,0,BD,Bangladesh,2022,BD2022DHS,CM_ECMR_C_IMR,63206030,I,360003,1360030,Region,..Chattogram,14003,Ten years preceding the survey,0,1,CMECMRCIMR,BDDHS2022360003,2022,DHS,,,21,33,1
BGD,Sylhet,1977786,Infant mortality rate,51,0,BD,Bangladesh,2022,BD2022DHS,CM_ECMR_C_IMR,63206030,I,360004,1360040,Region,..Sylhet,14003,Ten years preceding the survey,0,1,CMECMRCIMR,BDDHS2022360004,2022,DHS,,,42,61,1
BGD,Sylhet,1977787,Infant mortality rate,51,0,BD,Bangladesh,2022,BD2022DHS,CM_ECMR_C_IMR,63206030,I,360004,1360040,Region,..Sylhet,14003,Ten years preceding the survey,0,1,CMECMRCIMR,BDDHS2022360004,2022,DHS,,,42,61,1
BGD,Dhaka before 2015,7821390,Infant mortality rate,34,0,BD,Bangladesh,2022,BD2022DHS,CM_ECMR_C_IMR,63206030,I,360005,1360050,Region,Dhaka before 2015,14003,Ten years preceding the survey,0,1,CMECMRCIMR,BDDHS2022360005,2022,DHS,,,29,40,
BGD,Dhaka,7975972,Infant mortality rate,33,0,BD,Bangladesh,2022,BD2022DHS,CM_ECMR_C_IMR,63206030,I,360010,1360052,Region,..Dhaka,14003,Ten years preceding the survey,0,1,CMECMRCIMR,BDDHS2022360010,2022,DHS,,,26,40,1
BGD,Dhaka,7975973,Infant mortality rate,33,0,BD,Bangladesh,2022,BD2022DHS,CM_ECMR_C_IMR,63206030,I,360010,1360052,Region,..Dhaka,14003,Ten years preceding the survey,0,1,CMECMRCIMR,BDDHS2022360010,2022,DHS,,,26,40,1
BGD,Mymensingh,7217766,Infant mortality rate,39,0,BD,Bangladesh,2022,BD2022DHS,CM_ECMR_C_IMR,63206030,I,360011,1360055,Region,..Mymensingh,14003,Ten years preceding the survey,0,1,CMECMRCIMR,BDDHS2022360011,2022,DHS,,,30,47,1
BGD,Mymensingh,7217767,Infant mortality rate,39,0,BD,Bangladesh,2022,BD2022DHS,CM_ECMR_C_IMR,63206030,I,360011,1360055,Region,..Mymensingh,14003,Ten years preceding the survey,0,1,CMECMRCIMR,BDDHS2022360011,2022,DHS,,,30,47,1
BGD,Khulna,1977880,Infant mortality rate,28,0,BD,Bangladesh,2022,BD2022DHS,CM_ECMR_C_IMR,63206030,I,360006,1360060,Region,Khulna,14003,Ten years preceding the survey,0,1,CMECMRCIMR,BDDHS2022360006,2022,DHS,,,21,35,1
BGD,Khulna,1977881,Infant mortality rate,28,0,BD,Bangladesh,2022,BD2022DHS,CM_ECMR_C_IMR,63206030,I,360006,1360060,Region,Khulna,14003,Ten years preceding the survey,0,1,CMECMRCIMR,BDDHS2022360006,2022,DHS,,,21,35,1
BGD,Rajshahi/Rangpur,1960039,Infant mortality rate,32,0,BD,Bangladesh,2022,BD2022DHS,CM_ECMR_C_IMR,63206030,I,360007,1360070,Region,Rajshahi/Rangpur,14003,Ten years preceding the survey,0,1,CMECMRCIMR,BDDHS2022360007,2022,DHS,,,26,37,
BGD,Rangpur,7687246,Infant mortality rate,39,0,BD,Bangladesh,2022,BD2022DHS,CM_ECMR_C_IMR,63206030,I,360008,1360080,Region,..Rangpur,14003,Ten years preceding the survey,0,1,CMECMRCIMR,BDDHS2022360008,2022,DHS,,,31,47,1
BGD,Rangpur,7687247,Infant mortality rate,39,0,BD,Bangladesh,2022,BD2022DHS,CM_ECMR_C_IMR,63206030,I,360008,1360080,Region,..Rangpur,14003,Ten years preceding the survey,0,1,CMECMRCIMR,BDDHS2022360008,2022,DHS,,,31,47,1
BGD,Rajshahi,7959454,Infant mortality rate,24,0,BD,Bangladesh,2022,BD2022DHS,CM_ECMR_C_IMR,63206030,I,360009,1360090,Region,..Rajshahi,14003,Ten years preceding the survey,0,1,CMECMRCIMR,BDDHS2022360009,2022,DHS,,,18,30,1
BGD,Rajshahi,7959455,Infant mortality rate,24,0,BD,Bangladesh,2022,BD2022DHS,CM_ECMR_C_IMR,63206030,I,360009,1360090,Region,..Rajshahi,14003,Ten years preceding the survey,0,1,CMECMRCIMR,BDDHS2022360009,2022,DHS,,,18,30,1
BGD,Barishal,7490714,Under-five mortality rate,43,0,BD,Bangladesh,2022,BD2022DHS,CM_ECMR_C_U5M,63206050,I,360001,1360010,Region,Barishal,14003,Ten years preceding the survey,0,1,CMECMRCU5M,BDDHS2022360001,2022,DHS,,,34,51,1
BGD,Barishal,7490715,Under-five mortality rate,43,0,BD,Bangladesh,2022,BD2022DHS,CM_ECMR_C_U5M,63206050,I,360001,1360010,Region,Barishal,14003,Ten years preceding the survey,0,1,CMECMRCU5M,BDDHS2022360001,2022,DHS,,,34,51,1
BGD,Chattogram/Sylhet,7697068,Under-five mortality rate,42,0,BD,Bangladesh,2022,BD2022DHS,CM_ECMR_C_U5M,63206050,I,360002,1360020,Region,Chattogram/Sylhet,14003,Ten years preceding the survey,0,1,CMECMRCU5M,BDDHS2022360002,2022,DHS,,,36,48,
BGD,Chattogram,7909406,Under-five mortality rate,36,0,BD,Bangladesh,2022,BD2022DHS,CM_ECMR_C_U5M,63206050,I,360003,1360030,Region,..Chattogram,14003,Ten years preceding the survey,0,1,CMECMRCU5M,BDDHS2022360003,2022,DHS,,,28,43,1
BGD,Chattogram,7909407,Under-five mortality rate,36,0,BD,Bangladesh,2022,BD2022DHS,CM_ECMR_C_U5M,63206050,I,360003,1360030,Region,..Chattogram,14003,Ten years preceding the survey,0,1,CMECMRCU5M,BDDHS2022360003,2022,DHS,,,28,43,1
BGD,Sylhet,7688684,Under-five mortality rate,61,0,BD,Bangladesh,2022,BD2022DHS,CM_ECMR_C_U5M,63206050,I,360004,1360040,Region,..Sylhet,14003,Ten years preceding the survey,0,1,CMECMRCU5M,BDDHS2022360004,2022,DHS,,,51,71,1
BGD,Sylhet,7688685,Under-five mortality rate,61,0,BD,Bangladesh,2022,BD2022DHS,CM_ECMR_C_U5M,63206050,I,360004,1360040,Region,..Sylhet,14003,Ten years preceding the survey,0,1,CMECMRCU5M,BDDHS2022360004,2022,DHS,,,51,71,1
BGD,Dhaka before 2015,7483230,Under-five mortality rate,38,0,BD,Bangladesh,2022,BD2022DHS,CM_ECMR_C_U5M,63206050,I,360005,1360050,Region,Dhaka before 2015,14003,Ten years preceding the survey,0,1,CMECMRCU5M,BDDHS2022360005,2022,DHS,,,32,44,
BGD,Dhaka,1959992,Under-five mortality rate,36,0,BD,Bangladesh,2022,BD2022DHS,CM_ECMR_C_U5M,63206050,I,360010,1360052,Region,..Dhaka,14003,Ten years preceding the survey,0,1,CMECMRCU5M,BDDHS2022360010,2022,DHS,,,28,43,1
BGD,Dhaka,1959993,Under-five mortality rate,36,0,BD,Bangladesh,2022,BD2022DHS,CM_ECMR_C_U5M,63206050,I,360010,1360052,Region,..Dhaka,14003,Ten years preceding the survey,0,1,CMECMRCU5M,BDDHS2022360010,2022,DHS,,,28,43,1
BGD,Mymensingh,7904087,Under-five mortality rate,44,0,BD,Bangladesh,2022,BD2022DHS,CM_ECMR_C_U5M,63206050,I,360011,1360055,Region,..Mymensingh,14003,Ten years preceding the survey,0,1,CMECMRCU5M,BDDHS2022360011,2022,DHS,,,36,53,1
BGD,Mymensingh,7904088,Under-five mortality rate,44,0,BD,Bangladesh,2022,BD2022DHS,CM_ECMR_C_U5M,63206050,I,360011,1360055,Region,..Mymensingh,14003,Ten years preceding the survey,0,1,CMECMRCU5M,BDDHS2022360011,2022,DHS,,,36,53,1
BGD,Khulna,7793071,Under-five mortality rate,31,0,BD,Bangladesh,2022,BD2022DHS,CM_ECMR_C_U5M,63206050,I,360006,1360060,Region,Khulna,14003,Ten years preceding the survey,0,1,CMECMRCU5M,BDDHS2022360006,2022,DHS,,,24,39,1
BGD,Khulna,7793072,Under-five mortality rate,31,0,BD,Bangladesh,2022,BD2022DHS,CM_ECMR_C_U5M,63206050,I,360006,1360060,Region,Khulna,14003,Ten years preceding the survey,0,1,CMECMRCU5M,BDDHS2022360006,2022,DHS,,,24,39,1
BGD,Rajshahi/Rangpur,1960029,Under-five mortality rate,37,0,BD,Bangladesh,2022,BD2022DHS,CM_ECMR_C_U5M,63206050,I,360007,1360070,Region,Rajshahi/Rangpur,14003,Ten years preceding the survey,0,1,CMECMRCU5M,BDDHS2022360007,2022,DHS,,,31,42,
BGD,Rangpur,1977739,Under-five mortality rate,46,0,BD,Bangladesh,2022,BD2022DHS,CM_ECMR_C_U5M,63206050,I,360008,1360080,Region,..Rangpur,14003,Ten years preceding the survey,0,1,CMECMRCU5M,BDDHS2022360008,2022,DHS,,,37,55,1
BGD,Rangpur,1977740,Under-five mortality rate,46,0,BD,Bangladesh,2022,BD2022DHS,CM_ECMR_C_U5M,63206050,I,360008,1360080,Region,..Rangpur,14003,Ten years preceding the survey,0,1,CMECMRCU5M,BDDHS2022360008,2022,DHS,,,37,55,1
BGD,Rajshahi,7698237,Under-five mortality rate,27,0,BD,Bangladesh,2022,BD2022DHS,CM_ECMR_C_U5M,63206050,I,360009,1360090,Region,..Rajshahi,14003,Ten years preceding the survey,0,1,CMECMRCU5M,BDDHS2022360009,2022,DHS,,,21,34,1
BGD,Rajshahi,7698238,Under-five mortality rate,27,0,BD,Bangladesh,2022,BD2022DHS,CM_ECMR_C_U5M,63206050,I,360009,1360090,Region,..Rajshahi,14003,Ten years preceding the survey,0,1,CMECMRCU5M,BDDHS2022360009,2022,DHS,,,21,34,1
BGD,Barishal,4153184,Antenatal care from a skilled provider,86.8,1,BD,Bangladesh,2022,BD2022DHS,RH_ANCP_W_SKP,83363120,I,360001,1360010,Region,Barishal,14000,Three years preceding the survey,0,0,RHANCPWSKP,BDDHS2022360001,2022,DHS,314,544,,,1
BGD,Barishal,4153185,Antenatal care from a skilled provider,86.8,1,BD,Bangladesh,2022,BD2022DHS,RH_ANCP_W_SKP,83363120,I,360001,1360010,Region,Barishal,14000,Three years preceding the survey,0,0,RHANCPWSKP,BDDHS2022360001,2022,DHS,314,544,,,1
BGD,Barishal,2300556,Antenatal care from a skilled provider,87,1,BD,Bangladesh,2022,BD2022DHS,RH_ANCP_W_SKP,83363120,I,360001,1360010,Region,Barishal,14002,Two years preceding the survey,0,1,RHANCPWSKP,BDDHS2022360001,2022,DHS,216,376,,,1
BGD,Barishal,2300557,Antenatal care from a skilled provider,87,1,BD,Bangladesh,2022,BD2022DHS,RH_ANCP_W_SKP,83363120,I,360001,1360010,Region,Barishal,14002,Two years preceding the survey,0,1,RHANCPWSKP,BDDHS2022360001,2022,DHS,216,376,,,1
BGD,Chattogram/Sylhet,7286045,Antenatal care from a skilled provider,84.7,1,BD,Bangladesh,2022,BD2022DHS,RH_ANCP_W_SKP,83363120,I,360002,1360020,Region,Chattogram/Sylhet,14000,Three years preceding the survey,0,0,RHANCPWSKP,BDDHS2022360002,2022,DHS,1463,1468,,,
BGD,Chattogram/Sylhet,151314,Antenatal care from a skilled provider,86.2,1,BD,Bangladesh,2022,BD2022DHS,RH_ANCP_W_SKP,83363120,I,360002,1360020,Region,Chattogram/Sylhet,14002,Two years preceding the survey,0,1,RHANCPWSKP,BDDHS2022360002,2022,DHS,1007,1003,,,
BGD,Chattogram,4959071,Antenatal care from a skilled provider,85.8,1,BD,Bangladesh,2022,BD2022DHS,RH_ANCP_W_SKP,83363120,I,360003,1360030,Region,..Chattogram,14000,Three years preceding the survey,0,0,RHANCPWSKP,BDDHS2022360003,2022,DHS,1132,880,,,1
BGD,Chattogram,4959072,Antenatal care from a skilled provider,85.8,1,BD,Bangladesh,2022,BD2022DHS,RH_ANCP_W_SKP,83363120,I,360003,1360030,Region,..Chattogram,14000,Three years preceding the survey,0,0,RHANCPWSKP,BDDHS2022360003,2022,DHS,1132,880,,,1
BGD,Chattogram,4039835,Antenatal care from a skilled provider,88,1,BD,Bangladesh,2022,BD2022DHS,RH_ANCP_W_SKP,83363120,I,360003,1360030,Region,..Chattogram,14002,Two years preceding the survey,0,1,RHANCPWSKP,BDDHS2022360003,2022,DHS,776,598,,,1
BGD,Chattogram,4039836,Antenatal care from a skilled provider,88,1,BD,Bangladesh,2022,BD2022DHS,RH_ANCP_W_SKP,83363120,I,360003,1360030,Region,..Chattogram,14002,Two years preceding the survey,0,1,RHANCPWSKP,BDDHS2022360003,2022,DHS,776,598,,,1
BGD,Sylhet,2632748,Antenatal care from a skilled provider,81.1,1,BD,Bangladesh,2022,BD2022DHS,RH_ANCP_W_SKP,83363120,I,360004,1360040,Region,..Sylhet,14000,Three years preceding the survey,0,0,RHANCPWSKP,BDDHS2022360004,2022,DHS,330,588,,,1
BGD,Sylhet,2632749,Antenatal care from a skilled provider,81.1,1,BD,Bangladesh,2022,BD2022DHS,RH_ANCP_W_SKP,83363120,I,360004,1360040,Region,..Sylhet,14000,Three years preceding the survey,0,0,RHANCPWSKP,BDDHS2022360004,2022,DHS,330,588,,,1
BGD,Sylhet,6235773,Antenatal care from a skilled provider,80.1,1,BD,Bangladesh,2022,BD2022DHS,RH_ANCP_W_SKP,83363120,I,360004,1360040,Region,..Sylhet,14002,Two years preceding the survey,0,1,RHANCPWSKP,BDDHS2022360004,2022,DHS,230,405,,,1
BGD,Sylhet,6235774,Antenatal care from a skilled provider,80.1,1,BD,Bangladesh,2022,BD2022DHS,RH_ANCP_W_SKP,83363120,I,360004,1360040,Region,..Sylhet,14002,Two years preceding the survey,0,1,RHANCPWSKP,BDDHS2022360004,2022,DHS,230,405,,,1
BGD,Dhaka before 2015,3246880,Antenatal care from a skilled provider,88.1,1,BD,Bangladesh,2022,BD2022DHS,RH_ANCP_W_SKP,83363120,I,360005,1360050,Region,Dhaka before 2015,14000,Three years preceding the survey,0,0,RHANCPWSKP,BDDHS2022360005,2022,DHS,1704,1374,,,
BGD,Dhaka before 2015,4025108,Antenatal care from a skilled provider,89.2,1,BD,Bangladesh,2022,BD2022DHS,RH_ANCP_W_SKP,83363120,I,360005,1360050,Region,Dhaka before 2015,14002,Two years preceding the survey,0,1,RHANCPWSKP,BDDHS2022360005,2022,DHS,1227,994,,,
BGD,Dhaka,5772360,Antenatal care from a skilled provider,89.8,1,BD,Bangladesh,2022,BD2022DHS,RH_ANCP_W_SKP,83363120,I,360010,1360052,Region,..Dhaka,14000,Three years preceding the survey,0,0,RHANCPWSKP,BDDHS2022360010,2022,DHS,1257,753,,,1
BGD,Dhaka,5772361,Antenatal care from a skilled provider,89.8,1,BD,Bangladesh,2022,BD2022DHS,RH_ANCP_W_SKP,83363120,I,360010,1360052,Region,..Dhaka,14000,Three years preceding the survey,0,0,RHANCPWSKP,BDDHS2022360010,2022,DHS,1257,753,,,1
BGD,Dhaka,4053234,Antenatal care from a skilled provider,90.7,1,BD,Bangladesh,2022,BD2022DHS,RH_ANCP_W_SKP,83363120,I,360010,1360052,Region,..Dhaka,14002,Two years preceding the survey,0,1,RHANCPWSKP,BDDHS2022360010,2022,DHS,903,542,,,1
BGD,Dhaka,4053235,Antenatal care from a skilled provider,90.7,1,BD,Bangladesh,2022,BD2022DHS,RH_ANCP_W_SKP,83363120,I,360010,1360052,Region,..Dhaka,14002,Two years preceding the survey,0,1,RHANCPWSKP,BDDHS2022360010,2022,DHS,903,542,,,1
BGD,Mymensingh,3692444,Antenatal care from a skilled provider,83.5,1,BD,Bangladesh,2022,BD2022DHS,RH_ANCP_W_SKP,83363120,I,360011,1360055,Region,..Mymensingh,14000,Three years preceding the survey,0,0,RHANCPWSKP,BDDHS2022360011,2022,DHS,446,621,,,1
BGD,Mymensingh,3692445,Antenatal care from a skilled provider,83.5,1,BD,Bangladesh,2022,BD2022DHS,RH_ANCP_W_SKP,83363120,I,360011,1360055,Region,..Mymensingh,14000,Three years preceding the survey,0,0,RHANCPWSKP,BDDHS2022360011,2022,DHS,446,621,,,1
BGD,Mymensingh,6790177,Antenatal care from a skilled provider,85,1,BD,Bangladesh,2022,BD2022DHS,RH_ANCP_W_SKP,83363120,I,360011,1360055,Region,..Mymensingh,14002,Two years preceding the survey,0,1,RHANCPWSKP,BDDHS2022360011,2022,DHS,324,452,,,1
BGD,Mymensingh,6790178,Antenatal care from a skilled provider,85,1,BD,Bangladesh,2022,BD2022DHS,RH_ANCP_W_SKP,83363120,I,360011,1360055,Region,..Mymensingh,14002,Two years preceding the survey,0,1,RHANCPWSKP,BDDHS2022360011,2022,DHS,324,452,,,1
BGD,Khulna,4244145,Antenatal care from a skilled provider,91.7,1,BD,Bangladesh,2022,BD2022DHS,RH_ANCP_W_SKP,83363120,I,360006,1360060,Region,Khulna,14000,Three years preceding the survey,0,0,RHANCPWSKP,BDDHS2022360006,2022,DHS,530,574,,,1
BGD,Khulna,4244146,Antenatal care from a skilled provider,91.7,1,BD,Bangladesh,2022,BD2022DHS,RH_ANCP_W_SKP,83363120,I,360006,1360060,Region,Khulna,14000,Three years preceding the survey,0,0,RHANCPWSKP,BDDHS2022360006,2022,DHS,530,574,,,1
BGD,Khulna,7278122,Antenatal care from a skilled provider,91.4,1,BD,Bangladesh,2022,BD2022DHS,RH_ANCP_W_SKP,83363120,I,360006,1360060,Region,Khulna,14002,Two years preceding the survey,0,1,RHANCPWSKP,BDDHS2022360006,2022,DHS,374,404,,,1
BGD,Khulna,7278123,Antenatal care from a skilled provider,91.4,1,BD,Bangladesh,2022,BD2022DHS,RH_ANCP_W_SKP,83363120,I,360006,1360060,Region,Khulna,14002,Two years preceding the survey,0,1,RHANCPWSKP,BDDHS2022360006,2022,DHS,374,404,,,1
BGD,Rajshahi/Rangpur,6776787,Antenatal care from a skilled provider,84.3,1,BD,Bangladesh,2022,BD2022DHS,RH_ANCP_W_SKP,83363120,I,360007,1360070,Region,Rajshahi/Rangpur,14000,Three years preceding the survey,0,0,RHANCPWSKP,BDDHS2022360007,2022,DHS,1118,1104,,,
BGD,Rajshahi/Rangpur,4973083,Antenatal care from a skilled provider,85.2,1,BD,Bangladesh,2022,BD2022DHS,RH_ANCP_W_SKP,83363120,I,360007,1360070,Region,Rajshahi/Rangpur,14002,Two years preceding the survey,0,1,RHANCPWSKP,BDDHS2022360007,2022,DHS,786,772,,,
BGD,Rangpur,2311145,Antenatal care from a skilled provider,81.3,1,BD,Bangladesh,2022,BD2022DHS,RH_ANCP_W_SKP,83363120,I,360008,1360080,Region,..Rangpur,14000,Three years preceding the survey,0,0,RHANCPWSKP,BDDHS2022360008,2022,DHS,576,592,,,1
BGD,Rangpur,2311146,Antenatal care from a skilled provider,81.3,1,BD,Bangladesh,2022,BD2022DHS,RH_ANCP_W_SKP,83363120,I,360008,1360080,Region,..Rangpur,14000,Three years preceding the survey,0,0,RHANCPWSKP,BDDHS2022360008,2022,DHS,576,592,,,1
BGD,Rangpur,2311151,Antenatal care from a skilled provider,82.5,1,BD,Bangladesh,2022,BD2022DHS,RH_ANCP_W_SKP,83363120,I,360008,1360080,Region,..Rangpur,14002,Two years preceding the survey,0,1,RHANCPWSKP,BDDHS2022360008,2022,DHS,409,415,,,1
BGD,Rangpur,2311152,Antenatal care from a skilled provider,82.5,1,BD,Bangladesh,2022,BD2022DHS,RH_ANCP_W_SKP,83363120,I,360008,1360080,Region,..Rangpur,14002,Two years preceding the survey,0,1,RHANCPWSKP,BDDHS2022360008,2022,DHS,409,415,,,1
BGD,Rajshahi,2310339,Antenatal care from a skilled provider,87.5,1,BD,Bangladesh,2022,BD2022DHS,RH_ANCP_W_SKP,83363120,I,360009,1360090,Region,..Rajshahi,14000,Three years preceding the survey,0,0,RHANCPWSKP,BDDHS2022360009,2022,DHS,541,512,,,1
BGD,Rajshahi,2310340,Antenatal care from a skilled provider,87.5,1,BD,Bangladesh,2022,BD2022DHS,RH_ANCP_W_SKP,83363120,I,360009,1360090,Region,..Rajshahi,14000,Three years preceding the survey,0,0,RHANCPWSKP,BDDHS2022360009,2022,DHS,541,512,,,1
BGD,Rajshahi,4892920,Antenatal care from a skilled provider,88.1,1,BD,Bangladesh,2022,BD2022DHS,RH_ANCP_W_SKP,83363120,I,360009,1360090,Region,..Rajshahi,14002,Two years preceding the survey,0,1,RHANCPWSKP,BDDHS2022360009,2022,DHS,377,357,,,1
BGD,Rajshahi,4892921,Antenatal care from a skilled provider,88.1,1,BD,Bangladesh,2022,BD2022DHS,RH_ANCP_W_SKP,83363120,I,360009,1360090,Region,..Rajshahi,14002,Two years preceding the survey,0,1,RHANCPWSKP,BDDHS2022360009,2022,DHS,377,357,,,1
BGD,Barishal,3105935,Antenatal visits for pregnancy: 4+ visits,27.9,1,BD,Bangladesh,2022,BD2022DHS,RH_ANCN_W_N4P,83403040,I,360001,1360010,Region,Barishal,14000,Three years preceding the survey,0,0,RHANCNWN4P,BDDHS2022360001,2022,DHS,314,544,,,1
BGD,Barishal,3105936,Antenatal visits for pregnancy: 4+ visits,27.9,1,BD,Bangladesh,2022,BD2022DHS,RH_ANCN_W_N4P,83403040,I,360001,1360010,Region,Barishal,14000,Three years preceding the survey,0,0,RHANCNWN4P,BDDHS2022360001,2022,DHS,314,544,,,1
BGD,Barishal,5966221,Antenatal visits for pregnancy: 4+ visits,28.9,1,BD,Bangladesh,2022,BD2022DHS,RH_ANCN_W_N4P,83403040,I,360001,1360010,Region,Barishal,14002,Two years preceding the survey,0,1,RHANCNWN4P,BDDHS2022360001,2022,DHS,216,376,,,1
BGD,Barishal,5966222,Antenatal visits for pregnancy: 4+ visits,28.9,1,BD,Bangladesh,2022,BD2022DHS,RH_ANCN_W_N4P,83403040,I,360001,1360010,Region,Barishal,14002,Two years preceding the survey,0,1,RHANCNWN4P,BDDHS2022360001,2022,DHS,216,376,,,1
BGD,Chattogram/Sylhet,6186179,Antenatal visits for pregnancy: 4+ visits,35,1,BD,Bangladesh,2022,BD2022DHS,RH_ANCN_W_N4P,83403040,I,360002,1360020,Region,Chattogram/Sylhet,14000,Three years preceding the survey,0,0,RHANCNWN4P,BDDHS2022360002,2022,DHS,1463,1468,,,
BGD,Chattogram/Sylhet,7080152,Antenatal visits for pregnancy: 4+ visits,36.8,1,BD,Bangladesh,2022,BD2022DHS,RH_ANCN_W_N4P,83403040,I,360002,1360020,Region,Chattogram/Sylhet,14002,Two years preceding the survey,0,1,RHANCNWN4P,BDDHS2022360002,2022,DHS,1007,1003,,,
BGD,Chattogram,263315,Antenatal visits for pregnancy: 4+ visits,36.5,1,BD,Bangladesh,2022,BD2022DHS,RH_ANCN_W_N4P,83403040,I,360003,1360030,Region,..Chattogram,14000,Three years preceding the survey,0,0,RHANCNWN4P,BDDHS2022360003,2022,DHS,1132,880,,,1
BGD,Chattogram,263316,Antenatal visits for pregnancy: 4+ visits,36.5,1,BD,Bangladesh,2022,BD2022DHS,RH_ANCN_W_N4P,83403040,I,360003,1360030,Region,..Chattogram,14000,Three years preceding the survey,0,0,RHANCNWN4P,BDDHS2022360003,2022,DHS,1132,880,,,1
BGD,Chattogram,2653694,Antenatal visits for pregnancy: 4+ visits,38.3,1,BD,Bangladesh,2022,BD2022DHS,RH_ANCN_W_N4P,83403040,I,360003,1360030,Region,..Chattogram,14002,Two years preceding the survey,0,1,RHANCNWN4P,BDDHS2022360003,2022,DHS,776,598,,,1
BGD,Chattogram,2653695,Antenatal visits for pregnancy: 4+ visits,38.3,1,BD,Bangladesh,2022,BD2022DHS,RH_ANCN_W_N4P,83403040,I,360003,1360030,Region,..Chattogram,14002,Two years preceding the survey,0,1,RHANCNWN4P,BDDHS2022360003,2022,DHS,776,598,,,1
BGD,Sylhet,4574731,Antenatal visits for pregnancy: 4+ visits,29.8,1,BD,Bangladesh,2022,BD2022DHS,RH_ANCN_W_N4P,83403040,I,360004,1360040,Region,..Sylhet,14000,Three years preceding the survey,0,0,RHANCNWN4P,BDDHS2022360004,2022,DHS,330,588,,,1
BGD,Sylhet,4574732,Antenatal visits for pregnancy: 4+ visits,29.8,1,BD,Bangladesh,2022,BD2022DHS,RH_ANCN_W_N4P,83403040,I,360004,1360040,Region,..Sylhet,14000,Three years preceding the survey,0,0,RHANCNWN4P,BDDHS2022360004,2022,DHS,330,588,,,1
BGD,Sylhet,4775708,Antenatal visits for pregnancy: 4+ visits,31.6,1,BD,Bangladesh,2022,BD2022DHS,RH_ANCN_W_N4P,83403040,I,360004,1360040,Region,..Sylhet,14002,Two years preceding the survey,0,1,RHANCNWN4P,BDDHS2022360004,2022,DHS,230,405,,,1
BGD,Sylhet,4775709,Antenatal visits for pregnancy: 4+ visits,31.6,1,BD,Bangladesh,2022,BD2022DHS,RH_ANCN_W_N4P,83403040,I,360004,1360040,Region,..Sylhet,14002,Two years preceding the survey,0,1,RHANCNWN4P,BDDHS2022360004,2022,DHS,230,405,,,1
BGD,Dhaka before 2015,5401888,Antenatal visits for pregnancy: 4+ visits,47,1,BD,Bangladesh,2022,BD2022DHS,RH_ANCN_W_N4P,83403040,I,360005,1360050,Region,Dhaka before 2015,14000,Three years preceding the survey,0,0,RHANCNWN4P,BDDHS2022360005,2022,DHS,1704,1374,,,
BGD,Dhaka before 2015,6772413,Antenatal visits for pregnancy: 4+ visits,48.3,1,BD,Bangladesh,2022,BD2022DHS,RH_ANCN_W_N4P,83403040,I,360005,1360050,Region,Dhaka before 2015,14002,Two years preceding the survey,0,1,RHANCNWN4P,BDDHS2022360005,2022,DHS,1227,994,,,
BGD,Dhaka,6977187,Antenatal visits for pregnancy: 4+ visits,47.6,1,BD,Bangladesh,2022,BD2022DHS,RH_ANCN_W_N4P,83403040,I,360010,1360052,Region,..Dhaka,14000,Three years preceding the survey,0,0,RHANCNWN4P,BDDHS2022360010,2022,DHS,1257,753,,,1
BGD,Dhaka,6977188,Antenatal visits for pregnancy: 4+ visits,47.6,1,BD,Bangladesh,2022,BD2022DHS,RH_ANCN_W_N4P,83403040,I,360010,1360052,Region,..Dhaka,14000,Three years preceding the survey,0,0,RHANCNWN4P,BDDHS2022360010,2022,DHS,1257,753,,,1
BGD,Dhaka,3096459,Antenatal visits for pregnancy: 4+ visits,48.8,1,BD,Bangladesh,2022,BD2022DHS,RH_ANCN_W_N4P,83403040,I,360010,1360052,Region,..Dhaka,14002,Two years preceding the survey,0,1,RHANCNWN4P,BDDHS2022360010,2022,DHS,903,542,,,1
BGD,Dhaka,3096460,Antenatal visits for pregnancy: 4+ visits,48.8,1,BD,Bangladesh,2022,BD2022DHS,RH_ANCN_W_N4P,83403040,I,360010,1360052,Region,..Dhaka,14002,Two years preceding the survey,0,1,RHANCNWN4P,BDDHS2022360010,2022,DHS,903,542,,,1
BGD,Mymensingh,2310391,Antenatal visits for pregnancy: 4+ visits,45.1,1,BD,Bangladesh,2022,BD2022DHS,RH_ANCN_W_N4P,83403040,I,360011,1360055,Region,..Mymensingh,14000,Three years preceding the survey,0,0,RHANCNWN4P,BDDHS2022360011,2022,DHS,446,621,,,1
BGD,Mymensingh,2310392,Antenatal visits for pregnancy: 4+ visits,45.1,1,BD,Bangladesh,2022,BD2022DHS,RH_ANCN_W_N4P,83403040,I,360011,1360055,Region,..Mymensingh,14000,Three years preceding the survey,0,0,RHANCNWN4P,BDDHS2022360011,2022,DHS,446,621,,,1
BGD,Mymensingh,6203756,Antenatal visits for pregnancy: 4+ visits,46.9,1,BD,Bangladesh,2022,BD2022DHS,RH_ANCN_W_N4P,83403040,I,360011,1360055,Region,..Mymensingh,14002,Two years preceding the survey,0,1,RHANCNWN4P,BDDHS2022360011,2022,DHS,324,452,,,1
BGD,Mymensingh,6203757,Antenatal visits for pregnancy: 4+ visits,46.9,1,BD,Bangladesh,2022,BD2022DHS,RH_ANCN_W_N4P,83403040,I,360011,1360055,Region,..Mymensingh,14002,Two years preceding the survey,0,1,RHANCNWN4P,BDDHS2022360011,2022,DHS,324,452,,,1
BGD,Khulna,3090514,Antenatal visits for pregnancy: 4+ visits,43,1,BD,Bangladesh,2022,BD2022DHS,RH_ANCN_W_N4P,83403040,I,360006,1360060,Region,Khulna,14000,Three years preceding the survey,0,0,RHANCNWN4P,BDDHS2022360006,2022,DHS,530,574,,,1
BGD,Khulna,3090515,Antenatal visits for pregnancy: 4+ visits,43,1,BD,Bangladesh,2022,BD2022DHS,RH_ANCN_W_N4P,83403040,I,360006,1360060,Region,Khulna,14000,Three years preceding the survey,0,0,RHANCNWN4P,BDDHS2022360006,2022,DHS,530,574,,,1
BGD,Khulna,5817666,Antenatal visits for pregnancy: 4+ visits,41.7,1,BD,Bangladesh,2022,BD2022DHS,RH_ANCN_W_N4P,83403040,I,360006,1360060,Region,Khulna,14002,Two years preceding the survey,0,1,RHANCNWN4P,BDDHS2022360006,2022,DHS,374,404,,,1
BGD,Khulna,5817667,Antenatal visits for pregnancy: 4+ visits,41.7,1,BD,Bangladesh,2022,BD2022DHS,RH_ANCN_W_N4P,83403040,I,360006,1360060,Region,Khulna,14002,Two years preceding the survey,0,1,RHANCNWN4P,BDDHS2022360006,2022,DHS,374,404,,,1
BGD,Rajshahi/Rangpur,7373224,Antenatal visits for pregnancy: 4+ visits,36.2,1,BD,Bangladesh,2022,BD2022DHS,RH_ANCN_W_N4P,83403040,I,360007,1360070,Region,Rajshahi/Rangpur,14000,Three years preceding the survey,0,0,RHANCNWN4P,BDDHS2022360007,2022,DHS,1118,1104,,,
BGD,Rajshahi/Rangpur,284404,Antenatal visits for pregnancy: 4+ visits,35.7,1,BD,Bangladesh,2022,BD2022DHS,RH_ANCN_W_N4P,83403040,I,360007,1360070,Region,Rajshahi/Rangpur,14002,Two years preceding the survey,0,1,RHANCNWN4P,BDDHS2022360007,2022,DHS,786,772,,,
BGD,Rangpur,2311222,Antenatal visits for pregnancy: 4+ visits,35.5,1,BD,Bangladesh,2022,BD2022DHS,RH_ANCN_W_N4P,83403040,I,360008,1360080,Region,..Rangpur,14000,Three years preceding the survey,0,0,RHANCNWN4P,BDDHS2022360008,2022,DHS,576,592,,,1
BGD,Rangpur,2311223,Antenatal visits for pregnancy: 4+ visits,35.5,1,BD,Bangladesh,2022,BD2022DHS,RH_ANCN_W_N4P,83403040,I,360008,1360080,Region,..Rangpur,14000,Three years preceding the survey,0,0,RHANCNWN4P,BDDHS2022360008,2022,DHS,576,592,,,1
BGD,Rangpur,4553341,Antenatal visits for pregnancy: 4+ visits,35.3,1,BD,Bangladesh,2022,BD2022DHS,RH_ANCN_W_N4P,83403040,I,360008,1360080,Region,..Rangpur,14002,Two years preceding the survey,0,1,RHANCNWN4P,BDDHS2022360008,2022,DHS,409,415,,,1
BGD,Rangpur,4553342,Antenatal visits for pregnancy: 4+ visits,35.3,1,BD,Bangladesh,2022,BD2022DHS,RH_ANCN_W_N4P,83403040,I,360008,1360080,Region,..Rangpur,14002,Two years preceding the survey,0,1,RHANCNWN4P,BDDHS2022360008,2022,DHS,409,415,,,1
BGD,Rajshahi,5969098,Antenatal visits for pregnancy: 4+ visits,37,1,BD,Bangladesh,2022,BD2022DHS,RH_ANCN_W_N4P,83403040,I,360009,1360090,Region,..Rajshahi,14000,Three years preceding the survey,0,0,RHANCNWN4P,BDDHS2022360009,2022,DHS,541,512,,,1
BGD,Rajshahi,5969099,Antenatal visits for pregnancy: 4+ visits,37,1,BD,Bangladesh,2022,BD2022DHS,RH_ANCN_W_N4P,83403040,I,360009,1360090,Region,..Rajshahi,14000,Three years preceding the survey,0,0,RHANCNWN4P,BDDHS2022360009,2022,DHS,541,512,,,1
BGD,Rajshahi,593223,Antenatal visits for pregnancy: 4+ visits,36.1,1,BD,Bangladesh,2022,BD2022DHS,RH_ANCN_W_N4P,83403040,I,360009,1360090,Region,..Rajshahi,14002,Two years preceding the survey,0,1,RHANCNWN4P,BDDHS2022360009,2022,DHS,377,357,,,1
BGD,Rajshahi,593224,Antenatal visits for pregnancy: 4+ visits,36.1,1,BD,Bangladesh,2022,BD2022DHS,RH_ANCN_W_N4P,83403040,I,360009,1360090,Region,..Rajshahi,14002,Two years preceding the survey,0,1,RHANCNWN4P,BDDHS2022360009,2022,DHS,377,357,,,1
BGD,Barishal,5966235,Assistance during delivery from a skilled provider,61.6,1,BD,Bangladesh,2022,BD2022DHS,RH_DELA_C_SKP,83606110,I,360001,1360010,Region,Barishal,14000,Three years preceding the survey,0,0,RHDELACSKP,BDDHS2022360001,2022,DHS,328,570,,,1
BGD,Barishal,5966236,Assistance during delivery from a skilled provider,61.6,1,BD,Bangladesh,2022,BD2022DHS,RH_DELA_C_SKP,83606110,I,360001,1360010,Region,Barishal,14000,Three years preceding the survey,0,0,RHDELACSKP,BDDHS2022360001,2022,DHS,328,570,,,1
BGD,Barishal,2300789,Assistance during delivery from a skilled provider,60.9,1,BD,Bangladesh,2022,BD2022DHS,RH_DELA_C_SKP,83606110,I,360001,1360010,Region,Barishal,14002,Two years preceding the survey,0,1,RHDELACSKP,BDDHS2022360001,2022,DHS,219,383,,,1
BGD,Barishal,2300790,Assistance during delivery from a skilled provider,60.9,1,BD,Bangladesh,2022,BD2022DHS,RH_DELA_C_SKP,83606110,I,360001,1360010,Region,Barishal,14002,Two years preceding the survey,0,1,RHDELACSKP,BDDHS2022360001,2022,DHS,219,383,,,1
BGD,Chattogram/Sylhet,5589689,Assistance during delivery from a skilled provider,63.4,1,BD,Bangladesh,2022,BD2022DHS,RH_DELA_C_SKP,83606110,I,360002,1360020,Region,Chattogram/Sylhet,14000,Three years preceding the survey,0,0,RHDELACSKP,BDDHS2022360002,2022,DHS,1562,1575,,,
BGD,Chattogram/Sylhet,4184199,Assistance during delivery from a skilled provider,64.7,1,BD,Bangladesh,2022,BD2022DHS,RH_DELA_C_SKP,83606110,I,360002,1360020,Region,Chattogram/Sylhet,14002,Two years preceding the survey,0,1,RHDELACSKP,BDDHS2022360002,2022,DHS,1033,1036,,,
BGD,Chattogram,67446,Assistance during delivery from a skilled provider,65.2,1,BD,Bangladesh,2022,BD2022DHS,RH_DELA_C_SKP,83606110,I,360003,1360030,Region,..Chattogram,14000,Three years preceding the survey,0,0,RHDELACSKP,BDDHS2022360003,2022,DHS,1199,932,,,1
BGD,Chattogram,67447,Assistance during delivery from a skilled provider,65.2,1,BD,Bangladesh,2022,BD2022DHS,RH_DELA_C_SKP,83606110,I,360003,1360030,Region,..Chattogram,14000,Three years preceding the survey,0,0,RHDELACSKP,BDDHS2022360003,2022,DHS,1199,932,,,1
BGD,Chattogram,7435317,Assistance during delivery from a skilled provider,66.4,1,BD,Bangladesh,2022,BD2022DHS,RH_DELA_C_SKP,83606110,I,360003,1360030,Region,..Chattogram,14002,Two years preceding the survey,0,1,RHDELACSKP,BDDHS2022360003,2022,DHS,793,613,,,1
BGD,Chattogram,7435318,Assistance during delivery from a skilled provider,66.4,1,BD,Bangladesh,2022,BD2022DHS,RH_DELA_C_SKP,83606110,I,360003,1360030,Region,..Chattogram,14002,Two years preceding the survey,0,1,RHDELACSKP,BDDHS2022360003,2022,DHS,793,613,,,1
BGD,Sylhet,4713130,Assistance during delivery from a skilled provider,57.6,1,BD,Bangladesh,2022,BD2022DHS,RH_DELA_C_SKP,83606110,I,360004,1360040,Region,..Sylhet,14000,Three years preceding the survey,0,0,RHDELACSKP,BDDHS2022360004,2022,DHS,363,643,,,1
BGD,Sylhet,4713131,Assistance during delivery from a skilled provider,57.6,1,BD,Bangladesh,2022,BD2022DHS,RH_DELA_C_SKP,83606110,I,360004,1360040,Region,..Sylhet,14000,Three years preceding the survey,0,0,RHDELACSKP,BDDHS2022360004,2022,DHS,363,643,,,1
BGD,Sylhet,3312879,Assistance during delivery from a skilled provider,59.3,1,BD,Bangladesh,2022,BD2022DHS,RH_DELA_C_SKP,83606110,I,360004,1360040,Region,..Sylhet,14002,Two years preceding the survey,0,1,RHDELACSKP,BDDHS2022360004,2022,DHS,240,423,,,1
BGD,Sylhet,3312880,Assistance during delivery from a skilled provider,59.3,1,BD,Bangladesh,2022,BD2022DHS,RH_DELA_C_SKP,83606110,I,360004,1360040,Region,..Sylhet,14002,Two years preceding the survey,0,1,RHDELACSKP,BDDHS2022360004,2022,DHS,240,423,,,1
BGD,Dhaka before 2015,828932,Assistance during delivery from a skilled provider,69.4,1,BD,Bangladesh,2022,BD2022DHS,RH_DELA_C_SKP,83606110,I,360005,1360050,Region,Dhaka before 2015,14000,Three years preceding the survey,0,0,RHDELACSKP,BDDHS2022360005,2022,DHS,1806,1460,,,
BGD,Dhaka before 2015,256098,Assistance during delivery from a skilled provider,71.1,1,BD,Bangladesh,2022,BD2022DHS,RH_DELA_C_SKP,83606110,I,360005,1360050,Region,Dhaka before 2015,14002,Two years preceding the survey,0,1,RHDELACSKP,BDDHS2022360005,2022,DHS,1259,1020,,,
BGD,Dhaka,217567,Assistance during delivery from a skilled provider,75,1,BD,Bangladesh,2022,BD2022DHS,RH_DELA_C_SKP,83606110,I,360010,1360052,Region,..Dhaka,14000,Three years preceding the survey,0,0,RHDELACSKP,BDDHS2022360010,2022,DHS,1331,796,,,1
BGD,Dhaka,217568,Assistance during delivery from a skilled provider,75,1,BD,Bangladesh,2022,BD2022DHS,RH_DELA_C_SKP,83606110,I,360010,1360052,Region,..Dhaka,14000,Three years preceding the survey,0,0,RHDELACSKP,BDDHS2022360010,2022,DHS,1331,796,,,1
BGD,Dhaka,5888761,Assistance during delivery from a skilled provider,76.1,1,BD,Bangladesh,2022,BD2022DHS,RH_DELA_C_SKP,83606110,I,360010,1360052,Region,..Dhaka,14002,Two years preceding the survey,0,1,RHDELACSKP,BDDHS2022360010,2022,DHS,926,556,,,1
BGD,Dhaka,5888762,Assistance during delivery from a skilled provider,76.1,1,BD,Bangladesh,2022,BD2022DHS,RH_DELA_C_SKP,83606110,I,360010,1360052,Region,..Dhaka,14002,Two years preceding the survey,0,1,RHDELACSKP,BDDHS2022360010,2022,DHS,926,556,,,1
BGD,Mymensingh,7338307,Assistance during delivery from a skilled provider,53.5,1,BD,Bangladesh,2022,BD2022DHS,RH_DELA_C_SKP,83606110,I,360011,1360055,Region,..Mymensingh,14000,Three years preceding the survey,0,0,RHDELACSKP,BDDHS2022360011,2022,DHS,475,664,,,1
BGD,Mymensingh,7338308,Assistance during delivery from a skilled provider,53.5,1,BD,Bangladesh,2022,BD2022DHS,RH_DELA_C_SKP,83606110,I,360011,1360055,Region,..Mymensingh,14000,Three years preceding the survey,0,0,RHDELACSKP,BDDHS2022360011,2022,DHS,475,664,,,1
BGD,Mymensingh,688852,Assistance during delivery from a skilled provider,57.1,1,BD,Bangladesh,2022,BD2022DHS,RH_DELA_C_SKP,83606110,I,360011,1360055,Region,..Mymensingh,14002,Two years preceding the survey,0,1,RHDELACSKP,BDDHS2022360011,2022,DHS,333,464,,,1
BGD,Mymensingh,688853,Assistance during delivery from a skilled provider,57.1,1,BD,Bangladesh,2022,BD2022DHS,RH_DELA_C_SKP,83606110,I,360011,1360055,Region,..Mymensingh,14002,Two years preceding the survey,0,1,RHDELACSKP,BDDHS2022360011,2022,DHS,333,464,,,1
BGD,Khulna,6092472,Assistance during delivery from a skilled provider,85.3,1,BD,Bangladesh,2022,BD2022DHS,RH_DELA_C_SKP,83606110,I,360006,1360060,Region,Khulna,14000,Three years preceding the survey,0,0,RHDELACSKP,BDDHS2022360006,2022,DHS,547,593,,,1
BGD,Khulna,6092473,Assistance during delivery from a skilled provider,85.3,1,BD,Bangladesh,2022,BD2022DHS,RH_DELA_C_SKP,83606110,I,360006,1360060,Region,Khulna,14000,Three years preceding the survey,0,0,RHDELACSKP,BDDHS2022360006,2022,DHS,547,593,,,1
BGD,Khulna,7090487,Assistance during delivery from a skilled provider,86.5,1,BD,Bangladesh,2022,BD2022DHS,RH_DELA_C_SKP,83606110,I,360006,1360060,Region,Khulna,14002,Two years preceding the survey,0,1,RHDELACSKP,BDDHS2022360006,2022,DHS,380,410,,,1
BGD,Khulna,7090488,Assistance during delivery from a skilled provider,86.5,1,BD,Bangladesh,2022,BD2022DHS,RH_DELA_C_SKP,83606110,I,360006,1360060,Region,Khulna,14002,Two years preceding the survey,0,1,RHDELACSKP,BDDHS2022360006,2022,DHS,380,410,,,1
BGD,Rajshahi/Rangpur,624106,Assistance during delivery from a skilled provider,69,1,BD,Bangladesh,2022,BD2022DHS,RH_DELA_C_SKP,83606110,I,360007,1360070,Region,Rajshahi/Rangpur,14000,Three years preceding the survey,0,0,RHDELACSKP,BDDHS2022360007,2022,DHS,1162,1144,,,
BGD,Rajshahi/Rangpur,3622368,Assistance during delivery from a skilled provider,69.2,1,BD,Bangladesh,2022,BD2022DHS,RH_DELA_C_SKP,83606110,I,360007,1360070,Region,Rajshahi/Rangpur,14002,Two years preceding the survey,0,1,RHDELACSKP,BDDHS2022360007,2022,DHS,800,786,,,
BGD,Rangpur,4436577,Assistance during delivery from a skilled provider,66.3,1,BD,Bangladesh,2022,BD2022DHS,RH_DELA_C_SKP,83606110,I,360008,1360080,Region,..Rangpur,14000,Three years preceding the survey,0,0,RHDELACSKP,BDDHS2022360008,2022,DHS,602,617,,,1
BGD,Rangpur,4436578,Assistance during delivery from a skilled provider,66.3,1,BD,Bangladesh,2022,BD2022DHS,RH_DELA_C_SKP,83606110,I,360008,1360080,Region,..Rangpur,14000,Three years preceding the survey,0,0,RHDELACSKP,BDDHS2022360008,2022,DHS,602,617,,,1
BGD,Rangpur,4710703,Assistance during delivery from a skilled provider,66.3,1,BD,Bangladesh,2022,BD2022DHS,RH_DELA_C_SKP,83606110,I,360008,1360080,Region,..Rangpur,14002,Two years preceding the survey,0,1,RHDELACSKP,BDDHS2022360008,2022,DHS,419,425,,,1
BGD,Rangpur,4710704,Assistance during delivery from a skilled provider,66.3,1,BD,Bangladesh,2022,BD2022DHS,RH_DELA_C_SKP,83606110,I,360008,1360080,Region,..Rangpur,14002,Two years preceding the survey,0,1,RHDELACSKP,BDDHS2022360008,2022,DHS,419,425,,,1
BGD,Rajshahi,2310548,Assistance during delivery from a skilled provider,71.9,1,BD,Bangladesh,2022,BD2022DHS,RH_DELA_C_SKP,83606110,I,360009,1360090,Region,..Rajshahi,14000,Three years preceding the survey,0,0,RHDELACSKP,BDDHS2022360009,2022,DHS,560,527,,,1
BGD,Rajshahi,2310549,Assistance during delivery from a skilled provider,71.9,1,BD,Bangladesh,2022,BD2022DHS,RH_DELA_C_SKP,83606110,I,360009,1360090,Region,..Rajshahi,14000,Three years preceding the survey,0,0,RHDELACSKP,BDDHS2022360009,2022,DHS,560,527,,,1
BGD,Rajshahi,6790789,Assistance during delivery from a skilled provider,72.3,1,BD,Bangladesh,2022,BD2022DHS,RH_DELA_C_SKP,83606110,I,360009,1360090,Region,..Rajshahi,14002,Two years preceding the survey,0,1,RHDELACSKP,BDDHS2022360009,2022,DHS,381,361,,,1
BGD,Rajshahi,6790790,Assistance during delivery from a skilled provider,72.3,1,BD,Bangladesh,2022,BD2022DHS,RH_DELA_C_SKP,83606110,I,360009,1360090,Region,..Rajshahi,14002,Two years preceding the survey,0,1,RHDELACSKP,BDDHS2022360009,2022,DHS,381,361,,,1
BGD,Barishal,5965063,Children underweight,25.7,1,BD,Bangladesh,2022,BD2022DHS,CN_NUTS_C_WA2,104236090,I,360001,1360010,Region,Barishal,0,,0,1,CNNUTSCWA2,BDDHS2022360001,2022,DHS,297,500,,,1
BGD,Barishal,5965064,Children underweight,25.7,1,BD,Bangladesh,2022,BD2022DHS,CN_NUTS_C_WA2,104236090,I,360001,1360010,Region,Barishal,0,,0,1,CNNUTSCWA2,BDDHS2022360001,2022,DHS,297,500,,,1
BGD,Chattogram/Sylhet,3983304,Children underweight,25.5,1,BD,Bangladesh,2022,BD2022DHS,CN_NUTS_C_WA2,104236090,I,360002,1360020,Region,Chattogram/Sylhet,0,,0,1,CNNUTSCWA2,BDDHS2022360002,2022,DHS,1259,1292,,,
BGD,Chattogram,5732420,Children underweight,23.4,1,BD,Bangladesh,2022,BD2022DHS,CN_NUTS_C_WA2,104236090,I,360003,1360030,Region,..Chattogram,0,,0,1,CNNUTSCWA2,BDDHS2022360003,2022,DHS,942,737,,,1
BGD,Chattogram,5732421,Children underweight,23.4,1,BD,Bangladesh,2022,BD2022DHS,CN_NUTS_C_WA2,104236090,I,360003,1360030,Region,..Chattogram,0,,0,1,CNNUTSCWA2,BDDHS2022360003,2022,DHS,942,737,,,1
BGD,Sylhet,3832846,Children underweight,31.7,1,BD,Bangladesh,2022,BD2022DHS,CN_NUTS_C_WA2,104236090,I,360004,1360040,Region,..Sylhet,0,,0,1,CNNUTSCWA2,BDDHS2022360004,2022,DHS,317,555,,,1
BGD,Sylhet,3832847,Children underweight,31.7,1,BD,Bangladesh,2022,BD2022DHS,CN_NUTS_C_WA2,104236090,I,360004,1360040,Region,..Sylhet,0,,0,1,CNNUTSCWA2,BDDHS2022360004,2022,DHS,317,555,,,1
BGD,Dhaka before 2015,971061,Children underweight,20.2,1,BD,Bangladesh,2022,BD2022DHS,CN_NUTS_C_WA2,104236090,I,360005,1360050,Region,Dhaka before 2015,0,,0,1,CNNUTSCWA2,BDDHS2022360005,2022,DHS,1410,1148,,,
BGD,Dhaka,5259332,Children underweight,18.6,1,BD,Bangladesh,2022,BD2022DHS,CN_NUTS_C_WA2,104236090,I,360010,1360052,Region,..Dhaka,0,,0,1,CNNUTSCWA2,BDDHS2022360010,2022,DHS,1035,620,,,1
BGD,Dhaka,5259333,Children underweight,18.6,1,BD,Bangladesh,2022,BD2022DHS,CN_NUTS_C_WA2,104236090,I,360010,1360052,Region,..Dhaka,0,,0,1,CNNUTSCWA2,BDDHS2022360010,2022,DHS,1035,620,,,1
BGD,Mymensingh,3300240,Children underweight,24.7,1,BD,Bangladesh,2022,BD2022DHS,CN_NUTS_C_WA2,104236090,I,360011,1360055,Region,..Mymensingh,0,,0,1,CNNUTSCWA2,BDDHS2022360011,2022,DHS,375,528,,,1
BGD,Mymensingh,3300241,Children underweight,24.7,1,BD,Bangladesh,2022,BD2022DHS,CN_NUTS_C_WA2,104236090,I,360011,1360055,Region,..Mymensingh,0,,0,1,CNNUTSCWA2,BDDHS2022360011,2022,DHS,375,528,,,1
BGD,Khulna,3471806,Children underweight,18.7,1,BD,Bangladesh,2022,BD2022DHS,CN_NUTS_C_WA2,104236090,I,360006,1360060,Region,Khulna,0,,0,1,CNNUTSCWA2,BDDHS2022360006,2022,DHS,426,455,,,1
BGD,Khulna,3471807,Children underweight,18.7,1,BD,Bangladesh,2022,BD2022DHS,CN_NUTS_C_WA2,104236090,I,360006,1360060,Region,Khulna,0,,0,1,CNNUTSCWA2,BDDHS2022360006,2022,DHS,426,455,,,1
BGD,Rajshahi/Rangpur,4513733,Children underweight,21.6,1,BD,Bangladesh,2022,BD2022DHS,CN_NUTS_C_WA2,104236090,I,360007,1360070,Region,Rajshahi/Rangpur,0,,0,1,CNNUTSCWA2,BDDHS2022360007,2022,DHS,921,921,,,
BGD,Rangpur,7120941,Children underweight,24.6,1,BD,Bangladesh,2022,BD2022DHS,CN_NUTS_C_WA2,104236090,I,360008,1360080,Region,..Rangpur,0,,0,1,CNNUTSCWA2,BDDHS2022360008,2022,DHS,481,500,,,1
BGD,Rangpur,7120942,Children underweight,24.6,1,BD,Bangladesh,2022,BD2022DHS,CN_NUTS_C_WA2,104236090,I,360008,1360080,Region,..Rangpur,0,,0,1,CNNUTSCWA2,BDDHS2022360008,2022,DHS,481,500,,,1
BGD,Rajshahi,2384960,Children underweight,18.2,1,BD,Bangladesh,2022,BD2022DHS,CN_NUTS_C_WA2,104236090,I,360009,1360090,Region,..Rajshahi,0,,0,1,CNNUTSCWA2,BDDHS2022360009,2022,DHS,440,421,,,1
BGD,Rajshahi,2384961,Children underweight,18.2,1,BD,Bangladesh,2022,BD2022DHS,CN_NUTS_C_WA2,104236090,I,360009,1360090,Region,..Rajshahi,0,,0,1,CNNUTSCWA2,BDDHS2022360009,2022,DHS,440,421,,,1
BGD,Barishal,1970240,Net primary school attendance rate: Female,87.1,1,BD,Bangladesh,2022,BD2022DHS,ED_NARP_W_FEM,231033020,I,360001,1360010,Region,Barishal,0,,0,1,EDNARPWFEM,BDDHS2022360001,2022,DHS,,,,,1
BGD,Barishal,1970241,Net primary school attendance rate: Female,87.1,1,BD,Bangladesh,2022,BD2022DHS,ED_NARP_W_FEM,231033020,I,360001,1360010,Region,Barishal,0,,0,1,EDNARPWFEM,BDDHS2022360001,2022,DHS,,,,,1
BGD,Chattogram/Sylhet,1970297,Net primary school attendance rate: Female,83.4,1,BD,Bangladesh,2022,BD2022DHS,ED_NARP_W_FEM,231033020,I,360002,1360020,Region,Chattogram/Sylhet,0,,0,1,EDNARPWFEM,BDDHS2022360002,2022,DHS,,,,,
BGD,Chattogram,1970233,Net primary school attendance rate: Female,82.2,1,BD,Bangladesh,2022,BD2022DHS,ED_NARP_W_FEM,231033020,I,360003,1360030,Region,..Chattogram,0,,0,1,EDNARPWFEM,BDDHS2022360003,2022,DHS,,,,,1
BGD,Chattogram,1970234,Net primary school attendance rate: Female,82.2,1,BD,Bangladesh,2022,BD2022DHS,ED_NARP_W_FEM,231033020,I,360003,1360030,Region,..Chattogram,0,,0,1,EDNARPWFEM,BDDHS2022360003,2022,DHS,,,,,1
BGD,Sylhet,6207804,Net primary school attendance rate: Female,86.8,1,BD,Bangladesh,2022,BD2022DHS,ED_NARP_W_FEM,231033020,I,360004,1360040,Region,..Sylhet,0,,0,1,EDNARPWFEM,BDDHS2022360004,2022,DHS,,,,,1
BGD,Sylhet,6207805,Net primary school attendance rate: Female,86.8,1,BD,Bangladesh,2022,BD2022DHS,ED_NARP_W_FEM,231033020,I,360004,1360040,Region,..Sylhet,0,,0,1,EDNARPWFEM,BDDHS2022360004,2022,DHS,,,,,1
BGD,Dhaka before 2015,1959677,Net primary school attendance rate: Female,80.5,1,BD,Bangladesh,2022,BD2022DHS,ED_NARP_W_FEM,231033020,I,360005,1360050,Region,Dhaka before 2015,0,,0,1,EDNARPWFEM,BDDHS2022360005,2022,DHS,,,,,
BGD,Dhaka,1959636,Net primary school attendance rate: Female,79.4,1,BD,Bangladesh,2022,BD2022DHS,ED_NARP_W_FEM,231033020,I,360010,1360052,Region,..Dhaka,0,,0,1,EDNARPWFEM,BDDHS2022360010,2022,DHS,,,,,1
BGD,Dhaka,1959637,Net primary school attendance rate: Female,79.4,1,BD,Bangladesh,2022,BD2022DHS,ED_NARP_W_FEM,231033020,I,360010,1360052,Region,..Dhaka,0,,0,1,EDNARPWFEM,BDDHS2022360010,2022,DHS,,,,,1
BGD,Mymensingh,1976409,Net primary school attendance rate: Female,83,1,BD,Bangladesh,2022,BD2022DHS,ED_NARP_W_FEM,231033020,I,360011,1360055,Region,..Mymensingh,0,,0,1,EDNARPWFEM,BDDHS2022360011,2022,DHS,,,,,1
BGD,Mymensingh,1976410,Net primary school attendance rate: Female,83,1,BD,Bangladesh,2022,BD2022DHS,ED_NARP_W_FEM,231033020,I,360011,1360055,Region,..Mymensingh,0,,0,1,EDNARPWFEM,BDDHS2022360011,2022,DHS,,,,,1
BGD,Khulna,1977248,Net primary school attendance rate: Female,85.9,1,BD,Bangladesh,2022,BD2022DHS,ED_NARP_W_FEM,231033020,I,360006,1360060,Region,Khulna,0,,0,1,EDNARPWFEM,BDDHS2022360006,2022,DHS,,,,,1
BGD,Khulna,1977249,Net primary school attendance rate: Female,85.9,1,BD,Bangladesh,2022,BD2022DHS,ED_NARP_W_FEM,231033020,I,360006,1360060,Region,Khulna,0,,0,1,EDNARPWFEM,BDDHS2022360006,2022,DHS,,,,,1
BGD,Rajshahi/Rangpur,1959625,Net primary school attendance rate: Female,86,1,BD,Bangladesh,2022,BD2022DHS,ED_NARP_W_FEM,231033020,I,360007,1360070,Region,Rajshahi/Rangpur,0,,0,1,EDNARPWFEM,BDDHS2022360007,2022,DHS,,,,,
BGD,Rangpur,1977264,Net primary school attendance rate: Female,84.1,1,BD,Bangladesh,2022,BD2022DHS,ED_NARP_W_FEM,231033020,I,360008,1360080,Region,..Rangpur,0,,0,1,EDNARPWFEM,BDDHS2022360008,2022,DHS,,,,,1
BGD,Rangpur,1977265,Net primary school attendance rate: Female,84.1,1,BD,Bangladesh,2022,BD2022DHS,ED_NARP_W_FEM,231033020,I,360008,1360080,Region,..Rangpur,0,,0,1,EDNARPWFEM,BDDHS2022360008,2022,DHS,,,,,1
BGD,Rajshahi,6693977,Net primary school attendance rate: Female,87.6,1,BD,Bangladesh,2022,BD2022DHS,ED_NARP_W_FEM,231033020,I,360009,1360090,Region,..Rajshahi,0,,0,1,EDNARPWFEM,BDDHS2022360009,2022,DHS,,,,,1
BGD,Rajshahi,6693978,Net primary school attendance rate: Female,87.6,1,BD,Bangladesh,2022,BD2022DHS,ED_NARP_W_FEM,231033020,I,360009,1360090,Region,..Rajshahi,0,,0,1,EDNARPWFEM,BDDHS2022360009,2022,DHS,,,,,1
BGD,Barishal,1970256,Net primary school attendance rate: Male,81.3,1,BD,Bangladesh,2022,BD2022DHS,ED_NARP_M_MAL,231034010,I,360001,1360010,Region,Barishal,0,,0,1,EDNARPMMAL,BDDHS2022360001,2022,DHS,,,,,1
BGD,Barishal,1970257,Net primary school attendance rate: Male,81.3,1,BD,Bangladesh,2022,BD2022DHS,ED_NARP_M_MAL,231034010,I,360001,1360010,Region,Barishal,0,,0,1,EDNARPMMAL,BDDHS2022360001,2022,DHS,,,,,1
BGD,Chattogram/Sylhet,1970299,Net primary school attendance rate: Male,78.4,1,BD,Bangladesh,2022,BD2022DHS,ED_NARP_M_MAL,231034010,I,360002,1360020,Region,Chattogram/Sylhet,0,,0,1,EDNARPMMAL,BDDHS2022360002,2022,DHS,,,,,
BGD,Chattogram,1970231,Net primary school attendance rate: Male,76.9,1,BD,Bangladesh,2022,BD2022DHS,ED_NARP_M_MAL,231034010,I,360003,1360030,Region,..Chattogram,0,,0,1,EDNARPMMAL,BDDHS2022360003,2022,DHS,,,,,1
BGD,Chattogram,1970232,Net primary school attendance rate: Male,76.9,1,BD,Bangladesh,2022,BD2022DHS,ED_NARP_M_MAL,231034010,I,360003,1360030,Region,..Chattogram,0,,0,1,EDNARPMMAL,BDDHS2022360003,2022,DHS,,,,,1
BGD,Sylhet,6207798,Net primary school attendance rate: Male,82.5,1,BD,Bangladesh,2022,BD2022DHS,ED_NARP_M_MAL,231034010,I,360004,1360040,Region,..Sylhet,0,,0,1,EDNARPMMAL,BDDHS2022360004,2022,DHS,,,,,1
BGD,Sylhet,6207799,Net primary school attendance rate: Male,82.5,1,BD,Bangladesh,2022,BD2022DHS,ED_NARP_M_MAL,231034010,I,360004,1360040,Region,..Sylhet,0,,0,1,EDNARPMMAL,BDDHS2022360004,2022,DHS,,,,,1
BGD,Dhaka before 2015,1959679,Net primary school attendance rate: Male,77.7,1,BD,Bangladesh,2022,BD2022DHS,ED_NARP_M_MAL,231034010,I,360005,1360050,Region,Dhaka before 2015,0,,0,1,EDNARPMMAL,BDDHS2022360005,2022,DHS,,,,,
BGD,Dhaka,1959649,Net primary school attendance rate: Male,77.4,1,BD,Bangladesh,2022,BD2022DHS,ED_NARP_M_MAL,231034010,I,360010,1360052,Region,..Dhaka,0,,0,1,EDNARPMMAL,BDDHS2022360010,2022,DHS,,,,,1
BGD,Dhaka,1959650,Net primary school attendance rate: Male,77.4,1,BD,Bangladesh,2022,BD2022DHS,ED_NARP_M_MAL,231034010,I,360010,1360052,Region,..Dhaka,0,,0,1,EDNARPMMAL,BDDHS2022360010,2022,DHS,,,,,1
BGD,Mymensingh,1976419,Net primary school attendance rate: Male,78.5,1,BD,Bangladesh,2022,BD2022DHS,ED_NARP_M_MAL,231034010,I,360011,1360055,Region,..Mymensingh,0,,0,1,EDNARPMMAL,BDDHS2022360011,2022,DHS,,,,,1
BGD,Mymensingh,1976420,Net primary school attendance rate: Male,78.5,1,BD,Bangladesh,2022,BD2022DHS,ED_NARP_M_MAL,231034010,I,360011,1360055,Region,..Mymensingh,0,,0,1,EDNARPMMAL,BDDHS2022360011,2022,DHS,,,,,1
BGD,Khulna,1977234,Net primary school attendance rate: Male,85.6,1,BD,Bangladesh,2022,BD2022DHS,ED_NARP_M_MAL,231034010,I,360006,1360060,Region,Khulna,0,,0,1,EDNARPMMAL,BDDHS2022360006,2022,DHS,,,,,1
BGD,Khulna,1977235,Net primary school attendance rate: Male,85.6,1,BD,Bangladesh,2022,BD2022DHS,ED_NARP_M_MAL,231034010,I,360006,1360060,Region,Khulna,0,,0,1,EDNARPMMAL,BDDHS2022360006,2022,DHS,,,,,1
BGD,Rajshahi/Rangpur,1959628,Net primary school attendance rate: Male,82.3,1,BD,Bangladesh,2022,BD2022DHS,ED_NARP_M_MAL,231034010,I,360007,1360070,Region,Rajshahi/Rangpur,0,,0,1,EDNARPMMAL,BDDHS2022360007,2022,DHS,,,,,
BGD,Rangpur,1977275,Net primary school attendance rate: Male,80.9,1,BD,Bangladesh,2022,BD2022DHS,ED_NARP_M_MAL,231034010,I,360008,1360080,Region,..Rangpur,0,,0,1,EDNARPMMAL,BDDHS2022360008,2022,DHS,,,,,1
BGD,Rangpur,1977276,Net primary school attendance rate: Male,80.9,1,BD,Bangladesh,2022,BD2022DHS,ED_NARP_M_MAL,231034010,I,360008,1360080,Region,..Rangpur,0,,0,1,EDNARPMMAL,BDDHS2022360008,2022,DHS,,,,,1
BGD,Rajshahi,6693985,Net primary school attendance rate: Male,83.9,1,BD,Bangladesh,2022,BD2022DHS,ED_NARP_M_MAL,231034010,I,360009,1360090,Region,..Rajshahi,0,,0,1,EDNARPMMAL,BDDHS2022360009,2022,DHS,,,,,1
BGD,Rajshahi,6693986,Net primary school attendance rate: Male,83.9,1,BD,Bangladesh,2022,BD2022DHS,ED_NARP_M_MAL,231034010,I,360009,1360090,Region,..Rajshahi,0,,0,1,EDNARPMMAL,BDDHS2022360009,2022,DHS,,,,,1
BGD,Barishal,1970258,Net primary school attendance rate: Total,83.9,1,BD,Bangladesh,2022,BD2022DHS,ED_NARP_B_BTH,231035030,I,360001,1360010,Region,Barishal,0,,0,1,EDNARPBBTH,BDDHS2022360001,2022,DHS,,,,,1
BGD,Barishal,1970259,Net primary school attendance rate: Total,83.9,1,BD,Bangladesh,2022,BD2022DHS,ED_NARP_B_BTH,231035030,I,360001,1360010,Region,Barishal,0,,0,1,EDNARPBBTH,BDDHS2022360001,2022,DHS,,,,,1
BGD,Chattogram/Sylhet,1970300,Net primary school attendance rate: Total,81,1,BD,Bangladesh,2022,BD2022DHS,ED_NARP_B_BTH,231035030,I,360002,1360020,Region,Chattogram/Sylhet,0,,0,1,EDNARPBBTH,BDDHS2022360002,2022,DHS,,,,,
BGD,Chattogram,1970250,Net primary school attendance rate: Total,79.6,1,BD,Bangladesh,2022,BD2022DHS,ED_NARP_B_BTH,231035030,I,360003,1360030,Region,..Chattogram,0,,0,1,EDNARPBBTH,BDDHS2022360003,2022,DHS,,,,,1
BGD,Chattogram,1970251,Net primary school attendance rate: Total,79.6,1,BD,Bangladesh,2022,BD2022DHS,ED_NARP_B_BTH,231035030,I,360003,1360030,Region,..Chattogram,0,,0,1,EDNARPBBTH,BDDHS2022360003,2022,DHS,,,,,1
BGD,Sylhet,6207800,Net primary school attendance rate: Total,84.7,1,BD,Bangladesh,2022,BD2022DHS,ED_NARP_B_BTH,231035030,I,360004,1360040,Region,..Sylhet,0,,0,1,EDNARPBBTH,BDDHS2022360004,2022,DHS,,,,,1
BGD,Sylhet,6207801,Net primary school attendance rate: Total,84.7,1,BD,Bangladesh,2022,BD2022DHS,ED_NARP_B_BTH,231035030,I,360004,1360040,Region,..Sylhet,0,,0,1,EDNARPBBTH,BDDHS2022360004,2022,DHS,,,,,1
BGD,Dhaka before 2015,1959680,Net primary school attendance rate: Total,79,1,BD,Bangladesh,2022,BD2022DHS,ED_NARP_B_BTH,231035030,I,360005,1360050,Region,Dhaka before 2015,0,,0,1,EDNARPBBTH,BDDHS2022360005,2022,DHS,,,,,
BGD,Dhaka,1959644,Net primary school attendance rate: Total,78.4,1,BD,Bangladesh,2022,BD2022DHS,ED_NARP_B_BTH,231035030,I,360010,1360052,Region,..Dhaka,0,,0,1,EDNARPBBTH,BDDHS2022360010,2022,DHS,,,,,1
BGD,Dhaka,1959645,Net primary school attendance rate: Total,78.4,1,BD,Bangladesh,2022,BD2022DHS,ED_NARP_B_BTH,231035030,I,360010,1360052,Region,..Dhaka,0,,0,1,EDNARPBBTH,BDDHS2022360010,2022,DHS,,,,,1
BGD,Mymensingh,1976417,Net primary school attendance rate: Total,80.9,1,BD,Bangladesh,2022,BD2022DHS,ED_NARP_B_BTH,231035030,I,360011,1360055,Region,..Mymensingh,0,,0,1,EDNARPBBTH,BDDHS2022360011,2022,DHS,,,,,1
BGD,Mymensingh,1976418,Net primary school attendance rate: Total,80.9,1,BD,Bangladesh,2022,BD2022DHS,ED_NARP_B_BTH,231035030,I,360011,1360055,Region,..Mymensingh,0,,0,1,EDNARPBBTH,BDDHS2022360011,2022,DHS,,,,,1
BGD,Khulna,1977244,Net primary school attendance rate: Total,85.7,1,BD,Bangladesh,2022,BD2022DHS,ED_NARP_B_BTH,231035030,I,360006,1360060,Region,Khulna,0,,0,1,EDNARPBBTH,BDDHS2022360006,2022,DHS,,,,,1
BGD,Khulna,1977245,Net primary school attendance rate: Total,85.7,1,BD,Bangladesh,2022,BD2022DHS,ED_NARP_B_BTH,231035030,I,360006,1360060,Region,Khulna,0,,0,1,EDNARPBBTH,BDDHS2022360006,2022,DHS,,,,,1
BGD,Rajshahi/Rangpur,1959629,Net primary school attendance rate: Total,84.1,1,BD,Bangladesh,2022,BD2022DHS,ED_NARP_B_BTH,231035030,I,360007,1360070,Region,Rajshahi/Rangpur,0,,0,1,EDNARPBBTH,BDDHS2022360007,2022,DHS,,,,,
BGD,Rangpur,1977277,Net primary school attendance rate: Total,82.4,1,BD,Bangladesh,2022,BD2022DHS,ED_NARP_B_BTH,231035030,I,360008,1360080,Region,..Rangpur,0,,0,1,EDNARPBBTH,BDDHS2022360008,2022,DHS,,,,,1
BGD,Rangpur,1977278,Net primary school attendance rate: Total,82.4,1,BD,Bangladesh,2022,BD2022DHS,ED_NARP_B_BTH,231035030,I,360008,1360080,Region,..Rangpur,0,,0,1,EDNARPBBTH,BDDHS2022360008,2022,DHS,,,,,1
BGD,Rajshahi,6693981,Net primary school attendance rate: Total,85.8,1,BD,Bangladesh,2022,BD2022DHS,ED_NARP_B_BTH,231035030,I,360009,1360090,Region,..Rajshahi,0,,0,1,EDNARPBBTH,BDDHS2022360009,2022,DHS,,,,,1
BGD,Rajshahi,6693982,Net primary school attendance rate: Total,85.8,1,BD,Bangladesh,2022,BD2022DHS,ED_NARP_B_BTH,231035030,I,360009,1360090,Region,..Rajshahi,0,,0,1,EDNARPBBTH,BDDHS2022360009,2022,DHS,,,,,1
BGD,Barishal,1970242,Gender parity index for net primary school attendance,1.07,2,BD,Bangladesh,2022,BD2022DHS,ED_NARP_B_GPI,231035040,I,360001,1360010,Region,Barishal,0,,0,1,EDNARPBGPI,BDDHS2022360001,2022,DHS,,,,,1
BGD,Barishal,1970243,Gender parity index for net primary school attendance,1.07,2,BD,Bangladesh,2022,BD2022DHS,ED_NARP_B_GPI,231035040,I,360001,1360010,Region,Barishal,0,,0,1,EDNARPBGPI,BDDHS2022360001,2022,DHS,,,,,1
BGD,Chattogram/Sylhet,1970298,Gender parity index for net primary school attendance,1.06,2,BD,Bangladesh,2022,BD2022DHS,ED_NARP_B_GPI,231035040,I,360002,1360020,Region,Chattogram/Sylhet,0,,0,1,EDNARPBGPI,BDDHS2022360002,2022,DHS,,,,,
BGD,Chattogram,1970254,Gender parity index for net primary school attendance,1.07,2,BD,Bangladesh,2022,BD2022DHS,ED_NARP_B_GPI,231035040,I,360003,1360030,Region,..Chattogram,0,,0,1,EDNARPBGPI,BDDHS2022360003,2022,DHS,,,,,1
BGD,Chattogram,1970255,Gender parity index for net primary school attendance,1.07,2,BD,Bangladesh,2022,BD2022DHS,ED_NARP_B_GPI,231035040,I,360003,1360030,Region,..Chattogram,0,,0,1,EDNARPBGPI,BDDHS2022360003,2022,DHS,,,,,1
BGD,Sylhet,6207806,Gender parity index for net primary school attendance,1.05,2,BD,Bangladesh,2022,BD2022DHS,ED_NARP_B_GPI,231035040,I,360004,1360040,Region,..Sylhet,0,,0,1,EDNARPBGPI,BDDHS2022360004,2022,DHS,,,,,1
BGD,Sylhet,6207807,Gender parity index for net primary school attendance,1.05,2,BD,Bangladesh,2022,BD2022DHS,ED_NARP_B_GPI,231035040,I,360004,1360040,Region,..Sylhet,0,,0,1,EDNARPBGPI,BDDHS2022360004,2022,DHS,,,,,1
BGD,Dhaka before 2015,1959678,Gender parity index for net primary school attendance,1.04,2,BD,Bangladesh,2022,BD2022DHS,ED_NARP_B_GPI,231035040,I,360005,1360050,Region,Dhaka before 2015,0,,0,1,EDNARPBGPI,BDDHS2022360005,2022,DHS,,,,,
BGD,Dhaka,1959638,Gender parity index for net primary school attendance,1.03,2,BD,Bangladesh,2022,BD2022DHS,ED_NARP_B_GPI,231035040,I,360010,1360052,Region,..Dhaka,0,,0,1,EDNARPBGPI,BDDHS2022360010,2022,DHS,,,,,1
BGD,Dhaka,1959639,Gender parity index for net primary school attendance,1.03,2,BD,Bangladesh,2022,BD2022DHS,ED_NARP_B_GPI,231035040,I,360010,1360052,Region,..Dhaka,0,,0,1,EDNARPBGPI,BDDHS2022360010,2022,DHS,,,,,1
BGD,Mymensingh,1976411,Gender parity index for net primary school attendance,1.06,2,BD,Bangladesh,2022,BD2022DHS,ED_NARP_B_GPI,231035040,I,360011,1360055,Region,..Mymensingh,0,,0,1,EDNARPBGPI,BDDHS2022360011,2022,DHS,,,,,1
BGD,Mymensingh,1976412,Gender parity index for net primary school attendance,1.06,2,BD,Bangladesh,2022,BD2022DHS,ED_NARP_B_GPI,231035040,I,360011,1360055,Region,..Mymensingh,0,,0,1,EDNARPBGPI,BDDHS2022360011,2022,DHS,,,,,1
BGD,Khulna,1977250,Gender parity index for net primary school attendance,1,2,BD,Bangladesh,2022,BD2022DHS,ED_NARP_B_GPI,231035040,I,360006,1360060,Region,Khulna,0,,0,1,EDNARPBGPI,BDDHS2022360006,2022,DHS,,,,,1
BGD,Khulna,1977251,Gender parity index for net primary school attendance,1,2,BD,Bangladesh,2022,BD2022DHS,ED_NARP_B_GPI,231035040,I,360006,1360060,Region,Khulna,0,,0,1,EDNARPBGPI,BDDHS2022360006,2022,DHS,,,,,1
BGD,Rajshahi/Rangpur,1959627,Gender parity index for net primary school attendance,1.04,2,BD,Bangladesh,2022,BD2022DHS,ED_NARP_B_GPI,231035040,I,360007,1360070,Region,Rajshahi/Rangpur,0,,0,1,EDNARPBGPI,BDDHS2022360007,2022,DHS,,,,,
BGD,Rangpur,1977266,Gender parity index for net primary school attendance,1.04,2,BD,Bangladesh,2022,BD2022DHS,ED_NARP_B_GPI,231035040,I,360008,1360080,Region,..Rangpur,0,,0,1,EDNARPBGPI,BDDHS2022360008,2022,DHS,,,,,1
BGD,Rangpur,1977267,Gender parity index for net primary school attendance,1.04,2,BD,Bangladesh,2022,BD2022DHS,ED_NARP_B_GPI,231035040,I,360008,1360080,Region,..Rangpur,0,,0,1,EDNARPBGPI,BDDHS2022360008,2022,DHS,,,,,1
BGD,Rajshahi,6693979,Gender parity index for net primary school attendance,1.04,2,BD,Bangladesh,2022,BD2022DHS,ED_NARP_B_GPI,231035040,I,360009,1360090,Region,..Rajshahi,0,,0,1,EDNARPBGPI,BDDHS2022360009,2022,DHS,,,,,1
BGD,Rajshahi,6693980,Gender parity index for net primary school attendance,1.04,2,BD,Bangladesh,2022,BD2022DHS,ED_NARP_B_GPI,231035040,I,360009,1360090,Region,..Rajshahi,0,,0,1,EDNARPBGPI,BDDHS2022360009,2022,DHS,,,,,1
BGD,Barishal,1970318,Gender parity index for net secondary school attendance,1.2,2,BD,Bangladesh,2022,BD2022DHS,ED_NARS_B_GPI,231105040,I,360001,1360010,Region,Barishal,0,,0,1,EDNARSBGPI,BDDHS2022360001,2022,DHS,,,,,1
BGD,Barishal,1970319,Gender parity index for net secondary school attendance,1.2,2,BD,Bangladesh,2022,BD2022DHS,ED_NARS_B_GPI,231105040,I,360001,1360010,Region,Barishal,0,,0,1,EDNARSBGPI,BDDHS2022360001,2022,DHS,,,,,1
BGD,Chattogram/Sylhet,1970327,Gender parity index for net secondary school attendance,1.25,2,BD,Bangladesh,2022,BD2022DHS,ED_NARS_B_GPI,231105040,I,360002,1360020,Region,Chattogram/Sylhet,0,,0,1,EDNARSBGPI,BDDHS2022360002,2022,DHS,,,,,
BGD,Chattogram,1970311,Gender parity index for net secondary school attendance,1.25,2,BD,Bangladesh,2022,BD2022DHS,ED_NARS_B_GPI,231105040,I,360003,1360030,Region,..Chattogram,0,,0,1,EDNARSBGPI,BDDHS2022360003,2022,DHS,,,,,1
BGD,Chattogram,1970312,Gender parity index for net secondary school attendance,1.25,2,BD,Bangladesh,2022,BD2022DHS,ED_NARS_B_GPI,231105040,I,360003,1360030,Region,..Chattogram,0,,0,1,EDNARSBGPI,BDDHS2022360003,2022,DHS,,,,,1
BGD,Sylhet,6207030,Gender parity index for net secondary school attendance,1.26,2,BD,Bangladesh,2022,BD2022DHS,ED_NARS_B_GPI,231105040,I,360004,1360040,Region,..Sylhet,0,,0,1,EDNARSBGPI,BDDHS2022360004,2022,DHS,,,,,1
BGD,Sylhet,6207031,Gender parity index for net secondary school attendance,1.26,2,BD,Bangladesh,2022,BD2022DHS,ED_NARS_B_GPI,231105040,I,360004,1360040,Region,..Sylhet,0,,0,1,EDNARSBGPI,BDDHS2022360004,2022,DHS,,,,,1
BGD,Dhaka before 2015,1959690,Gender parity index for net secondary school attendance,1.06,2,BD,Bangladesh,2022,BD2022DHS,ED_NARS_B_GPI,231105040,I,360005,1360050,Region,Dhaka before 2015,0,,0,1,EDNARSBGPI,BDDHS2022360005,2022,DHS,,,,,
BGD,Dhaka,1959701,Gender parity index for net secondary school attendance,1.06,2,BD,Bangladesh,2022,BD2022DHS,ED_NARS_B_GPI,231105040,I,360010,1360052,Region,..Dhaka,0,,0,1,EDNARSBGPI,BDDHS2022360010,2022,DHS,,,,,1
BGD,Dhaka,1959702,Gender parity index for net secondary school attendance,1.06,2,BD,Bangladesh,2022,BD2022DHS,ED_NARS_B_GPI,231105040,I,360010,1360052,Region,..Dhaka,0,,0,1,EDNARSBGPI,BDDHS2022360010,2022,DHS,,,,,1
BGD,Mymensingh,1976438,Gender parity index for net secondary school attendance,1.04,2,BD,Bangladesh,2022,BD2022DHS,ED_NARS_B_GPI,231105040,I,360011,1360055,Region,..Mymensingh,0,,0,1,EDNARSBGPI,BDDHS2022360011,2022,DHS,,,,,1
BGD,Mymensingh,1976439,Gender parity index for net secondary school attendance,1.04,2,BD,Bangladesh,2022,BD2022DHS,ED_NARS_B_GPI,231105040,I,360011,1360055,Region,..Mymensingh,0,,0,1,EDNARSBGPI,BDDHS2022360011,2022,DHS,,,,,1
BGD,Khulna,1977285,Gender parity index for net secondary school attendance,1.08,2,BD,Bangladesh,2022,BD2022DHS,ED_NARS_B_GPI,231105040,I,360006,1360060,Region,Khulna,0,,0,1,EDNARSBGPI,BDDHS2022360006,2022,DHS,,,,,1
BGD,Khulna,1977286,Gender parity index for net secondary school attendance,1.08,2,BD,Bangladesh,2022,BD2022DHS,ED_NARS_B_GPI,231105040,I,360006,1360060,Region,Khulna,0,,0,1,EDNARSBGPI,BDDHS2022360006,2022,DHS,,,,,1
BGD,Rajshahi/Rangpur,1959676,Gender parity index for net secondary school attendance,0.99,2,BD,Bangladesh,2022,BD2022DHS,ED_NARS_B_GPI,231105040,I,360007,1360070,Region,Rajshahi/Rangpur,0,,0,1,EDNARSBGPI,BDDHS2022360007,2022,DHS,,,,,
BGD,Rangpur,1977334,Gender parity index for net secondary school attendance,0.97,2,BD,Bangladesh,2022,BD2022DHS,ED_NARS_B_GPI,231105040,I,360008,1360080,Region,..Rangpur,0,,0,1,EDNARSBGPI,BDDHS2022360008,2022,DHS,,,,,1
BGD,Rangpur,1977335,Gender parity index for net secondary school attendance,0.97,2,BD,Bangladesh,2022,BD2022DHS,ED_NARS_B_GPI,231105040,I,360008,1360080,Region,..Rangpur,0,,0,1,EDNARSBGPI,BDDHS2022360008,2022,DHS,,,,,1
BGD,Rajshahi,6694005,Gender parity index for net secondary school attendance,1.01,2,BD,Bangladesh,2022,BD2022DHS,ED_NARS_B_GPI,231105040,I,360009,1360090,Region,..Rajshahi,0,,0,1,EDNARSBGPI,BDDHS2022360009,2022,DHS,,,,,1
BGD,Rajshahi,6694006,Gender parity index for net secondary school attendance,1.01,2,BD,Bangladesh,2022,BD2022DHS,ED_NARS_B_GPI,231105040,I,360009,1360090,Region,..Rajshahi,0,,0,1,EDNARSBGPI,BDDHS2022360009,2022,DHS,,,,,1
BGD,Barishal,5363009,Women who are literate,84.2,1,BD,Bangladesh,2022,BD2022DHS,ED_LITR_W_LIT,231233090,I,360001,1360010,Region,Barishal,0,,0,1,EDLITRWLIT,BDDHS2022360001,2022,DHS,1825,3232,,,1
BGD,Barishal,5363010,Women who are literate,84.2,1,BD,Bangladesh,2022,BD2022DHS,ED_LITR_W_LIT,231233090,I,360001,1360010,Region,Barishal,0,,0,1,EDLITRWLIT,BDDHS2022360001,2022,DHS,1825,3232,,,1
BGD,Chattogram/Sylhet,1970481,Women who are literate,76.6,1,BD,Bangladesh,2022,BD2022DHS,ED_LITR_W_LIT,231233090,I,360002,1360020,Region,Chattogram/Sylhet,0,,0,1,EDLITRWLIT,BDDHS2022360002,2022,DHS,7321,7669,,,
BGD,Chattogram,6853549,Women who are literate,77.5,1,BD,Bangladesh,2022,BD2022DHS,ED_LITR_W_LIT,231233090,I,360003,1360030,Region,..Chattogram,0,,0,1,EDLITRWLIT,BDDHS2022360003,2022,DHS,5585,4461,,,1
BGD,Chattogram,6853550,Women who are literate,77.5,1,BD,Bangladesh,2022,BD2022DHS,ED_LITR_W_LIT,231233090,I,360003,1360030,Region,..Chattogram,0,,0,1,EDLITRWLIT,BDDHS2022360003,2022,DHS,5585,4461,,,1
BGD,Sylhet,1977479,Women who are literate,73.8,1,BD,Bangladesh,2022,BD2022DHS,ED_LITR_W_LIT,231233090,I,360004,1360040,Region,..Sylhet,0,,0,1,EDLITRWLIT,BDDHS2022360004,2022,DHS,1736,3208,,,1
BGD,Sylhet,1977480,Women who are literate,73.8,1,BD,Bangladesh,2022,BD2022DHS,ED_LITR_W_LIT,231233090,I,360004,1360040,Region,..Sylhet,0,,0,1,EDLITRWLIT,BDDHS2022360004,2022,DHS,1736,3208,,,1
BGD,Dhaka before 2015,6566350,Women who are literate,79,1,BD,Bangladesh,2022,BD2022DHS,ED_LITR_W_LIT,231233090,I,360005,1360050,Region,Dhaka before 2015,0,,0,1,EDLITRWLIT,BDDHS2022360005,2022,DHS,9942,7809,,,
BGD,Dhaka,3479955,Women who are literate,81.1,1,BD,Bangladesh,2022,BD2022DHS,ED_LITR_W_LIT,231233090,I,360010,1360052,Region,..Dhaka,0,,0,1,EDLITRWLIT,BDDHS2022360010,2022,DHS,7637,4554,,,1
BGD,Dhaka,3479956,Women who are literate,81.1,1,BD,Bangladesh,2022,BD2022DHS,ED_LITR_W_LIT,231233090,I,360010,1360052,Region,..Dhaka,0,,0,1,EDLITRWLIT,BDDHS2022360010,2022,DHS,7637,4554,,,1
BGD,Mymensingh,4621059,Women who are literate,72,1,BD,Bangladesh,2022,BD2022DHS,ED_LITR_W_LIT,231233090,I,360011,1360055,Region,..Mymensingh,0,,0,1,EDLITRWLIT,BDDHS2022360011,2022,DHS,2305,3255,,,1
BGD,Mymensingh,4621060,Women who are literate,72,1,BD,Bangladesh,2022,BD2022DHS,ED_LITR_W_LIT,231233090,I,360011,1360055,Region,..Mymensingh,0,,0,1,EDLITRWLIT,BDDHS2022360011,2022,DHS,2305,3255,,,1
BGD,Khulna,3898562,Women who are literate,80.9,1,BD,Bangladesh,2022,BD2022DHS,ED_LITR_W_LIT,231233090,I,360006,1360060,Region,Khulna,0,,0,1,EDLITRWLIT,BDDHS2022360006,2022,DHS,3602,3928,,,1
BGD,Khulna,3898563,Women who are literate,80.9,1,BD,Bangladesh,2022,BD2022DHS,ED_LITR_W_LIT,231233090,I,360006,1360060,Region,Khulna,0,,0,1,EDLITRWLIT,BDDHS2022360006,2022,DHS,3602,3928,,,1
BGD,Rajshahi/Rangpur,1959784,Women who are literate,75.8,1,BD,Bangladesh,2022,BD2022DHS,ED_LITR_W_LIT,231233090,I,360007,1360070,Region,Rajshahi/Rangpur,0,,0,1,EDLITRWLIT,BDDHS2022360007,2022,DHS,7387,7440,,,
BGD,Rangpur,170518,Women who are literate,73.1,1,BD,Bangladesh,2022,BD2022DHS,ED_LITR_W_LIT,231233090,I,360008,1360080,Region,..Rangpur,0,,0,1,EDLITRWLIT,BDDHS2022360008,2022,DHS,3452,3624,,,1
BGD,Rangpur,170519,Women who are literate,73.1,1,BD,Bangladesh,2022,BD2022DHS,ED_LITR_W_LIT,231233090,I,360008,1360080,Region,..Rangpur,0,,0,1,EDLITRWLIT,BDDHS2022360008,2022,DHS,3452,3624,,,1
BGD,Rajshahi,1976497,Women who are literate,78.1,1,BD,Bangladesh,2022,BD2022DHS,ED_LITR_W_LIT,231233090,I,360009,1360090,Region,..Rajshahi,0,,0,1,EDLITRWLIT,BDDHS2022360009,2022,DHS,3935,3816,,,1
BGD,Rajshahi,1976498,Women who are literate,78.1,1,BD,Bangladesh,2022,BD2022DHS,ED_LITR_W_LIT,231233090,I,360009,1360090,Region,..Rajshahi,0,,0,1,EDLITRWLIT,BDDHS2022360009,2022,DHS,3935,3816,,,1
BGD,Barishal,1969639,Population using an improved water source,99.1,1,BD,Bangladesh,2022,BD2022DHS,WS_SRCE_P_IMP,250162010,I,360001,1360010,Region,Barishal,0,,0,1,WSSRCEPIMP,BDDHS2022360001,2022,DHS,7520,13192,,,1
BGD,Barishal,1969640,Population using an improved water source,99.1,1,BD,Bangladesh,2022,BD2022DHS,WS_SRCE_P_IMP,250162010,I,360001,1360010,Region,Barishal,0,,0,1,WSSRCEPIMP,BDDHS2022360001,2022,DHS,7520,13192,,,1
BGD,Chattogram/Sylhet,4817422,Population using an improved water source,98.2,1,BD,Bangladesh,2022,BD2022DHS,WS_SRCE_P_IMP,250162010,I,360002,1360020,Region,Chattogram/Sylhet,0,,0,1,WSSRCEPIMP,BDDHS2022360002,2022,DHS,31868,34186,,,
BGD,Chattogram,3160995,Population using an improved water source,98.9,1,BD,Bangladesh,2022,BD2022DHS,WS_SRCE_P_IMP,250162010,I,360003,1360030,Region,..Chattogram,0,,0,1,WSSRCEPIMP,BDDHS2022360003,2022,DHS,23357,18649,,,1
BGD,Chattogram,3160996,Population using an improved water source,98.9,1,BD,Bangladesh,2022,BD2022DHS,WS_SRCE_P_IMP,250162010,I,360003,1360030,Region,..Chattogram,0,,0,1,WSSRCEPIMP,BDDHS2022360003,2022,DHS,23357,18649,,,1
BGD,Sylhet,6065144,Population using an improved water source,96.1,1,BD,Bangladesh,2022,BD2022DHS,WS_SRCE_P_IMP,250162010,I,360004,1360040,Region,..Sylhet,0,,0,1,WSSRCEPIMP,BDDHS2022360004,2022,DHS,8511,15537,,,1
BGD,Sylhet,6065145,Population using an improved water source,96.1,1,BD,Bangladesh,2022,BD2022DHS,WS_SRCE_P_IMP,250162010,I,360004,1360040,Region,..Sylhet,0,,0,1,WSSRCEPIMP,BDDHS2022360004,2022,DHS,8511,15537,,,1
BGD,Dhaka before 2015,427863,Population using an improved water source,99.9,1,BD,Bangladesh,2022,BD2022DHS,WS_SRCE_P_IMP,250162010,I,360005,1360050,Region,Dhaka before 2015,0,,0,1,WSSRCEPIMP,BDDHS2022360005,2022,DHS,40740,32568,,,
BGD,Dhaka,1959259,Population using an improved water source,99.8,1,BD,Bangladesh,2022,BD2022DHS,WS_SRCE_P_IMP,250162010,I,360010,1360052,Region,..Dhaka,0,,0,1,WSSRCEPIMP,BDDHS2022360010,2022,DHS,30762,18535,,,1
BGD,Dhaka,1959260,Population using an improved water source,99.8,1,BD,Bangladesh,2022,BD2022DHS,WS_SRCE_P_IMP,250162010,I,360010,1360052,Region,..Dhaka,0,,0,1,WSSRCEPIMP,BDDHS2022360010,2022,DHS,30762,18535,,,1
BGD,Mymensingh,6155368,Population using an improved water source,100,1,BD,Bangladesh,2022,BD2022DHS,WS_SRCE_P_IMP,250162010,I,360011,1360055,Region,..Mymensingh,0,,0,1,WSSRCEPIMP,BDDHS2022360011,2022,DHS,9978,14033,,,1
BGD,Mymensingh,6155369,Population using an improved water source,100,1,BD,Bangladesh,2022,BD2022DHS,WS_SRCE_P_IMP,250162010,I,360011,1360055,Region,..Mymensingh,0,,0,1,WSSRCEPIMP,BDDHS2022360011,2022,DHS,9978,14033,,,1
BGD,Khulna,2924230,Population using an improved water source,97,1,BD,Bangladesh,2022,BD2022DHS,WS_SRCE_P_IMP,250162010,I,360006,1360060,Region,Khulna,0,,0,1,WSSRCEPIMP,BDDHS2022360006,2022,DHS,14028,15340,,,1
BGD,Khulna,2924231,Population using an improved water source,97,1,BD,Bangladesh,2022,BD2022DHS,WS_SRCE_P_IMP,250162010,I,360006,1360060,Region,Khulna,0,,0,1,WSSRCEPIMP,BDDHS2022360006,2022,DHS,14028,15340,,,1
BGD,Rajshahi/Rangpur,4821761,Population using an improved water source,99.9,1,BD,Bangladesh,2022,BD2022DHS,WS_SRCE_P_IMP,250162010,I,360007,1360070,Region,Rajshahi/Rangpur,0,,0,1,WSSRCEPIMP,BDDHS2022360007,2022,DHS,30110,30276,,,
BGD,Rangpur,986681,Population using an improved water source,100,1,BD,Bangladesh,2022,BD2022DHS,WS_SRCE_P_IMP,250162010,I,360008,1360080,Region,..Rangpur,0,,0,1,WSSRCEPIMP,BDDHS2022360008,2022,DHS,14436,15118,,,1
BGD,Rangpur,986682,Population using an improved water source,100,1,BD,Bangladesh,2022,BD2022DHS,WS_SRCE_P_IMP,250162010,I,360008,1360080,Region,..Rangpur,0,,0,1,WSSRCEPIMP,BDDHS2022360008,2022,DHS,14436,15118,,,1
BGD,Rajshahi,6581149,Population using an improved water source,99.9,1,BD,Bangladesh,2022,BD2022DHS,WS_SRCE_P_IMP,250162010,I,360009,1360090,Region,..Rajshahi,0,,0,1,WSSRCEPIMP,BDDHS2022360009,2022,DHS,15674,15158,,,1
BGD,Rajshahi,6581150,Population using an improved water source,99.9,1,BD,Bangladesh,2022,BD2022DHS,WS_SRCE_P_IMP,250162010,I,360009,1360090,Region,..Rajshahi,0,,0,1,WSSRCEPIMP,BDDHS2022360009,2022,DHS,15674,15158,,,1
BGD,Barishal,5217380,Population with an improved sanitation facility,76.9,1,BD,Bangladesh,2022,BD2022DHS,WS_TLET_P_IMP,250262010,I,360001,1360010,Region,Barishal,0,,0,1,WSTLETPIMP,BDDHS2022360001,2022,DHS,7520,13192,,,1
BGD,Barishal,5217381,Population with an improved sanitation facility,76.9,1,BD,Bangladesh,2022,BD2022DHS,WS_TLET_P_IMP,250262010,I,360001,1360010,Region,Barishal,0,,0,1,WSTLETPIMP,BDDHS2022360001,2022,DHS,7520,13192,,,1
BGD,Chattogram/Sylhet,3232264,Population with an improved sanitation facility,79.1,1,BD,Bangladesh,2022,BD2022DHS,WS_TLET_P_IMP,250262010,I,360002,1360020,Region,Chattogram/Sylhet,0,,0,1,WSTLETPIMP,BDDHS2022360002,2022,DHS,31868,34186,,,
BGD,Chattogram,1969731,Population with an improved sanitation facility,81.8,1,BD,Bangladesh,2022,BD2022DHS,WS_TLET_P_IMP,250262010,I,360003,1360030,Region,..Chattogram,0,,0,1,WSTLETPIMP,BDDHS2022360003,2022,DHS,23357,18649,,,1
BGD,Chattogram,1969732,Population with an improved sanitation facility,81.8,1,BD,Bangladesh,2022,BD2022DHS,WS_TLET_P_IMP,250262010,I,360003,1360030,Region,..Chattogram,0,,0,1,WSTLETPIMP,BDDHS2022360003,2022,DHS,23357,18649,,,1
BGD,Sylhet,4350159,Population with an improved sanitation facility,71.6,1,BD,Bangladesh,2022,BD2022DHS,WS_TLET_P_IMP,250262010,I,360004,1360040,Region,..Sylhet,0,,0,1,WSTLETPIMP,BDDHS2022360004,2022,DHS,8511,15537,,,1
BGD,Sylhet,4350160,Population with an improved sanitation facility,71.6,1,BD,Bangladesh,2022,BD2022DHS,WS_TLET_P_IMP,250262010,I,360004,1360040,Region,..Sylhet,0,,0,1,WSTLETPIMP,BDDHS2022360004,2022,DHS,8511,15537,,,1
BGD,Dhaka before 2015,6423442,Population with an improved sanitation facility,81.9,1,BD,Bangladesh,2022,BD2022DHS,WS_TLET_P_IMP,250262010,I,360005,1360050,Region,Dhaka before 2015,0,,0,1,WSTLETPIMP,BDDHS2022360005,2022,DHS,40740,32568,,,
BGD,Dhaka,3795513,Population with an improved sanitation facility,86.1,1,BD,Bangladesh,2022,BD2022DHS,WS_TLET_P_IMP,250262010,I,360010,1360052,Region,..Dhaka,0,,0,1,WSTLETPIMP,BDDHS2022360010,2022,DHS,30762,18535,,,1
BGD,Dhaka,3795514,Population with an improved sanitation facility,86.1,1,BD,Bangladesh,2022,BD2022DHS,WS_TLET_P_IMP,250262010,I,360010,1360052,Region,..Dhaka,0,,0,1,WSTLETPIMP,BDDHS2022360010,2022,DHS,30762,18535,,,1
BGD,Mymensingh,4440153,Population with an improved sanitation facility,68.8,1,BD,Bangladesh,2022,BD2022DHS,WS_TLET_P_IMP,250262010,I,360011,1360055,Region,..Mymensingh,0,,0,1,WSTLETPIMP,BDDHS2022360011,2022,DHS,9978,14033,,,1
BGD,Mymensingh,4440154,Population with an improved sanitation facility,68.8,1,BD,Bangladesh,2022,BD2022DHS,WS_TLET_P_IMP,250262010,I,360011,1360055,Region,..Mymensingh,0,,0,1,WSTLETPIMP,BDDHS2022360011,2022,DHS,9978,14033,,,1
BGD,Khulna,4164128,Population with an improved sanitation facility,83.7,1,BD,Bangladesh,2022,BD2022DHS,WS_TLET_P_IMP,250262010,I,360006,1360060,Region,Khulna,0,,0,1,WSTLETPIMP,BDDHS2022360006,2022,DHS,14028,15340,,,1
BGD,Khulna,4164129,Population with an improved sanitation facility,83.7,1,BD,Bangladesh,2022,BD2022DHS,WS_TLET_P_IMP,250262010,I,360006,1360060,Region,Khulna,0,,0,1,WSTLETPIMP,BDDHS2022360006,2022,DHS,14028,15340,,,1
BGD,Rajshahi/Rangpur,3763247,Population with an improved sanitation facility,78.4,1,BD,Bangladesh,2022,BD2022DHS,WS_TLET_P_IMP,250262010,I,360007,1360070,Region,Rajshahi/Rangpur,0,,0,1,WSTLETPIMP,BDDHS2022360007,2022,DHS,30110,30276,,,
BGD,Rangpur,986703,Population with an improved sanitation facility,74,1,BD,Bangladesh,2022,BD2022DHS,WS_TLET_P_IMP,250262010,I,360008,1360080,Region,..Rangpur,0,,0,1,WSTLETPIMP,BDDHS2022360008,2022,DHS,14436,15118,,,1
BGD,Rangpur,986704,Population with an improved sanitation facility,74,1,BD,Bangladesh,2022,BD2022DHS,WS_TLET_P_IMP,250262010,I,360008,1360080,Region,..Rangpur,0,,0,1,WSTLETPIMP,BDDHS2022360008,2022,DHS,14436,15118,,,1
BGD,Rajshahi,3402576,Population with an improved sanitation facility,82.5,1,BD,Bangladesh,2022,BD2022DHS,WS_TLET_P_IMP,250262010,I,360009,1360090,Region,..Rajshahi,0,,0,1,WSTLETPIMP,BDDHS2022360009,2022,DHS,15674,15158,,,1
BGD,Rajshahi,3402577,Population with an improved sanitation facility,82.5,1,BD,Bangladesh,2022,BD2022DHS,WS_TLET_P_IMP,250262010,I,360009,1360090,Region,..Rajshahi,0,,0,1,WSTLETPIMP,BDDHS2022360009,2022,DHS,15674,15158,,,1
