ISO3,Location,DataId,Indicator,Value,Precision,DHS_CountryCode,CountryName,SurveyYear,SurveyId,IndicatorId,IndicatorOrder,IndicatorType,CharacteristicId,CharacteristicOrder,CharacteristicCategory,CharacteristicLabel,ByVariableId,ByVariableLabel,IsTotal,IsPreferred,SDRID,RegionId,SurveyYearLabel,SurveyType,DenominatorWeighted,DenominatorUnweighted,CILow,CIHigh,LevelRank
BGD,Barishal,1816513,Age specific fertility rate: 10-14,9,0,BD,Bangladesh,1994,BD1994DHS,FE_FRTR_W_A10,11763005,I,360001,1360010,Region,Barishal,0,,0,1,FEFRTRWA10,BDDHS1994360001,1993-94,DHS,,,,,1
BGD,Chattogram/Sylhet,1803474,Age specific fertility rate: 10-14,3,0,BD,Bangladesh,1994,BD1994DHS,FE_FRTR_W_A10,11763005,I,360002,1360020,Region,Chattogram/Sylhet,0,,0,1,FEFRTRWA10,BDDHS1994360002,1993-94,DHS,,,,,1
BGD,Chattogram,1810075,Age specific fertility rate: 10-14,3,0,BD,Bangladesh,1994,BD1994DHS,FE_FRTR_W_A10,11763005,I,360003,1360030,Region,..Chattogram,0,,0,1,FEFRTRWA10,BDDHS1994360003,1993-94,DHS,,,,,
BGD,Dhaka before 2015,1810055,Age specific fertility rate: 10-14,13,0,BD,Bangladesh,1994,BD1994DHS,FE_FRTR_W_A10,11763005,I,360005,1360050,Region,Dhaka before 2015,0,,0,1,FEFRTRWA10,BDDHS1994360005,1993-94,DHS,,,,,1
BGD,Khulna,1810116,Age specific fertility rate: 10-14,3,0,BD,Bangladesh,1994,BD1994DHS,FE_FRTR_W_A10,11763005,I,360006,1360060,Region,Khulna,0,,0,1,FEFRTRWA10,BDDHS1994360006,1993-94,DHS,,,,,1
BGD,Rajshahi/Rangpur,6399868,Age specific fertility rate: 10-14,15,0,BD,Bangladesh,1994,BD1994DHS,FE_FRTR_W_A10,11763005,I,360007,1360070,Region,Rajshahi/Rangpur,0,,0,1,FEFRTRWA10,BDDHS1994360007,1993-94,DHS,,,,,1
BGD,Barishal,1816514,Age specific fertility rate: 15-19,153,0,BD,Bangladesh,1994,BD1994DHS,FE_FRTR_W_A15,11763010,I,360001,1360010,Region,Barishal,0,,0,1,FEFRTRWA15,BDDHS1994360001,1993-94,DHS,,,,,1
BGD,Chattogram/Sylhet,1803475,Age specific fertility rate: 15-19,106,0,BD,Bangladesh,1994,BD1994DHS,FE_FRTR_W_A15,11763010,I,360002,1360020,Region,Chattogram/Sylhet,0,,0,1,FEFRTRWA15,BDDHS1994360002,1993-94,DHS,,,,,1
BGD,Chattogram,1810076,Age specific fertility rate: 15-19,106,0,BD,Bangladesh,1994,BD1994DHS,FE_FRTR_W_A15,11763010,I,360003,1360030,Region,..Chattogram,0,,0,1,FEFRTRWA15,BDDHS1994360003,1993-94,DHS,,,,,
BGD,Dhaka before 2015,1810056,Age specific fertility rate: 15-19,145,0,BD,Bangladesh,1994,BD1994DHS,FE_FRTR_W_A15,11763010,I,360005,1360050,Region,Dhaka before 2015,0,,0,1,FEFRTRWA15,BDDHS1994360005,1993-94,DHS,,,,,1
BGD,Khulna,1810117,Age specific fertility rate: 15-19,156,0,BD,Bangladesh,1994,BD1994DHS,FE_FRTR_W_A15,11763010,I,360006,1360060,Region,Khulna,0,,0,1,FEFRTRWA15,BDDHS1994360006,1993-94,DHS,,,,,1
BGD,Rajshahi/Rangpur,6399869,Age specific fertility rate: 15-19,162,0,BD,Bangladesh,1994,BD1994DHS,FE_FRTR_W_A15,11763010,I,360007,1360070,Region,Rajshahi/Rangpur,0,,0,1,FEFRTRWA15,BDDHS1994360007,1993-94,DHS,,,,,1
BGD,Barishal,1565682,Demand for family planning satisfied by modern methods,54.9,1,BD,Bangladesh,1994,BD1994DHS,FP_NADM_W_PDM,32933150,I,360001,1360010,Region,Barishal,0,,0,1,FPNADMWPDM,BDDHS1994360001,1993-94,DHS,389,647,,,1
BGD,Chattogram/Sylhet,4930755,Demand for family planning satisfied by modern methods,39.7,1,BD,Bangladesh,1994,BD1994DHS,FP_NADM_W_PDM,32933150,I,360002,1360020,Region,Chattogram/Sylhet,0,,0,1,FPNADMWPDM,BDDHS1994360002,1993-94,DHS,1376,1099,,,1
BGD,Chattogram,3256181,Demand for family planning satisfied by modern methods,39.7,1,BD,Bangladesh,1994,BD1994DHS,FP_NADM_W_PDM,32933150,I,360003,1360030,Region,..Chattogram,0,,0,1,FPNADMWPDM,BDDHS1994360003,1993-94,DHS,1376,1099,,,
BGD,Dhaka before 2015,6123057,Demand for family planning satisfied by modern methods,56.4,1,BD,Bangladesh,1994,BD1994DHS,FP_NADM_W_PDM,32933150,I,360005,1360050,Region,Dhaka before 2015,0,,0,1,FPNADMWPDM,BDDHS1994360005,1993-94,DHS,1764,1652,,,1
BGD,Khulna,4056592,Demand for family planning satisfied by modern methods,60.4,1,BD,Bangladesh,1994,BD1994DHS,FP_NADM_W_PDM,32933150,I,360006,1360060,Region,Khulna,0,,0,1,FPNADMWPDM,BDDHS1994360006,1993-94,DHS,810,833,,,1
BGD,Rajshahi/Rangpur,7031735,Demand for family planning satisfied by modern methods,64.4,1,BD,Bangladesh,1994,BD1994DHS,FP_NADM_W_PDM,32933150,I,360007,1360070,Region,Rajshahi/Rangpur,0,,0,1,FPNADMWPDM,BDDHS1994360007,1993-94,DHS,1541,1724,,,1
BGD,Barishal,7515286,Neonatal mortality rate,63,0,BD,Bangladesh,1994,BD1994DHS,CM_ECMR_C_NNR,63206010,I,360001,1360010,Region,Barishal,14003,Ten years preceding the survey,0,1,CMECMRCNNR,BDDHS1994360001,1993-94,DHS,,,50,77,1
BGD,Chattogram/Sylhet,7610611,Neonatal mortality rate,65,0,BD,Bangladesh,1994,BD1994DHS,CM_ECMR_C_NNR,63206010,I,360002,1360020,Region,Chattogram/Sylhet,14003,Ten years preceding the survey,0,1,CMECMRCNNR,BDDHS1994360002,1993-94,DHS,,,56,75,1
BGD,Chattogram,872791,Neonatal mortality rate,65,0,BD,Bangladesh,1994,BD1994DHS,CM_ECMR_C_NNR,63206010,I,360003,1360030,Region,..Chattogram,14003,Ten years preceding the survey,0,1,CMECMRCNNR,BDDHS1994360003,1993-94,DHS,,,56,75,
BGD,Dhaka before 2015,7766996,Neonatal mortality rate,62,0,BD,Bangladesh,1994,BD1994DHS,CM_ECMR_C_NNR,63206010,I,360005,1360050,Region,Dhaka before 2015,14003,Ten years preceding the survey,0,1,CMECMRCNNR,BDDHS1994360005,1993-94,DHS,,,54,71,1
BGD,Khulna,7560853,Neonatal mortality rate,59,0,BD,Bangladesh,1994,BD1994DHS,CM_ECMR_C_NNR,63206010,I,360006,1360060,Region,Khulna,14003,Ten years preceding the survey,0,1,CMECMRCNNR,BDDHS1994360006,1993-94,DHS,,,47,71,1
BGD,Rajshahi/Rangpur,7650127,Neonatal mortality rate,65,0,BD,Bangladesh,1994,BD1994DHS,CM_ECMR_C_NNR,63206010,I,360007,1360070,Region,Rajshahi/Rangpur,14003,Ten years preceding the survey,0,1,CMECMRCNNR,BDDHS1994360007,1993-94,DHS,,,55,75,1
BGD,Barishal,7471097,Under-five mortality rate,147,0,BD,Bangladesh,1994,BD1994DHS,CM_ECMR_C_U5M,63206050,I,360001,1360010,Region,Barishal,14003,Ten years preceding the survey,0,1,CMECMRCU5M,BDDHS1994360001,1993-94,DHS,,,126,167,1
BGD,Chattogram/Sylhet,7807483,Under-five mortality rate,167,0,BD,Bangladesh,1994,BD1994DHS,CM_ECMR_C_U5M,63206050,I,360002,1360020,Region,Chattogram/Sylhet,14003,Ten years preceding the survey,0,1,CMECMRCU5M,BDDHS1994360002,1993-94,DHS,,,149,186,1
BGD,Chattogram,7926541,Under-five mortality rate,167,0,BD,Bangladesh,1994,BD1994DHS,CM_ECMR_C_U5M,63206050,I,360003,1360030,Region,..Chattogram,14003,Ten years preceding the survey,0,1,CMECMRCU5M,BDDHS1994360003,1993-94,DHS,,,149,186,
BGD,Dhaka before 2015,7924325,Under-five mortality rate,157,0,BD,Bangladesh,1994,BD1994DHS,CM_ECMR_C_U5M,63206050,I,360005,1360050,Region,Dhaka before 2015,14003,Ten years preceding the survey,0,1,CMECMRCU5M,BDDHS1994360005,1993-94,DHS,,,142,172,1
BGD,Khulna,1734649,Under-five mortality rate,113,0,BD,Bangladesh,1994,BD1994DHS,CM_ECMR_C_U5M,63206050,I,360006,1360060,Region,Khulna,14003,Ten years preceding the survey,0,1,CMECMRCU5M,BDDHS1994360006,1993-94,DHS,,,96,130,1
BGD,Rajshahi/Rangpur,7741958,Under-five mortality rate,135,0,BD,Bangladesh,1994,BD1994DHS,CM_ECMR_C_U5M,63206050,I,360007,1360070,Region,Rajshahi/Rangpur,14003,Ten years preceding the survey,0,1,CMECMRCU5M,BDDHS1994360007,1993-94,DHS,,,117,153,1
BGD,Barishal,6175426,Assistance during delivery from a skilled provider,6.6,1,BD,Bangladesh,1994,BD1994DHS,RH_DELA_C_SKP,83606110,I,360001,1360010,Region,Barishal,14000,Three years preceding the survey,0,0,RHDELACSKP,BDDHS1994360001,1993-94,DHS,253,412,,,1
BGD,Barishal,2692641,Assistance during delivery from a skilled provider,7.3,1,BD,Bangladesh,1994,BD1994DHS,RH_DELA_C_SKP,83606110,I,360001,1360010,Region,Barishal,14002,Two years preceding the survey,0,1,RHDELACSKP,BDDHS1994360001,1993-94,DHS,171,279,,,1
BGD,Chattogram/Sylhet,5014285,Assistance during delivery from a skilled provider,8.2,1,BD,Bangladesh,1994,BD1994DHS,RH_DELA_C_SKP,83606110,I,360002,1360020,Region,Chattogram/Sylhet,14000,Three years preceding the survey,0,0,RHDELACSKP,BDDHS1994360002,1993-94,DHS,1190,942,,,1
BGD,Chattogram/Sylhet,3433130,Assistance during delivery from a skilled provider,8.2,1,BD,Bangladesh,1994,BD1994DHS,RH_DELA_C_SKP,83606110,I,360002,1360020,Region,Chattogram/Sylhet,14002,Two years preceding the survey,0,1,RHDELACSKP,BDDHS1994360002,1993-94,DHS,803,637,,,1
BGD,Chattogram,3949074,Assistance during delivery from a skilled provider,8.2,1,BD,Bangladesh,1994,BD1994DHS,RH_DELA_C_SKP,83606110,I,360003,1360030,Region,..Chattogram,14000,Three years preceding the survey,0,0,RHDELACSKP,BDDHS1994360003,1993-94,DHS,1190,942,,,
BGD,Chattogram,6405620,Assistance during delivery from a skilled provider,8.2,1,BD,Bangladesh,1994,BD1994DHS,RH_DELA_C_SKP,83606110,I,360003,1360030,Region,..Chattogram,14002,Two years preceding the survey,0,1,RHDELACSKP,BDDHS1994360003,1993-94,DHS,803,637,,,
BGD,Dhaka before 2015,2580148,Assistance during delivery from a skilled provider,12.6,1,BD,Bangladesh,1994,BD1994DHS,RH_DELA_C_SKP,83606110,I,360005,1360050,Region,Dhaka before 2015,14000,Three years preceding the survey,0,0,RHDELACSKP,BDDHS1994360005,1993-94,DHS,1196,1119,,,1
BGD,Dhaka before 2015,3233610,Assistance during delivery from a skilled provider,12.1,1,BD,Bangladesh,1994,BD1994DHS,RH_DELA_C_SKP,83606110,I,360005,1360050,Region,Dhaka before 2015,14002,Two years preceding the survey,0,1,RHDELACSKP,BDDHS1994360005,1993-94,DHS,790,741,,,1
BGD,Khulna,7792339,Assistance during delivery from a skilled provider,11.3,1,BD,Bangladesh,1994,BD1994DHS,RH_DELA_C_SKP,83606110,I,360006,1360060,Region,Khulna,14000,Three years preceding the survey,0,0,RHDELACSKP,BDDHS1994360006,1993-94,DHS,428,435,,,1
BGD,Khulna,5018698,Assistance during delivery from a skilled provider,11.4,1,BD,Bangladesh,1994,BD1994DHS,RH_DELA_C_SKP,83606110,I,360006,1360060,Region,Khulna,14002,Two years preceding the survey,0,1,RHDELACSKP,BDDHS1994360006,1993-94,DHS,268,273,,,1
BGD,Rajshahi/Rangpur,4081420,Assistance during delivery from a skilled provider,5.7,1,BD,Bangladesh,1994,BD1994DHS,RH_DELA_C_SKP,83606110,I,360007,1360070,Region,Rajshahi/Rangpur,14000,Three years preceding the survey,0,0,RHDELACSKP,BDDHS1994360007,1993-94,DHS,849,957,,,1
BGD,Rajshahi/Rangpur,285173,Assistance during delivery from a skilled provider,5.6,1,BD,Bangladesh,1994,BD1994DHS,RH_DELA_C_SKP,83606110,I,360007,1360070,Region,Rajshahi/Rangpur,14002,Two years preceding the survey,0,1,RHDELACSKP,BDDHS1994360007,1993-94,DHS,523,588,,,1
BGD,Barishal,5168440,DPT 3 vaccination received,80.8,1,BD,Bangladesh,1994,BD1994DHS,CH_VACC_C_DP3,93906040,I,360001,1360010,Region,Barishal,0,,0,1,CHVACCCDP3,BDDHS1994360001,1993-94,DHS,80,131,,,1
BGD,Chattogram/Sylhet,3129358,DPT 3 vaccination received,59.5,1,BD,Bangladesh,1994,BD1994DHS,CH_VACC_C_DP3,93906040,I,360002,1360020,Region,Chattogram/Sylhet,0,,0,1,CHVACCCDP3,BDDHS1994360002,1993-94,DHS,385,303,,,1
BGD,Chattogram,6570906,DPT 3 vaccination received,59.5,1,BD,Bangladesh,1994,BD1994DHS,CH_VACC_C_DP3,93906040,I,360003,1360030,Region,..Chattogram,0,,0,1,CHVACCCDP3,BDDHS1994360003,1993-94,DHS,385,303,,,
BGD,Dhaka before 2015,7280499,DPT 3 vaccination received,56.9,1,BD,Bangladesh,1994,BD1994DHS,CH_VACC_C_DP3,93906040,I,360005,1360050,Region,Dhaka before 2015,0,,0,1,CHVACCCDP3,BDDHS1994360005,1993-94,DHS,348,323,,,1
BGD,Khulna,5356680,DPT 3 vaccination received,87.8,1,BD,Bangladesh,1994,BD1994DHS,CH_VACC_C_DP3,93906040,I,360006,1360060,Region,Khulna,0,,0,1,CHVACCCDP3,BDDHS1994360006,1993-94,DHS,128,130,,,1
BGD,Rajshahi/Rangpur,3734039,DPT 3 vaccination received,73.5,1,BD,Bangladesh,1994,BD1994DHS,CH_VACC_C_DP3,93906040,I,360007,1360070,Region,Rajshahi/Rangpur,0,,0,1,CHVACCCDP3,BDDHS1994360007,1993-94,DHS,230,258,,,1
BGD,Barishal,7290429,Population using open defecation,3.4,1,BD,Bangladesh,1994,BD1994DHS,WS_TLET_P_NFC,250262210,I,360001,1360010,Region,Barishal,0,,0,1,WSTLETPNFC,BDDHS1994360001,1993-94,DHS,3295,5403,,,1
BGD,Chattogram/Sylhet,4209380,Population using open defecation,13.9,1,BD,Bangladesh,1994,BD1994DHS,WS_TLET_P_NFC,250262210,I,360002,1360020,Region,Chattogram/Sylhet,0,,0,1,WSTLETPNFC,BDDHS1994360002,1993-94,DHS,14317,11290,,,1
BGD,Chattogram,6789143,Population using open defecation,13.9,1,BD,Bangladesh,1994,BD1994DHS,WS_TLET_P_NFC,250262210,I,360003,1360030,Region,..Chattogram,0,,0,1,WSTLETPNFC,BDDHS1994360003,1993-94,DHS,14317,11290,,,
BGD,Dhaka before 2015,5239262,Population using open defecation,22.1,1,BD,Bangladesh,1994,BD1994DHS,WS_TLET_P_NFC,250262210,I,360005,1360050,Region,Dhaka before 2015,0,,0,1,WSTLETPNFC,BDDHS1994360005,1993-94,DHS,15000,14087,,,1
BGD,Khulna,3006748,Population using open defecation,33.2,1,BD,Bangladesh,1994,BD1994DHS,WS_TLET_P_NFC,250262210,I,360006,1360060,Region,Khulna,0,,0,1,WSTLETPNFC,BDDHS1994360006,1993-94,DHS,5992,6138,,,1
BGD,Rajshahi/Rangpur,2619817,Population using open defecation,53.5,1,BD,Bangladesh,1994,BD1994DHS,WS_TLET_P_NFC,250262210,I,360007,1360070,Region,Rajshahi/Rangpur,0,,0,1,WSTLETPNFC,BDDHS1994360007,1993-94,DHS,11290,12699,,,1
BGD,Barishal,5405461,Population with electricity,11.2,1,BD,Bangladesh,1994,BD1994DHS,HC_ELEC_P_ELC,260322010,I,360001,1360010,Region,Barishal,0,,0,1,HCELECPELC,BDDHS1994360001,1993-94,DHS,3295,5403,,,1
BGD,Chattogram/Sylhet,1088303,Population with electricity,24,1,BD,Bangladesh,1994,BD1994DHS,HC_ELEC_P_ELC,260322010,I,360002,1360020,Region,Chattogram/Sylhet,0,,0,1,HCELECPELC,BDDHS1994360002,1993-94,DHS,14317,11290,,,1
BGD,Chattogram,3171101,Population with electricity,24,1,BD,Bangladesh,1994,BD1994DHS,HC_ELEC_P_ELC,260322010,I,360003,1360030,Region,..Chattogram,0,,0,1,HCELECPELC,BDDHS1994360003,1993-94,DHS,14317,11290,,,
BGD,Dhaka before 2015,2818104,Population with electricity,25.6,1,BD,Bangladesh,1994,BD1994DHS,HC_ELEC_P_ELC,260322010,I,360005,1360050,Region,Dhaka before 2015,0,,0,1,HCELECPELC,BDDHS1994360005,1993-94,DHS,15000,14087,,,1
BGD,Khulna,7120350,Population with electricity,16.9,1,BD,Bangladesh,1994,BD1994DHS,HC_ELEC_P_ELC,260322010,I,360006,1360060,Region,Khulna,0,,0,1,HCELECPELC,BDDHS1994360006,1993-94,DHS,5992,6138,,,1
BGD,Rajshahi/Rangpur,3011494,Population with electricity,10.7,1,BD,Bangladesh,1994,BD1994DHS,HC_ELEC_P_ELC,260322010,I,360007,1360070,Region,Rajshahi/Rangpur,0,,0,1,HCELECPELC,BDDHS1994360007,1993-94,DHS,11290,12699,,,1
BGD,Barishal,1796403,Age specific fertility rate: 10-14,12,0,BD,Bangladesh,1997,BD1997DHS,FE_FRTR_W_A10,11763005,I,360001,1360010,Region,Barishal,0,,0,1,FEFRTRWA10,BDDHS1997360001,1996-97,DHS,,,,,1
BGD,Chattogram/Sylhet,2666354,Age specific fertility rate: 10-14,8,0,BD,Bangladesh,1997,BD1997DHS,FE_FRTR_W_A10,11763005,I,360002,1360020,Region,Chattogram/Sylhet,0,,0,1,FEFRTRWA10,BDDHS1997360002,1996-97,DHS,,,,,
BGD,Chattogram,1816640,Age specific fertility rate: 10-14,8,0,BD,Bangladesh,1997,BD1997DHS,FE_FRTR_W_A10,11763005,I,360003,1360030,Region,..Chattogram,0,,0,1,FEFRTRWA10,BDDHS1997360003,1996-97,DHS,,,,,1
BGD,Sylhet,1816635,Age specific fertility rate: 10-14,4,0,BD,Bangladesh,1997,BD1997DHS,FE_FRTR_W_A10,11763005,I,360004,1360040,Region,..Sylhet,0,,0,1,FEFRTRWA10,BDDHS1997360004,1996-97,DHS,,,,,1
BGD,Dhaka before 2015,1816650,Age specific fertility rate: 10-14,19,0,BD,Bangladesh,1997,BD1997DHS,FE_FRTR_W_A10,11763005,I,360005,1360050,Region,Dhaka before 2015,0,,0,1,FEFRTRWA10,BDDHS1997360005,1996-97,DHS,,,,,1
BGD,Khulna,1796412,Age specific fertility rate: 10-14,10,0,BD,Bangladesh,1997,BD1997DHS,FE_FRTR_W_A10,11763005,I,360006,1360060,Region,Khulna,0,,0,1,FEFRTRWA10,BDDHS1997360006,1996-97,DHS,,,,,1
BGD,Rajshahi/Rangpur,1810302,Age specific fertility rate: 10-14,25,0,BD,Bangladesh,1997,BD1997DHS,FE_FRTR_W_A10,11763005,I,360007,1360070,Region,Rajshahi/Rangpur,0,,0,1,FEFRTRWA10,BDDHS1997360007,1996-97,DHS,,,,,1
BGD,Barishal,1796404,Age specific fertility rate: 15-19,157,0,BD,Bangladesh,1997,BD1997DHS,FE_FRTR_W_A15,11763010,I,360001,1360010,Region,Barishal,0,,0,1,FEFRTRWA15,BDDHS1997360001,1996-97,DHS,,,,,1
BGD,Chattogram/Sylhet,2666355,Age specific fertility rate: 15-19,132,0,BD,Bangladesh,1997,BD1997DHS,FE_FRTR_W_A15,11763010,I,360002,1360020,Region,Chattogram/Sylhet,0,,0,1,FEFRTRWA15,BDDHS1997360002,1996-97,DHS,,,,,
BGD,Chattogram,1816641,Age specific fertility rate: 15-19,136,0,BD,Bangladesh,1997,BD1997DHS,FE_FRTR_W_A15,11763010,I,360003,1360030,Region,..Chattogram,0,,0,1,FEFRTRWA15,BDDHS1997360003,1996-97,DHS,,,,,1
BGD,Sylhet,1816636,Age specific fertility rate: 15-19,116,0,BD,Bangladesh,1997,BD1997DHS,FE_FRTR_W_A15,11763010,I,360004,1360040,Region,..Sylhet,0,,0,1,FEFRTRWA15,BDDHS1997360004,1996-97,DHS,,,,,1
BGD,Dhaka before 2015,1816651,Age specific fertility rate: 15-19,148,0,BD,Bangladesh,1997,BD1997DHS,FE_FRTR_W_A15,11763010,I,360005,1360050,Region,Dhaka before 2015,0,,0,1,FEFRTRWA15,BDDHS1997360005,1996-97,DHS,,,,,1
BGD,Khulna,1796414,Age specific fertility rate: 15-19,157,0,BD,Bangladesh,1997,BD1997DHS,FE_FRTR_W_A15,11763010,I,360006,1360060,Region,Khulna,0,,0,1,FEFRTRWA15,BDDHS1997360006,1996-97,DHS,,,,,1
BGD,Rajshahi/Rangpur,1810303,Age specific fertility rate: 15-19,157,0,BD,Bangladesh,1997,BD1997DHS,FE_FRTR_W_A15,11763010,I,360007,1360070,Region,Rajshahi/Rangpur,0,,0,1,FEFRTRWA15,BDDHS1997360007,1996-97,DHS,,,,,1
BGD,Barishal,540016,Demand for family planning satisfied by modern methods,58.2,1,BD,Bangladesh,1997,BD1997DHS,FP_NADM_W_PDM,32933150,I,360001,1360010,Region,Barishal,0,,0,1,FPNADMWPDM,BDDHS1997360001,1996-97,DHS,393,618,,,1
BGD,Chattogram/Sylhet,1566076,Demand for family planning satisfied by modern methods,45.9,1,BD,Bangladesh,1997,BD1997DHS,FP_NADM_W_PDM,32933150,I,360002,1360020,Region,Chattogram/Sylhet,0,,0,1,FPNADMWPDM,BDDHS1997360002,1996-97,DHS,1301,1201,,,
BGD,Chattogram,6866426,Demand for family planning satisfied by modern methods,48.2,1,BD,Bangladesh,1997,BD1997DHS,FP_NADM_W_PDM,32933150,I,360003,1360030,Region,..Chattogram,0,,0,1,FPNADMWPDM,BDDHS1997360003,1996-97,DHS,1087,813,,,1
BGD,Sylhet,4704712,Demand for family planning satisfied by modern methods,34.2,1,BD,Bangladesh,1997,BD1997DHS,FP_NADM_W_PDM,32933150,I,360004,1360040,Region,..Sylhet,0,,0,1,FPNADMWPDM,BDDHS1997360004,1996-97,DHS,214,388,,,1
BGD,Dhaka before 2015,5885356,Demand for family planning satisfied by modern methods,60.8,1,BD,Bangladesh,1997,BD1997DHS,FP_NADM_W_PDM,32933150,I,360005,1360050,Region,Dhaka before 2015,0,,0,1,FPNADMWPDM,BDDHS1997360005,1996-97,DHS,1829,1611,,,1
BGD,Khulna,543652,Demand for family planning satisfied by modern methods,68.6,1,BD,Bangladesh,1997,BD1997DHS,FP_NADM_W_PDM,32933150,I,360006,1360060,Region,Khulna,0,,0,1,FPNADMWPDM,BDDHS1997360006,1996-97,DHS,757,742,,,1
BGD,Rajshahi/Rangpur,1559068,Demand for family planning satisfied by modern methods,69.8,1,BD,Bangladesh,1997,BD1997DHS,FP_NADM_W_PDM,32933150,I,360007,1360070,Region,Rajshahi/Rangpur,0,,0,1,FPNADMWPDM,BDDHS1997360007,1996-97,DHS,1493,1568,,,1
BGD,Barishal,6200513,Neonatal mortality rate,53,0,BD,Bangladesh,1997,BD1997DHS,CM_ECMR_C_NNR,63206010,I,360001,1360010,Region,Barishal,14003,Ten years preceding the survey,0,1,CMECMRCNNR,BDDHS1997360001,1996-97,DHS,,,40,66,1
BGD,Chattogram/Sylhet,7638633,Neonatal mortality rate,51,0,BD,Bangladesh,1997,BD1997DHS,CM_ECMR_C_NNR,63206010,I,360002,1360020,Region,Chattogram/Sylhet,14003,Ten years preceding the survey,0,1,CMECMRCNNR,BDDHS1997360002,1996-97,DHS,,,42,61,
BGD,Chattogram,7698231,Neonatal mortality rate,42,0,BD,Bangladesh,1997,BD1997DHS,CM_ECMR_C_NNR,63206010,I,360003,1360030,Region,..Chattogram,14003,Ten years preceding the survey,0,1,CMECMRCNNR,BDDHS1997360003,1996-97,DHS,,,32,52,1
BGD,Sylhet,7470039,Neonatal mortality rate,85,0,BD,Bangladesh,1997,BD1997DHS,CM_ECMR_C_NNR,63206010,I,360004,1360040,Region,..Sylhet,14003,Ten years preceding the survey,0,1,CMECMRCNNR,BDDHS1997360004,1996-97,DHS,,,66,105,1
BGD,Dhaka before 2015,7452889,Neonatal mortality rate,52,0,BD,Bangladesh,1997,BD1997DHS,CM_ECMR_C_NNR,63206010,I,360005,1360050,Region,Dhaka before 2015,14003,Ten years preceding the survey,0,1,CMECMRCNNR,BDDHS1997360005,1996-97,DHS,,,43,61,1
BGD,Khulna,7784574,Neonatal mortality rate,52,0,BD,Bangladesh,1997,BD1997DHS,CM_ECMR_C_NNR,63206010,I,360006,1360060,Region,Khulna,14003,Ten years preceding the survey,0,1,CMECMRCNNR,BDDHS1997360006,1996-97,DHS,,,39,65,1
BGD,Rajshahi/Rangpur,7639731,Neonatal mortality rate,64,0,BD,Bangladesh,1997,BD1997DHS,CM_ECMR_C_NNR,63206010,I,360007,1360070,Region,Rajshahi/Rangpur,14003,Ten years preceding the survey,0,1,CMECMRCNNR,BDDHS1997360007,1996-97,DHS,,,55,73,1
BGD,Barishal,7742229,Under-five mortality rate,120,0,BD,Bangladesh,1997,BD1997DHS,CM_ECMR_C_U5M,63206050,I,360001,1360010,Region,Barishal,14003,Ten years preceding the survey,0,1,CMECMRCU5M,BDDHS1997360001,1996-97,DHS,,,105,134,1
BGD,Chattogram/Sylhet,7975609,Under-five mortality rate,142,0,BD,Bangladesh,1997,BD1997DHS,CM_ECMR_C_U5M,63206050,I,360002,1360020,Region,Chattogram/Sylhet,14003,Ten years preceding the survey,0,1,CMECMRCU5M,BDDHS1997360002,1996-97,DHS,,,126,158,
BGD,Chattogram,7885657,Under-five mortality rate,131,0,BD,Bangladesh,1997,BD1997DHS,CM_ECMR_C_U5M,63206050,I,360003,1360030,Region,..Chattogram,14003,Ten years preceding the survey,0,1,CMECMRCU5M,BDDHS1997360003,1996-97,DHS,,,112,150,1
BGD,Sylhet,1739794,Under-five mortality rate,179,0,BD,Bangladesh,1997,BD1997DHS,CM_ECMR_C_U5M,63206050,I,360004,1360040,Region,..Sylhet,14003,Ten years preceding the survey,0,1,CMECMRCU5M,BDDHS1997360004,1996-97,DHS,,,152,206,1
BGD,Dhaka before 2015,7746144,Under-five mortality rate,131,0,BD,Bangladesh,1997,BD1997DHS,CM_ECMR_C_U5M,63206050,I,360005,1360050,Region,Dhaka before 2015,14003,Ten years preceding the survey,0,1,CMECMRCU5M,BDDHS1997360005,1996-97,DHS,,,117,144,1
BGD,Khulna,7585170,Under-five mortality rate,87,0,BD,Bangladesh,1997,BD1997DHS,CM_ECMR_C_U5M,63206050,I,360006,1360060,Region,Khulna,14003,Ten years preceding the survey,0,1,CMECMRCU5M,BDDHS1997360006,1996-97,DHS,,,73,101,1
BGD,Rajshahi/Rangpur,7447557,Under-five mortality rate,126,0,BD,Bangladesh,1997,BD1997DHS,CM_ECMR_C_U5M,63206050,I,360007,1360070,Region,Rajshahi/Rangpur,14003,Ten years preceding the survey,0,1,CMECMRCU5M,BDDHS1997360007,1996-97,DHS,,,111,141,1
BGD,Barishal,5944412,Assistance during delivery from a skilled provider,9,1,BD,Bangladesh,1997,BD1997DHS,RH_DELA_C_SKP,83606110,I,360001,1360010,Region,Barishal,14000,Three years preceding the survey,0,0,RHDELACSKP,BDDHS1997360001,1996-97,DHS,239,374,,,1
BGD,Barishal,7099263,Assistance during delivery from a skilled provider,8.1,1,BD,Bangladesh,1997,BD1997DHS,RH_DELA_C_SKP,83606110,I,360001,1360010,Region,Barishal,14001,Five years preceding the survey,0,0,RHDELACSKP,BDDHS1997360001,1996-97,DHS,407,639,,,1
BGD,Barishal,342475,Assistance during delivery from a skilled provider,9.5,1,BD,Bangladesh,1997,BD1997DHS,RH_DELA_C_SKP,83606110,I,360001,1360010,Region,Barishal,14002,Two years preceding the survey,0,1,RHDELACSKP,BDDHS1997360001,1996-97,DHS,162,251,,,1
BGD,Chattogram/Sylhet,3225136,Assistance during delivery from a skilled provider,6.8,1,BD,Bangladesh,1997,BD1997DHS,RH_DELA_C_SKP,83606110,I,360002,1360020,Region,Chattogram/Sylhet,14000,Three years preceding the survey,0,0,RHDELACSKP,BDDHS1997360002,1996-97,DHS,1169,1117,,,
BGD,Chattogram/Sylhet,7727247,Assistance during delivery from a skilled provider,6.5,1,BD,Bangladesh,1997,BD1997DHS,RH_DELA_C_SKP,83606110,I,360002,1360020,Region,Chattogram/Sylhet,14001,Five years preceding the survey,0,0,RHDELACSKP,BDDHS1997360002,1996-97,DHS,1971,1887,,,
BGD,Chattogram/Sylhet,7582718,Assistance during delivery from a skilled provider,8.2,1,BD,Bangladesh,1997,BD1997DHS,RH_DELA_C_SKP,83606110,I,360002,1360020,Region,Chattogram/Sylhet,14002,Two years preceding the survey,0,1,RHDELACSKP,BDDHS1997360002,1996-97,DHS,797,763,,,
BGD,Chattogram,5168534,Assistance during delivery from a skilled provider,7.3,1,BD,Bangladesh,1997,BD1997DHS,RH_DELA_C_SKP,83606110,I,360003,1360030,Region,..Chattogram,14000,Three years preceding the survey,0,0,RHDELACSKP,BDDHS1997360003,1996-97,DHS,915,666,,,1
BGD,Chattogram,619350,Assistance during delivery from a skilled provider,7,1,BD,Bangladesh,1997,BD1997DHS,RH_DELA_C_SKP,83606110,I,360003,1360030,Region,..Chattogram,14001,Five years preceding the survey,0,0,RHDELACSKP,BDDHS1997360003,1996-97,DHS,1538,1120,,,1
BGD,Chattogram,581819,Assistance during delivery from a skilled provider,8.7,1,BD,Bangladesh,1997,BD1997DHS,RH_DELA_C_SKP,83606110,I,360003,1360030,Region,..Chattogram,14002,Two years preceding the survey,0,1,RHDELACSKP,BDDHS1997360003,1996-97,DHS,621,452,,,1
BGD,Sylhet,185441,Assistance during delivery from a skilled provider,5.3,1,BD,Bangladesh,1997,BD1997DHS,RH_DELA_C_SKP,83606110,I,360004,1360040,Region,..Sylhet,14000,Three years preceding the survey,0,0,RHDELACSKP,BDDHS1997360004,1996-97,DHS,254,451,,,1
BGD,Sylhet,7338941,Assistance during delivery from a skilled provider,4.8,1,BD,Bangladesh,1997,BD1997DHS,RH_DELA_C_SKP,83606110,I,360004,1360040,Region,..Sylhet,14001,Five years preceding the survey,0,0,RHDELACSKP,BDDHS1997360004,1996-97,DHS,433,767,,,1
BGD,Sylhet,3356313,Assistance during delivery from a skilled provider,6.5,1,BD,Bangladesh,1997,BD1997DHS,RH_DELA_C_SKP,83606110,I,360004,1360040,Region,..Sylhet,14002,Two years preceding the survey,0,1,RHDELACSKP,BDDHS1997360004,1996-97,DHS,176,311,,,1
BGD,Dhaka before 2015,6961385,Assistance during delivery from a skilled provider,9.4,1,BD,Bangladesh,1997,BD1997DHS,RH_DELA_C_SKP,83606110,I,360005,1360050,Region,Dhaka before 2015,14000,Three years preceding the survey,0,0,RHDELACSKP,BDDHS1997360005,1996-97,DHS,1126,985,,,1
BGD,Dhaka before 2015,467752,Assistance during delivery from a skilled provider,9,1,BD,Bangladesh,1997,BD1997DHS,RH_DELA_C_SKP,83606110,I,360005,1360050,Region,Dhaka before 2015,14001,Five years preceding the survey,0,0,RHDELACSKP,BDDHS1997360005,1996-97,DHS,1893,1658,,,1
BGD,Dhaka before 2015,5950505,Assistance during delivery from a skilled provider,8.8,1,BD,Bangladesh,1997,BD1997DHS,RH_DELA_C_SKP,83606110,I,360005,1360050,Region,Dhaka before 2015,14002,Two years preceding the survey,0,1,RHDELACSKP,BDDHS1997360005,1996-97,DHS,702,614,,,1
BGD,Khulna,7713244,Assistance during delivery from a skilled provider,14.1,1,BD,Bangladesh,1997,BD1997DHS,RH_DELA_C_SKP,83606110,I,360006,1360060,Region,Khulna,14000,Three years preceding the survey,0,0,RHDELACSKP,BDDHS1997360006,1996-97,DHS,344,334,,,1
BGD,Khulna,4916321,Assistance during delivery from a skilled provider,14,1,BD,Bangladesh,1997,BD1997DHS,RH_DELA_C_SKP,83606110,I,360006,1360060,Region,Khulna,14001,Five years preceding the survey,0,0,RHDELACSKP,BDDHS1997360006,1996-97,DHS,612,593,,,1
BGD,Khulna,6831438,Assistance during delivery from a skilled provider,15.5,1,BD,Bangladesh,1997,BD1997DHS,RH_DELA_C_SKP,83606110,I,360006,1360060,Region,Khulna,14002,Two years preceding the survey,0,1,RHDELACSKP,BDDHS1997360006,1996-97,DHS,231,223,,,1
BGD,Rajshahi/Rangpur,784950,Assistance during delivery from a skilled provider,5.1,1,BD,Bangladesh,1997,BD1997DHS,RH_DELA_C_SKP,83606110,I,360007,1360070,Region,Rajshahi/Rangpur,14000,Three years preceding the survey,0,0,RHDELACSKP,BDDHS1997360007,1996-97,DHS,766,805,,,1
BGD,Rajshahi/Rangpur,4410650,Assistance during delivery from a skilled provider,4.4,1,BD,Bangladesh,1997,BD1997DHS,RH_DELA_C_SKP,83606110,I,360007,1360070,Region,Rajshahi/Rangpur,14001,Five years preceding the survey,0,0,RHDELACSKP,BDDHS1997360007,1996-97,DHS,1326,1390,,,1
BGD,Rajshahi/Rangpur,1303599,Assistance during delivery from a skilled provider,5.8,1,BD,Bangladesh,1997,BD1997DHS,RH_DELA_C_SKP,83606110,I,360007,1360070,Region,Rajshahi/Rangpur,14002,Two years preceding the survey,0,1,RHDELACSKP,BDDHS1997360007,1996-97,DHS,513,541,,,1
BGD,Barishal,2641306,DPT 3 vaccination received,76.4,1,BD,Bangladesh,1997,BD1997DHS,CH_VACC_C_DP3,93906040,I,360001,1360010,Region,Barishal,0,,0,1,CHVACCCDP3,BDDHS1997360001,1996-97,DHS,75,115,,,1
BGD,Chattogram/Sylhet,524567,DPT 3 vaccination received,61.8,1,BD,Bangladesh,1997,BD1997DHS,CH_VACC_C_DP3,93906040,I,360002,1360020,Region,Chattogram/Sylhet,0,,0,1,CHVACCCDP3,BDDHS1997360002,1996-97,DHS,332,321,,,
BGD,Chattogram,2078740,DPT 3 vaccination received,64.2,1,BD,Bangladesh,1997,BD1997DHS,CH_VACC_C_DP3,93906040,I,360003,1360030,Region,..Chattogram,0,,0,1,CHVACCCDP3,BDDHS1997360003,1996-97,DHS,256,186,,,1
BGD,Sylhet,7102959,DPT 3 vaccination received,53.8,1,BD,Bangladesh,1997,BD1997DHS,CH_VACC_C_DP3,93906040,I,360004,1360040,Region,..Sylhet,0,,0,1,CHVACCCDP3,BDDHS1997360004,1996-97,DHS,75,135,,,1
BGD,Dhaka before 2015,5687316,DPT 3 vaccination received,65.9,1,BD,Bangladesh,1997,BD1997DHS,CH_VACC_C_DP3,93906040,I,360005,1360050,Region,Dhaka before 2015,0,,0,1,CHVACCCDP3,BDDHS1997360005,1996-97,DHS,316,275,,,1
BGD,Khulna,2079110,DPT 3 vaccination received,85.5,1,BD,Bangladesh,1997,BD1997DHS,CH_VACC_C_DP3,93906040,I,360006,1360060,Region,Khulna,0,,0,1,CHVACCCDP3,BDDHS1997360006,1996-97,DHS,122,117,,,1
BGD,Rajshahi/Rangpur,3500089,DPT 3 vaccination received,74.2,1,BD,Bangladesh,1997,BD1997DHS,CH_VACC_C_DP3,93906040,I,360007,1360070,Region,Rajshahi/Rangpur,0,,0,1,CHVACCCDP3,BDDHS1997360007,1996-97,DHS,235,249,,,1
BGD,Barishal,5998970,Children stunted,67,1,BD,Bangladesh,1997,BD1997DHS,CN_NUTS_C_HA2,104236020,I,360001,1360010,Region,Barishal,0,,0,1,CNNUTSCHA2,BDDHS1997360001,1996-97,DHS,311,487,,,1
BGD,Chattogram/Sylhet,7114750,Children stunted,61,1,BD,Bangladesh,1997,BD1997DHS,CN_NUTS_C_HA2,104236020,I,360002,1360020,Region,Chattogram/Sylhet,0,,0,1,CNNUTSCHA2,BDDHS1997360002,1996-97,DHS,1470,1385,,,
BGD,Chattogram,1404956,Children stunted,59.9,1,BD,Bangladesh,1997,BD1997DHS,CN_NUTS_C_HA2,104236020,I,360003,1360030,Region,..Chattogram,0,,0,1,CNNUTSCHA2,BDDHS1997360003,1996-97,DHS,1170,852,,,1
BGD,Sylhet,5007404,Children stunted,65.3,1,BD,Bangladesh,1997,BD1997DHS,CN_NUTS_C_HA2,104236020,I,360004,1360040,Region,..Sylhet,0,,0,1,CNNUTSCHA2,BDDHS1997360004,1996-97,DHS,300,533,,,1
BGD,Dhaka before 2015,44994,Children stunted,60.8,1,BD,Bangladesh,1997,BD1997DHS,CN_NUTS_C_HA2,104236020,I,360005,1360050,Region,Dhaka before 2015,0,,0,1,CNNUTSCHA2,BDDHS1997360005,1996-97,DHS,1482,1297,,,1
BGD,Khulna,7351880,Children stunted,53.7,1,BD,Bangladesh,1997,BD1997DHS,CN_NUTS_C_HA2,104236020,I,360006,1360060,Region,Khulna,0,,0,1,CNNUTSCHA2,BDDHS1997360006,1996-97,DHS,477,464,,,1
BGD,Rajshahi/Rangpur,4159602,Children stunted,58.5,1,BD,Bangladesh,1997,BD1997DHS,CN_NUTS_C_HA2,104236020,I,360007,1360070,Region,Rajshahi/Rangpur,0,,0,1,CNNUTSCHA2,BDDHS1997360007,1996-97,DHS,1008,1059,,,1
BGD,Barishal,3093513,Children wasted,16.8,1,BD,Bangladesh,1997,BD1997DHS,CN_NUTS_C_WH2,104236050,I,360001,1360010,Region,Barishal,0,,0,1,CNNUTSCWH2,BDDHS1997360001,1996-97,DHS,311,487,,,1
BGD,Chattogram/Sylhet,7214452,Children wasted,24.2,1,BD,Bangladesh,1997,BD1997DHS,CN_NUTS_C_WH2,104236050,I,360002,1360020,Region,Chattogram/Sylhet,0,,0,1,CNNUTSCWH2,BDDHS1997360002,1996-97,DHS,1470,1385,,,
BGD,Chattogram,5460623,Children wasted,24.7,1,BD,Bangladesh,1997,BD1997DHS,CN_NUTS_C_WH2,104236050,I,360003,1360030,Region,..Chattogram,0,,0,1,CNNUTSCWH2,BDDHS1997360003,1996-97,DHS,1170,852,,,1
BGD,Sylhet,2694253,Children wasted,22.4,1,BD,Bangladesh,1997,BD1997DHS,CN_NUTS_C_WH2,104236050,I,360004,1360040,Region,..Sylhet,0,,0,1,CNNUTSCWH2,BDDHS1997360004,1996-97,DHS,300,533,,,1
BGD,Dhaka before 2015,2612874,Children wasted,18.3,1,BD,Bangladesh,1997,BD1997DHS,CN_NUTS_C_WH2,104236050,I,360005,1360050,Region,Dhaka before 2015,0,,0,1,CNNUTSCWH2,BDDHS1997360005,1996-97,DHS,1482,1297,,,1
BGD,Khulna,3015281,Children wasted,20.9,1,BD,Bangladesh,1997,BD1997DHS,CN_NUTS_C_WH2,104236050,I,360006,1360060,Region,Khulna,0,,0,1,CNNUTSCWH2,BDDHS1997360006,1996-97,DHS,477,464,,,1
BGD,Rajshahi/Rangpur,6682899,Children wasted,19.8,1,BD,Bangladesh,1997,BD1997DHS,CN_NUTS_C_WH2,104236050,I,360007,1360070,Region,Rajshahi/Rangpur,0,,0,1,CNNUTSCWH2,BDDHS1997360007,1996-97,DHS,1008,1059,,,1
BGD,Barishal,3093514,Children overweight,2.7,1,BD,Bangladesh,1997,BD1997DHS,CN_NUTS_C_WHP,104236060,I,360001,1360010,Region,Barishal,0,,0,1,CNNUTSCWHP,BDDHS1997360001,1996-97,DHS,311,487,,,1
BGD,Chattogram/Sylhet,7214453,Children overweight,1.8,1,BD,Bangladesh,1997,BD1997DHS,CN_NUTS_C_WHP,104236060,I,360002,1360020,Region,Chattogram/Sylhet,0,,0,1,CNNUTSCWHP,BDDHS1997360002,1996-97,DHS,1470,1385,,,
BGD,Chattogram,5460624,Children overweight,1.6,1,BD,Bangladesh,1997,BD1997DHS,CN_NUTS_C_WHP,104236060,I,360003,1360030,Region,..Chattogram,0,,0,1,CNNUTSCWHP,BDDHS1997360003,1996-97,DHS,1170,852,,,1
BGD,Sylhet,2694254,Children overweight,2.4,1,BD,Bangladesh,1997,BD1997DHS,CN_NUTS_C_WHP,104236060,I,360004,1360040,Region,..Sylhet,0,,0,1,CNNUTSCWHP,BDDHS1997360004,1996-97,DHS,300,533,,,1
BGD,Dhaka before 2015,2612875,Children overweight,1.5,1,BD,Bangladesh,1997,BD1997DHS,CN_NUTS_C_WHP,104236060,I,360005,1360050,Region,Dhaka before 2015,0,,0,1,CNNUTSCWHP,BDDHS1997360005,1996-97,DHS,1482,1297,,,1
BGD,Khulna,3015282,Children overweight,2.6,1,BD,Bangladesh,1997,BD1997DHS,CN_NUTS_C_WHP,104236060,I,360006,1360060,Region,Khulna,0,,0,1,CNNUTSCWHP,BDDHS1997360006,1996-97,DHS,477,464,,,1
BGD,Rajshahi/Rangpur,6682900,Children overweight,1.5,1,BD,Bangladesh,1997,BD1997DHS,CN_NUTS_C_WHP,104236060,I,360007,1360070,Region,Rajshahi/Rangpur,0,,0,1,CNNUTSCWHP,BDDHS1997360007,1996-97,DHS,1008,1059,,,1
BGD,Barishal,4345358,Population using open defecation,8.1,1,BD,Bangladesh,1997,BD1997DHS,WS_TLET_P_NFC,250262210,I,360001,1360010,Region,Barishal,0,,0,1,WSTLETPNFC,BDDHS1997360001,1996-97,DHS,2998,4695,,,1
BGD,Chattogram/Sylhet,6676283,Population using open defecation,11.6,1,BD,Bangladesh,1997,BD1997DHS,WS_TLET_P_NFC,250262210,I,360002,1360020,Region,Chattogram/Sylhet,0,,0,1,WSTLETPNFC,BDDHS1997360002,1996-97,DHS,12841,12473,,,
BGD,Chattogram,754310,Population using open defecation,10.1,1,BD,Bangladesh,1997,BD1997DHS,WS_TLET_P_NFC,250262210,I,360003,1360030,Region,..Chattogram,0,,0,1,WSTLETPNFC,BDDHS1997360003,1996-97,DHS,10036,7439,,,1
BGD,Sylhet,5556322,Population using open defecation,17.2,1,BD,Bangladesh,1997,BD1997DHS,WS_TLET_P_NFC,250262210,I,360004,1360040,Region,..Sylhet,0,,0,1,WSTLETPNFC,BDDHS1997360004,1996-97,DHS,2805,5034,,,1
BGD,Dhaka before 2015,3664261,Population using open defecation,20.4,1,BD,Bangladesh,1997,BD1997DHS,WS_TLET_P_NFC,250262210,I,360005,1360050,Region,Dhaka before 2015,0,,0,1,WSTLETPNFC,BDDHS1997360005,1996-97,DHS,14164,12354,,,1
BGD,Khulna,3394107,Population using open defecation,23.2,1,BD,Bangladesh,1997,BD1997DHS,WS_TLET_P_NFC,250262210,I,360006,1360060,Region,Khulna,0,,0,1,WSTLETPNFC,BDDHS1997360006,1996-97,DHS,5433,5297,,,1
BGD,Rajshahi/Rangpur,3858117,Population using open defecation,46.2,1,BD,Bangladesh,1997,BD1997DHS,WS_TLET_P_NFC,250262210,I,360007,1360070,Region,Rajshahi/Rangpur,0,,0,1,WSTLETPNFC,BDDHS1997360007,1996-97,DHS,10384,10957,,,1
BGD,Barishal,366300,Population with electricity,18.7,1,BD,Bangladesh,1997,BD1997DHS,HC_ELEC_P_ELC,260322010,I,360001,1360010,Region,Barishal,0,,0,1,HCELECPELC,BDDHS1997360001,1996-97,DHS,2998,4695,,,1
BGD,Chattogram/Sylhet,4978784,Population with electricity,32.4,1,BD,Bangladesh,1997,BD1997DHS,HC_ELEC_P_ELC,260322010,I,360002,1360020,Region,Chattogram/Sylhet,0,,0,1,HCELECPELC,BDDHS1997360002,1996-97,DHS,12841,12473,,,
BGD,Chattogram,668573,Population with electricity,36.6,1,BD,Bangladesh,1997,BD1997DHS,HC_ELEC_P_ELC,260322010,I,360003,1360030,Region,..Chattogram,0,,0,1,HCELECPELC,BDDHS1997360003,1996-97,DHS,10036,7439,,,1
BGD,Sylhet,1112159,Population with electricity,17.4,1,BD,Bangladesh,1997,BD1997DHS,HC_ELEC_P_ELC,260322010,I,360004,1360040,Region,..Sylhet,0,,0,1,HCELECPELC,BDDHS1997360004,1996-97,DHS,2805,5034,,,1
BGD,Dhaka before 2015,6884268,Population with electricity,30.8,1,BD,Bangladesh,1997,BD1997DHS,HC_ELEC_P_ELC,260322010,I,360005,1360050,Region,Dhaka before 2015,0,,0,1,HCELECPELC,BDDHS1997360005,1996-97,DHS,14164,12354,,,1
BGD,Khulna,1105543,Population with electricity,18.6,1,BD,Bangladesh,1997,BD1997DHS,HC_ELEC_P_ELC,260322010,I,360006,1360060,Region,Khulna,0,,0,1,HCELECPELC,BDDHS1997360006,1996-97,DHS,5433,5297,,,1
BGD,Rajshahi/Rangpur,5870419,Population with electricity,12.6,1,BD,Bangladesh,1997,BD1997DHS,HC_ELEC_P_ELC,260322010,I,360007,1360070,Region,Rajshahi/Rangpur,0,,0,1,HCELECPELC,BDDHS1997360007,1996-97,DHS,10384,10957,,,1
BGD,Barishal,1803798,Age specific fertility rate: 10-14,13,0,BD,Bangladesh,2000,BD2000DHS,FE_FRTR_W_A10,11763005,I,360001,1360010,Region,Barishal,0,,0,1,FEFRTRWA10,BDDHS2000360001,1999-00,DHS,,,,,1
BGD,Chattogram/Sylhet,7449973,Age specific fertility rate: 10-14,6,0,BD,Bangladesh,2000,BD2000DHS,FE_FRTR_W_A10,11763005,I,360002,1360020,Region,Chattogram/Sylhet,0,,0,1,FEFRTRWA10,BDDHS2000360002,1999-00,DHS,,,,,
BGD,Chattogram,7933977,Age specific fertility rate: 10-14,6,0,BD,Bangladesh,2000,BD2000DHS,FE_FRTR_W_A10,11763005,I,360003,1360030,Region,..Chattogram,0,,0,1,FEFRTRWA10,BDDHS2000360003,1999-00,DHS,,,,,1
BGD,Sylhet,1810411,Age specific fertility rate: 10-14,8,0,BD,Bangladesh,2000,BD2000DHS,FE_FRTR_W_A10,11763005,I,360004,1360040,Region,..Sylhet,0,,0,1,FEFRTRWA10,BDDHS2000360004,1999-00,DHS,,,,,1
BGD,Dhaka before 2015,1810425,Age specific fertility rate: 10-14,12,0,BD,Bangladesh,2000,BD2000DHS,FE_FRTR_W_A10,11763005,I,360005,1360050,Region,Dhaka before 2015,0,,0,1,FEFRTRWA10,BDDHS2000360005,1999-00,DHS,,,,,1
BGD,Khulna,7629768,Age specific fertility rate: 10-14,15,0,BD,Bangladesh,2000,BD2000DHS,FE_FRTR_W_A10,11763005,I,360006,1360060,Region,Khulna,0,,0,1,FEFRTRWA10,BDDHS2000360006,1999-00,DHS,,,,,1
BGD,Rajshahi/Rangpur,1803791,Age specific fertility rate: 10-14,21,0,BD,Bangladesh,2000,BD2000DHS,FE_FRTR_W_A10,11763005,I,360007,1360070,Region,Rajshahi/Rangpur,0,,0,1,FEFRTRWA10,BDDHS2000360007,1999-00,DHS,,,,,1
BGD,Barishal,1803799,Age specific fertility rate: 15-19,154,0,BD,Bangladesh,2000,BD2000DHS,FE_FRTR_W_A15,11763010,I,360001,1360010,Region,Barishal,0,,0,1,FEFRTRWA15,BDDHS2000360001,1999-00,DHS,,,,,1
BGD,Chattogram/Sylhet,7449974,Age specific fertility rate: 15-19,126,0,BD,Bangladesh,2000,BD2000DHS,FE_FRTR_W_A15,11763010,I,360002,1360020,Region,Chattogram/Sylhet,0,,0,1,FEFRTRWA15,BDDHS2000360002,1999-00,DHS,,,,,
BGD,Chattogram,7933938,Age specific fertility rate: 15-19,131,0,BD,Bangladesh,2000,BD2000DHS,FE_FRTR_W_A15,11763010,I,360003,1360030,Region,..Chattogram,0,,0,1,FEFRTRWA15,BDDHS2000360003,1999-00,DHS,,,,,1
BGD,Sylhet,1810459,Age specific fertility rate: 15-19,110,0,BD,Bangladesh,2000,BD2000DHS,FE_FRTR_W_A15,11763010,I,360004,1360040,Region,..Sylhet,0,,0,1,FEFRTRWA15,BDDHS2000360004,1999-00,DHS,,,,,1
BGD,Dhaka before 2015,1810426,Age specific fertility rate: 15-19,145,0,BD,Bangladesh,2000,BD2000DHS,FE_FRTR_W_A15,11763010,I,360005,1360050,Region,Dhaka before 2015,0,,0,1,FEFRTRWA15,BDDHS2000360005,1999-00,DHS,,,,,1
BGD,Khulna,7629769,Age specific fertility rate: 15-19,146,0,BD,Bangladesh,2000,BD2000DHS,FE_FRTR_W_A15,11763010,I,360006,1360060,Region,Khulna,0,,0,1,FEFRTRWA15,BDDHS2000360006,1999-00,DHS,,,,,1
BGD,Rajshahi/Rangpur,1803792,Age specific fertility rate: 15-19,162,0,BD,Bangladesh,2000,BD2000DHS,FE_FRTR_W_A15,11763010,I,360007,1360070,Region,Rajshahi/Rangpur,0,,0,1,FEFRTRWA15,BDDHS2000360007,1999-00,DHS,,,,,1
BGD,Barishal,3515545,Demand for family planning satisfied by modern methods,59.1,1,BD,Bangladesh,2000,BD2000DHS,FP_NADM_W_PDM,32933150,I,360001,1360010,Region,Barishal,0,,0,1,FPNADMWPDM,BDDHS2000360001,1999-00,DHS,488,699,,,1
BGD,Chattogram/Sylhet,7450336,Demand for family planning satisfied by modern methods,51,1,BD,Bangladesh,2000,BD2000DHS,FP_NADM_W_PDM,32933150,I,360002,1360020,Region,Chattogram/Sylhet,0,,0,1,FPNADMWPDM,BDDHS2000360002,1999-00,DHS,1500,1802,,,
BGD,Chattogram,7920923,Demand for family planning satisfied by modern methods,53.1,1,BD,Bangladesh,2000,BD2000DHS,FP_NADM_W_PDM,32933150,I,360003,1360030,Region,..Chattogram,0,,0,1,FPNADMWPDM,BDDHS2000360003,1999-00,DHS,1180,1199,,,1
BGD,Sylhet,645459,Demand for family planning satisfied by modern methods,43,1,BD,Bangladesh,2000,BD2000DHS,FP_NADM_W_PDM,32933150,I,360004,1360040,Region,..Sylhet,0,,0,1,FPNADMWPDM,BDDHS2000360004,1999-00,DHS,320,603,,,1
BGD,Dhaka before 2015,1559118,Demand for family planning satisfied by modern methods,58.5,1,BD,Bangladesh,2000,BD2000DHS,FP_NADM_W_PDM,32933150,I,360005,1360050,Region,Dhaka before 2015,0,,0,1,FPNADMWPDM,BDDHS2000360005,1999-00,DHS,2156,1687,,,1
BGD,Khulna,7631623,Demand for family planning satisfied by modern methods,65.5,1,BD,Bangladesh,2000,BD2000DHS,FP_NADM_W_PDM,32933150,I,360006,1360060,Region,Khulna,0,,0,1,FPNADMWPDM,BDDHS2000360006,1999-00,DHS,915,1299,,,1
BGD,Rajshahi/Rangpur,4787930,Demand for family planning satisfied by modern methods,68.8,1,BD,Bangladesh,2000,BD2000DHS,FP_NADM_W_PDM,32933150,I,360007,1360070,Region,Rajshahi/Rangpur,0,,0,1,FPNADMWPDM,BDDHS2000360007,1999-00,DHS,1860,1448,,,1
BGD,Barishal,7552798,Neonatal mortality rate,47,0,BD,Bangladesh,2000,BD2000DHS,CM_ECMR_C_NNR,63206010,I,360001,1360010,Region,Barishal,14003,Ten years preceding the survey,0,1,CMECMRCNNR,BDDHS2000360001,1999-00,DHS,,,32,63,1
BGD,Chattogram/Sylhet,1734756,Neonatal mortality rate,51,0,BD,Bangladesh,2000,BD2000DHS,CM_ECMR_C_NNR,63206010,I,360002,1360020,Region,Chattogram/Sylhet,14003,Ten years preceding the survey,0,1,CMECMRCNNR,BDDHS2000360002,1999-00,DHS,,,43,60,
BGD,Chattogram,7779839,Neonatal mortality rate,41,0,BD,Bangladesh,2000,BD2000DHS,CM_ECMR_C_NNR,63206010,I,360003,1360030,Region,..Chattogram,14003,Ten years preceding the survey,0,1,CMECMRCNNR,BDDHS2000360003,1999-00,DHS,,,32,49,1
BGD,Sylhet,871058,Neonatal mortality rate,82,0,BD,Bangladesh,2000,BD2000DHS,CM_ECMR_C_NNR,63206010,I,360004,1360040,Region,..Sylhet,14003,Ten years preceding the survey,0,1,CMECMRCNNR,BDDHS2000360004,1999-00,DHS,,,65,98,1
BGD,Dhaka before 2015,7928753,Neonatal mortality rate,52,0,BD,Bangladesh,2000,BD2000DHS,CM_ECMR_C_NNR,63206010,I,360005,1360050,Region,Dhaka before 2015,14003,Ten years preceding the survey,0,1,CMECMRCNNR,BDDHS2000360005,1999-00,DHS,,,41,62,1
BGD,Khulna,7776313,Neonatal mortality rate,47,0,BD,Bangladesh,2000,BD2000DHS,CM_ECMR_C_NNR,63206010,I,360006,1360060,Region,Khulna,14003,Ten years preceding the survey,0,1,CMECMRCNNR,BDDHS2000360006,1999-00,DHS,,,37,58,1
BGD,Rajshahi/Rangpur,1722297,Neonatal mortality rate,50,0,BD,Bangladesh,2000,BD2000DHS,CM_ECMR_C_NNR,63206010,I,360007,1360070,Region,Rajshahi/Rangpur,14003,Ten years preceding the survey,0,1,CMECMRCNNR,BDDHS2000360007,1999-00,DHS,,,41,58,1
BGD,Barishal,7697235,Under-five mortality rate,109,0,BD,Bangladesh,2000,BD2000DHS,CM_ECMR_C_U5M,63206050,I,360001,1360010,Region,Barishal,14003,Ten years preceding the survey,0,1,CMECMRCU5M,BDDHS2000360001,1999-00,DHS,,,88,130,1
BGD,Chattogram/Sylhet,1734755,Under-five mortality rate,123,0,BD,Bangladesh,2000,BD2000DHS,CM_ECMR_C_U5M,63206050,I,360002,1360020,Region,Chattogram/Sylhet,14003,Ten years preceding the survey,0,1,CMECMRCU5M,BDDHS2000360002,1999-00,DHS,,,110,136,
BGD,Chattogram,7893757,Under-five mortality rate,110,0,BD,Bangladesh,2000,BD2000DHS,CM_ECMR_C_U5M,63206050,I,360003,1360030,Region,..Chattogram,14003,Ten years preceding the survey,0,1,CMECMRCU5M,BDDHS2000360003,1999-00,DHS,,,95,125,1
BGD,Sylhet,1734855,Under-five mortality rate,162,0,BD,Bangladesh,2000,BD2000DHS,CM_ECMR_C_U5M,63206050,I,360004,1360040,Region,..Sylhet,14003,Ten years preceding the survey,0,1,CMECMRCU5M,BDDHS2000360004,1999-00,DHS,,,140,184,1
BGD,Dhaka before 2015,1734881,Under-five mortality rate,115,0,BD,Bangladesh,2000,BD2000DHS,CM_ECMR_C_U5M,63206050,I,360005,1360050,Region,Dhaka before 2015,14003,Ten years preceding the survey,0,1,CMECMRCU5M,BDDHS2000360005,1999-00,DHS,,,102,129,1
BGD,Khulna,7697220,Under-five mortality rate,79,0,BD,Bangladesh,2000,BD2000DHS,CM_ECMR_C_U5M,63206050,I,360006,1360060,Region,Khulna,14003,Ten years preceding the survey,0,1,CMECMRCU5M,BDDHS2000360006,1999-00,DHS,,,66,93,1
BGD,Rajshahi/Rangpur,1722342,Under-five mortality rate,101,0,BD,Bangladesh,2000,BD2000DHS,CM_ECMR_C_U5M,63206050,I,360007,1360070,Region,Rajshahi/Rangpur,14003,Ten years preceding the survey,0,1,CMECMRCU5M,BDDHS2000360007,1999-00,DHS,,,88,114,1
BGD,Barishal,7318179,Assistance during delivery from a skilled provider,10.9,1,BD,Bangladesh,2000,BD2000DHS,RH_DELA_C_SKP,83606110,I,360001,1360010,Region,Barishal,14000,Three years preceding the survey,0,0,RHDELACSKP,BDDHS2000360001,1999-00,DHS,259,371,,,1
BGD,Barishal,4124406,Assistance during delivery from a skilled provider,9.7,1,BD,Bangladesh,2000,BD2000DHS,RH_DELA_C_SKP,83606110,I,360001,1360010,Region,Barishal,14001,Five years preceding the survey,0,0,RHDELACSKP,BDDHS2000360001,1999-00,DHS,434,609,,,1
BGD,Barishal,348875,Assistance during delivery from a skilled provider,12.7,1,BD,Bangladesh,2000,BD2000DHS,RH_DELA_C_SKP,83606110,I,360001,1360010,Region,Barishal,14002,Two years preceding the survey,0,1,RHDELACSKP,BDDHS2000360001,1999-00,DHS,159,230,,,1
BGD,Chattogram/Sylhet,447450,Assistance during delivery from a skilled provider,11.1,1,BD,Bangladesh,2000,BD2000DHS,RH_DELA_C_SKP,83606110,I,360002,1360020,Region,Chattogram/Sylhet,14000,Three years preceding the survey,0,0,RHDELACSKP,BDDHS2000360002,1999-00,DHS,1254,1451,,,
BGD,Chattogram/Sylhet,6598207,Assistance during delivery from a skilled provider,10.8,1,BD,Bangladesh,2000,BD2000DHS,RH_DELA_C_SKP,83606110,I,360002,1360020,Region,Chattogram/Sylhet,14001,Five years preceding the survey,0,0,RHDELACSKP,BDDHS2000360002,1999-00,DHS,2030,2363,,,
BGD,Chattogram/Sylhet,5739510,Assistance during delivery from a skilled provider,10.6,1,BD,Bangladesh,2000,BD2000DHS,RH_DELA_C_SKP,83606110,I,360002,1360020,Region,Chattogram/Sylhet,14002,Two years preceding the survey,0,1,RHDELACSKP,BDDHS2000360002,1999-00,DHS,827,955,,,
BGD,Chattogram,5538401,Assistance during delivery from a skilled provider,11.5,1,BD,Bangladesh,2000,BD2000DHS,RH_DELA_C_SKP,83606110,I,360003,1360030,Region,..Chattogram,14000,Three years preceding the survey,0,0,RHDELACSKP,BDDHS2000360003,1999-00,DHS,938,903,,,1
BGD,Chattogram,3218529,Assistance during delivery from a skilled provider,11.2,1,BD,Bangladesh,2000,BD2000DHS,RH_DELA_C_SKP,83606110,I,360003,1360030,Region,..Chattogram,14001,Five years preceding the survey,0,0,RHDELACSKP,BDDHS2000360003,1999-00,DHS,1518,1477,,,1
BGD,Chattogram,5722989,Assistance during delivery from a skilled provider,11.3,1,BD,Bangladesh,2000,BD2000DHS,RH_DELA_C_SKP,83606110,I,360003,1360030,Region,..Chattogram,14002,Two years preceding the survey,0,1,RHDELACSKP,BDDHS2000360003,1999-00,DHS,609,580,,,1
BGD,Sylhet,4410535,Assistance during delivery from a skilled provider,10,1,BD,Bangladesh,2000,BD2000DHS,RH_DELA_C_SKP,83606110,I,360004,1360040,Region,..Sylhet,14000,Three years preceding the survey,0,0,RHDELACSKP,BDDHS2000360004,1999-00,DHS,316,548,,,1
BGD,Sylhet,1303748,Assistance during delivery from a skilled provider,9.3,1,BD,Bangladesh,2000,BD2000DHS,RH_DELA_C_SKP,83606110,I,360004,1360040,Region,..Sylhet,14001,Five years preceding the survey,0,0,RHDELACSKP,BDDHS2000360004,1999-00,DHS,513,886,,,1
BGD,Sylhet,4466158,Assistance during delivery from a skilled provider,8.6,1,BD,Bangladesh,2000,BD2000DHS,RH_DELA_C_SKP,83606110,I,360004,1360040,Region,..Sylhet,14002,Two years preceding the survey,0,1,RHDELACSKP,BDDHS2000360004,1999-00,DHS,218,375,,,1
BGD,Dhaka before 2015,3367488,Assistance during delivery from a skilled provider,12.2,1,BD,Bangladesh,2000,BD2000DHS,RH_DELA_C_SKP,83606110,I,360005,1360050,Region,Dhaka before 2015,14000,Three years preceding the survey,0,0,RHDELACSKP,BDDHS2000360005,1999-00,DHS,1274,967,,,1
BGD,Dhaka before 2015,3725334,Assistance during delivery from a skilled provider,12,1,BD,Bangladesh,2000,BD2000DHS,RH_DELA_C_SKP,83606110,I,360005,1360050,Region,Dhaka before 2015,14001,Five years preceding the survey,0,0,RHDELACSKP,BDDHS2000360005,1999-00,DHS,2125,1612,,,1
BGD,Dhaka before 2015,1303766,Assistance during delivery from a skilled provider,12.8,1,BD,Bangladesh,2000,BD2000DHS,RH_DELA_C_SKP,83606110,I,360005,1360050,Region,Dhaka before 2015,14002,Two years preceding the survey,0,1,RHDELACSKP,BDDHS2000360005,1999-00,DHS,842,642,,,1
BGD,Khulna,3515316,Assistance during delivery from a skilled provider,19.8,1,BD,Bangladesh,2000,BD2000DHS,RH_DELA_C_SKP,83606110,I,360006,1360060,Region,Khulna,14000,Three years preceding the survey,0,0,RHDELACSKP,BDDHS2000360006,1999-00,DHS,423,594,,,1
BGD,Khulna,6940250,Assistance during delivery from a skilled provider,18.4,1,BD,Bangladesh,2000,BD2000DHS,RH_DELA_C_SKP,83606110,I,360006,1360060,Region,Khulna,14001,Five years preceding the survey,0,0,RHDELACSKP,BDDHS2000360006,1999-00,DHS,713,999,,,1
BGD,Khulna,460933,Assistance during delivery from a skilled provider,22.1,1,BD,Bangladesh,2000,BD2000DHS,RH_DELA_C_SKP,83606110,I,360006,1360060,Region,Khulna,14002,Two years preceding the survey,0,1,RHDELACSKP,BDDHS2000360006,1999-00,DHS,293,409,,,1
BGD,Rajshahi/Rangpur,6674720,Assistance during delivery from a skilled provider,10.8,1,BD,Bangladesh,2000,BD2000DHS,RH_DELA_C_SKP,83606110,I,360007,1360070,Region,Rajshahi/Rangpur,14000,Three years preceding the survey,0,0,RHDELACSKP,BDDHS2000360007,1999-00,DHS,983,751,,,1
BGD,Rajshahi/Rangpur,5937332,Assistance during delivery from a skilled provider,9.6,1,BD,Bangladesh,2000,BD2000DHS,RH_DELA_C_SKP,83606110,I,360007,1360070,Region,Rajshahi/Rangpur,14001,Five years preceding the survey,0,0,RHDELACSKP,BDDHS2000360007,1999-00,DHS,1617,1230,,,1
BGD,Rajshahi/Rangpur,5591082,Assistance during delivery from a skilled provider,12.3,1,BD,Bangladesh,2000,BD2000DHS,RH_DELA_C_SKP,83606110,I,360007,1360070,Region,Rajshahi/Rangpur,14002,Two years preceding the survey,0,1,RHDELACSKP,BDDHS2000360007,1999-00,DHS,644,492,,,1
BGD,Barishal,3714546,DPT 3 vaccination received,76.9,1,BD,Bangladesh,2000,BD2000DHS,CH_VACC_C_DP3,93906040,I,360001,1360010,Region,Barishal,0,,0,1,CHVACCCDP3,BDDHS2000360001,1999-00,DHS,77,110,,,1
BGD,Chattogram/Sylhet,7473426,DPT 3 vaccination received,73,1,BD,Bangladesh,2000,BD2000DHS,CH_VACC_C_DP3,93906040,I,360002,1360020,Region,Chattogram/Sylhet,0,,0,1,CHVACCCDP3,BDDHS2000360002,1999-00,DHS,368,424,,,
BGD,Chattogram,7917103,DPT 3 vaccination received,78.1,1,BD,Bangladesh,2000,BD2000DHS,CH_VACC_C_DP3,93906040,I,360003,1360030,Region,..Chattogram,0,,0,1,CHVACCCDP3,BDDHS2000360003,1999-00,DHS,274,263,,,1
BGD,Sylhet,110564,DPT 3 vaccination received,58.3,1,BD,Bangladesh,2000,BD2000DHS,CH_VACC_C_DP3,93906040,I,360004,1360040,Region,..Sylhet,0,,0,1,CHVACCCDP3,BDDHS2000360004,1999-00,DHS,94,161,,,1
BGD,Dhaka before 2015,6785471,DPT 3 vaccination received,68.8,1,BD,Bangladesh,2000,BD2000DHS,CH_VACC_C_DP3,93906040,I,360005,1360050,Region,Dhaka before 2015,0,,0,1,CHVACCCDP3,BDDHS2000360005,1999-00,DHS,403,307,,,1
BGD,Khulna,7630374,DPT 3 vaccination received,81.2,1,BD,Bangladesh,2000,BD2000DHS,CH_VACC_C_DP3,93906040,I,360006,1360060,Region,Khulna,0,,0,1,CHVACCCDP3,BDDHS2000360006,1999-00,DHS,159,222,,,1
BGD,Rajshahi/Rangpur,461529,DPT 3 vaccination received,69.5,1,BD,Bangladesh,2000,BD2000DHS,CH_VACC_C_DP3,93906040,I,360007,1360070,Region,Rajshahi/Rangpur,0,,0,1,CHVACCCDP3,BDDHS2000360007,1999-00,DHS,307,238,,,1
BGD,Barishal,5645350,Children stunted,52.7,1,BD,Bangladesh,2000,BD2000DHS,CN_NUTS_C_HA2,104236020,I,360001,1360010,Region,Barishal,0,,0,1,CNNUTSCHA2,BDDHS2000360001,1999-00,DHS,333,468,,,1
BGD,Chattogram/Sylhet,7473645,Children stunted,54.5,1,BD,Bangladesh,2000,BD2000DHS,CN_NUTS_C_HA2,104236020,I,360002,1360020,Region,Chattogram/Sylhet,0,,0,1,CNNUTSCHA2,BDDHS2000360002,1999-00,DHS,1599,1853,,,
BGD,Chattogram,7938249,Children stunted,52.4,1,BD,Bangladesh,2000,BD2000DHS,CN_NUTS_C_HA2,104236020,I,360003,1360030,Region,..Chattogram,0,,0,1,CNNUTSCHA2,BDDHS2000360003,1999-00,DHS,1201,1162,,,1
BGD,Sylhet,4905726,Children stunted,61,1,BD,Bangladesh,2000,BD2000DHS,CN_NUTS_C_HA2,104236020,I,360004,1360040,Region,..Sylhet,0,,0,1,CNNUTSCHA2,BDDHS2000360004,1999-00,DHS,399,691,,,1
BGD,Dhaka before 2015,3697371,Children stunted,51.3,1,BD,Bangladesh,2000,BD2000DHS,CN_NUTS_C_HA2,104236020,I,360005,1360050,Region,Dhaka before 2015,0,,0,1,CNNUTSCHA2,BDDHS2000360005,1999-00,DHS,1702,1286,,,1
BGD,Khulna,7610485,Children stunted,45,1,BD,Bangladesh,2000,BD2000DHS,CN_NUTS_C_HA2,104236020,I,360006,1360060,Region,Khulna,0,,0,1,CNNUTSCHA2,BDDHS2000360006,1999-00,DHS,560,793,,,1
BGD,Rajshahi/Rangpur,6245284,Children stunted,48.8,1,BD,Bangladesh,2000,BD2000DHS,CN_NUTS_C_HA2,104236020,I,360007,1360070,Region,Rajshahi/Rangpur,0,,0,1,CNNUTSCHA2,BDDHS2000360007,1999-00,DHS,1227,937,,,1
BGD,Barishal,7110735,Children wasted,12.6,1,BD,Bangladesh,2000,BD2000DHS,CN_NUTS_C_WH2,104236050,I,360001,1360010,Region,Barishal,0,,0,1,CNNUTSCWH2,BDDHS2000360001,1999-00,DHS,333,468,,,1
BGD,Chattogram/Sylhet,7449629,Children wasted,12.4,1,BD,Bangladesh,2000,BD2000DHS,CN_NUTS_C_WH2,104236050,I,360002,1360020,Region,Chattogram/Sylhet,0,,0,1,CNNUTSCWH2,BDDHS2000360002,1999-00,DHS,1599,1853,,,
BGD,Chattogram,7935473,Children wasted,12.2,1,BD,Bangladesh,2000,BD2000DHS,CN_NUTS_C_WH2,104236050,I,360003,1360030,Region,..Chattogram,0,,0,1,CNNUTSCWH2,BDDHS2000360003,1999-00,DHS,1201,1162,,,1
BGD,Sylhet,1397147,Children wasted,13.2,1,BD,Bangladesh,2000,BD2000DHS,CN_NUTS_C_WH2,104236050,I,360004,1360040,Region,..Sylhet,0,,0,1,CNNUTSCWH2,BDDHS2000360004,1999-00,DHS,399,691,,,1
BGD,Dhaka before 2015,4636795,Children wasted,11.7,1,BD,Bangladesh,2000,BD2000DHS,CN_NUTS_C_WH2,104236050,I,360005,1360050,Region,Dhaka before 2015,0,,0,1,CNNUTSCWH2,BDDHS2000360005,1999-00,DHS,1702,1286,,,1
BGD,Khulna,7610325,Children wasted,10.9,1,BD,Bangladesh,2000,BD2000DHS,CN_NUTS_C_WH2,104236050,I,360006,1360060,Region,Khulna,0,,0,1,CNNUTSCWH2,BDDHS2000360006,1999-00,DHS,560,793,,,1
BGD,Rajshahi/Rangpur,4128933,Children wasted,13.5,1,BD,Bangladesh,2000,BD2000DHS,CN_NUTS_C_WH2,104236050,I,360007,1360070,Region,Rajshahi/Rangpur,0,,0,1,CNNUTSCWH2,BDDHS2000360007,1999-00,DHS,1227,937,,,1
BGD,Barishal,7110736,Children overweight,0.1,1,BD,Bangladesh,2000,BD2000DHS,CN_NUTS_C_WHP,104236060,I,360001,1360010,Region,Barishal,0,,0,1,CNNUTSCWHP,BDDHS2000360001,1999-00,DHS,333,468,,,1
BGD,Chattogram/Sylhet,7449641,Children overweight,1,1,BD,Bangladesh,2000,BD2000DHS,CN_NUTS_C_WHP,104236060,I,360002,1360020,Region,Chattogram/Sylhet,0,,0,1,CNNUTSCWHP,BDDHS2000360002,1999-00,DHS,1599,1853,,,
BGD,Chattogram,7935474,Children overweight,1,1,BD,Bangladesh,2000,BD2000DHS,CN_NUTS_C_WHP,104236060,I,360003,1360030,Region,..Chattogram,0,,0,1,CNNUTSCWHP,BDDHS2000360003,1999-00,DHS,1201,1162,,,1
BGD,Sylhet,1397148,Children overweight,0.9,1,BD,Bangladesh,2000,BD2000DHS,CN_NUTS_C_WHP,104236060,I,360004,1360040,Region,..Sylhet,0,,0,1,CNNUTSCWHP,BDDHS2000360004,1999-00,DHS,399,691,,,1
BGD,Dhaka before 2015,4636796,Children overweight,0.7,1,BD,Bangladesh,2000,BD2000DHS,CN_NUTS_C_WHP,104236060,I,360005,1360050,Region,Dhaka before 2015,0,,0,1,CNNUTSCWHP,BDDHS2000360005,1999-00,DHS,1702,1286,,,1
BGD,Khulna,7610326,Children overweight,1,1,BD,Bangladesh,2000,BD2000DHS,CN_NUTS_C_WHP,104236060,I,360006,1360060,Region,Khulna,0,,0,1,CNNUTSCWHP,BDDHS2000360006,1999-00,DHS,560,793,,,1
BGD,Rajshahi/Rangpur,4128934,Children overweight,0.6,1,BD,Bangladesh,2000,BD2000DHS,CN_NUTS_C_WHP,104236060,I,360007,1360070,Region,Rajshahi/Rangpur,0,,0,1,CNNUTSCWHP,BDDHS2000360007,1999-00,DHS,1227,937,,,1
BGD,Barishal,3633993,Population using open defecation,4.8,1,BD,Bangladesh,2000,BD2000DHS,WS_TLET_P_NFC,250262210,I,360001,1360010,Region,Barishal,0,,0,1,WSTLETPNFC,BDDHS2000360001,1999-00,DHS,3434,4965,,,1
BGD,Chattogram/Sylhet,7450751,Population using open defecation,6.6,1,BD,Bangladesh,2000,BD2000DHS,WS_TLET_P_NFC,250262210,I,360002,1360020,Region,Chattogram/Sylhet,0,,0,1,WSTLETPNFC,BDDHS2000360002,1999-00,DHS,13754,16434,,,
BGD,Chattogram,7936735,Population using open defecation,6.8,1,BD,Bangladesh,2000,BD2000DHS,WS_TLET_P_NFC,250262210,I,360003,1360030,Region,..Chattogram,0,,0,1,WSTLETPNFC,BDDHS2000360003,1999-00,DHS,10367,10178,,,1
BGD,Sylhet,4297747,Population using open defecation,6.2,1,BD,Bangladesh,2000,BD2000DHS,WS_TLET_P_NFC,250262210,I,360004,1360040,Region,..Sylhet,0,,0,1,WSTLETPNFC,BDDHS2000360004,1999-00,DHS,3387,6256,,,1
BGD,Dhaka before 2015,5952603,Population using open defecation,18.2,1,BD,Bangladesh,2000,BD2000DHS,WS_TLET_P_NFC,250262210,I,360005,1360050,Region,Dhaka before 2015,0,,0,1,WSTLETPNFC,BDDHS2000360005,1999-00,DHS,15603,12105,,,1
BGD,Khulna,7631385,Population using open defecation,11.7,1,BD,Bangladesh,2000,BD2000DHS,WS_TLET_P_NFC,250262210,I,360006,1360060,Region,Khulna,0,,0,1,WSTLETPNFC,BDDHS2000360006,1999-00,DHS,5730,8169,,,1
BGD,Rajshahi/Rangpur,1088727,Population using open defecation,35.2,1,BD,Bangladesh,2000,BD2000DHS,WS_TLET_P_NFC,250262210,I,360007,1360070,Region,Rajshahi/Rangpur,0,,0,1,WSTLETPNFC,BDDHS2000360007,1999-00,DHS,12443,9764,,,1
BGD,Barishal,6822805,Population with electricity,25.5,1,BD,Bangladesh,2000,BD2000DHS,HC_ELEC_P_ELC,260322010,I,360001,1360010,Region,Barishal,0,,0,1,HCELECPELC,BDDHS2000360001,1999-00,DHS,3434,4965,,,1
BGD,Chattogram/Sylhet,7471849,Population with electricity,41.5,1,BD,Bangladesh,2000,BD2000DHS,HC_ELEC_P_ELC,260322010,I,360002,1360020,Region,Chattogram/Sylhet,0,,0,1,HCELECPELC,BDDHS2000360002,1999-00,DHS,13754,16434,,,
BGD,Chattogram,7935365,Population with electricity,45.2,1,BD,Bangladesh,2000,BD2000DHS,HC_ELEC_P_ELC,260322010,I,360003,1360030,Region,..Chattogram,0,,0,1,HCELECPELC,BDDHS2000360003,1999-00,DHS,10367,10178,,,1
BGD,Sylhet,7041109,Population with electricity,30.2,1,BD,Bangladesh,2000,BD2000DHS,HC_ELEC_P_ELC,260322010,I,360004,1360040,Region,..Sylhet,0,,0,1,HCELECPELC,BDDHS2000360004,1999-00,DHS,3387,6256,,,1
BGD,Dhaka before 2015,5813056,Population with electricity,38.2,1,BD,Bangladesh,2000,BD2000DHS,HC_ELEC_P_ELC,260322010,I,360005,1360050,Region,Dhaka before 2015,0,,0,1,HCELECPELC,BDDHS2000360005,1999-00,DHS,15603,12105,,,1
BGD,Khulna,7630814,Population with electricity,37.7,1,BD,Bangladesh,2000,BD2000DHS,HC_ELEC_P_ELC,260322010,I,360006,1360060,Region,Khulna,0,,0,1,HCELECPELC,BDDHS2000360006,1999-00,DHS,5730,8169,,,1
BGD,Rajshahi/Rangpur,7433579,Population with electricity,19.3,1,BD,Bangladesh,2000,BD2000DHS,HC_ELEC_P_ELC,260322010,I,360007,1360070,Region,Rajshahi/Rangpur,0,,0,1,HCELECPELC,BDDHS2000360007,1999-00,DHS,12443,9764,,,1
BGD,Barishal,1817002,Age specific fertility rate: 10-14,6,0,BD,Bangladesh,2004,BD2004DHS,FE_FRTR_W_A10,11763005,I,360001,1360010,Region,Barishal,0,,0,1,FEFRTRWA10,BDDHS2004360001,2004,DHS,,,,,1
BGD,Chattogram/Sylhet,1817010,Age specific fertility rate: 10-14,10,0,BD,Bangladesh,2004,BD2004DHS,FE_FRTR_W_A10,11763005,I,360002,1360020,Region,Chattogram/Sylhet,0,,0,1,FEFRTRWA10,BDDHS2004360002,2004,DHS,,,,,
BGD,Chattogram,5383389,Age specific fertility rate: 10-14,12,0,BD,Bangladesh,2004,BD2004DHS,FE_FRTR_W_A10,11763005,I,360003,1360030,Region,..Chattogram,0,,0,1,FEFRTRWA10,BDDHS2004360003,2004,DHS,,,,,1
BGD,Sylhet,1796702,Age specific fertility rate: 10-14,6,0,BD,Bangladesh,2004,BD2004DHS,FE_FRTR_W_A10,11763005,I,360004,1360040,Region,..Sylhet,0,,0,1,FEFRTRWA10,BDDHS2004360004,2004,DHS,,,,,1
BGD,Dhaka before 2015,1810599,Age specific fertility rate: 10-14,9,0,BD,Bangladesh,2004,BD2004DHS,FE_FRTR_W_A10,11763005,I,360005,1360050,Region,Dhaka before 2015,0,,0,1,FEFRTRWA10,BDDHS2004360005,2004,DHS,,,,,1
BGD,Khulna,1796731,Age specific fertility rate: 10-14,10,0,BD,Bangladesh,2004,BD2004DHS,FE_FRTR_W_A10,11763005,I,360006,1360060,Region,Khulna,0,,0,1,FEFRTRWA10,BDDHS2004360006,2004,DHS,,,,,1
BGD,Rajshahi/Rangpur,1803986,Age specific fertility rate: 10-14,17,0,BD,Bangladesh,2004,BD2004DHS,FE_FRTR_W_A10,11763005,I,360007,1360070,Region,Rajshahi/Rangpur,0,,0,1,FEFRTRWA10,BDDHS2004360007,2004,DHS,,,,,1
BGD,Barishal,1817003,Age specific fertility rate: 15-19,128,0,BD,Bangladesh,2004,BD2004DHS,FE_FRTR_W_A15,11763010,I,360001,1360010,Region,Barishal,0,,0,1,FEFRTRWA15,BDDHS2004360001,2004,DHS,,,,,1
BGD,Chattogram/Sylhet,1817011,Age specific fertility rate: 15-19,129,0,BD,Bangladesh,2004,BD2004DHS,FE_FRTR_W_A15,11763010,I,360002,1360020,Region,Chattogram/Sylhet,0,,0,1,FEFRTRWA15,BDDHS2004360002,2004,DHS,,,,,
BGD,Chattogram,5383390,Age specific fertility rate: 15-19,139,0,BD,Bangladesh,2004,BD2004DHS,FE_FRTR_W_A15,11763010,I,360003,1360030,Region,..Chattogram,0,,0,1,FEFRTRWA15,BDDHS2004360003,2004,DHS,,,,,1
BGD,Sylhet,1796703,Age specific fertility rate: 15-19,106,0,BD,Bangladesh,2004,BD2004DHS,FE_FRTR_W_A15,11763010,I,360004,1360040,Region,..Sylhet,0,,0,1,FEFRTRWA15,BDDHS2004360004,2004,DHS,,,,,1
BGD,Dhaka before 2015,1810600,Age specific fertility rate: 15-19,134,0,BD,Bangladesh,2004,BD2004DHS,FE_FRTR_W_A15,11763010,I,360005,1360050,Region,Dhaka before 2015,0,,0,1,FEFRTRWA15,BDDHS2004360005,2004,DHS,,,,,1
BGD,Khulna,1796732,Age specific fertility rate: 15-19,151,0,BD,Bangladesh,2004,BD2004DHS,FE_FRTR_W_A15,11763010,I,360006,1360060,Region,Khulna,0,,0,1,FEFRTRWA15,BDDHS2004360006,2004,DHS,,,,,1
BGD,Rajshahi/Rangpur,1803993,Age specific fertility rate: 15-19,147,0,BD,Bangladesh,2004,BD2004DHS,FE_FRTR_W_A15,11763010,I,360007,1360070,Region,Rajshahi/Rangpur,0,,0,1,FEFRTRWA15,BDDHS2004360007,2004,DHS,,,,,1
BGD,Barishal,1566142,Demand for family planning satisfied by modern methods,59.5,1,BD,Bangladesh,2004,BD2004DHS,FP_NADM_W_PDM,32933150,I,360001,1360010,Region,Barishal,0,,0,1,FPNADMWPDM,BDDHS2004360001,2004,DHS,480,923,,,1
BGD,Chattogram/Sylhet,5338299,Demand for family planning satisfied by modern methods,51.5,1,BD,Bangladesh,2004,BD2004DHS,FP_NADM_W_PDM,32933150,I,360002,1360020,Region,Chattogram/Sylhet,0,,0,1,FPNADMWPDM,BDDHS2004360002,2004,DHS,1637,1904,,,
BGD,Chattogram,6290372,Demand for family planning satisfied by modern methods,54.8,1,BD,Bangladesh,2004,BD2004DHS,FP_NADM_W_PDM,32933150,I,360003,1360030,Region,..Chattogram,0,,0,1,FPNADMWPDM,BDDHS2004360003,2004,DHS,1281,1310,,,1
BGD,Sylhet,6748804,Demand for family planning satisfied by modern methods,39.5,1,BD,Bangladesh,2004,BD2004DHS,FP_NADM_W_PDM,32933150,I,360004,1360040,Region,..Sylhet,0,,0,1,FPNADMWPDM,BDDHS2004360004,2004,DHS,356,594,,,1
BGD,Dhaka before 2015,6063009,Demand for family planning satisfied by modern methods,66.2,1,BD,Bangladesh,2004,BD2004DHS,FP_NADM_W_PDM,32933150,I,360005,1360050,Region,Dhaka before 2015,0,,0,1,FPNADMWPDM,BDDHS2004360005,2004,DHS,2410,1757,,,1
BGD,Khulna,3682130,Demand for family planning satisfied by modern methods,66.5,1,BD,Bangladesh,2004,BD2004DHS,FP_NADM_W_PDM,32933150,I,360006,1360060,Region,Khulna,0,,0,1,FPNADMWPDM,BDDHS2004360006,2004,DHS,979,1210,,,1
BGD,Rajshahi/Rangpur,7024601,Demand for family planning satisfied by modern methods,73.8,1,BD,Bangladesh,2004,BD2004DHS,FP_NADM_W_PDM,32933150,I,360007,1360070,Region,Rajshahi/Rangpur,0,,0,1,FPNADMWPDM,BDDHS2004360007,2004,DHS,2165,1848,,,1
BGD,Barishal,7674384,Neonatal mortality rate,32,0,BD,Bangladesh,2004,BD2004DHS,CM_ECMR_C_NNR,63206010,I,360001,1360010,Region,Barishal,14003,Ten years preceding the survey,0,1,CMECMRCNNR,BDDHS2004360001,2004,DHS,,,21,43,1
BGD,Chattogram/Sylhet,1739855,Neonatal mortality rate,47,0,BD,Bangladesh,2004,BD2004DHS,CM_ECMR_C_NNR,63206010,I,360002,1360020,Region,Chattogram/Sylhet,14003,Ten years preceding the survey,0,1,CMECMRCNNR,BDDHS2004360002,2004,DHS,,,40,54,
BGD,Chattogram,7964093,Neonatal mortality rate,41,0,BD,Bangladesh,2004,BD2004DHS,CM_ECMR_C_NNR,63206010,I,360003,1360030,Region,..Chattogram,14003,Ten years preceding the survey,0,1,CMECMRCNNR,BDDHS2004360003,2004,DHS,,,33,49,1
BGD,Sylhet,1728543,Neonatal mortality rate,63,0,BD,Bangladesh,2004,BD2004DHS,CM_ECMR_C_NNR,63206010,I,360004,1360040,Region,..Sylhet,14003,Ten years preceding the survey,0,1,CMECMRCNNR,BDDHS2004360004,2004,DHS,,,51,76,1
BGD,Dhaka before 2015,7810238,Neonatal mortality rate,47,0,BD,Bangladesh,2004,BD2004DHS,CM_ECMR_C_NNR,63206010,I,360005,1360050,Region,Dhaka before 2015,14003,Ten years preceding the survey,0,1,CMECMRCNNR,BDDHS2004360005,2004,DHS,,,38,55,1
BGD,Khulna,7895012,Neonatal mortality rate,47,0,BD,Bangladesh,2004,BD2004DHS,CM_ECMR_C_NNR,63206010,I,360006,1360060,Region,Khulna,14003,Ten years preceding the survey,0,1,CMECMRCNNR,BDDHS2004360006,2004,DHS,,,34,60,1
BGD,Rajshahi/Rangpur,7494513,Neonatal mortality rate,48,0,BD,Bangladesh,2004,BD2004DHS,CM_ECMR_C_NNR,63206010,I,360007,1360070,Region,Rajshahi/Rangpur,14003,Ten years preceding the survey,0,1,CMECMRCNNR,BDDHS2004360007,2004,DHS,,,38,59,1
BGD,Barishal,1739877,Under-five mortality rate,92,0,BD,Bangladesh,2004,BD2004DHS,CM_ECMR_C_U5M,63206050,I,360001,1360010,Region,Barishal,14003,Ten years preceding the survey,0,1,CMECMRCU5M,BDDHS2004360001,2004,DHS,,,73,110,1
BGD,Chattogram/Sylhet,7555162,Under-five mortality rate,110,0,BD,Bangladesh,2004,BD2004DHS,CM_ECMR_C_U5M,63206050,I,360002,1360020,Region,Chattogram/Sylhet,14003,Ten years preceding the survey,0,1,CMECMRCU5M,BDDHS2004360002,2004,DHS,,,99,121,
BGD,Chattogram,7962685,Under-five mortality rate,103,0,BD,Bangladesh,2004,BD2004DHS,CM_ECMR_C_U5M,63206050,I,360003,1360030,Region,..Chattogram,14003,Ten years preceding the survey,0,1,CMECMRCU5M,BDDHS2004360003,2004,DHS,,,92,115,1
BGD,Sylhet,1728544,Under-five mortality rate,126,0,BD,Bangladesh,2004,BD2004DHS,CM_ECMR_C_U5M,63206050,I,360004,1360040,Region,..Sylhet,14003,Ten years preceding the survey,0,1,CMECMRCU5M,BDDHS2004360004,2004,DHS,,,101,151,1
BGD,Dhaka before 2015,7863649,Under-five mortality rate,99,0,BD,Bangladesh,2004,BD2004DHS,CM_ECMR_C_U5M,63206050,I,360005,1360050,Region,Dhaka before 2015,14003,Ten years preceding the survey,0,1,CMECMRCU5M,BDDHS2004360005,2004,DHS,,,85,114,1
BGD,Khulna,3014141,Under-five mortality rate,78,0,BD,Bangladesh,2004,BD2004DHS,CM_ECMR_C_U5M,63206050,I,360006,1360060,Region,Khulna,14003,Ten years preceding the survey,0,1,CMECMRCU5M,BDDHS2004360006,2004,DHS,,,63,93,1
BGD,Rajshahi/Rangpur,7774220,Under-five mortality rate,86,0,BD,Bangladesh,2004,BD2004DHS,CM_ECMR_C_U5M,63206050,I,360007,1360070,Region,Rajshahi/Rangpur,14003,Ten years preceding the survey,0,1,CMECMRCU5M,BDDHS2004360007,2004,DHS,,,72,101,1
BGD,Barishal,4752388,Assistance during delivery from a skilled provider,14.1,1,BD,Bangladesh,2004,BD2004DHS,RH_DELA_C_SKP,83606110,I,360001,1360010,Region,Barishal,14000,Three years preceding the survey,0,0,RHDELACSKP,BDDHS2004360001,2004,DHS,237,433,,,1
BGD,Barishal,108393,Assistance during delivery from a skilled provider,10.9,1,BD,Bangladesh,2004,BD2004DHS,RH_DELA_C_SKP,83606110,I,360001,1360010,Region,Barishal,14001,Five years preceding the survey,0,0,RHDELACSKP,BDDHS2004360001,2004,DHS,410,752,,,1
BGD,Barishal,5896406,Assistance during delivery from a skilled provider,14.2,1,BD,Bangladesh,2004,BD2004DHS,RH_DELA_C_SKP,83606110,I,360001,1360010,Region,Barishal,14002,Two years preceding the survey,0,1,RHDELACSKP,BDDHS2004360001,2004,DHS,160,287,,,1
BGD,Chattogram/Sylhet,6412336,Assistance during delivery from a skilled provider,11.8,1,BD,Bangladesh,2004,BD2004DHS,RH_DELA_C_SKP,83606110,I,360002,1360020,Region,Chattogram/Sylhet,14000,Three years preceding the survey,0,0,RHDELACSKP,BDDHS2004360002,2004,DHS,1287,1490,,,
BGD,Chattogram/Sylhet,2692422,Assistance during delivery from a skilled provider,10.6,1,BD,Bangladesh,2004,BD2004DHS,RH_DELA_C_SKP,83606110,I,360002,1360020,Region,Chattogram/Sylhet,14001,Five years preceding the survey,0,0,RHDELACSKP,BDDHS2004360002,2004,DHS,2125,2444,,,
BGD,Chattogram/Sylhet,3646156,Assistance during delivery from a skilled provider,10.8,1,BD,Bangladesh,2004,BD2004DHS,RH_DELA_C_SKP,83606110,I,360002,1360020,Region,Chattogram/Sylhet,14002,Two years preceding the survey,0,1,RHDELACSKP,BDDHS2004360002,2004,DHS,828,957,,,
BGD,Chattogram,641837,Assistance during delivery from a skilled provider,11.6,1,BD,Bangladesh,2004,BD2004DHS,RH_DELA_C_SKP,83606110,I,360003,1360030,Region,..Chattogram,14000,Three years preceding the survey,0,0,RHDELACSKP,BDDHS2004360003,2004,DHS,920,910,,,1
BGD,Chattogram,3527259,Assistance during delivery from a skilled provider,10.5,1,BD,Bangladesh,2004,BD2004DHS,RH_DELA_C_SKP,83606110,I,360003,1360030,Region,..Chattogram,14001,Five years preceding the survey,0,0,RHDELACSKP,BDDHS2004360003,2004,DHS,1526,1501,,,1
BGD,Chattogram,4712055,Assistance during delivery from a skilled provider,10.2,1,BD,Bangladesh,2004,BD2004DHS,RH_DELA_C_SKP,83606110,I,360003,1360030,Region,..Chattogram,14002,Two years preceding the survey,0,1,RHDELACSKP,BDDHS2004360003,2004,DHS,593,584,,,1
BGD,Sylhet,5598084,Assistance during delivery from a skilled provider,12.6,1,BD,Bangladesh,2004,BD2004DHS,RH_DELA_C_SKP,83606110,I,360004,1360040,Region,..Sylhet,14000,Three years preceding the survey,0,0,RHDELACSKP,BDDHS2004360004,2004,DHS,366,580,,,1
BGD,Sylhet,767178,Assistance during delivery from a skilled provider,10.9,1,BD,Bangladesh,2004,BD2004DHS,RH_DELA_C_SKP,83606110,I,360004,1360040,Region,..Sylhet,14001,Five years preceding the survey,0,0,RHDELACSKP,BDDHS2004360004,2004,DHS,599,943,,,1
BGD,Sylhet,133831,Assistance during delivery from a skilled provider,12.2,1,BD,Bangladesh,2004,BD2004DHS,RH_DELA_C_SKP,83606110,I,360004,1360040,Region,..Sylhet,14002,Two years preceding the survey,0,1,RHDELACSKP,BDDHS2004360004,2004,DHS,236,373,,,1
BGD,Dhaka before 2015,302716,Assistance during delivery from a skilled provider,18.4,1,BD,Bangladesh,2004,BD2004DHS,RH_DELA_C_SKP,83606110,I,360005,1360050,Region,Dhaka before 2015,14000,Three years preceding the survey,0,0,RHDELACSKP,BDDHS2004360005,2004,DHS,1250,879,,,1
BGD,Dhaka before 2015,7146972,Assistance during delivery from a skilled provider,14.7,1,BD,Bangladesh,2004,BD2004DHS,RH_DELA_C_SKP,83606110,I,360005,1360050,Region,Dhaka before 2015,14001,Five years preceding the survey,0,0,RHDELACSKP,BDDHS2004360005,2004,DHS,2174,1530,,,1
BGD,Dhaka before 2015,4744938,Assistance during delivery from a skilled provider,19.4,1,BD,Bangladesh,2004,BD2004DHS,RH_DELA_C_SKP,83606110,I,360005,1360050,Region,Dhaka before 2015,14002,Two years preceding the survey,0,1,RHDELACSKP,BDDHS2004360005,2004,DHS,810,572,,,1
BGD,Khulna,1311708,Assistance during delivery from a skilled provider,22.8,1,BD,Bangladesh,2004,BD2004DHS,RH_DELA_C_SKP,83606110,I,360006,1360060,Region,Khulna,14000,Three years preceding the survey,0,0,RHDELACSKP,BDDHS2004360006,2004,DHS,450,537,,,1
BGD,Khulna,3218563,Assistance during delivery from a skilled provider,19.9,1,BD,Bangladesh,2004,BD2004DHS,RH_DELA_C_SKP,83606110,I,360006,1360060,Region,Khulna,14001,Five years preceding the survey,0,0,RHDELACSKP,BDDHS2004360006,2004,DHS,730,865,,,1
BGD,Khulna,6001633,Assistance during delivery from a skilled provider,25.2,1,BD,Bangladesh,2004,BD2004DHS,RH_DELA_C_SKP,83606110,I,360006,1360060,Region,Khulna,14002,Two years preceding the survey,0,1,RHDELACSKP,BDDHS2004360006,2004,DHS,290,345,,,1
BGD,Rajshahi/Rangpur,6792309,Assistance during delivery from a skilled provider,11.5,1,BD,Bangladesh,2004,BD2004DHS,RH_DELA_C_SKP,83606110,I,360007,1360070,Region,Rajshahi/Rangpur,14000,Three years preceding the survey,0,0,RHDELACSKP,BDDHS2004360007,2004,DHS,896,756,,,1
BGD,Rajshahi/Rangpur,5222151,Assistance during delivery from a skilled provider,10.3,1,BD,Bangladesh,2004,BD2004DHS,RH_DELA_C_SKP,83606110,I,360007,1360070,Region,Rajshahi/Rangpur,14001,Five years preceding the survey,0,0,RHDELACSKP,BDDHS2004360007,2004,DHS,1558,1309,,,1
BGD,Rajshahi/Rangpur,634779,Assistance during delivery from a skilled provider,12.6,1,BD,Bangladesh,2004,BD2004DHS,RH_DELA_C_SKP,83606110,I,360007,1360070,Region,Rajshahi/Rangpur,14002,Two years preceding the survey,0,1,RHDELACSKP,BDDHS2004360007,2004,DHS,605,503,,,1
BGD,Barishal,6078633,DPT 3 vaccination received,81.5,1,BD,Bangladesh,2004,BD2004DHS,CH_VACC_C_DP3,93906040,I,360001,1360010,Region,Barishal,0,,0,1,CHVACCCDP3,BDDHS2004360001,2004,DHS,75,135,,,1
BGD,Chattogram/Sylhet,2738773,DPT 3 vaccination received,79.8,1,BD,Bangladesh,2004,BD2004DHS,CH_VACC_C_DP3,93906040,I,360002,1360020,Region,Chattogram/Sylhet,0,,0,1,CHVACCCDP3,BDDHS2004360002,2004,DHS,372,429,,,
BGD,Chattogram,5076029,DPT 3 vaccination received,84.3,1,BD,Bangladesh,2004,BD2004DHS,CH_VACC_C_DP3,93906040,I,360003,1360030,Region,..Chattogram,0,,0,1,CHVACCCDP3,BDDHS2004360003,2004,DHS,268,261,,,1
BGD,Sylhet,2058366,DPT 3 vaccination received,68.3,1,BD,Bangladesh,2004,BD2004DHS,CH_VACC_C_DP3,93906040,I,360004,1360040,Region,..Sylhet,0,,0,1,CHVACCCDP3,BDDHS2004360004,2004,DHS,105,168,,,1
BGD,Dhaka before 2015,6844100,DPT 3 vaccination received,78.1,1,BD,Bangladesh,2004,BD2004DHS,CH_VACC_C_DP3,93906040,I,360005,1360050,Region,Dhaka before 2015,0,,0,1,CHVACCCDP3,BDDHS2004360005,2004,DHS,375,266,,,1
BGD,Khulna,3455004,DPT 3 vaccination received,87.6,1,BD,Bangladesh,2004,BD2004DHS,CH_VACC_C_DP3,93906040,I,360006,1360060,Region,Khulna,0,,0,1,CHVACCCDP3,BDDHS2004360006,2004,DHS,130,156,,,1
BGD,Rajshahi/Rangpur,2070883,DPT 3 vaccination received,82.9,1,BD,Bangladesh,2004,BD2004DHS,CH_VACC_C_DP3,93906040,I,360007,1360070,Region,Rajshahi/Rangpur,0,,0,1,CHVACCCDP3,BDDHS2004360007,2004,DHS,313,261,,,1
BGD,Barishal,4953026,Children stunted,55.8,1,BD,Bangladesh,2004,BD2004DHS,CN_NUTS_C_HA2,104236020,I,360001,1360010,Region,Barishal,0,,0,1,CNNUTSCHA2,BDDHS2004360001,2004,DHS,357,664,,,1
BGD,Chattogram/Sylhet,1304056,Children stunted,52.9,1,BD,Bangladesh,2004,BD2004DHS,CN_NUTS_C_HA2,104236020,I,360002,1360020,Region,Chattogram/Sylhet,0,,0,1,CNNUTSCHA2,BDDHS2004360002,2004,DHS,1805,2105,,,
BGD,Chattogram,6841180,Children stunted,52.7,1,BD,Bangladesh,2004,BD2004DHS,CN_NUTS_C_HA2,104236020,I,360003,1360030,Region,..Chattogram,0,,0,1,CNNUTSCHA2,BDDHS2004360003,2004,DHS,1317,1314,,,1
BGD,Sylhet,824468,Children stunted,53.4,1,BD,Bangladesh,2004,BD2004DHS,CN_NUTS_C_HA2,104236020,I,360004,1360040,Region,..Sylhet,0,,0,1,CNNUTSCHA2,BDDHS2004360004,2004,DHS,488,791,,,1
BGD,Dhaka before 2015,1296914,Children stunted,52.8,1,BD,Bangladesh,2004,BD2004DHS,CN_NUTS_C_HA2,104236020,I,360005,1360050,Region,Dhaka before 2015,0,,0,1,CNNUTSCHA2,BDDHS2004360005,2004,DHS,1844,1314,,,1
BGD,Khulna,5661469,Children stunted,40.2,1,BD,Bangladesh,2004,BD2004DHS,CN_NUTS_C_HA2,104236020,I,360006,1360060,Region,Khulna,0,,0,1,CNNUTSCHA2,BDDHS2004360006,2004,DHS,666,799,,,1
BGD,Rajshahi/Rangpur,1289784,Children stunted,48.1,1,BD,Bangladesh,2004,BD2004DHS,CN_NUTS_C_HA2,104236020,I,360007,1360070,Region,Rajshahi/Rangpur,0,,0,1,CNNUTSCHA2,BDDHS2004360007,2004,DHS,1356,1155,,,1
BGD,Barishal,2861183,Children wasted,9.1,1,BD,Bangladesh,2004,BD2004DHS,CN_NUTS_C_WH2,104236050,I,360001,1360010,Region,Barishal,0,,0,1,CNNUTSCWH2,BDDHS2004360001,2004,DHS,357,664,,,1
BGD,Chattogram/Sylhet,5045900,Children wasted,15.7,1,BD,Bangladesh,2004,BD2004DHS,CN_NUTS_C_WH2,104236050,I,360002,1360020,Region,Chattogram/Sylhet,0,,0,1,CNNUTSCWH2,BDDHS2004360002,2004,DHS,1805,2105,,,
BGD,Chattogram,1296899,Children wasted,15.8,1,BD,Bangladesh,2004,BD2004DHS,CN_NUTS_C_WH2,104236050,I,360003,1360030,Region,..Chattogram,0,,0,1,CNNUTSCWH2,BDDHS2004360003,2004,DHS,1317,1314,,,1
BGD,Sylhet,164990,Children wasted,15.3,1,BD,Bangladesh,2004,BD2004DHS,CN_NUTS_C_WH2,104236050,I,360004,1360040,Region,..Sylhet,0,,0,1,CNNUTSCWH2,BDDHS2004360004,2004,DHS,488,791,,,1
BGD,Dhaka before 2015,6317799,Children wasted,12.8,1,BD,Bangladesh,2004,BD2004DHS,CN_NUTS_C_WH2,104236050,I,360005,1360050,Region,Dhaka before 2015,0,,0,1,CNNUTSCWH2,BDDHS2004360005,2004,DHS,1844,1314,,,1
BGD,Khulna,2835682,Children wasted,16,1,BD,Bangladesh,2004,BD2004DHS,CN_NUTS_C_WH2,104236050,I,360006,1360060,Region,Khulna,0,,0,1,CNNUTSCWH2,BDDHS2004360006,2004,DHS,666,799,,,1
BGD,Rajshahi/Rangpur,5706876,Children wasted,16,1,BD,Bangladesh,2004,BD2004DHS,CN_NUTS_C_WH2,104236050,I,360007,1360070,Region,Rajshahi/Rangpur,0,,0,1,CNNUTSCWH2,BDDHS2004360007,2004,DHS,1356,1155,,,1
BGD,Barishal,2861186,Children overweight,1,1,BD,Bangladesh,2004,BD2004DHS,CN_NUTS_C_WHP,104236060,I,360001,1360010,Region,Barishal,0,,0,1,CNNUTSCWHP,BDDHS2004360001,2004,DHS,357,664,,,1
BGD,Chattogram/Sylhet,5045901,Children overweight,0.9,1,BD,Bangladesh,2004,BD2004DHS,CN_NUTS_C_WHP,104236060,I,360002,1360020,Region,Chattogram/Sylhet,0,,0,1,CNNUTSCWHP,BDDHS2004360002,2004,DHS,1805,2105,,,
BGD,Chattogram,1296900,Children overweight,1,1,BD,Bangladesh,2004,BD2004DHS,CN_NUTS_C_WHP,104236060,I,360003,1360030,Region,..Chattogram,0,,0,1,CNNUTSCWHP,BDDHS2004360003,2004,DHS,1317,1314,,,1
BGD,Sylhet,164991,Children overweight,0.8,1,BD,Bangladesh,2004,BD2004DHS,CN_NUTS_C_WHP,104236060,I,360004,1360040,Region,..Sylhet,0,,0,1,CNNUTSCWHP,BDDHS2004360004,2004,DHS,488,791,,,1
BGD,Dhaka before 2015,6317800,Children overweight,1.1,1,BD,Bangladesh,2004,BD2004DHS,CN_NUTS_C_WHP,104236060,I,360005,1360050,Region,Dhaka before 2015,0,,0,1,CNNUTSCWHP,BDDHS2004360005,2004,DHS,1844,1314,,,1
BGD,Khulna,2835683,Children overweight,0.6,1,BD,Bangladesh,2004,BD2004DHS,CN_NUTS_C_WHP,104236060,I,360006,1360060,Region,Khulna,0,,0,1,CNNUTSCWHP,BDDHS2004360006,2004,DHS,666,799,,,1
BGD,Rajshahi/Rangpur,5706877,Children overweight,0.7,1,BD,Bangladesh,2004,BD2004DHS,CN_NUTS_C_WHP,104236060,I,360007,1360070,Region,Rajshahi/Rangpur,0,,0,1,CNNUTSCWHP,BDDHS2004360007,2004,DHS,1356,1155,,,1
BGD,Barishal,6053640,Men who smoke any type of tobacco,52.7,1,BD,Bangladesh,2004,BD2004DHS,AH_TOBC_M_ANY,151434005,I,360001,1360010,Region,Barishal,0,,0,1,AHTOBCMANY,BDDHS2004360001,2004,DHS,208,417,,,1
BGD,Chattogram/Sylhet,127670,Men who smoke any type of tobacco,57.6,1,BD,Bangladesh,2004,BD2004DHS,AH_TOBC_M_ANY,151434005,I,360002,1360020,Region,Chattogram/Sylhet,0,,0,1,AHTOBCMANY,BDDHS2004360002,2004,DHS,993,1082,,,
BGD,Chattogram,1401206,Men who smoke any type of tobacco,53.2,1,BD,Bangladesh,2004,BD2004DHS,AH_TOBC_M_ANY,151434005,I,360003,1360030,Region,..Chattogram,0,,0,1,AHTOBCMANY,BDDHS2004360003,2004,DHS,701,678,,,1
BGD,Sylhet,3217437,Men who smoke any type of tobacco,68,1,BD,Bangladesh,2004,BD2004DHS,AH_TOBC_M_ANY,151434005,I,360004,1360040,Region,..Sylhet,0,,0,1,AHTOBCMANY,BDDHS2004360004,2004,DHS,292,404,,,1
BGD,Dhaka before 2015,4324378,Men who smoke any type of tobacco,59.1,1,BD,Bangladesh,2004,BD2004DHS,AH_TOBC_M_ANY,151434005,I,360005,1360050,Region,Dhaka before 2015,0,,0,1,AHTOBCMANY,BDDHS2004360005,2004,DHS,1258,950,,,1
BGD,Khulna,6535765,Men who smoke any type of tobacco,53.4,1,BD,Bangladesh,2004,BD2004DHS,AH_TOBC_M_ANY,151434005,I,360006,1360060,Region,Khulna,0,,0,1,AHTOBCMANY,BDDHS2004360006,2004,DHS,552,676,,,1
BGD,Rajshahi/Rangpur,5797904,Men who smoke any type of tobacco,59.6,1,BD,Bangladesh,2004,BD2004DHS,AH_TOBC_M_ANY,151434005,I,360007,1360070,Region,Rajshahi/Rangpur,0,,0,1,AHTOBCMANY,BDDHS2004360007,2004,DHS,1043,944,,,1
BGD,Barishal,7046207,Population using open defecation,3.4,1,BD,Bangladesh,2004,BD2004DHS,WS_TLET_P_NFC,250262210,I,360001,1360010,Region,Barishal,0,,0,1,WSTLETPNFC,BDDHS2004360001,2004,DHS,3289,6280,,,1
BGD,Chattogram/Sylhet,2611087,Population using open defecation,6.5,1,BD,Bangladesh,2004,BD2004DHS,WS_TLET_P_NFC,250262210,I,360002,1360020,Region,Chattogram/Sylhet,0,,0,1,WSTLETPNFC,BDDHS2004360002,2004,DHS,13982,16516,,,
BGD,Chattogram,6731878,Population using open defecation,5.7,1,BD,Bangladesh,2004,BD2004DHS,WS_TLET_P_NFC,250262210,I,360003,1360030,Region,..Chattogram,0,,0,1,WSTLETPNFC,BDDHS2004360003,2004,DHS,10172,10321,,,1
BGD,Sylhet,3361742,Population using open defecation,8.5,1,BD,Bangladesh,2004,BD2004DHS,WS_TLET_P_NFC,250262210,I,360004,1360040,Region,..Sylhet,0,,0,1,WSTLETPNFC,BDDHS2004360004,2004,DHS,3809,6195,,,1
BGD,Dhaka before 2015,5606166,Population using open defecation,10.4,1,BD,Bangladesh,2004,BD2004DHS,WS_TLET_P_NFC,250262210,I,360005,1360050,Region,Dhaka before 2015,0,,0,1,WSTLETPNFC,BDDHS2004360005,2004,DHS,16223,11842,,,1
BGD,Khulna,5486845,Population using open defecation,7.9,1,BD,Bangladesh,2004,BD2004DHS,WS_TLET_P_NFC,250262210,I,360006,1360060,Region,Khulna,0,,0,1,WSTLETPNFC,BDDHS2004360006,2004,DHS,6103,7477,,,1
BGD,Rajshahi/Rangpur,574798,Population using open defecation,25.1,1,BD,Bangladesh,2004,BD2004DHS,WS_TLET_P_NFC,250262210,I,360007,1360070,Region,Rajshahi/Rangpur,0,,0,1,WSTLETPNFC,BDDHS2004360007,2004,DHS,12532,10787,,,1
BGD,Barishal,4876486,Population with electricity,25.5,1,BD,Bangladesh,2004,BD2004DHS,HC_ELEC_P_ELC,260322010,I,360001,1360010,Region,Barishal,0,,0,1,HCELECPELC,BDDHS2004360001,2004,DHS,3289,6280,,,1
BGD,Chattogram/Sylhet,678269,Population with electricity,42.6,1,BD,Bangladesh,2004,BD2004DHS,HC_ELEC_P_ELC,260322010,I,360002,1360020,Region,Chattogram/Sylhet,0,,0,1,HCELECPELC,BDDHS2004360002,2004,DHS,13982,16516,,,
BGD,Chattogram,4382828,Population with electricity,43.4,1,BD,Bangladesh,2004,BD2004DHS,HC_ELEC_P_ELC,260322010,I,360003,1360030,Region,..Chattogram,0,,0,1,HCELECPELC,BDDHS2004360003,2004,DHS,10172,10321,,,1
BGD,Sylhet,5859948,Population with electricity,40.3,1,BD,Bangladesh,2004,BD2004DHS,HC_ELEC_P_ELC,260322010,I,360004,1360040,Region,..Sylhet,0,,0,1,HCELECPELC,BDDHS2004360004,2004,DHS,3809,6195,,,1
BGD,Dhaka before 2015,4322197,Population with electricity,51.2,1,BD,Bangladesh,2004,BD2004DHS,HC_ELEC_P_ELC,260322010,I,360005,1360050,Region,Dhaka before 2015,0,,0,1,HCELECPELC,BDDHS2004360005,2004,DHS,16223,11842,,,1
BGD,Khulna,136940,Population with electricity,46.5,1,BD,Bangladesh,2004,BD2004DHS,HC_ELEC_P_ELC,260322010,I,360006,1360060,Region,Khulna,0,,0,1,HCELECPELC,BDDHS2004360006,2004,DHS,6103,7477,,,1
BGD,Rajshahi/Rangpur,1089088,Population with electricity,28.8,1,BD,Bangladesh,2004,BD2004DHS,HC_ELEC_P_ELC,260322010,I,360007,1360070,Region,Rajshahi/Rangpur,0,,0,1,HCELECPELC,BDDHS2004360007,2004,DHS,12532,10787,,,1
BGD,Barishal,4876524,Population using clean fuel for cooking ,1.7,1,BD,Bangladesh,2004,BD2004DHS,HC_CKFL_P_CLN,260432150,I,360001,1360010,Region,Barishal,0,,0,1,HCCKFLPCLN,BDDHS2004360001,2004,DHS,3289,6280,,,1
BGD,Chattogram/Sylhet,678290,Population using clean fuel for cooking ,8.4,1,BD,Bangladesh,2004,BD2004DHS,HC_CKFL_P_CLN,260432150,I,360002,1360020,Region,Chattogram/Sylhet,0,,0,1,HCCKFLPCLN,BDDHS2004360002,2004,DHS,13982,16516,,,
BGD,Chattogram,4382873,Population using clean fuel for cooking ,9.8,1,BD,Bangladesh,2004,BD2004DHS,HC_CKFL_P_CLN,260432150,I,360003,1360030,Region,..Chattogram,0,,0,1,HCCKFLPCLN,BDDHS2004360003,2004,DHS,10172,10321,,,1
BGD,Sylhet,5860063,Population using clean fuel for cooking ,4.7,1,BD,Bangladesh,2004,BD2004DHS,HC_CKFL_P_CLN,260432150,I,360004,1360040,Region,..Sylhet,0,,0,1,HCCKFLPCLN,BDDHS2004360004,2004,DHS,3809,6195,,,1
BGD,Dhaka before 2015,4322229,Population using clean fuel for cooking ,15.3,1,BD,Bangladesh,2004,BD2004DHS,HC_CKFL_P_CLN,260432150,I,360005,1360050,Region,Dhaka before 2015,0,,0,1,HCCKFLPCLN,BDDHS2004360005,2004,DHS,16223,11842,,,1
BGD,Khulna,136955,Population using clean fuel for cooking ,2,1,BD,Bangladesh,2004,BD2004DHS,HC_CKFL_P_CLN,260432150,I,360006,1360060,Region,Khulna,0,,0,1,HCCKFLPCLN,BDDHS2004360006,2004,DHS,6103,7477,,,1
BGD,Rajshahi/Rangpur,1089110,Population using clean fuel for cooking ,0.5,1,BD,Bangladesh,2004,BD2004DHS,HC_CKFL_P_CLN,260432150,I,360007,1360070,Region,Rajshahi/Rangpur,0,,0,1,HCCKFLPCLN,BDDHS2004360007,2004,DHS,12532,10787,,,1
BGD,Barishal,1817073,Age specific fertility rate: 10-14,5,0,BD,Bangladesh,2007,BD2007DHS,FE_FRTR_W_A10,11763005,I,360001,1360010,Region,Barishal,0,,0,1,FEFRTRWA10,BDDHS2007360001,2007,DHS,,,,,1
BGD,Chattogram/Sylhet,1817096,Age specific fertility rate: 10-14,6,0,BD,Bangladesh,2007,BD2007DHS,FE_FRTR_W_A10,11763005,I,360002,1360020,Region,Chattogram/Sylhet,0,,0,1,FEFRTRWA10,BDDHS2007360002,2007,DHS,,,,,
BGD,Chattogram,1817069,Age specific fertility rate: 10-14,6,0,BD,Bangladesh,2007,BD2007DHS,FE_FRTR_W_A10,11763005,I,360003,1360030,Region,..Chattogram,0,,0,1,FEFRTRWA10,BDDHS2007360003,2007,DHS,,,,,1
BGD,Sylhet,7874114,Age specific fertility rate: 10-14,6,0,BD,Bangladesh,2007,BD2007DHS,FE_FRTR_W_A10,11763005,I,360004,1360040,Region,..Sylhet,0,,0,1,FEFRTRWA10,BDDHS2007360004,2007,DHS,,,,,1
BGD,Dhaka before 2015,1810662,Age specific fertility rate: 10-14,9,0,BD,Bangladesh,2007,BD2007DHS,FE_FRTR_W_A10,11763005,I,360005,1360050,Region,Dhaka before 2015,0,,0,1,FEFRTRWA10,BDDHS2007360005,2007,DHS,,,,,1
BGD,Khulna,1796761,Age specific fertility rate: 10-14,8,0,BD,Bangladesh,2007,BD2007DHS,FE_FRTR_W_A10,11763005,I,360006,1360060,Region,Khulna,0,,0,1,FEFRTRWA10,BDDHS2007360006,2007,DHS,,,,,1
BGD,Rajshahi/Rangpur,1810680,Age specific fertility rate: 10-14,16,0,BD,Bangladesh,2007,BD2007DHS,FE_FRTR_W_A10,11763005,I,360007,1360070,Region,Rajshahi/Rangpur,0,,0,1,FEFRTRWA10,BDDHS2007360007,2007,DHS,,,,,1
BGD,Barishal,1817086,Age specific fertility rate: 15-19,132,0,BD,Bangladesh,2007,BD2007DHS,FE_FRTR_W_A15,11763010,I,360001,1360010,Region,Barishal,0,,0,1,FEFRTRWA15,BDDHS2007360001,2007,DHS,,,,,1
BGD,Chattogram/Sylhet,1817097,Age specific fertility rate: 15-19,120,0,BD,Bangladesh,2007,BD2007DHS,FE_FRTR_W_A15,11763010,I,360002,1360020,Region,Chattogram/Sylhet,0,,0,1,FEFRTRWA15,BDDHS2007360002,2007,DHS,,,,,
BGD,Chattogram,1817070,Age specific fertility rate: 15-19,125,0,BD,Bangladesh,2007,BD2007DHS,FE_FRTR_W_A15,11763010,I,360003,1360030,Region,..Chattogram,0,,0,1,FEFRTRWA15,BDDHS2007360003,2007,DHS,,,,,1
BGD,Sylhet,7874115,Age specific fertility rate: 15-19,109,0,BD,Bangladesh,2007,BD2007DHS,FE_FRTR_W_A15,11763010,I,360004,1360040,Region,..Sylhet,0,,0,1,FEFRTRWA15,BDDHS2007360004,2007,DHS,,,,,1
BGD,Dhaka before 2015,1810663,Age specific fertility rate: 15-19,125,0,BD,Bangladesh,2007,BD2007DHS,FE_FRTR_W_A15,11763010,I,360005,1360050,Region,Dhaka before 2015,0,,0,1,FEFRTRWA15,BDDHS2007360005,2007,DHS,,,,,1
BGD,Khulna,1796765,Age specific fertility rate: 15-19,122,0,BD,Bangladesh,2007,BD2007DHS,FE_FRTR_W_A15,11763010,I,360006,1360060,Region,Khulna,0,,0,1,FEFRTRWA15,BDDHS2007360006,2007,DHS,,,,,1
BGD,Rajshahi/Rangpur,1810681,Age specific fertility rate: 15-19,136,0,BD,Bangladesh,2007,BD2007DHS,FE_FRTR_W_A15,11763010,I,360007,1360070,Region,Rajshahi/Rangpur,0,,0,1,FEFRTRWA15,BDDHS2007360007,2007,DHS,,,,,1
BGD,Barishal,3156895,Demand for family planning satisfied by modern methods,62.1,1,BD,Bangladesh,2007,BD2007DHS,FP_NADM_W_PDM,32933150,I,360001,1360010,Region,Barishal,0,,0,1,FPNADMWPDM,BDDHS2007360001,2007,DHS,475,1027,,,1
BGD,Chattogram/Sylhet,6579681,Demand for family planning satisfied by modern methods,54.2,1,BD,Bangladesh,2007,BD2007DHS,FP_NADM_W_PDM,32933150,I,360002,1360020,Region,Chattogram/Sylhet,0,,0,1,FPNADMWPDM,BDDHS2007360002,2007,DHS,1614,2010,,,
BGD,Chattogram,4167515,Demand for family planning satisfied by modern methods,57.3,1,BD,Bangladesh,2007,BD2007DHS,FP_NADM_W_PDM,32933150,I,360003,1360030,Region,..Chattogram,0,,0,1,FPNADMWPDM,BDDHS2007360003,2007,DHS,1253,1224,,,1
BGD,Sylhet,7846877,Demand for family planning satisfied by modern methods,43.5,1,BD,Bangladesh,2007,BD2007DHS,FP_NADM_W_PDM,32933150,I,360004,1360040,Region,..Sylhet,0,,0,1,FPNADMWPDM,BDDHS2007360004,2007,DHS,362,786,,,1
BGD,Dhaka before 2015,5522825,Demand for family planning satisfied by modern methods,64.7,1,BD,Bangladesh,2007,BD2007DHS,FP_NADM_W_PDM,32933150,I,360005,1360050,Region,Dhaka before 2015,0,,0,1,FPNADMWPDM,BDDHS2007360005,2007,DHS,2340,1615,,,1
BGD,Khulna,3680767,Demand for family planning satisfied by modern methods,70.9,1,BD,Bangladesh,2007,BD2007DHS,FP_NADM_W_PDM,32933150,I,360006,1360060,Region,Khulna,0,,0,1,FPNADMWPDM,BDDHS2007360006,2007,DHS,958,1169,,,1
BGD,Rajshahi/Rangpur,6900325,Demand for family planning satisfied by modern methods,73.3,1,BD,Bangladesh,2007,BD2007DHS,FP_NADM_W_PDM,32933150,I,360007,1360070,Region,Rajshahi/Rangpur,0,,0,1,FPNADMWPDM,BDDHS2007360007,2007,DHS,2011,1496,,,1
BGD,Barishal,7930660,Neonatal mortality rate,31,0,BD,Bangladesh,2007,BD2007DHS,CM_ECMR_C_NNR,63206010,I,360001,1360010,Region,Barishal,14003,Ten years preceding the survey,0,1,CMECMRCNNR,BDDHS2007360001,2007,DHS,,,23,39,1
BGD,Chattogram/Sylhet,7700627,Neonatal mortality rate,40,0,BD,Bangladesh,2007,BD2007DHS,CM_ECMR_C_NNR,63206010,I,360002,1360020,Region,Chattogram/Sylhet,14003,Ten years preceding the survey,0,1,CMECMRCNNR,BDDHS2007360002,2007,DHS,,,30,49,
BGD,Chattogram,7639300,Neonatal mortality rate,34,0,BD,Bangladesh,2007,BD2007DHS,CM_ECMR_C_NNR,63206010,I,360003,1360030,Region,..Chattogram,14003,Ten years preceding the survey,0,1,CMECMRCNNR,BDDHS2007360003,2007,DHS,,,22,46,1
BGD,Sylhet,337029,Neonatal mortality rate,53,0,BD,Bangladesh,2007,BD2007DHS,CM_ECMR_C_NNR,63206010,I,360004,1360040,Region,..Sylhet,14003,Ten years preceding the survey,0,1,CMECMRCNNR,BDDHS2007360004,2007,DHS,,,38,68,1
BGD,Dhaka before 2015,7866632,Neonatal mortality rate,38,0,BD,Bangladesh,2007,BD2007DHS,CM_ECMR_C_NNR,63206010,I,360005,1360050,Region,Dhaka before 2015,14003,Ten years preceding the survey,0,1,CMECMRCNNR,BDDHS2007360005,2007,DHS,,,30,46,1
BGD,Khulna,1728607,Neonatal mortality rate,32,0,BD,Bangladesh,2007,BD2007DHS,CM_ECMR_C_NNR,63206010,I,360006,1360060,Region,Khulna,14003,Ten years preceding the survey,0,1,CMECMRCNNR,BDDHS2007360006,2007,DHS,,,21,44,1
BGD,Rajshahi/Rangpur,7811774,Neonatal mortality rate,46,0,BD,Bangladesh,2007,BD2007DHS,CM_ECMR_C_NNR,63206010,I,360007,1360070,Region,Rajshahi/Rangpur,14003,Ten years preceding the survey,0,1,CMECMRCNNR,BDDHS2007360007,2007,DHS,,,32,60,1
BGD,Barishal,7525142,Under-five mortality rate,71,0,BD,Bangladesh,2007,BD2007DHS,CM_ECMR_C_U5M,63206050,I,360001,1360010,Region,Barishal,14003,Ten years preceding the survey,0,1,CMECMRCU5M,BDDHS2007360001,2007,DHS,,,60,83,1
BGD,Chattogram/Sylhet,7789814,Under-five mortality rate,88,0,BD,Bangladesh,2007,BD2007DHS,CM_ECMR_C_U5M,63206050,I,360002,1360020,Region,Chattogram/Sylhet,14003,Ten years preceding the survey,0,1,CMECMRCU5M,BDDHS2007360002,2007,DHS,,,76,100,
BGD,Chattogram,1739966,Under-five mortality rate,79,0,BD,Bangladesh,2007,BD2007DHS,CM_ECMR_C_U5M,63206050,I,360003,1360030,Region,..Chattogram,14003,Ten years preceding the survey,0,1,CMECMRCU5M,BDDHS2007360003,2007,DHS,,,65,94,1
BGD,Sylhet,7892163,Under-five mortality rate,107,0,BD,Bangladesh,2007,BD2007DHS,CM_ECMR_C_U5M,63206050,I,360004,1360040,Region,..Sylhet,14003,Ten years preceding the survey,0,1,CMECMRCU5M,BDDHS2007360004,2007,DHS,,,84,131,1
BGD,Dhaka before 2015,7757876,Under-five mortality rate,69,0,BD,Bangladesh,2007,BD2007DHS,CM_ECMR_C_U5M,63206050,I,360005,1360050,Region,Dhaka before 2015,14003,Ten years preceding the survey,0,1,CMECMRCU5M,BDDHS2007360005,2007,DHS,,,55,82,1
BGD,Khulna,1728631,Under-five mortality rate,58,0,BD,Bangladesh,2007,BD2007DHS,CM_ECMR_C_U5M,63206050,I,360006,1360060,Region,Khulna,14003,Ten years preceding the survey,0,1,CMECMRCU5M,BDDHS2007360006,2007,DHS,,,44,72,1
BGD,Rajshahi/Rangpur,1734877,Under-five mortality rate,71,0,BD,Bangladesh,2007,BD2007DHS,CM_ECMR_C_U5M,63206050,I,360007,1360070,Region,Rajshahi/Rangpur,14003,Ten years preceding the survey,0,1,CMECMRCU5M,BDDHS2007360007,2007,DHS,,,54,88,1
BGD,Barishal,4666768,Assistance during delivery from a skilled provider,15,1,BD,Bangladesh,2007,BD2007DHS,RH_DELA_C_SKP,83606110,I,360001,1360010,Region,Barishal,14000,Three years preceding the survey,0,0,RHDELACSKP,BDDHS2007360001,2007,DHS,219,448,,,1
BGD,Barishal,5666906,Assistance during delivery from a skilled provider,13.4,1,BD,Bangladesh,2007,BD2007DHS,RH_DELA_C_SKP,83606110,I,360001,1360010,Region,Barishal,14001,Five years preceding the survey,0,0,RHDELACSKP,BDDHS2007360001,2007,DHS,383,791,,,1
BGD,Barishal,7104471,Assistance during delivery from a skilled provider,14.7,1,BD,Bangladesh,2007,BD2007DHS,RH_DELA_C_SKP,83606110,I,360001,1360010,Region,Barishal,14002,Two years preceding the survey,0,1,RHDELACSKP,BDDHS2007360001,2007,DHS,137,279,,,1
BGD,Chattogram/Sylhet,4592487,Assistance during delivery from a skilled provider,18.9,1,BD,Bangladesh,2007,BD2007DHS,RH_DELA_C_SKP,83606110,I,360002,1360020,Region,Chattogram/Sylhet,14000,Three years preceding the survey,0,0,RHDELACSKP,BDDHS2007360002,2007,DHS,1117,1412,,,
BGD,Chattogram/Sylhet,6790624,Assistance during delivery from a skilled provider,16.3,1,BD,Bangladesh,2007,BD2007DHS,RH_DELA_C_SKP,83606110,I,360002,1360020,Region,Chattogram/Sylhet,14001,Five years preceding the survey,0,0,RHDELACSKP,BDDHS2007360002,2007,DHS,1884,2393,,,
BGD,Chattogram/Sylhet,6071125,Assistance during delivery from a skilled provider,20.5,1,BD,Bangladesh,2007,BD2007DHS,RH_DELA_C_SKP,83606110,I,360002,1360020,Region,Chattogram/Sylhet,14002,Two years preceding the survey,0,1,RHDELACSKP,BDDHS2007360002,2007,DHS,744,935,,,
BGD,Chattogram,4892341,Assistance during delivery from a skilled provider,21.1,1,BD,Bangladesh,2007,BD2007DHS,RH_DELA_C_SKP,83606110,I,360003,1360030,Region,..Chattogram,14000,Three years preceding the survey,0,0,RHDELACSKP,BDDHS2007360003,2007,DHS,798,762,,,1
BGD,Chattogram,6494267,Assistance during delivery from a skilled provider,18.5,1,BD,Bangladesh,2007,BD2007DHS,RH_DELA_C_SKP,83606110,I,360003,1360030,Region,..Chattogram,14001,Five years preceding the survey,0,0,RHDELACSKP,BDDHS2007360003,2007,DHS,1337,1275,,,1
BGD,Chattogram,3899781,Assistance during delivery from a skilled provider,22.1,1,BD,Bangladesh,2007,BD2007DHS,RH_DELA_C_SKP,83606110,I,360003,1360030,Region,..Chattogram,14002,Two years preceding the survey,0,1,RHDELACSKP,BDDHS2007360003,2007,DHS,543,517,,,1
BGD,Sylhet,5285052,Assistance during delivery from a skilled provider,13.2,1,BD,Bangladesh,2007,BD2007DHS,RH_DELA_C_SKP,83606110,I,360004,1360040,Region,..Sylhet,14000,Three years preceding the survey,0,0,RHDELACSKP,BDDHS2007360004,2007,DHS,319,650,,,1
BGD,Sylhet,3201217,Assistance during delivery from a skilled provider,10.9,1,BD,Bangladesh,2007,BD2007DHS,RH_DELA_C_SKP,83606110,I,360004,1360040,Region,..Sylhet,14001,Five years preceding the survey,0,0,RHDELACSKP,BDDHS2007360004,2007,DHS,547,1118,,,1
BGD,Sylhet,3708698,Assistance during delivery from a skilled provider,16.1,1,BD,Bangladesh,2007,BD2007DHS,RH_DELA_C_SKP,83606110,I,360004,1360040,Region,..Sylhet,14002,Two years preceding the survey,0,1,RHDELACSKP,BDDHS2007360004,2007,DHS,201,418,,,1
BGD,Dhaka before 2015,6118898,Assistance during delivery from a skilled provider,23.3,1,BD,Bangladesh,2007,BD2007DHS,RH_DELA_C_SKP,83606110,I,360005,1360050,Region,Dhaka before 2015,14000,Three years preceding the survey,0,0,RHDELACSKP,BDDHS2007360005,2007,DHS,1132,771,,,1
BGD,Dhaka before 2015,7042527,Assistance during delivery from a skilled provider,19.9,1,BD,Bangladesh,2007,BD2007DHS,RH_DELA_C_SKP,83606110,I,360005,1360050,Region,Dhaka before 2015,14001,Five years preceding the survey,0,0,RHDELACSKP,BDDHS2007360005,2007,DHS,1908,1285,,,1
BGD,Dhaka before 2015,3914102,Assistance during delivery from a skilled provider,25.9,1,BD,Bangladesh,2007,BD2007DHS,RH_DELA_C_SKP,83606110,I,360005,1360050,Region,Dhaka before 2015,14002,Two years preceding the survey,0,1,RHDELACSKP,BDDHS2007360005,2007,DHS,746,509,,,1
BGD,Khulna,657889,Assistance during delivery from a skilled provider,31.5,1,BD,Bangladesh,2007,BD2007DHS,RH_DELA_C_SKP,83606110,I,360006,1360060,Region,Khulna,14000,Three years preceding the survey,0,0,RHDELACSKP,BDDHS2007360006,2007,DHS,328,417,,,1
BGD,Khulna,767750,Assistance during delivery from a skilled provider,26.7,1,BD,Bangladesh,2007,BD2007DHS,RH_DELA_C_SKP,83606110,I,360006,1360060,Region,Khulna,14001,Five years preceding the survey,0,0,RHDELACSKP,BDDHS2007360006,2007,DHS,578,714,,,1
BGD,Khulna,4945304,Assistance during delivery from a skilled provider,35,1,BD,Bangladesh,2007,BD2007DHS,RH_DELA_C_SKP,83606110,I,360006,1360060,Region,Khulna,14002,Two years preceding the survey,0,1,RHDELACSKP,BDDHS2007360006,2007,DHS,194,258,,,1
BGD,Rajshahi/Rangpur,6375039,Assistance during delivery from a skilled provider,18.1,1,BD,Bangladesh,2007,BD2007DHS,RH_DELA_C_SKP,83606110,I,360007,1360070,Region,Rajshahi/Rangpur,14000,Three years preceding the survey,0,0,RHDELACSKP,BDDHS2007360007,2007,DHS,792,595,,,1
BGD,Rajshahi/Rangpur,4135299,Assistance during delivery from a skilled provider,15.4,1,BD,Bangladesh,2007,BD2007DHS,RH_DELA_C_SKP,83606110,I,360007,1360070,Region,Rajshahi/Rangpur,14001,Five years preceding the survey,0,0,RHDELACSKP,BDDHS2007360007,2007,DHS,1306,967,,,1
BGD,Rajshahi/Rangpur,328429,Assistance during delivery from a skilled provider,19.4,1,BD,Bangladesh,2007,BD2007DHS,RH_DELA_C_SKP,83606110,I,360007,1360070,Region,Rajshahi/Rangpur,14002,Two years preceding the survey,0,1,RHDELACSKP,BDDHS2007360007,2007,DHS,526,390,,,1
BGD,Barishal,5215783,DPT 3 vaccination received,95.5,1,BD,Bangladesh,2007,BD2007DHS,CH_VACC_C_DP3,93906040,I,360001,1360010,Region,Barishal,0,,0,1,CHVACCCDP3,BDDHS2007360001,2007,DHS,69,144,,,1
BGD,Chattogram/Sylhet,533988,DPT 3 vaccination received,88,1,BD,Bangladesh,2007,BD2007DHS,CH_VACC_C_DP3,93906040,I,360002,1360020,Region,Chattogram/Sylhet,0,,0,1,CHVACCCDP3,BDDHS2007360002,2007,DHS,373,455,,,
BGD,Chattogram,4158893,DPT 3 vaccination received,90,1,BD,Bangladesh,2007,BD2007DHS,CH_VACC_C_DP3,93906040,I,360003,1360030,Region,..Chattogram,0,,0,1,CHVACCCDP3,BDDHS2007360003,2007,DHS,278,267,,,1
BGD,Sylhet,7849278,DPT 3 vaccination received,82.1,1,BD,Bangladesh,2007,BD2007DHS,CH_VACC_C_DP3,93906040,I,360004,1360040,Region,..Sylhet,0,,0,1,CHVACCCDP3,BDDHS2007360004,2007,DHS,95,188,,,1
BGD,Dhaka before 2015,4085948,DPT 3 vaccination received,91.1,1,BD,Bangladesh,2007,BD2007DHS,CH_VACC_C_DP3,93906040,I,360005,1360050,Region,Dhaka before 2015,0,,0,1,CHVACCCDP3,BDDHS2007360005,2007,DHS,361,248,,,1
BGD,Khulna,255063,DPT 3 vaccination received,94.6,1,BD,Bangladesh,2007,BD2007DHS,CH_VACC_C_DP3,93906040,I,360006,1360060,Region,Khulna,0,,0,1,CHVACCCDP3,BDDHS2007360006,2007,DHS,90,119,,,1
BGD,Rajshahi/Rangpur,2065265,DPT 3 vaccination received,93.2,1,BD,Bangladesh,2007,BD2007DHS,CH_VACC_C_DP3,93906040,I,360007,1360070,Region,Rajshahi/Rangpur,0,,0,1,CHVACCCDP3,BDDHS2007360007,2007,DHS,253,195,,,1
BGD,Barishal,4997390,Children stunted,46.9,1,BD,Bangladesh,2007,BD2007DHS,CN_NUTS_C_HA2,104236020,I,360001,1360010,Region,Barishal,0,,0,1,CNNUTSCHA2,BDDHS2007360001,2007,DHS,340,711,,,1
BGD,Chattogram/Sylhet,3193505,Children stunted,45.3,1,BD,Bangladesh,2007,BD2007DHS,CN_NUTS_C_HA2,104236020,I,360002,1360020,Region,Chattogram/Sylhet,0,,0,1,CNNUTSCHA2,BDDHS2007360002,2007,DHS,1601,2048,,,
BGD,Chattogram,3589866,Children stunted,45.5,1,BD,Bangladesh,2007,BD2007DHS,CN_NUTS_C_HA2,104236020,I,360003,1360030,Region,..Chattogram,0,,0,1,CNNUTSCHA2,BDDHS2007360003,2007,DHS,1153,1117,,,1
BGD,Sylhet,7847349,Children stunted,44.7,1,BD,Bangladesh,2007,BD2007DHS,CN_NUTS_C_HA2,104236020,I,360004,1360040,Region,..Sylhet,0,,0,1,CNNUTSCHA2,BDDHS2007360004,2007,DHS,448,931,,,1
BGD,Dhaka before 2015,6239198,Children stunted,44,1,BD,Bangladesh,2007,BD2007DHS,CN_NUTS_C_HA2,104236020,I,360005,1360050,Region,Dhaka before 2015,0,,0,1,CNNUTSCHA2,BDDHS2007360005,2007,DHS,1671,1143,,,1
BGD,Khulna,799550,Children stunted,34.6,1,BD,Bangladesh,2007,BD2007DHS,CN_NUTS_C_HA2,104236020,I,360006,1360060,Region,Khulna,0,,0,1,CNNUTSCHA2,BDDHS2007360006,2007,DHS,516,644,,,1
BGD,Rajshahi/Rangpur,1297036,Children stunted,41.8,1,BD,Bangladesh,2007,BD2007DHS,CN_NUTS_C_HA2,104236020,I,360007,1360070,Region,Rajshahi/Rangpur,0,,0,1,CNNUTSCHA2,BDDHS2007360007,2007,DHS,1183,877,,,1
BGD,Barishal,3789959,Children wasted,18,1,BD,Bangladesh,2007,BD2007DHS,CN_NUTS_C_WH2,104236050,I,360001,1360010,Region,Barishal,0,,0,1,CNNUTSCWH2,BDDHS2007360001,2007,DHS,340,711,,,1
BGD,Chattogram/Sylhet,212020,Children wasted,17.8,1,BD,Bangladesh,2007,BD2007DHS,CN_NUTS_C_WH2,104236050,I,360002,1360020,Region,Chattogram/Sylhet,0,,0,1,CNNUTSCWH2,BDDHS2007360002,2007,DHS,1601,2048,,,
BGD,Chattogram,278886,Children wasted,17.6,1,BD,Bangladesh,2007,BD2007DHS,CN_NUTS_C_WH2,104236050,I,360003,1360030,Region,..Chattogram,0,,0,1,CNNUTSCWH2,BDDHS2007360003,2007,DHS,1153,1117,,,1
BGD,Sylhet,7872588,Children wasted,18.3,1,BD,Bangladesh,2007,BD2007DHS,CN_NUTS_C_WH2,104236050,I,360004,1360040,Region,..Sylhet,0,,0,1,CNNUTSCWH2,BDDHS2007360004,2007,DHS,448,931,,,1
BGD,Dhaka before 2015,4352884,Children wasted,15.4,1,BD,Bangladesh,2007,BD2007DHS,CN_NUTS_C_WH2,104236050,I,360005,1360050,Region,Dhaka before 2015,0,,0,1,CNNUTSCWH2,BDDHS2007360005,2007,DHS,1671,1143,,,1
BGD,Khulna,6084734,Children wasted,18.8,1,BD,Bangladesh,2007,BD2007DHS,CN_NUTS_C_WH2,104236050,I,360006,1360060,Region,Khulna,0,,0,1,CNNUTSCWH2,BDDHS2007360006,2007,DHS,516,644,,,1
BGD,Rajshahi/Rangpur,5407471,Children wasted,19.1,1,BD,Bangladesh,2007,BD2007DHS,CN_NUTS_C_WH2,104236050,I,360007,1360070,Region,Rajshahi/Rangpur,0,,0,1,CNNUTSCWH2,BDDHS2007360007,2007,DHS,1183,877,,,1
BGD,Barishal,3789960,Children overweight,0.5,1,BD,Bangladesh,2007,BD2007DHS,CN_NUTS_C_WHP,104236060,I,360001,1360010,Region,Barishal,0,,0,1,CNNUTSCWHP,BDDHS2007360001,2007,DHS,340,711,,,1
BGD,Chattogram/Sylhet,212021,Children overweight,0.8,1,BD,Bangladesh,2007,BD2007DHS,CN_NUTS_C_WHP,104236060,I,360002,1360020,Region,Chattogram/Sylhet,0,,0,1,CNNUTSCWHP,BDDHS2007360002,2007,DHS,1601,2048,,,
BGD,Chattogram,279021,Children overweight,0.9,1,BD,Bangladesh,2007,BD2007DHS,CN_NUTS_C_WHP,104236060,I,360003,1360030,Region,..Chattogram,0,,0,1,CNNUTSCWHP,BDDHS2007360003,2007,DHS,1153,1117,,,1
BGD,Sylhet,7872589,Children overweight,0.7,1,BD,Bangladesh,2007,BD2007DHS,CN_NUTS_C_WHP,104236060,I,360004,1360040,Region,..Sylhet,0,,0,1,CNNUTSCWHP,BDDHS2007360004,2007,DHS,448,931,,,1
BGD,Dhaka before 2015,4352885,Children overweight,1.2,1,BD,Bangladesh,2007,BD2007DHS,CN_NUTS_C_WHP,104236060,I,360005,1360050,Region,Dhaka before 2015,0,,0,1,CNNUTSCWHP,BDDHS2007360005,2007,DHS,1671,1143,,,1
BGD,Khulna,6084735,Children overweight,0.7,1,BD,Bangladesh,2007,BD2007DHS,CN_NUTS_C_WHP,104236060,I,360006,1360060,Region,Khulna,0,,0,1,CNNUTSCWHP,BDDHS2007360006,2007,DHS,516,644,,,1
BGD,Rajshahi/Rangpur,5407493,Children overweight,0.9,1,BD,Bangladesh,2007,BD2007DHS,CN_NUTS_C_WHP,104236060,I,360007,1360070,Region,Rajshahi/Rangpur,0,,0,1,CNNUTSCWHP,BDDHS2007360007,2007,DHS,1183,877,,,1
BGD,Barishal,6839268,Men who smoke any type of tobacco,45.3,1,BD,Bangladesh,2007,BD2007DHS,AH_TOBC_M_ANY,151434005,I,360001,1360010,Region,Barishal,0,,0,1,AHTOBCMANY,BDDHS2007360001,2007,DHS,186,421,,,1
BGD,Chattogram/Sylhet,2960759,Men who smoke any type of tobacco,64.7,1,BD,Bangladesh,2007,BD2007DHS,AH_TOBC_M_ANY,151434005,I,360002,1360020,Region,Chattogram/Sylhet,0,,0,1,AHTOBCMANY,BDDHS2007360002,2007,DHS,719,940,,,
BGD,Chattogram,5017520,Men who smoke any type of tobacco,61.8,1,BD,Bangladesh,2007,BD2007DHS,AH_TOBC_M_ANY,151434005,I,360003,1360030,Region,..Chattogram,0,,0,1,AHTOBCMANY,BDDHS2007360003,2007,DHS,531,523,,,1
BGD,Sylhet,7846927,Men who smoke any type of tobacco,72.9,1,BD,Bangladesh,2007,BD2007DHS,AH_TOBC_M_ANY,151434005,I,360004,1360040,Region,..Sylhet,0,,0,1,AHTOBCMANY,BDDHS2007360004,2007,DHS,188,417,,,1
BGD,Dhaka before 2015,4602142,Men who smoke any type of tobacco,66.3,1,BD,Bangladesh,2007,BD2007DHS,AH_TOBC_M_ANY,151434005,I,360005,1360050,Region,Dhaka before 2015,0,,0,1,AHTOBCMANY,BDDHS2007360005,2007,DHS,977,644,,,1
BGD,Khulna,6692382,Men who smoke any type of tobacco,51.8,1,BD,Bangladesh,2007,BD2007DHS,AH_TOBC_M_ANY,151434005,I,360006,1360060,Region,Khulna,0,,0,1,AHTOBCMANY,BDDHS2007360006,2007,DHS,438,539,,,1
BGD,Rajshahi/Rangpur,4271837,Men who smoke any type of tobacco,56.9,1,BD,Bangladesh,2007,BD2007DHS,AH_TOBC_M_ANY,151434005,I,360007,1360070,Region,Rajshahi/Rangpur,0,,0,1,AHTOBCMANY,BDDHS2007360007,2007,DHS,907,687,,,1
BGD,Barishal,2060501,Women who ever experienced sexual violence,21.2,1,BD,Bangladesh,2007,BD2007DHS,DV_EXSV_W_EVR,197203010,I,360001,1360010,Region,Barishal,0,,0,1,DVEXSVWEVR,BDDHS2007360001,2007,DHS,274,600,,,1
BGD,Chattogram/Sylhet,7311716,Women who ever experienced sexual violence,16.5,1,BD,Bangladesh,2007,BD2007DHS,DV_EXSV_W_EVR,197203010,I,360002,1360020,Region,Chattogram/Sylhet,0,,0,1,DVEXSVWEVR,BDDHS2007360002,2007,DHS,1098,1338,,,
BGD,Chattogram,4790620,Women who ever experienced sexual violence,17.1,1,BD,Bangladesh,2007,BD2007DHS,DV_EXSV_W_EVR,197203010,I,360003,1360030,Region,..Chattogram,0,,0,1,DVEXSVWEVR,BDDHS2007360003,2007,DHS,814,760,,,1
BGD,Sylhet,7873673,Women who ever experienced sexual violence,14.7,1,BD,Bangladesh,2007,BD2007DHS,DV_EXSV_W_EVR,197203010,I,360004,1360040,Region,..Sylhet,0,,0,1,DVEXSVWEVR,BDDHS2007360004,2007,DHS,283,578,,,1
BGD,Dhaka before 2015,4607631,Women who ever experienced sexual violence,19.6,1,BD,Bangladesh,2007,BD2007DHS,DV_EXSV_W_EVR,197203010,I,360005,1360050,Region,Dhaka before 2015,0,,0,1,DVEXSVWEVR,BDDHS2007360005,2007,DHS,1433,982,,,1
BGD,Khulna,5346891,Women who ever experienced sexual violence,14.6,1,BD,Bangladesh,2007,BD2007DHS,DV_EXSV_W_EVR,197203010,I,360006,1360060,Region,Khulna,0,,0,1,DVEXSVWEVR,BDDHS2007360006,2007,DHS,548,689,,,1
BGD,Rajshahi/Rangpur,5846335,Women who ever experienced sexual violence,17.5,1,BD,Bangladesh,2007,BD2007DHS,DV_EXSV_W_EVR,197203010,I,360007,1360070,Region,Rajshahi/Rangpur,0,,0,1,DVEXSVWEVR,BDDHS2007360007,2007,DHS,1115,858,,,1
BGD,Barishal,4119674,Physical violence committed by husband/partner in last 12 months,22.6,1,BD,Bangladesh,2007,BD2007DHS,DV_SPV1_W_PHS,198303020,I,360001,1360010,Region,Barishal,631001,Ever-married,0,0,DVSPV1WPHS,BDDHS2007360001,2007,DHS,274,600,,,1
BGD,Chattogram/Sylhet,7206276,Physical violence committed by husband/partner in last 12 months,15.7,1,BD,Bangladesh,2007,BD2007DHS,DV_SPV1_W_PHS,198303020,I,360002,1360020,Region,Chattogram/Sylhet,631001,Ever-married,0,0,DVSPV1WPHS,BDDHS2007360002,2007,DHS,1098,1338,,,
BGD,Chattogram,5376653,Physical violence committed by husband/partner in last 12 months,17,1,BD,Bangladesh,2007,BD2007DHS,DV_SPV1_W_PHS,198303020,I,360003,1360030,Region,..Chattogram,631001,Ever-married,0,0,DVSPV1WPHS,BDDHS2007360003,2007,DHS,814,760,,,1
BGD,Sylhet,3622932,Physical violence committed by husband/partner in last 12 months,11.9,1,BD,Bangladesh,2007,BD2007DHS,DV_SPV1_W_PHS,198303020,I,360004,1360040,Region,..Sylhet,631001,Ever-married,0,0,DVSPV1WPHS,BDDHS2007360004,2007,DHS,283,578,,,1
BGD,Dhaka before 2015,6846072,Physical violence committed by husband/partner in last 12 months,16.5,1,BD,Bangladesh,2007,BD2007DHS,DV_SPV1_W_PHS,198303020,I,360005,1360050,Region,Dhaka before 2015,631001,Ever-married,0,0,DVSPV1WPHS,BDDHS2007360005,2007,DHS,1433,982,,,1
BGD,Khulna,4595861,Physical violence committed by husband/partner in last 12 months,17.8,1,BD,Bangladesh,2007,BD2007DHS,DV_SPV1_W_PHS,198303020,I,360006,1360060,Region,Khulna,631001,Ever-married,0,0,DVSPV1WPHS,BDDHS2007360006,2007,DHS,548,689,,,1
BGD,Rajshahi/Rangpur,6573615,Physical violence committed by husband/partner in last 12 months,18.3,1,BD,Bangladesh,2007,BD2007DHS,DV_SPV1_W_PHS,198303020,I,360007,1360070,Region,Rajshahi/Rangpur,631001,Ever-married,0,0,DVSPV1WPHS,BDDHS2007360007,2007,DHS,1115,858,,,1
BGD,Barishal,4119673,Sexual violence committed by husband/partner in last 12 months,13.2,1,BD,Bangladesh,2007,BD2007DHS,DV_SPV1_W_SEX,198303030,I,360001,1360010,Region,Barishal,631001,Ever-married,0,0,DVSPV1WSEX,BDDHS2007360001,2007,DHS,274,600,,,1
BGD,Chattogram/Sylhet,7206275,Sexual violence committed by husband/partner in last 12 months,9.1,1,BD,Bangladesh,2007,BD2007DHS,DV_SPV1_W_SEX,198303030,I,360002,1360020,Region,Chattogram/Sylhet,631001,Ever-married,0,0,DVSPV1WSEX,BDDHS2007360002,2007,DHS,1098,1338,,,
BGD,Chattogram,5376656,Sexual violence committed by husband/partner in last 12 months,9.8,1,BD,Bangladesh,2007,BD2007DHS,DV_SPV1_W_SEX,198303030,I,360003,1360030,Region,..Chattogram,631001,Ever-married,0,0,DVSPV1WSEX,BDDHS2007360003,2007,DHS,814,760,,,1
BGD,Sylhet,3622950,Sexual violence committed by husband/partner in last 12 months,7.2,1,BD,Bangladesh,2007,BD2007DHS,DV_SPV1_W_SEX,198303030,I,360004,1360040,Region,..Sylhet,631001,Ever-married,0,0,DVSPV1WSEX,BDDHS2007360004,2007,DHS,283,578,,,1
BGD,Dhaka before 2015,6846071,Sexual violence committed by husband/partner in last 12 months,11.5,1,BD,Bangladesh,2007,BD2007DHS,DV_SPV1_W_SEX,198303030,I,360005,1360050,Region,Dhaka before 2015,631001,Ever-married,0,0,DVSPV1WSEX,BDDHS2007360005,2007,DHS,1433,982,,,1
BGD,Khulna,4595862,Sexual violence committed by husband/partner in last 12 months,8.2,1,BD,Bangladesh,2007,BD2007DHS,DV_SPV1_W_SEX,198303030,I,360006,1360060,Region,Khulna,631001,Ever-married,0,0,DVSPV1WSEX,BDDHS2007360006,2007,DHS,548,689,,,1
BGD,Rajshahi/Rangpur,6573616,Sexual violence committed by husband/partner in last 12 months,10.2,1,BD,Bangladesh,2007,BD2007DHS,DV_SPV1_W_SEX,198303030,I,360007,1360070,Region,Rajshahi/Rangpur,631001,Ever-married,0,0,DVSPV1WSEX,BDDHS2007360007,2007,DHS,1115,858,,,1
BGD,Barishal,3790019,Population using open defecation,1.7,1,BD,Bangladesh,2007,BD2007DHS,WS_TLET_P_NFC,250262210,I,360001,1360010,Region,Barishal,0,,0,1,WSTLETPNFC,BDDHS2007360001,2007,DHS,3087,6679,,,1
BGD,Chattogram/Sylhet,4205445,Population using open defecation,5.2,1,BD,Bangladesh,2007,BD2007DHS,WS_TLET_P_NFC,250262210,I,360002,1360020,Region,Chattogram/Sylhet,0,,0,1,WSTLETPNFC,BDDHS2007360002,2007,DHS,13486,17323,,,
BGD,Chattogram,3559662,Population using open defecation,6.4,1,BD,Bangladesh,2007,BD2007DHS,WS_TLET_P_NFC,250262210,I,360003,1360030,Region,..Chattogram,0,,0,1,WSTLETPNFC,BDDHS2007360003,2007,DHS,9767,9412,,,1
BGD,Sylhet,7872780,Population using open defecation,2.1,1,BD,Bangladesh,2007,BD2007DHS,WS_TLET_P_NFC,250262210,I,360004,1360040,Region,..Sylhet,0,,0,1,WSTLETPNFC,BDDHS2007360004,2007,DHS,3719,7911,,,1
BGD,Dhaka before 2015,6958801,Population using open defecation,7.5,1,BD,Bangladesh,2007,BD2007DHS,WS_TLET_P_NFC,250262210,I,360005,1360050,Region,Dhaka before 2015,0,,0,1,WSTLETPNFC,BDDHS2007360005,2007,DHS,15009,10408,,,1
BGD,Khulna,2956660,Population using open defecation,3.2,1,BD,Bangladesh,2007,BD2007DHS,WS_TLET_P_NFC,250262210,I,360006,1360060,Region,Khulna,0,,0,1,WSTLETPNFC,BDDHS2007360006,2007,DHS,5831,7122,,,1
BGD,Rajshahi/Rangpur,3427348,Population using open defecation,13.8,1,BD,Bangladesh,2007,BD2007DHS,WS_TLET_P_NFC,250262210,I,360007,1360070,Region,Rajshahi/Rangpur,0,,0,1,WSTLETPNFC,BDDHS2007360007,2007,DHS,11506,8683,,,1
BGD,Barishal,3790027,Population with basic sanitation service,33.9,1,BD,Bangladesh,2007,BD2007DHS,WS_TLET_P_BAS,250262300,I,360001,1360010,Region,Barishal,0,,0,1,WSTLETPBAS,BDDHS2007360001,2007,DHS,3087,6679,,,1
BGD,Chattogram/Sylhet,4205446,Population with basic sanitation service,32.2,1,BD,Bangladesh,2007,BD2007DHS,WS_TLET_P_BAS,250262300,I,360002,1360020,Region,Chattogram/Sylhet,0,,0,1,WSTLETPBAS,BDDHS2007360002,2007,DHS,13486,17323,,,
BGD,Chattogram,3559647,Population with basic sanitation service,33,1,BD,Bangladesh,2007,BD2007DHS,WS_TLET_P_BAS,250262300,I,360003,1360030,Region,..Chattogram,0,,0,1,WSTLETPBAS,BDDHS2007360003,2007,DHS,9767,9412,,,1
BGD,Sylhet,7872781,Population with basic sanitation service,30.1,1,BD,Bangladesh,2007,BD2007DHS,WS_TLET_P_BAS,250262300,I,360004,1360040,Region,..Sylhet,0,,0,1,WSTLETPBAS,BDDHS2007360004,2007,DHS,3719,7911,,,1
BGD,Dhaka before 2015,6958811,Population with basic sanitation service,25.4,1,BD,Bangladesh,2007,BD2007DHS,WS_TLET_P_BAS,250262300,I,360005,1360050,Region,Dhaka before 2015,0,,0,1,WSTLETPBAS,BDDHS2007360005,2007,DHS,15009,10408,,,1
BGD,Khulna,2956666,Population with basic sanitation service,31,1,BD,Bangladesh,2007,BD2007DHS,WS_TLET_P_BAS,250262300,I,360006,1360060,Region,Khulna,0,,0,1,WSTLETPBAS,BDDHS2007360006,2007,DHS,5831,7122,,,1
BGD,Rajshahi/Rangpur,3427349,Population with basic sanitation service,26,1,BD,Bangladesh,2007,BD2007DHS,WS_TLET_P_BAS,250262300,I,360007,1360070,Region,Rajshahi/Rangpur,0,,0,1,WSTLETPBAS,BDDHS2007360007,2007,DHS,11506,8683,,,1
BGD,Barishal,5194787,Population with electricity,26.5,1,BD,Bangladesh,2007,BD2007DHS,HC_ELEC_P_ELC,260322010,I,360001,1360010,Region,Barishal,0,,0,1,HCELECPELC,BDDHS2007360001,2007,DHS,3087,6679,,,1
BGD,Chattogram/Sylhet,4376206,Population with electricity,48.2,1,BD,Bangladesh,2007,BD2007DHS,HC_ELEC_P_ELC,260322010,I,360002,1360020,Region,Chattogram/Sylhet,0,,0,1,HCELECPELC,BDDHS2007360002,2007,DHS,13486,17323,,,
BGD,Chattogram,7272133,Population with electricity,50.2,1,BD,Bangladesh,2007,BD2007DHS,HC_ELEC_P_ELC,260322010,I,360003,1360030,Region,..Chattogram,0,,0,1,HCELECPELC,BDDHS2007360003,2007,DHS,9767,9412,,,1
BGD,Sylhet,7872229,Population with electricity,42.9,1,BD,Bangladesh,2007,BD2007DHS,HC_ELEC_P_ELC,260322010,I,360004,1360040,Region,..Sylhet,0,,0,1,HCELECPELC,BDDHS2007360004,2007,DHS,3719,7911,,,1
BGD,Dhaka before 2015,3780331,Population with electricity,57.9,1,BD,Bangladesh,2007,BD2007DHS,HC_ELEC_P_ELC,260322010,I,360005,1360050,Region,Dhaka before 2015,0,,0,1,HCELECPELC,BDDHS2007360005,2007,DHS,15009,10408,,,1
BGD,Khulna,6922619,Population with electricity,49.6,1,BD,Bangladesh,2007,BD2007DHS,HC_ELEC_P_ELC,260322010,I,360006,1360060,Region,Khulna,0,,0,1,HCELECPELC,BDDHS2007360006,2007,DHS,5831,7122,,,1
BGD,Rajshahi/Rangpur,275008,Population with electricity,41.2,1,BD,Bangladesh,2007,BD2007DHS,HC_ELEC_P_ELC,260322010,I,360007,1360070,Region,Rajshahi/Rangpur,0,,0,1,HCELECPELC,BDDHS2007360007,2007,DHS,11506,8683,,,1
BGD,Barishal,5194759,Population using clean fuel for cooking ,1.5,1,BD,Bangladesh,2007,BD2007DHS,HC_CKFL_P_CLN,260432150,I,360001,1360010,Region,Barishal,0,,0,1,HCCKFLPCLN,BDDHS2007360001,2007,DHS,3087,6679,,,1
BGD,Chattogram/Sylhet,4376226,Population using clean fuel for cooking ,8,1,BD,Bangladesh,2007,BD2007DHS,HC_CKFL_P_CLN,260432150,I,360002,1360020,Region,Chattogram/Sylhet,0,,0,1,HCCKFLPCLN,BDDHS2007360002,2007,DHS,13486,17323,,,
BGD,Chattogram,7272175,Population using clean fuel for cooking ,9.8,1,BD,Bangladesh,2007,BD2007DHS,HC_CKFL_P_CLN,260432150,I,360003,1360030,Region,..Chattogram,0,,0,1,HCCKFLPCLN,BDDHS2007360003,2007,DHS,9767,9412,,,1
BGD,Sylhet,7872245,Population using clean fuel for cooking ,3.5,1,BD,Bangladesh,2007,BD2007DHS,HC_CKFL_P_CLN,260432150,I,360004,1360040,Region,..Sylhet,0,,0,1,HCCKFLPCLN,BDDHS2007360004,2007,DHS,3719,7911,,,1
BGD,Dhaka before 2015,3780327,Population using clean fuel for cooking ,19.6,1,BD,Bangladesh,2007,BD2007DHS,HC_CKFL_P_CLN,260432150,I,360005,1360050,Region,Dhaka before 2015,0,,0,1,HCCKFLPCLN,BDDHS2007360005,2007,DHS,15009,10408,,,1
BGD,Khulna,6922601,Population using clean fuel for cooking ,1.2,1,BD,Bangladesh,2007,BD2007DHS,HC_CKFL_P_CLN,260432150,I,360006,1360060,Region,Khulna,0,,0,1,HCCKFLPCLN,BDDHS2007360006,2007,DHS,5831,7122,,,1
BGD,Rajshahi/Rangpur,275007,Population using clean fuel for cooking ,1.5,1,BD,Bangladesh,2007,BD2007DHS,HC_CKFL_P_CLN,260432150,I,360007,1360070,Region,Rajshahi/Rangpur,0,,0,1,HCCKFLPCLN,BDDHS2007360007,2007,DHS,11506,8683,,,1
BGD,Barishal,1810806,Age specific fertility rate: 10-14,9,0,BD,Bangladesh,2011,BD2011DHS,FE_FRTR_W_A10,11763005,I,360001,1360010,Region,Barishal,0,,0,1,FEFRTRWA10,BDDHS2011360001,2011,DHS,,,,,1
BGD,Chattogram/Sylhet,1804056,Age specific fertility rate: 10-14,5,0,BD,Bangladesh,2011,BD2011DHS,FE_FRTR_W_A10,11763005,I,360002,1360020,Region,Chattogram/Sylhet,0,,0,1,FEFRTRWA10,BDDHS2011360002,2011,DHS,,,,,
BGD,Chattogram,1804064,Age specific fertility rate: 10-14,6,0,BD,Bangladesh,2011,BD2011DHS,FE_FRTR_W_A10,11763005,I,360003,1360030,Region,..Chattogram,0,,0,1,FEFRTRWA10,BDDHS2011360003,2011,DHS,,,,,1
BGD,Sylhet,1804044,Age specific fertility rate: 10-14,1,0,BD,Bangladesh,2011,BD2011DHS,FE_FRTR_W_A10,11763005,I,360004,1360040,Region,..Sylhet,0,,0,1,FEFRTRWA10,BDDHS2011360004,2011,DHS,,,,,1
BGD,Dhaka before 2015,1817249,Age specific fertility rate: 10-14,3,0,BD,Bangladesh,2011,BD2011DHS,FE_FRTR_W_A10,11763005,I,360005,1360050,Region,Dhaka before 2015,0,,0,1,FEFRTRWA10,BDDHS2011360005,2011,DHS,,,,,1
BGD,Khulna,7210650,Age specific fertility rate: 10-14,2,0,BD,Bangladesh,2011,BD2011DHS,FE_FRTR_W_A10,11763005,I,360006,1360060,Region,Khulna,0,,0,1,FEFRTRWA10,BDDHS2011360006,2011,DHS,,,,,1
BGD,Rajshahi/Rangpur,4060135,Age specific fertility rate: 10-14,8,0,BD,Bangladesh,2011,BD2011DHS,FE_FRTR_W_A10,11763005,I,360007,1360070,Region,Rajshahi/Rangpur,0,,0,1,FEFRTRWA10,BDDHS2011360007,2011,DHS,,,,,
BGD,Rangpur,1796890,Age specific fertility rate: 10-14,11,0,BD,Bangladesh,2011,BD2011DHS,FE_FRTR_W_A10,11763005,I,360008,1360080,Region,..Rangpur,0,,0,1,FEFRTRWA10,BDDHS2011360008,2011,DHS,,,,,1
BGD,Rajshahi,1796948,Age specific fertility rate: 10-14,6,0,BD,Bangladesh,2011,BD2011DHS,FE_FRTR_W_A10,11763005,I,360009,1360090,Region,..Rajshahi,0,,0,1,FEFRTRWA10,BDDHS2011360009,2011,DHS,,,,,1
BGD,Barishal,1810807,Age specific fertility rate: 15-19,115,0,BD,Bangladesh,2011,BD2011DHS,FE_FRTR_W_A15,11763010,I,360001,1360010,Region,Barishal,0,,0,1,FEFRTRWA15,BDDHS2011360001,2011,DHS,,,,,1
BGD,Chattogram/Sylhet,1804057,Age specific fertility rate: 15-19,109,0,BD,Bangladesh,2011,BD2011DHS,FE_FRTR_W_A15,11763010,I,360002,1360020,Region,Chattogram/Sylhet,0,,0,1,FEFRTRWA15,BDDHS2011360002,2011,DHS,,,,,
BGD,Chattogram,1804065,Age specific fertility rate: 15-19,116,0,BD,Bangladesh,2011,BD2011DHS,FE_FRTR_W_A15,11763010,I,360003,1360030,Region,..Chattogram,0,,0,1,FEFRTRWA15,BDDHS2011360003,2011,DHS,,,,,1
BGD,Sylhet,1804049,Age specific fertility rate: 15-19,89,0,BD,Bangladesh,2011,BD2011DHS,FE_FRTR_W_A15,11763010,I,360004,1360040,Region,..Sylhet,0,,0,1,FEFRTRWA15,BDDHS2011360004,2011,DHS,,,,,1
BGD,Dhaka before 2015,1817334,Age specific fertility rate: 15-19,117,0,BD,Bangladesh,2011,BD2011DHS,FE_FRTR_W_A15,11763010,I,360005,1360050,Region,Dhaka before 2015,0,,0,1,FEFRTRWA15,BDDHS2011360005,2011,DHS,,,,,1
BGD,Khulna,7210651,Age specific fertility rate: 15-19,116,0,BD,Bangladesh,2011,BD2011DHS,FE_FRTR_W_A15,11763010,I,360006,1360060,Region,Khulna,0,,0,1,FEFRTRWA15,BDDHS2011360006,2011,DHS,,,,,1
BGD,Rajshahi/Rangpur,4060136,Age specific fertility rate: 15-19,133,0,BD,Bangladesh,2011,BD2011DHS,FE_FRTR_W_A15,11763010,I,360007,1360070,Region,Rajshahi/Rangpur,0,,0,1,FEFRTRWA15,BDDHS2011360007,2011,DHS,,,,,
BGD,Rangpur,1796891,Age specific fertility rate: 15-19,143,0,BD,Bangladesh,2011,BD2011DHS,FE_FRTR_W_A15,11763010,I,360008,1360080,Region,..Rangpur,0,,0,1,FEFRTRWA15,BDDHS2011360008,2011,DHS,,,,,1
BGD,Rajshahi,1796967,Age specific fertility rate: 15-19,125,0,BD,Bangladesh,2011,BD2011DHS,FE_FRTR_W_A15,11763010,I,360009,1360090,Region,..Rajshahi,0,,0,1,FEFRTRWA15,BDDHS2011360009,2011,DHS,,,,,1
BGD,Barishal,5185653,Demand for family planning satisfied by modern methods,71,1,BD,Bangladesh,2011,BD2011DHS,FP_NADM_W_PDM,32933150,I,360001,1360010,Region,Barishal,0,,0,1,FPNADMWPDM,BDDHS2011360001,2011,DHS,731,1501,,,1
BGD,Chattogram/Sylhet,3778062,Demand for family planning satisfied by modern methods,60.7,1,BD,Bangladesh,2011,BD2011DHS,FP_NADM_W_PDM,32933150,I,360002,1360020,Region,Chattogram/Sylhet,0,,0,1,FPNADMWPDM,BDDHS2011360002,2011,DHS,2722,3175,,,
BGD,Chattogram,3021545,Demand for family planning satisfied by modern methods,61.7,1,BD,Bangladesh,2011,BD2011DHS,FP_NADM_W_PDM,32933150,I,360003,1360030,Region,..Chattogram,0,,0,1,FPNADMWPDM,BDDHS2011360003,2011,DHS,2174,1960,,,1
BGD,Sylhet,6499988,Demand for family planning satisfied by modern methods,56.7,1,BD,Bangladesh,2011,BD2011DHS,FP_NADM_W_PDM,32933150,I,360004,1360040,Region,..Sylhet,0,,0,1,FPNADMWPDM,BDDHS2011360004,2011,DHS,549,1215,,,1
BGD,Dhaka before 2015,4743304,Demand for family planning satisfied by modern methods,69.1,1,BD,Bangladesh,2011,BD2011DHS,FP_NADM_W_PDM,32933150,I,360005,1360050,Region,Dhaka before 2015,0,,0,1,FPNADMWPDM,BDDHS2011360005,2011,DHS,3946,2102,,,1
BGD,Khulna,4538228,Demand for family planning satisfied by modern methods,73.6,1,BD,Bangladesh,2011,BD2011DHS,FP_NADM_W_PDM,32933150,I,360006,1360060,Region,Khulna,0,,0,1,FPNADMWPDM,BDDHS2011360006,2011,DHS,1522,1868,,,1
BGD,Rajshahi/Rangpur,3892879,Demand for family planning satisfied by modern methods,75.4,1,BD,Bangladesh,2011,BD2011DHS,FP_NADM_W_PDM,32933150,I,360007,1360070,Region,Rajshahi/Rangpur,0,,0,1,FPNADMWPDM,BDDHS2011360007,2011,DHS,3503,3753,,,
BGD,Rangpur,5830159,Demand for family planning satisfied by modern methods,76.8,1,BD,Bangladesh,2011,BD2011DHS,FP_NADM_W_PDM,32933150,I,360008,1360080,Region,..Rangpur,0,,0,1,FPNADMWPDM,BDDHS2011360008,2011,DHS,1523,1825,,,1
BGD,Rajshahi,5747015,Demand for family planning satisfied by modern methods,74.3,1,BD,Bangladesh,2011,BD2011DHS,FP_NADM_W_PDM,32933150,I,360009,1360090,Region,..Rajshahi,0,,0,1,FPNADMWPDM,BDDHS2011360009,2011,DHS,1980,1928,,,1
BGD,Barishal,1735449,Neonatal mortality rate,32,0,BD,Bangladesh,2011,BD2011DHS,CM_ECMR_C_NNR,63206010,I,360001,1360010,Region,Barishal,14003,Ten years preceding the survey,0,1,CMECMRCNNR,BDDHS2011360001,2011,DHS,,,25,39,1
BGD,Chattogram/Sylhet,7909905,Neonatal mortality rate,34,0,BD,Bangladesh,2011,BD2011DHS,CM_ECMR_C_NNR,63206010,I,360002,1360020,Region,Chattogram/Sylhet,14003,Ten years preceding the survey,0,1,CMECMRCNNR,BDDHS2011360002,2011,DHS,,,29,40,
BGD,Chattogram,7943527,Neonatal mortality rate,30,0,BD,Bangladesh,2011,BD2011DHS,CM_ECMR_C_NNR,63206010,I,360003,1360030,Region,..Chattogram,14003,Ten years preceding the survey,0,1,CMECMRCNNR,BDDHS2011360003,2011,DHS,,,23,36,1
BGD,Sylhet,7724821,Neonatal mortality rate,47,0,BD,Bangladesh,2011,BD2011DHS,CM_ECMR_C_NNR,63206010,I,360004,1360040,Region,..Sylhet,14003,Ten years preceding the survey,0,1,CMECMRCNNR,BDDHS2011360004,2011,DHS,,,37,57,1
BGD,Dhaka before 2015,7497189,Neonatal mortality rate,34,0,BD,Bangladesh,2011,BD2011DHS,CM_ECMR_C_NNR,63206010,I,360005,1360050,Region,Dhaka before 2015,14003,Ten years preceding the survey,0,1,CMECMRCNNR,BDDHS2011360005,2011,DHS,,,27,41,1
BGD,Khulna,7876160,Neonatal mortality rate,33,0,BD,Bangladesh,2011,BD2011DHS,CM_ECMR_C_NNR,63206010,I,360006,1360060,Region,Khulna,14003,Ten years preceding the survey,0,1,CMECMRCNNR,BDDHS2011360006,2011,DHS,,,25,41,1
BGD,Rajshahi/Rangpur,7657489,Neonatal mortality rate,43,0,BD,Bangladesh,2011,BD2011DHS,CM_ECMR_C_NNR,63206010,I,360007,1360070,Region,Rajshahi/Rangpur,14003,Ten years preceding the survey,0,1,CMECMRCNNR,BDDHS2011360007,2011,DHS,,,35,52,
BGD,Rangpur,7955051,Neonatal mortality rate,36,0,BD,Bangladesh,2011,BD2011DHS,CM_ECMR_C_NNR,63206010,I,360008,1360080,Region,..Rangpur,14003,Ten years preceding the survey,0,1,CMECMRCNNR,BDDHS2011360008,2011,DHS,,,25,46,1
BGD,Rajshahi,7980718,Neonatal mortality rate,50,0,BD,Bangladesh,2011,BD2011DHS,CM_ECMR_C_NNR,63206010,I,360009,1360090,Region,..Rajshahi,14003,Ten years preceding the survey,0,1,CMECMRCNNR,BDDHS2011360009,2011,DHS,,,38,62,1
BGD,Barishal,7899113,Under-five mortality rate,62,0,BD,Bangladesh,2011,BD2011DHS,CM_ECMR_C_U5M,63206050,I,360001,1360010,Region,Barishal,14003,Ten years preceding the survey,0,1,CMECMRCU5M,BDDHS2011360001,2011,DHS,,,52,73,1
BGD,Chattogram/Sylhet,7858894,Under-five mortality rate,68,0,BD,Bangladesh,2011,BD2011DHS,CM_ECMR_C_U5M,63206050,I,360002,1360020,Region,Chattogram/Sylhet,14003,Ten years preceding the survey,0,1,CMECMRCU5M,BDDHS2011360002,2011,DHS,,,59,77,
BGD,Chattogram,1723356,Under-five mortality rate,63,0,BD,Bangladesh,2011,BD2011DHS,CM_ECMR_C_U5M,63206050,I,360003,1360030,Region,..Chattogram,14003,Ten years preceding the survey,0,1,CMECMRCU5M,BDDHS2011360003,2011,DHS,,,52,75,1
BGD,Sylhet,7697221,Under-five mortality rate,80,0,BD,Bangladesh,2011,BD2011DHS,CM_ECMR_C_U5M,63206050,I,360004,1360040,Region,..Sylhet,14003,Ten years preceding the survey,0,1,CMECMRCU5M,BDDHS2011360004,2011,DHS,,,69,91,1
BGD,Dhaka before 2015,1740972,Under-five mortality rate,62,0,BD,Bangladesh,2011,BD2011DHS,CM_ECMR_C_U5M,63206050,I,360005,1360050,Region,Dhaka before 2015,14003,Ten years preceding the survey,0,1,CMECMRCU5M,BDDHS2011360005,2011,DHS,,,53,72,1
BGD,Khulna,7539712,Under-five mortality rate,47,0,BD,Bangladesh,2011,BD2011DHS,CM_ECMR_C_U5M,63206050,I,360006,1360060,Region,Khulna,14003,Ten years preceding the survey,0,1,CMECMRCU5M,BDDHS2011360006,2011,DHS,,,39,56,1
BGD,Rajshahi/Rangpur,7450229,Under-five mortality rate,67,0,BD,Bangladesh,2011,BD2011DHS,CM_ECMR_C_U5M,63206050,I,360007,1360070,Region,Rajshahi/Rangpur,14003,Ten years preceding the survey,0,1,CMECMRCU5M,BDDHS2011360007,2011,DHS,,,58,76,
BGD,Rangpur,7822589,Under-five mortality rate,59,0,BD,Bangladesh,2011,BD2011DHS,CM_ECMR_C_U5M,63206050,I,360008,1360080,Region,..Rangpur,14003,Ten years preceding the survey,0,1,CMECMRCU5M,BDDHS2011360008,2011,DHS,,,48,70,1
BGD,Rajshahi,7976426,Under-five mortality rate,74,0,BD,Bangladesh,2011,BD2011DHS,CM_ECMR_C_U5M,63206050,I,360009,1360090,Region,..Rajshahi,14003,Ten years preceding the survey,0,1,CMECMRCU5M,BDDHS2011360009,2011,DHS,,,61,87,1
BGD,Barishal,2211912,Assistance during delivery from a skilled provider,28.4,1,BD,Bangladesh,2011,BD2011DHS,RH_DELA_C_SKP,83606110,I,360001,1360010,Region,Barishal,14000,Three years preceding the survey,0,0,RHDELACSKP,BDDHS2011360001,2011,DHS,273,551,,,1
BGD,Barishal,4435915,Assistance during delivery from a skilled provider,23.1,1,BD,Bangladesh,2011,BD2011DHS,RH_DELA_C_SKP,83606110,I,360001,1360010,Region,Barishal,14001,Five years preceding the survey,0,0,RHDELACSKP,BDDHS2011360001,2011,DHS,491,976,,,1
BGD,Barishal,3524960,Assistance during delivery from a skilled provider,29.9,1,BD,Bangladesh,2011,BD2011DHS,RH_DELA_C_SKP,83606110,I,360001,1360010,Region,Barishal,14002,Two years preceding the survey,0,1,RHDELACSKP,BDDHS2011360001,2011,DHS,180,362,,,1
BGD,Chattogram/Sylhet,7316365,Assistance during delivery from a skilled provider,27.8,1,BD,Bangladesh,2011,BD2011DHS,RH_DELA_C_SKP,83606110,I,360002,1360020,Region,Chattogram/Sylhet,14000,Three years preceding the survey,0,0,RHDELACSKP,BDDHS2011360002,2011,DHS,1551,1799,,,
BGD,Chattogram/Sylhet,5590644,Assistance during delivery from a skilled provider,24,1,BD,Bangladesh,2011,BD2011DHS,RH_DELA_C_SKP,83606110,I,360002,1360020,Region,Chattogram/Sylhet,14001,Five years preceding the survey,0,0,RHDELACSKP,BDDHS2011360002,2011,DHS,2699,3158,,,
BGD,Chattogram/Sylhet,690778,Assistance during delivery from a skilled provider,29.7,1,BD,Bangladesh,2011,BD2011DHS,RH_DELA_C_SKP,83606110,I,360002,1360020,Region,Chattogram/Sylhet,14002,Two years preceding the survey,0,1,RHDELACSKP,BDDHS2011360002,2011,DHS,1051,1196,,,
BGD,Chattogram,3409990,Assistance during delivery from a skilled provider,29,1,BD,Bangladesh,2011,BD2011DHS,RH_DELA_C_SKP,83606110,I,360003,1360030,Region,..Chattogram,14000,Three years preceding the survey,0,0,RHDELACSKP,BDDHS2011360003,2011,DHS,1176,1018,,,1
BGD,Chattogram,69338,Assistance during delivery from a skilled provider,24.8,1,BD,Bangladesh,2011,BD2011DHS,RH_DELA_C_SKP,83606110,I,360003,1360030,Region,..Chattogram,14001,Five years preceding the survey,0,0,RHDELACSKP,BDDHS2011360003,2011,DHS,2017,1749,,,1
BGD,Chattogram,6940824,Assistance during delivery from a skilled provider,31.2,1,BD,Bangladesh,2011,BD2011DHS,RH_DELA_C_SKP,83606110,I,360003,1360030,Region,..Chattogram,14002,Two years preceding the survey,0,1,RHDELACSKP,BDDHS2011360003,2011,DHS,806,694,,,1
BGD,Sylhet,5822466,Assistance during delivery from a skilled provider,24.2,1,BD,Bangladesh,2011,BD2011DHS,RH_DELA_C_SKP,83606110,I,360004,1360040,Region,..Sylhet,14000,Three years preceding the survey,0,0,RHDELACSKP,BDDHS2011360004,2011,DHS,375,781,,,1
BGD,Sylhet,837808,Assistance during delivery from a skilled provider,21.6,1,BD,Bangladesh,2011,BD2011DHS,RH_DELA_C_SKP,83606110,I,360004,1360040,Region,..Sylhet,14001,Five years preceding the survey,0,0,RHDELACSKP,BDDHS2011360004,2011,DHS,682,1409,,,1
BGD,Sylhet,3262712,Assistance during delivery from a skilled provider,24.8,1,BD,Bangladesh,2011,BD2011DHS,RH_DELA_C_SKP,83606110,I,360004,1360040,Region,..Sylhet,14002,Two years preceding the survey,0,1,RHDELACSKP,BDDHS2011360004,2011,DHS,245,502,,,1
BGD,Dhaka before 2015,5771031,Assistance during delivery from a skilled provider,31.4,1,BD,Bangladesh,2011,BD2011DHS,RH_DELA_C_SKP,83606110,I,360005,1360050,Region,Dhaka before 2015,14000,Three years preceding the survey,0,0,RHDELACSKP,BDDHS2011360005,2011,DHS,1510,801,,,1
BGD,Dhaka before 2015,6664208,Assistance during delivery from a skilled provider,28.1,1,BD,Bangladesh,2011,BD2011DHS,RH_DELA_C_SKP,83606110,I,360005,1360050,Region,Dhaka before 2015,14001,Five years preceding the survey,0,0,RHDELACSKP,BDDHS2011360005,2011,DHS,2727,1442,,,1
BGD,Dhaka before 2015,5139068,Assistance during delivery from a skilled provider,32.2,1,BD,Bangladesh,2011,BD2011DHS,RH_DELA_C_SKP,83606110,I,360005,1360050,Region,Dhaka before 2015,14002,Two years preceding the survey,0,1,RHDELACSKP,BDDHS2011360005,2011,DHS,1006,535,,,1
BGD,Khulna,5452567,Assistance during delivery from a skilled provider,48.6,1,BD,Bangladesh,2011,BD2011DHS,RH_DELA_C_SKP,83606110,I,360006,1360060,Region,Khulna,14000,Three years preceding the survey,0,0,RHDELACSKP,BDDHS2011360006,2011,DHS,463,578,,,1
BGD,Khulna,3964545,Assistance during delivery from a skilled provider,42.9,1,BD,Bangladesh,2011,BD2011DHS,RH_DELA_C_SKP,83606110,I,360006,1360060,Region,Khulna,14001,Five years preceding the survey,0,0,RHDELACSKP,BDDHS2011360006,2011,DHS,796,981,,,1
BGD,Khulna,7326678,Assistance during delivery from a skilled provider,51.7,1,BD,Bangladesh,2011,BD2011DHS,RH_DELA_C_SKP,83606110,I,360006,1360060,Region,Khulna,14002,Two years preceding the survey,0,1,RHDELACSKP,BDDHS2011360006,2011,DHS,314,397,,,1
BGD,Rajshahi/Rangpur,8117,Assistance during delivery from a skilled provider,29.9,1,BD,Bangladesh,2011,BD2011DHS,RH_DELA_C_SKP,83606110,I,360007,1360070,Region,Rajshahi/Rangpur,14000,Three years preceding the survey,0,0,RHDELACSKP,BDDHS2011360007,2011,DHS,1159,1235,,,
BGD,Rajshahi/Rangpur,7278872,Assistance during delivery from a skilled provider,26.1,1,BD,Bangladesh,2011,BD2011DHS,RH_DELA_C_SKP,83606110,I,360007,1360070,Region,Rajshahi/Rangpur,14001,Five years preceding the survey,0,0,RHDELACSKP,BDDHS2011360007,2011,DHS,2076,2185,,,
BGD,Rajshahi/Rangpur,4710855,Assistance during delivery from a skilled provider,31.2,1,BD,Bangladesh,2011,BD2011DHS,RH_DELA_C_SKP,83606110,I,360007,1360070,Region,Rajshahi/Rangpur,14002,Two years preceding the survey,0,1,RHDELACSKP,BDDHS2011360007,2011,DHS,793,842,,,
BGD,Rangpur,2617510,Assistance during delivery from a skilled provider,28.5,1,BD,Bangladesh,2011,BD2011DHS,RH_DELA_C_SKP,83606110,I,360008,1360080,Region,..Rangpur,14000,Three years preceding the survey,0,0,RHDELACSKP,BDDHS2011360008,2011,DHS,513,618,,,1
BGD,Rangpur,830012,Assistance during delivery from a skilled provider,25,1,BD,Bangladesh,2011,BD2011DHS,RH_DELA_C_SKP,83606110,I,360008,1360080,Region,..Rangpur,14001,Five years preceding the survey,0,0,RHDELACSKP,BDDHS2011360008,2011,DHS,926,1105,,,1
BGD,Rangpur,6139181,Assistance during delivery from a skilled provider,29.4,1,BD,Bangladesh,2011,BD2011DHS,RH_DELA_C_SKP,83606110,I,360008,1360080,Region,..Rangpur,14002,Two years preceding the survey,0,1,RHDELACSKP,BDDHS2011360008,2011,DHS,341,414,,,1
BGD,Rajshahi,6480785,Assistance during delivery from a skilled provider,30.9,1,BD,Bangladesh,2011,BD2011DHS,RH_DELA_C_SKP,83606110,I,360009,1360090,Region,..Rajshahi,14000,Three years preceding the survey,0,0,RHDELACSKP,BDDHS2011360009,2011,DHS,646,617,,,1
BGD,Rajshahi,4945291,Assistance during delivery from a skilled provider,26.9,1,BD,Bangladesh,2011,BD2011DHS,RH_DELA_C_SKP,83606110,I,360009,1360090,Region,..Rajshahi,14001,Five years preceding the survey,0,0,RHDELACSKP,BDDHS2011360009,2011,DHS,1150,1080,,,1
BGD,Rajshahi,3567089,Assistance during delivery from a skilled provider,32.5,1,BD,Bangladesh,2011,BD2011DHS,RH_DELA_C_SKP,83606110,I,360009,1360090,Region,..Rajshahi,14002,Two years preceding the survey,0,1,RHDELACSKP,BDDHS2011360009,2011,DHS,451,428,,,1
BGD,Barishal,7387562,DPT 3 vaccination received,91.4,1,BD,Bangladesh,2011,BD2011DHS,CH_VACC_C_DP3,93906040,I,360001,1360010,Region,Barishal,0,,0,1,CHVACCCDP3,BDDHS2011360001,2011,DHS,84,170,,,1
BGD,Chattogram/Sylhet,4673719,DPT 3 vaccination received,90.5,1,BD,Bangladesh,2011,BD2011DHS,CH_VACC_C_DP3,93906040,I,360002,1360020,Region,Chattogram/Sylhet,0,,0,1,CHVACCCDP3,BDDHS2011360002,2011,DHS,475,549,,,
BGD,Chattogram,6271369,DPT 3 vaccination received,90.9,1,BD,Bangladesh,2011,BD2011DHS,CH_VACC_C_DP3,93906040,I,360003,1360030,Region,..Chattogram,0,,0,1,CHVACCCDP3,BDDHS2011360003,2011,DHS,366,323,,,1
BGD,Sylhet,2071052,DPT 3 vaccination received,88.9,1,BD,Bangladesh,2011,BD2011DHS,CH_VACC_C_DP3,93906040,I,360004,1360040,Region,..Sylhet,0,,0,1,CHVACCCDP3,BDDHS2011360004,2011,DHS,109,226,,,1
BGD,Dhaka before 2015,5580844,DPT 3 vaccination received,93.9,1,BD,Bangladesh,2011,BD2011DHS,CH_VACC_C_DP3,93906040,I,360005,1360050,Region,Dhaka before 2015,0,,0,1,CHVACCCDP3,BDDHS2011360005,2011,DHS,478,254,,,1
BGD,Khulna,799790,DPT 3 vaccination received,97.2,1,BD,Bangladesh,2011,BD2011DHS,CH_VACC_C_DP3,93906040,I,360006,1360060,Region,Khulna,0,,0,1,CHVACCCDP3,BDDHS2011360006,2011,DHS,144,182,,,1
BGD,Rajshahi/Rangpur,4085848,DPT 3 vaccination received,95.6,1,BD,Bangladesh,2011,BD2011DHS,CH_VACC_C_DP3,93906040,I,360007,1360070,Region,Rajshahi/Rangpur,0,,0,1,CHVACCCDP3,BDDHS2011360007,2011,DHS,366,391,,,
BGD,Rangpur,3567380,DPT 3 vaccination received,96.1,1,BD,Bangladesh,2011,BD2011DHS,CH_VACC_C_DP3,93906040,I,360008,1360080,Region,..Rangpur,0,,0,1,CHVACCCDP3,BDDHS2011360008,2011,DHS,148,180,,,1
BGD,Rajshahi,3997863,DPT 3 vaccination received,95.3,1,BD,Bangladesh,2011,BD2011DHS,CH_VACC_C_DP3,93906040,I,360009,1360090,Region,..Rajshahi,0,,0,1,CHVACCCDP3,BDDHS2011360009,2011,DHS,218,211,,,1
BGD,Barishal,2766911,Children stunted,45.1,1,BD,Bangladesh,2011,BD2011DHS,CN_NUTS_C_HA2,104236020,I,360001,1360010,Region,Barishal,0,,0,1,CNNUTSCHA2,BDDHS2011360001,2011,DHS,433,870,,,1
BGD,Chattogram/Sylhet,4729155,Children stunted,43.3,1,BD,Bangladesh,2011,BD2011DHS,CN_NUTS_C_HA2,104236020,I,360002,1360020,Region,Chattogram/Sylhet,0,,0,1,CNNUTSCHA2,BDDHS2011360002,2011,DHS,2369,2779,,,
BGD,Chattogram,694882,Children stunted,41.3,1,BD,Bangladesh,2011,BD2011DHS,CN_NUTS_C_HA2,104236020,I,360003,1360030,Region,..Chattogram,0,,0,1,CNNUTSCHA2,BDDHS2011360003,2011,DHS,1773,1545,,,1
BGD,Sylhet,4099182,Children stunted,49.3,1,BD,Bangladesh,2011,BD2011DHS,CN_NUTS_C_HA2,104236020,I,360004,1360040,Region,..Sylhet,0,,0,1,CNNUTSCHA2,BDDHS2011360004,2011,DHS,596,1234,,,1
BGD,Dhaka before 2015,6108968,Children stunted,43.3,1,BD,Bangladesh,2011,BD2011DHS,CN_NUTS_C_HA2,104236020,I,360005,1360050,Region,Dhaka before 2015,0,,0,1,CNNUTSCHA2,BDDHS2011360005,2011,DHS,2469,1318,,,1
BGD,Khulna,1282708,Children stunted,34.1,1,BD,Bangladesh,2011,BD2011DHS,CN_NUTS_C_HA2,104236020,I,360006,1360060,Region,Khulna,0,,0,1,CNNUTSCHA2,BDDHS2011360006,2011,DHS,744,910,,,1
BGD,Rajshahi/Rangpur,172956,Children stunted,38,1,BD,Bangladesh,2011,BD2011DHS,CN_NUTS_C_HA2,104236020,I,360007,1360070,Region,Rajshahi/Rangpur,0,,0,1,CNNUTSCHA2,BDDHS2011360007,2011,DHS,1845,1949,,,
BGD,Rangpur,3967354,Children stunted,42.9,1,BD,Bangladesh,2011,BD2011DHS,CN_NUTS_C_HA2,104236020,I,360008,1360080,Region,..Rangpur,0,,0,1,CNNUTSCHA2,BDDHS2011360008,2011,DHS,859,1014,,,1
BGD,Rajshahi,6920140,Children stunted,33.7,1,BD,Bangladesh,2011,BD2011DHS,CN_NUTS_C_HA2,104236020,I,360009,1360090,Region,..Rajshahi,0,,0,1,CNNUTSCHA2,BDDHS2011360009,2011,DHS,986,935,,,1
BGD,Barishal,6786597,Children wasted,15.2,1,BD,Bangladesh,2011,BD2011DHS,CN_NUTS_C_WH2,104236050,I,360001,1360010,Region,Barishal,0,,0,1,CNNUTSCWH2,BDDHS2011360001,2011,DHS,433,870,,,1
BGD,Chattogram/Sylhet,2745034,Children wasted,16.5,1,BD,Bangladesh,2011,BD2011DHS,CN_NUTS_C_WH2,104236050,I,360002,1360020,Region,Chattogram/Sylhet,0,,0,1,CNNUTSCWH2,BDDHS2011360002,2011,DHS,2369,2779,,,
BGD,Chattogram,5098480,Children wasted,15.9,1,BD,Bangladesh,2011,BD2011DHS,CN_NUTS_C_WH2,104236050,I,360003,1360030,Region,..Chattogram,0,,0,1,CNNUTSCWH2,BDDHS2011360003,2011,DHS,1773,1545,,,1
BGD,Sylhet,663103,Children wasted,18.4,1,BD,Bangladesh,2011,BD2011DHS,CN_NUTS_C_WH2,104236050,I,360004,1360040,Region,..Sylhet,0,,0,1,CNNUTSCWH2,BDDHS2011360004,2011,DHS,596,1234,,,1
BGD,Dhaka before 2015,1304293,Children wasted,15.7,1,BD,Bangladesh,2011,BD2011DHS,CN_NUTS_C_WH2,104236050,I,360005,1360050,Region,Dhaka before 2015,0,,0,1,CNNUTSCWH2,BDDHS2011360005,2011,DHS,2469,1318,,,1
BGD,Khulna,5947039,Children wasted,14.6,1,BD,Bangladesh,2011,BD2011DHS,CN_NUTS_C_WH2,104236050,I,360006,1360060,Region,Khulna,0,,0,1,CNNUTSCWH2,BDDHS2011360006,2011,DHS,744,910,,,1
BGD,Rajshahi/Rangpur,4798434,Children wasted,14.9,1,BD,Bangladesh,2011,BD2011DHS,CN_NUTS_C_WH2,104236050,I,360007,1360070,Region,Rajshahi/Rangpur,0,,0,1,CNNUTSCWH2,BDDHS2011360007,2011,DHS,1845,1949,,,
BGD,Rangpur,542963,Children wasted,13.2,1,BD,Bangladesh,2011,BD2011DHS,CN_NUTS_C_WH2,104236050,I,360008,1360080,Region,..Rangpur,0,,0,1,CNNUTSCWH2,BDDHS2011360008,2011,DHS,859,1014,,,1
BGD,Rajshahi,4053874,Children wasted,16.4,1,BD,Bangladesh,2011,BD2011DHS,CN_NUTS_C_WH2,104236050,I,360009,1360090,Region,..Rajshahi,0,,0,1,CNNUTSCWH2,BDDHS2011360009,2011,DHS,986,935,,,1
BGD,Barishal,6786653,Children overweight,1.6,1,BD,Bangladesh,2011,BD2011DHS,CN_NUTS_C_WHP,104236060,I,360001,1360010,Region,Barishal,0,,0,1,CNNUTSCWHP,BDDHS2011360001,2011,DHS,433,870,,,1
BGD,Chattogram/Sylhet,2745052,Children overweight,1.4,1,BD,Bangladesh,2011,BD2011DHS,CN_NUTS_C_WHP,104236060,I,360002,1360020,Region,Chattogram/Sylhet,0,,0,1,CNNUTSCWHP,BDDHS2011360002,2011,DHS,2369,2779,,,
BGD,Chattogram,5098481,Children overweight,1.3,1,BD,Bangladesh,2011,BD2011DHS,CN_NUTS_C_WHP,104236060,I,360003,1360030,Region,..Chattogram,0,,0,1,CNNUTSCWHP,BDDHS2011360003,2011,DHS,1773,1545,,,1
BGD,Sylhet,663104,Children overweight,1.8,1,BD,Bangladesh,2011,BD2011DHS,CN_NUTS_C_WHP,104236060,I,360004,1360040,Region,..Sylhet,0,,0,1,CNNUTSCWHP,BDDHS2011360004,2011,DHS,596,1234,,,1
BGD,Dhaka before 2015,1304294,Children overweight,1.9,1,BD,Bangladesh,2011,BD2011DHS,CN_NUTS_C_WHP,104236060,I,360005,1360050,Region,Dhaka before 2015,0,,0,1,CNNUTSCWHP,BDDHS2011360005,2011,DHS,2469,1318,,,1
BGD,Khulna,5947040,Children overweight,1.3,1,BD,Bangladesh,2011,BD2011DHS,CN_NUTS_C_WHP,104236060,I,360006,1360060,Region,Khulna,0,,0,1,CNNUTSCWHP,BDDHS2011360006,2011,DHS,744,910,,,1
BGD,Rajshahi/Rangpur,4798435,Children overweight,1.2,1,BD,Bangladesh,2011,BD2011DHS,CN_NUTS_C_WHP,104236060,I,360007,1360070,Region,Rajshahi/Rangpur,0,,0,1,CNNUTSCWHP,BDDHS2011360007,2011,DHS,1845,1949,,,
BGD,Rangpur,542965,Children overweight,1.5,1,BD,Bangladesh,2011,BD2011DHS,CN_NUTS_C_WHP,104236060,I,360008,1360080,Region,..Rangpur,0,,0,1,CNNUTSCWHP,BDDHS2011360008,2011,DHS,859,1014,,,1
BGD,Rajshahi,4053875,Children overweight,1,1,BD,Bangladesh,2011,BD2011DHS,CN_NUTS_C_WHP,104236060,I,360009,1360090,Region,..Rajshahi,0,,0,1,CNNUTSCWHP,BDDHS2011360009,2011,DHS,986,935,,,1
BGD,Barishal,1297436,Women with any anemia,45.6,1,BD,Bangladesh,2011,BD2011DHS,AN_ANEM_W_ANY,114603010,I,360001,1360010,Region,Barishal,0,,0,1,ANANEMWANY,BDDHS2011360001,2011,DHS,306,628,,,1
BGD,Chattogram/Sylhet,7076329,Women with any anemia,38.7,1,BD,Bangladesh,2011,BD2011DHS,AN_ANEM_W_ANY,114603010,I,360002,1360020,Region,Chattogram/Sylhet,0,,0,1,ANANEMWANY,BDDHS2011360002,2011,DHS,1301,1562,,,
BGD,Chattogram,3354623,Women with any anemia,38.4,1,BD,Bangladesh,2011,BD2011DHS,AN_ANEM_W_ANY,114603010,I,360003,1360030,Region,..Chattogram,0,,0,1,ANANEMWANY,BDDHS2011360003,2011,DHS,991,888,,,1
BGD,Sylhet,1290476,Women with any anemia,39.7,1,BD,Bangladesh,2011,BD2011DHS,AN_ANEM_W_ANY,114603010,I,360004,1360040,Region,..Sylhet,0,,0,1,ANANEMWANY,BDDHS2011360004,2011,DHS,310,674,,,1
BGD,Dhaka before 2015,7130536,Women with any anemia,43.1,1,BD,Bangladesh,2011,BD2011DHS,AN_ANEM_W_ANY,114603010,I,360005,1360050,Region,Dhaka before 2015,0,,0,1,ANANEMWANY,BDDHS2011360005,2011,DHS,1850,982,,,1
BGD,Khulna,4487348,Women with any anemia,37.4,1,BD,Bangladesh,2011,BD2011DHS,AN_ANEM_W_ANY,114603010,I,360006,1360060,Region,Khulna,0,,0,1,ANANEMWANY,BDDHS2011360006,2011,DHS,708,872,,,1
BGD,Rajshahi/Rangpur,38291,Women with any anemia,46.4,1,BD,Bangladesh,2011,BD2011DHS,AN_ANEM_W_ANY,114603010,I,360007,1360070,Region,Rajshahi/Rangpur,0,,0,1,ANANEMWANY,BDDHS2011360007,2011,DHS,1511,1622,,,
BGD,Rangpur,1282879,Women with any anemia,49.5,1,BD,Bangladesh,2011,BD2011DHS,AN_ANEM_W_ANY,114603010,I,360008,1360080,Region,..Rangpur,0,,0,1,ANANEMWANY,BDDHS2011360008,2011,DHS,664,791,,,1
BGD,Rajshahi,7033608,Women with any anemia,44.1,1,BD,Bangladesh,2011,BD2011DHS,AN_ANEM_W_ANY,114603010,I,360009,1360090,Region,..Rajshahi,0,,0,1,ANANEMWANY,BDDHS2011360009,2011,DHS,847,831,,,1
BGD,Barishal,5951569,Children registered,33.6,1,BD,Bangladesh,2011,BD2011DHS,CP_BREG_C_REG,220906030,I,360001,1360010,Region,Barishal,0,,0,1,CPBREGCREG,BDDHS2011360001,2011,DHS,476,941,,,1
BGD,Chattogram/Sylhet,5853549,Children registered,34.3,1,BD,Bangladesh,2011,BD2011DHS,CP_BREG_C_REG,220906030,I,360002,1360020,Region,Chattogram/Sylhet,0,,0,1,CPBREGCREG,BDDHS2011360002,2011,DHS,2602,3038,,,
BGD,Chattogram,3685777,Children registered,31.2,1,BD,Bangladesh,2011,BD2011DHS,CP_BREG_C_REG,220906030,I,360003,1360030,Region,..Chattogram,0,,0,1,CPBREGCREG,BDDHS2011360003,2011,DHS,1956,1699,,,1
BGD,Sylhet,6882020,Children registered,43.5,1,BD,Bangladesh,2011,BD2011DHS,CP_BREG_C_REG,220906030,I,360004,1360040,Region,..Sylhet,0,,0,1,CPBREGCREG,BDDHS2011360004,2011,DHS,646,1339,,,1
BGD,Dhaka before 2015,2638348,Children registered,26.9,1,BD,Bangladesh,2011,BD2011DHS,CP_BREG_C_REG,220906030,I,360005,1360050,Region,Dhaka before 2015,0,,0,1,CPBREGCREG,BDDHS2011360005,2011,DHS,2646,1420,,,1
BGD,Khulna,4717263,Children registered,31.9,1,BD,Bangladesh,2011,BD2011DHS,CP_BREG_C_REG,220906030,I,360006,1360060,Region,Khulna,0,,0,1,CPBREGCREG,BDDHS2011360006,2011,DHS,761,934,,,1
BGD,Rajshahi/Rangpur,5875948,Children registered,29.2,1,BD,Bangladesh,2011,BD2011DHS,CP_BREG_C_REG,220906030,I,360007,1360070,Region,Rajshahi/Rangpur,0,,0,1,CPBREGCREG,BDDHS2011360007,2011,DHS,2002,2115,,,
BGD,Rangpur,1107742,Children registered,33.1,1,BD,Bangladesh,2011,BD2011DHS,CP_BREG_C_REG,220906030,I,360008,1360080,Region,..Rangpur,0,,0,1,CPBREGCREG,BDDHS2011360008,2011,DHS,924,1103,,,1
BGD,Rajshahi,5692620,Children registered,26,1,BD,Bangladesh,2011,BD2011DHS,CP_BREG_C_REG,220906030,I,360009,1360090,Region,..Rajshahi,0,,0,1,CPBREGCREG,BDDHS2011360009,2011,DHS,1077,1012,,,1
BGD,Barishal,585297,Population using open defecation,1.8,1,BD,Bangladesh,2011,BD2011DHS,WS_TLET_P_NFC,250262210,I,360001,1360010,Region,Barishal,0,,0,1,WSTLETPNFC,BDDHS2011360001,2011,DHS,4603,9263,,,1
BGD,Chattogram/Sylhet,6163152,Population using open defecation,2.4,1,BD,Bangladesh,2011,BD2011DHS,WS_TLET_P_NFC,250262210,I,360002,1360020,Region,Chattogram/Sylhet,0,,0,1,WSTLETPNFC,BDDHS2011360002,2011,DHS,20521,24536,,,
BGD,Chattogram,375111,Population using open defecation,2.1,1,BD,Bangladesh,2011,BD2011DHS,WS_TLET_P_NFC,250262210,I,360003,1360030,Region,..Chattogram,0,,0,1,WSTLETPNFC,BDDHS2011360003,2011,DHS,15386,13549,,,1
BGD,Sylhet,6911111,Population using open defecation,3.4,1,BD,Bangladesh,2011,BD2011DHS,WS_TLET_P_NFC,250262210,I,360004,1360040,Region,..Sylhet,0,,0,1,WSTLETPNFC,BDDHS2011360004,2011,DHS,5135,10987,,,1
BGD,Dhaka before 2015,3046107,Population using open defecation,4,1,BD,Bangladesh,2011,BD2011DHS,WS_TLET_P_NFC,250262210,I,360005,1360050,Region,Dhaka before 2015,0,,0,1,WSTLETPNFC,BDDHS2011360005,2011,DHS,25126,13594,,,1
BGD,Khulna,4717780,Population using open defecation,1.6,1,BD,Bangladesh,2011,BD2011DHS,WS_TLET_P_NFC,250262210,I,360006,1360060,Region,Khulna,0,,0,1,WSTLETPNFC,BDDHS2011360006,2011,DHS,8742,10712,,,1
BGD,Rajshahi/Rangpur,7390998,Population using open defecation,7.8,1,BD,Bangladesh,2011,BD2011DHS,WS_TLET_P_NFC,250262210,I,360007,1360070,Region,Rajshahi/Rangpur,0,,0,1,WSTLETPNFC,BDDHS2011360007,2011,DHS,19917,21378,,,
BGD,Rangpur,311606,Population using open defecation,12.5,1,BD,Bangladesh,2011,BD2011DHS,WS_TLET_P_NFC,250262210,I,360008,1360080,Region,..Rangpur,0,,0,1,WSTLETPNFC,BDDHS2011360008,2011,DHS,8916,10716,,,1
BGD,Rajshahi,5483498,Population using open defecation,3.9,1,BD,Bangladesh,2011,BD2011DHS,WS_TLET_P_NFC,250262210,I,360009,1360090,Region,..Rajshahi,0,,0,1,WSTLETPNFC,BDDHS2011360009,2011,DHS,11001,10662,,,1
BGD,Barishal,585298,Population with basic sanitation service,39.6,1,BD,Bangladesh,2011,BD2011DHS,WS_TLET_P_BAS,250262300,I,360001,1360010,Region,Barishal,0,,0,1,WSTLETPBAS,BDDHS2011360001,2011,DHS,4603,9263,,,1
BGD,Chattogram/Sylhet,6163159,Population with basic sanitation service,40.9,1,BD,Bangladesh,2011,BD2011DHS,WS_TLET_P_BAS,250262300,I,360002,1360020,Region,Chattogram/Sylhet,0,,0,1,WSTLETPBAS,BDDHS2011360002,2011,DHS,20521,24536,,,
BGD,Chattogram,375112,Population with basic sanitation service,41.4,1,BD,Bangladesh,2011,BD2011DHS,WS_TLET_P_BAS,250262300,I,360003,1360030,Region,..Chattogram,0,,0,1,WSTLETPBAS,BDDHS2011360003,2011,DHS,15386,13549,,,1
BGD,Sylhet,6911112,Population with basic sanitation service,39.7,1,BD,Bangladesh,2011,BD2011DHS,WS_TLET_P_BAS,250262300,I,360004,1360040,Region,..Sylhet,0,,0,1,WSTLETPBAS,BDDHS2011360004,2011,DHS,5135,10987,,,1
BGD,Dhaka before 2015,3046108,Population with basic sanitation service,33.7,1,BD,Bangladesh,2011,BD2011DHS,WS_TLET_P_BAS,250262300,I,360005,1360050,Region,Dhaka before 2015,0,,0,1,WSTLETPBAS,BDDHS2011360005,2011,DHS,25126,13594,,,1
BGD,Khulna,4717781,Population with basic sanitation service,38.6,1,BD,Bangladesh,2011,BD2011DHS,WS_TLET_P_BAS,250262300,I,360006,1360060,Region,Khulna,0,,0,1,WSTLETPBAS,BDDHS2011360006,2011,DHS,8742,10712,,,1
BGD,Rajshahi/Rangpur,7391022,Population with basic sanitation service,37.3,1,BD,Bangladesh,2011,BD2011DHS,WS_TLET_P_BAS,250262300,I,360007,1360070,Region,Rajshahi/Rangpur,0,,0,1,WSTLETPBAS,BDDHS2011360007,2011,DHS,19917,21378,,,
BGD,Rangpur,311562,Population with basic sanitation service,35.4,1,BD,Bangladesh,2011,BD2011DHS,WS_TLET_P_BAS,250262300,I,360008,1360080,Region,..Rangpur,0,,0,1,WSTLETPBAS,BDDHS2011360008,2011,DHS,8916,10716,,,1
BGD,Rajshahi,5483499,Population with basic sanitation service,38.8,1,BD,Bangladesh,2011,BD2011DHS,WS_TLET_P_BAS,250262300,I,360009,1360090,Region,..Rajshahi,0,,0,1,WSTLETPBAS,BDDHS2011360009,2011,DHS,11001,10662,,,1
BGD,Barishal,3007130,"Population with a basic handwashing facility, with soap and water available",11.4,1,BD,Bangladesh,2011,BD2011DHS,WS_HNDW_P_BAS,250302150,I,360001,1360010,Region,Barishal,0,,0,1,WSHNDWPBAS,BDDHS2011360001,2011,DHS,4296,8702,,,1
BGD,Chattogram/Sylhet,6527261,"Population with a basic handwashing facility, with soap and water available",21.6,1,BD,Bangladesh,2011,BD2011DHS,WS_HNDW_P_BAS,250302150,I,360002,1360020,Region,Chattogram/Sylhet,0,,0,1,WSHNDWPBAS,BDDHS2011360002,2011,DHS,19945,23968,,,
BGD,Chattogram,2881787,"Population with a basic handwashing facility, with soap and water available",21.5,1,BD,Bangladesh,2011,BD2011DHS,WS_HNDW_P_BAS,250302150,I,360003,1360030,Region,..Chattogram,0,,0,1,WSHNDWPBAS,BDDHS2011360003,2011,DHS,14912,13170,,,1
BGD,Sylhet,433737,"Population with a basic handwashing facility, with soap and water available",22.1,1,BD,Bangladesh,2011,BD2011DHS,WS_HNDW_P_BAS,250302150,I,360004,1360040,Region,..Sylhet,0,,0,1,WSHNDWPBAS,BDDHS2011360004,2011,DHS,5033,10798,,,1
BGD,Dhaka before 2015,1121997,"Population with a basic handwashing facility, with soap and water available",26,1,BD,Bangladesh,2011,BD2011DHS,WS_HNDW_P_BAS,250302150,I,360005,1360050,Region,Dhaka before 2015,0,,0,1,WSHNDWPBAS,BDDHS2011360005,2011,DHS,24420,13227,,,1
BGD,Khulna,5483500,"Population with a basic handwashing facility, with soap and water available",18.1,1,BD,Bangladesh,2011,BD2011DHS,WS_HNDW_P_BAS,250302150,I,360006,1360060,Region,Khulna,0,,0,1,WSHNDWPBAS,BDDHS2011360006,2011,DHS,8646,10595,,,1
BGD,Rajshahi/Rangpur,7116672,"Population with a basic handwashing facility, with soap and water available",24.9,1,BD,Bangladesh,2011,BD2011DHS,WS_HNDW_P_BAS,250302150,I,360007,1360070,Region,Rajshahi/Rangpur,0,,0,1,WSHNDWPBAS,BDDHS2011360007,2011,DHS,19341,20875,,,
BGD,Rangpur,4225784,"Population with a basic handwashing facility, with soap and water available",27.6,1,BD,Bangladesh,2011,BD2011DHS,WS_HNDW_P_BAS,250302150,I,360008,1360080,Region,..Rangpur,0,,0,1,WSHNDWPBAS,BDDHS2011360008,2011,DHS,8853,10642,,,1
BGD,Rajshahi,3532602,"Population with a basic handwashing facility, with soap and water available",22.6,1,BD,Bangladesh,2011,BD2011DHS,WS_HNDW_P_BAS,250302150,I,360009,1360090,Region,..Rajshahi,0,,0,1,WSHNDWPBAS,BDDHS2011360009,2011,DHS,10488,10233,,,1
BGD,Barishal,1099000,Population with electricity,46.7,1,BD,Bangladesh,2011,BD2011DHS,HC_ELEC_P_ELC,260322010,I,360001,1360010,Region,Barishal,0,,0,1,HCELECPELC,BDDHS2011360001,2011,DHS,4603,9263,,,1
BGD,Chattogram/Sylhet,7052138,Population with electricity,63.8,1,BD,Bangladesh,2011,BD2011DHS,HC_ELEC_P_ELC,260322010,I,360002,1360020,Region,Chattogram/Sylhet,0,,0,1,HCELECPELC,BDDHS2011360002,2011,DHS,20521,24536,,,
BGD,Chattogram,5646049,Population with electricity,66.6,1,BD,Bangladesh,2011,BD2011DHS,HC_ELEC_P_ELC,260322010,I,360003,1360030,Region,..Chattogram,0,,0,1,HCELECPELC,BDDHS2011360003,2011,DHS,15386,13549,,,1
BGD,Sylhet,4209438,Population with electricity,55.3,1,BD,Bangladesh,2011,BD2011DHS,HC_ELEC_P_ELC,260322010,I,360004,1360040,Region,..Sylhet,0,,0,1,HCELECPELC,BDDHS2011360004,2011,DHS,5135,10987,,,1
BGD,Dhaka before 2015,3683479,Population with electricity,68.7,1,BD,Bangladesh,2011,BD2011DHS,HC_ELEC_P_ELC,260322010,I,360005,1360050,Region,Dhaka before 2015,0,,0,1,HCELECPELC,BDDHS2011360005,2011,DHS,25126,13594,,,1
BGD,Khulna,3653963,Population with electricity,63,1,BD,Bangladesh,2011,BD2011DHS,HC_ELEC_P_ELC,260322010,I,360006,1360060,Region,Khulna,0,,0,1,HCELECPELC,BDDHS2011360006,2011,DHS,8742,10712,,,1
BGD,Rajshahi/Rangpur,5353968,Population with electricity,49.5,1,BD,Bangladesh,2011,BD2011DHS,HC_ELEC_P_ELC,260322010,I,360007,1360070,Region,Rajshahi/Rangpur,0,,0,1,HCELECPELC,BDDHS2011360007,2011,DHS,19917,21378,,,
BGD,Rangpur,542525,Population with electricity,37.9,1,BD,Bangladesh,2011,BD2011DHS,HC_ELEC_P_ELC,260322010,I,360008,1360080,Region,..Rangpur,0,,0,1,HCELECPELC,BDDHS2011360008,2011,DHS,8916,10716,,,1
BGD,Rajshahi,1107263,Population with electricity,58.9,1,BD,Bangladesh,2011,BD2011DHS,HC_ELEC_P_ELC,260322010,I,360009,1360090,Region,..Rajshahi,0,,0,1,HCELECPELC,BDDHS2011360009,2011,DHS,11001,10662,,,1
BGD,Barishal,1098825,Population using clean fuel for cooking ,1.2,1,BD,Bangladesh,2011,BD2011DHS,HC_CKFL_P_CLN,260432150,I,360001,1360010,Region,Barishal,0,,0,1,HCCKFLPCLN,BDDHS2011360001,2011,DHS,4603,9263,,,1
BGD,Chattogram/Sylhet,7052172,Population using clean fuel for cooking ,11.9,1,BD,Bangladesh,2011,BD2011DHS,HC_CKFL_P_CLN,260432150,I,360002,1360020,Region,Chattogram/Sylhet,0,,0,1,HCCKFLPCLN,BDDHS2011360002,2011,DHS,20521,24536,,,
BGD,Chattogram,5646046,Population using clean fuel for cooking ,12.2,1,BD,Bangladesh,2011,BD2011DHS,HC_CKFL_P_CLN,260432150,I,360003,1360030,Region,..Chattogram,0,,0,1,HCCKFLPCLN,BDDHS2011360003,2011,DHS,15386,13549,,,1
BGD,Sylhet,4209435,Population using clean fuel for cooking ,10.9,1,BD,Bangladesh,2011,BD2011DHS,HC_CKFL_P_CLN,260432150,I,360004,1360040,Region,..Sylhet,0,,0,1,HCCKFLPCLN,BDDHS2011360004,2011,DHS,5135,10987,,,1
BGD,Dhaka before 2015,3683475,Population using clean fuel for cooking ,27,1,BD,Bangladesh,2011,BD2011DHS,HC_CKFL_P_CLN,260432150,I,360005,1360050,Region,Dhaka before 2015,0,,0,1,HCCKFLPCLN,BDDHS2011360005,2011,DHS,25126,13594,,,1
BGD,Khulna,3653986,Population using clean fuel for cooking ,2.2,1,BD,Bangladesh,2011,BD2011DHS,HC_CKFL_P_CLN,260432150,I,360006,1360060,Region,Khulna,0,,0,1,HCCKFLPCLN,BDDHS2011360006,2011,DHS,8742,10712,,,1
BGD,Rajshahi/Rangpur,5354000,Population using clean fuel for cooking ,2.4,1,BD,Bangladesh,2011,BD2011DHS,HC_CKFL_P_CLN,260432150,I,360007,1360070,Region,Rajshahi/Rangpur,0,,0,1,HCCKFLPCLN,BDDHS2011360007,2011,DHS,19917,21378,,,
BGD,Rangpur,542507,Population using clean fuel for cooking ,0.6,1,BD,Bangladesh,2011,BD2011DHS,HC_CKFL_P_CLN,260432150,I,360008,1360080,Region,..Rangpur,0,,0,1,HCCKFLPCLN,BDDHS2011360008,2011,DHS,8916,10716,,,1
BGD,Rajshahi,1107262,Population using clean fuel for cooking ,3.9,1,BD,Bangladesh,2011,BD2011DHS,HC_CKFL_P_CLN,260432150,I,360009,1360090,Region,..Rajshahi,0,,0,1,HCCKFLPCLN,BDDHS2011360009,2011,DHS,11001,10662,,,1
BGD,Barishal,1804399,Age specific fertility rate: 10-14,11,0,BD,Bangladesh,2014,BD2014DHS,FE_FRTR_W_A10,11763005,I,360001,1360010,Region,Barishal,0,,0,1,FEFRTRWA10,BDDHS2014360001,2014,DHS,,,,,1
BGD,Chattogram/Sylhet,1811218,Age specific fertility rate: 10-14,5,0,BD,Bangladesh,2014,BD2014DHS,FE_FRTR_W_A10,11763005,I,360002,1360020,Region,Chattogram/Sylhet,0,,0,1,FEFRTRWA10,BDDHS2014360002,2014,DHS,,,,,
BGD,Chattogram,1804402,Age specific fertility rate: 10-14,4,0,BD,Bangladesh,2014,BD2014DHS,FE_FRTR_W_A10,11763005,I,360003,1360030,Region,..Chattogram,0,,0,1,FEFRTRWA10,BDDHS2014360003,2014,DHS,,,,,1
BGD,Sylhet,1797258,Age specific fertility rate: 10-14,7,0,BD,Bangladesh,2014,BD2014DHS,FE_FRTR_W_A10,11763005,I,360004,1360040,Region,..Sylhet,0,,0,1,FEFRTRWA10,BDDHS2014360004,2014,DHS,,,,,1
BGD,Dhaka before 2015,1811136,Age specific fertility rate: 10-14,14,0,BD,Bangladesh,2014,BD2014DHS,FE_FRTR_W_A10,11763005,I,360005,1360050,Region,Dhaka before 2015,0,,0,1,FEFRTRWA10,BDDHS2014360005,2014,DHS,,,,,1
BGD,Khulna,1804371,Age specific fertility rate: 10-14,10,0,BD,Bangladesh,2014,BD2014DHS,FE_FRTR_W_A10,11763005,I,360006,1360060,Region,Khulna,0,,0,1,FEFRTRWA10,BDDHS2014360006,2014,DHS,,,,,1
BGD,Rajshahi/Rangpur,1811155,Age specific fertility rate: 10-14,10,0,BD,Bangladesh,2014,BD2014DHS,FE_FRTR_W_A10,11763005,I,360007,1360070,Region,Rajshahi/Rangpur,0,,0,1,FEFRTRWA10,BDDHS2014360007,2014,DHS,,,,,
BGD,Rangpur,1817738,Age specific fertility rate: 10-14,10,0,BD,Bangladesh,2014,BD2014DHS,FE_FRTR_W_A10,11763005,I,360008,1360080,Region,..Rangpur,0,,0,1,FEFRTRWA10,BDDHS2014360008,2014,DHS,,,,,1
BGD,Rajshahi,1817746,Age specific fertility rate: 10-14,11,0,BD,Bangladesh,2014,BD2014DHS,FE_FRTR_W_A10,11763005,I,360009,1360090,Region,..Rajshahi,0,,0,1,FEFRTRWA10,BDDHS2014360009,2014,DHS,,,,,1
BGD,Barishal,1804400,Age specific fertility rate: 15-19,100,0,BD,Bangladesh,2014,BD2014DHS,FE_FRTR_W_A15,11763010,I,360001,1360010,Region,Barishal,0,,0,1,FEFRTRWA15,BDDHS2014360001,2014,DHS,,,,,1
BGD,Chattogram/Sylhet,1811219,Age specific fertility rate: 15-19,110,0,BD,Bangladesh,2014,BD2014DHS,FE_FRTR_W_A15,11763010,I,360002,1360020,Region,Chattogram/Sylhet,0,,0,1,FEFRTRWA15,BDDHS2014360002,2014,DHS,,,,,
BGD,Chattogram,1804403,Age specific fertility rate: 15-19,117,0,BD,Bangladesh,2014,BD2014DHS,FE_FRTR_W_A15,11763010,I,360003,1360030,Region,..Chattogram,0,,0,1,FEFRTRWA15,BDDHS2014360003,2014,DHS,,,,,1
BGD,Sylhet,1797259,Age specific fertility rate: 15-19,93,0,BD,Bangladesh,2014,BD2014DHS,FE_FRTR_W_A15,11763010,I,360004,1360040,Region,..Sylhet,0,,0,1,FEFRTRWA15,BDDHS2014360004,2014,DHS,,,,,1
BGD,Dhaka before 2015,1811137,Age specific fertility rate: 15-19,113,0,BD,Bangladesh,2014,BD2014DHS,FE_FRTR_W_A15,11763010,I,360005,1360050,Region,Dhaka before 2015,0,,0,1,FEFRTRWA15,BDDHS2014360005,2014,DHS,,,,,1
BGD,Khulna,1804372,Age specific fertility rate: 15-19,118,0,BD,Bangladesh,2014,BD2014DHS,FE_FRTR_W_A15,11763010,I,360006,1360060,Region,Khulna,0,,0,1,FEFRTRWA15,BDDHS2014360006,2014,DHS,,,,,1
BGD,Rajshahi/Rangpur,1811156,Age specific fertility rate: 15-19,122,0,BD,Bangladesh,2014,BD2014DHS,FE_FRTR_W_A15,11763010,I,360007,1360070,Region,Rajshahi/Rangpur,0,,0,1,FEFRTRWA15,BDDHS2014360007,2014,DHS,,,,,
BGD,Rangpur,1817739,Age specific fertility rate: 15-19,118,0,BD,Bangladesh,2014,BD2014DHS,FE_FRTR_W_A15,11763010,I,360008,1360080,Region,..Rangpur,0,,0,1,FEFRTRWA15,BDDHS2014360008,2014,DHS,,,,,1
BGD,Rajshahi,1817747,Age specific fertility rate: 15-19,127,0,BD,Bangladesh,2014,BD2014DHS,FE_FRTR_W_A15,11763010,I,360009,1360090,Region,..Rajshahi,0,,0,1,FEFRTRWA15,BDDHS2014360009,2014,DHS,,,,,1
BGD,Barishal,6471129,Demand for family planning satisfied by modern methods,73.1,1,BD,Bangladesh,2014,BD2014DHS,FP_NADM_W_PDM,32933150,I,360001,1360010,Region,Barishal,0,,0,1,FPNADMWPDM,BDDHS2014360001,2014,DHS,784,1504,,,1
BGD,Chattogram/Sylhet,2764230,Demand for family planning satisfied by modern methods,64.5,1,BD,Bangladesh,2014,BD2014DHS,FP_NADM_W_PDM,32933150,I,360002,1360020,Region,Chattogram/Sylhet,0,,0,1,FPNADMWPDM,BDDHS2014360002,2014,DHS,3012,3232,,,
BGD,Chattogram,4788281,Demand for family planning satisfied by modern methods,65.2,1,BD,Bangladesh,2014,BD2014DHS,FP_NADM_W_PDM,32933150,I,360003,1360030,Region,..Chattogram,0,,0,1,FPNADMWPDM,BDDHS2014360003,2014,DHS,2260,1948,,,1
BGD,Sylhet,1549247,Demand for family planning satisfied by modern methods,62.3,1,BD,Bangladesh,2014,BD2014DHS,FP_NADM_W_PDM,32933150,I,360004,1360040,Region,..Sylhet,0,,0,1,FPNADMWPDM,BDDHS2014360004,2014,DHS,752,1284,,,1
BGD,Dhaka before 2015,1533121,Demand for family planning satisfied by modern methods,72.3,1,BD,Bangladesh,2014,BD2014DHS,FP_NADM_W_PDM,32933150,I,360005,1360050,Region,Dhaka before 2015,0,,0,1,FPNADMWPDM,BDDHS2014360005,2014,DHS,4394,2169,,,1
BGD,Khulna,5854390,Demand for family planning satisfied by modern methods,73.7,1,BD,Bangladesh,2014,BD2014DHS,FP_NADM_W_PDM,32933150,I,360006,1360060,Region,Khulna,0,,0,1,FPNADMWPDM,BDDHS2014360006,2014,DHS,1323,1852,,,1
BGD,Rajshahi/Rangpur,6377962,Demand for family planning satisfied by modern methods,80.5,1,BD,Bangladesh,2014,BD2014DHS,FP_NADM_W_PDM,32933150,I,360007,1360070,Region,Rajshahi/Rangpur,0,,0,1,FPNADMWPDM,BDDHS2014360007,2014,DHS,3038,3691,,,
BGD,Rangpur,3520063,Demand for family planning satisfied by modern methods,82.3,1,BD,Bangladesh,2014,BD2014DHS,FP_NADM_W_PDM,32933150,I,360008,1360080,Region,..Rangpur,0,,0,1,FPNADMWPDM,BDDHS2014360008,2014,DHS,1491,1850,,,1
BGD,Rajshahi,2858656,Demand for family planning satisfied by modern methods,78.7,1,BD,Bangladesh,2014,BD2014DHS,FP_NADM_W_PDM,32933150,I,360009,1360090,Region,..Rajshahi,0,,0,1,FPNADMWPDM,BDDHS2014360009,2014,DHS,1547,1841,,,1
BGD,Barishal,7724835,Neonatal mortality rate,33,0,BD,Bangladesh,2014,BD2014DHS,CM_ECMR_C_NNR,63206010,I,360001,1360010,Region,Barishal,14003,Ten years preceding the survey,0,1,CMECMRCNNR,BDDHS2014360001,2014,DHS,,,23,43,1
BGD,Chattogram/Sylhet,1736163,Neonatal mortality rate,37,0,BD,Bangladesh,2014,BD2014DHS,CM_ECMR_C_NNR,63206010,I,360002,1360020,Region,Chattogram/Sylhet,14003,Ten years preceding the survey,0,1,CMECMRCNNR,BDDHS2014360002,2014,DHS,,,31,44,
BGD,Chattogram,7802592,Neonatal mortality rate,34,0,BD,Bangladesh,2014,BD2014DHS,CM_ECMR_C_NNR,63206010,I,360003,1360030,Region,..Chattogram,14003,Ten years preceding the survey,0,1,CMECMRCNNR,BDDHS2014360003,2014,DHS,,,25,42,1
BGD,Sylhet,7712061,Neonatal mortality rate,45,0,BD,Bangladesh,2014,BD2014DHS,CM_ECMR_C_NNR,63206010,I,360004,1360040,Region,..Sylhet,14003,Ten years preceding the survey,0,1,CMECMRCNNR,BDDHS2014360004,2014,DHS,,,36,54,1
BGD,Dhaka before 2015,7477545,Neonatal mortality rate,27,0,BD,Bangladesh,2014,BD2014DHS,CM_ECMR_C_NNR,63206010,I,360005,1360050,Region,Dhaka before 2015,14003,Ten years preceding the survey,0,1,CMECMRCNNR,BDDHS2014360005,2014,DHS,,,21,33,1
BGD,Khulna,7725794,Neonatal mortality rate,37,0,BD,Bangladesh,2014,BD2014DHS,CM_ECMR_C_NNR,63206010,I,360006,1360060,Region,Khulna,14003,Ten years preceding the survey,0,1,CMECMRCNNR,BDDHS2014360006,2014,DHS,,,27,47,1
BGD,Rajshahi/Rangpur,1736236,Neonatal mortality rate,31,0,BD,Bangladesh,2014,BD2014DHS,CM_ECMR_C_NNR,63206010,I,360007,1360070,Region,Rajshahi/Rangpur,14003,Ten years preceding the survey,0,1,CMECMRCNNR,BDDHS2014360007,2014,DHS,,,25,37,
BGD,Rangpur,7913255,Neonatal mortality rate,28,0,BD,Bangladesh,2014,BD2014DHS,CM_ECMR_C_NNR,63206010,I,360008,1360080,Region,..Rangpur,14003,Ten years preceding the survey,0,1,CMECMRCNNR,BDDHS2014360008,2014,DHS,,,19,38,1
BGD,Rajshahi,7673883,Neonatal mortality rate,33,0,BD,Bangladesh,2014,BD2014DHS,CM_ECMR_C_NNR,63206010,I,360009,1360090,Region,..Rajshahi,14003,Ten years preceding the survey,0,1,CMECMRCNNR,BDDHS2014360009,2014,DHS,,,26,41,1
BGD,Barishal,7691870,Under-five mortality rate,52,0,BD,Bangladesh,2014,BD2014DHS,CM_ECMR_C_U5M,63206050,I,360001,1360010,Region,Barishal,14003,Ten years preceding the survey,0,1,CMECMRCU5M,BDDHS2014360001,2014,DHS,,,42,62,1
BGD,Chattogram/Sylhet,1736326,Under-five mortality rate,67,0,BD,Bangladesh,2014,BD2014DHS,CM_ECMR_C_U5M,63206050,I,360002,1360020,Region,Chattogram/Sylhet,14003,Ten years preceding the survey,0,1,CMECMRCU5M,BDDHS2014360002,2014,DHS,,,58,75,
BGD,Chattogram,7552800,Under-five mortality rate,62,0,BD,Bangladesh,2014,BD2014DHS,CM_ECMR_C_U5M,63206050,I,360003,1360030,Region,..Chattogram,14003,Ten years preceding the survey,0,1,CMECMRCU5M,BDDHS2014360003,2014,DHS,,,50,73,1
BGD,Sylhet,1729873,Under-five mortality rate,77,0,BD,Bangladesh,2014,BD2014DHS,CM_ECMR_C_U5M,63206050,I,360004,1360040,Region,..Sylhet,14003,Ten years preceding the survey,0,1,CMECMRCU5M,BDDHS2014360004,2014,DHS,,,66,87,1
BGD,Dhaka before 2015,7767018,Under-five mortality rate,48,0,BD,Bangladesh,2014,BD2014DHS,CM_ECMR_C_U5M,63206050,I,360005,1360050,Region,Dhaka before 2015,14003,Ten years preceding the survey,0,1,CMECMRCU5M,BDDHS2014360005,2014,DHS,,,39,56,1
BGD,Khulna,7970304,Under-five mortality rate,50,0,BD,Bangladesh,2014,BD2014DHS,CM_ECMR_C_U5M,63206050,I,360006,1360060,Region,Khulna,14003,Ten years preceding the survey,0,1,CMECMRCU5M,BDDHS2014360006,2014,DHS,,,40,61,1
BGD,Rajshahi/Rangpur,7928491,Under-five mortality rate,48,0,BD,Bangladesh,2014,BD2014DHS,CM_ECMR_C_U5M,63206050,I,360007,1360070,Region,Rajshahi/Rangpur,14003,Ten years preceding the survey,0,1,CMECMRCU5M,BDDHS2014360007,2014,DHS,,,39,56,
BGD,Rangpur,7790018,Under-five mortality rate,45,0,BD,Bangladesh,2014,BD2014DHS,CM_ECMR_C_U5M,63206050,I,360008,1360080,Region,..Rangpur,14003,Ten years preceding the survey,0,1,CMECMRCU5M,BDDHS2014360008,2014,DHS,,,32,58,1
BGD,Rajshahi,1741210,Under-five mortality rate,50,0,BD,Bangladesh,2014,BD2014DHS,CM_ECMR_C_U5M,63206050,I,360009,1360090,Region,..Rajshahi,14003,Ten years preceding the survey,0,1,CMECMRCU5M,BDDHS2014360009,2014,DHS,,,40,60,1
BGD,Barishal,6640801,Assistance during delivery from a skilled provider,36.7,1,BD,Bangladesh,2014,BD2014DHS,RH_DELA_C_SKP,83606110,I,360001,1360010,Region,Barishal,14000,Three years preceding the survey,0,0,RHDELACSKP,BDDHS2014360001,2014,DHS,279,551,,,1
BGD,Barishal,837366,Assistance during delivery from a skilled provider,38.1,1,BD,Bangladesh,2014,BD2014DHS,RH_DELA_C_SKP,83606110,I,360001,1360010,Region,Barishal,14002,Two years preceding the survey,0,1,RHDELACSKP,BDDHS2014360001,2014,DHS,189,377,,,1
BGD,Chattogram/Sylhet,139155,Assistance during delivery from a skilled provider,38.8,1,BD,Bangladesh,2014,BD2014DHS,RH_DELA_C_SKP,83606110,I,360002,1360020,Region,Chattogram/Sylhet,14000,Three years preceding the survey,0,0,RHDELACSKP,BDDHS2014360002,2014,DHS,1548,1652,,,
BGD,Chattogram/Sylhet,5463446,Assistance during delivery from a skilled provider,40.5,1,BD,Bangladesh,2014,BD2014DHS,RH_DELA_C_SKP,83606110,I,360002,1360020,Region,Chattogram/Sylhet,14002,Two years preceding the survey,0,1,RHDELACSKP,BDDHS2014360002,2014,DHS,991,1055,,,
BGD,Chattogram,2218537,Assistance during delivery from a skilled provider,43.9,1,BD,Bangladesh,2014,BD2014DHS,RH_DELA_C_SKP,83606110,I,360003,1360030,Region,..Chattogram,14000,Three years preceding the survey,0,0,RHDELACSKP,BDDHS2014360003,2014,DHS,1074,915,,,1
BGD,Chattogram,5646189,Assistance during delivery from a skilled provider,46,1,BD,Bangladesh,2014,BD2014DHS,RH_DELA_C_SKP,83606110,I,360003,1360030,Region,..Chattogram,14002,Two years preceding the survey,0,1,RHDELACSKP,BDDHS2014360003,2014,DHS,695,588,,,1
BGD,Sylhet,3626475,Assistance during delivery from a skilled provider,27.1,1,BD,Bangladesh,2014,BD2014DHS,RH_DELA_C_SKP,83606110,I,360004,1360040,Region,..Sylhet,14000,Three years preceding the survey,0,0,RHDELACSKP,BDDHS2014360004,2014,DHS,474,737,,,1
BGD,Sylhet,3280660,Assistance during delivery from a skilled provider,27.7,1,BD,Bangladesh,2014,BD2014DHS,RH_DELA_C_SKP,83606110,I,360004,1360040,Region,..Sylhet,14002,Two years preceding the survey,0,1,RHDELACSKP,BDDHS2014360004,2014,DHS,297,467,,,1
BGD,Dhaka before 2015,7812232,Assistance during delivery from a skilled provider,43.5,1,BD,Bangladesh,2014,BD2014DHS,RH_DELA_C_SKP,83606110,I,360005,1360050,Region,Dhaka before 2015,14000,Three years preceding the survey,0,0,RHDELACSKP,BDDHS2014360005,2014,DHS,1740,839,,,1
BGD,Dhaka before 2015,6709502,Assistance during delivery from a skilled provider,45.8,1,BD,Bangladesh,2014,BD2014DHS,RH_DELA_C_SKP,83606110,I,360005,1360050,Region,Dhaka before 2015,14002,Two years preceding the survey,0,1,RHDELACSKP,BDDHS2014360005,2014,DHS,1192,573,,,1
BGD,Khulna,5883388,Assistance during delivery from a skilled provider,58.2,1,BD,Bangladesh,2014,BD2014DHS,RH_DELA_C_SKP,83606110,I,360006,1360060,Region,Khulna,14000,Three years preceding the survey,0,0,RHDELACSKP,BDDHS2014360006,2014,DHS,387,552,,,1
BGD,Khulna,146264,Assistance during delivery from a skilled provider,63.8,1,BD,Bangladesh,2014,BD2014DHS,RH_DELA_C_SKP,83606110,I,360006,1360060,Region,Khulna,14002,Two years preceding the survey,0,1,RHDELACSKP,BDDHS2014360006,2014,DHS,253,366,,,1
BGD,Rajshahi/Rangpur,7557728,Assistance during delivery from a skilled provider,39.8,1,BD,Bangladesh,2014,BD2014DHS,RH_DELA_C_SKP,83606110,I,360007,1360070,Region,Rajshahi/Rangpur,14000,Three years preceding the survey,0,0,RHDELACSKP,BDDHS2014360007,2014,DHS,949,1140,,,
BGD,Rajshahi/Rangpur,7042490,Assistance during delivery from a skilled provider,41.7,1,BD,Bangladesh,2014,BD2014DHS,RH_DELA_C_SKP,83606110,I,360007,1360070,Region,Rajshahi/Rangpur,14002,Two years preceding the survey,0,1,RHDELACSKP,BDDHS2014360007,2014,DHS,628,759,,,
BGD,Rangpur,4734132,Assistance during delivery from a skilled provider,37.9,1,BD,Bangladesh,2014,BD2014DHS,RH_DELA_C_SKP,83606110,I,360008,1360080,Region,..Rangpur,14000,Three years preceding the survey,0,0,RHDELACSKP,BDDHS2014360008,2014,DHS,461,565,,,1
BGD,Rangpur,3627356,Assistance during delivery from a skilled provider,39.5,1,BD,Bangladesh,2014,BD2014DHS,RH_DELA_C_SKP,83606110,I,360008,1360080,Region,..Rangpur,14002,Two years preceding the survey,0,1,RHDELACSKP,BDDHS2014360008,2014,DHS,298,371,,,1
BGD,Rajshahi,23888,Assistance during delivery from a skilled provider,41.6,1,BD,Bangladesh,2014,BD2014DHS,RH_DELA_C_SKP,83606110,I,360009,1360090,Region,..Rajshahi,14000,Three years preceding the survey,0,0,RHDELACSKP,BDDHS2014360009,2014,DHS,488,575,,,1
BGD,Rajshahi,639027,Assistance during delivery from a skilled provider,43.7,1,BD,Bangladesh,2014,BD2014DHS,RH_DELA_C_SKP,83606110,I,360009,1360090,Region,..Rajshahi,14002,Two years preceding the survey,0,1,RHDELACSKP,BDDHS2014360009,2014,DHS,331,388,,,1
BGD,Barishal,2071273,DPT 3 vaccination received,91.6,1,BD,Bangladesh,2014,BD2014DHS,CH_VACC_C_DP3,93906040,I,360001,1360010,Region,Barishal,0,,0,1,CHVACCCDP3,BDDHS2014360001,2014,DHS,92,180,,,1
BGD,Chattogram/Sylhet,7062310,DPT 3 vaccination received,85,1,BD,Bangladesh,2014,BD2014DHS,CH_VACC_C_DP3,93906040,I,360002,1360020,Region,Chattogram/Sylhet,0,,0,1,CHVACCCDP3,BDDHS2014360002,2014,DHS,478,515,,,
BGD,Chattogram,3322588,DPT 3 vaccination received,88.3,1,BD,Bangladesh,2014,BD2014DHS,CH_VACC_C_DP3,93906040,I,360003,1360030,Region,..Chattogram,0,,0,1,CHVACCCDP3,BDDHS2014360003,2014,DHS,349,294,,,1
BGD,Sylhet,3066300,DPT 3 vaccination received,76,1,BD,Bangladesh,2014,BD2014DHS,CH_VACC_C_DP3,93906040,I,360004,1360040,Region,..Sylhet,0,,0,1,CHVACCCDP3,BDDHS2014360004,2014,DHS,129,221,,,1
BGD,Dhaka before 2015,7392100,DPT 3 vaccination received,93.9,1,BD,Bangladesh,2014,BD2014DHS,CH_VACC_C_DP3,93906040,I,360005,1360050,Region,Dhaka before 2015,0,,0,1,CHVACCCDP3,BDDHS2014360005,2014,DHS,624,297,,,1
BGD,Khulna,4502843,DPT 3 vaccination received,92,1,BD,Bangladesh,2014,BD2014DHS,CH_VACC_C_DP3,93906040,I,360006,1360060,Region,Khulna,0,,0,1,CHVACCCDP3,BDDHS2014360006,2014,DHS,129,181,,,1
BGD,Rajshahi/Rangpur,4793371,DPT 3 vaccination received,95.3,1,BD,Bangladesh,2014,BD2014DHS,CH_VACC_C_DP3,93906040,I,360007,1360070,Region,Rajshahi/Rangpur,0,,0,1,CHVACCCDP3,BDDHS2014360007,2014,DHS,309,384,,,
BGD,Rangpur,5038187,DPT 3 vaccination received,97.9,1,BD,Bangladesh,2014,BD2014DHS,CH_VACC_C_DP3,93906040,I,360008,1360080,Region,..Rangpur,0,,0,1,CHVACCCDP3,BDDHS2014360008,2014,DHS,146,192,,,1
BGD,Rajshahi,5120055,DPT 3 vaccination received,93,1,BD,Bangladesh,2014,BD2014DHS,CH_VACC_C_DP3,93906040,I,360009,1360090,Region,..Rajshahi,0,,0,1,CHVACCCDP3,BDDHS2014360009,2014,DHS,163,192,,,1
BGD,Barishal,2939517,Children stunted,39.9,1,BD,Bangladesh,2014,BD2014DHS,CN_NUTS_C_HA2,104236020,I,360001,1360010,Region,Barishal,0,,0,1,CNNUTSCHA2,BDDHS2014360001,2014,DHS,424,837,,,1
BGD,Chattogram/Sylhet,6351268,Children stunted,41.7,1,BD,Bangladesh,2014,BD2014DHS,CN_NUTS_C_HA2,104236020,I,360002,1360020,Region,Chattogram/Sylhet,0,,0,1,CNNUTSCHA2,BDDHS2014360002,2014,DHS,2241,2484,,,
BGD,Chattogram,6821384,Children stunted,38,1,BD,Bangladesh,2014,BD2014DHS,CN_NUTS_C_HA2,104236020,I,360003,1360030,Region,..Chattogram,0,,0,1,CNNUTSCHA2,BDDHS2014360003,2014,DHS,1541,1350,,,1
BGD,Sylhet,4628799,Children stunted,49.6,1,BD,Bangladesh,2014,BD2014DHS,CN_NUTS_C_HA2,104236020,I,360004,1360040,Region,..Sylhet,0,,0,1,CNNUTSCHA2,BDDHS2014360004,2014,DHS,700,1134,,,1
BGD,Dhaka before 2015,3667302,Children stunted,33.9,1,BD,Bangladesh,2014,BD2014DHS,CN_NUTS_C_HA2,104236020,I,360005,1360050,Region,Dhaka before 2015,0,,0,1,CNNUTSCHA2,BDDHS2014360005,2014,DHS,2546,1249,,,1
BGD,Khulna,7080825,Children stunted,28.1,1,BD,Bangladesh,2014,BD2014DHS,CN_NUTS_C_HA2,104236020,I,360006,1360060,Region,Khulna,0,,0,1,CNNUTSCHA2,BDDHS2014360006,2014,DHS,565,793,,,1
BGD,Rajshahi/Rangpur,5714848,Children stunted,33.5,1,BD,Bangladesh,2014,BD2014DHS,CN_NUTS_C_HA2,104236020,I,360007,1360070,Region,Rajshahi/Rangpur,0,,0,1,CNNUTSCHA2,BDDHS2014360007,2014,DHS,1542,1804,,,
BGD,Rangpur,4470148,Children stunted,36,1,BD,Bangladesh,2014,BD2014DHS,CN_NUTS_C_HA2,104236020,I,360008,1360080,Region,..Rangpur,0,,0,1,CNNUTSCHA2,BDDHS2014360008,2014,DHS,762,899,,,1
BGD,Rajshahi,6637881,Children stunted,31.1,1,BD,Bangladesh,2014,BD2014DHS,CN_NUTS_C_HA2,104236020,I,360009,1360090,Region,..Rajshahi,0,,0,1,CNNUTSCHA2,BDDHS2014360009,2014,DHS,780,905,,,1
BGD,Barishal,5880138,Children wasted,17.7,1,BD,Bangladesh,2014,BD2014DHS,CN_NUTS_C_WH2,104236050,I,360001,1360010,Region,Barishal,0,,0,1,CNNUTSCWH2,BDDHS2014360001,2014,DHS,424,837,,,1
BGD,Chattogram/Sylhet,39619,Children wasted,14.5,1,BD,Bangladesh,2014,BD2014DHS,CN_NUTS_C_WH2,104236050,I,360002,1360020,Region,Chattogram/Sylhet,0,,0,1,CNNUTSCWH2,BDDHS2014360002,2014,DHS,2241,2484,,,
BGD,Chattogram,7379114,Children wasted,15.6,1,BD,Bangladesh,2014,BD2014DHS,CN_NUTS_C_WH2,104236050,I,360003,1360030,Region,..Chattogram,0,,0,1,CNNUTSCWH2,BDDHS2014360003,2014,DHS,1541,1350,,,1
BGD,Sylhet,4736376,Children wasted,12.1,1,BD,Bangladesh,2014,BD2014DHS,CN_NUTS_C_WH2,104236050,I,360004,1360040,Region,..Sylhet,0,,0,1,CNNUTSCWH2,BDDHS2014360004,2014,DHS,700,1134,,,1
BGD,Dhaka before 2015,4743877,Children wasted,11.9,1,BD,Bangladesh,2014,BD2014DHS,CN_NUTS_C_WH2,104236050,I,360005,1360050,Region,Dhaka before 2015,0,,0,1,CNNUTSCWH2,BDDHS2014360005,2014,DHS,2546,1249,,,1
BGD,Khulna,1290490,Children wasted,13.5,1,BD,Bangladesh,2014,BD2014DHS,CN_NUTS_C_WH2,104236050,I,360006,1360060,Region,Khulna,0,,0,1,CNNUTSCWH2,BDDHS2014360006,2014,DHS,565,793,,,1
BGD,Rajshahi/Rangpur,5468176,Children wasted,17.5,1,BD,Bangladesh,2014,BD2014DHS,CN_NUTS_C_WH2,104236050,I,360007,1360070,Region,Rajshahi/Rangpur,0,,0,1,CNNUTSCWH2,BDDHS2014360007,2014,DHS,1542,1804,,,
BGD,Rangpur,6006972,Children wasted,17.7,1,BD,Bangladesh,2014,BD2014DHS,CN_NUTS_C_WH2,104236050,I,360008,1360080,Region,..Rangpur,0,,0,1,CNNUTSCWH2,BDDHS2014360008,2014,DHS,762,899,,,1
BGD,Rajshahi,880390,Children wasted,17.3,1,BD,Bangladesh,2014,BD2014DHS,CN_NUTS_C_WH2,104236050,I,360009,1360090,Region,..Rajshahi,0,,0,1,CNNUTSCWH2,BDDHS2014360009,2014,DHS,780,905,,,1
BGD,Barishal,5880139,Children overweight,1.4,1,BD,Bangladesh,2014,BD2014DHS,CN_NUTS_C_WHP,104236060,I,360001,1360010,Region,Barishal,0,,0,1,CNNUTSCWHP,BDDHS2014360001,2014,DHS,424,837,,,1
BGD,Chattogram/Sylhet,39620,Children overweight,1.2,1,BD,Bangladesh,2014,BD2014DHS,CN_NUTS_C_WHP,104236060,I,360002,1360020,Region,Chattogram/Sylhet,0,,0,1,CNNUTSCWHP,BDDHS2014360002,2014,DHS,2241,2484,,,
BGD,Chattogram,7379115,Children overweight,1.4,1,BD,Bangladesh,2014,BD2014DHS,CN_NUTS_C_WHP,104236060,I,360003,1360030,Region,..Chattogram,0,,0,1,CNNUTSCWHP,BDDHS2014360003,2014,DHS,1541,1350,,,1
BGD,Sylhet,4736377,Children overweight,0.8,1,BD,Bangladesh,2014,BD2014DHS,CN_NUTS_C_WHP,104236060,I,360004,1360040,Region,..Sylhet,0,,0,1,CNNUTSCWHP,BDDHS2014360004,2014,DHS,700,1134,,,1
BGD,Dhaka before 2015,4743878,Children overweight,2.1,1,BD,Bangladesh,2014,BD2014DHS,CN_NUTS_C_WHP,104236060,I,360005,1360050,Region,Dhaka before 2015,0,,0,1,CNNUTSCWHP,BDDHS2014360005,2014,DHS,2546,1249,,,1
BGD,Khulna,1290491,Children overweight,0.4,1,BD,Bangladesh,2014,BD2014DHS,CN_NUTS_C_WHP,104236060,I,360006,1360060,Region,Khulna,0,,0,1,CNNUTSCWHP,BDDHS2014360006,2014,DHS,565,793,,,1
BGD,Rajshahi/Rangpur,5468195,Children overweight,1.1,1,BD,Bangladesh,2014,BD2014DHS,CN_NUTS_C_WHP,104236060,I,360007,1360070,Region,Rajshahi/Rangpur,0,,0,1,CNNUTSCWHP,BDDHS2014360007,2014,DHS,1542,1804,,,
BGD,Rangpur,6006973,Children overweight,1.3,1,BD,Bangladesh,2014,BD2014DHS,CN_NUTS_C_WHP,104236060,I,360008,1360080,Region,..Rangpur,0,,0,1,CNNUTSCWHP,BDDHS2014360008,2014,DHS,762,899,,,1
BGD,Rajshahi,880391,Children overweight,0.9,1,BD,Bangladesh,2014,BD2014DHS,CN_NUTS_C_WHP,104236060,I,360009,1360090,Region,..Rajshahi,0,,0,1,CNNUTSCWHP,BDDHS2014360009,2014,DHS,780,905,,,1
BGD,Barishal,4700766,Children registered,20.6,1,BD,Bangladesh,2014,BD2014DHS,CP_BREG_C_REG,220906030,I,360001,1360010,Region,Barishal,0,,0,1,CPBREGCREG,BDDHS2014360001,2014,DHS,450,889,,,1
BGD,Chattogram/Sylhet,7364774,Children registered,22.7,1,BD,Bangladesh,2014,BD2014DHS,CP_BREG_C_REG,220906030,I,360002,1360020,Region,Chattogram/Sylhet,0,,0,1,CPBREGCREG,BDDHS2014360002,2014,DHS,2482,2754,,,
BGD,Chattogram,4700233,Children registered,21.1,1,BD,Bangladesh,2014,BD2014DHS,CP_BREG_C_REG,220906030,I,360003,1360030,Region,..Chattogram,0,,0,1,CPBREGCREG,BDDHS2014360003,2014,DHS,1702,1488,,,1
BGD,Sylhet,5918855,Children registered,26.3,1,BD,Bangladesh,2014,BD2014DHS,CP_BREG_C_REG,220906030,I,360004,1360040,Region,..Sylhet,0,,0,1,CPBREGCREG,BDDHS2014360004,2014,DHS,780,1266,,,1
BGD,Dhaka before 2015,4748363,Children registered,19.7,1,BD,Bangladesh,2014,BD2014DHS,CP_BREG_C_REG,220906030,I,360005,1360050,Region,Dhaka before 2015,0,,0,1,CPBREGCREG,BDDHS2014360005,2014,DHS,2687,1333,,,1
BGD,Khulna,5532263,Children registered,22.6,1,BD,Bangladesh,2014,BD2014DHS,CP_BREG_C_REG,220906030,I,360006,1360060,Region,Khulna,0,,0,1,CPBREGCREG,BDDHS2014360006,2014,DHS,596,831,,,1
BGD,Rajshahi/Rangpur,1100188,Children registered,15.8,1,BD,Bangladesh,2014,BD2014DHS,CP_BREG_C_REG,220906030,I,360007,1360070,Region,Rajshahi/Rangpur,0,,0,1,CPBREGCREG,BDDHS2014360007,2014,DHS,1583,1856,,,
BGD,Rangpur,974359,Children registered,18.7,1,BD,Bangladesh,2014,BD2014DHS,CP_BREG_C_REG,220906030,I,360008,1360080,Region,..Rangpur,0,,0,1,CPBREGCREG,BDDHS2014360008,2014,DHS,776,919,,,1
BGD,Rajshahi,6606687,Children registered,13,1,BD,Bangladesh,2014,BD2014DHS,CP_BREG_C_REG,220906030,I,360009,1360090,Region,..Rajshahi,0,,0,1,CPBREGCREG,BDDHS2014360009,2014,DHS,807,937,,,1
BGD,Barishal,2597243,Population using open defecation,1.2,1,BD,Bangladesh,2014,BD2014DHS,WS_TLET_P_NFC,250262210,I,360001,1360010,Region,Barishal,0,,0,1,WSTLETPNFC,BDDHS2014360001,2014,DHS,4883,9241,,,1
BGD,Chattogram/Sylhet,6487337,Population using open defecation,3.2,1,BD,Bangladesh,2014,BD2014DHS,WS_TLET_P_NFC,250262210,I,360002,1360020,Region,Chattogram/Sylhet,0,,0,1,WSTLETPNFC,BDDHS2014360002,2014,DHS,21483,24091,,,
BGD,Chattogram,4814873,Population using open defecation,3.5,1,BD,Bangladesh,2014,BD2014DHS,WS_TLET_P_NFC,250262210,I,360003,1360030,Region,..Chattogram,0,,0,1,WSTLETPNFC,BDDHS2014360003,2014,DHS,14998,12874,,,1
BGD,Sylhet,7155579,Population using open defecation,2.6,1,BD,Bangladesh,2014,BD2014DHS,WS_TLET_P_NFC,250262210,I,360004,1360040,Region,..Sylhet,0,,0,1,WSTLETPNFC,BDDHS2014360004,2014,DHS,6484,11217,,,1
BGD,Dhaka before 2015,37534,Population using open defecation,2.2,1,BD,Bangladesh,2014,BD2014DHS,WS_TLET_P_NFC,250262210,I,360005,1360050,Region,Dhaka before 2015,0,,0,1,WSTLETPNFC,BDDHS2014360005,2014,DHS,26248,13130,,,1
BGD,Khulna,5761258,Population using open defecation,1.4,1,BD,Bangladesh,2014,BD2014DHS,WS_TLET_P_NFC,250262210,I,360006,1360060,Region,Khulna,0,,0,1,WSTLETPNFC,BDDHS2014360006,2014,DHS,7407,10315,,,1
BGD,Rajshahi/Rangpur,1099689,Population using open defecation,6.3,1,BD,Bangladesh,2014,BD2014DHS,WS_TLET_P_NFC,250262210,I,360007,1360070,Region,Rajshahi/Rangpur,0,,0,1,WSTLETPNFC,BDDHS2014360007,2014,DHS,17305,20908,,,
BGD,Rangpur,4780950,Population using open defecation,9.3,1,BD,Bangladesh,2014,BD2014DHS,WS_TLET_P_NFC,250262210,I,360008,1360080,Region,..Rangpur,0,,0,1,WSTLETPNFC,BDDHS2014360008,2014,DHS,8575,10542,,,1
BGD,Rajshahi,3550901,Population using open defecation,3.2,1,BD,Bangladesh,2014,BD2014DHS,WS_TLET_P_NFC,250262210,I,360009,1360090,Region,..Rajshahi,0,,0,1,WSTLETPNFC,BDDHS2014360009,2014,DHS,8729,10366,,,1
BGD,Barishal,2597244,Population with basic sanitation service,53.2,1,BD,Bangladesh,2014,BD2014DHS,WS_TLET_P_BAS,250262300,I,360001,1360010,Region,Barishal,0,,0,1,WSTLETPBAS,BDDHS2014360001,2014,DHS,4883,9241,,,1
BGD,Chattogram/Sylhet,6487338,Population with basic sanitation service,52.1,1,BD,Bangladesh,2014,BD2014DHS,WS_TLET_P_BAS,250262300,I,360002,1360020,Region,Chattogram/Sylhet,0,,0,1,WSTLETPBAS,BDDHS2014360002,2014,DHS,21483,24091,,,
BGD,Chattogram,4814874,Population with basic sanitation service,55.1,1,BD,Bangladesh,2014,BD2014DHS,WS_TLET_P_BAS,250262300,I,360003,1360030,Region,..Chattogram,0,,0,1,WSTLETPBAS,BDDHS2014360003,2014,DHS,14998,12874,,,1
BGD,Sylhet,7155606,Population with basic sanitation service,45.1,1,BD,Bangladesh,2014,BD2014DHS,WS_TLET_P_BAS,250262300,I,360004,1360040,Region,..Sylhet,0,,0,1,WSTLETPBAS,BDDHS2014360004,2014,DHS,6484,11217,,,1
BGD,Dhaka before 2015,37565,Population with basic sanitation service,44.6,1,BD,Bangladesh,2014,BD2014DHS,WS_TLET_P_BAS,250262300,I,360005,1360050,Region,Dhaka before 2015,0,,0,1,WSTLETPBAS,BDDHS2014360005,2014,DHS,26248,13130,,,1
BGD,Khulna,5761259,Population with basic sanitation service,49.9,1,BD,Bangladesh,2014,BD2014DHS,WS_TLET_P_BAS,250262300,I,360006,1360060,Region,Khulna,0,,0,1,WSTLETPBAS,BDDHS2014360006,2014,DHS,7407,10315,,,1
BGD,Rajshahi/Rangpur,1099691,Population with basic sanitation service,46.5,1,BD,Bangladesh,2014,BD2014DHS,WS_TLET_P_BAS,250262300,I,360007,1360070,Region,Rajshahi/Rangpur,0,,0,1,WSTLETPBAS,BDDHS2014360007,2014,DHS,17305,20908,,,
BGD,Rangpur,4780985,Population with basic sanitation service,45,1,BD,Bangladesh,2014,BD2014DHS,WS_TLET_P_BAS,250262300,I,360008,1360080,Region,..Rangpur,0,,0,1,WSTLETPBAS,BDDHS2014360008,2014,DHS,8575,10542,,,1
BGD,Rajshahi,3550902,Population with basic sanitation service,48,1,BD,Bangladesh,2014,BD2014DHS,WS_TLET_P_BAS,250262300,I,360009,1360090,Region,..Rajshahi,0,,0,1,WSTLETPBAS,BDDHS2014360009,2014,DHS,8729,10366,,,1
BGD,Barishal,6911879,"Population with a basic handwashing facility, with soap and water available",19.1,1,BD,Bangladesh,2014,BD2014DHS,WS_HNDW_P_BAS,250302150,I,360001,1360010,Region,Barishal,0,,0,1,WSHNDWPBAS,BDDHS2014360001,2014,DHS,4852,9173,,,1
BGD,Chattogram/Sylhet,3726060,"Population with a basic handwashing facility, with soap and water available",26.5,1,BD,Bangladesh,2014,BD2014DHS,WS_HNDW_P_BAS,250302150,I,360002,1360020,Region,Chattogram/Sylhet,0,,0,1,WSHNDWPBAS,BDDHS2014360002,2014,DHS,21223,23841,,,
BGD,Chattogram,4012164,"Population with a basic handwashing facility, with soap and water available",29.6,1,BD,Bangladesh,2014,BD2014DHS,WS_HNDW_P_BAS,250302150,I,360003,1360030,Region,..Chattogram,0,,0,1,WSHNDWPBAS,BDDHS2014360003,2014,DHS,14847,12779,,,1
BGD,Sylhet,7296745,"Population with a basic handwashing facility, with soap and water available",19.4,1,BD,Bangladesh,2014,BD2014DHS,WS_HNDW_P_BAS,250302150,I,360004,1360040,Region,..Sylhet,0,,0,1,WSHNDWPBAS,BDDHS2014360004,2014,DHS,6376,11062,,,1
BGD,Dhaka before 2015,4464512,"Population with a basic handwashing facility, with soap and water available",31.6,1,BD,Bangladesh,2014,BD2014DHS,WS_HNDW_P_BAS,250302150,I,360005,1360050,Region,Dhaka before 2015,0,,0,1,WSHNDWPBAS,BDDHS2014360005,2014,DHS,26049,13057,,,1
BGD,Khulna,4874875,"Population with a basic handwashing facility, with soap and water available",25.3,1,BD,Bangladesh,2014,BD2014DHS,WS_HNDW_P_BAS,250302150,I,360006,1360060,Region,Khulna,0,,0,1,WSHNDWPBAS,BDDHS2014360006,2014,DHS,7345,10240,,,1
BGD,Rajshahi/Rangpur,4062205,"Population with a basic handwashing facility, with soap and water available",28.6,1,BD,Bangladesh,2014,BD2014DHS,WS_HNDW_P_BAS,250302150,I,360007,1360070,Region,Rajshahi/Rangpur,0,,0,1,WSHNDWPBAS,BDDHS2014360007,2014,DHS,17232,20816,,,
BGD,Rangpur,5252572,"Population with a basic handwashing facility, with soap and water available",28.7,1,BD,Bangladesh,2014,BD2014DHS,WS_HNDW_P_BAS,250302150,I,360008,1360080,Region,..Rangpur,0,,0,1,WSHNDWPBAS,BDDHS2014360008,2014,DHS,8520,10468,,,1
BGD,Rajshahi,5893004,"Population with a basic handwashing facility, with soap and water available",28.5,1,BD,Bangladesh,2014,BD2014DHS,WS_HNDW_P_BAS,250302150,I,360009,1360090,Region,..Rajshahi,0,,0,1,WSHNDWPBAS,BDDHS2014360009,2014,DHS,8712,10348,,,1
BGD,Barishal,2713549,Population with electricity,47.6,1,BD,Bangladesh,2014,BD2014DHS,HC_ELEC_P_ELC,260322010,I,360001,1360010,Region,Barishal,0,,0,1,HCELECPELC,BDDHS2014360001,2014,DHS,4883,9241,,,1
BGD,Chattogram/Sylhet,188053,Population with electricity,61.7,1,BD,Bangladesh,2014,BD2014DHS,HC_ELEC_P_ELC,260322010,I,360002,1360020,Region,Chattogram/Sylhet,0,,0,1,HCELECPELC,BDDHS2014360002,2014,DHS,21483,24091,,,
BGD,Chattogram,4069254,Population with electricity,69.8,1,BD,Bangladesh,2014,BD2014DHS,HC_ELEC_P_ELC,260322010,I,360003,1360030,Region,..Chattogram,0,,0,1,HCELECPELC,BDDHS2014360003,2014,DHS,14998,12874,,,1
BGD,Sylhet,5486821,Population with electricity,43,1,BD,Bangladesh,2014,BD2014DHS,HC_ELEC_P_ELC,260322010,I,360004,1360040,Region,..Sylhet,0,,0,1,HCELECPELC,BDDHS2014360004,2014,DHS,6484,11217,,,1
BGD,Dhaka before 2015,5578054,Population with electricity,71.8,1,BD,Bangladesh,2014,BD2014DHS,HC_ELEC_P_ELC,260322010,I,360005,1360050,Region,Dhaka before 2015,0,,0,1,HCELECPELC,BDDHS2014360005,2014,DHS,26248,13130,,,1
BGD,Khulna,3079866,Population with electricity,61,1,BD,Bangladesh,2014,BD2014DHS,HC_ELEC_P_ELC,260322010,I,360006,1360060,Region,Khulna,0,,0,1,HCELECPELC,BDDHS2014360006,2014,DHS,7407,10315,,,1
BGD,Rajshahi/Rangpur,6711459,Population with electricity,52.4,1,BD,Bangladesh,2014,BD2014DHS,HC_ELEC_P_ELC,260322010,I,360007,1360070,Region,Rajshahi/Rangpur,0,,0,1,HCELECPELC,BDDHS2014360007,2014,DHS,17305,20908,,,
BGD,Rangpur,2691474,Population with electricity,43.8,1,BD,Bangladesh,2014,BD2014DHS,HC_ELEC_P_ELC,260322010,I,360008,1360080,Region,..Rangpur,0,,0,1,HCELECPELC,BDDHS2014360008,2014,DHS,8575,10542,,,1
BGD,Rajshahi,6886212,Population with electricity,60.8,1,BD,Bangladesh,2014,BD2014DHS,HC_ELEC_P_ELC,260322010,I,360009,1360090,Region,..Rajshahi,0,,0,1,HCELECPELC,BDDHS2014360009,2014,DHS,8729,10366,,,1
BGD,Barishal,2713538,Population using clean fuel for cooking ,4.4,1,BD,Bangladesh,2014,BD2014DHS,HC_CKFL_P_CLN,260432150,I,360001,1360010,Region,Barishal,0,,0,1,HCCKFLPCLN,BDDHS2014360001,2014,DHS,4883,9241,,,1
BGD,Chattogram/Sylhet,188030,Population using clean fuel for cooking ,13.6,1,BD,Bangladesh,2014,BD2014DHS,HC_CKFL_P_CLN,260432150,I,360002,1360020,Region,Chattogram/Sylhet,0,,0,1,HCCKFLPCLN,BDDHS2014360002,2014,DHS,21483,24091,,,
BGD,Chattogram,4069236,Population using clean fuel for cooking ,16.4,1,BD,Bangladesh,2014,BD2014DHS,HC_CKFL_P_CLN,260432150,I,360003,1360030,Region,..Chattogram,0,,0,1,HCCKFLPCLN,BDDHS2014360003,2014,DHS,14998,12874,,,1
BGD,Sylhet,5486824,Population using clean fuel for cooking ,7.1,1,BD,Bangladesh,2014,BD2014DHS,HC_CKFL_P_CLN,260432150,I,360004,1360040,Region,..Sylhet,0,,0,1,HCCKFLPCLN,BDDHS2014360004,2014,DHS,6484,11217,,,1
BGD,Dhaka before 2015,5578042,Population using clean fuel for cooking ,32.6,1,BD,Bangladesh,2014,BD2014DHS,HC_CKFL_P_CLN,260432150,I,360005,1360050,Region,Dhaka before 2015,0,,0,1,HCCKFLPCLN,BDDHS2014360005,2014,DHS,26248,13130,,,1
BGD,Khulna,3079831,Population using clean fuel for cooking ,3.6,1,BD,Bangladesh,2014,BD2014DHS,HC_CKFL_P_CLN,260432150,I,360006,1360060,Region,Khulna,0,,0,1,HCCKFLPCLN,BDDHS2014360006,2014,DHS,7407,10315,,,1
BGD,Rajshahi/Rangpur,6711480,Population using clean fuel for cooking ,3.2,1,BD,Bangladesh,2014,BD2014DHS,HC_CKFL_P_CLN,260432150,I,360007,1360070,Region,Rajshahi/Rangpur,0,,0,1,HCCKFLPCLN,BDDHS2014360007,2014,DHS,17305,20908,,,
BGD,Rangpur,2691461,Population using clean fuel for cooking ,1.7,1,BD,Bangladesh,2014,BD2014DHS,HC_CKFL_P_CLN,260432150,I,360008,1360080,Region,..Rangpur,0,,0,1,HCCKFLPCLN,BDDHS2014360008,2014,DHS,8575,10542,,,1
BGD,Rajshahi,6886233,Population using clean fuel for cooking ,4.7,1,BD,Bangladesh,2014,BD2014DHS,HC_CKFL_P_CLN,260432150,I,360009,1360090,Region,..Rajshahi,0,,0,1,HCCKFLPCLN,BDDHS2014360009,2014,DHS,8729,10366,,,1
BGD,Barishal,1811331,Age specific fertility rate: 10-14,1,0,BD,Bangladesh,2017,BD2017DHS,FE_FRTR_W_A10,11763005,I,360001,1360010,Region,Barishal,0,,0,1,FEFRTRWA10,BDDHS2017360001,2017-18,DHS,,,,,1
BGD,Chattogram/Sylhet,1797482,Age specific fertility rate: 10-14,4,0,BD,Bangladesh,2017,BD2017DHS,FE_FRTR_W_A10,11763005,I,360002,1360020,Region,Chattogram/Sylhet,0,,0,1,FEFRTRWA10,BDDHS2017360002,2017-18,DHS,,,,,
BGD,Chattogram,1811347,Age specific fertility rate: 10-14,4,0,BD,Bangladesh,2017,BD2017DHS,FE_FRTR_W_A10,11763005,I,360003,1360030,Region,..Chattogram,0,,0,1,FEFRTRWA10,BDDHS2017360003,2017-18,DHS,,,,,1
BGD,Sylhet,1811307,Age specific fertility rate: 10-14,2,0,BD,Bangladesh,2017,BD2017DHS,FE_FRTR_W_A10,11763005,I,360004,1360040,Region,..Sylhet,0,,0,1,FEFRTRWA10,BDDHS2017360004,2017-18,DHS,,,,,1
BGD,Dhaka before 2015,1797464,Age specific fertility rate: 10-14,6,0,BD,Bangladesh,2017,BD2017DHS,FE_FRTR_W_A10,11763005,I,360005,1360050,Region,Dhaka before 2015,0,,0,1,FEFRTRWA10,BDDHS2017360005,2017-18,DHS,,,,,
BGD,Dhaka,1797452,Age specific fertility rate: 10-14,6,0,BD,Bangladesh,2017,BD2017DHS,FE_FRTR_W_A10,11763005,I,360010,1360052,Region,..Dhaka,0,,0,1,FEFRTRWA10,BDDHS2017360010,2017-18,DHS,,,,,1
BGD,Mymensingh,1811321,Age specific fertility rate: 10-14,4,0,BD,Bangladesh,2017,BD2017DHS,FE_FRTR_W_A10,11763005,I,360011,1360055,Region,..Mymensingh,0,,0,1,FEFRTRWA10,BDDHS2017360011,2017-18,DHS,,,,,1
BGD,Khulna,1804515,Age specific fertility rate: 10-14,1,0,BD,Bangladesh,2017,BD2017DHS,FE_FRTR_W_A10,11763005,I,360006,1360060,Region,Khulna,0,,0,1,FEFRTRWA10,BDDHS2017360006,2017-18,DHS,,,,,1
BGD,Rajshahi/Rangpur,1804538,Age specific fertility rate: 10-14,7,0,BD,Bangladesh,2017,BD2017DHS,FE_FRTR_W_A10,11763005,I,360007,1360070,Region,Rajshahi/Rangpur,0,,0,1,FEFRTRWA10,BDDHS2017360007,2017-18,DHS,,,,,
BGD,Rangpur,1817889,Age specific fertility rate: 10-14,8,0,BD,Bangladesh,2017,BD2017DHS,FE_FRTR_W_A10,11763005,I,360008,1360080,Region,..Rangpur,0,,0,1,FEFRTRWA10,BDDHS2017360008,2017-18,DHS,,,,,1
BGD,Rajshahi,1817902,Age specific fertility rate: 10-14,6,0,BD,Bangladesh,2017,BD2017DHS,FE_FRTR_W_A10,11763005,I,360009,1360090,Region,..Rajshahi,0,,0,1,FEFRTRWA10,BDDHS2017360009,2017-18,DHS,,,,,1
BGD,Barishal,1811332,Age specific fertility rate: 15-19,111,0,BD,Bangladesh,2017,BD2017DHS,FE_FRTR_W_A15,11763010,I,360001,1360010,Region,Barishal,0,,0,1,FEFRTRWA15,BDDHS2017360001,2017-18,DHS,,,,,1
BGD,Chattogram/Sylhet,1797483,Age specific fertility rate: 15-19,103,0,BD,Bangladesh,2017,BD2017DHS,FE_FRTR_W_A15,11763010,I,360002,1360020,Region,Chattogram/Sylhet,0,,0,1,FEFRTRWA15,BDDHS2017360002,2017-18,DHS,,,,,
BGD,Chattogram,1811412,Age specific fertility rate: 15-19,111,0,BD,Bangladesh,2017,BD2017DHS,FE_FRTR_W_A15,11763010,I,360003,1360030,Region,..Chattogram,0,,0,1,FEFRTRWA15,BDDHS2017360003,2017-18,DHS,,,,,1
BGD,Sylhet,1811308,Age specific fertility rate: 15-19,83,0,BD,Bangladesh,2017,BD2017DHS,FE_FRTR_W_A15,11763010,I,360004,1360040,Region,..Sylhet,0,,0,1,FEFRTRWA15,BDDHS2017360004,2017-18,DHS,,,,,1
BGD,Dhaka before 2015,1797465,Age specific fertility rate: 15-19,104,0,BD,Bangladesh,2017,BD2017DHS,FE_FRTR_W_A15,11763010,I,360005,1360050,Region,Dhaka before 2015,0,,0,1,FEFRTRWA15,BDDHS2017360005,2017-18,DHS,,,,,
BGD,Dhaka,1797453,Age specific fertility rate: 15-19,99,0,BD,Bangladesh,2017,BD2017DHS,FE_FRTR_W_A15,11763010,I,360010,1360052,Region,..Dhaka,0,,0,1,FEFRTRWA15,BDDHS2017360010,2017-18,DHS,,,,,1
BGD,Mymensingh,1811322,Age specific fertility rate: 15-19,121,0,BD,Bangladesh,2017,BD2017DHS,FE_FRTR_W_A15,11763010,I,360011,1360055,Region,..Mymensingh,0,,0,1,FEFRTRWA15,BDDHS2017360011,2017-18,DHS,,,,,1
BGD,Khulna,1804516,Age specific fertility rate: 15-19,108,0,BD,Bangladesh,2017,BD2017DHS,FE_FRTR_W_A15,11763010,I,360006,1360060,Region,Khulna,0,,0,1,FEFRTRWA15,BDDHS2017360006,2017-18,DHS,,,,,1
BGD,Rajshahi/Rangpur,1804539,Age specific fertility rate: 15-19,120,0,BD,Bangladesh,2017,BD2017DHS,FE_FRTR_W_A15,11763010,I,360007,1360070,Region,Rajshahi/Rangpur,0,,0,1,FEFRTRWA15,BDDHS2017360007,2017-18,DHS,,,,,
BGD,Rangpur,1817890,Age specific fertility rate: 15-19,110,0,BD,Bangladesh,2017,BD2017DHS,FE_FRTR_W_A15,11763010,I,360008,1360080,Region,..Rangpur,0,,0,1,FEFRTRWA15,BDDHS2017360008,2017-18,DHS,,,,,1
BGD,Rajshahi,1817903,Age specific fertility rate: 15-19,130,0,BD,Bangladesh,2017,BD2017DHS,FE_FRTR_W_A15,11763010,I,360009,1360090,Region,..Rajshahi,0,,0,1,FEFRTRWA15,BDDHS2017360009,2017-18,DHS,,,,,1
BGD,Barishal,1557037,Demand for family planning satisfied by modern methods,67.4,1,BD,Bangladesh,2017,BD2017DHS,FP_NADM_W_PDM,32933150,I,360001,1360010,Region,Barishal,0,,0,1,FPNADMWPDM,BDDHS2017360001,2017-18,DHS,798,1537,,,1
BGD,Chattogram/Sylhet,4824704,Demand for family planning satisfied by modern methods,62.9,1,BD,Bangladesh,2017,BD2017DHS,FP_NADM_W_PDM,32933150,I,360002,1360020,Region,Chattogram/Sylhet,0,,0,1,FPNADMWPDM,BDDHS2017360002,2017-18,DHS,3200,3375,,,
BGD,Chattogram,6603860,Demand for family planning satisfied by modern methods,62.4,1,BD,Bangladesh,2017,BD2017DHS,FP_NADM_W_PDM,32933150,I,360003,1360030,Region,..Chattogram,0,,0,1,FPNADMWPDM,BDDHS2017360003,2017-18,DHS,2450,1968,,,1
BGD,Sylhet,4353759,Demand for family planning satisfied by modern methods,64.8,1,BD,Bangladesh,2017,BD2017DHS,FP_NADM_W_PDM,32933150,I,360004,1360040,Region,..Sylhet,0,,0,1,FPNADMWPDM,BDDHS2017360004,2017-18,DHS,750,1407,,,1
BGD,Dhaka before 2015,6056931,Demand for family planning satisfied by modern methods,71.8,1,BD,Bangladesh,2017,BD2017DHS,FP_NADM_W_PDM,32933150,I,360005,1360050,Region,Dhaka before 2015,0,,0,1,FPNADMWPDM,BDDHS2017360005,2017-18,DHS,4694,3622,,,
BGD,Dhaka,3454536,Demand for family planning satisfied by modern methods,70.7,1,BD,Bangladesh,2017,BD2017DHS,FP_NADM_W_PDM,32933150,I,360010,1360052,Region,..Dhaka,0,,0,1,FPNADMWPDM,BDDHS2017360010,2017-18,DHS,3624,2107,,,1
BGD,Mymensingh,1557039,Demand for family planning satisfied by modern methods,75.6,1,BD,Bangladesh,2017,BD2017DHS,FP_NADM_W_PDM,32933150,I,360011,1360055,Region,..Mymensingh,0,,0,1,FPNADMWPDM,BDDHS2017360011,2017-18,DHS,1070,1515,,,1
BGD,Khulna,1542887,Demand for family planning satisfied by modern methods,71.3,1,BD,Bangladesh,2017,BD2017DHS,FP_NADM_W_PDM,32933150,I,360006,1360060,Region,Khulna,0,,0,1,FPNADMWPDM,BDDHS2017360006,2017-18,DHS,1613,1824,,,1
BGD,Rajshahi/Rangpur,5067769,Demand for family planning satisfied by modern methods,74.9,1,BD,Bangladesh,2017,BD2017DHS,FP_NADM_W_PDM,32933150,I,360007,1360070,Region,Rajshahi/Rangpur,0,,0,1,FPNADMWPDM,BDDHS2017360007,2017-18,DHS,3713,3628,,,
BGD,Rangpur,2692029,Demand for family planning satisfied by modern methods,75.7,1,BD,Bangladesh,2017,BD2017DHS,FP_NADM_W_PDM,32933150,I,360008,1360080,Region,..Rangpur,0,,0,1,FPNADMWPDM,BDDHS2017360008,2017-18,DHS,1750,1820,,,1
BGD,Rajshahi,6864421,Demand for family planning satisfied by modern methods,74.1,1,BD,Bangladesh,2017,BD2017DHS,FP_NADM_W_PDM,32933150,I,360009,1360090,Region,..Rajshahi,0,,0,1,FPNADMWPDM,BDDHS2017360009,2017-18,DHS,1963,1808,,,1
BGD,Barishal,7449636,Neonatal mortality rate,27,0,BD,Bangladesh,2017,BD2017DHS,CM_ECMR_C_NNR,63206010,I,360001,1360010,Region,Barishal,14003,Ten years preceding the survey,0,1,CMECMRCNNR,BDDHS2017360001,2017-18,DHS,,,19,34,1
BGD,Chattogram/Sylhet,7499478,Neonatal mortality rate,31,0,BD,Bangladesh,2017,BD2017DHS,CM_ECMR_C_NNR,63206010,I,360002,1360020,Region,Chattogram/Sylhet,14003,Ten years preceding the survey,0,1,CMECMRCNNR,BDDHS2017360002,2017-18,DHS,,,25,37,
BGD,Chattogram,7704760,Neonatal mortality rate,30,0,BD,Bangladesh,2017,BD2017DHS,CM_ECMR_C_NNR,63206010,I,360003,1360030,Region,..Chattogram,14003,Ten years preceding the survey,0,1,CMECMRCNNR,BDDHS2017360003,2017-18,DHS,,,23,38,1
BGD,Sylhet,1736383,Neonatal mortality rate,34,0,BD,Bangladesh,2017,BD2017DHS,CM_ECMR_C_NNR,63206010,I,360004,1360040,Region,..Sylhet,14003,Ten years preceding the survey,0,1,CMECMRCNNR,BDDHS2017360004,2017-18,DHS,,,26,43,1
BGD,Dhaka before 2015,7785317,Neonatal mortality rate,33,0,BD,Bangladesh,2017,BD2017DHS,CM_ECMR_C_NNR,63206010,I,360005,1360050,Region,Dhaka before 2015,14003,Ten years preceding the survey,0,1,CMECMRCNNR,BDDHS2017360005,2017-18,DHS,,,26,39,
BGD,Dhaka,7681043,Neonatal mortality rate,33,0,BD,Bangladesh,2017,BD2017DHS,CM_ECMR_C_NNR,63206010,I,360010,1360052,Region,..Dhaka,14003,Ten years preceding the survey,0,1,CMECMRCNNR,BDDHS2017360010,2017-18,DHS,,,25,41,1
BGD,Mymensingh,7861523,Neonatal mortality rate,32,0,BD,Bangladesh,2017,BD2017DHS,CM_ECMR_C_NNR,63206010,I,360011,1360055,Region,..Mymensingh,14003,Ten years preceding the survey,0,1,CMECMRCNNR,BDDHS2017360011,2017-18,DHS,,,24,41,1
BGD,Khulna,1723742,Neonatal mortality rate,25,0,BD,Bangladesh,2017,BD2017DHS,CM_ECMR_C_NNR,63206010,I,360006,1360060,Region,Khulna,14003,Ten years preceding the survey,0,1,CMECMRCNNR,BDDHS2017360006,2017-18,DHS,,,18,33,1
BGD,Rajshahi/Rangpur,7723039,Neonatal mortality rate,35,0,BD,Bangladesh,2017,BD2017DHS,CM_ECMR_C_NNR,63206010,I,360007,1360070,Region,Rajshahi/Rangpur,14003,Ten years preceding the survey,0,1,CMECMRCNNR,BDDHS2017360007,2017-18,DHS,,,29,42,
BGD,Rangpur,7789156,Neonatal mortality rate,37,0,BD,Bangladesh,2017,BD2017DHS,CM_ECMR_C_NNR,63206010,I,360008,1360080,Region,..Rangpur,14003,Ten years preceding the survey,0,1,CMECMRCNNR,BDDHS2017360008,2017-18,DHS,,,27,48,1
BGD,Rajshahi,7930664,Neonatal mortality rate,33,0,BD,Bangladesh,2017,BD2017DHS,CM_ECMR_C_NNR,63206010,I,360009,1360090,Region,..Rajshahi,14003,Ten years preceding the survey,0,1,CMECMRCNNR,BDDHS2017360009,2017-18,DHS,,,26,40,1
BGD,Barishal,1736425,Under-five mortality rate,51,0,BD,Bangladesh,2017,BD2017DHS,CM_ECMR_C_U5M,63206050,I,360001,1360010,Region,Barishal,14003,Ten years preceding the survey,0,1,CMECMRCU5M,BDDHS2017360001,2017-18,DHS,,,41,61,1
BGD,Chattogram/Sylhet,1730082,Under-five mortality rate,51,0,BD,Bangladesh,2017,BD2017DHS,CM_ECMR_C_U5M,63206050,I,360002,1360020,Region,Chattogram/Sylhet,14003,Ten years preceding the survey,0,1,CMECMRCU5M,BDDHS2017360002,2017-18,DHS,,,43,58,
BGD,Chattogram,7446288,Under-five mortality rate,46,0,BD,Bangladesh,2017,BD2017DHS,CM_ECMR_C_U5M,63206050,I,360003,1360030,Region,..Chattogram,14003,Ten years preceding the survey,0,1,CMECMRCU5M,BDDHS2017360003,2017-18,DHS,,,36,56,1
BGD,Sylhet,1736573,Under-five mortality rate,63,0,BD,Bangladesh,2017,BD2017DHS,CM_ECMR_C_U5M,63206050,I,360004,1360040,Region,..Sylhet,14003,Ten years preceding the survey,0,1,CMECMRCU5M,BDDHS2017360004,2017-18,DHS,,,54,73,1
BGD,Dhaka before 2015,7978052,Under-five mortality rate,49,0,BD,Bangladesh,2017,BD2017DHS,CM_ECMR_C_U5M,63206050,I,360005,1360050,Region,Dhaka before 2015,14003,Ten years preceding the survey,0,1,CMECMRCU5M,BDDHS2017360005,2017-18,DHS,,,41,56,
BGD,Dhaka,7782627,Under-five mortality rate,48,0,BD,Bangladesh,2017,BD2017DHS,CM_ECMR_C_U5M,63206050,I,360010,1360052,Region,..Dhaka,14003,Ten years preceding the survey,0,1,CMECMRCU5M,BDDHS2017360010,2017-18,DHS,,,38,57,1
BGD,Mymensingh,1736577,Under-five mortality rate,51,0,BD,Bangladesh,2017,BD2017DHS,CM_ECMR_C_U5M,63206050,I,360011,1360055,Region,..Mymensingh,14003,Ten years preceding the survey,0,1,CMECMRCU5M,BDDHS2017360011,2017-18,DHS,,,42,60,1
BGD,Khulna,1723848,Under-five mortality rate,38,0,BD,Bangladesh,2017,BD2017DHS,CM_ECMR_C_U5M,63206050,I,360006,1360060,Region,Khulna,14003,Ten years preceding the survey,0,1,CMECMRCU5M,BDDHS2017360006,2017-18,DHS,,,29,47,1
BGD,Rajshahi/Rangpur,7749512,Under-five mortality rate,50,0,BD,Bangladesh,2017,BD2017DHS,CM_ECMR_C_U5M,63206050,I,360007,1360070,Region,Rajshahi/Rangpur,14003,Ten years preceding the survey,0,1,CMECMRCU5M,BDDHS2017360007,2017-18,DHS,,,42,57,
BGD,Rangpur,7618847,Under-five mortality rate,47,0,BD,Bangladesh,2017,BD2017DHS,CM_ECMR_C_U5M,63206050,I,360008,1360080,Region,..Rangpur,14003,Ten years preceding the survey,0,1,CMECMRCU5M,BDDHS2017360008,2017-18,DHS,,,36,59,1
BGD,Rajshahi,7877644,Under-five mortality rate,52,0,BD,Bangladesh,2017,BD2017DHS,CM_ECMR_C_U5M,63206050,I,360009,1360090,Region,..Rajshahi,14003,Ten years preceding the survey,0,1,CMECMRCU5M,BDDHS2017360009,2017-18,DHS,,,42,62,1
BGD,Barishal,786920,Assistance during delivery from a skilled provider,47.1,1,BD,Bangladesh,2017,BD2017DHS,RH_DELA_C_SKP,83606110,I,360001,1360010,Region,Barishal,14000,Three years preceding the survey,0,0,RHDELACSKP,BDDHS2017360001,2017-18,DHS,303,561,,,1
BGD,Barishal,499895,Assistance during delivery from a skilled provider,50.5,1,BD,Bangladesh,2017,BD2017DHS,RH_DELA_C_SKP,83606110,I,360001,1360010,Region,Barishal,14002,Two years preceding the survey,0,1,RHDELACSKP,BDDHS2017360001,2017-18,DHS,214,395,,,1
BGD,Chattogram/Sylhet,6198040,Assistance during delivery from a skilled provider,47.3,1,BD,Bangladesh,2017,BD2017DHS,RH_DELA_C_SKP,83606110,I,360002,1360020,Region,Chattogram/Sylhet,14000,Three years preceding the survey,0,0,RHDELACSKP,BDDHS2017360002,2017-18,DHS,1567,1652,,,
BGD,Chattogram/Sylhet,2206752,Assistance during delivery from a skilled provider,49.2,1,BD,Bangladesh,2017,BD2017DHS,RH_DELA_C_SKP,83606110,I,360002,1360020,Region,Chattogram/Sylhet,14002,Two years preceding the survey,0,1,RHDELACSKP,BDDHS2017360002,2017-18,DHS,1043,1102,,,
BGD,Chattogram,5463410,Assistance during delivery from a skilled provider,50.2,1,BD,Bangladesh,2017,BD2017DHS,RH_DELA_C_SKP,83606110,I,360003,1360030,Region,..Chattogram,14000,Three years preceding the survey,0,0,RHDELACSKP,BDDHS2017360003,2017-18,DHS,1141,890,,,1
BGD,Chattogram,3785340,Assistance during delivery from a skilled provider,51.6,1,BD,Bangladesh,2017,BD2017DHS,RH_DELA_C_SKP,83606110,I,360003,1360030,Region,..Chattogram,14002,Two years preceding the survey,0,1,RHDELACSKP,BDDHS2017360003,2017-18,DHS,754,588,,,1
BGD,Sylhet,3754139,Assistance during delivery from a skilled provider,39.3,1,BD,Bangladesh,2017,BD2017DHS,RH_DELA_C_SKP,83606110,I,360004,1360040,Region,..Sylhet,14000,Three years preceding the survey,0,0,RHDELACSKP,BDDHS2017360004,2017-18,DHS,425,762,,,1
BGD,Sylhet,7793676,Assistance during delivery from a skilled provider,42.9,1,BD,Bangladesh,2017,BD2017DHS,RH_DELA_C_SKP,83606110,I,360004,1360040,Region,..Sylhet,14002,Two years preceding the survey,0,1,RHDELACSKP,BDDHS2017360004,2017-18,DHS,289,514,,,1
BGD,Dhaka before 2015,2618968,Assistance during delivery from a skilled provider,55.9,1,BD,Bangladesh,2017,BD2017DHS,RH_DELA_C_SKP,83606110,I,360005,1360050,Region,Dhaka before 2015,14000,Three years preceding the survey,0,0,RHDELACSKP,BDDHS2017360005,2017-18,DHS,1809,1412,,,
BGD,Dhaka before 2015,3881427,Assistance during delivery from a skilled provider,56.1,1,BD,Bangladesh,2017,BD2017DHS,RH_DELA_C_SKP,83606110,I,360005,1360050,Region,Dhaka before 2015,14002,Two years preceding the survey,0,1,RHDELACSKP,BDDHS2017360005,2017-18,DHS,1215,949,,,
BGD,Dhaka,7935267,Assistance during delivery from a skilled provider,60.5,1,BD,Bangladesh,2017,BD2017DHS,RH_DELA_C_SKP,83606110,I,360010,1360052,Region,..Dhaka,14000,Three years preceding the survey,0,0,RHDELACSKP,BDDHS2017360010,2017-18,DHS,1359,779,,,1
BGD,Dhaka,4400812,Assistance during delivery from a skilled provider,61.4,1,BD,Bangladesh,2017,BD2017DHS,RH_DELA_C_SKP,83606110,I,360010,1360052,Region,..Dhaka,14002,Two years preceding the survey,0,1,RHDELACSKP,BDDHS2017360010,2017-18,DHS,912,523,,,1
BGD,Mymensingh,85724,Assistance during delivery from a skilled provider,41.8,1,BD,Bangladesh,2017,BD2017DHS,RH_DELA_C_SKP,83606110,I,360011,1360055,Region,..Mymensingh,14000,Three years preceding the survey,0,0,RHDELACSKP,BDDHS2017360011,2017-18,DHS,451,633,,,1
BGD,Mymensingh,6618923,Assistance during delivery from a skilled provider,40.2,1,BD,Bangladesh,2017,BD2017DHS,RH_DELA_C_SKP,83606110,I,360011,1360055,Region,..Mymensingh,14002,Two years preceding the survey,0,1,RHDELACSKP,BDDHS2017360011,2017-18,DHS,303,426,,,1
BGD,Khulna,4478376,Assistance during delivery from a skilled provider,63.6,1,BD,Bangladesh,2017,BD2017DHS,RH_DELA_C_SKP,83606110,I,360006,1360060,Region,Khulna,14000,Three years preceding the survey,0,0,RHDELACSKP,BDDHS2017360006,2017-18,DHS,481,545,,,1
BGD,Khulna,7285022,Assistance during delivery from a skilled provider,64.8,1,BD,Bangladesh,2017,BD2017DHS,RH_DELA_C_SKP,83606110,I,360006,1360060,Region,Khulna,14002,Two years preceding the survey,0,1,RHDELACSKP,BDDHS2017360006,2017-18,DHS,330,371,,,1
BGD,Rajshahi/Rangpur,6583841,Assistance during delivery from a skilled provider,52.1,1,BD,Bangladesh,2017,BD2017DHS,RH_DELA_C_SKP,83606110,I,360007,1360070,Region,Rajshahi/Rangpur,14000,Three years preceding the survey,0,0,RHDELACSKP,BDDHS2017360007,2017-18,DHS,1177,1134,,,
BGD,Rajshahi/Rangpur,2912499,Assistance during delivery from a skilled provider,53,1,BD,Bangladesh,2017,BD2017DHS,RH_DELA_C_SKP,83606110,I,360007,1360070,Region,Rajshahi/Rangpur,14002,Two years preceding the survey,0,1,RHDELACSKP,BDDHS2017360007,2017-18,DHS,789,764,,,
BGD,Rangpur,610137,Assistance during delivery from a skilled provider,49.1,1,BD,Bangladesh,2017,BD2017DHS,RH_DELA_C_SKP,83606110,I,360008,1360080,Region,..Rangpur,14000,Three years preceding the survey,0,0,RHDELACSKP,BDDHS2017360008,2017-18,DHS,555,580,,,1
BGD,Rangpur,3768424,Assistance during delivery from a skilled provider,50.1,1,BD,Bangladesh,2017,BD2017DHS,RH_DELA_C_SKP,83606110,I,360008,1360080,Region,..Rangpur,14002,Two years preceding the survey,0,1,RHDELACSKP,BDDHS2017360008,2017-18,DHS,385,399,,,1
BGD,Rajshahi,2222894,Assistance during delivery from a skilled provider,54.7,1,BD,Bangladesh,2017,BD2017DHS,RH_DELA_C_SKP,83606110,I,360009,1360090,Region,..Rajshahi,14000,Three years preceding the survey,0,0,RHDELACSKP,BDDHS2017360009,2017-18,DHS,622,554,,,1
BGD,Rajshahi,2222914,Assistance during delivery from a skilled provider,55.7,1,BD,Bangladesh,2017,BD2017DHS,RH_DELA_C_SKP,83606110,I,360009,1360090,Region,..Rajshahi,14002,Two years preceding the survey,0,1,RHDELACSKP,BDDHS2017360009,2017-18,DHS,404,365,,,1
BGD,Barishal,7232432,DPT 3 vaccination received,95.7,1,BD,Bangladesh,2017,BD2017DHS,CH_VACC_C_DP3,93906040,I,360001,1360010,Region,Barishal,0,,0,1,CHVACCCDP3,BDDHS2017360001,2017-18,DHS,94,176,,,1
BGD,Chattogram/Sylhet,5691873,DPT 3 vaccination received,95.8,1,BD,Bangladesh,2017,BD2017DHS,CH_VACC_C_DP3,93906040,I,360002,1360020,Region,Chattogram/Sylhet,0,,0,1,CHVACCCDP3,BDDHS2017360002,2017-18,DHS,497,522,,,
BGD,Chattogram,2633421,DPT 3 vaccination received,97.1,1,BD,Bangladesh,2017,BD2017DHS,CH_VACC_C_DP3,93906040,I,360003,1360030,Region,..Chattogram,0,,0,1,CHVACCCDP3,BDDHS2017360003,2017-18,DHS,354,274,,,1
BGD,Sylhet,6871604,DPT 3 vaccination received,92.8,1,BD,Bangladesh,2017,BD2017DHS,CH_VACC_C_DP3,93906040,I,360004,1360040,Region,..Sylhet,0,,0,1,CHVACCCDP3,BDDHS2017360004,2017-18,DHS,143,248,,,1
BGD,Dhaka before 2015,3044083,DPT 3 vaccination received,93.8,1,BD,Bangladesh,2017,BD2017DHS,CH_VACC_C_DP3,93906040,I,360005,1360050,Region,Dhaka before 2015,0,,0,1,CHVACCCDP3,BDDHS2017360005,2017-18,DHS,566,443,,,
BGD,Dhaka,2985653,DPT 3 vaccination received,94.1,1,BD,Bangladesh,2017,BD2017DHS,CH_VACC_C_DP3,93906040,I,360010,1360052,Region,..Dhaka,0,,0,1,CHVACCCDP3,BDDHS2017360010,2017-18,DHS,425,243,,,1
BGD,Mymensingh,6548763,DPT 3 vaccination received,93,1,BD,Bangladesh,2017,BD2017DHS,CH_VACC_C_DP3,93906040,I,360011,1360055,Region,..Mymensingh,0,,0,1,CHVACCCDP3,BDDHS2017360011,2017-18,DHS,141,200,,,1
BGD,Khulna,5704013,DPT 3 vaccination received,97.9,1,BD,Bangladesh,2017,BD2017DHS,CH_VACC_C_DP3,93906040,I,360006,1360060,Region,Khulna,0,,0,1,CHVACCCDP3,BDDHS2017360006,2017-18,DHS,144,160,,,1
BGD,Rajshahi/Rangpur,5823212,DPT 3 vaccination received,98.4,1,BD,Bangladesh,2017,BD2017DHS,CH_VACC_C_DP3,93906040,I,360007,1360070,Region,Rajshahi/Rangpur,0,,0,1,CHVACCCDP3,BDDHS2017360007,2017-18,DHS,378,365,,,
BGD,Rangpur,2077059,DPT 3 vaccination received,97.8,1,BD,Bangladesh,2017,BD2017DHS,CH_VACC_C_DP3,93906040,I,360008,1360080,Region,..Rangpur,0,,0,1,CHVACCCDP3,BDDHS2017360008,2017-18,DHS,190,192,,,1
BGD,Rajshahi,5580136,DPT 3 vaccination received,99,1,BD,Bangladesh,2017,BD2017DHS,CH_VACC_C_DP3,93906040,I,360009,1360090,Region,..Rajshahi,0,,0,1,CHVACCCDP3,BDDHS2017360009,2017-18,DHS,188,173,,,1
BGD,Barishal,7232435,Pneumococcal 3 vaccination received,93.3,1,BD,Bangladesh,2017,BD2017DHS,CH_VACC_C_PN3,93906190,I,360001,1360010,Region,Barishal,0,,0,1,CHVACCCPN3,BDDHS2017360001,2017-18,DHS,94,176,,,1
BGD,Chattogram/Sylhet,5691876,Pneumococcal 3 vaccination received,92.1,1,BD,Bangladesh,2017,BD2017DHS,CH_VACC_C_PN3,93906190,I,360002,1360020,Region,Chattogram/Sylhet,0,,0,1,CHVACCCPN3,BDDHS2017360002,2017-18,DHS,497,522,,,
BGD,Chattogram,2633424,Pneumococcal 3 vaccination received,93.1,1,BD,Bangladesh,2017,BD2017DHS,CH_VACC_C_PN3,93906190,I,360003,1360030,Region,..Chattogram,0,,0,1,CHVACCCPN3,BDDHS2017360003,2017-18,DHS,354,274,,,1
BGD,Sylhet,6871607,Pneumococcal 3 vaccination received,89.7,1,BD,Bangladesh,2017,BD2017DHS,CH_VACC_C_PN3,93906190,I,360004,1360040,Region,..Sylhet,0,,0,1,CHVACCCPN3,BDDHS2017360004,2017-18,DHS,143,248,,,1
BGD,Dhaka before 2015,3044086,Pneumococcal 3 vaccination received,89.6,1,BD,Bangladesh,2017,BD2017DHS,CH_VACC_C_PN3,93906190,I,360005,1360050,Region,Dhaka before 2015,0,,0,1,CHVACCCPN3,BDDHS2017360005,2017-18,DHS,566,443,,,
BGD,Dhaka,2985656,Pneumococcal 3 vaccination received,89,1,BD,Bangladesh,2017,BD2017DHS,CH_VACC_C_PN3,93906190,I,360010,1360052,Region,..Dhaka,0,,0,1,CHVACCCPN3,BDDHS2017360010,2017-18,DHS,425,243,,,1
BGD,Mymensingh,6548766,Pneumococcal 3 vaccination received,91.4,1,BD,Bangladesh,2017,BD2017DHS,CH_VACC_C_PN3,93906190,I,360011,1360055,Region,..Mymensingh,0,,0,1,CHVACCCPN3,BDDHS2017360011,2017-18,DHS,141,200,,,1
BGD,Khulna,5704016,Pneumococcal 3 vaccination received,94.4,1,BD,Bangladesh,2017,BD2017DHS,CH_VACC_C_PN3,93906190,I,360006,1360060,Region,Khulna,0,,0,1,CHVACCCPN3,BDDHS2017360006,2017-18,DHS,144,160,,,1
BGD,Rajshahi/Rangpur,5823215,Pneumococcal 3 vaccination received,94.2,1,BD,Bangladesh,2017,BD2017DHS,CH_VACC_C_PN3,93906190,I,360007,1360070,Region,Rajshahi/Rangpur,0,,0,1,CHVACCCPN3,BDDHS2017360007,2017-18,DHS,378,365,,,
BGD,Rangpur,2077062,Pneumococcal 3 vaccination received,91.9,1,BD,Bangladesh,2017,BD2017DHS,CH_VACC_C_PN3,93906190,I,360008,1360080,Region,..Rangpur,0,,0,1,CHVACCCPN3,BDDHS2017360008,2017-18,DHS,190,192,,,1
BGD,Rajshahi,5580139,Pneumococcal 3 vaccination received,96.5,1,BD,Bangladesh,2017,BD2017DHS,CH_VACC_C_PN3,93906190,I,360009,1360090,Region,..Rajshahi,0,,0,1,CHVACCCPN3,BDDHS2017360009,2017-18,DHS,188,173,,,1
BGD,Barishal,5870053,Children stunted,32.5,1,BD,Bangladesh,2017,BD2017DHS,CN_NUTS_C_HA2,104236020,I,360001,1360010,Region,Barishal,0,,0,1,CNNUTSCHA2,BDDHS2017360001,2017-18,DHS,463,857,,,1
BGD,Chattogram/Sylhet,4713956,Children stunted,35.6,1,BD,Bangladesh,2017,BD2017DHS,CN_NUTS_C_HA2,104236020,I,360002,1360020,Region,Chattogram/Sylhet,0,,0,1,CNNUTSCHA2,BDDHS2017360002,2017-18,DHS,2307,2467,,,
BGD,Chattogram,4664973,Children stunted,32.8,1,BD,Bangladesh,2017,BD2017DHS,CN_NUTS_C_HA2,104236020,I,360003,1360030,Region,..Chattogram,0,,0,1,CNNUTSCHA2,BDDHS2017360003,2017-18,DHS,1644,1289,,,1
BGD,Sylhet,2602938,Children stunted,42.7,1,BD,Bangladesh,2017,BD2017DHS,CN_NUTS_C_HA2,104236020,I,360004,1360040,Region,..Sylhet,0,,0,1,CNNUTSCHA2,BDDHS2017360004,2017-18,DHS,663,1178,,,1
BGD,Dhaka before 2015,6717428,Children stunted,28.2,1,BD,Bangladesh,2017,BD2017DHS,CN_NUTS_C_HA2,104236020,I,360005,1360050,Region,Dhaka before 2015,0,,0,1,CNNUTSCHA2,BDDHS2017360005,2017-18,DHS,2690,2118,,,
BGD,Dhaka,4977173,Children stunted,25.6,1,BD,Bangladesh,2017,BD2017DHS,CN_NUTS_C_HA2,104236020,I,360010,1360052,Region,..Dhaka,0,,0,1,CNNUTSCHA2,BDDHS2017360010,2017-18,DHS,1999,1152,,,1
BGD,Mymensingh,6679205,Children stunted,35.6,1,BD,Bangladesh,2017,BD2017DHS,CN_NUTS_C_HA2,104236020,I,360011,1360055,Region,..Mymensingh,0,,0,1,CNNUTSCHA2,BDDHS2017360011,2017-18,DHS,691,966,,,1
BGD,Khulna,5883474,Children stunted,25.5,1,BD,Bangladesh,2017,BD2017DHS,CN_NUTS_C_HA2,104236020,I,360006,1360060,Region,Khulna,0,,0,1,CNNUTSCHA2,BDDHS2017360006,2017-18,DHS,769,861,,,1
BGD,Rajshahi/Rangpur,2912488,Children stunted,30.5,1,BD,Bangladesh,2017,BD2017DHS,CN_NUTS_C_HA2,104236020,I,360007,1360070,Region,Rajshahi/Rangpur,0,,0,1,CNNUTSCHA2,BDDHS2017360007,2017-18,DHS,1879,1808,,,
BGD,Rangpur,5517372,Children stunted,30.4,1,BD,Bangladesh,2017,BD2017DHS,CN_NUTS_C_HA2,104236020,I,360008,1360080,Region,..Rangpur,0,,0,1,CNNUTSCHA2,BDDHS2017360008,2017-18,DHS,912,950,,,1
BGD,Rajshahi,1381715,Children stunted,30.6,1,BD,Bangladesh,2017,BD2017DHS,CN_NUTS_C_HA2,104236020,I,360009,1360090,Region,..Rajshahi,0,,0,1,CNNUTSCHA2,BDDHS2017360009,2017-18,DHS,967,858,,,1
BGD,Barishal,4296325,Children wasted,9,1,BD,Bangladesh,2017,BD2017DHS,CN_NUTS_C_WH2,104236050,I,360001,1360010,Region,Barishal,0,,0,1,CNNUTSCWH2,BDDHS2017360001,2017-18,DHS,460,853,,,1
BGD,Chattogram/Sylhet,7180364,Children wasted,8.6,1,BD,Bangladesh,2017,BD2017DHS,CN_NUTS_C_WH2,104236050,I,360002,1360020,Region,Chattogram/Sylhet,0,,0,1,CNNUTSCWH2,BDDHS2017360002,2017-18,DHS,2318,2473,,,
BGD,Chattogram,3700246,Children wasted,7.9,1,BD,Bangladesh,2017,BD2017DHS,CN_NUTS_C_WH2,104236050,I,360003,1360030,Region,..Chattogram,0,,0,1,CNNUTSCWH2,BDDHS2017360003,2017-18,DHS,1655,1297,,,1
BGD,Sylhet,4909250,Children wasted,10.4,1,BD,Bangladesh,2017,BD2017DHS,CN_NUTS_C_WH2,104236050,I,360004,1360040,Region,..Sylhet,0,,0,1,CNNUTSCWH2,BDDHS2017360004,2017-18,DHS,663,1176,,,1
BGD,Dhaka before 2015,2586888,Children wasted,8.8,1,BD,Bangladesh,2017,BD2017DHS,CN_NUTS_C_WH2,104236050,I,360005,1360050,Region,Dhaka before 2015,0,,0,1,CNNUTSCWH2,BDDHS2017360005,2017-18,DHS,2683,2114,,,
BGD,Dhaka,2673733,Children wasted,8.8,1,BD,Bangladesh,2017,BD2017DHS,CN_NUTS_C_WH2,104236050,I,360010,1360052,Region,..Dhaka,0,,0,1,CNNUTSCWH2,BDDHS2017360010,2017-18,DHS,1991,1148,,,1
BGD,Mymensingh,144464,Children wasted,9,1,BD,Bangladesh,2017,BD2017DHS,CN_NUTS_C_WH2,104236050,I,360011,1360055,Region,..Mymensingh,0,,0,1,CNNUTSCWH2,BDDHS2017360011,2017-18,DHS,692,966,,,1
BGD,Khulna,4155367,Children wasted,8,1,BD,Bangladesh,2017,BD2017DHS,CN_NUTS_C_WH2,104236050,I,360006,1360060,Region,Khulna,0,,0,1,CNNUTSCWH2,BDDHS2017360006,2017-18,DHS,769,860,,,1
BGD,Rajshahi/Rangpur,6019559,Children wasted,7.6,1,BD,Bangladesh,2017,BD2017DHS,CN_NUTS_C_WH2,104236050,I,360007,1360070,Region,Rajshahi/Rangpur,0,,0,1,CNNUTSCWH2,BDDHS2017360007,2017-18,DHS,1882,1810,,,
BGD,Rangpur,1381701,Children wasted,7.3,1,BD,Bangladesh,2017,BD2017DHS,CN_NUTS_C_WH2,104236050,I,360008,1360080,Region,..Rangpur,0,,0,1,CNNUTSCWH2,BDDHS2017360008,2017-18,DHS,915,952,,,1
BGD,Rajshahi,5432162,Children wasted,8,1,BD,Bangladesh,2017,BD2017DHS,CN_NUTS_C_WH2,104236050,I,360009,1360090,Region,..Rajshahi,0,,0,1,CNNUTSCWH2,BDDHS2017360009,2017-18,DHS,967,858,,,1
BGD,Barishal,4296329,Children overweight,2.8,1,BD,Bangladesh,2017,BD2017DHS,CN_NUTS_C_WHP,104236060,I,360001,1360010,Region,Barishal,0,,0,1,CNNUTSCWHP,BDDHS2017360001,2017-18,DHS,460,853,,,1
BGD,Chattogram/Sylhet,7180365,Children overweight,1.6,1,BD,Bangladesh,2017,BD2017DHS,CN_NUTS_C_WHP,104236060,I,360002,1360020,Region,Chattogram/Sylhet,0,,0,1,CNNUTSCWHP,BDDHS2017360002,2017-18,DHS,2318,2473,,,
BGD,Chattogram,3700258,Children overweight,1.9,1,BD,Bangladesh,2017,BD2017DHS,CN_NUTS_C_WHP,104236060,I,360003,1360030,Region,..Chattogram,0,,0,1,CNNUTSCWHP,BDDHS2017360003,2017-18,DHS,1655,1297,,,1
BGD,Sylhet,4909251,Children overweight,0.9,1,BD,Bangladesh,2017,BD2017DHS,CN_NUTS_C_WHP,104236060,I,360004,1360040,Region,..Sylhet,0,,0,1,CNNUTSCWHP,BDDHS2017360004,2017-18,DHS,663,1176,,,1
BGD,Dhaka before 2015,2586889,Children overweight,3.5,1,BD,Bangladesh,2017,BD2017DHS,CN_NUTS_C_WHP,104236060,I,360005,1360050,Region,Dhaka before 2015,0,,0,1,CNNUTSCWHP,BDDHS2017360005,2017-18,DHS,2683,2114,,,
BGD,Dhaka,2673734,Children overweight,4,1,BD,Bangladesh,2017,BD2017DHS,CN_NUTS_C_WHP,104236060,I,360010,1360052,Region,..Dhaka,0,,0,1,CNNUTSCWHP,BDDHS2017360010,2017-18,DHS,1991,1148,,,1
BGD,Mymensingh,144465,Children overweight,1.8,1,BD,Bangladesh,2017,BD2017DHS,CN_NUTS_C_WHP,104236060,I,360011,1360055,Region,..Mymensingh,0,,0,1,CNNUTSCWHP,BDDHS2017360011,2017-18,DHS,692,966,,,1
BGD,Khulna,4155374,Children overweight,1.7,1,BD,Bangladesh,2017,BD2017DHS,CN_NUTS_C_WHP,104236060,I,360006,1360060,Region,Khulna,0,,0,1,CNNUTSCWHP,BDDHS2017360006,2017-18,DHS,769,860,,,1
BGD,Rajshahi/Rangpur,6019584,Children overweight,1.1,1,BD,Bangladesh,2017,BD2017DHS,CN_NUTS_C_WHP,104236060,I,360007,1360070,Region,Rajshahi/Rangpur,0,,0,1,CNNUTSCWHP,BDDHS2017360007,2017-18,DHS,1882,1810,,,
BGD,Rangpur,1381702,Children overweight,1.1,1,BD,Bangladesh,2017,BD2017DHS,CN_NUTS_C_WHP,104236060,I,360008,1360080,Region,..Rangpur,0,,0,1,CNNUTSCWHP,BDDHS2017360008,2017-18,DHS,915,952,,,1
BGD,Rajshahi,5432163,Children overweight,1.1,1,BD,Bangladesh,2017,BD2017DHS,CN_NUTS_C_WHP,104236060,I,360009,1360090,Region,..Rajshahi,0,,0,1,CNNUTSCWHP,BDDHS2017360009,2017-18,DHS,967,858,,,1
BGD,Barishal,2404054,Own decision making about all three decisions,59.9,1,BD,Bangladesh,2017,BD2017DHS,WE_IDMH_W_RCH,176643040,I,360001,1360010,Region,Barishal,0,,0,1,WEIDMHWRCH,BDDHS2017360001,2017-18,DHS,993,1898,,,1
BGD,Chattogram/Sylhet,5567187,Own decision making about all three decisions,61.1,1,BD,Bangladesh,2017,BD2017DHS,WE_IDMH_W_RCH,176643040,I,360002,1360020,Region,Chattogram/Sylhet,0,,0,1,WEIDMHWRCH,BDDHS2017360002,2017-18,DHS,4193,4429,,,
BGD,Chattogram,730633,Own decision making about all three decisions,62.8,1,BD,Bangladesh,2017,BD2017DHS,WE_IDMH_W_RCH,176643040,I,360003,1360030,Region,..Chattogram,0,,0,1,WEIDMHWRCH,BDDHS2017360003,2017-18,DHS,3193,2557,,,1
BGD,Sylhet,4492413,Own decision making about all three decisions,55.7,1,BD,Bangladesh,2017,BD2017DHS,WE_IDMH_W_RCH,176643040,I,360004,1360040,Region,..Sylhet,0,,0,1,WEIDMHWRCH,BDDHS2017360004,2017-18,DHS,1000,1872,,,1
BGD,Dhaka before 2015,6776947,Own decision making about all three decisions,68.6,1,BD,Bangladesh,2017,BD2017DHS,WE_IDMH_W_RCH,176643040,I,360005,1360050,Region,Dhaka before 2015,0,,0,1,WEIDMHWRCH,BDDHS2017360005,2017-18,DHS,5926,4556,,,
BGD,Dhaka,4198177,Own decision making about all three decisions,67.9,1,BD,Bangladesh,2017,BD2017DHS,WE_IDMH_W_RCH,176643040,I,360010,1360052,Region,..Dhaka,0,,0,1,WEIDMHWRCH,BDDHS2017360010,2017-18,DHS,4560,2649,,,1
BGD,Mymensingh,4631565,Own decision making about all three decisions,70.9,1,BD,Bangladesh,2017,BD2017DHS,WE_IDMH_W_RCH,176643040,I,360011,1360055,Region,..Mymensingh,0,,0,1,WEIDMHWRCH,BDDHS2017360011,2017-18,DHS,1366,1907,,,1
BGD,Khulna,2417640,Own decision making about all three decisions,63,1,BD,Bangladesh,2017,BD2017DHS,WE_IDMH_W_RCH,176643040,I,360006,1360060,Region,Khulna,0,,0,1,WEIDMHWRCH,BDDHS2017360006,2017-18,DHS,2093,2359,,,1
BGD,Rajshahi/Rangpur,6969523,Own decision making about all three decisions,61.3,1,BD,Bangladesh,2017,BD2017DHS,WE_IDMH_W_RCH,176643040,I,360007,1360070,Region,Rajshahi/Rangpur,0,,0,1,WEIDMHWRCH,BDDHS2017360007,2017-18,DHS,4645,4525,,,
BGD,Rangpur,2425511,Own decision making about all three decisions,61.2,1,BD,Bangladesh,2017,BD2017DHS,WE_IDMH_W_RCH,176643040,I,360008,1360080,Region,..Rangpur,0,,0,1,WEIDMHWRCH,BDDHS2017360008,2017-18,DHS,2136,2220,,,1
BGD,Rajshahi,4554868,Own decision making about all three decisions,61.3,1,BD,Bangladesh,2017,BD2017DHS,WE_IDMH_W_RCH,176643040,I,360009,1360090,Region,..Rajshahi,0,,0,1,WEIDMHWRCH,BDDHS2017360009,2017-18,DHS,2509,2305,,,1
BGD,Barishal,4792289,Women who own a mobile phone,63.3,1,BD,Bangladesh,2017,BD2017DHS,CO_MOBB_W_MOB,181283020,I,360001,1360010,Region,Barishal,0,,0,1,COMOBBWMOB,BDDHS2017360001,2017-18,DHS,1125,2154,,,1
BGD,Chattogram/Sylhet,2953371,Women who own a mobile phone,66.6,1,BD,Bangladesh,2017,BD2017DHS,CO_MOBB_W_MOB,181283020,I,360002,1360020,Region,Chattogram/Sylhet,0,,0,1,COMOBBWMOB,BDDHS2017360002,2017-18,DHS,4814,5134,,,
BGD,Chattogram,3340568,Women who own a mobile phone,70.2,1,BD,Bangladesh,2017,BD2017DHS,CO_MOBB_W_MOB,181283020,I,360003,1360030,Region,..Chattogram,0,,0,1,COMOBBWMOB,BDDHS2017360003,2017-18,DHS,3622,2905,,,1
BGD,Sylhet,5979337,Women who own a mobile phone,55.6,1,BD,Bangladesh,2017,BD2017DHS,CO_MOBB_W_MOB,181283020,I,360004,1360040,Region,..Sylhet,0,,0,1,COMOBBWMOB,BDDHS2017360004,2017-18,DHS,1192,2229,,,1
BGD,Dhaka before 2015,3994249,Women who own a mobile phone,65.6,1,BD,Bangladesh,2017,BD2017DHS,CO_MOBB_W_MOB,181283020,I,360005,1360050,Region,Dhaka before 2015,0,,0,1,COMOBBWMOB,BDDHS2017360005,2017-18,DHS,6669,5141,,,
BGD,Dhaka,5290663,Women who own a mobile phone,69.2,1,BD,Bangladesh,2017,BD2017DHS,CO_MOBB_W_MOB,181283020,I,360010,1360052,Region,..Dhaka,0,,0,1,COMOBBWMOB,BDDHS2017360010,2017-18,DHS,5123,2974,,,1
BGD,Mymensingh,5651718,Women who own a mobile phone,53.5,1,BD,Bangladesh,2017,BD2017DHS,CO_MOBB_W_MOB,181283020,I,360011,1360055,Region,..Mymensingh,0,,0,1,COMOBBWMOB,BDDHS2017360011,2017-18,DHS,1546,2167,,,1
BGD,Khulna,5588839,Women who own a mobile phone,55.1,1,BD,Bangladesh,2017,BD2017DHS,CO_MOBB_W_MOB,181283020,I,360006,1360060,Region,Khulna,0,,0,1,COMOBBWMOB,BDDHS2017360006,2017-18,DHS,2336,2630,,,1
BGD,Rajshahi/Rangpur,4011707,Women who own a mobile phone,48.9,1,BD,Bangladesh,2017,BD2017DHS,CO_MOBB_W_MOB,181283020,I,360007,1360070,Region,Rajshahi/Rangpur,0,,0,1,COMOBBWMOB,BDDHS2017360007,2017-18,DHS,5182,5068,,,
BGD,Rangpur,737013,Women who own a mobile phone,46.6,1,BD,Bangladesh,2017,BD2017DHS,CO_MOBB_W_MOB,181283020,I,360008,1360080,Region,..Rangpur,0,,0,1,COMOBBWMOB,BDDHS2017360008,2017-18,DHS,2380,2492,,,1
BGD,Rajshahi,3567884,Women who own a mobile phone,50.8,1,BD,Bangladesh,2017,BD2017DHS,CO_MOBB_W_MOB,181283020,I,360009,1360090,Region,..Rajshahi,0,,0,1,COMOBBWMOB,BDDHS2017360009,2017-18,DHS,2802,2576,,,1
BGD,Barishal,5622173,Women who use a mobile phone for financial transactions,21.8,1,BD,Bangladesh,2017,BD2017DHS,CO_MOBB_W_MBF,181283050,I,360001,1360010,Region,Barishal,0,,0,1,COMOBBWMBF,BDDHS2017360001,2017-18,DHS,712,1390,,,1
BGD,Chattogram/Sylhet,2410314,Women who use a mobile phone for financial transactions,9.9,1,BD,Bangladesh,2017,BD2017DHS,CO_MOBB_W_MBF,181283050,I,360002,1360020,Region,Chattogram/Sylhet,0,,0,1,COMOBBWMBF,BDDHS2017360002,2017-18,DHS,3204,3334,,,
BGD,Chattogram,5411449,Women who use a mobile phone for financial transactions,10.6,1,BD,Bangladesh,2017,BD2017DHS,CO_MOBB_W_MBF,181283050,I,360003,1360030,Region,..Chattogram,0,,0,1,COMOBBWMBF,BDDHS2017360003,2017-18,DHS,2541,2047,,,1
BGD,Sylhet,784868,Women who use a mobile phone for financial transactions,7.1,1,BD,Bangladesh,2017,BD2017DHS,CO_MOBB_W_MBF,181283050,I,360004,1360040,Region,..Sylhet,0,,0,1,COMOBBWMBF,BDDHS2017360004,2017-18,DHS,663,1287,,,1
BGD,Dhaka before 2015,2931732,Women who use a mobile phone for financial transactions,14.1,1,BD,Bangladesh,2017,BD2017DHS,CO_MOBB_W_MBF,181283050,I,360005,1360050,Region,Dhaka before 2015,0,,0,1,COMOBBWMBF,BDDHS2017360005,2017-18,DHS,4372,3281,,,
BGD,Dhaka,4822469,Women who use a mobile phone for financial transactions,14.4,1,BD,Bangladesh,2017,BD2017DHS,CO_MOBB_W_MBF,181283050,I,360010,1360052,Region,..Dhaka,0,,0,1,COMOBBWMBF,BDDHS2017360010,2017-18,DHS,3545,2082,,,1
BGD,Mymensingh,2550041,Women who use a mobile phone for financial transactions,12.7,1,BD,Bangladesh,2017,BD2017DHS,CO_MOBB_W_MBF,181283050,I,360011,1360055,Region,..Mymensingh,0,,0,1,COMOBBWMBF,BDDHS2017360011,2017-18,DHS,828,1199,,,1
BGD,Khulna,6739388,Women who use a mobile phone for financial transactions,18.5,1,BD,Bangladesh,2017,BD2017DHS,CO_MOBB_W_MBF,181283050,I,360006,1360060,Region,Khulna,0,,0,1,COMOBBWMBF,BDDHS2017360006,2017-18,DHS,1288,1530,,,1
BGD,Rajshahi/Rangpur,2746421,Women who use a mobile phone for financial transactions,16.8,1,BD,Bangladesh,2017,BD2017DHS,CO_MOBB_W_MBF,181283050,I,360007,1360070,Region,Rajshahi/Rangpur,0,,0,1,COMOBBWMBF,BDDHS2017360007,2017-18,DHS,2533,2614,,,
BGD,Rangpur,7043421,Women who use a mobile phone for financial transactions,15.8,1,BD,Bangladesh,2017,BD2017DHS,CO_MOBB_W_MBF,181283050,I,360008,1360080,Region,..Rangpur,0,,0,1,COMOBBWMBF,BDDHS2017360008,2017-18,DHS,1109,1250,,,1
BGD,Rajshahi,2664483,Women who use a mobile phone for financial transactions,17.5,1,BD,Bangladesh,2017,BD2017DHS,CO_MOBB_W_MBF,181283050,I,360009,1360090,Region,..Rajshahi,0,,0,1,COMOBBWMBF,BDDHS2017360009,2017-18,DHS,1424,1364,,,1
BGD,Barishal,5929530,Children registered,25.1,1,BD,Bangladesh,2017,BD2017DHS,CP_BREG_C_REG,220906030,I,360001,1360010,Region,Barishal,0,,0,1,CPBREGCREG,BDDHS2017360001,2017-18,DHS,465,857,,,1
BGD,Chattogram/Sylhet,5538028,Children registered,31,1,BD,Bangladesh,2017,BD2017DHS,CP_BREG_C_REG,220906030,I,360002,1360020,Region,Chattogram/Sylhet,0,,0,1,CPBREGCREG,BDDHS2017360002,2017-18,DHS,2367,2525,,,
BGD,Chattogram,3697490,Children registered,30,1,BD,Bangladesh,2017,BD2017DHS,CP_BREG_C_REG,220906030,I,360003,1360030,Region,..Chattogram,0,,0,1,CPBREGCREG,BDDHS2017360003,2017-18,DHS,1702,1335,,,1
BGD,Sylhet,6845783,Children registered,33.5,1,BD,Bangladesh,2017,BD2017DHS,CP_BREG_C_REG,220906030,I,360004,1360040,Region,..Sylhet,0,,0,1,CPBREGCREG,BDDHS2017360004,2017-18,DHS,666,1190,,,1
BGD,Dhaka before 2015,4803908,Children registered,25.9,1,BD,Bangladesh,2017,BD2017DHS,CP_BREG_C_REG,220906030,I,360005,1360050,Region,Dhaka before 2015,0,,0,1,CPBREGCREG,BDDHS2017360005,2017-18,DHS,2805,2220,,,
BGD,Dhaka,4116974,Children registered,27.9,1,BD,Bangladesh,2017,BD2017DHS,CP_BREG_C_REG,220906030,I,360010,1360052,Region,..Dhaka,0,,0,1,CPBREGCREG,BDDHS2017360010,2017-18,DHS,2087,1221,,,1
BGD,Mymensingh,3400594,Children registered,20.1,1,BD,Bangladesh,2017,BD2017DHS,CP_BREG_C_REG,220906030,I,360011,1360055,Region,..Mymensingh,0,,0,1,CPBREGCREG,BDDHS2017360011,2017-18,DHS,718,999,,,1
BGD,Khulna,6217352,Children registered,21,1,BD,Bangladesh,2017,BD2017DHS,CP_BREG_C_REG,220906030,I,360006,1360060,Region,Khulna,0,,0,1,CPBREGCREG,BDDHS2017360006,2017-18,DHS,788,876,,,1
BGD,Rajshahi/Rangpur,5278831,Children registered,18.8,1,BD,Bangladesh,2017,BD2017DHS,CP_BREG_C_REG,220906030,I,360007,1360070,Region,Rajshahi/Rangpur,0,,0,1,CPBREGCREG,BDDHS2017360007,2017-18,DHS,1922,1848,,,
BGD,Rangpur,1381964,Children registered,21.1,1,BD,Bangladesh,2017,BD2017DHS,CP_BREG_C_REG,220906030,I,360008,1360080,Region,..Rangpur,0,,0,1,CPBREGCREG,BDDHS2017360008,2017-18,DHS,920,959,,,1
BGD,Rajshahi,5148097,Children registered,16.7,1,BD,Bangladesh,2017,BD2017DHS,CP_BREG_C_REG,220906030,I,360009,1360090,Region,..Rajshahi,0,,0,1,CPBREGCREG,BDDHS2017360009,2017-18,DHS,1002,889,,,1
BGD,Barishal,5383729,Population using open defecation,0.1,1,BD,Bangladesh,2017,BD2017DHS,WS_TLET_P_NFC,250262210,I,360001,1360010,Region,Barishal,0,,0,1,WSTLETPNFC,BDDHS2017360001,2017-18,DHS,4712,8872,,,1
BGD,Chattogram/Sylhet,5722640,Population using open defecation,0.2,1,BD,Bangladesh,2017,BD2017DHS,WS_TLET_P_NFC,250262210,I,360002,1360020,Region,Chattogram/Sylhet,0,,0,1,WSTLETPNFC,BDDHS2017360002,2017-18,DHS,21206,23103,,,
BGD,Chattogram,6013673,Population using open defecation,0.2,1,BD,Bangladesh,2017,BD2017DHS,WS_TLET_P_NFC,250262210,I,360003,1360030,Region,..Chattogram,0,,0,1,WSTLETPNFC,BDDHS2017360003,2017-18,DHS,15322,12200,,,1
BGD,Sylhet,6408521,Population using open defecation,0.3,1,BD,Bangladesh,2017,BD2017DHS,WS_TLET_P_NFC,250262210,I,360004,1360040,Region,..Sylhet,0,,0,1,WSTLETPNFC,BDDHS2017360004,2017-18,DHS,5883,10903,,,1
BGD,Dhaka before 2015,314486,Population using open defecation,0.3,1,BD,Bangladesh,2017,BD2017DHS,WS_TLET_P_NFC,250262210,I,360005,1360050,Region,Dhaka before 2015,0,,0,1,WSTLETPNFC,BDDHS2017360005,2017-18,DHS,27378,21567,,,
BGD,Dhaka,4049678,Population using open defecation,0.2,1,BD,Bangladesh,2017,BD2017DHS,WS_TLET_P_NFC,250262210,I,360010,1360052,Region,..Dhaka,0,,0,1,WSTLETPNFC,BDDHS2017360010,2017-18,DHS,20598,12093,,,1
BGD,Mymensingh,3553492,Population using open defecation,0.8,1,BD,Bangladesh,2017,BD2017DHS,WS_TLET_P_NFC,250262210,I,360011,1360055,Region,..Mymensingh,0,,0,1,WSTLETPNFC,BDDHS2017360011,2017-18,DHS,6780,9474,,,1
BGD,Khulna,6909498,Population using open defecation,0.1,1,BD,Bangladesh,2017,BD2017DHS,WS_TLET_P_NFC,250262210,I,360006,1360060,Region,Khulna,0,,0,1,WSTLETPNFC,BDDHS2017360006,2017-18,DHS,9252,10357,,,1
BGD,Rajshahi/Rangpur,1375053,Population using open defecation,4.1,1,BD,Bangladesh,2017,BD2017DHS,WS_TLET_P_NFC,250262210,I,360007,1360070,Region,Rajshahi/Rangpur,0,,0,1,WSTLETPNFC,BDDHS2017360007,2017-18,DHS,20824,20219,,,
BGD,Rangpur,5857705,Population using open defecation,7.1,1,BD,Bangladesh,2017,BD2017DHS,WS_TLET_P_NFC,250262210,I,360008,1360080,Region,..Rangpur,0,,0,1,WSTLETPNFC,BDDHS2017360008,2017-18,DHS,9719,10078,,,1
BGD,Rajshahi,6042477,Population using open defecation,1.4,1,BD,Bangladesh,2017,BD2017DHS,WS_TLET_P_NFC,250262210,I,360009,1360090,Region,..Rajshahi,0,,0,1,WSTLETPNFC,BDDHS2017360009,2017-18,DHS,11105,10141,,,1
BGD,Barishal,5383735,Population with basic sanitation service,48.6,1,BD,Bangladesh,2017,BD2017DHS,WS_TLET_P_BAS,250262300,I,360001,1360010,Region,Barishal,0,,0,1,WSTLETPBAS,BDDHS2017360001,2017-18,DHS,4712,8872,,,1
BGD,Chattogram/Sylhet,5722641,Population with basic sanitation service,53.8,1,BD,Bangladesh,2017,BD2017DHS,WS_TLET_P_BAS,250262300,I,360002,1360020,Region,Chattogram/Sylhet,0,,0,1,WSTLETPBAS,BDDHS2017360002,2017-18,DHS,21206,23103,,,
BGD,Chattogram,6013717,Population with basic sanitation service,56.1,1,BD,Bangladesh,2017,BD2017DHS,WS_TLET_P_BAS,250262300,I,360003,1360030,Region,..Chattogram,0,,0,1,WSTLETPBAS,BDDHS2017360003,2017-18,DHS,15322,12200,,,1
BGD,Sylhet,6408522,Population with basic sanitation service,47.6,1,BD,Bangladesh,2017,BD2017DHS,WS_TLET_P_BAS,250262300,I,360004,1360040,Region,..Sylhet,0,,0,1,WSTLETPBAS,BDDHS2017360004,2017-18,DHS,5883,10903,,,1
BGD,Dhaka before 2015,314487,Population with basic sanitation service,42.6,1,BD,Bangladesh,2017,BD2017DHS,WS_TLET_P_BAS,250262300,I,360005,1360050,Region,Dhaka before 2015,0,,0,1,WSTLETPBAS,BDDHS2017360005,2017-18,DHS,27378,21567,,,
BGD,Dhaka,4049679,Population with basic sanitation service,44.9,1,BD,Bangladesh,2017,BD2017DHS,WS_TLET_P_BAS,250262300,I,360010,1360052,Region,..Dhaka,0,,0,1,WSTLETPBAS,BDDHS2017360010,2017-18,DHS,20598,12093,,,1
BGD,Mymensingh,3553493,Population with basic sanitation service,35.5,1,BD,Bangladesh,2017,BD2017DHS,WS_TLET_P_BAS,250262300,I,360011,1360055,Region,..Mymensingh,0,,0,1,WSTLETPBAS,BDDHS2017360011,2017-18,DHS,6780,9474,,,1
BGD,Khulna,6909499,Population with basic sanitation service,53.1,1,BD,Bangladesh,2017,BD2017DHS,WS_TLET_P_BAS,250262300,I,360006,1360060,Region,Khulna,0,,0,1,WSTLETPBAS,BDDHS2017360006,2017-18,DHS,9252,10357,,,1
BGD,Rajshahi/Rangpur,1375056,Population with basic sanitation service,42.8,1,BD,Bangladesh,2017,BD2017DHS,WS_TLET_P_BAS,250262300,I,360007,1360070,Region,Rajshahi/Rangpur,0,,0,1,WSTLETPBAS,BDDHS2017360007,2017-18,DHS,20824,20219,,,
BGD,Rangpur,5857712,Population with basic sanitation service,41.8,1,BD,Bangladesh,2017,BD2017DHS,WS_TLET_P_BAS,250262300,I,360008,1360080,Region,..Rangpur,0,,0,1,WSTLETPBAS,BDDHS2017360008,2017-18,DHS,9719,10078,,,1
BGD,Rajshahi,6042478,Population with basic sanitation service,43.6,1,BD,Bangladesh,2017,BD2017DHS,WS_TLET_P_BAS,250262300,I,360009,1360090,Region,..Rajshahi,0,,0,1,WSTLETPBAS,BDDHS2017360009,2017-18,DHS,11105,10141,,,1
BGD,Barishal,3430082,"Population with a basic handwashing facility, with soap and water available",17.2,1,BD,Bangladesh,2017,BD2017DHS,WS_HNDW_P_BAS,250302150,I,360001,1360010,Region,Barishal,0,,0,1,WSHNDWPBAS,BDDHS2017360001,2017-18,DHS,4688,8838,,,1
BGD,Chattogram/Sylhet,4485386,"Population with a basic handwashing facility, with soap and water available",37.8,1,BD,Bangladesh,2017,BD2017DHS,WS_HNDW_P_BAS,250302150,I,360002,1360020,Region,Chattogram/Sylhet,0,,0,1,WSHNDWPBAS,BDDHS2017360002,2017-18,DHS,21146,23039,,,
BGD,Chattogram,7120519,"Population with a basic handwashing facility, with soap and water available",40.7,1,BD,Bangladesh,2017,BD2017DHS,WS_HNDW_P_BAS,250302150,I,360003,1360030,Region,..Chattogram,0,,0,1,WSHNDWPBAS,BDDHS2017360003,2017-18,DHS,15277,12169,,,1
BGD,Sylhet,3784380,"Population with a basic handwashing facility, with soap and water available",30.4,1,BD,Bangladesh,2017,BD2017DHS,WS_HNDW_P_BAS,250302150,I,360004,1360040,Region,..Sylhet,0,,0,1,WSHNDWPBAS,BDDHS2017360004,2017-18,DHS,5868,10870,,,1
BGD,Dhaka before 2015,5399018,"Population with a basic handwashing facility, with soap and water available",43.8,1,BD,Bangladesh,2017,BD2017DHS,WS_HNDW_P_BAS,250302150,I,360005,1360050,Region,Dhaka before 2015,0,,0,1,WSHNDWPBAS,BDDHS2017360005,2017-18,DHS,27366,21555,,,
BGD,Dhaka,5751945,"Population with a basic handwashing facility, with soap and water available",49.4,1,BD,Bangladesh,2017,BD2017DHS,WS_HNDW_P_BAS,250302150,I,360010,1360052,Region,..Dhaka,0,,0,1,WSHNDWPBAS,BDDHS2017360010,2017-18,DHS,20587,12083,,,1
BGD,Mymensingh,3694099,"Population with a basic handwashing facility, with soap and water available",26.5,1,BD,Bangladesh,2017,BD2017DHS,WS_HNDW_P_BAS,250302150,I,360011,1360055,Region,..Mymensingh,0,,0,1,WSHNDWPBAS,BDDHS2017360011,2017-18,DHS,6779,9472,,,1
BGD,Khulna,1375165,"Population with a basic handwashing facility, with soap and water available",33.9,1,BD,Bangladesh,2017,BD2017DHS,WS_HNDW_P_BAS,250302150,I,360006,1360060,Region,Khulna,0,,0,1,WSHNDWPBAS,BDDHS2017360006,2017-18,DHS,9240,10344,,,1
BGD,Rajshahi/Rangpur,4385092,"Population with a basic handwashing facility, with soap and water available",40.4,1,BD,Bangladesh,2017,BD2017DHS,WS_HNDW_P_BAS,250302150,I,360007,1360070,Region,Rajshahi/Rangpur,0,,0,1,WSHNDWPBAS,BDDHS2017360007,2017-18,DHS,20820,20211,,,
BGD,Rangpur,6562923,"Population with a basic handwashing facility, with soap and water available",40.6,1,BD,Bangladesh,2017,BD2017DHS,WS_HNDW_P_BAS,250302150,I,360008,1360080,Region,..Rangpur,0,,0,1,WSHNDWPBAS,BDDHS2017360008,2017-18,DHS,9717,10076,,,1
BGD,Rajshahi,4317935,"Population with a basic handwashing facility, with soap and water available",40.2,1,BD,Bangladesh,2017,BD2017DHS,WS_HNDW_P_BAS,250302150,I,360009,1360090,Region,..Rajshahi,0,,0,1,WSHNDWPBAS,BDDHS2017360009,2017-18,DHS,11104,10135,,,1
BGD,Barishal,6985803,Population with electricity,58.6,1,BD,Bangladesh,2017,BD2017DHS,HC_ELEC_P_ELC,260322010,I,360001,1360010,Region,Barishal,0,,0,1,HCELECPELC,BDDHS2017360001,2017-18,DHS,4712,8872,,,1
BGD,Chattogram/Sylhet,4078100,Population with electricity,81.3,1,BD,Bangladesh,2017,BD2017DHS,HC_ELEC_P_ELC,260322010,I,360002,1360020,Region,Chattogram/Sylhet,0,,0,1,HCELECPELC,BDDHS2017360002,2017-18,DHS,21206,23103,,,
BGD,Chattogram,1368116,Population with electricity,83,1,BD,Bangladesh,2017,BD2017DHS,HC_ELEC_P_ELC,260322010,I,360003,1360030,Region,..Chattogram,0,,0,1,HCELECPELC,BDDHS2017360003,2017-18,DHS,15322,12200,,,1
BGD,Sylhet,6208366,Population with electricity,76.9,1,BD,Bangladesh,2017,BD2017DHS,HC_ELEC_P_ELC,260322010,I,360004,1360040,Region,..Sylhet,0,,0,1,HCELECPELC,BDDHS2017360004,2017-18,DHS,5883,10903,,,1
BGD,Dhaka before 2015,4340622,Population with electricity,87.4,1,BD,Bangladesh,2017,BD2017DHS,HC_ELEC_P_ELC,260322010,I,360005,1360050,Region,Dhaka before 2015,0,,0,1,HCELECPELC,BDDHS2017360005,2017-18,DHS,27378,21567,,,
BGD,Dhaka,1361952,Population with electricity,91,1,BD,Bangladesh,2017,BD2017DHS,HC_ELEC_P_ELC,260322010,I,360010,1360052,Region,..Dhaka,0,,0,1,HCELECPELC,BDDHS2017360010,2017-18,DHS,20598,12093,,,1
BGD,Mymensingh,7205170,Population with electricity,76.5,1,BD,Bangladesh,2017,BD2017DHS,HC_ELEC_P_ELC,260322010,I,360011,1360055,Region,..Mymensingh,0,,0,1,HCELECPELC,BDDHS2017360011,2017-18,DHS,6780,9474,,,1
BGD,Khulna,6076031,Population with electricity,86.9,1,BD,Bangladesh,2017,BD2017DHS,HC_ELEC_P_ELC,260322010,I,360006,1360060,Region,Khulna,0,,0,1,HCELECPELC,BDDHS2017360006,2017-18,DHS,9252,10357,,,1
BGD,Rajshahi/Rangpur,3631880,Population with electricity,77.4,1,BD,Bangladesh,2017,BD2017DHS,HC_ELEC_P_ELC,260322010,I,360007,1360070,Region,Rajshahi/Rangpur,0,,0,1,HCELECPELC,BDDHS2017360007,2017-18,DHS,20824,20219,,,
BGD,Rangpur,6895081,Population with electricity,65.4,1,BD,Bangladesh,2017,BD2017DHS,HC_ELEC_P_ELC,260322010,I,360008,1360080,Region,..Rangpur,0,,0,1,HCELECPELC,BDDHS2017360008,2017-18,DHS,9719,10078,,,1
BGD,Rajshahi,2613296,Population with electricity,87.9,1,BD,Bangladesh,2017,BD2017DHS,HC_ELEC_P_ELC,260322010,I,360009,1360090,Region,..Rajshahi,0,,0,1,HCELECPELC,BDDHS2017360009,2017-18,DHS,11105,10141,,,1
BGD,Barishal,6985860,Population using clean fuel for cooking ,4.6,1,BD,Bangladesh,2017,BD2017DHS,HC_CKFL_P_CLN,260432150,I,360001,1360010,Region,Barishal,0,,0,1,HCCKFLPCLN,BDDHS2017360001,2017-18,DHS,4712,8872,,,1
BGD,Chattogram/Sylhet,4078073,Population using clean fuel for cooking ,19.8,1,BD,Bangladesh,2017,BD2017DHS,HC_CKFL_P_CLN,260432150,I,360002,1360020,Region,Chattogram/Sylhet,0,,0,1,HCCKFLPCLN,BDDHS2017360002,2017-18,DHS,21206,23103,,,
BGD,Chattogram,1368139,Population using clean fuel for cooking ,22,1,BD,Bangladesh,2017,BD2017DHS,HC_CKFL_P_CLN,260432150,I,360003,1360030,Region,..Chattogram,0,,0,1,HCCKFLPCLN,BDDHS2017360003,2017-18,DHS,15322,12200,,,1
BGD,Sylhet,6208383,Population using clean fuel for cooking ,14.1,1,BD,Bangladesh,2017,BD2017DHS,HC_CKFL_P_CLN,260432150,I,360004,1360040,Region,..Sylhet,0,,0,1,HCCKFLPCLN,BDDHS2017360004,2017-18,DHS,5883,10903,,,1
BGD,Dhaka before 2015,4340558,Population using clean fuel for cooking ,34.9,1,BD,Bangladesh,2017,BD2017DHS,HC_CKFL_P_CLN,260432150,I,360005,1360050,Region,Dhaka before 2015,0,,0,1,HCCKFLPCLN,BDDHS2017360005,2017-18,DHS,27378,21567,,,
BGD,Dhaka,1361949,Population using clean fuel for cooking ,44,1,BD,Bangladesh,2017,BD2017DHS,HC_CKFL_P_CLN,260432150,I,360010,1360052,Region,..Dhaka,0,,0,1,HCCKFLPCLN,BDDHS2017360010,2017-18,DHS,20598,12093,,,1
BGD,Mymensingh,7205186,Population using clean fuel for cooking ,7,1,BD,Bangladesh,2017,BD2017DHS,HC_CKFL_P_CLN,260432150,I,360011,1360055,Region,..Mymensingh,0,,0,1,HCCKFLPCLN,BDDHS2017360011,2017-18,DHS,6780,9474,,,1
BGD,Khulna,6076045,Population using clean fuel for cooking ,6.7,1,BD,Bangladesh,2017,BD2017DHS,HC_CKFL_P_CLN,260432150,I,360006,1360060,Region,Khulna,0,,0,1,HCCKFLPCLN,BDDHS2017360006,2017-18,DHS,9252,10357,,,1
BGD,Rajshahi/Rangpur,3631921,Population using clean fuel for cooking ,5.7,1,BD,Bangladesh,2017,BD2017DHS,HC_CKFL_P_CLN,260432150,I,360007,1360070,Region,Rajshahi/Rangpur,0,,0,1,HCCKFLPCLN,BDDHS2017360007,2017-18,DHS,20824,20219,,,
BGD,Rangpur,6895073,Population using clean fuel for cooking ,4.4,1,BD,Bangladesh,2017,BD2017DHS,HC_CKFL_P_CLN,260432150,I,360008,1360080,Region,..Rangpur,0,,0,1,HCCKFLPCLN,BDDHS2017360008,2017-18,DHS,9719,10078,,,1
BGD,Rajshahi,2613342,Population using clean fuel for cooking ,6.8,1,BD,Bangladesh,2017,BD2017DHS,HC_CKFL_P_CLN,260432150,I,360009,1360090,Region,..Rajshahi,0,,0,1,HCCKFLPCLN,BDDHS2017360009,2017-18,DHS,11105,10141,,,1
BGD,Barishal,2019251,Age specific fertility rate: 10-14,0,0,BD,Bangladesh,2022,BD2022DHS,FE_FRTR_W_A10,11763005,I,360001,1360010,Region,Barishal,0,,0,1,FEFRTRWA10,BDDHS2022360001,2022,DHS,,,,,1
BGD,Barishal,2019252,Age specific fertility rate: 10-14,0,0,BD,Bangladesh,2022,BD2022DHS,FE_FRTR_W_A10,11763005,I,360001,1360010,Region,Barishal,0,,0,1,FEFRTRWA10,BDDHS2022360001,2022,DHS,,,,,1
BGD,Chattogram/Sylhet,2019313,Age specific fertility rate: 10-14,1,0,BD,Bangladesh,2022,BD2022DHS,FE_FRTR_W_A10,11763005,I,360002,1360020,Region,Chattogram/Sylhet,0,,0,1,FEFRTRWA10,BDDHS2022360002,2022,DHS,,,,,
BGD,Chattogram,2019331,Age specific fertility rate: 10-14,1,0,BD,Bangladesh,2022,BD2022DHS,FE_FRTR_W_A10,11763005,I,360003,1360030,Region,..Chattogram,0,,0,1,FEFRTRWA10,BDDHS2022360003,2022,DHS,,,,,1
BGD,Chattogram,2019332,Age specific fertility rate: 10-14,1,0,BD,Bangladesh,2022,BD2022DHS,FE_FRTR_W_A10,11763005,I,360003,1360030,Region,..Chattogram,0,,0,1,FEFRTRWA10,BDDHS2022360003,2022,DHS,,,,,1
BGD,Sylhet,6207856,Age specific fertility rate: 10-14,0,0,BD,Bangladesh,2022,BD2022DHS,FE_FRTR_W_A10,11763005,I,360004,1360040,Region,..Sylhet,0,,0,1,FEFRTRWA10,BDDHS2022360004,2022,DHS,,,,,1
BGD,Sylhet,6207855,Age specific fertility rate: 10-14,0,0,BD,Bangladesh,2022,BD2022DHS,FE_FRTR_W_A10,11763005,I,360004,1360040,Region,..Sylhet,0,,0,1,FEFRTRWA10,BDDHS2022360004,2022,DHS,,,,,1
BGD,Dhaka before 2015,2026754,Age specific fertility rate: 10-14,3,0,BD,Bangladesh,2022,BD2022DHS,FE_FRTR_W_A10,11763005,I,360005,1360050,Region,Dhaka before 2015,0,,0,1,FEFRTRWA10,BDDHS2022360005,2022,DHS,,,,,
BGD,Dhaka,2026807,Age specific fertility rate: 10-14,2,0,BD,Bangladesh,2022,BD2022DHS,FE_FRTR_W_A10,11763005,I,360010,1360052,Region,..Dhaka,0,,0,1,FEFRTRWA10,BDDHS2022360010,2022,DHS,,,,,1
BGD,Dhaka,2026808,Age specific fertility rate: 10-14,2,0,BD,Bangladesh,2022,BD2022DHS,FE_FRTR_W_A10,11763005,I,360010,1360052,Region,..Dhaka,0,,0,1,FEFRTRWA10,BDDHS2022360010,2022,DHS,,,,,1
BGD,Mymensingh,2025919,Age specific fertility rate: 10-14,3,0,BD,Bangladesh,2022,BD2022DHS,FE_FRTR_W_A10,11763005,I,360011,1360055,Region,..Mymensingh,0,,0,1,FEFRTRWA10,BDDHS2022360011,2022,DHS,,,,,1
BGD,Mymensingh,2025920,Age specific fertility rate: 10-14,3,0,BD,Bangladesh,2022,BD2022DHS,FE_FRTR_W_A10,11763005,I,360011,1360055,Region,..Mymensingh,0,,0,1,FEFRTRWA10,BDDHS2022360011,2022,DHS,,,,,1
BGD,Khulna,2011942,Age specific fertility rate: 10-14,1,0,BD,Bangladesh,2022,BD2022DHS,FE_FRTR_W_A10,11763005,I,360006,1360060,Region,Khulna,0,,0,1,FEFRTRWA10,BDDHS2022360006,2022,DHS,,,,,1
BGD,Khulna,2011943,Age specific fertility rate: 10-14,1,0,BD,Bangladesh,2022,BD2022DHS,FE_FRTR_W_A10,11763005,I,360006,1360060,Region,Khulna,0,,0,1,FEFRTRWA10,BDDHS2022360006,2022,DHS,,,,,1
BGD,Rajshahi/Rangpur,2026769,Age specific fertility rate: 10-14,4,0,BD,Bangladesh,2022,BD2022DHS,FE_FRTR_W_A10,11763005,I,360007,1360070,Region,Rajshahi/Rangpur,0,,0,1,FEFRTRWA10,BDDHS2022360007,2022,DHS,,,,,
BGD,Rangpur,2011958,Age specific fertility rate: 10-14,4,0,BD,Bangladesh,2022,BD2022DHS,FE_FRTR_W_A10,11763005,I,360008,1360080,Region,..Rangpur,0,,0,1,FEFRTRWA10,BDDHS2022360008,2022,DHS,,,,,1
BGD,Rangpur,2011959,Age specific fertility rate: 10-14,4,0,BD,Bangladesh,2022,BD2022DHS,FE_FRTR_W_A10,11763005,I,360008,1360080,Region,..Rangpur,0,,0,1,FEFRTRWA10,BDDHS2022360008,2022,DHS,,,,,1
BGD,Rajshahi,6693905,Age specific fertility rate: 10-14,5,0,BD,Bangladesh,2022,BD2022DHS,FE_FRTR_W_A10,11763005,I,360009,1360090,Region,..Rajshahi,0,,0,1,FEFRTRWA10,BDDHS2022360009,2022,DHS,,,,,1
BGD,Rajshahi,6693906,Age specific fertility rate: 10-14,5,0,BD,Bangladesh,2022,BD2022DHS,FE_FRTR_W_A10,11763005,I,360009,1360090,Region,..Rajshahi,0,,0,1,FEFRTRWA10,BDDHS2022360009,2022,DHS,,,,,1
BGD,Barishal,2019253,Age specific fertility rate: 15-19,76,0,BD,Bangladesh,2022,BD2022DHS,FE_FRTR_W_A15,11763010,I,360001,1360010,Region,Barishal,0,,0,1,FEFRTRWA15,BDDHS2022360001,2022,DHS,,,,,1
BGD,Barishal,2019254,Age specific fertility rate: 15-19,76,0,BD,Bangladesh,2022,BD2022DHS,FE_FRTR_W_A15,11763010,I,360001,1360010,Region,Barishal,0,,0,1,FEFRTRWA15,BDDHS2022360001,2022,DHS,,,,,1
BGD,Chattogram/Sylhet,2019314,Age specific fertility rate: 15-19,83,0,BD,Bangladesh,2022,BD2022DHS,FE_FRTR_W_A15,11763010,I,360002,1360020,Region,Chattogram/Sylhet,0,,0,1,FEFRTRWA15,BDDHS2022360002,2022,DHS,,,,,
BGD,Chattogram,2019333,Age specific fertility rate: 15-19,94,0,BD,Bangladesh,2022,BD2022DHS,FE_FRTR_W_A15,11763010,I,360003,1360030,Region,..Chattogram,0,,0,1,FEFRTRWA15,BDDHS2022360003,2022,DHS,,,,,1
BGD,Chattogram,2019334,Age specific fertility rate: 15-19,94,0,BD,Bangladesh,2022,BD2022DHS,FE_FRTR_W_A15,11763010,I,360003,1360030,Region,..Chattogram,0,,0,1,FEFRTRWA15,BDDHS2022360003,2022,DHS,,,,,1
BGD,Sylhet,6207857,Age specific fertility rate: 15-19,54,0,BD,Bangladesh,2022,BD2022DHS,FE_FRTR_W_A15,11763010,I,360004,1360040,Region,..Sylhet,0,,0,1,FEFRTRWA15,BDDHS2022360004,2022,DHS,,,,,1
BGD,Sylhet,6207858,Age specific fertility rate: 15-19,54,0,BD,Bangladesh,2022,BD2022DHS,FE_FRTR_W_A15,11763010,I,360004,1360040,Region,..Sylhet,0,,0,1,FEFRTRWA15,BDDHS2022360004,2022,DHS,,,,,1
BGD,Dhaka before 2015,2026755,Age specific fertility rate: 15-19,90,0,BD,Bangladesh,2022,BD2022DHS,FE_FRTR_W_A15,11763010,I,360005,1360050,Region,Dhaka before 2015,0,,0,1,FEFRTRWA15,BDDHS2022360005,2022,DHS,,,,,
BGD,Dhaka,2026809,Age specific fertility rate: 15-19,91,0,BD,Bangladesh,2022,BD2022DHS,FE_FRTR_W_A15,11763010,I,360010,1360052,Region,..Dhaka,0,,0,1,FEFRTRWA15,BDDHS2022360010,2022,DHS,,,,,1
BGD,Dhaka,2026810,Age specific fertility rate: 15-19,91,0,BD,Bangladesh,2022,BD2022DHS,FE_FRTR_W_A15,11763010,I,360010,1360052,Region,..Dhaka,0,,0,1,FEFRTRWA15,BDDHS2022360010,2022,DHS,,,,,1
BGD,Mymensingh,2025921,Age specific fertility rate: 15-19,89,0,BD,Bangladesh,2022,BD2022DHS,FE_FRTR_W_A15,11763010,I,360011,1360055,Region,..Mymensingh,0,,0,1,FEFRTRWA15,BDDHS2022360011,2022,DHS,,,,,1
BGD,Mymensingh,2025922,Age specific fertility rate: 15-19,89,0,BD,Bangladesh,2022,BD2022DHS,FE_FRTR_W_A15,11763010,I,360011,1360055,Region,..Mymensingh,0,,0,1,FEFRTRWA15,BDDHS2022360011,2022,DHS,,,,,1
BGD,Khulna,2011944,Age specific fertility rate: 15-19,101,0,BD,Bangladesh,2022,BD2022DHS,FE_FRTR_W_A15,11763010,I,360006,1360060,Region,Khulna,0,,0,1,FEFRTRWA15,BDDHS2022360006,2022,DHS,,,,,1
BGD,Khulna,2011945,Age specific fertility rate: 15-19,101,0,BD,Bangladesh,2022,BD2022DHS,FE_FRTR_W_A15,11763010,I,360006,1360060,Region,Khulna,0,,0,1,FEFRTRWA15,BDDHS2022360006,2022,DHS,,,,,1
BGD,Rajshahi/Rangpur,2026770,Age specific fertility rate: 15-19,107,0,BD,Bangladesh,2022,BD2022DHS,FE_FRTR_W_A15,11763010,I,360007,1360070,Region,Rajshahi/Rangpur,0,,0,1,FEFRTRWA15,BDDHS2022360007,2022,DHS,,,,,
BGD,Rangpur,2011960,Age specific fertility rate: 15-19,113,0,BD,Bangladesh,2022,BD2022DHS,FE_FRTR_W_A15,11763010,I,360008,1360080,Region,..Rangpur,0,,0,1,FEFRTRWA15,BDDHS2022360008,2022,DHS,,,,,1
BGD,Rangpur,2011961,Age specific fertility rate: 15-19,113,0,BD,Bangladesh,2022,BD2022DHS,FE_FRTR_W_A15,11763010,I,360008,1360080,Region,..Rangpur,0,,0,1,FEFRTRWA15,BDDHS2022360008,2022,DHS,,,,,1
BGD,Rajshahi,6693907,Age specific fertility rate: 15-19,101,0,BD,Bangladesh,2022,BD2022DHS,FE_FRTR_W_A15,11763010,I,360009,1360090,Region,..Rajshahi,0,,0,1,FEFRTRWA15,BDDHS2022360009,2022,DHS,,,,,1
BGD,Rajshahi,6693908,Age specific fertility rate: 15-19,101,0,BD,Bangladesh,2022,BD2022DHS,FE_FRTR_W_A15,11763010,I,360009,1360090,Region,..Rajshahi,0,,0,1,FEFRTRWA15,BDDHS2022360009,2022,DHS,,,,,1
BGD,Barishal,5072333,Demand for family planning satisfied by modern methods,72,1,BD,Bangladesh,2022,BD2022DHS,FP_NADM_W_PDM,32933150,I,360001,1360010,Region,Barishal,0,,0,1,FPNADMWPDM,BDDHS2022360001,2022,DHS,865,1521,,,1
BGD,Barishal,5072334,Demand for family planning satisfied by modern methods,72,1,BD,Bangladesh,2022,BD2022DHS,FP_NADM_W_PDM,32933150,I,360001,1360010,Region,Barishal,0,,0,1,FPNADMWPDM,BDDHS2022360001,2022,DHS,865,1521,,,1
BGD,Chattogram/Sylhet,3458993,Demand for family planning satisfied by modern methods,67,1,BD,Bangladesh,2022,BD2022DHS,FP_NADM_W_PDM,32933150,I,360002,1360020,Region,Chattogram/Sylhet,0,,0,1,FPNADMWPDM,BDDHS2022360002,2022,DHS,3318,3427,,,
BGD,Chattogram,5557557,Demand for family planning satisfied by modern methods,67,1,BD,Bangladesh,2022,BD2022DHS,FP_NADM_W_PDM,32933150,I,360003,1360030,Region,..Chattogram,0,,0,1,FPNADMWPDM,BDDHS2022360003,2022,DHS,2604,2087,,,1
BGD,Chattogram,5557558,Demand for family planning satisfied by modern methods,67,1,BD,Bangladesh,2022,BD2022DHS,FP_NADM_W_PDM,32933150,I,360003,1360030,Region,..Chattogram,0,,0,1,FPNADMWPDM,BDDHS2022360003,2022,DHS,2604,2087,,,1
BGD,Sylhet,5870396,Demand for family planning satisfied by modern methods,67,1,BD,Bangladesh,2022,BD2022DHS,FP_NADM_W_PDM,32933150,I,360004,1360040,Region,..Sylhet,0,,0,1,FPNADMWPDM,BDDHS2022360004,2022,DHS,715,1340,,,1
BGD,Sylhet,5870397,Demand for family planning satisfied by modern methods,67,1,BD,Bangladesh,2022,BD2022DHS,FP_NADM_W_PDM,32933150,I,360004,1360040,Region,..Sylhet,0,,0,1,FPNADMWPDM,BDDHS2022360004,2022,DHS,715,1340,,,1
BGD,Dhaka before 2015,2107589,Demand for family planning satisfied by modern methods,74.4,1,BD,Bangladesh,2022,BD2022DHS,FP_NADM_W_PDM,32933150,I,360005,1360050,Region,Dhaka before 2015,0,,0,1,FPNADMWPDM,BDDHS2022360005,2022,DHS,4597,3618,,,
BGD,Dhaka,4367539,Demand for family planning satisfied by modern methods,72.8,1,BD,Bangladesh,2022,BD2022DHS,FP_NADM_W_PDM,32933150,I,360010,1360052,Region,..Dhaka,0,,0,1,FPNADMWPDM,BDDHS2022360010,2022,DHS,3522,2096,,,1
BGD,Dhaka,4367540,Demand for family planning satisfied by modern methods,72.8,1,BD,Bangladesh,2022,BD2022DHS,FP_NADM_W_PDM,32933150,I,360010,1360052,Region,..Dhaka,0,,0,1,FPNADMWPDM,BDDHS2022360010,2022,DHS,3522,2096,,,1
BGD,Mymensingh,5555535,Demand for family planning satisfied by modern methods,79.5,1,BD,Bangladesh,2022,BD2022DHS,FP_NADM_W_PDM,32933150,I,360011,1360055,Region,..Mymensingh,0,,0,1,FPNADMWPDM,BDDHS2022360011,2022,DHS,1076,1522,,,1
BGD,Mymensingh,5555536,Demand for family planning satisfied by modern methods,79.5,1,BD,Bangladesh,2022,BD2022DHS,FP_NADM_W_PDM,32933150,I,360011,1360055,Region,..Mymensingh,0,,0,1,FPNADMWPDM,BDDHS2022360011,2022,DHS,1076,1522,,,1
BGD,Khulna,6985130,Demand for family planning satisfied by modern methods,75.3,1,BD,Bangladesh,2022,BD2022DHS,FP_NADM_W_PDM,32933150,I,360006,1360060,Region,Khulna,0,,0,1,FPNADMWPDM,BDDHS2022360006,2022,DHS,1706,1851,,,1
BGD,Khulna,6985131,Demand for family planning satisfied by modern methods,75.3,1,BD,Bangladesh,2022,BD2022DHS,FP_NADM_W_PDM,32933150,I,360006,1360060,Region,Khulna,0,,0,1,FPNADMWPDM,BDDHS2022360006,2022,DHS,1706,1851,,,1
BGD,Rajshahi/Rangpur,3736566,Demand for family planning satisfied by modern methods,79.5,1,BD,Bangladesh,2022,BD2022DHS,FP_NADM_W_PDM,32933150,I,360007,1360070,Region,Rajshahi/Rangpur,0,,0,1,FPNADMWPDM,BDDHS2022360007,2022,DHS,3619,3645,,,
BGD,Rangpur,2113007,Demand for family planning satisfied by modern methods,79.1,1,BD,Bangladesh,2022,BD2022DHS,FP_NADM_W_PDM,32933150,I,360008,1360080,Region,..Rangpur,0,,0,1,FPNADMWPDM,BDDHS2022360008,2022,DHS,1704,1782,,,1
BGD,Rangpur,2113008,Demand for family planning satisfied by modern methods,79.1,1,BD,Bangladesh,2022,BD2022DHS,FP_NADM_W_PDM,32933150,I,360008,1360080,Region,..Rangpur,0,,0,1,FPNADMWPDM,BDDHS2022360008,2022,DHS,1704,1782,,,1
BGD,Rajshahi,7366792,Demand for family planning satisfied by modern methods,79.9,1,BD,Bangladesh,2022,BD2022DHS,FP_NADM_W_PDM,32933150,I,360009,1360090,Region,..Rajshahi,0,,0,1,FPNADMWPDM,BDDHS2022360009,2022,DHS,1916,1863,,,1
BGD,Rajshahi,7366793,Demand for family planning satisfied by modern methods,79.9,1,BD,Bangladesh,2022,BD2022DHS,FP_NADM_W_PDM,32933150,I,360009,1360090,Region,..Rajshahi,0,,0,1,FPNADMWPDM,BDDHS2022360009,2022,DHS,1916,1863,,,1
BGD,Barishal,1970701,Neonatal mortality rate,23,0,BD,Bangladesh,2022,BD2022DHS,CM_ECMR_C_NNR,63206010,I,360001,1360010,Region,Barishal,14003,Ten years preceding the survey,0,1,CMECMRCNNR,BDDHS2022360001,2022,DHS,,,17,29,1
BGD,Barishal,1970702,Neonatal mortality rate,23,0,BD,Bangladesh,2022,BD2022DHS,CM_ECMR_C_NNR,63206010,I,360001,1360010,Region,Barishal,14003,Ten years preceding the survey,0,1,CMECMRCNNR,BDDHS2022360001,2022,DHS,,,17,29,1
BGD,Chattogram/Sylhet,7971777,Neonatal mortality rate,26,0,BD,Bangladesh,2022,BD2022DHS,CM_ECMR_C_NNR,63206010,I,360002,1360020,Region,Chattogram/Sylhet,14003,Ten years preceding the survey,0,1,CMECMRCNNR,BDDHS2022360002,2022,DHS,,,21,30,
BGD,Chattogram,7459421,Neonatal mortality rate,22,0,BD,Bangladesh,2022,BD2022DHS,CM_ECMR_C_NNR,63206010,I,360003,1360030,Region,..Chattogram,14003,Ten years preceding the survey,0,1,CMECMRCNNR,BDDHS2022360003,2022,DHS,,,17,28,1
BGD,Chattogram,7459422,Neonatal mortality rate,22,0,BD,Bangladesh,2022,BD2022DHS,CM_ECMR_C_NNR,63206010,I,360003,1360030,Region,..Chattogram,14003,Ten years preceding the survey,0,1,CMECMRCNNR,BDDHS2022360003,2022,DHS,,,17,28,1
BGD,Sylhet,7838026,Neonatal mortality rate,36,0,BD,Bangladesh,2022,BD2022DHS,CM_ECMR_C_NNR,63206010,I,360004,1360040,Region,..Sylhet,14003,Ten years preceding the survey,0,1,CMECMRCNNR,BDDHS2022360004,2022,DHS,,,29,43,1
BGD,Sylhet,7838027,Neonatal mortality rate,36,0,BD,Bangladesh,2022,BD2022DHS,CM_ECMR_C_NNR,63206010,I,360004,1360040,Region,..Sylhet,14003,Ten years preceding the survey,0,1,CMECMRCNNR,BDDHS2022360004,2022,DHS,,,29,43,1
BGD,Dhaka before 2015,7955141,Neonatal mortality rate,27,0,BD,Bangladesh,2022,BD2022DHS,CM_ECMR_C_NNR,63206010,I,360005,1360050,Region,Dhaka before 2015,14003,Ten years preceding the survey,0,1,CMECMRCNNR,BDDHS2022360005,2022,DHS,,,22,32,
BGD,Dhaka,1959969,Neonatal mortality rate,26,0,BD,Bangladesh,2022,BD2022DHS,CM_ECMR_C_NNR,63206010,I,360010,1360052,Region,..Dhaka,14003,Ten years preceding the survey,0,1,CMECMRCNNR,BDDHS2022360010,2022,DHS,,,20,32,1
BGD,Dhaka,1959970,Neonatal mortality rate,26,0,BD,Bangladesh,2022,BD2022DHS,CM_ECMR_C_NNR,63206010,I,360010,1360052,Region,..Dhaka,14003,Ten years preceding the survey,0,1,CMECMRCNNR,BDDHS2022360010,2022,DHS,,,20,32,1
BGD,Mymensingh,7580618,Neonatal mortality rate,31,0,BD,Bangladesh,2022,BD2022DHS,CM_ECMR_C_NNR,63206010,I,360011,1360055,Region,..Mymensingh,14003,Ten years preceding the survey,0,1,CMECMRCNNR,BDDHS2022360011,2022,DHS,,,23,38,1
BGD,Mymensingh,7580619,Neonatal mortality rate,31,0,BD,Bangladesh,2022,BD2022DHS,CM_ECMR_C_NNR,63206010,I,360011,1360055,Region,..Mymensingh,14003,Ten years preceding the survey,0,1,CMECMRCNNR,BDDHS2022360011,2022,DHS,,,23,38,1
BGD,Khulna,7860621,Neonatal mortality rate,25,0,BD,Bangladesh,2022,BD2022DHS,CM_ECMR_C_NNR,63206010,I,360006,1360060,Region,Khulna,14003,Ten years preceding the survey,0,1,CMECMRCNNR,BDDHS2022360006,2022,DHS,,,18,32,1
BGD,Khulna,7860622,Neonatal mortality rate,25,0,BD,Bangladesh,2022,BD2022DHS,CM_ECMR_C_NNR,63206010,I,360006,1360060,Region,Khulna,14003,Ten years preceding the survey,0,1,CMECMRCNNR,BDDHS2022360006,2022,DHS,,,18,32,1
BGD,Rajshahi/Rangpur,7916057,Neonatal mortality rate,26,0,BD,Bangladesh,2022,BD2022DHS,CM_ECMR_C_NNR,63206010,I,360007,1360070,Region,Rajshahi/Rangpur,14003,Ten years preceding the survey,0,1,CMECMRCNNR,BDDHS2022360007,2022,DHS,,,21,31,
BGD,Rangpur,7930270,Neonatal mortality rate,32,0,BD,Bangladesh,2022,BD2022DHS,CM_ECMR_C_NNR,63206010,I,360008,1360080,Region,..Rangpur,14003,Ten years preceding the survey,0,1,CMECMRCNNR,BDDHS2022360008,2022,DHS,,,24,39,1
BGD,Rangpur,7930271,Neonatal mortality rate,32,0,BD,Bangladesh,2022,BD2022DHS,CM_ECMR_C_NNR,63206010,I,360008,1360080,Region,..Rangpur,14003,Ten years preceding the survey,0,1,CMECMRCNNR,BDDHS2022360008,2022,DHS,,,24,39,1
BGD,Rajshahi,7726198,Neonatal mortality rate,20,0,BD,Bangladesh,2022,BD2022DHS,CM_ECMR_C_NNR,63206010,I,360009,1360090,Region,..Rajshahi,14003,Ten years preceding the survey,0,1,CMECMRCNNR,BDDHS2022360009,2022,DHS,,,15,25,1
BGD,Rajshahi,7726199,Neonatal mortality rate,20,0,BD,Bangladesh,2022,BD2022DHS,CM_ECMR_C_NNR,63206010,I,360009,1360090,Region,..Rajshahi,14003,Ten years preceding the survey,0,1,CMECMRCNNR,BDDHS2022360009,2022,DHS,,,15,25,1
BGD,Barishal,7490714,Under-five mortality rate,43,0,BD,Bangladesh,2022,BD2022DHS,CM_ECMR_C_U5M,63206050,I,360001,1360010,Region,Barishal,14003,Ten years preceding the survey,0,1,CMECMRCU5M,BDDHS2022360001,2022,DHS,,,34,51,1
BGD,Barishal,7490715,Under-five mortality rate,43,0,BD,Bangladesh,2022,BD2022DHS,CM_ECMR_C_U5M,63206050,I,360001,1360010,Region,Barishal,14003,Ten years preceding the survey,0,1,CMECMRCU5M,BDDHS2022360001,2022,DHS,,,34,51,1
BGD,Chattogram/Sylhet,7697068,Under-five mortality rate,42,0,BD,Bangladesh,2022,BD2022DHS,CM_ECMR_C_U5M,63206050,I,360002,1360020,Region,Chattogram/Sylhet,14003,Ten years preceding the survey,0,1,CMECMRCU5M,BDDHS2022360002,2022,DHS,,,36,48,
BGD,Chattogram,7909406,Under-five mortality rate,36,0,BD,Bangladesh,2022,BD2022DHS,CM_ECMR_C_U5M,63206050,I,360003,1360030,Region,..Chattogram,14003,Ten years preceding the survey,0,1,CMECMRCU5M,BDDHS2022360003,2022,DHS,,,28,43,1
BGD,Chattogram,7909407,Under-five mortality rate,36,0,BD,Bangladesh,2022,BD2022DHS,CM_ECMR_C_U5M,63206050,I,360003,1360030,Region,..Chattogram,14003,Ten years preceding the survey,0,1,CMECMRCU5M,BDDHS2022360003,2022,DHS,,,28,43,1
BGD,Sylhet,7688684,Under-five mortality rate,61,0,BD,Bangladesh,2022,BD2022DHS,CM_ECMR_C_U5M,63206050,I,360004,1360040,Region,..Sylhet,14003,Ten years preceding the survey,0,1,CMECMRCU5M,BDDHS2022360004,2022,DHS,,,51,71,1
BGD,Sylhet,7688685,Under-five mortality rate,61,0,BD,Bangladesh,2022,BD2022DHS,CM_ECMR_C_U5M,63206050,I,360004,1360040,Region,..Sylhet,14003,Ten years preceding the survey,0,1,CMECMRCU5M,BDDHS2022360004,2022,DHS,,,51,71,1
BGD,Dhaka before 2015,7483230,Under-five mortality rate,38,0,BD,Bangladesh,2022,BD2022DHS,CM_ECMR_C_U5M,63206050,I,360005,1360050,Region,Dhaka before 2015,14003,Ten years preceding the survey,0,1,CMECMRCU5M,BDDHS2022360005,2022,DHS,,,32,44,
BGD,Dhaka,1959992,Under-five mortality rate,36,0,BD,Bangladesh,2022,BD2022DHS,CM_ECMR_C_U5M,63206050,I,360010,1360052,Region,..Dhaka,14003,Ten years preceding the survey,0,1,CMECMRCU5M,BDDHS2022360010,2022,DHS,,,28,43,1
BGD,Dhaka,1959993,Under-five mortality rate,36,0,BD,Bangladesh,2022,BD2022DHS,CM_ECMR_C_U5M,63206050,I,360010,1360052,Region,..Dhaka,14003,Ten years preceding the survey,0,1,CMECMRCU5M,BDDHS2022360010,2022,DHS,,,28,43,1
BGD,Mymensingh,7904087,Under-five mortality rate,44,0,BD,Bangladesh,2022,BD2022DHS,CM_ECMR_C_U5M,63206050,I,360011,1360055,Region,..Mymensingh,14003,Ten years preceding the survey,0,1,CMECMRCU5M,BDDHS2022360011,2022,DHS,,,36,53,1
BGD,Mymensingh,7904088,Under-five mortality rate,44,0,BD,Bangladesh,2022,BD2022DHS,CM_ECMR_C_U5M,63206050,I,360011,1360055,Region,..Mymensingh,14003,Ten years preceding the survey,0,1,CMECMRCU5M,BDDHS2022360011,2022,DHS,,,36,53,1
BGD,Khulna,7793071,Under-five mortality rate,31,0,BD,Bangladesh,2022,BD2022DHS,CM_ECMR_C_U5M,63206050,I,360006,1360060,Region,Khulna,14003,Ten years preceding the survey,0,1,CMECMRCU5M,BDDHS2022360006,2022,DHS,,,24,39,1
BGD,Khulna,7793072,Under-five mortality rate,31,0,BD,Bangladesh,2022,BD2022DHS,CM_ECMR_C_U5M,63206050,I,360006,1360060,Region,Khulna,14003,Ten years preceding the survey,0,1,CMECMRCU5M,BDDHS2022360006,2022,DHS,,,24,39,1
BGD,Rajshahi/Rangpur,1960029,Under-five mortality rate,37,0,BD,Bangladesh,2022,BD2022DHS,CM_ECMR_C_U5M,63206050,I,360007,1360070,Region,Rajshahi/Rangpur,14003,Ten years preceding the survey,0,1,CMECMRCU5M,BDDHS2022360007,2022,DHS,,,31,42,
BGD,Rangpur,1977739,Under-five mortality rate,46,0,BD,Bangladesh,2022,BD2022DHS,CM_ECMR_C_U5M,63206050,I,360008,1360080,Region,..Rangpur,14003,Ten years preceding the survey,0,1,CMECMRCU5M,BDDHS2022360008,2022,DHS,,,37,55,1
BGD,Rangpur,1977740,Under-five mortality rate,46,0,BD,Bangladesh,2022,BD2022DHS,CM_ECMR_C_U5M,63206050,I,360008,1360080,Region,..Rangpur,14003,Ten years preceding the survey,0,1,CMECMRCU5M,BDDHS2022360008,2022,DHS,,,37,55,1
BGD,Rajshahi,7698237,Under-five mortality rate,27,0,BD,Bangladesh,2022,BD2022DHS,CM_ECMR_C_U5M,63206050,I,360009,1360090,Region,..Rajshahi,14003,Ten years preceding the survey,0,1,CMECMRCU5M,BDDHS2022360009,2022,DHS,,,21,34,1
BGD,Rajshahi,7698238,Under-five mortality rate,27,0,BD,Bangladesh,2022,BD2022DHS,CM_ECMR_C_U5M,63206050,I,360009,1360090,Region,..Rajshahi,14003,Ten years preceding the survey,0,1,CMECMRCU5M,BDDHS2022360009,2022,DHS,,,21,34,1
BGD,Barishal,5966235,Assistance during delivery from a skilled provider,61.6,1,BD,Bangladesh,2022,BD2022DHS,RH_DELA_C_SKP,83606110,I,360001,1360010,Region,Barishal,14000,Three years preceding the survey,0,0,RHDELACSKP,BDDHS2022360001,2022,DHS,328,570,,,1
BGD,Barishal,5966236,Assistance during delivery from a skilled provider,61.6,1,BD,Bangladesh,2022,BD2022DHS,RH_DELA_C_SKP,83606110,I,360001,1360010,Region,Barishal,14000,Three years preceding the survey,0,0,RHDELACSKP,BDDHS2022360001,2022,DHS,328,570,,,1
BGD,Barishal,2300789,Assistance during delivery from a skilled provider,60.9,1,BD,Bangladesh,2022,BD2022DHS,RH_DELA_C_SKP,83606110,I,360001,1360010,Region,Barishal,14002,Two years preceding the survey,0,1,RHDELACSKP,BDDHS2022360001,2022,DHS,219,383,,,1
BGD,Barishal,2300790,Assistance during delivery from a skilled provider,60.9,1,BD,Bangladesh,2022,BD2022DHS,RH_DELA_C_SKP,83606110,I,360001,1360010,Region,Barishal,14002,Two years preceding the survey,0,1,RHDELACSKP,BDDHS2022360001,2022,DHS,219,383,,,1
BGD,Chattogram/Sylhet,5589689,Assistance during delivery from a skilled provider,63.4,1,BD,Bangladesh,2022,BD2022DHS,RH_DELA_C_SKP,83606110,I,360002,1360020,Region,Chattogram/Sylhet,14000,Three years preceding the survey,0,0,RHDELACSKP,BDDHS2022360002,2022,DHS,1562,1575,,,
BGD,Chattogram/Sylhet,4184199,Assistance during delivery from a skilled provider,64.7,1,BD,Bangladesh,2022,BD2022DHS,RH_DELA_C_SKP,83606110,I,360002,1360020,Region,Chattogram/Sylhet,14002,Two years preceding the survey,0,1,RHDELACSKP,BDDHS2022360002,2022,DHS,1033,1036,,,
BGD,Chattogram,67446,Assistance during delivery from a skilled provider,65.2,1,BD,Bangladesh,2022,BD2022DHS,RH_DELA_C_SKP,83606110,I,360003,1360030,Region,..Chattogram,14000,Three years preceding the survey,0,0,RHDELACSKP,BDDHS2022360003,2022,DHS,1199,932,,,1
BGD,Chattogram,67447,Assistance during delivery from a skilled provider,65.2,1,BD,Bangladesh,2022,BD2022DHS,RH_DELA_C_SKP,83606110,I,360003,1360030,Region,..Chattogram,14000,Three years preceding the survey,0,0,RHDELACSKP,BDDHS2022360003,2022,DHS,1199,932,,,1
BGD,Chattogram,7435317,Assistance during delivery from a skilled provider,66.4,1,BD,Bangladesh,2022,BD2022DHS,RH_DELA_C_SKP,83606110,I,360003,1360030,Region,..Chattogram,14002,Two years preceding the survey,0,1,RHDELACSKP,BDDHS2022360003,2022,DHS,793,613,,,1
BGD,Chattogram,7435318,Assistance during delivery from a skilled provider,66.4,1,BD,Bangladesh,2022,BD2022DHS,RH_DELA_C_SKP,83606110,I,360003,1360030,Region,..Chattogram,14002,Two years preceding the survey,0,1,RHDELACSKP,BDDHS2022360003,2022,DHS,793,613,,,1
BGD,Sylhet,4713130,Assistance during delivery from a skilled provider,57.6,1,BD,Bangladesh,2022,BD2022DHS,RH_DELA_C_SKP,83606110,I,360004,1360040,Region,..Sylhet,14000,Three years preceding the survey,0,0,RHDELACSKP,BDDHS2022360004,2022,DHS,363,643,,,1
BGD,Sylhet,4713131,Assistance during delivery from a skilled provider,57.6,1,BD,Bangladesh,2022,BD2022DHS,RH_DELA_C_SKP,83606110,I,360004,1360040,Region,..Sylhet,14000,Three years preceding the survey,0,0,RHDELACSKP,BDDHS2022360004,2022,DHS,363,643,,,1
BGD,Sylhet,3312879,Assistance during delivery from a skilled provider,59.3,1,BD,Bangladesh,2022,BD2022DHS,RH_DELA_C_SKP,83606110,I,360004,1360040,Region,..Sylhet,14002,Two years preceding the survey,0,1,RHDELACSKP,BDDHS2022360004,2022,DHS,240,423,,,1
BGD,Sylhet,3312880,Assistance during delivery from a skilled provider,59.3,1,BD,Bangladesh,2022,BD2022DHS,RH_DELA_C_SKP,83606110,I,360004,1360040,Region,..Sylhet,14002,Two years preceding the survey,0,1,RHDELACSKP,BDDHS2022360004,2022,DHS,240,423,,,1
BGD,Dhaka before 2015,828932,Assistance during delivery from a skilled provider,69.4,1,BD,Bangladesh,2022,BD2022DHS,RH_DELA_C_SKP,83606110,I,360005,1360050,Region,Dhaka before 2015,14000,Three years preceding the survey,0,0,RHDELACSKP,BDDHS2022360005,2022,DHS,1806,1460,,,
BGD,Dhaka before 2015,256098,Assistance during delivery from a skilled provider,71.1,1,BD,Bangladesh,2022,BD2022DHS,RH_DELA_C_SKP,83606110,I,360005,1360050,Region,Dhaka before 2015,14002,Two years preceding the survey,0,1,RHDELACSKP,BDDHS2022360005,2022,DHS,1259,1020,,,
BGD,Dhaka,217567,Assistance during delivery from a skilled provider,75,1,BD,Bangladesh,2022,BD2022DHS,RH_DELA_C_SKP,83606110,I,360010,1360052,Region,..Dhaka,14000,Three years preceding the survey,0,0,RHDELACSKP,BDDHS2022360010,2022,DHS,1331,796,,,1
BGD,Dhaka,217568,Assistance during delivery from a skilled provider,75,1,BD,Bangladesh,2022,BD2022DHS,RH_DELA_C_SKP,83606110,I,360010,1360052,Region,..Dhaka,14000,Three years preceding the survey,0,0,RHDELACSKP,BDDHS2022360010,2022,DHS,1331,796,,,1
BGD,Dhaka,5888761,Assistance during delivery from a skilled provider,76.1,1,BD,Bangladesh,2022,BD2022DHS,RH_DELA_C_SKP,83606110,I,360010,1360052,Region,..Dhaka,14002,Two years preceding the survey,0,1,RHDELACSKP,BDDHS2022360010,2022,DHS,926,556,,,1
BGD,Dhaka,5888762,Assistance during delivery from a skilled provider,76.1,1,BD,Bangladesh,2022,BD2022DHS,RH_DELA_C_SKP,83606110,I,360010,1360052,Region,..Dhaka,14002,Two years preceding the survey,0,1,RHDELACSKP,BDDHS2022360010,2022,DHS,926,556,,,1
BGD,Mymensingh,7338307,Assistance during delivery from a skilled provider,53.5,1,BD,Bangladesh,2022,BD2022DHS,RH_DELA_C_SKP,83606110,I,360011,1360055,Region,..Mymensingh,14000,Three years preceding the survey,0,0,RHDELACSKP,BDDHS2022360011,2022,DHS,475,664,,,1
BGD,Mymensingh,7338308,Assistance during delivery from a skilled provider,53.5,1,BD,Bangladesh,2022,BD2022DHS,RH_DELA_C_SKP,83606110,I,360011,1360055,Region,..Mymensingh,14000,Three years preceding the survey,0,0,RHDELACSKP,BDDHS2022360011,2022,DHS,475,664,,,1
BGD,Mymensingh,688852,Assistance during delivery from a skilled provider,57.1,1,BD,Bangladesh,2022,BD2022DHS,RH_DELA_C_SKP,83606110,I,360011,1360055,Region,..Mymensingh,14002,Two years preceding the survey,0,1,RHDELACSKP,BDDHS2022360011,2022,DHS,333,464,,,1
BGD,Mymensingh,688853,Assistance during delivery from a skilled provider,57.1,1,BD,Bangladesh,2022,BD2022DHS,RH_DELA_C_SKP,83606110,I,360011,1360055,Region,..Mymensingh,14002,Two years preceding the survey,0,1,RHDELACSKP,BDDHS2022360011,2022,DHS,333,464,,,1
BGD,Khulna,6092472,Assistance during delivery from a skilled provider,85.3,1,BD,Bangladesh,2022,BD2022DHS,RH_DELA_C_SKP,83606110,I,360006,1360060,Region,Khulna,14000,Three years preceding the survey,0,0,RHDELACSKP,BDDHS2022360006,2022,DHS,547,593,,,1
BGD,Khulna,6092473,Assistance during delivery from a skilled provider,85.3,1,BD,Bangladesh,2022,BD2022DHS,RH_DELA_C_SKP,83606110,I,360006,1360060,Region,Khulna,14000,Three years preceding the survey,0,0,RHDELACSKP,BDDHS2022360006,2022,DHS,547,593,,,1
BGD,Khulna,7090487,Assistance during delivery from a skilled provider,86.5,1,BD,Bangladesh,2022,BD2022DHS,RH_DELA_C_SKP,83606110,I,360006,1360060,Region,Khulna,14002,Two years preceding the survey,0,1,RHDELACSKP,BDDHS2022360006,2022,DHS,380,410,,,1
BGD,Khulna,7090488,Assistance during delivery from a skilled provider,86.5,1,BD,Bangladesh,2022,BD2022DHS,RH_DELA_C_SKP,83606110,I,360006,1360060,Region,Khulna,14002,Two years preceding the survey,0,1,RHDELACSKP,BDDHS2022360006,2022,DHS,380,410,,,1
BGD,Rajshahi/Rangpur,624106,Assistance during delivery from a skilled provider,69,1,BD,Bangladesh,2022,BD2022DHS,RH_DELA_C_SKP,83606110,I,360007,1360070,Region,Rajshahi/Rangpur,14000,Three years preceding the survey,0,0,RHDELACSKP,BDDHS2022360007,2022,DHS,1162,1144,,,
BGD,Rajshahi/Rangpur,3622368,Assistance during delivery from a skilled provider,69.2,1,BD,Bangladesh,2022,BD2022DHS,RH_DELA_C_SKP,83606110,I,360007,1360070,Region,Rajshahi/Rangpur,14002,Two years preceding the survey,0,1,RHDELACSKP,BDDHS2022360007,2022,DHS,800,786,,,
BGD,Rangpur,4436577,Assistance during delivery from a skilled provider,66.3,1,BD,Bangladesh,2022,BD2022DHS,RH_DELA_C_SKP,83606110,I,360008,1360080,Region,..Rangpur,14000,Three years preceding the survey,0,0,RHDELACSKP,BDDHS2022360008,2022,DHS,602,617,,,1
BGD,Rangpur,4436578,Assistance during delivery from a skilled provider,66.3,1,BD,Bangladesh,2022,BD2022DHS,RH_DELA_C_SKP,83606110,I,360008,1360080,Region,..Rangpur,14000,Three years preceding the survey,0,0,RHDELACSKP,BDDHS2022360008,2022,DHS,602,617,,,1
BGD,Rangpur,4710703,Assistance during delivery from a skilled provider,66.3,1,BD,Bangladesh,2022,BD2022DHS,RH_DELA_C_SKP,83606110,I,360008,1360080,Region,..Rangpur,14002,Two years preceding the survey,0,1,RHDELACSKP,BDDHS2022360008,2022,DHS,419,425,,,1
BGD,Rangpur,4710704,Assistance during delivery from a skilled provider,66.3,1,BD,Bangladesh,2022,BD2022DHS,RH_DELA_C_SKP,83606110,I,360008,1360080,Region,..Rangpur,14002,Two years preceding the survey,0,1,RHDELACSKP,BDDHS2022360008,2022,DHS,419,425,,,1
BGD,Rajshahi,2310548,Assistance during delivery from a skilled provider,71.9,1,BD,Bangladesh,2022,BD2022DHS,RH_DELA_C_SKP,83606110,I,360009,1360090,Region,..Rajshahi,14000,Three years preceding the survey,0,0,RHDELACSKP,BDDHS2022360009,2022,DHS,560,527,,,1
BGD,Rajshahi,2310549,Assistance during delivery from a skilled provider,71.9,1,BD,Bangladesh,2022,BD2022DHS,RH_DELA_C_SKP,83606110,I,360009,1360090,Region,..Rajshahi,14000,Three years preceding the survey,0,0,RHDELACSKP,BDDHS2022360009,2022,DHS,560,527,,,1
BGD,Rajshahi,6790789,Assistance during delivery from a skilled provider,72.3,1,BD,Bangladesh,2022,BD2022DHS,RH_DELA_C_SKP,83606110,I,360009,1360090,Region,..Rajshahi,14002,Two years preceding the survey,0,1,RHDELACSKP,BDDHS2022360009,2022,DHS,381,361,,,1
BGD,Rajshahi,6790790,Assistance during delivery from a skilled provider,72.3,1,BD,Bangladesh,2022,BD2022DHS,RH_DELA_C_SKP,83606110,I,360009,1360090,Region,..Rajshahi,14002,Two years preceding the survey,0,1,RHDELACSKP,BDDHS2022360009,2022,DHS,381,361,,,1
BGD,Barishal,2372564,Children stunted,24.9,1,BD,Bangladesh,2022,BD2022DHS,CN_NUTS_C_HA2,104236020,I,360001,1360010,Region,Barishal,0,,0,1,CNNUTSCHA2,BDDHS2022360001,2022,DHS,295,496,,,1
BGD,Barishal,2372565,Children stunted,24.9,1,BD,Bangladesh,2022,BD2022DHS,CN_NUTS_C_HA2,104236020,I,360001,1360010,Region,Barishal,0,,0,1,CNNUTSCHA2,BDDHS2022360001,2022,DHS,295,496,,,1
BGD,Chattogram/Sylhet,67783,Children stunted,27,1,BD,Bangladesh,2022,BD2022DHS,CN_NUTS_C_HA2,104236020,I,360002,1360020,Region,Chattogram/Sylhet,0,,0,1,CNNUTSCHA2,BDDHS2022360002,2022,DHS,1247,1278,,,
BGD,Chattogram,6527994,Children stunted,24.7,1,BD,Bangladesh,2022,BD2022DHS,CN_NUTS_C_HA2,104236020,I,360003,1360030,Region,..Chattogram,0,,0,1,CNNUTSCHA2,BDDHS2022360003,2022,DHS,935,732,,,1
BGD,Chattogram,6527995,Children stunted,24.7,1,BD,Bangladesh,2022,BD2022DHS,CN_NUTS_C_HA2,104236020,I,360003,1360030,Region,..Chattogram,0,,0,1,CNNUTSCHA2,BDDHS2022360003,2022,DHS,935,732,,,1
BGD,Sylhet,4575279,Children stunted,33.9,1,BD,Bangladesh,2022,BD2022DHS,CN_NUTS_C_HA2,104236020,I,360004,1360040,Region,..Sylhet,0,,0,1,CNNUTSCHA2,BDDHS2022360004,2022,DHS,312,546,,,1
BGD,Sylhet,4575280,Children stunted,33.9,1,BD,Bangladesh,2022,BD2022DHS,CN_NUTS_C_HA2,104236020,I,360004,1360040,Region,..Sylhet,0,,0,1,CNNUTSCHA2,BDDHS2022360004,2022,DHS,312,546,,,1
BGD,Dhaka before 2015,6140373,Children stunted,23.2,1,BD,Bangladesh,2022,BD2022DHS,CN_NUTS_C_HA2,104236020,I,360005,1360050,Region,Dhaka before 2015,0,,0,1,CNNUTSCHA2,BDDHS2022360005,2022,DHS,1384,1132,,,
BGD,Dhaka,6591465,Children stunted,21.5,1,BD,Bangladesh,2022,BD2022DHS,CN_NUTS_C_HA2,104236020,I,360010,1360052,Region,..Dhaka,0,,0,1,CNNUTSCHA2,BDDHS2022360010,2022,DHS,1012,607,,,1
BGD,Dhaka,6591466,Children stunted,21.5,1,BD,Bangladesh,2022,BD2022DHS,CN_NUTS_C_HA2,104236020,I,360010,1360052,Region,..Dhaka,0,,0,1,CNNUTSCHA2,BDDHS2022360010,2022,DHS,1012,607,,,1
BGD,Mymensingh,3036751,Children stunted,27.7,1,BD,Bangladesh,2022,BD2022DHS,CN_NUTS_C_HA2,104236020,I,360011,1360055,Region,..Mymensingh,0,,0,1,CNNUTSCHA2,BDDHS2022360011,2022,DHS,373,525,,,1
BGD,Mymensingh,3036752,Children stunted,27.7,1,BD,Bangladesh,2022,BD2022DHS,CN_NUTS_C_HA2,104236020,I,360011,1360055,Region,..Mymensingh,0,,0,1,CNNUTSCHA2,BDDHS2022360011,2022,DHS,373,525,,,1
BGD,Khulna,3808157,Children stunted,19,1,BD,Bangladesh,2022,BD2022DHS,CN_NUTS_C_HA2,104236020,I,360006,1360060,Region,Khulna,0,,0,1,CNNUTSCHA2,BDDHS2022360006,2022,DHS,422,450,,,1
BGD,Khulna,3808158,Children stunted,19,1,BD,Bangladesh,2022,BD2022DHS,CN_NUTS_C_HA2,104236020,I,360006,1360060,Region,Khulna,0,,0,1,CNNUTSCHA2,BDDHS2022360006,2022,DHS,422,450,,,1
BGD,Rajshahi/Rangpur,135685,Children stunted,21.1,1,BD,Bangladesh,2022,BD2022DHS,CN_NUTS_C_HA2,104236020,I,360007,1360070,Region,Rajshahi/Rangpur,0,,0,1,CNNUTSCHA2,BDDHS2022360007,2022,DHS,904,904,,,
BGD,Rangpur,3999897,Children stunted,22.1,1,BD,Bangladesh,2022,BD2022DHS,CN_NUTS_C_HA2,104236020,I,360008,1360080,Region,..Rangpur,0,,0,1,CNNUTSCHA2,BDDHS2022360008,2022,DHS,473,491,,,1
BGD,Rangpur,3999898,Children stunted,22.1,1,BD,Bangladesh,2022,BD2022DHS,CN_NUTS_C_HA2,104236020,I,360008,1360080,Region,..Rangpur,0,,0,1,CNNUTSCHA2,BDDHS2022360008,2022,DHS,473,491,,,1
BGD,Rajshahi,6864678,Children stunted,20,1,BD,Bangladesh,2022,BD2022DHS,CN_NUTS_C_HA2,104236020,I,360009,1360090,Region,..Rajshahi,0,,0,1,CNNUTSCHA2,BDDHS2022360009,2022,DHS,430,413,,,1
BGD,Rajshahi,6864679,Children stunted,20,1,BD,Bangladesh,2022,BD2022DHS,CN_NUTS_C_HA2,104236020,I,360009,1360090,Region,..Rajshahi,0,,0,1,CNNUTSCHA2,BDDHS2022360009,2022,DHS,430,413,,,1
BGD,Barishal,5528503,Children wasted,14.1,1,BD,Bangladesh,2022,BD2022DHS,CN_NUTS_C_WH2,104236050,I,360001,1360010,Region,Barishal,0,,0,1,CNNUTSCWH2,BDDHS2022360001,2022,DHS,295,496,,,1
BGD,Barishal,5528504,Children wasted,14.1,1,BD,Bangladesh,2022,BD2022DHS,CN_NUTS_C_WH2,104236050,I,360001,1360010,Region,Barishal,0,,0,1,CNNUTSCWH2,BDDHS2022360001,2022,DHS,295,496,,,1
BGD,Chattogram/Sylhet,2600198,Children wasted,11.6,1,BD,Bangladesh,2022,BD2022DHS,CN_NUTS_C_WH2,104236050,I,360002,1360020,Region,Chattogram/Sylhet,0,,0,1,CNNUTSCWH2,BDDHS2022360002,2022,DHS,1247,1278,,,
BGD,Chattogram,4559271,Children wasted,11.4,1,BD,Bangladesh,2022,BD2022DHS,CN_NUTS_C_WH2,104236050,I,360003,1360030,Region,..Chattogram,0,,0,1,CNNUTSCWH2,BDDHS2022360003,2022,DHS,935,732,,,1
BGD,Chattogram,4559272,Children wasted,11.4,1,BD,Bangladesh,2022,BD2022DHS,CN_NUTS_C_WH2,104236050,I,360003,1360030,Region,..Chattogram,0,,0,1,CNNUTSCWH2,BDDHS2022360003,2022,DHS,935,732,,,1
BGD,Sylhet,6604147,Children wasted,12.2,1,BD,Bangladesh,2022,BD2022DHS,CN_NUTS_C_WH2,104236050,I,360004,1360040,Region,..Sylhet,0,,0,1,CNNUTSCWH2,BDDHS2022360004,2022,DHS,312,546,,,1
BGD,Sylhet,6604148,Children wasted,12.2,1,BD,Bangladesh,2022,BD2022DHS,CN_NUTS_C_WH2,104236050,I,360004,1360040,Region,..Sylhet,0,,0,1,CNNUTSCWH2,BDDHS2022360004,2022,DHS,312,546,,,1
BGD,Dhaka before 2015,6538458,Children wasted,10,1,BD,Bangladesh,2022,BD2022DHS,CN_NUTS_C_WH2,104236050,I,360005,1360050,Region,Dhaka before 2015,0,,0,1,CNNUTSCWH2,BDDHS2022360005,2022,DHS,1387,1133,,,
BGD,Dhaka,2377902,Children wasted,8.9,1,BD,Bangladesh,2022,BD2022DHS,CN_NUTS_C_WH2,104236050,I,360010,1360052,Region,..Dhaka,0,,0,1,CNNUTSCWH2,BDDHS2022360010,2022,DHS,1014,608,,,1
BGD,Dhaka,2377903,Children wasted,8.9,1,BD,Bangladesh,2022,BD2022DHS,CN_NUTS_C_WH2,104236050,I,360010,1360052,Region,..Dhaka,0,,0,1,CNNUTSCWH2,BDDHS2022360010,2022,DHS,1014,608,,,1
BGD,Mymensingh,6298669,Children wasted,12.8,1,BD,Bangladesh,2022,BD2022DHS,CN_NUTS_C_WH2,104236050,I,360011,1360055,Region,..Mymensingh,0,,0,1,CNNUTSCWH2,BDDHS2022360011,2022,DHS,373,525,,,1
BGD,Mymensingh,6298670,Children wasted,12.8,1,BD,Bangladesh,2022,BD2022DHS,CN_NUTS_C_WH2,104236050,I,360011,1360055,Region,..Mymensingh,0,,0,1,CNNUTSCWH2,BDDHS2022360011,2022,DHS,373,525,,,1
BGD,Khulna,5622161,Children wasted,10.3,1,BD,Bangladesh,2022,BD2022DHS,CN_NUTS_C_WH2,104236050,I,360006,1360060,Region,Khulna,0,,0,1,CNNUTSCWH2,BDDHS2022360006,2022,DHS,422,450,,,1
BGD,Khulna,5622162,Children wasted,10.3,1,BD,Bangladesh,2022,BD2022DHS,CN_NUTS_C_WH2,104236050,I,360006,1360060,Region,Khulna,0,,0,1,CNNUTSCWH2,BDDHS2022360006,2022,DHS,422,450,,,1
BGD,Rajshahi/Rangpur,3851852,Children wasted,11,1,BD,Bangladesh,2022,BD2022DHS,CN_NUTS_C_WH2,104236050,I,360007,1360070,Region,Rajshahi/Rangpur,0,,0,1,CNNUTSCWH2,BDDHS2022360007,2022,DHS,903,903,,,
BGD,Rangpur,6981342,Children wasted,11.1,1,BD,Bangladesh,2022,BD2022DHS,CN_NUTS_C_WH2,104236050,I,360008,1360080,Region,..Rangpur,0,,0,1,CNNUTSCWH2,BDDHS2022360008,2022,DHS,474,491,,,1
BGD,Rangpur,6981343,Children wasted,11.1,1,BD,Bangladesh,2022,BD2022DHS,CN_NUTS_C_WH2,104236050,I,360008,1360080,Region,..Rangpur,0,,0,1,CNNUTSCWH2,BDDHS2022360008,2022,DHS,474,491,,,1
BGD,Rajshahi,2384954,Children wasted,11,1,BD,Bangladesh,2022,BD2022DHS,CN_NUTS_C_WH2,104236050,I,360009,1360090,Region,..Rajshahi,0,,0,1,CNNUTSCWH2,BDDHS2022360009,2022,DHS,430,412,,,1
BGD,Rajshahi,2384955,Children wasted,11,1,BD,Bangladesh,2022,BD2022DHS,CN_NUTS_C_WH2,104236050,I,360009,1360090,Region,..Rajshahi,0,,0,1,CNNUTSCWH2,BDDHS2022360009,2022,DHS,430,412,,,1
BGD,Barishal,5528505,Children overweight,1.7,1,BD,Bangladesh,2022,BD2022DHS,CN_NUTS_C_WHP,104236060,I,360001,1360010,Region,Barishal,0,,0,1,CNNUTSCWHP,BDDHS2022360001,2022,DHS,295,496,,,1
BGD,Barishal,5528506,Children overweight,1.7,1,BD,Bangladesh,2022,BD2022DHS,CN_NUTS_C_WHP,104236060,I,360001,1360010,Region,Barishal,0,,0,1,CNNUTSCWHP,BDDHS2022360001,2022,DHS,295,496,,,1
BGD,Chattogram/Sylhet,2600199,Children overweight,1.2,1,BD,Bangladesh,2022,BD2022DHS,CN_NUTS_C_WHP,104236060,I,360002,1360020,Region,Chattogram/Sylhet,0,,0,1,CNNUTSCWHP,BDDHS2022360002,2022,DHS,1247,1278,,,
BGD,Chattogram,4559273,Children overweight,1.4,1,BD,Bangladesh,2022,BD2022DHS,CN_NUTS_C_WHP,104236060,I,360003,1360030,Region,..Chattogram,0,,0,1,CNNUTSCWHP,BDDHS2022360003,2022,DHS,935,732,,,1
BGD,Chattogram,4559274,Children overweight,1.4,1,BD,Bangladesh,2022,BD2022DHS,CN_NUTS_C_WHP,104236060,I,360003,1360030,Region,..Chattogram,0,,0,1,CNNUTSCWHP,BDDHS2022360003,2022,DHS,935,732,,,1
BGD,Sylhet,6604149,Children overweight,0.5,1,BD,Bangladesh,2022,BD2022DHS,CN_NUTS_C_WHP,104236060,I,360004,1360040,Region,..Sylhet,0,,0,1,CNNUTSCWHP,BDDHS2022360004,2022,DHS,312,546,,,1
BGD,Sylhet,6604150,Children overweight,0.5,1,BD,Bangladesh,2022,BD2022DHS,CN_NUTS_C_WHP,104236060,I,360004,1360040,Region,..Sylhet,0,,0,1,CNNUTSCWHP,BDDHS2022360004,2022,DHS,312,546,,,1
BGD,Dhaka before 2015,6538459,Children overweight,1.7,1,BD,Bangladesh,2022,BD2022DHS,CN_NUTS_C_WHP,104236060,I,360005,1360050,Region,Dhaka before 2015,0,,0,1,CNNUTSCWHP,BDDHS2022360005,2022,DHS,1387,1133,,,
BGD,Dhaka,2377906,Children overweight,2.1,1,BD,Bangladesh,2022,BD2022DHS,CN_NUTS_C_WHP,104236060,I,360010,1360052,Region,..Dhaka,0,,0,1,CNNUTSCWHP,BDDHS2022360010,2022,DHS,1014,608,,,1
BGD,Dhaka,2377907,Children overweight,2.1,1,BD,Bangladesh,2022,BD2022DHS,CN_NUTS_C_WHP,104236060,I,360010,1360052,Region,..Dhaka,0,,0,1,CNNUTSCWHP,BDDHS2022360010,2022,DHS,1014,608,,,1
BGD,Mymensingh,6298671,Children overweight,0.6,1,BD,Bangladesh,2022,BD2022DHS,CN_NUTS_C_WHP,104236060,I,360011,1360055,Region,..Mymensingh,0,,0,1,CNNUTSCWHP,BDDHS2022360011,2022,DHS,373,525,,,1
BGD,Mymensingh,6298672,Children overweight,0.6,1,BD,Bangladesh,2022,BD2022DHS,CN_NUTS_C_WHP,104236060,I,360011,1360055,Region,..Mymensingh,0,,0,1,CNNUTSCWHP,BDDHS2022360011,2022,DHS,373,525,,,1
BGD,Khulna,5622163,Children overweight,1.4,1,BD,Bangladesh,2022,BD2022DHS,CN_NUTS_C_WHP,104236060,I,360006,1360060,Region,Khulna,0,,0,1,CNNUTSCWHP,BDDHS2022360006,2022,DHS,422,450,,,1
BGD,Khulna,5622164,Children overweight,1.4,1,BD,Bangladesh,2022,BD2022DHS,CN_NUTS_C_WHP,104236060,I,360006,1360060,Region,Khulna,0,,0,1,CNNUTSCWHP,BDDHS2022360006,2022,DHS,422,450,,,1
BGD,Rajshahi/Rangpur,3851853,Children overweight,1.7,1,BD,Bangladesh,2022,BD2022DHS,CN_NUTS_C_WHP,104236060,I,360007,1360070,Region,Rajshahi/Rangpur,0,,0,1,CNNUTSCWHP,BDDHS2022360007,2022,DHS,903,903,,,
BGD,Rangpur,6981344,Children overweight,1.5,1,BD,Bangladesh,2022,BD2022DHS,CN_NUTS_C_WHP,104236060,I,360008,1360080,Region,..Rangpur,0,,0,1,CNNUTSCWHP,BDDHS2022360008,2022,DHS,474,491,,,1
BGD,Rangpur,6981345,Children overweight,1.5,1,BD,Bangladesh,2022,BD2022DHS,CN_NUTS_C_WHP,104236060,I,360008,1360080,Region,..Rangpur,0,,0,1,CNNUTSCWHP,BDDHS2022360008,2022,DHS,474,491,,,1
BGD,Rajshahi,2384956,Children overweight,1.8,1,BD,Bangladesh,2022,BD2022DHS,CN_NUTS_C_WHP,104236060,I,360009,1360090,Region,..Rajshahi,0,,0,1,CNNUTSCWHP,BDDHS2022360009,2022,DHS,430,412,,,1
BGD,Rajshahi,2384957,Children overweight,1.8,1,BD,Bangladesh,2022,BD2022DHS,CN_NUTS_C_WHP,104236060,I,360009,1360090,Region,..Rajshahi,0,,0,1,CNNUTSCWHP,BDDHS2022360009,2022,DHS,430,412,,,1
BGD,Barishal,344623,Women who used the internet in the past 12 months,14.7,1,BD,Bangladesh,2022,BD2022DHS,CO_INUS_W_U12,181273020,I,360001,1360010,Region,Barishal,0,,0,1,COINUSWU12,BDDHS2022360001,2022,DHS,1825,,,,1
BGD,Barishal,344624,Women who used the internet in the past 12 months,14.7,1,BD,Bangladesh,2022,BD2022DHS,CO_INUS_W_U12,181273020,I,360001,1360010,Region,Barishal,0,,0,1,COINUSWU12,BDDHS2022360001,2022,DHS,1825,,,,1
BGD,Chattogram/Sylhet,5134727,Women who used the internet in the past 12 months,23.2,1,BD,Bangladesh,2022,BD2022DHS,CO_INUS_W_U12,181273020,I,360002,1360020,Region,Chattogram/Sylhet,0,,0,1,COINUSWU12,BDDHS2022360002,2022,DHS,7321,,,,
BGD,Chattogram,3109513,Women who used the internet in the past 12 months,24.8,1,BD,Bangladesh,2022,BD2022DHS,CO_INUS_W_U12,181273020,I,360003,1360030,Region,..Chattogram,0,,0,1,COINUSWU12,BDDHS2022360003,2022,DHS,5585,,,,1
BGD,Chattogram,3109514,Women who used the internet in the past 12 months,24.8,1,BD,Bangladesh,2022,BD2022DHS,CO_INUS_W_U12,181273020,I,360003,1360030,Region,..Chattogram,0,,0,1,COINUSWU12,BDDHS2022360003,2022,DHS,5585,,,,1
BGD,Sylhet,789400,Women who used the internet in the past 12 months,18.1,1,BD,Bangladesh,2022,BD2022DHS,CO_INUS_W_U12,181273020,I,360004,1360040,Region,..Sylhet,0,,0,1,COINUSWU12,BDDHS2022360004,2022,DHS,1736,,,,1
BGD,Sylhet,789399,Women who used the internet in the past 12 months,18.1,1,BD,Bangladesh,2022,BD2022DHS,CO_INUS_W_U12,181273020,I,360004,1360040,Region,..Sylhet,0,,0,1,COINUSWU12,BDDHS2022360004,2022,DHS,1736,,,,1
BGD,Dhaka before 2015,1959888,Women who used the internet in the past 12 months,23.4,1,BD,Bangladesh,2022,BD2022DHS,CO_INUS_W_U12,181273020,I,360005,1360050,Region,Dhaka before 2015,0,,0,1,COINUSWU12,BDDHS2022360005,2022,DHS,9942,,,,
BGD,Dhaka,3124479,Women who used the internet in the past 12 months,27,1,BD,Bangladesh,2022,BD2022DHS,CO_INUS_W_U12,181273020,I,360010,1360052,Region,..Dhaka,0,,0,1,COINUSWU12,BDDHS2022360010,2022,DHS,7637,,,,1
BGD,Dhaka,3124480,Women who used the internet in the past 12 months,27,1,BD,Bangladesh,2022,BD2022DHS,CO_INUS_W_U12,181273020,I,360010,1360052,Region,..Dhaka,0,,0,1,COINUSWU12,BDDHS2022360010,2022,DHS,7637,,,,1
BGD,Mymensingh,687662,Women who used the internet in the past 12 months,11.3,1,BD,Bangladesh,2022,BD2022DHS,CO_INUS_W_U12,181273020,I,360011,1360055,Region,..Mymensingh,0,,0,1,COINUSWU12,BDDHS2022360011,2022,DHS,2305,,,,1
BGD,Mymensingh,687663,Women who used the internet in the past 12 months,11.3,1,BD,Bangladesh,2022,BD2022DHS,CO_INUS_W_U12,181273020,I,360011,1360055,Region,..Mymensingh,0,,0,1,COINUSWU12,BDDHS2022360011,2022,DHS,2305,,,,1
BGD,Khulna,359203,Women who used the internet in the past 12 months,19.3,1,BD,Bangladesh,2022,BD2022DHS,CO_INUS_W_U12,181273020,I,360006,1360060,Region,Khulna,0,,0,1,COINUSWU12,BDDHS2022360006,2022,DHS,3602,,,,1
BGD,Khulna,359204,Women who used the internet in the past 12 months,19.3,1,BD,Bangladesh,2022,BD2022DHS,CO_INUS_W_U12,181273020,I,360006,1360060,Region,Khulna,0,,0,1,COINUSWU12,BDDHS2022360006,2022,DHS,3602,,,,1
BGD,Rajshahi/Rangpur,1959875,Women who used the internet in the past 12 months,12.4,1,BD,Bangladesh,2022,BD2022DHS,CO_INUS_W_U12,181273020,I,360007,1360070,Region,Rajshahi/Rangpur,0,,0,1,COINUSWU12,BDDHS2022360007,2022,DHS,7387,,,,
BGD,Rangpur,33833,Women who used the internet in the past 12 months,8.2,1,BD,Bangladesh,2022,BD2022DHS,CO_INUS_W_U12,181273020,I,360008,1360080,Region,..Rangpur,0,,0,1,COINUSWU12,BDDHS2022360008,2022,DHS,3452,,,,1
BGD,Rangpur,33834,Women who used the internet in the past 12 months,8.2,1,BD,Bangladesh,2022,BD2022DHS,CO_INUS_W_U12,181273020,I,360008,1360080,Region,..Rangpur,0,,0,1,COINUSWU12,BDDHS2022360008,2022,DHS,3452,,,,1
BGD,Rajshahi,2703655,Women who used the internet in the past 12 months,16,1,BD,Bangladesh,2022,BD2022DHS,CO_INUS_W_U12,181273020,I,360009,1360090,Region,..Rajshahi,0,,0,1,COINUSWU12,BDDHS2022360009,2022,DHS,3935,,,,1
BGD,Rajshahi,2703654,Women who used the internet in the past 12 months,16,1,BD,Bangladesh,2022,BD2022DHS,CO_INUS_W_U12,181273020,I,360009,1360090,Region,..Rajshahi,0,,0,1,COINUSWU12,BDDHS2022360009,2022,DHS,3935,,,,1
BGD,Barishal,6275189,Women who own a mobile phone,75.9,1,BD,Bangladesh,2022,BD2022DHS,CO_MOBB_W_MOB,181283020,I,360001,1360010,Region,Barishal,0,,0,1,COMOBBWMOB,BDDHS2022360001,2022,DHS,1199,2117,,,1
BGD,Barishal,6275190,Women who own a mobile phone,75.9,1,BD,Bangladesh,2022,BD2022DHS,CO_MOBB_W_MOB,181283020,I,360001,1360010,Region,Barishal,0,,0,1,COMOBBWMOB,BDDHS2022360001,2022,DHS,1199,2117,,,1
BGD,Chattogram/Sylhet,346280,Women who own a mobile phone,74.1,1,BD,Bangladesh,2022,BD2022DHS,CO_MOBB_W_MOB,181283020,I,360002,1360020,Region,Chattogram/Sylhet,0,,0,1,COMOBBWMOB,BDDHS2022360002,2022,DHS,4918,5139,,,
BGD,Chattogram,6216433,Women who own a mobile phone,77.2,1,BD,Bangladesh,2022,BD2022DHS,CO_MOBB_W_MOB,181283020,I,360003,1360030,Region,..Chattogram,0,,0,1,COMOBBWMOB,BDDHS2022360003,2022,DHS,3749,2983,,,1
BGD,Chattogram,6216432,Women who own a mobile phone,77.2,1,BD,Bangladesh,2022,BD2022DHS,CO_MOBB_W_MOB,181283020,I,360003,1360030,Region,..Chattogram,0,,0,1,COMOBBWMOB,BDDHS2022360003,2022,DHS,3749,2983,,,1
BGD,Sylhet,8764,Women who own a mobile phone,64.2,1,BD,Bangladesh,2022,BD2022DHS,CO_MOBB_W_MOB,181283020,I,360004,1360040,Region,..Sylhet,0,,0,1,COMOBBWMOB,BDDHS2022360004,2022,DHS,1169,2156,,,1
BGD,Sylhet,8765,Women who own a mobile phone,64.2,1,BD,Bangladesh,2022,BD2022DHS,CO_MOBB_W_MOB,181283020,I,360004,1360040,Region,..Sylhet,0,,0,1,COMOBBWMOB,BDDHS2022360004,2022,DHS,1169,2156,,,1
BGD,Dhaka before 2015,5664299,Women who own a mobile phone,73,1,BD,Bangladesh,2022,BD2022DHS,CO_MOBB_W_MOB,181283020,I,360005,1360050,Region,Dhaka before 2015,0,,0,1,COMOBBWMOB,BDDHS2022360005,2022,DHS,6607,5184,,,
BGD,Dhaka,7001557,Women who own a mobile phone,76,1,BD,Bangladesh,2022,BD2022DHS,CO_MOBB_W_MOB,181283020,I,360010,1360052,Region,..Dhaka,0,,0,1,COMOBBWMOB,BDDHS2022360010,2022,DHS,5080,3028,,,1
BGD,Dhaka,7001556,Women who own a mobile phone,76,1,BD,Bangladesh,2022,BD2022DHS,CO_MOBB_W_MOB,181283020,I,360010,1360052,Region,..Dhaka,0,,0,1,COMOBBWMOB,BDDHS2022360010,2022,DHS,5080,3028,,,1
BGD,Mymensingh,55253,Women who own a mobile phone,63.1,1,BD,Bangladesh,2022,BD2022DHS,CO_MOBB_W_MOB,181283020,I,360011,1360055,Region,..Mymensingh,0,,0,1,COMOBBWMOB,BDDHS2022360011,2022,DHS,1527,2156,,,1
BGD,Mymensingh,55254,Women who own a mobile phone,63.1,1,BD,Bangladesh,2022,BD2022DHS,CO_MOBB_W_MOB,181283020,I,360011,1360055,Region,..Mymensingh,0,,0,1,COMOBBWMOB,BDDHS2022360011,2022,DHS,1527,2156,,,1
BGD,Khulna,3615932,Women who own a mobile phone,65.8,1,BD,Bangladesh,2022,BD2022DHS,CO_MOBB_W_MOB,181283020,I,360006,1360060,Region,Khulna,0,,0,1,COMOBBWMOB,BDDHS2022360006,2022,DHS,2389,2602,,,1
BGD,Khulna,3615933,Women who own a mobile phone,65.8,1,BD,Bangladesh,2022,BD2022DHS,CO_MOBB_W_MOB,181283020,I,360006,1360060,Region,Khulna,0,,0,1,COMOBBWMOB,BDDHS2022360006,2022,DHS,2389,2602,,,1
BGD,Rajshahi/Rangpur,6309190,Women who own a mobile phone,60.9,1,BD,Bangladesh,2022,BD2022DHS,CO_MOBB_W_MOB,181283020,I,360007,1360070,Region,Rajshahi/Rangpur,0,,0,1,COMOBBWMOB,BDDHS2022360007,2022,DHS,4916,4945,,,
BGD,Rangpur,6603696,Women who own a mobile phone,58.5,1,BD,Bangladesh,2022,BD2022DHS,CO_MOBB_W_MOB,181283020,I,360008,1360080,Region,..Rangpur,0,,0,1,COMOBBWMOB,BDDHS2022360008,2022,DHS,2291,2399,,,1
BGD,Rangpur,6603697,Women who own a mobile phone,58.5,1,BD,Bangladesh,2022,BD2022DHS,CO_MOBB_W_MOB,181283020,I,360008,1360080,Region,..Rangpur,0,,0,1,COMOBBWMOB,BDDHS2022360008,2022,DHS,2291,2399,,,1
BGD,Rajshahi,496268,Women who own a mobile phone,63,1,BD,Bangladesh,2022,BD2022DHS,CO_MOBB_W_MOB,181283020,I,360009,1360090,Region,..Rajshahi,0,,0,1,COMOBBWMOB,BDDHS2022360009,2022,DHS,2625,2546,,,1
BGD,Rajshahi,496267,Women who own a mobile phone,63,1,BD,Bangladesh,2022,BD2022DHS,CO_MOBB_W_MOB,181283020,I,360009,1360090,Region,..Rajshahi,0,,0,1,COMOBBWMOB,BDDHS2022360009,2022,DHS,2625,2546,,,1
BGD,Barishal,2417716,Women who use a mobile phone for financial transactions,36.2,1,BD,Bangladesh,2022,BD2022DHS,CO_MOBB_W_MBF,181283050,I,360001,1360010,Region,Barishal,0,,0,1,COMOBBWMBF,BDDHS2022360001,2022,DHS,910,1637,,,1
BGD,Barishal,2417717,Women who use a mobile phone for financial transactions,36.2,1,BD,Bangladesh,2022,BD2022DHS,CO_MOBB_W_MBF,181283050,I,360001,1360010,Region,Barishal,0,,0,1,COMOBBWMBF,BDDHS2022360001,2022,DHS,910,1637,,,1
BGD,Chattogram/Sylhet,6850372,Women who use a mobile phone for financial transactions,34.2,1,BD,Bangladesh,2022,BD2022DHS,CO_MOBB_W_MBF,181283050,I,360002,1360020,Region,Chattogram/Sylhet,0,,0,1,COMOBBWMBF,BDDHS2022360002,2022,DHS,3643,3746,,,
BGD,Chattogram,803106,Women who use a mobile phone for financial transactions,34.3,1,BD,Bangladesh,2022,BD2022DHS,CO_MOBB_W_MBF,181283050,I,360003,1360030,Region,..Chattogram,0,,0,1,COMOBBWMBF,BDDHS2022360003,2022,DHS,2893,2317,,,1
BGD,Chattogram,803107,Women who use a mobile phone for financial transactions,34.3,1,BD,Bangladesh,2022,BD2022DHS,CO_MOBB_W_MBF,181283050,I,360003,1360030,Region,..Chattogram,0,,0,1,COMOBBWMBF,BDDHS2022360003,2022,DHS,2893,2317,,,1
BGD,Sylhet,2760831,Women who use a mobile phone for financial transactions,33.9,1,BD,Bangladesh,2022,BD2022DHS,CO_MOBB_W_MBF,181283050,I,360004,1360040,Region,..Sylhet,0,,0,1,COMOBBWMBF,BDDHS2022360004,2022,DHS,750,1429,,,1
BGD,Sylhet,2760830,Women who use a mobile phone for financial transactions,33.9,1,BD,Bangladesh,2022,BD2022DHS,CO_MOBB_W_MBF,181283050,I,360004,1360040,Region,..Sylhet,0,,0,1,COMOBBWMBF,BDDHS2022360004,2022,DHS,750,1429,,,1
BGD,Dhaka before 2015,7178207,Women who use a mobile phone for financial transactions,37.6,1,BD,Bangladesh,2022,BD2022DHS,CO_MOBB_W_MBF,181283050,I,360005,1360050,Region,Dhaka before 2015,0,,0,1,COMOBBWMBF,BDDHS2022360005,2022,DHS,4822,3664,,,
BGD,Dhaka,6540044,Women who use a mobile phone for financial transactions,39.5,1,BD,Bangladesh,2022,BD2022DHS,CO_MOBB_W_MBF,181283050,I,360010,1360052,Region,..Dhaka,0,,0,1,COMOBBWMBF,BDDHS2022360010,2022,DHS,3859,2281,,,1
BGD,Dhaka,6540045,Women who use a mobile phone for financial transactions,39.5,1,BD,Bangladesh,2022,BD2022DHS,CO_MOBB_W_MBF,181283050,I,360010,1360052,Region,..Dhaka,0,,0,1,COMOBBWMBF,BDDHS2022360010,2022,DHS,3859,2281,,,1
BGD,Mymensingh,2425591,Women who use a mobile phone for financial transactions,30.3,1,BD,Bangladesh,2022,BD2022DHS,CO_MOBB_W_MBF,181283050,I,360011,1360055,Region,..Mymensingh,0,,0,1,COMOBBWMBF,BDDHS2022360011,2022,DHS,963,1383,,,1
BGD,Mymensingh,2425592,Women who use a mobile phone for financial transactions,30.3,1,BD,Bangladesh,2022,BD2022DHS,CO_MOBB_W_MBF,181283050,I,360011,1360055,Region,..Mymensingh,0,,0,1,COMOBBWMBF,BDDHS2022360011,2022,DHS,963,1383,,,1
BGD,Khulna,2895206,Women who use a mobile phone for financial transactions,37.2,1,BD,Bangladesh,2022,BD2022DHS,CO_MOBB_W_MBF,181283050,I,360006,1360060,Region,Khulna,0,,0,1,COMOBBWMBF,BDDHS2022360006,2022,DHS,1572,1757,,,1
BGD,Khulna,2895207,Women who use a mobile phone for financial transactions,37.2,1,BD,Bangladesh,2022,BD2022DHS,CO_MOBB_W_MBF,181283050,I,360006,1360060,Region,Khulna,0,,0,1,COMOBBWMBF,BDDHS2022360006,2022,DHS,1572,1757,,,1
BGD,Rajshahi/Rangpur,4945119,Women who use a mobile phone for financial transactions,30.8,1,BD,Bangladesh,2022,BD2022DHS,CO_MOBB_W_MBF,181283050,I,360007,1360070,Region,Rajshahi/Rangpur,0,,0,1,COMOBBWMBF,BDDHS2022360007,2022,DHS,2993,3102,,,
BGD,Rangpur,2404113,Women who use a mobile phone for financial transactions,31.2,1,BD,Bangladesh,2022,BD2022DHS,CO_MOBB_W_MBF,181283050,I,360008,1360080,Region,..Rangpur,0,,0,1,COMOBBWMBF,BDDHS2022360008,2022,DHS,1340,1454,,,1
BGD,Rangpur,2404114,Women who use a mobile phone for financial transactions,31.2,1,BD,Bangladesh,2022,BD2022DHS,CO_MOBB_W_MBF,181283050,I,360008,1360080,Region,..Rangpur,0,,0,1,COMOBBWMBF,BDDHS2022360008,2022,DHS,1340,1454,,,1
BGD,Rajshahi,4979542,Women who use a mobile phone for financial transactions,30.6,1,BD,Bangladesh,2022,BD2022DHS,CO_MOBB_W_MBF,181283050,I,360009,1360090,Region,..Rajshahi,0,,0,1,COMOBBWMBF,BDDHS2022360009,2022,DHS,1653,1648,,,1
BGD,Rajshahi,4979543,Women who use a mobile phone for financial transactions,30.6,1,BD,Bangladesh,2022,BD2022DHS,CO_MOBB_W_MBF,181283050,I,360009,1360090,Region,..Rajshahi,0,,0,1,COMOBBWMBF,BDDHS2022360009,2022,DHS,1653,1648,,,1
BGD,Barishal,6991386,Children registered,43,1,BD,Bangladesh,2022,BD2022DHS,CP_BREG_C_REG,220906030,I,360001,1360010,Region,Barishal,0,,0,1,CPBREGCREG,BDDHS2022360001,2022,DHS,804,1374,,,1
BGD,Barishal,6991387,Children registered,43,1,BD,Bangladesh,2022,BD2022DHS,CP_BREG_C_REG,220906030,I,360001,1360010,Region,Barishal,0,,0,1,CPBREGCREG,BDDHS2022360001,2022,DHS,804,1374,,,1
BGD,Chattogram/Sylhet,1970136,Children registered,45.3,1,BD,Bangladesh,2022,BD2022DHS,CP_BREG_C_REG,220906030,I,360002,1360020,Region,Chattogram/Sylhet,0,,0,1,CPBREGCREG,BDDHS2022360002,2022,DHS,3503,3605,,,
BGD,Chattogram,4477750,Children registered,46.9,1,BD,Bangladesh,2022,BD2022DHS,CP_BREG_C_REG,220906030,I,360003,1360030,Region,..Chattogram,0,,0,1,CPBREGCREG,BDDHS2022360003,2022,DHS,2628,2061,,,1
BGD,Chattogram,4477751,Children registered,46.9,1,BD,Bangladesh,2022,BD2022DHS,CP_BREG_C_REG,220906030,I,360003,1360030,Region,..Chattogram,0,,0,1,CPBREGCREG,BDDHS2022360003,2022,DHS,2628,2061,,,1
BGD,Sylhet,6520347,Children registered,40.7,1,BD,Bangladesh,2022,BD2022DHS,CP_BREG_C_REG,220906030,I,360004,1360040,Region,..Sylhet,0,,0,1,CPBREGCREG,BDDHS2022360004,2022,DHS,875,1544,,,1
BGD,Sylhet,6520348,Children registered,40.7,1,BD,Bangladesh,2022,BD2022DHS,CP_BREG_C_REG,220906030,I,360004,1360040,Region,..Sylhet,0,,0,1,CPBREGCREG,BDDHS2022360004,2022,DHS,875,1544,,,1
BGD,Dhaka before 2015,6141536,Children registered,36.4,1,BD,Bangladesh,2022,BD2022DHS,CP_BREG_C_REG,220906030,I,360005,1360050,Region,Dhaka before 2015,0,,0,1,CPBREGCREG,BDDHS2022360005,2022,DHS,4257,3411,,,
BGD,Dhaka,7409210,Children registered,33.7,1,BD,Bangladesh,2022,BD2022DHS,CP_BREG_C_REG,220906030,I,360010,1360052,Region,..Dhaka,0,,0,1,CPBREGCREG,BDDHS2022360010,2022,DHS,3195,1927,,,1
BGD,Dhaka,7409211,Children registered,33.7,1,BD,Bangladesh,2022,BD2022DHS,CP_BREG_C_REG,220906030,I,360010,1360052,Region,..Dhaka,0,,0,1,CPBREGCREG,BDDHS2022360010,2022,DHS,3195,1927,,,1
BGD,Mymensingh,3071229,Children registered,44.4,1,BD,Bangladesh,2022,BD2022DHS,CP_BREG_C_REG,220906030,I,360011,1360055,Region,..Mymensingh,0,,0,1,CPBREGCREG,BDDHS2022360011,2022,DHS,1062,1484,,,1
BGD,Mymensingh,3071230,Children registered,44.4,1,BD,Bangladesh,2022,BD2022DHS,CP_BREG_C_REG,220906030,I,360011,1360055,Region,..Mymensingh,0,,0,1,CPBREGCREG,BDDHS2022360011,2022,DHS,1062,1484,,,1
BGD,Khulna,442461,Children registered,43.5,1,BD,Bangladesh,2022,BD2022DHS,CP_BREG_C_REG,220906030,I,360006,1360060,Region,Khulna,0,,0,1,CPBREGCREG,BDDHS2022360006,2022,DHS,1293,1404,,,1
BGD,Khulna,442462,Children registered,43.5,1,BD,Bangladesh,2022,BD2022DHS,CP_BREG_C_REG,220906030,I,360006,1360060,Region,Khulna,0,,0,1,CPBREGCREG,BDDHS2022360006,2022,DHS,1293,1404,,,1
BGD,Rajshahi/Rangpur,5144584,Children registered,44.3,1,BD,Bangladesh,2022,BD2022DHS,CP_BREG_C_REG,220906030,I,360007,1360070,Region,Rajshahi/Rangpur,0,,0,1,CPBREGCREG,BDDHS2022360007,2022,DHS,2798,2773,,,
BGD,Rangpur,4912140,Children registered,38.2,1,BD,Bangladesh,2022,BD2022DHS,CP_BREG_C_REG,220906030,I,360008,1360080,Region,..Rangpur,0,,0,1,CPBREGCREG,BDDHS2022360008,2022,DHS,1446,1487,,,1
BGD,Rangpur,4912141,Children registered,38.2,1,BD,Bangladesh,2022,BD2022DHS,CP_BREG_C_REG,220906030,I,360008,1360080,Region,..Rangpur,0,,0,1,CPBREGCREG,BDDHS2022360008,2022,DHS,1446,1487,,,1
BGD,Rajshahi,1976254,Children registered,50.8,1,BD,Bangladesh,2022,BD2022DHS,CP_BREG_C_REG,220906030,I,360009,1360090,Region,..Rajshahi,0,,0,1,CPBREGCREG,BDDHS2022360009,2022,DHS,1351,1286,,,1
BGD,Rajshahi,1976255,Children registered,50.8,1,BD,Bangladesh,2022,BD2022DHS,CP_BREG_C_REG,220906030,I,360009,1360090,Region,..Rajshahi,0,,0,1,CPBREGCREG,BDDHS2022360009,2022,DHS,1351,1286,,,1
BGD,Barishal,5217406,Population using open defecation,0.1,1,BD,Bangladesh,2022,BD2022DHS,WS_TLET_P_NFC,250262210,I,360001,1360010,Region,Barishal,0,,0,1,WSTLETPNFC,BDDHS2022360001,2022,DHS,7520,13192,,,1
BGD,Barishal,5217405,Population using open defecation,0.1,1,BD,Bangladesh,2022,BD2022DHS,WS_TLET_P_NFC,250262210,I,360001,1360010,Region,Barishal,0,,0,1,WSTLETPNFC,BDDHS2022360001,2022,DHS,7520,13192,,,1
BGD,Chattogram/Sylhet,3232280,Population using open defecation,0.1,1,BD,Bangladesh,2022,BD2022DHS,WS_TLET_P_NFC,250262210,I,360002,1360020,Region,Chattogram/Sylhet,0,,0,1,WSTLETPNFC,BDDHS2022360002,2022,DHS,31868,34186,,,
BGD,Chattogram,1969739,Population using open defecation,0.2,1,BD,Bangladesh,2022,BD2022DHS,WS_TLET_P_NFC,250262210,I,360003,1360030,Region,..Chattogram,0,,0,1,WSTLETPNFC,BDDHS2022360003,2022,DHS,23357,18649,,,1
BGD,Chattogram,1969740,Population using open defecation,0.2,1,BD,Bangladesh,2022,BD2022DHS,WS_TLET_P_NFC,250262210,I,360003,1360030,Region,..Chattogram,0,,0,1,WSTLETPNFC,BDDHS2022360003,2022,DHS,23357,18649,,,1
BGD,Sylhet,4350167,Population using open defecation,0.1,1,BD,Bangladesh,2022,BD2022DHS,WS_TLET_P_NFC,250262210,I,360004,1360040,Region,..Sylhet,0,,0,1,WSTLETPNFC,BDDHS2022360004,2022,DHS,8511,15537,,,1
BGD,Sylhet,4350168,Population using open defecation,0.1,1,BD,Bangladesh,2022,BD2022DHS,WS_TLET_P_NFC,250262210,I,360004,1360040,Region,..Sylhet,0,,0,1,WSTLETPNFC,BDDHS2022360004,2022,DHS,8511,15537,,,1
BGD,Dhaka before 2015,6423446,Population using open defecation,0.2,1,BD,Bangladesh,2022,BD2022DHS,WS_TLET_P_NFC,250262210,I,360005,1360050,Region,Dhaka before 2015,0,,0,1,WSTLETPNFC,BDDHS2022360005,2022,DHS,40740,32568,,,
BGD,Dhaka,3795522,Population using open defecation,0,1,BD,Bangladesh,2022,BD2022DHS,WS_TLET_P_NFC,250262210,I,360010,1360052,Region,..Dhaka,0,,0,1,WSTLETPNFC,BDDHS2022360010,2022,DHS,30762,18535,,,1
BGD,Dhaka,3795521,Population using open defecation,0,1,BD,Bangladesh,2022,BD2022DHS,WS_TLET_P_NFC,250262210,I,360010,1360052,Region,..Dhaka,0,,0,1,WSTLETPNFC,BDDHS2022360010,2022,DHS,30762,18535,,,1
BGD,Mymensingh,4440178,Population using open defecation,0.5,1,BD,Bangladesh,2022,BD2022DHS,WS_TLET_P_NFC,250262210,I,360011,1360055,Region,..Mymensingh,0,,0,1,WSTLETPNFC,BDDHS2022360011,2022,DHS,9978,14033,,,1
BGD,Mymensingh,4440179,Population using open defecation,0.5,1,BD,Bangladesh,2022,BD2022DHS,WS_TLET_P_NFC,250262210,I,360011,1360055,Region,..Mymensingh,0,,0,1,WSTLETPNFC,BDDHS2022360011,2022,DHS,9978,14033,,,1
BGD,Khulna,4164136,Population using open defecation,0.1,1,BD,Bangladesh,2022,BD2022DHS,WS_TLET_P_NFC,250262210,I,360006,1360060,Region,Khulna,0,,0,1,WSTLETPNFC,BDDHS2022360006,2022,DHS,14028,15340,,,1
BGD,Khulna,4164137,Population using open defecation,0.1,1,BD,Bangladesh,2022,BD2022DHS,WS_TLET_P_NFC,250262210,I,360006,1360060,Region,Khulna,0,,0,1,WSTLETPNFC,BDDHS2022360006,2022,DHS,14028,15340,,,1
BGD,Rajshahi/Rangpur,3763251,Population using open defecation,1.5,1,BD,Bangladesh,2022,BD2022DHS,WS_TLET_P_NFC,250262210,I,360007,1360070,Region,Rajshahi/Rangpur,0,,0,1,WSTLETPNFC,BDDHS2022360007,2022,DHS,30110,30276,,,
BGD,Rangpur,986711,Population using open defecation,2.8,1,BD,Bangladesh,2022,BD2022DHS,WS_TLET_P_NFC,250262210,I,360008,1360080,Region,..Rangpur,0,,0,1,WSTLETPNFC,BDDHS2022360008,2022,DHS,14436,15118,,,1
BGD,Rangpur,986712,Population using open defecation,2.8,1,BD,Bangladesh,2022,BD2022DHS,WS_TLET_P_NFC,250262210,I,360008,1360080,Region,..Rangpur,0,,0,1,WSTLETPNFC,BDDHS2022360008,2022,DHS,14436,15118,,,1
BGD,Rajshahi,3402595,Population using open defecation,0.2,1,BD,Bangladesh,2022,BD2022DHS,WS_TLET_P_NFC,250262210,I,360009,1360090,Region,..Rajshahi,0,,0,1,WSTLETPNFC,BDDHS2022360009,2022,DHS,15674,15158,,,1
BGD,Rajshahi,3402594,Population using open defecation,0.2,1,BD,Bangladesh,2022,BD2022DHS,WS_TLET_P_NFC,250262210,I,360009,1360090,Region,..Rajshahi,0,,0,1,WSTLETPNFC,BDDHS2022360009,2022,DHS,15674,15158,,,1
BGD,Barishal,5217407,Population with basic sanitation service,68.9,1,BD,Bangladesh,2022,BD2022DHS,WS_TLET_P_BAS,250262300,I,360001,1360010,Region,Barishal,0,,0,1,WSTLETPBAS,BDDHS2022360001,2022,DHS,7520,13192,,,1
BGD,Barishal,5217408,Population with basic sanitation service,68.9,1,BD,Bangladesh,2022,BD2022DHS,WS_TLET_P_BAS,250262300,I,360001,1360010,Region,Barishal,0,,0,1,WSTLETPBAS,BDDHS2022360001,2022,DHS,7520,13192,,,1
BGD,Chattogram/Sylhet,3232281,Population with basic sanitation service,64.9,1,BD,Bangladesh,2022,BD2022DHS,WS_TLET_P_BAS,250262300,I,360002,1360020,Region,Chattogram/Sylhet,0,,0,1,WSTLETPBAS,BDDHS2022360002,2022,DHS,31868,34186,,,
BGD,Chattogram,1969805,Population with basic sanitation service,66.5,1,BD,Bangladesh,2022,BD2022DHS,WS_TLET_P_BAS,250262300,I,360003,1360030,Region,..Chattogram,0,,0,1,WSTLETPBAS,BDDHS2022360003,2022,DHS,23357,18649,,,1
BGD,Chattogram,1969806,Population with basic sanitation service,66.5,1,BD,Bangladesh,2022,BD2022DHS,WS_TLET_P_BAS,250262300,I,360003,1360030,Region,..Chattogram,0,,0,1,WSTLETPBAS,BDDHS2022360003,2022,DHS,23357,18649,,,1
BGD,Sylhet,4350169,Population with basic sanitation service,60.4,1,BD,Bangladesh,2022,BD2022DHS,WS_TLET_P_BAS,250262300,I,360004,1360040,Region,..Sylhet,0,,0,1,WSTLETPBAS,BDDHS2022360004,2022,DHS,8511,15537,,,1
BGD,Sylhet,4350170,Population with basic sanitation service,60.4,1,BD,Bangladesh,2022,BD2022DHS,WS_TLET_P_BAS,250262300,I,360004,1360040,Region,..Sylhet,0,,0,1,WSTLETPBAS,BDDHS2022360004,2022,DHS,8511,15537,,,1
BGD,Dhaka before 2015,6423453,Population with basic sanitation service,57.9,1,BD,Bangladesh,2022,BD2022DHS,WS_TLET_P_BAS,250262300,I,360005,1360050,Region,Dhaka before 2015,0,,0,1,WSTLETPBAS,BDDHS2022360005,2022,DHS,40740,32568,,,
BGD,Dhaka,3795523,Population with basic sanitation service,59.4,1,BD,Bangladesh,2022,BD2022DHS,WS_TLET_P_BAS,250262300,I,360010,1360052,Region,..Dhaka,0,,0,1,WSTLETPBAS,BDDHS2022360010,2022,DHS,30762,18535,,,1
BGD,Dhaka,3795524,Population with basic sanitation service,59.4,1,BD,Bangladesh,2022,BD2022DHS,WS_TLET_P_BAS,250262300,I,360010,1360052,Region,..Dhaka,0,,0,1,WSTLETPBAS,BDDHS2022360010,2022,DHS,30762,18535,,,1
BGD,Mymensingh,4440180,Population with basic sanitation service,53.1,1,BD,Bangladesh,2022,BD2022DHS,WS_TLET_P_BAS,250262300,I,360011,1360055,Region,..Mymensingh,0,,0,1,WSTLETPBAS,BDDHS2022360011,2022,DHS,9978,14033,,,1
BGD,Mymensingh,4440181,Population with basic sanitation service,53.1,1,BD,Bangladesh,2022,BD2022DHS,WS_TLET_P_BAS,250262300,I,360011,1360055,Region,..Mymensingh,0,,0,1,WSTLETPBAS,BDDHS2022360011,2022,DHS,9978,14033,,,1
BGD,Khulna,4164138,Population with basic sanitation service,65.2,1,BD,Bangladesh,2022,BD2022DHS,WS_TLET_P_BAS,250262300,I,360006,1360060,Region,Khulna,0,,0,1,WSTLETPBAS,BDDHS2022360006,2022,DHS,14028,15340,,,1
BGD,Khulna,4164139,Population with basic sanitation service,65.2,1,BD,Bangladesh,2022,BD2022DHS,WS_TLET_P_BAS,250262300,I,360006,1360060,Region,Khulna,0,,0,1,WSTLETPBAS,BDDHS2022360006,2022,DHS,14028,15340,,,1
BGD,Rajshahi/Rangpur,3763252,Population with basic sanitation service,59.9,1,BD,Bangladesh,2022,BD2022DHS,WS_TLET_P_BAS,250262300,I,360007,1360070,Region,Rajshahi/Rangpur,0,,0,1,WSTLETPBAS,BDDHS2022360007,2022,DHS,30110,30276,,,
BGD,Rangpur,986713,Population with basic sanitation service,55.7,1,BD,Bangladesh,2022,BD2022DHS,WS_TLET_P_BAS,250262300,I,360008,1360080,Region,..Rangpur,0,,0,1,WSTLETPBAS,BDDHS2022360008,2022,DHS,14436,15118,,,1
BGD,Rangpur,986714,Population with basic sanitation service,55.7,1,BD,Bangladesh,2022,BD2022DHS,WS_TLET_P_BAS,250262300,I,360008,1360080,Region,..Rangpur,0,,0,1,WSTLETPBAS,BDDHS2022360008,2022,DHS,14436,15118,,,1
BGD,Rajshahi,3402597,Population with basic sanitation service,63.6,1,BD,Bangladesh,2022,BD2022DHS,WS_TLET_P_BAS,250262300,I,360009,1360090,Region,..Rajshahi,0,,0,1,WSTLETPBAS,BDDHS2022360009,2022,DHS,15674,15158,,,1
BGD,Rajshahi,3402596,Population with basic sanitation service,63.6,1,BD,Bangladesh,2022,BD2022DHS,WS_TLET_P_BAS,250262300,I,360009,1360090,Region,..Rajshahi,0,,0,1,WSTLETPBAS,BDDHS2022360009,2022,DHS,15674,15158,,,1
BGD,Barishal,1969823,"Population with a basic handwashing facility, with soap and water available",37.3,1,BD,Bangladesh,2022,BD2022DHS,WS_HNDW_P_BAS,250302150,I,360001,1360010,Region,Barishal,0,,0,1,WSHNDWPBAS,BDDHS2022360001,2022,DHS,7516,13184,,,1
BGD,Barishal,1969824,"Population with a basic handwashing facility, with soap and water available",37.3,1,BD,Bangladesh,2022,BD2022DHS,WS_HNDW_P_BAS,250302150,I,360001,1360010,Region,Barishal,0,,0,1,WSHNDWPBAS,BDDHS2022360001,2022,DHS,7516,13184,,,1
BGD,Chattogram/Sylhet,6271211,"Population with a basic handwashing facility, with soap and water available",54.1,1,BD,Bangladesh,2022,BD2022DHS,WS_HNDW_P_BAS,250302150,I,360002,1360020,Region,Chattogram/Sylhet,0,,0,1,WSHNDWPBAS,BDDHS2022360002,2022,DHS,31829,34125,,,
BGD,Chattogram,1969858,"Population with a basic handwashing facility, with soap and water available",56.7,1,BD,Bangladesh,2022,BD2022DHS,WS_HNDW_P_BAS,250302150,I,360003,1360030,Region,..Chattogram,0,,0,1,WSHNDWPBAS,BDDHS2022360003,2022,DHS,23332,18615,,,1
BGD,Chattogram,1969859,"Population with a basic handwashing facility, with soap and water available",56.7,1,BD,Bangladesh,2022,BD2022DHS,WS_HNDW_P_BAS,250302150,I,360003,1360030,Region,..Chattogram,0,,0,1,WSHNDWPBAS,BDDHS2022360003,2022,DHS,23332,18615,,,1
BGD,Sylhet,142990,"Population with a basic handwashing facility, with soap and water available",47.2,1,BD,Bangladesh,2022,BD2022DHS,WS_HNDW_P_BAS,250302150,I,360004,1360040,Region,..Sylhet,0,,0,1,WSHNDWPBAS,BDDHS2022360004,2022,DHS,8498,15510,,,1
BGD,Sylhet,142991,"Population with a basic handwashing facility, with soap and water available",47.2,1,BD,Bangladesh,2022,BD2022DHS,WS_HNDW_P_BAS,250302150,I,360004,1360040,Region,..Sylhet,0,,0,1,WSHNDWPBAS,BDDHS2022360004,2022,DHS,8498,15510,,,1
BGD,Dhaka before 2015,800580,"Population with a basic handwashing facility, with soap and water available",57.8,1,BD,Bangladesh,2022,BD2022DHS,WS_HNDW_P_BAS,250302150,I,360005,1360050,Region,Dhaka before 2015,0,,0,1,WSHNDWPBAS,BDDHS2022360005,2022,DHS,40664,32506,,,
BGD,Dhaka,5144471,"Population with a basic handwashing facility, with soap and water available",61.5,1,BD,Bangladesh,2022,BD2022DHS,WS_HNDW_P_BAS,250302150,I,360010,1360052,Region,..Dhaka,0,,0,1,WSHNDWPBAS,BDDHS2022360010,2022,DHS,30707,18498,,,1
BGD,Dhaka,5144472,"Population with a basic handwashing facility, with soap and water available",61.5,1,BD,Bangladesh,2022,BD2022DHS,WS_HNDW_P_BAS,250302150,I,360010,1360052,Region,..Dhaka,0,,0,1,WSHNDWPBAS,BDDHS2022360010,2022,DHS,30707,18498,,,1
BGD,Mymensingh,3000119,"Population with a basic handwashing facility, with soap and water available",46.2,1,BD,Bangladesh,2022,BD2022DHS,WS_HNDW_P_BAS,250302150,I,360011,1360055,Region,..Mymensingh,0,,0,1,WSHNDWPBAS,BDDHS2022360011,2022,DHS,9957,14008,,,1
BGD,Mymensingh,3000120,"Population with a basic handwashing facility, with soap and water available",46.2,1,BD,Bangladesh,2022,BD2022DHS,WS_HNDW_P_BAS,250302150,I,360011,1360055,Region,..Mymensingh,0,,0,1,WSHNDWPBAS,BDDHS2022360011,2022,DHS,9957,14008,,,1
BGD,Khulna,112031,"Population with a basic handwashing facility, with soap and water available",57.5,1,BD,Bangladesh,2022,BD2022DHS,WS_HNDW_P_BAS,250302150,I,360006,1360060,Region,Khulna,0,,0,1,WSHNDWPBAS,BDDHS2022360006,2022,DHS,14017,15320,,,1
BGD,Khulna,112032,"Population with a basic handwashing facility, with soap and water available",57.5,1,BD,Bangladesh,2022,BD2022DHS,WS_HNDW_P_BAS,250302150,I,360006,1360060,Region,Khulna,0,,0,1,WSHNDWPBAS,BDDHS2022360006,2022,DHS,14017,15320,,,1
BGD,Rajshahi/Rangpur,5859734,"Population with a basic handwashing facility, with soap and water available",61.9,1,BD,Bangladesh,2022,BD2022DHS,WS_HNDW_P_BAS,250302150,I,360007,1360070,Region,Rajshahi/Rangpur,0,,0,1,WSHNDWPBAS,BDDHS2022360007,2022,DHS,30084,30251,,,
BGD,Rangpur,4245054,"Population with a basic handwashing facility, with soap and water available",61.4,1,BD,Bangladesh,2022,BD2022DHS,WS_HNDW_P_BAS,250302150,I,360008,1360080,Region,..Rangpur,0,,0,1,WSHNDWPBAS,BDDHS2022360008,2022,DHS,14417,15098,,,1
BGD,Rangpur,4245055,"Population with a basic handwashing facility, with soap and water available",61.4,1,BD,Bangladesh,2022,BD2022DHS,WS_HNDW_P_BAS,250302150,I,360008,1360080,Region,..Rangpur,0,,0,1,WSHNDWPBAS,BDDHS2022360008,2022,DHS,14417,15098,,,1
BGD,Rajshahi,5055237,"Population with a basic handwashing facility, with soap and water available",62.4,1,BD,Bangladesh,2022,BD2022DHS,WS_HNDW_P_BAS,250302150,I,360009,1360090,Region,..Rajshahi,0,,0,1,WSHNDWPBAS,BDDHS2022360009,2022,DHS,15667,15153,,,1
BGD,Rajshahi,5055238,"Population with a basic handwashing facility, with soap and water available",62.4,1,BD,Bangladesh,2022,BD2022DHS,WS_HNDW_P_BAS,250302150,I,360009,1360090,Region,..Rajshahi,0,,0,1,WSHNDWPBAS,BDDHS2022360009,2022,DHS,15667,15153,,,1
BGD,Barishal,692437,Population with electricity,99.6,1,BD,Bangladesh,2022,BD2022DHS,HC_ELEC_P_ELC,260322010,I,360001,1360010,Region,Barishal,0,,0,1,HCELECPELC,BDDHS2022360001,2022,DHS,7520,13192,,,1
BGD,Barishal,692436,Population with electricity,99.6,1,BD,Bangladesh,2022,BD2022DHS,HC_ELEC_P_ELC,260322010,I,360001,1360010,Region,Barishal,0,,0,1,HCELECPELC,BDDHS2022360001,2022,DHS,7520,13192,,,1
BGD,Chattogram/Sylhet,2800519,Population with electricity,98.9,1,BD,Bangladesh,2022,BD2022DHS,HC_ELEC_P_ELC,260322010,I,360002,1360020,Region,Chattogram/Sylhet,0,,0,1,HCELECPELC,BDDHS2022360002,2022,DHS,31868,34186,,,
BGD,Chattogram,6046821,Population with electricity,98.8,1,BD,Bangladesh,2022,BD2022DHS,HC_ELEC_P_ELC,260322010,I,360003,1360030,Region,..Chattogram,0,,0,1,HCELECPELC,BDDHS2022360003,2022,DHS,23357,18649,,,1
BGD,Chattogram,6046822,Population with electricity,98.8,1,BD,Bangladesh,2022,BD2022DHS,HC_ELEC_P_ELC,260322010,I,360003,1360030,Region,..Chattogram,0,,0,1,HCELECPELC,BDDHS2022360003,2022,DHS,23357,18649,,,1
BGD,Sylhet,2708009,Population with electricity,99,1,BD,Bangladesh,2022,BD2022DHS,HC_ELEC_P_ELC,260322010,I,360004,1360040,Region,..Sylhet,0,,0,1,HCELECPELC,BDDHS2022360004,2022,DHS,8511,15537,,,1
BGD,Sylhet,2708008,Population with electricity,99,1,BD,Bangladesh,2022,BD2022DHS,HC_ELEC_P_ELC,260322010,I,360004,1360040,Region,..Sylhet,0,,0,1,HCELECPELC,BDDHS2022360004,2022,DHS,8511,15537,,,1
BGD,Dhaka before 2015,6920754,Population with electricity,99.7,1,BD,Bangladesh,2022,BD2022DHS,HC_ELEC_P_ELC,260322010,I,360005,1360050,Region,Dhaka before 2015,0,,0,1,HCELECPELC,BDDHS2022360005,2022,DHS,40740,32568,,,
BGD,Dhaka,5599837,Population with electricity,99.8,1,BD,Bangladesh,2022,BD2022DHS,HC_ELEC_P_ELC,260322010,I,360010,1360052,Region,..Dhaka,0,,0,1,HCELECPELC,BDDHS2022360010,2022,DHS,30762,18535,,,1
BGD,Dhaka,5599838,Population with electricity,99.8,1,BD,Bangladesh,2022,BD2022DHS,HC_ELEC_P_ELC,260322010,I,360010,1360052,Region,..Dhaka,0,,0,1,HCELECPELC,BDDHS2022360010,2022,DHS,30762,18535,,,1
BGD,Mymensingh,1976070,Population with electricity,99.4,1,BD,Bangladesh,2022,BD2022DHS,HC_ELEC_P_ELC,260322010,I,360011,1360055,Region,..Mymensingh,0,,0,1,HCELECPELC,BDDHS2022360011,2022,DHS,9978,14033,,,1
BGD,Mymensingh,1976071,Population with electricity,99.4,1,BD,Bangladesh,2022,BD2022DHS,HC_ELEC_P_ELC,260322010,I,360011,1360055,Region,..Mymensingh,0,,0,1,HCELECPELC,BDDHS2022360011,2022,DHS,9978,14033,,,1
BGD,Khulna,3859175,Population with electricity,99.6,1,BD,Bangladesh,2022,BD2022DHS,HC_ELEC_P_ELC,260322010,I,360006,1360060,Region,Khulna,0,,0,1,HCELECPELC,BDDHS2022360006,2022,DHS,14028,15340,,,1
BGD,Khulna,3859176,Population with electricity,99.6,1,BD,Bangladesh,2022,BD2022DHS,HC_ELEC_P_ELC,260322010,I,360006,1360060,Region,Khulna,0,,0,1,HCELECPELC,BDDHS2022360006,2022,DHS,14028,15340,,,1
BGD,Rajshahi/Rangpur,4855331,Population with electricity,99.4,1,BD,Bangladesh,2022,BD2022DHS,HC_ELEC_P_ELC,260322010,I,360007,1360070,Region,Rajshahi/Rangpur,0,,0,1,HCELECPELC,BDDHS2022360007,2022,DHS,30110,30276,,,
BGD,Rangpur,7336980,Population with electricity,99.1,1,BD,Bangladesh,2022,BD2022DHS,HC_ELEC_P_ELC,260322010,I,360008,1360080,Region,..Rangpur,0,,0,1,HCELECPELC,BDDHS2022360008,2022,DHS,14436,15118,,,1
BGD,Rangpur,7336979,Population with electricity,99.1,1,BD,Bangladesh,2022,BD2022DHS,HC_ELEC_P_ELC,260322010,I,360008,1360080,Region,..Rangpur,0,,0,1,HCELECPELC,BDDHS2022360008,2022,DHS,14436,15118,,,1
BGD,Rajshahi,1976052,Population with electricity,99.7,1,BD,Bangladesh,2022,BD2022DHS,HC_ELEC_P_ELC,260322010,I,360009,1360090,Region,..Rajshahi,0,,0,1,HCELECPELC,BDDHS2022360009,2022,DHS,15674,15158,,,1
BGD,Rajshahi,1976053,Population with electricity,99.7,1,BD,Bangladesh,2022,BD2022DHS,HC_ELEC_P_ELC,260322010,I,360009,1360090,Region,..Rajshahi,0,,0,1,HCELECPELC,BDDHS2022360009,2022,DHS,15674,15158,,,1
