ISO3,Location,DataId,Indicator,Value,Precision,DHS_CountryCode,CountryName,SurveyYear,SurveyId,IndicatorId,IndicatorOrder,IndicatorType,CharacteristicId,CharacteristicOrder,CharacteristicCategory,CharacteristicLabel,ByVariableId,ByVariableLabel,IsTotal,IsPreferred,SDRID,RegionId,SurveyYearLabel,SurveyType,DenominatorWeighted,DenominatorUnweighted,CILow,CIHigh,LevelRank
BGD,Barishal,4952730,Children who started breastfeeding within 1 hour of birth,8.7,1,BD,Bangladesh,1994,BD1994DHS,CN_BRFI_C_1HR,104266020,I,360001,1360010,Region,Barishal,0,,0,1,CNBRFIC1HR,BDDHS1994360001,1993-94,DHS,166,270,,,1
BGD,Chattogram/Sylhet,6739480,Children who started breastfeeding within 1 hour of birth,8.4,1,BD,Bangladesh,1994,BD1994DHS,CN_BRFI_C_1HR,104266020,I,360002,1360020,Region,Chattogram/Sylhet,0,,0,1,CNBRFIC1HR,BDDHS1994360002,1993-94,DHS,784,621,,,1
BGD,Chattogram,6433403,Children who started breastfeeding within 1 hour of birth,8.4,1,BD,Bangladesh,1994,BD1994DHS,CN_BRFI_C_1HR,104266020,I,360003,1360030,Region,..Chattogram,0,,0,1,CNBRFIC1HR,BDDHS1994360003,1993-94,DHS,784,621,,,
BGD,Dhaka before 2015,3858398,Children who started breastfeeding within 1 hour of birth,9,1,BD,Bangladesh,1994,BD1994DHS,CN_BRFI_C_1HR,104266020,I,360005,1360050,Region,Dhaka before 2015,0,,0,1,CNBRFIC1HR,BDDHS1994360005,1993-94,DHS,774,724,,,1
BGD,Khulna,5265310,Children who started breastfeeding within 1 hour of birth,9.3,1,BD,Bangladesh,1994,BD1994DHS,CN_BRFI_C_1HR,104266020,I,360006,1360060,Region,Khulna,0,,0,1,CNBRFIC1HR,BDDHS1994360006,1993-94,DHS,260,265,,,1
BGD,Rajshahi/Rangpur,1389545,Children who started breastfeeding within 1 hour of birth,7.3,1,BD,Bangladesh,1994,BD1994DHS,CN_BRFI_C_1HR,104266020,I,360007,1360070,Region,Rajshahi/Rangpur,0,,0,1,CNBRFIC1HR,BDDHS1994360007,1993-94,DHS,514,577,,,1
BGD,Barishal,5998970,Children stunted,67,1,BD,Bangladesh,1997,BD1997DHS,CN_NUTS_C_HA2,104236020,I,360001,1360010,Region,Barishal,0,,0,1,CNNUTSCHA2,BDDHS1997360001,1996-97,DHS,311,487,,,1
BGD,Chattogram/Sylhet,7114750,Children stunted,61,1,BD,Bangladesh,1997,BD1997DHS,CN_NUTS_C_HA2,104236020,I,360002,1360020,Region,Chattogram/Sylhet,0,,0,1,CNNUTSCHA2,BDDHS1997360002,1996-97,DHS,1470,1385,,,
BGD,Chattogram,1404956,Children stunted,59.9,1,BD,Bangladesh,1997,BD1997DHS,CN_NUTS_C_HA2,104236020,I,360003,1360030,Region,..Chattogram,0,,0,1,CNNUTSCHA2,BDDHS1997360003,1996-97,DHS,1170,852,,,1
BGD,Sylhet,5007404,Children stunted,65.3,1,BD,Bangladesh,1997,BD1997DHS,CN_NUTS_C_HA2,104236020,I,360004,1360040,Region,..Sylhet,0,,0,1,CNNUTSCHA2,BDDHS1997360004,1996-97,DHS,300,533,,,1
BGD,Dhaka before 2015,44994,Children stunted,60.8,1,BD,Bangladesh,1997,BD1997DHS,CN_NUTS_C_HA2,104236020,I,360005,1360050,Region,Dhaka before 2015,0,,0,1,CNNUTSCHA2,BDDHS1997360005,1996-97,DHS,1482,1297,,,1
BGD,Khulna,7351880,Children stunted,53.7,1,BD,Bangladesh,1997,BD1997DHS,CN_NUTS_C_HA2,104236020,I,360006,1360060,Region,Khulna,0,,0,1,CNNUTSCHA2,BDDHS1997360006,1996-97,DHS,477,464,,,1
BGD,Rajshahi/Rangpur,4159602,Children stunted,58.5,1,BD,Bangladesh,1997,BD1997DHS,CN_NUTS_C_HA2,104236020,I,360007,1360070,Region,Rajshahi/Rangpur,0,,0,1,CNNUTSCHA2,BDDHS1997360007,1996-97,DHS,1008,1059,,,1
BGD,Barishal,3093513,Children wasted,16.8,1,BD,Bangladesh,1997,BD1997DHS,CN_NUTS_C_WH2,104236050,I,360001,1360010,Region,Barishal,0,,0,1,CNNUTSCWH2,BDDHS1997360001,1996-97,DHS,311,487,,,1
BGD,Chattogram/Sylhet,7214452,Children wasted,24.2,1,BD,Bangladesh,1997,BD1997DHS,CN_NUTS_C_WH2,104236050,I,360002,1360020,Region,Chattogram/Sylhet,0,,0,1,CNNUTSCWH2,BDDHS1997360002,1996-97,DHS,1470,1385,,,
BGD,Chattogram,5460623,Children wasted,24.7,1,BD,Bangladesh,1997,BD1997DHS,CN_NUTS_C_WH2,104236050,I,360003,1360030,Region,..Chattogram,0,,0,1,CNNUTSCWH2,BDDHS1997360003,1996-97,DHS,1170,852,,,1
BGD,Sylhet,2694253,Children wasted,22.4,1,BD,Bangladesh,1997,BD1997DHS,CN_NUTS_C_WH2,104236050,I,360004,1360040,Region,..Sylhet,0,,0,1,CNNUTSCWH2,BDDHS1997360004,1996-97,DHS,300,533,,,1
BGD,Dhaka before 2015,2612874,Children wasted,18.3,1,BD,Bangladesh,1997,BD1997DHS,CN_NUTS_C_WH2,104236050,I,360005,1360050,Region,Dhaka before 2015,0,,0,1,CNNUTSCWH2,BDDHS1997360005,1996-97,DHS,1482,1297,,,1
BGD,Khulna,3015281,Children wasted,20.9,1,BD,Bangladesh,1997,BD1997DHS,CN_NUTS_C_WH2,104236050,I,360006,1360060,Region,Khulna,0,,0,1,CNNUTSCWH2,BDDHS1997360006,1996-97,DHS,477,464,,,1
BGD,Rajshahi/Rangpur,6682899,Children wasted,19.8,1,BD,Bangladesh,1997,BD1997DHS,CN_NUTS_C_WH2,104236050,I,360007,1360070,Region,Rajshahi/Rangpur,0,,0,1,CNNUTSCWH2,BDDHS1997360007,1996-97,DHS,1008,1059,,,1
BGD,Barishal,3093514,Children overweight,2.7,1,BD,Bangladesh,1997,BD1997DHS,CN_NUTS_C_WHP,104236060,I,360001,1360010,Region,Barishal,0,,0,1,CNNUTSCWHP,BDDHS1997360001,1996-97,DHS,311,487,,,1
BGD,Chattogram/Sylhet,7214453,Children overweight,1.8,1,BD,Bangladesh,1997,BD1997DHS,CN_NUTS_C_WHP,104236060,I,360002,1360020,Region,Chattogram/Sylhet,0,,0,1,CNNUTSCWHP,BDDHS1997360002,1996-97,DHS,1470,1385,,,
BGD,Chattogram,5460624,Children overweight,1.6,1,BD,Bangladesh,1997,BD1997DHS,CN_NUTS_C_WHP,104236060,I,360003,1360030,Region,..Chattogram,0,,0,1,CNNUTSCWHP,BDDHS1997360003,1996-97,DHS,1170,852,,,1
BGD,Sylhet,2694254,Children overweight,2.4,1,BD,Bangladesh,1997,BD1997DHS,CN_NUTS_C_WHP,104236060,I,360004,1360040,Region,..Sylhet,0,,0,1,CNNUTSCWHP,BDDHS1997360004,1996-97,DHS,300,533,,,1
BGD,Dhaka before 2015,2612875,Children overweight,1.5,1,BD,Bangladesh,1997,BD1997DHS,CN_NUTS_C_WHP,104236060,I,360005,1360050,Region,Dhaka before 2015,0,,0,1,CNNUTSCWHP,BDDHS1997360005,1996-97,DHS,1482,1297,,,1
BGD,Khulna,3015282,Children overweight,2.6,1,BD,Bangladesh,1997,BD1997DHS,CN_NUTS_C_WHP,104236060,I,360006,1360060,Region,Khulna,0,,0,1,CNNUTSCWHP,BDDHS1997360006,1996-97,DHS,477,464,,,1
BGD,Rajshahi/Rangpur,6682900,Children overweight,1.5,1,BD,Bangladesh,1997,BD1997DHS,CN_NUTS_C_WHP,104236060,I,360007,1360070,Region,Rajshahi/Rangpur,0,,0,1,CNNUTSCWHP,BDDHS1997360007,1996-97,DHS,1008,1059,,,1
BGD,Barishal,1389601,Children who started breastfeeding within 1 hour of birth,13.6,1,BD,Bangladesh,1997,BD1997DHS,CN_BRFI_C_1HR,104266020,I,360001,1360010,Region,Barishal,0,,0,1,CNBRFIC1HR,BDDHS1997360001,1996-97,DHS,156,243,,,1
BGD,Chattogram/Sylhet,5205525,Children who started breastfeeding within 1 hour of birth,18.8,1,BD,Bangladesh,1997,BD1997DHS,CN_BRFI_C_1HR,104266020,I,360002,1360020,Region,Chattogram/Sylhet,0,,0,1,CNBRFIC1HR,BDDHS1997360002,1996-97,DHS,770,732,,,
BGD,Chattogram,3797998,Children who started breastfeeding within 1 hour of birth,15.7,1,BD,Bangladesh,1997,BD1997DHS,CN_BRFI_C_1HR,104266020,I,360003,1360030,Region,..Chattogram,0,,0,1,CNBRFIC1HR,BDDHS1997360003,1996-97,DHS,605,440,,,1
BGD,Sylhet,1404962,Children who started breastfeeding within 1 hour of birth,30.3,1,BD,Bangladesh,1997,BD1997DHS,CN_BRFI_C_1HR,104266020,I,360004,1360040,Region,..Sylhet,0,,0,1,CNBRFIC1HR,BDDHS1997360004,1996-97,DHS,165,292,,,1
BGD,Dhaka before 2015,6507496,Children who started breastfeeding within 1 hour of birth,21.7,1,BD,Bangladesh,1997,BD1997DHS,CN_BRFI_C_1HR,104266020,I,360005,1360050,Region,Dhaka before 2015,0,,0,1,CNBRFIC1HR,BDDHS1997360005,1996-97,DHS,685,599,,,1
BGD,Khulna,4803828,Children who started breastfeeding within 1 hour of birth,15.2,1,BD,Bangladesh,1997,BD1997DHS,CN_BRFI_C_1HR,104266020,I,360006,1360060,Region,Khulna,0,,0,1,CNBRFIC1HR,BDDHS1997360006,1996-97,DHS,227,218,,,1
BGD,Rajshahi/Rangpur,4523863,Children who started breastfeeding within 1 hour of birth,19.4,1,BD,Bangladesh,1997,BD1997DHS,CN_BRFI_C_1HR,104266020,I,360007,1360070,Region,Rajshahi/Rangpur,0,,0,1,CNBRFIC1HR,BDDHS1997360007,1996-97,DHS,501,528,,,1
BGD,Barishal,1389628,Women who are thin according to BMI (<18.5),52.6,1,BD,Bangladesh,1997,BD1997DHS,AN_NUTS_W_THN,114563060,I,360001,1360010,Region,Barishal,0,,0,1,ANNUTSWTHN,BDDHS1997360001,1996-97,DHS,263,415,,,1
BGD,Chattogram/Sylhet,5395993,Women who are thin according to BMI (<18.5),53.6,1,BD,Bangladesh,1997,BD1997DHS,AN_NUTS_W_THN,114563060,I,360002,1360020,Region,Chattogram/Sylhet,0,,0,1,ANNUTSWTHN,BDDHS1997360002,1996-97,DHS,1092,1040,,,
BGD,Chattogram,5678009,Women who are thin according to BMI (<18.5),52,1,BD,Bangladesh,1997,BD1997DHS,AN_NUTS_W_THN,114563060,I,360003,1360030,Region,..Chattogram,0,,0,1,ANNUTSWTHN,BDDHS1997360003,1996-97,DHS,867,636,,,1
BGD,Sylhet,5387503,Women who are thin according to BMI (<18.5),59.8,1,BD,Bangladesh,1997,BD1997DHS,AN_NUTS_W_THN,114563060,I,360004,1360040,Region,..Sylhet,0,,0,1,ANNUTSWTHN,BDDHS1997360004,1996-97,DHS,225,404,,,1
BGD,Dhaka before 2015,6437960,Women who are thin according to BMI (<18.5),51.9,1,BD,Bangladesh,1997,BD1997DHS,AN_NUTS_W_THN,114563060,I,360005,1360050,Region,Dhaka before 2015,0,,0,1,ANNUTSWTHN,BDDHS1997360005,1996-97,DHS,1221,1069,,,1
BGD,Khulna,4685047,Women who are thin according to BMI (<18.5),47.4,1,BD,Bangladesh,1997,BD1997DHS,AN_NUTS_W_THN,114563060,I,360006,1360060,Region,Khulna,0,,0,1,ANNUTSWTHN,BDDHS1997360006,1996-97,DHS,444,430,,,1
BGD,Rajshahi/Rangpur,6873158,Women who are thin according to BMI (<18.5),52.4,1,BD,Bangladesh,1997,BD1997DHS,AN_NUTS_W_THN,114563060,I,360007,1360070,Region,Rajshahi/Rangpur,0,,0,1,ANNUTSWTHN,BDDHS1997360007,1996-97,DHS,887,925,,,1
BGD,Barishal,1389630,Women who are overweight or obese according to BMI (>=25.0),3.1,1,BD,Bangladesh,1997,BD1997DHS,AN_NUTS_W_OWT,114563090,I,360001,1360010,Region,Barishal,0,,0,1,ANNUTSWOWT,BDDHS1997360001,1996-97,DHS,263,415,,,1
BGD,Chattogram/Sylhet,5396000,Women who are overweight or obese according to BMI (>=25.0),3.2,1,BD,Bangladesh,1997,BD1997DHS,AN_NUTS_W_OWT,114563090,I,360002,1360020,Region,Chattogram/Sylhet,0,,0,1,ANNUTSWOWT,BDDHS1997360002,1996-97,DHS,1092,1040,,,
BGD,Chattogram,5678005,Women who are overweight or obese according to BMI (>=25.0),3.6,1,BD,Bangladesh,1997,BD1997DHS,AN_NUTS_W_OWT,114563090,I,360003,1360030,Region,..Chattogram,0,,0,1,ANNUTSWOWT,BDDHS1997360003,1996-97,DHS,867,636,,,1
BGD,Sylhet,5387498,Women who are overweight or obese according to BMI (>=25.0),1.5,1,BD,Bangladesh,1997,BD1997DHS,AN_NUTS_W_OWT,114563090,I,360004,1360040,Region,..Sylhet,0,,0,1,ANNUTSWOWT,BDDHS1997360004,1996-97,DHS,225,404,,,1
BGD,Dhaka before 2015,6437956,Women who are overweight or obese according to BMI (>=25.0),3.3,1,BD,Bangladesh,1997,BD1997DHS,AN_NUTS_W_OWT,114563090,I,360005,1360050,Region,Dhaka before 2015,0,,0,1,ANNUTSWOWT,BDDHS1997360005,1996-97,DHS,1221,1069,,,1
BGD,Khulna,4685051,Women who are overweight or obese according to BMI (>=25.0),2.5,1,BD,Bangladesh,1997,BD1997DHS,AN_NUTS_W_OWT,114563090,I,360006,1360060,Region,Khulna,0,,0,1,ANNUTSWOWT,BDDHS1997360006,1996-97,DHS,444,430,,,1
BGD,Rajshahi/Rangpur,6873140,Women who are overweight or obese according to BMI (>=25.0),1.9,1,BD,Bangladesh,1997,BD1997DHS,AN_NUTS_W_OWT,114563090,I,360007,1360070,Region,Rajshahi/Rangpur,0,,0,1,ANNUTSWOWT,BDDHS1997360007,1996-97,DHS,887,925,,,1
BGD,Barishal,5645350,Children stunted,52.7,1,BD,Bangladesh,2000,BD2000DHS,CN_NUTS_C_HA2,104236020,I,360001,1360010,Region,Barishal,0,,0,1,CNNUTSCHA2,BDDHS2000360001,1999-00,DHS,333,468,,,1
BGD,Chattogram/Sylhet,7473645,Children stunted,54.5,1,BD,Bangladesh,2000,BD2000DHS,CN_NUTS_C_HA2,104236020,I,360002,1360020,Region,Chattogram/Sylhet,0,,0,1,CNNUTSCHA2,BDDHS2000360002,1999-00,DHS,1599,1853,,,
BGD,Chattogram,7938249,Children stunted,52.4,1,BD,Bangladesh,2000,BD2000DHS,CN_NUTS_C_HA2,104236020,I,360003,1360030,Region,..Chattogram,0,,0,1,CNNUTSCHA2,BDDHS2000360003,1999-00,DHS,1201,1162,,,1
BGD,Sylhet,4905726,Children stunted,61,1,BD,Bangladesh,2000,BD2000DHS,CN_NUTS_C_HA2,104236020,I,360004,1360040,Region,..Sylhet,0,,0,1,CNNUTSCHA2,BDDHS2000360004,1999-00,DHS,399,691,,,1
BGD,Dhaka before 2015,3697371,Children stunted,51.3,1,BD,Bangladesh,2000,BD2000DHS,CN_NUTS_C_HA2,104236020,I,360005,1360050,Region,Dhaka before 2015,0,,0,1,CNNUTSCHA2,BDDHS2000360005,1999-00,DHS,1702,1286,,,1
BGD,Khulna,7610485,Children stunted,45,1,BD,Bangladesh,2000,BD2000DHS,CN_NUTS_C_HA2,104236020,I,360006,1360060,Region,Khulna,0,,0,1,CNNUTSCHA2,BDDHS2000360006,1999-00,DHS,560,793,,,1
BGD,Rajshahi/Rangpur,6245284,Children stunted,48.8,1,BD,Bangladesh,2000,BD2000DHS,CN_NUTS_C_HA2,104236020,I,360007,1360070,Region,Rajshahi/Rangpur,0,,0,1,CNNUTSCHA2,BDDHS2000360007,1999-00,DHS,1227,937,,,1
BGD,Barishal,7110735,Children wasted,12.6,1,BD,Bangladesh,2000,BD2000DHS,CN_NUTS_C_WH2,104236050,I,360001,1360010,Region,Barishal,0,,0,1,CNNUTSCWH2,BDDHS2000360001,1999-00,DHS,333,468,,,1
BGD,Chattogram/Sylhet,7449629,Children wasted,12.4,1,BD,Bangladesh,2000,BD2000DHS,CN_NUTS_C_WH2,104236050,I,360002,1360020,Region,Chattogram/Sylhet,0,,0,1,CNNUTSCWH2,BDDHS2000360002,1999-00,DHS,1599,1853,,,
BGD,Chattogram,7935473,Children wasted,12.2,1,BD,Bangladesh,2000,BD2000DHS,CN_NUTS_C_WH2,104236050,I,360003,1360030,Region,..Chattogram,0,,0,1,CNNUTSCWH2,BDDHS2000360003,1999-00,DHS,1201,1162,,,1
BGD,Sylhet,1397147,Children wasted,13.2,1,BD,Bangladesh,2000,BD2000DHS,CN_NUTS_C_WH2,104236050,I,360004,1360040,Region,..Sylhet,0,,0,1,CNNUTSCWH2,BDDHS2000360004,1999-00,DHS,399,691,,,1
BGD,Dhaka before 2015,4636795,Children wasted,11.7,1,BD,Bangladesh,2000,BD2000DHS,CN_NUTS_C_WH2,104236050,I,360005,1360050,Region,Dhaka before 2015,0,,0,1,CNNUTSCWH2,BDDHS2000360005,1999-00,DHS,1702,1286,,,1
BGD,Khulna,7610325,Children wasted,10.9,1,BD,Bangladesh,2000,BD2000DHS,CN_NUTS_C_WH2,104236050,I,360006,1360060,Region,Khulna,0,,0,1,CNNUTSCWH2,BDDHS2000360006,1999-00,DHS,560,793,,,1
BGD,Rajshahi/Rangpur,4128933,Children wasted,13.5,1,BD,Bangladesh,2000,BD2000DHS,CN_NUTS_C_WH2,104236050,I,360007,1360070,Region,Rajshahi/Rangpur,0,,0,1,CNNUTSCWH2,BDDHS2000360007,1999-00,DHS,1227,937,,,1
BGD,Barishal,7110736,Children overweight,0.1,1,BD,Bangladesh,2000,BD2000DHS,CN_NUTS_C_WHP,104236060,I,360001,1360010,Region,Barishal,0,,0,1,CNNUTSCWHP,BDDHS2000360001,1999-00,DHS,333,468,,,1
BGD,Chattogram/Sylhet,7449641,Children overweight,1,1,BD,Bangladesh,2000,BD2000DHS,CN_NUTS_C_WHP,104236060,I,360002,1360020,Region,Chattogram/Sylhet,0,,0,1,CNNUTSCWHP,BDDHS2000360002,1999-00,DHS,1599,1853,,,
BGD,Chattogram,7935474,Children overweight,1,1,BD,Bangladesh,2000,BD2000DHS,CN_NUTS_C_WHP,104236060,I,360003,1360030,Region,..Chattogram,0,,0,1,CNNUTSCWHP,BDDHS2000360003,1999-00,DHS,1201,1162,,,1
BGD,Sylhet,1397148,Children overweight,0.9,1,BD,Bangladesh,2000,BD2000DHS,CN_NUTS_C_WHP,104236060,I,360004,1360040,Region,..Sylhet,0,,0,1,CNNUTSCWHP,BDDHS2000360004,1999-00,DHS,399,691,,,1
BGD,Dhaka before 2015,4636796,Children overweight,0.7,1,BD,Bangladesh,2000,BD2000DHS,CN_NUTS_C_WHP,104236060,I,360005,1360050,Region,Dhaka before 2015,0,,0,1,CNNUTSCWHP,BDDHS2000360005,1999-00,DHS,1702,1286,,,1
BGD,Khulna,7610326,Children overweight,1,1,BD,Bangladesh,2000,BD2000DHS,CN_NUTS_C_WHP,104236060,I,360006,1360060,Region,Khulna,0,,0,1,CNNUTSCWHP,BDDHS2000360006,1999-00,DHS,560,793,,,1
BGD,Rajshahi/Rangpur,4128934,Children overweight,0.6,1,BD,Bangladesh,2000,BD2000DHS,CN_NUTS_C_WHP,104236060,I,360007,1360070,Region,Rajshahi/Rangpur,0,,0,1,CNNUTSCWHP,BDDHS2000360007,1999-00,DHS,1227,937,,,1
BGD,Barishal,3379353,Children who started breastfeeding within 1 hour of birth,20.6,1,BD,Bangladesh,2000,BD2000DHS,CN_BRFI_C_1HR,104266020,I,360001,1360010,Region,Barishal,0,,0,1,CNBRFIC1HR,BDDHS2000360001,1999-00,DHS,154,222,,,1
BGD,Chattogram/Sylhet,7450365,Children who started breastfeeding within 1 hour of birth,18,1,BD,Bangladesh,2000,BD2000DHS,CN_BRFI_C_1HR,104266020,I,360002,1360020,Region,Chattogram/Sylhet,0,,0,1,CNBRFIC1HR,BDDHS2000360002,1999-00,DHS,804,927,,,
BGD,Chattogram,7917326,Children who started breastfeeding within 1 hour of birth,17.7,1,BD,Bangladesh,2000,BD2000DHS,CN_BRFI_C_1HR,104266020,I,360003,1360030,Region,..Chattogram,0,,0,1,CNBRFIC1HR,BDDHS2000360003,1999-00,DHS,595,567,,,1
BGD,Sylhet,4495038,Children who started breastfeeding within 1 hour of birth,18.8,1,BD,Bangladesh,2000,BD2000DHS,CN_BRFI_C_1HR,104266020,I,360004,1360040,Region,..Sylhet,0,,0,1,CNBRFIC1HR,BDDHS2000360004,1999-00,DHS,210,360,,,1
BGD,Dhaka before 2015,36681,Children who started breastfeeding within 1 hour of birth,16.1,1,BD,Bangladesh,2000,BD2000DHS,CN_BRFI_C_1HR,104266020,I,360005,1360050,Region,Dhaka before 2015,0,,0,1,CNBRFIC1HR,BDDHS2000360005,1999-00,DHS,823,625,,,1
BGD,Khulna,7630766,Children who started breastfeeding within 1 hour of birth,16.6,1,BD,Bangladesh,2000,BD2000DHS,CN_BRFI_C_1HR,104266020,I,360006,1360060,Region,Khulna,0,,0,1,CNBRFIC1HR,BDDHS2000360006,1999-00,DHS,284,397,,,1
BGD,Rajshahi/Rangpur,7046938,Children who started breastfeeding within 1 hour of birth,15.7,1,BD,Bangladesh,2000,BD2000DHS,CN_BRFI_C_1HR,104266020,I,360007,1360070,Region,Rajshahi/Rangpur,0,,0,1,CNBRFIC1HR,BDDHS2000360007,1999-00,DHS,631,482,,,1
BGD,Barishal,3629685,Women who are thin according to BMI (<18.5),45.8,1,BD,Bangladesh,2000,BD2000DHS,AN_NUTS_W_THN,114563060,I,360001,1360010,Region,Barishal,0,,0,1,ANNUTSWTHN,BDDHS2000360001,1999-00,DHS,289,408,,,1
BGD,Chattogram/Sylhet,7472187,Women who are thin according to BMI (<18.5),44,1,BD,Bangladesh,2000,BD2000DHS,AN_NUTS_W_THN,114563060,I,360002,1360020,Region,Chattogram/Sylhet,0,,0,1,ANNUTSWTHN,BDDHS2000360002,1999-00,DHS,1192,1394,,,
BGD,Chattogram,7935516,Women who are thin according to BMI (<18.5),40.4,1,BD,Bangladesh,2000,BD2000DHS,AN_NUTS_W_THN,114563060,I,360003,1360030,Region,..Chattogram,0,,0,1,ANNUTSWTHN,BDDHS2000360003,1999-00,DHS,906,897,,,1
BGD,Sylhet,4108065,Women who are thin according to BMI (<18.5),55.4,1,BD,Bangladesh,2000,BD2000DHS,AN_NUTS_W_THN,114563060,I,360004,1360040,Region,..Sylhet,0,,0,1,ANNUTSWTHN,BDDHS2000360004,1999-00,DHS,285,497,,,1
BGD,Dhaka before 2015,4747263,Women who are thin according to BMI (<18.5),46.5,1,BD,Bangladesh,2000,BD2000DHS,AN_NUTS_W_THN,114563060,I,360005,1360050,Region,Dhaka before 2015,0,,0,1,ANNUTSWTHN,BDDHS2000360005,1999-00,DHS,1401,1073,,,1
BGD,Khulna,7630771,Women who are thin according to BMI (<18.5),38.9,1,BD,Bangladesh,2000,BD2000DHS,AN_NUTS_W_THN,114563060,I,360006,1360060,Region,Khulna,0,,0,1,ANNUTSWTHN,BDDHS2000360006,1999-00,DHS,511,720,,,1
BGD,Rajshahi/Rangpur,5221423,Women who are thin according to BMI (<18.5),48.3,1,BD,Bangladesh,2000,BD2000DHS,AN_NUTS_W_THN,114563060,I,360007,1360070,Region,Rajshahi/Rangpur,0,,0,1,ANNUTSWTHN,BDDHS2000360007,1999-00,DHS,1102,847,,,1
BGD,Barishal,3629689,Women who are overweight or obese according to BMI (>=25.0),1.5,1,BD,Bangladesh,2000,BD2000DHS,AN_NUTS_W_OWT,114563090,I,360001,1360010,Region,Barishal,0,,0,1,ANNUTSWOWT,BDDHS2000360001,1999-00,DHS,289,408,,,1
BGD,Chattogram/Sylhet,7472191,Women who are overweight or obese according to BMI (>=25.0),4.9,1,BD,Bangladesh,2000,BD2000DHS,AN_NUTS_W_OWT,114563090,I,360002,1360020,Region,Chattogram/Sylhet,0,,0,1,ANNUTSWOWT,BDDHS2000360002,1999-00,DHS,1192,1394,,,
BGD,Chattogram,7935512,Women who are overweight or obese according to BMI (>=25.0),5.7,1,BD,Bangladesh,2000,BD2000DHS,AN_NUTS_W_OWT,114563090,I,360003,1360030,Region,..Chattogram,0,,0,1,ANNUTSWOWT,BDDHS2000360003,1999-00,DHS,906,897,,,1
BGD,Sylhet,4108112,Women who are overweight or obese according to BMI (>=25.0),2.4,1,BD,Bangladesh,2000,BD2000DHS,AN_NUTS_W_OWT,114563090,I,360004,1360040,Region,..Sylhet,0,,0,1,ANNUTSWOWT,BDDHS2000360004,1999-00,DHS,285,497,,,1
BGD,Dhaka before 2015,4747267,Women who are overweight or obese according to BMI (>=25.0),5.8,1,BD,Bangladesh,2000,BD2000DHS,AN_NUTS_W_OWT,114563090,I,360005,1360050,Region,Dhaka before 2015,0,,0,1,ANNUTSWOWT,BDDHS2000360005,1999-00,DHS,1401,1073,,,1
BGD,Khulna,7630776,Women who are overweight or obese according to BMI (>=25.0),5.1,1,BD,Bangladesh,2000,BD2000DHS,AN_NUTS_W_OWT,114563090,I,360006,1360060,Region,Khulna,0,,0,1,ANNUTSWOWT,BDDHS2000360006,1999-00,DHS,511,720,,,1
BGD,Rajshahi/Rangpur,5221425,Women who are overweight or obese according to BMI (>=25.0),2.9,1,BD,Bangladesh,2000,BD2000DHS,AN_NUTS_W_OWT,114563090,I,360007,1360070,Region,Rajshahi/Rangpur,0,,0,1,ANNUTSWOWT,BDDHS2000360007,1999-00,DHS,1102,847,,,1
BGD,Barishal,4953026,Children stunted,55.8,1,BD,Bangladesh,2004,BD2004DHS,CN_NUTS_C_HA2,104236020,I,360001,1360010,Region,Barishal,0,,0,1,CNNUTSCHA2,BDDHS2004360001,2004,DHS,357,664,,,1
BGD,Chattogram/Sylhet,1304056,Children stunted,52.9,1,BD,Bangladesh,2004,BD2004DHS,CN_NUTS_C_HA2,104236020,I,360002,1360020,Region,Chattogram/Sylhet,0,,0,1,CNNUTSCHA2,BDDHS2004360002,2004,DHS,1805,2105,,,
BGD,Chattogram,6841180,Children stunted,52.7,1,BD,Bangladesh,2004,BD2004DHS,CN_NUTS_C_HA2,104236020,I,360003,1360030,Region,..Chattogram,0,,0,1,CNNUTSCHA2,BDDHS2004360003,2004,DHS,1317,1314,,,1
BGD,Sylhet,824468,Children stunted,53.4,1,BD,Bangladesh,2004,BD2004DHS,CN_NUTS_C_HA2,104236020,I,360004,1360040,Region,..Sylhet,0,,0,1,CNNUTSCHA2,BDDHS2004360004,2004,DHS,488,791,,,1
BGD,Dhaka before 2015,1296914,Children stunted,52.8,1,BD,Bangladesh,2004,BD2004DHS,CN_NUTS_C_HA2,104236020,I,360005,1360050,Region,Dhaka before 2015,0,,0,1,CNNUTSCHA2,BDDHS2004360005,2004,DHS,1844,1314,,,1
BGD,Khulna,5661469,Children stunted,40.2,1,BD,Bangladesh,2004,BD2004DHS,CN_NUTS_C_HA2,104236020,I,360006,1360060,Region,Khulna,0,,0,1,CNNUTSCHA2,BDDHS2004360006,2004,DHS,666,799,,,1
BGD,Rajshahi/Rangpur,1289784,Children stunted,48.1,1,BD,Bangladesh,2004,BD2004DHS,CN_NUTS_C_HA2,104236020,I,360007,1360070,Region,Rajshahi/Rangpur,0,,0,1,CNNUTSCHA2,BDDHS2004360007,2004,DHS,1356,1155,,,1
BGD,Barishal,2861183,Children wasted,9.1,1,BD,Bangladesh,2004,BD2004DHS,CN_NUTS_C_WH2,104236050,I,360001,1360010,Region,Barishal,0,,0,1,CNNUTSCWH2,BDDHS2004360001,2004,DHS,357,664,,,1
BGD,Chattogram/Sylhet,5045900,Children wasted,15.7,1,BD,Bangladesh,2004,BD2004DHS,CN_NUTS_C_WH2,104236050,I,360002,1360020,Region,Chattogram/Sylhet,0,,0,1,CNNUTSCWH2,BDDHS2004360002,2004,DHS,1805,2105,,,
BGD,Chattogram,1296899,Children wasted,15.8,1,BD,Bangladesh,2004,BD2004DHS,CN_NUTS_C_WH2,104236050,I,360003,1360030,Region,..Chattogram,0,,0,1,CNNUTSCWH2,BDDHS2004360003,2004,DHS,1317,1314,,,1
BGD,Sylhet,164990,Children wasted,15.3,1,BD,Bangladesh,2004,BD2004DHS,CN_NUTS_C_WH2,104236050,I,360004,1360040,Region,..Sylhet,0,,0,1,CNNUTSCWH2,BDDHS2004360004,2004,DHS,488,791,,,1
BGD,Dhaka before 2015,6317799,Children wasted,12.8,1,BD,Bangladesh,2004,BD2004DHS,CN_NUTS_C_WH2,104236050,I,360005,1360050,Region,Dhaka before 2015,0,,0,1,CNNUTSCWH2,BDDHS2004360005,2004,DHS,1844,1314,,,1
BGD,Khulna,2835682,Children wasted,16,1,BD,Bangladesh,2004,BD2004DHS,CN_NUTS_C_WH2,104236050,I,360006,1360060,Region,Khulna,0,,0,1,CNNUTSCWH2,BDDHS2004360006,2004,DHS,666,799,,,1
BGD,Rajshahi/Rangpur,5706876,Children wasted,16,1,BD,Bangladesh,2004,BD2004DHS,CN_NUTS_C_WH2,104236050,I,360007,1360070,Region,Rajshahi/Rangpur,0,,0,1,CNNUTSCWH2,BDDHS2004360007,2004,DHS,1356,1155,,,1
BGD,Barishal,2861186,Children overweight,1,1,BD,Bangladesh,2004,BD2004DHS,CN_NUTS_C_WHP,104236060,I,360001,1360010,Region,Barishal,0,,0,1,CNNUTSCWHP,BDDHS2004360001,2004,DHS,357,664,,,1
BGD,Chattogram/Sylhet,5045901,Children overweight,0.9,1,BD,Bangladesh,2004,BD2004DHS,CN_NUTS_C_WHP,104236060,I,360002,1360020,Region,Chattogram/Sylhet,0,,0,1,CNNUTSCWHP,BDDHS2004360002,2004,DHS,1805,2105,,,
BGD,Chattogram,1296900,Children overweight,1,1,BD,Bangladesh,2004,BD2004DHS,CN_NUTS_C_WHP,104236060,I,360003,1360030,Region,..Chattogram,0,,0,1,CNNUTSCWHP,BDDHS2004360003,2004,DHS,1317,1314,,,1
BGD,Sylhet,164991,Children overweight,0.8,1,BD,Bangladesh,2004,BD2004DHS,CN_NUTS_C_WHP,104236060,I,360004,1360040,Region,..Sylhet,0,,0,1,CNNUTSCWHP,BDDHS2004360004,2004,DHS,488,791,,,1
BGD,Dhaka before 2015,6317800,Children overweight,1.1,1,BD,Bangladesh,2004,BD2004DHS,CN_NUTS_C_WHP,104236060,I,360005,1360050,Region,Dhaka before 2015,0,,0,1,CNNUTSCWHP,BDDHS2004360005,2004,DHS,1844,1314,,,1
BGD,Khulna,2835683,Children overweight,0.6,1,BD,Bangladesh,2004,BD2004DHS,CN_NUTS_C_WHP,104236060,I,360006,1360060,Region,Khulna,0,,0,1,CNNUTSCWHP,BDDHS2004360006,2004,DHS,666,799,,,1
BGD,Rajshahi/Rangpur,5706877,Children overweight,0.7,1,BD,Bangladesh,2004,BD2004DHS,CN_NUTS_C_WHP,104236060,I,360007,1360070,Region,Rajshahi/Rangpur,0,,0,1,CNNUTSCWHP,BDDHS2004360007,2004,DHS,1356,1155,,,1
BGD,Barishal,5282805,Children who started breastfeeding within 1 hour of birth,20.9,1,BD,Bangladesh,2004,BD2004DHS,CN_BRFI_C_1HR,104266020,I,360001,1360010,Region,Barishal,0,,0,1,CNBRFIC1HR,BDDHS2004360001,2004,DHS,157,280,,,1
BGD,Chattogram/Sylhet,4733182,Children who started breastfeeding within 1 hour of birth,22.7,1,BD,Bangladesh,2004,BD2004DHS,CN_BRFI_C_1HR,104266020,I,360002,1360020,Region,Chattogram/Sylhet,0,,0,1,CNBRFIC1HR,BDDHS2004360002,2004,DHS,788,915,,,
BGD,Chattogram,4908536,Children who started breastfeeding within 1 hour of birth,19.8,1,BD,Bangladesh,2004,BD2004DHS,CN_BRFI_C_1HR,104266020,I,360003,1360030,Region,..Chattogram,0,,0,1,CNBRFIC1HR,BDDHS2004360003,2004,DHS,565,559,,,1
BGD,Sylhet,828922,Children who started breastfeeding within 1 hour of birth,30.1,1,BD,Bangladesh,2004,BD2004DHS,CN_BRFI_C_1HR,104266020,I,360004,1360040,Region,..Sylhet,0,,0,1,CNBRFIC1HR,BDDHS2004360004,2004,DHS,223,356,,,1
BGD,Dhaka before 2015,1296930,Children who started breastfeeding within 1 hour of birth,23.6,1,BD,Bangladesh,2004,BD2004DHS,CN_BRFI_C_1HR,104266020,I,360005,1360050,Region,Dhaka before 2015,0,,0,1,CNBRFIC1HR,BDDHS2004360005,2004,DHS,793,558,,,1
BGD,Khulna,5971319,Children who started breastfeeding within 1 hour of birth,28.4,1,BD,Bangladesh,2004,BD2004DHS,CN_BRFI_C_1HR,104266020,I,360006,1360060,Region,Khulna,0,,0,1,CNBRFIC1HR,BDDHS2004360006,2004,DHS,279,332,,,1
BGD,Rajshahi/Rangpur,4099196,Children who started breastfeeding within 1 hour of birth,29.1,1,BD,Bangladesh,2004,BD2004DHS,CN_BRFI_C_1HR,104266020,I,360007,1360070,Region,Rajshahi/Rangpur,0,,0,1,CNBRFIC1HR,BDDHS2004360007,2004,DHS,592,493,,,1
BGD,Barishal,5510029,Women who are thin according to BMI (<18.5),37.5,1,BD,Bangladesh,2004,BD2004DHS,AN_NUTS_W_THN,114563060,I,360001,1360010,Region,Barishal,0,,0,1,ANNUTSWTHN,BDDHS2004360001,2004,DHS,650,1233,,,1
BGD,Chattogram/Sylhet,2692895,Women who are thin according to BMI (<18.5),36.6,1,BD,Bangladesh,2004,BD2004DHS,AN_NUTS_W_THN,114563060,I,360002,1360020,Region,Chattogram/Sylhet,0,,0,1,ANNUTSWTHN,BDDHS2004360002,2004,DHS,2440,2856,,,
BGD,Chattogram,4991304,Women who are thin according to BMI (<18.5),32.8,1,BD,Bangladesh,2004,BD2004DHS,AN_NUTS_W_THN,114563060,I,360003,1360030,Region,..Chattogram,0,,0,1,ANNUTSWTHN,BDDHS2004360003,2004,DHS,1810,1842,,,1
BGD,Sylhet,6687030,Women who are thin according to BMI (<18.5),47.6,1,BD,Bangladesh,2004,BD2004DHS,AN_NUTS_W_THN,114563060,I,360004,1360040,Region,..Sylhet,0,,0,1,ANNUTSWTHN,BDDHS2004360004,2004,DHS,630,1014,,,1
BGD,Dhaka before 2015,6492436,Women who are thin according to BMI (<18.5),33.9,1,BD,Bangladesh,2004,BD2004DHS,AN_NUTS_W_THN,114563060,I,360005,1360050,Region,Dhaka before 2015,0,,0,1,ANNUTSWTHN,BDDHS2004360005,2004,DHS,3226,2343,,,1
BGD,Khulna,6427582,Women who are thin according to BMI (<18.5),29.5,1,BD,Bangladesh,2004,BD2004DHS,AN_NUTS_W_THN,114563060,I,360006,1360060,Region,Khulna,0,,0,1,ANNUTSWTHN,BDDHS2004360006,2004,DHS,1274,1562,,,1
BGD,Rajshahi/Rangpur,2992320,Women who are thin according to BMI (<18.5),34,1,BD,Bangladesh,2004,BD2004DHS,AN_NUTS_W_THN,114563060,I,360007,1360070,Region,Rajshahi/Rangpur,0,,0,1,ANNUTSWTHN,BDDHS2004360007,2004,DHS,2718,2340,,,1
BGD,Barishal,5510031,Women who are overweight or obese according to BMI (>=25.0),7.1,1,BD,Bangladesh,2004,BD2004DHS,AN_NUTS_W_OWT,114563090,I,360001,1360010,Region,Barishal,0,,0,1,ANNUTSWOWT,BDDHS2004360001,2004,DHS,650,1233,,,1
BGD,Chattogram/Sylhet,2692904,Women who are overweight or obese according to BMI (>=25.0),9.1,1,BD,Bangladesh,2004,BD2004DHS,AN_NUTS_W_OWT,114563090,I,360002,1360020,Region,Chattogram/Sylhet,0,,0,1,ANNUTSWOWT,BDDHS2004360002,2004,DHS,2440,2856,,,
BGD,Chattogram,4991408,Women who are overweight or obese according to BMI (>=25.0),9.8,1,BD,Bangladesh,2004,BD2004DHS,AN_NUTS_W_OWT,114563090,I,360003,1360030,Region,..Chattogram,0,,0,1,ANNUTSWOWT,BDDHS2004360003,2004,DHS,1810,1842,,,1
BGD,Sylhet,6687032,Women who are overweight or obese according to BMI (>=25.0),7.1,1,BD,Bangladesh,2004,BD2004DHS,AN_NUTS_W_OWT,114563090,I,360004,1360040,Region,..Sylhet,0,,0,1,ANNUTSWOWT,BDDHS2004360004,2004,DHS,630,1014,,,1
BGD,Dhaka before 2015,6492438,Women who are overweight or obese according to BMI (>=25.0),11.4,1,BD,Bangladesh,2004,BD2004DHS,AN_NUTS_W_OWT,114563090,I,360005,1360050,Region,Dhaka before 2015,0,,0,1,ANNUTSWOWT,BDDHS2004360005,2004,DHS,3226,2343,,,1
BGD,Khulna,6427584,Women who are overweight or obese according to BMI (>=25.0),10.4,1,BD,Bangladesh,2004,BD2004DHS,AN_NUTS_W_OWT,114563090,I,360006,1360060,Region,Khulna,0,,0,1,ANNUTSWOWT,BDDHS2004360006,2004,DHS,1274,1562,,,1
BGD,Rajshahi/Rangpur,2992286,Women who are overweight or obese according to BMI (>=25.0),5.8,1,BD,Bangladesh,2004,BD2004DHS,AN_NUTS_W_OWT,114563090,I,360007,1360070,Region,Rajshahi/Rangpur,0,,0,1,ANNUTSWOWT,BDDHS2004360007,2004,DHS,2718,2340,,,1
BGD,Barishal,4997390,Children stunted,46.9,1,BD,Bangladesh,2007,BD2007DHS,CN_NUTS_C_HA2,104236020,I,360001,1360010,Region,Barishal,0,,0,1,CNNUTSCHA2,BDDHS2007360001,2007,DHS,340,711,,,1
BGD,Chattogram/Sylhet,3193505,Children stunted,45.3,1,BD,Bangladesh,2007,BD2007DHS,CN_NUTS_C_HA2,104236020,I,360002,1360020,Region,Chattogram/Sylhet,0,,0,1,CNNUTSCHA2,BDDHS2007360002,2007,DHS,1601,2048,,,
BGD,Chattogram,3589866,Children stunted,45.5,1,BD,Bangladesh,2007,BD2007DHS,CN_NUTS_C_HA2,104236020,I,360003,1360030,Region,..Chattogram,0,,0,1,CNNUTSCHA2,BDDHS2007360003,2007,DHS,1153,1117,,,1
BGD,Sylhet,7847349,Children stunted,44.7,1,BD,Bangladesh,2007,BD2007DHS,CN_NUTS_C_HA2,104236020,I,360004,1360040,Region,..Sylhet,0,,0,1,CNNUTSCHA2,BDDHS2007360004,2007,DHS,448,931,,,1
BGD,Dhaka before 2015,6239198,Children stunted,44,1,BD,Bangladesh,2007,BD2007DHS,CN_NUTS_C_HA2,104236020,I,360005,1360050,Region,Dhaka before 2015,0,,0,1,CNNUTSCHA2,BDDHS2007360005,2007,DHS,1671,1143,,,1
BGD,Khulna,799550,Children stunted,34.6,1,BD,Bangladesh,2007,BD2007DHS,CN_NUTS_C_HA2,104236020,I,360006,1360060,Region,Khulna,0,,0,1,CNNUTSCHA2,BDDHS2007360006,2007,DHS,516,644,,,1
BGD,Rajshahi/Rangpur,1297036,Children stunted,41.8,1,BD,Bangladesh,2007,BD2007DHS,CN_NUTS_C_HA2,104236020,I,360007,1360070,Region,Rajshahi/Rangpur,0,,0,1,CNNUTSCHA2,BDDHS2007360007,2007,DHS,1183,877,,,1
BGD,Barishal,3789959,Children wasted,18,1,BD,Bangladesh,2007,BD2007DHS,CN_NUTS_C_WH2,104236050,I,360001,1360010,Region,Barishal,0,,0,1,CNNUTSCWH2,BDDHS2007360001,2007,DHS,340,711,,,1
BGD,Chattogram/Sylhet,212020,Children wasted,17.8,1,BD,Bangladesh,2007,BD2007DHS,CN_NUTS_C_WH2,104236050,I,360002,1360020,Region,Chattogram/Sylhet,0,,0,1,CNNUTSCWH2,BDDHS2007360002,2007,DHS,1601,2048,,,
BGD,Chattogram,278886,Children wasted,17.6,1,BD,Bangladesh,2007,BD2007DHS,CN_NUTS_C_WH2,104236050,I,360003,1360030,Region,..Chattogram,0,,0,1,CNNUTSCWH2,BDDHS2007360003,2007,DHS,1153,1117,,,1
BGD,Sylhet,7872588,Children wasted,18.3,1,BD,Bangladesh,2007,BD2007DHS,CN_NUTS_C_WH2,104236050,I,360004,1360040,Region,..Sylhet,0,,0,1,CNNUTSCWH2,BDDHS2007360004,2007,DHS,448,931,,,1
BGD,Dhaka before 2015,4352884,Children wasted,15.4,1,BD,Bangladesh,2007,BD2007DHS,CN_NUTS_C_WH2,104236050,I,360005,1360050,Region,Dhaka before 2015,0,,0,1,CNNUTSCWH2,BDDHS2007360005,2007,DHS,1671,1143,,,1
BGD,Khulna,6084734,Children wasted,18.8,1,BD,Bangladesh,2007,BD2007DHS,CN_NUTS_C_WH2,104236050,I,360006,1360060,Region,Khulna,0,,0,1,CNNUTSCWH2,BDDHS2007360006,2007,DHS,516,644,,,1
BGD,Rajshahi/Rangpur,5407471,Children wasted,19.1,1,BD,Bangladesh,2007,BD2007DHS,CN_NUTS_C_WH2,104236050,I,360007,1360070,Region,Rajshahi/Rangpur,0,,0,1,CNNUTSCWH2,BDDHS2007360007,2007,DHS,1183,877,,,1
BGD,Barishal,3789960,Children overweight,0.5,1,BD,Bangladesh,2007,BD2007DHS,CN_NUTS_C_WHP,104236060,I,360001,1360010,Region,Barishal,0,,0,1,CNNUTSCWHP,BDDHS2007360001,2007,DHS,340,711,,,1
BGD,Chattogram/Sylhet,212021,Children overweight,0.8,1,BD,Bangladesh,2007,BD2007DHS,CN_NUTS_C_WHP,104236060,I,360002,1360020,Region,Chattogram/Sylhet,0,,0,1,CNNUTSCWHP,BDDHS2007360002,2007,DHS,1601,2048,,,
BGD,Chattogram,279021,Children overweight,0.9,1,BD,Bangladesh,2007,BD2007DHS,CN_NUTS_C_WHP,104236060,I,360003,1360030,Region,..Chattogram,0,,0,1,CNNUTSCWHP,BDDHS2007360003,2007,DHS,1153,1117,,,1
BGD,Sylhet,7872589,Children overweight,0.7,1,BD,Bangladesh,2007,BD2007DHS,CN_NUTS_C_WHP,104236060,I,360004,1360040,Region,..Sylhet,0,,0,1,CNNUTSCWHP,BDDHS2007360004,2007,DHS,448,931,,,1
BGD,Dhaka before 2015,4352885,Children overweight,1.2,1,BD,Bangladesh,2007,BD2007DHS,CN_NUTS_C_WHP,104236060,I,360005,1360050,Region,Dhaka before 2015,0,,0,1,CNNUTSCWHP,BDDHS2007360005,2007,DHS,1671,1143,,,1
BGD,Khulna,6084735,Children overweight,0.7,1,BD,Bangladesh,2007,BD2007DHS,CN_NUTS_C_WHP,104236060,I,360006,1360060,Region,Khulna,0,,0,1,CNNUTSCWHP,BDDHS2007360006,2007,DHS,516,644,,,1
BGD,Rajshahi/Rangpur,5407493,Children overweight,0.9,1,BD,Bangladesh,2007,BD2007DHS,CN_NUTS_C_WHP,104236060,I,360007,1360070,Region,Rajshahi/Rangpur,0,,0,1,CNNUTSCWHP,BDDHS2007360007,2007,DHS,1183,877,,,1
BGD,Barishal,5839306,Children who started breastfeeding within 1 hour of birth,50.8,1,BD,Bangladesh,2007,BD2007DHS,CN_BRFI_C_1HR,104266020,I,360001,1360010,Region,Barishal,0,,0,1,CNBRFIC1HR,BDDHS2007360001,2007,DHS,132,271,,,1
BGD,Chattogram/Sylhet,5752827,Children who started breastfeeding within 1 hour of birth,38.4,1,BD,Bangladesh,2007,BD2007DHS,CN_BRFI_C_1HR,104266020,I,360002,1360020,Region,Chattogram/Sylhet,0,,0,1,CNBRFIC1HR,BDDHS2007360002,2007,DHS,718,896,,,
BGD,Chattogram,3017387,Children who started breastfeeding within 1 hour of birth,34.9,1,BD,Bangladesh,2007,BD2007DHS,CN_BRFI_C_1HR,104266020,I,360003,1360030,Region,..Chattogram,0,,0,1,CNBRFIC1HR,BDDHS2007360003,2007,DHS,526,498,,,1
BGD,Sylhet,7872487,Children who started breastfeeding within 1 hour of birth,48,1,BD,Bangladesh,2007,BD2007DHS,CN_BRFI_C_1HR,104266020,I,360004,1360040,Region,..Sylhet,0,,0,1,CNBRFIC1HR,BDDHS2007360004,2007,DHS,193,398,,,1
BGD,Dhaka before 2015,1297103,Children who started breastfeeding within 1 hour of birth,43.7,1,BD,Bangladesh,2007,BD2007DHS,CN_BRFI_C_1HR,104266020,I,360005,1360050,Region,Dhaka before 2015,0,,0,1,CNBRFIC1HR,BDDHS2007360005,2007,DHS,729,498,,,1
BGD,Khulna,6886880,Children who started breastfeeding within 1 hour of birth,51.9,1,BD,Bangladesh,2007,BD2007DHS,CN_BRFI_C_1HR,104266020,I,360006,1360060,Region,Khulna,0,,0,1,CNBRFIC1HR,BDDHS2007360006,2007,DHS,193,256,,,1
BGD,Rajshahi/Rangpur,3756344,Children who started breastfeeding within 1 hour of birth,43.4,1,BD,Bangladesh,2007,BD2007DHS,CN_BRFI_C_1HR,104266020,I,360007,1360070,Region,Rajshahi/Rangpur,0,,0,1,CNBRFIC1HR,BDDHS2007360007,2007,DHS,522,387,,,1
BGD,Barishal,5489050,Women who are thin according to BMI (<18.5),33.9,1,BD,Bangladesh,2007,BD2007DHS,AN_NUTS_W_THN,114563060,I,360001,1360010,Region,Barishal,0,,0,1,ANNUTSWTHN,BDDHS2007360001,2007,DHS,601,1310,,,1
BGD,Chattogram/Sylhet,7129592,Women who are thin according to BMI (<18.5),31.1,1,BD,Bangladesh,2007,BD2007DHS,AN_NUTS_W_THN,114563060,I,360002,1360020,Region,Chattogram/Sylhet,0,,0,1,ANNUTSWTHN,BDDHS2007360002,2007,DHS,2432,3045,,,
BGD,Chattogram,4225508,Women who are thin according to BMI (<18.5),28.3,1,BD,Bangladesh,2007,BD2007DHS,AN_NUTS_W_THN,114563060,I,360003,1360030,Region,..Chattogram,0,,0,1,ANNUTSWTHN,BDDHS2007360003,2007,DHS,1818,1745,,,1
BGD,Sylhet,7872491,Women who are thin according to BMI (<18.5),39.3,1,BD,Bangladesh,2007,BD2007DHS,AN_NUTS_W_THN,114563060,I,360004,1360040,Region,..Sylhet,0,,0,1,ANNUTSWTHN,BDDHS2007360004,2007,DHS,614,1300,,,1
BGD,Dhaka before 2015,1297209,Women who are thin according to BMI (<18.5),28.1,1,BD,Bangladesh,2007,BD2007DHS,AN_NUTS_W_THN,114563060,I,360005,1360050,Region,Dhaka before 2015,0,,0,1,ANNUTSWTHN,BDDHS2007360005,2007,DHS,3156,2151,,,1
BGD,Khulna,5091596,Women who are thin according to BMI (<18.5),25.2,1,BD,Bangladesh,2007,BD2007DHS,AN_NUTS_W_THN,114563060,I,360006,1360060,Region,Khulna,0,,0,1,ANNUTSWTHN,BDDHS2007360006,2007,DHS,1287,1578,,,1
BGD,Rajshahi/Rangpur,670480,Women who are thin according to BMI (<18.5),31.5,1,BD,Bangladesh,2007,BD2007DHS,AN_NUTS_W_THN,114563060,I,360007,1360070,Region,Rajshahi/Rangpur,0,,0,1,ANNUTSWTHN,BDDHS2007360007,2007,DHS,2545,1913,,,1
BGD,Barishal,5489053,Women who are overweight or obese according to BMI (>=25.0),8.3,1,BD,Bangladesh,2007,BD2007DHS,AN_NUTS_W_OWT,114563090,I,360001,1360010,Region,Barishal,0,,0,1,ANNUTSWOWT,BDDHS2007360001,2007,DHS,601,1310,,,1
BGD,Chattogram/Sylhet,7129596,Women who are overweight or obese according to BMI (>=25.0),10.8,1,BD,Bangladesh,2007,BD2007DHS,AN_NUTS_W_OWT,114563090,I,360002,1360020,Region,Chattogram/Sylhet,0,,0,1,ANNUTSWOWT,BDDHS2007360002,2007,DHS,2432,3045,,,
BGD,Chattogram,4225510,Women who are overweight or obese according to BMI (>=25.0),11.6,1,BD,Bangladesh,2007,BD2007DHS,AN_NUTS_W_OWT,114563090,I,360003,1360030,Region,..Chattogram,0,,0,1,ANNUTSWOWT,BDDHS2007360003,2007,DHS,1818,1745,,,1
BGD,Sylhet,7872493,Women who are overweight or obese according to BMI (>=25.0),8.5,1,BD,Bangladesh,2007,BD2007DHS,AN_NUTS_W_OWT,114563090,I,360004,1360040,Region,..Sylhet,0,,0,1,ANNUTSWOWT,BDDHS2007360004,2007,DHS,614,1300,,,1
BGD,Dhaka before 2015,1297211,Women who are overweight or obese according to BMI (>=25.0),14.3,1,BD,Bangladesh,2007,BD2007DHS,AN_NUTS_W_OWT,114563090,I,360005,1360050,Region,Dhaka before 2015,0,,0,1,ANNUTSWOWT,BDDHS2007360005,2007,DHS,3156,2151,,,1
BGD,Khulna,5091598,Women who are overweight or obese according to BMI (>=25.0),11.9,1,BD,Bangladesh,2007,BD2007DHS,AN_NUTS_W_OWT,114563090,I,360006,1360060,Region,Khulna,0,,0,1,ANNUTSWOWT,BDDHS2007360006,2007,DHS,1287,1578,,,1
BGD,Rajshahi/Rangpur,670503,Women who are overweight or obese according to BMI (>=25.0),10.5,1,BD,Bangladesh,2007,BD2007DHS,AN_NUTS_W_OWT,114563090,I,360007,1360070,Region,Rajshahi/Rangpur,0,,0,1,ANNUTSWOWT,BDDHS2007360007,2007,DHS,2545,1913,,,1
BGD,Barishal,2766911,Children stunted,45.1,1,BD,Bangladesh,2011,BD2011DHS,CN_NUTS_C_HA2,104236020,I,360001,1360010,Region,Barishal,0,,0,1,CNNUTSCHA2,BDDHS2011360001,2011,DHS,433,870,,,1
BGD,Chattogram/Sylhet,4729155,Children stunted,43.3,1,BD,Bangladesh,2011,BD2011DHS,CN_NUTS_C_HA2,104236020,I,360002,1360020,Region,Chattogram/Sylhet,0,,0,1,CNNUTSCHA2,BDDHS2011360002,2011,DHS,2369,2779,,,
BGD,Chattogram,694882,Children stunted,41.3,1,BD,Bangladesh,2011,BD2011DHS,CN_NUTS_C_HA2,104236020,I,360003,1360030,Region,..Chattogram,0,,0,1,CNNUTSCHA2,BDDHS2011360003,2011,DHS,1773,1545,,,1
BGD,Sylhet,4099182,Children stunted,49.3,1,BD,Bangladesh,2011,BD2011DHS,CN_NUTS_C_HA2,104236020,I,360004,1360040,Region,..Sylhet,0,,0,1,CNNUTSCHA2,BDDHS2011360004,2011,DHS,596,1234,,,1
BGD,Dhaka before 2015,6108968,Children stunted,43.3,1,BD,Bangladesh,2011,BD2011DHS,CN_NUTS_C_HA2,104236020,I,360005,1360050,Region,Dhaka before 2015,0,,0,1,CNNUTSCHA2,BDDHS2011360005,2011,DHS,2469,1318,,,1
BGD,Khulna,1282708,Children stunted,34.1,1,BD,Bangladesh,2011,BD2011DHS,CN_NUTS_C_HA2,104236020,I,360006,1360060,Region,Khulna,0,,0,1,CNNUTSCHA2,BDDHS2011360006,2011,DHS,744,910,,,1
BGD,Rajshahi/Rangpur,172956,Children stunted,38,1,BD,Bangladesh,2011,BD2011DHS,CN_NUTS_C_HA2,104236020,I,360007,1360070,Region,Rajshahi/Rangpur,0,,0,1,CNNUTSCHA2,BDDHS2011360007,2011,DHS,1845,1949,,,
BGD,Rangpur,3967354,Children stunted,42.9,1,BD,Bangladesh,2011,BD2011DHS,CN_NUTS_C_HA2,104236020,I,360008,1360080,Region,..Rangpur,0,,0,1,CNNUTSCHA2,BDDHS2011360008,2011,DHS,859,1014,,,1
BGD,Rajshahi,6920140,Children stunted,33.7,1,BD,Bangladesh,2011,BD2011DHS,CN_NUTS_C_HA2,104236020,I,360009,1360090,Region,..Rajshahi,0,,0,1,CNNUTSCHA2,BDDHS2011360009,2011,DHS,986,935,,,1
BGD,Barishal,6786597,Children wasted,15.2,1,BD,Bangladesh,2011,BD2011DHS,CN_NUTS_C_WH2,104236050,I,360001,1360010,Region,Barishal,0,,0,1,CNNUTSCWH2,BDDHS2011360001,2011,DHS,433,870,,,1
BGD,Chattogram/Sylhet,2745034,Children wasted,16.5,1,BD,Bangladesh,2011,BD2011DHS,CN_NUTS_C_WH2,104236050,I,360002,1360020,Region,Chattogram/Sylhet,0,,0,1,CNNUTSCWH2,BDDHS2011360002,2011,DHS,2369,2779,,,
BGD,Chattogram,5098480,Children wasted,15.9,1,BD,Bangladesh,2011,BD2011DHS,CN_NUTS_C_WH2,104236050,I,360003,1360030,Region,..Chattogram,0,,0,1,CNNUTSCWH2,BDDHS2011360003,2011,DHS,1773,1545,,,1
BGD,Sylhet,663103,Children wasted,18.4,1,BD,Bangladesh,2011,BD2011DHS,CN_NUTS_C_WH2,104236050,I,360004,1360040,Region,..Sylhet,0,,0,1,CNNUTSCWH2,BDDHS2011360004,2011,DHS,596,1234,,,1
BGD,Dhaka before 2015,1304293,Children wasted,15.7,1,BD,Bangladesh,2011,BD2011DHS,CN_NUTS_C_WH2,104236050,I,360005,1360050,Region,Dhaka before 2015,0,,0,1,CNNUTSCWH2,BDDHS2011360005,2011,DHS,2469,1318,,,1
BGD,Khulna,5947039,Children wasted,14.6,1,BD,Bangladesh,2011,BD2011DHS,CN_NUTS_C_WH2,104236050,I,360006,1360060,Region,Khulna,0,,0,1,CNNUTSCWH2,BDDHS2011360006,2011,DHS,744,910,,,1
BGD,Rajshahi/Rangpur,4798434,Children wasted,14.9,1,BD,Bangladesh,2011,BD2011DHS,CN_NUTS_C_WH2,104236050,I,360007,1360070,Region,Rajshahi/Rangpur,0,,0,1,CNNUTSCWH2,BDDHS2011360007,2011,DHS,1845,1949,,,
BGD,Rangpur,542963,Children wasted,13.2,1,BD,Bangladesh,2011,BD2011DHS,CN_NUTS_C_WH2,104236050,I,360008,1360080,Region,..Rangpur,0,,0,1,CNNUTSCWH2,BDDHS2011360008,2011,DHS,859,1014,,,1
BGD,Rajshahi,4053874,Children wasted,16.4,1,BD,Bangladesh,2011,BD2011DHS,CN_NUTS_C_WH2,104236050,I,360009,1360090,Region,..Rajshahi,0,,0,1,CNNUTSCWH2,BDDHS2011360009,2011,DHS,986,935,,,1
BGD,Barishal,6786653,Children overweight,1.6,1,BD,Bangladesh,2011,BD2011DHS,CN_NUTS_C_WHP,104236060,I,360001,1360010,Region,Barishal,0,,0,1,CNNUTSCWHP,BDDHS2011360001,2011,DHS,433,870,,,1
BGD,Chattogram/Sylhet,2745052,Children overweight,1.4,1,BD,Bangladesh,2011,BD2011DHS,CN_NUTS_C_WHP,104236060,I,360002,1360020,Region,Chattogram/Sylhet,0,,0,1,CNNUTSCWHP,BDDHS2011360002,2011,DHS,2369,2779,,,
BGD,Chattogram,5098481,Children overweight,1.3,1,BD,Bangladesh,2011,BD2011DHS,CN_NUTS_C_WHP,104236060,I,360003,1360030,Region,..Chattogram,0,,0,1,CNNUTSCWHP,BDDHS2011360003,2011,DHS,1773,1545,,,1
BGD,Sylhet,663104,Children overweight,1.8,1,BD,Bangladesh,2011,BD2011DHS,CN_NUTS_C_WHP,104236060,I,360004,1360040,Region,..Sylhet,0,,0,1,CNNUTSCWHP,BDDHS2011360004,2011,DHS,596,1234,,,1
BGD,Dhaka before 2015,1304294,Children overweight,1.9,1,BD,Bangladesh,2011,BD2011DHS,CN_NUTS_C_WHP,104236060,I,360005,1360050,Region,Dhaka before 2015,0,,0,1,CNNUTSCWHP,BDDHS2011360005,2011,DHS,2469,1318,,,1
BGD,Khulna,5947040,Children overweight,1.3,1,BD,Bangladesh,2011,BD2011DHS,CN_NUTS_C_WHP,104236060,I,360006,1360060,Region,Khulna,0,,0,1,CNNUTSCWHP,BDDHS2011360006,2011,DHS,744,910,,,1
BGD,Rajshahi/Rangpur,4798435,Children overweight,1.2,1,BD,Bangladesh,2011,BD2011DHS,CN_NUTS_C_WHP,104236060,I,360007,1360070,Region,Rajshahi/Rangpur,0,,0,1,CNNUTSCWHP,BDDHS2011360007,2011,DHS,1845,1949,,,
BGD,Rangpur,542965,Children overweight,1.5,1,BD,Bangladesh,2011,BD2011DHS,CN_NUTS_C_WHP,104236060,I,360008,1360080,Region,..Rangpur,0,,0,1,CNNUTSCWHP,BDDHS2011360008,2011,DHS,859,1014,,,1
BGD,Rajshahi,4053875,Children overweight,1,1,BD,Bangladesh,2011,BD2011DHS,CN_NUTS_C_WHP,104236060,I,360009,1360090,Region,..Rajshahi,0,,0,1,CNNUTSCWHP,BDDHS2011360009,2011,DHS,986,935,,,1
BGD,Barishal,3429731,Children who started breastfeeding within 1 hour of birth,43.6,1,BD,Bangladesh,2011,BD2011DHS,CN_BRFI_C_1HR,104266020,I,360001,1360010,Region,Barishal,0,,0,1,CNBRFIC1HR,BDDHS2011360001,2011,DHS,177,356,,,1
BGD,Chattogram/Sylhet,4534962,Children who started breastfeeding within 1 hour of birth,47.9,1,BD,Bangladesh,2011,BD2011DHS,CN_BRFI_C_1HR,104266020,I,360002,1360020,Region,Chattogram/Sylhet,0,,0,1,CNBRFIC1HR,BDDHS2011360002,2011,DHS,1021,1162,,,
BGD,Chattogram,5221973,Children who started breastfeeding within 1 hour of birth,46.2,1,BD,Bangladesh,2011,BD2011DHS,CN_BRFI_C_1HR,104266020,I,360003,1360030,Region,..Chattogram,0,,0,1,CNBRFIC1HR,BDDHS2011360003,2011,DHS,783,674,,,1
BGD,Sylhet,1290211,Children who started breastfeeding within 1 hour of birth,53.8,1,BD,Bangladesh,2011,BD2011DHS,CN_BRFI_C_1HR,104266020,I,360004,1360040,Region,..Sylhet,0,,0,1,CNBRFIC1HR,BDDHS2011360004,2011,DHS,238,488,,,1
BGD,Dhaka before 2015,7007269,Children who started breastfeeding within 1 hour of birth,43,1,BD,Bangladesh,2011,BD2011DHS,CN_BRFI_C_1HR,104266020,I,360005,1360050,Region,Dhaka before 2015,0,,0,1,CNBRFIC1HR,BDDHS2011360005,2011,DHS,988,525,,,1
BGD,Khulna,6196096,Children who started breastfeeding within 1 hour of birth,45.7,1,BD,Bangladesh,2011,BD2011DHS,CN_BRFI_C_1HR,104266020,I,360006,1360060,Region,Khulna,0,,0,1,CNBRFIC1HR,BDDHS2011360006,2011,DHS,305,386,,,1
BGD,Rajshahi/Rangpur,3087383,Children who started breastfeeding within 1 hour of birth,52.3,1,BD,Bangladesh,2011,BD2011DHS,CN_BRFI_C_1HR,104266020,I,360007,1360070,Region,Rajshahi/Rangpur,0,,0,1,CNBRFIC1HR,BDDHS2011360007,2011,DHS,773,821,,,
BGD,Rangpur,7354440,Children who started breastfeeding within 1 hour of birth,50.8,1,BD,Bangladesh,2011,BD2011DHS,CN_BRFI_C_1HR,104266020,I,360008,1360080,Region,..Rangpur,0,,0,1,CNBRFIC1HR,BDDHS2011360008,2011,DHS,334,405,,,1
BGD,Rajshahi,4051919,Children who started breastfeeding within 1 hour of birth,53.5,1,BD,Bangladesh,2011,BD2011DHS,CN_BRFI_C_1HR,104266020,I,360009,1360090,Region,..Rajshahi,0,,0,1,CNBRFIC1HR,BDDHS2011360009,2011,DHS,439,416,,,1
BGD,Barishal,500631,Breastfed children 6-23 months fed both 4+ food groups and the minimum meal frequency,17.5,1,BD,Bangladesh,2011,BD2011DHS,CN_IYCF_C_BTB,104436030,I,360001,1360010,Region,Barishal,0,,0,1,CNIYCFCBTB,BDDHS2011360001,2011,DHS,125,249,,,1
BGD,Chattogram/Sylhet,2742700,Breastfed children 6-23 months fed both 4+ food groups and the minimum meal frequency,15.6,1,BD,Bangladesh,2011,BD2011DHS,CN_IYCF_C_BTB,104436030,I,360002,1360020,Region,Chattogram/Sylhet,0,,0,1,CNIYCFCBTB,BDDHS2011360002,2011,DHS,680,775,,,
BGD,Chattogram,1290261,Breastfed children 6-23 months fed both 4+ food groups and the minimum meal frequency,16.9,1,BD,Bangladesh,2011,BD2011DHS,CN_IYCF_C_BTB,104436030,I,360003,1360030,Region,..Chattogram,0,,0,1,CNIYCFCBTB,BDDHS2011360003,2011,DHS,516,440,,,1
BGD,Sylhet,6941056,Breastfed children 6-23 months fed both 4+ food groups and the minimum meal frequency,11.5,1,BD,Bangladesh,2011,BD2011DHS,CN_IYCF_C_BTB,104436030,I,360004,1360040,Region,..Sylhet,0,,0,1,CNIYCFCBTB,BDDHS2011360004,2011,DHS,164,335,,,1
BGD,Dhaka before 2015,5782386,Breastfed children 6-23 months fed both 4+ food groups and the minimum meal frequency,23.6,1,BD,Bangladesh,2011,BD2011DHS,CN_IYCF_C_BTB,104436030,I,360005,1360050,Region,Dhaka before 2015,0,,0,1,CNIYCFCBTB,BDDHS2011360005,2011,DHS,662,352,,,1
BGD,Khulna,4657386,Breastfed children 6-23 months fed both 4+ food groups and the minimum meal frequency,28.4,1,BD,Bangladesh,2011,BD2011DHS,CN_IYCF_C_BTB,104436030,I,360006,1360060,Region,Khulna,0,,0,1,CNIYCFCBTB,BDDHS2011360006,2011,DHS,206,258,,,1
BGD,Rajshahi/Rangpur,6381016,Breastfed children 6-23 months fed both 4+ food groups and the minimum meal frequency,23.4,1,BD,Bangladesh,2011,BD2011DHS,CN_IYCF_C_BTB,104436030,I,360007,1360070,Region,Rajshahi/Rangpur,0,,0,1,CNIYCFCBTB,BDDHS2011360007,2011,DHS,550,583,,,
BGD,Rangpur,423450,Breastfed children 6-23 months fed both 4+ food groups and the minimum meal frequency,21.7,1,BD,Bangladesh,2011,BD2011DHS,CN_IYCF_C_BTB,104436030,I,360008,1360080,Region,..Rangpur,0,,0,1,CNIYCFCBTB,BDDHS2011360008,2011,DHS,240,286,,,1
BGD,Rajshahi,5688669,Breastfed children 6-23 months fed both 4+ food groups and the minimum meal frequency,24.8,1,BD,Bangladesh,2011,BD2011DHS,CN_IYCF_C_BTB,104436030,I,360009,1360090,Region,..Rajshahi,0,,0,1,CNIYCFCBTB,BDDHS2011360009,2011,DHS,310,297,,,1
BGD,Chattogram/Sylhet,2854119,Non-breastfed children 6-23 months with 3 IYCF practices,12.9,1,BD,Bangladesh,2011,BD2011DHS,CN_IYCF_C_3PN,104436090,I,360002,1360020,Region,Chattogram/Sylhet,0,,0,1,CNIYCFC3PN,BDDHS2011360002,2011,DHS,61,71,,,
BGD,Chattogram,6966144,Non-breastfed children 6-23 months with 3 IYCF practices,15.1,1,BD,Bangladesh,2011,BD2011DHS,CN_IYCF_C_3PN,104436090,I,360003,1360030,Region,..Chattogram,0,,0,1,CNIYCFC3PN,BDDHS2011360003,2011,DHS,52,52,,,1
BGD,Barishal,5686680,Households with iodized salt,89.1,1,BD,Bangladesh,2011,BD2011DHS,CN_IODZ_H_IOD,104531050,I,360001,1360010,Region,Barishal,0,,0,1,CNIODZHIOD,BDDHS2011360001,2011,DHS,997,2013,,,1
BGD,Chattogram/Sylhet,1290312,Households with iodized salt,80.3,1,BD,Bangladesh,2011,BD2011DHS,CN_IODZ_H_IOD,104531050,I,360002,1360020,Region,Chattogram/Sylhet,0,,0,1,CNIODZHIOD,BDDHS2011360002,2011,DHS,3795,4533,,,
BGD,Chattogram,4901418,Households with iodized salt,77.4,1,BD,Bangladesh,2011,BD2011DHS,CN_IODZ_H_IOD,104531050,I,360003,1360030,Region,..Chattogram,0,,0,1,CNIODZHIOD,BDDHS2011360003,2011,DHS,2899,2580,,,1
BGD,Sylhet,2913811,Households with iodized salt,89.8,1,BD,Bangladesh,2011,BD2011DHS,CN_IODZ_H_IOD,104531050,I,360004,1360040,Region,..Sylhet,0,,0,1,CNIODZHIOD,BDDHS2011360004,2011,DHS,896,1953,,,1
BGD,Dhaka before 2015,7028741,Households with iodized salt,85.9,1,BD,Bangladesh,2011,BD2011DHS,CN_IODZ_H_IOD,104531050,I,360005,1360050,Region,Dhaka before 2015,0,,0,1,CNIODZHIOD,BDDHS2011360005,2011,DHS,5507,2992,,,1
BGD,Khulna,3336328,Households with iodized salt,92.7,1,BD,Bangladesh,2011,BD2011DHS,CN_IODZ_H_IOD,104531050,I,360006,1360060,Region,Khulna,0,,0,1,CNIODZHIOD,BDDHS2011360006,2011,DHS,2005,2448,,,1
BGD,Rajshahi/Rangpur,4001517,Households with iodized salt,73.6,1,BD,Bangladesh,2011,BD2011DHS,CN_IODZ_H_IOD,104531050,I,360007,1360070,Region,Rajshahi/Rangpur,0,,0,1,CNIODZHIOD,BDDHS2011360007,2011,DHS,4569,4896,,,
BGD,Rangpur,3538926,Households with iodized salt,73.5,1,BD,Bangladesh,2011,BD2011DHS,CN_IODZ_H_IOD,104531050,I,360008,1360080,Region,..Rangpur,0,,0,1,CNIODZHIOD,BDDHS2011360008,2011,DHS,2045,2437,,,1
BGD,Rajshahi,2751670,Households with iodized salt,73.7,1,BD,Bangladesh,2011,BD2011DHS,CN_IODZ_H_IOD,104531050,I,360009,1360090,Region,..Rajshahi,0,,0,1,CNIODZHIOD,BDDHS2011360009,2011,DHS,2524,2459,,,1
BGD,Barishal,7392829,Women who are thin according to BMI (<18.5),27,1,BD,Bangladesh,2011,BD2011DHS,AN_NUTS_W_THN,114563060,I,360001,1360010,Region,Barishal,0,,0,1,ANNUTSWTHN,BDDHS2011360001,2011,DHS,873,1793,,,1
BGD,Chattogram/Sylhet,4156550,Women who are thin according to BMI (<18.5),25.3,1,BD,Bangladesh,2011,BD2011DHS,AN_NUTS_W_THN,114563060,I,360002,1360020,Region,Chattogram/Sylhet,0,,0,1,ANNUTSWTHN,BDDHS2011360002,2011,DHS,3705,4382,,,
BGD,Chattogram,5012616,Women who are thin according to BMI (<18.5),22.4,1,BD,Bangladesh,2011,BD2011DHS,AN_NUTS_W_THN,114563060,I,360003,1360030,Region,..Chattogram,0,,0,1,ANNUTSWTHN,BDDHS2011360003,2011,DHS,2868,2565,,,1
BGD,Sylhet,2992299,Women who are thin according to BMI (<18.5),35.2,1,BD,Bangladesh,2011,BD2011DHS,AN_NUTS_W_THN,114563060,I,360004,1360040,Region,..Sylhet,0,,0,1,ANNUTSWTHN,BDDHS2011360004,2011,DHS,837,1817,,,1
BGD,Dhaka before 2015,5083166,Women who are thin according to BMI (<18.5),23.6,1,BD,Bangladesh,2011,BD2011DHS,AN_NUTS_W_THN,114563060,I,360005,1360050,Region,Dhaka before 2015,0,,0,1,ANNUTSWTHN,BDDHS2011360005,2011,DHS,5166,2758,,,1
BGD,Khulna,6308480,Women who are thin according to BMI (<18.5),19,1,BD,Bangladesh,2011,BD2011DHS,AN_NUTS_W_THN,114563060,I,360006,1360060,Region,Khulna,0,,0,1,ANNUTSWTHN,BDDHS2011360006,2011,DHS,1989,2449,,,1
BGD,Rajshahi/Rangpur,4579794,Women who are thin according to BMI (<18.5),25.8,1,BD,Bangladesh,2011,BD2011DHS,AN_NUTS_W_THN,114563060,I,360007,1360070,Region,Rajshahi/Rangpur,0,,0,1,ANNUTSWTHN,BDDHS2011360007,2011,DHS,4292,4641,,,
BGD,Rangpur,6230194,Women who are thin according to BMI (<18.5),27.1,1,BD,Bangladesh,2011,BD2011DHS,AN_NUTS_W_THN,114563060,I,360008,1360080,Region,..Rangpur,0,,0,1,ANNUTSWTHN,BDDHS2011360008,2011,DHS,1884,2280,,,1
BGD,Rajshahi,2696909,Women who are thin according to BMI (<18.5),24.8,1,BD,Bangladesh,2011,BD2011DHS,AN_NUTS_W_THN,114563060,I,360009,1360090,Region,..Rajshahi,0,,0,1,ANNUTSWTHN,BDDHS2011360009,2011,DHS,2408,2361,,,1
BGD,Barishal,7392831,Women who are overweight or obese according to BMI (>=25.0),12.6,1,BD,Bangladesh,2011,BD2011DHS,AN_NUTS_W_OWT,114563090,I,360001,1360010,Region,Barishal,0,,0,1,ANNUTSWOWT,BDDHS2011360001,2011,DHS,873,1793,,,1
BGD,Chattogram/Sylhet,4156631,Women who are overweight or obese according to BMI (>=25.0),16.9,1,BD,Bangladesh,2011,BD2011DHS,AN_NUTS_W_OWT,114563090,I,360002,1360020,Region,Chattogram/Sylhet,0,,0,1,ANNUTSWOWT,BDDHS2011360002,2011,DHS,3705,4382,,,
BGD,Chattogram,5012624,Women who are overweight or obese according to BMI (>=25.0),17.9,1,BD,Bangladesh,2011,BD2011DHS,AN_NUTS_W_OWT,114563090,I,360003,1360030,Region,..Chattogram,0,,0,1,ANNUTSWOWT,BDDHS2011360003,2011,DHS,2868,2565,,,1
BGD,Sylhet,2992303,Women who are overweight or obese according to BMI (>=25.0),13.1,1,BD,Bangladesh,2011,BD2011DHS,AN_NUTS_W_OWT,114563090,I,360004,1360040,Region,..Sylhet,0,,0,1,ANNUTSWOWT,BDDHS2011360004,2011,DHS,837,1817,,,1
BGD,Dhaka before 2015,5083168,Women who are overweight or obese according to BMI (>=25.0),18.3,1,BD,Bangladesh,2011,BD2011DHS,AN_NUTS_W_OWT,114563090,I,360005,1360050,Region,Dhaka before 2015,0,,0,1,ANNUTSWOWT,BDDHS2011360005,2011,DHS,5166,2758,,,1
BGD,Khulna,6308422,Women who are overweight or obese according to BMI (>=25.0),19.8,1,BD,Bangladesh,2011,BD2011DHS,AN_NUTS_W_OWT,114563090,I,360006,1360060,Region,Khulna,0,,0,1,ANNUTSWOWT,BDDHS2011360006,2011,DHS,1989,2449,,,1
BGD,Rajshahi/Rangpur,4579796,Women who are overweight or obese according to BMI (>=25.0),13.3,1,BD,Bangladesh,2011,BD2011DHS,AN_NUTS_W_OWT,114563090,I,360007,1360070,Region,Rajshahi/Rangpur,0,,0,1,ANNUTSWOWT,BDDHS2011360007,2011,DHS,4292,4641,,,
BGD,Rangpur,6230202,Women who are overweight or obese according to BMI (>=25.0),10.5,1,BD,Bangladesh,2011,BD2011DHS,AN_NUTS_W_OWT,114563090,I,360008,1360080,Region,..Rangpur,0,,0,1,ANNUTSWOWT,BDDHS2011360008,2011,DHS,1884,2280,,,1
BGD,Rajshahi,2697202,Women who are overweight or obese according to BMI (>=25.0),15.5,1,BD,Bangladesh,2011,BD2011DHS,AN_NUTS_W_OWT,114563090,I,360009,1360090,Region,..Rajshahi,0,,0,1,ANNUTSWOWT,BDDHS2011360009,2011,DHS,2408,2361,,,1
BGD,Barishal,1297366,Men who are thin according to BMI (<18.5),35.3,1,BD,Bangladesh,2011,BD2011DHS,AN_NUTS_M_THN,114564190,I,360001,1360010,Region,Barishal,0,,0,1,ANNUTSMTHN,BDDHS2011360001,2011,DHS,65,125,,,1
BGD,Chattogram/Sylhet,5700875,Men who are thin according to BMI (<18.5),26.7,1,BD,Bangladesh,2011,BD2011DHS,AN_NUTS_M_THN,114564190,I,360002,1360020,Region,Chattogram/Sylhet,0,,0,1,ANNUTSMTHN,BDDHS2011360002,2011,DHS,285,343,,,
BGD,Chattogram,4388686,Men who are thin according to BMI (<18.5),24.5,1,BD,Bangladesh,2011,BD2011DHS,AN_NUTS_M_THN,114564190,I,360003,1360030,Region,..Chattogram,0,,0,1,ANNUTSMTHN,BDDHS2011360003,2011,DHS,225,209,,,1
BGD,Sylhet,1290462,Men who are thin according to BMI (<18.5),35.2,1,BD,Bangladesh,2011,BD2011DHS,AN_NUTS_M_THN,114564190,I,360004,1360040,Region,..Sylhet,0,,0,1,ANNUTSMTHN,BDDHS2011360004,2011,DHS,61,134,,,1
BGD,Dhaka before 2015,3457220,Men who are thin according to BMI (<18.5),26.7,1,BD,Bangladesh,2011,BD2011DHS,AN_NUTS_M_THN,114564190,I,360005,1360050,Region,Dhaka before 2015,0,,0,1,ANNUTSMTHN,BDDHS2011360005,2011,DHS,461,245,,,1
BGD,Khulna,4312851,Men who are thin according to BMI (<18.5),24.6,1,BD,Bangladesh,2011,BD2011DHS,AN_NUTS_M_THN,114564190,I,360006,1360060,Region,Khulna,0,,0,1,ANNUTSMTHN,BDDHS2011360006,2011,DHS,174,212,,,1
BGD,Rajshahi/Rangpur,4793569,Men who are thin according to BMI (<18.5),26.1,1,BD,Bangladesh,2011,BD2011DHS,AN_NUTS_M_THN,114564190,I,360007,1360070,Region,Rajshahi/Rangpur,0,,0,1,ANNUTSMTHN,BDDHS2011360007,2011,DHS,407,444,,,
BGD,Rangpur,2927831,Men who are thin according to BMI (<18.5),21.7,1,BD,Bangladesh,2011,BD2011DHS,AN_NUTS_M_THN,114564190,I,360008,1360080,Region,..Rangpur,0,,0,1,ANNUTSMTHN,BDDHS2011360008,2011,DHS,195,244,,,1
BGD,Rajshahi,5172000,Men who are thin according to BMI (<18.5),30.2,1,BD,Bangladesh,2011,BD2011DHS,AN_NUTS_M_THN,114564190,I,360009,1360090,Region,..Rajshahi,0,,0,1,ANNUTSMTHN,BDDHS2011360009,2011,DHS,212,200,,,1
BGD,Barishal,1297368,Men who are overweight or obese according to BMI (>=25.0),3.8,1,BD,Bangladesh,2011,BD2011DHS,AN_NUTS_M_OWT,114564220,I,360001,1360010,Region,Barishal,0,,0,1,ANNUTSMOWT,BDDHS2011360001,2011,DHS,65,125,,,1
BGD,Chattogram/Sylhet,5700877,Men who are overweight or obese according to BMI (>=25.0),8.9,1,BD,Bangladesh,2011,BD2011DHS,AN_NUTS_M_OWT,114564220,I,360002,1360020,Region,Chattogram/Sylhet,0,,0,1,ANNUTSMOWT,BDDHS2011360002,2011,DHS,285,343,,,
BGD,Chattogram,4388619,Men who are overweight or obese according to BMI (>=25.0),10,1,BD,Bangladesh,2011,BD2011DHS,AN_NUTS_M_OWT,114564220,I,360003,1360030,Region,..Chattogram,0,,0,1,ANNUTSMOWT,BDDHS2011360003,2011,DHS,225,209,,,1
BGD,Sylhet,1290458,Men who are overweight or obese according to BMI (>=25.0),4.8,1,BD,Bangladesh,2011,BD2011DHS,AN_NUTS_M_OWT,114564220,I,360004,1360040,Region,..Sylhet,0,,0,1,ANNUTSMOWT,BDDHS2011360004,2011,DHS,61,134,,,1
BGD,Dhaka before 2015,3457222,Men who are overweight or obese according to BMI (>=25.0),4.8,1,BD,Bangladesh,2011,BD2011DHS,AN_NUTS_M_OWT,114564220,I,360005,1360050,Region,Dhaka before 2015,0,,0,1,ANNUTSMOWT,BDDHS2011360005,2011,DHS,461,245,,,1
BGD,Khulna,4312816,Men who are overweight or obese according to BMI (>=25.0),6.3,1,BD,Bangladesh,2011,BD2011DHS,AN_NUTS_M_OWT,114564220,I,360006,1360060,Region,Khulna,0,,0,1,ANNUTSMOWT,BDDHS2011360006,2011,DHS,174,212,,,1
BGD,Rajshahi/Rangpur,4793566,Men who are overweight or obese according to BMI (>=25.0),6.4,1,BD,Bangladesh,2011,BD2011DHS,AN_NUTS_M_OWT,114564220,I,360007,1360070,Region,Rajshahi/Rangpur,0,,0,1,ANNUTSMOWT,BDDHS2011360007,2011,DHS,407,444,,,
BGD,Rangpur,2927826,Men who are overweight or obese according to BMI (>=25.0),5.9,1,BD,Bangladesh,2011,BD2011DHS,AN_NUTS_M_OWT,114564220,I,360008,1360080,Region,..Rangpur,0,,0,1,ANNUTSMOWT,BDDHS2011360008,2011,DHS,195,244,,,1
BGD,Rajshahi,5172023,Men who are overweight or obese according to BMI (>=25.0),6.9,1,BD,Bangladesh,2011,BD2011DHS,AN_NUTS_M_OWT,114564220,I,360009,1360090,Region,..Rajshahi,0,,0,1,ANNUTSMOWT,BDDHS2011360009,2011,DHS,212,200,,,1
BGD,Barishal,2939517,Children stunted,39.9,1,BD,Bangladesh,2014,BD2014DHS,CN_NUTS_C_HA2,104236020,I,360001,1360010,Region,Barishal,0,,0,1,CNNUTSCHA2,BDDHS2014360001,2014,DHS,424,837,,,1
BGD,Chattogram/Sylhet,6351268,Children stunted,41.7,1,BD,Bangladesh,2014,BD2014DHS,CN_NUTS_C_HA2,104236020,I,360002,1360020,Region,Chattogram/Sylhet,0,,0,1,CNNUTSCHA2,BDDHS2014360002,2014,DHS,2241,2484,,,
BGD,Chattogram,6821384,Children stunted,38,1,BD,Bangladesh,2014,BD2014DHS,CN_NUTS_C_HA2,104236020,I,360003,1360030,Region,..Chattogram,0,,0,1,CNNUTSCHA2,BDDHS2014360003,2014,DHS,1541,1350,,,1
BGD,Sylhet,4628799,Children stunted,49.6,1,BD,Bangladesh,2014,BD2014DHS,CN_NUTS_C_HA2,104236020,I,360004,1360040,Region,..Sylhet,0,,0,1,CNNUTSCHA2,BDDHS2014360004,2014,DHS,700,1134,,,1
BGD,Dhaka before 2015,3667302,Children stunted,33.9,1,BD,Bangladesh,2014,BD2014DHS,CN_NUTS_C_HA2,104236020,I,360005,1360050,Region,Dhaka before 2015,0,,0,1,CNNUTSCHA2,BDDHS2014360005,2014,DHS,2546,1249,,,1
BGD,Khulna,7080825,Children stunted,28.1,1,BD,Bangladesh,2014,BD2014DHS,CN_NUTS_C_HA2,104236020,I,360006,1360060,Region,Khulna,0,,0,1,CNNUTSCHA2,BDDHS2014360006,2014,DHS,565,793,,,1
BGD,Rajshahi/Rangpur,5714848,Children stunted,33.5,1,BD,Bangladesh,2014,BD2014DHS,CN_NUTS_C_HA2,104236020,I,360007,1360070,Region,Rajshahi/Rangpur,0,,0,1,CNNUTSCHA2,BDDHS2014360007,2014,DHS,1542,1804,,,
BGD,Rangpur,4470148,Children stunted,36,1,BD,Bangladesh,2014,BD2014DHS,CN_NUTS_C_HA2,104236020,I,360008,1360080,Region,..Rangpur,0,,0,1,CNNUTSCHA2,BDDHS2014360008,2014,DHS,762,899,,,1
BGD,Rajshahi,6637881,Children stunted,31.1,1,BD,Bangladesh,2014,BD2014DHS,CN_NUTS_C_HA2,104236020,I,360009,1360090,Region,..Rajshahi,0,,0,1,CNNUTSCHA2,BDDHS2014360009,2014,DHS,780,905,,,1
BGD,Barishal,5880138,Children wasted,17.7,1,BD,Bangladesh,2014,BD2014DHS,CN_NUTS_C_WH2,104236050,I,360001,1360010,Region,Barishal,0,,0,1,CNNUTSCWH2,BDDHS2014360001,2014,DHS,424,837,,,1
BGD,Chattogram/Sylhet,39619,Children wasted,14.5,1,BD,Bangladesh,2014,BD2014DHS,CN_NUTS_C_WH2,104236050,I,360002,1360020,Region,Chattogram/Sylhet,0,,0,1,CNNUTSCWH2,BDDHS2014360002,2014,DHS,2241,2484,,,
BGD,Chattogram,7379114,Children wasted,15.6,1,BD,Bangladesh,2014,BD2014DHS,CN_NUTS_C_WH2,104236050,I,360003,1360030,Region,..Chattogram,0,,0,1,CNNUTSCWH2,BDDHS2014360003,2014,DHS,1541,1350,,,1
BGD,Sylhet,4736376,Children wasted,12.1,1,BD,Bangladesh,2014,BD2014DHS,CN_NUTS_C_WH2,104236050,I,360004,1360040,Region,..Sylhet,0,,0,1,CNNUTSCWH2,BDDHS2014360004,2014,DHS,700,1134,,,1
BGD,Dhaka before 2015,4743877,Children wasted,11.9,1,BD,Bangladesh,2014,BD2014DHS,CN_NUTS_C_WH2,104236050,I,360005,1360050,Region,Dhaka before 2015,0,,0,1,CNNUTSCWH2,BDDHS2014360005,2014,DHS,2546,1249,,,1
BGD,Khulna,1290490,Children wasted,13.5,1,BD,Bangladesh,2014,BD2014DHS,CN_NUTS_C_WH2,104236050,I,360006,1360060,Region,Khulna,0,,0,1,CNNUTSCWH2,BDDHS2014360006,2014,DHS,565,793,,,1
BGD,Rajshahi/Rangpur,5468176,Children wasted,17.5,1,BD,Bangladesh,2014,BD2014DHS,CN_NUTS_C_WH2,104236050,I,360007,1360070,Region,Rajshahi/Rangpur,0,,0,1,CNNUTSCWH2,BDDHS2014360007,2014,DHS,1542,1804,,,
BGD,Rangpur,6006972,Children wasted,17.7,1,BD,Bangladesh,2014,BD2014DHS,CN_NUTS_C_WH2,104236050,I,360008,1360080,Region,..Rangpur,0,,0,1,CNNUTSCWH2,BDDHS2014360008,2014,DHS,762,899,,,1
BGD,Rajshahi,880390,Children wasted,17.3,1,BD,Bangladesh,2014,BD2014DHS,CN_NUTS_C_WH2,104236050,I,360009,1360090,Region,..Rajshahi,0,,0,1,CNNUTSCWH2,BDDHS2014360009,2014,DHS,780,905,,,1
BGD,Barishal,5880139,Children overweight,1.4,1,BD,Bangladesh,2014,BD2014DHS,CN_NUTS_C_WHP,104236060,I,360001,1360010,Region,Barishal,0,,0,1,CNNUTSCWHP,BDDHS2014360001,2014,DHS,424,837,,,1
BGD,Chattogram/Sylhet,39620,Children overweight,1.2,1,BD,Bangladesh,2014,BD2014DHS,CN_NUTS_C_WHP,104236060,I,360002,1360020,Region,Chattogram/Sylhet,0,,0,1,CNNUTSCWHP,BDDHS2014360002,2014,DHS,2241,2484,,,
BGD,Chattogram,7379115,Children overweight,1.4,1,BD,Bangladesh,2014,BD2014DHS,CN_NUTS_C_WHP,104236060,I,360003,1360030,Region,..Chattogram,0,,0,1,CNNUTSCWHP,BDDHS2014360003,2014,DHS,1541,1350,,,1
BGD,Sylhet,4736377,Children overweight,0.8,1,BD,Bangladesh,2014,BD2014DHS,CN_NUTS_C_WHP,104236060,I,360004,1360040,Region,..Sylhet,0,,0,1,CNNUTSCWHP,BDDHS2014360004,2014,DHS,700,1134,,,1
BGD,Dhaka before 2015,4743878,Children overweight,2.1,1,BD,Bangladesh,2014,BD2014DHS,CN_NUTS_C_WHP,104236060,I,360005,1360050,Region,Dhaka before 2015,0,,0,1,CNNUTSCWHP,BDDHS2014360005,2014,DHS,2546,1249,,,1
BGD,Khulna,1290491,Children overweight,0.4,1,BD,Bangladesh,2014,BD2014DHS,CN_NUTS_C_WHP,104236060,I,360006,1360060,Region,Khulna,0,,0,1,CNNUTSCWHP,BDDHS2014360006,2014,DHS,565,793,,,1
BGD,Rajshahi/Rangpur,5468195,Children overweight,1.1,1,BD,Bangladesh,2014,BD2014DHS,CN_NUTS_C_WHP,104236060,I,360007,1360070,Region,Rajshahi/Rangpur,0,,0,1,CNNUTSCWHP,BDDHS2014360007,2014,DHS,1542,1804,,,
BGD,Rangpur,6006973,Children overweight,1.3,1,BD,Bangladesh,2014,BD2014DHS,CN_NUTS_C_WHP,104236060,I,360008,1360080,Region,..Rangpur,0,,0,1,CNNUTSCWHP,BDDHS2014360008,2014,DHS,762,899,,,1
BGD,Rajshahi,880391,Children overweight,0.9,1,BD,Bangladesh,2014,BD2014DHS,CN_NUTS_C_WHP,104236060,I,360009,1360090,Region,..Rajshahi,0,,0,1,CNNUTSCWHP,BDDHS2014360009,2014,DHS,780,905,,,1
BGD,Barishal,1290555,Children who started breastfeeding within 1 hour of birth,52,1,BD,Bangladesh,2014,BD2014DHS,CN_BRFI_C_1HR,104266020,I,360001,1360010,Region,Barishal,0,,0,1,CNBRFIC1HR,BDDHS2014360001,2014,DHS,185,371,,,1
BGD,Chattogram/Sylhet,5657325,Children who started breastfeeding within 1 hour of birth,49,1,BD,Bangladesh,2014,BD2014DHS,CN_BRFI_C_1HR,104266020,I,360002,1360020,Region,Chattogram/Sylhet,0,,0,1,CNBRFIC1HR,BDDHS2014360002,2014,DHS,974,1037,,,
BGD,Chattogram,5732115,Children who started breastfeeding within 1 hour of birth,45.8,1,BD,Bangladesh,2014,BD2014DHS,CN_BRFI_C_1HR,104266020,I,360003,1360030,Region,..Chattogram,0,,0,1,CNBRFIC1HR,BDDHS2014360003,2014,DHS,682,579,,,1
BGD,Sylhet,3150182,Children who started breastfeeding within 1 hour of birth,56.5,1,BD,Bangladesh,2014,BD2014DHS,CN_BRFI_C_1HR,104266020,I,360004,1360040,Region,..Sylhet,0,,0,1,CNBRFIC1HR,BDDHS2014360004,2014,DHS,292,458,,,1
BGD,Dhaka before 2015,7362490,Children who started breastfeeding within 1 hour of birth,51.8,1,BD,Bangladesh,2014,BD2014DHS,CN_BRFI_C_1HR,104266020,I,360005,1360050,Region,Dhaka before 2015,0,,0,1,CNBRFIC1HR,BDDHS2014360005,2014,DHS,1182,568,,,1
BGD,Khulna,3719726,Children who started breastfeeding within 1 hour of birth,39.1,1,BD,Bangladesh,2014,BD2014DHS,CN_BRFI_C_1HR,104266020,I,360006,1360060,Region,Khulna,0,,0,1,CNBRFIC1HR,BDDHS2014360006,2014,DHS,250,360,,,1
BGD,Rajshahi/Rangpur,5521952,Children who started breastfeeding within 1 hour of birth,55.9,1,BD,Bangladesh,2014,BD2014DHS,CN_BRFI_C_1HR,104266020,I,360007,1360070,Region,Rajshahi/Rangpur,0,,0,1,CNBRFIC1HR,BDDHS2014360007,2014,DHS,615,742,,,
BGD,Rangpur,676182,Children who started breastfeeding within 1 hour of birth,59.6,1,BD,Bangladesh,2014,BD2014DHS,CN_BRFI_C_1HR,104266020,I,360008,1360080,Region,..Rangpur,0,,0,1,CNBRFIC1HR,BDDHS2014360008,2014,DHS,292,364,,,1
BGD,Rajshahi,4289979,Children who started breastfeeding within 1 hour of birth,52.5,1,BD,Bangladesh,2014,BD2014DHS,CN_BRFI_C_1HR,104266020,I,360009,1360090,Region,..Rajshahi,0,,0,1,CNBRFIC1HR,BDDHS2014360009,2014,DHS,323,378,,,1
BGD,Barishal,4391595,Breastfed children 6-23 months fed both 4+ food groups and the minimum meal frequency,25.3,1,BD,Bangladesh,2014,BD2014DHS,CN_IYCF_C_BTB,104436030,I,360001,1360010,Region,Barishal,0,,0,1,CNIYCFCBTB,BDDHS2014360001,2014,DHS,131,262,,,1
BGD,Chattogram/Sylhet,6623400,Breastfed children 6-23 months fed both 4+ food groups and the minimum meal frequency,18.2,1,BD,Bangladesh,2014,BD2014DHS,CN_IYCF_C_BTB,104436030,I,360002,1360020,Region,Chattogram/Sylhet,0,,0,1,CNIYCFCBTB,BDDHS2014360002,2014,DHS,670,720,,,
BGD,Chattogram,4332191,Breastfed children 6-23 months fed both 4+ food groups and the minimum meal frequency,18.2,1,BD,Bangladesh,2014,BD2014DHS,CN_IYCF_C_BTB,104436030,I,360003,1360030,Region,..Chattogram,0,,0,1,CNIYCFCBTB,BDDHS2014360003,2014,DHS,471,397,,,1
BGD,Sylhet,5005425,Breastfed children 6-23 months fed both 4+ food groups and the minimum meal frequency,18.2,1,BD,Bangladesh,2014,BD2014DHS,CN_IYCF_C_BTB,104436030,I,360004,1360040,Region,..Sylhet,0,,0,1,CNIYCFCBTB,BDDHS2014360004,2014,DHS,199,323,,,1
BGD,Dhaka before 2015,1297491,Breastfed children 6-23 months fed both 4+ food groups and the minimum meal frequency,23.3,1,BD,Bangladesh,2014,BD2014DHS,CN_IYCF_C_BTB,104436030,I,360005,1360050,Region,Dhaka before 2015,0,,0,1,CNIYCFCBTB,BDDHS2014360005,2014,DHS,843,403,,,1
BGD,Khulna,490585,Breastfed children 6-23 months fed both 4+ food groups and the minimum meal frequency,31.2,1,BD,Bangladesh,2014,BD2014DHS,CN_IYCF_C_BTB,104436030,I,360006,1360060,Region,Khulna,0,,0,1,CNIYCFCBTB,BDDHS2014360006,2014,DHS,183,262,,,1
BGD,Rajshahi/Rangpur,6036589,Breastfed children 6-23 months fed both 4+ food groups and the minimum meal frequency,25.7,1,BD,Bangladesh,2014,BD2014DHS,CN_IYCF_C_BTB,104436030,I,360007,1360070,Region,Rajshahi/Rangpur,0,,0,1,CNIYCFCBTB,BDDHS2014360007,2014,DHS,456,558,,,
BGD,Rangpur,239743,Breastfed children 6-23 months fed both 4+ food groups and the minimum meal frequency,24.2,1,BD,Bangladesh,2014,BD2014DHS,CN_IYCF_C_BTB,104436030,I,360008,1360080,Region,..Rangpur,0,,0,1,CNIYCFCBTB,BDDHS2014360008,2014,DHS,212,274,,,1
BGD,Rajshahi,3578085,Breastfed children 6-23 months fed both 4+ food groups and the minimum meal frequency,27.1,1,BD,Bangladesh,2014,BD2014DHS,CN_IYCF_C_BTB,104436030,I,360009,1360090,Region,..Rajshahi,0,,0,1,CNIYCFCBTB,BDDHS2014360009,2014,DHS,244,284,,,1
BGD,Chattogram/Sylhet,4378845,Non-breastfed children 6-23 months with 3 IYCF practices,13.6,1,BD,Bangladesh,2014,BD2014DHS,CN_IYCF_C_3PN,104436090,I,360002,1360020,Region,Chattogram/Sylhet,0,,0,1,CNIYCFC3PN,BDDHS2014360002,2014,DHS,62,60,,,
BGD,Chattogram,4732797,Non-breastfed children 6-23 months with 3 IYCF practices,16.5,1,BD,Bangladesh,2014,BD2014DHS,CN_IYCF_C_3PN,104436090,I,360003,1360030,Region,..Chattogram,0,,0,1,CNIYCFC3PN,BDDHS2014360003,2014,DHS,51,42,,,1
BGD,Dhaka before 2015,5767104,Non-breastfed children 6-23 months with 3 IYCF practices,25.3,1,BD,Bangladesh,2014,BD2014DHS,CN_IYCF_C_3PN,104436090,I,360005,1360050,Region,Dhaka before 2015,0,,0,1,CNIYCFC3PN,BDDHS2014360005,2014,DHS,75,37,,,1
BGD,Barishal,3354561,Women who are thin according to BMI (<18.5),20.5,1,BD,Bangladesh,2014,BD2014DHS,AN_NUTS_W_THN,114563060,I,360001,1360010,Region,Barishal,0,,0,1,ANNUTSWTHN,BDDHS2014360001,2014,DHS,1016,1955,,,1
BGD,Chattogram/Sylhet,2842778,Women who are thin according to BMI (<18.5),19.4,1,BD,Bangladesh,2014,BD2014DHS,AN_NUTS_W_THN,114563060,I,360002,1360020,Region,Chattogram/Sylhet,0,,0,1,ANNUTSWTHN,BDDHS2014360002,2014,DHS,4070,4458,,,
BGD,Chattogram,6020721,Women who are thin according to BMI (<18.5),15.7,1,BD,Bangladesh,2014,BD2014DHS,AN_NUTS_W_THN,114563060,I,360003,1360030,Region,..Chattogram,0,,0,1,ANNUTSWTHN,BDDHS2014360003,2014,DHS,3007,2604,,,1
BGD,Sylhet,2751609,Women who are thin according to BMI (<18.5),29.8,1,BD,Bangladesh,2014,BD2014DHS,AN_NUTS_W_THN,114563060,I,360004,1360040,Region,..Sylhet,0,,0,1,ANNUTSWTHN,BDDHS2014360004,2014,DHS,1063,1854,,,1
BGD,Dhaka before 2015,6874278,Women who are thin according to BMI (<18.5),18.2,1,BD,Bangladesh,2014,BD2014DHS,AN_NUTS_W_THN,114563060,I,360005,1360050,Region,Dhaka before 2015,0,,0,1,ANNUTSWTHN,BDDHS2014360005,2014,DHS,5778,2873,,,1
BGD,Khulna,1290658,Women who are thin according to BMI (<18.5),13.7,1,BD,Bangladesh,2014,BD2014DHS,AN_NUTS_W_THN,114563060,I,360006,1360060,Region,Khulna,0,,0,1,ANNUTSWTHN,BDDHS2014360006,2014,DHS,1734,2439,,,1
BGD,Rajshahi/Rangpur,5625380,Women who are thin according to BMI (<18.5),19.9,1,BD,Bangladesh,2014,BD2014DHS,AN_NUTS_W_THN,114563060,I,360007,1360070,Region,Rajshahi/Rangpur,0,,0,1,ANNUTSWTHN,BDDHS2014360007,2014,DHS,3879,4719,,,
BGD,Rangpur,7218248,Women who are thin according to BMI (<18.5),20.3,1,BD,Bangladesh,2014,BD2014DHS,AN_NUTS_W_THN,114563060,I,360008,1360080,Region,..Rangpur,0,,0,1,ANNUTSWTHN,BDDHS2014360008,2014,DHS,1913,2365,,,1
BGD,Rajshahi,3174049,Women who are thin according to BMI (<18.5),19.6,1,BD,Bangladesh,2014,BD2014DHS,AN_NUTS_W_THN,114563060,I,360009,1360090,Region,..Rajshahi,0,,0,1,ANNUTSWTHN,BDDHS2014360009,2014,DHS,1966,2354,,,1
BGD,Barishal,3375747,Women who are overweight or obese according to BMI (>=25.0),21.7,1,BD,Bangladesh,2014,BD2014DHS,AN_NUTS_W_OWT,114563090,I,360001,1360010,Region,Barishal,0,,0,1,ANNUTSWOWT,BDDHS2014360001,2014,DHS,1016,1955,,,1
BGD,Chattogram/Sylhet,2842850,Women who are overweight or obese according to BMI (>=25.0),24.4,1,BD,Bangladesh,2014,BD2014DHS,AN_NUTS_W_OWT,114563090,I,360002,1360020,Region,Chattogram/Sylhet,0,,0,1,ANNUTSWOWT,BDDHS2014360002,2014,DHS,4070,4458,,,
BGD,Chattogram,6020648,Women who are overweight or obese according to BMI (>=25.0),27.6,1,BD,Bangladesh,2014,BD2014DHS,AN_NUTS_W_OWT,114563090,I,360003,1360030,Region,..Chattogram,0,,0,1,ANNUTSWOWT,BDDHS2014360003,2014,DHS,3007,2604,,,1
BGD,Sylhet,2751613,Women who are overweight or obese according to BMI (>=25.0),15.2,1,BD,Bangladesh,2014,BD2014DHS,AN_NUTS_W_OWT,114563090,I,360004,1360040,Region,..Sylhet,0,,0,1,ANNUTSWOWT,BDDHS2014360004,2014,DHS,1063,1854,,,1
BGD,Dhaka before 2015,6874315,Women who are overweight or obese according to BMI (>=25.0),25.1,1,BD,Bangladesh,2014,BD2014DHS,AN_NUTS_W_OWT,114563090,I,360005,1360050,Region,Dhaka before 2015,0,,0,1,ANNUTSWOWT,BDDHS2014360005,2014,DHS,5778,2873,,,1
BGD,Khulna,1290663,Women who are overweight or obese according to BMI (>=25.0),27.9,1,BD,Bangladesh,2014,BD2014DHS,AN_NUTS_W_OWT,114563090,I,360006,1360060,Region,Khulna,0,,0,1,ANNUTSWOWT,BDDHS2014360006,2014,DHS,1734,2439,,,1
BGD,Rajshahi/Rangpur,5625383,Women who are overweight or obese according to BMI (>=25.0),20,1,BD,Bangladesh,2014,BD2014DHS,AN_NUTS_W_OWT,114563090,I,360007,1360070,Region,Rajshahi/Rangpur,0,,0,1,ANNUTSWOWT,BDDHS2014360007,2014,DHS,3879,4719,,,
BGD,Rangpur,7218252,Women who are overweight or obese according to BMI (>=25.0),16.9,1,BD,Bangladesh,2014,BD2014DHS,AN_NUTS_W_OWT,114563090,I,360008,1360080,Region,..Rangpur,0,,0,1,ANNUTSWOWT,BDDHS2014360008,2014,DHS,1913,2365,,,1
BGD,Rajshahi,3174053,Women who are overweight or obese according to BMI (>=25.0),22.9,1,BD,Bangladesh,2014,BD2014DHS,AN_NUTS_W_OWT,114563090,I,360009,1360090,Region,..Rajshahi,0,,0,1,ANNUTSWOWT,BDDHS2014360009,2014,DHS,1966,2354,,,1
BGD,Barishal,5870053,Children stunted,32.5,1,BD,Bangladesh,2017,BD2017DHS,CN_NUTS_C_HA2,104236020,I,360001,1360010,Region,Barishal,0,,0,1,CNNUTSCHA2,BDDHS2017360001,2017-18,DHS,463,857,,,1
BGD,Chattogram/Sylhet,4713956,Children stunted,35.6,1,BD,Bangladesh,2017,BD2017DHS,CN_NUTS_C_HA2,104236020,I,360002,1360020,Region,Chattogram/Sylhet,0,,0,1,CNNUTSCHA2,BDDHS2017360002,2017-18,DHS,2307,2467,,,
BGD,Chattogram,4664973,Children stunted,32.8,1,BD,Bangladesh,2017,BD2017DHS,CN_NUTS_C_HA2,104236020,I,360003,1360030,Region,..Chattogram,0,,0,1,CNNUTSCHA2,BDDHS2017360003,2017-18,DHS,1644,1289,,,1
BGD,Sylhet,2602938,Children stunted,42.7,1,BD,Bangladesh,2017,BD2017DHS,CN_NUTS_C_HA2,104236020,I,360004,1360040,Region,..Sylhet,0,,0,1,CNNUTSCHA2,BDDHS2017360004,2017-18,DHS,663,1178,,,1
BGD,Dhaka before 2015,6717428,Children stunted,28.2,1,BD,Bangladesh,2017,BD2017DHS,CN_NUTS_C_HA2,104236020,I,360005,1360050,Region,Dhaka before 2015,0,,0,1,CNNUTSCHA2,BDDHS2017360005,2017-18,DHS,2690,2118,,,
BGD,Dhaka,4977173,Children stunted,25.6,1,BD,Bangladesh,2017,BD2017DHS,CN_NUTS_C_HA2,104236020,I,360010,1360052,Region,..Dhaka,0,,0,1,CNNUTSCHA2,BDDHS2017360010,2017-18,DHS,1999,1152,,,1
BGD,Mymensingh,6679205,Children stunted,35.6,1,BD,Bangladesh,2017,BD2017DHS,CN_NUTS_C_HA2,104236020,I,360011,1360055,Region,..Mymensingh,0,,0,1,CNNUTSCHA2,BDDHS2017360011,2017-18,DHS,691,966,,,1
BGD,Khulna,5883474,Children stunted,25.5,1,BD,Bangladesh,2017,BD2017DHS,CN_NUTS_C_HA2,104236020,I,360006,1360060,Region,Khulna,0,,0,1,CNNUTSCHA2,BDDHS2017360006,2017-18,DHS,769,861,,,1
BGD,Rajshahi/Rangpur,2912488,Children stunted,30.5,1,BD,Bangladesh,2017,BD2017DHS,CN_NUTS_C_HA2,104236020,I,360007,1360070,Region,Rajshahi/Rangpur,0,,0,1,CNNUTSCHA2,BDDHS2017360007,2017-18,DHS,1879,1808,,,
BGD,Rangpur,5517372,Children stunted,30.4,1,BD,Bangladesh,2017,BD2017DHS,CN_NUTS_C_HA2,104236020,I,360008,1360080,Region,..Rangpur,0,,0,1,CNNUTSCHA2,BDDHS2017360008,2017-18,DHS,912,950,,,1
BGD,Rajshahi,1381715,Children stunted,30.6,1,BD,Bangladesh,2017,BD2017DHS,CN_NUTS_C_HA2,104236020,I,360009,1360090,Region,..Rajshahi,0,,0,1,CNNUTSCHA2,BDDHS2017360009,2017-18,DHS,967,858,,,1
BGD,Barishal,4296325,Children wasted,9,1,BD,Bangladesh,2017,BD2017DHS,CN_NUTS_C_WH2,104236050,I,360001,1360010,Region,Barishal,0,,0,1,CNNUTSCWH2,BDDHS2017360001,2017-18,DHS,460,853,,,1
BGD,Chattogram/Sylhet,7180364,Children wasted,8.6,1,BD,Bangladesh,2017,BD2017DHS,CN_NUTS_C_WH2,104236050,I,360002,1360020,Region,Chattogram/Sylhet,0,,0,1,CNNUTSCWH2,BDDHS2017360002,2017-18,DHS,2318,2473,,,
BGD,Chattogram,3700246,Children wasted,7.9,1,BD,Bangladesh,2017,BD2017DHS,CN_NUTS_C_WH2,104236050,I,360003,1360030,Region,..Chattogram,0,,0,1,CNNUTSCWH2,BDDHS2017360003,2017-18,DHS,1655,1297,,,1
BGD,Sylhet,4909250,Children wasted,10.4,1,BD,Bangladesh,2017,BD2017DHS,CN_NUTS_C_WH2,104236050,I,360004,1360040,Region,..Sylhet,0,,0,1,CNNUTSCWH2,BDDHS2017360004,2017-18,DHS,663,1176,,,1
BGD,Dhaka before 2015,2586888,Children wasted,8.8,1,BD,Bangladesh,2017,BD2017DHS,CN_NUTS_C_WH2,104236050,I,360005,1360050,Region,Dhaka before 2015,0,,0,1,CNNUTSCWH2,BDDHS2017360005,2017-18,DHS,2683,2114,,,
BGD,Dhaka,2673733,Children wasted,8.8,1,BD,Bangladesh,2017,BD2017DHS,CN_NUTS_C_WH2,104236050,I,360010,1360052,Region,..Dhaka,0,,0,1,CNNUTSCWH2,BDDHS2017360010,2017-18,DHS,1991,1148,,,1
BGD,Mymensingh,144464,Children wasted,9,1,BD,Bangladesh,2017,BD2017DHS,CN_NUTS_C_WH2,104236050,I,360011,1360055,Region,..Mymensingh,0,,0,1,CNNUTSCWH2,BDDHS2017360011,2017-18,DHS,692,966,,,1
BGD,Khulna,4155367,Children wasted,8,1,BD,Bangladesh,2017,BD2017DHS,CN_NUTS_C_WH2,104236050,I,360006,1360060,Region,Khulna,0,,0,1,CNNUTSCWH2,BDDHS2017360006,2017-18,DHS,769,860,,,1
BGD,Rajshahi/Rangpur,6019559,Children wasted,7.6,1,BD,Bangladesh,2017,BD2017DHS,CN_NUTS_C_WH2,104236050,I,360007,1360070,Region,Rajshahi/Rangpur,0,,0,1,CNNUTSCWH2,BDDHS2017360007,2017-18,DHS,1882,1810,,,
BGD,Rangpur,1381701,Children wasted,7.3,1,BD,Bangladesh,2017,BD2017DHS,CN_NUTS_C_WH2,104236050,I,360008,1360080,Region,..Rangpur,0,,0,1,CNNUTSCWH2,BDDHS2017360008,2017-18,DHS,915,952,,,1
BGD,Rajshahi,5432162,Children wasted,8,1,BD,Bangladesh,2017,BD2017DHS,CN_NUTS_C_WH2,104236050,I,360009,1360090,Region,..Rajshahi,0,,0,1,CNNUTSCWH2,BDDHS2017360009,2017-18,DHS,967,858,,,1
BGD,Barishal,4296329,Children overweight,2.8,1,BD,Bangladesh,2017,BD2017DHS,CN_NUTS_C_WHP,104236060,I,360001,1360010,Region,Barishal,0,,0,1,CNNUTSCWHP,BDDHS2017360001,2017-18,DHS,460,853,,,1
BGD,Chattogram/Sylhet,7180365,Children overweight,1.6,1,BD,Bangladesh,2017,BD2017DHS,CN_NUTS_C_WHP,104236060,I,360002,1360020,Region,Chattogram/Sylhet,0,,0,1,CNNUTSCWHP,BDDHS2017360002,2017-18,DHS,2318,2473,,,
BGD,Chattogram,3700258,Children overweight,1.9,1,BD,Bangladesh,2017,BD2017DHS,CN_NUTS_C_WHP,104236060,I,360003,1360030,Region,..Chattogram,0,,0,1,CNNUTSCWHP,BDDHS2017360003,2017-18,DHS,1655,1297,,,1
BGD,Sylhet,4909251,Children overweight,0.9,1,BD,Bangladesh,2017,BD2017DHS,CN_NUTS_C_WHP,104236060,I,360004,1360040,Region,..Sylhet,0,,0,1,CNNUTSCWHP,BDDHS2017360004,2017-18,DHS,663,1176,,,1
BGD,Dhaka before 2015,2586889,Children overweight,3.5,1,BD,Bangladesh,2017,BD2017DHS,CN_NUTS_C_WHP,104236060,I,360005,1360050,Region,Dhaka before 2015,0,,0,1,CNNUTSCWHP,BDDHS2017360005,2017-18,DHS,2683,2114,,,
BGD,Dhaka,2673734,Children overweight,4,1,BD,Bangladesh,2017,BD2017DHS,CN_NUTS_C_WHP,104236060,I,360010,1360052,Region,..Dhaka,0,,0,1,CNNUTSCWHP,BDDHS2017360010,2017-18,DHS,1991,1148,,,1
BGD,Mymensingh,144465,Children overweight,1.8,1,BD,Bangladesh,2017,BD2017DHS,CN_NUTS_C_WHP,104236060,I,360011,1360055,Region,..Mymensingh,0,,0,1,CNNUTSCWHP,BDDHS2017360011,2017-18,DHS,692,966,,,1
BGD,Khulna,4155374,Children overweight,1.7,1,BD,Bangladesh,2017,BD2017DHS,CN_NUTS_C_WHP,104236060,I,360006,1360060,Region,Khulna,0,,0,1,CNNUTSCWHP,BDDHS2017360006,2017-18,DHS,769,860,,,1
BGD,Rajshahi/Rangpur,6019584,Children overweight,1.1,1,BD,Bangladesh,2017,BD2017DHS,CN_NUTS_C_WHP,104236060,I,360007,1360070,Region,Rajshahi/Rangpur,0,,0,1,CNNUTSCWHP,BDDHS2017360007,2017-18,DHS,1882,1810,,,
BGD,Rangpur,1381702,Children overweight,1.1,1,BD,Bangladesh,2017,BD2017DHS,CN_NUTS_C_WHP,104236060,I,360008,1360080,Region,..Rangpur,0,,0,1,CNNUTSCWHP,BDDHS2017360008,2017-18,DHS,915,952,,,1
BGD,Rajshahi,5432163,Children overweight,1.1,1,BD,Bangladesh,2017,BD2017DHS,CN_NUTS_C_WHP,104236060,I,360009,1360090,Region,..Rajshahi,0,,0,1,CNNUTSCWHP,BDDHS2017360009,2017-18,DHS,967,858,,,1
BGD,Barishal,2684216,Children who started breastfeeding within 1 hour of birth,61,1,BD,Bangladesh,2017,BD2017DHS,CN_BRFI_C_1HR,104266020,I,360001,1360010,Region,Barishal,0,,0,1,CNBRFIC1HR,BDDHS2017360001,2017-18,DHS,208,387,,,1
BGD,Chattogram/Sylhet,541306,Children who started breastfeeding within 1 hour of birth,57.8,1,BD,Bangladesh,2017,BD2017DHS,CN_BRFI_C_1HR,104266020,I,360002,1360020,Region,Chattogram/Sylhet,0,,0,1,CNBRFIC1HR,BDDHS2017360002,2017-18,DHS,1016,1069,,,
BGD,Chattogram,3185757,Children who started breastfeeding within 1 hour of birth,54.5,1,BD,Bangladesh,2017,BD2017DHS,CN_BRFI_C_1HR,104266020,I,360003,1360030,Region,..Chattogram,0,,0,1,CNBRFIC1HR,BDDHS2017360003,2017-18,DHS,738,575,,,1
BGD,Sylhet,3583528,Children who started breastfeeding within 1 hour of birth,66.7,1,BD,Bangladesh,2017,BD2017DHS,CN_BRFI_C_1HR,104266020,I,360004,1360040,Region,..Sylhet,0,,0,1,CNBRFIC1HR,BDDHS2017360004,2017-18,DHS,278,494,,,1
BGD,Dhaka before 2015,4227126,Children who started breastfeeding within 1 hour of birth,62.2,1,BD,Bangladesh,2017,BD2017DHS,CN_BRFI_C_1HR,104266020,I,360005,1360050,Region,Dhaka before 2015,0,,0,1,CNBRFIC1HR,BDDHS2017360005,2017-18,DHS,1185,926,,,
BGD,Dhaka,4076672,Children who started breastfeeding within 1 hour of birth,61.4,1,BD,Bangladesh,2017,BD2017DHS,CN_BRFI_C_1HR,104266020,I,360010,1360052,Region,..Dhaka,0,,0,1,CNBRFIC1HR,BDDHS2017360010,2017-18,DHS,887,508,,,1
BGD,Mymensingh,6619894,Children who started breastfeeding within 1 hour of birth,64.4,1,BD,Bangladesh,2017,BD2017DHS,CN_BRFI_C_1HR,104266020,I,360011,1360055,Region,..Mymensingh,0,,0,1,CNBRFIC1HR,BDDHS2017360011,2017-18,DHS,298,418,,,1
BGD,Khulna,6300331,Children who started breastfeeding within 1 hour of birth,51,1,BD,Bangladesh,2017,BD2017DHS,CN_BRFI_C_1HR,104266020,I,360006,1360060,Region,Khulna,0,,0,1,CNBRFIC1HR,BDDHS2017360006,2017-18,DHS,322,362,,,1
BGD,Rajshahi/Rangpur,6939110,Children who started breastfeeding within 1 hour of birth,62,1,BD,Bangladesh,2017,BD2017DHS,CN_BRFI_C_1HR,104266020,I,360007,1360070,Region,Rajshahi/Rangpur,0,,0,1,CNBRFIC1HR,BDDHS2017360007,2017-18,DHS,766,746,,,
BGD,Rangpur,2862103,Children who started breastfeeding within 1 hour of birth,66.1,1,BD,Bangladesh,2017,BD2017DHS,CN_BRFI_C_1HR,104266020,I,360008,1360080,Region,..Rangpur,0,,0,1,CNBRFIC1HR,BDDHS2017360008,2017-18,DHS,379,394,,,1
BGD,Rajshahi,849184,Children who started breastfeeding within 1 hour of birth,58,1,BD,Bangladesh,2017,BD2017DHS,CN_BRFI_C_1HR,104266020,I,360009,1360090,Region,..Rajshahi,0,,0,1,CNBRFIC1HR,BDDHS2017360009,2017-18,DHS,387,352,,,1
BGD,Barishal,4860228,Breastfed children 6-23 months fed both 4+ food groups and the minimum meal frequency,32.5,1,BD,Bangladesh,2017,BD2017DHS,CN_IYCF_C_BTB,104436030,I,360001,1360010,Region,Barishal,0,,0,1,CNIYCFCBTB,BDDHS2017360001,2017-18,DHS,134,249,,,1
BGD,Chattogram/Sylhet,4315055,Breastfed children 6-23 months fed both 4+ food groups and the minimum meal frequency,32.7,1,BD,Bangladesh,2017,BD2017DHS,CN_IYCF_C_BTB,104436030,I,360002,1360020,Region,Chattogram/Sylhet,0,,0,1,CNIYCFCBTB,BDDHS2017360002,2017-18,DHS,653,690,,,
BGD,Chattogram,6620116,Breastfed children 6-23 months fed both 4+ food groups and the minimum meal frequency,34.7,1,BD,Bangladesh,2017,BD2017DHS,CN_IYCF_C_BTB,104436030,I,360003,1360030,Region,..Chattogram,0,,0,1,CNIYCFCBTB,BDDHS2017360003,2017-18,DHS,469,365,,,1
BGD,Sylhet,1367977,Breastfed children 6-23 months fed both 4+ food groups and the minimum meal frequency,27.8,1,BD,Bangladesh,2017,BD2017DHS,CN_IYCF_C_BTB,104436030,I,360004,1360040,Region,..Sylhet,0,,0,1,CNIYCFCBTB,BDDHS2017360004,2017-18,DHS,184,325,,,1
BGD,Dhaka before 2015,21911,Breastfed children 6-23 months fed both 4+ food groups and the minimum meal frequency,37.7,1,BD,Bangladesh,2017,BD2017DHS,CN_IYCF_C_BTB,104436030,I,360005,1360050,Region,Dhaka before 2015,0,,0,1,CNIYCFCBTB,BDDHS2017360005,2017-18,DHS,757,592,,,
BGD,Dhaka,7126690,Breastfed children 6-23 months fed both 4+ food groups and the minimum meal frequency,38.9,1,BD,Bangladesh,2017,BD2017DHS,CN_IYCF_C_BTB,104436030,I,360010,1360052,Region,..Dhaka,0,,0,1,CNIYCFCBTB,BDDHS2017360010,2017-18,DHS,561,317,,,1
BGD,Mymensingh,1367994,Breastfed children 6-23 months fed both 4+ food groups and the minimum meal frequency,34.2,1,BD,Bangladesh,2017,BD2017DHS,CN_IYCF_C_BTB,104436030,I,360011,1360055,Region,..Mymensingh,0,,0,1,CNIYCFCBTB,BDDHS2017360011,2017-18,DHS,196,275,,,1
BGD,Khulna,5417496,Breastfed children 6-23 months fed both 4+ food groups and the minimum meal frequency,35.3,1,BD,Bangladesh,2017,BD2017DHS,CN_IYCF_C_BTB,104436030,I,360006,1360060,Region,Khulna,0,,0,1,CNIYCFCBTB,BDDHS2017360006,2017-18,DHS,213,234,,,1
BGD,Rajshahi/Rangpur,2594058,Breastfed children 6-23 months fed both 4+ food groups and the minimum meal frequency,39.1,1,BD,Bangladesh,2017,BD2017DHS,CN_IYCF_C_BTB,104436030,I,360007,1360070,Region,Rajshahi/Rangpur,0,,0,1,CNIYCFCBTB,BDDHS2017360007,2017-18,DHS,540,516,,,
BGD,Rangpur,6751799,Breastfed children 6-23 months fed both 4+ food groups and the minimum meal frequency,45.2,1,BD,Bangladesh,2017,BD2017DHS,CN_IYCF_C_BTB,104436030,I,360008,1360080,Region,..Rangpur,0,,0,1,CNIYCFCBTB,BDDHS2017360008,2017-18,DHS,273,277,,,1
BGD,Rajshahi,4724149,Breastfed children 6-23 months fed both 4+ food groups and the minimum meal frequency,32.9,1,BD,Bangladesh,2017,BD2017DHS,CN_IYCF_C_BTB,104436030,I,360009,1360090,Region,..Rajshahi,0,,0,1,CNIYCFCBTB,BDDHS2017360009,2017-18,DHS,266,239,,,1
BGD,Chattogram/Sylhet,6593739,Non-breastfed children 6-23 months with 3 IYCF practices,25.7,1,BD,Bangladesh,2017,BD2017DHS,CN_IYCF_C_3PN,104436090,I,360002,1360020,Region,Chattogram/Sylhet,0,,0,1,CNIYCFC3PN,BDDHS2017360002,2017-18,DHS,45,46,,,
BGD,Chattogram,415094,Non-breastfed children 6-23 months with 3 IYCF practices,26.5,1,BD,Bangladesh,2017,BD2017DHS,CN_IYCF_C_3PN,104436090,I,360003,1360030,Region,..Chattogram,0,,0,1,CNIYCFC3PN,BDDHS2017360003,2017-18,DHS,35,28,,,1
BGD,Dhaka before 2015,5543852,Non-breastfed children 6-23 months with 3 IYCF practices,23.6,1,BD,Bangladesh,2017,BD2017DHS,CN_IYCF_C_3PN,104436090,I,360005,1360050,Region,Dhaka before 2015,0,,0,1,CNIYCFC3PN,BDDHS2017360005,2017-18,DHS,76,56,,,
BGD,Dhaka,250724,Non-breastfed children 6-23 months with 3 IYCF practices,18.3,1,BD,Bangladesh,2017,BD2017DHS,CN_IYCF_C_3PN,104436090,I,360010,1360052,Region,..Dhaka,0,,0,1,CNIYCFC3PN,BDDHS2017360010,2017-18,DHS,62,38,,,1
BGD,Barishal,3858594,Women who are thin according to BMI (<18.5),11.4,1,BD,Bangladesh,2017,BD2017DHS,AN_NUTS_W_THN,114563060,I,360001,1360010,Region,Barishal,0,,0,1,ANNUTSWTHN,BDDHS2017360001,2017-18,DHS,1024,1972,,,1
BGD,Chattogram/Sylhet,3217764,Women who are thin according to BMI (<18.5),11.1,1,BD,Bangladesh,2017,BD2017DHS,AN_NUTS_W_THN,114563060,I,360002,1360020,Region,Chattogram/Sylhet,0,,0,1,ANNUTSWTHN,BDDHS2017360002,2017-18,DHS,4311,4593,,,
BGD,Chattogram,4461419,Women who are thin according to BMI (<18.5),7.6,1,BD,Bangladesh,2017,BD2017DHS,AN_NUTS_W_THN,114563060,I,360003,1360030,Region,..Chattogram,0,,0,1,ANNUTSWTHN,BDDHS2017360003,2017-18,DHS,3248,2607,,,1
BGD,Sylhet,6543696,Women who are thin according to BMI (<18.5),21.7,1,BD,Bangladesh,2017,BD2017DHS,AN_NUTS_W_THN,114563060,I,360004,1360040,Region,..Sylhet,0,,0,1,ANNUTSWTHN,BDDHS2017360004,2017-18,DHS,1063,1986,,,1
BGD,Dhaka before 2015,392553,Women who are thin according to BMI (<18.5),11.7,1,BD,Bangladesh,2017,BD2017DHS,AN_NUTS_W_THN,114563060,I,360005,1360050,Region,Dhaka before 2015,0,,0,1,ANNUTSWTHN,BDDHS2017360005,2017-18,DHS,6012,4626,,,
BGD,Dhaka,6748433,Women who are thin according to BMI (<18.5),9.7,1,BD,Bangladesh,2017,BD2017DHS,AN_NUTS_W_THN,114563060,I,360010,1360052,Region,..Dhaka,0,,0,1,ANNUTSWTHN,BDDHS2017360010,2017-18,DHS,4611,2667,,,1
BGD,Mymensingh,5740335,Women who are thin according to BMI (<18.5),18.1,1,BD,Bangladesh,2017,BD2017DHS,AN_NUTS_W_THN,114563060,I,360011,1360055,Region,..Mymensingh,0,,0,1,ANNUTSWTHN,BDDHS2017360011,2017-18,DHS,1401,1959,,,1
BGD,Khulna,1374906,Women who are thin according to BMI (<18.5),10.9,1,BD,Bangladesh,2017,BD2017DHS,AN_NUTS_W_THN,114563060,I,360006,1360060,Region,Khulna,0,,0,1,ANNUTSWTHN,BDDHS2017360006,2017-18,DHS,2163,2441,,,1
BGD,Rajshahi/Rangpur,7080430,Women who are thin according to BMI (<18.5),13.4,1,BD,Bangladesh,2017,BD2017DHS,AN_NUTS_W_THN,114563060,I,360007,1360070,Region,Rajshahi/Rangpur,0,,0,1,ANNUTSWTHN,BDDHS2017360007,2017-18,DHS,4818,4700,,,
BGD,Rangpur,2667357,Women who are thin according to BMI (<18.5),14.3,1,BD,Bangladesh,2017,BD2017DHS,AN_NUTS_W_THN,114563060,I,360008,1360080,Region,..Rangpur,0,,0,1,ANNUTSWTHN,BDDHS2017360008,2017-18,DHS,2211,2298,,,1
BGD,Rajshahi,4836698,Women who are thin according to BMI (<18.5),12.7,1,BD,Bangladesh,2017,BD2017DHS,AN_NUTS_W_THN,114563060,I,360009,1360090,Region,..Rajshahi,0,,0,1,ANNUTSWTHN,BDDHS2017360009,2017-18,DHS,2607,2402,,,1
BGD,Barishal,3858599,Women who are overweight or obese according to BMI (>=25.0),31.7,1,BD,Bangladesh,2017,BD2017DHS,AN_NUTS_W_OWT,114563090,I,360001,1360010,Region,Barishal,0,,0,1,ANNUTSWOWT,BDDHS2017360001,2017-18,DHS,1024,1972,,,1
BGD,Chattogram/Sylhet,3217807,Women who are overweight or obese according to BMI (>=25.0),34.8,1,BD,Bangladesh,2017,BD2017DHS,AN_NUTS_W_OWT,114563090,I,360002,1360020,Region,Chattogram/Sylhet,0,,0,1,ANNUTSWOWT,BDDHS2017360002,2017-18,DHS,4311,4593,,,
BGD,Chattogram,4461421,Women who are overweight or obese according to BMI (>=25.0),38.9,1,BD,Bangladesh,2017,BD2017DHS,AN_NUTS_W_OWT,114563090,I,360003,1360030,Region,..Chattogram,0,,0,1,ANNUTSWOWT,BDDHS2017360003,2017-18,DHS,3248,2607,,,1
BGD,Sylhet,6543697,Women who are overweight or obese according to BMI (>=25.0),22.3,1,BD,Bangladesh,2017,BD2017DHS,AN_NUTS_W_OWT,114563090,I,360004,1360040,Region,..Sylhet,0,,0,1,ANNUTSWOWT,BDDHS2017360004,2017-18,DHS,1063,1986,,,1
BGD,Dhaka before 2015,392555,Women who are overweight or obese according to BMI (>=25.0),34,1,BD,Bangladesh,2017,BD2017DHS,AN_NUTS_W_OWT,114563090,I,360005,1360050,Region,Dhaka before 2015,0,,0,1,ANNUTSWOWT,BDDHS2017360005,2017-18,DHS,6012,4626,,,
BGD,Dhaka,6748475,Women who are overweight or obese according to BMI (>=25.0),37.3,1,BD,Bangladesh,2017,BD2017DHS,AN_NUTS_W_OWT,114563090,I,360010,1360052,Region,..Dhaka,0,,0,1,ANNUTSWOWT,BDDHS2017360010,2017-18,DHS,4611,2667,,,1
BGD,Mymensingh,5740349,Women who are overweight or obese according to BMI (>=25.0),23.2,1,BD,Bangladesh,2017,BD2017DHS,AN_NUTS_W_OWT,114563090,I,360011,1360055,Region,..Mymensingh,0,,0,1,ANNUTSWOWT,BDDHS2017360011,2017-18,DHS,1401,1959,,,1
BGD,Khulna,1374896,Women who are overweight or obese according to BMI (>=25.0),34.7,1,BD,Bangladesh,2017,BD2017DHS,AN_NUTS_W_OWT,114563090,I,360006,1360060,Region,Khulna,0,,0,1,ANNUTSWOWT,BDDHS2017360006,2017-18,DHS,2163,2441,,,1
BGD,Rajshahi/Rangpur,7080425,Women who are overweight or obese according to BMI (>=25.0),27.4,1,BD,Bangladesh,2017,BD2017DHS,AN_NUTS_W_OWT,114563090,I,360007,1360070,Region,Rajshahi/Rangpur,0,,0,1,ANNUTSWOWT,BDDHS2017360007,2017-18,DHS,4818,4700,,,
BGD,Rangpur,2667363,Women who are overweight or obese according to BMI (>=25.0),24.3,1,BD,Bangladesh,2017,BD2017DHS,AN_NUTS_W_OWT,114563090,I,360008,1360080,Region,..Rangpur,0,,0,1,ANNUTSWOWT,BDDHS2017360008,2017-18,DHS,2211,2298,,,1
BGD,Rajshahi,4836702,Women who are overweight or obese according to BMI (>=25.0),30.1,1,BD,Bangladesh,2017,BD2017DHS,AN_NUTS_W_OWT,114563090,I,360009,1360090,Region,..Rajshahi,0,,0,1,ANNUTSWOWT,BDDHS2017360009,2017-18,DHS,2607,2402,,,1
BGD,Barishal,6712259,Men who are thin according to BMI (<18.5),18.9,1,BD,Bangladesh,2017,BD2017DHS,AN_NUTS_M_THN,114564190,I,360001,1360010,Region,Barishal,0,,0,1,ANNUTSMTHN,BDDHS2017360001,2017-18,DHS,306,585,,,1
BGD,Chattogram/Sylhet,1361845,Men who are thin according to BMI (<18.5),19,1,BD,Bangladesh,2017,BD2017DHS,AN_NUTS_M_THN,114564190,I,360002,1360020,Region,Chattogram/Sylhet,0,,0,1,ANNUTSMTHN,BDDHS2017360002,2017-18,DHS,1235,1392,,,
BGD,Chattogram,7117994,Men who are thin according to BMI (<18.5),17,1,BD,Bangladesh,2017,BD2017DHS,AN_NUTS_M_THN,114564190,I,360003,1360030,Region,..Chattogram,0,,0,1,ANNUTSMTHN,BDDHS2017360003,2017-18,DHS,867,703,,,1
BGD,Sylhet,3283781,Men who are thin according to BMI (<18.5),23.5,1,BD,Bangladesh,2017,BD2017DHS,AN_NUTS_M_THN,114564190,I,360004,1360040,Region,..Sylhet,0,,0,1,ANNUTSMTHN,BDDHS2017360004,2017-18,DHS,368,689,,,1
BGD,Dhaka before 2015,1361841,Men who are thin according to BMI (<18.5),21.2,1,BD,Bangladesh,2017,BD2017DHS,AN_NUTS_M_THN,114564190,I,360005,1360050,Region,Dhaka before 2015,0,,0,1,ANNUTSMTHN,BDDHS2017360005,2017-18,DHS,1810,1434,,,
BGD,Dhaka,6032108,Men who are thin according to BMI (<18.5),19.1,1,BD,Bangladesh,2017,BD2017DHS,AN_NUTS_M_THN,114564190,I,360010,1360052,Region,..Dhaka,0,,0,1,ANNUTSMTHN,BDDHS2017360010,2017-18,DHS,1354,787,,,1
BGD,Mymensingh,468550,Men who are thin according to BMI (<18.5),27.3,1,BD,Bangladesh,2017,BD2017DHS,AN_NUTS_M_THN,114564190,I,360011,1360055,Region,..Mymensingh,0,,0,1,ANNUTSMTHN,BDDHS2017360011,2017-18,DHS,457,647,,,1
BGD,Khulna,6850000,Men who are thin according to BMI (<18.5),17.7,1,BD,Bangladesh,2017,BD2017DHS,AN_NUTS_M_THN,114564190,I,360006,1360060,Region,Khulna,0,,0,1,ANNUTSMTHN,BDDHS2017360006,2017-18,DHS,699,796,,,1
BGD,Rajshahi/Rangpur,3886965,Men who are thin according to BMI (<18.5),19.8,1,BD,Bangladesh,2017,BD2017DHS,AN_NUTS_M_THN,114564190,I,360007,1360070,Region,Rajshahi/Rangpur,0,,0,1,ANNUTSMTHN,BDDHS2017360007,2017-18,DHS,1483,1449,,,
BGD,Rangpur,3469639,Men who are thin according to BMI (<18.5),19.6,1,BD,Bangladesh,2017,BD2017DHS,AN_NUTS_M_THN,114564190,I,360008,1360080,Region,..Rangpur,0,,0,1,ANNUTSMTHN,BDDHS2017360008,2017-18,DHS,689,715,,,1
BGD,Rajshahi,2916860,Men who are thin according to BMI (<18.5),19.9,1,BD,Bangladesh,2017,BD2017DHS,AN_NUTS_M_THN,114564190,I,360009,1360090,Region,..Rajshahi,0,,0,1,ANNUTSMTHN,BDDHS2017360009,2017-18,DHS,793,734,,,1
BGD,Barishal,6712261,Men who are overweight or obese according to BMI (>=25.0),15,1,BD,Bangladesh,2017,BD2017DHS,AN_NUTS_M_OWT,114564220,I,360001,1360010,Region,Barishal,0,,0,1,ANNUTSMOWT,BDDHS2017360001,2017-18,DHS,306,585,,,1
BGD,Chattogram/Sylhet,1361915,Men who are overweight or obese according to BMI (>=25.0),19.1,1,BD,Bangladesh,2017,BD2017DHS,AN_NUTS_M_OWT,114564220,I,360002,1360020,Region,Chattogram/Sylhet,0,,0,1,ANNUTSMOWT,BDDHS2017360002,2017-18,DHS,1235,1392,,,
BGD,Chattogram,7117990,Men who are overweight or obese according to BMI (>=25.0),21.7,1,BD,Bangladesh,2017,BD2017DHS,AN_NUTS_M_OWT,114564220,I,360003,1360030,Region,..Chattogram,0,,0,1,ANNUTSMOWT,BDDHS2017360003,2017-18,DHS,867,703,,,1
BGD,Sylhet,3283766,Men who are overweight or obese according to BMI (>=25.0),12.8,1,BD,Bangladesh,2017,BD2017DHS,AN_NUTS_M_OWT,114564220,I,360004,1360040,Region,..Sylhet,0,,0,1,ANNUTSMOWT,BDDHS2017360004,2017-18,DHS,368,689,,,1
BGD,Dhaka before 2015,1361836,Men who are overweight or obese according to BMI (>=25.0),19.7,1,BD,Bangladesh,2017,BD2017DHS,AN_NUTS_M_OWT,114564220,I,360005,1360050,Region,Dhaka before 2015,0,,0,1,ANNUTSMOWT,BDDHS2017360005,2017-18,DHS,1810,1434,,,
BGD,Dhaka,6032116,Men who are overweight or obese according to BMI (>=25.0),23,1,BD,Bangladesh,2017,BD2017DHS,AN_NUTS_M_OWT,114564220,I,360010,1360052,Region,..Dhaka,0,,0,1,ANNUTSMOWT,BDDHS2017360010,2017-18,DHS,1354,787,,,1
BGD,Mymensingh,468541,Men who are overweight or obese according to BMI (>=25.0),9.8,1,BD,Bangladesh,2017,BD2017DHS,AN_NUTS_M_OWT,114564220,I,360011,1360055,Region,..Mymensingh,0,,0,1,ANNUTSMOWT,BDDHS2017360011,2017-18,DHS,457,647,,,1
BGD,Khulna,6849996,Men who are overweight or obese according to BMI (>=25.0),17.7,1,BD,Bangladesh,2017,BD2017DHS,AN_NUTS_M_OWT,114564220,I,360006,1360060,Region,Khulna,0,,0,1,ANNUTSMOWT,BDDHS2017360006,2017-18,DHS,699,796,,,1
BGD,Rajshahi/Rangpur,3886960,Men who are overweight or obese according to BMI (>=25.0),14.2,1,BD,Bangladesh,2017,BD2017DHS,AN_NUTS_M_OWT,114564220,I,360007,1360070,Region,Rajshahi/Rangpur,0,,0,1,ANNUTSMOWT,BDDHS2017360007,2017-18,DHS,1483,1449,,,
BGD,Rangpur,3469635,Men who are overweight or obese according to BMI (>=25.0),14.5,1,BD,Bangladesh,2017,BD2017DHS,AN_NUTS_M_OWT,114564220,I,360008,1360080,Region,..Rangpur,0,,0,1,ANNUTSMOWT,BDDHS2017360008,2017-18,DHS,689,715,,,1
BGD,Rajshahi,2916888,Men who are overweight or obese according to BMI (>=25.0),14,1,BD,Bangladesh,2017,BD2017DHS,AN_NUTS_M_OWT,114564220,I,360009,1360090,Region,..Rajshahi,0,,0,1,ANNUTSMOWT,BDDHS2017360009,2017-18,DHS,793,734,,,1
BGD,Barishal,4523824,Women with a birth in the past five years who took iron tablets or syrup for 90+ days,33.3,1,BD,Bangladesh,2017,BD2017DHS,AN_MIAM_W_90P,114633050,I,360001,1360010,Region,Barishal,0,,0,1,ANMIAMW90P,BDDHS2017360001,2017-18,DHS,288,533,,,1
BGD,Chattogram/Sylhet,4514085,Women with a birth in the past five years who took iron tablets or syrup for 90+ days,46.1,1,BD,Bangladesh,2017,BD2017DHS,AN_MIAM_W_90P,114633050,I,360002,1360020,Region,Chattogram/Sylhet,0,,0,1,ANMIAMW90P,BDDHS2017360002,2017-18,DHS,1454,1525,,,
BGD,Chattogram,3449829,Women with a birth in the past five years who took iron tablets or syrup for 90+ days,50.7,1,BD,Bangladesh,2017,BD2017DHS,AN_MIAM_W_90P,114633050,I,360003,1360030,Region,..Chattogram,0,,0,1,ANMIAMW90P,BDDHS2017360003,2017-18,DHS,1071,835,,,1
BGD,Sylhet,1368038,Women with a birth in the past five years who took iron tablets or syrup for 90+ days,33.4,1,BD,Bangladesh,2017,BD2017DHS,AN_MIAM_W_90P,114633050,I,360004,1360040,Region,..Sylhet,0,,0,1,ANMIAMW90P,BDDHS2017360004,2017-18,DHS,383,690,,,1
BGD,Dhaka before 2015,6286363,Women with a birth in the past five years who took iron tablets or syrup for 90+ days,46.1,1,BD,Bangladesh,2017,BD2017DHS,AN_MIAM_W_90P,114633050,I,360005,1360050,Region,Dhaka before 2015,0,,0,1,ANMIAMW90P,BDDHS2017360005,2017-18,DHS,1724,1344,,,
BGD,Dhaka,7157291,Women with a birth in the past five years who took iron tablets or syrup for 90+ days,46,1,BD,Bangladesh,2017,BD2017DHS,AN_MIAM_W_90P,114633050,I,360010,1360052,Region,..Dhaka,0,,0,1,ANMIAMW90P,BDDHS2017360010,2017-18,DHS,1293,741,,,1
BGD,Mymensingh,244023,Women with a birth in the past five years who took iron tablets or syrup for 90+ days,46.4,1,BD,Bangladesh,2017,BD2017DHS,AN_MIAM_W_90P,114633050,I,360011,1360055,Region,..Mymensingh,0,,0,1,ANMIAMW90P,BDDHS2017360011,2017-18,DHS,431,603,,,1
BGD,Khulna,5533081,Women with a birth in the past five years who took iron tablets or syrup for 90+ days,45.5,1,BD,Bangladesh,2017,BD2017DHS,AN_MIAM_W_90P,114633050,I,360006,1360060,Region,Khulna,0,,0,1,ANMIAMW90P,BDDHS2017360006,2017-18,DHS,464,524,,,1
BGD,Rajshahi/Rangpur,1374920,Women with a birth in the past five years who took iron tablets or syrup for 90+ days,48.9,1,BD,Bangladesh,2017,BD2017DHS,AN_MIAM_W_90P,114633050,I,360007,1360070,Region,Rajshahi/Rangpur,0,,0,1,ANMIAMW90P,BDDHS2017360007,2017-18,DHS,1121,1086,,,
BGD,Rangpur,5196253,Women with a birth in the past five years who took iron tablets or syrup for 90+ days,53.5,1,BD,Bangladesh,2017,BD2017DHS,AN_MIAM_W_90P,114633050,I,360008,1360080,Region,..Rangpur,0,,0,1,ANMIAMW90P,BDDHS2017360008,2017-18,DHS,534,559,,,1
BGD,Rajshahi,3100808,Women with a birth in the past five years who took iron tablets or syrup for 90+ days,44.7,1,BD,Bangladesh,2017,BD2017DHS,AN_MIAM_W_90P,114633050,I,360009,1360090,Region,..Rajshahi,0,,0,1,ANMIAMW90P,BDDHS2017360009,2017-18,DHS,587,527,,,1
BGD,Barishal,2372564,Children stunted,24.9,1,BD,Bangladesh,2022,BD2022DHS,CN_NUTS_C_HA2,104236020,I,360001,1360010,Region,Barishal,0,,0,1,CNNUTSCHA2,BDDHS2022360001,2022,DHS,295,496,,,1
BGD,Barishal,2372565,Children stunted,24.9,1,BD,Bangladesh,2022,BD2022DHS,CN_NUTS_C_HA2,104236020,I,360001,1360010,Region,Barishal,0,,0,1,CNNUTSCHA2,BDDHS2022360001,2022,DHS,295,496,,,1
BGD,Chattogram/Sylhet,67783,Children stunted,27,1,BD,Bangladesh,2022,BD2022DHS,CN_NUTS_C_HA2,104236020,I,360002,1360020,Region,Chattogram/Sylhet,0,,0,1,CNNUTSCHA2,BDDHS2022360002,2022,DHS,1247,1278,,,
BGD,Chattogram,6527994,Children stunted,24.7,1,BD,Bangladesh,2022,BD2022DHS,CN_NUTS_C_HA2,104236020,I,360003,1360030,Region,..Chattogram,0,,0,1,CNNUTSCHA2,BDDHS2022360003,2022,DHS,935,732,,,1
BGD,Chattogram,6527995,Children stunted,24.7,1,BD,Bangladesh,2022,BD2022DHS,CN_NUTS_C_HA2,104236020,I,360003,1360030,Region,..Chattogram,0,,0,1,CNNUTSCHA2,BDDHS2022360003,2022,DHS,935,732,,,1
BGD,Sylhet,4575279,Children stunted,33.9,1,BD,Bangladesh,2022,BD2022DHS,CN_NUTS_C_HA2,104236020,I,360004,1360040,Region,..Sylhet,0,,0,1,CNNUTSCHA2,BDDHS2022360004,2022,DHS,312,546,,,1
BGD,Sylhet,4575280,Children stunted,33.9,1,BD,Bangladesh,2022,BD2022DHS,CN_NUTS_C_HA2,104236020,I,360004,1360040,Region,..Sylhet,0,,0,1,CNNUTSCHA2,BDDHS2022360004,2022,DHS,312,546,,,1
BGD,Dhaka before 2015,6140373,Children stunted,23.2,1,BD,Bangladesh,2022,BD2022DHS,CN_NUTS_C_HA2,104236020,I,360005,1360050,Region,Dhaka before 2015,0,,0,1,CNNUTSCHA2,BDDHS2022360005,2022,DHS,1384,1132,,,
BGD,Dhaka,6591465,Children stunted,21.5,1,BD,Bangladesh,2022,BD2022DHS,CN_NUTS_C_HA2,104236020,I,360010,1360052,Region,..Dhaka,0,,0,1,CNNUTSCHA2,BDDHS2022360010,2022,DHS,1012,607,,,1
BGD,Dhaka,6591466,Children stunted,21.5,1,BD,Bangladesh,2022,BD2022DHS,CN_NUTS_C_HA2,104236020,I,360010,1360052,Region,..Dhaka,0,,0,1,CNNUTSCHA2,BDDHS2022360010,2022,DHS,1012,607,,,1
BGD,Mymensingh,3036751,Children stunted,27.7,1,BD,Bangladesh,2022,BD2022DHS,CN_NUTS_C_HA2,104236020,I,360011,1360055,Region,..Mymensingh,0,,0,1,CNNUTSCHA2,BDDHS2022360011,2022,DHS,373,525,,,1
BGD,Mymensingh,3036752,Children stunted,27.7,1,BD,Bangladesh,2022,BD2022DHS,CN_NUTS_C_HA2,104236020,I,360011,1360055,Region,..Mymensingh,0,,0,1,CNNUTSCHA2,BDDHS2022360011,2022,DHS,373,525,,,1
BGD,Khulna,3808157,Children stunted,19,1,BD,Bangladesh,2022,BD2022DHS,CN_NUTS_C_HA2,104236020,I,360006,1360060,Region,Khulna,0,,0,1,CNNUTSCHA2,BDDHS2022360006,2022,DHS,422,450,,,1
BGD,Khulna,3808158,Children stunted,19,1,BD,Bangladesh,2022,BD2022DHS,CN_NUTS_C_HA2,104236020,I,360006,1360060,Region,Khulna,0,,0,1,CNNUTSCHA2,BDDHS2022360006,2022,DHS,422,450,,,1
BGD,Rajshahi/Rangpur,135685,Children stunted,21.1,1,BD,Bangladesh,2022,BD2022DHS,CN_NUTS_C_HA2,104236020,I,360007,1360070,Region,Rajshahi/Rangpur,0,,0,1,CNNUTSCHA2,BDDHS2022360007,2022,DHS,904,904,,,
BGD,Rangpur,3999897,Children stunted,22.1,1,BD,Bangladesh,2022,BD2022DHS,CN_NUTS_C_HA2,104236020,I,360008,1360080,Region,..Rangpur,0,,0,1,CNNUTSCHA2,BDDHS2022360008,2022,DHS,473,491,,,1
BGD,Rangpur,3999898,Children stunted,22.1,1,BD,Bangladesh,2022,BD2022DHS,CN_NUTS_C_HA2,104236020,I,360008,1360080,Region,..Rangpur,0,,0,1,CNNUTSCHA2,BDDHS2022360008,2022,DHS,473,491,,,1
BGD,Rajshahi,6864678,Children stunted,20,1,BD,Bangladesh,2022,BD2022DHS,CN_NUTS_C_HA2,104236020,I,360009,1360090,Region,..Rajshahi,0,,0,1,CNNUTSCHA2,BDDHS2022360009,2022,DHS,430,413,,,1
BGD,Rajshahi,6864679,Children stunted,20,1,BD,Bangladesh,2022,BD2022DHS,CN_NUTS_C_HA2,104236020,I,360009,1360090,Region,..Rajshahi,0,,0,1,CNNUTSCHA2,BDDHS2022360009,2022,DHS,430,413,,,1
BGD,Barishal,5528503,Children wasted,14.1,1,BD,Bangladesh,2022,BD2022DHS,CN_NUTS_C_WH2,104236050,I,360001,1360010,Region,Barishal,0,,0,1,CNNUTSCWH2,BDDHS2022360001,2022,DHS,295,496,,,1
BGD,Barishal,5528504,Children wasted,14.1,1,BD,Bangladesh,2022,BD2022DHS,CN_NUTS_C_WH2,104236050,I,360001,1360010,Region,Barishal,0,,0,1,CNNUTSCWH2,BDDHS2022360001,2022,DHS,295,496,,,1
BGD,Chattogram/Sylhet,2600198,Children wasted,11.6,1,BD,Bangladesh,2022,BD2022DHS,CN_NUTS_C_WH2,104236050,I,360002,1360020,Region,Chattogram/Sylhet,0,,0,1,CNNUTSCWH2,BDDHS2022360002,2022,DHS,1247,1278,,,
BGD,Chattogram,4559271,Children wasted,11.4,1,BD,Bangladesh,2022,BD2022DHS,CN_NUTS_C_WH2,104236050,I,360003,1360030,Region,..Chattogram,0,,0,1,CNNUTSCWH2,BDDHS2022360003,2022,DHS,935,732,,,1
BGD,Chattogram,4559272,Children wasted,11.4,1,BD,Bangladesh,2022,BD2022DHS,CN_NUTS_C_WH2,104236050,I,360003,1360030,Region,..Chattogram,0,,0,1,CNNUTSCWH2,BDDHS2022360003,2022,DHS,935,732,,,1
BGD,Sylhet,6604147,Children wasted,12.2,1,BD,Bangladesh,2022,BD2022DHS,CN_NUTS_C_WH2,104236050,I,360004,1360040,Region,..Sylhet,0,,0,1,CNNUTSCWH2,BDDHS2022360004,2022,DHS,312,546,,,1
BGD,Sylhet,6604148,Children wasted,12.2,1,BD,Bangladesh,2022,BD2022DHS,CN_NUTS_C_WH2,104236050,I,360004,1360040,Region,..Sylhet,0,,0,1,CNNUTSCWH2,BDDHS2022360004,2022,DHS,312,546,,,1
BGD,Dhaka before 2015,6538458,Children wasted,10,1,BD,Bangladesh,2022,BD2022DHS,CN_NUTS_C_WH2,104236050,I,360005,1360050,Region,Dhaka before 2015,0,,0,1,CNNUTSCWH2,BDDHS2022360005,2022,DHS,1387,1133,,,
BGD,Dhaka,2377902,Children wasted,8.9,1,BD,Bangladesh,2022,BD2022DHS,CN_NUTS_C_WH2,104236050,I,360010,1360052,Region,..Dhaka,0,,0,1,CNNUTSCWH2,BDDHS2022360010,2022,DHS,1014,608,,,1
BGD,Dhaka,2377903,Children wasted,8.9,1,BD,Bangladesh,2022,BD2022DHS,CN_NUTS_C_WH2,104236050,I,360010,1360052,Region,..Dhaka,0,,0,1,CNNUTSCWH2,BDDHS2022360010,2022,DHS,1014,608,,,1
BGD,Mymensingh,6298669,Children wasted,12.8,1,BD,Bangladesh,2022,BD2022DHS,CN_NUTS_C_WH2,104236050,I,360011,1360055,Region,..Mymensingh,0,,0,1,CNNUTSCWH2,BDDHS2022360011,2022,DHS,373,525,,,1
BGD,Mymensingh,6298670,Children wasted,12.8,1,BD,Bangladesh,2022,BD2022DHS,CN_NUTS_C_WH2,104236050,I,360011,1360055,Region,..Mymensingh,0,,0,1,CNNUTSCWH2,BDDHS2022360011,2022,DHS,373,525,,,1
BGD,Khulna,5622161,Children wasted,10.3,1,BD,Bangladesh,2022,BD2022DHS,CN_NUTS_C_WH2,104236050,I,360006,1360060,Region,Khulna,0,,0,1,CNNUTSCWH2,BDDHS2022360006,2022,DHS,422,450,,,1
BGD,Khulna,5622162,Children wasted,10.3,1,BD,Bangladesh,2022,BD2022DHS,CN_NUTS_C_WH2,104236050,I,360006,1360060,Region,Khulna,0,,0,1,CNNUTSCWH2,BDDHS2022360006,2022,DHS,422,450,,,1
BGD,Rajshahi/Rangpur,3851852,Children wasted,11,1,BD,Bangladesh,2022,BD2022DHS,CN_NUTS_C_WH2,104236050,I,360007,1360070,Region,Rajshahi/Rangpur,0,,0,1,CNNUTSCWH2,BDDHS2022360007,2022,DHS,903,903,,,
BGD,Rangpur,6981342,Children wasted,11.1,1,BD,Bangladesh,2022,BD2022DHS,CN_NUTS_C_WH2,104236050,I,360008,1360080,Region,..Rangpur,0,,0,1,CNNUTSCWH2,BDDHS2022360008,2022,DHS,474,491,,,1
BGD,Rangpur,6981343,Children wasted,11.1,1,BD,Bangladesh,2022,BD2022DHS,CN_NUTS_C_WH2,104236050,I,360008,1360080,Region,..Rangpur,0,,0,1,CNNUTSCWH2,BDDHS2022360008,2022,DHS,474,491,,,1
BGD,Rajshahi,2384954,Children wasted,11,1,BD,Bangladesh,2022,BD2022DHS,CN_NUTS_C_WH2,104236050,I,360009,1360090,Region,..Rajshahi,0,,0,1,CNNUTSCWH2,BDDHS2022360009,2022,DHS,430,412,,,1
BGD,Rajshahi,2384955,Children wasted,11,1,BD,Bangladesh,2022,BD2022DHS,CN_NUTS_C_WH2,104236050,I,360009,1360090,Region,..Rajshahi,0,,0,1,CNNUTSCWH2,BDDHS2022360009,2022,DHS,430,412,,,1
BGD,Barishal,5528505,Children overweight,1.7,1,BD,Bangladesh,2022,BD2022DHS,CN_NUTS_C_WHP,104236060,I,360001,1360010,Region,Barishal,0,,0,1,CNNUTSCWHP,BDDHS2022360001,2022,DHS,295,496,,,1
BGD,Barishal,5528506,Children overweight,1.7,1,BD,Bangladesh,2022,BD2022DHS,CN_NUTS_C_WHP,104236060,I,360001,1360010,Region,Barishal,0,,0,1,CNNUTSCWHP,BDDHS2022360001,2022,DHS,295,496,,,1
BGD,Chattogram/Sylhet,2600199,Children overweight,1.2,1,BD,Bangladesh,2022,BD2022DHS,CN_NUTS_C_WHP,104236060,I,360002,1360020,Region,Chattogram/Sylhet,0,,0,1,CNNUTSCWHP,BDDHS2022360002,2022,DHS,1247,1278,,,
BGD,Chattogram,4559273,Children overweight,1.4,1,BD,Bangladesh,2022,BD2022DHS,CN_NUTS_C_WHP,104236060,I,360003,1360030,Region,..Chattogram,0,,0,1,CNNUTSCWHP,BDDHS2022360003,2022,DHS,935,732,,,1
BGD,Chattogram,4559274,Children overweight,1.4,1,BD,Bangladesh,2022,BD2022DHS,CN_NUTS_C_WHP,104236060,I,360003,1360030,Region,..Chattogram,0,,0,1,CNNUTSCWHP,BDDHS2022360003,2022,DHS,935,732,,,1
BGD,Sylhet,6604149,Children overweight,0.5,1,BD,Bangladesh,2022,BD2022DHS,CN_NUTS_C_WHP,104236060,I,360004,1360040,Region,..Sylhet,0,,0,1,CNNUTSCWHP,BDDHS2022360004,2022,DHS,312,546,,,1
BGD,Sylhet,6604150,Children overweight,0.5,1,BD,Bangladesh,2022,BD2022DHS,CN_NUTS_C_WHP,104236060,I,360004,1360040,Region,..Sylhet,0,,0,1,CNNUTSCWHP,BDDHS2022360004,2022,DHS,312,546,,,1
BGD,Dhaka before 2015,6538459,Children overweight,1.7,1,BD,Bangladesh,2022,BD2022DHS,CN_NUTS_C_WHP,104236060,I,360005,1360050,Region,Dhaka before 2015,0,,0,1,CNNUTSCWHP,BDDHS2022360005,2022,DHS,1387,1133,,,
BGD,Dhaka,2377906,Children overweight,2.1,1,BD,Bangladesh,2022,BD2022DHS,CN_NUTS_C_WHP,104236060,I,360010,1360052,Region,..Dhaka,0,,0,1,CNNUTSCWHP,BDDHS2022360010,2022,DHS,1014,608,,,1
BGD,Dhaka,2377907,Children overweight,2.1,1,BD,Bangladesh,2022,BD2022DHS,CN_NUTS_C_WHP,104236060,I,360010,1360052,Region,..Dhaka,0,,0,1,CNNUTSCWHP,BDDHS2022360010,2022,DHS,1014,608,,,1
BGD,Mymensingh,6298671,Children overweight,0.6,1,BD,Bangladesh,2022,BD2022DHS,CN_NUTS_C_WHP,104236060,I,360011,1360055,Region,..Mymensingh,0,,0,1,CNNUTSCWHP,BDDHS2022360011,2022,DHS,373,525,,,1
BGD,Mymensingh,6298672,Children overweight,0.6,1,BD,Bangladesh,2022,BD2022DHS,CN_NUTS_C_WHP,104236060,I,360011,1360055,Region,..Mymensingh,0,,0,1,CNNUTSCWHP,BDDHS2022360011,2022,DHS,373,525,,,1
BGD,Khulna,5622163,Children overweight,1.4,1,BD,Bangladesh,2022,BD2022DHS,CN_NUTS_C_WHP,104236060,I,360006,1360060,Region,Khulna,0,,0,1,CNNUTSCWHP,BDDHS2022360006,2022,DHS,422,450,,,1
BGD,Khulna,5622164,Children overweight,1.4,1,BD,Bangladesh,2022,BD2022DHS,CN_NUTS_C_WHP,104236060,I,360006,1360060,Region,Khulna,0,,0,1,CNNUTSCWHP,BDDHS2022360006,2022,DHS,422,450,,,1
BGD,Rajshahi/Rangpur,3851853,Children overweight,1.7,1,BD,Bangladesh,2022,BD2022DHS,CN_NUTS_C_WHP,104236060,I,360007,1360070,Region,Rajshahi/Rangpur,0,,0,1,CNNUTSCWHP,BDDHS2022360007,2022,DHS,903,903,,,
BGD,Rangpur,6981344,Children overweight,1.5,1,BD,Bangladesh,2022,BD2022DHS,CN_NUTS_C_WHP,104236060,I,360008,1360080,Region,..Rangpur,0,,0,1,CNNUTSCWHP,BDDHS2022360008,2022,DHS,474,491,,,1
BGD,Rangpur,6981345,Children overweight,1.5,1,BD,Bangladesh,2022,BD2022DHS,CN_NUTS_C_WHP,104236060,I,360008,1360080,Region,..Rangpur,0,,0,1,CNNUTSCWHP,BDDHS2022360008,2022,DHS,474,491,,,1
BGD,Rajshahi,2384956,Children overweight,1.8,1,BD,Bangladesh,2022,BD2022DHS,CN_NUTS_C_WHP,104236060,I,360009,1360090,Region,..Rajshahi,0,,0,1,CNNUTSCWHP,BDDHS2022360009,2022,DHS,430,412,,,1
BGD,Rajshahi,2384957,Children overweight,1.8,1,BD,Bangladesh,2022,BD2022DHS,CN_NUTS_C_WHP,104236060,I,360009,1360090,Region,..Rajshahi,0,,0,1,CNNUTSCWHP,BDDHS2022360009,2022,DHS,430,412,,,1
BGD,Barishal,835341,Children who started breastfeeding within 1 hour of birth,38.2,1,BD,Bangladesh,2022,BD2022DHS,CN_BRFI_C_1HR,104266020,I,360001,1360010,Region,Barishal,0,,0,1,CNBRFIC1HR,BDDHS2022360001,2022,DHS,219,383,,,1
BGD,Barishal,835340,Children who started breastfeeding within 1 hour of birth,38.2,1,BD,Bangladesh,2022,BD2022DHS,CN_BRFI_C_1HR,104266020,I,360001,1360010,Region,Barishal,0,,0,1,CNBRFIC1HR,BDDHS2022360001,2022,DHS,219,383,,,1
BGD,Chattogram/Sylhet,67823,Children who started breastfeeding within 1 hour of birth,41.1,1,BD,Bangladesh,2022,BD2022DHS,CN_BRFI_C_1HR,104266020,I,360002,1360020,Region,Chattogram/Sylhet,0,,0,1,CNBRFIC1HR,BDDHS2022360002,2022,DHS,1033,1036,,,
BGD,Chattogram,6766766,Children who started breastfeeding within 1 hour of birth,38.9,1,BD,Bangladesh,2022,BD2022DHS,CN_BRFI_C_1HR,104266020,I,360003,1360030,Region,..Chattogram,0,,0,1,CNBRFIC1HR,BDDHS2022360003,2022,DHS,793,613,,,1
BGD,Chattogram,6766767,Children who started breastfeeding within 1 hour of birth,38.9,1,BD,Bangladesh,2022,BD2022DHS,CN_BRFI_C_1HR,104266020,I,360003,1360030,Region,..Chattogram,0,,0,1,CNBRFIC1HR,BDDHS2022360003,2022,DHS,793,613,,,1
BGD,Sylhet,5816670,Children who started breastfeeding within 1 hour of birth,48.4,1,BD,Bangladesh,2022,BD2022DHS,CN_BRFI_C_1HR,104266020,I,360004,1360040,Region,..Sylhet,0,,0,1,CNBRFIC1HR,BDDHS2022360004,2022,DHS,240,423,,,1
BGD,Sylhet,5816671,Children who started breastfeeding within 1 hour of birth,48.4,1,BD,Bangladesh,2022,BD2022DHS,CN_BRFI_C_1HR,104266020,I,360004,1360040,Region,..Sylhet,0,,0,1,CNBRFIC1HR,BDDHS2022360004,2022,DHS,240,423,,,1
BGD,Dhaka before 2015,2377921,Children who started breastfeeding within 1 hour of birth,34.7,1,BD,Bangladesh,2022,BD2022DHS,CN_BRFI_C_1HR,104266020,I,360005,1360050,Region,Dhaka before 2015,0,,0,1,CNBRFIC1HR,BDDHS2022360005,2022,DHS,1259,1020,,,
BGD,Dhaka,5597028,Children who started breastfeeding within 1 hour of birth,32.7,1,BD,Bangladesh,2022,BD2022DHS,CN_BRFI_C_1HR,104266020,I,360010,1360052,Region,..Dhaka,0,,0,1,CNBRFIC1HR,BDDHS2022360010,2022,DHS,926,556,,,1
BGD,Dhaka,5597029,Children who started breastfeeding within 1 hour of birth,32.7,1,BD,Bangladesh,2022,BD2022DHS,CN_BRFI_C_1HR,104266020,I,360010,1360052,Region,..Dhaka,0,,0,1,CNBRFIC1HR,BDDHS2022360010,2022,DHS,926,556,,,1
BGD,Mymensingh,5310229,Children who started breastfeeding within 1 hour of birth,40.1,1,BD,Bangladesh,2022,BD2022DHS,CN_BRFI_C_1HR,104266020,I,360011,1360055,Region,..Mymensingh,0,,0,1,CNBRFIC1HR,BDDHS2022360011,2022,DHS,333,464,,,1
BGD,Mymensingh,5310230,Children who started breastfeeding within 1 hour of birth,40.1,1,BD,Bangladesh,2022,BD2022DHS,CN_BRFI_C_1HR,104266020,I,360011,1360055,Region,..Mymensingh,0,,0,1,CNBRFIC1HR,BDDHS2022360011,2022,DHS,333,464,,,1
BGD,Khulna,5601038,Children who started breastfeeding within 1 hour of birth,30.2,1,BD,Bangladesh,2022,BD2022DHS,CN_BRFI_C_1HR,104266020,I,360006,1360060,Region,Khulna,0,,0,1,CNBRFIC1HR,BDDHS2022360006,2022,DHS,380,410,,,1
BGD,Khulna,5601039,Children who started breastfeeding within 1 hour of birth,30.2,1,BD,Bangladesh,2022,BD2022DHS,CN_BRFI_C_1HR,104266020,I,360006,1360060,Region,Khulna,0,,0,1,CNBRFIC1HR,BDDHS2022360006,2022,DHS,380,410,,,1
BGD,Rajshahi/Rangpur,2980555,Children who started breastfeeding within 1 hour of birth,38,1,BD,Bangladesh,2022,BD2022DHS,CN_BRFI_C_1HR,104266020,I,360007,1360070,Region,Rajshahi/Rangpur,0,,0,1,CNBRFIC1HR,BDDHS2022360007,2022,DHS,800,786,,,
BGD,Rangpur,6518795,Children who started breastfeeding within 1 hour of birth,40.1,1,BD,Bangladesh,2022,BD2022DHS,CN_BRFI_C_1HR,104266020,I,360008,1360080,Region,..Rangpur,0,,0,1,CNBRFIC1HR,BDDHS2022360008,2022,DHS,419,425,,,1
BGD,Rangpur,6518796,Children who started breastfeeding within 1 hour of birth,40.1,1,BD,Bangladesh,2022,BD2022DHS,CN_BRFI_C_1HR,104266020,I,360008,1360080,Region,..Rangpur,0,,0,1,CNBRFIC1HR,BDDHS2022360008,2022,DHS,419,425,,,1
BGD,Rajshahi,4778801,Children who started breastfeeding within 1 hour of birth,35.7,1,BD,Bangladesh,2022,BD2022DHS,CN_BRFI_C_1HR,104266020,I,360009,1360090,Region,..Rajshahi,0,,0,1,CNBRFIC1HR,BDDHS2022360009,2022,DHS,381,361,,,1
BGD,Rajshahi,4778802,Children who started breastfeeding within 1 hour of birth,35.7,1,BD,Bangladesh,2022,BD2022DHS,CN_BRFI_C_1HR,104266020,I,360009,1360090,Region,..Rajshahi,0,,0,1,CNBRFIC1HR,BDDHS2022360009,2022,DHS,381,361,,,1
BGD,Barishal,719346,Breastfed children 6-23 months fed both 4+ food groups and the minimum meal frequency,23.4,1,BD,Bangladesh,2022,BD2022DHS,CN_IYCF_C_BTB,104436030,I,360001,1360010,Region,Barishal,0,,0,1,CNIYCFCBTB,BDDHS2022360001,2022,DHS,147,255,,,1
BGD,Barishal,719347,Breastfed children 6-23 months fed both 4+ food groups and the minimum meal frequency,23.4,1,BD,Bangladesh,2022,BD2022DHS,CN_IYCF_C_BTB,104436030,I,360001,1360010,Region,Barishal,0,,0,1,CNIYCFCBTB,BDDHS2022360001,2022,DHS,147,255,,,1
BGD,Chattogram/Sylhet,5933666,Breastfed children 6-23 months fed both 4+ food groups and the minimum meal frequency,21.7,1,BD,Bangladesh,2022,BD2022DHS,CN_IYCF_C_BTB,104436030,I,360002,1360020,Region,Chattogram/Sylhet,0,,0,1,CNIYCFCBTB,BDDHS2022360002,2022,DHS,667,674,,,
BGD,Chattogram,2372704,Breastfed children 6-23 months fed both 4+ food groups and the minimum meal frequency,22,1,BD,Bangladesh,2022,BD2022DHS,CN_IYCF_C_BTB,104436030,I,360003,1360030,Region,..Chattogram,0,,0,1,CNIYCFCBTB,BDDHS2022360003,2022,DHS,502,385,,,1
BGD,Chattogram,2372705,Breastfed children 6-23 months fed both 4+ food groups and the minimum meal frequency,22,1,BD,Bangladesh,2022,BD2022DHS,CN_IYCF_C_BTB,104436030,I,360003,1360030,Region,..Chattogram,0,,0,1,CNIYCFCBTB,BDDHS2022360003,2022,DHS,502,385,,,1
BGD,Sylhet,244638,Breastfed children 6-23 months fed both 4+ food groups and the minimum meal frequency,20.7,1,BD,Bangladesh,2022,BD2022DHS,CN_IYCF_C_BTB,104436030,I,360004,1360040,Region,..Sylhet,0,,0,1,CNIYCFCBTB,BDDHS2022360004,2022,DHS,165,289,,,1
BGD,Sylhet,244639,Breastfed children 6-23 months fed both 4+ food groups and the minimum meal frequency,20.7,1,BD,Bangladesh,2022,BD2022DHS,CN_IYCF_C_BTB,104436030,I,360004,1360040,Region,..Sylhet,0,,0,1,CNIYCFCBTB,BDDHS2022360004,2022,DHS,165,289,,,1
BGD,Dhaka before 2015,5089588,Breastfed children 6-23 months fed both 4+ food groups and the minimum meal frequency,36.1,1,BD,Bangladesh,2022,BD2022DHS,CN_IYCF_C_BTB,104436030,I,360005,1360050,Region,Dhaka before 2015,0,,0,1,CNIYCFCBTB,BDDHS2022360005,2022,DHS,788,655,,,
BGD,Dhaka,6948867,Breastfed children 6-23 months fed both 4+ food groups and the minimum meal frequency,37,1,BD,Bangladesh,2022,BD2022DHS,CN_IYCF_C_BTB,104436030,I,360010,1360052,Region,..Dhaka,0,,0,1,CNIYCFCBTB,BDDHS2022360010,2022,DHS,561,337,,,1
BGD,Dhaka,6948868,Breastfed children 6-23 months fed both 4+ food groups and the minimum meal frequency,37,1,BD,Bangladesh,2022,BD2022DHS,CN_IYCF_C_BTB,104436030,I,360010,1360052,Region,..Dhaka,0,,0,1,CNIYCFCBTB,BDDHS2022360010,2022,DHS,561,337,,,1
BGD,Mymensingh,3883438,Breastfed children 6-23 months fed both 4+ food groups and the minimum meal frequency,33.7,1,BD,Bangladesh,2022,BD2022DHS,CN_IYCF_C_BTB,104436030,I,360011,1360055,Region,..Mymensingh,0,,0,1,CNIYCFCBTB,BDDHS2022360011,2022,DHS,228,318,,,1
BGD,Mymensingh,3883439,Breastfed children 6-23 months fed both 4+ food groups and the minimum meal frequency,33.7,1,BD,Bangladesh,2022,BD2022DHS,CN_IYCF_C_BTB,104436030,I,360011,1360055,Region,..Mymensingh,0,,0,1,CNIYCFCBTB,BDDHS2022360011,2022,DHS,228,318,,,1
BGD,Khulna,3914476,Breastfed children 6-23 months fed both 4+ food groups and the minimum meal frequency,47.8,1,BD,Bangladesh,2022,BD2022DHS,CN_IYCF_C_BTB,104436030,I,360006,1360060,Region,Khulna,0,,0,1,CNIYCFCBTB,BDDHS2022360006,2022,DHS,247,267,,,1
BGD,Khulna,3914477,Breastfed children 6-23 months fed both 4+ food groups and the minimum meal frequency,47.8,1,BD,Bangladesh,2022,BD2022DHS,CN_IYCF_C_BTB,104436030,I,360006,1360060,Region,Khulna,0,,0,1,CNIYCFCBTB,BDDHS2022360006,2022,DHS,247,267,,,1
BGD,Rajshahi/Rangpur,7347495,Breastfed children 6-23 months fed both 4+ food groups and the minimum meal frequency,27.9,1,BD,Bangladesh,2022,BD2022DHS,CN_IYCF_C_BTB,104436030,I,360007,1360070,Region,Rajshahi/Rangpur,0,,0,1,CNIYCFCBTB,BDDHS2022360007,2022,DHS,536,528,,,
BGD,Rangpur,3974816,Breastfed children 6-23 months fed both 4+ food groups and the minimum meal frequency,26.6,1,BD,Bangladesh,2022,BD2022DHS,CN_IYCF_C_BTB,104436030,I,360008,1360080,Region,..Rangpur,0,,0,1,CNIYCFCBTB,BDDHS2022360008,2022,DHS,291,297,,,1
BGD,Rangpur,3974817,Breastfed children 6-23 months fed both 4+ food groups and the minimum meal frequency,26.6,1,BD,Bangladesh,2022,BD2022DHS,CN_IYCF_C_BTB,104436030,I,360008,1360080,Region,..Rangpur,0,,0,1,CNIYCFCBTB,BDDHS2022360008,2022,DHS,291,297,,,1
BGD,Rajshahi,6193229,Breastfed children 6-23 months fed both 4+ food groups and the minimum meal frequency,29.4,1,BD,Bangladesh,2022,BD2022DHS,CN_IYCF_C_BTB,104436030,I,360009,1360090,Region,..Rajshahi,0,,0,1,CNIYCFCBTB,BDDHS2022360009,2022,DHS,245,231,,,1
BGD,Rajshahi,6193230,Breastfed children 6-23 months fed both 4+ food groups and the minimum meal frequency,29.4,1,BD,Bangladesh,2022,BD2022DHS,CN_IYCF_C_BTB,104436030,I,360009,1360090,Region,..Rajshahi,0,,0,1,CNIYCFCBTB,BDDHS2022360009,2022,DHS,245,231,,,1
BGD,Chattogram/Sylhet,665206,Non-breastfed children 6-23 months with 3 IYCF practices,6.9,1,BD,Bangladesh,2022,BD2022DHS,CN_IYCF_C_3PN,104436090,I,360002,1360020,Region,Chattogram/Sylhet,0,,0,1,CNIYCFC3PN,BDDHS2022360002,2022,DHS,74,68,,,
BGD,Chattogram,4534643,Non-breastfed children 6-23 months with 3 IYCF practices,5.7,1,BD,Bangladesh,2022,BD2022DHS,CN_IYCF_C_3PN,104436090,I,360003,1360030,Region,..Chattogram,0,,0,1,CNIYCFC3PN,BDDHS2022360003,2022,DHS,60,44,,,1
BGD,Chattogram,4534644,Non-breastfed children 6-23 months with 3 IYCF practices,5.7,1,BD,Bangladesh,2022,BD2022DHS,CN_IYCF_C_3PN,104436090,I,360003,1360030,Region,..Chattogram,0,,0,1,CNIYCFC3PN,BDDHS2022360003,2022,DHS,60,44,,,1
BGD,Dhaka before 2015,3993669,Non-breastfed children 6-23 months with 3 IYCF practices,18.3,1,BD,Bangladesh,2022,BD2022DHS,CN_IYCF_C_3PN,104436090,I,360005,1360050,Region,Dhaka before 2015,0,,0,1,CNIYCFC3PN,BDDHS2022360005,2022,DHS,65,43,,,
BGD,Dhaka,3819568,Non-breastfed children 6-23 months with 3 IYCF practices,16.5,1,BD,Bangladesh,2022,BD2022DHS,CN_IYCF_C_3PN,104436090,I,360010,1360052,Region,..Dhaka,0,,0,1,CNIYCFC3PN,BDDHS2022360010,2022,DHS,55,32,,,1
BGD,Dhaka,3819569,Non-breastfed children 6-23 months with 3 IYCF practices,16.5,1,BD,Bangladesh,2022,BD2022DHS,CN_IYCF_C_3PN,104436090,I,360010,1360052,Region,..Dhaka,0,,0,1,CNIYCFC3PN,BDDHS2022360010,2022,DHS,55,32,,,1
BGD,Rajshahi/Rangpur,4399044,Non-breastfed children 6-23 months with 3 IYCF practices,27.5,1,BD,Bangladesh,2022,BD2022DHS,CN_IYCF_C_3PN,104436090,I,360007,1360070,Region,Rajshahi/Rangpur,0,,0,1,CNIYCFC3PN,BDDHS2022360007,2022,DHS,31,32,,,
BGD,Barishal,4927413,Women who are thin according to BMI (<18.5),10.7,1,BD,Bangladesh,2022,BD2022DHS,AN_NUTS_W_THN,114563060,I,360001,1360010,Region,Barishal,0,,0,1,ANNUTSWTHN,BDDHS2022360001,2022,DHS,569,1004,,,1
BGD,Barishal,4927414,Women who are thin according to BMI (<18.5),10.7,1,BD,Bangladesh,2022,BD2022DHS,AN_NUTS_W_THN,114563060,I,360001,1360010,Region,Barishal,0,,0,1,ANNUTSWTHN,BDDHS2022360001,2022,DHS,569,1004,,,1
BGD,Chattogram/Sylhet,2372728,Women who are thin according to BMI (<18.5),11.5,1,BD,Bangladesh,2022,BD2022DHS,AN_NUTS_W_THN,114563060,I,360002,1360020,Region,Chattogram/Sylhet,0,,0,1,ANNUTSWTHN,BDDHS2022360002,2022,DHS,2345,2534,,,
BGD,Chattogram,5647942,Women who are thin according to BMI (<18.5),9.3,1,BD,Bangladesh,2022,BD2022DHS,AN_NUTS_W_THN,114563060,I,360003,1360030,Region,..Chattogram,0,,0,1,ANNUTSWTHN,BDDHS2022360003,2022,DHS,1739,1407,,,1
BGD,Chattogram,5647943,Women who are thin according to BMI (<18.5),9.3,1,BD,Bangladesh,2022,BD2022DHS,AN_NUTS_W_THN,114563060,I,360003,1360030,Region,..Chattogram,0,,0,1,ANNUTSWTHN,BDDHS2022360003,2022,DHS,1739,1407,,,1
BGD,Sylhet,5814494,Women who are thin according to BMI (<18.5),17.9,1,BD,Bangladesh,2022,BD2022DHS,AN_NUTS_W_THN,114563060,I,360004,1360040,Region,..Sylhet,0,,0,1,ANNUTSWTHN,BDDHS2022360004,2022,DHS,606,1127,,,1
BGD,Sylhet,5814495,Women who are thin according to BMI (<18.5),17.9,1,BD,Bangladesh,2022,BD2022DHS,AN_NUTS_W_THN,114563060,I,360004,1360040,Region,..Sylhet,0,,0,1,ANNUTSWTHN,BDDHS2022360004,2022,DHS,606,1127,,,1
BGD,Dhaka before 2015,2377990,Women who are thin according to BMI (<18.5),10.2,1,BD,Bangladesh,2022,BD2022DHS,AN_NUTS_W_THN,114563060,I,360005,1360050,Region,Dhaka before 2015,0,,0,1,ANNUTSWTHN,BDDHS2022360005,2022,DHS,3141,2477,,,
BGD,Dhaka,7236794,Women who are thin according to BMI (<18.5),8,1,BD,Bangladesh,2022,BD2022DHS,AN_NUTS_W_THN,114563060,I,360010,1360052,Region,..Dhaka,0,,0,1,ANNUTSWTHN,BDDHS2022360010,2022,DHS,2387,1419,,,1
BGD,Dhaka,7236795,Women who are thin according to BMI (<18.5),8,1,BD,Bangladesh,2022,BD2022DHS,AN_NUTS_W_THN,114563060,I,360010,1360052,Region,..Dhaka,0,,0,1,ANNUTSWTHN,BDDHS2022360010,2022,DHS,2387,1419,,,1
BGD,Mymensingh,4952070,Women who are thin according to BMI (<18.5),17.1,1,BD,Bangladesh,2022,BD2022DHS,AN_NUTS_W_THN,114563060,I,360011,1360055,Region,..Mymensingh,0,,0,1,ANNUTSWTHN,BDDHS2022360011,2022,DHS,755,1058,,,1
BGD,Mymensingh,4952071,Women who are thin according to BMI (<18.5),17.1,1,BD,Bangladesh,2022,BD2022DHS,AN_NUTS_W_THN,114563060,I,360011,1360055,Region,..Mymensingh,0,,0,1,ANNUTSWTHN,BDDHS2022360011,2022,DHS,755,1058,,,1
BGD,Khulna,498505,Women who are thin according to BMI (<18.5),7.9,1,BD,Bangladesh,2022,BD2022DHS,AN_NUTS_W_THN,114563060,I,360006,1360060,Region,Khulna,0,,0,1,ANNUTSWTHN,BDDHS2022360006,2022,DHS,1115,1217,,,1
BGD,Khulna,498506,Women who are thin according to BMI (<18.5),7.9,1,BD,Bangladesh,2022,BD2022DHS,AN_NUTS_W_THN,114563060,I,360006,1360060,Region,Khulna,0,,0,1,ANNUTSWTHN,BDDHS2022360006,2022,DHS,1115,1217,,,1
BGD,Rajshahi/Rangpur,4020404,Women who are thin according to BMI (<18.5),12,1,BD,Bangladesh,2022,BD2022DHS,AN_NUTS_W_THN,114563060,I,360007,1360070,Region,Rajshahi/Rangpur,0,,0,1,ANNUTSWTHN,BDDHS2022360007,2022,DHS,2385,2414,,,
BGD,Rangpur,6436876,Women who are thin according to BMI (<18.5),13,1,BD,Bangladesh,2022,BD2022DHS,AN_NUTS_W_THN,114563060,I,360008,1360080,Region,..Rangpur,0,,0,1,ANNUTSWTHN,BDDHS2022360008,2022,DHS,1105,1167,,,1
BGD,Rangpur,6436877,Women who are thin according to BMI (<18.5),13,1,BD,Bangladesh,2022,BD2022DHS,AN_NUTS_W_THN,114563060,I,360008,1360080,Region,..Rangpur,0,,0,1,ANNUTSWTHN,BDDHS2022360008,2022,DHS,1105,1167,,,1
BGD,Rajshahi,4725994,Women who are thin according to BMI (<18.5),11.1,1,BD,Bangladesh,2022,BD2022DHS,AN_NUTS_W_THN,114563060,I,360009,1360090,Region,..Rajshahi,0,,0,1,ANNUTSWTHN,BDDHS2022360009,2022,DHS,1280,1247,,,1
BGD,Rajshahi,4725995,Women who are thin according to BMI (<18.5),11.1,1,BD,Bangladesh,2022,BD2022DHS,AN_NUTS_W_THN,114563060,I,360009,1360090,Region,..Rajshahi,0,,0,1,ANNUTSWTHN,BDDHS2022360009,2022,DHS,1280,1247,,,1
BGD,Barishal,4927419,Women who are overweight or obese according to BMI (>=25.0),36.3,1,BD,Bangladesh,2022,BD2022DHS,AN_NUTS_W_OWT,114563090,I,360001,1360010,Region,Barishal,0,,0,1,ANNUTSWOWT,BDDHS2022360001,2022,DHS,569,1004,,,1
BGD,Barishal,4927420,Women who are overweight or obese according to BMI (>=25.0),36.3,1,BD,Bangladesh,2022,BD2022DHS,AN_NUTS_W_OWT,114563090,I,360001,1360010,Region,Barishal,0,,0,1,ANNUTSWOWT,BDDHS2022360001,2022,DHS,569,1004,,,1
BGD,Chattogram/Sylhet,2372732,Women who are overweight or obese according to BMI (>=25.0),35.6,1,BD,Bangladesh,2022,BD2022DHS,AN_NUTS_W_OWT,114563090,I,360002,1360020,Region,Chattogram/Sylhet,0,,0,1,ANNUTSWOWT,BDDHS2022360002,2022,DHS,2345,2534,,,
BGD,Chattogram,5648010,Women who are overweight or obese according to BMI (>=25.0),39.2,1,BD,Bangladesh,2022,BD2022DHS,AN_NUTS_W_OWT,114563090,I,360003,1360030,Region,..Chattogram,0,,0,1,ANNUTSWOWT,BDDHS2022360003,2022,DHS,1739,1407,,,1
BGD,Chattogram,5648011,Women who are overweight or obese according to BMI (>=25.0),39.2,1,BD,Bangladesh,2022,BD2022DHS,AN_NUTS_W_OWT,114563090,I,360003,1360030,Region,..Chattogram,0,,0,1,ANNUTSWOWT,BDDHS2022360003,2022,DHS,1739,1407,,,1
BGD,Sylhet,5814373,Women who are overweight or obese according to BMI (>=25.0),25.4,1,BD,Bangladesh,2022,BD2022DHS,AN_NUTS_W_OWT,114563090,I,360004,1360040,Region,..Sylhet,0,,0,1,ANNUTSWOWT,BDDHS2022360004,2022,DHS,606,1127,,,1
BGD,Sylhet,5814374,Women who are overweight or obese according to BMI (>=25.0),25.4,1,BD,Bangladesh,2022,BD2022DHS,AN_NUTS_W_OWT,114563090,I,360004,1360040,Region,..Sylhet,0,,0,1,ANNUTSWOWT,BDDHS2022360004,2022,DHS,606,1127,,,1
BGD,Dhaka before 2015,2377996,Women who are overweight or obese according to BMI (>=25.0),36.4,1,BD,Bangladesh,2022,BD2022DHS,AN_NUTS_W_OWT,114563090,I,360005,1360050,Region,Dhaka before 2015,0,,0,1,ANNUTSWOWT,BDDHS2022360005,2022,DHS,3141,2477,,,
BGD,Dhaka,7236802,Women who are overweight or obese according to BMI (>=25.0),40.1,1,BD,Bangladesh,2022,BD2022DHS,AN_NUTS_W_OWT,114563090,I,360010,1360052,Region,..Dhaka,0,,0,1,ANNUTSWOWT,BDDHS2022360010,2022,DHS,2387,1419,,,1
BGD,Dhaka,7236803,Women who are overweight or obese according to BMI (>=25.0),40.1,1,BD,Bangladesh,2022,BD2022DHS,AN_NUTS_W_OWT,114563090,I,360010,1360052,Region,..Dhaka,0,,0,1,ANNUTSWOWT,BDDHS2022360010,2022,DHS,2387,1419,,,1
BGD,Mymensingh,4952078,Women who are overweight or obese according to BMI (>=25.0),24.5,1,BD,Bangladesh,2022,BD2022DHS,AN_NUTS_W_OWT,114563090,I,360011,1360055,Region,..Mymensingh,0,,0,1,ANNUTSWOWT,BDDHS2022360011,2022,DHS,755,1058,,,1
BGD,Mymensingh,4952079,Women who are overweight or obese according to BMI (>=25.0),24.5,1,BD,Bangladesh,2022,BD2022DHS,AN_NUTS_W_OWT,114563090,I,360011,1360055,Region,..Mymensingh,0,,0,1,ANNUTSWOWT,BDDHS2022360011,2022,DHS,755,1058,,,1
BGD,Khulna,498511,Women who are overweight or obese according to BMI (>=25.0),38.9,1,BD,Bangladesh,2022,BD2022DHS,AN_NUTS_W_OWT,114563090,I,360006,1360060,Region,Khulna,0,,0,1,ANNUTSWOWT,BDDHS2022360006,2022,DHS,1115,1217,,,1
BGD,Khulna,498512,Women who are overweight or obese according to BMI (>=25.0),38.9,1,BD,Bangladesh,2022,BD2022DHS,AN_NUTS_W_OWT,114563090,I,360006,1360060,Region,Khulna,0,,0,1,ANNUTSWOWT,BDDHS2022360006,2022,DHS,1115,1217,,,1
BGD,Rajshahi/Rangpur,4020453,Women who are overweight or obese according to BMI (>=25.0),32.9,1,BD,Bangladesh,2022,BD2022DHS,AN_NUTS_W_OWT,114563090,I,360007,1360070,Region,Rajshahi/Rangpur,0,,0,1,ANNUTSWOWT,BDDHS2022360007,2022,DHS,2385,2414,,,
BGD,Rangpur,6436884,Women who are overweight or obese according to BMI (>=25.0),29.2,1,BD,Bangladesh,2022,BD2022DHS,AN_NUTS_W_OWT,114563090,I,360008,1360080,Region,..Rangpur,0,,0,1,ANNUTSWOWT,BDDHS2022360008,2022,DHS,1105,1167,,,1
BGD,Rangpur,6436885,Women who are overweight or obese according to BMI (>=25.0),29.2,1,BD,Bangladesh,2022,BD2022DHS,AN_NUTS_W_OWT,114563090,I,360008,1360080,Region,..Rangpur,0,,0,1,ANNUTSWOWT,BDDHS2022360008,2022,DHS,1105,1167,,,1
BGD,Rajshahi,4733145,Women who are overweight or obese according to BMI (>=25.0),36,1,BD,Bangladesh,2022,BD2022DHS,AN_NUTS_W_OWT,114563090,I,360009,1360090,Region,..Rajshahi,0,,0,1,ANNUTSWOWT,BDDHS2022360009,2022,DHS,1280,1247,,,1
BGD,Rajshahi,4733146,Women who are overweight or obese according to BMI (>=25.0),36,1,BD,Bangladesh,2022,BD2022DHS,AN_NUTS_W_OWT,114563090,I,360009,1360090,Region,..Rajshahi,0,,0,1,ANNUTSWOWT,BDDHS2022360009,2022,DHS,1280,1247,,,1
BGD,Barishal,2372774,Men who are thin according to BMI (<18.5),14.4,1,BD,Bangladesh,2022,BD2022DHS,AN_NUTS_M_THN,114564190,I,360001,1360010,Region,Barishal,0,,0,1,ANNUTSMTHN,BDDHS2022360001,2022,DHS,233,421,,,1
BGD,Barishal,2372775,Men who are thin according to BMI (<18.5),14.4,1,BD,Bangladesh,2022,BD2022DHS,AN_NUTS_M_THN,114564190,I,360001,1360010,Region,Barishal,0,,0,1,ANNUTSMTHN,BDDHS2022360001,2022,DHS,233,421,,,1
BGD,Chattogram/Sylhet,5965573,Men who are thin according to BMI (<18.5),14.1,1,BD,Bangladesh,2022,BD2022DHS,AN_NUTS_M_THN,114564190,I,360002,1360020,Region,Chattogram/Sylhet,0,,0,1,ANNUTSMTHN,BDDHS2022360002,2022,DHS,979,1090,,,
BGD,Chattogram,6969506,Men who are thin according to BMI (<18.5),11.8,1,BD,Bangladesh,2022,BD2022DHS,AN_NUTS_M_THN,114564190,I,360003,1360030,Region,..Chattogram,0,,0,1,ANNUTSMTHN,BDDHS2022360003,2022,DHS,701,571,,,1
BGD,Chattogram,6969507,Men who are thin according to BMI (<18.5),11.8,1,BD,Bangladesh,2022,BD2022DHS,AN_NUTS_M_THN,114564190,I,360003,1360030,Region,..Chattogram,0,,0,1,ANNUTSMTHN,BDDHS2022360003,2022,DHS,701,571,,,1
BGD,Sylhet,2659169,Men who are thin according to BMI (<18.5),20.1,1,BD,Bangladesh,2022,BD2022DHS,AN_NUTS_M_THN,114564190,I,360004,1360040,Region,..Sylhet,0,,0,1,ANNUTSMTHN,BDDHS2022360004,2022,DHS,277,519,,,1
BGD,Sylhet,2659170,Men who are thin according to BMI (<18.5),20.1,1,BD,Bangladesh,2022,BD2022DHS,AN_NUTS_M_THN,114564190,I,360004,1360040,Region,..Sylhet,0,,0,1,ANNUTSMTHN,BDDHS2022360004,2022,DHS,277,519,,,1
BGD,Dhaka before 2015,4768603,Men who are thin according to BMI (<18.5),16.8,1,BD,Bangladesh,2022,BD2022DHS,AN_NUTS_M_THN,114564190,I,360005,1360050,Region,Dhaka before 2015,0,,0,1,ANNUTSMTHN,BDDHS2022360005,2022,DHS,1299,1037,,,
BGD,Dhaka,5542510,Men who are thin according to BMI (<18.5),14.6,1,BD,Bangladesh,2022,BD2022DHS,AN_NUTS_M_THN,114564190,I,360010,1360052,Region,..Dhaka,0,,0,1,ANNUTSMTHN,BDDHS2022360010,2022,DHS,983,588,,,1
BGD,Dhaka,5542509,Men who are thin according to BMI (<18.5),14.6,1,BD,Bangladesh,2022,BD2022DHS,AN_NUTS_M_THN,114564190,I,360010,1360052,Region,..Dhaka,0,,0,1,ANNUTSMTHN,BDDHS2022360010,2022,DHS,983,588,,,1
BGD,Mymensingh,2385066,Men who are thin according to BMI (<18.5),23.5,1,BD,Bangladesh,2022,BD2022DHS,AN_NUTS_M_THN,114564190,I,360011,1360055,Region,..Mymensingh,0,,0,1,ANNUTSMTHN,BDDHS2022360011,2022,DHS,316,449,,,1
BGD,Mymensingh,2385067,Men who are thin according to BMI (<18.5),23.5,1,BD,Bangladesh,2022,BD2022DHS,AN_NUTS_M_THN,114564190,I,360011,1360055,Region,..Mymensingh,0,,0,1,ANNUTSMTHN,BDDHS2022360011,2022,DHS,316,449,,,1
BGD,Khulna,984341,Men who are thin according to BMI (<18.5),17.5,1,BD,Bangladesh,2022,BD2022DHS,AN_NUTS_M_THN,114564190,I,360006,1360060,Region,Khulna,0,,0,1,ANNUTSMTHN,BDDHS2022360006,2022,DHS,479,522,,,1
BGD,Khulna,984342,Men who are thin according to BMI (<18.5),17.5,1,BD,Bangladesh,2022,BD2022DHS,AN_NUTS_M_THN,114564190,I,360006,1360060,Region,Khulna,0,,0,1,ANNUTSMTHN,BDDHS2022360006,2022,DHS,479,522,,,1
BGD,Rajshahi/Rangpur,3478273,Men who are thin according to BMI (<18.5),15.9,1,BD,Bangladesh,2022,BD2022DHS,AN_NUTS_M_THN,114564190,I,360007,1360070,Region,Rajshahi/Rangpur,0,,0,1,ANNUTSMTHN,BDDHS2022360007,2022,DHS,1021,1045,,,
BGD,Rangpur,3999517,Men who are thin according to BMI (<18.5),16.9,1,BD,Bangladesh,2022,BD2022DHS,AN_NUTS_M_THN,114564190,I,360008,1360080,Region,..Rangpur,0,,0,1,ANNUTSMTHN,BDDHS2022360008,2022,DHS,479,511,,,1
BGD,Rangpur,3999516,Men who are thin according to BMI (<18.5),16.9,1,BD,Bangladesh,2022,BD2022DHS,AN_NUTS_M_THN,114564190,I,360008,1360080,Region,..Rangpur,0,,0,1,ANNUTSMTHN,BDDHS2022360008,2022,DHS,479,511,,,1
BGD,Rajshahi,4555944,Men who are thin according to BMI (<18.5),15.1,1,BD,Bangladesh,2022,BD2022DHS,AN_NUTS_M_THN,114564190,I,360009,1360090,Region,..Rajshahi,0,,0,1,ANNUTSMTHN,BDDHS2022360009,2022,DHS,542,534,,,1
BGD,Rajshahi,4555945,Men who are thin according to BMI (<18.5),15.1,1,BD,Bangladesh,2022,BD2022DHS,AN_NUTS_M_THN,114564190,I,360009,1360090,Region,..Rajshahi,0,,0,1,ANNUTSMTHN,BDDHS2022360009,2022,DHS,542,534,,,1
BGD,Barishal,2372766,Men who are overweight or obese according to BMI (>=25.0),15.7,1,BD,Bangladesh,2022,BD2022DHS,AN_NUTS_M_OWT,114564220,I,360001,1360010,Region,Barishal,0,,0,1,ANNUTSMOWT,BDDHS2022360001,2022,DHS,233,421,,,1
BGD,Barishal,2372767,Men who are overweight or obese according to BMI (>=25.0),15.7,1,BD,Bangladesh,2022,BD2022DHS,AN_NUTS_M_OWT,114564220,I,360001,1360010,Region,Barishal,0,,0,1,ANNUTSMOWT,BDDHS2022360001,2022,DHS,233,421,,,1
BGD,Chattogram/Sylhet,5965699,Men who are overweight or obese according to BMI (>=25.0),19.1,1,BD,Bangladesh,2022,BD2022DHS,AN_NUTS_M_OWT,114564220,I,360002,1360020,Region,Chattogram/Sylhet,0,,0,1,ANNUTSMOWT,BDDHS2022360002,2022,DHS,979,1090,,,
BGD,Chattogram,6969500,Men who are overweight or obese according to BMI (>=25.0),22.1,1,BD,Bangladesh,2022,BD2022DHS,AN_NUTS_M_OWT,114564220,I,360003,1360030,Region,..Chattogram,0,,0,1,ANNUTSMOWT,BDDHS2022360003,2022,DHS,701,571,,,1
BGD,Chattogram,6969501,Men who are overweight or obese according to BMI (>=25.0),22.1,1,BD,Bangladesh,2022,BD2022DHS,AN_NUTS_M_OWT,114564220,I,360003,1360030,Region,..Chattogram,0,,0,1,ANNUTSMOWT,BDDHS2022360003,2022,DHS,701,571,,,1
BGD,Sylhet,2659021,Men who are overweight or obese according to BMI (>=25.0),11.5,1,BD,Bangladesh,2022,BD2022DHS,AN_NUTS_M_OWT,114564220,I,360004,1360040,Region,..Sylhet,0,,0,1,ANNUTSMOWT,BDDHS2022360004,2022,DHS,277,519,,,1
BGD,Sylhet,2659020,Men who are overweight or obese according to BMI (>=25.0),11.5,1,BD,Bangladesh,2022,BD2022DHS,AN_NUTS_M_OWT,114564220,I,360004,1360040,Region,..Sylhet,0,,0,1,ANNUTSMOWT,BDDHS2022360004,2022,DHS,277,519,,,1
BGD,Dhaka before 2015,4768605,Men who are overweight or obese according to BMI (>=25.0),21.9,1,BD,Bangladesh,2022,BD2022DHS,AN_NUTS_M_OWT,114564220,I,360005,1360050,Region,Dhaka before 2015,0,,0,1,ANNUTSMOWT,BDDHS2022360005,2022,DHS,1299,1037,,,
BGD,Dhaka,5542586,Men who are overweight or obese according to BMI (>=25.0),25.2,1,BD,Bangladesh,2022,BD2022DHS,AN_NUTS_M_OWT,114564220,I,360010,1360052,Region,..Dhaka,0,,0,1,ANNUTSMOWT,BDDHS2022360010,2022,DHS,983,588,,,1
BGD,Dhaka,5542587,Men who are overweight or obese according to BMI (>=25.0),25.2,1,BD,Bangladesh,2022,BD2022DHS,AN_NUTS_M_OWT,114564220,I,360010,1360052,Region,..Dhaka,0,,0,1,ANNUTSMOWT,BDDHS2022360010,2022,DHS,983,588,,,1
BGD,Mymensingh,2385071,Men who are overweight or obese according to BMI (>=25.0),11.6,1,BD,Bangladesh,2022,BD2022DHS,AN_NUTS_M_OWT,114564220,I,360011,1360055,Region,..Mymensingh,0,,0,1,ANNUTSMOWT,BDDHS2022360011,2022,DHS,316,449,,,1
BGD,Mymensingh,2385072,Men who are overweight or obese according to BMI (>=25.0),11.6,1,BD,Bangladesh,2022,BD2022DHS,AN_NUTS_M_OWT,114564220,I,360011,1360055,Region,..Mymensingh,0,,0,1,ANNUTSMOWT,BDDHS2022360011,2022,DHS,316,449,,,1
BGD,Khulna,984329,Men who are overweight or obese according to BMI (>=25.0),22,1,BD,Bangladesh,2022,BD2022DHS,AN_NUTS_M_OWT,114564220,I,360006,1360060,Region,Khulna,0,,0,1,ANNUTSMOWT,BDDHS2022360006,2022,DHS,479,522,,,1
BGD,Khulna,984330,Men who are overweight or obese according to BMI (>=25.0),22,1,BD,Bangladesh,2022,BD2022DHS,AN_NUTS_M_OWT,114564220,I,360006,1360060,Region,Khulna,0,,0,1,ANNUTSMOWT,BDDHS2022360006,2022,DHS,479,522,,,1
BGD,Rajshahi/Rangpur,3478287,Men who are overweight or obese according to BMI (>=25.0),21.6,1,BD,Bangladesh,2022,BD2022DHS,AN_NUTS_M_OWT,114564220,I,360007,1360070,Region,Rajshahi/Rangpur,0,,0,1,ANNUTSMOWT,BDDHS2022360007,2022,DHS,1021,1045,,,
BGD,Rangpur,3999503,Men who are overweight or obese according to BMI (>=25.0),20,1,BD,Bangladesh,2022,BD2022DHS,AN_NUTS_M_OWT,114564220,I,360008,1360080,Region,..Rangpur,0,,0,1,ANNUTSMOWT,BDDHS2022360008,2022,DHS,479,511,,,1
BGD,Rangpur,3999504,Men who are overweight or obese according to BMI (>=25.0),20,1,BD,Bangladesh,2022,BD2022DHS,AN_NUTS_M_OWT,114564220,I,360008,1360080,Region,..Rangpur,0,,0,1,ANNUTSMOWT,BDDHS2022360008,2022,DHS,479,511,,,1
BGD,Rajshahi,4555932,Men who are overweight or obese according to BMI (>=25.0),23.1,1,BD,Bangladesh,2022,BD2022DHS,AN_NUTS_M_OWT,114564220,I,360009,1360090,Region,..Rajshahi,0,,0,1,ANNUTSMOWT,BDDHS2022360009,2022,DHS,542,534,,,1
BGD,Rajshahi,4555933,Men who are overweight or obese according to BMI (>=25.0),23.1,1,BD,Bangladesh,2022,BD2022DHS,AN_NUTS_M_OWT,114564220,I,360009,1360090,Region,..Rajshahi,0,,0,1,ANNUTSMOWT,BDDHS2022360009,2022,DHS,542,534,,,1
